trade_id,symbol,date,timestamp,price,gain_pct
COIN-20260929T13331105457,COIN,2026-09-29,2026-09-29T09:33:33.664698-04:00,192.7597,-0.1401
COIN-20260929T13331105457,COIN,2026-09-29,2026-09-29T09:33:36.931221-04:00,192.7076,-0.113
COIN-20260929T13331105457,COIN,2026-09-29,2026-09-29T09:33:40.206488-04:00,192.745,-0.1325
COIN-20260929T13331105457,COIN,2026-09-29,2026-09-29T09:33:43.504989-04:00,192.44,0.026
COIN-20260929T13331105457,COIN,2026-09-29,2026-09-29T09:33:46.704409-04:00,192.24,0.1299
COIN-20260929T13331105457,COIN,2026-09-29,2026-09-29T09:33:49.909945-04:00,192.68,-0.0987
COIN-20260929T13331105457,COIN,2026-09-29,2026-09-29T09:33:53.140925-04:00,192.2,0.1507
COIN-20260929T13331105457,COIN,2026-09-29,2026-09-29T09:33:56.247014-04:00,192.3763,-0.0569
COIN-20260929T13331105457,COIN,2026-09-29,2026-09-29T09:33:59.377488-04:00,192.49,-0.116
INTC-20260929T13333065815,INTC,2026-09-29,2026-09-29T09:33:59.377488-04:00,115.66,0.1209
COIN-20260929T13331105457,COIN,2026-09-29,2026-09-29T09:34:02.462177-04:00,192.2037,0.0329
INTC-20260929T13333065815,INTC,2026-09-29,2026-09-29T09:34:02.462177-04:00,115.645,0.1339
COIN-20260929T13331105457,COIN,2026-09-29,2026-09-29T09:34:05.637640-04:00,192.29,-0.012
INTC-20260929T13333065815,INTC,2026-09-29,2026-09-29T09:34:05.637640-04:00,115.63,0.1468
COIN-20260929T13331105457,COIN,2026-09-29,2026-09-29T09:34:08.738170-04:00,192.5455,-0.1475
INTC-20260929T13333065815,INTC,2026-09-29,2026-09-29T09:34:08.738170-04:00,115.678,0.1019
COIN-20260929T13331105457,COIN,2026-09-29,2026-09-29T09:34:11.840115-04:00,192.7,-0.2278
INTC-20260929T13333065815,INTC,2026-09-29,2026-09-29T09:34:11.840115-04:00,115.74,0.0484
COIN-20260929T13331105457,COIN,2026-09-29,2026-09-29T09:34:15.089674-04:00,192.685,-0.1907
INTC-20260929T13333065815,INTC,2026-09-29,2026-09-29T09:34:15.089674-04:00,115.67,0.1088
COIN-20260929T13331105457,COIN,2026-09-29,2026-09-29T09:34:18.187297-04:00,192.3,0.0095
INTC-20260929T13333065815,INTC,2026-09-29,2026-09-29T09:34:18.187297-04:00,115.69,0.0915
COIN-20260929T13331105457,COIN,2026-09-29,2026-09-29T09:34:21.329855-04:00,192.205,0.0589
INTC-20260929T13333065815,INTC,2026-09-29,2026-09-29T09:34:21.329855-04:00,115.6204,0.1516
COIN-20260929T13331105457,COIN,2026-09-29,2026-09-29T09:34:24.400174-04:00,192.34,-0.0113
INTC-20260929T13333065815,INTC,2026-09-29,2026-09-29T09:34:24.400174-04:00,115.75,0.0397
COIN-20260929T13331105457,COIN,2026-09-29,2026-09-29T09:34:27.729503-04:00,192.4834,-0.0858
INTC-20260929T13333065815,INTC,2026-09-29,2026-09-29T09:34:27.729503-04:00,115.7285,0.0583
IONQ-20260929T13341832337,IONQ,2026-09-29,2026-09-29T09:34:27.729503-04:00,45.14,-0.2822
COIN-20260929T13331105457,COIN,2026-09-29,2026-09-29T09:34:30.810814-04:00,192.395,-0.0399
INTC-20260929T13333065815,INTC,2026-09-29,2026-09-29T09:34:30.810814-04:00,115.74,0.0484
MXL-20260929T13341201863,MXL,2026-09-29,2026-09-29T09:34:30.810814-04:00,90.68,-0.4208
AAON-20260929T13341207750,AAON,2026-09-29,2026-09-29T09:34:30.810814-04:00,85.9,-0.5266
IONQ-20260929T13341832337,IONQ,2026-09-29,2026-09-29T09:34:30.810814-04:00,45.13,-0.26
COIN-20260929T13331105457,COIN,2026-09-29,2026-09-29T09:34:33.911123-04:00,192.52,-0.1049
INTC-20260929T13333065815,INTC,2026-09-29,2026-09-29T09:34:33.911123-04:00,115.685,0.0959
MXL-20260929T13341201863,MXL,2026-09-29,2026-09-29T09:34:33.911123-04:00,90.645,-0.3821
AAON-20260929T13341207750,AAON,2026-09-29,2026-09-29T09:34:33.911123-04:00,85.695,-0.2867
IONQ-20260929T13341832337,IONQ,2026-09-29,2026-09-29T09:34:33.911123-04:00,45.02,-0.0156
COIN-20260929T13331105457,COIN,2026-09-29,2026-09-29T09:34:36.977897-04:00,192.63,-0.1621
INTC-20260929T13333065815,INTC,2026-09-29,2026-09-29T09:34:36.977897-04:00,115.6724,0.1067
MXL-20260929T13341201863,MXL,2026-09-29,2026-09-29T09:34:36.977897-04:00,90.645,-0.3821
AAON-20260929T13341207750,AAON,2026-09-29,2026-09-29T09:34:36.977897-04:00,85.695,-0.2867
IONQ-20260929T13341832337,IONQ,2026-09-29,2026-09-29T09:34:36.977897-04:00,45.0143,-0.0029
COIN-20260929T13331105457,COIN,2026-09-29,2026-09-29T09:34:40.053548-04:00,192.92,-0.3128
INTC-20260929T13333065815,INTC,2026-09-29,2026-09-29T09:34:40.053548-04:00,115.5,0.2556
MXL-20260929T13341201863,MXL,2026-09-29,2026-09-29T09:34:40.053548-04:00,90.645,-0.3821
AAON-20260929T13341207750,AAON,2026-09-29,2026-09-29T09:34:40.053548-04:00,85.9397,-0.5731
IONQ-20260929T13341832337,IONQ,2026-09-29,2026-09-29T09:34:40.053548-04:00,44.99,0.0511
COIN-20260929T13331105457,COIN,2026-09-29,2026-09-29T09:34:43.215616-04:00,192.83,-0.2661
INTC-20260929T13333065815,INTC,2026-09-29,2026-09-29T09:34:43.215616-04:00,115.5,0.2556
MXL-20260929T13341201863,MXL,2026-09-29,2026-09-29T09:34:43.215616-04:00,90.68,-0.4208
AAON-20260929T13341207750,AAON,2026-09-29,2026-09-29T09:34:43.215616-04:00,85.65,-0.2341
IONQ-20260929T13341832337,IONQ,2026-09-29,2026-09-29T09:34:43.215616-04:00,44.97,0.0955
COIN-20260929T13331105457,COIN,2026-09-29,2026-09-29T09:34:46.434137-04:00,193.125,-0.4194
INTC-20260929T13333065815,INTC,2026-09-29,2026-09-29T09:34:46.434137-04:00,115.43,0.3161
MXL-20260929T13341201863,MXL,2026-09-29,2026-09-29T09:34:46.434137-04:00,90.31,-0.0111
AAON-20260929T13341207750,AAON,2026-09-29,2026-09-29T09:34:46.434137-04:00,85.65,-0.2341
IONQ-20260929T13341832337,IONQ,2026-09-29,2026-09-29T09:34:46.434137-04:00,44.96,0.1177
COIN-20260929T13331105457,COIN,2026-09-29,2026-09-29T09:34:49.508714-04:00,193.46,-0.5936
INTC-20260929T13333065815,INTC,2026-09-29,2026-09-29T09:34:49.508714-04:00,115.3459,0.3887
MXL-20260929T13341201863,MXL,2026-09-29,2026-09-29T09:34:49.508714-04:00,90.47,-0.1883
AAON-20260929T13341207750,AAON,2026-09-29,2026-09-29T09:34:49.508714-04:00,85.65,-0.2341
IONQ-20260929T13341832337,IONQ,2026-09-29,2026-09-29T09:34:49.508714-04:00,44.97,0.0955
COIN-20260929T13331105457,COIN,2026-09-29,2026-09-29T09:34:52.600280-04:00,193.72,-0.7288
INTC-20260929T13333065815,INTC,2026-09-29,2026-09-29T09:34:52.600280-04:00,115.555,0.2081
MXL-20260929T13341201863,MXL,2026-09-29,2026-09-29T09:34:52.600280-04:00,90.9526,-0.7227
AAON-20260929T13341207750,AAON,2026-09-29,2026-09-29T09:34:52.600280-04:00,85.65,-0.2341
IONQ-20260929T13341832337,IONQ,2026-09-29,2026-09-29T09:34:52.600280-04:00,44.93,0.1844
COIN-20260929T13331105457,COIN,2026-09-29,2026-09-29T09:34:55.744025-04:00,193.66,-0.6976
INTC-20260929T13333065815,INTC,2026-09-29,2026-09-29T09:34:55.744025-04:00,115.56,0.2038
MXL-20260929T13341201863,MXL,2026-09-29,2026-09-29T09:34:55.744025-04:00,90.98,-0.753
AAON-20260929T13341207750,AAON,2026-09-29,2026-09-29T09:34:55.744025-04:00,85.64,-0.2224
IONQ-20260929T13341832337,IONQ,2026-09-29,2026-09-29T09:34:55.744025-04:00,45.055,-0.0933
COIN-20260929T13331105457,COIN,2026-09-29,2026-09-29T09:34:58.890264-04:00,193.768,-0.7538
INTC-20260929T13333065815,INTC,2026-09-29,2026-09-29T09:34:58.890264-04:00,115.59,0.1779
MXL-20260929T13341201863,MXL,2026-09-29,2026-09-29T09:34:58.890264-04:00,90.64,-0.3765
AAON-20260929T13341207750,AAON,2026-09-29,2026-09-29T09:34:58.890264-04:00,85.595,-0.1697
IONQ-20260929T13341832337,IONQ,2026-09-29,2026-09-29T09:34:58.890264-04:00,45.03,-0.0378
VICR-20260929T13344020747,VICR,2026-09-29,2026-09-29T09:34:58.890264-04:00,293.4558,-1.2545
COIN-20260929T13331105457,COIN,2026-09-29,2026-09-29T09:35:02.053617-04:00,193.6746,-0.7052
INTC-20260929T13333065815,INTC,2026-09-29,2026-09-29T09:35:02.053617-04:00,115.55,0.2124
MXL-20260929T13341201863,MXL,2026-09-29,2026-09-29T09:35:02.053617-04:00,90.64,-0.3765
AAON-20260929T13341207750,AAON,2026-09-29,2026-09-29T09:35:02.053617-04:00,85.69,-0.2809
IONQ-20260929T13341832337,IONQ,2026-09-29,2026-09-29T09:35:02.053617-04:00,45.11,-0.2155
COIN-20260929T13331105457,COIN,2026-09-29,2026-09-29T09:35:05.423705-04:00,194.44,-1.1032
INTC-20260929T13333065815,INTC,2026-09-29,2026-09-29T09:35:05.423705-04:00,115.48,0.2729
MXL-20260929T13341201863,MXL,2026-09-29,2026-09-29T09:35:05.423705-04:00,90.7792,-0.5307
AAON-20260929T13341207750,AAON,2026-09-29,2026-09-29T09:35:05.423705-04:00,86.441,-1.1597
IONQ-20260929T13341832337,IONQ,2026-09-29,2026-09-29T09:35:05.423705-04:00,45.1135,-0.2233
COIN-20260929T13331105457,COIN,2026-09-29,2026-09-29T09:35:08.528496-04:00,194.13,-0.7369
INTC-20260929T13333065815,INTC,2026-09-29,2026-09-29T09:35:08.528496-04:00,115.4496,0.2991
MXL-20260929T13341201863,MXL,2026-09-29,2026-09-29T09:35:08.528496-04:00,90.7792,-0.5307
AAON-20260929T13341207750,AAON,2026-09-29,2026-09-29T09:35:08.528496-04:00,85.79,-0.3979
IONQ-20260929T13341832337,IONQ,2026-09-29,2026-09-29T09:35:08.528496-04:00,45.13,-0.26
IR-20260929T13350241845,IR,2026-09-29,2026-09-29T09:35:08.528496-04:00,76.3569,-0.298
COIN-20260929T13331105457,COIN,2026-09-29,2026-09-29T09:35:12.023254-04:00,194.2394,-0.7936
INTC-20260929T13333065815,INTC,2026-09-29,2026-09-29T09:35:12.023254-04:00,115.565,0.1995
MXL-20260929T13341201863,MXL,2026-09-29,2026-09-29T09:35:12.023254-04:00,90.5,-0.2215
AAON-20260929T13341207750,AAON,2026-09-29,2026-09-29T09:35:12.023254-04:00,85.82,-0.433
IONQ-20260929T13341832337,IONQ,2026-09-29,2026-09-29T09:35:12.023254-04:00,45.175,-0.3599
IR-20260929T13350241845,IR,2026-09-29,2026-09-29T09:35:12.023254-04:00,76.3569,-0.298
COIN-20260929T13331105457,COIN,2026-09-29,2026-09-29T09:35:15.133561-04:00,194.19,-0.768
INTC-20260929T13333065815,INTC,2026-09-29,2026-09-29T09:35:15.133561-04:00,115.56,0.2038
MXL-20260929T13341201863,MXL,2026-09-29,2026-09-29T09:35:15.133561-04:00,90.4,-0.1107
AAON-20260929T13341207750,AAON,2026-09-29,2026-09-29T09:35:15.133561-04:00,85.9873,-0.6288
IONQ-20260929T13341832337,IONQ,2026-09-29,2026-09-29T09:35:15.133561-04:00,45.3342,-0.7136
IR-20260929T13350241845,IR,2026-09-29,2026-09-29T09:35:15.133561-04:00,76.34,-0.2758
VICR-20260929T13350897505,VICR,2026-09-29,2026-09-29T09:35:15.133561-04:00,294.642,-1.6638
COIN-20260929T13331105457,COIN,2026-09-29,2026-09-29T09:35:18.391618-04:00,194.39,-0.8718
INTC-20260929T13333065815,INTC,2026-09-29,2026-09-29T09:35:18.391618-04:00,115.5024,0.2535
MXL-20260929T13341201863,MXL,2026-09-29,2026-09-29T09:35:18.391618-04:00,90.79,-0.5426
AAON-20260929T13341207750,AAON,2026-09-29,2026-09-29T09:35:18.391618-04:00,85.9,-0.5266
IONQ-20260929T13341832337,IONQ,2026-09-29,2026-09-29T09:35:18.391618-04:00,45.37,-0.7931
IR-20260929T13350241845,IR,2026-09-29,2026-09-29T09:35:18.391618-04:00,76.34,-0.2758
VICR-20260929T13350897505,VICR,2026-09-29,2026-09-29T09:35:18.391618-04:00,294.642,-1.6638
COIN-20260929T13331105457,COIN,2026-09-29,2026-09-29T09:35:21.799799-04:00,194.44,-0.8977
INTC-20260929T13333065815,INTC,2026-09-29,2026-09-29T09:35:21.799799-04:00,115.47,0.2815
MXL-20260929T13341201863,MXL,2026-09-29,2026-09-29T09:35:21.799799-04:00,90.635,-0.371
AAON-20260929T13341207750,AAON,2026-09-29,2026-09-29T09:35:21.799799-04:00,85.875,-0.4974
IONQ-20260929T13341832337,IONQ,2026-09-29,2026-09-29T09:35:21.799799-04:00,45.4,-0.8598
IR-20260929T13350241845,IR,2026-09-29,2026-09-29T09:35:21.799799-04:00,76.335,-0.2693
COIN-20260929T13331105457,COIN,2026-09-29,2026-09-29T09:35:24.939026-04:00,194.5748,-0.9677
INTC-20260929T13333065815,INTC,2026-09-29,2026-09-29T09:35:24.939026-04:00,115.45,0.2988
MXL-20260929T13341201863,MXL,2026-09-29,2026-09-29T09:35:24.939026-04:00,90.9388,-0.7074
AAON-20260929T13341207750,AAON,2026-09-29,2026-09-29T09:35:24.939026-04:00,85.875,-0.4974
IONQ-20260929T13341832337,IONQ,2026-09-29,2026-09-29T09:35:24.939026-04:00,45.385,-0.8265
IR-20260929T13350241845,IR,2026-09-29,2026-09-29T09:35:24.939026-04:00,76.335,-0.2693
VIAV-20260929T13350901838,VIAV,2026-09-29,2026-09-29T09:35:24.939026-04:00,42.09,-0.2143
COIN-20260929T13331105457,COIN,2026-09-29,2026-09-29T09:35:28.148618-04:00,194.61,-0.9859
INTC-20260929T13333065815,INTC,2026-09-29,2026-09-29T09:35:28.148618-04:00,115.3599,0.3766
MXL-20260929T13341201863,MXL,2026-09-29,2026-09-29T09:35:28.148618-04:00,90.5,-0.2215
AAON-20260929T13341207750,AAON,2026-09-29,2026-09-29T09:35:28.148618-04:00,85.875,-0.4974
IONQ-20260929T13341832337,IONQ,2026-09-29,2026-09-29T09:35:28.148618-04:00,45.3887,-0.8347
IR-20260929T13350241845,IR,2026-09-29,2026-09-29T09:35:28.148618-04:00,76.335,-0.2693
COIN-20260929T13331105457,COIN,2026-09-29,2026-09-29T09:35:31.295104-04:00,194.17,-0.7576
INTC-20260929T13333065815,INTC,2026-09-29,2026-09-29T09:35:31.295104-04:00,115.42,0.3247
MXL-20260929T13341201863,MXL,2026-09-29,2026-09-29T09:35:31.295104-04:00,90.818,-0.5736
AAON-20260929T13341207750,AAON,2026-09-29,2026-09-29T09:35:31.295104-04:00,85.76,-0.3628
IONQ-20260929T13341832337,IONQ,2026-09-29,2026-09-29T09:35:31.295104-04:00,45.26,-0.5488
IR-20260929T13350241845,IR,2026-09-29,2026-09-29T09:35:31.295104-04:00,76.335,-0.2693
COIN-20260929T13331105457,COIN,2026-09-29,2026-09-29T09:35:34.533161-04:00,193.9,-0.6175
INTC-20260929T13333065815,INTC,2026-09-29,2026-09-29T09:35:34.533161-04:00,115.4235,0.3217
MXL-20260929T13341201863,MXL,2026-09-29,2026-09-29T09:35:34.533161-04:00,90.635,-0.371
AAON-20260929T13341207750,AAON,2026-09-29,2026-09-29T09:35:34.533161-04:00,85.76,-0.3628
IONQ-20260929T13341832337,IONQ,2026-09-29,2026-09-29T09:35:34.533161-04:00,45.28,-0.5932
IR-20260929T13350241845,IR,2026-09-29,2026-09-29T09:35:34.533161-04:00,76.43,-0.3941
COIN-20260929T13331105457,COIN,2026-09-29,2026-09-29T09:35:37.682569-04:00,193.87,-0.6019
INTC-20260929T13333065815,INTC,2026-09-29,2026-09-29T09:35:37.682569-04:00,115.4165,0.3277
MXL-20260929T13341201863,MXL,2026-09-29,2026-09-29T09:35:37.682569-04:00,90.635,-0.371
AAON-20260929T13341207750,AAON,2026-09-29,2026-09-29T09:35:37.682569-04:00,85.76,-0.3628
IONQ-20260929T13341832337,IONQ,2026-09-29,2026-09-29T09:35:37.682569-04:00,45.235,-0.4932
IR-20260929T13350241845,IR,2026-09-29,2026-09-29T09:35:37.682569-04:00,76.43,-0.3941
VSXY-20260929T13351878825,VSXY,2026-09-29,2026-09-29T09:35:37.682569-04:00,90.07,-0.7044
COIN-20260929T13331105457,COIN,2026-09-29,2026-09-29T09:35:40.880827-04:00,193.9,-0.6175
INTC-20260929T13333065815,INTC,2026-09-29,2026-09-29T09:35:40.880827-04:00,115.41,0.3333
MXL-20260929T13341201863,MXL,2026-09-29,2026-09-29T09:35:40.880827-04:00,90.635,-0.371
AAON-20260929T13341207750,AAON,2026-09-29,2026-09-29T09:35:40.880827-04:00,85.9649,-0.6026
IONQ-20260929T13341832337,IONQ,2026-09-29,2026-09-29T09:35:40.880827-04:00,45.2358,-0.495
IR-20260929T13350241845,IR,2026-09-29,2026-09-29T09:35:40.880827-04:00,76.43,-0.3941
VSXY-20260929T13351878825,VSXY,2026-09-29,2026-09-29T09:35:40.880827-04:00,90.065,-0.6988
COIN-20260929T13331105457,COIN,2026-09-29,2026-09-29T09:35:44.124841-04:00,194.0127,-0.676
INTC-20260929T13333065815,INTC,2026-09-29,2026-09-29T09:35:44.124841-04:00,115.355,0.3808
MXL-20260929T13341201863,MXL,2026-09-29,2026-09-29T09:35:44.124841-04:00,90.46,-0.1772
AAON-20260929T13341207750,AAON,2026-09-29,2026-09-29T09:35:44.124841-04:00,85.871,-0.4927
IONQ-20260929T13341832337,IONQ,2026-09-29,2026-09-29T09:35:44.124841-04:00,45.2458,-0.5172
IR-20260929T13350241845,IR,2026-09-29,2026-09-29T09:35:44.124841-04:00,76.425,-0.3875
COIN-20260929T13331105457,COIN,2026-09-29,2026-09-29T09:35:47.237123-04:00,193.7597,-0.5447
INTC-20260929T13333065815,INTC,2026-09-29,2026-09-29T09:35:47.237123-04:00,115.4665,0.2846
MXL-20260929T13341201863,MXL,2026-09-29,2026-09-29T09:35:47.237123-04:00,90.635,-0.371
AAON-20260929T13341207750,AAON,2026-09-29,2026-09-29T09:35:47.237123-04:00,85.871,-0.4927
IONQ-20260929T13341832337,IONQ,2026-09-29,2026-09-29T09:35:47.237123-04:00,45.075,-0.1378
IR-20260929T13350241845,IR,2026-09-29,2026-09-29T09:35:47.237123-04:00,76.425,-0.3875
COIN-20260929T13331105457,COIN,2026-09-29,2026-09-29T09:35:50.303426-04:00,193.92,-0.6279
INTC-20260929T13333065815,INTC,2026-09-29,2026-09-29T09:35:50.303426-04:00,115.43,0.3161
MXL-20260929T13341201863,MXL,2026-09-29,2026-09-29T09:35:50.303426-04:00,90.6,-0.3322
AAON-20260929T13341207750,AAON,2026-09-29,2026-09-29T09:35:50.303426-04:00,85.871,-0.4927
IONQ-20260929T13341832337,IONQ,2026-09-29,2026-09-29T09:35:50.303426-04:00,45.085,-0.16
IR-20260929T13350241845,IR,2026-09-29,2026-09-29T09:35:50.303426-04:00,76.425,-0.3875
COIN-20260929T13331105457,COIN,2026-09-29,2026-09-29T09:35:53.426097-04:00,193.57,-0.4463
INTC-20260929T13333065815,INTC,2026-09-29,2026-09-29T09:35:53.426097-04:00,115.07,0.627
MXL-20260929T13341201863,MXL,2026-09-29,2026-09-29T09:35:53.426097-04:00,90.5,-0.2215
AAON-20260929T13341207750,AAON,2026-09-29,2026-09-29T09:35:53.426097-04:00,85.76,-0.3628
IONQ-20260929T13341832337,IONQ,2026-09-29,2026-09-29T09:35:53.426097-04:00,45.09,-0.1711
IR-20260929T13350241845,IR,2026-09-29,2026-09-29T09:35:53.426097-04:00,76.42,-0.3809
COIN-20260929T13331105457,COIN,2026-09-29,2026-09-29T09:35:56.529591-04:00,193.27,-0.2906
INTC-20260929T13333065815,INTC,2026-09-29,2026-09-29T09:35:56.529591-04:00,115.22,0.4974
MXL-20260929T13341201863,MXL,2026-09-29,2026-09-29T09:35:56.529591-04:00,90.741,-0.4884
AAON-20260929T13341207750,AAON,2026-09-29,2026-09-29T09:35:56.529591-04:00,85.74,-0.3394
IONQ-20260929T13341832337,IONQ,2026-09-29,2026-09-29T09:35:56.529591-04:00,45.0825,-0.1544
IR-20260929T13350241845,IR,2026-09-29,2026-09-29T09:35:56.529591-04:00,76.349,-0.2877
COIN-20260929T13331105457,COIN,2026-09-29,2026-09-29T09:35:59.613496-04:00,193.38,-0.3477
INTC-20260929T13333065815,INTC,2026-09-29,2026-09-29T09:35:59.613496-04:00,115.225,0.4931
MXL-20260929T13341201863,MXL,2026-09-29,2026-09-29T09:35:59.613496-04:00,90.741,-0.4884
AAON-20260929T13341207750,AAON,2026-09-29,2026-09-29T09:35:59.613496-04:00,85.74,-0.3394
IONQ-20260929T13341832337,IONQ,2026-09-29,2026-09-29T09:35:59.613496-04:00,45.03,-0.0378
IR-20260929T13350241845,IR,2026-09-29,2026-09-29T09:35:59.613496-04:00,76.425,-0.3875
COIN-20260929T13331105457,COIN,2026-09-29,2026-09-29T09:36:02.746308-04:00,193.33,-0.3217
INTC-20260929T13333065815,INTC,2026-09-29,2026-09-29T09:36:02.746308-04:00,115.261,0.462
MXL-20260929T13341201863,MXL,2026-09-29,2026-09-29T09:36:02.746308-04:00,90.13,0.1883
AAON-20260929T13341207750,AAON,2026-09-29,2026-09-29T09:36:02.746308-04:00,85.74,-0.3394
IONQ-20260929T13341832337,IONQ,2026-09-29,2026-09-29T09:36:02.746308-04:00,45.055,-0.0933
IR-20260929T13350241845,IR,2026-09-29,2026-09-29T09:36:02.746308-04:00,76.425,-0.3875
COIN-20260929T13331105457,COIN,2026-09-29,2026-09-29T09:36:05.980744-04:00,193.365,-0.3399
INTC-20260929T13333065815,INTC,2026-09-29,2026-09-29T09:36:05.980744-04:00,115.37,0.3679
MXL-20260929T13341201863,MXL,2026-09-29,2026-09-29T09:36:05.980744-04:00,90.39,-0.0997
AAON-20260929T13341207750,AAON,2026-09-29,2026-09-29T09:36:05.980744-04:00,85.88,-0.5032
IONQ-20260929T13341832337,IONQ,2026-09-29,2026-09-29T09:36:05.980744-04:00,45.13,-0.26
IR-20260929T13350241845,IR,2026-09-29,2026-09-29T09:36:05.980744-04:00,76.425,-0.3875
COIN-20260929T13331105457,COIN,2026-09-29,2026-09-29T09:36:09.107585-04:00,193.54,-0.4307
INTC-20260929T13333065815,INTC,2026-09-29,2026-09-29T09:36:09.107585-04:00,115.56,0.2038
MXL-20260929T13341201863,MXL,2026-09-29,2026-09-29T09:36:09.107585-04:00,90.63,-0.3654
AAON-20260929T13341207750,AAON,2026-09-29,2026-09-29T09:36:09.107585-04:00,85.88,-0.5032
IONQ-20260929T13341832337,IONQ,2026-09-29,2026-09-29T09:36:09.107585-04:00,45.18,-0.371
IR-20260929T13350241845,IR,2026-09-29,2026-09-29T09:36:09.107585-04:00,76.425,-0.3875
COIN-20260929T13331105457,COIN,2026-09-29,2026-09-29T09:36:12.221684-04:00,193.55,-0.4359
INTC-20260929T13333065815,INTC,2026-09-29,2026-09-29T09:36:12.221684-04:00,115.55,0.2124
MXL-20260929T13341201863,MXL,2026-09-29,2026-09-29T09:36:12.221684-04:00,90.7557,-0.5047
AAON-20260929T13341207750,AAON,2026-09-29,2026-09-29T09:36:12.221684-04:00,85.878,-0.5009
IONQ-20260929T13341832337,IONQ,2026-09-29,2026-09-29T09:36:12.221684-04:00,45.15,-0.3044
IR-20260929T13350241845,IR,2026-09-29,2026-09-29T09:36:12.221684-04:00,76.425,-0.3875
COIN-20260929T13331105457,COIN,2026-09-29,2026-09-29T09:36:15.293741-04:00,193.5,-0.4099
INTC-20260929T13333065815,INTC,2026-09-29,2026-09-29T09:36:15.293741-04:00,115.5996,0.1696
MXL-20260929T13341201863,MXL,2026-09-29,2026-09-29T09:36:15.293741-04:00,90.7486,-0.4968
AAON-20260929T13341207750,AAON,2026-09-29,2026-09-29T09:36:15.293741-04:00,85.97,-0.6085
IONQ-20260929T13341832337,IONQ,2026-09-29,2026-09-29T09:36:15.293741-04:00,45.21,-0.4377
IR-20260929T13350241845,IR,2026-09-29,2026-09-29T09:36:15.293741-04:00,76.61,-0.6305
FORM-20260929T13355041799,FORM,2026-09-29,2026-09-29T09:36:15.293741-04:00,133.81,-0.3977
COIN-20260929T13331105457,COIN,2026-09-29,2026-09-29T09:36:18.430015-04:00,193.3195,-0.3163
INTC-20260929T13333065815,INTC,2026-09-29,2026-09-29T09:36:18.430015-04:00,115.61,0.1606
MXL-20260929T13341201863,MXL,2026-09-29,2026-09-29T09:36:18.430015-04:00,90.7486,-0.4968
AAON-20260929T13341207750,AAON,2026-09-29,2026-09-29T09:36:18.430015-04:00,85.97,-0.6085
IONQ-20260929T13341832337,IONQ,2026-09-29,2026-09-29T09:36:18.430015-04:00,45.2399,-0.5041
IR-20260929T13350241845,IR,2026-09-29,2026-09-29T09:36:18.430015-04:00,76.42,-0.3809
FORM-20260929T13355041799,FORM,2026-09-29,2026-09-29T09:36:18.430015-04:00,134.31,-0.7728
COIN-20260929T13331105457,COIN,2026-09-29,2026-09-29T09:36:21.518964-04:00,193.5595,-0.4408
INTC-20260929T13333065815,INTC,2026-09-29,2026-09-29T09:36:21.518964-04:00,115.72,0.0656
MXL-20260929T13341201863,MXL,2026-09-29,2026-09-29T09:36:21.518964-04:00,91.495,-1.3234
AAON-20260929T13341207750,AAON,2026-09-29,2026-09-29T09:36:21.518964-04:00,86.12,-0.7841
IONQ-20260929T13341832337,IONQ,2026-09-29,2026-09-29T09:36:21.518964-04:00,45.16,-0.3266
IR-20260929T13350241845,IR,2026-09-29,2026-09-29T09:36:21.518964-04:00,76.42,-0.3809
FORM-20260929T13355041799,FORM,2026-09-29,2026-09-29T09:36:21.518964-04:00,134.51,-0.9229
COIN-20260929T13331105457,COIN,2026-09-29,2026-09-29T09:36:24.596997-04:00,193.3797,-0.3475
INTC-20260929T13333065815,INTC,2026-09-29,2026-09-29T09:36:24.596997-04:00,115.63,0.1434
MXL-20260929T13341201863,MXL,2026-09-29,2026-09-29T09:36:24.596997-04:00,91.49,-1.3178
AAON-20260929T13341207750,AAON,2026-09-29,2026-09-29T09:36:24.596997-04:00,86.215,-0.8953
IONQ-20260929T13341832337,IONQ,2026-09-29,2026-09-29T09:36:24.596997-04:00,45.13,-0.26
IR-20260929T13350241845,IR,2026-09-29,2026-09-29T09:36:24.596997-04:00,76.42,-0.3809
FORM-20260929T13355041799,FORM,2026-09-29,2026-09-29T09:36:24.596997-04:00,134.28,-0.7503
COIN-20260929T13331105457,COIN,2026-09-29,2026-09-29T09:36:27.659287-04:00,193.505,-0.4125
INTC-20260929T13333065815,INTC,2026-09-29,2026-09-29T09:36:27.659287-04:00,115.64,0.1347
MXL-20260929T13341201863,MXL,2026-09-29,2026-09-29T09:36:27.659287-04:00,91.35,-1.1628
AAON-20260929T13341207750,AAON,2026-09-29,2026-09-29T09:36:27.659287-04:00,86.037,-0.687
IONQ-20260929T13341832337,IONQ,2026-09-29,2026-09-29T09:36:27.659287-04:00,45.205,-0.4266
IR-20260929T13350241845,IR,2026-09-29,2026-09-29T09:36:27.659287-04:00,76.425,-0.3875
FORM-20260929T13355041799,FORM,2026-09-29,2026-09-29T09:36:27.659287-04:00,134.24,-0.7203
COIN-20260929T13331105457,COIN,2026-09-29,2026-09-29T09:36:30.712002-04:00,193.54,-0.4307
INTC-20260929T13333065815,INTC,2026-09-29,2026-09-29T09:36:30.712002-04:00,115.51,0.247
MXL-20260929T13341201863,MXL,2026-09-29,2026-09-29T09:36:30.712002-04:00,91.49,-1.3178
AAON-20260929T13341207750,AAON,2026-09-29,2026-09-29T09:36:30.712002-04:00,86.215,-0.8953
IONQ-20260929T13341832337,IONQ,2026-09-29,2026-09-29T09:36:30.712002-04:00,45.17,-0.3488
IR-20260929T13350241845,IR,2026-09-29,2026-09-29T09:36:30.712002-04:00,76.425,-0.3875
FORM-20260929T13355041799,FORM,2026-09-29,2026-09-29T09:36:30.712002-04:00,134.24,-0.7203
COIN-20260929T13331105457,COIN,2026-09-29,2026-09-29T09:36:33.783249-04:00,193.4,-0.3581
INTC-20260929T13333065815,INTC,2026-09-29,2026-09-29T09:36:33.783249-04:00,115.455,0.2945
MXL-20260929T13341201863,MXL,2026-09-29,2026-09-29T09:36:33.783249-04:00,90.9015,-0.6661
AAON-20260929T13341207750,AAON,2026-09-29,2026-09-29T09:36:33.783249-04:00,86.215,-0.8953
IONQ-20260929T13341832337,IONQ,2026-09-29,2026-09-29T09:36:33.783249-04:00,45.17,-0.3488
IR-20260929T13350241845,IR,2026-09-29,2026-09-29T09:36:33.783249-04:00,76.425,-0.3875
FORM-20260929T13355041799,FORM,2026-09-29,2026-09-29T09:36:33.783249-04:00,133.9,-0.4652
COIN-20260929T13331105457,COIN,2026-09-29,2026-09-29T09:36:36.839341-04:00,193.2,-0.2543
INTC-20260929T13333065815,INTC,2026-09-29,2026-09-29T09:36:36.839341-04:00,115.365,0.3722
MXL-20260929T13341201863,MXL,2026-09-29,2026-09-29T09:36:36.839341-04:00,90.9015,-0.6661
AAON-20260929T13341207750,AAON,2026-09-29,2026-09-29T09:36:36.839341-04:00,86.215,-0.8953
IONQ-20260929T13341832337,IONQ,2026-09-29,2026-09-29T09:36:36.839341-04:00,45.15,-0.3044
IR-20260929T13350241845,IR,2026-09-29,2026-09-29T09:36:36.839341-04:00,76.425,-0.3875
FORM-20260929T13355041799,FORM,2026-09-29,2026-09-29T09:36:36.839341-04:00,133.88,-0.4502
COIN-20260929T13331105457,COIN,2026-09-29,2026-09-29T09:36:39.993012-04:00,193.4258,-0.3714
INTC-20260929T13333065815,INTC,2026-09-29,2026-09-29T09:36:39.993012-04:00,115.6922,0.0896
MXL-20260929T13341201863,MXL,2026-09-29,2026-09-29T09:36:39.993012-04:00,91.4999,-1.3288
AAON-20260929T13341207750,AAON,2026-09-29,2026-09-29T09:36:39.993012-04:00,86.215,-0.8953
IONQ-20260929T13341832337,IONQ,2026-09-29,2026-09-29T09:36:39.993012-04:00,45.16,-0.3266
IR-20260929T13350241845,IR,2026-09-29,2026-09-29T09:36:39.993012-04:00,76.425,-0.3875
FORM-20260929T13355041799,FORM,2026-09-29,2026-09-29T09:36:39.993012-04:00,133.935,-0.4914
COIN-20260929T13331105457,COIN,2026-09-29,2026-09-29T09:36:43.092719-04:00,193.4021,-0.3591
INTC-20260929T13333065815,INTC,2026-09-29,2026-09-29T09:36:43.092719-04:00,115.43,0.3161
MXL-20260929T13341201863,MXL,2026-09-29,2026-09-29T09:36:43.092719-04:00,91.2,-0.9967
AAON-20260929T13341207750,AAON,2026-09-29,2026-09-29T09:36:43.092719-04:00,86.22,-0.9011
IONQ-20260929T13341832337,IONQ,2026-09-29,2026-09-29T09:36:43.092719-04:00,45.2242,-0.4692
IR-20260929T13350241845,IR,2026-09-29,2026-09-29T09:36:43.092719-04:00,76.425,-0.3875
FORM-20260929T13355041799,FORM,2026-09-29,2026-09-29T09:36:43.092719-04:00,133.7651,-0.364
COIN-20260929T13331105457,COIN,2026-09-29,2026-09-29T09:36:46.282464-04:00,193.32,-0.3165
INTC-20260929T13333065815,INTC,2026-09-29,2026-09-29T09:36:46.282464-04:00,115.5,0.2556
MXL-20260929T13341201863,MXL,2026-09-29,2026-09-29T09:36:46.282464-04:00,91.425,-1.2458
AAON-20260929T13341207750,AAON,2026-09-29,2026-09-29T09:36:46.282464-04:00,86.22,-0.9011
IONQ-20260929T13341832337,IONQ,2026-09-29,2026-09-29T09:36:46.282464-04:00,45.19,-0.3932
IR-20260929T13350241845,IR,2026-09-29,2026-09-29T09:36:46.282464-04:00,76.425,-0.3875
FORM-20260929T13355041799,FORM,2026-09-29,2026-09-29T09:36:46.282464-04:00,134.04,-0.5702
COIN-20260929T13331105457,COIN,2026-09-29,2026-09-29T09:36:49.356059-04:00,193.4515,-0.3848
INTC-20260929T13333065815,INTC,2026-09-29,2026-09-29T09:36:49.356059-04:00,115.485,0.2686
MXL-20260929T13341201863,MXL,2026-09-29,2026-09-29T09:36:49.356059-04:00,91.49,-1.3178
AAON-20260929T13341207750,AAON,2026-09-29,2026-09-29T09:36:49.356059-04:00,86.201,-0.8789
IONQ-20260929T13341832337,IONQ,2026-09-29,2026-09-29T09:36:49.356059-04:00,45.1529,-0.3108
IR-20260929T13350241845,IR,2026-09-29,2026-09-29T09:36:49.356059-04:00,76.42,-0.3809
FORM-20260929T13355041799,FORM,2026-09-29,2026-09-29T09:36:49.356059-04:00,134.4663,-0.8901
COIN-20260929T13331105457,COIN,2026-09-29,2026-09-29T09:36:52.435792-04:00,193.41,-0.3632
INTC-20260929T13333065815,INTC,2026-09-29,2026-09-29T09:36:52.435792-04:00,115.47,0.2815
MXL-20260929T13341201863,MXL,2026-09-29,2026-09-29T09:36:52.435792-04:00,91.74,-1.5947
AAON-20260929T13341207750,AAON,2026-09-29,2026-09-29T09:36:52.435792-04:00,86.473,-1.1972
IONQ-20260929T13341832337,IONQ,2026-09-29,2026-09-29T09:36:52.435792-04:00,45.135,-0.2711
IR-20260929T13350241845,IR,2026-09-29,2026-09-29T09:36:52.435792-04:00,76.42,-0.3809
FORM-20260929T13355041799,FORM,2026-09-29,2026-09-29T09:36:52.435792-04:00,134.39,-0.8328
COIN-20260929T13331105457,COIN,2026-09-29,2026-09-29T09:36:55.707014-04:00,193.401,-0.3586
INTC-20260929T13333065815,INTC,2026-09-29,2026-09-29T09:36:55.707014-04:00,115.46,0.2902
AAON-20260929T13341207750,AAON,2026-09-29,2026-09-29T09:36:55.707014-04:00,86.473,-1.1972
IONQ-20260929T13341832337,IONQ,2026-09-29,2026-09-29T09:36:55.707014-04:00,45.085,-0.16
IR-20260929T13350241845,IR,2026-09-29,2026-09-29T09:36:55.707014-04:00,76.42,-0.3809
FORM-20260929T13355041799,FORM,2026-09-29,2026-09-29T09:36:55.707014-04:00,134.879,-1.1997
COIN-20260929T13331105457,COIN,2026-09-29,2026-09-29T09:36:58.793057-04:00,193.439,-0.3783
INTC-20260929T13333065815,INTC,2026-09-29,2026-09-29T09:36:58.793057-04:00,115.37,0.3679
AAON-20260929T13341207750,AAON,2026-09-29,2026-09-29T09:36:58.793057-04:00,86.473,-1.1972
IONQ-20260929T13341832337,IONQ,2026-09-29,2026-09-29T09:36:58.793057-04:00,45.12,-0.2377
IR-20260929T13350241845,IR,2026-09-29,2026-09-29T09:36:58.793057-04:00,76.42,-0.3809
FORM-20260929T13355041799,FORM,2026-09-29,2026-09-29T09:36:58.793057-04:00,134.879,-1.1997
COIN-20260929T13331105457,COIN,2026-09-29,2026-09-29T09:37:01.866824-04:00,193.375,-0.3451
INTC-20260929T13333065815,INTC,2026-09-29,2026-09-29T09:37:01.866824-04:00,115.43,0.3161
AAON-20260929T13341207750,AAON,2026-09-29,2026-09-29T09:37:01.866824-04:00,86.473,-1.1972
IONQ-20260929T13341832337,IONQ,2026-09-29,2026-09-29T09:37:01.866824-04:00,45.18,-0.371
IR-20260929T13350241845,IR,2026-09-29,2026-09-29T09:37:01.866824-04:00,76.545,-0.5451
FORM-20260929T13355041799,FORM,2026-09-29,2026-09-29T09:37:01.866824-04:00,134.05,-0.5777
COIN-20260929T13331105457,COIN,2026-09-29,2026-09-29T09:37:05.231835-04:00,193.2985,-0.3054
INTC-20260929T13333065815,INTC,2026-09-29,2026-09-29T09:37:05.231835-04:00,115.3547,0.3811
AAON-20260929T13341207750,AAON,2026-09-29,2026-09-29T09:37:05.231835-04:00,86.473,-1.1972
IONQ-20260929T13341832337,IONQ,2026-09-29,2026-09-29T09:37:05.231835-04:00,45.215,-0.4488
IR-20260929T13350241845,IR,2026-09-29,2026-09-29T09:37:05.231835-04:00,76.55,-0.5517
FORM-20260929T13355041799,FORM,2026-09-29,2026-09-29T09:37:05.231835-04:00,134.98,-1.2755
COIN-20260929T13331105457,COIN,2026-09-29,2026-09-29T09:37:08.750973-04:00,193.615,-0.4696
INTC-20260929T13333065815,INTC,2026-09-29,2026-09-29T09:37:08.750973-04:00,115.42,0.3247
IONQ-20260929T13341832337,IONQ,2026-09-29,2026-09-29T09:37:08.750973-04:00,45.28,-0.5932
IR-20260929T13350241845,IR,2026-09-29,2026-09-29T09:37:08.750973-04:00,76.55,-0.5517
COIN-20260929T13331105457,COIN,2026-09-29,2026-09-29T09:37:11.870822-04:00,193.46,-0.3892
INTC-20260929T13333065815,INTC,2026-09-29,2026-09-29T09:37:11.870822-04:00,115.36,0.3765
IONQ-20260929T13341832337,IONQ,2026-09-29,2026-09-29T09:37:11.870822-04:00,45.2317,-0.4859
IR-20260929T13350241845,IR,2026-09-29,2026-09-29T09:37:11.870822-04:00,76.55,-0.5517
BRKR-20260929T13365270012,BRKR,2026-09-29,2026-09-29T09:37:11.870822-04:00,64.1482,-0.2472
VIAV-20260929T13370574037,VIAV,2026-09-29,2026-09-29T09:37:11.870822-04:00,42.3,-0.6062
COIN-20260929T13331105457,COIN,2026-09-29,2026-09-29T09:37:15.049381-04:00,193.648,-0.4867
INTC-20260929T13333065815,INTC,2026-09-29,2026-09-29T09:37:15.049381-04:00,115.3294,0.403
IONQ-20260929T13341832337,IONQ,2026-09-29,2026-09-29T09:37:15.049381-04:00,45.15,-0.3044
IR-20260929T13350241845,IR,2026-09-29,2026-09-29T09:37:15.049381-04:00,76.55,-0.5517
BRKR-20260929T13365270012,BRKR,2026-09-29,2026-09-29T09:37:15.049381-04:00,64.1482,-0.2472
VIAV-20260929T13370574037,VIAV,2026-09-29,2026-09-29T09:37:15.049381-04:00,42.1346,-0.2128
COIN-20260929T13331105457,COIN,2026-09-29,2026-09-29T09:37:18.190615-04:00,193.435,-0.3762
INTC-20260929T13333065815,INTC,2026-09-29,2026-09-29T09:37:18.190615-04:00,115.33,0.4024
IONQ-20260929T13341832337,IONQ,2026-09-29,2026-09-29T09:37:18.190615-04:00,45.16,-0.3266
IR-20260929T13350241845,IR,2026-09-29,2026-09-29T09:37:18.190615-04:00,76.55,-0.5517
BRKR-20260929T13365270012,BRKR,2026-09-29,2026-09-29T09:37:18.190615-04:00,64.1482,-0.2472
VIAV-20260929T13370574037,VIAV,2026-09-29,2026-09-29T09:37:18.190615-04:00,42.22,-0.4159
COIN-20260929T13331105457,COIN,2026-09-29,2026-09-29T09:37:21.376770-04:00,193.425,-0.371
INTC-20260929T13333065815,INTC,2026-09-29,2026-09-29T09:37:21.376770-04:00,115.38,0.3593
IONQ-20260929T13341832337,IONQ,2026-09-29,2026-09-29T09:37:21.376770-04:00,45.2017,-0.4192
IR-20260929T13350241845,IR,2026-09-29,2026-09-29T09:37:21.376770-04:00,76.555,-0.5583
BRKR-20260929T13365270012,BRKR,2026-09-29,2026-09-29T09:37:21.376770-04:00,64.1482,-0.2472
VIAV-20260929T13370574037,VIAV,2026-09-29,2026-09-29T09:37:21.376770-04:00,42.3027,-0.469
COIN-20260929T13331105457,COIN,2026-09-29,2026-09-29T09:37:24.571263-04:00,193.225,-0.2672
INTC-20260929T13333065815,INTC,2026-09-29,2026-09-29T09:37:24.571263-04:00,115.47,0.2815
IONQ-20260929T13341832337,IONQ,2026-09-29,2026-09-29T09:37:24.571263-04:00,45.2,-0.4155
IR-20260929T13350241845,IR,2026-09-29,2026-09-29T09:37:24.571263-04:00,76.555,-0.5583
BRKR-20260929T13365270012,BRKR,2026-09-29,2026-09-29T09:37:24.571263-04:00,64.1482,-0.2472
VIAV-20260929T13370574037,VIAV,2026-09-29,2026-09-29T09:37:24.571263-04:00,42.33,-0.4867
COIN-20260929T13331105457,COIN,2026-09-29,2026-09-29T09:37:27.732225-04:00,193.245,-0.2776
INTC-20260929T13333065815,INTC,2026-09-29,2026-09-29T09:37:27.732225-04:00,115.5847,0.1825
IONQ-20260929T13341832337,IONQ,2026-09-29,2026-09-29T09:37:27.732225-04:00,45.2437,-0.5125
IR-20260929T13350241845,IR,2026-09-29,2026-09-29T09:37:27.732225-04:00,76.3768,-0.3242
BRKR-20260929T13365270012,BRKR,2026-09-29,2026-09-29T09:37:27.732225-04:00,64.53,-0.8439
VIAV-20260929T13370574037,VIAV,2026-09-29,2026-09-29T09:37:27.732225-04:00,42.34,-0.5105
COIN-20260929T13331105457,COIN,2026-09-29,2026-09-29T09:37:30.858549-04:00,193.41,-0.3632
INTC-20260929T13333065815,INTC,2026-09-29,2026-09-29T09:37:30.858549-04:00,115.51,0.247
IONQ-20260929T13341832337,IONQ,2026-09-29,2026-09-29T09:37:30.858549-04:00,45.32,-0.6821
IR-20260929T13350241845,IR,2026-09-29,2026-09-29T09:37:30.858549-04:00,76.555,-0.5583
BRKR-20260929T13365270012,BRKR,2026-09-29,2026-09-29T09:37:30.858549-04:00,64.53,-0.8439
VIAV-20260929T13370574037,VIAV,2026-09-29,2026-09-29T09:37:30.858549-04:00,42.3565,-0.5497
COIN-20260929T13331105457,COIN,2026-09-29,2026-09-29T09:37:34.017496-04:00,193.37,-0.3425
INTC-20260929T13333065815,INTC,2026-09-29,2026-09-29T09:37:34.017496-04:00,115.435,0.3118
IONQ-20260929T13341832337,IONQ,2026-09-29,2026-09-29T09:37:34.017496-04:00,45.35,-0.7487
IR-20260929T13350241845,IR,2026-09-29,2026-09-29T09:37:34.017496-04:00,76.505,-0.4926
BRKR-20260929T13365270012,BRKR,2026-09-29,2026-09-29T09:37:34.017496-04:00,64.232,-0.3782
VIAV-20260929T13370574037,VIAV,2026-09-29,2026-09-29T09:37:34.017496-04:00,42.45,-0.7716
COIN-20260929T13331105457,COIN,2026-09-29,2026-09-29T09:37:37.510003-04:00,193.206,-0.2574
INTC-20260929T13333065815,INTC,2026-09-29,2026-09-29T09:37:37.510003-04:00,115.4538,0.2955
IONQ-20260929T13341832337,IONQ,2026-09-29,2026-09-29T09:37:37.510003-04:00,45.265,-0.5599
IR-20260929T13350241845,IR,2026-09-29,2026-09-29T09:37:37.510003-04:00,76.505,-0.4926
BRKR-20260929T13365270012,BRKR,2026-09-29,2026-09-29T09:37:37.510003-04:00,64.232,-0.3782
VIAV-20260929T13370574037,VIAV,2026-09-29,2026-09-29T09:37:37.510003-04:00,42.4384,-0.7441
COIN-20260929T13331105457,COIN,2026-09-29,2026-09-29T09:37:40.625058-04:00,193.2022,-0.2554
INTC-20260929T13333065815,INTC,2026-09-29,2026-09-29T09:37:40.625058-04:00,115.42,0.3247
IONQ-20260929T13341832337,IONQ,2026-09-29,2026-09-29T09:37:40.625058-04:00,45.32,-0.6821
IR-20260929T13350241845,IR,2026-09-29,2026-09-29T09:37:40.625058-04:00,76.401,-0.356
BRKR-20260929T13365270012,BRKR,2026-09-29,2026-09-29T09:37:40.625058-04:00,64.232,-0.3782
VIAV-20260929T13370574037,VIAV,2026-09-29,2026-09-29T09:37:40.625058-04:00,42.375,-0.5936
COIN-20260929T13331105457,COIN,2026-09-29,2026-09-29T09:37:43.750801-04:00,193.05,-0.1764
INTC-20260929T13333065815,INTC,2026-09-29,2026-09-29T09:37:43.750801-04:00,115.51,0.247
IONQ-20260929T13341832337,IONQ,2026-09-29,2026-09-29T09:37:43.750801-04:00,45.335,-0.7154
IR-20260929T13350241845,IR,2026-09-29,2026-09-29T09:37:43.750801-04:00,76.401,-0.356
BRKR-20260929T13365270012,BRKR,2026-09-29,2026-09-29T09:37:43.750801-04:00,64.232,-0.3782
VIAV-20260929T13370574037,VIAV,2026-09-29,2026-09-29T09:37:43.750801-04:00,42.395,-0.641
COIN-20260929T13331105457,COIN,2026-09-29,2026-09-29T09:37:46.888390-04:00,193.53,-0.4255
INTC-20260929T13333065815,INTC,2026-09-29,2026-09-29T09:37:46.888390-04:00,115.57,0.1952
IONQ-20260929T13341832337,IONQ,2026-09-29,2026-09-29T09:37:46.888390-04:00,45.29,-0.6154
IR-20260929T13350241845,IR,2026-09-29,2026-09-29T09:37:46.888390-04:00,76.401,-0.356
BRKR-20260929T13365270012,BRKR,2026-09-29,2026-09-29T09:37:46.888390-04:00,64.385,-0.6173
VIAV-20260929T13370574037,VIAV,2026-09-29,2026-09-29T09:37:46.888390-04:00,42.5,-0.8903
COIN-20260929T13331105457,COIN,2026-09-29,2026-09-29T09:37:50.071091-04:00,193.5985,-0.4611
INTC-20260929T13333065815,INTC,2026-09-29,2026-09-29T09:37:50.071091-04:00,115.5,0.2556
IONQ-20260929T13341832337,IONQ,2026-09-29,2026-09-29T09:37:50.071091-04:00,45.305,-0.6487
IR-20260929T13350241845,IR,2026-09-29,2026-09-29T09:37:50.071091-04:00,76.38,-0.3284
BRKR-20260929T13365270012,BRKR,2026-09-29,2026-09-29T09:37:50.071091-04:00,64.385,-0.6173
VIAV-20260929T13370574037,VIAV,2026-09-29,2026-09-29T09:37:50.071091-04:00,42.505,-0.9022
COIN-20260929T13331105457,COIN,2026-09-29,2026-09-29T09:37:53.198230-04:00,193.24,-0.275
INTC-20260929T13333065815,INTC,2026-09-29,2026-09-29T09:37:53.198230-04:00,115.44,0.3074
IONQ-20260929T13341832337,IONQ,2026-09-29,2026-09-29T09:37:53.198230-04:00,45.3,-0.6376
IR-20260929T13350241845,IR,2026-09-29,2026-09-29T09:37:53.198230-04:00,76.42,-0.3809
BRKR-20260929T13365270012,BRKR,2026-09-29,2026-09-29T09:37:53.198230-04:00,64.385,-0.6173
VIAV-20260929T13370574037,VIAV,2026-09-29,2026-09-29T09:37:53.198230-04:00,42.51,-0.914
COIN-20260929T13331105457,COIN,2026-09-29,2026-09-29T09:37:56.307787-04:00,193.25,-0.2802
INTC-20260929T13333065815,INTC,2026-09-29,2026-09-29T09:37:56.307787-04:00,115.4558,0.2938
IONQ-20260929T13341832337,IONQ,2026-09-29,2026-09-29T09:37:56.307787-04:00,45.32,-0.6821
IR-20260929T13350241845,IR,2026-09-29,2026-09-29T09:37:56.307787-04:00,76.42,-0.3809
BRKR-20260929T13365270012,BRKR,2026-09-29,2026-09-29T09:37:56.307787-04:00,64.385,-0.6173
VIAV-20260929T13370574037,VIAV,2026-09-29,2026-09-29T09:37:56.307787-04:00,42.49,-0.8666
COIN-20260929T13331105457,COIN,2026-09-29,2026-09-29T09:37:59.432865-04:00,193.235,-0.2724
INTC-20260929T13333065815,INTC,2026-09-29,2026-09-29T09:37:59.432865-04:00,115.42,0.3247
IONQ-20260929T13341832337,IONQ,2026-09-29,2026-09-29T09:37:59.432865-04:00,45.32,-0.6821
IR-20260929T13350241845,IR,2026-09-29,2026-09-29T09:37:59.432865-04:00,76.42,-0.3809
BRKR-20260929T13365270012,BRKR,2026-09-29,2026-09-29T09:37:59.432865-04:00,64.385,-0.6173
VIAV-20260929T13370574037,VIAV,2026-09-29,2026-09-29T09:37:59.432865-04:00,42.49,-0.8666
COIN-20260929T13331105457,COIN,2026-09-29,2026-09-29T09:38:02.551709-04:00,193.165,-0.2361
INTC-20260929T13333065815,INTC,2026-09-29,2026-09-29T09:38:02.551709-04:00,115.36,0.3765
IONQ-20260929T13341832337,IONQ,2026-09-29,2026-09-29T09:38:02.551709-04:00,45.3899,-0.8373
IR-20260929T13350241845,IR,2026-09-29,2026-09-29T09:38:02.551709-04:00,76.42,-0.3809
BRKR-20260929T13365270012,BRKR,2026-09-29,2026-09-29T09:38:02.551709-04:00,64.385,-0.6173
VIAV-20260929T13370574037,VIAV,2026-09-29,2026-09-29T09:38:02.551709-04:00,42.48,-0.8428
COIN-20260929T13331105457,COIN,2026-09-29,2026-09-29T09:38:05.920631-04:00,193.2,-0.2543
INTC-20260929T13333065815,INTC,2026-09-29,2026-09-29T09:38:05.920631-04:00,115.35,0.3852
IONQ-20260929T13341832337,IONQ,2026-09-29,2026-09-29T09:38:05.920631-04:00,45.419,-0.69
IR-20260929T13350241845,IR,2026-09-29,2026-09-29T09:38:05.920631-04:00,76.42,-0.3809
BRKR-20260929T13365270012,BRKR,2026-09-29,2026-09-29T09:38:05.920631-04:00,64.385,-0.6173
VIAV-20260929T13370574037,VIAV,2026-09-29,2026-09-29T09:38:05.920631-04:00,42.49,-0.7926
COIN-20260929T13331105457,COIN,2026-09-29,2026-09-29T09:38:09.153789-04:00,193.235,-0.2724
INTC-20260929T13333065815,INTC,2026-09-29,2026-09-29T09:38:09.153789-04:00,115.4016,0.3406
IONQ-20260929T13341832337,IONQ,2026-09-29,2026-09-29T09:38:09.153789-04:00,45.4328,-0.7206
IR-20260929T13350241845,IR,2026-09-29,2026-09-29T09:38:09.153789-04:00,76.42,-0.3809
BRKR-20260929T13365270012,BRKR,2026-09-29,2026-09-29T09:38:09.153789-04:00,64.385,-0.6173
COIN-20260929T13331105457,COIN,2026-09-29,2026-09-29T09:38:12.319279-04:00,193.235,-0.2724
INTC-20260929T13333065815,INTC,2026-09-29,2026-09-29T09:38:12.319279-04:00,115.4,0.342
IONQ-20260929T13341832337,IONQ,2026-09-29,2026-09-29T09:38:12.319279-04:00,45.465,-0.792
IR-20260929T13350241845,IR,2026-09-29,2026-09-29T09:38:12.319279-04:00,76.42,-0.3809
BRKR-20260929T13365270012,BRKR,2026-09-29,2026-09-29T09:38:12.319279-04:00,64.385,-0.6173
COIN-20260929T13331105457,COIN,2026-09-29,2026-09-29T09:38:15.412510-04:00,193.2755,-0.2934
INTC-20260929T13333065815,INTC,2026-09-29,2026-09-29T09:38:15.412510-04:00,115.36,0.3765
IONQ-20260929T13341832337,IONQ,2026-09-29,2026-09-29T09:38:15.412510-04:00,45.4521,-0.7634
IR-20260929T13350241845,IR,2026-09-29,2026-09-29T09:38:15.412510-04:00,76.42,-0.3809
BRKR-20260929T13365270012,BRKR,2026-09-29,2026-09-29T09:38:15.412510-04:00,64.385,-0.6173
COIN-20260929T13331105457,COIN,2026-09-29,2026-09-29T09:38:18.504940-04:00,193.065,-0.1842
INTC-20260929T13333065815,INTC,2026-09-29,2026-09-29T09:38:18.504940-04:00,115.31,0.4197
IONQ-20260929T13341832337,IONQ,2026-09-29,2026-09-29T09:38:18.504940-04:00,45.425,-0.7033
IR-20260929T13350241845,IR,2026-09-29,2026-09-29T09:38:18.504940-04:00,76.42,-0.3809
BRKR-20260929T13365270012,BRKR,2026-09-29,2026-09-29T09:38:18.504940-04:00,64.385,-0.6173
COIN-20260929T13331105457,COIN,2026-09-29,2026-09-29T09:38:21.647635-04:00,193.205,-0.2569
INTC-20260929T13333065815,INTC,2026-09-29,2026-09-29T09:38:21.647635-04:00,115.36,0.3765
IONQ-20260929T13341832337,IONQ,2026-09-29,2026-09-29T09:38:21.647635-04:00,45.45,-0.7587
IR-20260929T13350241845,IR,2026-09-29,2026-09-29T09:38:21.647635-04:00,76.4838,-0.4647
BRKR-20260929T13365270012,BRKR,2026-09-29,2026-09-29T09:38:21.647635-04:00,64.385,-0.6173
COIN-20260929T13331105457,COIN,2026-09-29,2026-09-29T09:38:24.797491-04:00,193.37,-0.3425
INTC-20260929T13333065815,INTC,2026-09-29,2026-09-29T09:38:24.797491-04:00,115.335,0.3981
IONQ-20260929T13341832337,IONQ,2026-09-29,2026-09-29T09:38:24.797491-04:00,45.4642,-0.7902
IR-20260929T13350241845,IR,2026-09-29,2026-09-29T09:38:24.797491-04:00,76.48,-0.4597
BRKR-20260929T13365270012,BRKR,2026-09-29,2026-09-29T09:38:24.797491-04:00,64.14,-0.2344
COIN-20260929T13331105457,COIN,2026-09-29,2026-09-29T09:38:27.951704-04:00,193.319,-0.316
INTC-20260929T13333065815,INTC,2026-09-29,2026-09-29T09:38:27.951704-04:00,115.34,0.3938
IONQ-20260929T13341832337,IONQ,2026-09-29,2026-09-29T09:38:27.951704-04:00,45.405,-0.659
IR-20260929T13350241845,IR,2026-09-29,2026-09-29T09:38:27.951704-04:00,76.42,-0.3809
BRKR-20260929T13365270012,BRKR,2026-09-29,2026-09-29T09:38:27.951704-04:00,64.14,-0.2344
COIN-20260929T13331105457,COIN,2026-09-29,2026-09-29T09:38:31.158029-04:00,193.36,-0.3373
INTC-20260929T13333065815,INTC,2026-09-29,2026-09-29T09:38:31.158029-04:00,115.33,0.4024
IONQ-20260929T13341832337,IONQ,2026-09-29,2026-09-29T09:38:31.158029-04:00,45.4412,-0.7392
IR-20260929T13350241845,IR,2026-09-29,2026-09-29T09:38:31.158029-04:00,76.38,-0.3284
BRKR-20260929T13365270012,BRKR,2026-09-29,2026-09-29T09:38:31.158029-04:00,64.14,-0.2344
COIN-20260929T13331105457,COIN,2026-09-29,2026-09-29T09:38:34.287652-04:00,193.125,-0.2153
INTC-20260929T13333065815,INTC,2026-09-29,2026-09-29T09:38:34.287652-04:00,115.325,0.4067
IONQ-20260929T13341832337,IONQ,2026-09-29,2026-09-29T09:38:34.287652-04:00,45.3904,-0.6266
IR-20260929T13350241845,IR,2026-09-29,2026-09-29T09:38:34.287652-04:00,76.38,-0.3284
BRKR-20260929T13365270012,BRKR,2026-09-29,2026-09-29T09:38:34.287652-04:00,64.14,-0.2344
COIN-20260929T13331105457,COIN,2026-09-29,2026-09-29T09:38:37.421470-04:00,193.2346,-0.2722
INTC-20260929T13333065815,INTC,2026-09-29,2026-09-29T09:38:37.421470-04:00,115.3501,0.3851
IONQ-20260929T13341832337,IONQ,2026-09-29,2026-09-29T09:38:37.421470-04:00,45.442,-0.741
IR-20260929T13350241845,IR,2026-09-29,2026-09-29T09:38:37.421470-04:00,76.38,-0.3284
BRKR-20260929T13365270012,BRKR,2026-09-29,2026-09-29T09:38:37.421470-04:00,64.38,-0.6095
COIN-20260929T13331105457,COIN,2026-09-29,2026-09-29T09:38:40.566522-04:00,193.1111,-0.2081
INTC-20260929T13333065815,INTC,2026-09-29,2026-09-29T09:38:40.566522-04:00,115.4258,0.3197
IONQ-20260929T13341832337,IONQ,2026-09-29,2026-09-29T09:38:40.566522-04:00,45.45,-0.7587
IR-20260929T13350241845,IR,2026-09-29,2026-09-29T09:38:40.566522-04:00,76.38,-0.3284
BRKR-20260929T13365270012,BRKR,2026-09-29,2026-09-29T09:38:40.566522-04:00,64.1986,-0.326
COIN-20260929T13331105457,COIN,2026-09-29,2026-09-29T09:38:43.695353-04:00,193.39,-0.3529
INTC-20260929T13333065815,INTC,2026-09-29,2026-09-29T09:38:43.695353-04:00,115.398,0.3437
IONQ-20260929T13341832337,IONQ,2026-09-29,2026-09-29T09:38:43.695353-04:00,45.45,-0.7587
IR-20260929T13350241845,IR,2026-09-29,2026-09-29T09:38:43.695353-04:00,76.3875,-0.3382
BRKR-20260929T13365270012,BRKR,2026-09-29,2026-09-29T09:38:43.695353-04:00,64.1986,-0.326
COIN-20260929T13331105457,COIN,2026-09-29,2026-09-29T09:38:46.837972-04:00,193.6,-0.4618
INTC-20260929T13333065815,INTC,2026-09-29,2026-09-29T09:38:46.837972-04:00,115.4042,0.3384
IONQ-20260929T13341832337,IONQ,2026-09-29,2026-09-29T09:38:46.837972-04:00,45.4753,-0.8148
IR-20260929T13350241845,IR,2026-09-29,2026-09-29T09:38:46.837972-04:00,76.44,-0.4072
BRKR-20260929T13365270012,BRKR,2026-09-29,2026-09-29T09:38:46.837972-04:00,64.1986,-0.326
COIN-20260929T13331105457,COIN,2026-09-29,2026-09-29T09:38:49.938954-04:00,193.65,-0.4878
INTC-20260929T13333065815,INTC,2026-09-29,2026-09-29T09:38:49.938954-04:00,115.395,0.3463
IONQ-20260929T13341832337,IONQ,2026-09-29,2026-09-29T09:38:49.938954-04:00,45.455,-0.7698
IR-20260929T13350241845,IR,2026-09-29,2026-09-29T09:38:49.938954-04:00,76.4885,-0.4709
BRKR-20260929T13365270012,BRKR,2026-09-29,2026-09-29T09:38:49.938954-04:00,64.1986,-0.326
COIN-20260929T13331105457,COIN,2026-09-29,2026-09-29T09:38:53.042052-04:00,193.595,-0.4592
INTC-20260929T13333065815,INTC,2026-09-29,2026-09-29T09:38:53.042052-04:00,115.41,0.3333
IONQ-20260929T13341832337,IONQ,2026-09-29,2026-09-29T09:38:53.042052-04:00,45.43,-0.7144
IR-20260929T13350241845,IR,2026-09-29,2026-09-29T09:38:53.042052-04:00,76.4885,-0.4709
BRKR-20260929T13365270012,BRKR,2026-09-29,2026-09-29T09:38:53.042052-04:00,64.1986,-0.326
COIN-20260929T13331105457,COIN,2026-09-29,2026-09-29T09:38:56.215114-04:00,193.72,-0.5241
INTC-20260929T13333065815,INTC,2026-09-29,2026-09-29T09:38:56.215114-04:00,115.405,0.3377
IONQ-20260929T13341832337,IONQ,2026-09-29,2026-09-29T09:38:56.215114-04:00,45.425,-0.7033
IR-20260929T13350241845,IR,2026-09-29,2026-09-29T09:38:56.215114-04:00,76.4885,-0.4709
BRKR-20260929T13365270012,BRKR,2026-09-29,2026-09-29T09:38:56.215114-04:00,64.1986,-0.326
COIN-20260929T13331105457,COIN,2026-09-29,2026-09-29T09:38:59.408499-04:00,193.9283,-0.6322
INTC-20260929T13333065815,INTC,2026-09-29,2026-09-29T09:38:59.408499-04:00,115.399,0.3428
IONQ-20260929T13341832337,IONQ,2026-09-29,2026-09-29T09:38:59.408499-04:00,45.41,-0.6701
IR-20260929T13350241845,IR,2026-09-29,2026-09-29T09:38:59.408499-04:00,76.4885,-0.4709
BRKR-20260929T13365270012,BRKR,2026-09-29,2026-09-29T09:38:59.408499-04:00,64.1986,-0.326
COIN-20260929T13331105457,COIN,2026-09-29,2026-09-29T09:39:02.580572-04:00,193.9,-0.6175
INTC-20260929T13333065815,INTC,2026-09-29,2026-09-29T09:39:02.580572-04:00,115.405,0.3377
IONQ-20260929T13341832337,IONQ,2026-09-29,2026-09-29T09:39:02.580572-04:00,45.43,-0.7144
IR-20260929T13350241845,IR,2026-09-29,2026-09-29T09:39:02.580572-04:00,76.4885,-0.4709
BRKR-20260929T13365270012,BRKR,2026-09-29,2026-09-29T09:39:02.580572-04:00,64.1935,-0.318
INTC-20260929T13333065815,INTC,2026-09-29,2026-09-29T09:39:05.994235-04:00,115.45,0.2988
IR-20260929T13350241845,IR,2026-09-29,2026-09-29T09:39:05.994235-04:00,76.39,-0.3415
BRKR-20260929T13365270012,BRKR,2026-09-29,2026-09-29T09:39:05.994235-04:00,64.1935,-0.318
INTC-20260929T13333065815,INTC,2026-09-29,2026-09-29T09:39:09.136106-04:00,115.365,0.3722
IR-20260929T13350241845,IR,2026-09-29,2026-09-29T09:39:09.136106-04:00,76.42,-0.3809
BRKR-20260929T13365270012,BRKR,2026-09-29,2026-09-29T09:39:09.136106-04:00,64.1935,-0.318
CDNS-20260929T13390297587,CDNS,2026-09-29,2026-09-29T09:39:09.136106-04:00,314.02,0.2192
INTC-20260929T13333065815,INTC,2026-09-29,2026-09-29T09:39:12.302610-04:00,115.4,0.342
IR-20260929T13350241845,IR,2026-09-29,2026-09-29T09:39:12.302610-04:00,76.462,-0.4361
BRKR-20260929T13365270012,BRKR,2026-09-29,2026-09-29T09:39:12.302610-04:00,64.1935,-0.318
CDNS-20260929T13390297587,CDNS,2026-09-29,2026-09-29T09:39:12.302610-04:00,314.44,0.0858
INTC-20260929T13333065815,INTC,2026-09-29,2026-09-29T09:39:15.406634-04:00,115.41,0.3333
IR-20260929T13350241845,IR,2026-09-29,2026-09-29T09:39:15.406634-04:00,76.39,-0.3415
BRKR-20260929T13365270012,BRKR,2026-09-29,2026-09-29T09:39:15.406634-04:00,64.29,-0.4688
CDNS-20260929T13390297587,CDNS,2026-09-29,2026-09-29T09:39:15.406634-04:00,314.44,0.0858
INTC-20260929T13333065815,INTC,2026-09-29,2026-09-29T09:39:18.496722-04:00,115.355,0.3808
IR-20260929T13350241845,IR,2026-09-29,2026-09-29T09:39:18.496722-04:00,76.38,-0.3284
BRKR-20260929T13365270012,BRKR,2026-09-29,2026-09-29T09:39:18.496722-04:00,64.26,-0.4219
CDNS-20260929T13390297587,CDNS,2026-09-29,2026-09-29T09:39:18.496722-04:00,314.44,0.0858
INTC-20260929T13333065815,INTC,2026-09-29,2026-09-29T09:39:21.594972-04:00,115.4402,0.3073
IR-20260929T13350241845,IR,2026-09-29,2026-09-29T09:39:21.594972-04:00,76.38,-0.3284
BRKR-20260929T13365270012,BRKR,2026-09-29,2026-09-29T09:39:21.594972-04:00,64.26,-0.4219
CDNS-20260929T13390297587,CDNS,2026-09-29,2026-09-29T09:39:21.594972-04:00,316.2345,-0.4844
INTC-20260929T13333065815,INTC,2026-09-29,2026-09-29T09:39:24.741115-04:00,115.4412,0.3064
IR-20260929T13350241845,IR,2026-09-29,2026-09-29T09:39:24.741115-04:00,76.39,-0.3415
BRKR-20260929T13365270012,BRKR,2026-09-29,2026-09-29T09:39:24.741115-04:00,64.265,-0.4298
CDNS-20260929T13390297587,CDNS,2026-09-29,2026-09-29T09:39:24.741115-04:00,315.03,-0.1017
INTC-20260929T13333065815,INTC,2026-09-29,2026-09-29T09:39:27.848967-04:00,115.445,0.3031
IR-20260929T13350241845,IR,2026-09-29,2026-09-29T09:39:27.848967-04:00,76.39,-0.3415
BRKR-20260929T13365270012,BRKR,2026-09-29,2026-09-29T09:39:27.848967-04:00,64.26,-0.4219
CDNS-20260929T13390297587,CDNS,2026-09-29,2026-09-29T09:39:27.848967-04:00,314.89,-0.0572
INTC-20260929T13333065815,INTC,2026-09-29,2026-09-29T09:39:30.947031-04:00,115.45,0.2988
IR-20260929T13350241845,IR,2026-09-29,2026-09-29T09:39:30.947031-04:00,76.39,-0.3415
BRKR-20260929T13365270012,BRKR,2026-09-29,2026-09-29T09:39:30.947031-04:00,64.26,-0.4219
CDNS-20260929T13390297587,CDNS,2026-09-29,2026-09-29T09:39:30.947031-04:00,315.095,-0.1223
INTC-20260929T13333065815,INTC,2026-09-29,2026-09-29T09:39:34.059615-04:00,115.47,0.2815
IR-20260929T13350241845,IR,2026-09-29,2026-09-29T09:39:34.059615-04:00,76.41,-0.3678
BRKR-20260929T13365270012,BRKR,2026-09-29,2026-09-29T09:39:34.059615-04:00,64.26,-0.4219
CDNS-20260929T13390297587,CDNS,2026-09-29,2026-09-29T09:39:34.059615-04:00,314.87,-0.0508
INTC-20260929T13333065815,INTC,2026-09-29,2026-09-29T09:39:37.143787-04:00,115.56,0.2038
IR-20260929T13350241845,IR,2026-09-29,2026-09-29T09:39:37.143787-04:00,76.39,-0.3415
BRKR-20260929T13365270012,BRKR,2026-09-29,2026-09-29T09:39:37.143787-04:00,64.35,-0.5626
CDNS-20260929T13390297587,CDNS,2026-09-29,2026-09-29T09:39:37.143787-04:00,315.165,-0.1446
INTC-20260929T13333065815,INTC,2026-09-29,2026-09-29T09:39:40.250710-04:00,115.515,0.2427
IR-20260929T13350241845,IR,2026-09-29,2026-09-29T09:39:40.250710-04:00,76.39,-0.3415
BRKR-20260929T13365270012,BRKR,2026-09-29,2026-09-29T09:39:40.250710-04:00,64.35,-0.5626
CDNS-20260929T13390297587,CDNS,2026-09-29,2026-09-29T09:39:40.250710-04:00,315.6188,-0.2888
INTC-20260929T13333065815,INTC,2026-09-29,2026-09-29T09:39:43.365281-04:00,115.54,0.2211
IR-20260929T13350241845,IR,2026-09-29,2026-09-29T09:39:43.365281-04:00,76.39,-0.3415
BRKR-20260929T13365270012,BRKR,2026-09-29,2026-09-29T09:39:43.365281-04:00,64.35,-0.5626
CDNS-20260929T13390297587,CDNS,2026-09-29,2026-09-29T09:39:43.365281-04:00,315.42,-0.2256
INTC-20260929T13333065815,INTC,2026-09-29,2026-09-29T09:39:46.479720-04:00,115.52,0.2384
IR-20260929T13350241845,IR,2026-09-29,2026-09-29T09:39:46.479720-04:00,76.45,-0.4203
BRKR-20260929T13365270012,BRKR,2026-09-29,2026-09-29T09:39:46.479720-04:00,64.35,-0.5626
CDNS-20260929T13390297587,CDNS,2026-09-29,2026-09-29T09:39:46.479720-04:00,315.715,-0.3193
INTC-20260929T13333065815,INTC,2026-09-29,2026-09-29T09:39:49.588362-04:00,115.56,0.2038
IR-20260929T13350241845,IR,2026-09-29,2026-09-29T09:39:49.588362-04:00,76.48,-0.4597
BRKR-20260929T13365270012,BRKR,2026-09-29,2026-09-29T09:39:49.588362-04:00,64.1901,-0.3127
CDNS-20260929T13390297587,CDNS,2026-09-29,2026-09-29T09:39:49.588362-04:00,315.855,-0.3638
INTC-20260929T13333065815,INTC,2026-09-29,2026-09-29T09:39:52.712483-04:00,115.615,0.1563
IR-20260929T13350241845,IR,2026-09-29,2026-09-29T09:39:52.712483-04:00,76.46,-0.4335
BRKR-20260929T13365270012,BRKR,2026-09-29,2026-09-29T09:39:52.712483-04:00,64.1901,-0.3127
CDNS-20260929T13390297587,CDNS,2026-09-29,2026-09-29T09:39:52.712483-04:00,316.16,-0.4607
INTC-20260929T13333065815,INTC,2026-09-29,2026-09-29T09:39:55.824061-04:00,115.7136,0.0712
IR-20260929T13350241845,IR,2026-09-29,2026-09-29T09:39:55.824061-04:00,76.444,-0.4125
BRKR-20260929T13365270012,BRKR,2026-09-29,2026-09-29T09:39:55.824061-04:00,64.1901,-0.3127
CDNS-20260929T13390297587,CDNS,2026-09-29,2026-09-29T09:39:55.824061-04:00,316.03,-0.4194
INTC-20260929T13333065815,INTC,2026-09-29,2026-09-29T09:39:58.937342-04:00,115.4327,0.3137
IR-20260929T13350241845,IR,2026-09-29,2026-09-29T09:39:58.937342-04:00,76.444,-0.4125
BRKR-20260929T13365270012,BRKR,2026-09-29,2026-09-29T09:39:58.937342-04:00,64.1901,-0.3127
CDNS-20260929T13390297587,CDNS,2026-09-29,2026-09-29T09:39:58.937342-04:00,316.05,-0.4258
INTC-20260929T13333065815,INTC,2026-09-29,2026-09-29T09:40:02.082460-04:00,115.62,0.152
IR-20260929T13350241845,IR,2026-09-29,2026-09-29T09:40:02.082460-04:00,76.71,-0.7619
BRKR-20260929T13365270012,BRKR,2026-09-29,2026-09-29T09:40:02.082460-04:00,64.1901,-0.3127
CDNS-20260929T13390297587,CDNS,2026-09-29,2026-09-29T09:40:02.082460-04:00,315.95,-0.394
INTC-20260929T13333065815,INTC,2026-09-29,2026-09-29T09:40:05.353631-04:00,115.62,0.152
IR-20260929T13350241845,IR,2026-09-29,2026-09-29T09:40:05.353631-04:00,76.59,-0.6042
BRKR-20260929T13365270012,BRKR,2026-09-29,2026-09-29T09:40:05.353631-04:00,64.1901,-0.3127
CDNS-20260929T13390297587,CDNS,2026-09-29,2026-09-29T09:40:05.353631-04:00,315.945,-0.3924
INTC-20260929T13333065815,INTC,2026-09-29,2026-09-29T09:40:08.480968-04:00,115.61,0.1606
IR-20260929T13350241845,IR,2026-09-29,2026-09-29T09:40:08.480968-04:00,76.59,-0.6042
BRKR-20260929T13365270012,BRKR,2026-09-29,2026-09-29T09:40:08.480968-04:00,64.1901,-0.3127
CDNS-20260929T13390297587,CDNS,2026-09-29,2026-09-29T09:40:08.480968-04:00,315.7337,-0.3253
INTC-20260929T13333065815,INTC,2026-09-29,2026-09-29T09:40:11.628631-04:00,115.63,0.1434
IR-20260929T13350241845,IR,2026-09-29,2026-09-29T09:40:11.628631-04:00,76.59,-0.6042
BRKR-20260929T13365270012,BRKR,2026-09-29,2026-09-29T09:40:11.628631-04:00,64.16,-0.2657
CDNS-20260929T13390297587,CDNS,2026-09-29,2026-09-29T09:40:11.628631-04:00,316.25,-0.4893
INTC-20260929T13333065815,INTC,2026-09-29,2026-09-29T09:40:15.487024-04:00,115.66,0.1174
IR-20260929T13350241845,IR,2026-09-29,2026-09-29T09:40:15.487024-04:00,76.59,-0.6042
BRKR-20260929T13365270012,BRKR,2026-09-29,2026-09-29T09:40:15.487024-04:00,64.04,-0.0781
CDNS-20260929T13390297587,CDNS,2026-09-29,2026-09-29T09:40:15.487024-04:00,315.97,-0.4004
INTC-20260929T13333065815,INTC,2026-09-29,2026-09-29T09:40:18.626664-04:00,115.65,0.1261
IR-20260929T13350241845,IR,2026-09-29,2026-09-29T09:40:18.626664-04:00,76.54,-0.5386
BRKR-20260929T13365270012,BRKR,2026-09-29,2026-09-29T09:40:18.626664-04:00,64.09,-0.1563
CDNS-20260929T13390297587,CDNS,2026-09-29,2026-09-29T09:40:18.626664-04:00,315.9601,-0.3972
INTC-20260929T13333065815,INTC,2026-09-29,2026-09-29T09:40:21.784411-04:00,115.58,0.1865
IR-20260929T13350241845,IR,2026-09-29,2026-09-29T09:40:21.784411-04:00,76.54,-0.5386
BRKR-20260929T13365270012,BRKR,2026-09-29,2026-09-29T09:40:21.784411-04:00,64.09,-0.1563
CDNS-20260929T13390297587,CDNS,2026-09-29,2026-09-29T09:40:21.784411-04:00,316.1005,-0.4418
INTC-20260929T13333065815,INTC,2026-09-29,2026-09-29T09:40:24.914690-04:00,115.5688,0.1962
IR-20260929T13350241845,IR,2026-09-29,2026-09-29T09:40:24.914690-04:00,76.584,-0.5963
BRKR-20260929T13365270012,BRKR,2026-09-29,2026-09-29T09:40:24.914690-04:00,64.09,-0.1563
CDNS-20260929T13390297587,CDNS,2026-09-29,2026-09-29T09:40:24.914690-04:00,316.01,-0.4131
INTC-20260929T13333065815,INTC,2026-09-29,2026-09-29T09:40:28.050532-04:00,115.5569,0.2065
IR-20260929T13350241845,IR,2026-09-29,2026-09-29T09:40:28.050532-04:00,76.64,-0.6699
BRKR-20260929T13365270012,BRKR,2026-09-29,2026-09-29T09:40:28.050532-04:00,64.09,-0.1563
CDNS-20260929T13390297587,CDNS,2026-09-29,2026-09-29T09:40:28.050532-04:00,316.55,-0.5847
INTC-20260929T13333065815,INTC,2026-09-29,2026-09-29T09:40:31.162072-04:00,115.4428,0.305
IR-20260929T13350241845,IR,2026-09-29,2026-09-29T09:40:31.162072-04:00,76.64,-0.6699
BRKR-20260929T13365270012,BRKR,2026-09-29,2026-09-29T09:40:31.162072-04:00,64.09,-0.1563
CDNS-20260929T13390297587,CDNS,2026-09-29,2026-09-29T09:40:31.162072-04:00,316.292,-0.5027
INTC-20260929T13333065815,INTC,2026-09-29,2026-09-29T09:40:34.379900-04:00,115.4,0.342
IR-20260929T13350241845,IR,2026-09-29,2026-09-29T09:40:34.379900-04:00,76.83,-0.9195
BRKR-20260929T13365270012,BRKR,2026-09-29,2026-09-29T09:40:34.379900-04:00,64.09,-0.1563
CDNS-20260929T13390297587,CDNS,2026-09-29,2026-09-29T09:40:34.379900-04:00,316.57,-0.591
INTC-20260929T13333065815,INTC,2026-09-29,2026-09-29T09:40:37.539667-04:00,115.376,0.3627
IR-20260929T13350241845,IR,2026-09-29,2026-09-29T09:40:37.539667-04:00,76.84,-0.9326
BRKR-20260929T13365270012,BRKR,2026-09-29,2026-09-29T09:40:37.539667-04:00,64.09,-0.1563
CDNS-20260929T13390297587,CDNS,2026-09-29,2026-09-29T09:40:37.539667-04:00,317.13,-0.769
INTC-20260929T13333065815,INTC,2026-09-29,2026-09-29T09:40:40.710215-04:00,115.35,0.3852
IR-20260929T13350241845,IR,2026-09-29,2026-09-29T09:40:40.710215-04:00,76.71,-0.7619
BRKR-20260929T13365270012,BRKR,2026-09-29,2026-09-29T09:40:40.710215-04:00,64.09,-0.1563
CDNS-20260929T13390297587,CDNS,2026-09-29,2026-09-29T09:40:40.710215-04:00,315.4813,-0.2451
INTC-20260929T13333065815,INTC,2026-09-29,2026-09-29T09:40:43.866514-04:00,115.3358,0.3974
IR-20260929T13350241845,IR,2026-09-29,2026-09-29T09:40:43.866514-04:00,76.84,-0.9326
BRKR-20260929T13365270012,BRKR,2026-09-29,2026-09-29T09:40:43.866514-04:00,64.085,-0.1485
CDNS-20260929T13390297587,CDNS,2026-09-29,2026-09-29T09:40:43.866514-04:00,317.28,-0.8166
INTC-20260929T13333065815,INTC,2026-09-29,2026-09-29T09:40:47.027050-04:00,115.21,0.5061
IR-20260929T13350241845,IR,2026-09-29,2026-09-29T09:40:47.027050-04:00,76.77,-0.8407
BRKR-20260929T13365270012,BRKR,2026-09-29,2026-09-29T09:40:47.027050-04:00,64.085,-0.1485
CDNS-20260929T13390297587,CDNS,2026-09-29,2026-09-29T09:40:47.027050-04:00,317.285,-0.8182
INTC-20260929T13333065815,INTC,2026-09-29,2026-09-29T09:40:50.212273-04:00,115.079,0.6192
IR-20260929T13350241845,IR,2026-09-29,2026-09-29T09:40:50.212273-04:00,76.6442,-0.6754
BRKR-20260929T13365270012,BRKR,2026-09-29,2026-09-29T09:40:50.212273-04:00,64.085,-0.1485
CDNS-20260929T13390297587,CDNS,2026-09-29,2026-09-29T09:40:50.212273-04:00,317.405,-0.8563
INTC-20260929T13333065815,INTC,2026-09-29,2026-09-29T09:40:53.382770-04:00,114.93,0.7479
IR-20260929T13350241845,IR,2026-09-29,2026-09-29T09:40:53.382770-04:00,76.845,-0.9392
BRKR-20260929T13365270012,BRKR,2026-09-29,2026-09-29T09:40:53.382770-04:00,64.085,-0.1485
CDNS-20260929T13390297587,CDNS,2026-09-29,2026-09-29T09:40:53.382770-04:00,315.5527,-0.2678
INTC-20260929T13333065815,INTC,2026-09-29,2026-09-29T09:40:56.585776-04:00,114.545,1.0803
IR-20260929T13350241845,IR,2026-09-29,2026-09-29T09:40:56.585776-04:00,76.845,-0.9392
BRKR-20260929T13365270012,BRKR,2026-09-29,2026-09-29T09:40:56.585776-04:00,64.085,-0.1485
CDNS-20260929T13390297587,CDNS,2026-09-29,2026-09-29T09:40:56.585776-04:00,317.415,-0.8595
INTC-20260929T13333065815,INTC,2026-09-29,2026-09-29T09:40:59.770873-04:00,114.585,1.0458
IR-20260929T13350241845,IR,2026-09-29,2026-09-29T09:40:59.770873-04:00,76.8334,-0.9239
BRKR-20260929T13365270012,BRKR,2026-09-29,2026-09-29T09:40:59.770873-04:00,64.085,-0.1485
CDNS-20260929T13390297587,CDNS,2026-09-29,2026-09-29T09:40:59.770873-04:00,316.62,-0.6069
INTC-20260929T13333065815,INTC,2026-09-29,2026-09-29T09:41:02.921915-04:00,114.555,1.0717
IR-20260929T13350241845,IR,2026-09-29,2026-09-29T09:41:02.921915-04:00,76.88,-0.9852
BRKR-20260929T13365270012,BRKR,2026-09-29,2026-09-29T09:41:02.921915-04:00,64.04,-0.0781
CDNS-20260929T13390297587,CDNS,2026-09-29,2026-09-29T09:41:02.921915-04:00,316.54,-0.5815
INTC-20260929T13333065815,INTC,2026-09-29,2026-09-29T09:41:06.397387-04:00,114.695,0.6749
IR-20260929T13350241845,IR,2026-09-29,2026-09-29T09:41:06.397387-04:00,76.83,-0.7358
BRKR-20260929T13365270012,BRKR,2026-09-29,2026-09-29T09:41:06.397387-04:00,63.99,-0.0
CDNS-20260929T13390297587,CDNS,2026-09-29,2026-09-29T09:41:06.397387-04:00,316.3,-0.5052
INTC-20260929T13333065815,INTC,2026-09-29,2026-09-29T09:41:09.813657-04:00,114.755,0.6229
BRKR-20260929T13365270012,BRKR,2026-09-29,2026-09-29T09:41:09.813657-04:00,64.0,-0.0156
CDNS-20260929T13390297587,CDNS,2026-09-29,2026-09-29T09:41:09.813657-04:00,316.1136,-0.446
INTC-20260929T13333065815,INTC,2026-09-29,2026-09-29T09:41:13.151896-04:00,114.705,0.6662
BRKR-20260929T13365270012,BRKR,2026-09-29,2026-09-29T09:41:13.151896-04:00,64.225,-0.3672
CDNS-20260929T13390297587,CDNS,2026-09-29,2026-09-29T09:41:13.151896-04:00,316.735,-0.6434
INTC-20260929T13333065815,INTC,2026-09-29,2026-09-29T09:41:16.372017-04:00,114.6687,0.6976
BRKR-20260929T13365270012,BRKR,2026-09-29,2026-09-29T09:41:16.372017-04:00,64.23,-0.3751
CDNS-20260929T13390297587,CDNS,2026-09-29,2026-09-29T09:41:16.372017-04:00,316.825,-0.672
INTC-20260929T13333065815,INTC,2026-09-29,2026-09-29T09:41:19.665935-04:00,114.715,0.6575
BRKR-20260929T13365270012,BRKR,2026-09-29,2026-09-29T09:41:19.665935-04:00,64.23,-0.3751
CDNS-20260929T13390297587,CDNS,2026-09-29,2026-09-29T09:41:19.665935-04:00,316.75,-0.6482
INTC-20260929T13333065815,INTC,2026-09-29,2026-09-29T09:41:22.904967-04:00,114.665,0.7008
BRKR-20260929T13365270012,BRKR,2026-09-29,2026-09-29T09:41:22.904967-04:00,64.23,-0.3751
CDNS-20260929T13390297587,CDNS,2026-09-29,2026-09-29T09:41:22.904967-04:00,315.75,-0.3305
INTC-20260929T13333065815,INTC,2026-09-29,2026-09-29T09:41:26.158139-04:00,114.69,0.6792
BRKR-20260929T13365270012,BRKR,2026-09-29,2026-09-29T09:41:26.158139-04:00,64.08,-0.1406
CDNS-20260929T13390297587,CDNS,2026-09-29,2026-09-29T09:41:26.158139-04:00,315.73,-0.3241
INTC-20260929T13333065815,INTC,2026-09-29,2026-09-29T09:41:29.416790-04:00,114.65,0.7138
BRKR-20260929T13365270012,BRKR,2026-09-29,2026-09-29T09:41:29.416790-04:00,64.08,-0.1406
CDNS-20260929T13390297587,CDNS,2026-09-29,2026-09-29T09:41:29.416790-04:00,316.45,-0.5529
INTC-20260929T13333065815,INTC,2026-09-29,2026-09-29T09:41:32.770501-04:00,114.67,0.6965
BRKR-20260929T13365270012,BRKR,2026-09-29,2026-09-29T09:41:32.770501-04:00,64.08,-0.1406
CDNS-20260929T13390297587,CDNS,2026-09-29,2026-09-29T09:41:32.770501-04:00,315.86,-0.3654
INTC-20260929T13333065815,INTC,2026-09-29,2026-09-29T09:41:36.050396-04:00,114.7199,0.6533
BRKR-20260929T13365270012,BRKR,2026-09-29,2026-09-29T09:41:36.050396-04:00,64.08,-0.1406
CDNS-20260929T13390297587,CDNS,2026-09-29,2026-09-29T09:41:36.050396-04:00,316.4225,-0.5442
INTC-20260929T13333065815,INTC,2026-09-29,2026-09-29T09:41:39.379422-04:00,114.79,0.5926
BRKR-20260929T13365270012,BRKR,2026-09-29,2026-09-29T09:41:39.379422-04:00,64.215,-0.3516
CDNS-20260929T13390297587,CDNS,2026-09-29,2026-09-29T09:41:39.379422-04:00,316.415,-0.5418
INTC-20260929T13333065815,INTC,2026-09-29,2026-09-29T09:41:42.692880-04:00,114.9329,0.4688
BRKR-20260929T13365270012,BRKR,2026-09-29,2026-09-29T09:41:42.692880-04:00,64.215,-0.3516
CDNS-20260929T13390297587,CDNS,2026-09-29,2026-09-29T09:41:42.692880-04:00,316.415,-0.5418
INTC-20260929T13333065815,INTC,2026-09-29,2026-09-29T09:41:45.946880-04:00,114.85,0.5406
BRKR-20260929T13365270012,BRKR,2026-09-29,2026-09-29T09:41:45.946880-04:00,64.215,-0.3516
CDNS-20260929T13390297587,CDNS,2026-09-29,2026-09-29T09:41:45.946880-04:00,316.415,-0.5418
INTC-20260929T13333065815,INTC,2026-09-29,2026-09-29T09:41:49.202194-04:00,114.78,0.6012
BRKR-20260929T13365270012,BRKR,2026-09-29,2026-09-29T09:41:49.202194-04:00,64.215,-0.3516
CDNS-20260929T13390297587,CDNS,2026-09-29,2026-09-29T09:41:49.202194-04:00,316.415,-0.5418
INTC-20260929T13333065815,INTC,2026-09-29,2026-09-29T09:41:52.485263-04:00,114.71,0.6619
BRKR-20260929T13365270012,BRKR,2026-09-29,2026-09-29T09:41:52.485263-04:00,64.217,-0.3547
CDNS-20260929T13390297587,CDNS,2026-09-29,2026-09-29T09:41:52.485263-04:00,316.35,-0.5211
INTC-20260929T13333065815,INTC,2026-09-29,2026-09-29T09:41:55.736518-04:00,114.63,0.7311
BRKR-20260929T13365270012,BRKR,2026-09-29,2026-09-29T09:41:55.736518-04:00,64.217,-0.3547
CDNS-20260929T13390297587,CDNS,2026-09-29,2026-09-29T09:41:55.736518-04:00,316.649,-0.6161
INTC-20260929T13333065815,INTC,2026-09-29,2026-09-29T09:41:58.969942-04:00,114.65,0.7138
BRKR-20260929T13365270012,BRKR,2026-09-29,2026-09-29T09:41:58.969942-04:00,64.217,-0.3547
CDNS-20260929T13390297587,CDNS,2026-09-29,2026-09-29T09:41:58.969942-04:00,316.42,-0.5434
INTC-20260929T13333065815,INTC,2026-09-29,2026-09-29T09:42:02.240166-04:00,114.735,0.6402
BRKR-20260929T13365270012,BRKR,2026-09-29,2026-09-29T09:42:02.240166-04:00,64.215,-0.3516
CDNS-20260929T13390297587,CDNS,2026-09-29,2026-09-29T09:42:02.240166-04:00,316.425,-0.5449
INTC-20260929T13333065815,INTC,2026-09-29,2026-09-29T09:42:05.479822-04:00,114.6052,0.7526
BRKR-20260929T13365270012,BRKR,2026-09-29,2026-09-29T09:42:05.479822-04:00,64.215,-0.3516
CDNS-20260929T13390297587,CDNS,2026-09-29,2026-09-29T09:42:05.479822-04:00,316.14,-0.4544
INTC-20260929T13333065815,INTC,2026-09-29,2026-09-29T09:42:08.711055-04:00,114.62,0.7398
BRKR-20260929T13365270012,BRKR,2026-09-29,2026-09-29T09:42:08.711055-04:00,64.215,-0.3516
CDNS-20260929T13390297587,CDNS,2026-09-29,2026-09-29T09:42:08.711055-04:00,315.44,-0.232
INTC-20260929T13333065815,INTC,2026-09-29,2026-09-29T09:42:11.922010-04:00,114.6161,0.7432
BRKR-20260929T13365270012,BRKR,2026-09-29,2026-09-29T09:42:11.922010-04:00,64.2463,-0.4005
CDNS-20260929T13390297587,CDNS,2026-09-29,2026-09-29T09:42:11.922010-04:00,316.11,-0.4449
INTC-20260929T13333065815,INTC,2026-09-29,2026-09-29T09:42:15.199967-04:00,114.57,0.7831
BRKR-20260929T13365270012,BRKR,2026-09-29,2026-09-29T09:42:15.199967-04:00,64.2463,-0.4005
CDNS-20260929T13390297587,CDNS,2026-09-29,2026-09-29T09:42:15.199967-04:00,315.9888,-0.4063
INTC-20260929T13333065815,INTC,2026-09-29,2026-09-29T09:42:18.474598-04:00,114.54,0.8091
BRKR-20260929T13365270012,BRKR,2026-09-29,2026-09-29T09:42:18.474598-04:00,64.2463,-0.4005
CDNS-20260929T13390297587,CDNS,2026-09-29,2026-09-29T09:42:18.474598-04:00,316.11,-0.4449
INTC-20260929T13333065815,INTC,2026-09-29,2026-09-29T09:42:21.731568-04:00,114.52,0.8264
BRKR-20260929T13365270012,BRKR,2026-09-29,2026-09-29T09:42:21.731568-04:00,64.215,-0.3516
CDNS-20260929T13390297587,CDNS,2026-09-29,2026-09-29T09:42:21.731568-04:00,316.11,-0.4449
INTC-20260929T13333065815,INTC,2026-09-29,2026-09-29T09:42:24.931686-04:00,114.7883,0.5941
BRKR-20260929T13365270012,BRKR,2026-09-29,2026-09-29T09:42:24.931686-04:00,64.215,-0.3516
CDNS-20260929T13390297587,CDNS,2026-09-29,2026-09-29T09:42:24.931686-04:00,315.9201,-0.3845
INTC-20260929T13333065815,INTC,2026-09-29,2026-09-29T09:42:28.147310-04:00,114.56,0.7918
BRKR-20260929T13365270012,BRKR,2026-09-29,2026-09-29T09:42:28.147310-04:00,64.215,-0.3516
CDNS-20260929T13390297587,CDNS,2026-09-29,2026-09-29T09:42:28.147310-04:00,316.2241,-0.4811
INTC-20260929T13333065815,INTC,2026-09-29,2026-09-29T09:42:31.437253-04:00,114.67,0.6965
BRKR-20260929T13365270012,BRKR,2026-09-29,2026-09-29T09:42:31.437253-04:00,64.215,-0.3516
CDNS-20260929T13390297587,CDNS,2026-09-29,2026-09-29T09:42:31.437253-04:00,316.6532,-0.6175
INTC-20260929T13333065815,INTC,2026-09-29,2026-09-29T09:42:34.662688-04:00,114.61,0.7485
BRKR-20260929T13365270012,BRKR,2026-09-29,2026-09-29T09:42:34.662688-04:00,64.215,-0.3516
CDNS-20260929T13390297587,CDNS,2026-09-29,2026-09-29T09:42:34.662688-04:00,316.57,-0.591
INTC-20260929T13333065815,INTC,2026-09-29,2026-09-29T09:42:37.858800-04:00,114.565,0.7874
BRKR-20260929T13365270012,BRKR,2026-09-29,2026-09-29T09:42:37.858800-04:00,64.215,-0.3516
CDNS-20260929T13390297587,CDNS,2026-09-29,2026-09-29T09:42:37.858800-04:00,316.395,-0.5354
INTC-20260929T13333065815,INTC,2026-09-29,2026-09-29T09:42:41.111966-04:00,114.32,0.9996
BRKR-20260929T13365270012,BRKR,2026-09-29,2026-09-29T09:42:41.111966-04:00,64.215,-0.3516
CDNS-20260929T13390297587,CDNS,2026-09-29,2026-09-29T09:42:41.111966-04:00,315.4375,-0.2312
INTC-20260929T13333065815,INTC,2026-09-29,2026-09-29T09:42:44.327040-04:00,114.245,1.0646
BRKR-20260929T13365270012,BRKR,2026-09-29,2026-09-29T09:42:44.327040-04:00,64.215,-0.3516
CDNS-20260929T13390297587,CDNS,2026-09-29,2026-09-29T09:42:44.327040-04:00,315.4,-0.2192
INTC-20260929T13333065815,INTC,2026-09-29,2026-09-29T09:42:47.571566-04:00,114.16,1.1382
BRKR-20260929T13365270012,BRKR,2026-09-29,2026-09-29T09:42:47.571566-04:00,64.215,-0.3516
CDNS-20260929T13390297587,CDNS,2026-09-29,2026-09-29T09:42:47.571566-04:00,315.57,-0.2733
INTC-20260929T13333065815,INTC,2026-09-29,2026-09-29T09:42:50.834025-04:00,114.1235,1.1698
BRKR-20260929T13365270012,BRKR,2026-09-29,2026-09-29T09:42:50.834025-04:00,64.2,-0.3282
CDNS-20260929T13390297587,CDNS,2026-09-29,2026-09-29T09:42:50.834025-04:00,315.57,-0.2733
INTC-20260929T13333065815,INTC,2026-09-29,2026-09-29T09:42:54.058624-04:00,114.16,1.1382
BRKR-20260929T13365270012,BRKR,2026-09-29,2026-09-29T09:42:54.058624-04:00,64.2,-0.3282
CDNS-20260929T13390297587,CDNS,2026-09-29,2026-09-29T09:42:54.058624-04:00,315.57,-0.2733
INTC-20260929T13333065815,INTC,2026-09-29,2026-09-29T09:42:57.378545-04:00,114.0611,1.2238
BRKR-20260929T13365270012,BRKR,2026-09-29,2026-09-29T09:42:57.378545-04:00,64.2341,-0.3815
CDNS-20260929T13390297587,CDNS,2026-09-29,2026-09-29T09:42:57.378545-04:00,315.03,-0.1017
INTC-20260929T13333065815,INTC,2026-09-29,2026-09-29T09:43:00.683919-04:00,114.01,1.2681
BRKR-20260929T13365270012,BRKR,2026-09-29,2026-09-29T09:43:00.683919-04:00,64.217,-0.3547
CDNS-20260929T13390297587,CDNS,2026-09-29,2026-09-29T09:43:00.683919-04:00,315.3597,-0.2064
INTC-20260929T13333065815,INTC,2026-09-29,2026-09-29T09:43:04.133203-04:00,114.06,1.0029
BRKR-20260929T13365270012,BRKR,2026-09-29,2026-09-29T09:43:04.133203-04:00,64.217,-0.3547
CDNS-20260929T13390297587,CDNS,2026-09-29,2026-09-29T09:43:04.133203-04:00,315.575,-0.2749
INTC-20260929T13333065815,INTC,2026-09-29,2026-09-29T09:43:07.602997-04:00,114.0658,0.9979
BRKR-20260929T13365270012,BRKR,2026-09-29,2026-09-29T09:43:07.602997-04:00,64.217,-0.3547
CDNS-20260929T13390297587,CDNS,2026-09-29,2026-09-29T09:43:07.602997-04:00,315.58,-0.2764
INTC-20260929T13333065815,INTC,2026-09-29,2026-09-29T09:43:10.879005-04:00,114.0834,0.9826
BRKR-20260929T13365270012,BRKR,2026-09-29,2026-09-29T09:43:10.879005-04:00,64.215,-0.3516
CDNS-20260929T13390297587,CDNS,2026-09-29,2026-09-29T09:43:10.879005-04:00,315.485,-0.2463
INTC-20260929T13333065815,INTC,2026-09-29,2026-09-29T09:43:14.173250-04:00,114.0859,0.9804
BRKR-20260929T13365270012,BRKR,2026-09-29,2026-09-29T09:43:14.173250-04:00,64.215,-0.3516
CDNS-20260929T13390297587,CDNS,2026-09-29,2026-09-29T09:43:14.173250-04:00,315.58,-0.2764
INTC-20260929T13333065815,INTC,2026-09-29,2026-09-29T09:43:17.466788-04:00,114.105,0.9638
BRKR-20260929T13365270012,BRKR,2026-09-29,2026-09-29T09:43:17.466788-04:00,64.11,-0.1875
CDNS-20260929T13390297587,CDNS,2026-09-29,2026-09-29T09:43:17.466788-04:00,315.585,-0.278
INTC-20260929T13333065815,INTC,2026-09-29,2026-09-29T09:43:20.788249-04:00,114.19,0.8901
BRKR-20260929T13365270012,BRKR,2026-09-29,2026-09-29T09:43:20.788249-04:00,64.11,-0.1875
CDNS-20260929T13390297587,CDNS,2026-09-29,2026-09-29T09:43:20.788249-04:00,315.585,-0.278
INTC-20260929T13333065815,INTC,2026-09-29,2026-09-29T09:43:24.066174-04:00,114.16,0.9161
BRKR-20260929T13365270012,BRKR,2026-09-29,2026-09-29T09:43:24.066174-04:00,64.11,-0.1875
CDNS-20260929T13390297587,CDNS,2026-09-29,2026-09-29T09:43:24.066174-04:00,315.725,-0.3225
INTC-20260929T13333065815,INTC,2026-09-29,2026-09-29T09:43:27.362677-04:00,114.1,0.9682
BRKR-20260929T13365270012,BRKR,2026-09-29,2026-09-29T09:43:27.362677-04:00,64.215,-0.3516
CDNS-20260929T13390297587,CDNS,2026-09-29,2026-09-29T09:43:27.362677-04:00,316.295,-0.5036
INTC-20260929T13333065815,INTC,2026-09-29,2026-09-29T09:43:30.688493-04:00,114.1134,0.9565
BRKR-20260929T13365270012,BRKR,2026-09-29,2026-09-29T09:43:30.688493-04:00,64.215,-0.3516
CDNS-20260929T13390297587,CDNS,2026-09-29,2026-09-29T09:43:30.688493-04:00,316.295,-0.5036
INTC-20260929T13333065815,INTC,2026-09-29,2026-09-29T09:43:34.043631-04:00,114.2084,0.8741
BRKR-20260929T13365270012,BRKR,2026-09-29,2026-09-29T09:43:34.043631-04:00,64.217,-0.3547
CDNS-20260929T13390297587,CDNS,2026-09-29,2026-09-29T09:43:34.043631-04:00,315.8525,-0.363
INTC-20260929T13333065815,INTC,2026-09-29,2026-09-29T09:43:37.388642-04:00,114.27,0.8206
BRKR-20260929T13365270012,BRKR,2026-09-29,2026-09-29T09:43:37.388642-04:00,64.217,-0.3547
CDNS-20260929T13390297587,CDNS,2026-09-29,2026-09-29T09:43:37.388642-04:00,315.785,-0.3416
INTC-20260929T13333065815,INTC,2026-09-29,2026-09-29T09:43:40.818990-04:00,114.25,0.838
BRKR-20260929T13365270012,BRKR,2026-09-29,2026-09-29T09:43:40.818990-04:00,64.217,-0.3547
CDNS-20260929T13390297587,CDNS,2026-09-29,2026-09-29T09:43:40.818990-04:00,315.86,-0.3654
INTC-20260929T13333065815,INTC,2026-09-29,2026-09-29T09:43:44.120754-04:00,114.315,0.7816
BRKR-20260929T13365270012,BRKR,2026-09-29,2026-09-29T09:43:44.120754-04:00,64.215,-0.3516
CDNS-20260929T13390297587,CDNS,2026-09-29,2026-09-29T09:43:44.120754-04:00,315.8,-0.3464
INTC-20260929T13333065815,INTC,2026-09-29,2026-09-29T09:43:47.422103-04:00,114.465,0.6514
BRKR-20260929T13365270012,BRKR,2026-09-29,2026-09-29T09:43:47.422103-04:00,63.62,0.5782
CDNS-20260929T13390297587,CDNS,2026-09-29,2026-09-29T09:43:47.422103-04:00,315.79,-0.3432
INTC-20260929T13333065815,INTC,2026-09-29,2026-09-29T09:43:50.773986-04:00,114.555,0.5733
BRKR-20260929T13365270012,BRKR,2026-09-29,2026-09-29T09:43:50.773986-04:00,63.53,0.7189
CDNS-20260929T13390297587,CDNS,2026-09-29,2026-09-29T09:43:50.773986-04:00,315.55,-0.2669
INTC-20260929T13333065815,INTC,2026-09-29,2026-09-29T09:43:54.081414-04:00,114.624,0.5134
BRKR-20260929T13365270012,BRKR,2026-09-29,2026-09-29T09:43:54.081414-04:00,63.56,0.672
CDNS-20260929T13390297587,CDNS,2026-09-29,2026-09-29T09:43:54.081414-04:00,315.785,-0.3416
INTC-20260929T13333065815,INTC,2026-09-29,2026-09-29T09:43:57.485070-04:00,114.54,0.5863
BRKR-20260929T13365270012,BRKR,2026-09-29,2026-09-29T09:43:57.485070-04:00,63.53,0.7189
CDNS-20260929T13390297587,CDNS,2026-09-29,2026-09-29T09:43:57.485070-04:00,315.785,-0.3416
INTC-20260929T13333065815,INTC,2026-09-29,2026-09-29T09:44:00.827846-04:00,114.635,0.5038
BRKR-20260929T13365270012,BRKR,2026-09-29,2026-09-29T09:44:00.827846-04:00,63.53,0.7189
CDNS-20260929T13390297587,CDNS,2026-09-29,2026-09-29T09:44:00.827846-04:00,315.58,-0.2764
BRKR-20260929T13365270012,BRKR,2026-09-29,2026-09-29T09:44:04.253684-04:00,63.53,0.7189
CDNS-20260929T13390297587,CDNS,2026-09-29,2026-09-29T09:44:04.253684-04:00,315.58,-0.2764
BRKR-20260929T13365270012,BRKR,2026-09-29,2026-09-29T09:44:07.623921-04:00,63.53,0.7189
CDNS-20260929T13390297587,CDNS,2026-09-29,2026-09-29T09:44:07.623921-04:00,315.67,-0.305
BRKR-20260929T13365270012,BRKR,2026-09-29,2026-09-29T09:44:10.912839-04:00,63.725,0.4141
CDNS-20260929T13390297587,CDNS,2026-09-29,2026-09-29T09:44:10.912839-04:00,315.1,-0.1239
BRKR-20260929T13365270012,BRKR,2026-09-29,2026-09-29T09:44:14.180403-04:00,63.725,0.4141
CDNS-20260929T13390297587,CDNS,2026-09-29,2026-09-29T09:44:14.180403-04:00,315.835,-0.3575
BRKR-20260929T13365270012,BRKR,2026-09-29,2026-09-29T09:44:17.476513-04:00,63.725,0.4141
CDNS-20260929T13390297587,CDNS,2026-09-29,2026-09-29T09:44:17.476513-04:00,315.835,-0.3575
BRKR-20260929T13365270012,BRKR,2026-09-29,2026-09-29T09:44:20.844530-04:00,63.725,0.4141
CDNS-20260929T13390297587,CDNS,2026-09-29,2026-09-29T09:44:20.844530-04:00,315.408,-0.2218
BRKR-20260929T13365270012,BRKR,2026-09-29,2026-09-29T09:44:24.156144-04:00,63.725,0.4141
CDNS-20260929T13390297587,CDNS,2026-09-29,2026-09-29T09:44:24.156144-04:00,315.408,-0.2218
BRKR-20260929T13365270012,BRKR,2026-09-29,2026-09-29T09:44:27.471729-04:00,63.725,0.4141
CDNS-20260929T13390297587,CDNS,2026-09-29,2026-09-29T09:44:27.471729-04:00,315.475,-0.2431
BRKR-20260929T13365270012,BRKR,2026-09-29,2026-09-29T09:44:30.809460-04:00,63.725,0.4141
CDNS-20260929T13390297587,CDNS,2026-09-29,2026-09-29T09:44:30.809460-04:00,315.12,-0.1303
BRKR-20260929T13365270012,BRKR,2026-09-29,2026-09-29T09:44:34.154977-04:00,63.725,0.4141
CDNS-20260929T13390297587,CDNS,2026-09-29,2026-09-29T09:44:34.154977-04:00,315.475,-0.2431
BRKR-20260929T13365270012,BRKR,2026-09-29,2026-09-29T09:44:37.473613-04:00,63.725,0.4141
CDNS-20260929T13390297587,CDNS,2026-09-29,2026-09-29T09:44:37.473613-04:00,315.18,-0.1493
BRKR-20260929T13365270012,BRKR,2026-09-29,2026-09-29T09:44:40.784012-04:00,63.636,0.5532
CDNS-20260929T13390297587,CDNS,2026-09-29,2026-09-29T09:44:40.784012-04:00,315.5291,-0.2603
BRKR-20260929T13365270012,BRKR,2026-09-29,2026-09-29T09:44:44.062998-04:00,63.52,0.7345
CDNS-20260929T13390297587,CDNS,2026-09-29,2026-09-29T09:44:44.062998-04:00,315.46,-0.2383
BRKR-20260929T13365270012,BRKR,2026-09-29,2026-09-29T09:44:47.354121-04:00,63.72,0.4219
CDNS-20260929T13390297587,CDNS,2026-09-29,2026-09-29T09:44:47.354121-04:00,315.48,-0.2447
BRKR-20260929T13365270012,BRKR,2026-09-29,2026-09-29T09:44:50.616358-04:00,63.5636,0.6664
CDNS-20260929T13390297587,CDNS,2026-09-29,2026-09-29T09:44:50.616358-04:00,315.4835,-0.2458
BRKR-20260929T13365270012,BRKR,2026-09-29,2026-09-29T09:44:53.904828-04:00,63.5636,0.6664
CDNS-20260929T13390297587,CDNS,2026-09-29,2026-09-29T09:44:53.904828-04:00,315.57,-0.2733
BRKR-20260929T13365270012,BRKR,2026-09-29,2026-09-29T09:44:57.206280-04:00,63.5636,0.6664
CDNS-20260929T13390297587,CDNS,2026-09-29,2026-09-29T09:44:57.206280-04:00,316.105,-0.4433
BRKR-20260929T13365270012,BRKR,2026-09-29,2026-09-29T09:45:00.491111-04:00,63.5636,0.6664
CDNS-20260929T13390297587,CDNS,2026-09-29,2026-09-29T09:45:00.491111-04:00,316.135,-0.4528
BRKR-20260929T13365270012,BRKR,2026-09-29,2026-09-29T09:45:11.219228-04:00,63.524,0.7282
CDNS-20260929T13390297587,CDNS,2026-09-29,2026-09-29T09:45:11.219228-04:00,316.11,-0.4449
BRKR-20260929T13365270012,BRKR,2026-09-29,2026-09-29T09:45:21.754184-04:00,63.7,0.4532
CDNS-20260929T13390297587,CDNS,2026-09-29,2026-09-29T09:45:21.754184-04:00,316.1362,-0.4532
BRKR-20260929T13365270012,BRKR,2026-09-29,2026-09-29T09:45:33.118885-04:00,63.7,0.4532
CDNS-20260929T13390297587,CDNS,2026-09-29,2026-09-29T09:45:33.118885-04:00,315.72,-0.3209
BRKR-20260929T13365270012,BRKR,2026-09-29,2026-09-29T09:45:43.546367-04:00,63.53,0.7189
CDNS-20260929T13390297587,CDNS,2026-09-29,2026-09-29T09:45:43.546367-04:00,315.8214,-0.3532
TWST-20260929T13452289292,TWST,2026-09-29,2026-09-29T09:45:43.546367-04:00,183.66,-0.333
MRNA-20260929T13452301032,MRNA,2026-09-29,2026-09-29T09:45:43.546367-04:00,205.4823,0.6083
SAIL-20260929T13452306635,SAIL,2026-09-29,2026-09-29T09:45:43.546367-04:00,20.48,-0.343
BRKR-20260929T13365270012,BRKR,2026-09-29,2026-09-29T09:45:53.871680-04:00,63.5,0.7657
CDNS-20260929T13390297587,CDNS,2026-09-29,2026-09-29T09:45:53.871680-04:00,316.0939,-0.4397
TWST-20260929T13452289292,TWST,2026-09-29,2026-09-29T09:45:53.871680-04:00,183.843,-0.4329
MRNA-20260929T13452301032,MRNA,2026-09-29,2026-09-29T09:45:53.871680-04:00,204.3538,1.1542
SAIL-20260929T13452306635,SAIL,2026-09-29,2026-09-29T09:45:53.871680-04:00,20.48,-0.343
BRKR-20260929T13365270012,BRKR,2026-09-29,2026-09-29T09:46:04.190639-04:00,63.37,0.9689
CDNS-20260929T13390297587,CDNS,2026-09-29,2026-09-29T09:46:04.190639-04:00,316.36,-0.5243
TWST-20260929T13452289292,TWST,2026-09-29,2026-09-29T09:46:04.190639-04:00,182.765,0.156
MRNA-20260929T13452301032,MRNA,2026-09-29,2026-09-29T09:46:04.190639-04:00,203.515,1.5599
SAIL-20260929T13452306635,SAIL,2026-09-29,2026-09-29T09:46:04.190639-04:00,20.44,-0.147
BRKR-20260929T13365270012,BRKR,2026-09-29,2026-09-29T09:46:15.748759-04:00,63.355,0.9923
CDNS-20260929T13390297587,CDNS,2026-09-29,2026-09-29T09:46:15.748759-04:00,316.35,-0.5211
TWST-20260929T13452289292,TWST,2026-09-29,2026-09-29T09:46:15.748759-04:00,182.45,0.3281
MRNA-20260929T13452301032,MRNA,2026-09-29,2026-09-29T09:46:15.748759-04:00,202.09,2.2492
SAIL-20260929T13452306635,SAIL,2026-09-29,2026-09-29T09:46:15.748759-04:00,20.44,-0.147
BRKR-20260929T13365270012,BRKR,2026-09-29,2026-09-29T09:46:26.041804-04:00,63.4412,0.8576
CDNS-20260929T13390297587,CDNS,2026-09-29,2026-09-29T09:46:26.041804-04:00,316.502,-0.5694
TWST-20260929T13452289292,TWST,2026-09-29,2026-09-29T09:46:26.041804-04:00,182.8632,0.1023
MRNA-20260929T13452301032,MRNA,2026-09-29,2026-09-29T09:46:26.041804-04:00,202.3801,2.1089
SAIL-20260929T13452306635,SAIL,2026-09-29,2026-09-29T09:46:26.041804-04:00,20.48,-0.343
BRKR-20260929T13365270012,BRKR,2026-09-29,2026-09-29T09:46:36.427827-04:00,63.44,0.8595
CDNS-20260929T13390297587,CDNS,2026-09-29,2026-09-29T09:46:36.427827-04:00,316.49,-0.5656
TWST-20260929T13452289292,TWST,2026-09-29,2026-09-29T09:46:36.427827-04:00,183.15,-0.0543
MRNA-20260929T13452301032,MRNA,2026-09-29,2026-09-29T09:46:36.427827-04:00,202.2,2.196
SAIL-20260929T13452306635,SAIL,2026-09-29,2026-09-29T09:46:36.427827-04:00,20.48,-0.343
BRKR-20260929T13365270012,BRKR,2026-09-29,2026-09-29T09:46:46.697530-04:00,63.44,0.8595
CDNS-20260929T13390297587,CDNS,2026-09-29,2026-09-29T09:46:46.697530-04:00,316.525,-0.5767
TWST-20260929T13452289292,TWST,2026-09-29,2026-09-29T09:46:46.697530-04:00,183.709,-0.3597
MRNA-20260929T13452301032,MRNA,2026-09-29,2026-09-29T09:46:46.697530-04:00,202.9099,1.8526
SAIL-20260929T13452306635,SAIL,2026-09-29,2026-09-29T09:46:46.697530-04:00,20.48,-0.343
P-20260929T13462633814,P,2026-09-29,2026-09-29T09:46:46.697530-04:00,129.35,-0.1781
IONQ-20260929T13462638433,IONQ,2026-09-29,2026-09-29T09:46:46.697530-04:00,45.045,-0.1222
BRKR-20260929T13365270012,BRKR,2026-09-29,2026-09-29T09:46:57.017094-04:00,63.44,0.8595
CDNS-20260929T13390297587,CDNS,2026-09-29,2026-09-29T09:46:57.017094-04:00,316.55,-0.5847
TWST-20260929T13452289292,TWST,2026-09-29,2026-09-29T09:46:57.017094-04:00,183.06,-0.0052
MRNA-20260929T13452301032,MRNA,2026-09-29,2026-09-29T09:46:57.017094-04:00,203.62,0.9236
SAIL-20260929T13452306635,SAIL,2026-09-29,2026-09-29T09:46:57.017094-04:00,20.48,-0.343
P-20260929T13462633814,P,2026-09-29,2026-09-29T09:46:57.017094-04:00,129.5,-0.2943
IONQ-20260929T13462638433,IONQ,2026-09-29,2026-09-29T09:46:57.017094-04:00,45.1,-0.2445
BRKR-20260929T13365270012,BRKR,2026-09-29,2026-09-29T09:47:07.354608-04:00,63.44,0.8595
CDNS-20260929T13390297587,CDNS,2026-09-29,2026-09-29T09:47:07.354608-04:00,316.4702,-0.5593
TWST-20260929T13452289292,TWST,2026-09-29,2026-09-29T09:47:07.354608-04:00,183.545,-0.2701
MRNA-20260929T13452301032,MRNA,2026-09-29,2026-09-29T09:47:07.354608-04:00,203.8908,0.7918
SAIL-20260929T13452306635,SAIL,2026-09-29,2026-09-29T09:47:07.354608-04:00,20.48,-0.343
P-20260929T13462633814,P,2026-09-29,2026-09-29T09:47:07.354608-04:00,129.57,-0.3485
IONQ-20260929T13462638433,IONQ,2026-09-29,2026-09-29T09:47:07.354608-04:00,45.0695,-0.1767
BRKR-20260929T13365270012,BRKR,2026-09-29,2026-09-29T09:47:17.727145-04:00,63.44,0.8595
TWST-20260929T13452289292,TWST,2026-09-29,2026-09-29T09:47:17.727145-04:00,183.7328,-0.3727
MRNA-20260929T13452301032,MRNA,2026-09-29,2026-09-29T09:47:17.727145-04:00,204.0,0.7387
SAIL-20260929T13452306635,SAIL,2026-09-29,2026-09-29T09:47:17.727145-04:00,20.48,-0.343
P-20260929T13462633814,P,2026-09-29,2026-09-29T09:47:17.727145-04:00,129.8215,-0.5433
IONQ-20260929T13462638433,IONQ,2026-09-29,2026-09-29T09:47:17.727145-04:00,45.065,-0.1667
BRKR-20260929T13365270012,BRKR,2026-09-29,2026-09-29T09:47:27.995653-04:00,63.44,0.8595
TWST-20260929T13452289292,TWST,2026-09-29,2026-09-29T09:47:27.995653-04:00,183.405,-0.1936
MRNA-20260929T13452301032,MRNA,2026-09-29,2026-09-29T09:47:27.995653-04:00,203.8,0.836
SAIL-20260929T13452306635,SAIL,2026-09-29,2026-09-29T09:47:27.995653-04:00,20.48,-0.343
P-20260929T13462633814,P,2026-09-29,2026-09-29T09:47:27.995653-04:00,129.46,-0.2633
IONQ-20260929T13462638433,IONQ,2026-09-29,2026-09-29T09:47:27.995653-04:00,45.07,-0.1778
IR-20260929T13470770441,IR,2026-09-29,2026-09-29T09:47:27.995653-04:00,76.48,-0.072
BRKR-20260929T13365270012,BRKR,2026-09-29,2026-09-29T09:47:38.214009-04:00,63.44,0.8595
TWST-20260929T13452289292,TWST,2026-09-29,2026-09-29T09:47:38.214009-04:00,182.57,0.2625
MRNA-20260929T13452301032,MRNA,2026-09-29,2026-09-29T09:47:38.214009-04:00,203.525,0.9698
SAIL-20260929T13452306635,SAIL,2026-09-29,2026-09-29T09:47:38.214009-04:00,20.48,-0.343
P-20260929T13462633814,P,2026-09-29,2026-09-29T09:47:38.214009-04:00,129.51,-0.302
IONQ-20260929T13462638433,IONQ,2026-09-29,2026-09-29T09:47:38.214009-04:00,45.05,-0.1334
IR-20260929T13470770441,IR,2026-09-29,2026-09-29T09:47:38.214009-04:00,76.42,0.0065
BRKR-20260929T13365270012,BRKR,2026-09-29,2026-09-29T09:47:48.403859-04:00,63.3865,0.9431
TWST-20260929T13452289292,TWST,2026-09-29,2026-09-29T09:47:48.403859-04:00,183.065,-0.0079
MRNA-20260929T13452301032,MRNA,2026-09-29,2026-09-29T09:47:48.403859-04:00,202.7,1.3713
SAIL-20260929T13452306635,SAIL,2026-09-29,2026-09-29T09:47:48.403859-04:00,20.4366,-0.1303
P-20260929T13462633814,P,2026-09-29,2026-09-29T09:47:48.403859-04:00,129.69,-0.4414
IONQ-20260929T13462638433,IONQ,2026-09-29,2026-09-29T09:47:48.403859-04:00,45.1,-0.2445
IR-20260929T13470770441,IR,2026-09-29,2026-09-29T09:47:48.403859-04:00,76.56,-0.1766
BRKR-20260929T13365270012,BRKR,2026-09-29,2026-09-29T09:47:58.618995-04:00,63.44,0.8595
TWST-20260929T13452289292,TWST,2026-09-29,2026-09-29T09:47:58.618995-04:00,183.4,-0.1909
MRNA-20260929T13452301032,MRNA,2026-09-29,2026-09-29T09:47:58.618995-04:00,201.7401,1.8383
SAIL-20260929T13452306635,SAIL,2026-09-29,2026-09-29T09:47:58.618995-04:00,20.48,-0.343
P-20260929T13462633814,P,2026-09-29,2026-09-29T09:47:58.618995-04:00,129.51,-0.302
IONQ-20260929T13462638433,IONQ,2026-09-29,2026-09-29T09:47:58.618995-04:00,45.07,-0.1778
IR-20260929T13470770441,IR,2026-09-29,2026-09-29T09:47:58.618995-04:00,76.56,-0.1766
BRKR-20260929T13365270012,BRKR,2026-09-29,2026-09-29T09:48:08.852790-04:00,63.44,0.8595
TWST-20260929T13452289292,TWST,2026-09-29,2026-09-29T09:48:08.852790-04:00,182.91,0.0768
MRNA-20260929T13452301032,MRNA,2026-09-29,2026-09-29T09:48:08.852790-04:00,201.3555,2.0255
SAIL-20260929T13452306635,SAIL,2026-09-29,2026-09-29T09:48:08.852790-04:00,20.47,-0.294
P-20260929T13462633814,P,2026-09-29,2026-09-29T09:48:08.852790-04:00,129.515,-0.3059
IONQ-20260929T13462638433,IONQ,2026-09-29,2026-09-29T09:48:08.852790-04:00,45.1399,-0.3332
IR-20260929T13470770441,IR,2026-09-29,2026-09-29T09:48:08.852790-04:00,76.5,-0.0981
BRKR-20260929T13365270012,BRKR,2026-09-29,2026-09-29T09:48:19.221217-04:00,63.195,1.2424
TWST-20260929T13452289292,TWST,2026-09-29,2026-09-29T09:48:19.221217-04:00,182.74,0.1696
MRNA-20260929T13452301032,MRNA,2026-09-29,2026-09-29T09:48:19.221217-04:00,200.755,1.3024
SAIL-20260929T13452306635,SAIL,2026-09-29,2026-09-29T09:48:19.221217-04:00,20.563,-0.7496
P-20260929T13462633814,P,2026-09-29,2026-09-29T09:48:19.221217-04:00,129.39,-0.2091
IONQ-20260929T13462638433,IONQ,2026-09-29,2026-09-29T09:48:19.221217-04:00,45.115,-0.2778
IR-20260929T13470770441,IR,2026-09-29,2026-09-29T09:48:19.221217-04:00,76.5,-0.0981
BRKR-20260929T13365270012,BRKR,2026-09-29,2026-09-29T09:48:29.538830-04:00,63.33,1.0314
TWST-20260929T13452289292,TWST,2026-09-29,2026-09-29T09:48:29.538830-04:00,182.7,0.1915
MRNA-20260929T13452301032,MRNA,2026-09-29,2026-09-29T09:48:29.538830-04:00,200.3108,1.5208
SAIL-20260929T13452306635,SAIL,2026-09-29,2026-09-29T09:48:29.538830-04:00,20.4797,-0.3415
P-20260929T13462633814,P,2026-09-29,2026-09-29T09:48:29.538830-04:00,129.53,-0.3175
IONQ-20260929T13462638433,IONQ,2026-09-29,2026-09-29T09:48:29.538830-04:00,45.115,-0.2778
IR-20260929T13470770441,IR,2026-09-29,2026-09-29T09:48:29.538830-04:00,76.42,0.0065
BRKR-20260929T13365270012,BRKR,2026-09-29,2026-09-29T09:48:39.702679-04:00,63.33,1.0314
TWST-20260929T13452289292,TWST,2026-09-29,2026-09-29T09:48:39.702679-04:00,183.376,-0.1778
MRNA-20260929T13452301032,MRNA,2026-09-29,2026-09-29T09:48:39.702679-04:00,199.87,1.7375
SAIL-20260929T13452306635,SAIL,2026-09-29,2026-09-29T09:48:39.702679-04:00,20.4836,-0.3606
P-20260929T13462633814,P,2026-09-29,2026-09-29T09:48:39.702679-04:00,129.3,-0.1394
IONQ-20260929T13462638433,IONQ,2026-09-29,2026-09-29T09:48:39.702679-04:00,44.992,-0.0044
IR-20260929T13470770441,IR,2026-09-29,2026-09-29T09:48:39.702679-04:00,76.5207,-0.1252
BRKR-20260929T13365270012,BRKR,2026-09-29,2026-09-29T09:48:49.928488-04:00,63.266,1.1314
TWST-20260929T13452289292,TWST,2026-09-29,2026-09-29T09:48:49.928488-04:00,182.65,0.2188
MRNA-20260929T13452301032,MRNA,2026-09-29,2026-09-29T09:48:49.928488-04:00,200.505,1.4253
SAIL-20260929T13452306635,SAIL,2026-09-29,2026-09-29T09:48:49.928488-04:00,20.5,-0.441
P-20260929T13462633814,P,2026-09-29,2026-09-29T09:48:49.928488-04:00,129.125,-0.0039
IONQ-20260929T13462638433,IONQ,2026-09-29,2026-09-29T09:48:49.928488-04:00,44.87,0.2667
IR-20260929T13470770441,IR,2026-09-29,2026-09-29T09:48:49.928488-04:00,76.5207,-0.1252
BRKR-20260929T13365270012,BRKR,2026-09-29,2026-09-29T09:49:00.120655-04:00,63.266,1.1314
TWST-20260929T13452289292,TWST,2026-09-29,2026-09-29T09:49:00.120655-04:00,183.1,-0.027
MRNA-20260929T13452301032,MRNA,2026-09-29,2026-09-29T09:49:00.120655-04:00,200.7,1.3294
SAIL-20260929T13452306635,SAIL,2026-09-29,2026-09-29T09:49:00.120655-04:00,20.53,-0.5879
P-20260929T13462633814,P,2026-09-29,2026-09-29T09:49:00.120655-04:00,129.29,-0.1317
IONQ-20260929T13462638433,IONQ,2026-09-29,2026-09-29T09:49:00.120655-04:00,44.8472,0.3174
IR-20260929T13470770441,IR,2026-09-29,2026-09-29T09:49:00.120655-04:00,76.415,0.0131
BRKR-20260929T13365270012,BRKR,2026-09-29,2026-09-29T09:49:10.518974-04:00,63.266,0.7318
TWST-20260929T13452289292,TWST,2026-09-29,2026-09-29T09:49:10.518974-04:00,183.365,-0.1718
MRNA-20260929T13452301032,MRNA,2026-09-29,2026-09-29T09:49:10.518974-04:00,200.75,1.3048
SAIL-20260929T13452306635,SAIL,2026-09-29,2026-09-29T09:49:10.518974-04:00,20.6,-0.9309
P-20260929T13462633814,P,2026-09-29,2026-09-29T09:49:10.518974-04:00,129.44,-0.2478
IONQ-20260929T13462638433,IONQ,2026-09-29,2026-09-29T09:49:10.518974-04:00,44.8418,0.3294
IR-20260929T13470770441,IR,2026-09-29,2026-09-29T09:49:10.518974-04:00,76.35,0.0981
BRKR-20260929T13365270012,BRKR,2026-09-29,2026-09-29T09:49:20.732103-04:00,63.2308,0.787
TWST-20260929T13452289292,TWST,2026-09-29,2026-09-29T09:49:20.732103-04:00,184.19,-0.6225
MRNA-20260929T13452301032,MRNA,2026-09-29,2026-09-29T09:49:20.732103-04:00,200.415,1.4695
SAIL-20260929T13452306635,SAIL,2026-09-29,2026-09-29T09:49:20.732103-04:00,20.62,-1.0289
P-20260929T13462633814,P,2026-09-29,2026-09-29T09:49:20.732103-04:00,129.4736,-0.2739
IONQ-20260929T13462638433,IONQ,2026-09-29,2026-09-29T09:49:20.732103-04:00,44.845,0.3223
IR-20260929T13470770441,IR,2026-09-29,2026-09-29T09:49:20.732103-04:00,76.37,0.072
BRKR-20260929T13365270012,BRKR,2026-09-29,2026-09-29T09:49:31.064333-04:00,63.41,0.5059
TWST-20260929T13452289292,TWST,2026-09-29,2026-09-29T09:49:31.064333-04:00,184.076,-0.5602
MRNA-20260929T13452301032,MRNA,2026-09-29,2026-09-29T09:49:31.064333-04:00,200.55,1.4032
SAIL-20260929T13452306635,SAIL,2026-09-29,2026-09-29T09:49:31.064333-04:00,20.615,-1.0044
P-20260929T13462633814,P,2026-09-29,2026-09-29T09:49:31.064333-04:00,129.27,-0.1162
IONQ-20260929T13462638433,IONQ,2026-09-29,2026-09-29T09:49:31.064333-04:00,44.8486,0.3143
IR-20260929T13470770441,IR,2026-09-29,2026-09-29T09:49:31.064333-04:00,76.325,0.1308
BRKR-20260929T13365270012,BRKR,2026-09-29,2026-09-29T09:49:41.301198-04:00,63.41,0.5059
TWST-20260929T13452289292,TWST,2026-09-29,2026-09-29T09:49:41.301198-04:00,183.42,-0.2018
MRNA-20260929T13452301032,MRNA,2026-09-29,2026-09-29T09:49:41.301198-04:00,200.58,1.3884
SAIL-20260929T13452306635,SAIL,2026-09-29,2026-09-29T09:49:41.301198-04:00,20.5483,-0.6776
P-20260929T13462633814,P,2026-09-29,2026-09-29T09:49:41.301198-04:00,129.19,-0.0542
IONQ-20260929T13462638433,IONQ,2026-09-29,2026-09-29T09:49:41.301198-04:00,44.81,0.4001
IR-20260929T13470770441,IR,2026-09-29,2026-09-29T09:49:41.301198-04:00,76.439,-0.0183
BRKR-20260929T13365270012,BRKR,2026-09-29,2026-09-29T09:49:51.500024-04:00,63.41,0.5059
TWST-20260929T13452289292,TWST,2026-09-29,2026-09-29T09:49:51.500024-04:00,183.83,-0.4258
MRNA-20260929T13452301032,MRNA,2026-09-29,2026-09-29T09:49:51.500024-04:00,200.68,1.3393
SAIL-20260929T13452306635,SAIL,2026-09-29,2026-09-29T09:49:51.500024-04:00,20.62,-1.0289
P-20260929T13462633814,P,2026-09-29,2026-09-29T09:49:51.500024-04:00,129.2678,-0.1145
IONQ-20260929T13462638433,IONQ,2026-09-29,2026-09-29T09:49:51.500024-04:00,44.79,0.4445
IR-20260929T13470770441,IR,2026-09-29,2026-09-29T09:49:51.500024-04:00,76.4,0.0327
BRKR-20260929T13365270012,BRKR,2026-09-29,2026-09-29T09:50:01.658693-04:00,63.41,0.5059
TWST-20260929T13452289292,TWST,2026-09-29,2026-09-29T09:50:01.658693-04:00,183.5,-0.2455
MRNA-20260929T13452301032,MRNA,2026-09-29,2026-09-29T09:50:01.658693-04:00,200.5,1.4277
SAIL-20260929T13452306635,SAIL,2026-09-29,2026-09-29T09:50:01.658693-04:00,20.58,-0.8329
P-20260929T13462633814,P,2026-09-29,2026-09-29T09:50:01.658693-04:00,129.0,0.0929
IONQ-20260929T13462638433,IONQ,2026-09-29,2026-09-29T09:50:01.658693-04:00,44.86,0.289
IR-20260929T13470770441,IR,2026-09-29,2026-09-29T09:50:01.658693-04:00,76.47,-0.0589
BRKR-20260929T13365270012,BRKR,2026-09-29,2026-09-29T09:50:12.030039-04:00,63.25,0.7569
TWST-20260929T13452289292,TWST,2026-09-29,2026-09-29T09:50:12.030039-04:00,183.175,-0.068
MRNA-20260929T13452301032,MRNA,2026-09-29,2026-09-29T09:50:12.030039-04:00,200.57,1.3933
SAIL-20260929T13452306635,SAIL,2026-09-29,2026-09-29T09:50:12.030039-04:00,20.6,-0.7364
P-20260929T13462633814,P,2026-09-29,2026-09-29T09:50:12.030039-04:00,129.36,-0.1859
IONQ-20260929T13462638433,IONQ,2026-09-29,2026-09-29T09:50:12.030039-04:00,44.8001,0.4221
IR-20260929T13470770441,IR,2026-09-29,2026-09-29T09:50:12.030039-04:00,76.515,-0.1178
BRKR-20260929T13365270012,BRKR,2026-09-29,2026-09-29T09:50:22.464451-04:00,63.415,0.498
TWST-20260929T13452289292,TWST,2026-09-29,2026-09-29T09:50:22.464451-04:00,183.175,-0.068
MRNA-20260929T13452301032,MRNA,2026-09-29,2026-09-29T09:50:22.464451-04:00,198.23,2.5437
P-20260929T13462633814,P,2026-09-29,2026-09-29T09:50:22.464451-04:00,129.2943,-0.135
IONQ-20260929T13462638433,IONQ,2026-09-29,2026-09-29T09:50:22.464451-04:00,44.79,0.4445
IR-20260929T13470770441,IR,2026-09-29,2026-09-29T09:50:22.464451-04:00,76.53,-0.1374
BRKR-20260929T13365270012,BRKR,2026-09-29,2026-09-29T09:50:32.952491-04:00,63.415,0.498
TWST-20260929T13452289292,TWST,2026-09-29,2026-09-29T09:50:32.952491-04:00,183.61,-0.3056
MRNA-20260929T13452301032,MRNA,2026-09-29,2026-09-29T09:50:32.952491-04:00,197.985,2.6642
P-20260929T13462633814,P,2026-09-29,2026-09-29T09:50:32.952491-04:00,129.0623,0.0447
IONQ-20260929T13462638433,IONQ,2026-09-29,2026-09-29T09:50:32.952491-04:00,44.84,0.3334
IR-20260929T13470770441,IR,2026-09-29,2026-09-29T09:50:32.952491-04:00,76.515,-0.1178
INTC-20260929T13501239781,INTC,2026-09-29,2026-09-29T09:50:32.952491-04:00,115.8317,-0.42
TEM-20260929T13501245552,TEM,2026-09-29,2026-09-29T09:50:32.952491-04:00,86.865,-0.2134
BRKR-20260929T13365270012,BRKR,2026-09-29,2026-09-29T09:50:43.123123-04:00,63.4088,0.5077
TWST-20260929T13452289292,TWST,2026-09-29,2026-09-29T09:50:43.123123-04:00,183.5825,-0.2906
MRNA-20260929T13452301032,MRNA,2026-09-29,2026-09-29T09:50:43.123123-04:00,197.53,2.8879
P-20260929T13462633814,P,2026-09-29,2026-09-29T09:50:43.123123-04:00,129.29,-0.1317
IONQ-20260929T13462638433,IONQ,2026-09-29,2026-09-29T09:50:43.123123-04:00,44.8915,0.2189
IR-20260929T13470770441,IR,2026-09-29,2026-09-29T09:50:43.123123-04:00,76.515,-0.1178
INTC-20260929T13501239781,INTC,2026-09-29,2026-09-29T09:50:43.123123-04:00,115.795,-0.3882
TEM-20260929T13501245552,TEM,2026-09-29,2026-09-29T09:50:43.123123-04:00,86.9076,-0.2626
BRKR-20260929T13365270012,BRKR,2026-09-29,2026-09-29T09:50:53.312213-04:00,63.4088,0.5077
TWST-20260929T13452289292,TWST,2026-09-29,2026-09-29T09:50:53.312213-04:00,183.605,-0.3029
MRNA-20260929T13452301032,MRNA,2026-09-29,2026-09-29T09:50:53.312213-04:00,197.83,2.7404
P-20260929T13462633814,P,2026-09-29,2026-09-29T09:50:53.312213-04:00,129.415,-0.2285
IONQ-20260929T13462638433,IONQ,2026-09-29,2026-09-29T09:50:53.312213-04:00,44.9828,0.016
IR-20260929T13470770441,IR,2026-09-29,2026-09-29T09:50:53.312213-04:00,76.46,-0.0458
INTC-20260929T13501239781,INTC,2026-09-29,2026-09-29T09:50:53.312213-04:00,115.82,-0.4099
TEM-20260929T13501245552,TEM,2026-09-29,2026-09-29T09:50:53.312213-04:00,86.745,-0.075
BRKR-20260929T13365270012,BRKR,2026-09-29,2026-09-29T09:51:03.453294-04:00,63.2256,0.7952
TWST-20260929T13452289292,TWST,2026-09-29,2026-09-29T09:51:03.453294-04:00,183.6,-0.3002
MRNA-20260929T13452301032,MRNA,2026-09-29,2026-09-29T09:51:03.453294-04:00,197.325,2.9887
P-20260929T13462633814,P,2026-09-29,2026-09-29T09:51:03.453294-04:00,129.6,-0.3717
IONQ-20260929T13462638433,IONQ,2026-09-29,2026-09-29T09:51:03.453294-04:00,45.0143,-0.054
IR-20260929T13470770441,IR,2026-09-29,2026-09-29T09:51:03.453294-04:00,76.52,-0.1243
INTC-20260929T13501239781,INTC,2026-09-29,2026-09-29T09:51:03.453294-04:00,115.94,-0.5139
TEM-20260929T13501245552,TEM,2026-09-29,2026-09-29T09:51:03.453294-04:00,86.71,-0.0346
BRKR-20260929T13365270012,BRKR,2026-09-29,2026-09-29T09:51:13.791853-04:00,63.32,0.6471
TWST-20260929T13452289292,TWST,2026-09-29,2026-09-29T09:51:13.791853-04:00,182.99,0.0331
MRNA-20260929T13452301032,MRNA,2026-09-29,2026-09-29T09:51:13.791853-04:00,197.32,2.9911
P-20260929T13462633814,P,2026-09-29,2026-09-29T09:51:13.791853-04:00,129.63,-0.395
IR-20260929T13470770441,IR,2026-09-29,2026-09-29T09:51:13.791853-04:00,76.7381,-0.4097
INTC-20260929T13501239781,INTC,2026-09-29,2026-09-29T09:51:13.791853-04:00,116.045,-0.6049
TEM-20260929T13501245552,TEM,2026-09-29,2026-09-29T09:51:13.791853-04:00,86.69,-0.0115
BRKR-20260929T13365270012,BRKR,2026-09-29,2026-09-29T09:51:23.936969-04:00,63.425,0.4823
TWST-20260929T13452289292,TWST,2026-09-29,2026-09-29T09:51:23.936969-04:00,183.672,-0.3395
MRNA-20260929T13452301032,MRNA,2026-09-29,2026-09-29T09:51:23.936969-04:00,197.71,2.7994
P-20260929T13462633814,P,2026-09-29,2026-09-29T09:51:23.936969-04:00,129.63,-0.395
IR-20260929T13470770441,IR,2026-09-29,2026-09-29T09:51:23.936969-04:00,76.495,-0.0916
INTC-20260929T13501239781,INTC,2026-09-29,2026-09-29T09:51:23.936969-04:00,116.11,-0.6613
TEM-20260929T13501245552,TEM,2026-09-29,2026-09-29T09:51:23.936969-04:00,86.61,0.0808
BRKR-20260929T13365270012,BRKR,2026-09-29,2026-09-29T09:51:34.231717-04:00,63.425,0.4823
TWST-20260929T13452289292,TWST,2026-09-29,2026-09-29T09:51:34.231717-04:00,183.22,-0.0926
MRNA-20260929T13452301032,MRNA,2026-09-29,2026-09-29T09:51:34.231717-04:00,197.885,2.7134
P-20260929T13462633814,P,2026-09-29,2026-09-29T09:51:34.231717-04:00,129.6,-0.3717
IR-20260929T13470770441,IR,2026-09-29,2026-09-29T09:51:34.231717-04:00,76.495,-0.0916
INTC-20260929T13501239781,INTC,2026-09-29,2026-09-29T09:51:34.231717-04:00,116.12,-0.67
TEM-20260929T13501245552,TEM,2026-09-29,2026-09-29T09:51:34.231717-04:00,86.6812,-0.0014
BRKR-20260929T13365270012,BRKR,2026-09-29,2026-09-29T09:51:44.407195-04:00,63.3273,0.6356
TWST-20260929T13452289292,TWST,2026-09-29,2026-09-29T09:51:44.407195-04:00,183.245,-0.1062
MRNA-20260929T13452301032,MRNA,2026-09-29,2026-09-29T09:51:44.407195-04:00,197.54,2.883
P-20260929T13462633814,P,2026-09-29,2026-09-29T09:51:44.407195-04:00,129.52,-0.3098
IR-20260929T13470770441,IR,2026-09-29,2026-09-29T09:51:44.407195-04:00,76.45,-0.0327
INTC-20260929T13501239781,INTC,2026-09-29,2026-09-29T09:51:44.407195-04:00,116.197,-0.7367
TEM-20260929T13501245552,TEM,2026-09-29,2026-09-29T09:51:44.407195-04:00,86.75,-0.0808
BRKR-20260929T13365270012,BRKR,2026-09-29,2026-09-29T09:51:54.586932-04:00,63.3273,0.6356
TWST-20260929T13452289292,TWST,2026-09-29,2026-09-29T09:51:54.586932-04:00,183.27,-0.1199
MRNA-20260929T13452301032,MRNA,2026-09-29,2026-09-29T09:51:54.586932-04:00,197.76,2.7748
P-20260929T13462633814,P,2026-09-29,2026-09-29T09:51:54.586932-04:00,129.585,-0.3601
IR-20260929T13470770441,IR,2026-09-29,2026-09-29T09:51:54.586932-04:00,76.405,0.0262
INTC-20260929T13501239781,INTC,2026-09-29,2026-09-29T09:51:54.586932-04:00,116.22,-0.7567
TEM-20260929T13501245552,TEM,2026-09-29,2026-09-29T09:51:54.586932-04:00,86.9599,-0.3229
BRKR-20260929T13365270012,BRKR,2026-09-29,2026-09-29T09:52:04.753059-04:00,63.1978,0.8388
TWST-20260929T13452289292,TWST,2026-09-29,2026-09-29T09:52:04.753059-04:00,183.1777,-0.0695
MRNA-20260929T13452301032,MRNA,2026-09-29,2026-09-29T09:52:04.753059-04:00,198.1023,2.6065
P-20260929T13462633814,P,2026-09-29,2026-09-29T09:52:04.753059-04:00,129.2785,-0.1228
IR-20260929T13470770441,IR,2026-09-29,2026-09-29T09:52:04.753059-04:00,76.4965,-0.0936
INTC-20260929T13501239781,INTC,2026-09-29,2026-09-29T09:52:04.753059-04:00,116.2758,-0.805
TEM-20260929T13501245552,TEM,2026-09-29,2026-09-29T09:52:04.753059-04:00,86.89,-0.2423
BRKR-20260929T13365270012,BRKR,2026-09-29,2026-09-29T09:52:14.978214-04:00,63.41,0.5059
TWST-20260929T13452289292,TWST,2026-09-29,2026-09-29T09:52:14.978214-04:00,183.01,0.0221
MRNA-20260929T13452301032,MRNA,2026-09-29,2026-09-29T09:52:14.978214-04:00,198.215,2.5511
P-20260929T13462633814,P,2026-09-29,2026-09-29T09:52:14.978214-04:00,129.46,-0.2633
IR-20260929T13470770441,IR,2026-09-29,2026-09-29T09:52:14.978214-04:00,76.34,0.1112
INTC-20260929T13501239781,INTC,2026-09-29,2026-09-29T09:52:14.978214-04:00,116.15,-0.6258
TEM-20260929T13501245552,TEM,2026-09-29,2026-09-29T09:52:14.978214-04:00,86.53,0.1731
BRKR-20260929T13365270012,BRKR,2026-09-29,2026-09-29T09:52:25.261299-04:00,63.4144,0.499
TWST-20260929T13452289292,TWST,2026-09-29,2026-09-29T09:52:25.261299-04:00,183.9,-0.4641
MRNA-20260929T13452301032,MRNA,2026-09-29,2026-09-29T09:52:25.261299-04:00,197.835,2.7379
P-20260929T13462633814,P,2026-09-29,2026-09-29T09:52:25.261299-04:00,129.37,-0.1936
IR-20260929T13470770441,IR,2026-09-29,2026-09-29T09:52:25.261299-04:00,76.4668,-0.0547
TEM-20260929T13501245552,TEM,2026-09-29,2026-09-29T09:52:25.261299-04:00,86.28,0.4615
BRKR-20260929T13365270012,BRKR,2026-09-29,2026-09-29T09:52:35.401127-04:00,63.2053,0.8271
TWST-20260929T13452289292,TWST,2026-09-29,2026-09-29T09:52:35.401127-04:00,183.295,-0.1336
MRNA-20260929T13452301032,MRNA,2026-09-29,2026-09-29T09:52:35.401127-04:00,198.1531,2.5816
P-20260929T13462633814,P,2026-09-29,2026-09-29T09:52:35.401127-04:00,129.36,-0.1859
IR-20260929T13470770441,IR,2026-09-29,2026-09-29T09:52:35.401127-04:00,76.27,0.2028
TEM-20260929T13501245552,TEM,2026-09-29,2026-09-29T09:52:35.401127-04:00,86.31,0.4269
BRKR-20260929T13365270012,BRKR,2026-09-29,2026-09-29T09:52:45.613543-04:00,63.14,0.9295
TWST-20260929T13452289292,TWST,2026-09-29,2026-09-29T09:52:45.613543-04:00,183.672,-0.3395
MRNA-20260929T13452301032,MRNA,2026-09-29,2026-09-29T09:52:45.613543-04:00,198.2904,2.5141
P-20260929T13462633814,P,2026-09-29,2026-09-29T09:52:45.613543-04:00,129.36,-0.1859
IR-20260929T13470770441,IR,2026-09-29,2026-09-29T09:52:45.613543-04:00,76.34,0.1112
TEM-20260929T13501245552,TEM,2026-09-29,2026-09-29T09:52:45.613543-04:00,86.36,0.3692
BRKR-20260929T13365270012,BRKR,2026-09-29,2026-09-29T09:52:55.749291-04:00,63.14,0.9295
TWST-20260929T13452289292,TWST,2026-09-29,2026-09-29T09:52:55.749291-04:00,183.1736,-0.0672
MRNA-20260929T13452301032,MRNA,2026-09-29,2026-09-29T09:52:55.749291-04:00,198.22,2.5487
P-20260929T13462633814,P,2026-09-29,2026-09-29T09:52:55.749291-04:00,129.3901,-0.2092
IR-20260929T13470770441,IR,2026-09-29,2026-09-29T09:52:55.749291-04:00,76.4401,-0.0198
TEM-20260929T13501245552,TEM,2026-09-29,2026-09-29T09:52:55.749291-04:00,86.395,0.3288
BRKR-20260929T13365270012,BRKR,2026-09-29,2026-09-29T09:53:05.880760-04:00,63.1963,0.8412
TWST-20260929T13452289292,TWST,2026-09-29,2026-09-29T09:53:05.880760-04:00,183.555,-0.2756
MRNA-20260929T13452301032,MRNA,2026-09-29,2026-09-29T09:53:05.880760-04:00,198.005,2.6544
P-20260929T13462633814,P,2026-09-29,2026-09-29T09:53:05.880760-04:00,129.258,-0.1069
IR-20260929T13470770441,IR,2026-09-29,2026-09-29T09:53:05.880760-04:00,76.34,0.1112
TEM-20260929T13501245552,TEM,2026-09-29,2026-09-29T09:53:05.880760-04:00,86.5746,0.1216
BRKR-20260929T13365270012,BRKR,2026-09-29,2026-09-29T09:53:16.156914-04:00,63.1963,0.8412
TWST-20260929T13452289292,TWST,2026-09-29,2026-09-29T09:53:16.156914-04:00,183.0012,0.0269
P-20260929T13462633814,P,2026-09-29,2026-09-29T09:53:16.156914-04:00,129.795,-0.4285
IR-20260929T13470770441,IR,2026-09-29,2026-09-29T09:53:16.156914-04:00,76.34,0.1112
TEM-20260929T13501245552,TEM,2026-09-29,2026-09-29T09:53:16.156914-04:00,86.345,0.3865
BRKR-20260929T13365270012,BRKR,2026-09-29,2026-09-29T09:53:26.396001-04:00,63.08,1.0237
TWST-20260929T13452289292,TWST,2026-09-29,2026-09-29T09:53:26.396001-04:00,183.65,-0.3275
P-20260929T13462633814,P,2026-09-29,2026-09-29T09:53:26.396001-04:00,129.82,-0.4479
IR-20260929T13470770441,IR,2026-09-29,2026-09-29T09:53:26.396001-04:00,76.3999,0.0328
TEM-20260929T13501245552,TEM,2026-09-29,2026-09-29T09:53:26.396001-04:00,86.34,0.3922
AAON-20260929T13530613958,AAON,2026-09-29,2026-09-29T09:53:26.396001-04:00,86.3875,-0.1827
BRKR-20260929T13365270012,BRKR,2026-09-29,2026-09-29T09:53:36.565505-04:00,63.1883,0.8537
TWST-20260929T13452289292,TWST,2026-09-29,2026-09-29T09:53:36.565505-04:00,183.824,-0.4225
P-20260929T13462633814,P,2026-09-29,2026-09-29T09:53:36.565505-04:00,129.92,-0.5253
IR-20260929T13470770441,IR,2026-09-29,2026-09-29T09:53:36.565505-04:00,76.355,0.0916
TEM-20260929T13501245552,TEM,2026-09-29,2026-09-29T09:53:36.565505-04:00,86.355,0.3749
AAON-20260929T13530613958,AAON,2026-09-29,2026-09-29T09:53:36.565505-04:00,86.3925,-0.1884
BRKR-20260929T13365270012,BRKR,2026-09-29,2026-09-29T09:53:46.748351-04:00,63.1883,0.8537
TWST-20260929T13452289292,TWST,2026-09-29,2026-09-29T09:53:46.748351-04:00,183.2512,-0.1096
P-20260929T13462633814,P,2026-09-29,2026-09-29T09:53:46.748351-04:00,129.93,-0.533
IR-20260929T13470770441,IR,2026-09-29,2026-09-29T09:53:46.748351-04:00,76.36,0.0851
TEM-20260929T13501245552,TEM,2026-09-29,2026-09-29T09:53:46.748351-04:00,86.425,0.2942
AAON-20260929T13530613958,AAON,2026-09-29,2026-09-29T09:53:46.748351-04:00,86.385,-0.1798
BRKR-20260929T13365270012,BRKR,2026-09-29,2026-09-29T09:53:56.958532-04:00,63.1005,0.9915
TWST-20260929T13452289292,TWST,2026-09-29,2026-09-29T09:53:56.958532-04:00,183.69,-0.3493
P-20260929T13462633814,P,2026-09-29,2026-09-29T09:53:56.958532-04:00,129.98,-0.5717
IR-20260929T13470770441,IR,2026-09-29,2026-09-29T09:53:56.958532-04:00,76.29,0.1766
TEM-20260929T13501245552,TEM,2026-09-29,2026-09-29T09:53:56.958532-04:00,86.42,0.3
AAON-20260929T13530613958,AAON,2026-09-29,2026-09-29T09:53:56.958532-04:00,86.385,-0.1798
BRKR-20260929T13365270012,BRKR,2026-09-29,2026-09-29T09:54:07.303881-04:00,63.18,0.8667
TWST-20260929T13452289292,TWST,2026-09-29,2026-09-29T09:54:07.303881-04:00,183.17,-0.0653
P-20260929T13462633814,P,2026-09-29,2026-09-29T09:54:07.303881-04:00,129.5149,-0.2118
IR-20260929T13470770441,IR,2026-09-29,2026-09-29T09:54:07.303881-04:00,76.35,0.0981
TEM-20260929T13501245552,TEM,2026-09-29,2026-09-29T09:54:07.303881-04:00,86.4368,0.2806
AAON-20260929T13530613958,AAON,2026-09-29,2026-09-29T09:54:07.303881-04:00,86.39,-0.1856
BRKR-20260929T13365270012,BRKR,2026-09-29,2026-09-29T09:54:17.442916-04:00,63.1,0.9923
TWST-20260929T13452289292,TWST,2026-09-29,2026-09-29T09:54:17.442916-04:00,183.04,0.0058
P-20260929T13462633814,P,2026-09-29,2026-09-29T09:54:17.442916-04:00,130.0,-0.5872
IR-20260929T13470770441,IR,2026-09-29,2026-09-29T09:54:17.442916-04:00,76.25,0.229
TEM-20260929T13501245552,TEM,2026-09-29,2026-09-29T09:54:17.442916-04:00,86.4023,0.3204
AAON-20260929T13530613958,AAON,2026-09-29,2026-09-29T09:54:17.442916-04:00,86.39,-0.1856
BRKR-20260929T13365270012,BRKR,2026-09-29,2026-09-29T09:54:27.620216-04:00,63.1409,0.9281
TWST-20260929T13452289292,TWST,2026-09-29,2026-09-29T09:54:27.620216-04:00,183.28,-0.1254
P-20260929T13462633814,P,2026-09-29,2026-09-29T09:54:27.620216-04:00,130.145,-0.6994
IR-20260929T13470770441,IR,2026-09-29,2026-09-29T09:54:27.620216-04:00,76.3028,0.1599
TEM-20260929T13501245552,TEM,2026-09-29,2026-09-29T09:54:27.620216-04:00,86.465,0.248
AAON-20260929T13530613958,AAON,2026-09-29,2026-09-29T09:54:27.620216-04:00,86.31,-0.0928
BRKR-20260929T13365270012,BRKR,2026-09-29,2026-09-29T09:54:37.868419-04:00,63.095,1.0001
TWST-20260929T13452289292,TWST,2026-09-29,2026-09-29T09:54:37.868419-04:00,183.61,-0.3056
IR-20260929T13470770441,IR,2026-09-29,2026-09-29T09:54:37.868419-04:00,76.2,0.2944
TEM-20260929T13501245552,TEM,2026-09-29,2026-09-29T09:54:37.868419-04:00,86.6225,0.0663
AAON-20260929T13530613958,AAON,2026-09-29,2026-09-29T09:54:37.868419-04:00,86.24,-0.0116
BRKR-20260929T13365270012,BRKR,2026-09-29,2026-09-29T09:54:48.018073-04:00,63.095,1.0001
TWST-20260929T13452289292,TWST,2026-09-29,2026-09-29T09:54:48.018073-04:00,183.6195,-0.3108
IR-20260929T13470770441,IR,2026-09-29,2026-09-29T09:54:48.018073-04:00,76.3277,0.1273
TEM-20260929T13501245552,TEM,2026-09-29,2026-09-29T09:54:48.018073-04:00,86.4251,0.2941
AAON-20260929T13530613958,AAON,2026-09-29,2026-09-29T09:54:48.018073-04:00,86.245,-0.0174
BRKR-20260929T13365270012,BRKR,2026-09-29,2026-09-29T09:54:58.177904-04:00,63.05,1.0707
TWST-20260929T13452289292,TWST,2026-09-29,2026-09-29T09:54:58.177904-04:00,183.3765,-0.1781
IR-20260929T13470770441,IR,2026-09-29,2026-09-29T09:54:58.177904-04:00,76.3277,0.1273
TEM-20260929T13501245552,TEM,2026-09-29,2026-09-29T09:54:58.177904-04:00,86.43,0.2884
AAON-20260929T13530613958,AAON,2026-09-29,2026-09-29T09:54:58.177904-04:00,86.47,-0.2783
BRKR-20260929T13365270012,BRKR,2026-09-29,2026-09-29T09:55:08.339421-04:00,63.2225,0.8001
TWST-20260929T13452289292,TWST,2026-09-29,2026-09-29T09:55:08.339421-04:00,183.535,-0.2647
IR-20260929T13470770441,IR,2026-09-29,2026-09-29T09:55:08.339421-04:00,76.2,0.2944
TEM-20260929T13501245552,TEM,2026-09-29,2026-09-29T09:55:08.339421-04:00,86.61,0.0808
AAON-20260929T13530613958,AAON,2026-09-29,2026-09-29T09:55:08.339421-04:00,86.24,-0.0116
BRKR-20260929T13365270012,BRKR,2026-09-29,2026-09-29T09:55:18.698281-04:00,63.125,0.953
IR-20260929T13470770441,IR,2026-09-29,2026-09-29T09:55:18.698281-04:00,76.21,0.2813
TEM-20260929T13501245552,TEM,2026-09-29,2026-09-29T09:55:18.698281-04:00,86.59,0.1038
AAON-20260929T13530613958,AAON,2026-09-29,2026-09-29T09:55:18.698281-04:00,86.3374,-0.1246
BRKR-20260929T13365270012,BRKR,2026-09-29,2026-09-29T09:55:28.929938-04:00,63.19,0.8511
IR-20260929T13470770441,IR,2026-09-29,2026-09-29T09:55:28.929938-04:00,76.2,0.2944
TEM-20260929T13501245552,TEM,2026-09-29,2026-09-29T09:55:28.929938-04:00,86.59,0.1038
AAON-20260929T13530613958,AAON,2026-09-29,2026-09-29T09:55:28.929938-04:00,86.435,-0.2377
BRKR-20260929T13365270012,BRKR,2026-09-29,2026-09-29T09:55:39.530700-04:00,63.185,0.8589
IR-20260929T13470770441,IR,2026-09-29,2026-09-29T09:55:39.530700-04:00,76.27,0.2028
TEM-20260929T13501245552,TEM,2026-09-29,2026-09-29T09:55:39.530700-04:00,86.635,0.0519
AAON-20260929T13530613958,AAON,2026-09-29,2026-09-29T09:55:39.530700-04:00,86.441,-0.2447
BRKR-20260929T13365270012,BRKR,2026-09-29,2026-09-29T09:55:49.785074-04:00,63.185,0.8589
IR-20260929T13470770441,IR,2026-09-29,2026-09-29T09:55:49.785074-04:00,76.265,0.2094
TEM-20260929T13501245552,TEM,2026-09-29,2026-09-29T09:55:49.785074-04:00,86.5854,0.1091
AAON-20260929T13530613958,AAON,2026-09-29,2026-09-29T09:55:49.785074-04:00,86.47,-0.2783
BRKR-20260929T13365270012,BRKR,2026-09-29,2026-09-29T09:56:00.105832-04:00,63.1975,0.8393
IR-20260929T13470770441,IR,2026-09-29,2026-09-29T09:56:00.105832-04:00,76.2532,0.2248
TEM-20260929T13501245552,TEM,2026-09-29,2026-09-29T09:56:00.105832-04:00,86.6327,0.0546
AAON-20260929T13530613958,AAON,2026-09-29,2026-09-29T09:56:00.105832-04:00,86.4006,-0.1978
BRKR-20260929T13365270012,BRKR,2026-09-29,2026-09-29T09:56:10.718154-04:00,63.235,0.7805
IR-20260929T13470770441,IR,2026-09-29,2026-09-29T09:56:10.718154-04:00,76.245,0.2355
AAON-20260929T13530613958,AAON,2026-09-29,2026-09-29T09:56:10.718154-04:00,86.46,-0.2667
GRAL-20260929T13552951673,GRAL,2026-09-29,2026-09-29T09:56:10.718154-04:00,134.88,-0.2825
BRKR-20260929T13365270012,BRKR,2026-09-29,2026-09-29T09:56:20.941268-04:00,63.21,0.8197
IR-20260929T13470770441,IR,2026-09-29,2026-09-29T09:56:20.941268-04:00,76.245,0.2355
AAON-20260929T13530613958,AAON,2026-09-29,2026-09-29T09:56:20.941268-04:00,86.43,-0.2319
GRAL-20260929T13552951673,GRAL,2026-09-29,2026-09-29T09:56:20.941268-04:00,134.875,-0.2788
BRKR-20260929T13365270012,BRKR,2026-09-29,2026-09-29T09:56:31.145361-04:00,63.15,0.9138
IR-20260929T13470770441,IR,2026-09-29,2026-09-29T09:56:31.145361-04:00,76.29,0.1766
AAON-20260929T13530613958,AAON,2026-09-29,2026-09-29T09:56:31.145361-04:00,86.3426,-0.1306
GRAL-20260929T13552951673,GRAL,2026-09-29,2026-09-29T09:56:31.145361-04:00,134.865,-0.2714
BRKR-20260929T13365270012,BRKR,2026-09-29,2026-09-29T09:56:41.317706-04:00,63.22,0.804
IR-20260929T13470770441,IR,2026-09-29,2026-09-29T09:56:41.317706-04:00,76.255,0.2224
AAON-20260929T13530613958,AAON,2026-09-29,2026-09-29T09:56:41.317706-04:00,86.4407,-0.2443
GRAL-20260929T13552951673,GRAL,2026-09-29,2026-09-29T09:56:41.317706-04:00,135.1405,-0.4762
BRKR-20260929T13365270012,BRKR,2026-09-29,2026-09-29T09:56:51.486815-04:00,63.06,1.055
IR-20260929T13470770441,IR,2026-09-29,2026-09-29T09:56:51.486815-04:00,76.26,0.2159
AAON-20260929T13530613958,AAON,2026-09-29,2026-09-29T09:56:51.486815-04:00,86.33,-0.116
GRAL-20260929T13552951673,GRAL,2026-09-29,2026-09-29T09:56:51.486815-04:00,134.98,-0.3569
BRKR-20260929T13365270012,BRKR,2026-09-29,2026-09-29T09:57:01.689616-04:00,63.1651,0.8901
IR-20260929T13470770441,IR,2026-09-29,2026-09-29T09:57:01.689616-04:00,76.2606,0.2151
AAON-20260929T13530613958,AAON,2026-09-29,2026-09-29T09:57:01.689616-04:00,86.4464,-0.251
GRAL-20260929T13552951673,GRAL,2026-09-29,2026-09-29T09:57:01.689616-04:00,134.855,-0.2639
BRKR-20260929T13365270012,BRKR,2026-09-29,2026-09-29T09:57:12.098946-04:00,63.1651,0.8901
IR-20260929T13470770441,IR,2026-09-29,2026-09-29T09:57:12.098946-04:00,76.255,0.2224
AAON-20260929T13530613958,AAON,2026-09-29,2026-09-29T09:57:12.098946-04:00,86.465,-0.2725
GRAL-20260929T13552951673,GRAL,2026-09-29,2026-09-29T09:57:12.098946-04:00,134.7308,-0.1716
BRKR-20260929T13365270012,BRKR,2026-09-29,2026-09-29T09:57:22.263855-04:00,63.1772,0.8711
IR-20260929T13470770441,IR,2026-09-29,2026-09-29T09:57:22.263855-04:00,76.266,0.208
AAON-20260929T13530613958,AAON,2026-09-29,2026-09-29T09:57:22.263855-04:00,86.36,-0.1508
GRAL-20260929T13552951673,GRAL,2026-09-29,2026-09-29T09:57:22.263855-04:00,134.41,0.0669
BRKR-20260929T13365270012,BRKR,2026-09-29,2026-09-29T09:57:32.443420-04:00,62.97,1.1963
IR-20260929T13470770441,IR,2026-09-29,2026-09-29T09:57:32.443420-04:00,76.2555,0.2218
AAON-20260929T13530613958,AAON,2026-09-29,2026-09-29T09:57:32.443420-04:00,86.3893,-0.1847
GRAL-20260929T13552951673,GRAL,2026-09-29,2026-09-29T09:57:32.443420-04:00,134.3794,0.0897
BRKR-20260929T13365270012,BRKR,2026-09-29,2026-09-29T09:57:42.583819-04:00,62.97,1.1963
IR-20260929T13470770441,IR,2026-09-29,2026-09-29T09:57:42.583819-04:00,76.2555,0.2218
AAON-20260929T13530613958,AAON,2026-09-29,2026-09-29T09:57:42.583819-04:00,86.3893,-0.1847
GRAL-20260929T13552951673,GRAL,2026-09-29,2026-09-29T09:57:42.583819-04:00,134.42,0.0595
BRKR-20260929T13365270012,BRKR,2026-09-29,2026-09-29T09:57:52.767358-04:00,62.825,1.4238
IR-20260929T13470770441,IR,2026-09-29,2026-09-29T09:57:52.767358-04:00,76.25,0.229
AAON-20260929T13530613958,AAON,2026-09-29,2026-09-29T09:57:52.767358-04:00,86.196,0.0394
GRAL-20260929T13552951673,GRAL,2026-09-29,2026-09-29T09:57:52.767358-04:00,134.06,0.3271
BRKR-20260929T13365270012,BRKR,2026-09-29,2026-09-29T09:58:02.982208-04:00,62.825,1.4238
IR-20260929T13470770441,IR,2026-09-29,2026-09-29T09:58:02.982208-04:00,76.24,0.2421
AAON-20260929T13530613958,AAON,2026-09-29,2026-09-29T09:58:02.982208-04:00,86.3877,-0.1829
GRAL-20260929T13552951673,GRAL,2026-09-29,2026-09-29T09:58:02.982208-04:00,134.11,0.29
BRKR-20260929T13365270012,BRKR,2026-09-29,2026-09-29T09:58:13.299482-04:00,62.825,1.1668
IR-20260929T13470770441,IR,2026-09-29,2026-09-29T09:58:13.299482-04:00,76.19,0.3075
AAON-20260929T13530613958,AAON,2026-09-29,2026-09-29T09:58:13.299482-04:00,86.305,-0.087
GRAL-20260929T13552951673,GRAL,2026-09-29,2026-09-29T09:58:13.299482-04:00,134.19,0.2305
BRKR-20260929T13365270012,BRKR,2026-09-29,2026-09-29T09:58:23.531410-04:00,62.875,1.0882
IR-20260929T13470770441,IR,2026-09-29,2026-09-29T09:58:23.531410-04:00,76.195,0.3009
AAON-20260929T13530613958,AAON,2026-09-29,2026-09-29T09:58:23.531410-04:00,86.3441,-0.1323
GRAL-20260929T13552951673,GRAL,2026-09-29,2026-09-29T09:58:23.531410-04:00,134.465,0.026
BRKR-20260929T13365270012,BRKR,2026-09-29,2026-09-29T09:58:33.772251-04:00,62.87,1.096
IR-20260929T13470770441,IR,2026-09-29,2026-09-29T09:58:33.772251-04:00,76.195,0.3009
AAON-20260929T13530613958,AAON,2026-09-29,2026-09-29T09:58:33.772251-04:00,86.3656,-0.1573
GRAL-20260929T13552951673,GRAL,2026-09-29,2026-09-29T09:58:33.772251-04:00,135.147,-0.481
BRKR-20260929T13365270012,BRKR,2026-09-29,2026-09-29T09:58:43.995687-04:00,62.87,1.096
IR-20260929T13470770441,IR,2026-09-29,2026-09-29T09:58:43.995687-04:00,76.195,0.3009
AAON-20260929T13530613958,AAON,2026-09-29,2026-09-29T09:58:43.995687-04:00,86.285,-0.0638
GRAL-20260929T13552951673,GRAL,2026-09-29,2026-09-29T09:58:43.995687-04:00,134.97,-0.3494
BRKR-20260929T13365270012,BRKR,2026-09-29,2026-09-29T09:58:54.214502-04:00,62.87,1.096
IR-20260929T13470770441,IR,2026-09-29,2026-09-29T09:58:54.214502-04:00,76.195,0.3009
AAON-20260929T13530613958,AAON,2026-09-29,2026-09-29T09:58:54.214502-04:00,86.285,-0.0638
GRAL-20260929T13552951673,GRAL,2026-09-29,2026-09-29T09:58:54.214502-04:00,134.18,0.2379
BRKR-20260929T13365270012,BRKR,2026-09-29,2026-09-29T09:59:04.421343-04:00,62.8646,1.1045
IR-20260929T13470770441,IR,2026-09-29,2026-09-29T09:59:04.421343-04:00,76.18,0.3206
AAON-20260929T13530613958,AAON,2026-09-29,2026-09-29T09:59:04.421343-04:00,86.3617,-0.1527
GRAL-20260929T13552951673,GRAL,2026-09-29,2026-09-29T09:59:04.421343-04:00,133.48,0.7584
BRKR-20260929T13365270012,BRKR,2026-09-29,2026-09-29T09:59:14.616688-04:00,62.982,0.9198
IR-20260929T13470770441,IR,2026-09-29,2026-09-29T09:59:14.616688-04:00,76.09,0.4383
AAON-20260929T13530613958,AAON,2026-09-29,2026-09-29T09:59:14.616688-04:00,86.24,-0.0116
GRAL-20260929T13552951673,GRAL,2026-09-29,2026-09-29T09:59:14.616688-04:00,133.95,0.4089
BRKR-20260929T13365270012,BRKR,2026-09-29,2026-09-29T09:59:24.793266-04:00,62.865,1.1039
IR-20260929T13470770441,IR,2026-09-29,2026-09-29T09:59:24.793266-04:00,76.09,0.4383
AAON-20260929T13530613958,AAON,2026-09-29,2026-09-29T09:59:24.793266-04:00,86.327,-0.1125
GRAL-20260929T13552951673,GRAL,2026-09-29,2026-09-29T09:59:24.793266-04:00,134.015,0.3606
BRKR-20260929T13365270012,BRKR,2026-09-29,2026-09-29T09:59:34.972808-04:00,62.865,1.1039
IR-20260929T13470770441,IR,2026-09-29,2026-09-29T09:59:34.972808-04:00,76.1013,0.4236
AAON-20260929T13530613958,AAON,2026-09-29,2026-09-29T09:59:34.972808-04:00,86.0,0.2667
GRAL-20260929T13552951673,GRAL,2026-09-29,2026-09-29T09:59:34.972808-04:00,134.38,0.0892
BRKR-20260929T13365270012,BRKR,2026-09-29,2026-09-29T09:59:45.220757-04:00,63.02,0.86
IR-20260929T13470770441,IR,2026-09-29,2026-09-29T09:59:45.220757-04:00,76.075,0.458
AAON-20260929T13530613958,AAON,2026-09-29,2026-09-29T09:59:45.220757-04:00,86.3281,-0.1138
GRAL-20260929T13552951673,GRAL,2026-09-29,2026-09-29T09:59:45.220757-04:00,134.38,0.0892
BRKR-20260929T13365270012,BRKR,2026-09-29,2026-09-29T09:59:55.447597-04:00,63.02,0.86
IR-20260929T13470770441,IR,2026-09-29,2026-09-29T09:59:55.447597-04:00,76.075,0.458
AAON-20260929T13530613958,AAON,2026-09-29,2026-09-29T09:59:55.447597-04:00,86.01,0.2551
GRAL-20260929T13552951673,GRAL,2026-09-29,2026-09-29T09:59:55.447597-04:00,134.1383,0.2689
BRKR-20260929T13365270012,BRKR,2026-09-29,2026-09-29T10:00:05.676317-04:00,62.944,0.9796
IR-20260929T13470770441,IR,2026-09-29,2026-09-29T10:00:05.676317-04:00,76.115,0.4056
AAON-20260929T13530613958,AAON,2026-09-29,2026-09-29T10:00:05.676317-04:00,86.01,0.2551
GRAL-20260929T13552951673,GRAL,2026-09-29,2026-09-29T10:00:05.676317-04:00,134.625,-0.0929
BRKR-20260929T13365270012,BRKR,2026-09-29,2026-09-29T10:00:16.027533-04:00,62.934,0.9953
IR-20260929T13470770441,IR,2026-09-29,2026-09-29T10:00:16.027533-04:00,76.13,0.386
AAON-20260929T13530613958,AAON,2026-09-29,2026-09-29T10:00:16.027533-04:00,86.005,0.2609
GRAL-20260929T13552951673,GRAL,2026-09-29,2026-09-29T10:00:16.027533-04:00,134.03,0.3494
BRKR-20260929T13365270012,BRKR,2026-09-29,2026-09-29T10:00:26.260813-04:00,62.87,1.096
IR-20260929T13470770441,IR,2026-09-29,2026-09-29T10:00:26.260813-04:00,76.06,0.4776
AAON-20260929T13530613958,AAON,2026-09-29,2026-09-29T10:00:26.260813-04:00,86.005,0.2609
GRAL-20260929T13552951673,GRAL,2026-09-29,2026-09-29T10:00:26.260813-04:00,134.6,-0.0743
BRKR-20260929T13365270012,BRKR,2026-09-29,2026-09-29T10:00:36.462213-04:00,62.87,1.096
IR-20260929T13470770441,IR,2026-09-29,2026-09-29T10:00:36.462213-04:00,76.16,0.3467
AAON-20260929T13530613958,AAON,2026-09-29,2026-09-29T10:00:36.462213-04:00,86.13,0.116
GRAL-20260929T13552951673,GRAL,2026-09-29,2026-09-29T10:00:36.462213-04:00,134.625,-0.0929
BRKR-20260929T13365270012,BRKR,2026-09-29,2026-09-29T10:00:47.406403-04:00,62.68,1.3949
IR-20260929T13470770441,IR,2026-09-29,2026-09-29T10:00:47.406403-04:00,76.15,0.3598
AAON-20260929T13530613958,AAON,2026-09-29,2026-09-29T10:00:47.406403-04:00,86.13,0.116
GRAL-20260929T13552951673,GRAL,2026-09-29,2026-09-29T10:00:47.406403-04:00,134.0,0.3717
BRKR-20260929T13365270012,BRKR,2026-09-29,2026-09-29T10:00:57.636886-04:00,62.68,1.3949
IR-20260929T13470770441,IR,2026-09-29,2026-09-29T10:00:57.636886-04:00,76.1034,0.4208
AAON-20260929T13530613958,AAON,2026-09-29,2026-09-29T10:00:57.636886-04:00,86.3299,-0.1159
GRAL-20260929T13552951673,GRAL,2026-09-29,2026-09-29T10:00:57.636886-04:00,134.625,-0.0929
MXL-20260929T14003739534,MXL,2026-09-29,2026-09-29T10:00:57.636886-04:00,94.245,-0.069
BRKR-20260929T13365270012,BRKR,2026-09-29,2026-09-29T10:01:07.781203-04:00,62.9706,0.9378
IR-20260929T13470770441,IR,2026-09-29,2026-09-29T10:01:07.781203-04:00,76.1,0.4253
AAON-20260929T13530613958,AAON,2026-09-29,2026-09-29T10:01:07.781203-04:00,86.0,0.2667
GRAL-20260929T13552951673,GRAL,2026-09-29,2026-09-29T10:01:07.781203-04:00,134.1646,0.2494
MXL-20260929T14003739534,MXL,2026-09-29,2026-09-29T10:01:07.781203-04:00,94.24,-0.0637
COIN-20260929T14004762658,COIN,2026-09-29,2026-09-29T10:01:07.781203-04:00,193.05,-0.2467
BRKR-20260929T13365270012,BRKR,2026-09-29,2026-09-29T10:01:18.663556-04:00,62.9,1.0488
IR-20260929T13470770441,IR,2026-09-29,2026-09-29T10:01:18.663556-04:00,76.125,0.3925
AAON-20260929T13530613958,AAON,2026-09-29,2026-09-29T10:01:18.663556-04:00,86.32,-0.1044
MXL-20260929T14003739534,MXL,2026-09-29,2026-09-29T10:01:18.663556-04:00,94.3512,-0.1818
COIN-20260929T14004762658,COIN,2026-09-29,2026-09-29T10:01:18.663556-04:00,192.98,-0.2103
BRKR-20260929T13365270012,BRKR,2026-09-29,2026-09-29T10:01:28.892797-04:00,63.101,0.7326
IR-20260929T13470770441,IR,2026-09-29,2026-09-29T10:01:28.892797-04:00,76.09,0.4383
AAON-20260929T13530613958,AAON,2026-09-29,2026-09-29T10:01:28.892797-04:00,85.98,0.2899
MXL-20260929T14003739534,MXL,2026-09-29,2026-09-29T10:01:28.892797-04:00,94.145,0.0372
COIN-20260929T14004762658,COIN,2026-09-29,2026-09-29T10:01:28.892797-04:00,192.75,-0.0909
TEM-20260929T14010865081,TEM,2026-09-29,2026-09-29T10:01:28.892797-04:00,84.7552,1.5593
BRKR-20260929T13365270012,BRKR,2026-09-29,2026-09-29T10:01:39.749791-04:00,62.9831,0.9181
IR-20260929T13470770441,IR,2026-09-29,2026-09-29T10:01:39.749791-04:00,76.09,0.4383
AAON-20260929T13530613958,AAON,2026-09-29,2026-09-29T10:01:39.749791-04:00,85.7698,0.5337
MXL-20260929T14003739534,MXL,2026-09-29,2026-09-29T10:01:39.749791-04:00,93.725,0.4831
COIN-20260929T14004762658,COIN,2026-09-29,2026-09-29T10:01:39.749791-04:00,192.47,0.0545
TEM-20260929T14010865081,TEM,2026-09-29,2026-09-29T10:01:39.749791-04:00,84.83,1.4724
FORM-20260929T14011887857,FORM,2026-09-29,2026-09-29T10:01:39.749791-04:00,135.47,-0.4747
BRKR-20260929T13365270012,BRKR,2026-09-29,2026-09-29T10:01:49.903538-04:00,62.905,1.041
IR-20260929T13470770441,IR,2026-09-29,2026-09-29T10:01:49.903538-04:00,76.1252,0.3923
AAON-20260929T13530613958,AAON,2026-09-29,2026-09-29T10:01:49.903538-04:00,85.86,0.4291
MXL-20260929T14003739534,MXL,2026-09-29,2026-09-29T10:01:49.903538-04:00,93.73,0.4778
COIN-20260929T14004762658,COIN,2026-09-29,2026-09-29T10:01:49.903538-04:00,192.4001,0.0908
TEM-20260929T14010865081,TEM,2026-09-29,2026-09-29T10:01:49.903538-04:00,84.675,1.6524
FORM-20260929T14011887857,FORM,2026-09-29,2026-09-29T10:01:49.903538-04:00,135.31,-0.356
ILMN-20260929T14012973926,ILMN,2026-09-29,2026-09-29T10:01:49.903538-04:00,273.33,-0.2494
BRKR-20260929T13365270012,BRKR,2026-09-29,2026-09-29T10:02:00.110228-04:00,62.9493,0.9713
IR-20260929T13470770441,IR,2026-09-29,2026-09-29T10:02:00.110228-04:00,76.1233,0.3948
AAON-20260929T13530613958,AAON,2026-09-29,2026-09-29T10:02:00.110228-04:00,85.86,0.4291
MXL-20260929T14003739534,MXL,2026-09-29,2026-09-29T10:02:00.110228-04:00,93.635,0.5787
COIN-20260929T14004762658,COIN,2026-09-29,2026-09-29T10:02:00.110228-04:00,192.6833,-0.0562
TEM-20260929T14010865081,TEM,2026-09-29,2026-09-29T10:02:00.110228-04:00,84.5427,1.8061
FORM-20260929T14011887857,FORM,2026-09-29,2026-09-29T10:02:00.110228-04:00,134.565,0.1965
ILMN-20260929T14012973926,ILMN,2026-09-29,2026-09-29T10:02:00.110228-04:00,273.6045,-0.3501
BRKR-20260929T13365270012,BRKR,2026-09-29,2026-09-29T10:02:10.894327-04:00,62.915,1.0252
IR-20260929T13470770441,IR,2026-09-29,2026-09-29T10:02:10.894327-04:00,76.12,0.3991
AAON-20260929T13530613958,AAON,2026-09-29,2026-09-29T10:02:10.894327-04:00,85.9679,0.304
MXL-20260929T14003739534,MXL,2026-09-29,2026-09-29T10:02:10.894327-04:00,93.33,0.9025
COIN-20260929T14004762658,COIN,2026-09-29,2026-09-29T10:02:10.894327-04:00,192.4488,0.0655
FORM-20260929T14011887857,FORM,2026-09-29,2026-09-29T10:02:10.894327-04:00,134.565,0.1965
ILMN-20260929T14012973926,ILMN,2026-09-29,2026-09-29T10:02:10.894327-04:00,272.82,-0.0624
BRKR-20260929T13365270012,BRKR,2026-09-29,2026-09-29T10:02:21.200549-04:00,62.915,1.0252
IR-20260929T13470770441,IR,2026-09-29,2026-09-29T10:02:21.200549-04:00,76.16,0.3467
AAON-20260929T13530613958,AAON,2026-09-29,2026-09-29T10:02:21.200549-04:00,85.855,0.4349
MXL-20260929T14003739534,MXL,2026-09-29,2026-09-29T10:02:21.200549-04:00,93.76,0.446
COIN-20260929T14004762658,COIN,2026-09-29,2026-09-29T10:02:21.200549-04:00,192.33,0.1272
FORM-20260929T14011887857,FORM,2026-09-29,2026-09-29T10:02:21.200549-04:00,134.565,0.1965
ILMN-20260929T14012973926,ILMN,2026-09-29,2026-09-29T10:02:21.200549-04:00,273.3535,-0.258
BRKR-20260929T13365270012,BRKR,2026-09-29,2026-09-29T10:02:31.368419-04:00,62.9109,1.0317
IR-20260929T13470770441,IR,2026-09-29,2026-09-29T10:02:31.368419-04:00,76.13,0.386
AAON-20260929T13530613958,AAON,2026-09-29,2026-09-29T10:02:31.368419-04:00,85.855,0.4349
MXL-20260929T14003739534,MXL,2026-09-29,2026-09-29T10:02:31.368419-04:00,93.645,0.5681
COIN-20260929T14004762658,COIN,2026-09-29,2026-09-29T10:02:31.368419-04:00,192.2832,0.1515
FORM-20260929T14011887857,FORM,2026-09-29,2026-09-29T10:02:31.368419-04:00,134.565,0.1965
ILMN-20260929T14012973926,ILMN,2026-09-29,2026-09-29T10:02:31.368419-04:00,273.92,-0.4658
BRKR-20260929T13365270012,BRKR,2026-09-29,2026-09-29T10:02:41.571219-04:00,62.9102,1.0328
IR-20260929T13470770441,IR,2026-09-29,2026-09-29T10:02:41.571219-04:00,76.05,0.4907
AAON-20260929T13530613958,AAON,2026-09-29,2026-09-29T10:02:41.571219-04:00,85.85,0.4407
MXL-20260929T14003739534,MXL,2026-09-29,2026-09-29T10:02:41.571219-04:00,93.5725,0.645
COIN-20260929T14004762658,COIN,2026-09-29,2026-09-29T10:02:41.571219-04:00,192.09,0.2518
FORM-20260929T14011887857,FORM,2026-09-29,2026-09-29T10:02:41.571219-04:00,134.54,0.2151
ILMN-20260929T14012973926,ILMN,2026-09-29,2026-09-29T10:02:41.571219-04:00,273.5563,-0.3324
BRKR-20260929T13365270012,BRKR,2026-09-29,2026-09-29T10:02:51.926787-04:00,62.915,1.0252
IR-20260929T13470770441,IR,2026-09-29,2026-09-29T10:02:51.926787-04:00,76.08,0.4514
AAON-20260929T13530613958,AAON,2026-09-29,2026-09-29T10:02:51.926787-04:00,85.645,0.6784
MXL-20260929T14003739534,MXL,2026-09-29,2026-09-29T10:02:51.926787-04:00,93.56,0.6583
COIN-20260929T14004762658,COIN,2026-09-29,2026-09-29T10:02:51.926787-04:00,192.19,0.1999
FORM-20260929T14011887857,FORM,2026-09-29,2026-09-29T10:02:51.926787-04:00,135.1303,-0.2227
ILMN-20260929T14012973926,ILMN,2026-09-29,2026-09-29T10:02:51.926787-04:00,273.69,-0.3814
BRKR-20260929T13365270012,BRKR,2026-09-29,2026-09-29T10:03:02.203364-04:00,62.925,1.0095
IR-20260929T13470770441,IR,2026-09-29,2026-09-29T10:03:02.203364-04:00,76.09,0.4383
AAON-20260929T13530613958,AAON,2026-09-29,2026-09-29T10:03:02.203364-04:00,85.7703,0.5331
MXL-20260929T14003739534,MXL,2026-09-29,2026-09-29T10:03:02.203364-04:00,93.8,0.4035
COIN-20260929T14004762658,COIN,2026-09-29,2026-09-29T10:03:02.203364-04:00,192.2,0.1947
FORM-20260929T14011887857,FORM,2026-09-29,2026-09-29T10:03:02.203364-04:00,134.35,0.356
ILMN-20260929T14012973926,ILMN,2026-09-29,2026-09-29T10:03:02.203364-04:00,273.73,-0.3961
BRKR-20260929T13365270012,BRKR,2026-09-29,2026-09-29T10:03:12.534301-04:00,62.925,1.0095
IR-20260929T13470770441,IR,2026-09-29,2026-09-29T10:03:12.534301-04:00,76.103,0.4213
AAON-20260929T13530613958,AAON,2026-09-29,2026-09-29T10:03:12.534301-04:00,86.284,-0.0626
MXL-20260929T14003739534,MXL,2026-09-29,2026-09-29T10:03:12.534301-04:00,93.3,0.9344
COIN-20260929T14004762658,COIN,2026-09-29,2026-09-29T10:03:12.534301-04:00,192.2275,0.1804
FORM-20260929T14011887857,FORM,2026-09-29,2026-09-29T10:03:12.534301-04:00,135.1947,-0.2705
ILMN-20260929T14012973926,ILMN,2026-09-29,2026-09-29T10:03:12.534301-04:00,273.815,-0.4273
BRKR-20260929T13365270012,BRKR,2026-09-29,2026-09-29T10:03:22.858347-04:00,62.935,0.9938
IR-20260929T13470770441,IR,2026-09-29,2026-09-29T10:03:22.858347-04:00,76.08,0.4514
AAON-20260929T13530613958,AAON,2026-09-29,2026-09-29T10:03:22.858347-04:00,85.4,0.9625
MXL-20260929T14003739534,MXL,2026-09-29,2026-09-29T10:03:22.858347-04:00,93.6,0.6158
COIN-20260929T14004762658,COIN,2026-09-29,2026-09-29T10:03:22.858347-04:00,192.46,0.0597
FORM-20260929T14011887857,FORM,2026-09-29,2026-09-29T10:03:22.858347-04:00,134.6345,0.145
ILMN-20260929T14012973926,ILMN,2026-09-29,2026-09-29T10:03:22.858347-04:00,273.51,-0.3154
BRKR-20260929T13365270012,BRKR,2026-09-29,2026-09-29T10:03:33.157464-04:00,62.995,0.8994
IR-20260929T13470770441,IR,2026-09-29,2026-09-29T10:03:33.157464-04:00,76.01,0.543
AAON-20260929T13530613958,AAON,2026-09-29,2026-09-29T10:03:33.157464-04:00,85.4,0.9625
MXL-20260929T14003739534,MXL,2026-09-29,2026-09-29T10:03:33.157464-04:00,93.49,0.7326
COIN-20260929T14004762658,COIN,2026-09-29,2026-09-29T10:03:33.157464-04:00,192.655,-0.0415
FORM-20260929T14011887857,FORM,2026-09-29,2026-09-29T10:03:33.157464-04:00,134.2,0.4673
ILMN-20260929T14012973926,ILMN,2026-09-29,2026-09-29T10:03:33.157464-04:00,273.73,-0.3961
BRKR-20260929T13365270012,BRKR,2026-09-29,2026-09-29T10:03:43.412946-04:00,63.035,0.8364
IR-20260929T13470770441,IR,2026-09-29,2026-09-29T10:03:43.412946-04:00,76.075,0.458
AAON-20260929T13530613958,AAON,2026-09-29,2026-09-29T10:03:43.412946-04:00,85.3,1.0785
MXL-20260929T14003739534,MXL,2026-09-29,2026-09-29T10:03:43.412946-04:00,93.62,0.5946
COIN-20260929T14004762658,COIN,2026-09-29,2026-09-29T10:03:43.412946-04:00,192.78,-0.1065
FORM-20260929T14011887857,FORM,2026-09-29,2026-09-29T10:03:43.412946-04:00,134.04,0.5859
ILMN-20260929T14012973926,ILMN,2026-09-29,2026-09-29T10:03:43.412946-04:00,273.825,-0.431
BRKR-20260929T13365270012,BRKR,2026-09-29,2026-09-29T10:03:53.685135-04:00,63.03,0.8443
IR-20260929T13470770441,IR,2026-09-29,2026-09-29T10:03:53.685135-04:00,75.99,0.5692
AAON-20260929T13530613958,AAON,2026-09-29,2026-09-29T10:03:53.685135-04:00,85.6304,0.6953
MXL-20260929T14003739534,MXL,2026-09-29,2026-09-29T10:03:53.685135-04:00,93.5379,0.6818
COIN-20260929T14004762658,COIN,2026-09-29,2026-09-29T10:03:53.685135-04:00,192.86,-0.148
FORM-20260929T14011887857,FORM,2026-09-29,2026-09-29T10:03:53.685135-04:00,135.0263,-0.1456
ILMN-20260929T14012973926,ILMN,2026-09-29,2026-09-29T10:03:53.685135-04:00,273.91,-0.4621
BRKR-20260929T13365270012,BRKR,2026-09-29,2026-09-29T10:04:03.957553-04:00,63.035,0.8364
IR-20260929T13470770441,IR,2026-09-29,2026-09-29T10:04:03.957553-04:00,75.97,0.5954
AAON-20260929T13530613958,AAON,2026-09-29,2026-09-29T10:04:03.957553-04:00,85.5957,0.7356
MXL-20260929T14003739534,MXL,2026-09-29,2026-09-29T10:04:03.957553-04:00,93.6549,0.5575
COIN-20260929T14004762658,COIN,2026-09-29,2026-09-29T10:04:03.957553-04:00,192.63,-0.0286
FORM-20260929T14011887857,FORM,2026-09-29,2026-09-29T10:04:03.957553-04:00,134.14,0.5118
ILMN-20260929T14012973926,ILMN,2026-09-29,2026-09-29T10:04:03.957553-04:00,273.98,-0.4878
BRKR-20260929T13365270012,BRKR,2026-09-29,2026-09-29T10:04:14.420048-04:00,62.9498,0.9705
IR-20260929T13470770441,IR,2026-09-29,2026-09-29T10:04:14.420048-04:00,75.901,0.6856
AAON-20260929T13530613958,AAON,2026-09-29,2026-09-29T10:04:14.420048-04:00,85.5769,0.4384
MXL-20260929T14003739534,MXL,2026-09-29,2026-09-29T10:04:14.420048-04:00,93.585,0.6318
COIN-20260929T14004762658,COIN,2026-09-29,2026-09-29T10:04:14.420048-04:00,192.725,-0.0779
FORM-20260929T14011887857,FORM,2026-09-29,2026-09-29T10:04:14.420048-04:00,134.405,0.3152
ILMN-20260929T14012973926,ILMN,2026-09-29,2026-09-29T10:04:14.420048-04:00,273.495,-0.3099
BRKR-20260929T13365270012,BRKR,2026-09-29,2026-09-29T10:04:24.608400-04:00,62.98,0.923
IR-20260929T13470770441,IR,2026-09-29,2026-09-29T10:04:24.608400-04:00,75.901,0.6856
AAON-20260929T13530613958,AAON,2026-09-29,2026-09-29T10:04:24.608400-04:00,85.55,0.4697
MXL-20260929T14003739534,MXL,2026-09-29,2026-09-29T10:04:24.608400-04:00,93.6669,0.5448
COIN-20260929T14004762658,COIN,2026-09-29,2026-09-29T10:04:24.608400-04:00,192.6749,-0.0519
FORM-20260929T14011887857,FORM,2026-09-29,2026-09-29T10:04:24.608400-04:00,134.51,0.2373
ILMN-20260929T14012973926,ILMN,2026-09-29,2026-09-29T10:04:24.608400-04:00,273.5035,-0.313
BRKR-20260929T13365270012,BRKR,2026-09-29,2026-09-29T10:04:34.860324-04:00,63.02,0.86
IR-20260929T13470770441,IR,2026-09-29,2026-09-29T10:04:34.860324-04:00,75.985,0.5757
AAON-20260929T13530613958,AAON,2026-09-29,2026-09-29T10:04:34.860324-04:00,85.4055,0.6378
MXL-20260929T14003739534,MXL,2026-09-29,2026-09-29T10:04:34.860324-04:00,93.9442,0.2504
COIN-20260929T14004762658,COIN,2026-09-29,2026-09-29T10:04:34.860324-04:00,192.7125,-0.0714
FORM-20260929T14011887857,FORM,2026-09-29,2026-09-29T10:04:34.860324-04:00,134.52,0.2299
ILMN-20260929T14012973926,ILMN,2026-09-29,2026-09-29T10:04:34.860324-04:00,273.47,-0.3008
BRKR-20260929T13365270012,BRKR,2026-09-29,2026-09-29T10:04:45.124478-04:00,63.02,0.86
IR-20260929T13470770441,IR,2026-09-29,2026-09-29T10:04:45.124478-04:00,76.015,0.5365
AAON-20260929T13530613958,AAON,2026-09-29,2026-09-29T10:04:45.124478-04:00,85.62,0.3882
MXL-20260929T14003739534,MXL,2026-09-29,2026-09-29T10:04:45.124478-04:00,93.83,0.3716
COIN-20260929T14004762658,COIN,2026-09-29,2026-09-29T10:04:45.124478-04:00,192.6319,-0.0295
FORM-20260929T14011887857,FORM,2026-09-29,2026-09-29T10:04:45.124478-04:00,134.8585,-0.0211
ILMN-20260929T14012973926,ILMN,2026-09-29,2026-09-29T10:04:45.124478-04:00,273.37,-0.2641
BRKR-20260929T13365270012,BRKR,2026-09-29,2026-09-29T10:04:55.340005-04:00,63.02,0.86
IR-20260929T13470770441,IR,2026-09-29,2026-09-29T10:04:55.340005-04:00,76.02,0.5299
AAON-20260929T13530613958,AAON,2026-09-29,2026-09-29T10:04:55.340005-04:00,85.57,0.4464
MXL-20260929T14003739534,MXL,2026-09-29,2026-09-29T10:04:55.340005-04:00,93.9,0.2973
COIN-20260929T14004762658,COIN,2026-09-29,2026-09-29T10:04:55.340005-04:00,192.6081,-0.0172
FORM-20260929T14011887857,FORM,2026-09-29,2026-09-29T10:04:55.340005-04:00,134.1152,0.5301
ILMN-20260929T14012973926,ILMN,2026-09-29,2026-09-29T10:04:55.340005-04:00,273.48,-0.3044
BRKR-20260929T13365270012,BRKR,2026-09-29,2026-09-29T10:05:05.602999-04:00,62.63,1.4736
IR-20260929T13470770441,IR,2026-09-29,2026-09-29T10:05:05.602999-04:00,76.02,0.5299
AAON-20260929T13530613958,AAON,2026-09-29,2026-09-29T10:05:05.602999-04:00,85.4943,0.5345
MXL-20260929T14003739534,MXL,2026-09-29,2026-09-29T10:05:05.602999-04:00,93.7335,0.4741
COIN-20260929T14004762658,COIN,2026-09-29,2026-09-29T10:05:05.602999-04:00,192.7759,-0.1043
FORM-20260929T14011887857,FORM,2026-09-29,2026-09-29T10:05:05.602999-04:00,134.195,0.471
ILMN-20260929T14012973926,ILMN,2026-09-29,2026-09-29T10:05:05.602999-04:00,273.175,-0.1926
BRKR-20260929T13365270012,BRKR,2026-09-29,2026-09-29T10:05:15.821686-04:00,62.76,1.2691
IR-20260929T13470770441,IR,2026-09-29,2026-09-29T10:05:15.821686-04:00,76.06,0.4776
AAON-20260929T13530613958,AAON,2026-09-29,2026-09-29T10:05:15.821686-04:00,85.5444,0.4762
MXL-20260929T14003739534,MXL,2026-09-29,2026-09-29T10:05:15.821686-04:00,93.63,0.584
COIN-20260929T14004762658,COIN,2026-09-29,2026-09-29T10:05:15.821686-04:00,192.7764,-0.1046
FORM-20260929T14011887857,FORM,2026-09-29,2026-09-29T10:05:15.821686-04:00,134.25,0.4302
ILMN-20260929T14012973926,ILMN,2026-09-29,2026-09-29T10:05:15.821686-04:00,273.22,-0.2091
BRKR-20260929T13365270012,BRKR,2026-09-29,2026-09-29T10:05:26.119519-04:00,62.61,1.505
IR-20260929T13470770441,IR,2026-09-29,2026-09-29T10:05:26.119519-04:00,76.04,0.5038
AAON-20260929T13530613958,AAON,2026-09-29,2026-09-29T10:05:26.119519-04:00,85.5604,0.4576
MXL-20260929T14003739534,MXL,2026-09-29,2026-09-29T10:05:26.119519-04:00,93.8855,0.3127
COIN-20260929T14004762658,COIN,2026-09-29,2026-09-29T10:05:26.119519-04:00,192.6112,-0.0188
FORM-20260929T14011887857,FORM,2026-09-29,2026-09-29T10:05:26.119519-04:00,134.3,0.3931
ILMN-20260929T14012973926,ILMN,2026-09-29,2026-09-29T10:05:26.119519-04:00,273.8806,-0.4513
BRKR-20260929T13365270012,BRKR,2026-09-29,2026-09-29T10:05:36.393389-04:00,62.76,1.2691
IR-20260929T13470770441,IR,2026-09-29,2026-09-29T10:05:36.393389-04:00,76.11,0.4122
AAON-20260929T13530613958,AAON,2026-09-29,2026-09-29T10:05:36.393389-04:00,85.5604,0.4576
MXL-20260929T14003739534,MXL,2026-09-29,2026-09-29T10:05:36.393389-04:00,94.4085,-0.2426
COIN-20260929T14004762658,COIN,2026-09-29,2026-09-29T10:05:36.393389-04:00,192.65,-0.0389
FORM-20260929T14011887857,FORM,2026-09-29,2026-09-29T10:05:36.393389-04:00,134.5436,0.2124
ILMN-20260929T14012973926,ILMN,2026-09-29,2026-09-29T10:05:36.393389-04:00,273.2,-0.2017
BRKR-20260929T13365270012,BRKR,2026-09-29,2026-09-29T10:05:46.676923-04:00,62.9455,0.9772
IR-20260929T13470770441,IR,2026-09-29,2026-09-29T10:05:46.676923-04:00,76.01,0.543
AAON-20260929T13530613958,AAON,2026-09-29,2026-09-29T10:05:46.676923-04:00,85.55,0.4697
MXL-20260929T14003739534,MXL,2026-09-29,2026-09-29T10:05:46.676923-04:00,93.62,0.5946
COIN-20260929T14004762658,COIN,2026-09-29,2026-09-29T10:05:46.676923-04:00,192.81,-0.122
FORM-20260929T14011887857,FORM,2026-09-29,2026-09-29T10:05:46.676923-04:00,134.195,0.471
ILMN-20260929T14012973926,ILMN,2026-09-29,2026-09-29T10:05:46.676923-04:00,273.08,-0.1577
BRKR-20260929T13365270012,BRKR,2026-09-29,2026-09-29T10:05:57.255614-04:00,62.63,1.4736
IR-20260929T13470770441,IR,2026-09-29,2026-09-29T10:05:57.255614-04:00,76.085,0.4449
AAON-20260929T13530613958,AAON,2026-09-29,2026-09-29T10:05:57.255614-04:00,85.57,0.4464
MXL-20260929T14003739534,MXL,2026-09-29,2026-09-29T10:05:57.255614-04:00,93.81,0.3929
COIN-20260929T14004762658,COIN,2026-09-29,2026-09-29T10:05:57.255614-04:00,192.8988,-0.1681
FORM-20260929T14011887857,FORM,2026-09-29,2026-09-29T10:05:57.255614-04:00,134.3031,0.3908
ILMN-20260929T14012973926,ILMN,2026-09-29,2026-09-29T10:05:57.255614-04:00,273.24,-0.2164
BRKR-20260929T13365270012,BRKR,2026-09-29,2026-09-29T10:06:07.494103-04:00,62.73,1.3163
IR-20260929T13470770441,IR,2026-09-29,2026-09-29T10:06:07.494103-04:00,76.06,0.4776
AAON-20260929T13530613958,AAON,2026-09-29,2026-09-29T10:06:07.494103-04:00,85.5246,0.4992
MXL-20260929T14003739534,MXL,2026-09-29,2026-09-29T10:06:07.494103-04:00,93.98,0.2124
COIN-20260929T14004762658,COIN,2026-09-29,2026-09-29T10:06:07.494103-04:00,192.82,-0.1272
FORM-20260929T14011887857,FORM,2026-09-29,2026-09-29T10:06:07.494103-04:00,133.96,0.6453
ILMN-20260929T14012973926,ILMN,2026-09-29,2026-09-29T10:06:07.494103-04:00,273.7959,-0.4203
P-20260929T14054723621,P,2026-09-29,2026-09-29T10:06:07.494103-04:00,129.49,0.1157
BRKR-20260929T13365270012,BRKR,2026-09-29,2026-09-29T10:06:17.724144-04:00,62.9361,0.992
IR-20260929T13470770441,IR,2026-09-29,2026-09-29T10:06:17.724144-04:00,75.99,0.5692
AAON-20260929T13530613958,AAON,2026-09-29,2026-09-29T10:06:17.724144-04:00,85.32,0.7372
MXL-20260929T14003739534,MXL,2026-09-29,2026-09-29T10:06:17.724144-04:00,94.015,0.1752
COIN-20260929T14004762658,COIN,2026-09-29,2026-09-29T10:06:17.724144-04:00,192.69,-0.0597
FORM-20260929T14011887857,FORM,2026-09-29,2026-09-29T10:06:17.724144-04:00,134.135,0.5155
ILMN-20260929T14012973926,ILMN,2026-09-29,2026-09-29T10:06:17.724144-04:00,272.91,-0.0954
P-20260929T14054723621,P,2026-09-29,2026-09-29T10:06:17.724144-04:00,130.152,-0.3949
BRKR-20260929T13365270012,BRKR,2026-09-29,2026-09-29T10:06:27.959458-04:00,62.9361,0.992
IR-20260929T13470770441,IR,2026-09-29,2026-09-29T10:06:27.959458-04:00,76.06,0.4776
AAON-20260929T13530613958,AAON,2026-09-29,2026-09-29T10:06:27.959458-04:00,85.5134,0.5122
MXL-20260929T14003739534,MXL,2026-09-29,2026-09-29T10:06:27.959458-04:00,93.9118,0.2848
COIN-20260929T14004762658,COIN,2026-09-29,2026-09-29T10:06:27.959458-04:00,192.7852,-0.1092
FORM-20260929T14011887857,FORM,2026-09-29,2026-09-29T10:06:27.959458-04:00,134.105,0.5377
ILMN-20260929T14012973926,ILMN,2026-09-29,2026-09-29T10:06:27.959458-04:00,272.71,-0.022
P-20260929T14054723621,P,2026-09-29,2026-09-29T10:06:27.959458-04:00,129.6199,0.0155
BRKR-20260929T13365270012,BRKR,2026-09-29,2026-09-29T10:06:38.222755-04:00,62.69,1.3792
IR-20260929T13470770441,IR,2026-09-29,2026-09-29T10:06:38.222755-04:00,76.07,0.4645
AAON-20260929T13530613958,AAON,2026-09-29,2026-09-29T10:06:38.222755-04:00,85.514,0.5115
MXL-20260929T14003739534,MXL,2026-09-29,2026-09-29T10:06:38.222755-04:00,93.9918,0.1998
COIN-20260929T14004762658,COIN,2026-09-29,2026-09-29T10:06:38.222755-04:00,192.74,-0.0857
FORM-20260929T14011887857,FORM,2026-09-29,2026-09-29T10:06:38.222755-04:00,133.91,0.6823
ILMN-20260929T14012973926,ILMN,2026-09-29,2026-09-29T10:06:38.222755-04:00,272.62,0.011
P-20260929T14054723621,P,2026-09-29,2026-09-29T10:06:38.222755-04:00,129.1201,0.401
SAIL-20260929T14061793280,SAIL,2026-09-29,2026-09-29T10:06:38.222755-04:00,20.69,-0.1452
BRKR-20260929T13365270012,BRKR,2026-09-29,2026-09-29T10:06:48.485063-04:00,62.68,1.3949
IR-20260929T13470770441,IR,2026-09-29,2026-09-29T10:06:48.485063-04:00,76.065,0.4711
AAON-20260929T13530613958,AAON,2026-09-29,2026-09-29T10:06:48.485063-04:00,85.4469,0.5896
MXL-20260929T14003739534,MXL,2026-09-29,2026-09-29T10:06:48.485063-04:00,94.0,0.1911
COIN-20260929T14004762658,COIN,2026-09-29,2026-09-29T10:06:48.485063-04:00,192.68,-0.0545
FORM-20260929T14011887857,FORM,2026-09-29,2026-09-29T10:06:48.485063-04:00,134.0993,0.5419
ILMN-20260929T14012973926,ILMN,2026-09-29,2026-09-29T10:06:48.485063-04:00,272.88,-0.0844
P-20260929T14054723621,P,2026-09-29,2026-09-29T10:06:48.485063-04:00,129.49,0.1157
SAIL-20260929T14061793280,SAIL,2026-09-29,2026-09-29T10:06:48.485063-04:00,20.66,-0.0
BRKR-20260929T13365270012,BRKR,2026-09-29,2026-09-29T10:06:58.694205-04:00,62.9197,1.0178
IR-20260929T13470770441,IR,2026-09-29,2026-09-29T10:06:58.694205-04:00,76.0484,0.4928
AAON-20260929T13530613958,AAON,2026-09-29,2026-09-29T10:06:58.694205-04:00,85.34,0.714
MXL-20260929T14003739534,MXL,2026-09-29,2026-09-29T10:06:58.694205-04:00,94.03,0.1593
COIN-20260929T14004762658,COIN,2026-09-29,2026-09-29T10:06:58.694205-04:00,192.675,-0.0519
FORM-20260929T14011887857,FORM,2026-09-29,2026-09-29T10:06:58.694205-04:00,134.9411,-0.0824
ILMN-20260929T14012973926,ILMN,2026-09-29,2026-09-29T10:06:58.694205-04:00,272.9727,-0.1184
P-20260929T14054723621,P,2026-09-29,2026-09-29T10:06:58.694205-04:00,129.29,0.27
SAIL-20260929T14061793280,SAIL,2026-09-29,2026-09-29T10:06:58.694205-04:00,20.6091,0.2464
BRKR-20260929T13365270012,BRKR,2026-09-29,2026-09-29T10:07:08.881125-04:00,62.69,1.3792
IR-20260929T13470770441,IR,2026-09-29,2026-09-29T10:07:08.881125-04:00,76.065,0.4711
AAON-20260929T13530613958,AAON,2026-09-29,2026-09-29T10:07:08.881125-04:00,85.325,0.7314
MXL-20260929T14003739534,MXL,2026-09-29,2026-09-29T10:07:08.881125-04:00,94.045,0.1433
COIN-20260929T14004762658,COIN,2026-09-29,2026-09-29T10:07:08.881125-04:00,192.7,-0.0649
FORM-20260929T14011887857,FORM,2026-09-29,2026-09-29T10:07:08.881125-04:00,134.18,0.4821
ILMN-20260929T14012973926,ILMN,2026-09-29,2026-09-29T10:07:08.881125-04:00,272.655,-0.0018
P-20260929T14054723621,P,2026-09-29,2026-09-29T10:07:08.881125-04:00,129.51,0.1003
SAIL-20260929T14061793280,SAIL,2026-09-29,2026-09-29T10:07:08.881125-04:00,20.6747,-0.0712
BRKR-20260929T13365270012,BRKR,2026-09-29,2026-09-29T10:07:19.097096-04:00,62.69,1.3792
IR-20260929T13470770441,IR,2026-09-29,2026-09-29T10:07:19.097096-04:00,76.0752,0.4577
AAON-20260929T13530613958,AAON,2026-09-29,2026-09-29T10:07:19.097096-04:00,85.4474,0.589
MXL-20260929T14003739534,MXL,2026-09-29,2026-09-29T10:07:19.097096-04:00,94.0038,0.1871
COIN-20260929T14004762658,COIN,2026-09-29,2026-09-29T10:07:19.097096-04:00,192.51,0.0338
FORM-20260929T14011887857,FORM,2026-09-29,2026-09-29T10:07:19.097096-04:00,134.38,0.3338
ILMN-20260929T14012973926,ILMN,2026-09-29,2026-09-29T10:07:19.097096-04:00,272.72,-0.0257
P-20260929T14054723621,P,2026-09-29,2026-09-29T10:07:19.097096-04:00,129.4592,0.1395
SAIL-20260929T14061793280,SAIL,2026-09-29,2026-09-29T10:07:19.097096-04:00,20.59,0.3388
BRKR-20260929T13365270012,BRKR,2026-09-29,2026-09-29T10:07:29.321589-04:00,62.55,1.5994
IR-20260929T13470770441,IR,2026-09-29,2026-09-29T10:07:29.321589-04:00,76.0,0.5561
AAON-20260929T13530613958,AAON,2026-09-29,2026-09-29T10:07:29.321589-04:00,85.36,0.6907
MXL-20260929T14003739534,MXL,2026-09-29,2026-09-29T10:07:29.321589-04:00,94.045,0.1433
COIN-20260929T14004762658,COIN,2026-09-29,2026-09-29T10:07:29.321589-04:00,192.4615,0.0589
FORM-20260929T14011887857,FORM,2026-09-29,2026-09-29T10:07:29.321589-04:00,134.1157,0.5298
ILMN-20260929T14012973926,ILMN,2026-09-29,2026-09-29T10:07:29.321589-04:00,272.6833,-0.0122
P-20260929T14054723621,P,2026-09-29,2026-09-29T10:07:29.321589-04:00,129.66,-0.0154
SAIL-20260929T14061793280,SAIL,2026-09-29,2026-09-29T10:07:29.321589-04:00,20.61,0.242
BRKR-20260929T13365270012,BRKR,2026-09-29,2026-09-29T10:07:39.466539-04:00,62.56,1.5837
IR-20260929T13470770441,IR,2026-09-29,2026-09-29T10:07:39.466539-04:00,75.98,0.5823
AAON-20260929T13530613958,AAON,2026-09-29,2026-09-29T10:07:39.466539-04:00,85.415,0.6267
MXL-20260929T14003739534,MXL,2026-09-29,2026-09-29T10:07:39.466539-04:00,94.1552,0.0263
COIN-20260929T14004762658,COIN,2026-09-29,2026-09-29T10:07:39.466539-04:00,192.5531,0.0114
FORM-20260929T14011887857,FORM,2026-09-29,2026-09-29T10:07:39.466539-04:00,134.16,0.4969
ILMN-20260929T14012973926,ILMN,2026-09-29,2026-09-29T10:07:39.466539-04:00,272.79,-0.0513
P-20260929T14054723621,P,2026-09-29,2026-09-29T10:07:39.466539-04:00,129.59,0.0386
SAIL-20260929T14061793280,SAIL,2026-09-29,2026-09-29T10:07:39.466539-04:00,20.6699,-0.0479
BRKR-20260929T13365270012,BRKR,2026-09-29,2026-09-29T10:07:49.659500-04:00,62.6153,1.4967
IR-20260929T13470770441,IR,2026-09-29,2026-09-29T10:07:49.659500-04:00,76.0,0.5561
AAON-20260929T13530613958,AAON,2026-09-29,2026-09-29T10:07:49.659500-04:00,85.315,0.7431
MXL-20260929T14003739534,MXL,2026-09-29,2026-09-29T10:07:49.659500-04:00,93.965,0.2283
COIN-20260929T14004762658,COIN,2026-09-29,2026-09-29T10:07:49.659500-04:00,192.52,0.0286
FORM-20260929T14011887857,FORM,2026-09-29,2026-09-29T10:07:49.659500-04:00,134.1125,0.5322
ILMN-20260929T14012973926,ILMN,2026-09-29,2026-09-29T10:07:49.659500-04:00,272.6525,-0.0009
P-20260929T14054723621,P,2026-09-29,2026-09-29T10:07:49.659500-04:00,129.6529,-0.01
SAIL-20260929T14061793280,SAIL,2026-09-29,2026-09-29T10:07:49.659500-04:00,20.6,0.2904
BRKR-20260929T13365270012,BRKR,2026-09-29,2026-09-29T10:07:59.894673-04:00,62.7675,1.2573
IR-20260929T13470770441,IR,2026-09-29,2026-09-29T10:07:59.894673-04:00,75.93,0.6477
AAON-20260929T13530613958,AAON,2026-09-29,2026-09-29T10:07:59.894673-04:00,85.315,0.7431
MXL-20260929T14003739534,MXL,2026-09-29,2026-09-29T10:07:59.894673-04:00,93.85,0.3504
COIN-20260929T14004762658,COIN,2026-09-29,2026-09-29T10:07:59.894673-04:00,192.415,0.0831
FORM-20260929T14011887857,FORM,2026-09-29,2026-09-29T10:07:59.894673-04:00,134.1125,0.5322
ILMN-20260929T14012973926,ILMN,2026-09-29,2026-09-29T10:07:59.894673-04:00,273.1095,-0.1685
P-20260929T14054723621,P,2026-09-29,2026-09-29T10:07:59.894673-04:00,129.52,0.0926
SAIL-20260929T14061793280,SAIL,2026-09-29,2026-09-29T10:07:59.894673-04:00,20.595,0.3146
BRKR-20260929T13365270012,BRKR,2026-09-29,2026-09-29T10:08:10.186883-04:00,62.6165,1.4948
IR-20260929T13470770441,IR,2026-09-29,2026-09-29T10:08:10.186883-04:00,76.0305,0.5162
AAON-20260929T13530613958,AAON,2026-09-29,2026-09-29T10:08:10.186883-04:00,85.4523,0.5833
MXL-20260929T14003739534,MXL,2026-09-29,2026-09-29T10:08:10.186883-04:00,94.0602,0.1272
COIN-20260929T14004762658,COIN,2026-09-29,2026-09-29T10:08:10.186883-04:00,192.5905,-0.008
FORM-20260929T14011887857,FORM,2026-09-29,2026-09-29T10:08:10.186883-04:00,134.0487,0.5795
ILMN-20260929T14012973926,ILMN,2026-09-29,2026-09-29T10:08:10.186883-04:00,273.0997,-0.1649
P-20260929T14054723621,P,2026-09-29,2026-09-29T10:08:10.186883-04:00,129.5151,0.0963
SAIL-20260929T14061793280,SAIL,2026-09-29,2026-09-29T10:08:10.186883-04:00,20.6586,0.0068
BRKR-20260929T13365270012,BRKR,2026-09-29,2026-09-29T10:08:20.523362-04:00,62.61,1.505
IR-20260929T13470770441,IR,2026-09-29,2026-09-29T10:08:20.523362-04:00,76.06,0.4776
AAON-20260929T13530613958,AAON,2026-09-29,2026-09-29T10:08:20.523362-04:00,85.4473,0.5891
MXL-20260929T14003739534,MXL,2026-09-29,2026-09-29T10:08:20.523362-04:00,94.07,0.1168
COIN-20260929T14004762658,COIN,2026-09-29,2026-09-29T10:08:20.523362-04:00,192.72,-0.0753
FORM-20260929T14011887857,FORM,2026-09-29,2026-09-29T10:08:20.523362-04:00,134.12,0.5266
ILMN-20260929T14012973926,ILMN,2026-09-29,2026-09-29T10:08:20.523362-04:00,272.815,-0.0605
SAIL-20260929T14061793280,SAIL,2026-09-29,2026-09-29T10:08:20.523362-04:00,20.5979,0.3006
BRKR-20260929T13365270012,BRKR,2026-09-29,2026-09-29T10:08:30.722188-04:00,62.77,1.2533
IR-20260929T13470770441,IR,2026-09-29,2026-09-29T10:08:30.722188-04:00,76.05,0.4907
AAON-20260929T13530613958,AAON,2026-09-29,2026-09-29T10:08:30.722188-04:00,85.28,0.7838
MXL-20260929T14003739534,MXL,2026-09-29,2026-09-29T10:08:30.722188-04:00,93.985,0.2071
COIN-20260929T14004762658,COIN,2026-09-29,2026-09-29T10:08:30.722188-04:00,192.74,-0.0857
FORM-20260929T14011887857,FORM,2026-09-29,2026-09-29T10:08:30.722188-04:00,134.1389,0.5126
ILMN-20260929T14012973926,ILMN,2026-09-29,2026-09-29T10:08:30.722188-04:00,273.0698,-0.154
SAIL-20260929T14061793280,SAIL,2026-09-29,2026-09-29T10:08:30.722188-04:00,20.6553,0.0227
BRKR-20260929T13365270012,BRKR,2026-09-29,2026-09-29T10:08:40.892770-04:00,62.717,1.3367
IR-20260929T13470770441,IR,2026-09-29,2026-09-29T10:08:40.892770-04:00,76.0722,0.4616
AAON-20260929T13530613958,AAON,2026-09-29,2026-09-29T10:08:40.892770-04:00,85.59,0.4231
MXL-20260929T14003739534,MXL,2026-09-29,2026-09-29T10:08:40.892770-04:00,93.9661,0.2271
COIN-20260929T14004762658,COIN,2026-09-29,2026-09-29T10:08:40.892770-04:00,193.07,-0.257
FORM-20260929T14011887857,FORM,2026-09-29,2026-09-29T10:08:40.892770-04:00,134.143,0.5095
ILMN-20260929T14012973926,ILMN,2026-09-29,2026-09-29T10:08:40.892770-04:00,273.13,-0.176
SAIL-20260929T14061793280,SAIL,2026-09-29,2026-09-29T10:08:40.892770-04:00,20.6484,0.0561
BRKR-20260929T13365270012,BRKR,2026-09-29,2026-09-29T10:08:51.193011-04:00,62.9,1.0488
IR-20260929T13470770441,IR,2026-09-29,2026-09-29T10:08:51.193011-04:00,76.05,0.4907
AAON-20260929T13530613958,AAON,2026-09-29,2026-09-29T10:08:51.193011-04:00,85.3962,0.6486
MXL-20260929T14003739534,MXL,2026-09-29,2026-09-29T10:08:51.193011-04:00,94.0,0.1911
COIN-20260929T14004762658,COIN,2026-09-29,2026-09-29T10:08:51.193011-04:00,192.8,-0.1168
FORM-20260929T14011887857,FORM,2026-09-29,2026-09-29T10:08:51.193011-04:00,133.68,0.8529
ILMN-20260929T14012973926,ILMN,2026-09-29,2026-09-29T10:08:51.193011-04:00,272.94,-0.1064
SAIL-20260929T14061793280,SAIL,2026-09-29,2026-09-29T10:08:51.193011-04:00,20.65,0.0484
BRKR-20260929T13365270012,BRKR,2026-09-29,2026-09-29T10:09:01.386065-04:00,62.925,1.0095
IR-20260929T13470770441,IR,2026-09-29,2026-09-29T10:09:01.386065-04:00,76.055,0.4841
AAON-20260929T13530613958,AAON,2026-09-29,2026-09-29T10:09:01.386065-04:00,85.3978,0.6467
MXL-20260929T14003739534,MXL,2026-09-29,2026-09-29T10:09:01.386065-04:00,93.775,0.43
COIN-20260929T14004762658,COIN,2026-09-29,2026-09-29T10:09:01.386065-04:00,192.845,-0.1402
FORM-20260929T14011887857,FORM,2026-09-29,2026-09-29T10:09:01.386065-04:00,133.88,0.7046
ILMN-20260929T14012973926,ILMN,2026-09-29,2026-09-29T10:09:01.386065-04:00,272.27,0.1394
SAIL-20260929T14061793280,SAIL,2026-09-29,2026-09-29T10:09:01.386065-04:00,20.615,0.2178
BRKR-20260929T13365270012,BRKR,2026-09-29,2026-09-29T10:09:11.619138-04:00,62.66,1.4264
IR-20260929T13470770441,IR,2026-09-29,2026-09-29T10:09:11.619138-04:00,76.08,0.4514
AAON-20260929T13530613958,AAON,2026-09-29,2026-09-29T10:09:11.619138-04:00,85.658,0.344
MXL-20260929T14003739534,MXL,2026-09-29,2026-09-29T10:09:11.619138-04:00,93.765,0.4406
COIN-20260929T14004762658,COIN,2026-09-29,2026-09-29T10:09:11.619138-04:00,193.03,-0.2363
FORM-20260929T14011887857,FORM,2026-09-29,2026-09-29T10:09:11.619138-04:00,134.2,0.4673
ILMN-20260929T14012973926,ILMN,2026-09-29,2026-09-29T10:09:11.619138-04:00,272.7471,-0.0356
SAIL-20260929T14061793280,SAIL,2026-09-29,2026-09-29T10:09:11.619138-04:00,20.61,0.242
BRKR-20260929T13365270012,BRKR,2026-09-29,2026-09-29T10:09:21.777923-04:00,62.66,1.4264
IR-20260929T13470770441,IR,2026-09-29,2026-09-29T10:09:21.777923-04:00,76.13,0.386
AAON-20260929T13530613958,AAON,2026-09-29,2026-09-29T10:09:21.777923-04:00,85.545,0.4755
MXL-20260929T14003739534,MXL,2026-09-29,2026-09-29T10:09:21.777923-04:00,93.8172,0.3852
COIN-20260929T14004762658,COIN,2026-09-29,2026-09-29T10:09:21.777923-04:00,192.8759,-0.1563
FORM-20260929T14011887857,FORM,2026-09-29,2026-09-29T10:09:21.777923-04:00,134.2774,0.4098
ILMN-20260929T14012973926,ILMN,2026-09-29,2026-09-29T10:09:21.777923-04:00,272.07,0.2127
SAIL-20260929T14061793280,SAIL,2026-09-29,2026-09-29T10:09:21.777923-04:00,20.6573,0.0131
BRKR-20260929T13365270012,BRKR,2026-09-29,2026-09-29T10:09:31.996627-04:00,62.6636,1.4207
IR-20260929T13470770441,IR,2026-09-29,2026-09-29T10:09:31.996627-04:00,76.13,0.386
AAON-20260929T13530613958,AAON,2026-09-29,2026-09-29T10:09:31.996627-04:00,85.463,0.5709
MXL-20260929T14003739534,MXL,2026-09-29,2026-09-29T10:09:31.996627-04:00,93.77,0.4353
COIN-20260929T14004762658,COIN,2026-09-29,2026-09-29T10:09:31.996627-04:00,192.64,-0.0338
FORM-20260929T14011887857,FORM,2026-09-29,2026-09-29T10:09:31.996627-04:00,133.94,0.6601
ILMN-20260929T14012973926,ILMN,2026-09-29,2026-09-29T10:09:31.996627-04:00,272.2802,0.1356
SAIL-20260929T14061793280,SAIL,2026-09-29,2026-09-29T10:09:31.996627-04:00,20.6027,0.2773
BRKR-20260929T13365270012,BRKR,2026-09-29,2026-09-29T10:09:42.150211-04:00,62.6766,1.4003
IR-20260929T13470770441,IR,2026-09-29,2026-09-29T10:09:42.150211-04:00,76.13,0.386
AAON-20260929T13530613958,AAON,2026-09-29,2026-09-29T10:09:42.150211-04:00,85.65,0.3533
MXL-20260929T14003739534,MXL,2026-09-29,2026-09-29T10:09:42.150211-04:00,93.66,0.5521
COIN-20260929T14004762658,COIN,2026-09-29,2026-09-29T10:09:42.150211-04:00,192.83,-0.1324
FORM-20260929T14011887857,FORM,2026-09-29,2026-09-29T10:09:42.150211-04:00,134.18,0.4821
ILMN-20260929T14012973926,ILMN,2026-09-29,2026-09-29T10:09:42.150211-04:00,272.8348,-0.0678
SAIL-20260929T14061793280,SAIL,2026-09-29,2026-09-29T10:09:42.150211-04:00,20.6757,-0.076
BRKR-20260929T13365270012,BRKR,2026-09-29,2026-09-29T10:09:52.247791-04:00,62.87,1.096
IR-20260929T13470770441,IR,2026-09-29,2026-09-29T10:09:52.247791-04:00,76.145,0.3664
AAON-20260929T13530613958,AAON,2026-09-29,2026-09-29T10:09:52.247791-04:00,85.5066,0.5201
MXL-20260929T14003739534,MXL,2026-09-29,2026-09-29T10:09:52.247791-04:00,93.9047,0.2923
COIN-20260929T14004762658,COIN,2026-09-29,2026-09-29T10:09:52.247791-04:00,192.57,0.0026
FORM-20260929T14011887857,FORM,2026-09-29,2026-09-29T10:09:52.247791-04:00,134.35,0.356
ILMN-20260929T14012973926,ILMN,2026-09-29,2026-09-29T10:09:52.247791-04:00,271.995,0.2402
SAIL-20260929T14061793280,SAIL,2026-09-29,2026-09-29T10:09:52.247791-04:00,20.6766,-0.0803
BRKR-20260929T13365270012,BRKR,2026-09-29,2026-09-29T10:10:02.450914-04:00,62.6745,1.4036
IR-20260929T13470770441,IR,2026-09-29,2026-09-29T10:10:02.450914-04:00,76.0704,0.464
AAON-20260929T13530613958,AAON,2026-09-29,2026-09-29T10:10:02.450914-04:00,85.6657,0.335
MXL-20260929T14003739534,MXL,2026-09-29,2026-09-29T10:10:02.450914-04:00,93.91,0.2867
COIN-20260929T14004762658,COIN,2026-09-29,2026-09-29T10:10:02.450914-04:00,192.54,0.0182
FORM-20260929T14011887857,FORM,2026-09-29,2026-09-29T10:10:02.450914-04:00,134.05,0.5785
ILMN-20260929T14012973926,ILMN,2026-09-29,2026-09-29T10:10:02.450914-04:00,271.9908,0.2418
SAIL-20260929T14061793280,SAIL,2026-09-29,2026-09-29T10:10:02.450914-04:00,20.625,0.1694
BRKR-20260929T13365270012,BRKR,2026-09-29,2026-09-29T10:10:12.673370-04:00,62.8975,1.0528
IR-20260929T13470770441,IR,2026-09-29,2026-09-29T10:10:12.673370-04:00,76.145,0.3664
AAON-20260929T13530613958,AAON,2026-09-29,2026-09-29T10:10:12.673370-04:00,85.62,0.3882
MXL-20260929T14003739534,MXL,2026-09-29,2026-09-29T10:10:12.673370-04:00,93.99,0.2017
COIN-20260929T14004762658,COIN,2026-09-29,2026-09-29T10:10:12.673370-04:00,192.98,-0.2103
FORM-20260929T14011887857,FORM,2026-09-29,2026-09-29T10:10:12.673370-04:00,134.19,0.4747
ILMN-20260929T14012973926,ILMN,2026-09-29,2026-09-29T10:10:12.673370-04:00,271.46,0.4365
SAIL-20260929T14061793280,SAIL,2026-09-29,2026-09-29T10:10:12.673370-04:00,20.6337,0.1273
BRKR-20260929T13365270012,BRKR,2026-09-29,2026-09-29T10:10:22.867996-04:00,62.657,1.4311
IR-20260929T13470770441,IR,2026-09-29,2026-09-29T10:10:22.867996-04:00,76.0917,0.4361
AAON-20260929T13530613958,AAON,2026-09-29,2026-09-29T10:10:22.867996-04:00,85.61,0.3998
MXL-20260929T14003739534,MXL,2026-09-29,2026-09-29T10:10:22.867996-04:00,93.995,0.1964
COIN-20260929T14004762658,COIN,2026-09-29,2026-09-29T10:10:22.867996-04:00,192.9268,-0.1827
FORM-20260929T14011887857,FORM,2026-09-29,2026-09-29T10:10:22.867996-04:00,134.2012,0.4664
ILMN-20260929T14012973926,ILMN,2026-09-29,2026-09-29T10:10:22.867996-04:00,273.1225,-0.1733
SAIL-20260929T14061793280,SAIL,2026-09-29,2026-09-29T10:10:22.867996-04:00,20.6476,0.06
BRKR-20260929T13365270012,BRKR,2026-09-29,2026-09-29T10:10:33.032185-04:00,62.657,1.4311
IR-20260929T13470770441,IR,2026-09-29,2026-09-29T10:10:33.032185-04:00,76.06,0.4776
AAON-20260929T13530613958,AAON,2026-09-29,2026-09-29T10:10:33.032185-04:00,85.6627,0.3385
MXL-20260929T14003739534,MXL,2026-09-29,2026-09-29T10:10:33.032185-04:00,94.06,0.1274
COIN-20260929T14004762658,COIN,2026-09-29,2026-09-29T10:10:33.032185-04:00,193.07,-0.257
FORM-20260929T14011887857,FORM,2026-09-29,2026-09-29T10:10:33.032185-04:00,134.1131,0.5317
ILMN-20260929T14012973926,ILMN,2026-09-29,2026-09-29T10:10:33.032185-04:00,271.99,0.2421
SAIL-20260929T14061793280,SAIL,2026-09-29,2026-09-29T10:10:33.032185-04:00,20.65,0.0484
BRKR-20260929T13365270012,BRKR,2026-09-29,2026-09-29T10:10:43.188471-04:00,62.657,1.4311
IR-20260929T13470770441,IR,2026-09-29,2026-09-29T10:10:43.188471-04:00,76.1,0.4253
AAON-20260929T13530613958,AAON,2026-09-29,2026-09-29T10:10:43.188471-04:00,85.54,0.4813
MXL-20260929T14003739534,MXL,2026-09-29,2026-09-29T10:10:43.188471-04:00,94.02,0.1699
COIN-20260929T14004762658,COIN,2026-09-29,2026-09-29T10:10:43.188471-04:00,192.9912,-0.2161
FORM-20260929T14011887857,FORM,2026-09-29,2026-09-29T10:10:43.188471-04:00,134.1976,0.469
ILMN-20260929T14012973926,ILMN,2026-09-29,2026-09-29T10:10:43.188471-04:00,271.8946,0.2771
SAIL-20260929T14061793280,SAIL,2026-09-29,2026-09-29T10:10:43.188471-04:00,20.655,0.0242
BRKR-20260929T13365270012,BRKR,2026-09-29,2026-09-29T10:10:53.413298-04:00,62.75,1.2848
IR-20260929T13470770441,IR,2026-09-29,2026-09-29T10:10:53.413298-04:00,76.1,0.4253
AAON-20260929T13530613958,AAON,2026-09-29,2026-09-29T10:10:53.413298-04:00,85.4723,0.5601
MXL-20260929T14003739534,MXL,2026-09-29,2026-09-29T10:10:53.413298-04:00,93.76,0.446
COIN-20260929T14004762658,COIN,2026-09-29,2026-09-29T10:10:53.413298-04:00,192.7623,-0.0973
FORM-20260929T14011887857,FORM,2026-09-29,2026-09-29T10:10:53.413298-04:00,134.17,0.4895
ILMN-20260929T14012973926,ILMN,2026-09-29,2026-09-29T10:10:53.413298-04:00,272.0,0.2384
SAIL-20260929T14061793280,SAIL,2026-09-29,2026-09-29T10:10:53.413298-04:00,20.7,-0.1936
BRKR-20260929T13365270012,BRKR,2026-09-29,2026-09-29T10:11:03.904786-04:00,62.7755,1.2447
IR-20260929T13470770441,IR,2026-09-29,2026-09-29T10:11:03.904786-04:00,76.06,0.4776
AAON-20260929T13530613958,AAON,2026-09-29,2026-09-29T10:11:03.904786-04:00,85.4721,0.5603
MXL-20260929T14003739534,MXL,2026-09-29,2026-09-29T10:11:03.904786-04:00,93.96,0.2336
COIN-20260929T14004762658,COIN,2026-09-29,2026-09-29T10:11:03.904786-04:00,193.255,-0.3531
FORM-20260929T14011887857,FORM,2026-09-29,2026-09-29T10:11:03.904786-04:00,134.33,0.3708
ILMN-20260929T14012973926,ILMN,2026-09-29,2026-09-29T10:11:03.904786-04:00,272.1712,0.1756
SAIL-20260929T14061793280,SAIL,2026-09-29,2026-09-29T10:11:03.904786-04:00,20.7,-0.1936
BRKR-20260929T13365270012,BRKR,2026-09-29,2026-09-29T10:11:14.347788-04:00,62.8573,1.116
IR-20260929T13470770441,IR,2026-09-29,2026-09-29T10:11:14.347788-04:00,76.11,0.4122
AAON-20260929T13530613958,AAON,2026-09-29,2026-09-29T10:11:14.347788-04:00,85.32,0.7372
MXL-20260929T14003739534,MXL,2026-09-29,2026-09-29T10:11:14.347788-04:00,93.9,0.2973
FORM-20260929T14011887857,FORM,2026-09-29,2026-09-29T10:11:14.347788-04:00,134.1256,0.5224
ILMN-20260929T14012973926,ILMN,2026-09-29,2026-09-29T10:11:14.347788-04:00,272.4857,0.0603
BRKR-20260929T13365270012,BRKR,2026-09-29,2026-09-29T10:11:24.549694-04:00,62.7722,1.2499
IR-20260929T13470770441,IR,2026-09-29,2026-09-29T10:11:24.549694-04:00,76.115,0.4056
AAON-20260929T13530613958,AAON,2026-09-29,2026-09-29T10:11:24.549694-04:00,85.4,0.6442
MXL-20260929T14003739534,MXL,2026-09-29,2026-09-29T10:11:24.549694-04:00,93.76,0.446
FORM-20260929T14011887857,FORM,2026-09-29,2026-09-29T10:11:24.549694-04:00,134.0985,0.5425
ILMN-20260929T14012973926,ILMN,2026-09-29,2026-09-29T10:11:24.549694-04:00,272.4825,0.0614
BRKR-20260929T13365270012,BRKR,2026-09-29,2026-09-29T10:11:34.710180-04:00,62.8566,1.1171
IR-20260929T13470770441,IR,2026-09-29,2026-09-29T10:11:34.710180-04:00,76.145,0.3664
AAON-20260929T13530613958,AAON,2026-09-29,2026-09-29T10:11:34.710180-04:00,85.265,0.8012
MXL-20260929T14003739534,MXL,2026-09-29,2026-09-29T10:11:34.710180-04:00,93.74,0.4672
FORM-20260929T14011887857,FORM,2026-09-29,2026-09-29T10:11:34.710180-04:00,134.195,0.471
ILMN-20260929T14012973926,ILMN,2026-09-29,2026-09-29T10:11:34.710180-04:00,272.96,-0.1137
BRKR-20260929T13365270012,BRKR,2026-09-29,2026-09-29T10:11:44.867464-04:00,62.7836,1.2319
IR-20260929T13470770441,IR,2026-09-29,2026-09-29T10:11:44.867464-04:00,76.075,0.458
AAON-20260929T13530613958,AAON,2026-09-29,2026-09-29T10:11:44.867464-04:00,85.05,1.0514
MXL-20260929T14003739534,MXL,2026-09-29,2026-09-29T10:11:44.867464-04:00,93.745,0.4619
FORM-20260929T14011887857,FORM,2026-09-29,2026-09-29T10:11:44.867464-04:00,134.195,0.471
ILMN-20260929T14012973926,ILMN,2026-09-29,2026-09-29T10:11:44.867464-04:00,272.5477,0.0375
BRKR-20260929T13365270012,BRKR,2026-09-29,2026-09-29T10:11:55.108161-04:00,62.895,1.0567
IR-20260929T13470770441,IR,2026-09-29,2026-09-29T10:11:55.108161-04:00,76.05,0.4907
AAON-20260929T13530613958,AAON,2026-09-29,2026-09-29T10:11:55.108161-04:00,85.4045,0.6389
MXL-20260929T14003739534,MXL,2026-09-29,2026-09-29T10:11:55.108161-04:00,93.61,0.6052
FORM-20260929T14011887857,FORM,2026-09-29,2026-09-29T10:11:55.108161-04:00,134.195,0.471
ILMN-20260929T14012973926,ILMN,2026-09-29,2026-09-29T10:11:55.108161-04:00,272.4649,0.0679
BRKR-20260929T13365270012,BRKR,2026-09-29,2026-09-29T10:12:05.273408-04:00,62.895,1.0567
IR-20260929T13470770441,IR,2026-09-29,2026-09-29T10:12:05.273408-04:00,76.09,0.4383
AAON-20260929T13530613958,AAON,2026-09-29,2026-09-29T10:12:05.273408-04:00,85.0771,1.0198
MXL-20260929T14003739534,MXL,2026-09-29,2026-09-29T10:12:05.273408-04:00,93.7867,0.4176
FORM-20260929T14011887857,FORM,2026-09-29,2026-09-29T10:12:05.273408-04:00,134.0939,0.5459
ILMN-20260929T14012973926,ILMN,2026-09-29,2026-09-29T10:12:05.273408-04:00,272.4591,0.07
BRKR-20260929T13365270012,BRKR,2026-09-29,2026-09-29T10:12:15.542062-04:00,62.8132,1.1854
IR-20260929T13470770441,IR,2026-09-29,2026-09-29T10:12:15.542062-04:00,75.98,0.5823
AAON-20260929T13530613958,AAON,2026-09-29,2026-09-29T10:12:15.542062-04:00,84.91,1.2142
MXL-20260929T14003739534,MXL,2026-09-29,2026-09-29T10:12:15.542062-04:00,93.5519,0.6669
FORM-20260929T14011887857,FORM,2026-09-29,2026-09-29T10:12:15.542062-04:00,133.78,0.7788
ILMN-20260929T14012973926,ILMN,2026-09-29,2026-09-29T10:12:15.542062-04:00,272.69,-0.0147
BRKR-20260929T13365270012,BRKR,2026-09-29,2026-09-29T10:12:25.707282-04:00,62.8132,1.1854
IR-20260929T13470770441,IR,2026-09-29,2026-09-29T10:12:25.707282-04:00,75.93,0.6477
AAON-20260929T13530613958,AAON,2026-09-29,2026-09-29T10:12:25.707282-04:00,84.76,1.3888
MXL-20260929T14003739534,MXL,2026-09-29,2026-09-29T10:12:25.707282-04:00,93.345,0.8866
FORM-20260929T14011887857,FORM,2026-09-29,2026-09-29T10:12:25.707282-04:00,133.845,0.7305
ILMN-20260929T14012973926,ILMN,2026-09-29,2026-09-29T10:12:25.707282-04:00,272.406,0.0895
BRKR-20260929T13365270012,BRKR,2026-09-29,2026-09-29T10:12:35.882729-04:00,62.8132,1.1854
IR-20260929T13470770441,IR,2026-09-29,2026-09-29T10:12:35.882729-04:00,76.0812,0.4499
AAON-20260929T13530613958,AAON,2026-09-29,2026-09-29T10:12:35.882729-04:00,84.755,1.3946
MXL-20260929T14003739534,MXL,2026-09-29,2026-09-29T10:12:35.882729-04:00,93.19,1.0512
FORM-20260929T14011887857,FORM,2026-09-29,2026-09-29T10:12:35.882729-04:00,134.0615,0.57
ILMN-20260929T14012973926,ILMN,2026-09-29,2026-09-29T10:12:35.882729-04:00,272.4525,0.0724
BRKR-20260929T13365270012,BRKR,2026-09-29,2026-09-29T10:12:46.062670-04:00,62.895,1.0567
IR-20260929T13470770441,IR,2026-09-29,2026-09-29T10:12:46.062670-04:00,75.96,0.6084
AAON-20260929T13530613958,AAON,2026-09-29,2026-09-29T10:12:46.062670-04:00,84.755,1.3946
MXL-20260929T14003739534,MXL,2026-09-29,2026-09-29T10:12:46.062670-04:00,93.38,0.8494
FORM-20260929T14011887857,FORM,2026-09-29,2026-09-29T10:12:46.062670-04:00,134.0438,0.5831
ILMN-20260929T14012973926,ILMN,2026-09-29,2026-09-29T10:12:46.062670-04:00,272.7846,-0.0494
BRKR-20260929T13365270012,BRKR,2026-09-29,2026-09-29T10:12:56.188551-04:00,62.9,1.0488
IR-20260929T13470770441,IR,2026-09-29,2026-09-29T10:12:56.188551-04:00,75.93,0.6477
AAON-20260929T13530613958,AAON,2026-09-29,2026-09-29T10:12:56.188551-04:00,84.76,1.3888
MXL-20260929T14003739534,MXL,2026-09-29,2026-09-29T10:12:56.188551-04:00,93.37,0.8601
FORM-20260929T14011887857,FORM,2026-09-29,2026-09-29T10:12:56.188551-04:00,133.86,0.7194
ILMN-20260929T14012973926,ILMN,2026-09-29,2026-09-29T10:12:56.188551-04:00,272.5307,0.0438
BRKR-20260929T13365270012,BRKR,2026-09-29,2026-09-29T10:13:06.365988-04:00,62.9,1.0488
IR-20260929T13470770441,IR,2026-09-29,2026-09-29T10:13:06.365988-04:00,75.975,0.5888
AAON-20260929T13530613958,AAON,2026-09-29,2026-09-29T10:13:06.365988-04:00,84.7,1.4586
MXL-20260929T14003739534,MXL,2026-09-29,2026-09-29T10:13:06.365988-04:00,93.3309,0.9016
FORM-20260929T14011887857,FORM,2026-09-29,2026-09-29T10:13:06.365988-04:00,133.9149,0.6787
ILMN-20260929T14012973926,ILMN,2026-09-29,2026-09-29T10:13:06.365988-04:00,272.68,-0.011
BRKR-20260929T13365270012,BRKR,2026-09-29,2026-09-29T10:13:16.793131-04:00,62.91,1.0331
IR-20260929T13470770441,IR,2026-09-29,2026-09-29T10:13:16.793131-04:00,75.975,0.5888
AAON-20260929T13530613958,AAON,2026-09-29,2026-09-29T10:13:16.793131-04:00,84.9484,1.1696
MXL-20260929T14003739534,MXL,2026-09-29,2026-09-29T10:13:16.793131-04:00,93.2742,0.6781
FORM-20260929T14011887857,FORM,2026-09-29,2026-09-29T10:13:16.793131-04:00,133.865,0.7157
ILMN-20260929T14012973926,ILMN,2026-09-29,2026-09-29T10:13:16.793131-04:00,272.4691,0.0663
BRKR-20260929T13365270012,BRKR,2026-09-29,2026-09-29T10:13:27.018709-04:00,62.91,1.0331
IR-20260929T13470770441,IR,2026-09-29,2026-09-29T10:13:27.018709-04:00,75.975,0.5888
AAON-20260929T13530613958,AAON,2026-09-29,2026-09-29T10:13:27.018709-04:00,84.7581,1.1282
MXL-20260929T14003739534,MXL,2026-09-29,2026-09-29T10:13:27.018709-04:00,93.3428,0.605
FORM-20260929T14011887857,FORM,2026-09-29,2026-09-29T10:13:27.018709-04:00,133.865,0.7157
ILMN-20260929T14012973926,ILMN,2026-09-29,2026-09-29T10:13:27.018709-04:00,273.145,-0.1816
BRKR-20260929T13365270012,BRKR,2026-09-29,2026-09-29T10:13:37.343892-04:00,62.825,1.1668
IR-20260929T13470770441,IR,2026-09-29,2026-09-29T10:13:37.343892-04:00,75.97,0.5954
AAON-20260929T13530613958,AAON,2026-09-29,2026-09-29T10:13:37.343892-04:00,84.76,1.1259
MXL-20260929T14003739534,MXL,2026-09-29,2026-09-29T10:13:37.343892-04:00,93.565,0.3684
FORM-20260929T14011887857,FORM,2026-09-29,2026-09-29T10:13:37.343892-04:00,133.78,0.7788
ILMN-20260929T14012973926,ILMN,2026-09-29,2026-09-29T10:13:37.343892-04:00,272.92,-0.099
BRKR-20260929T13365270012,BRKR,2026-09-29,2026-09-29T10:13:47.500103-04:00,62.825,1.1668
IR-20260929T13470770441,IR,2026-09-29,2026-09-29T10:13:47.500103-04:00,75.91,0.6739
AAON-20260929T13530613958,AAON,2026-09-29,2026-09-29T10:13:47.500103-04:00,84.77,1.1143
MXL-20260929T14003739534,MXL,2026-09-29,2026-09-29T10:13:47.500103-04:00,93.565,0.3684
FORM-20260929T14011887857,FORM,2026-09-29,2026-09-29T10:13:47.500103-04:00,133.8865,0.6998
ILMN-20260929T14012973926,ILMN,2026-09-29,2026-09-29T10:13:47.500103-04:00,273.18,-0.1944
BRKR-20260929T13365270012,BRKR,2026-09-29,2026-09-29T10:13:57.643327-04:00,62.91,1.0331
IR-20260929T13470770441,IR,2026-09-29,2026-09-29T10:13:57.643327-04:00,76.0,0.5561
AAON-20260929T13530613958,AAON,2026-09-29,2026-09-29T10:13:57.643327-04:00,84.77,1.1143
MXL-20260929T14003739534,MXL,2026-09-29,2026-09-29T10:13:57.643327-04:00,93.72,0.2034
FORM-20260929T14011887857,FORM,2026-09-29,2026-09-29T10:13:57.643327-04:00,134.0212,0.5999
ILMN-20260929T14012973926,ILMN,2026-09-29,2026-09-29T10:13:57.643327-04:00,272.98,-0.121
BRKR-20260929T13365270012,BRKR,2026-09-29,2026-09-29T10:14:07.779579-04:00,62.7081,1.3507
IR-20260929T13470770441,IR,2026-09-29,2026-09-29T10:14:07.779579-04:00,75.985,0.5757
AAON-20260929T13530613958,AAON,2026-09-29,2026-09-29T10:14:07.779579-04:00,84.7,1.1959
MXL-20260929T14003739534,MXL,2026-09-29,2026-09-29T10:14:07.779579-04:00,93.83,0.0862
FORM-20260929T14011887857,FORM,2026-09-29,2026-09-29T10:14:07.779579-04:00,133.9419,0.6587
ILMN-20260929T14012973926,ILMN,2026-09-29,2026-09-29T10:14:07.779579-04:00,273.155,-0.1852
IR-20260929T13470770441,IR,2026-09-29,2026-09-29T10:14:18.066920-04:00,75.985,0.5757
AAON-20260929T13530613958,AAON,2026-09-29,2026-09-29T10:14:18.066920-04:00,84.82,1.056
MXL-20260929T14003739534,MXL,2026-09-29,2026-09-29T10:14:18.066920-04:00,93.88,0.033
FORM-20260929T14011887857,FORM,2026-09-29,2026-09-29T10:14:18.066920-04:00,133.7475,0.8029
ILMN-20260929T14012973926,ILMN,2026-09-29,2026-09-29T10:14:18.066920-04:00,273.09,-0.1614
IR-20260929T13470770441,IR,2026-09-29,2026-09-29T10:14:28.296140-04:00,75.995,0.5626
AAON-20260929T13530613958,AAON,2026-09-29,2026-09-29T10:14:28.296140-04:00,84.93,0.9276
MXL-20260929T14003739534,MXL,2026-09-29,2026-09-29T10:14:28.296140-04:00,94.04,-0.1374
FORM-20260929T14011887857,FORM,2026-09-29,2026-09-29T10:14:28.296140-04:00,133.74,0.8084
ILMN-20260929T14012973926,ILMN,2026-09-29,2026-09-29T10:14:28.296140-04:00,273.3175,-0.2448
IR-20260929T13470770441,IR,2026-09-29,2026-09-29T10:14:38.503297-04:00,75.985,0.5757
AAON-20260929T13530613958,AAON,2026-09-29,2026-09-29T10:14:38.503297-04:00,84.8337,1.04
MXL-20260929T14003739534,MXL,2026-09-29,2026-09-29T10:14:38.503297-04:00,94.06,-0.1587
FORM-20260929T14011887857,FORM,2026-09-29,2026-09-29T10:14:38.503297-04:00,134.0923,0.5471
ILMN-20260929T14012973926,ILMN,2026-09-29,2026-09-29T10:14:38.503297-04:00,272.9877,-0.1239
IR-20260929T13470770441,IR,2026-09-29,2026-09-29T10:14:48.689915-04:00,75.94,0.6346
AAON-20260929T13530613958,AAON,2026-09-29,2026-09-29T10:14:48.689915-04:00,85.12,0.706
MXL-20260929T14003739534,MXL,2026-09-29,2026-09-29T10:14:48.689915-04:00,93.955,-0.0469
FORM-20260929T14011887857,FORM,2026-09-29,2026-09-29T10:14:48.689915-04:00,133.735,0.8121
ILMN-20260929T14012973926,ILMN,2026-09-29,2026-09-29T10:14:48.689915-04:00,272.7554,-0.0387
IR-20260929T13470770441,IR,2026-09-29,2026-09-29T10:14:58.859730-04:00,75.985,0.5757
AAON-20260929T13530613958,AAON,2026-09-29,2026-09-29T10:14:58.859730-04:00,85.2226,0.5863
MXL-20260929T14003739534,MXL,2026-09-29,2026-09-29T10:14:58.859730-04:00,94.0,-0.0948
FORM-20260929T14011887857,FORM,2026-09-29,2026-09-29T10:14:58.859730-04:00,133.82,0.7491
ILMN-20260929T14012973926,ILMN,2026-09-29,2026-09-29T10:14:58.859730-04:00,273.144,-0.1812
IR-20260929T13470770441,IR,2026-09-29,2026-09-29T10:15:09.066224-04:00,75.985,0.5757
AAON-20260929T13530613958,AAON,2026-09-29,2026-09-29T10:15:09.066224-04:00,85.1175,0.7089
MXL-20260929T14003739534,MXL,2026-09-29,2026-09-29T10:15:09.066224-04:00,93.9724,-0.0654
FORM-20260929T14011887857,FORM,2026-09-29,2026-09-29T10:15:09.066224-04:00,134.2805,0.4076
ILMN-20260929T14012973926,ILMN,2026-09-29,2026-09-29T10:15:09.066224-04:00,273.105,-0.1669
IR-20260929T13470770441,IR,2026-09-29,2026-09-29T10:15:19.541289-04:00,76.0,0.5561
AAON-20260929T13530613958,AAON,2026-09-29,2026-09-29T10:15:19.541289-04:00,85.1175,0.7089
FORM-20260929T14011887857,FORM,2026-09-29,2026-09-29T10:15:19.541289-04:00,133.8129,0.7544
ILMN-20260929T14012973926,ILMN,2026-09-29,2026-09-29T10:15:19.541289-04:00,273.58,-0.3411
IR-20260929T13470770441,IR,2026-09-29,2026-09-29T10:15:29.793513-04:00,76.0583,0.4798
AAON-20260929T13530613958,AAON,2026-09-29,2026-09-29T10:15:29.793513-04:00,84.9406,0.9153
FORM-20260929T14011887857,FORM,2026-09-29,2026-09-29T10:15:29.793513-04:00,133.9301,0.6674
ILMN-20260929T14012973926,ILMN,2026-09-29,2026-09-29T10:15:29.793513-04:00,273.1,-0.165
IR-20260929T13470770441,IR,2026-09-29,2026-09-29T10:15:39.964341-04:00,75.99,0.5692
AAON-20260929T13530613958,AAON,2026-09-29,2026-09-29T10:15:39.964341-04:00,85.17,0.6477
FORM-20260929T14011887857,FORM,2026-09-29,2026-09-29T10:15:39.964341-04:00,133.9525,0.6508
ILMN-20260929T14012973926,ILMN,2026-09-29,2026-09-29T10:15:39.964341-04:00,272.9292,-0.1024
IR-20260929T13470770441,IR,2026-09-29,2026-09-29T10:15:50.121377-04:00,76.0,0.5561
AAON-20260929T13530613958,AAON,2026-09-29,2026-09-29T10:15:50.121377-04:00,85.06,0.776
FORM-20260929T14011887857,FORM,2026-09-29,2026-09-29T10:15:50.121377-04:00,133.965,0.6415
ILMN-20260929T14012973926,ILMN,2026-09-29,2026-09-29T10:15:50.121377-04:00,273.12,-0.1724
IR-20260929T13470770441,IR,2026-09-29,2026-09-29T10:16:00.249206-04:00,75.99,0.5692
AAON-20260929T13530613958,AAON,2026-09-29,2026-09-29T10:16:00.249206-04:00,85.1675,0.6506
FORM-20260929T14011887857,FORM,2026-09-29,2026-09-29T10:16:00.249206-04:00,133.965,0.6415
ILMN-20260929T14012973926,ILMN,2026-09-29,2026-09-29T10:16:00.249206-04:00,273.54,-0.3264
IR-20260929T13470770441,IR,2026-09-29,2026-09-29T10:16:10.829060-04:00,76.08,0.4514
AAON-20260929T13530613958,AAON,2026-09-29,2026-09-29T10:16:10.829060-04:00,85.065,0.7702
FORM-20260929T14011887857,FORM,2026-09-29,2026-09-29T10:16:10.829060-04:00,134.1293,0.5197
ILMN-20260929T14012973926,ILMN,2026-09-29,2026-09-29T10:16:10.829060-04:00,273.2325,-0.2136
IR-20260929T13470770441,IR,2026-09-29,2026-09-29T10:16:21.070862-04:00,75.9906,0.5684
AAON-20260929T13530613958,AAON,2026-09-29,2026-09-29T10:16:21.070862-04:00,84.8921,0.9718
FORM-20260929T14011887857,FORM,2026-09-29,2026-09-29T10:16:21.070862-04:00,133.965,0.6415
ILMN-20260929T14012973926,ILMN,2026-09-29,2026-09-29T10:16:21.070862-04:00,273.4721,-0.3015
IR-20260929T13470770441,IR,2026-09-29,2026-09-29T10:16:31.334621-04:00,76.0531,0.4866
AAON-20260929T13530613958,AAON,2026-09-29,2026-09-29T10:16:31.334621-04:00,85.02,0.8226
FORM-20260929T14011887857,FORM,2026-09-29,2026-09-29T10:16:31.334621-04:00,133.8944,0.6939
ILMN-20260929T14012973926,ILMN,2026-09-29,2026-09-29T10:16:31.334621-04:00,273.325,-0.2476
DDOG-20260929T14161104679,DDOG,2026-09-29,2026-09-29T10:16:31.334621-04:00,261.9,-0.0306
IR-20260929T13470770441,IR,2026-09-29,2026-09-29T10:16:41.519293-04:00,76.005,0.5496
AAON-20260929T13530613958,AAON,2026-09-29,2026-09-29T10:16:41.519293-04:00,85.02,0.8226
FORM-20260929T14011887857,FORM,2026-09-29,2026-09-29T10:16:41.519293-04:00,133.865,0.7157
ILMN-20260929T14012973926,ILMN,2026-09-29,2026-09-29T10:16:41.519293-04:00,273.6,-0.3484
DDOG-20260929T14161104679,DDOG,2026-09-29,2026-09-29T10:16:41.519293-04:00,262.1525,-0.127
IR-20260929T13470770441,IR,2026-09-29,2026-09-29T10:16:51.852116-04:00,76.005,0.5496
AAON-20260929T13530613958,AAON,2026-09-29,2026-09-29T10:16:51.852116-04:00,85.15,0.671
FORM-20260929T14011887857,FORM,2026-09-29,2026-09-29T10:16:51.852116-04:00,134.07,0.5637
ILMN-20260929T14012973926,ILMN,2026-09-29,2026-09-29T10:16:51.852116-04:00,273.44,-0.2897
DDOG-20260929T14161104679,DDOG,2026-09-29,2026-09-29T10:16:51.852116-04:00,262.3203,-0.1911
IR-20260929T13470770441,IR,2026-09-29,2026-09-29T10:17:02.008759-04:00,75.97,0.5954
AAON-20260929T13530613958,AAON,2026-09-29,2026-09-29T10:17:02.008759-04:00,85.0218,0.8205
FORM-20260929T14011887857,FORM,2026-09-29,2026-09-29T10:17:02.008759-04:00,134.13,0.5192
ILMN-20260929T14012973926,ILMN,2026-09-29,2026-09-29T10:17:02.008759-04:00,273.38,-0.2677
DDOG-20260929T14161104679,DDOG,2026-09-29,2026-09-29T10:17:02.008759-04:00,262.0101,-0.0726
IR-20260929T13470770441,IR,2026-09-29,2026-09-29T10:17:12.409398-04:00,75.915,0.6673
FORM-20260929T14011887857,FORM,2026-09-29,2026-09-29T10:17:12.409398-04:00,133.95,0.6527
ILMN-20260929T14012973926,ILMN,2026-09-29,2026-09-29T10:17:12.409398-04:00,273.0091,-0.1317
DDOG-20260929T14161104679,DDOG,2026-09-29,2026-09-29T10:17:12.409398-04:00,262.01,-0.0726
IR-20260929T13470770441,IR,2026-09-29,2026-09-29T10:17:22.663557-04:00,75.89,0.7
FORM-20260929T14011887857,FORM,2026-09-29,2026-09-29T10:17:22.663557-04:00,133.9862,0.6258
ILMN-20260929T14012973926,ILMN,2026-09-29,2026-09-29T10:17:22.663557-04:00,273.1596,-0.1869
DDOG-20260929T14161104679,DDOG,2026-09-29,2026-09-29T10:17:22.663557-04:00,262.3602,-0.2063
COIN-20260929T14170239619,COIN,2026-09-29,2026-09-29T10:17:22.663557-04:00,193.36,-0.2601
IR-20260929T13470770441,IR,2026-09-29,2026-09-29T10:17:32.842612-04:00,75.935,0.6412
FORM-20260929T14011887857,FORM,2026-09-29,2026-09-29T10:17:32.842612-04:00,133.9363,0.6628
ILMN-20260929T14012973926,ILMN,2026-09-29,2026-09-29T10:17:32.842612-04:00,273.0687,-0.1536
DDOG-20260929T14161104679,DDOG,2026-09-29,2026-09-29T10:17:32.842612-04:00,262.1023,-0.1078
COIN-20260929T14170239619,COIN,2026-09-29,2026-09-29T10:17:32.842612-04:00,193.408,-0.285
IR-20260929T13470770441,IR,2026-09-29,2026-09-29T10:17:43.006383-04:00,75.9,0.6869
FORM-20260929T14011887857,FORM,2026-09-29,2026-09-29T10:17:43.006383-04:00,134.19,0.4747
ILMN-20260929T14012973926,ILMN,2026-09-29,2026-09-29T10:17:43.006383-04:00,273.035,-0.1412
DDOG-20260929T14161104679,DDOG,2026-09-29,2026-09-29T10:17:43.006383-04:00,262.285,-0.1776
COIN-20260929T14170239619,COIN,2026-09-29,2026-09-29T10:17:43.006383-04:00,193.185,-0.1694
IR-20260929T13470770441,IR,2026-09-29,2026-09-29T10:17:53.189162-04:00,75.91,0.6739
FORM-20260929T14011887857,FORM,2026-09-29,2026-09-29T10:17:53.189162-04:00,133.9791,0.6311
ILMN-20260929T14012973926,ILMN,2026-09-29,2026-09-29T10:17:53.189162-04:00,273.0725,-0.155
DDOG-20260929T14161104679,DDOG,2026-09-29,2026-09-29T10:17:53.189162-04:00,262.408,-0.2246
COIN-20260929T14170239619,COIN,2026-09-29,2026-09-29T10:17:53.189162-04:00,193.18,-0.1668
IR-20260929T13470770441,IR,2026-09-29,2026-09-29T10:18:03.420575-04:00,75.91,0.6739
FORM-20260929T14011887857,FORM,2026-09-29,2026-09-29T10:18:03.420575-04:00,134.04,0.5859
ILMN-20260929T14012973926,ILMN,2026-09-29,2026-09-29T10:18:03.420575-04:00,273.0747,-0.1558
DDOG-20260929T14161104679,DDOG,2026-09-29,2026-09-29T10:18:03.420575-04:00,262.4821,-0.2529
COIN-20260929T14170239619,COIN,2026-09-29,2026-09-29T10:18:03.420575-04:00,193.2893,-0.2235
IR-20260929T13470770441,IR,2026-09-29,2026-09-29T10:18:13.914112-04:00,75.9223,0.6578
DDOG-20260929T14161104679,DDOG,2026-09-29,2026-09-29T10:18:13.914112-04:00,262.315,-0.1891
COIN-20260929T14170239619,COIN,2026-09-29,2026-09-29T10:18:13.914112-04:00,193.355,-0.2575
IR-20260929T13470770441,IR,2026-09-29,2026-09-29T10:18:24.113139-04:00,75.86,0.7393
DDOG-20260929T14161104679,DDOG,2026-09-29,2026-09-29T10:18:24.113139-04:00,262.32,-0.191
COIN-20260929T14170239619,COIN,2026-09-29,2026-09-29T10:18:24.113139-04:00,193.3954,-0.2785
IR-20260929T13470770441,IR,2026-09-29,2026-09-29T10:18:34.264181-04:00,75.83,0.7785
DDOG-20260929T14161104679,DDOG,2026-09-29,2026-09-29T10:18:34.264181-04:00,262.3038,-0.1848
COIN-20260929T14170239619,COIN,2026-09-29,2026-09-29T10:18:34.264181-04:00,193.35,-0.2549
IR-20260929T13470770441,IR,2026-09-29,2026-09-29T10:18:44.414040-04:00,75.835,0.772
DDOG-20260929T14161104679,DDOG,2026-09-29,2026-09-29T10:18:44.414040-04:00,262.557,-0.2815
COIN-20260929T14170239619,COIN,2026-09-29,2026-09-29T10:18:44.414040-04:00,193.271,-0.214
IR-20260929T13470770441,IR,2026-09-29,2026-09-29T10:18:54.547445-04:00,75.85,0.7524
DDOG-20260929T14161104679,DDOG,2026-09-29,2026-09-29T10:18:54.547445-04:00,262.485,-0.254
COIN-20260929T14170239619,COIN,2026-09-29,2026-09-29T10:18:54.547445-04:00,193.3005,-0.2293
IR-20260929T13470770441,IR,2026-09-29,2026-09-29T10:19:04.741520-04:00,75.9698,0.5956
DDOG-20260929T14161104679,DDOG,2026-09-29,2026-09-29T10:19:04.741520-04:00,262.425,-0.2311
COIN-20260929T14170239619,COIN,2026-09-29,2026-09-29T10:19:04.741520-04:00,193.8,-0.4883
IR-20260929T13470770441,IR,2026-09-29,2026-09-29T10:19:14.984863-04:00,75.84,0.7655
DDOG-20260929T14161104679,DDOG,2026-09-29,2026-09-29T10:19:14.984863-04:00,263.11,-0.4927
COIN-20260929T14170239619,COIN,2026-09-29,2026-09-29T10:19:14.984863-04:00,193.7726,-0.4741
IR-20260929T13470770441,IR,2026-09-29,2026-09-29T10:19:25.189867-04:00,75.8,0.8178
DDOG-20260929T14161104679,DDOG,2026-09-29,2026-09-29T10:19:25.189867-04:00,263.3,-0.5653
COIN-20260929T14170239619,COIN,2026-09-29,2026-09-29T10:19:25.189867-04:00,193.8,-0.4883
IR-20260929T13470770441,IR,2026-09-29,2026-09-29T10:19:35.401239-04:00,75.948,0.6241
DDOG-20260929T14161104679,DDOG,2026-09-29,2026-09-29T10:19:35.401239-04:00,262.4293,-0.2327
COIN-20260929T14170239619,COIN,2026-09-29,2026-09-29T10:19:35.401239-04:00,193.8769,-0.5281
IR-20260929T13470770441,IR,2026-09-29,2026-09-29T10:19:45.579035-04:00,75.8304,0.778
DDOG-20260929T14161104679,DDOG,2026-09-29,2026-09-29T10:19:45.579035-04:00,263.26,-0.55
COIN-20260929T14170239619,COIN,2026-09-29,2026-09-29T10:19:45.579035-04:00,193.8703,-0.5247
IR-20260929T13470770441,IR,2026-09-29,2026-09-29T10:19:55.808760-04:00,75.85,0.7524
DDOG-20260929T14161104679,DDOG,2026-09-29,2026-09-29T10:19:55.808760-04:00,263.1561,-0.5103
COIN-20260929T14170239619,COIN,2026-09-29,2026-09-29T10:19:55.808760-04:00,194.035,-0.6101
IR-20260929T13470770441,IR,2026-09-29,2026-09-29T10:20:06.072663-04:00,75.84,0.7655
DDOG-20260929T14161104679,DDOG,2026-09-29,2026-09-29T10:20:06.072663-04:00,262.51,-0.2635
COIN-20260929T14170239619,COIN,2026-09-29,2026-09-29T10:20:06.072663-04:00,193.905,-0.5427
IR-20260929T13470770441,IR,2026-09-29,2026-09-29T10:20:16.297757-04:00,75.83,0.7785
DDOG-20260929T14161104679,DDOG,2026-09-29,2026-09-29T10:20:16.297757-04:00,263.31,-0.5691
COIN-20260929T14170239619,COIN,2026-09-29,2026-09-29T10:20:16.297757-04:00,193.905,-0.5427
IR-20260929T13470770441,IR,2026-09-29,2026-09-29T10:20:26.492181-04:00,75.85,0.7524
DDOG-20260929T14161104679,DDOG,2026-09-29,2026-09-29T10:20:26.492181-04:00,263.1979,-0.5263
COIN-20260929T14170239619,COIN,2026-09-29,2026-09-29T10:20:26.492181-04:00,193.75,-0.4623
IR-20260929T13470770441,IR,2026-09-29,2026-09-29T10:20:36.672374-04:00,75.85,0.7524
DDOG-20260929T14161104679,DDOG,2026-09-29,2026-09-29T10:20:36.672374-04:00,263.52,-0.6493
COIN-20260929T14170239619,COIN,2026-09-29,2026-09-29T10:20:36.672374-04:00,193.4484,-0.306
IR-20260929T13470770441,IR,2026-09-29,2026-09-29T10:20:46.851915-04:00,75.8322,0.7757
DDOG-20260929T14161104679,DDOG,2026-09-29,2026-09-29T10:20:46.851915-04:00,263.34,-0.5806
COIN-20260929T14170239619,COIN,2026-09-29,2026-09-29T10:20:46.851915-04:00,193.45,-0.3068
IR-20260929T13470770441,IR,2026-09-29,2026-09-29T10:20:57.026652-04:00,75.8875,0.7033
DDOG-20260929T14161104679,DDOG,2026-09-29,2026-09-29T10:20:57.026652-04:00,263.35,-0.5844
COIN-20260929T14170239619,COIN,2026-09-29,2026-09-29T10:20:57.026652-04:00,193.45,-0.3068
IR-20260929T13470770441,IR,2026-09-29,2026-09-29T10:21:07.234158-04:00,75.835,0.772
DDOG-20260929T14161104679,DDOG,2026-09-29,2026-09-29T10:21:07.234158-04:00,262.86,-0.3972
COIN-20260929T14170239619,COIN,2026-09-29,2026-09-29T10:21:07.234158-04:00,192.87,-0.006
IR-20260929T13470770441,IR,2026-09-29,2026-09-29T10:21:17.856813-04:00,75.84,0.7655
DDOG-20260929T14161104679,DDOG,2026-09-29,2026-09-29T10:21:17.856813-04:00,262.9099,-0.4163
COIN-20260929T14170239619,COIN,2026-09-29,2026-09-29T10:21:17.856813-04:00,193.115,-0.1331
IR-20260929T13470770441,IR,2026-09-29,2026-09-29T10:21:28.072985-04:00,75.8841,0.7078
DDOG-20260929T14161104679,DDOG,2026-09-29,2026-09-29T10:21:28.072985-04:00,262.775,-0.3648
COIN-20260929T14170239619,COIN,2026-09-29,2026-09-29T10:21:28.072985-04:00,193.14,-0.146
IR-20260929T13470770441,IR,2026-09-29,2026-09-29T10:21:38.212963-04:00,75.84,0.7655
DDOG-20260929T14161104679,DDOG,2026-09-29,2026-09-29T10:21:38.212963-04:00,262.9799,-0.443
COIN-20260929T14170239619,COIN,2026-09-29,2026-09-29T10:21:38.212963-04:00,193.01,-0.0786
IR-20260929T13470770441,IR,2026-09-29,2026-09-29T10:21:48.416714-04:00,75.79,0.8309
DDOG-20260929T14161104679,DDOG,2026-09-29,2026-09-29T10:21:48.416714-04:00,262.81,-0.3781
COIN-20260929T14170239619,COIN,2026-09-29,2026-09-29T10:21:48.416714-04:00,193.03,-0.089
IR-20260929T13470770441,IR,2026-09-29,2026-09-29T10:21:58.594588-04:00,75.8278,0.7814
DDOG-20260929T14161104679,DDOG,2026-09-29,2026-09-29T10:21:58.594588-04:00,262.835,-0.3877
COIN-20260929T14170239619,COIN,2026-09-29,2026-09-29T10:21:58.594588-04:00,193.4221,-0.2923
IR-20260929T13470770441,IR,2026-09-29,2026-09-29T10:22:08.758935-04:00,75.705,0.9421
DDOG-20260929T14161104679,DDOG,2026-09-29,2026-09-29T10:22:08.758935-04:00,263.25,-0.5462
COIN-20260929T14170239619,COIN,2026-09-29,2026-09-29T10:22:08.758935-04:00,193.4888,-0.3269
IR-20260929T13470770441,IR,2026-09-29,2026-09-29T10:22:18.922971-04:00,75.7599,0.8703
DDOG-20260929T14161104679,DDOG,2026-09-29,2026-09-29T10:22:18.922971-04:00,263.38,-0.5958
COIN-20260929T14170239619,COIN,2026-09-29,2026-09-29T10:22:18.922971-04:00,193.4399,-0.3016
IR-20260929T13470770441,IR,2026-09-29,2026-09-29T10:22:29.059598-04:00,75.8006,0.817
DDOG-20260929T14161104679,DDOG,2026-09-29,2026-09-29T10:22:29.059598-04:00,263.375,-0.5939
COIN-20260929T14170239619,COIN,2026-09-29,2026-09-29T10:22:29.059598-04:00,193.4399,-0.3016
IR-20260929T13470770441,IR,2026-09-29,2026-09-29T10:22:39.160850-04:00,75.7951,0.8242
DDOG-20260929T14161104679,DDOG,2026-09-29,2026-09-29T10:22:39.160850-04:00,263.38,-0.5958
COIN-20260929T14170239619,COIN,2026-09-29,2026-09-29T10:22:39.160850-04:00,193.25,-0.2031
IR-20260929T13470770441,IR,2026-09-29,2026-09-29T10:22:49.325535-04:00,75.71,0.9356
DDOG-20260929T14161104679,DDOG,2026-09-29,2026-09-29T10:22:49.325535-04:00,263.385,-0.5977
COIN-20260929T14170239619,COIN,2026-09-29,2026-09-29T10:22:49.325535-04:00,193.3,-0.229
IR-20260929T13470770441,IR,2026-09-29,2026-09-29T10:22:59.498991-04:00,75.71,0.9356
DDOG-20260929T14161104679,DDOG,2026-09-29,2026-09-29T10:22:59.498991-04:00,263.385,-0.5977
COIN-20260929T14170239619,COIN,2026-09-29,2026-09-29T10:22:59.498991-04:00,193.47,-0.3172
IR-20260929T13470770441,IR,2026-09-29,2026-09-29T10:23:09.681618-04:00,75.7,0.9486
DDOG-20260929T14161104679,DDOG,2026-09-29,2026-09-29T10:23:09.681618-04:00,263.4675,-0.6292
COIN-20260929T14170239619,COIN,2026-09-29,2026-09-29T10:23:09.681618-04:00,193.3558,-0.2579
IR-20260929T13470770441,IR,2026-09-29,2026-09-29T10:23:19.828190-04:00,75.741,0.895
DDOG-20260929T14161104679,DDOG,2026-09-29,2026-09-29T10:23:19.828190-04:00,263.585,-0.6741
COIN-20260929T14170239619,COIN,2026-09-29,2026-09-29T10:23:19.828190-04:00,193.425,-0.2938
IR-20260929T13470770441,IR,2026-09-29,2026-09-29T10:23:29.984526-04:00,75.7291,0.9106
DDOG-20260929T14161104679,DDOG,2026-09-29,2026-09-29T10:23:29.984526-04:00,263.155,-0.5099
COIN-20260929T14170239619,COIN,2026-09-29,2026-09-29T10:23:29.984526-04:00,193.4718,-0.3181
IR-20260929T13470770441,IR,2026-09-29,2026-09-29T10:23:40.262698-04:00,75.6,1.0795
DDOG-20260929T14161104679,DDOG,2026-09-29,2026-09-29T10:23:40.262698-04:00,263.435,-0.6168
COIN-20260929T14170239619,COIN,2026-09-29,2026-09-29T10:23:40.262698-04:00,193.51,-0.3379
IR-20260929T13470770441,IR,2026-09-29,2026-09-29T10:23:50.411056-04:00,75.64,1.0272
DDOG-20260929T14161104679,DDOG,2026-09-29,2026-09-29T10:23:50.411056-04:00,263.617,-0.6863
COIN-20260929T14170239619,COIN,2026-09-29,2026-09-29T10:23:50.411056-04:00,193.445,-0.3042
IR-20260929T13470770441,IR,2026-09-29,2026-09-29T10:24:00.580737-04:00,75.6815,0.9728
DDOG-20260929T14161104679,DDOG,2026-09-29,2026-09-29T10:24:00.580737-04:00,263.74,-0.7333
COIN-20260929T14170239619,COIN,2026-09-29,2026-09-29T10:24:00.580737-04:00,193.29,-0.2238
IR-20260929T13470770441,IR,2026-09-29,2026-09-29T10:24:10.971682-04:00,75.58,0.5755
DDOG-20260929T14161104679,DDOG,2026-09-29,2026-09-29T10:24:10.971682-04:00,263.96,-0.659
COIN-20260929T14170239619,COIN,2026-09-29,2026-09-29T10:24:10.971682-04:00,193.2717,-0.2143
IR-20260929T13470770441,IR,2026-09-29,2026-09-29T10:24:21.108972-04:00,75.7774,0.3158
DDOG-20260929T14161104679,DDOG,2026-09-29,2026-09-29T10:24:21.108972-04:00,263.9336,-0.649
COIN-20260929T14170239619,COIN,2026-09-29,2026-09-29T10:24:21.108972-04:00,193.125,-0.1383
IR-20260929T13470770441,IR,2026-09-29,2026-09-29T10:24:31.324961-04:00,75.6448,0.4903
COIN-20260929T14170239619,COIN,2026-09-29,2026-09-29T10:24:31.324961-04:00,193.11,-0.1305
IR-20260929T13470770441,IR,2026-09-29,2026-09-29T10:24:41.538710-04:00,75.6383,0.4988
COIN-20260929T14170239619,COIN,2026-09-29,2026-09-29T10:24:41.538710-04:00,193.0,-0.0735
IR-20260929T13470770441,IR,2026-09-29,2026-09-29T10:24:51.787708-04:00,75.55,0.615
COIN-20260929T14170239619,COIN,2026-09-29,2026-09-29T10:24:51.787708-04:00,193.3647,-0.2626
BRKR-20260929T14243152555,BRKR,2026-09-29,2026-09-29T10:24:51.787708-04:00,62.81,-0.0319
IR-20260929T13470770441,IR,2026-09-29,2026-09-29T10:25:01.967652-04:00,75.555,0.6084
COIN-20260929T14170239619,COIN,2026-09-29,2026-09-29T10:25:01.967652-04:00,193.3015,-0.2298
BRKR-20260929T14243152555,BRKR,2026-09-29,2026-09-29T10:25:01.967652-04:00,62.814,-0.0382
ILMN-20260929T14244177358,ILMN,2026-09-29,2026-09-29T10:25:01.967652-04:00,272.61,0.0098
IR-20260929T13470770441,IR,2026-09-29,2026-09-29T10:25:12.131646-04:00,75.56,0.6018
COIN-20260929T14170239619,COIN,2026-09-29,2026-09-29T10:25:12.131646-04:00,192.89,-0.0164
BRKR-20260929T14243152555,BRKR,2026-09-29,2026-09-29T10:25:12.131646-04:00,63.0433,-0.4034
ILMN-20260929T14244177358,ILMN,2026-09-29,2026-09-29T10:25:12.131646-04:00,273.4245,-0.289
IR-20260929T13470770441,IR,2026-09-29,2026-09-29T10:25:22.334782-04:00,75.605,0.5426
COIN-20260929T14170239619,COIN,2026-09-29,2026-09-29T10:25:22.334782-04:00,193.1147,-0.1329
BRKR-20260929T14243152555,BRKR,2026-09-29,2026-09-29T10:25:22.334782-04:00,62.8,-0.0159
ILMN-20260929T14244177358,ILMN,2026-09-29,2026-09-29T10:25:22.334782-04:00,273.3628,-0.2663
IR-20260929T13470770441,IR,2026-09-29,2026-09-29T10:25:32.617057-04:00,75.69,0.4308
COIN-20260929T14170239619,COIN,2026-09-29,2026-09-29T10:25:32.617057-04:00,193.155,-0.1538
BRKR-20260929T14243152555,BRKR,2026-09-29,2026-09-29T10:25:32.617057-04:00,62.9825,-0.3066
ILMN-20260929T14244177358,ILMN,2026-09-29,2026-09-29T10:25:32.617057-04:00,272.42,0.0795
IR-20260929T13470770441,IR,2026-09-29,2026-09-29T10:25:42.828961-04:00,75.71,0.4045
COIN-20260929T14170239619,COIN,2026-09-29,2026-09-29T10:25:42.828961-04:00,193.11,-0.1305
BRKR-20260929T14243152555,BRKR,2026-09-29,2026-09-29T10:25:42.828961-04:00,62.81,-0.0319
ILMN-20260929T14244177358,ILMN,2026-09-29,2026-09-29T10:25:42.828961-04:00,272.605,0.0116
IR-20260929T13470770441,IR,2026-09-29,2026-09-29T10:25:53.087481-04:00,75.65,0.4834
COIN-20260929T14170239619,COIN,2026-09-29,2026-09-29T10:25:53.087481-04:00,193.0106,-0.079
BRKR-20260929T14243152555,BRKR,2026-09-29,2026-09-29T10:25:53.087481-04:00,62.8349,-0.0715
ILMN-20260929T14244177358,ILMN,2026-09-29,2026-09-29T10:25:53.087481-04:00,272.61,0.0098
IR-20260929T13470770441,IR,2026-09-29,2026-09-29T10:26:03.247649-04:00,75.69,0.4308
COIN-20260929T14170239619,COIN,2026-09-29,2026-09-29T10:26:03.247649-04:00,193.44,-0.3016
BRKR-20260929T14243152555,BRKR,2026-09-29,2026-09-29T10:26:03.247649-04:00,62.8349,-0.0715
ILMN-20260929T14244177358,ILMN,2026-09-29,2026-09-29T10:26:03.247649-04:00,272.6425,-0.0021
IR-20260929T13470770441,IR,2026-09-29,2026-09-29T10:26:13.445618-04:00,75.64,0.4966
COIN-20260929T14170239619,COIN,2026-09-29,2026-09-29T10:26:13.445618-04:00,193.5646,-0.3662
BRKR-20260929T14243152555,BRKR,2026-09-29,2026-09-29T10:26:13.445618-04:00,62.8411,-0.0814
ILMN-20260929T14244177358,ILMN,2026-09-29,2026-09-29T10:26:13.445618-04:00,272.605,0.0116
IR-20260929T13470770441,IR,2026-09-29,2026-09-29T10:26:23.968361-04:00,75.6574,0.4737
COIN-20260929T14170239619,COIN,2026-09-29,2026-09-29T10:26:23.968361-04:00,193.515,-0.3405
BRKR-20260929T14243152555,BRKR,2026-09-29,2026-09-29T10:26:23.968361-04:00,62.955,-0.2628
ILMN-20260929T14244177358,ILMN,2026-09-29,2026-09-29T10:26:23.968361-04:00,273.1675,-0.1947
IR-20260929T13470770441,IR,2026-09-29,2026-09-29T10:26:34.112855-04:00,75.65,0.4834
COIN-20260929T14170239619,COIN,2026-09-29,2026-09-29T10:26:34.112855-04:00,193.442,-0.3026
BRKR-20260929T14243152555,BRKR,2026-09-29,2026-09-29T10:26:34.112855-04:00,63.09,-0.4778
ILMN-20260929T14244177358,ILMN,2026-09-29,2026-09-29T10:26:34.112855-04:00,272.7333,-0.0354
IR-20260929T13470770441,IR,2026-09-29,2026-09-29T10:26:44.299016-04:00,75.63,0.5098
COIN-20260929T14170239619,COIN,2026-09-29,2026-09-29T10:26:44.299016-04:00,193.69,-0.4312
BRKR-20260929T14243152555,BRKR,2026-09-29,2026-09-29T10:26:44.299016-04:00,63.0063,-0.3445
ILMN-20260929T14244177358,ILMN,2026-09-29,2026-09-29T10:26:44.299016-04:00,273.1789,-0.1989
IR-20260929T13470770441,IR,2026-09-29,2026-09-29T10:26:54.478478-04:00,75.8267,0.251
COIN-20260929T14170239619,COIN,2026-09-29,2026-09-29T10:26:54.478478-04:00,193.74,-0.4572
BRKR-20260929T14243152555,BRKR,2026-09-29,2026-09-29T10:26:54.478478-04:00,63.0063,-0.3445
ILMN-20260929T14244177358,ILMN,2026-09-29,2026-09-29T10:26:54.478478-04:00,273.09,-0.1663
IR-20260929T13470770441,IR,2026-09-29,2026-09-29T10:27:04.662350-04:00,75.664,0.465
COIN-20260929T14170239619,COIN,2026-09-29,2026-09-29T10:27:04.662350-04:00,194.15,-0.6697
BRKR-20260929T14243152555,BRKR,2026-09-29,2026-09-29T10:27:04.662350-04:00,63.115,-0.5176
ILMN-20260929T14244177358,ILMN,2026-09-29,2026-09-29T10:27:04.662350-04:00,273.01,-0.1369
IR-20260929T13470770441,IR,2026-09-29,2026-09-29T10:27:14.925444-04:00,75.67,0.4571
BRKR-20260929T14243152555,BRKR,2026-09-29,2026-09-29T10:27:14.925444-04:00,63.165,-0.5972
ILMN-20260929T14244177358,ILMN,2026-09-29,2026-09-29T10:27:14.925444-04:00,273.19,-0.203
IR-20260929T13470770441,IR,2026-09-29,2026-09-29T10:27:25.149794-04:00,75.7831,0.3084
BRKR-20260929T14243152555,BRKR,2026-09-29,2026-09-29T10:27:25.149794-04:00,63.16,-0.5893
ILMN-20260929T14244177358,ILMN,2026-09-29,2026-09-29T10:27:25.149794-04:00,272.705,-0.0251
IR-20260929T13470770441,IR,2026-09-29,2026-09-29T10:27:35.392651-04:00,75.58,0.5755
BRKR-20260929T14243152555,BRKR,2026-09-29,2026-09-29T10:27:35.392651-04:00,63.1286,-0.5393
ILMN-20260929T14244177358,ILMN,2026-09-29,2026-09-29T10:27:35.392651-04:00,272.87,-0.0856
IR-20260929T13470770441,IR,2026-09-29,2026-09-29T10:27:45.552669-04:00,75.6424,0.4934
BRKR-20260929T14243152555,BRKR,2026-09-29,2026-09-29T10:27:45.552669-04:00,63.0343,-0.3891
ILMN-20260929T14244177358,ILMN,2026-09-29,2026-09-29T10:27:45.552669-04:00,272.8443,-0.0762
IR-20260929T13470770441,IR,2026-09-29,2026-09-29T10:27:55.707470-04:00,75.6551,0.4767
BRKR-20260929T14243152555,BRKR,2026-09-29,2026-09-29T10:27:55.707470-04:00,63.055,-0.422
ILMN-20260929T14244177358,ILMN,2026-09-29,2026-09-29T10:27:55.707470-04:00,272.33,0.1125
IR-20260929T13470770441,IR,2026-09-29,2026-09-29T10:28:05.946161-04:00,75.64,0.4966
BRKR-20260929T14243152555,BRKR,2026-09-29,2026-09-29T10:28:05.946161-04:00,63.06,-0.43
ILMN-20260929T14244177358,ILMN,2026-09-29,2026-09-29T10:28:05.946161-04:00,273.0294,-0.144
IR-20260929T13470770441,IR,2026-09-29,2026-09-29T10:28:16.093197-04:00,75.62,0.5229
BRKR-20260929T14243152555,BRKR,2026-09-29,2026-09-29T10:28:16.093197-04:00,63.06,-0.43
ILMN-20260929T14244177358,ILMN,2026-09-29,2026-09-29T10:28:16.093197-04:00,272.62,0.0061
IR-20260929T13470770441,IR,2026-09-29,2026-09-29T10:28:26.369265-04:00,75.61,0.5361
BRKR-20260929T14243152555,BRKR,2026-09-29,2026-09-29T10:28:26.369265-04:00,63.0079,-0.347
ILMN-20260929T14244177358,ILMN,2026-09-29,2026-09-29T10:28:26.369265-04:00,272.9,-0.0966
IR-20260929T13470770441,IR,2026-09-29,2026-09-29T10:28:36.619303-04:00,75.63,0.5098
BRKR-20260929T14243152555,BRKR,2026-09-29,2026-09-29T10:28:36.619303-04:00,63.06,-0.43
ILMN-20260929T14244177358,ILMN,2026-09-29,2026-09-29T10:28:36.619303-04:00,272.595,0.0153
IR-20260929T13470770441,IR,2026-09-29,2026-09-29T10:28:46.905561-04:00,75.63,0.5098
BRKR-20260929T14243152555,BRKR,2026-09-29,2026-09-29T10:28:46.905561-04:00,63.06,-0.43
ILMN-20260929T14244177358,ILMN,2026-09-29,2026-09-29T10:28:46.905561-04:00,272.41,0.0831
IR-20260929T13470770441,IR,2026-09-29,2026-09-29T10:28:57.135920-04:00,75.62,0.5229
BRKR-20260929T14243152555,BRKR,2026-09-29,2026-09-29T10:28:57.135920-04:00,63.0453,-0.4066
ILMN-20260929T14244177358,ILMN,2026-09-29,2026-09-29T10:28:57.135920-04:00,272.9,-0.0966
IR-20260929T13470770441,IR,2026-09-29,2026-09-29T10:29:07.367207-04:00,75.63,0.5098
BRKR-20260929T14243152555,BRKR,2026-09-29,2026-09-29T10:29:07.367207-04:00,63.062,-0.4332
ILMN-20260929T14244177358,ILMN,2026-09-29,2026-09-29T10:29:07.367207-04:00,272.5173,0.0438
IR-20260929T13470770441,IR,2026-09-29,2026-09-29T10:29:17.501735-04:00,75.62,0.5229
BRKR-20260929T14243152555,BRKR,2026-09-29,2026-09-29T10:29:17.501735-04:00,63.0413,-0.4002
ILMN-20260929T14244177358,ILMN,2026-09-29,2026-09-29T10:29:17.501735-04:00,273.0989,-0.1695
IR-20260929T13470770441,IR,2026-09-29,2026-09-29T10:29:27.654164-04:00,75.63,0.5098
BRKR-20260929T14243152555,BRKR,2026-09-29,2026-09-29T10:29:27.654164-04:00,63.0375,-0.3942
ILMN-20260929T14244177358,ILMN,2026-09-29,2026-09-29T10:29:27.654164-04:00,272.4149,0.0813
IR-20260929T13470770441,IR,2026-09-29,2026-09-29T10:29:37.775716-04:00,75.63,0.5098
BRKR-20260929T14243152555,BRKR,2026-09-29,2026-09-29T10:29:37.775716-04:00,63.06,-0.43
ILMN-20260929T14244177358,ILMN,2026-09-29,2026-09-29T10:29:37.775716-04:00,272.2,0.1602
IR-20260929T13470770441,IR,2026-09-29,2026-09-29T10:29:47.908738-04:00,75.7209,0.3902
BRKR-20260929T14243152555,BRKR,2026-09-29,2026-09-29T10:29:47.908738-04:00,63.06,-0.43
ILMN-20260929T14244177358,ILMN,2026-09-29,2026-09-29T10:29:47.908738-04:00,272.37,0.0978
IR-20260929T13470770441,IR,2026-09-29,2026-09-29T10:29:58.020627-04:00,75.63,0.5098
BRKR-20260929T14243152555,BRKR,2026-09-29,2026-09-29T10:29:58.020627-04:00,63.05,-0.4141
ILMN-20260929T14244177358,ILMN,2026-09-29,2026-09-29T10:29:58.020627-04:00,272.4353,0.0739
IR-20260929T13470770441,IR,2026-09-29,2026-09-29T10:30:08.160684-04:00,75.65,0.4834
BRKR-20260929T14243152555,BRKR,2026-09-29,2026-09-29T10:30:08.160684-04:00,63.0,-0.3344
ILMN-20260929T14244177358,ILMN,2026-09-29,2026-09-29T10:30:08.160684-04:00,272.37,0.0978
IR-20260929T13470770441,IR,2026-09-29,2026-09-29T10:30:18.403893-04:00,75.635,0.5032
BRKR-20260929T14243152555,BRKR,2026-09-29,2026-09-29T10:30:18.403893-04:00,63.05,-0.4141
ILMN-20260929T14244177358,ILMN,2026-09-29,2026-09-29T10:30:18.403893-04:00,272.2,0.1602
IR-20260929T13470770441,IR,2026-09-29,2026-09-29T10:30:28.693290-04:00,75.6387,0.4983
BRKR-20260929T14243152555,BRKR,2026-09-29,2026-09-29T10:30:28.693290-04:00,63.0312,-0.3841
ILMN-20260929T14244177358,ILMN,2026-09-29,2026-09-29T10:30:28.693290-04:00,271.34,0.4756
IR-20260929T13470770441,IR,2026-09-29,2026-09-29T10:30:38.868891-04:00,75.6335,0.5051
BRKR-20260929T14243152555,BRKR,2026-09-29,2026-09-29T10:30:38.868891-04:00,62.985,-0.3106
ILMN-20260929T14244177358,ILMN,2026-09-29,2026-09-29T10:30:38.868891-04:00,272.15,0.1785
DDOG-20260929T14301866949,DDOG,2026-09-29,2026-09-29T10:30:38.868891-04:00,263.55,-0.2223
IR-20260929T13470770441,IR,2026-09-29,2026-09-29T10:30:49.097780-04:00,75.7,0.4177
BRKR-20260929T14243152555,BRKR,2026-09-29,2026-09-29T10:30:49.097780-04:00,63.017,-0.3615
ILMN-20260929T14244177358,ILMN,2026-09-29,2026-09-29T10:30:49.097780-04:00,271.66,0.3582
DDOG-20260929T14301866949,DDOG,2026-09-29,2026-09-29T10:30:49.097780-04:00,263.83,-0.3288
IR-20260929T13470770441,IR,2026-09-29,2026-09-29T10:30:59.460489-04:00,75.64,0.4966
BRKR-20260929T14243152555,BRKR,2026-09-29,2026-09-29T10:30:59.460489-04:00,63.01,-0.3504
ILMN-20260929T14244177358,ILMN,2026-09-29,2026-09-29T10:30:59.460489-04:00,272.14,0.1822
DDOG-20260929T14301866949,DDOG,2026-09-29,2026-09-29T10:30:59.460489-04:00,264.02,-0.4011
IR-20260929T13470770441,IR,2026-09-29,2026-09-29T10:31:09.687603-04:00,75.6,0.5492
BRKR-20260929T14243152555,BRKR,2026-09-29,2026-09-29T10:31:09.687603-04:00,63.01,-0.3504
ILMN-20260929T14244177358,ILMN,2026-09-29,2026-09-29T10:31:09.687603-04:00,271.54,0.4022
DDOG-20260929T14301866949,DDOG,2026-09-29,2026-09-29T10:31:09.687603-04:00,263.97,-0.3821
IR-20260929T13470770441,IR,2026-09-29,2026-09-29T10:31:19.892709-04:00,75.58,0.5755
BRKR-20260929T14243152555,BRKR,2026-09-29,2026-09-29T10:31:19.892709-04:00,63.0517,-0.4168
ILMN-20260929T14244177358,ILMN,2026-09-29,2026-09-29T10:31:19.892709-04:00,271.33,0.4793
DDOG-20260929T14301866949,DDOG,2026-09-29,2026-09-29T10:31:19.892709-04:00,263.8355,-0.3309
IR-20260929T13470770441,IR,2026-09-29,2026-09-29T10:31:30.324179-04:00,75.54,0.6281
BRKR-20260929T14243152555,BRKR,2026-09-29,2026-09-29T10:31:30.324179-04:00,63.005,-0.3424
ILMN-20260929T14244177358,ILMN,2026-09-29,2026-09-29T10:31:30.324179-04:00,271.32,0.4829
DDOG-20260929T14301866949,DDOG,2026-09-29,2026-09-29T10:31:30.324179-04:00,263.95,-0.3745
IR-20260929T13470770441,IR,2026-09-29,2026-09-29T10:31:40.611541-04:00,75.55,0.615
BRKR-20260929T14243152555,BRKR,2026-09-29,2026-09-29T10:31:40.611541-04:00,63.0175,-0.3623
ILMN-20260929T14244177358,ILMN,2026-09-29,2026-09-29T10:31:40.611541-04:00,271.32,0.4829
DDOG-20260929T14301866949,DDOG,2026-09-29,2026-09-29T10:31:40.611541-04:00,264.3308,-0.5193
IR-20260929T13470770441,IR,2026-09-29,2026-09-29T10:31:50.822277-04:00,75.6281,0.5123
BRKR-20260929T14243152555,BRKR,2026-09-29,2026-09-29T10:31:50.822277-04:00,62.83,-0.0637
ILMN-20260929T14244177358,ILMN,2026-09-29,2026-09-29T10:31:50.822277-04:00,271.8891,0.2742
DDOG-20260929T14301866949,DDOG,2026-09-29,2026-09-29T10:31:50.822277-04:00,264.18,-0.4619
IR-20260929T13470770441,IR,2026-09-29,2026-09-29T10:32:01.020155-04:00,75.555,0.6084
BRKR-20260929T14243152555,BRKR,2026-09-29,2026-09-29T10:32:01.020155-04:00,62.9931,-0.3235
ILMN-20260929T14244177358,ILMN,2026-09-29,2026-09-29T10:32:01.020155-04:00,271.3,0.4903
DDOG-20260929T14301866949,DDOG,2026-09-29,2026-09-29T10:32:01.020155-04:00,263.7912,-0.3141
IR-20260929T13470770441,IR,2026-09-29,2026-09-29T10:32:11.278403-04:00,75.52,0.6545
BRKR-20260929T14243152555,BRKR,2026-09-29,2026-09-29T10:32:11.278403-04:00,62.9848,-0.3102
ILMN-20260929T14244177358,ILMN,2026-09-29,2026-09-29T10:32:11.278403-04:00,271.6318,0.3686
DDOG-20260929T14301866949,DDOG,2026-09-29,2026-09-29T10:32:11.278403-04:00,263.9369,-0.3695
IR-20260929T13470770441,IR,2026-09-29,2026-09-29T10:32:21.567866-04:00,75.52,0.6545
BRKR-20260929T14243152555,BRKR,2026-09-29,2026-09-29T10:32:21.567866-04:00,62.9844,-0.3096
ILMN-20260929T14244177358,ILMN,2026-09-29,2026-09-29T10:32:21.567866-04:00,271.3803,0.4608
DDOG-20260929T14301866949,DDOG,2026-09-29,2026-09-29T10:32:21.567866-04:00,264.17,-0.4581
IR-20260929T13470770441,IR,2026-09-29,2026-09-29T10:32:31.787202-04:00,75.52,0.6545
BRKR-20260929T14243152555,BRKR,2026-09-29,2026-09-29T10:32:31.787202-04:00,62.83,-0.0637
ILMN-20260929T14244177358,ILMN,2026-09-29,2026-09-29T10:32:31.787202-04:00,272.2438,0.1441
DDOG-20260929T14301866949,DDOG,2026-09-29,2026-09-29T10:32:31.787202-04:00,264.4794,-0.5758
IR-20260929T13470770441,IR,2026-09-29,2026-09-29T10:32:42.005655-04:00,75.4682,0.7226
BRKR-20260929T14243152555,BRKR,2026-09-29,2026-09-29T10:32:42.005655-04:00,62.9182,-0.2042
ILMN-20260929T14244177358,ILMN,2026-09-29,2026-09-29T10:32:42.005655-04:00,271.475,0.4261
DDOG-20260929T14301866949,DDOG,2026-09-29,2026-09-29T10:32:42.005655-04:00,263.9976,-0.3926
IR-20260929T13470770441,IR,2026-09-29,2026-09-29T10:32:52.225194-04:00,75.5459,0.6204
BRKR-20260929T14243152555,BRKR,2026-09-29,2026-09-29T10:32:52.225194-04:00,62.81,-0.0319
ILMN-20260929T14244177358,ILMN,2026-09-29,2026-09-29T10:32:52.225194-04:00,271.46,0.4316
DDOG-20260929T14301866949,DDOG,2026-09-29,2026-09-29T10:32:52.225194-04:00,264.27,-0.4961
IR-20260929T13470770441,IR,2026-09-29,2026-09-29T10:33:02.482922-04:00,75.49,0.6939
BRKR-20260929T14243152555,BRKR,2026-09-29,2026-09-29T10:33:02.482922-04:00,62.9167,-0.2018
ILMN-20260929T14244177358,ILMN,2026-09-29,2026-09-29T10:33:02.482922-04:00,271.6419,0.3649
DDOG-20260929T14301866949,DDOG,2026-09-29,2026-09-29T10:33:02.482922-04:00,264.01,-0.3973
IR-20260929T13470770441,IR,2026-09-29,2026-09-29T10:33:12.665120-04:00,75.53,0.6413
BRKR-20260929T14243152555,BRKR,2026-09-29,2026-09-29T10:33:12.665120-04:00,62.81,-0.0319
ILMN-20260929T14244177358,ILMN,2026-09-29,2026-09-29T10:33:12.665120-04:00,270.84,0.659
DDOG-20260929T14301866949,DDOG,2026-09-29,2026-09-29T10:33:12.665120-04:00,264.43,-0.557
IR-20260929T13470770441,IR,2026-09-29,2026-09-29T10:33:22.931717-04:00,75.53,0.6413
BRKR-20260929T14243152555,BRKR,2026-09-29,2026-09-29T10:33:22.931717-04:00,62.69,0.1593
ILMN-20260929T14244177358,ILMN,2026-09-29,2026-09-29T10:33:22.931717-04:00,270.86,0.6517
DDOG-20260929T14301866949,DDOG,2026-09-29,2026-09-29T10:33:22.931717-04:00,264.0112,-0.3977
IR-20260929T13470770441,IR,2026-09-29,2026-09-29T10:33:33.175454-04:00,75.485,0.7005
BRKR-20260929T14243152555,BRKR,2026-09-29,2026-09-29T10:33:33.175454-04:00,62.655,0.215
ILMN-20260929T14244177358,ILMN,2026-09-29,2026-09-29T10:33:33.175454-04:00,271.11,0.56
DDOG-20260929T14301866949,DDOG,2026-09-29,2026-09-29T10:33:33.175454-04:00,264.31,-0.5114
IR-20260929T13470770441,IR,2026-09-29,2026-09-29T10:33:43.370815-04:00,75.49,0.6939
BRKR-20260929T14243152555,BRKR,2026-09-29,2026-09-29T10:33:43.370815-04:00,62.655,0.215
ILMN-20260929T14244177358,ILMN,2026-09-29,2026-09-29T10:33:43.370815-04:00,271.1225,0.5554
DDOG-20260929T14301866949,DDOG,2026-09-29,2026-09-29T10:33:43.370815-04:00,263.9821,-0.3867
IR-20260929T13470770441,IR,2026-09-29,2026-09-29T10:33:53.610763-04:00,75.507,0.6716
BRKR-20260929T14243152555,BRKR,2026-09-29,2026-09-29T10:33:53.610763-04:00,62.67,0.1911
ILMN-20260929T14244177358,ILMN,2026-09-29,2026-09-29T10:33:53.610763-04:00,271.8281,0.2966
DDOG-20260929T14301866949,DDOG,2026-09-29,2026-09-29T10:33:53.610763-04:00,263.785,-0.3117
IR-20260929T13470770441,IR,2026-09-29,2026-09-29T10:34:03.787714-04:00,75.5966,0.5537
BRKR-20260929T14243152555,BRKR,2026-09-29,2026-09-29T10:34:03.787714-04:00,62.6716,0.1886
ILMN-20260929T14244177358,ILMN,2026-09-29,2026-09-29T10:34:03.787714-04:00,271.05,0.582
DDOG-20260929T14301866949,DDOG,2026-09-29,2026-09-29T10:34:03.787714-04:00,263.69,-0.2756
IR-20260929T13470770441,IR,2026-09-29,2026-09-29T10:34:14.041601-04:00,75.525,0.6479
BRKR-20260929T14243152555,BRKR,2026-09-29,2026-09-29T10:34:14.041601-04:00,62.46,0.5256
ILMN-20260929T14244177358,ILMN,2026-09-29,2026-09-29T10:34:14.041601-04:00,271.065,0.5765
DDOG-20260929T14301866949,DDOG,2026-09-29,2026-09-29T10:34:14.041601-04:00,264.1966,-0.4682
IR-20260929T13470770441,IR,2026-09-29,2026-09-29T10:34:24.257513-04:00,75.5032,0.6766
BRKR-20260929T14243152555,BRKR,2026-09-29,2026-09-29T10:34:24.257513-04:00,62.52,0.43
ILMN-20260929T14244177358,ILMN,2026-09-29,2026-09-29T10:34:24.257513-04:00,270.93,0.626
DDOG-20260929T14301866949,DDOG,2026-09-29,2026-09-29T10:34:24.257513-04:00,263.48,-0.1957
IR-20260929T13470770441,IR,2026-09-29,2026-09-29T10:34:34.463976-04:00,75.5936,0.5576
BRKR-20260929T14243152555,BRKR,2026-09-29,2026-09-29T10:34:34.463976-04:00,62.5066,0.4513
ILMN-20260929T14244177358,ILMN,2026-09-29,2026-09-29T10:34:34.463976-04:00,270.945,0.6205
DDOG-20260929T14301866949,DDOG,2026-09-29,2026-09-29T10:34:34.463976-04:00,263.465,-0.19
IR-20260929T13470770441,IR,2026-09-29,2026-09-29T10:34:44.633510-04:00,75.5,0.6808
BRKR-20260929T14243152555,BRKR,2026-09-29,2026-09-29T10:34:44.633510-04:00,62.575,0.3424
ILMN-20260929T14244177358,ILMN,2026-09-29,2026-09-29T10:34:44.633510-04:00,270.525,0.7745
DDOG-20260929T14301866949,DDOG,2026-09-29,2026-09-29T10:34:44.633510-04:00,263.565,-0.228
IR-20260929T13470770441,IR,2026-09-29,2026-09-29T10:34:54.779583-04:00,75.5106,0.6668
BRKR-20260929T14243152555,BRKR,2026-09-29,2026-09-29T10:34:54.779583-04:00,62.76,0.0478
ILMN-20260929T14244177358,ILMN,2026-09-29,2026-09-29T10:34:54.779583-04:00,271.8488,0.289
DDOG-20260929T14301866949,DDOG,2026-09-29,2026-09-29T10:34:54.779583-04:00,263.445,-0.1824
IR-20260929T13470770441,IR,2026-09-29,2026-09-29T10:35:04.984909-04:00,75.53,0.6413
BRKR-20260929T14243152555,BRKR,2026-09-29,2026-09-29T10:35:04.984909-04:00,62.76,0.0478
ILMN-20260929T14244177358,ILMN,2026-09-29,2026-09-29T10:35:04.984909-04:00,270.91,0.6333
DDOG-20260929T14301866949,DDOG,2026-09-29,2026-09-29T10:35:04.984909-04:00,263.56,-0.2261
IR-20260929T13470770441,IR,2026-09-29,2026-09-29T10:35:15.394130-04:00,75.53,0.6413
BRKR-20260929T14243152555,BRKR,2026-09-29,2026-09-29T10:35:15.394130-04:00,62.76,0.0478
ILMN-20260929T14244177358,ILMN,2026-09-29,2026-09-29T10:35:15.394130-04:00,270.8706,0.6478
DDOG-20260929T14301866949,DDOG,2026-09-29,2026-09-29T10:35:15.394130-04:00,263.5,-0.2033
IR-20260929T13470770441,IR,2026-09-29,2026-09-29T10:35:25.514643-04:00,75.48,0.7071
BRKR-20260929T14243152555,BRKR,2026-09-29,2026-09-29T10:35:25.514643-04:00,62.76,0.0478
ILMN-20260929T14244177358,ILMN,2026-09-29,2026-09-29T10:35:25.514643-04:00,270.84,0.659
DDOG-20260929T14301866949,DDOG,2026-09-29,2026-09-29T10:35:25.514643-04:00,263.45,-0.1843
IR-20260929T13470770441,IR,2026-09-29,2026-09-29T10:35:35.678429-04:00,75.49,0.6939
BRKR-20260929T14243152555,BRKR,2026-09-29,2026-09-29T10:35:35.678429-04:00,62.6249,0.2629
ILMN-20260929T14244177358,ILMN,2026-09-29,2026-09-29T10:35:35.678429-04:00,271.0643,0.5767
DDOG-20260929T14301866949,DDOG,2026-09-29,2026-09-29T10:35:35.678429-04:00,263.37,-0.1539
IR-20260929T13470770441,IR,2026-09-29,2026-09-29T10:35:45.827912-04:00,75.5594,0.6026
BRKR-20260929T14243152555,BRKR,2026-09-29,2026-09-29T10:35:45.827912-04:00,62.765,0.0398
ILMN-20260929T14244177358,ILMN,2026-09-29,2026-09-29T10:35:45.827912-04:00,271.16,0.5416
DDOG-20260929T14301866949,DDOG,2026-09-29,2026-09-29T10:35:45.827912-04:00,263.36,-0.1501
IR-20260929T13470770441,IR,2026-09-29,2026-09-29T10:35:56.024124-04:00,75.58,0.5755
BRKR-20260929T14243152555,BRKR,2026-09-29,2026-09-29T10:35:56.024124-04:00,62.8471,-0.0909
ILMN-20260929T14244177358,ILMN,2026-09-29,2026-09-29T10:35:56.024124-04:00,270.97,0.6113
DDOG-20260929T14301866949,DDOG,2026-09-29,2026-09-29T10:35:56.024124-04:00,263.46,-0.1881
IR-20260929T13470770441,IR,2026-09-29,2026-09-29T10:36:06.172350-04:00,75.5,0.6808
BRKR-20260929T14243152555,BRKR,2026-09-29,2026-09-29T10:36:06.172350-04:00,62.73,0.0956
ILMN-20260929T14244177358,ILMN,2026-09-29,2026-09-29T10:36:06.172350-04:00,271.21,0.5233
DDOG-20260929T14301866949,DDOG,2026-09-29,2026-09-29T10:36:06.172350-04:00,264.0779,-0.4231
IR-20260929T13470770441,IR,2026-09-29,2026-09-29T10:36:16.330482-04:00,75.575,0.5821
BRKR-20260929T14243152555,BRKR,2026-09-29,2026-09-29T10:36:16.330482-04:00,62.77,0.0319
ILMN-20260929T14244177358,ILMN,2026-09-29,2026-09-29T10:36:16.330482-04:00,270.97,0.6113
DDOG-20260929T14301866949,DDOG,2026-09-29,2026-09-29T10:36:16.330482-04:00,263.71,-0.2832
IR-20260929T13470770441,IR,2026-09-29,2026-09-29T10:36:26.468703-04:00,75.5692,0.5897
BRKR-20260929T14243152555,BRKR,2026-09-29,2026-09-29T10:36:26.468703-04:00,62.78,0.0159
ILMN-20260929T14244177358,ILMN,2026-09-29,2026-09-29T10:36:26.468703-04:00,271.2729,0.5002
DDOG-20260929T14301866949,DDOG,2026-09-29,2026-09-29T10:36:26.468703-04:00,263.68,-0.2718
IR-20260929T13470770441,IR,2026-09-29,2026-09-29T10:36:36.715112-04:00,75.575,0.5821
BRKR-20260929T14243152555,BRKR,2026-09-29,2026-09-29T10:36:36.715112-04:00,62.78,0.0159
ILMN-20260929T14244177358,ILMN,2026-09-29,2026-09-29T10:36:36.715112-04:00,270.9898,0.6041
DDOG-20260929T14301866949,DDOG,2026-09-29,2026-09-29T10:36:36.715112-04:00,263.4668,-0.1907
IR-20260929T13470770441,IR,2026-09-29,2026-09-29T10:36:46.935450-04:00,75.525,0.6479
BRKR-20260929T14243152555,BRKR,2026-09-29,2026-09-29T10:36:46.935450-04:00,62.78,0.0159
ILMN-20260929T14244177358,ILMN,2026-09-29,2026-09-29T10:36:46.935450-04:00,271.524,0.4081
DDOG-20260929T14301866949,DDOG,2026-09-29,2026-09-29T10:36:46.935450-04:00,263.53,-0.2147
IR-20260929T13470770441,IR,2026-09-29,2026-09-29T10:36:57.063786-04:00,75.575,0.5821
BRKR-20260929T14243152555,BRKR,2026-09-29,2026-09-29T10:36:57.063786-04:00,62.785,0.008
ILMN-20260929T14244177358,ILMN,2026-09-29,2026-09-29T10:36:57.063786-04:00,271.0109,0.5963
DDOG-20260929T14301866949,DDOG,2026-09-29,2026-09-29T10:36:57.063786-04:00,263.535,-0.2166
IR-20260929T13470770441,IR,2026-09-29,2026-09-29T10:37:07.256778-04:00,75.63,0.5098
BRKR-20260929T14243152555,BRKR,2026-09-29,2026-09-29T10:37:07.256778-04:00,62.5331,0.4091
ILMN-20260929T14244177358,ILMN,2026-09-29,2026-09-29T10:37:07.256778-04:00,270.98,0.6076
DDOG-20260929T14301866949,DDOG,2026-09-29,2026-09-29T10:37:07.256778-04:00,263.54,-0.2185
IR-20260929T13470770441,IR,2026-09-29,2026-09-29T10:37:17.438100-04:00,75.5649,0.5954
BRKR-20260929T14243152555,BRKR,2026-09-29,2026-09-29T10:37:17.438100-04:00,62.5339,0.4079
ILMN-20260929T14244177358,ILMN,2026-09-29,2026-09-29T10:37:17.438100-04:00,270.975,0.6095
DDOG-20260929T14301866949,DDOG,2026-09-29,2026-09-29T10:37:17.438100-04:00,263.535,-0.2166
IR-20260929T13470770441,IR,2026-09-29,2026-09-29T10:37:27.568116-04:00,75.575,0.5821
BRKR-20260929T14243152555,BRKR,2026-09-29,2026-09-29T10:37:27.568116-04:00,62.5339,0.4079
ILMN-20260929T14244177358,ILMN,2026-09-29,2026-09-29T10:37:27.568116-04:00,270.88,0.6443
DDOG-20260929T14301866949,DDOG,2026-09-29,2026-09-29T10:37:27.568116-04:00,263.69,-0.2756
IR-20260929T13470770441,IR,2026-09-29,2026-09-29T10:37:37.742273-04:00,75.5653,0.5949
BRKR-20260929T14243152555,BRKR,2026-09-29,2026-09-29T10:37:37.742273-04:00,62.7654,0.0392
ILMN-20260929T14244177358,ILMN,2026-09-29,2026-09-29T10:37:37.742273-04:00,271.2071,0.5243
DDOG-20260929T14301866949,DDOG,2026-09-29,2026-09-29T10:37:37.742273-04:00,263.83,-0.3288
IR-20260929T13470770441,IR,2026-09-29,2026-09-29T10:37:47.890846-04:00,75.575,0.5821
BRKR-20260929T14243152555,BRKR,2026-09-29,2026-09-29T10:37:47.890846-04:00,62.795,-0.008
ILMN-20260929T14244177358,ILMN,2026-09-29,2026-09-29T10:37:47.890846-04:00,271.0074,0.5976
DDOG-20260929T14301866949,DDOG,2026-09-29,2026-09-29T10:37:47.890846-04:00,264.08,-0.4239
IR-20260929T13470770441,IR,2026-09-29,2026-09-29T10:37:58.030171-04:00,75.53,0.6413
BRKR-20260929T14243152555,BRKR,2026-09-29,2026-09-29T10:37:58.030171-04:00,62.7734,0.0264
ILMN-20260929T14244177358,ILMN,2026-09-29,2026-09-29T10:37:58.030171-04:00,270.29,0.8607
DDOG-20260929T14301866949,DDOG,2026-09-29,2026-09-29T10:37:58.030171-04:00,264.1402,-0.4468
IR-20260929T13470770441,IR,2026-09-29,2026-09-29T10:38:08.199277-04:00,75.55,0.615
BRKR-20260929T14243152555,BRKR,2026-09-29,2026-09-29T10:38:08.199277-04:00,62.97,-0.2867
ILMN-20260929T14244177358,ILMN,2026-09-29,2026-09-29T10:38:08.199277-04:00,270.73,0.6993
DDOG-20260929T14301866949,DDOG,2026-09-29,2026-09-29T10:38:08.199277-04:00,264.2,-0.4695
IR-20260929T13470770441,IR,2026-09-29,2026-09-29T10:38:18.329099-04:00,75.585,0.5689
BRKR-20260929T14243152555,BRKR,2026-09-29,2026-09-29T10:38:18.329099-04:00,62.82,-0.0478
ILMN-20260929T14244177358,ILMN,2026-09-29,2026-09-29T10:38:18.329099-04:00,271.0018,0.5997
DDOG-20260929T14301866949,DDOG,2026-09-29,2026-09-29T10:38:18.329099-04:00,264.0627,-0.4173
IR-20260929T13470770441,IR,2026-09-29,2026-09-29T10:38:28.458544-04:00,75.5557,0.6075
BRKR-20260929T14243152555,BRKR,2026-09-29,2026-09-29T10:38:28.458544-04:00,62.94,-0.2389
ILMN-20260929T14244177358,ILMN,2026-09-29,2026-09-29T10:38:28.458544-04:00,270.6,0.747
DDOG-20260929T14301866949,DDOG,2026-09-29,2026-09-29T10:38:28.458544-04:00,264.5,-0.5836
IR-20260929T13470770441,IR,2026-09-29,2026-09-29T10:38:38.661866-04:00,75.56,0.6018
BRKR-20260929T14243152555,BRKR,2026-09-29,2026-09-29T10:38:38.661866-04:00,62.94,-0.2389
ILMN-20260929T14244177358,ILMN,2026-09-29,2026-09-29T10:38:38.661866-04:00,270.685,0.7158
IR-20260929T13470770441,IR,2026-09-29,2026-09-29T10:38:48.746449-04:00,75.62,0.5229
BRKR-20260929T14243152555,BRKR,2026-09-29,2026-09-29T10:38:48.746449-04:00,62.94,-0.2389
ILMN-20260929T14244177358,ILMN,2026-09-29,2026-09-29T10:38:48.746449-04:00,270.88,0.6443
IR-20260929T13470770441,IR,2026-09-29,2026-09-29T10:38:58.839716-04:00,75.59,0.5624
BRKR-20260929T14243152555,BRKR,2026-09-29,2026-09-29T10:38:58.839716-04:00,62.925,-0.215
ILMN-20260929T14244177358,ILMN,2026-09-29,2026-09-29T10:38:58.839716-04:00,271.0,0.6003
IR-20260929T13470770441,IR,2026-09-29,2026-09-29T10:39:08.936778-04:00,75.58,0.5755
BRKR-20260929T14243152555,BRKR,2026-09-29,2026-09-29T10:39:08.936778-04:00,62.5577,0.37
ILMN-20260929T14244177358,ILMN,2026-09-29,2026-09-29T10:39:08.936778-04:00,270.925,0.6278
IR-20260929T13470770441,IR,2026-09-29,2026-09-29T10:39:19.114127-04:00,75.53,0.6413
BRKR-20260929T14243152555,BRKR,2026-09-29,2026-09-29T10:39:19.114127-04:00,62.925,-0.215
ILMN-20260929T14244177358,ILMN,2026-09-29,2026-09-29T10:39:19.114127-04:00,270.84,0.659
IR-20260929T13470770441,IR,2026-09-29,2026-09-29T10:39:29.242965-04:00,75.56,0.6018
BRKR-20260929T14243152555,BRKR,2026-09-29,2026-09-29T10:39:29.242965-04:00,62.6463,0.2289
ILMN-20260929T14244177358,ILMN,2026-09-29,2026-09-29T10:39:29.242965-04:00,270.8913,0.6402
IR-20260929T13470770441,IR,2026-09-29,2026-09-29T10:39:39.335024-04:00,75.6121,0.5333
BRKR-20260929T14243152555,BRKR,2026-09-29,2026-09-29T10:39:39.335024-04:00,62.94,-0.2389
ILMN-20260929T14244177358,ILMN,2026-09-29,2026-09-29T10:39:39.335024-04:00,270.91,0.6333
IR-20260929T13470770441,IR,2026-09-29,2026-09-29T10:39:49.455058-04:00,75.59,0.5624
BRKR-20260929T14243152555,BRKR,2026-09-29,2026-09-29T10:39:49.455058-04:00,62.7839,0.0097
ILMN-20260929T14244177358,ILMN,2026-09-29,2026-09-29T10:39:49.455058-04:00,270.97,0.6113
IR-20260929T13470770441,IR,2026-09-29,2026-09-29T10:39:59.576845-04:00,75.6,0.5492
BRKR-20260929T14243152555,BRKR,2026-09-29,2026-09-29T10:39:59.576845-04:00,62.7824,0.0121
ILMN-20260929T14244177358,ILMN,2026-09-29,2026-09-29T10:39:59.576845-04:00,270.73,0.6993
IR-20260929T13470770441,IR,2026-09-29,2026-09-29T10:40:09.739124-04:00,75.6152,0.5292
BRKR-20260929T14243152555,BRKR,2026-09-29,2026-09-29T10:40:09.739124-04:00,62.945,-0.2469
ILMN-20260929T14244177358,ILMN,2026-09-29,2026-09-29T10:40:09.739124-04:00,271.1477,0.5461
IR-20260929T13470770441,IR,2026-09-29,2026-09-29T10:40:19.844411-04:00,75.655,0.4769
BRKR-20260929T14243152555,BRKR,2026-09-29,2026-09-29T10:40:19.844411-04:00,63.05,-0.4141
ILMN-20260929T14244177358,ILMN,2026-09-29,2026-09-29T10:40:19.844411-04:00,270.9,0.637
IR-20260929T13470770441,IR,2026-09-29,2026-09-29T10:40:30.014530-04:00,75.6503,0.483
BRKR-20260929T14243152555,BRKR,2026-09-29,2026-09-29T10:40:30.014530-04:00,62.9101,-0.1913
ILMN-20260929T14244177358,ILMN,2026-09-29,2026-09-29T10:40:30.014530-04:00,270.905,0.6352
IR-20260929T13470770441,IR,2026-09-29,2026-09-29T10:40:40.208010-04:00,75.6674,0.4606
BRKR-20260929T14243152555,BRKR,2026-09-29,2026-09-29T10:40:40.208010-04:00,63.055,-0.422
ILMN-20260929T14244177358,ILMN,2026-09-29,2026-09-29T10:40:40.208010-04:00,270.85,0.6553
IR-20260929T13470770441,IR,2026-09-29,2026-09-29T10:40:50.308342-04:00,75.66,0.4703
BRKR-20260929T14243152555,BRKR,2026-09-29,2026-09-29T10:40:50.308342-04:00,63.0337,-0.3881
ILMN-20260929T14244177358,ILMN,2026-09-29,2026-09-29T10:40:50.308342-04:00,270.855,0.6535
IR-20260929T13470770441,IR,2026-09-29,2026-09-29T10:41:00.417956-04:00,75.59,0.5624
BRKR-20260929T14243152555,BRKR,2026-09-29,2026-09-29T10:41:00.417956-04:00,63.065,-0.438
ILMN-20260929T14244177358,ILMN,2026-09-29,2026-09-29T10:41:00.417956-04:00,271.06,0.5783
IR-20260929T13470770441,IR,2026-09-29,2026-09-29T10:41:10.526261-04:00,75.62,0.5229
BRKR-20260929T14243152555,BRKR,2026-09-29,2026-09-29T10:41:10.526261-04:00,62.9121,-0.1945
ILMN-20260929T14244177358,ILMN,2026-09-29,2026-09-29T10:41:10.526261-04:00,270.745,0.6938
IR-20260929T13470770441,IR,2026-09-29,2026-09-29T10:41:20.611448-04:00,75.57,0.5887
BRKR-20260929T14243152555,BRKR,2026-09-29,2026-09-29T10:41:20.611448-04:00,63.05,-0.4141
ILMN-20260929T14244177358,ILMN,2026-09-29,2026-09-29T10:41:20.611448-04:00,270.44,0.8057
IR-20260929T13470770441,IR,2026-09-29,2026-09-29T10:41:30.674319-04:00,75.595,0.5558
BRKR-20260929T14243152555,BRKR,2026-09-29,2026-09-29T10:41:30.674319-04:00,63.0594,-0.429
ILMN-20260929T14244177358,ILMN,2026-09-29,2026-09-29T10:41:30.674319-04:00,270.71,0.7067
IR-20260929T13470770441,IR,2026-09-29,2026-09-29T10:41:40.999070-04:00,75.6427,0.493
BRKR-20260929T14243152555,BRKR,2026-09-29,2026-09-29T10:41:40.999070-04:00,62.8529,-0.1002
ILMN-20260929T14244177358,ILMN,2026-09-29,2026-09-29T10:41:40.999070-04:00,270.9295,0.6262
IR-20260929T13470770441,IR,2026-09-29,2026-09-29T10:41:51.094276-04:00,75.576,0.5808
BRKR-20260929T14243152555,BRKR,2026-09-29,2026-09-29T10:41:51.094276-04:00,62.8529,-0.1002
ILMN-20260929T14244177358,ILMN,2026-09-29,2026-09-29T10:41:51.094276-04:00,271.0091,0.597
IR-20260929T13470770441,IR,2026-09-29,2026-09-29T10:42:01.200894-04:00,75.53,0.6413
BRKR-20260929T14243152555,BRKR,2026-09-29,2026-09-29T10:42:01.200894-04:00,63.155,-0.5813
ILMN-20260929T14244177358,ILMN,2026-09-29,2026-09-29T10:42:01.200894-04:00,270.61,0.7434
IR-20260929T13470770441,IR,2026-09-29,2026-09-29T10:42:11.443408-04:00,75.6161,0.528
ILMN-20260929T14244177358,ILMN,2026-09-29,2026-09-29T10:42:11.443408-04:00,270.615,0.7415
IR-20260929T13470770441,IR,2026-09-29,2026-09-29T10:42:21.538141-04:00,75.5921,0.5596
ILMN-20260929T14244177358,ILMN,2026-09-29,2026-09-29T10:42:21.538141-04:00,270.61,0.7434
IR-20260929T13470770441,IR,2026-09-29,2026-09-29T10:42:31.624682-04:00,75.55,0.615
ILMN-20260929T14244177358,ILMN,2026-09-29,2026-09-29T10:42:31.624682-04:00,270.67,0.7214
IR-20260929T13470770441,IR,2026-09-29,2026-09-29T10:42:41.748593-04:00,75.581,0.5742
ILMN-20260929T14244177358,ILMN,2026-09-29,2026-09-29T10:42:41.748593-04:00,270.57,0.758
IR-20260929T13470770441,IR,2026-09-29,2026-09-29T10:42:51.841503-04:00,75.5593,0.6028
ILMN-20260929T14244177358,ILMN,2026-09-29,2026-09-29T10:42:51.841503-04:00,270.56,0.7617
IR-20260929T13470770441,IR,2026-09-29,2026-09-29T10:43:02.031063-04:00,75.665,0.4637
ILMN-20260929T14244177358,ILMN,2026-09-29,2026-09-29T10:43:02.031063-04:00,270.79,0.6773
IR-20260929T13470770441,IR,2026-09-29,2026-09-29T10:43:12.242890-04:00,75.5907,0.5614
ILMN-20260929T14244177358,ILMN,2026-09-29,2026-09-29T10:43:12.242890-04:00,270.7139,0.7052
IR-20260929T13470770441,IR,2026-09-29,2026-09-29T10:43:22.376585-04:00,75.6501,0.4833
ILMN-20260929T14244177358,ILMN,2026-09-29,2026-09-29T10:43:22.376585-04:00,269.58,1.1212
IR-20260929T13470770441,IR,2026-09-29,2026-09-29T10:43:32.570777-04:00,75.5978,0.5521
ILMN-20260929T14244177358,ILMN,2026-09-29,2026-09-29T10:43:32.570777-04:00,270.1081,0.9274
IR-20260929T13470770441,IR,2026-09-29,2026-09-29T10:43:42.752622-04:00,75.78,0.3124
ILMN-20260929T14244177358,ILMN,2026-09-29,2026-09-29T10:43:42.752622-04:00,269.44,1.1725
IR-20260929T13470770441,IR,2026-09-29,2026-09-29T10:43:52.910595-04:00,75.775,0.319
ILMN-20260929T14244177358,ILMN,2026-09-29,2026-09-29T10:43:52.910595-04:00,269.55,1.1322
IR-20260929T13470770441,IR,2026-09-29,2026-09-29T10:44:03.163878-04:00,75.6351,0.503
ILMN-20260929T14244177358,ILMN,2026-09-29,2026-09-29T10:44:03.163878-04:00,270.1221,0.9223
IR-20260929T13470770441,IR,2026-09-29,2026-09-29T10:44:13.632807-04:00,75.6071,0.3514
ILMN-20260929T14244177358,ILMN,2026-09-29,2026-09-29T10:44:13.632807-04:00,269.32,1.0962
ILMN-20260929T14244177358,ILMN,2026-09-29,2026-09-29T10:44:23.935851-04:00,270.3731,0.7095
ILMN-20260929T14244177358,ILMN,2026-09-29,2026-09-29T10:44:34.153575-04:00,269.57,1.0044
ILMN-20260929T14244177358,ILMN,2026-09-29,2026-09-29T10:44:44.368815-04:00,269.37,1.0778
ILMN-20260929T14244177358,ILMN,2026-09-29,2026-09-29T10:44:54.523150-04:00,269.8,0.9199
ILMN-20260929T14244177358,ILMN,2026-09-29,2026-09-29T10:45:04.710924-04:00,269.6175,0.9869
ILMN-20260929T14244177358,ILMN,2026-09-29,2026-09-29T10:45:14.883320-04:00,269.5996,0.9935
ILMN-20260929T14244177358,ILMN,2026-09-29,2026-09-29T10:45:25.029177-04:00,270.2477,0.7555
ILMN-20260929T14244177358,ILMN,2026-09-29,2026-09-29T10:45:35.166296-04:00,269.7,0.9566
ILMN-20260929T14244177358,ILMN,2026-09-29,2026-09-29T10:45:45.331932-04:00,270.5767,0.6347
ILMN-20260929T14244177358,ILMN,2026-09-29,2026-09-29T10:45:55.470131-04:00,269.845,0.9034
ILMN-20260929T14244177358,ILMN,2026-09-29,2026-09-29T10:46:05.600245-04:00,269.845,0.9034
ILMN-20260929T14244177358,ILMN,2026-09-29,2026-09-29T10:46:15.789282-04:00,269.8351,0.907
ILMN-20260929T14244177358,ILMN,2026-09-29,2026-09-29T10:46:25.970581-04:00,270.14,0.7951
ILMN-20260929T14244177358,ILMN,2026-09-29,2026-09-29T10:46:36.117898-04:00,269.55,1.0117
ILMN-20260929T14244177358,ILMN,2026-09-29,2026-09-29T10:46:46.543507-04:00,269.45,1.0485
ILMN-20260929T14244177358,ILMN,2026-09-29,2026-09-29T10:46:56.741425-04:00,269.64,0.9787
ILMN-20260929T14244177358,ILMN,2026-09-29,2026-09-29T10:47:06.915535-04:00,269.88,0.8905
ILMN-20260929T14244177358,ILMN,2026-09-29,2026-09-29T10:47:17.129805-04:00,269.32,1.0962
ILMN-20260929T14244177358,ILMN,2026-09-29,2026-09-29T10:47:27.231609-04:00,269.5998,0.9934
ILMN-20260929T14244177358,ILMN,2026-09-29,2026-09-29T10:47:37.374175-04:00,270.3121,0.7319
ILMN-20260929T14244177358,ILMN,2026-09-29,2026-09-29T10:47:47.555388-04:00,269.8551,0.8997
ILMN-20260929T14244177358,ILMN,2026-09-29,2026-09-29T10:47:57.677894-04:00,269.94,0.8685
ILMN-20260929T14244177358,ILMN,2026-09-29,2026-09-29T10:48:07.837943-04:00,269.6308,0.9821
ILMN-20260929T14244177358,ILMN,2026-09-29,2026-09-29T10:48:17.951782-04:00,269.6295,0.9825
ILMN-20260929T14244177358,ILMN,2026-09-29,2026-09-29T10:48:28.072915-04:00,269.6273,0.9833
ILMN-20260929T14244177358,ILMN,2026-09-29,2026-09-29T10:48:38.178537-04:00,269.91,0.8795
ILMN-20260929T14244177358,ILMN,2026-09-29,2026-09-29T10:48:48.311587-04:00,269.7525,0.9374
ILMN-20260929T14244177358,ILMN,2026-09-29,2026-09-29T10:48:58.425065-04:00,269.5685,1.0049
ILMN-20260929T14244177358,ILMN,2026-09-29,2026-09-29T10:49:08.618899-04:00,269.6275,0.9833
ILMN-20260929T14244177358,ILMN,2026-09-29,2026-09-29T10:49:18.763507-04:00,269.6539,0.9736
ILMN-20260929T14244177358,ILMN,2026-09-29,2026-09-29T10:49:28.913690-04:00,269.52,1.0228
ILMN-20260929T14244177358,ILMN,2026-09-29,2026-09-29T10:49:39.053823-04:00,269.11,1.1733
ILMN-20260929T14244177358,ILMN,2026-09-29,2026-09-29T10:49:49.204676-04:00,269.3,1.1035
ILMN-20260929T14244177358,ILMN,2026-09-29,2026-09-29T10:49:59.337910-04:00,269.12,1.1696
ILMN-20260929T14244177358,ILMN,2026-09-29,2026-09-29T10:50:09.500032-04:00,269.2,1.1403
ILMN-20260929T14244177358,ILMN,2026-09-29,2026-09-29T10:50:20.329616-04:00,269.17,1.1513
ILMN-20260929T14244177358,ILMN,2026-09-29,2026-09-29T10:50:30.834163-04:00,268.725,1.3147
ILMN-20260929T14244177358,ILMN,2026-09-29,2026-09-29T10:50:41.576678-04:00,268.885,1.2559
ILMN-20260929T14244177358,ILMN,2026-09-29,2026-09-29T10:50:52.260732-04:00,269.5183,1.0234
ILMN-20260929T14244177358,ILMN,2026-09-29,2026-09-29T10:51:02.940875-04:00,268.9,1.2504
ILMN-20260929T14244177358,ILMN,2026-09-29,2026-09-29T10:51:13.296151-04:00,268.735,1.2104
ILMN-20260929T14244177358,ILMN,2026-09-29,2026-09-29T10:51:23.532974-04:00,269.485,0.9347
ILMN-20260929T14244177358,ILMN,2026-09-29,2026-09-29T10:51:33.713181-04:00,269.615,0.8869
ILMN-20260929T14244177358,ILMN,2026-09-29,2026-09-29T10:51:43.877167-04:00,269.0566,1.0922
ILMN-20260929T14244177358,ILMN,2026-09-29,2026-09-29T10:51:54.423855-04:00,269.36,0.9807
ILMN-20260929T14244177358,ILMN,2026-09-29,2026-09-29T10:52:04.624779-04:00,269.1734,1.0493
INTC-20260929T14514442285,INTC,2026-09-29,2026-09-29T10:52:04.624779-04:00,118.35,0.0864
ILMN-20260929T14244177358,ILMN,2026-09-29,2026-09-29T10:52:14.787983-04:00,269.39,0.9696
INTC-20260929T14514442285,INTC,2026-09-29,2026-09-29T10:52:14.787983-04:00,118.3,0.0441
ILMN-20260929T14244177358,ILMN,2026-09-29,2026-09-29T10:52:24.910014-04:00,269.3,1.0027
INTC-20260929T14514442285,INTC,2026-09-29,2026-09-29T10:52:24.910014-04:00,118.31,0.0526
ILMN-20260929T14244177358,ILMN,2026-09-29,2026-09-29T10:52:35.028953-04:00,269.985,0.7509
INTC-20260929T14514442285,INTC,2026-09-29,2026-09-29T10:52:35.028953-04:00,118.36,0.0948
ILMN-20260929T14244177358,ILMN,2026-09-29,2026-09-29T10:52:45.157585-04:00,270.095,0.7105
INTC-20260929T14514442285,INTC,2026-09-29,2026-09-29T10:52:45.157585-04:00,118.4053,0.1331
ILMN-20260929T14244177358,ILMN,2026-09-29,2026-09-29T10:52:55.279765-04:00,269.4637,0.9425
INTC-20260929T14514442285,INTC,2026-09-29,2026-09-29T10:52:55.279765-04:00,118.2986,0.0429
ILMN-20260929T14244177358,ILMN,2026-09-29,2026-09-29T10:53:05.428101-04:00,270.16,0.6866
INTC-20260929T14514442285,INTC,2026-09-29,2026-09-29T10:53:05.428101-04:00,118.3299,0.0694
ILMN-20260929T14244177358,ILMN,2026-09-29,2026-09-29T10:53:15.624789-04:00,270.005,0.7436
INTC-20260929T14514442285,INTC,2026-09-29,2026-09-29T10:53:15.624789-04:00,118.31,0.0526
ILMN-20260929T14244177358,ILMN,2026-09-29,2026-09-29T10:53:25.746586-04:00,269.3122,0.9982
INTC-20260929T14514442285,INTC,2026-09-29,2026-09-29T10:53:25.746586-04:00,118.12,-0.1081
ILMN-20260929T14244177358,ILMN,2026-09-29,2026-09-29T10:53:35.960146-04:00,270.235,0.659
INTC-20260929T14514442285,INTC,2026-09-29,2026-09-29T10:53:35.960146-04:00,118.21,-0.032
ILMN-20260929T14244177358,ILMN,2026-09-29,2026-09-29T10:53:46.315780-04:00,270.0,0.7454
INTC-20260929T14514442285,INTC,2026-09-29,2026-09-29T10:53:46.315780-04:00,118.25,0.0018
ILMN-20260929T14244177358,ILMN,2026-09-29,2026-09-29T10:53:56.596878-04:00,269.92,0.7748
INTC-20260929T14514442285,INTC,2026-09-29,2026-09-29T10:53:56.596878-04:00,118.16,-0.0743
ILMN-20260929T14244177358,ILMN,2026-09-29,2026-09-29T10:54:06.779684-04:00,269.51,0.9255
INTC-20260929T14514442285,INTC,2026-09-29,2026-09-29T10:54:06.779684-04:00,118.118,-0.1098
ILMN-20260929T14244177358,ILMN,2026-09-29,2026-09-29T10:54:16.882914-04:00,270.1988,0.6723
INTC-20260929T14514442285,INTC,2026-09-29,2026-09-29T10:54:16.882914-04:00,118.2,-0.0405
ILMN-20260929T14244177358,ILMN,2026-09-29,2026-09-29T10:54:27.023788-04:00,269.5535,0.9095
INTC-20260929T14514442285,INTC,2026-09-29,2026-09-29T10:54:27.023788-04:00,118.2758,0.0236
ILMN-20260929T14244177358,ILMN,2026-09-29,2026-09-29T10:54:37.226512-04:00,269.3711,0.9766
INTC-20260929T14514442285,INTC,2026-09-29,2026-09-29T10:54:37.226512-04:00,118.2499,0.0017
ILMN-20260929T14244177358,ILMN,2026-09-29,2026-09-29T10:54:47.418674-04:00,269.4394,0.9515
INTC-20260929T14514442285,INTC,2026-09-29,2026-09-29T10:54:47.418674-04:00,118.272,0.0204
ILMN-20260929T14244177358,ILMN,2026-09-29,2026-09-29T10:54:57.590708-04:00,269.09,1.0799
INTC-20260929T14514442285,INTC,2026-09-29,2026-09-29T10:54:57.590708-04:00,118.3141,0.056
ILMN-20260929T14244177358,ILMN,2026-09-29,2026-09-29T10:55:07.831434-04:00,269.4619,0.9432
INTC-20260929T14514442285,INTC,2026-09-29,2026-09-29T10:55:07.831434-04:00,118.33,0.0695
ILMN-20260929T14244177358,ILMN,2026-09-29,2026-09-29T10:55:17.992997-04:00,269.3731,0.9758
INTC-20260929T14514442285,INTC,2026-09-29,2026-09-29T10:55:17.992997-04:00,118.4,0.1287
ILMN-20260929T14244177358,ILMN,2026-09-29,2026-09-29T10:55:28.191667-04:00,269.4471,0.9486
INTC-20260929T14514442285,INTC,2026-09-29,2026-09-29T10:55:28.191667-04:00,118.375,0.1075
ILMN-20260929T14244177358,ILMN,2026-09-29,2026-09-29T10:55:38.366691-04:00,269.32,0.9954
INTC-20260929T14514442285,INTC,2026-09-29,2026-09-29T10:55:38.366691-04:00,118.3508,0.0871
ILMN-20260929T14244177358,ILMN,2026-09-29,2026-09-29T10:55:48.566607-04:00,269.4837,0.9352
INTC-20260929T14514442285,INTC,2026-09-29,2026-09-29T10:55:48.566607-04:00,118.3886,0.119
ILMN-20260929T14244177358,ILMN,2026-09-29,2026-09-29T10:55:58.729038-04:00,269.32,0.9954
INTC-20260929T14514442285,INTC,2026-09-29,2026-09-29T10:55:58.729038-04:00,118.4784,0.195
ILMN-20260929T14244177358,ILMN,2026-09-29,2026-09-29T10:56:08.866657-04:00,269.5391,0.9148
INTC-20260929T14514442285,INTC,2026-09-29,2026-09-29T10:56:08.866657-04:00,118.365,0.0991
ILMN-20260929T14244177358,ILMN,2026-09-29,2026-09-29T10:56:19.148576-04:00,269.21,1.0358
INTC-20260929T14514442285,INTC,2026-09-29,2026-09-29T10:56:19.148576-04:00,118.4075,0.135
ILMN-20260929T14244177358,ILMN,2026-09-29,2026-09-29T10:56:29.318996-04:00,269.1543,1.0563
INTC-20260929T14514442285,INTC,2026-09-29,2026-09-29T10:56:29.318996-04:00,118.4665,0.1849
ILMN-20260929T14244177358,ILMN,2026-09-29,2026-09-29T10:56:39.457444-04:00,269.23,1.0285
INTC-20260929T14514442285,INTC,2026-09-29,2026-09-29T10:56:39.457444-04:00,118.4472,0.1686
ILMN-20260929T14244177358,ILMN,2026-09-29,2026-09-29T10:56:49.692579-04:00,269.23,1.0285
INTC-20260929T14514442285,INTC,2026-09-29,2026-09-29T10:56:49.692579-04:00,118.4499,0.1709
ILMN-20260929T14244177358,ILMN,2026-09-29,2026-09-29T10:57:00.041374-04:00,268.85,1.1681
INTC-20260929T14514442285,INTC,2026-09-29,2026-09-29T10:57:00.041374-04:00,118.5067,0.2189
ILMN-20260929T14244177358,ILMN,2026-09-29,2026-09-29T10:57:10.178598-04:00,269.4404,0.9511
INTC-20260929T14514442285,INTC,2026-09-29,2026-09-29T10:57:10.178598-04:00,118.4699,0.1878
ILMN-20260929T14244177358,ILMN,2026-09-29,2026-09-29T10:57:20.291733-04:00,269.411,0.9619
INTC-20260929T14514442285,INTC,2026-09-29,2026-09-29T10:57:20.291733-04:00,118.4972,0.2109
ILMN-20260929T14244177358,ILMN,2026-09-29,2026-09-29T10:57:30.371682-04:00,269.14,1.0615
INTC-20260929T14514442285,INTC,2026-09-29,2026-09-29T10:57:30.371682-04:00,118.57,0.2724
ILMN-20260929T14244177358,ILMN,2026-09-29,2026-09-29T10:57:40.493861-04:00,268.8487,1.1686
INTC-20260929T14514442285,INTC,2026-09-29,2026-09-29T10:57:40.493861-04:00,118.4896,0.2044
ILMN-20260929T14244177358,ILMN,2026-09-29,2026-09-29T10:57:50.629921-04:00,268.8494,1.1684
INTC-20260929T14514442285,INTC,2026-09-29,2026-09-29T10:57:50.629921-04:00,118.54,0.2471
ILMN-20260929T14244177358,ILMN,2026-09-29,2026-09-29T10:58:00.708229-04:00,269.54,0.9145
INTC-20260929T14514442285,INTC,2026-09-29,2026-09-29T10:58:00.708229-04:00,118.57,0.2724
ILMN-20260929T14244177358,ILMN,2026-09-29,2026-09-29T10:58:10.864966-04:00,269.2716,1.0132
INTC-20260929T14514442285,INTC,2026-09-29,2026-09-29T10:58:10.864966-04:00,118.5972,0.2954
ILMN-20260929T14244177358,ILMN,2026-09-29,2026-09-29T10:58:20.983797-04:00,269.5088,0.926
INTC-20260929T14514442285,INTC,2026-09-29,2026-09-29T10:58:20.983797-04:00,118.5886,0.2882
ILMN-20260929T14244177358,ILMN,2026-09-29,2026-09-29T10:58:31.108162-04:00,268.84,1.1718
INTC-20260929T14514442285,INTC,2026-09-29,2026-09-29T10:58:31.108162-04:00,118.5872,0.287
ILMN-20260929T14244177358,ILMN,2026-09-29,2026-09-29T10:58:41.281439-04:00,269.1724,1.0496
INTC-20260929T14514442285,INTC,2026-09-29,2026-09-29T10:58:41.281439-04:00,118.607,0.3037
ILMN-20260929T14244177358,ILMN,2026-09-29,2026-09-29T10:58:51.411319-04:00,268.85,1.1681
INTC-20260929T14514442285,INTC,2026-09-29,2026-09-29T10:58:51.411319-04:00,118.57,0.2724
ILMN-20260929T14244177358,ILMN,2026-09-29,2026-09-29T10:59:01.547525-04:00,268.9041,1.1483
INTC-20260929T14514442285,INTC,2026-09-29,2026-09-29T10:59:01.547525-04:00,118.66,0.3485
ILMN-20260929T14244177358,ILMN,2026-09-29,2026-09-29T10:59:11.635698-04:00,269.2185,1.0327
INTC-20260929T14514442285,INTC,2026-09-29,2026-09-29T10:59:11.635698-04:00,118.6472,0.3377
ILMN-20260929T14244177358,ILMN,2026-09-29,2026-09-29T10:59:21.805766-04:00,268.755,1.2031
INTC-20260929T14514442285,INTC,2026-09-29,2026-09-29T10:59:21.805766-04:00,118.54,0.2471
ILMN-20260929T14244177358,ILMN,2026-09-29,2026-09-29T10:59:31.981740-04:00,268.755,1.2031
INTC-20260929T14514442285,INTC,2026-09-29,2026-09-29T10:59:31.981740-04:00,118.46,0.1794
ILMN-20260929T14244177358,ILMN,2026-09-29,2026-09-29T10:59:42.168004-04:00,269.2327,1.0275
INTC-20260929T14514442285,INTC,2026-09-29,2026-09-29T10:59:42.168004-04:00,118.5,0.2132
ILMN-20260929T14244177358,ILMN,2026-09-29,2026-09-29T10:59:52.360189-04:00,268.424,1.3247
INTC-20260929T14514442285,INTC,2026-09-29,2026-09-29T10:59:52.360189-04:00,118.46,0.1794
ILMN-20260929T14244177358,ILMN,2026-09-29,2026-09-29T11:00:02.563602-04:00,268.66,1.238
INTC-20260929T14514442285,INTC,2026-09-29,2026-09-29T11:00:02.563602-04:00,118.4246,0.1495
ILMN-20260929T14244177358,ILMN,2026-09-29,2026-09-29T11:00:12.967694-04:00,269.013,1.1082
INTC-20260929T14514442285,INTC,2026-09-29,2026-09-29T11:00:12.967694-04:00,118.4301,0.1541
ILMN-20260929T14244177358,ILMN,2026-09-29,2026-09-29T11:00:23.259881-04:00,268.8814,1.1566
INTC-20260929T14514442285,INTC,2026-09-29,2026-09-29T11:00:23.259881-04:00,118.36,0.0948
ILMN-20260929T14244177358,ILMN,2026-09-29,2026-09-29T11:00:33.520901-04:00,268.43,1.3225
INTC-20260929T14514442285,INTC,2026-09-29,2026-09-29T11:00:33.520901-04:00,118.3925,0.1223
ILMN-20260929T14244177358,ILMN,2026-09-29,2026-09-29T11:00:43.756183-04:00,268.585,1.2656
INTC-20260929T14514442285,INTC,2026-09-29,2026-09-29T11:00:43.756183-04:00,118.3972,0.1263
ILMN-20260929T14244177358,ILMN,2026-09-29,2026-09-29T11:00:54.026315-04:00,268.585,1.2656
INTC-20260929T14514442285,INTC,2026-09-29,2026-09-29T11:00:54.026315-04:00,118.4472,0.1686
ILMN-20260929T14244177358,ILMN,2026-09-29,2026-09-29T11:01:04.211943-04:00,269.1187,1.0694
INTC-20260929T14514442285,INTC,2026-09-29,2026-09-29T11:01:04.211943-04:00,118.413,0.1397
ILMN-20260929T14244177358,ILMN,2026-09-29,2026-09-29T11:01:14.426464-04:00,269.0882,1.0806
INTC-20260929T14514442285,INTC,2026-09-29,2026-09-29T11:01:14.426464-04:00,118.4758,0.1928
ILMN-20260929T14244177358,ILMN,2026-09-29,2026-09-29T11:01:24.611169-04:00,268.3874,1.3382
INTC-20260929T14514442285,INTC,2026-09-29,2026-09-29T11:01:24.611169-04:00,118.58,0.2809
ILMN-20260929T14244177358,ILMN,2026-09-29,2026-09-29T11:01:34.802746-04:00,268.55,1.2784
INTC-20260929T14514442285,INTC,2026-09-29,2026-09-29T11:01:34.802746-04:00,118.4887,0.2037
ILMN-20260929T14244177358,ILMN,2026-09-29,2026-09-29T11:01:44.985771-04:00,268.555,1.2766
INTC-20260929T14514442285,INTC,2026-09-29,2026-09-29T11:01:44.985771-04:00,118.4924,0.2068
ILMN-20260929T14244177358,ILMN,2026-09-29,2026-09-29T11:01:55.168412-04:00,268.75,1.2049
INTC-20260929T14514442285,INTC,2026-09-29,2026-09-29T11:01:55.168412-04:00,118.5999,0.2977
ILMN-20260929T14244177358,ILMN,2026-09-29,2026-09-29T11:02:05.369373-04:00,268.66,1.238
INTC-20260929T14514442285,INTC,2026-09-29,2026-09-29T11:02:05.369373-04:00,118.67,0.357
ILMN-20260929T14244177358,ILMN,2026-09-29,2026-09-29T11:02:15.475125-04:00,268.8521,1.1674
INTC-20260929T14514442285,INTC,2026-09-29,2026-09-29T11:02:15.475125-04:00,118.54,0.2471
ILMN-20260929T14244177358,ILMN,2026-09-29,2026-09-29T11:02:25.580766-04:00,268.51,1.2931
INTC-20260929T14514442285,INTC,2026-09-29,2026-09-29T11:02:25.580766-04:00,118.5899,0.2893
ILMN-20260929T14244177358,ILMN,2026-09-29,2026-09-29T11:02:35.797160-04:00,268.5307,1.2855
INTC-20260929T14514442285,INTC,2026-09-29,2026-09-29T11:02:35.797160-04:00,118.5934,0.2922
ILMN-20260929T14244177358,ILMN,2026-09-29,2026-09-29T11:02:45.930165-04:00,268.76,1.2012
INTC-20260929T14514442285,INTC,2026-09-29,2026-09-29T11:02:45.930165-04:00,118.5872,0.287
ILMN-20260929T14244177358,ILMN,2026-09-29,2026-09-29T11:02:56.097695-04:00,268.6868,1.2281
INTC-20260929T14514442285,INTC,2026-09-29,2026-09-29T11:02:56.097695-04:00,118.58,0.2809
ILMN-20260929T14244177358,ILMN,2026-09-29,2026-09-29T11:03:06.174712-04:00,268.26,1.385
INTC-20260929T14514442285,INTC,2026-09-29,2026-09-29T11:03:06.174712-04:00,118.556,0.2606
ILMN-20260929T14244177358,ILMN,2026-09-29,2026-09-29T11:03:16.322716-04:00,268.788,1.1909
INTC-20260929T14514442285,INTC,2026-09-29,2026-09-29T11:03:16.322716-04:00,118.5535,0.2585
ILMN-20260929T14244177358,ILMN,2026-09-29,2026-09-29T11:03:26.532379-04:00,267.97,1.4916
INTC-20260929T14514442285,INTC,2026-09-29,2026-09-29T11:03:26.532379-04:00,118.5243,0.2338
ILMN-20260929T14244177358,ILMN,2026-09-29,2026-09-29T11:03:36.710451-04:00,268.025,1.4714
INTC-20260929T14514442285,INTC,2026-09-29,2026-09-29T11:03:36.710451-04:00,118.5472,0.2531
ILMN-20260929T14244177358,ILMN,2026-09-29,2026-09-29T11:03:46.844196-04:00,268.205,1.4053
INTC-20260929T14514442285,INTC,2026-09-29,2026-09-29T11:03:46.844196-04:00,118.4772,0.194
ILMN-20260929T14244177358,ILMN,2026-09-29,2026-09-29T11:03:57.028581-04:00,268.1182,1.4372
INTC-20260929T14514442285,INTC,2026-09-29,2026-09-29T11:03:57.028581-04:00,118.5098,0.2215
ILMN-20260929T14244177358,ILMN,2026-09-29,2026-09-29T11:04:07.146856-04:00,268.14,1.4291
INTC-20260929T14514442285,INTC,2026-09-29,2026-09-29T11:04:07.146856-04:00,118.53,0.2386
ILMN-20260929T14244177358,ILMN,2026-09-29,2026-09-29T11:04:17.349129-04:00,268.37,1.3446
INTC-20260929T14514442285,INTC,2026-09-29,2026-09-29T11:04:17.349129-04:00,118.585,0.2851
ILMN-20260929T14244177358,ILMN,2026-09-29,2026-09-29T11:04:27.489724-04:00,268.57,1.2711
INTC-20260929T14514442285,INTC,2026-09-29,2026-09-29T11:04:27.489724-04:00,118.5401,0.2471
ILMN-20260929T14244177358,ILMN,2026-09-29,2026-09-29T11:04:37.632821-04:00,268.595,1.2619
INTC-20260929T14514442285,INTC,2026-09-29,2026-09-29T11:04:37.632821-04:00,118.5672,0.2701
ILMN-20260929T14244177358,ILMN,2026-09-29,2026-09-29T11:04:47.867127-04:00,268.2199,1.3998
INTC-20260929T14514442285,INTC,2026-09-29,2026-09-29T11:04:47.867127-04:00,118.5367,0.2443
ILMN-20260929T14244177358,ILMN,2026-09-29,2026-09-29T11:04:57.998595-04:00,268.3776,1.3418
INTC-20260929T14514442285,INTC,2026-09-29,2026-09-29T11:04:57.998595-04:00,118.52,0.2301
ILMN-20260929T14244177358,ILMN,2026-09-29,2026-09-29T11:05:08.192299-04:00,268.57,1.2711
INTC-20260929T14514442285,INTC,2026-09-29,2026-09-29T11:05:08.192299-04:00,118.6,0.2978
ILMN-20260929T14244177358,ILMN,2026-09-29,2026-09-29T11:05:18.310446-04:00,268.3762,1.3423
INTC-20260929T14514442285,INTC,2026-09-29,2026-09-29T11:05:18.310446-04:00,118.61,0.3063
ILMN-20260929T14244177358,ILMN,2026-09-29,2026-09-29T11:05:28.406104-04:00,268.3748,1.3428
INTC-20260929T14514442285,INTC,2026-09-29,2026-09-29T11:05:28.406104-04:00,118.53,0.2386
ILMN-20260929T14244177358,ILMN,2026-09-29,2026-09-29T11:05:38.489196-04:00,268.31,1.3667
INTC-20260929T14514442285,INTC,2026-09-29,2026-09-29T11:05:38.489196-04:00,118.57,0.2724
ILMN-20260929T14244177358,ILMN,2026-09-29,2026-09-29T11:05:48.550776-04:00,268.46,1.3115
INTC-20260929T14514442285,INTC,2026-09-29,2026-09-29T11:05:48.550776-04:00,118.58,0.2809
ILMN-20260929T14244177358,ILMN,2026-09-29,2026-09-29T11:05:58.616688-04:00,268.38,1.3409
INTC-20260929T14514442285,INTC,2026-09-29,2026-09-29T11:05:58.616688-04:00,118.64,0.3316
ILMN-20260929T14244177358,ILMN,2026-09-29,2026-09-29T11:06:08.706549-04:00,268.465,1.3097
INTC-20260929T14514442285,INTC,2026-09-29,2026-09-29T11:06:08.706549-04:00,118.65,0.3401
ILMN-20260929T14244177358,ILMN,2026-09-29,2026-09-29T11:06:18.809019-04:00,268.48,1.3042
INTC-20260929T14514442285,INTC,2026-09-29,2026-09-29T11:06:18.809019-04:00,118.6686,0.3558
ILMN-20260929T14244177358,ILMN,2026-09-29,2026-09-29T11:06:28.905687-04:00,268.485,1.3023
INTC-20260929T14514442285,INTC,2026-09-29,2026-09-29T11:06:28.905687-04:00,118.67,0.357
ILMN-20260929T14244177358,ILMN,2026-09-29,2026-09-29T11:06:39.001457-04:00,268.515,1.2913
INTC-20260929T14514442285,INTC,2026-09-29,2026-09-29T11:06:39.001457-04:00,118.725,0.4035
ILMN-20260929T14244177358,ILMN,2026-09-29,2026-09-29T11:06:49.086546-04:00,268.515,1.2913
INTC-20260929T14514442285,INTC,2026-09-29,2026-09-29T11:06:49.086546-04:00,118.7,0.3824
ILMN-20260929T14244177358,ILMN,2026-09-29,2026-09-29T11:06:59.156725-04:00,268.27,1.3814
INTC-20260929T14514442285,INTC,2026-09-29,2026-09-29T11:06:59.156725-04:00,118.66,0.3485
ILMN-20260929T14244177358,ILMN,2026-09-29,2026-09-29T11:07:09.266838-04:00,268.53,1.2858
INTC-20260929T14514442285,INTC,2026-09-29,2026-09-29T11:07:09.266838-04:00,118.63,0.3232
ILMN-20260929T14244177358,ILMN,2026-09-29,2026-09-29T11:07:19.667053-04:00,268.2752,1.3794
INTC-20260929T14514442285,INTC,2026-09-29,2026-09-29T11:07:19.667053-04:00,118.63,0.3232
ILMN-20260929T14244177358,ILMN,2026-09-29,2026-09-29T11:07:30.030019-04:00,268.46,1.3115
INTC-20260929T14514442285,INTC,2026-09-29,2026-09-29T11:07:30.030019-04:00,118.59,0.2893
ILMN-20260929T14244177358,ILMN,2026-09-29,2026-09-29T11:07:40.447685-04:00,268.14,1.4291
INTC-20260929T14514442285,INTC,2026-09-29,2026-09-29T11:07:40.447685-04:00,118.54,0.2471
ILMN-20260929T14244177358,ILMN,2026-09-29,2026-09-29T11:07:50.880132-04:00,268.14,1.4291
INTC-20260929T14514442285,INTC,2026-09-29,2026-09-29T11:07:50.880132-04:00,118.5714,0.2736
ILMN-20260929T14244177358,ILMN,2026-09-29,2026-09-29T11:08:01.199040-04:00,268.2925,1.3731
INTC-20260929T14514442285,INTC,2026-09-29,2026-09-29T11:08:01.199040-04:00,118.56,0.264
ILMN-20260929T14244177358,ILMN,2026-09-29,2026-09-29T11:08:11.385191-04:00,268.24,1.3924
INTC-20260929T14514442285,INTC,2026-09-29,2026-09-29T11:08:11.385191-04:00,118.43,0.154
ILMN-20260929T14244177358,ILMN,2026-09-29,2026-09-29T11:08:21.585502-04:00,268.3914,1.3367
INTC-20260929T14514442285,INTC,2026-09-29,2026-09-29T11:08:21.585502-04:00,118.5,0.2132
ILMN-20260929T14244177358,ILMN,2026-09-29,2026-09-29T11:08:31.734804-04:00,268.21,1.4034
INTC-20260929T14514442285,INTC,2026-09-29,2026-09-29T11:08:31.734804-04:00,118.49,0.2048
ILMN-20260929T14244177358,ILMN,2026-09-29,2026-09-29T11:08:41.941687-04:00,268.3923,1.3364
INTC-20260929T14514442285,INTC,2026-09-29,2026-09-29T11:08:41.941687-04:00,118.51,0.2217
ILMN-20260929T14244177358,ILMN,2026-09-29,2026-09-29T11:08:52.162200-04:00,268.429,1.3229
INTC-20260929T14514442285,INTC,2026-09-29,2026-09-29T11:08:52.162200-04:00,118.46,0.1794
ILMN-20260929T14244177358,ILMN,2026-09-29,2026-09-29T11:09:02.422594-04:00,268.19,1.4108
INTC-20260929T14514442285,INTC,2026-09-29,2026-09-29T11:09:02.422594-04:00,118.5,0.2132
ILMN-20260929T14244177358,ILMN,2026-09-29,2026-09-29T11:09:12.509777-04:00,268.18,1.4144
INTC-20260929T14514442285,INTC,2026-09-29,2026-09-29T11:09:12.509777-04:00,118.54,0.2471
ILMN-20260929T14244177358,ILMN,2026-09-29,2026-09-29T11:09:22.609830-04:00,268.49,1.3005
INTC-20260929T14514442285,INTC,2026-09-29,2026-09-29T11:09:22.609830-04:00,118.52,0.2301
ILMN-20260929T14244177358,ILMN,2026-09-29,2026-09-29T11:09:32.733844-04:00,268.3,1.3703
INTC-20260929T14514442285,INTC,2026-09-29,2026-09-29T11:09:32.733844-04:00,118.47,0.1879
ILMN-20260929T14244177358,ILMN,2026-09-29,2026-09-29T11:09:42.840624-04:00,268.3721,1.3438
INTC-20260929T14514442285,INTC,2026-09-29,2026-09-29T11:09:42.840624-04:00,118.4586,0.1782
ILMN-20260929T14244177358,ILMN,2026-09-29,2026-09-29T11:09:52.966689-04:00,267.94,1.5027
INTC-20260929T14514442285,INTC,2026-09-29,2026-09-29T11:09:52.966689-04:00,118.47,0.1879
ILMN-20260929T14244177358,ILMN,2026-09-29,2026-09-29T11:10:03.100215-04:00,268.3487,1.3524
INTC-20260929T14514442285,INTC,2026-09-29,2026-09-29T11:10:03.100215-04:00,118.45,0.1709
INTC-20260929T14514442285,INTC,2026-09-29,2026-09-29T11:10:13.349718-04:00,118.36,0.0948
INTC-20260929T14514442285,INTC,2026-09-29,2026-09-29T11:10:23.441491-04:00,118.25,0.0018
INTC-20260929T14514442285,INTC,2026-09-29,2026-09-29T11:10:33.565719-04:00,118.376,0.1084
INTC-20260929T14514442285,INTC,2026-09-29,2026-09-29T11:10:43.654112-04:00,118.4786,0.1951
INTC-20260929T14514442285,INTC,2026-09-29,2026-09-29T11:10:53.740353-04:00,118.5092,0.221
INTC-20260929T14514442285,INTC,2026-09-29,2026-09-29T11:11:03.803944-04:00,118.3586,0.0937
INTC-20260929T14514442285,INTC,2026-09-29,2026-09-29T11:11:13.888323-04:00,118.397,0.1261
INTC-20260929T14514442285,INTC,2026-09-29,2026-09-29T11:11:23.969507-04:00,118.4829,0.1988
INTC-20260929T14514442285,INTC,2026-09-29,2026-09-29T11:11:34.050922-04:00,118.315,0.0568
INTC-20260929T14514442285,INTC,2026-09-29,2026-09-29T11:11:44.161729-04:00,118.205,-0.0362
INTC-20260929T14514442285,INTC,2026-09-29,2026-09-29T11:11:54.222726-04:00,118.21,-0.032
INTC-20260929T14514442285,INTC,2026-09-29,2026-09-29T11:12:04.306903-04:00,118.17,-0.0658
IR-20260929T15454450132,IR,2026-09-29,2026-09-29T11:46:04.599635-04:00,76.04,-0.0526
IR-20260929T15454450132,IR,2026-09-29,2026-09-29T11:46:14.662151-04:00,76.0694,-0.0139
IR-20260929T15454450132,IR,2026-09-29,2026-09-29T11:46:24.736074-04:00,76.04,-0.0526
IR-20260929T15454450132,IR,2026-09-29,2026-09-29T11:46:34.786112-04:00,76.05,-0.0394
IR-20260929T15454450132,IR,2026-09-29,2026-09-29T11:46:44.836605-04:00,76.04,-0.0526
IR-20260929T15454450132,IR,2026-09-29,2026-09-29T11:46:54.898533-04:00,75.9402,-0.1838
IR-20260929T15454450132,IR,2026-09-29,2026-09-29T11:47:04.984619-04:00,75.9286,-0.199
IR-20260929T15454450132,IR,2026-09-29,2026-09-29T11:47:15.189478-04:00,75.935,-0.1906
IR-20260929T15454450132,IR,2026-09-29,2026-09-29T11:47:25.372419-04:00,76.115,0.046
IR-20260929T15454450132,IR,2026-09-29,2026-09-29T11:47:35.572492-04:00,76.04,-0.0526
IR-20260929T15454450132,IR,2026-09-29,2026-09-29T11:47:45.697271-04:00,76.0825,0.0033
IR-20260929T15454450132,IR,2026-09-29,2026-09-29T11:47:55.862998-04:00,76.0917,0.0154
IR-20260929T15454450132,IR,2026-09-29,2026-09-29T11:48:05.986794-04:00,75.98,-0.1314
IR-20260929T15454450132,IR,2026-09-29,2026-09-29T11:48:16.077705-04:00,76.0679,-0.0159
IR-20260929T15454450132,IR,2026-09-29,2026-09-29T11:48:26.151468-04:00,76.0295,-0.0664
IR-20260929T15454450132,IR,2026-09-29,2026-09-29T11:48:36.196528-04:00,75.93,-0.1972
IR-20260929T15454450132,IR,2026-09-29,2026-09-29T11:48:46.347044-04:00,75.925,-0.2037
IR-20260929T15454450132,IR,2026-09-29,2026-09-29T11:48:56.435446-04:00,75.9393,-0.1849
IR-20260929T15454450132,IR,2026-09-29,2026-09-29T11:49:06.534130-04:00,76.0368,-0.0568
IR-20260929T15454450132,IR,2026-09-29,2026-09-29T11:49:16.611149-04:00,76.065,-0.0197
IR-20260929T15454450132,IR,2026-09-29,2026-09-29T11:49:26.714049-04:00,75.9364,-0.1887
IR-20260929T15454450132,IR,2026-09-29,2026-09-29T11:49:36.811225-04:00,76.095,0.0197
IR-20260929T15454450132,IR,2026-09-29,2026-09-29T11:49:46.941534-04:00,76.0179,-0.0816
IR-20260929T15454450132,IR,2026-09-29,2026-09-29T11:49:57.097919-04:00,76.0592,-0.0273
IR-20260929T15454450132,IR,2026-09-29,2026-09-29T11:50:07.233865-04:00,75.97,-0.1446
IR-20260929T15454450132,IR,2026-09-29,2026-09-29T11:50:17.497490-04:00,75.96,-0.1577
IR-20260929T15454450132,IR,2026-09-29,2026-09-29T11:50:27.743771-04:00,75.938,-0.1866
IR-20260929T15454450132,IR,2026-09-29,2026-09-29T11:50:37.964985-04:00,75.925,-0.2037
IR-20260929T15454450132,IR,2026-09-29,2026-09-29T11:50:48.138814-04:00,75.9912,-0.1167
IR-20260929T15454450132,IR,2026-09-29,2026-09-29T11:50:58.356213-04:00,75.8925,-0.2465
IR-20260929T15454450132,IR,2026-09-29,2026-09-29T11:51:08.542260-04:00,75.91,-0.2234
IR-20260929T15454450132,IR,2026-09-29,2026-09-29T11:51:18.659109-04:00,75.9298,-0.1974
IR-20260929T15454450132,IR,2026-09-29,2026-09-29T11:51:28.724922-04:00,75.84,-0.3155
IR-20260929T15454450132,IR,2026-09-29,2026-09-29T11:51:38.896127-04:00,75.8772,-0.2666
IR-20260929T15454450132,IR,2026-09-29,2026-09-29T11:51:49.038805-04:00,75.9317,-0.1949
IR-20260929T15454450132,IR,2026-09-29,2026-09-29T11:51:59.161652-04:00,75.8374,-0.3189
IR-20260929T15454450132,IR,2026-09-29,2026-09-29T11:52:09.267680-04:00,75.87,-0.276
IR-20260929T15454450132,IR,2026-09-29,2026-09-29T11:52:19.359584-04:00,75.825,-0.3352
IR-20260929T15454450132,IR,2026-09-29,2026-09-29T11:52:29.417920-04:00,75.82,-0.3417
IR-20260929T15454450132,IR,2026-09-29,2026-09-29T11:52:39.530778-04:00,75.785,-0.3877
IR-20260929T15454450132,IR,2026-09-29,2026-09-29T11:52:49.702018-04:00,75.8117,-0.3527
IR-20260929T15454450132,IR,2026-09-29,2026-09-29T11:52:59.830384-04:00,75.76,-0.4206
IR-20260929T15454450132,IR,2026-09-29,2026-09-29T11:53:09.928134-04:00,75.785,-0.3877
IR-20260929T15454450132,IR,2026-09-29,2026-09-29T11:53:20.070192-04:00,75.785,-0.3877
IR-20260929T15454450132,IR,2026-09-29,2026-09-29T11:53:30.191597-04:00,75.785,-0.3877
IR-20260929T15454450132,IR,2026-09-29,2026-09-29T11:53:40.328535-04:00,75.775,-0.4009
IR-20260929T15454450132,IR,2026-09-29,2026-09-29T11:53:50.420558-04:00,75.7812,-0.3927
