date,signal_time,symbol,entry_method,price,signal_pct,excess_vs_spy_pct,spy_pct,rvol,spread_pct,burst_width,opening_hit_rate,opening_avg_gain,opening_sessions,opening_efficiency,opening_directional,cf_efficiency,cf_rel_strength,cf_vol_accel,cf_vwap_pos,cf_exhaustion,cf_breakout,cf_rvol,cf_spread,cf_vwap,cf_sector_strength,cf_sector_etf,cf_score,taken,skip_reason,qty,size_multiplier,price_15min,pct_15min,price_30min,pct_30min
2026-09-25,2026-09-25T13:33:13.409169,ALAB,RAPID_DECREASE_CANDIDATE,365.0,-0.556,-0.549,-0.007,,9.1041,2,0.6,3.317699589298841,5,0.590647971752025,0.8,,36.3,,47.6,0.0,0.0,,0.0,365.355,,,45.216351325317916,False,short_side_not_traded_evidence_only,,,365.715,0.1959,362.18,-0.7726
2026-09-25,2026-09-25T13:33:13.422498,MXL,RAPID_DECREASE_CANDIDATE,86.008,-0.488,-0.481,-0.007,,10.9757,2,0.8,3.900925365878437,5,0.4068913410851258,0.65,,38.0,,53.5,7.0,0.0,,0.0,85.8881,,,45.49483817531045,False,short_side_not_traded_evidence_only,,,88.12,2.4556,90.21,4.8856
2026-09-25,2026-09-25T13:33:16.881522,AXTI,RAPID_DECREASE_CANDIDATE,75.63,-0.454,-0.447,-0.007,1.0,25.638,4,0.8,3.6752702400746267,5,0.5864973886769775,0.4833333333333333,0.0,38.8,,38.9,0.0,0.0,50.0,0.0,75.9667,,,36.10308688021065,False,short_side_not_traded_evidence_only,,,77.2899,2.1948,75.875,0.3239
2026-09-25,2026-09-25T13:33:16.920548,TTAN,RAPID_DECREASE_CANDIDATE,59.3201,-0.636,-0.629,-0.007,1.0,1.3992,4,0.6,0.9104973326095207,5,0.5993909685086114,0.7,0.0,34.3,,46.1,0.0,0.0,50.0,0.0,59.4133,,,36.26653781418309,False,short_side_not_traded_evidence_only,,,59.56,0.4044,59.74,0.7079
2026-09-25,2026-09-25T13:33:16.972058,CLS,RAPID_DECREASE_CANDIDATE,375.085,-0.611,-0.604,-0.007,1.0,13.8049,4,0.6,1.9786391496989548,5,0.5801902924324067,0.6166666666666667,0.0,34.9,,38.1,0.0,0.0,50.0,0.0,376.8817,,,35.19230359661961,False,short_side_not_traded_evidence_only,,,374.21,-0.2333,377.68,0.6918
2026-09-25,2026-09-25T13:33:16.988499,MXL,RAPID_DECREASE_CANDIDATE,85.91,-0.602,-0.595,-0.007,1.0,10.9882,4,0.8,3.900925365878437,5,0.4068913410851258,0.65,0.0,35.1,,50.6,1.3,0.0,50.0,0.0,85.8881,,,36.929526973846585,False,short_side_not_traded_evidence_only,,,88.12,2.5725,90.21,5.0052
2026-09-25,2026-09-25T13:33:20.329502,AXTI,RAPID_DECREASE_CANDIDATE,75.6619,-0.412,-0.405,-0.007,1.0,25.6272,4,0.8,3.6752702400746267,5,0.5864973886769775,0.4833333333333333,0.0,39.9,,40.0,0.0,0.0,50.0,0.0,75.9667,,,36.47055726195707,False,short_side_not_traded_evidence_only,,,77.2899,2.1517,75.875,0.2816
2026-09-25,2026-09-25T13:33:20.347133,TTAN,RAPID_DECREASE_CANDIDATE,59.3201,-0.636,-0.629,-0.007,1.0,1.3992,4,0.6,0.9104973326095207,5,0.5993909685086114,0.7,0.0,34.3,,46.1,0.0,0.0,50.0,0.0,59.4133,,,36.26653781418313,False,short_side_not_traded_evidence_only,,,59.56,0.4044,59.74,0.7079
2026-09-25,2026-09-25T13:33:20.361155,CLS,RAPID_DECREASE_CANDIDATE,375.43,-0.519,-0.512,-0.007,1.0,13.7922,4,0.6,1.9786391496989548,5,0.5801902924324067,0.6166666666666667,0.0,37.2,,40.4,0.0,0.0,50.0,0.0,376.8817,,,35.99558110635965,False,short_side_not_traded_evidence_only,,,374.21,-0.325,377.68,0.5993
2026-09-25,2026-09-25T13:33:20.374988,MXL,RAPID_DECREASE_CANDIDATE,86.17,-0.301,-0.294,-0.007,1.0,10.9551,4,0.8,3.900925365878437,5,0.4068913410851258,0.65,0.0,42.6,,58.2,16.4,0.0,50.0,0.0,85.8881,,,37.2993294067787,False,short_side_not_traded_evidence_only,,,88.12,2.263,90.21,4.6884
2026-09-25,2026-09-25T13:33:23.688244,AXTI,RAPID_DECREASE_CANDIDATE,75.3,-0.888,-0.881,-0.007,1.0,25.7503,3,0.8,3.6752702400746267,5,0.5864973886769775,0.4833333333333333,0.0,28.0,,28.1,0.0,0.0,50.0,0.0,75.9667,,,32.30408293111018,False,short_side_not_traded_evidence_only,,,77.2899,2.6426,75.875,0.7636
2026-09-25,2026-09-25T13:33:23.702188,CLS,RAPID_DECREASE_CANDIDATE,374.54,-0.755,-0.748,-0.007,1.0,27.1106,3,0.6,1.9786391496989548,5,0.5801902924324067,0.6166666666666667,0.0,31.3,,34.5,0.0,0.0,50.0,0.0,376.8817,,,33.93002463195794,False,short_side_not_traded_evidence_only,,,374.21,-0.0881,377.68,0.8384
2026-09-25,2026-09-25T13:33:23.715913,MXL,RAPID_DECREASE_CANDIDATE,85.9001,-0.613,-0.606,-0.007,1.0,10.9895,3,0.8,3.900925365878437,5,0.4068913410851258,0.65,0.0,34.9,,50.3,0.7,0.0,50.0,0.0,85.8881,,,36.91775180428501,False,short_side_not_traded_evidence_only,,,88.12,2.5843,90.21,5.0173
2026-09-25,2026-09-25T13:33:27.333695,AXTI,RAPID_DECREASE_CANDIDATE,75.37,-0.796,-0.789,-0.007,1.0,25.7264,3,0.8,3.6752702400746267,5,0.5864973886769775,0.4833333333333333,0.0,30.3,50.0,30.4,0.0,0.0,50.0,0.0,75.9667,,,35.9246910194531,False,short_side_not_traded_evidence_only,,,77.2899,2.5473,75.875,0.67
2026-09-25,2026-09-25T13:33:27.352995,CLS,RAPID_DECREASE_CANDIDATE,374.1,-0.872,-0.865,-0.007,1.0,27.1425,3,0.6,1.9786391496989548,5,0.5801902924324067,0.6166666666666667,0.0,28.4,50.0,31.5,0.0,0.0,50.0,0.0,376.8817,,,35.75601785927508,False,short_side_not_traded_evidence_only,,,374.21,0.0294,377.68,0.957
2026-09-25,2026-09-25T13:33:27.371890,MXL,RAPID_DECREASE_CANDIDATE,86.17,-0.301,-0.294,-0.007,1.0,10.9551,3,0.8,3.900925365878437,5,0.4068913410851258,0.65,0.0,42.6,50.0,58.2,16.4,0.0,50.0,0.0,85.8881,,,39.41610783898231,False,short_side_not_traded_evidence_only,,,88.12,2.263,90.21,4.6884
2026-09-25,2026-09-25T13:33:30.702374,AXTI,RAPID_DECREASE_CANDIDATE,75.2201,-0.994,-0.987,-0.007,1.0,25.7777,3,0.8,3.6752702400746267,5,0.5864973886769775,0.4833333333333333,0.0,25.3,50.0,25.4,0.0,0.0,50.0,0.0,75.9667,,,34.483055433669854,False,short_side_not_traded_evidence_only,,,77.2899,2.7517,75.875,0.8706
2026-09-25,2026-09-25T13:33:30.760377,CLS,RAPID_DECREASE_CANDIDATE,374.55,-0.753,-0.746,-0.007,1.0,14.2758,3,0.6,1.9786391496989548,5,0.5801902924324067,0.6166666666666667,0.0,31.4,50.0,34.5,0.0,0.0,50.0,0.0,376.8817,,,36.624978920586685,False,short_side_not_traded_evidence_only,,,374.21,-0.0908,377.68,0.8357
2026-09-25,2026-09-25T13:33:30.776564,MXL,RAPID_DECREASE_CANDIDATE,86.17,-0.301,-0.294,-0.007,1.0,10.9551,3,0.8,3.900925365878437,5,0.4068913410851258,0.65,0.0,42.6,50.0,58.2,16.4,0.0,50.0,0.0,85.8881,,,39.41610783898231,False,short_side_not_traded_evidence_only,,,88.12,2.263,90.21,4.6884
2026-09-25,2026-09-25T13:33:34.130721,AXTI,RAPID_DECREASE_CANDIDATE,75.54,-0.573,-0.566,-0.007,1.0,25.6685,3,0.8,3.6752702400746267,5,0.5864973886769775,0.4833333333333333,0.0,35.9,50.0,36.0,0.0,0.0,50.0,0.0,75.9667,,,37.55317756325887,False,short_side_not_traded_evidence_only,,,77.2899,2.3165,75.875,0.4435
2026-09-25,2026-09-25T13:33:34.146618,CLS,RAPID_DECREASE_CANDIDATE,374.54,-0.755,-0.748,-0.007,1.0,14.2762,3,0.6,1.9786391496989548,5,0.5801902924324067,0.6166666666666667,0.0,31.3,50.0,34.5,0.0,0.0,50.0,0.0,376.8817,,,36.608353859965,False,short_side_not_traded_evidence_only,,,374.21,-0.0881,377.68,0.8384
2026-09-25,2026-09-25T13:33:34.159741,MXL,RAPID_DECREASE_CANDIDATE,86.01,-0.486,-0.479,-0.007,1.0,10.9755,3,0.8,3.900925365878437,5,0.4068913410851258,0.65,0.0,38.0,50.0,53.5,7.1,0.0,50.0,0.0,85.8881,,,39.22742710414535,False,short_side_not_traded_evidence_only,,,88.12,2.4532,90.21,4.8832
2026-09-25,2026-09-25T13:33:37.424459,AXTI,RAPID_DECREASE_CANDIDATE,75.54,-0.573,-0.566,-0.007,1.0,25.6685,4,0.8,3.6752702400746267,5,0.5864973886769775,0.4833333333333333,0.0,35.9,50.0,36.0,0.0,0.0,50.0,0.0,75.9667,,,37.55317756325887,False,short_side_not_traded_evidence_only,,,77.2899,2.3165,75.875,0.4435
2026-09-25,2026-09-25T13:33:37.437943,ALAB,RAPID_DECREASE_CANDIDATE,365.1507,-0.515,-0.508,-0.007,1.0,9.1004,4,0.6,3.317699589298841,5,0.590647971752025,0.8,0.0,37.3,50.0,48.6,0.0,0.0,50.0,0.0,365.355,,,39.37525557334643,False,short_side_not_traded_evidence_only,,,365.715,0.1545,362.18,-0.8136
2026-09-25,2026-09-25T13:33:37.449553,CLS,RAPID_DECREASE_CANDIDATE,374.98,-0.639,-0.632,-0.007,1.0,27.0788,4,0.6,1.9786391496989548,5,0.5801902924324067,0.6166666666666667,0.0,34.2,50.0,37.4,0.0,0.0,50.0,0.0,376.8817,,,37.456523193988204,False,short_side_not_traded_evidence_only,,,374.21,-0.2053,377.68,0.72
2026-09-25,2026-09-25T13:33:37.465067,MXL,RAPID_DECREASE_CANDIDATE,86.01,-0.486,-0.479,-0.007,1.0,10.9755,4,0.8,3.900925365878437,5,0.4068913410851258,0.65,0.0,38.0,50.0,53.5,7.1,0.0,50.0,0.0,85.8881,,,39.22742710414535,False,short_side_not_traded_evidence_only,,,88.12,2.4532,90.21,4.8832
2026-09-25,2026-09-25T13:33:41.024247,AXTI,RAPID_DECREASE_CANDIDATE,75.61,-0.48,-0.473,-0.007,1.0,25.6448,4,0.8,3.6752702400746267,5,0.5864973886769775,0.4833333333333333,0.0,38.2,50.0,38.3,0.0,0.0,50.0,0.0,75.9667,,,38.22863280678664,False,short_side_not_traded_evidence_only,,,77.2899,2.2218,75.875,0.3505
2026-09-25,2026-09-25T13:33:41.042402,ALAB,RAPID_DECREASE_CANDIDATE,365.6,-0.392,-0.385,-0.007,1.0,9.0892,4,0.6,3.317699589298841,5,0.590647971752025,0.8,0.0,40.4,50.0,51.7,3.4,0.0,50.0,0.0,365.355,,,39.852943541213335,False,short_side_not_traded_evidence_only,,,365.715,0.0315,362.18,-0.9354
2026-09-25,2026-09-25T13:33:41.055998,CLS,RAPID_DECREASE_CANDIDATE,374.3063,-0.817,-0.81,-0.007,1.0,27.1275,4,0.6,1.9786391496989548,5,0.5801902924324067,0.6166666666666667,0.0,29.8,50.0,32.9,0.0,0.0,50.0,0.0,376.8817,,,36.15624285990161,False,short_side_not_traded_evidence_only,,,374.21,-0.0257,377.68,0.9013
2026-09-25,2026-09-25T13:33:41.067994,LRCX,RAPID_DECREASE_CANDIDATE,307.81,-0.324,-0.317,-0.007,1.0,0.9616,4,0.4,1.6135948097947224,5,0.5414055572389701,0.65,0.0,42.1,50.0,37.8,0.0,0.0,50.0,0.0,309.3133,41.9,SMH,38.82701207333801,False,short_side_not_traded_evidence_only,,,311.37,1.1566,314.2799,2.1019
2026-09-25,2026-09-25T13:33:44.530764,AXTI,RAPID_DECREASE_CANDIDATE,75.54,-0.573,-0.566,-0.007,1.0,25.6685,4,0.8,3.6752702400746267,5,0.5864973886769775,0.4833333333333333,0.0,35.9,50.0,36.0,0.0,0.0,50.0,0.0,75.9667,,,37.553177563258814,False,short_side_not_traded_evidence_only,,,77.2899,2.3165,75.875,0.4435
2026-09-25,2026-09-25T13:33:44.545572,ALAB,RAPID_DECREASE_CANDIDATE,365.55,-0.406,-0.399,-0.007,1.0,9.0904,4,0.6,3.317699589298841,5,0.590647971752025,0.8,0.0,40.0,50.0,51.3,2.7,0.0,50.0,0.0,365.355,,,39.83737683212223,False,short_side_not_traded_evidence_only,,,365.715,0.0451,362.18,-0.9219
2026-09-25,2026-09-25T13:33:44.557654,CLS,RAPID_DECREASE_CANDIDATE,374.9799,-0.639,-0.632,-0.007,1.0,27.0788,4,0.6,1.9786391496989548,5,0.5801902924324067,0.6166666666666667,0.0,34.2,50.0,37.4,0.0,0.0,50.0,0.0,376.8817,,,37.45644027671529,False,short_side_not_traded_evidence_only,,,374.21,-0.2053,377.68,0.7201
2026-09-25,2026-09-25T13:33:44.569228,LRCX,RAPID_DECREASE_CANDIDATE,307.815,-0.323,-0.316,-0.007,1.0,5.5293,4,0.4,1.6135948097947224,5,0.5414055572389701,0.65,0.0,42.1,50.0,37.9,0.0,0.0,50.0,0.0,309.3133,41.9,SMH,38.83623025195588,False,short_side_not_traded_evidence_only,,,311.37,1.1549,314.2799,2.1003
2026-09-25,2026-09-25T13:33:47.886595,AXTI,RAPID_DECREASE_CANDIDATE,75.54,-0.573,-0.566,-0.007,1.0,25.6685,5,0.8,3.6752702400746267,5,0.5864973886769775,0.4833333333333333,0.0,35.9,50.0,36.0,0.0,0.0,50.0,0.0,75.9667,,,37.553177563258814,False,short_side_not_traded_evidence_only,,,77.2899,2.3165,75.875,0.4435
2026-09-25,2026-09-25T13:33:47.898564,ALAB,RAPID_DECREASE_CANDIDATE,365.2837,-0.479,-0.472,-0.007,1.0,9.097,5,0.6,3.317699589298841,5,0.590647971752025,0.8,0.0,38.2,50.0,49.5,0.0,0.0,50.0,0.0,365.355,,,39.6390147938306,False,short_side_not_traded_evidence_only,,,365.715,0.1181,362.18,-0.8497
2026-09-25,2026-09-25T13:33:47.910984,CLS,RAPID_DECREASE_CANDIDATE,374.9788,-0.639,-0.632,-0.007,1.0,27.0789,5,0.6,1.9786391496989548,5,0.5801902924324067,0.6166666666666667,0.0,34.2,50.0,37.4,0.0,0.0,50.0,0.0,376.8817,,,37.45552818671356,False,short_side_not_traded_evidence_only,,,374.21,-0.205,377.68,0.7204
2026-09-25,2026-09-25T13:33:47.923436,MXL,RAPID_DECREASE_CANDIDATE,86.165,-0.307,-0.3,-0.007,1.0,10.9557,5,0.8,3.900925365878437,5,0.4068913410851258,0.65,0.0,42.5,50.0,58.1,16.1,0.0,50.0,0.0,85.8881,,,39.409300107685354,False,short_side_not_traded_evidence_only,,,88.12,2.2689,90.21,4.6945
2026-09-25,2026-09-25T13:33:47.936597,LRCX,RAPID_DECREASE_CANDIDATE,307.755,-0.342,-0.335,-0.007,1.0,4.8773,5,0.4,1.6135948097947224,5,0.5414055572389701,0.65,0.0,41.6,50.0,37.4,0.0,0.0,50.0,0.0,309.3133,41.5,SMH,38.69644544187477,False,short_side_not_traded_evidence_only,,,311.37,1.1746,314.2799,2.1202
2026-09-25,2026-09-25T13:33:51.391063,AXTI,RAPID_DECREASE_CANDIDATE,75.525,-0.592,-0.585,-0.007,1.0,25.6736,5,0.8,3.6752702400746267,5,0.5864973886769775,0.4833333333333333,0.0,35.4,50.0,35.5,0.0,0.0,50.0,0.0,75.9667,,,37.41230620155046,False,short_side_not_traded_evidence_only,,,76.92,1.8471,75.875,0.4634
2026-09-25,2026-09-25T13:33:51.404346,ALAB,RAPID_DECREASE_CANDIDATE,365.545,-0.407,-0.4,-0.007,1.0,9.0905,5,0.6,3.317699589298841,5,0.590647971752025,0.8,0.0,40.0,50.0,51.3,2.6,0.0,50.0,0.0,365.355,,,39.83748682787978,False,short_side_not_traded_evidence_only,,,363.14,-0.6579,362.18,-0.9205
2026-09-25,2026-09-25T13:33:51.417507,CLS,RAPID_DECREASE_CANDIDATE,374.526,-0.759,-0.752,-0.007,1.0,27.1116,5,0.6,1.9786391496989548,5,0.5801902924324067,0.6166666666666667,0.0,31.2,50.0,34.4,0.0,0.0,50.0,0.0,376.8817,,,36.580078775094556,False,short_side_not_traded_evidence_only,,,373.95,-0.1538,377.68,0.8421
2026-09-25,2026-09-25T13:33:51.430567,MXL,RAPID_DECREASE_CANDIDATE,86.165,-0.307,-0.3,-0.007,1.0,10.9557,5,0.8,3.900925365878437,5,0.4068913410851258,0.65,0.0,42.5,50.0,58.1,16.1,0.0,50.0,0.0,85.8881,,,39.409300107685354,False,short_side_not_traded_evidence_only,,,87.89,2.002,90.21,4.6945
2026-09-25,2026-09-25T13:33:51.444314,LRCX,RAPID_DECREASE_CANDIDATE,307.755,-0.342,-0.335,-0.007,1.0,4.8773,5,0.4,1.6135948097947224,5,0.5414055572389701,0.65,0.0,41.6,50.0,37.4,0.0,0.0,50.0,0.0,309.3133,41.5,SMH,38.69644544187477,False,short_side_not_traded_evidence_only,,,311.225,1.1275,314.2799,2.1202
2026-09-25,2026-09-25T13:33:54.854613,AXTI,RAPID_DECREASE_CANDIDATE,75.725,-0.329,-0.322,-0.007,1.0,25.6058,5,0.8,3.6752702400746267,5,0.5864973886769775,0.4833333333333333,0.0,42.0,50.0,42.0,0.0,0.0,50.0,0.0,75.9667,,,39.33086880210615,False,short_side_not_traded_evidence_only,,,76.92,1.5781,75.875,0.1981
2026-09-25,2026-09-25T13:33:54.871107,TTAN,RAPID_DECREASE_CANDIDATE,59.46,-0.402,-0.395,-0.007,1.0,1.3959,5,0.6,0.9104973326095207,5,0.5993909685086114,0.7,0.0,40.1,50.0,52.0,3.9,0.0,50.0,0.0,59.4133,,,39.77537776780366,False,short_side_not_traded_evidence_only,,,59.745,0.4793,59.74,0.4709
2026-09-25,2026-09-25T13:33:54.884323,ALAB,RAPID_DECREASE_CANDIDATE,365.54,-0.409,-0.402,-0.007,1.0,9.0907,5,0.6,3.317699589298841,5,0.590647971752025,0.8,0.0,40.0,50.0,51.3,2.5,0.0,50.0,0.0,365.355,,,39.83343015697066,False,short_side_not_traded_evidence_only,,,363.14,-0.6566,362.18,-0.9192
2026-09-25,2026-09-25T13:33:54.897151,CLS,RAPID_DECREASE_CANDIDATE,373.4342,-1.048,-1.041,-0.007,1.0,27.1909,5,0.6,1.9786391496989548,5,0.5801902924324067,0.6166666666666667,0.0,24.0,50.0,27.1,0.0,0.0,50.0,0.0,376.8817,,,34.47062132307967,False,short_side_not_traded_evidence_only,,,373.95,0.1381,377.68,1.137
2026-09-25,2026-09-25T13:33:54.909692,MXL,RAPID_DECREASE_CANDIDATE,86.165,-0.307,-0.3,-0.007,1.0,10.9557,5,0.8,3.900925365878437,5,0.4068913410851258,0.65,0.0,42.5,50.0,58.1,16.1,0.0,50.0,0.0,85.8881,,,39.409300107685354,False,short_side_not_traded_evidence_only,,,87.89,2.002,90.21,4.6945
2026-09-25,2026-09-25T13:33:58.332320,ALAB,RAPID_DECREASE_CANDIDATE,365.89,-0.313,-0.306,-0.007,1.0,9.082,3,0.6,3.317699589298841,5,0.590647971752025,0.8,0.0,42.4,50.0,53.7,7.3,0.0,50.0,0.0,365.355,,,39.93406378727551,False,short_side_not_traded_evidence_only,,,363.14,-0.7516,362.18,-1.014
2026-09-25,2026-09-25T13:33:58.344890,CLS,RAPID_DECREASE_CANDIDATE,374.025,-0.892,-0.885,-0.007,1.0,27.1479,3,0.6,1.9786391496989548,5,0.5801902924324067,0.6166666666666667,0.0,27.9,50.0,31.1,0.0,0.0,50.0,0.0,376.8817,,,35.61049657127871,False,short_side_not_traded_evidence_only,,,373.95,-0.0201,377.68,0.9772
2026-09-25,2026-09-25T13:33:58.361251,MXL,RAPID_DECREASE_CANDIDATE,86.165,-0.307,-0.3,-0.007,1.0,24.9173,3,0.8,3.900925365878437,5,0.4068913410851258,0.65,0.0,42.5,50.0,58.1,16.1,0.0,50.0,0.0,85.8881,,,39.409300107685354,False,short_side_not_traded_evidence_only,,,87.89,2.002,90.21,4.6945
2026-09-25,2026-09-25T13:34:01.811346,CLS,RAPID_DECREASE_CANDIDATE,374.015,-0.894,-1.021,0.127,3.548,27.1486,1,0.6,1.9786391496989548,5,0.5801902924324067,0.6166666666666667,0.0,24.5,82.7,34.0,0.0,0.0,100.0,0.0,376.4219,,,47.12188401664397,False,short_side_not_traded_evidence_only,,,373.95,-0.0174,376.33,0.619
2026-09-25,2026-09-25T13:34:05.326785,CLS,RAPID_DECREASE_CANDIDATE,373.72,-0.972,-1.099,0.127,3.086,27.1701,2,0.6,1.9786391496989548,5,0.5801902924324067,0.6166666666666667,0.0,22.5,100.0,34.0,0.0,0.0,100.0,0.0,376.1291,,,49.669277248706315,False,short_side_not_traded_evidence_only,,,373.95,0.0615,376.33,0.6984
2026-09-25,2026-09-25T13:34:05.341458,PANW,RAPID_DECREASE_CANDIDATE,381.745,-0.485,-0.612,0.127,0.489,10.4127,2,0.2,0.8872751229381676,5,0.49591692375748886,0.65,0.0,34.7,39.1,40.5,0.0,0.0,33.0,0.0,383.2022,36.4,XLK,33.99035485421795,False,short_side_not_traded_evidence_only,,,379.06,-0.7033,378.43,-0.8684
2026-09-25,2026-09-25T13:34:08.720661,AXTI,RAPID_DECREASE_CANDIDATE,75.72,-0.336,-0.463,0.127,0.926,11.5425,5,0.8,3.6752702400746267,5,0.5864973886769775,0.4833333333333333,0.0,38.4,47.8,43.2,0.0,0.0,47.5,0.0,75.9268,,,38.21256242677334,False,short_side_not_traded_evidence_only,,,76.92,1.5848,75.865,0.1915
2026-09-25,2026-09-25T13:34:08.732604,MRNA,RAPID_DECREASE_CANDIDATE,195.68,-0.341,-0.468,0.127,1.044,6.5106,5,0.8,3.4552602456525143,5,0.27391039318339055,0.65,0.0,38.3,51.3,42.4,0.0,0.0,51.5,0.0,196.2797,40.8,XLV,39.16616786972879,False,short_side_not_traded_evidence_only,,,193.925,-0.8969,194.395,-0.6567
2026-09-25,2026-09-25T13:34:08.744213,ALAB,RAPID_DECREASE_CANDIDATE,365.34,-0.463,-0.59,0.127,0.363,11.1129,5,0.6,3.317699589298841,5,0.590647971752025,0.8,0.0,35.2,33.1,49.6,0.0,0.0,28.8,0.0,365.3987,,,33.679538898928904,False,short_side_not_traded_evidence_only,,,363.14,-0.6022,361.44,-1.0675
2026-09-25,2026-09-25T13:34:08.756358,CLS,RAPID_DECREASE_CANDIDATE,373.73,-0.97,-1.097,0.127,2.765,27.1693,5,0.6,1.9786391496989548,5,0.5801902924324067,0.6166666666666667,0.0,22.6,100.0,35.4,0.0,0.0,100.0,0.0,375.9262,,,49.85347528210589,False,short_side_not_traded_evidence_only,,,373.95,0.0589,376.33,0.6957
2026-09-25,2026-09-25T13:34:08.784402,PANW,RAPID_DECREASE_CANDIDATE,381.53,-0.541,-0.668,0.127,0.503,10.4186,5,0.2,0.8872751229381676,5,0.49591692375748886,0.65,0.0,33.3,36.4,39.1,0.0,0.0,33.4,0.0,383.2077,34.9,XLK,33.183290282628604,False,short_side_not_traded_evidence_only,,,379.06,-0.6474,378.43,-0.8125
2026-09-25,2026-09-25T13:34:12.213719,MRNA,RAPID_DECREASE_CANDIDATE,195.75,-0.306,-0.433,0.127,1.041,1.1903,3,0.8,3.4552602456525143,5,0.27391039318339055,0.65,0.0,39.2,51.8,43.1,0.0,0.0,51.4,0.0,196.2933,41.7,XLV,39.462947017582884,False,short_side_not_traded_evidence_only,,,193.925,-0.9323,194.395,-0.6922
2026-09-25,2026-09-25T13:34:12.242449,CLS,RAPID_DECREASE_CANDIDATE,374.16,-0.856,-0.983,0.127,2.53,27.1381,3,0.6,1.9786391496989548,5,0.5801902924324067,0.6166666666666667,0.0,25.4,100.0,39.2,0.0,0.0,100.0,0.0,375.7774,,,50.80911140793361,False,short_side_not_traded_evidence_only,,,373.95,-0.0561,376.33,0.58
2026-09-25,2026-09-25T13:34:12.275252,PANW,RAPID_DECREASE_CANDIDATE,380.6322,-0.775,-0.902,0.127,0.516,10.4432,3,0.2,0.8872751229381676,5,0.49591692375748886,0.65,0.0,27.4,31.9,33.2,0.0,0.0,33.9,0.0,383.213,29.1,XLK,30.772366215928546,False,short_side_not_traded_evidence_only,,,379.06,-0.413,378.43,-0.5786
2026-09-25,2026-09-25T13:34:15.606158,CLS,RAPID_DECREASE_CANDIDATE,373.82,-0.946,-1.073,0.127,2.35,27.1628,2,0.6,1.9786391496989548,5,0.5801902924324067,0.6166666666666667,0.0,23.2,100.0,37.7,0.0,0.0,95.0,0.0,375.6636,,,49.62057639301549,False,short_side_not_traded_evidence_only,,,373.95,0.0348,376.33,0.6714
2026-09-25,2026-09-25T13:34:15.621773,PANW,RAPID_DECREASE_CANDIDATE,380.33,-0.854,-0.981,0.127,0.529,10.4515,2,0.2,0.8872751229381676,5,0.49591692375748886,0.65,0.0,25.5,27.4,31.2,0.0,0.0,34.3,0.0,383.218,27.1,XLK,29.493210677602303,False,short_side_not_traded_evidence_only,,,379.06,-0.3339,378.43,-0.4996
2026-09-25,2026-09-25T13:34:18.910302,CLS,RAPID_DECREASE_CANDIDATE,373.37,-1.065,-1.192,0.127,2.156,12.805,2,0.6,1.9786391496989548,5,0.5801902924324067,0.6166666666666667,0.0,20.2,100.0,35.3,0.0,0.0,88.5,0.0,375.5737,,,48.016419955065764,False,short_side_not_traded_evidence_only,,,373.95,0.1553,376.33,0.7928
2026-09-25,2026-09-25T13:34:18.928209,PANW,RAPID_DECREASE_CANDIDATE,380.56,-0.794,-0.921,0.127,0.546,4.1202,2,0.2,0.8872751229381676,5,0.49591692375748886,0.65,0.0,27.0,22.9,32.6,0.0,0.0,34.9,0.0,383.2227,28.6,XLK,29.24408697063171,False,short_side_not_traded_evidence_only,,,379.06,-0.3942,378.43,-0.5597
2026-09-25,2026-09-25T13:34:22.120047,CLS,RAPID_DECREASE_CANDIDATE,373.67,-0.986,-1.113,0.127,1.992,27.1737,2,0.6,1.9786391496989548,5,0.5801902924324067,0.6166666666666667,0.0,22.2,100.0,37.8,0.0,0.0,83.1,0.0,375.5009,,,47.97214456450717,False,short_side_not_traded_evidence_only,,,373.95,0.0749,376.33,0.7119
2026-09-25,2026-09-25T13:34:22.132073,PANW,RAPID_DECREASE_CANDIDATE,379.6453,-1.032,-1.159,0.127,0.565,4.1302,2,0.2,0.8872751229381676,5,0.49591692375748886,0.65,0.0,21.0,23.8,26.6,0.0,0.0,35.5,0.0,383.2272,22.7,XLK,27.735744035791058,False,short_side_not_traded_evidence_only,,,379.06,-0.1542,378.43,-0.3201
2026-09-25,2026-09-25T13:34:25.373151,ALAB,RAPID_DECREASE_CANDIDATE,365.5835,-0.397,-0.524,0.127,0.442,11.1055,3,0.6,3.317699589298841,5,0.590647971752025,0.8,0.0,36.9,17.8,50.8,1.7,0.0,31.4,0.0,365.4608,,,31.69235742515138,False,short_side_not_traded_evidence_only,,,363.14,-0.6684,361.44,-1.1334
2026-09-25,2026-09-25T13:34:25.389380,CLS,RAPID_DECREASE_CANDIDATE,373.7717,-0.959,-1.086,0.127,1.851,27.1663,3,0.6,1.9786391496989548,5,0.5801902924324067,0.6166666666666667,0.0,22.9,100.0,38.9,0.0,0.0,78.4,0.0,375.4407,,,47.63161188464482,False,short_side_not_traded_evidence_only,,,373.95,0.0477,376.33,0.6845
2026-09-25,2026-09-25T13:34:25.480936,PANW,RAPID_DECREASE_CANDIDATE,378.4684,-1.339,-1.466,0.127,0.584,4.143,3,0.2,0.8872751229381676,5,0.49591692375748886,0.65,0.0,13.4,24.8,18.9,0.0,0.0,36.1,0.0,383.2315,15.0,XLK,25.7392044633747,False,short_side_not_traded_evidence_only,,,379.06,0.1563,378.43,-0.0101
2026-09-25,2026-09-25T13:34:28.719605,CLS,RAPID_DECREASE_CANDIDATE,373.34,-1.073,-1.2,0.127,1.728,12.8623,2,0.6,1.9786391496989548,5,0.5801902924324067,0.6166666666666667,0.0,20.0,100.0,36.3,0.0,0.0,74.3,0.0,375.3902,,,46.326611499502214,False,short_side_not_traded_evidence_only,,,373.95,0.1634,376.33,0.8009
2026-09-25,2026-09-25T13:34:28.732498,PANW,RAPID_DECREASE_CANDIDATE,376.48,-1.857,-1.984,0.127,0.605,5.748,2,0.2,0.8872751229381676,5,0.49591692375748886,0.65,0.0,0.4,25.9,5.9,0.0,0.0,36.8,0.0,383.2356,2.1,XLK,22.224913963597515,False,short_side_not_traded_evidence_only,,,379.06,0.6853,378.43,0.518
2026-09-25,2026-09-25T13:34:31.993903,CLS,RAPID_DECREASE_CANDIDATE,373.0125,-1.16,-1.287,0.127,1.621,12.8736,2,0.6,1.9786391496989548,5,0.5801902924324067,0.6166666666666667,0.0,17.8,100.0,34.5,0.0,0.0,70.7,0.0,375.3472,,,45.28125766109393,False,short_side_not_traded_evidence_only,,,373.95,0.2513,376.33,0.8894
2026-09-25,2026-09-25T13:34:32.014577,PANW,RAPID_DECREASE_CANDIDATE,376.7301,-1.792,-1.919,0.127,0.628,5.7442,2,0.2,0.8872751229381676,5,0.49591692375748886,0.65,0.0,2.0,27.1,7.5,0.0,0.0,37.6,0.0,383.2395,3.7,XLK,22.990246254172703,False,short_side_not_traded_evidence_only,,,379.06,0.6185,378.43,0.4512
2026-09-25,2026-09-25T13:34:35.254827,CLS,RAPID_DECREASE_CANDIDATE,372.5,-1.296,-1.423,0.127,1.526,12.8913,2,0.6,1.9786391496989548,5,0.5801902924324067,0.6166666666666667,0.0,14.4,98.5,31.3,0.0,0.0,67.5,0.0,375.31,,,43.67531284629871,False,short_side_not_traded_evidence_only,,,373.95,0.3893,376.33,1.0282
2026-09-25,2026-09-25T13:34:35.271128,PANW,RAPID_DECREASE_CANDIDATE,377.365,-1.627,-1.754,0.127,0.652,5.965,2,0.2,0.8872751229381676,5,0.49591692375748886,0.65,0.0,6.1,28.4,11.7,0.0,0.0,38.4,0.0,383.2432,7.8,XLK,24.509342951700436,False,short_side_not_traded_evidence_only,,,379.06,0.4492,378.43,0.2822
2026-09-25,2026-09-25T13:34:38.489518,CLS,RAPID_DECREASE_CANDIDATE,372.33,-1.341,-1.468,0.127,1.442,12.8972,2,0.6,1.9786391496989548,5,0.5801902924324067,0.6166666666666667,0.0,13.3,88.9,30.4,0.0,0.0,64.7,0.0,375.2777,,,41.4250506631533,False,short_side_not_traded_evidence_only,,,373.95,0.4351,376.33,1.0743
2026-09-25,2026-09-25T13:34:38.540852,PANW,RAPID_DECREASE_CANDIDATE,376.99,-1.724,-1.851,0.127,0.678,11.0109,2,0.2,0.8872751229381676,5,0.49591692375748886,0.65,0.0,3.7,29.8,9.2,0.0,0.0,39.3,0.0,383.2467,5.4,XLK,24.143661185404007,False,short_side_not_traded_evidence_only,,,379.06,0.5491,378.43,0.382
2026-09-25,2026-09-25T13:34:41.695317,CLS,RAPID_DECREASE_CANDIDATE,372.99,-1.166,-1.293,0.127,1.366,12.8743,3,0.6,1.9786391496989548,5,0.5801902924324067,0.6166666666666667,0.0,17.7,81.0,34.9,0.0,0.0,62.2,0.0,375.2493,,,41.096175814266545,False,short_side_not_traded_evidence_only,,,373.95,0.2574,376.33,0.8955
2026-09-25,2026-09-25T13:34:41.707600,PANW,RAPID_DECREASE_CANDIDATE,377.1288,-1.688,-1.815,0.127,0.707,11.0068,3,0.2,0.8872751229381676,5,0.49591692375748886,0.65,0.0,4.6,31.4,10.1,0.0,0.0,40.2,0.0,383.2501,6.3,XLK,24.789127023602603,False,short_side_not_traded_evidence_only,,,379.06,0.5121,378.43,0.345
2026-09-25,2026-09-25T13:34:41.721609,DDOG,RAPID_DECREASE_CANDIDATE,272.67,-0.308,-0.435,0.127,1.133,10.3898,3,0.4,1.3311469240348954,5,0.48523081416149766,0.6166666666666667,0.0,39.1,60.1,39.9,0.0,0.0,54.4,0.0,273.7763,40.8,XLK,40.82223364118655,False,short_side_not_traded_evidence_only,,,280.02,2.6956,275.58,1.0672
2026-09-25,2026-09-25T13:34:44.948931,CLS,RAPID_DECREASE_CANDIDATE,372.49,-1.298,-1.425,0.127,1.298,12.8916,2,0.6,1.9786391496989548,5,0.5801902924324067,0.6166666666666667,0.0,14.4,74.4,31.8,0.0,0.0,59.9,0.0,375.2241,,,38.76693931777629,False,short_side_not_traded_evidence_only,,,373.95,0.392,376.33,1.0309
2026-09-25,2026-09-25T13:34:44.962597,PANW,RAPID_DECREASE_CANDIDATE,377.07,-1.704,-1.831,0.127,0.737,11.0086,2,0.2,0.8872751229381676,5,0.49591692375748886,0.65,0.0,4.2,33.1,9.7,0.0,0.0,41.2,0.0,383.2533,5.9,XLK,25.090769497554902,False,short_side_not_traded_evidence_only,,,379.06,0.5278,378.43,0.3607
2026-09-25,2026-09-25T13:34:48.226156,CLS,RAPID_DECREASE_CANDIDATE,372.1052,-1.4,-1.527,0.127,1.237,12.905,2,0.6,1.9786391496989548,5,0.5801902924324067,0.6166666666666667,0.0,11.8,68.8,29.4,0.0,0.0,57.9,0.0,375.2017,,,36.85128738595347,False,short_side_not_traded_evidence_only,,,373.95,0.4958,376.33,1.1354
2026-09-25,2026-09-25T13:34:48.238485,PANW,RAPID_DECREASE_CANDIDATE,377.15,-1.683,-1.81,0.127,0.771,5.2897,2,0.2,0.8872751229381676,5,0.49591692375748886,0.65,0.0,4.8,35.1,10.2,0.0,0.0,42.4,0.0,383.2564,6.4,XLK,25.711513612569888,False,short_side_not_traded_evidence_only,,,379.06,0.5064,378.43,0.3394
2026-09-25,2026-09-25T13:34:51.422728,CLS,RAPID_DECREASE_CANDIDATE,372.1052,-1.4,-1.527,0.127,1.181,12.905,2,0.6,1.9786391496989548,5,0.5801902924324067,0.6166666666666667,0.0,11.8,64.0,29.5,0.0,0.0,56.0,0.0,375.1815,,,35.83097674904503,False,short_side_not_traded_evidence_only,,,373.95,0.4958,376.33,1.1354
2026-09-25,2026-09-25T13:34:51.434581,PANW,RAPID_DECREASE_CANDIDATE,377.706,-1.538,-1.665,0.127,0.808,10.99,2,0.2,0.8872751229381676,5,0.49591692375748886,0.65,0.0,8.4,37.3,13.8,0.0,0.0,43.6,0.0,383.2594,10.0,XLK,27.29127044068385,False,short_side_not_traded_evidence_only,,,379.06,0.3585,378.43,0.1917
2026-09-25,2026-09-25T13:34:54.795068,MRNA,RAPID_DECREASE_CANDIDATE,195.75,-0.306,-0.433,0.127,1.008,5.5837,3,0.8,3.4552602456525143,5,0.27391039318339055,0.65,0.0,39.2,50.5,41.8,0.0,0.0,50.3,0.0,196.3911,41.7,XLV,38.966613439843364,False,short_side_not_traded_evidence_only,,,194.12,-0.8327,194.395,-0.6922
2026-09-25,2026-09-25T13:34:54.835204,CLS,RAPID_DECREASE_CANDIDATE,372.16,-1.386,-1.513,0.127,1.13,27.284,3,0.6,1.9786391496989548,5,0.5801902924324067,0.6166666666666667,0.0,12.2,59.8,30.0,0.0,0.0,54.3,0.0,375.1634,,,35.03907566495014,False,short_side_not_traded_evidence_only,,,375.205,0.8182,376.33,1.1205
2026-09-25,2026-09-25T13:34:54.858054,PANW,RAPID_DECREASE_CANDIDATE,377.695,-1.541,-1.668,0.127,0.849,10.9903,3,0.2,0.8872751229381676,5,0.49591692375748886,0.65,0.0,8.3,39.9,13.7,0.0,0.0,45.0,0.0,383.2623,10.0,XLK,27.858867336637122,False,short_side_not_traded_evidence_only,,,378.31,0.1628,378.43,0.1946
2026-09-25,2026-09-25T13:34:58.113452,MRNA,RAPID_DECREASE_CANDIDATE,195.1782,-0.597,-0.724,0.127,1.005,6.0867,3,0.8,3.4552602456525143,5,0.27391039318339055,0.65,0.0,31.9,50.4,34.5,0.0,0.0,50.2,0.0,196.3953,34.4,XLV,36.794511114026875,False,short_side_not_traded_evidence_only,,,194.12,-0.5422,194.395,-0.4013
2026-09-25,2026-09-25T13:34:58.126002,CLS,RAPID_DECREASE_CANDIDATE,372.8366,-1.207,-1.334,0.127,1.083,27.2345,3,0.6,1.9786391496989548,5,0.5801902924324067,0.6166666666666667,0.0,16.6,56.1,34.6,0.0,0.0,52.8,0.0,375.1469,,,35.55373665678196,False,short_side_not_traded_evidence_only,,,375.205,0.6352,376.33,0.937
2026-09-25,2026-09-25T13:34:58.138298,PANW,RAPID_DECREASE_CANDIDATE,378.3166,-1.379,-1.506,0.127,0.894,10.9723,3,0.2,0.8872751229381676,5,0.49591692375748886,0.65,0.0,12.4,42.8,17.7,0.0,0.0,46.5,0.0,383.265,14.0,XLK,29.707468945508012,False,short_side_not_traded_evidence_only,,,378.31,-0.0017,378.43,0.03
2026-09-25,2026-09-25T13:35:01.903399,MRNA,RAPID_DECREASE_CANDIDATE,195.305,-0.532,-0.639,0.107,0.659,1.3927,3,0.8,3.4552602456525143,5,0.27391039318339055,0.65,0.0,34.0,47.2,36.3,0.0,0.0,38.6,0.0,196.3827,38.0,XLV,35.403868712689366,False,short_side_not_traded_evidence_only,,,194.12,-0.6067,194.09,-0.6221
2026-09-25,2026-09-25T13:35:01.932542,CLS,RAPID_DECREASE_CANDIDATE,372.99,-1.166,-1.273,0.107,0.926,27.2232,3,0.6,1.9786391496989548,5,0.5801902924324067,0.6166666666666667,0.0,18.2,51.9,36.2,0.0,0.0,47.5,0.0,375.062,,,34.64099388458621,False,short_side_not_traded_evidence_only,,,375.205,0.5938,373.87,0.2359
2026-09-25,2026-09-25T13:35:01.951395,PANW,RAPID_DECREASE_CANDIDATE,378.086,-1.439,-1.546,0.107,3.05,10.979,3,0.2,0.8872751229381676,5,0.49591692375748886,0.65,0.0,11.4,66.3,17.9,0.0,0.0,100.0,0.0,382.9971,9.1,XLK,40.18662139847479,False,short_side_not_traded_evidence_only,,,378.31,0.0592,376.11,-0.5226
2026-09-25,2026-09-25T13:35:05.356837,MRNA,RAPID_DECREASE_CANDIDATE,195.495,-0.435,-0.542,0.107,0.669,0.3069,3,0.8,3.4552602456525143,5,0.27391039318339055,0.65,0.0,36.5,44.1,38.9,0.0,0.0,39.0,42.9,196.3706,40.4,XLV,37.438132460624566,False,short_side_not_traded_evidence_only,,,194.12,-0.7033,194.09,-0.7187
2026-09-25,2026-09-25T13:35:05.370495,CLS,RAPID_DECREASE_CANDIDATE,372.53,-1.288,-1.395,0.107,0.895,27.2569,3,0.6,1.9786391496989548,5,0.5801902924324067,0.6166666666666667,0.0,15.1,48.1,33.6,0.0,0.0,46.5,0.0,374.9837,,,33.052091203202814,False,short_side_not_traded_evidence_only,,,375.205,0.7181,373.87,0.3597
2026-09-25,2026-09-25T13:35:05.415344,PANW,RAPID_DECREASE_CANDIDATE,378.2617,-1.393,-1.5,0.107,2.875,10.9739,3,0.2,0.8872751229381676,5,0.49591692375748886,0.65,0.0,12.5,93.9,20.6,0.0,0.0,100.0,0.0,382.7627,10.2,XLK,45.30272863544956,False,short_side_not_traded_evidence_only,,,378.31,0.0128,376.11,-0.5688
2026-09-25,2026-09-25T13:35:08.730061,MRNA,RAPID_DECREASE_CANDIDATE,195.74,-0.311,-0.418,0.107,0.681,0.2708,4,0.8,3.4552602456525143,5,0.27391039318339055,0.65,0.0,39.5,41.1,42.1,0.0,0.0,39.4,50.9,196.3589,43.5,XLV,38.25466934626192,False,short_side_not_traded_evidence_only,,,194.12,-0.8276,194.09,-0.843
2026-09-25,2026-09-25T13:35:08.743585,TTAN,RAPID_DECREASE_CANDIDATE,59.3746,-0.545,-0.652,0.107,0.659,17.2296,4,0.6,0.9104973326095207,5,0.5993909685086114,0.7,0.0,33.7,40.5,45.2,0.0,0.0,38.6,0.0,59.4881,,,35.35570621166989,False,short_side_not_traded_evidence_only,,,59.795,0.708,59.67,0.4975
2026-09-25,2026-09-25T13:35:08.756350,CLS,RAPID_DECREASE_CANDIDATE,373.1,-1.137,-1.244,0.107,0.9,15.1702,4,0.6,1.9786391496989548,5,0.5801902924324067,0.6166666666666667,0.0,18.9,47.1,37.9,0.0,0.0,46.7,0.0,374.911,,,34.07746999411892,False,short_side_not_traded_evidence_only,,,375.205,0.5642,373.87,0.2064
2026-09-25,2026-09-25T13:35:08.768164,PANW,RAPID_DECREASE_CANDIDATE,377.85,-1.5,-1.607,0.107,2.604,10.9858,4,0.2,0.8872751229381676,5,0.49591692375748886,0.65,0.0,9.8,100.0,19.2,0.0,0.0,100.0,0.0,382.5559,7.6,XLK,45.71005760744819,False,short_side_not_traded_evidence_only,,,378.31,0.1217,376.11,-0.4605
2026-09-25,2026-09-25T13:35:11.979030,MRNA,RAPID_DECREASE_CANDIDATE,195.42,-0.474,-0.581,0.107,0.694,6.5193,3,0.8,3.4552602456525143,5,0.27391039318339055,0.65,0.0,35.5,38.2,38.2,0.0,0.0,39.8,0.0,196.3477,39.4,XLV,34.52318536084547,False,short_side_not_traded_evidence_only,,,194.12,-0.6652,194.09,-0.6806
2026-09-25,2026-09-25T13:35:11.991019,CLS,RAPID_DECREASE_CANDIDATE,372.9882,-1.166,-1.273,0.107,0.906,15.1747,3,0.6,1.9786391496989548,5,0.5801902924324067,0.6166666666666667,0.0,18.2,46.2,37.6,0.0,0.0,46.9,0.0,374.8435,,,33.784553628757806,False,short_side_not_traded_evidence_only,,,375.205,0.5943,373.87,0.2364
2026-09-25,2026-09-25T13:35:12.005840,PANW,RAPID_DECREASE_CANDIDATE,378.5299,-1.323,-1.43,0.107,2.379,10.9661,3,0.2,0.8872751229381676,5,0.49591692375748886,0.65,0.0,14.2,100.0,24.9,0.0,0.0,96.0,0.0,382.3721,12.0,XLK,46.6474232312923,False,short_side_not_traded_evidence_only,,,378.31,-0.0581,376.11,-0.6393
2026-09-25,2026-09-25T13:35:15.352375,MRNA,RAPID_DECREASE_CANDIDATE,195.6791,-0.342,-0.449,0.107,0.708,6.5107,3,0.8,3.4552602456525143,5,0.27391039318339055,0.65,0.0,38.8,35.2,41.6,0.0,0.0,40.3,0.0,196.3368,42.7,XLV,35.06827961829336,False,short_side_not_traded_evidence_only,,,194.12,-0.7968,194.09,-0.8121
2026-09-25,2026-09-25T13:35:15.364945,CLS,RAPID_DECREASE_CANDIDATE,372.0197,-1.423,-1.53,0.107,0.911,27.2943,3,0.6,1.9786391496989548,5,0.5801902924324067,0.6166666666666667,0.0,11.8,45.2,31.6,0.0,0.0,47.0,0.0,374.7806,,,31.819300663377568,False,short_side_not_traded_evidence_only,,,375.205,0.8562,373.87,0.4974
2026-09-25,2026-09-25T13:35:15.378417,PANW,RAPID_DECREASE_CANDIDATE,378.075,-1.442,-1.549,0.107,2.191,10.9793,3,0.2,0.8872751229381676,5,0.49591692375748886,0.65,0.0,11.3,100.0,23.0,0.0,0.0,89.7,0.0,382.2076,9.0,XLK,45.12942531227889,False,short_side_not_traded_evidence_only,,,378.31,0.0622,376.11,-0.5197
2026-09-25,2026-09-25T13:35:18.758307,MRNA,RAPID_DECREASE_CANDIDATE,195.415,-0.476,-0.583,0.107,0.722,6.5195,3,0.8,3.4552602456525143,5,0.27391039318339055,0.65,0.0,35.4,32.3,38.4,0.0,0.0,40.7,0.0,196.3264,39.4,XLV,33.6716761318982,False,short_side_not_traded_evidence_only,,,194.12,-0.6627,194.09,-0.678
2026-09-25,2026-09-25T13:35:18.773111,CLS,RAPID_DECREASE_CANDIDATE,372.555,-1.281,-1.388,0.107,0.917,27.255,3,0.6,1.9786391496989548,5,0.5801902924324067,0.6166666666666667,0.0,15.3,44.2,35.5,0.0,0.0,47.2,0.0,374.7219,,,32.771129803465946,False,short_side_not_traded_evidence_only,,,375.205,0.7113,373.87,0.353
2026-09-25,2026-09-25T13:35:18.788415,PANW,RAPID_DECREASE_CANDIDATE,378.71,-1.276,-1.383,0.107,2.029,10.9609,3,0.2,0.8872751229381676,5,0.49591692375748886,0.65,0.0,15.4,100.0,28.1,0.0,0.0,84.3,0.0,382.0596,13.2,XLK,45.785218759443374,False,short_side_not_traded_evidence_only,,,378.31,-0.1056,376.11,-0.6865
2026-09-25,2026-09-25T13:35:22.064197,MRNA,RAPID_DECREASE_CANDIDATE,195.188,-0.592,-0.699,0.107,0.737,5.3692,3,0.8,3.4552602456525143,5,0.27391039318339055,0.65,0.0,32.5,33.1,35.6,0.0,0.0,41.2,0.0,196.3163,36.5,XLV,33.04527856924795,False,short_side_not_traded_evidence_only,,,194.12,-0.5472,194.09,-0.5625
2026-09-25,2026-09-25T13:35:22.138511,CLS,RAPID_DECREASE_CANDIDATE,372.7927,-1.218,-1.325,0.107,0.922,27.2377,3,0.6,1.9786391496989548,5,0.5801902924324067,0.6166666666666667,0.0,16.9,44.6,37.5,0.0,0.0,47.4,0.0,374.6669,,,33.359467370579466,False,short_side_not_traded_evidence_only,,,375.205,0.6471,373.87,0.289
2026-09-25,2026-09-25T13:35:22.151517,PANW,RAPID_DECREASE_CANDIDATE,378.89,-1.229,-1.336,0.107,1.89,10.9557,3,0.2,0.8872751229381676,5,0.49591692375748886,0.65,0.0,16.6,100.0,30.1,0.0,0.0,79.7,0.0,381.9257,14.3,XLK,45.657754425816734,False,short_side_not_traded_evidence_only,,,378.31,-0.1531,376.11,-0.7337
2026-09-25,2026-09-25T13:35:25.715045,MRNA,RAPID_DECREASE_CANDIDATE,195.315,-0.527,-0.634,0.107,0.752,5.4476,3,0.8,3.4552602456525143,5,0.27391039318339055,0.65,0.0,34.1,34.0,37.4,0.0,0.0,41.7,0.0,196.3066,38.1,XLV,33.74345909256407,False,short_side_not_traded_evidence_only,,,194.12,-0.6118,194.09,-0.6272
2026-09-25,2026-09-25T13:35:25.730187,CLS,RAPID_DECREASE_CANDIDATE,372.7927,-1.218,-1.325,0.107,0.928,27.2377,3,0.6,1.9786391496989548,5,0.5801902924324067,0.6166666666666667,0.0,16.9,45.0,37.8,0.0,0.0,47.6,0.0,374.6153,,,33.48945052392397,False,short_side_not_traded_evidence_only,,,375.205,0.6471,373.87,0.289
2026-09-25,2026-09-25T13:35:25.749212,PANW,RAPID_DECREASE_CANDIDATE,378.645,-1.293,-1.4,0.107,1.769,10.9628,3,0.2,0.8872751229381676,5,0.49591692375748886,0.65,0.0,15.0,100.0,29.3,0.0,0.0,75.6,0.0,381.804,12.8,XLK,44.78521714611007,False,short_side_not_traded_evidence_only,,,378.31,-0.0885,376.11,-0.6695
2026-09-25,2026-09-25T13:35:28.994222,MRNA,RAPID_DECREASE_CANDIDATE,195.47,-0.448,-0.555,0.107,0.768,6.5176,3,0.8,3.4552602456525143,5,0.27391039318339055,0.65,0.0,36.1,34.9,39.5,0.0,0.0,42.3,0.0,196.2972,40.0,XLV,34.55629244421453,False,short_side_not_traded_evidence_only,,,194.12,-0.6906,194.09,-0.706
2026-09-25,2026-09-25T13:35:29.011821,CLS,RAPID_DECREASE_CANDIDATE,372.35,-1.335,-1.442,0.107,0.933,27.27,3,0.6,1.9786391496989548,5,0.5801902924324067,0.6166666666666667,0.0,14.0,45.4,35.2,0.0,0.0,47.8,0.0,374.5668,,,32.75691108759224,False,short_side_not_traded_evidence_only,,,375.205,0.7668,373.87,0.4082
2026-09-25,2026-09-25T13:35:29.028784,PANW,RAPID_DECREASE_CANDIDATE,378.95,-1.213,-1.32,0.107,1.663,10.954,3,0.2,0.8872751229381676,5,0.49591692375748886,0.65,0.0,17.0,100.0,32.0,0.0,0.0,72.1,0.0,381.6929,14.8,XLK,45.01681623727054,False,short_side_not_traded_evidence_only,,,378.31,-0.1689,376.11,-0.7494
2026-09-25,2026-09-25T13:35:32.267420,MRNA,RAPID_DECREASE_CANDIDATE,195.27,-0.55,-0.657,0.107,0.784,6.5243,3,0.8,3.4552602456525143,5,0.27391039318339055,0.65,0.0,33.6,35.9,37.0,0.0,0.0,42.8,0.0,196.2881,37.5,XLV,34.058072450445096,False,short_side_not_traded_evidence_only,,,194.12,-0.5889,194.09,-0.6043
2026-09-25,2026-09-25T13:35:32.288329,CLS,RAPID_DECREASE_CANDIDATE,372.1594,-1.386,-1.493,0.107,0.939,27.284,3,0.6,1.9786391496989548,5,0.5801902924324067,0.6166666666666667,0.0,12.7,45.7,34.2,0.0,0.0,48.0,0.0,374.5211,,,32.51253740041987,False,short_side_not_traded_evidence_only,,,375.205,0.8184,373.87,0.4596
2026-09-25,2026-09-25T13:35:32.305962,PANW,RAPID_DECREASE_CANDIDATE,378.19,-1.412,-1.519,0.107,1.568,10.976,3,0.2,0.8872751229381676,5,0.49591692375748886,0.65,0.0,12.0,100.0,27.7,0.0,0.0,68.9,0.0,381.5911,9.8,XLK,43.25223477780683,False,short_side_not_traded_evidence_only,,,378.31,0.0317,376.11,-0.55
2026-09-25,2026-09-25T13:35:35.520172,CLS,RAPID_DECREASE_CANDIDATE,373.09,-1.139,-1.246,0.107,0.945,27.216,2,0.6,1.9786391496989548,5,0.5801902924324067,0.6166666666666667,0.0,18.9,46.1,40.7,0.0,0.0,48.2,0.0,374.478,,,34.44439471423172,False,short_side_not_traded_evidence_only,,,375.205,0.5669,373.87,0.2091
2026-09-25,2026-09-25T13:35:35.544636,PANW,RAPID_DECREASE_CANDIDATE,378.61,-1.302,-1.409,0.107,1.484,10.9638,2,0.2,0.8872751229381676,5,0.49591692375748886,0.65,0.0,14.8,93.6,31.1,0.0,0.0,66.1,0.0,381.4974,12.5,XLK,42.7152310051199,False,short_side_not_traded_evidence_only,,,378.31,-0.0792,376.11,-0.6603
2026-09-25,2026-09-25T13:35:38.759133,MRNA,RAPID_DECREASE_CANDIDATE,195.61,-0.377,-0.484,0.107,0.82,6.513,3,0.8,3.4552602456525143,5,0.27391039318339055,0.65,0.0,37.9,38.0,41.6,0.0,0.0,44.0,0.0,196.2708,41.8,XLV,35.8553071647631,False,short_side_not_traded_evidence_only,,,194.12,-0.7617,194.09,-0.7771
2026-09-25,2026-09-25T13:35:38.772617,CLS,RAPID_DECREASE_CANDIDATE,372.21,-1.373,-1.48,0.107,0.951,27.2803,3,0.6,1.9786391496989548,5,0.5801902924324067,0.6166666666666667,0.0,13.0,46.5,35.1,0.0,0.0,48.4,0.0,374.4373,,,32.860324199209536,False,short_side_not_traded_evidence_only,,,375.205,0.8047,373.87,0.446
2026-09-25,2026-09-25T13:35:38.786555,PANW,RAPID_DECREASE_CANDIDATE,378.61,-1.302,-1.409,0.107,1.408,10.9638,3,0.2,0.8872751229381676,5,0.49591692375748886,0.65,0.0,14.8,85.3,31.6,0.0,0.0,63.6,0.0,381.4109,12.5,XLK,41.09061449600496,False,short_side_not_traded_evidence_only,,,378.31,-0.0792,376.11,-0.6603
2026-09-25,2026-09-25T13:35:41.967076,MRNA,RAPID_DECREASE_CANDIDATE,195.6599,-0.351,-0.458,0.107,0.839,1.2931,3,0.8,3.4552602456525143,5,0.27391039318339055,0.65,0.0,38.5,39.2,42.3,0.0,0.0,44.6,0.0,196.2625,42.5,XLV,36.33069025537481,False,short_side_not_traded_evidence_only,,,194.12,-0.787,194.09,-0.8024
2026-09-25,2026-09-25T13:35:41.979715,CLS,RAPID_DECREASE_CANDIDATE,371.82,-1.476,-1.583,0.107,0.956,12.6459,3,0.6,1.9786391496989548,5,0.5801902924324067,0.6166666666666667,0.0,10.4,46.9,32.8,0.0,0.0,48.5,0.0,374.3988,,,32.22611114822676,False,short_side_not_traded_evidence_only,,,375.205,0.9104,373.87,0.5513
2026-09-25,2026-09-25T13:35:42.044188,PANW,RAPID_DECREASE_CANDIDATE,378.13,-1.427,-1.534,0.107,1.34,10.9777,3,0.2,0.8872751229381676,5,0.49591692375748886,0.65,0.0,11.6,78.4,29.0,0.0,0.0,61.3,0.0,381.3308,9.4,XLK,38.80371286168896,False,short_side_not_traded_evidence_only,,,378.31,0.0476,376.11,-0.5342
2026-09-25,2026-09-25T13:35:45.420385,MRNA,RAPID_DECREASE_CANDIDATE,195.609,-0.377,-0.484,0.107,0.858,5.4139,3,0.8,3.4552602456525143,5,0.27391039318339055,0.65,0.0,37.9,40.5,41.8,0.0,0.0,45.3,0.0,196.2546,41.8,XLV,36.44092029058446,False,short_side_not_traded_evidence_only,,,194.12,-0.7612,194.09,-0.7765
2026-09-25,2026-09-25T13:35:45.432891,CLS,RAPID_DECREASE_CANDIDATE,371.46,-1.571,-1.678,0.107,0.962,12.6501,3,0.6,1.9786391496989548,5,0.5801902924324067,0.6166666666666667,0.0,8.1,47.4,30.6,0.0,0.0,48.7,0.0,374.3623,,,31.65390572242824,False,short_side_not_traded_evidence_only,,,375.205,1.0082,373.87,0.6488
2026-09-25,2026-09-25T13:35:45.445764,PANW,RAPID_DECREASE_CANDIDATE,379.12,-1.169,-1.276,0.107,1.278,10.949,3,0.2,0.8872751229381676,5,0.49591692375748886,0.65,0.0,18.1,72.5,36.0,0.0,0.0,59.3,0.0,381.2564,15.8,XLK,39.51111741180757,False,short_side_not_traded_evidence_only,,,378.31,-0.2137,376.11,-0.7939
2026-09-25,2026-09-25T13:35:48.748567,MRNA,RAPID_DECREASE_CANDIDATE,195.42,-0.474,-0.581,0.107,0.879,5.4191,4,0.8,3.4552602456525143,5,0.27391039318339055,0.65,0.0,35.5,41.8,39.5,0.0,0.0,46.0,0.0,196.2468,39.4,XLV,36.05699098708781,False,short_side_not_traded_evidence_only,,,194.12,-0.6652,194.09,-0.6806
2026-09-25,2026-09-25T13:35:48.764742,TTAN,RAPID_DECREASE_CANDIDATE,59.5095,-0.319,-0.426,0.107,0.868,17.1905,4,0.6,0.9104973326095207,5,0.5993909685086114,0.7,0.0,39.4,41.1,49.9,0.0,0.0,45.6,0.0,59.5114,,,37.842514471041426,False,short_side_not_traded_evidence_only,,,59.795,0.4798,59.67,0.2697
2026-09-25,2026-09-25T13:35:48.782154,CLS,RAPID_DECREASE_CANDIDATE,371.13,-1.659,-1.766,0.107,0.969,12.6613,4,0.6,1.9786391496989548,5,0.5801902924324067,0.6166666666666667,0.0,5.9,47.8,28.6,0.0,0.0,49.0,0.0,374.3276,,,31.13971123568067,False,short_side_not_traded_evidence_only,,,375.205,1.098,373.87,0.7383
2026-09-25,2026-09-25T13:35:48.830997,PANW,RAPID_DECREASE_CANDIDATE,378.888,-1.23,-1.337,0.107,1.221,10.9557,4,0.2,0.8872751229381676,5,0.49591692375748886,0.65,0.0,16.6,67.5,34.9,0.0,0.0,57.4,0.0,381.1872,14.3,XLK,38.041569808172355,False,short_side_not_traded_evidence_only,,,378.31,-0.1526,376.11,-0.7332
2026-09-25,2026-09-25T13:35:52.091392,MRNA,RAPID_DECREASE_CANDIDATE,195.4186,-0.474,-0.581,0.107,0.901,6.5193,3,0.8,3.4552602456525143,5,0.27391039318339055,0.65,0.0,35.5,43.2,39.5,0.0,0.0,46.7,0.0,196.2393,39.4,XLV,36.394776712759466,False,short_side_not_traded_evidence_only,,,194.12,-0.6645,193.28,-1.0944
2026-09-25,2026-09-25T13:35:52.104001,CLS,RAPID_DECREASE_CANDIDATE,372.72,-1.237,-1.344,0.107,0.975,27.243,3,0.6,1.9786391496989548,5,0.5801902924324067,0.6166666666666667,0.0,16.4,48.2,39.5,0.0,0.0,49.2,0.0,374.2947,,,34.349153102450344,False,short_side_not_traded_evidence_only,,,375.205,0.6667,373.47,0.2012
2026-09-25,2026-09-25T13:35:52.119341,PANW,RAPID_DECREASE_CANDIDATE,379.488,-1.073,-1.18,0.107,1.169,10.9384,3,0.2,0.8872751229381676,5,0.49591692375748886,0.65,0.0,20.5,63.1,39.3,0.0,0.0,55.6,0.0,381.1226,18.2,XLK,38.28977706364095,False,short_side_not_traded_evidence_only,,,378.31,-0.3104,375.485,-1.0548
2026-09-25,2026-09-25T13:35:55.370467,MRNA,RAPID_DECREASE_CANDIDATE,195.54,-0.413,-0.52,0.107,0.924,6.5153,3,0.8,3.4552602456525143,5,0.27391039318339055,0.65,0.0,37.0,44.7,41.2,0.0,0.0,47.5,0.0,196.2321,40.9,XLV,37.20271902650629,False,short_side_not_traded_evidence_only,,,192.96,-1.3194,193.28,-1.1558
2026-09-25,2026-09-25T13:35:55.388385,CLS,RAPID_DECREASE_CANDIDATE,372.15,-1.388,-1.495,0.107,0.981,27.2847,3,0.6,1.9786391496989548,5,0.5801902924324067,0.6166666666666667,0.0,12.6,48.6,35.9,0.0,0.0,49.4,0.0,374.2633,,,33.36774873052784,False,short_side_not_traded_evidence_only,,,374.62,0.6637,373.47,0.3547
2026-09-25,2026-09-25T13:35:55.433511,PANW,RAPID_DECREASE_CANDIDATE,379.724,-1.012,-1.119,0.107,1.122,10.9316,3,0.2,0.8872751229381676,5,0.49591692375748886,0.65,0.0,22.0,59.2,41.2,0.0,0.0,54.1,0.0,381.0622,19.8,XLK,37.94702776834159,False,short_side_not_traded_evidence_only,,,377.0,-0.7174,375.485,-1.1163
2026-09-25,2026-09-25T13:35:58.637356,MRNA,RAPID_DECREASE_CANDIDATE,194.7904,-0.794,-0.901,0.107,0.948,1.5863,3,0.8,3.4552602456525143,5,0.27391039318339055,0.65,0.0,27.5,46.4,31.7,0.0,0.0,48.3,0.0,196.225,31.4,XLV,34.804151309768265,False,short_side_not_traded_evidence_only,,,192.96,-0.9397,193.28,-0.7754
2026-09-25,2026-09-25T13:35:58.651769,CLS,RAPID_DECREASE_CANDIDATE,371.52,-1.555,-1.662,0.107,0.987,27.331,3,0.6,1.9786391496989548,5,0.5801902924324067,0.6166666666666667,0.0,8.5,49.1,31.9,0.0,0.0,49.6,0.0,374.2335,,,32.26959678599043,False,short_side_not_traded_evidence_only,,,374.62,0.8344,373.47,0.5249
2026-09-25,2026-09-25T13:35:58.671808,PANW,RAPID_DECREASE_CANDIDATE,379.7362,-1.009,-1.116,0.107,1.078,10.9313,3,0.2,0.8872751229381676,5,0.49591692375748886,0.65,0.0,22.1,55.8,41.7,0.0,0.0,52.6,0.0,381.0055,19.9,XLK,37.26290190315127,False,short_side_not_traded_evidence_only,,,377.0,-0.7206,375.485,-1.1195
2026-09-25,2026-09-25T13:36:02.393445,MRNA,RAPID_DECREASE_CANDIDATE,194.98,-0.698,-0.797,0.099,1.074,0.2564,3,0.8,3.4552602456525143,5,0.27391039318339055,0.65,0.0,30.1,49.0,34.3,0.0,0.0,52.5,54.1,196.2092,36.0,XLV,38.78259615678906,False,short_side_not_traded_evidence_only,,,192.96,-1.036,193.28,-0.8719
2026-09-25,2026-09-25T13:36:02.411807,CLS,RAPID_DECREASE_CANDIDATE,372.16,-1.386,-1.485,0.099,0.668,27.284,3,0.6,1.9786391496989548,5,0.5801902924324067,0.6166666666666667,0.0,12.9,46.7,36.4,0.0,0.0,38.9,0.0,374.1963,,,31.852684680472983,False,short_side_not_traded_evidence_only,,,374.62,0.661,373.47,0.352
2026-09-25,2026-09-25T13:36:02.425526,PANW,RAPID_DECREASE_CANDIDATE,379.54,-1.06,-1.159,0.099,0.432,10.9369,3,0.2,0.8872751229381676,5,0.49591692375748886,0.65,0.0,21.0,47.5,40.5,0.0,0.0,31.1,0.0,380.9818,16.0,XLK,32.868684965564405,False,short_side_not_traded_evidence_only,,,377.0,-0.6692,375.485,-1.0684
2026-09-25,2026-09-25T13:36:05.693331,MRNA,RAPID_DECREASE_CANDIDATE,195.185,-0.593,-0.692,0.099,1.097,0.2613,3,0.8,3.4552602456525143,5,0.27391039318339055,0.65,0.0,32.7,51.8,37.1,0.0,0.0,53.2,53.0,196.1939,38.6,XLV,40.093288371492825,False,short_side_not_traded_evidence_only,,,192.96,-1.1399,193.28,-0.976
2026-09-25,2026-09-25T13:36:05.714967,CLS,RAPID_DECREASE_CANDIDATE,371.6702,-1.516,-1.615,0.099,0.685,27.3199,3,0.6,1.9786391496989548,5,0.5801902924324067,0.6166666666666667,0.0,9.6,44.4,33.4,0.0,0.0,39.5,0.0,374.1602,,,30.60490876986639,False,short_side_not_traded_evidence_only,,,374.62,0.7937,373.47,0.4842
2026-09-25,2026-09-25T13:36:05.726552,PANW,RAPID_DECREASE_CANDIDATE,379.015,-1.197,-1.296,0.099,0.429,10.9521,3,0.2,0.8872751229381676,5,0.49591692375748886,0.65,0.0,17.6,40.0,37.2,0.0,0.0,31.0,0.0,380.9586,12.5,XLK,30.63481426271618,False,short_side_not_traded_evidence_only,,,377.0,-0.5316,375.485,-0.9314
2026-09-25,2026-09-25T13:36:09.098147,MRNA,RAPID_DECREASE_CANDIDATE,195.3217,-0.524,-0.623,0.099,1.091,5.2682,3,0.8,3.4552602456525143,5,0.27391039318339055,0.65,0.0,34.4,52.7,39.1,0.0,0.0,53.0,0.0,196.1791,40.4,XLV,38.5381406830819,False,short_side_not_traded_evidence_only,,,192.96,-1.2091,193.28,-1.0453
2026-09-25,2026-09-25T13:36:09.111365,CLS,RAPID_DECREASE_CANDIDATE,373.11,-1.134,-1.233,0.099,0.697,27.2145,3,0.6,1.9786391496989548,5,0.5801902924324067,0.6166666666666667,0.0,19.2,41.5,43.2,0.0,0.0,39.9,0.0,374.1253,,,33.00803172509289,False,short_side_not_traded_evidence_only,,,374.62,0.4047,373.47,0.0965
2026-09-25,2026-09-25T13:36:09.135461,PANW,RAPID_DECREASE_CANDIDATE,379.01,-1.198,-1.297,0.099,0.443,10.9522,3,0.2,0.8872751229381676,5,0.49591692375748886,0.65,0.0,17.6,35.1,37.4,0.0,0.0,31.4,0.0,380.936,12.5,XLK,29.87414527295353,False,short_side_not_traded_evidence_only,,,377.0,-0.5303,375.485,-0.9301
2026-09-25,2026-09-25T13:36:12.419684,MRNA,RAPID_DECREASE_CANDIDATE,195.265,-0.553,-0.652,0.099,1.085,0.2151,3,0.8,3.4552602456525143,5,0.27391039318339055,0.65,0.0,33.7,53.6,38.5,0.0,0.0,52.8,63.3,196.1648,39.6,XLV,41.11402862533614,False,short_side_not_traded_evidence_only,,,192.96,-1.1804,193.28,-1.0166
2026-09-25,2026-09-25T13:36:12.432219,CLS,RAPID_DECREASE_CANDIDATE,372.13,-1.394,-1.493,0.099,0.709,27.2862,3,0.6,1.9786391496989548,5,0.5801902924324067,0.6166666666666667,0.0,12.7,38.7,36.9,0.0,0.0,40.3,0.0,374.0913,,,30.714126007197198,False,short_side_not_traded_evidence_only,,,374.62,0.6691,373.47,0.3601
2026-09-25,2026-09-25T13:36:12.446126,PANW,RAPID_DECREASE_CANDIDATE,379.33,-1.114,-1.213,0.099,0.458,10.943,3,0.2,0.8872751229381676,5,0.49591692375748886,0.65,0.0,19.7,30.1,39.6,0.0,0.0,31.9,0.0,380.9139,14.6,XLK,29.737997191150605,False,short_side_not_traded_evidence_only,,,377.0,-0.6142,375.485,-1.0136
2026-09-25,2026-09-25T13:36:15.709375,MRNA,RAPID_DECREASE_CANDIDATE,195.1317,-0.62,-0.719,0.099,1.08,6.5289,3,0.8,3.4552602456525143,5,0.27391039318339055,0.65,0.0,32.0,54.5,37.0,0.0,0.0,52.7,0.0,196.1508,38.0,XLV,38.13709126017617,False,short_side_not_traded_evidence_only,,,192.96,-1.1129,193.28,-0.9489
2026-09-25,2026-09-25T13:36:15.722799,CLS,RAPID_DECREASE_CANDIDATE,372.305,-1.347,-1.446,0.099,0.723,27.2733,3,0.6,1.9786391496989548,5,0.5801902924324067,0.6166666666666667,0.0,13.9,35.9,38.3,0.0,0.0,40.8,0.0,374.0584,,,30.67168375025128,False,short_side_not_traded_evidence_only,,,374.62,0.6218,373.47,0.3129
2026-09-25,2026-09-25T13:36:15.736760,PANW,RAPID_DECREASE_CANDIDATE,379.2275,-1.141,-1.24,0.099,0.474,10.9459,3,0.2,0.8872751229381676,5,0.49591692375748886,0.65,0.0,19.0,25.1,39.1,0.0,0.0,32.5,0.0,380.8924,14.0,XLK,28.79648400237965,False,short_side_not_traded_evidence_only,,,377.0,-0.5874,375.485,-0.9869
2026-09-25,2026-09-25T13:36:18.976171,MRNA,RAPID_DECREASE_CANDIDATE,195.1204,-0.626,-0.725,0.099,1.074,5.1763,3,0.8,3.4552602456525143,5,0.27391039318339055,0.65,0.0,31.9,55.4,37.0,0.0,0.0,52.5,0.0,196.1373,37.8,XLV,38.24181354384651,False,short_side_not_traded_evidence_only,,,192.96,-1.1072,193.28,-0.9432
2026-09-25,2026-09-25T13:36:18.988455,CLS,RAPID_DECREASE_CANDIDATE,372.305,-1.347,-1.446,0.099,0.736,27.2733,3,0.6,1.9786391496989548,5,0.5801902924324067,0.6166666666666667,0.0,13.9,33.1,38.5,0.0,0.0,41.2,0.0,374.0263,,,30.282275134741653,False,short_side_not_traded_evidence_only,,,374.62,0.6218,373.47,0.3129
2026-09-25,2026-09-25T13:36:19.009221,PANW,RAPID_DECREASE_CANDIDATE,379.406,-1.095,-1.194,0.099,0.491,10.9408,3,0.2,0.8872751229381676,5,0.49591692375748886,0.65,0.0,20.2,20.1,40.4,0.0,0.0,33.0,0.0,380.8713,15.1,XLK,28.39344138661678,False,short_side_not_traded_evidence_only,,,377.0,-0.6341,375.485,-1.0335
2026-09-25,2026-09-25T13:36:22.279329,MRNA,RAPID_DECREASE_CANDIDATE,194.885,-0.746,-0.845,0.099,1.068,0.2822,3,0.8,3.4552602456525143,5,0.27391039318339055,0.65,0.0,28.9,55.0,34.2,0.0,0.0,52.3,48.4,196.1242,34.8,XLV,39.30782720111263,False,short_side_not_traded_evidence_only,,,192.96,-0.9878,193.28,-0.8236
2026-09-25,2026-09-25T13:36:22.292872,CLS,RAPID_DECREASE_CANDIDATE,372.7304,-1.235,-1.334,0.099,0.75,27.2422,3,0.6,1.9786391496989548,5,0.5801902924324067,0.6166666666666667,0.0,16.6,33.9,41.5,0.0,0.0,41.7,0.0,373.9952,,,31.325203065520995,False,short_side_not_traded_evidence_only,,,374.62,0.507,373.47,0.1984
2026-09-25,2026-09-25T13:36:22.312129,PANW,RAPID_DECREASE_CANDIDATE,379.28,-1.127,-1.226,0.099,0.509,10.9444,3,0.2,0.8872751229381676,5,0.49591692375748886,0.65,0.0,19.4,21.0,39.7,0.0,0.0,33.6,0.0,380.8508,14.3,XLK,28.398102001800254,False,short_side_not_traded_evidence_only,,,377.0,-0.6011,375.485,-1.0006
2026-09-25,2026-09-25T13:36:25.512758,MRNA,RAPID_DECREASE_CANDIDATE,194.79,-0.794,-0.893,0.099,1.063,5.0978,3,0.8,3.4552602456525143,5,0.27391039318339055,0.65,0.0,27.7,54.6,33.2,0.0,0.0,52.1,0.0,196.1115,33.6,XLV,36.86884660683845,False,short_side_not_traded_evidence_only,,,192.96,-0.9395,193.28,-0.7752
2026-09-25,2026-09-25T13:36:25.526061,CLS,RAPID_DECREASE_CANDIDATE,372.7304,-1.235,-1.334,0.099,0.765,27.2422,3,0.6,1.9786391496989548,5,0.5801902924324067,0.6166666666666667,0.0,16.6,34.8,41.7,0.0,0.0,42.2,0.0,373.965,,,31.556434223964747,False,short_side_not_traded_evidence_only,,,374.62,0.507,373.47,0.1984
2026-09-25,2026-09-25T13:36:25.539289,PANW,RAPID_DECREASE_CANDIDATE,378.2185,-1.404,-1.503,0.099,0.529,10.9751,3,0.2,0.8872751229381676,5,0.49591692375748886,0.65,0.0,12.4,22.0,32.9,0.0,0.0,34.3,0.0,380.8307,7.4,XLK,26.63616891898797,False,short_side_not_traded_evidence_only,,,377.0,-0.3222,375.485,-0.7227
2026-09-25,2026-09-25T13:36:28.708526,MRNA,RAPID_DECREASE_CANDIDATE,194.8689,-0.754,-0.853,0.099,1.057,6.5377,3,0.8,3.4552602456525143,5,0.27391039318339055,0.65,0.0,28.7,54.2,34.3,0.0,0.0,51.9,0.0,196.0991,34.6,XLV,37.086634937121886,False,short_side_not_traded_evidence_only,,,192.96,-0.9796,193.28,-0.8154
2026-09-25,2026-09-25T13:36:28.724012,CLS,RAPID_DECREASE_CANDIDATE,372.305,-1.347,-1.446,0.099,0.78,27.2733,3,0.6,1.9786391496989548,5,0.5801902924324067,0.6166666666666667,0.0,13.9,35.7,39.1,0.0,0.0,42.7,0.0,373.9356,,,30.972287924418882,False,short_side_not_traded_evidence_only,,,374.62,0.6218,373.47,0.3129
2026-09-25,2026-09-25T13:36:28.737534,PANW,RAPID_DECREASE_CANDIDATE,377.915,-1.483,-1.582,0.099,0.551,10.984,3,0.2,0.8872751229381676,5,0.49591692375748886,0.65,0.0,10.4,23.1,31.0,0.0,0.0,35.0,0.0,380.8111,5.4,XLK,26.34513075872459,False,short_side_not_traded_evidence_only,,,377.0,-0.2421,375.485,-0.643
2026-09-25,2026-09-25T13:36:31.916677,MRNA,RAPID_DECREASE_CANDIDATE,194.655,-0.863,-0.962,0.099,1.052,6.5449,3,0.8,3.4552602456525143,5,0.27391039318339055,0.65,0.0,25.9,53.8,31.7,0.0,0.0,51.7,0.0,196.0871,31.9,XLV,36.22164005171617,False,short_side_not_traded_evidence_only,,,192.96,-0.8708,193.28,-0.7064
2026-09-25,2026-09-25T13:36:31.928829,CLS,RAPID_DECREASE_CANDIDATE,371.6994,-1.508,-1.607,0.099,0.796,27.3178,3,0.6,1.9786391496989548,5,0.5801902924324067,0.6166666666666667,0.0,9.8,36.6,35.2,0.0,0.0,43.2,0.0,373.9069,,,30.044908704650684,False,short_side_not_traded_evidence_only,,,374.62,0.7857,373.47,0.4764
2026-09-25,2026-09-25T13:36:31.942621,PANW,RAPID_DECREASE_CANDIDATE,377.9128,-1.484,-1.583,0.099,0.574,10.984,3,0.2,0.8872751229381676,5,0.49591692375748886,0.65,0.0,10.4,24.3,31.1,0.0,0.0,35.8,0.0,380.7919,5.4,XLK,26.64860245953085,False,short_side_not_traded_evidence_only,,,377.0,-0.2415,375.485,-0.6424
2026-09-25,2026-09-25T13:36:35.128110,MRNA,RAPID_DECREASE_CANDIDATE,194.563,-0.91,-1.009,0.099,1.046,6.548,3,0.8,3.4552602456525143,5,0.27391039318339055,0.65,0.0,24.8,53.4,30.7,0.0,0.0,51.5,0.0,196.0754,30.7,XLV,35.80554869018043,False,short_side_not_traded_evidence_only,,,192.96,-0.8239,193.28,-0.6594
2026-09-25,2026-09-25T13:36:35.140423,CLS,RAPID_DECREASE_CANDIDATE,372.41,-1.32,-1.419,0.099,0.813,27.2656,3,0.6,1.9786391496989548,5,0.5801902924324067,0.6166666666666667,0.0,14.5,37.6,40.2,0.0,0.0,43.8,0.0,373.8791,,,31.684030563550998,False,short_side_not_traded_evidence_only,,,374.62,0.5934,373.47,0.2846
2026-09-25,2026-09-25T13:36:35.151833,PANW,RAPID_DECREASE_CANDIDATE,378.3,-1.383,-1.482,0.099,0.6,10.9728,3,0.2,0.8872751229381676,5,0.49591692375748886,0.65,0.0,13.0,25.6,33.8,0.0,0.0,36.7,0.0,380.7732,7.9,XLK,27.730271690611417,False,short_side_not_traded_evidence_only,,,377.0,-0.3436,375.485,-0.7441
2026-09-25,2026-09-25T13:36:38.349228,DOCN,RAPID_DECREASE_CANDIDATE,144.1701,-0.425,-0.524,0.099,0.782,11.1049,5,0.6,2.346717859290326,5,0.4775679175510934,0.7,0.0,36.9,35.8,33.1,0.0,0.0,42.7,0.0,145.1542,,,34.08351741133093,False,short_side_not_traded_evidence_only,,,142.35,-1.2625,141.025,-2.1815
2026-09-25,2026-09-25T13:36:38.378859,MRNA,RAPID_DECREASE_CANDIDATE,194.645,-0.868,-0.967,0.099,1.041,4.9937,5,0.8,3.4552602456525143,5,0.27391039318339055,0.65,0.0,25.8,53.0,31.9,0.0,0.0,51.4,0.0,196.064,31.8,XLV,36.042268746654386,False,short_side_not_traded_evidence_only,,,192.96,-0.8657,193.28,-0.7013
2026-09-25,2026-09-25T13:36:38.391525,TTAN,RAPID_DECREASE_CANDIDATE,59.51,-0.318,-0.417,0.099,1.106,16.6863,5,0.6,0.9104973326095207,5,0.5993909685086114,0.7,0.0,39.6,58.0,48.6,0.0,0.0,53.5,0.0,59.5427,,,41.52496307229881,False,short_side_not_traded_evidence_only,,,59.695,0.3109,59.53,0.0336
2026-09-25,2026-09-25T13:36:38.404565,CLS,RAPID_DECREASE_CANDIDATE,372.385,-1.326,-1.425,0.099,0.83,27.2675,5,0.6,1.9786391496989548,5,0.5801902924324067,0.6166666666666667,0.0,14.4,38.7,40.2,0.0,0.0,44.3,0.0,373.8519,,,31.90891285377616,False,short_side_not_traded_evidence_only,,,374.62,0.6002,373.47,0.2914
2026-09-25,2026-09-25T13:36:38.431144,PANW,RAPID_DECREASE_CANDIDATE,378.95,-1.213,-1.312,0.099,0.628,10.954,5,0.2,0.8872751229381676,5,0.49591692375748886,0.65,0.0,17.2,27.1,38.1,0.0,0.0,37.6,0.0,380.7548,12.1,XLK,29.3483134857677,False,short_side_not_traded_evidence_only,,,377.0,-0.5146,375.485,-0.9144
2026-09-25,2026-09-25T13:36:41.598619,DOCN,RAPID_DECREASE_CANDIDATE,144.29,-0.342,-0.441,0.099,0.804,11.0957,5,0.6,2.346717859290326,5,0.4775679175510934,0.7,0.0,39.0,37.1,35.0,0.0,0.0,43.5,0.0,145.1592,,,34.988540338203556,False,short_side_not_traded_evidence_only,,,142.35,-1.3445,141.025,-2.2628
2026-09-25,2026-09-25T13:36:41.611896,MRNA,RAPID_DECREASE_CANDIDATE,194.35,-1.019,-1.118,0.099,1.036,4.9241,5,0.8,3.4552602456525143,5,0.27391039318339055,0.65,0.0,22.1,52.6,28.3,0.0,0.0,51.2,0.0,196.0529,28.0,XLV,34.87440889868508,False,short_side_not_traded_evidence_only,,,192.96,-0.7152,193.28,-0.5506
2026-09-25,2026-09-25T13:36:41.624777,TTAN,RAPID_DECREASE_CANDIDATE,59.51,-0.318,-0.417,0.099,1.092,15.8629,5,0.6,0.9104973326095207,5,0.5993909685086114,0.7,0.0,39.6,56.8,48.5,0.0,0.0,53.1,0.0,59.5446,,,41.26858698295519,False,short_side_not_traded_evidence_only,,,59.695,0.3109,59.53,0.0336
2026-09-25,2026-09-25T13:36:41.639192,CLS,RAPID_DECREASE_CANDIDATE,373.0,-1.163,-1.262,0.099,0.848,27.2225,5,0.6,1.9786391496989548,5,0.5801902924324067,0.6166666666666667,0.0,18.4,39.8,44.5,0.0,0.0,44.9,0.0,373.8255,,,33.38687617852804,False,short_side_not_traded_evidence_only,,,374.62,0.4343,373.47,0.126
2026-09-25,2026-09-25T13:36:41.652000,PANW,RAPID_DECREASE_CANDIDATE,378.61,-1.302,-1.401,0.099,0.659,10.9638,5,0.2,0.8872751229381676,5,0.49591692375748886,0.65,0.0,15.0,28.7,36.0,0.0,0.0,38.6,0.0,380.7369,9.9,XLK,29.11658577841647,False,short_side_not_traded_evidence_only,,,377.0,-0.4252,375.485,-0.8254
2026-09-25,2026-09-25T13:36:44.823991,MRNA,RAPID_DECREASE_CANDIDATE,194.58,-0.901,-1.0,0.099,1.03,4.9851,3,0.8,3.4552602456525143,5,0.27391039318339055,0.65,0.0,25.0,52.2,31.4,0.0,0.0,51.0,0.0,196.0422,30.9,XLV,35.660528918033634,False,short_side_not_traded_evidence_only,,,192.96,-0.8326,193.28,-0.6681
2026-09-25,2026-09-25T13:36:44.838389,CLS,RAPID_DECREASE_CANDIDATE,372.9984,-1.164,-1.263,0.099,0.867,27.2226,3,0.6,1.9786391496989548,5,0.5801902924324067,0.6166666666666667,0.0,18.4,41.0,44.6,0.0,0.0,45.6,0.0,373.7998,,,33.68095327883351,False,short_side_not_traded_evidence_only,,,374.62,0.4347,373.47,0.1264
2026-09-25,2026-09-25T13:36:44.851525,PANW,RAPID_DECREASE_CANDIDATE,378.61,-1.302,-1.401,0.099,0.692,10.9638,3,0.2,0.8872751229381676,5,0.49591692375748886,0.65,0.0,15.0,30.6,36.1,0.0,0.0,39.7,0.0,380.7193,9.9,XLK,29.578276100500865,False,short_side_not_traded_evidence_only,,,377.0,-0.4252,375.485,-0.8254
2026-09-25,2026-09-25T13:36:48.018041,AKAM,RAPID_DECREASE_CANDIDATE,121.7675,-0.444,-0.543,0.099,1.117,1.0594,6,0.2,0.8641975186964078,5,0.5548420809126783,0.5666666666666667,0.0,36.4,58.8,10.0,0.0,0.0,53.9,0.0,123.7496,,,36.35861931041536,False,short_side_not_traded_evidence_only,,,120.235,-1.2585,117.67,-3.365
2026-09-25,2026-09-25T13:36:48.031997,DOCN,RAPID_DECREASE_CANDIDATE,144.2905,-0.342,-0.441,0.099,0.852,11.0957,6,0.6,2.346717859290326,5,0.4775679175510934,0.7,0.0,39.0,40.0,34.9,0.0,0.0,45.1,0.0,145.1685,,,35.66222890145517,False,short_side_not_traded_evidence_only,,,142.35,-1.3449,141.025,-2.2631
2026-09-25,2026-09-25T13:36:48.044345,MRNA,RAPID_DECREASE_CANDIDATE,194.73,-0.825,-0.924,0.099,1.025,6.5424,6,0.8,3.4552602456525143,5,0.27391039318339055,0.65,0.0,26.9,51.8,33.4,0.0,0.0,50.8,0.0,196.0317,32.8,XLV,36.14881378735014,False,short_side_not_traded_evidence_only,,,192.96,-0.909,193.28,-0.7446
2026-09-25,2026-09-25T13:36:48.056464,CLS,RAPID_DECREASE_CANDIDATE,373.47,-1.039,-1.138,0.099,0.887,27.1883,6,0.6,1.9786391496989548,5,0.5801902924324067,0.6166666666666667,0.0,21.6,42.3,48.0,0.0,0.0,46.2,0.0,373.7747,,,34.911579622940664,False,short_side_not_traded_evidence_only,,,374.62,0.3079,373.47,0.0
2026-09-25,2026-09-25T13:36:48.069579,PANW,RAPID_DECREASE_CANDIDATE,378.336,-1.374,-1.473,0.099,0.73,10.9717,6,0.2,0.8872751229381676,5,0.49591692375748886,0.65,0.0,13.2,32.7,34.5,0.0,0.0,41.0,0.0,380.7021,8.1,XLK,29.57846948750292,False,short_side_not_traded_evidence_only,,,377.0,-0.3531,375.485,-0.7536
2026-09-25,2026-09-25T13:36:48.089790,DDOG,RAPID_DECREASE_CANDIDATE,272.1,-0.516,-0.615,0.099,0.527,4.0169,6,0.4,1.3311469240348954,5,0.48523081416149766,0.6166666666666667,0.0,34.6,21.9,28.0,0.0,0.0,34.2,0.0,274.513,29.6,XLK,29.70150111490721,False,short_side_not_traded_evidence_only,,,277.62,2.0287,273.065,0.3546
2026-09-25,2026-09-25T13:36:51.272211,AKAM,RAPID_DECREASE_CANDIDATE,121.7601,-0.45,-0.549,0.099,1.092,1.0595,6,0.2,0.8641975186964078,5,0.5548420809126783,0.5666666666666667,0.0,36.3,56.8,9.8,0.0,0.0,53.1,0.0,123.7488,,,35.878164025939604,False,short_side_not_traded_evidence_only,,,120.235,-1.2525,117.67,-3.3591
2026-09-25,2026-09-25T13:36:51.285133,DOCN,RAPID_DECREASE_CANDIDATE,144.2905,-0.342,-0.441,0.099,0.878,11.0957,6,0.6,2.346717859290326,5,0.4775679175510934,0.7,0.0,39.0,41.7,34.8,0.0,0.0,45.9,0.0,145.1729,,,36.03809959398332,False,short_side_not_traded_evidence_only,,,142.35,-1.3449,141.025,-2.2631
2026-09-25,2026-09-25T13:36:51.309860,MRNA,RAPID_DECREASE_CANDIDATE,194.78,-0.8,-0.899,0.099,1.02,1.5505,6,0.8,3.4552602456525143,5,0.27391039318339055,0.65,0.0,27.5,51.4,34.2,0.0,0.0,50.7,0.0,196.0215,33.5,XLV,36.26568806555554,False,short_side_not_traded_evidence_only,,,192.96,-0.9344,193.28,-0.7701
2026-09-25,2026-09-25T13:36:51.324039,CLS,RAPID_DECREASE_CANDIDATE,373.8419,-0.94,-1.039,0.099,0.907,27.1612,6,0.6,1.9786391496989548,5,0.5801902924324067,0.6166666666666667,0.0,24.0,43.6,50.6,1.2,0.0,46.9,0.0,373.7502,,,35.81019163246231,False,short_side_not_traded_evidence_only,,,374.62,0.2081,373.47,-0.0995
2026-09-25,2026-09-25T13:36:51.375605,PANW,RAPID_DECREASE_CANDIDATE,377.885,-1.491,-1.59,0.099,0.771,10.9848,6,0.2,0.8872751229381676,5,0.49591692375748886,0.65,0.0,10.2,35.1,31.6,0.0,0.0,42.4,0.0,380.6853,5.2,XLK,29.3105038651489,False,short_side_not_traded_evidence_only,,,377.0,-0.2342,375.485,-0.6351
2026-09-25,2026-09-25T13:36:51.406785,DDOG,RAPID_DECREASE_CANDIDATE,271.5965,-0.7,-0.799,0.099,0.582,4.0244,6,0.4,1.3311469240348954,5,0.48523081416149766,0.6166666666666667,0.0,30.0,24.7,23.4,0.0,0.0,36.1,0.0,274.5161,25.0,XLK,29.049521750781693,False,short_side_not_traded_evidence_only,,,277.62,2.2178,273.065,0.5407
2026-09-25,2026-09-25T13:36:54.627694,DOCN,RAPID_DECREASE_CANDIDATE,144.2905,-0.342,-0.441,0.099,0.905,11.0957,6,0.6,2.346717859290326,5,0.4775679175510934,0.7,0.0,39.0,43.5,34.7,0.0,0.0,46.8,0.0,145.1771,,,36.44246903573496,False,short_side_not_traded_evidence_only,,,142.35,-1.3449,140.415,-2.6859
2026-09-25,2026-09-25T13:36:54.639666,MRNA,RAPID_DECREASE_CANDIDATE,194.935,-0.721,-0.82,0.099,1.015,0.2616,6,0.8,3.4552602456525143,5,0.27391039318339055,0.65,0.0,29.5,51.1,36.3,0.0,0.0,50.5,53.0,196.0115,35.4,XLV,38.98286090678872,False,short_side_not_traded_evidence_only,,,192.96,-1.0132,192.965,-1.0106
2026-09-25,2026-09-25T13:36:54.655916,CAI,RAPID_DECREASE_CANDIDATE,32.1,-0.372,-0.471,0.099,0.883,0.7788,6,0.8,2.506946822593982,5,0.5619919636387601,0.7,0.0,38.2,42.0,39.2,0.0,0.0,46.1,0.0,32.2388,,,36.54019524961127,False,short_side_not_traded_evidence_only,,,31.98,-0.3738,31.8004,-0.9333
2026-09-25,2026-09-25T13:36:54.668904,CLS,RAPID_DECREASE_CANDIDATE,372.19,-1.378,-1.477,0.099,0.929,27.2818,6,0.6,1.9786391496989548,5,0.5801902924324067,0.6166666666666667,0.0,13.1,45.1,39.7,0.0,0.0,47.6,0.0,373.7264,,,33.10838318526833,False,short_side_not_traded_evidence_only,,,374.62,0.6529,373.3202,0.3037
2026-09-25,2026-09-25T13:36:54.680912,PANW,RAPID_DECREASE_CANDIDATE,378.0,-1.461,-1.56,0.099,0.818,10.9815,6,0.2,0.8872751229381676,5,0.49591692375748886,0.65,0.0,11.0,38.0,32.5,0.0,0.0,43.9,0.0,380.6688,6.0,XLK,30.209454992794598,False,short_side_not_traded_evidence_only,,,377.0,-0.2646,374.6101,-0.8968
2026-09-25,2026-09-25T13:36:54.695540,DDOG,RAPID_DECREASE_CANDIDATE,272.1,-0.516,-0.615,0.099,0.65,4.0169,6,0.4,1.3311469240348954,5,0.48523081416149766,0.6166666666666667,0.0,34.6,28.2,28.0,0.0,0.0,38.3,0.0,274.5192,29.6,XLK,31.265502738577187,False,short_side_not_traded_evidence_only,,,277.62,2.0287,273.11,0.3712
2026-09-25,2026-09-25T13:36:57.891527,AKAM,RAPID_DECREASE_CANDIDATE,121.925,-0.315,-0.414,0.099,1.044,1.058,6,0.2,0.8641975186964078,5,0.5548420809126783,0.5666666666666667,0.0,39.6,53.2,13.2,0.0,0.0,51.5,0.0,123.7472,,,36.05577542424838,False,short_side_not_traded_evidence_only,,,120.015,-1.5665,117.885,-3.3135
2026-09-25,2026-09-25T13:36:57.956376,MRNA,RAPID_DECREASE_CANDIDATE,194.975,-0.7,-0.799,0.099,1.01,1.6002,6,0.8,3.4552602456525143,5,0.27391039318339055,0.65,0.0,30.0,50.7,36.9,0.0,0.0,50.3,0.0,196.0018,36.0,XLV,36.86070231725778,False,short_side_not_traded_evidence_only,,,193.8329,-0.5858,192.965,-1.0309
2026-09-25,2026-09-25T13:36:57.977932,CAI,RAPID_DECREASE_CANDIDATE,32.1,-0.372,-0.471,0.099,0.919,0.81,6,0.8,2.506946822593982,5,0.5619919636387601,0.7,0.0,38.2,44.4,39.2,0.0,0.0,47.3,0.0,32.2393,,,37.07934780236409,False,short_side_not_traded_evidence_only,,,32.025,-0.2336,31.8004,-0.9333
2026-09-25,2026-09-25T13:36:57.992682,CLS,RAPID_DECREASE_CANDIDATE,372.305,-1.347,-1.446,0.099,0.951,27.2733,6,0.6,1.9786391496989548,5,0.5801902924324067,0.6166666666666667,0.0,13.9,46.6,40.6,0.0,0.0,48.4,0.0,373.7031,,,33.70060589091143,False,short_side_not_traded_evidence_only,,,375.2,0.7776,373.3202,0.2727
2026-09-25,2026-09-25T13:36:58.020291,PANW,RAPID_DECREASE_CANDIDATE,378.465,-1.34,-1.439,0.099,0.871,5.6756,6,0.2,0.8872751229381676,5,0.49591692375748886,0.65,0.0,14.0,41.3,35.6,0.0,0.0,45.7,0.0,380.6526,9.0,XLK,31.881785210072184,False,short_side_not_traded_evidence_only,,,377.74,-0.1916,374.6101,-1.0186
2026-09-25,2026-09-25T13:36:58.032399,DDOG,RAPID_DECREASE_CANDIDATE,271.5099,-0.732,-0.831,0.099,0.736,4.022,6,0.4,1.3311469240348954,5,0.48523081416149766,0.6166666666666667,0.0,29.2,33.0,22.6,0.0,0.0,41.2,0.0,274.5222,24.2,XLK,30.84729143585921,False,short_side_not_traded_evidence_only,,,279.2425,2.848,273.11,0.5893
2026-09-25,2026-09-25T13:37:01.480059,AKAM,RAPID_DECREASE_CANDIDATE,121.7287,-2.434,-2.463,0.029,0.799,1.0597,5,0.2,0.8641975186964078,5,0.5548420809126783,0.5666666666666667,0.0,0.0,49.6,9.7,0.0,0.0,43.3,0.0,123.7241,,,27.38887036222569,False,short_side_not_traded_evidence_only,,,120.015,-1.4078,117.885,-3.1576
2026-09-25,2026-09-25T13:37:01.497390,MRNA,RAPID_DECREASE_CANDIDATE,194.755,-1.079,-1.108,0.029,1.628,1.6893,5,0.8,3.4552602456525143,5,0.27391039318339055,0.65,0.0,22.3,56.0,34.4,0.0,0.0,70.9,0.0,195.9774,28.3,XLV,38.72116726259633,False,short_side_not_traded_evidence_only,,,193.8329,-0.4735,192.965,-0.9191
2026-09-25,2026-09-25T13:37:01.511870,CLS,RAPID_DECREASE_CANDIDATE,372.305,-0.457,-0.486,0.029,0.974,27.2733,5,0.6,1.9786391496989548,5,0.5801902924324067,0.6166666666666667,0.0,37.9,48.2,40.7,0.0,0.0,49.1,0.0,373.6897,,,38.07977294633365,False,short_side_not_traded_evidence_only,,,375.2,0.7776,373.3202,0.2727
2026-09-25,2026-09-25T13:37:01.535962,PANW,RAPID_DECREASE_CANDIDATE,378.39,-1.129,-1.158,0.029,0.771,5.6767,5,0.2,0.8872751229381676,5,0.49591692375748886,0.65,0.0,21.1,43.9,35.2,0.0,0.0,42.4,0.0,380.6362,16.5,XLK,33.020879350055814,False,short_side_not_traded_evidence_only,,,377.74,-0.1718,374.6101,-0.9989
2026-09-25,2026-09-25T13:37:01.552041,DDOG,RAPID_DECREASE_CANDIDATE,272.92,-1.391,-1.42,0.029,1.529,10.3803,5,0.4,1.3311469240348954,5,0.48523081416149766,0.6166666666666667,0.0,14.5,45.6,35.6,0.0,0.0,67.6,0.0,274.5065,9.9,XLK,35.407019975631634,False,short_side_not_traded_evidence_only,,,279.2425,2.3166,273.11,0.0696
2026-09-25,2026-09-25T13:37:05.011169,AKAM,RAPID_DECREASE_CANDIDATE,122.028,-2.194,-2.223,0.029,0.791,3.6877,6,0.2,0.8641975186964078,5,0.5548420809126783,0.5666666666666667,0.0,0.0,46.2,16.2,0.0,0.0,43.0,0.0,123.7016,,,27.60385867926445,False,short_side_not_traded_evidence_only,,,120.015,-1.6496,117.885,-3.3951
2026-09-25,2026-09-25T13:37:05.025036,DOCN,RAPID_DECREASE_CANDIDATE,143.8,-0.45,-0.479,0.029,0.213,6.2517,6,0.6,2.346717859290326,5,0.4775679175510934,0.7,0.0,38.0,36.6,26.3,0.0,0.0,23.8,0.0,145.1779,,,31.19113032636492,False,short_side_not_traded_evidence_only,,,142.23,-1.0918,140.415,-2.354
2026-09-25,2026-09-25T13:37:05.040266,MRNA,RAPID_DECREASE_CANDIDATE,194.755,-1.079,-1.108,0.029,1.569,1.6893,6,0.8,3.4552602456525143,5,0.27391039318339055,0.65,0.0,22.3,61.3,34.7,0.0,0.0,69.0,0.0,195.9539,28.3,XLV,39.38508021920697,False,short_side_not_traded_evidence_only,,,193.8329,-0.4735,192.965,-0.9191
2026-09-25,2026-09-25T13:37:05.052614,CLS,RAPID_DECREASE_CANDIDATE,372.3071,-0.457,-0.486,0.029,0.999,27.2732,6,0.6,1.9786391496989548,5,0.5801902924324067,0.6166666666666667,0.0,37.9,50.0,40.8,0.0,0.0,50.0,0.0,373.6766,,,38.488666509315856,False,short_side_not_traded_evidence_only,,,375.2,0.777,373.3202,0.2721
2026-09-25,2026-09-25T13:37:05.073147,PANW,RAPID_DECREASE_CANDIDATE,378.45,-1.113,-1.142,0.029,0.836,5.6758,6,0.2,0.8872751229381676,5,0.49591692375748886,0.65,0.0,21.5,47.0,35.7,0.0,0.0,44.5,0.0,380.6201,16.9,XLK,33.94557897333849,False,short_side_not_traded_evidence_only,,,377.74,-0.1876,374.6101,-1.0146
2026-09-25,2026-09-25T13:37:05.088961,DDOG,RAPID_DECREASE_CANDIDATE,272.9199,-1.391,-1.42,0.029,1.721,10.3803,6,0.4,1.3311469240348954,5,0.48523081416149766,0.6166666666666667,0.0,14.5,64.5,35.7,0.0,0.0,74.0,0.0,274.4911,9.9,XLK,39.382994041086526,False,short_side_not_traded_evidence_only,,,279.2425,2.3167,273.11,0.0697
2026-09-25,2026-09-25T13:37:08.373468,AKAM,RAPID_DECREASE_CANDIDATE,121.85,-2.336,-2.365,0.029,0.8,4.5137,7,0.2,0.8641975186964078,5,0.5548420809126783,0.5666666666666667,0.0,0.0,44.3,13.0,0.0,0.0,43.3,0.0,123.6799,,,26.930495270277078,False,short_side_not_traded_evidence_only,,,120.015,-1.5059,117.885,-3.254
2026-09-25,2026-09-25T13:37:08.390855,DOCN,RAPID_DECREASE_CANDIDATE,143.71,-0.512,-0.541,0.029,0.222,6.2557,7,0.6,2.346717859290326,5,0.4775679175510934,0.7,0.0,36.5,29.9,24.7,0.0,0.0,24.1,0.0,145.1763,,,29.662745141756233,False,short_side_not_traded_evidence_only,,,142.23,-1.0299,140.415,-2.2928
2026-09-25,2026-09-25T13:37:08.408058,NBIS,RAPID_DECREASE_CANDIDATE,241.64,-0.346,-0.375,0.029,0.728,10.5115,7,0.6,2.5407316145047276,5,0.5057830427475815,0.7,0.0,40.6,37.7,37.4,0.0,0.0,40.9,0.0,242.8652,,,35.35088132405366,False,short_side_not_traded_evidence_only,,,239.71,-0.7987,237.75,-1.6098
2026-09-25,2026-09-25T13:37:08.424624,MRNA,RAPID_DECREASE_CANDIDATE,194.5101,-1.204,-1.233,0.029,1.521,1.6914,7,0.8,3.4552602456525143,5,0.27391039318339055,0.65,0.0,19.2,66.9,31.9,0.0,0.0,67.4,0.0,195.9314,25.2,XLV,39.24744489132214,False,short_side_not_traded_evidence_only,,,193.8329,-0.3482,192.965,-0.7944
2026-09-25,2026-09-25T13:37:08.444023,CLS,RAPID_DECREASE_CANDIDATE,372.6912,-0.354,-0.383,0.029,0.999,27.2451,7,0.6,1.9786391496989548,5,0.5801902924324067,0.6166666666666667,0.0,40.4,50.0,43.5,0.0,0.0,50.0,0.0,373.6639,,,39.24793014382534,False,short_side_not_traded_evidence_only,,,375.2,0.6732,373.3202,0.1688
2026-09-25,2026-09-25T13:37:08.467190,PANW,RAPID_DECREASE_CANDIDATE,378.7726,-1.029,-1.058,0.029,0.843,5.6709,7,0.2,0.8872751229381676,5,0.49591692375748886,0.65,0.0,23.6,45.5,38.0,0.0,0.0,44.8,0.0,380.6042,19.0,XLK,34.353722737241064,False,short_side_not_traded_evidence_only,,,377.74,-0.2726,374.6101,-1.0989
2026-09-25,2026-09-25T13:37:08.492882,DDOG,RAPID_DECREASE_CANDIDATE,272.22,-1.644,-1.673,0.029,1.654,6.9099,7,0.4,1.3311469240348954,5,0.48523081416149766,0.6166666666666667,0.0,8.2,71.8,29.5,0.0,0.0,71.8,0.0,274.476,3.6,XLK,38.4787073213699,False,short_side_not_traded_evidence_only,,,279.2425,2.5797,273.11,0.3269
2026-09-25,2026-09-25T13:37:11.916016,AKAM,RAPID_DECREASE_CANDIDATE,121.615,-2.525,-2.554,0.029,0.81,4.5225,7,0.2,0.8641975186964078,5,0.5548420809126783,0.5666666666666667,0.0,0.0,42.4,8.7,0.0,0.0,43.7,0.0,123.6588,,,26.115482816924537,False,short_side_not_traded_evidence_only,,,120.015,-1.3156,117.885,-3.0671
2026-09-25,2026-09-25T13:37:11.931670,DOCN,RAPID_DECREASE_CANDIDATE,143.5,-0.658,-0.687,0.029,0.233,5.3659,7,0.6,2.346717859290326,5,0.4775679175510934,0.7,0.0,32.8,23.2,21.2,0.0,0.0,24.4,0.0,145.1747,,,27.534355408253862,False,short_side_not_traded_evidence_only,,,142.23,-0.885,140.415,-2.1498
2026-09-25,2026-09-25T13:37:11.951255,NBIS,RAPID_DECREASE_CANDIDATE,241.6078,-0.36,-0.389,0.029,0.742,10.5129,7,0.6,2.5407316145047276,5,0.5057830427475815,0.7,0.0,40.3,33.7,37.2,0.0,0.0,41.4,0.0,242.8534,,,34.643367937816045,False,short_side_not_traded_evidence_only,,,239.71,-0.7855,237.75,-1.5967
2026-09-25,2026-09-25T13:37:11.967356,MRNA,RAPID_DECREASE_CANDIDATE,194.91,-1.001,-1.03,0.029,1.476,6.5364,7,0.8,3.4552602456525143,5,0.27391039318339055,0.65,0.0,24.3,72.5,37.2,0.0,0.0,65.9,0.0,195.9098,30.3,XLV,41.51604263583365,False,short_side_not_traded_evidence_only,,,193.8329,-0.5526,192.965,-0.9979
2026-09-25,2026-09-25T13:37:11.984971,CLS,RAPID_DECREASE_CANDIDATE,372.3,-0.459,-0.488,0.029,0.999,27.2737,7,0.6,1.9786391496989548,5,0.5801902924324067,0.6166666666666667,0.0,37.8,50.0,41.0,0.0,0.0,50.0,0.0,373.6514,,,38.49188708548933,False,short_side_not_traded_evidence_only,,,375.2,0.7789,373.3202,0.274
2026-09-25,2026-09-25T13:37:11.998156,PANW,RAPID_DECREASE_CANDIDATE,378.712,-1.045,-1.074,0.029,0.851,5.6719,7,0.2,0.8872751229381676,5,0.49591692375748886,0.65,0.0,23.2,44.0,37.7,0.0,0.0,45.0,0.0,380.5886,18.6,XLK,34.034533597314976,False,short_side_not_traded_evidence_only,,,377.74,-0.2567,374.6101,-1.0831
2026-09-25,2026-09-25T13:37:12.016247,DDOG,RAPID_DECREASE_CANDIDATE,272.26,-1.63,-1.659,0.029,1.593,6.8758,7,0.4,1.3311469240348954,5,0.48523081416149766,0.6166666666666667,0.0,8.5,79.0,29.9,0.0,0.0,69.8,0.0,274.4612,4.0,XLK,39.55396574091101,False,short_side_not_traded_evidence_only,,,279.2425,2.5646,273.11,0.3122
2026-09-25,2026-09-25T13:37:15.246443,AKAM,RAPID_DECREASE_CANDIDATE,121.6,-2.537,-2.566,0.029,0.819,4.523,7,0.2,0.8641975186964078,5,0.5548420809126783,0.5666666666666667,0.0,0.0,40.5,8.8,0.0,0.0,44.0,0.0,123.6383,,,25.85062117350442,False,short_side_not_traded_evidence_only,,,120.015,-1.3035,117.885,-3.0551
2026-09-25,2026-09-25T13:37:15.260192,DOCN,RAPID_DECREASE_CANDIDATE,143.5,-0.658,-0.687,0.029,0.245,5.3659,7,0.6,2.346717859290326,5,0.4775679175510934,0.7,0.0,32.8,16.5,21.2,0.0,0.0,24.8,0.0,145.1731,,,26.470478276165046,False,short_side_not_traded_evidence_only,,,142.23,-0.885,140.415,-2.1498
2026-09-25,2026-09-25T13:37:15.273285,NBIS,RAPID_DECREASE_CANDIDATE,241.735,-0.307,-0.336,0.029,0.755,10.5074,7,0.6,2.5407316145047276,5,0.5057830427475815,0.7,0.0,41.6,33.7,38.6,0.0,0.0,41.8,0.0,242.8428,,,35.095611311642756,False,short_side_not_traded_evidence_only,,,239.71,-0.8377,237.75,-1.6485
2026-09-25,2026-09-25T13:37:15.287753,MRNA,RAPID_DECREASE_CANDIDATE,194.86,-1.026,-1.055,0.029,1.433,1.6884,7,0.8,3.4552602456525143,5,0.27391039318339055,0.65,0.0,23.6,78.1,36.9,0.0,0.0,64.4,0.0,195.889,29.6,XLV,42.124086355542666,False,short_side_not_traded_evidence_only,,,193.8329,-0.5271,192.965,-0.9725
2026-09-25,2026-09-25T13:37:15.307057,CLS,RAPID_DECREASE_CANDIDATE,371.695,-0.62,-0.649,0.029,0.999,27.3181,7,0.6,1.9786391496989548,5,0.5801902924324067,0.6166666666666667,0.0,33.8,49.9,37.0,0.0,0.0,50.0,0.0,373.6392,,,37.32343579413739,False,short_side_not_traded_evidence_only,,,375.2,0.943,373.3202,0.4372
2026-09-25,2026-09-25T13:37:15.325301,PANW,RAPID_DECREASE_CANDIDATE,378.44,-1.116,-1.145,0.029,0.859,5.6759,7,0.2,0.8872751229381676,5,0.49591692375748886,0.65,0.0,21.4,42.5,36.0,0.0,0.0,45.3,0.0,380.5732,16.8,XLK,33.31238142115734,False,short_side_not_traded_evidence_only,,,377.74,-0.185,374.6101,-1.012
2026-09-25,2026-09-25T13:37:15.362166,DDOG,RAPID_DECREASE_CANDIDATE,272.265,-1.628,-1.657,0.029,1.536,6.8757,7,0.4,1.3311469240348954,5,0.48523081416149766,0.6166666666666667,0.0,8.6,86.3,30.1,0.0,0.0,67.9,0.0,274.4466,4.0,XLK,40.555737301208275,False,short_side_not_traded_evidence_only,,,279.2425,2.5628,273.11,0.3104
2026-09-25,2026-09-25T13:37:18.572661,AKAM,RAPID_DECREASE_CANDIDATE,121.8,-2.377,-2.406,0.029,0.829,4.5156,6,0.2,0.8641975186964078,5,0.5548420809126783,0.5666666666666667,0.0,0.0,38.6,13.2,0.0,0.0,44.3,0.0,123.6185,,,26.13194761692602,False,short_side_not_traded_evidence_only,,,120.015,-1.4655,117.885,-3.2143
2026-09-25,2026-09-25T13:37:18.585794,DOCN,RAPID_DECREASE_CANDIDATE,143.685,-0.53,-0.559,0.029,0.258,5.3589,6,0.6,2.346717859290326,5,0.4775679175510934,0.7,0.0,36.0,9.8,24.4,0.0,0.0,25.3,0.0,145.1716,,,26.34231315784705,False,short_side_not_traded_evidence_only,,,142.23,-1.0126,140.415,-2.2758
2026-09-25,2026-09-25T13:37:18.599737,MRNA,RAPID_DECREASE_CANDIDATE,195.03,-0.94,-0.969,0.029,1.393,1.5228,6,0.8,3.4552602456525143,5,0.27391039318339055,0.65,0.0,25.8,83.8,39.3,0.0,0.0,63.1,0.0,195.869,31.8,XLV,43.55688255332741,False,short_side_not_traded_evidence_only,,,193.8329,-0.6138,192.965,-1.0588
2026-09-25,2026-09-25T13:37:18.612349,CLS,RAPID_DECREASE_CANDIDATE,371.52,-0.667,-0.696,0.029,0.999,27.331,6,0.6,1.9786391496989548,5,0.5801902924324067,0.6166666666666667,0.0,32.6,49.9,35.9,0.0,0.0,50.0,0.0,373.6273,,,36.98937235518431,False,short_side_not_traded_evidence_only,,,375.2,0.9905,373.3202,0.4845
2026-09-25,2026-09-25T13:37:18.627268,PANW,RAPID_DECREASE_CANDIDATE,378.6262,-1.067,-1.096,0.029,0.867,5.6731,6,0.2,0.8872751229381676,5,0.49591692375748886,0.65,0.0,22.6,41.0,37.3,0.0,0.0,45.6,0.0,380.5581,18.0,XLK,33.466267574690214,False,short_side_not_traded_evidence_only,,,377.74,-0.2341,374.6101,-1.0607
2026-09-25,2026-09-25T13:37:18.641187,DDOG,RAPID_DECREASE_CANDIDATE,272.91,-1.395,-1.424,0.029,1.483,6.7128,6,0.4,1.3311469240348954,5,0.48523081416149766,0.6166666666666667,0.0,14.4,93.5,36.1,0.0,0.0,66.1,0.0,274.4324,9.8,XLK,43.26515597056026,False,short_side_not_traded_evidence_only,,,279.2425,2.3204,273.11,0.0733
2026-09-25,2026-09-25T13:37:21.794804,AKAM,RAPID_DECREASE_CANDIDATE,121.565,-2.565,-2.594,0.029,0.84,1.5465,7,0.2,0.8641975186964078,5,0.5548420809126783,0.5666666666666667,0.0,0.0,39.3,8.9,0.0,0.0,44.7,0.0,123.5992,,,25.737854619404594,False,short_side_not_traded_evidence_only,,,120.015,-1.275,117.885,-3.0272
2026-09-25,2026-09-25T13:37:21.807390,VKTX,RAPID_DECREASE_CANDIDATE,38.1605,-0.468,-0.497,0.029,0.513,5.0838,7,0.6,2.6493607294435724,5,0.5784171657691218,0.65,0.0,37.6,21.2,23.8,0.0,0.0,33.8,0.0,38.5645,,,29.493779496229294,False,short_side_not_traded_evidence_only,,,37.18,-2.5694,37.03,-2.9625
2026-09-25,2026-09-25T13:37:21.820398,DOCN,RAPID_DECREASE_CANDIDATE,143.63,-0.568,-0.597,0.029,0.272,5.361,7,0.6,2.346717859290326,5,0.4775679175510934,0.7,0.0,35.1,10.4,23.5,0.0,0.0,25.7,0.0,145.17,,,26.22660162761481,False,short_side_not_traded_evidence_only,,,142.23,-0.9747,140.415,-2.2384
2026-09-25,2026-09-25T13:37:21.834077,MRNA,RAPID_DECREASE_CANDIDATE,195.0,-0.955,-0.984,0.029,1.355,0.1744,7,0.8,3.4552602456525143,5,0.27391039318339055,0.65,0.0,25.4,79.9,39.2,0.0,0.0,61.8,72.4,195.8497,31.4,XLV,45.69099464966051,False,short_side_not_traded_evidence_only,,,193.8329,-0.5985,192.965,-1.0436
2026-09-25,2026-09-25T13:37:21.846701,CLS,RAPID_DECREASE_CANDIDATE,371.52,-0.667,-0.696,0.029,0.999,27.331,7,0.6,1.9786391496989548,5,0.5801902924324067,0.6166666666666667,0.0,32.6,49.9,36.0,0.0,0.0,50.0,0.0,373.6157,,,36.999796524512455,False,short_side_not_traded_evidence_only,,,375.2,0.9905,373.3202,0.4845
2026-09-25,2026-09-25T13:37:21.861386,PANW,RAPID_DECREASE_CANDIDATE,377.704,-1.308,-1.337,0.029,0.876,5.687,7,0.2,0.8872751229381676,5,0.49591692375748886,0.65,0.0,16.6,41.6,31.3,0.0,0.0,45.9,0.0,380.5432,12.0,XLK,31.843135399289864,False,short_side_not_traded_evidence_only,,,377.74,0.0095,374.6101,-0.8191
2026-09-25,2026-09-25T13:37:21.875517,DDOG,RAPID_DECREASE_CANDIDATE,272.02,-1.716,-1.745,0.029,1.434,7.0068,7,0.4,1.3311469240348954,5,0.48523081416149766,0.6166666666666667,0.0,6.4,88.0,28.2,0.0,0.0,64.5,0.0,274.4183,1.8,XLK,39.81363118426752,False,short_side_not_traded_evidence_only,,,279.2425,2.6551,273.11,0.4007
2026-09-25,2026-09-25T13:37:25.093956,AKAM,RAPID_DECREASE_CANDIDATE,121.53,-2.593,-2.622,0.029,0.85,1.5469,8,0.2,0.8641975186964078,5,0.5548420809126783,0.5666666666666667,0.0,0.0,39.9,8.5,0.0,0.0,45.0,0.0,123.5804,,,25.847364443901263,False,short_side_not_traded_evidence_only,,,120.015,-1.2466,117.885,-2.9993
2026-09-25,2026-09-25T13:37:25.106793,VKTX,RAPID_DECREASE_CANDIDATE,38.2,-0.365,-0.394,0.029,0.533,5.0785,8,0.6,2.6493607294435724,5,0.5784171657691218,0.65,0.0,40.1,22.2,26.4,0.0,0.0,34.4,0.0,38.5647,,,30.488743505029703,False,short_side_not_traded_evidence_only,,,37.18,-2.6702,37.03,-3.0628
2026-09-25,2026-09-25T13:37:25.122172,DOCN,RAPID_DECREASE_CANDIDATE,143.63,-0.568,-0.597,0.029,0.288,0.4665,8,0.6,2.346717859290326,5,0.4775679175510934,0.7,0.0,35.1,11.0,23.5,0.0,0.0,26.3,7.4,145.1685,,,26.719013498085268,False,short_side_not_traded_evidence_only,,,142.23,-0.9747,140.415,-2.2384
2026-09-25,2026-09-25T13:37:25.139514,MRNA,RAPID_DECREASE_CANDIDATE,195.015,-0.947,-0.976,0.029,1.319,1.523,8,0.8,3.4552602456525143,5,0.27391039318339055,0.65,0.0,25.6,76.4,39.6,0.0,0.0,60.6,0.0,195.8312,31.6,XLV,42.026895545655975,False,short_side_not_traded_evidence_only,,,193.8329,-0.6062,192.965,-1.0512
2026-09-25,2026-09-25T13:37:25.154988,CAI,RAPID_DECREASE_CANDIDATE,32.05,-0.497,-0.526,0.029,0.707,0.78,8,0.8,2.506946822593982,5,0.5619919636387601,0.7,0.0,36.9,31.4,35.6,0.0,0.0,40.2,0.0,32.2359,,,33.35377735409195,False,short_side_not_traded_evidence_only,,,32.025,-0.078,31.8004,-0.7788
2026-09-25,2026-09-25T13:37:25.181913,CLS,RAPID_DECREASE_CANDIDATE,371.66,-0.63,-0.659,0.029,0.999,27.3207,8,0.6,1.9786391496989548,5,0.5801902924324067,0.6166666666666667,0.0,33.5,49.9,37.0,0.0,0.0,50.0,0.0,373.6044,,,37.28127580497807,False,short_side_not_traded_evidence_only,,,375.2,0.9525,373.3202,0.4467
2026-09-25,2026-09-25T13:37:25.195005,PANW,RAPID_DECREASE_CANDIDATE,377.732,-1.301,-1.33,0.029,0.884,5.6866,8,0.2,0.8872751229381676,5,0.49591692375748886,0.65,0.0,16.8,42.1,31.6,0.0,0.0,46.1,0.0,380.5285,12.2,XLK,32.03157918897045,False,short_side_not_traded_evidence_only,,,377.74,0.0021,374.6101,-0.8265
2026-09-25,2026-09-25T13:37:25.235361,DDOG,RAPID_DECREASE_CANDIDATE,272.295,-1.617,-1.646,0.029,1.387,0.7308,8,0.4,1.3311469240348954,5,0.48523081416149766,0.6166666666666667,0.0,8.9,83.2,30.8,0.0,0.0,62.9,0.0,274.4045,4.3,XLK,39.547672138475804,False,short_side_not_traded_evidence_only,,,279.2425,2.5515,273.11,0.2993
2026-09-25,2026-09-25T13:37:28.446647,AKAM,RAPID_DECREASE_CANDIDATE,122.13,-2.112,-2.141,0.029,0.861,4.5034,8,0.2,0.8641975186964078,5,0.5548420809126783,0.5666666666666667,0.0,0.0,40.6,21.0,0.0,0.0,45.4,0.0,123.5622,,,27.569434067314578,False,short_side_not_traded_evidence_only,,,120.015,-1.7318,117.885,-3.4758
2026-09-25,2026-09-25T13:37:28.471699,VKTX,RAPID_DECREASE_CANDIDATE,38.1,-0.626,-0.655,0.029,0.554,4.5669,8,0.6,2.6493607294435724,5,0.5784171657691218,0.65,0.0,33.6,23.3,19.9,0.0,0.0,35.1,0.0,38.5649,,,28.85674680189649,False,short_side_not_traded_evidence_only,,,37.18,-2.4147,37.03,-2.8084
2026-09-25,2026-09-25T13:37:28.484450,DOCN,RAPID_DECREASE_CANDIDATE,143.8282,-0.43,-0.459,0.029,0.307,0.4658,8,0.6,2.346717859290326,5,0.4775679175510934,0.7,0.0,38.5,11.8,26.9,0.0,0.0,26.9,7.6,145.1669,,,27.937449902053043,False,short_side_not_traded_evidence_only,,,142.23,-1.1112,140.415,-2.3731
2026-09-25,2026-09-25T13:37:28.516342,MRNA,RAPID_DECREASE_CANDIDATE,194.8,-1.056,-1.085,0.029,1.285,6.54,8,0.8,3.4552602456525143,5,0.27391039318339055,0.65,0.0,22.9,73.2,37.1,0.0,0.0,59.5,0.0,195.8132,28.9,XLV,40.57974952386474,False,short_side_not_traded_evidence_only,,,193.8329,-0.4965,192.965,-0.942
2026-09-25,2026-09-25T13:37:28.531873,CAI,RAPID_DECREASE_CANDIDATE,32.05,-0.497,-0.526,0.029,0.725,0.78,8,0.8,2.506946822593982,5,0.5619919636387601,0.7,0.0,36.9,32.4,35.6,0.0,0.0,40.8,0.0,32.2355,,,33.59981442185696,False,short_side_not_traded_evidence_only,,,32.025,-0.078,31.8004,-0.7788
2026-09-25,2026-09-25T13:37:28.545271,CLS,RAPID_DECREASE_CANDIDATE,372.06,-0.523,-0.552,0.029,0.999,27.2913,8,0.6,1.9786391496989548,5,0.5801902924324067,0.6166666666666667,0.0,36.2,50.0,39.7,0.0,0.0,50.0,0.0,373.5932,,,38.07170424190787,False,short_side_not_traded_evidence_only,,,375.2,0.8439,373.3202,0.3387
2026-09-25,2026-09-25T13:37:28.560595,PANW,RAPID_DECREASE_CANDIDATE,377.6,-1.335,-1.364,0.029,0.893,10.9931,8,0.2,0.8872751229381676,5,0.49591692375748886,0.65,0.0,15.9,42.7,30.9,0.0,0.0,46.4,0.0,380.5141,11.3,XLK,31.924193321668067,False,short_side_not_traded_evidence_only,,,377.74,0.0371,374.6101,-0.7918
2026-09-25,2026-09-25T13:37:28.582869,DDOG,RAPID_DECREASE_CANDIDATE,272.87,-1.409,-1.438,0.029,1.344,0.7293,8,0.4,1.3311469240348954,5,0.48523081416149766,0.6166666666666667,0.0,14.1,78.8,36.1,0.0,0.0,61.5,0.0,274.391,9.5,XLK,40.178992223666896,False,short_side_not_traded_evidence_only,,,279.2425,2.3354,273.11,0.088
2026-09-25,2026-09-25T13:37:31.766605,AKAM,RAPID_DECREASE_CANDIDATE,121.8657,-2.324,-2.353,0.029,0.872,4.5132,7,0.2,0.8641975186964078,5,0.5548420809126783,0.5666666666666667,0.0,0.0,41.3,16.0,0.0,0.0,45.7,0.0,123.5445,,,27.108428126064045,False,short_side_not_traded_evidence_only,,,120.015,-1.5186,117.885,-3.2665
2026-09-25,2026-09-25T13:37:31.779937,DOCN,RAPID_DECREASE_CANDIDATE,143.675,-0.537,-0.566,0.029,0.327,0.4594,7,0.6,2.346717859290326,5,0.4775679175510934,0.7,0.0,35.8,12.7,24.3,0.0,0.0,27.6,9.0,145.1654,,,27.45459483080398,False,short_side_not_traded_evidence_only,,,142.23,-1.0057,140.415,-2.269
2026-09-25,2026-09-25T13:37:31.796580,MRNA,RAPID_DECREASE_CANDIDATE,194.74,-1.087,-1.116,0.029,1.252,6.5421,7,0.8,3.4552602456525143,5,0.27391039318339055,0.65,0.0,22.1,70.2,36.5,0.0,0.0,58.4,0.0,195.7959,28.1,XLV,39.75151710627619,False,short_side_not_traded_evidence_only,,,193.8329,-0.4658,192.965,-0.9115
2026-09-25,2026-09-25T13:37:31.821747,CAI,RAPID_DECREASE_CANDIDATE,32.05,-0.497,-0.526,0.029,0.743,0.78,7,0.8,2.506946822593982,5,0.5619919636387601,0.7,0.0,36.9,33.5,35.6,0.0,0.0,41.4,0.0,32.2352,,,33.85683154151796,False,short_side_not_traded_evidence_only,,,32.025,-0.078,31.8004,-0.7788
2026-09-25,2026-09-25T13:37:31.834159,CLS,RAPID_DECREASE_CANDIDATE,372.06,-0.523,-0.552,0.029,0.999,27.2913,7,0.6,1.9786391496989548,5,0.5801902924324067,0.6166666666666667,0.0,36.2,50.0,39.8,0.0,0.0,50.0,0.0,373.5824,,,38.08152023234132,False,short_side_not_traded_evidence_only,,,375.2,0.8439,373.3202,0.3387
2026-09-25,2026-09-25T13:37:31.852687,PANW,RAPID_DECREASE_CANDIDATE,377.81,-1.28,-1.309,0.029,0.902,10.987,7,0.2,0.8872751229381676,5,0.49591692375748886,0.65,0.0,17.3,43.3,32.3,0.0,0.0,46.7,0.0,380.4999,12.7,XLK,32.47085195428243,False,short_side_not_traded_evidence_only,,,377.74,-0.0185,374.6101,-0.847
2026-09-25,2026-09-25T13:37:31.864643,DDOG,RAPID_DECREASE_CANDIDATE,272.565,-1.519,-1.548,0.029,1.303,0.7154,7,0.4,1.3311469240348954,5,0.48523081416149766,0.6166666666666667,0.0,11.3,74.9,33.5,0.0,0.0,60.1,0.0,274.3777,6.7,XLK,38.563498123698494,False,short_side_not_traded_evidence_only,,,279.2425,2.4499,273.11,0.2
2026-09-25,2026-09-25T13:37:35.152135,AKAM,RAPID_DECREASE_CANDIDATE,121.92,-2.28,-2.309,0.029,0.883,4.5112,8,0.2,0.8641975186964078,5,0.5548420809126783,0.5666666666666667,0.0,0.0,42.1,17.5,0.0,0.0,46.1,0.0,123.5273,,,27.45617961922472,False,short_side_not_traded_evidence_only,,,120.015,-1.5625,117.885,-3.3095
2026-09-25,2026-09-25T13:37:35.200778,VKTX,RAPID_DECREASE_CANDIDATE,38.2001,-0.365,-0.394,0.029,0.603,4.5026,8,0.6,2.6493607294435724,5,0.5784171657691218,0.65,0.0,40.1,25.8,26.3,0.0,0.0,36.8,0.0,38.5652,,,31.374318582772975,False,short_side_not_traded_evidence_only,,,37.18,-2.6704,37.03,-3.0631
2026-09-25,2026-09-25T13:37:35.214618,DOCN,RAPID_DECREASE_CANDIDATE,143.46,-0.685,-0.714,0.029,0.351,5.3534,8,0.6,2.346717859290326,5,0.4775679175510934,0.7,0.0,32.1,13.7,20.7,0.0,0.0,28.4,0.0,145.1639,,,26.2730087264391,False,short_side_not_traded_evidence_only,,,142.23,-0.8574,140.415,-2.1225
2026-09-25,2026-09-25T13:37:35.226877,MRNA,RAPID_DECREASE_CANDIDATE,194.735,-1.089,-1.118,0.029,1.222,5.0376,8,0.8,3.4552602456525143,5,0.27391039318339055,0.65,0.0,22.1,67.5,36.7,0.0,0.0,57.4,0.0,195.7792,28.1,XLV,39.181801519974066,False,short_side_not_traded_evidence_only,,,193.8329,-0.4632,192.965,-0.9089
2026-09-25,2026-09-25T13:37:35.273213,CAI,RAPID_DECREASE_CANDIDATE,32.05,-0.497,-0.526,0.029,0.763,0.78,8,0.8,2.506946822593982,5,0.5619919636387601,0.7,0.0,36.9,34.6,35.7,0.0,0.0,42.1,0.0,32.2348,,,34.13429735576992,False,short_side_not_traded_evidence_only,,,32.025,-0.078,31.8004,-0.7788
2026-09-25,2026-09-25T13:37:35.300847,CLS,RAPID_DECREASE_CANDIDATE,372.055,-0.524,-0.553,0.029,0.999,27.2917,8,0.6,1.9786391496989548,5,0.5801902924324067,0.6166666666666667,0.0,36.2,50.0,39.8,0.0,0.0,50.0,0.0,373.5717,,,38.08279284337059,False,short_side_not_traded_evidence_only,,,375.2,0.8453,373.3202,0.3401
2026-09-25,2026-09-25T13:37:35.313441,PANW,RAPID_DECREASE_CANDIDATE,378.02,-1.225,-1.254,0.029,0.911,10.9809,8,0.2,0.8872751229381676,5,0.49591692375748886,0.65,0.0,18.6,43.8,33.8,0.0,0.0,47.0,0.0,380.486,14.1,XLK,33.019969691619536,False,short_side_not_traded_evidence_only,,,377.74,-0.0741,374.6101,-0.902
2026-09-25,2026-09-25T13:37:35.325429,DDOG,RAPID_DECREASE_CANDIDATE,272.364,-1.592,-1.621,0.029,1.265,4.0828,8,0.4,1.3311469240348954,5,0.48523081416149766,0.6166666666666667,0.0,9.5,71.3,31.8,0.0,0.0,58.8,0.0,274.3646,4.9,XLK,37.29486645122315,False,short_side_not_traded_evidence_only,,,279.2425,2.5255,273.11,0.2739
2026-09-25,2026-09-25T13:37:38.600821,AKAM,RAPID_DECREASE_CANDIDATE,122.12,-2.12,-2.149,0.029,0.895,2.866,6,0.2,0.8641975186964078,5,0.5548420809126783,0.5666666666666667,0.0,0.0,42.8,21.9,0.0,0.0,46.5,0.0,123.5105,,,28.17999929593352,False,short_side_not_traded_evidence_only,,,120.015,-1.7237,117.885,-3.4679
2026-09-25,2026-09-25T13:37:38.619939,DOCN,RAPID_DECREASE_CANDIDATE,143.415,-0.717,-0.746,0.029,0.378,5.3551,6,0.6,2.346717859290326,5,0.4775679175510934,0.7,0.0,31.4,14.9,19.9,0.0,0.0,29.3,0.0,145.1624,,,26.359040979604533,False,short_side_not_traded_evidence_only,,,142.23,-0.8263,140.415,-2.0918
2026-09-25,2026-09-25T13:37:38.632160,MRNA,RAPID_DECREASE_CANDIDATE,194.9145,-0.998,-1.027,0.029,1.192,1.6417,6,0.8,3.4552602456525143,5,0.27391039318339055,0.65,0.0,24.3,65.0,39.2,0.0,0.0,56.4,0.0,195.7631,30.3,XLV,39.327257877920246,False,short_side_not_traded_evidence_only,,,193.8329,-0.5549,192.965,-1.0002
2026-09-25,2026-09-25T13:37:38.650736,CLS,RAPID_DECREASE_CANDIDATE,372.055,-0.524,-0.553,0.029,0.999,27.2917,6,0.6,1.9786391496989548,5,0.5801902924324067,0.6166666666666667,0.0,36.2,50.0,39.9,0.0,0.0,50.0,0.0,373.5613,,,38.09222666542199,False,short_side_not_traded_evidence_only,,,375.2,0.8453,373.3202,0.3401
2026-09-25,2026-09-25T13:37:38.662569,PANW,RAPID_DECREASE_CANDIDATE,377.81,-1.28,-1.309,0.029,0.92,10.987,6,0.2,0.8872751229381676,5,0.49591692375748886,0.65,0.0,17.3,44.5,32.5,0.0,0.0,47.3,0.0,380.4722,12.7,XLK,32.76836002831639,False,short_side_not_traded_evidence_only,,,377.74,-0.0185,374.6101,-0.847
2026-09-25,2026-09-25T13:37:38.675937,DDOG,RAPID_DECREASE_CANDIDATE,272.596,-1.508,-1.537,0.029,1.229,4.0059,6,0.4,1.3311469240348954,5,0.48523081416149766,0.6166666666666667,0.0,11.6,68.1,34.0,0.0,0.0,57.6,0.0,274.3518,7.0,XLK,37.235275302157355,False,short_side_not_traded_evidence_only,,,279.2425,2.4382,273.11,0.1886
2026-09-25,2026-09-25T13:37:41.898376,AKAM,RAPID_DECREASE_CANDIDATE,122.6225,-1.717,-1.746,0.029,0.907,3.2294,7,0.2,0.8641975186964078,5,0.5548420809126783,0.5666666666666667,0.0,6.4,43.6,32.4,0.0,0.0,46.9,0.0,123.4942,,,30.731263115395915,False,short_side_not_traded_evidence_only,,,120.015,-2.1264,117.885,-3.8635
2026-09-25,2026-09-25T13:37:41.924851,VKTX,RAPID_DECREASE_CANDIDATE,38.2,-0.365,-0.394,0.029,0.661,5.0785,7,0.6,2.6493607294435724,5,0.5784171657691218,0.65,0.0,40.1,28.9,26.3,0.0,0.0,38.7,0.0,38.5655,,,32.130792442822255,False,short_side_not_traded_evidence_only,,,37.18,-2.6702,37.03,-3.0628
2026-09-25,2026-09-25T13:37:41.937747,DOCN,RAPID_DECREASE_CANDIDATE,143.415,-0.717,-0.746,0.029,0.41,11.1634,7,0.6,2.346717859290326,5,0.4775679175510934,0.7,0.0,31.4,16.4,19.9,0.0,0.0,30.3,0.0,145.1609,,,26.734640608388094,False,short_side_not_traded_evidence_only,,,142.23,-0.8263,140.415,-2.0918
2026-09-25,2026-09-25T13:37:41.949765,MRNA,RAPID_DECREASE_CANDIDATE,194.76,-1.077,-1.106,0.029,1.164,1.643,7,0.8,3.4552602456525143,5,0.27391039318339055,0.65,0.0,22.4,62.6,37.4,0.0,0.0,55.5,0.0,195.7475,28.4,XLV,38.26906090960357,False,short_side_not_traded_evidence_only,,,193.8329,-0.476,192.965,-0.9216
2026-09-25,2026-09-25T13:37:41.975730,CLS,RAPID_DECREASE_CANDIDATE,371.76,-0.603,-0.632,0.029,1.0,27.3133,7,0.6,1.9786391496989548,5,0.5801902924324067,0.6166666666666667,0.0,34.2,50.0,38.0,0.0,0.0,50.0,0.0,373.5511,,,37.52969161366361,False,short_side_not_traded_evidence_only,,,375.2,0.9253,373.3202,0.4197
2026-09-25,2026-09-25T13:37:41.989241,PANW,RAPID_DECREASE_CANDIDATE,377.938,-1.247,-1.276,0.029,0.929,10.9833,7,0.2,0.8872751229381676,5,0.49591692375748886,0.65,0.0,18.1,45.1,33.4,0.0,0.0,47.6,0.0,380.4586,13.5,XLK,33.16370884243464,False,short_side_not_traded_evidence_only,,,377.74,-0.0524,374.6101,-0.8805
2026-09-25,2026-09-25T13:37:42.001210,DDOG,RAPID_DECREASE_CANDIDATE,271.48,-1.911,-1.94,0.029,1.195,4.0224,7,0.4,1.3311469240348954,5,0.48523081416149766,0.6166666666666667,0.0,1.5,65.2,23.9,0.0,0.0,56.5,0.0,274.3392,0.0,XLK,33.665761433229896,False,short_side_not_traded_evidence_only,,,279.2425,2.8593,273.11,0.6004
2026-09-25,2026-09-25T13:37:45.260221,AKAM,RAPID_DECREASE_CANDIDATE,122.915,-1.483,-1.512,0.029,0.919,3.2217,6,0.2,0.8641975186964078,5,0.5548420809126783,0.5666666666666667,0.0,12.2,44.4,38.6,0.0,0.0,47.3,0.0,123.4783,,,32.6718556552495,False,short_side_not_traded_evidence_only,,,120.015,-2.3594,117.885,-4.0923
2026-09-25,2026-09-25T13:37:45.278798,DOCN,RAPID_DECREASE_CANDIDATE,143.48,-0.672,-0.701,0.029,0.448,11.1583,6,0.6,2.346717859290326,5,0.4775679175510934,0.7,0.0,32.5,18.1,21.1,0.0,0.0,31.6,0.0,145.1594,,,27.513498187234916,False,short_side_not_traded_evidence_only,,,142.23,-0.8712,140.415,-2.1362
2026-09-25,2026-09-25T13:37:45.302595,MRNA,RAPID_DECREASE_CANDIDATE,194.9398,-0.985,-1.014,0.029,1.138,1.5287,6,0.8,3.4552602456525143,5,0.27391039318339055,0.65,0.0,24.6,60.4,39.9,0.0,0.0,54.6,0.0,195.7324,30.7,XLV,38.491775159553725,False,short_side_not_traded_evidence_only,,,193.8329,-0.5678,192.965,-1.013
2026-09-25,2026-09-25T13:37:45.335955,CLS,RAPID_DECREASE_CANDIDATE,372.2645,-0.468,-0.497,0.029,1.0,27.2763,6,0.6,1.9786391496989548,5,0.5801902924324067,0.6166666666666667,0.0,37.6,50.0,41.5,0.0,0.0,50.0,0.0,373.5411,,,38.52331912627487,False,short_side_not_traded_evidence_only,,,375.2,0.7886,373.3202,0.2836
2026-09-25,2026-09-25T13:37:45.353360,PANW,RAPID_DECREASE_CANDIDATE,377.52,-1.356,-1.385,0.029,0.939,10.9954,6,0.2,0.8872751229381676,5,0.49591692375748886,0.65,0.0,15.4,45.7,30.8,0.0,0.0,48.0,0.0,380.4453,10.8,XLK,32.525881837577664,False,short_side_not_traded_evidence_only,,,377.74,0.0583,374.6101,-0.7708
2026-09-25,2026-09-25T13:37:45.367961,DDOG,RAPID_DECREASE_CANDIDATE,271.7457,-1.815,-1.844,0.029,1.162,4.0185,6,0.4,1.3311469240348954,5,0.48523081416149766,0.6166666666666667,0.0,3.9,62.5,26.5,0.0,0.0,55.4,0.0,274.3268,0.0,XLK,33.794023650389946,False,short_side_not_traded_evidence_only,,,279.2425,2.7588,273.11,0.5021
2026-09-25,2026-09-25T13:37:48.600563,AKAM,RAPID_DECREASE_CANDIDATE,123.0,-1.415,-1.444,0.029,0.932,3.2195,7,0.2,0.8641975186964078,5,0.5548420809126783,0.5666666666666667,0.0,13.9,45.3,40.6,0.0,0.0,47.7,0.0,123.4628,,,33.40404339432434,False,short_side_not_traded_evidence_only,,,120.015,-2.4268,117.885,-4.1585
2026-09-25,2026-09-25T13:37:48.658442,VKTX,RAPID_DECREASE_CANDIDATE,38.11,-0.6,-0.629,0.029,0.732,4.3296,7,0.6,2.6493607294435724,5,0.5784171657691218,0.65,0.0,34.3,32.8,20.4,0.0,0.0,41.1,0.0,38.5659,,,31.376140494974432,False,short_side_not_traded_evidence_only,,,37.18,-2.4403,37.03,-2.8339
2026-09-25,2026-09-25T13:37:48.675708,DOCN,RAPID_DECREASE_CANDIDATE,143.407,-0.722,-0.751,0.029,0.493,11.164,7,0.6,2.346717859290326,5,0.4775679175510934,0.7,0.0,31.2,20.3,19.8,0.0,0.0,33.1,0.0,145.1579,,,27.69757879644001,False,short_side_not_traded_evidence_only,,,142.23,-0.8207,140.415,-2.0864
2026-09-25,2026-09-25T13:37:48.690452,MRNA,RAPID_DECREASE_CANDIDATE,195.14,-0.884,-0.913,0.029,1.112,1.5322,7,0.8,3.4552602456525143,5,0.27391039318339055,0.65,0.0,27.2,58.4,42.6,0.0,0.0,53.7,0.0,195.7178,33.2,XLV,38.80828340056868,False,short_side_not_traded_evidence_only,,,193.8329,-0.6698,192.965,-1.1146
2026-09-25,2026-09-25T13:37:48.713117,CLS,RAPID_DECREASE_CANDIDATE,372.3455,-0.446,-0.475,0.029,1.0,27.2704,7,0.6,1.9786391496989548,5,0.5801902924324067,0.6166666666666667,0.0,38.1,50.0,42.1,0.0,0.0,50.0,0.0,373.5313,,,38.691660353239506,False,short_side_not_traded_evidence_only,,,375.2,0.7666,373.3202,0.2618
2026-09-25,2026-09-25T13:37:48.819224,PANW,RAPID_DECREASE_CANDIDATE,376.35,-1.662,-1.691,0.029,0.948,11.0296,7,0.2,0.8872751229381676,5,0.49591692375748886,0.65,0.0,7.7,46.4,23.2,0.0,0.0,48.3,0.0,380.4321,3.2,XLK,30.448249492835835,False,short_side_not_traded_evidence_only,,,377.74,0.3693,374.6101,-0.4623
2026-09-25,2026-09-25T13:37:48.831826,DDOG,RAPID_DECREASE_CANDIDATE,271.25,-1.994,-2.023,0.029,1.132,10.4442,7,0.4,1.3311469240348954,5,0.48523081416149766,0.6166666666666667,0.0,0.0,60.0,22.1,0.0,0.0,54.4,0.0,274.3146,0.0,XLK,32.053138391952636,False,short_side_not_traded_evidence_only,,,279.2425,2.9465,273.11,0.6857
2026-09-25,2026-09-25T13:37:52.060998,AKAM,RAPID_DECREASE_CANDIDATE,123.0876,-1.345,-1.374,0.029,0.945,3.2172,7,0.2,0.8641975186964078,5,0.5548420809126783,0.5666666666666667,0.0,15.7,46.1,42.7,0.0,0.0,48.2,0.0,123.4477,,,34.1556520407374,False,short_side_not_traded_evidence_only,,,120.015,-2.4963,117.885,-4.2267
2026-09-25,2026-09-25T13:37:52.073484,VKTX,RAPID_DECREASE_CANDIDATE,38.05,-0.756,-0.785,0.029,0.774,10.6702,7,0.6,2.6493607294435724,5,0.5784171657691218,0.65,0.0,30.4,35.3,16.5,0.0,0.0,42.5,0.0,38.566,,,30.81696937367152,False,short_side_not_traded_evidence_only,,,37.18,-2.2865,37.03,-2.6807
2026-09-25,2026-09-25T13:37:52.086012,DOCN,RAPID_DECREASE_CANDIDATE,143.1401,-0.907,-0.936,0.029,0.549,11.1848,7,0.6,2.346717859290326,5,0.4775679175510934,0.7,0.0,26.6,23.0,15.3,0.0,0.0,35.0,0.0,145.1564,,,27.044486995488835,False,short_side_not_traded_evidence_only,,,142.23,-0.6358,140.415,-1.9038
2026-09-25,2026-09-25T13:37:52.099559,MRNA,RAPID_DECREASE_CANDIDATE,194.965,-0.973,-1.002,0.029,1.088,1.5336,7,0.8,3.4552602456525143,5,0.27391039318339055,0.65,0.0,24.9,56.5,40.6,0.0,0.0,52.9,0.0,195.7036,31.0,XLV,37.76371185006853,False,short_side_not_traded_evidence_only,,,193.8329,-0.5807,192.965,-1.0258
2026-09-25,2026-09-25T13:37:52.112481,CLS,RAPID_DECREASE_CANDIDATE,372.56,-0.389,-0.418,0.029,1.0,27.2547,7,0.6,1.9786391496989548,5,0.5801902924324067,0.6166666666666667,0.0,39.5,50.0,43.6,0.0,0.0,50.0,0.0,373.5217,,,39.117362903818204,False,short_side_not_traded_evidence_only,,,375.2,0.7086,373.3202,0.204
2026-09-25,2026-09-25T13:37:52.127049,PANW,RAPID_DECREASE_CANDIDATE,376.8199,-1.539,-1.568,0.029,0.958,11.0159,7,0.2,0.8872751229381676,5,0.49591692375748886,0.65,0.0,10.8,47.1,26.3,0.0,0.0,48.6,0.0,380.4192,6.2,XLK,31.512411494784068,False,short_side_not_traded_evidence_only,,,377.74,0.2442,374.6101,-0.5864
2026-09-25,2026-09-25T13:37:52.141853,DDOG,RAPID_DECREASE_CANDIDATE,271.14,-2.034,-2.063,0.029,1.103,0.6307,7,0.4,1.3311469240348954,5,0.48523081416149766,0.6166666666666667,0.0,0.0,57.7,21.2,0.0,0.0,53.4,0.0,274.3026,0.0,XLK,31.43736633439985,False,short_side_not_traded_evidence_only,,,279.2425,2.9883,273.11,0.7266
2026-09-25,2026-09-25T13:37:55.367204,AKAM,RAPID_DECREASE_CANDIDATE,123.2298,-1.231,-1.26,0.029,0.958,3.2135,6,0.2,0.8641975186964078,5,0.5548420809126783,0.5666666666666667,0.0,18.5,47.0,45.9,0.0,0.0,48.6,0.0,123.433,,,35.23369139582479,False,short_side_not_traded_evidence_only,,,120.015,-2.6088,117.6501,-4.5279
2026-09-25,2026-09-25T13:37:55.379981,VKTX,RAPID_DECREASE_CANDIDATE,38.07,-0.704,-0.733,0.029,0.82,10.6646,6,0.6,2.6493607294435724,5,0.5784171657691218,0.65,0.0,31.7,38.1,17.8,0.0,0.0,44.0,0.0,38.5662,,,31.853540595443715,False,short_side_not_traded_evidence_only,,,37.18,-2.3378,36.951,-2.9393
2026-09-25,2026-09-25T13:37:55.399145,MRNA,RAPID_DECREASE_CANDIDATE,194.9633,-0.974,-1.003,0.029,1.064,1.5336,6,0.8,3.4552602456525143,5,0.27391039318339055,0.65,0.0,24.9,54.7,40.7,0.0,0.0,52.1,0.0,195.6899,30.9,XLV,37.381787973771196,False,short_side_not_traded_evidence_only,,,193.8329,-0.5798,192.6301,-1.1967
2026-09-25,2026-09-25T13:37:55.412587,CLS,RAPID_DECREASE_CANDIDATE,372.59,-0.381,-0.41,0.029,1.0,27.2525,6,0.6,1.9786391496989548,5,0.5801902924324067,0.6166666666666667,0.0,39.8,50.0,43.8,0.0,0.0,50.0,0.0,373.5123,,,39.18438464661302,False,short_side_not_traded_evidence_only,,,375.2,0.7005,374.295,0.4576
2026-09-25,2026-09-25T13:37:55.425813,PANW,RAPID_DECREASE_CANDIDATE,376.37,-1.657,-1.686,0.029,0.968,11.029,6,0.2,0.8872751229381676,5,0.49591692375748886,0.65,0.0,7.9,47.8,23.5,0.0,0.0,48.9,0.0,380.4064,3.3,XLK,30.820052182087235,False,short_side_not_traded_evidence_only,,,377.74,0.364,376.19,-0.0478
2026-09-25,2026-09-25T13:37:55.438509,DDOG,RAPID_DECREASE_CANDIDATE,271.175,-2.022,-2.051,0.029,1.075,0.6195,6,0.4,1.3311469240348954,5,0.48523081416149766,0.6166666666666667,0.0,0.0,55.5,21.6,0.0,0.0,52.5,0.0,274.2908,0.0,XLK,31.019017311331908,False,short_side_not_traded_evidence_only,,,279.2425,2.975,273.07,0.6988
2026-09-25,2026-09-25T13:37:58.690849,AKAM,RAPID_DECREASE_CANDIDATE,123.3685,-1.119,-1.148,0.029,0.971,3.2099,6,0.2,0.8641975186964078,5,0.5548420809126783,0.5666666666666667,0.0,21.3,48.0,49.0,0.0,0.0,49.0,0.0,123.4187,,,36.299813244440706,False,short_side_not_traded_evidence_only,,,120.015,-2.7183,117.6501,-4.6352
2026-09-25,2026-09-25T13:37:58.704591,VKTX,RAPID_DECREASE_CANDIDATE,38.045,-0.769,-0.798,0.029,0.872,10.6716,6,0.6,2.6493607294435724,5,0.5784171657691218,0.65,0.0,30.0,41.4,16.2,0.0,0.0,45.7,0.0,38.5663,,,32.14377739610358,False,short_side_not_traded_evidence_only,,,37.18,-2.2736,36.951,-2.8755
2026-09-25,2026-09-25T13:37:58.718613,MRNA,RAPID_DECREASE_CANDIDATE,195.0377,-0.936,-0.965,0.029,1.042,0.1384,6,0.8,3.4552602456525143,5,0.27391039318339055,0.65,0.0,25.9,53.1,41.8,0.0,0.0,51.4,80.4,195.6766,31.9,XLV,40.657855230624826,False,short_side_not_traded_evidence_only,,,193.8329,-0.6177,192.6301,-1.2344
2026-09-25,2026-09-25T13:37:58.747775,CLS,RAPID_DECREASE_CANDIDATE,372.06,-0.523,-0.552,0.029,1.0,27.2913,6,0.6,1.9786391496989548,5,0.5801902924324067,0.6166666666666667,0.0,36.2,50.0,40.3,0.0,0.0,50.0,0.0,373.5031,,,38.15771467182165,False,short_side_not_traded_evidence_only,,,375.2,0.8439,374.295,0.6007
2026-09-25,2026-09-25T13:37:58.761234,PANW,RAPID_DECREASE_CANDIDATE,376.03,-1.745,-1.774,0.029,0.979,11.039,6,0.2,0.8872751229381676,5,0.49591692375748886,0.65,0.0,5.6,48.5,21.3,0.0,0.0,49.3,0.0,380.3939,1.1,XLK,30.350502110965625,False,short_side_not_traded_evidence_only,,,377.74,0.4548,376.19,0.0425
2026-09-25,2026-09-25T13:37:58.774335,DDOG,RAPID_DECREASE_CANDIDATE,270.33,-2.327,-2.356,0.029,1.049,3.6992,6,0.4,1.3311469240348954,5,0.48523081416149766,0.6166666666666667,0.0,0.0,53.6,14.0,0.0,0.0,51.6,0.0,274.2792,0.0,XLK,29.631428936166007,False,short_side_not_traded_evidence_only,,,279.2425,3.2969,273.07,1.0136
2026-09-25,2026-09-25T13:38:02.110168,AKAM,RAPID_DECREASE_CANDIDATE,123.335,-1.059,-1.069,0.01,1.547,3.2108,6,0.2,0.8641975186964078,5,0.5548420809126783,0.5666666666666667,0.0,23.3,54.0,48.6,0.0,0.0,68.2,0.0,123.4055,,,39.9822276130704,False,short_side_not_traded_evidence_only,,,119.77,-2.8905,117.6501,-4.6093
2026-09-25,2026-09-25T13:38:02.124131,VKTX,RAPID_DECREASE_CANDIDATE,38.0574,-2.292,-2.302,0.01,1.584,10.6681,6,0.6,2.6493607294435724,5,0.5784171657691218,0.65,0.0,0.0,51.0,17.3,0.0,0.0,69.5,0.0,38.5624,,,31.841356163697938,False,short_side_not_traded_evidence_only,,,37.195,-2.2661,36.951,-2.9072
2026-09-25,2026-09-25T13:38:02.138354,DOCN,RAPID_DECREASE_CANDIDATE,144.0558,-1.399,-1.409,0.01,2.34,11.1137,6,0.6,2.346717859290326,5,0.4775679175510934,0.7,0.0,14.8,51.9,31.4,0.0,0.0,94.7,0.0,145.1383,,,39.37098198909535,False,short_side_not_traded_evidence_only,,,141.885,-1.5069,140.14,-2.7183
2026-09-25,2026-09-25T13:38:02.151426,ALAB,RAPID_DECREASE_CANDIDATE,368.055,-0.309,-0.319,0.01,1.253,11.031,6,0.6,3.317699589298841,5,0.590647971752025,0.8,0.0,42.0,50.2,54.7,9.4,0.0,58.4,0.0,367.3623,,,40.83768128666155,False,short_side_not_traded_evidence_only,,,360.9111,-1.941,361.87,-1.6805
2026-09-25,2026-09-25T13:38:02.248245,PANW,RAPID_DECREASE_CANDIDATE,375.45,-0.697,-0.707,0.01,1.245,11.0561,6,0.2,0.8872751229381676,5,0.49591692375748886,0.65,0.0,32.3,51.5,17.7,0.0,0.0,58.2,0.0,380.3588,31.6,XLK,35.95785081908307,False,short_side_not_traded_evidence_only,,,377.465,0.5367,376.19,0.1971
2026-09-25,2026-09-25T13:38:02.261483,DDOG,RAPID_DECREASE_CANDIDATE,269.605,-2.001,-2.011,0.01,0.586,0.8308,6,0.4,1.3311469240348954,5,0.48523081416149766,0.6166666666666667,0.0,0.0,47.9,7.5,0.0,0.0,36.2,0.0,274.2671,0.0,XLK,25.949868606751156,False,short_side_not_traded_evidence_only,,,279.525,3.6795,273.07,1.2852
2026-09-25,2026-09-25T13:38:05.587689,AKAM,RAPID_DECREASE_CANDIDATE,123.545,-0.89,-0.9,0.01,1.524,3.2053,6,0.2,0.8641975186964078,5,0.5548420809126783,0.5666666666666667,0.0,27.5,60.3,53.1,6.2,0.0,67.5,0.0,123.3928,,,41.4304465677928,False,short_side_not_traded_evidence_only,,,119.77,-3.0556,117.6501,-4.7715
2026-09-25,2026-09-25T13:38:05.600463,VKTX,RAPID_DECREASE_CANDIDATE,38.01,-2.413,-2.423,0.01,1.635,3.8937,6,0.6,2.6493607294435724,5,0.5784171657691218,0.65,0.0,0.0,62.7,14.4,0.0,0.0,71.2,0.0,38.5586,,,33.643633016170455,False,short_side_not_traded_evidence_only,,,37.195,-2.1442,36.951,-2.7861
2026-09-25,2026-09-25T13:38:05.613499,DOCN,RAPID_DECREASE_CANDIDATE,144.0558,-1.399,-1.409,0.01,2.539,11.1137,6,0.6,2.346717859290326,5,0.4775679175510934,0.7,0.0,14.8,84.4,31.6,0.0,0.0,100.0,0.0,145.1234,,,45.47802443873668,False,short_side_not_traded_evidence_only,,,141.885,-1.5069,140.14,-2.7183
2026-09-25,2026-09-25T13:38:05.636956,ALAB,RAPID_DECREASE_CANDIDATE,367.78,-0.383,-0.393,0.01,1.275,11.0392,6,0.6,3.317699589298841,5,0.590647971752025,0.8,0.0,40.2,55.3,52.8,5.6,0.0,59.2,0.0,367.372,,,41.70330155099468,False,short_side_not_traded_evidence_only,,,360.9111,-1.8677,361.87,-1.6069
2026-09-25,2026-09-25T13:38:05.649025,PANW,RAPID_DECREASE_CANDIDATE,375.3603,-0.721,-0.731,0.01,1.242,11.0587,6,0.2,0.8872751229381676,5,0.49591692375748886,0.65,0.0,31.7,54.6,17.4,0.0,0.0,58.1,0.0,380.3243,31.0,XLK,36.31642259876758,False,short_side_not_traded_evidence_only,,,377.465,0.5607,376.19,0.221
2026-09-25,2026-09-25T13:38:05.678589,DDOG,RAPID_DECREASE_CANDIDATE,270.3692,-1.723,-1.733,0.01,0.585,0.8026,6,0.4,1.3311469240348954,5,0.48523081416149766,0.6166666666666667,0.0,6.7,42.7,14.6,0.0,0.0,36.2,0.0,274.2551,5.9,XLK,27.064964101827375,False,short_side_not_traded_evidence_only,,,279.525,3.3864,273.07,0.9989
2026-09-25,2026-09-25T13:38:08.903325,AKAM,RAPID_DECREASE_CANDIDATE,123.6418,-0.813,-0.823,0.01,1.481,4.4483,5,0.2,0.8641975186964078,5,0.5548420809126783,0.5666666666666667,0.0,29.4,65.4,55.3,10.6,0.0,66.0,0.0,123.3806,,,42.15391441638263,False,short_side_not_traded_evidence_only,,,119.77,-3.1315,117.6501,-4.846
2026-09-25,2026-09-25T13:38:08.916678,VKTX,RAPID_DECREASE_CANDIDATE,38.0101,-2.413,-2.423,0.01,1.58,3.8411,5,0.6,2.6493607294435724,5,0.5784171657691218,0.65,0.0,0.0,69.0,14.7,0.0,0.0,69.3,0.0,38.5548,,,34.50061572193102,False,short_side_not_traded_evidence_only,,,37.195,-2.1444,36.951,-2.7864
2026-09-25,2026-09-25T13:38:08.930068,DOCN,RAPID_DECREASE_CANDIDATE,143.42,-1.834,-1.844,0.01,2.339,11.163,5,0.6,2.346717859290326,5,0.4775679175510934,0.7,0.0,3.9,100.0,20.9,0.0,0.0,94.6,0.0,145.1088,,,44.25887690366131,False,short_side_not_traded_evidence_only,,,141.885,-1.0703,140.14,-2.287
2026-09-25,2026-09-25T13:38:08.945440,PANW,RAPID_DECREASE_CANDIDATE,376.336,-0.463,-0.473,0.01,1.225,11.03,5,0.2,0.8872751229381676,5,0.49591692375748886,0.65,0.0,38.2,56.9,24.0,0.0,0.0,57.5,0.0,380.2905,37.4,XLK,38.53280324643826,False,short_side_not_traded_evidence_only,,,377.465,0.3,376.19,-0.0388
2026-09-25,2026-09-25T13:38:08.958001,DDOG,RAPID_DECREASE_CANDIDATE,269.955,-1.874,-1.884,0.01,0.599,1.178,5,0.4,1.3311469240348954,5,0.48523081416149766,0.6166666666666667,0.0,2.9,39.0,10.9,0.0,0.0,36.6,0.0,274.2433,2.1,XLK,25.423533246232942,False,short_side_not_traded_evidence_only,,,279.525,3.545,273.07,1.1539
2026-09-25,2026-09-25T13:38:12.179458,AKAM,RAPID_DECREASE_CANDIDATE,123.49,-0.935,-0.945,0.01,1.44,4.4538,6,0.2,0.8641975186964078,5,0.5548420809126783,0.5666666666666667,0.0,26.4,70.6,52.5,4.9,0.0,64.7,0.0,123.3688,,,42.68736847647307,False,short_side_not_traded_evidence_only,,,119.77,-3.0124,117.6501,-4.729
2026-09-25,2026-09-25T13:38:12.196285,VKTX,RAPID_DECREASE_CANDIDATE,38.06,-2.285,-2.295,0.01,1.528,10.6674,6,0.6,2.6493607294435724,5,0.5784171657691218,0.65,0.0,0.0,75.3,18.2,0.0,0.0,67.6,0.0,38.5511,,,35.77319299587246,False,short_side_not_traded_evidence_only,,,37.195,-2.2727,36.951,-2.9138
2026-09-25,2026-09-25T13:38:12.233790,DOCN,RAPID_DECREASE_CANDIDATE,144.08,-1.383,-1.393,0.01,2.168,5.8717,6,0.6,2.346717859290326,5,0.4775679175510934,0.7,0.0,15.2,100.0,32.5,0.0,0.0,88.9,0.0,145.0945,,,46.87750445112557,False,short_side_not_traded_evidence_only,,,141.885,-1.5235,140.14,-2.7346
2026-09-25,2026-09-25T13:38:12.249765,CAI,RAPID_DECREASE_CANDIDATE,32.01,-0.621,-0.631,0.01,0.407,0.7498,6,0.8,2.506946822593982,5,0.5619919636387601,0.7,0.0,34.2,28.5,32.9,0.0,0.0,30.2,0.0,32.2307,,,30.842478326015122,False,short_side_not_traded_evidence_only,,,32.03,0.0625,31.845,-0.5155
2026-09-25,2026-09-25T13:38:12.263531,PANW,RAPID_DECREASE_CANDIDATE,376.245,-0.487,-0.497,0.01,1.209,11.0327,6,0.2,0.8872751229381676,5,0.49591692375748886,0.65,0.0,37.6,59.2,23.6,0.0,0.0,57.0,0.0,380.2573,36.8,XLK,38.70137457536185,False,short_side_not_traded_evidence_only,,,377.465,0.3243,376.19,-0.0146
2026-09-25,2026-09-25T13:38:12.275766,DDOG,RAPID_DECREASE_CANDIDATE,270.76,-1.581,-1.591,0.01,0.613,0.7904,6,0.4,1.3311469240348954,5,0.48523081416149766,0.6166666666666667,0.0,10.2,35.3,18.4,0.0,0.0,37.1,0.0,274.2315,9.5,XLK,27.021280103969833,False,short_side_not_traded_evidence_only,,,279.525,3.2372,273.07,0.8532
2026-09-25,2026-09-25T13:38:15.487644,AKAM,RAPID_DECREASE_CANDIDATE,123.23,-1.143,-1.153,0.01,1.401,4.4632,8,0.2,0.8641975186964078,5,0.5548420809126783,0.5666666666666667,0.0,21.2,75.7,47.4,0.0,0.0,63.4,0.0,123.3575,,,42.50003969502988,False,short_side_not_traded_evidence_only,,,119.77,-2.8078,117.6501,-4.528
2026-09-25,2026-09-25T13:38:15.501923,VKTX,RAPID_DECREASE_CANDIDATE,38.06,-2.285,-2.295,0.01,1.479,10.6674,8,0.6,2.6493607294435724,5,0.5784171657691218,0.65,0.0,0.0,81.7,18.4,0.0,0.0,66.0,0.0,38.5474,,,36.65323895689961,False,short_side_not_traded_evidence_only,,,37.195,-2.2727,36.951,-2.9138
2026-09-25,2026-09-25T13:38:15.555675,DOCN,RAPID_DECREASE_CANDIDATE,143.5,-1.78,-1.79,0.01,2.021,5.8955,8,0.6,2.346717859290326,5,0.4775679175510934,0.7,0.0,5.2,100.0,22.8,0.0,0.0,84.0,0.0,145.0805,,,43.39154816219704,False,short_side_not_traded_evidence_only,,,141.885,-1.1254,140.14,-2.3415
2026-09-25,2026-09-25T13:38:15.573850,MRNA,RAPID_DECREASE_CANDIDATE,194.0801,-0.627,-0.637,0.01,0.379,4.8846,8,0.8,3.4552602456525143,5,0.27391039318339055,0.65,0.0,34.1,21.4,29.8,0.0,0.0,29.3,0.0,195.6586,41.7,XLV,29.143010419830585,False,short_side_not_traded_evidence_only,,,194.0,-0.0413,192.6301,-0.7471
2026-09-25,2026-09-25T13:38:15.589463,CAI,RAPID_DECREASE_CANDIDATE,32.05,-0.497,-0.507,0.01,0.423,0.78,8,0.8,2.506946822593982,5,0.5619919636387601,0.7,0.0,37.3,23.1,36.0,0.0,0.0,30.8,0.0,32.2303,,,30.921688463705575,False,short_side_not_traded_evidence_only,,,32.03,-0.0624,31.845,-0.6396
2026-09-25,2026-09-25T13:38:15.640609,ALAB,RAPID_DECREASE_CANDIDATE,367.77,-0.386,-0.396,0.01,1.219,6.4415,8,0.6,3.317699589298841,5,0.590647971752025,0.8,0.0,40.1,63.1,52.5,5.0,0.0,57.3,0.0,367.3998,,,42.80280047824655,False,short_side_not_traded_evidence_only,,,360.9111,-1.865,361.87,-1.6043
2026-09-25,2026-09-25T13:38:15.659068,PANW,RAPID_DECREASE_CANDIDATE,375.68,-0.636,-0.646,0.01,1.193,11.0493,8,0.2,0.8872751229381676,5,0.49591692375748886,0.65,0.0,33.8,61.5,20.1,0.0,0.0,56.4,0.0,380.2246,33.1,XLK,37.959049979800554,False,short_side_not_traded_evidence_only,,,377.465,0.4751,376.19,0.1358
2026-09-25,2026-09-25T13:38:15.677230,DDOG,RAPID_DECREASE_CANDIDATE,271.13,-1.447,-1.457,0.01,0.629,0.6897,8,0.4,1.3311469240348954,5,0.48523081416149766,0.6166666666666667,0.0,13.6,31.6,21.8,0.0,0.0,37.6,0.0,274.2199,12.8,XLK,27.46909666028943,False,short_side_not_traded_evidence_only,,,279.525,3.0963,273.07,0.7155
2026-09-25,2026-09-25T13:38:18.851207,AKAM,RAPID_DECREASE_CANDIDATE,123.25,-1.127,-1.137,0.01,1.365,4.4625,8,0.2,0.8641975186964078,5,0.5548420809126783,0.5666666666666667,0.0,21.6,80.9,48.0,0.0,0.0,62.2,0.0,123.3466,,,43.35295654209358,False,short_side_not_traded_evidence_only,,,119.77,-2.8235,117.6501,-4.5435
2026-09-25,2026-09-25T13:38:18.864536,VKTX,RAPID_DECREASE_CANDIDATE,38.22,-1.874,-1.884,0.01,1.433,10.6227,8,0.6,2.6493607294435724,5,0.5784171657691218,0.65,0.0,2.9,88.0,29.0,0.0,0.0,64.4,0.0,38.5439,,,39.325782948007884,False,short_side_not_traded_evidence_only,,,37.195,-2.6818,36.951,-3.3203
2026-09-25,2026-09-25T13:38:18.877280,DOCN,RAPID_DECREASE_CANDIDATE,143.22,-1.971,-1.981,0.01,1.892,5.6207,8,0.6,2.346717859290326,5,0.4775679175510934,0.7,0.0,0.5,100.0,18.2,0.0,0.0,79.7,0.0,145.0667,,,41.48436327301498,False,short_side_not_traded_evidence_only,,,141.885,-0.9321,140.14,-2.1505
2026-09-25,2026-09-25T13:38:18.889950,MRNA,RAPID_DECREASE_CANDIDATE,194.33,-0.499,-0.509,0.01,0.396,4.8937,8,0.8,3.4552602456525143,5,0.27391039318339055,0.65,0.0,37.3,15.7,33.1,0.0,0.0,29.9,0.0,195.6551,44.9,XLV,29.199700001227864,False,short_side_not_traded_evidence_only,,,194.0,-0.1698,192.6301,-0.8747
2026-09-25,2026-09-25T13:38:18.926989,CAI,RAPID_DECREASE_CANDIDATE,32.05,-0.497,-0.507,0.01,0.44,0.78,8,0.8,2.506946822593982,5,0.5619919636387601,0.7,0.0,37.3,17.7,36.0,0.0,0.0,31.3,0.0,32.2299,,,30.100542098847658,False,short_side_not_traded_evidence_only,,,32.03,-0.0624,31.845,-0.6396
2026-09-25,2026-09-25T13:38:18.943190,CLS,RAPID_DECREASE_CANDIDATE,371.6359,-0.363,-0.373,0.01,0.867,27.3224,8,0.6,1.9786391496989548,5,0.5801902924324067,0.6166666666666667,0.0,40.7,41.0,38.0,0.0,0.0,45.6,0.0,373.4355,,,36.55452330311577,False,short_side_not_traded_evidence_only,,,374.575,0.7909,374.295,0.7155
2026-09-25,2026-09-25T13:38:18.956137,PANW,RAPID_DECREASE_CANDIDATE,376.15,-0.512,-0.522,0.01,1.178,11.0355,8,0.2,0.8872751229381676,5,0.49591692375748886,0.65,0.0,37.0,63.8,23.4,0.0,0.0,55.9,0.0,380.1926,36.2,XLK,39.20856918072319,False,short_side_not_traded_evidence_only,,,377.465,0.3496,376.19,0.0106
2026-09-25,2026-09-25T13:38:18.968638,DDOG,RAPID_DECREASE_CANDIDATE,271.91,-1.163,-1.173,0.01,0.645,0.6951,8,0.4,1.3311469240348954,5,0.48523081416149766,0.6166666666666667,0.0,20.7,28.0,29.0,0.0,0.0,38.2,0.0,274.2083,19.9,XLK,29.009087064984005,False,short_side_not_traded_evidence_only,,,279.525,2.8006,273.07,0.4266
2026-09-25,2026-09-25T13:38:22.210744,AKAM,RAPID_DECREASE_CANDIDATE,123.29,-1.095,-1.105,0.01,1.33,4.461,7,0.2,0.8641975186964078,5,0.5548420809126783,0.5666666666666667,0.0,22.4,77.5,49.1,0.0,0.0,61.0,0.0,123.3361,,,42.89878820263824,False,short_side_not_traded_evidence_only,,,119.77,-2.8551,117.6501,-4.5745
2026-09-25,2026-09-25T13:38:22.234543,VKTX,RAPID_DECREASE_CANDIDATE,38.135,-2.092,-2.102,0.01,1.39,10.6464,7,0.6,2.6493607294435724,5,0.5784171657691218,0.65,0.0,0.0,83.5,23.7,0.0,0.0,63.0,0.0,38.5404,,,37.24735088223489,False,short_side_not_traded_evidence_only,,,37.195,-2.4649,36.951,-3.1048
2026-09-25,2026-09-25T13:38:22.258402,DOCN,RAPID_DECREASE_CANDIDATE,143.22,-1.971,-1.981,0.01,1.779,5.6207,7,0.6,2.346717859290326,5,0.4775679175510934,0.7,0.0,0.5,100.0,18.4,0.0,0.0,76.0,0.0,145.0532,,,41.04223259090308,False,short_side_not_traded_evidence_only,,,141.885,-0.9321,140.14,-2.1505
2026-09-25,2026-09-25T13:38:22.271043,MRNA,RAPID_DECREASE_CANDIDATE,194.34,-0.494,-0.504,0.01,0.414,4.8935,7,0.8,3.4552602456525143,5,0.27391039318339055,0.65,0.0,37.4,16.5,33.2,0.0,0.0,30.5,0.0,195.6516,45.0,XLV,29.451940566314494,False,short_side_not_traded_evidence_only,,,194.0,-0.175,192.6301,-0.8798
2026-09-25,2026-09-25T13:38:22.304307,TTAN,RAPID_DECREASE_CANDIDATE,59.3,-0.537,-0.547,0.01,0.273,2.9342,7,0.6,0.9104973326095207,5,0.5993909685086114,0.7,0.0,36.3,10.4,35.7,0.0,0.0,25.8,0.0,59.6413,,,27.970064808782052,False,short_side_not_traded_evidence_only,,,60.255,1.6105,59.635,0.5649
2026-09-25,2026-09-25T13:38:22.317036,PANW,RAPID_DECREASE_CANDIDATE,375.805,-0.603,-0.613,0.01,1.163,11.0456,7,0.2,0.8872751229381676,5,0.49591692375748886,0.65,0.0,34.7,62.6,21.4,0.0,0.0,55.4,0.0,380.1611,33.9,XLK,38.30354715341651,False,short_side_not_traded_evidence_only,,,377.465,0.4417,376.19,0.1024
2026-09-25,2026-09-25T13:38:22.332555,DDOG,RAPID_DECREASE_CANDIDATE,271.705,-1.238,-1.248,0.01,0.661,0.703,7,0.4,1.3311469240348954,5,0.48523081416149766,0.6166666666666667,0.0,18.8,28.9,27.3,0.0,0.0,38.7,0.0,274.1969,18.1,XLK,28.694023210198363,False,short_side_not_traded_evidence_only,,,279.525,2.8781,273.07,0.5024
2026-09-25,2026-09-25T13:38:25.552880,AKAM,RAPID_DECREASE_CANDIDATE,123.35,-1.047,-1.057,0.01,1.297,2.6753,7,0.2,0.8641975186964078,5,0.5548420809126783,0.5666666666666667,0.0,23.6,74.3,50.5,1.0,0.0,59.9,0.0,123.3259,,,42.4934069686315,False,short_side_not_traded_evidence_only,,,119.77,-2.9023,117.6501,-4.6209
2026-09-25,2026-09-25T13:38:25.571507,VKTX,RAPID_DECREASE_CANDIDATE,38.21,-1.9,-1.91,0.01,1.35,10.6255,7,0.6,2.6493607294435724,5,0.5784171657691218,0.65,0.0,2.2,79.4,28.8,0.0,0.0,61.7,0.0,38.537,,,37.41045421095033,False,short_side_not_traded_evidence_only,,,37.195,-2.6564,36.951,-3.2949
2026-09-25,2026-09-25T13:38:25.584006,DOCN,RAPID_DECREASE_CANDIDATE,143.17,-2.005,-2.015,0.01,1.678,5.6227,7,0.6,2.346717859290326,5,0.4775679175510934,0.7,0.0,0.0,100.0,17.8,0.0,0.0,72.6,0.0,145.04,,,40.462662825131744,False,short_side_not_traded_evidence_only,,,141.885,-0.8975,140.14,-2.1164
2026-09-25,2026-09-25T13:38:25.596993,MRNA,RAPID_DECREASE_CANDIDATE,194.205,-0.563,-0.573,0.01,0.433,4.763,7,0.8,3.4552602456525143,5,0.27391039318339055,0.65,0.0,35.7,17.4,31.6,0.0,0.0,31.1,0.0,195.6482,43.3,XLV,29.18301049021692,False,short_side_not_traded_evidence_only,,,194.0,-0.1056,192.6301,-0.8109
2026-09-25,2026-09-25T13:38:25.613541,TTAN,RAPID_DECREASE_CANDIDATE,59.3,-0.537,-0.547,0.01,0.289,2.9174,7,0.6,0.9104973326095207,5,0.5993909685086114,0.7,0.0,36.3,11.1,35.7,0.0,0.0,26.3,0.0,59.641,,,28.150934262922448,False,short_side_not_traded_evidence_only,,,60.255,1.6105,59.635,0.5649
2026-09-25,2026-09-25T13:38:25.628061,PANW,RAPID_DECREASE_CANDIDATE,375.805,-0.603,-0.613,0.01,1.149,11.0456,7,0.2,0.8872751229381676,5,0.49591692375748886,0.65,0.0,34.7,61.4,21.6,0.0,0.0,55.0,0.0,380.1302,33.9,XLK,38.0727751794428,False,short_side_not_traded_evidence_only,,,377.465,0.4417,376.19,0.1024
2026-09-25,2026-09-25T13:38:25.648222,DDOG,RAPID_DECREASE_CANDIDATE,271.1,-1.458,-1.468,0.01,0.679,0.7045,7,0.4,1.3311469240348954,5,0.48523081416149766,0.6166666666666667,0.0,13.3,29.8,21.9,0.0,0.0,39.3,0.0,274.1855,12.5,XLK,27.33727239923034,False,short_side_not_traded_evidence_only,,,279.525,3.1077,273.07,0.7267
2026-09-25,2026-09-25T13:38:28.850792,AKAM,RAPID_DECREASE_CANDIDATE,123.04,-1.296,-1.306,0.01,1.266,4.4701,7,0.2,0.8641975186964078,5,0.5548420809126783,0.5666666666666667,0.0,17.4,71.4,44.4,0.0,0.0,58.9,0.0,123.3161,,,40.20553945158878,False,short_side_not_traded_evidence_only,,,119.77,-2.6577,117.6501,-4.3806
2026-09-25,2026-09-25T13:38:28.863599,VKTX,RAPID_DECREASE_CANDIDATE,38.185,-1.964,-1.974,0.01,1.311,10.6324,7,0.6,2.6493607294435724,5,0.5784171657691218,0.65,0.0,0.6,75.7,27.4,0.0,0.0,60.4,0.0,38.5336,,,36.18822248474344,False,short_side_not_traded_evidence_only,,,37.195,-2.5926,36.951,-3.2316
2026-09-25,2026-09-25T13:38:28.876576,DOCN,RAPID_DECREASE_CANDIDATE,142.635,-2.372,-2.382,0.01,1.588,1.0166,7,0.6,2.346717859290326,5,0.4775679175510934,0.7,0.0,0.0,100.0,8.8,0.0,0.0,69.6,0.0,145.027,,,38.96248144824548,False,short_side_not_traded_evidence_only,,,141.885,-0.5258,140.14,-1.7492
2026-09-25,2026-09-25T13:38:28.890212,MRNA,RAPID_DECREASE_CANDIDATE,194.49,-0.417,-0.427,0.01,0.455,4.8486,7,0.8,3.4552602456525143,5,0.27391039318339055,0.65,0.0,39.3,18.4,35.2,0.0,0.0,31.8,0.0,195.6447,46.9,XLV,30.510385737949537,False,short_side_not_traded_evidence_only,,,194.0,-0.2519,192.6301,-0.9563
2026-09-25,2026-09-25T13:38:28.901883,TTAN,RAPID_DECREASE_CANDIDATE,59.3,-0.537,-0.547,0.01,0.307,14.941,7,0.6,0.9104973326095207,5,0.5993909685086114,0.7,0.0,36.3,11.8,35.7,0.0,0.0,26.9,0.0,59.6406,,,28.35572935295019,False,short_side_not_traded_evidence_only,,,60.255,1.6105,59.635,0.5649
2026-09-25,2026-09-25T13:38:28.916978,PANW,RAPID_DECREASE_CANDIDATE,376.05,-0.539,-0.549,0.01,1.135,5.0844,7,0.2,0.8872751229381676,5,0.49591692375748886,0.65,0.0,36.3,60.2,23.4,0.0,0.0,54.5,0.0,380.0997,35.5,XLK,38.317017567576265,False,short_side_not_traded_evidence_only,,,377.465,0.3763,376.19,0.0372
2026-09-25,2026-09-25T13:38:28.929334,DDOG,RAPID_DECREASE_CANDIDATE,271.89,-1.17,-1.18,0.01,0.698,3.9244,7,0.4,1.3311469240348954,5,0.48523081416149766,0.6166666666666667,0.0,20.5,30.9,29.2,0.0,0.0,39.9,0.0,274.1743,19.8,XLK,29.702423396417295,False,short_side_not_traded_evidence_only,,,279.525,2.8081,273.07,0.434
2026-09-25,2026-09-25T13:38:32.140333,AKAM,RAPID_DECREASE_CANDIDATE,122.7,-1.568,-1.578,0.01,1.236,2.5509,7,0.2,0.8641975186964078,5,0.5548420809126783,0.5666666666666667,0.0,10.5,68.8,37.7,0.0,0.0,57.9,0.0,123.3066,,,37.663045930038685,False,short_side_not_traded_evidence_only,,,119.77,-2.3879,117.6501,-4.1156
2026-09-25,2026-09-25T13:38:32.152330,VKTX,RAPID_DECREASE_CANDIDATE,38.135,-2.092,-2.102,0.01,1.275,10.6464,7,0.6,2.6493607294435724,5,0.5784171657691218,0.65,0.0,0.0,72.3,24.4,0.0,0.0,59.2,0.0,38.5303,,,34.988578585406934,False,short_side_not_traded_evidence_only,,,37.195,-2.4649,36.951,-3.1048
2026-09-25,2026-09-25T13:38:32.167259,DOCN,RAPID_DECREASE_CANDIDATE,143.0,-2.122,-2.132,0.01,1.508,1.014,7,0.6,2.346717859290326,5,0.4775679175510934,0.7,0.0,0.0,96.4,15.3,0.0,0.0,66.9,0.0,145.0142,,,38.835774765211596,False,short_side_not_traded_evidence_only,,,141.885,-0.7797,140.14,-2.0
2026-09-25,2026-09-25T13:38:32.180098,MRNA,RAPID_DECREASE_CANDIDATE,194.35,-0.489,-0.499,0.01,0.478,1.8986,7,0.8,3.4552602456525143,5,0.27391039318339055,0.65,0.0,37.5,19.6,33.5,0.0,0.0,32.6,0.0,195.6414,45.1,XLV,30.27501147873866,False,short_side_not_traded_evidence_only,,,194.0,-0.1801,192.6301,-0.8849
2026-09-25,2026-09-25T13:38:32.198472,TTAN,RAPID_DECREASE_CANDIDATE,59.435,-0.31,-0.32,0.01,0.328,14.907,7,0.6,0.9104973326095207,5,0.5993909685086114,0.7,0.0,42.0,12.7,41.4,0.0,0.0,27.6,0.0,59.6403,,,30.24530542474135,False,short_side_not_traded_evidence_only,,,60.255,1.3797,59.635,0.3365
2026-09-25,2026-09-25T13:38:32.211530,PANW,RAPID_DECREASE_CANDIDATE,375.9641,-0.561,-0.571,0.01,1.121,5.0856,7,0.2,0.8872751229381676,5,0.49591692375748886,0.65,0.0,35.7,59.1,23.0,0.0,0.0,54.0,0.0,380.0699,35.0,XLK,37.937415229233956,False,short_side_not_traded_evidence_only,,,377.465,0.3992,376.19,0.0601
2026-09-25,2026-09-25T13:38:32.226484,DDOG,RAPID_DECREASE_CANDIDATE,271.84,-1.189,-1.199,0.01,0.717,3.9251,7,0.4,1.3311469240348954,5,0.48523081416149766,0.6166666666666667,0.0,20.0,32.0,28.8,0.0,0.0,40.6,0.0,274.1632,19.3,XLK,29.843360829685437,False,short_side_not_traded_evidence_only,,,279.525,2.827,273.07,0.4525
2026-09-25,2026-09-25T13:38:35.410369,AKAM,RAPID_DECREASE_CANDIDATE,122.7,-1.568,-1.578,0.01,1.207,4.4825,7,0.2,0.8641975186964078,5,0.5548420809126783,0.5666666666666667,0.0,10.5,66.3,37.9,0.0,0.0,56.9,0.0,123.2974,,,37.15115297034677,False,short_side_not_traded_evidence_only,,,119.77,-2.3879,117.6501,-4.1156
2026-09-25,2026-09-25T13:38:35.430224,VKTX,RAPID_DECREASE_CANDIDATE,38.0875,-2.214,-2.224,0.01,1.241,10.6597,7,0.6,2.6493607294435724,5,0.5784171657691218,0.65,0.0,0.0,69.2,21.5,0.0,0.0,58.0,0.0,38.5271,,,33.97332744244709,False,short_side_not_traded_evidence_only,,,37.195,-2.3433,36.951,-2.9839
2026-09-25,2026-09-25T13:38:35.444909,DOCN,RAPID_DECREASE_CANDIDATE,142.635,-2.372,-2.382,0.01,1.435,7.3124,7,0.6,2.346717859290326,5,0.4775679175510934,0.7,0.0,0.0,88.2,9.2,0.0,0.0,64.5,0.0,145.0017,,,36.408893576682864,False,short_side_not_traded_evidence_only,,,141.885,-0.5258,140.14,-1.7492
2026-09-25,2026-09-25T13:38:35.459986,MRNA,RAPID_DECREASE_CANDIDATE,194.63,-0.346,-0.356,0.01,0.505,5.0095,7,0.8,3.4552602456525143,5,0.27391039318339055,0.65,0.0,41.1,20.8,37.1,0.0,0.0,33.5,0.0,195.638,48.7,XLV,31.64722117577077,False,short_side_not_traded_evidence_only,,,194.0,-0.3237,192.6301,-1.0275
2026-09-25,2026-09-25T13:38:35.478281,TTAN,RAPID_DECREASE_CANDIDATE,59.435,-0.31,-0.32,0.01,0.351,14.907,7,0.6,0.9104973326095207,5,0.5993909685086114,0.7,0.0,42.0,13.8,41.4,0.0,0.0,28.4,0.0,59.64,,,30.51371549237359,False,short_side_not_traded_evidence_only,,,60.255,1.3797,59.635,0.3365
2026-09-25,2026-09-25T13:38:35.490865,PANW,RAPID_DECREASE_CANDIDATE,374.72,-0.89,-0.9,0.01,1.108,5.1025,7,0.2,0.8872751229381676,5,0.49591692375748886,0.65,0.0,27.5,58.1,15.0,0.0,0.0,53.6,0.0,380.0405,26.8,XLK,35.33660148940836,False,short_side_not_traded_evidence_only,,,377.465,0.7325,376.19,0.3923
2026-09-25,2026-09-25T13:38:35.504611,DDOG,RAPID_DECREASE_CANDIDATE,271.77,-1.214,-1.224,0.01,0.738,3.8378,7,0.4,1.3311469240348954,5,0.48523081416149766,0.6166666666666667,0.0,19.4,33.2,28.3,0.0,0.0,41.3,0.0,274.1521,18.6,XLK,29.958564361218468,False,short_side_not_traded_evidence_only,,,279.525,2.8535,273.07,0.4783
2026-09-25,2026-09-25T13:38:38.670626,AKAM,RAPID_DECREASE_CANDIDATE,122.855,-1.444,-1.454,0.01,1.18,2.4989,8,0.2,0.8641975186964078,5,0.5548420809126783,0.5666666666666667,0.0,13.6,64.0,41.2,0.0,0.0,56.0,0.0,123.2885,,,37.58529241572448,False,short_side_not_traded_evidence_only,,,119.77,-2.5111,117.6501,-4.2366
2026-09-25,2026-09-25T13:38:38.684654,VKTX,RAPID_DECREASE_CANDIDATE,38.2199,-1.874,-1.884,0.01,1.209,10.6227,8,0.6,2.6493607294435724,5,0.5784171657691218,0.65,0.0,2.9,66.4,30.3,0.0,0.0,57.0,0.0,38.5239,,,34.95063597237565,False,short_side_not_traded_evidence_only,,,37.195,-2.6816,36.951,-3.32
2026-09-25,2026-09-25T13:38:38.697989,DOCN,RAPID_DECREASE_CANDIDATE,142.73,-2.307,-2.317,0.01,1.369,7.1744,8,0.6,2.346717859290326,5,0.4775679175510934,0.7,0.0,0.0,81.3,11.0,0.0,0.0,62.3,0.0,144.9895,,,35.21516923157573,False,short_side_not_traded_evidence_only,,,141.885,-0.592,140.14,-1.8146
2026-09-25,2026-09-25T13:38:38.712048,MRNA,RAPID_DECREASE_CANDIDATE,194.535,-0.394,-0.404,0.01,0.534,5.012,8,0.8,3.4552602456525143,5,0.27391039318339055,0.65,0.0,39.9,22.3,35.9,0.0,0.0,34.5,0.0,195.6347,47.5,XLV,31.662191079430798,False,short_side_not_traded_evidence_only,,,194.0,-0.275,192.6301,-0.9792
2026-09-25,2026-09-25T13:38:38.725122,CAI,RAPID_DECREASE_CANDIDATE,32.01,-0.621,-0.631,0.01,0.579,7.5914,8,0.8,2.506946822593982,5,0.5619919636387601,0.7,0.0,34.2,24.5,33.1,0.0,0.0,36.0,0.0,32.2274,,,30.929232650453365,False,short_side_not_traded_evidence_only,,,32.03,0.0625,31.845,-0.5155
2026-09-25,2026-09-25T13:38:38.742761,TTAN,RAPID_DECREASE_CANDIDATE,59.435,-0.31,-0.32,0.01,0.379,14.8734,8,0.6,0.9104973326095207,5,0.5993909685086114,0.7,0.0,42.0,15.0,41.4,0.0,0.0,29.3,0.0,59.6396,,,30.83288554456571,False,short_side_not_traded_evidence_only,,,60.255,1.3797,59.635,0.3365
2026-09-25,2026-09-25T13:38:38.756882,PANW,RAPID_DECREASE_CANDIDATE,375.5494,-0.671,-0.681,0.01,1.095,4.8462,8,0.2,0.8872751229381676,5,0.49591692375748886,0.65,0.0,33.0,57.0,20.6,0.0,0.0,53.2,0.0,380.0116,32.2,XLK,36.72992254930217,False,short_side_not_traded_evidence_only,,,377.465,0.5101,376.19,0.1706
2026-09-25,2026-09-25T13:38:38.769580,DDOG,RAPID_DECREASE_CANDIDATE,271.5784,-1.284,-1.294,0.01,0.76,3.708,8,0.4,1.3311469240348954,5,0.48523081416149766,0.6166666666666667,0.0,17.6,34.5,26.6,0.0,0.0,42.0,0.0,274.1412,16.9,XLK,29.767161125950867,False,short_side_not_traded_evidence_only,,,279.525,2.9261,273.07,0.5492
2026-09-25,2026-09-25T13:38:42.005189,AKAM,RAPID_DECREASE_CANDIDATE,122.57,-1.673,-1.683,0.01,1.154,2.4394,8,0.2,0.8641975186964078,5,0.5548420809126783,0.5666666666666667,0.0,7.9,61.8,35.6,0.0,0.0,55.1,0.0,123.2799,,,35.462738087241576,False,short_side_not_traded_evidence_only,,,119.77,-2.2844,117.6501,-4.014
2026-09-25,2026-09-25T13:38:42.018521,VKTX,RAPID_DECREASE_CANDIDATE,38.13,-2.105,-2.115,0.01,1.178,10.6478,8,0.6,2.6493607294435724,5,0.5784171657691218,0.65,0.0,0.0,63.8,24.6,0.0,0.0,55.9,0.0,38.5208,,,33.19888912022739,False,short_side_not_traded_evidence_only,,,37.195,-2.4521,36.951,-3.0921
2026-09-25,2026-09-25T13:38:42.037253,DOCN,RAPID_DECREASE_CANDIDATE,143.1699,-2.006,-2.016,0.01,1.308,7.1523,8,0.6,2.346717859290326,5,0.4775679175510934,0.7,0.0,0.0,75.4,18.8,0.0,0.0,60.3,0.0,144.9774,,,34.95204635681585,False,short_side_not_traded_evidence_only,,,141.885,-0.8975,140.14,-2.1163
2026-09-25,2026-09-25T13:38:42.053565,MRNA,RAPID_DECREASE_CANDIDATE,194.55,-0.387,-0.397,0.01,0.567,5.0373,8,0.8,3.4552602456525143,5,0.27391039318339055,0.65,0.0,40.1,23.9,36.2,0.0,0.0,35.6,0.0,195.6314,47.7,XLV,32.13451036847877,False,short_side_not_traded_evidence_only,,,194.0,-0.2827,192.6301,-0.9868
2026-09-25,2026-09-25T13:38:42.066560,CAI,RAPID_DECREASE_CANDIDATE,32.01,-0.621,-0.631,0.01,0.611,7.5914,8,0.8,2.506946822593982,5,0.5619919636387601,0.7,0.0,34.2,26.2,33.2,0.0,0.0,37.0,0.0,32.227,,,31.344502055260502,False,short_side_not_traded_evidence_only,,,32.03,0.0625,31.845,-0.5155
2026-09-25,2026-09-25T13:38:42.081001,TTAN,RAPID_DECREASE_CANDIDATE,59.28,-0.57,-0.58,0.01,0.411,0.5904,8,0.6,0.9104973326095207,5,0.5993909685086114,0.7,0.0,35.5,16.4,34.9,0.0,0.0,30.4,0.0,59.6393,,,29.311765507023065,False,short_side_not_traded_evidence_only,,,60.255,1.6447,59.635,0.5989
2026-09-25,2026-09-25T13:38:42.094448,PANW,RAPID_DECREASE_CANDIDATE,375.03,-0.808,-0.818,0.01,1.082,4.8529,8,0.2,0.8872751229381676,5,0.49591692375748886,0.65,0.0,29.5,56.1,17.4,0.0,0.0,52.7,0.0,379.9832,28.8,XLK,35.536268529290986,False,short_side_not_traded_evidence_only,,,377.465,0.6493,376.19,0.3093
2026-09-25,2026-09-25T13:38:42.108200,DDOG,RAPID_DECREASE_CANDIDATE,271.55,-1.294,-1.304,0.01,0.784,3.6789,8,0.4,1.3311469240348954,5,0.48523081416149766,0.6166666666666667,0.0,17.4,35.9,26.5,0.0,0.0,42.8,0.0,274.1303,16.6,XLK,30.037337354139176,False,short_side_not_traded_evidence_only,,,279.525,2.9368,273.07,0.5597
2026-09-25,2026-09-25T13:38:45.296183,AKAM,RAPID_DECREASE_CANDIDATE,122.2701,-1.913,-1.923,0.01,1.129,2.1673,7,0.2,0.8641975186964078,5,0.5548420809126783,0.5666666666666667,0.0,1.9,59.8,29.7,0.0,0.0,54.3,0.0,123.2716,,,33.28340419515206,False,short_side_not_traded_evidence_only,,,119.77,-2.0447,117.6501,-3.7785
2026-09-25,2026-09-25T13:38:45.311746,VKTX,RAPID_DECREASE_CANDIDATE,38.095,-2.195,-2.205,0.01,1.149,10.6576,7,0.6,2.6493607294435724,5,0.5784171657691218,0.65,0.0,0.0,61.4,22.6,0.0,0.0,55.0,0.0,38.5177,,,32.41658031643119,False,short_side_not_traded_evidence_only,,,37.195,-2.3625,36.951,-3.003
2026-09-25,2026-09-25T13:38:45.330596,DOCN,RAPID_DECREASE_CANDIDATE,143.1362,-2.029,-2.039,0.01,1.253,7.154,7,0.6,2.346717859290326,5,0.4775679175510934,0.7,0.0,0.0,70.3,18.5,0.0,0.0,58.4,0.0,144.9656,,,33.82562017573812,False,short_side_not_traded_evidence_only,,,141.885,-0.8741,140.14,-2.0933
2026-09-25,2026-09-25T13:38:45.348603,MRNA,RAPID_DECREASE_CANDIDATE,194.5102,-0.407,-0.417,0.01,0.605,5.0434,7,0.8,3.4552602456525143,5,0.27391039318339055,0.65,0.0,39.6,25.8,35.7,0.0,0.0,36.8,0.0,195.6281,47.2,XLV,32.4720940408586,False,short_side_not_traded_evidence_only,,,194.0,-0.2623,192.6301,-0.9666
2026-09-25,2026-09-25T13:38:45.362844,TTAN,RAPID_DECREASE_CANDIDATE,59.28,-0.57,-0.58,0.01,0.448,0.5735,7,0.6,0.9104973326095207,5,0.5993909685086114,0.7,0.0,35.5,18.1,35.0,0.0,0.0,31.6,0.0,59.639,,,29.757820765228274,False,short_side_not_traded_evidence_only,,,60.255,1.6447,59.635,0.5989
2026-09-25,2026-09-25T13:38:45.376159,PANW,RAPID_DECREASE_CANDIDATE,375.424,-0.704,-0.714,0.01,1.069,4.8479,7,0.2,0.8872751229381676,5,0.49591692375748886,0.65,0.0,32.2,55.1,20.2,0.0,0.0,52.3,0.0,379.9552,31.4,XLK,36.10318139461358,False,short_side_not_traded_evidence_only,,,377.465,0.5437,376.19,0.204
2026-09-25,2026-09-25T13:38:45.388956,DDOG,RAPID_DECREASE_CANDIDATE,271.3854,-1.354,-1.364,0.01,0.809,4.9118,7,0.4,1.3311469240348954,5,0.48523081416149766,0.6166666666666667,0.0,15.9,37.4,25.1,0.0,0.0,43.6,0.0,274.1196,15.1,XLK,29.967482805126966,False,short_side_not_traded_evidence_only,,,279.525,2.9993,273.07,0.6207
2026-09-25,2026-09-25T13:38:48.568242,AKAM,RAPID_DECREASE_CANDIDATE,122.27,-1.913,-1.923,0.01,1.106,2.29,7,0.2,0.8641975186964078,5,0.5548420809126783,0.5666666666666667,0.0,1.9,57.9,29.8,0.0,0.0,53.5,0.0,123.2635,,,32.89293208553167,False,short_side_not_traded_evidence_only,,,119.77,-2.0447,117.6501,-3.7784
2026-09-25,2026-09-25T13:38:48.604880,VKTX,RAPID_DECREASE_CANDIDATE,38.095,-2.195,-2.205,0.01,1.121,10.6576,7,0.6,2.6493607294435724,5,0.5784171657691218,0.65,0.0,0.0,59.1,22.8,0.0,0.0,54.0,0.0,38.5147,,,31.951263566436175,False,short_side_not_traded_evidence_only,,,37.195,-2.3625,36.951,-3.003
2026-09-25,2026-09-25T13:38:48.617426,DOCN,RAPID_DECREASE_CANDIDATE,142.87,-2.211,-2.221,0.01,1.202,7.1674,7,0.6,2.346717859290326,5,0.4775679175510934,0.7,0.0,0.0,65.8,14.1,0.0,0.0,56.7,0.0,144.954,,,32.32183360922607,False,short_side_not_traded_evidence_only,,,141.885,-0.6894,140.14,-1.9108
2026-09-25,2026-09-25T13:38:48.629864,MRNA,RAPID_DECREASE_CANDIDATE,194.5,-0.412,-0.422,0.01,0.647,5.0129,7,0.8,3.4552602456525143,5,0.27391039318339055,0.65,0.0,39.5,28.1,35.6,0.0,0.0,38.2,0.0,195.6249,47.0,XLV,32.99228915373528,False,short_side_not_traded_evidence_only,,,194.0,-0.2571,192.6301,-0.9614
2026-09-25,2026-09-25T13:38:48.650252,TTAN,RAPID_DECREASE_CANDIDATE,59.295,-0.545,-0.555,0.01,0.494,0.5565,7,0.6,0.9104973326095207,5,0.5993909685086114,0.7,0.0,36.1,20.3,35.6,0.0,0.0,33.1,0.0,59.6387,,,30.493109967784516,False,short_side_not_traded_evidence_only,,,60.255,1.619,59.635,0.5734
2026-09-25,2026-09-25T13:38:48.664627,PANW,RAPID_DECREASE_CANDIDATE,374.75,-0.882,-0.892,0.01,1.057,4.8566,7,0.2,0.8872751229381676,5,0.49591692375748886,0.65,0.0,27.7,54.2,15.9,0.0,0.0,51.9,0.0,379.9278,26.9,XLK,34.62580314751938,False,short_side_not_traded_evidence_only,,,377.465,0.7245,376.19,0.3843
2026-09-25,2026-09-25T13:38:48.681402,DDOG,RAPID_DECREASE_CANDIDATE,271.55,-1.294,-1.304,0.01,0.835,4.9089,7,0.4,1.3311469240348954,5,0.48523081416149766,0.6166666666666667,0.0,17.4,39.0,26.7,0.0,0.0,44.5,0.0,274.1089,16.6,XLK,30.799067291363773,False,short_side_not_traded_evidence_only,,,279.525,2.9368,273.07,0.5597
2026-09-25,2026-09-25T13:38:51.950283,AKAM,RAPID_DECREASE_CANDIDATE,122.51,-1.721,-1.731,0.01,1.083,2.2855,8,0.2,0.8641975186964078,5,0.5548420809126783,0.5666666666666667,0.0,6.7,56.1,34.9,0.0,0.0,52.8,0.0,123.2557,,,33.92985637825222,False,short_side_not_traded_evidence_only,,,119.2506,-2.6605,117.6501,-3.9669
2026-09-25,2026-09-25T13:38:51.968983,VKTX,RAPID_DECREASE_CANDIDATE,38.095,-2.195,-2.205,0.01,1.095,10.6576,8,0.6,2.6493607294435724,5,0.5784171657691218,0.65,0.0,0.0,57.0,22.9,0.0,0.0,53.2,0.0,38.5117,,,31.520084906200463,False,short_side_not_traded_evidence_only,,,37.075,-2.6775,36.951,-3.003
2026-09-25,2026-09-25T13:38:51.985588,DOCN,RAPID_DECREASE_CANDIDATE,142.87,-2.211,-2.221,0.01,1.156,7.1674,8,0.6,2.346717859290326,5,0.4775679175510934,0.7,0.0,0.0,61.9,14.3,0.0,0.0,55.2,0.0,144.9425,,,31.50071445269237,False,short_side_not_traded_evidence_only,,,141.32,-1.0849,140.14,-1.9108
2026-09-25,2026-09-25T13:38:51.998501,MRNA,RAPID_DECREASE_CANDIDATE,194.45,-0.438,-0.448,0.01,0.696,4.9473,8,0.8,3.4552602456525143,5,0.27391039318339055,0.65,0.0,38.8,30.8,35.0,0.0,0.0,39.9,0.0,195.6217,46.4,XLV,33.462915547938834,False,short_side_not_traded_evidence_only,,,194.505,0.0283,192.6301,-0.9359
2026-09-25,2026-09-25T13:38:52.021022,TTAN,RAPID_DECREASE_CANDIDATE,59.295,-0.545,-0.555,0.01,0.549,0.4891,8,0.6,0.9104973326095207,5,0.5993909685086114,0.7,0.0,36.1,23.0,35.6,0.0,0.0,35.0,2.4,59.6383,,,31.280940640155873,False,short_side_not_traded_evidence_only,,,60.1101,1.3747,59.635,0.5734
2026-09-25,2026-09-25T13:38:52.037319,QCOM,RAPID_DECREASE_CANDIDATE,197.1984,-0.611,-0.621,0.01,0.767,9.2952,8,0.4,0.525835144844873,5,0.3498004790671879,0.55,0.0,34.5,34.9,65.8,31.6,40.0,42.2,0.0,195.9604,32.3,SMH,36.94649933953365,False,short_side_not_traded_evidence_only,,,200.0,1.4207,199.85,1.3446
2026-09-25,2026-09-25T13:38:52.067815,PANW,RAPID_DECREASE_CANDIDATE,375.49,-0.687,-0.697,0.01,1.045,11.0549,8,0.2,0.8872751229381676,5,0.49591692375748886,0.65,0.0,32.6,53.3,21.0,0.0,0.0,51.5,0.0,379.9007,31.8,XLK,35.87034315406358,False,short_side_not_traded_evidence_only,,,376.2,0.1891,376.19,0.1864
2026-09-25,2026-09-25T13:38:52.080333,DDOG,RAPID_DECREASE_CANDIDATE,271.4721,-1.322,-1.332,0.01,0.864,4.7887,8,0.4,1.3311469240348954,5,0.48523081416149766,0.6166666666666667,0.0,16.7,40.8,26.0,0.0,0.0,45.5,0.0,274.0983,15.9,XLK,31.02504863729708,False,short_side_not_traded_evidence_only,,,276.755,1.946,273.07,0.5886
2026-09-25,2026-09-25T13:38:55.324950,AKAM,RAPID_DECREASE_CANDIDATE,122.54,-1.697,-1.707,0.01,1.061,4.4883,7,0.2,0.8641975186964078,5,0.5548420809126783,0.5666666666666667,0.0,7.3,54.5,35.6,0.0,0.0,52.0,0.0,123.2481,,,33.75552209419485,False,short_side_not_traded_evidence_only,,,119.2506,-2.6843,116.8285,-4.6609
2026-09-25,2026-09-25T13:38:55.339172,VKTX,RAPID_DECREASE_CANDIDATE,38.095,-2.195,-2.205,0.01,1.069,10.6576,7,0.6,2.6493607294435724,5,0.5784171657691218,0.65,0.0,0.0,55.1,23.1,0.0,0.0,52.3,0.0,38.5088,,,31.11204826803778,False,short_side_not_traded_evidence_only,,,37.075,-2.6775,36.89,-3.1631
2026-09-25,2026-09-25T13:38:55.369208,DOCN,RAPID_DECREASE_CANDIDATE,142.557,-2.425,-2.435,0.01,1.112,7.1831,7,0.6,2.346717859290326,5,0.4775679175510934,0.7,0.0,0.0,58.4,9.0,0.0,0.0,53.7,0.0,144.9313,,,30.086127058773965,False,short_side_not_traded_evidence_only,,,141.32,-0.8677,139.89,-1.8708
2026-09-25,2026-09-25T13:38:55.382154,MRNA,RAPID_DECREASE_CANDIDATE,194.5474,-0.388,-0.398,0.01,0.754,4.9448,7,0.8,3.4552602456525143,5,0.27391039318339055,0.65,0.0,40.0,34.1,36.3,0.0,0.0,41.8,0.0,195.6185,47.6,XLV,34.61857384558711,False,short_side_not_traded_evidence_only,,,194.505,-0.0218,193.1302,-0.7285
2026-09-25,2026-09-25T13:38:55.397275,TTAN,RAPID_DECREASE_CANDIDATE,59.28,-0.57,-0.58,0.01,0.619,17.2571,7,0.6,0.9104973326095207,5,0.5993909685086114,0.7,0.0,35.5,26.6,35.0,0.0,0.0,37.3,0.0,59.638,,,31.88885094457481,False,short_side_not_traded_evidence_only,,,60.1101,1.4003,59.87,0.9953
2026-09-25,2026-09-25T13:38:55.436406,PANW,RAPID_DECREASE_CANDIDATE,375.27,-0.745,-0.755,0.01,1.034,11.0614,7,0.2,0.8872751229381676,5,0.49591692375748886,0.65,0.0,31.1,52.4,19.7,0.0,0.0,51.1,0.0,379.8741,30.4,XLK,35.27969443669666,False,short_side_not_traded_evidence_only,,,376.2,0.2478,376.66,0.3704
2026-09-25,2026-09-25T13:38:55.448417,DDOG,RAPID_DECREASE_CANDIDATE,271.26,-1.399,-1.409,0.01,0.894,4.9805,7,0.4,1.3311469240348954,5,0.48523081416149766,0.6166666666666667,0.0,14.8,42.8,24.2,0.0,0.0,46.5,0.0,274.0878,14.0,XLK,30.926668884029727,False,short_side_not_traded_evidence_only,,,276.755,2.0257,272.87,0.5935
2026-09-25,2026-09-25T13:38:58.643769,AKAM,RAPID_DECREASE_CANDIDATE,122.515,-1.717,-1.727,0.01,1.04,2.3018,7,0.2,0.8641975186964078,5,0.5548420809126783,0.5666666666666667,0.0,6.8,52.9,35.3,0.0,0.0,51.3,0.0,123.2407,,,33.27803574027343,False,short_side_not_traded_evidence_only,,,119.2506,-2.6645,116.8285,-4.6415
2026-09-25,2026-09-25T13:38:58.665546,VKTX,RAPID_DECREASE_CANDIDATE,38.1,-2.182,-2.192,0.01,1.045,3.9895,7,0.6,2.6493607294435724,5,0.5784171657691218,0.65,0.0,0.0,53.3,23.6,0.0,0.0,51.5,0.0,38.506,,,30.773753464171172,False,short_side_not_traded_evidence_only,,,37.075,-2.6903,36.89,-3.1759
2026-09-25,2026-09-25T13:38:58.678146,DOCN,RAPID_DECREASE_CANDIDATE,142.87,-2.211,-2.221,0.01,1.072,7.1674,7,0.6,2.346717859290326,5,0.4775679175510934,0.7,0.0,0.0,55.3,14.6,0.0,0.0,52.4,0.0,144.9203,,,30.099342139872753,False,short_side_not_traded_evidence_only,,,141.32,-1.0849,139.89,-2.0858
2026-09-25,2026-09-25T13:38:58.690159,MRNA,RAPID_DECREASE_CANDIDATE,194.43,-0.448,-0.458,0.01,0.821,4.9529,7,0.8,3.4552602456525143,5,0.27391039318339055,0.65,0.0,38.5,38.1,34.9,0.0,0.0,44.0,0.0,195.6154,46.1,XLV,35.13965458317834,False,short_side_not_traded_evidence_only,,,194.505,0.0386,193.1302,-0.6685
2026-09-25,2026-09-25T13:38:58.702848,TTAN,RAPID_DECREASE_CANDIDATE,59.28,-0.57,-0.58,0.01,0.709,14.6761,7,0.6,0.9104973326095207,5,0.5993909685086114,0.7,0.0,35.5,31.5,35.0,0.0,0.0,40.3,0.0,59.6377,,,33.08478109648059,False,short_side_not_traded_evidence_only,,,60.1101,1.4003,59.87,0.9953
2026-09-25,2026-09-25T13:38:58.715679,PANW,RAPID_DECREASE_CANDIDATE,375.0725,-0.797,-0.807,0.01,1.022,11.0672,7,0.2,0.8872751229381676,5,0.49591692375748886,0.65,0.0,29.8,51.6,18.6,0.0,0.0,50.7,0.0,379.848,29.1,XLK,34.732603790231366,False,short_side_not_traded_evidence_only,,,376.2,0.3006,376.66,0.4233
2026-09-25,2026-09-25T13:38:58.729425,DDOG,RAPID_DECREASE_CANDIDATE,271.0,-1.494,-1.504,0.01,0.927,0.5793,7,0.4,1.3311469240348954,5,0.48523081416149766,0.6166666666666667,0.0,12.4,44.9,21.9,0.0,0.0,47.6,0.0,274.0774,11.6,XLK,30.744172407189794,False,short_side_not_traded_evidence_only,,,276.755,2.1236,272.87,0.69
2026-09-25,2026-09-25T13:39:02.435963,BITX,RAPID_DECREASE_CANDIDATE,19.89,-0.32,-0.33,0.01,0.917,0.1006,8,0.8,2.267278914475886,5,0.6249816849816897,0.6666666666666667,0.0,41.8,46.8,51.9,3.8,0.0,47.2,88.8,19.875,,,42.87258163716722,False,short_side_not_traded_evidence_only,,,19.78,-0.553,19.56,-1.6591
2026-09-25,2026-09-25T13:39:02.453454,AKAM,RAPID_DECREASE_CANDIDATE,122.675,-0.522,-0.532,0.01,0.725,2.3069,8,0.2,0.8641975186964078,5,0.5548420809126783,0.5666666666666667,0.0,36.7,48.8,38.6,0.0,0.0,40.8,0.0,123.236,,,36.68732106173441,False,short_side_not_traded_evidence_only,,,119.2506,-2.7914,116.8285,-4.7658
2026-09-25,2026-09-25T13:39:02.468361,VKTX,RAPID_DECREASE_CANDIDATE,38.055,-2.223,-2.233,0.01,0.674,3.9942,8,0.6,2.6493607294435724,5,0.5784171657691218,0.65,0.0,0.0,48.6,20.9,0.0,0.0,39.1,0.0,38.5036,,,28.09436513541132,False,short_side_not_traded_evidence_only,,,37.075,-2.5752,36.89,-3.0614
2026-09-25,2026-09-25T13:39:02.491647,DOCN,RAPID_DECREASE_CANDIDATE,142.87,-1.289,-1.299,0.01,4.222,7.1674,8,0.6,2.346717859290326,5,0.4775679175510934,0.7,0.0,17.5,86.7,15.9,0.0,0.0,100.0,0.0,144.8481,,,44.354594945137364,False,short_side_not_traded_evidence_only,,,141.32,-1.0849,139.89,-2.0858
2026-09-25,2026-09-25T13:39:02.508362,CAI,RAPID_DECREASE_CANDIDATE,32.03,-0.373,-0.383,0.01,1.261,0.6556,8,0.8,2.506946822593982,5,0.5619919636387601,0.7,0.0,40.4,47.2,34.9,0.0,0.0,58.7,0.0,32.2246,,,38.8060937720461,False,short_side_not_traded_evidence_only,,,32.01,-0.0624,31.9,-0.4059
2026-09-25,2026-09-25T13:39:02.524500,TTAN,RAPID_DECREASE_CANDIDATE,59.26,-0.693,-0.703,0.01,2.259,0.7594,8,0.6,0.9104973326095207,5,0.5993909685086114,0.7,0.0,32.4,51.2,34.3,0.0,0.0,92.0,0.0,59.6357,,,42.21232119932448,False,short_side_not_traded_evidence_only,,,60.1101,1.4345,59.87,1.0294
2026-09-25,2026-09-25T13:39:02.552266,PANW,RAPID_DECREASE_CANDIDATE,375.395,-1.092,-1.102,0.01,1.563,11.0577,8,0.2,0.8872751229381676,5,0.49591692375748886,0.65,0.0,22.4,55.8,21.0,0.0,0.0,68.8,0.0,379.7941,24.3,XLK,36.767222603799624,False,short_side_not_traded_evidence_only,,,376.2,0.2144,376.66,0.337
2026-09-25,2026-09-25T13:39:02.570448,DDOG,RAPID_DECREASE_CANDIDATE,271.12,-1.418,-1.428,0.01,1.203,0.5791,8,0.4,1.3311469240348954,5,0.48523081416149766,0.6166666666666667,0.0,14.3,49.4,23.2,0.0,0.0,56.8,0.0,274.0598,16.2,XLK,33.116540588768665,False,short_side_not_traded_evidence_only,,,276.755,2.0784,272.87,0.6455
2026-09-25,2026-09-25T13:39:05.766751,BITX,RAPID_DECREASE_CANDIDATE,19.875,-0.395,-0.405,0.01,0.958,0.0503,8,0.8,2.267278914475886,5,0.6249816849816897,0.6666666666666667,0.0,39.9,49.2,50.0,0.0,0.0,48.6,99.9,19.8751,,,43.83846722328341,False,short_side_not_traded_evidence_only,,,19.78,-0.478,19.56,-1.5849
2026-09-25,2026-09-25T13:39:05.784355,AKAM,RAPID_DECREASE_CANDIDATE,122.52,-0.647,-0.657,0.01,0.722,2.1956,8,0.2,0.8641975186964078,5,0.5548420809126783,0.5666666666666667,0.0,33.6,45.0,35.6,0.0,0.0,40.7,0.0,123.2313,,,35.13441829431318,False,short_side_not_traded_evidence_only,,,119.2506,-2.6685,116.8285,-4.6454
2026-09-25,2026-09-25T13:39:05.798838,VKTX,RAPID_DECREASE_CANDIDATE,38.1,-2.107,-2.117,0.01,0.671,3.9895,8,0.6,2.6493607294435724,5,0.5784171657691218,0.65,0.0,0.0,44.1,23.9,0.0,0.0,39.0,0.0,38.5013,,,27.72711325445178,False,short_side_not_traded_evidence_only,,,37.075,-2.6903,36.89,-3.1759
2026-09-25,2026-09-25T13:39:05.813794,DOCN,RAPID_DECREASE_CANDIDATE,142.87,-1.289,-1.299,0.01,3.527,7.1674,8,0.6,2.346717859290326,5,0.4775679175510934,0.7,0.0,17.5,100.0,17.0,0.0,0.0,100.0,0.0,144.7817,,,46.7112961125708,False,short_side_not_traded_evidence_only,,,141.32,-1.0849,139.89,-2.0858
2026-09-25,2026-09-25T13:39:05.829048,TTAN,RAPID_DECREASE_CANDIDATE,59.28,-0.66,-0.67,0.01,2.463,0.776,8,0.6,0.9104973326095207,5,0.5993909685086114,0.7,0.0,33.2,82.4,35.2,0.0,0.0,98.8,0.0,59.6337,,,48.510078068166266,False,short_side_not_traded_evidence_only,,,60.1101,1.4003,59.87,0.9953
2026-09-25,2026-09-25T13:39:05.875476,QCOM,RAPID_DECREASE_CANDIDATE,197.2452,-0.587,-0.597,0.01,1.03,7.2701,8,0.4,0.525835144844873,5,0.3498004790671879,0.55,0.0,35.1,50.6,64.9,29.8,40.0,51.0,0.0,196.075,33.0,SMH,40.86680959637832,False,short_side_not_traded_evidence_only,,,200.0,1.3966,200.29,1.5437
2026-09-25,2026-09-25T13:39:05.888799,PANW,RAPID_DECREASE_CANDIDATE,375.7251,-1.005,-1.015,0.01,1.503,11.048,8,0.2,0.8872751229381676,5,0.49591692375748886,0.65,0.0,24.6,59.9,23.6,0.0,0.0,66.8,0.0,379.7415,26.5,XLK,37.87296382457952,False,short_side_not_traded_evidence_only,,,376.2,0.1264,376.66,0.2488
2026-09-25,2026-09-25T13:39:05.902507,DDOG,RAPID_DECREASE_CANDIDATE,270.795,-1.536,-1.546,0.01,1.233,0.5798,8,0.4,1.3311469240348954,5,0.48523081416149766,0.6166666666666667,0.0,11.4,54.4,20.4,0.0,0.0,57.8,0.0,274.0424,13.2,XLK,33.23221639085541,False,short_side_not_traded_evidence_only,,,276.755,2.2009,272.87,0.7663
2026-09-25,2026-09-25T13:39:09.244771,BITX,RAPID_DECREASE_CANDIDATE,19.88,-0.37,-0.38,0.01,0.96,0.0503,9,0.8,2.267278914475886,5,0.6249816849816897,0.6666666666666667,0.0,40.5,48.8,50.6,1.2,0.0,48.7,99.9,19.8751,,,43.81124059012796,False,short_side_not_traded_evidence_only,,,19.78,-0.503,19.56,-1.6097
2026-09-25,2026-09-25T13:39:09.259148,AKAM,RAPID_DECREASE_CANDIDATE,122.52,-0.647,-0.657,0.01,0.733,2.3098,9,0.2,0.8641975186964078,5,0.5548420809126783,0.5666666666666667,0.0,33.6,42.5,35.7,0.0,0.0,41.1,0.0,123.2268,,,34.7754842253334,False,short_side_not_traded_evidence_only,,,119.2506,-2.6685,116.8285,-4.6454
2026-09-25,2026-09-25T13:39:09.273193,MRVL,RAPID_DECREASE_CANDIDATE,262.37,-0.353,-0.363,0.01,1.985,5.4999,9,0.4,1.3138958548734894,5,0.5739946528879686,0.7,0.0,40.9,85.1,38.6,0.0,0.0,82.8,0.0,263.572,38.8,SMH,48.68095661141289,False,short_side_not_traded_evidence_only,,,261.42,-0.3621,260.55,-0.6937
2026-09-25,2026-09-25T13:39:09.285191,VKTX,RAPID_DECREASE_CANDIDATE,38.04,-2.261,-2.271,0.01,0.684,10.673,9,0.6,2.6493607294435724,5,0.5784171657691218,0.65,0.0,0.0,41.2,20.2,0.0,0.0,39.5,0.0,38.4989,,,26.823659175283506,False,short_side_not_traded_evidence_only,,,37.075,-2.5368,36.89,-3.0231
2026-09-25,2026-09-25T13:39:09.307930,DOCN,RAPID_DECREASE_CANDIDATE,143.32,-0.978,-0.988,0.01,3.093,7.1449,9,0.6,2.346717859290326,5,0.4775679175510934,0.7,0.0,25.3,100.0,25.8,0.0,0.0,100.0,0.0,144.7202,,,49.109730376791326,False,short_side_not_traded_evidence_only,,,141.32,-1.3955,139.89,-2.3932
2026-09-25,2026-09-25T13:39:09.324514,AXTI,RAPID_DECREASE_CANDIDATE,76.8475,-0.418,-0.428,0.01,1.068,25.2318,9,0.8,3.6752702400746267,5,0.5864973886769775,0.4833333333333333,0.0,39.3,51.4,79.8,59.5,40.0,52.3,0.0,75.9433,,,40.00757536257884,False,short_side_not_traded_evidence_only,,,76.38,-0.6083,75.925,-1.2004
2026-09-25,2026-09-25T13:39:09.337444,ALAB,RAPID_DECREASE_CANDIDATE,366.31,-0.729,-0.739,0.01,0.793,5.9649,9,0.6,3.317699589298841,5,0.590647971752025,0.8,0.0,31.5,44.1,41.8,0.0,0.0,43.1,0.0,367.5171,,,35.721439493074946,False,short_side_not_traded_evidence_only,,,361.21,-1.3923,361.88,-1.2094
2026-09-25,2026-09-25T13:39:09.349063,PANW,RAPID_DECREASE_CANDIDATE,376.355,-0.839,-0.849,0.01,1.462,11.0295,9,0.2,0.8872751229381676,5,0.49591692375748886,0.65,0.0,28.8,64.8,28.0,0.0,0.0,65.4,0.0,379.6903,30.7,XLK,39.776401886174455,False,short_side_not_traded_evidence_only,,,376.2,-0.0412,376.66,0.081
2026-09-25,2026-09-25T13:39:09.361240,DDOG,RAPID_DECREASE_CANDIDATE,271.2112,-1.385,-1.395,0.01,1.218,0.5715,9,0.4,1.3311469240348954,5,0.48523081416149766,0.6166666666666667,0.0,15.1,56.7,24.3,0.0,0.0,57.3,0.0,274.0252,17.0,XLK,34.66269740869126,False,short_side_not_traded_evidence_only,,,276.755,2.0441,272.87,0.6116
2026-09-25,2026-09-25T13:39:12.566139,BITX,RAPID_DECREASE_CANDIDATE,19.88,-0.37,-0.38,0.01,0.963,0.0503,7,0.8,2.267278914475886,5,0.6249816849816897,0.6666666666666667,0.0,40.5,48.5,50.6,1.2,0.0,48.8,99.9,19.8752,,,43.76059172228625,False,short_side_not_traded_evidence_only,,,19.78,-0.503,19.56,-1.6097
2026-09-25,2026-09-25T13:39:12.578052,AKAM,RAPID_DECREASE_CANDIDATE,122.365,-0.773,-0.783,0.01,0.745,4.4947,7,0.2,0.8641975186964078,5,0.5548420809126783,0.5666666666666667,0.0,30.4,40.0,32.6,0.0,0.0,41.5,0.0,123.2223,,,33.502398400339196,False,short_side_not_traded_evidence_only,,,119.2506,-2.5452,116.8285,-4.5246
2026-09-25,2026-09-25T13:39:12.590558,VKTX,RAPID_DECREASE_CANDIDATE,38.005,-2.351,-2.361,0.01,0.697,10.6828,7,0.6,2.6493607294435724,5,0.5784171657691218,0.65,0.0,0.0,38.3,18.1,0.0,0.0,39.9,0.0,38.4967,,,26.12288401260612,False,short_side_not_traded_evidence_only,,,37.075,-2.447,36.89,-2.9338
2026-09-25,2026-09-25T13:39:12.611806,DOCN,RAPID_DECREASE_CANDIDATE,143.2602,-1.019,-1.029,0.01,2.754,7.1478,7,0.6,2.346717859290326,5,0.4775679175510934,0.7,0.0,24.3,100.0,25.8,0.0,0.0,100.0,0.0,144.6633,,,48.931533452990436,False,short_side_not_traded_evidence_only,,,141.32,-1.3543,139.89,-2.3525
2026-09-25,2026-09-25T13:39:12.627788,ALAB,RAPID_DECREASE_CANDIDATE,367.35,-0.447,-0.457,0.01,0.803,11.0521,7,0.6,3.317699589298841,5,0.590647971752025,0.8,0.0,38.6,42.2,48.8,0.0,0.0,43.4,0.0,367.5211,,,37.493312191543595,False,short_side_not_traded_evidence_only,,,361.21,-1.6714,361.88,-1.489
2026-09-25,2026-09-25T13:39:12.640416,PANW,RAPID_DECREASE_CANDIDATE,376.2675,-0.862,-0.872,0.01,1.424,11.032,7,0.2,0.8872751229381676,5,0.49591692375748886,0.65,0.0,28.2,69.7,27.8,0.0,0.0,64.1,0.0,379.6402,30.1,XLK,40.313450116454334,False,short_side_not_traded_evidence_only,,,376.2,-0.0179,376.66,0.1043
2026-09-25,2026-09-25T13:39:12.653075,DDOG,RAPID_DECREASE_CANDIDATE,270.785,-1.54,-1.55,0.01,1.202,0.5724,7,0.4,1.3311469240348954,5,0.48523081416149766,0.6166666666666667,0.0,11.2,58.9,20.6,0.0,0.0,56.7,0.0,274.0082,13.1,XLK,33.853131768120335,False,short_side_not_traded_evidence_only,,,276.755,2.2047,272.87,0.77
2026-09-25,2026-09-25T13:39:15.896773,BITX,RAPID_DECREASE_CANDIDATE,19.88,-0.37,-0.38,0.01,0.965,0.0503,7,0.8,2.267278914475886,5,0.6249816849816897,0.6666666666666667,0.0,40.5,48.1,50.6,1.2,0.0,48.8,99.9,19.8753,,,43.70575954477306,False,short_side_not_traded_evidence_only,,,19.78,-0.503,19.56,-1.6097
2026-09-25,2026-09-25T13:39:15.909733,AKAM,RAPID_DECREASE_CANDIDATE,122.52,-0.647,-0.657,0.01,0.757,2.1466,7,0.2,0.8641975186964078,5,0.5548420809126783,0.5666666666666667,0.0,33.6,37.5,35.8,0.0,0.0,41.9,0.0,123.2179,,,34.06527203297737,False,short_side_not_traded_evidence_only,,,119.2506,-2.6685,116.8285,-4.6454
2026-09-25,2026-09-25T13:39:15.931615,VKTX,RAPID_DECREASE_CANDIDATE,37.981,-2.413,-2.423,0.01,0.71,3.8177,7,0.6,2.6493607294435724,5,0.5784171657691218,0.65,0.0,0.0,35.3,16.7,0.0,0.0,40.3,0.0,38.4944,,,25.51117494593665,False,short_side_not_traded_evidence_only,,,37.075,-2.3854,36.89,-2.8725
2026-09-25,2026-09-25T13:39:15.944387,DOCN,RAPID_DECREASE_CANDIDATE,143.11,-1.123,-1.133,0.01,2.482,11.1872,7,0.6,2.346717859290326,5,0.4775679175510934,0.7,0.0,21.7,100.0,24.1,0.0,0.0,99.4,0.0,144.6104,,,48.21188822086087,False,short_side_not_traded_evidence_only,,,141.32,-1.2508,139.89,-2.25
2026-09-25,2026-09-25T13:39:15.957951,ALAB,RAPID_DECREASE_CANDIDATE,366.712,-0.62,-0.63,0.01,0.813,11.0714,7,0.6,3.317699589298841,5,0.590647971752025,0.8,0.0,34.2,40.2,44.5,0.0,0.0,43.8,0.0,367.525,,,35.9426000999452,False,short_side_not_traded_evidence_only,,,361.21,-1.5004,361.88,-1.3177
2026-09-25,2026-09-25T13:39:15.971603,PANW,RAPID_DECREASE_CANDIDATE,376.3,-0.854,-0.864,0.01,1.387,11.0311,7,0.2,0.8872751229381676,5,0.49591692375748886,0.65,0.0,28.4,74.7,28.3,0.0,0.0,62.9,0.0,379.5914,30.3,XLK,41.081637231373264,False,short_side_not_traded_evidence_only,,,376.2,-0.0266,376.66,0.0957
2026-09-25,2026-09-25T13:39:15.992396,DDOG,RAPID_DECREASE_CANDIDATE,271.3444,-1.336,-1.346,0.01,1.187,0.5712,7,0.4,1.3311469240348954,5,0.48523081416149766,0.6166666666666667,0.0,16.3,61.1,25.8,0.0,0.0,56.2,0.0,273.9913,18.2,XLK,35.66743090365758,False,short_side_not_traded_evidence_only,,,276.755,1.994,272.87,0.5622
2026-09-25,2026-09-25T13:39:19.244773,BITX,RAPID_DECREASE_CANDIDATE,19.87,-0.42,-0.43,0.01,0.967,0.0503,9,0.8,2.267278914475886,5,0.6249816849816897,0.6666666666666667,0.0,39.2,47.7,49.3,0.0,0.0,48.9,99.9,19.8754,,,43.43150406382221,False,short_side_not_traded_evidence_only,,,19.78,-0.4529,19.56,-1.5601
2026-09-25,2026-09-25T13:39:19.264945,AKAM,RAPID_DECREASE_CANDIDATE,122.4066,-0.739,-0.749,0.01,0.769,4.4932,9,0.2,0.8641975186964078,5,0.5548420809126783,0.5666666666666667,0.0,31.3,35.0,33.6,0.0,0.0,42.3,0.0,123.2136,,,33.03889679089889,False,short_side_not_traded_evidence_only,,,119.2506,-2.5783,116.8285,-4.557
2026-09-25,2026-09-25T13:39:19.281977,MRVL,RAPID_DECREASE_CANDIDATE,262.388,-0.346,-0.356,0.01,1.691,5.4995,9,0.4,1.3138958548734894,5,0.5739946528879686,0.7,0.0,41.1,100.0,38.9,0.0,0.0,73.0,0.0,263.5569,39.0,SMH,50.009869435027156,False,short_side_not_traded_evidence_only,,,261.42,-0.3689,260.55,-0.7005
2026-09-25,2026-09-25T13:39:19.294865,VKTX,RAPID_DECREASE_CANDIDATE,37.8356,-2.786,-2.796,0.01,0.724,8.6162,9,0.6,2.6493607294435724,5,0.5784171657691218,0.65,0.0,0.0,32.4,7.4,0.0,0.0,40.8,0.0,38.4921,,,23.91782317531129,False,short_side_not_traded_evidence_only,,,37.075,-2.0103,36.89,-2.4992
2026-09-25,2026-09-25T13:39:19.309636,DOCN,RAPID_DECREASE_CANDIDATE,143.665,-0.739,-0.749,0.01,2.259,5.6451,9,0.6,2.346717859290326,5,0.4775679175510934,0.7,0.0,31.3,100.0,34.5,0.0,0.0,92.0,0.0,144.5611,,,50.187992467017864,False,short_side_not_traded_evidence_only,,,141.32,-1.6323,139.89,-2.6276
2026-09-25,2026-09-25T13:39:19.322911,AXTI,RAPID_DECREASE_CANDIDATE,76.79,-0.492,-0.502,0.01,1.056,25.2507,9,0.8,3.6752702400746267,5,0.5864973886769775,0.4833333333333333,0.0,37.5,54.1,75.2,50.5,40.0,51.9,0.0,76.0224,,,40.6668053106144,False,short_side_not_traded_evidence_only,,,76.38,-0.5339,75.925,-1.1264
2026-09-25,2026-09-25T13:39:19.335701,ALAB,RAPID_DECREASE_CANDIDATE,366.79,-0.599,-0.609,0.01,0.823,11.069,9,0.6,3.317699589298841,5,0.590647971752025,0.8,0.0,34.8,38.3,45.0,0.0,0.0,44.1,0.0,367.5289,,,35.80906891983154,False,short_side_not_traded_evidence_only,,,361.21,-1.5213,361.88,-1.3386
2026-09-25,2026-09-25T13:39:19.347485,PANW,RAPID_DECREASE_CANDIDATE,376.3,-0.854,-0.864,0.01,1.352,11.0311,9,0.2,0.8872751229381676,5,0.49591692375748886,0.65,0.0,28.4,79.6,28.6,0.0,0.0,61.7,0.0,379.5437,30.3,XLK,41.79713974735541,False,short_side_not_traded_evidence_only,,,376.2,-0.0266,376.66,0.0957
2026-09-25,2026-09-25T13:39:19.362042,DDOG,RAPID_DECREASE_CANDIDATE,270.7585,-1.55,-1.56,0.01,1.173,8.2878,9,0.4,1.3311469240348954,5,0.48523081416149766,0.6166666666666667,0.0,11.0,63.3,20.7,0.0,0.0,55.8,0.0,273.9747,12.9,XLK,34.43776459824865,False,short_side_not_traded_evidence_only,,,276.755,2.2147,272.87,0.7798
2026-09-25,2026-09-25T13:39:22.563766,BITX,RAPID_DECREASE_CANDIDATE,19.845,-0.545,-0.555,0.01,0.969,0.0504,9,0.8,2.267278914475886,5,0.6249816849816897,0.6666666666666667,0.0,36.1,47.8,46.2,0.0,0.0,49.0,99.9,19.8754,,,42.55027833092059,False,short_side_not_traded_evidence_only,,,19.78,-0.3275,19.56,-1.4361
2026-09-25,2026-09-25T13:39:22.575889,AKAM,RAPID_DECREASE_CANDIDATE,122.4599,-0.696,-0.706,0.01,0.782,2.1231,9,0.2,0.8641975186964078,5,0.5548420809126783,0.5666666666666667,0.0,32.4,35.8,34.8,0.0,0.0,42.7,0.0,123.2094,,,33.545710625871045,False,short_side_not_traded_evidence_only,,,119.2506,-2.6207,116.8285,-4.5986
2026-09-25,2026-09-25T13:39:22.627543,VKTX,RAPID_DECREASE_CANDIDATE,37.88,-2.672,-2.682,0.01,0.739,8.6061,9,0.6,2.6493607294435724,5,0.5784171657691218,0.65,0.0,0.0,33.2,10.4,0.0,0.0,41.3,0.0,38.4899,,,24.497848343304863,False,short_side_not_traded_evidence_only,,,37.075,-2.1251,36.89,-2.6135
2026-09-25,2026-09-25T13:39:22.639136,DOCN,RAPID_DECREASE_CANDIDATE,143.665,-0.739,-0.749,0.01,2.072,1.0719,9,0.6,2.346717859290326,5,0.4775679175510934,0.7,0.0,31.3,100.0,35.3,0.0,0.0,85.7,0.0,144.515,,,49.50784311274466,False,short_side_not_traded_evidence_only,,,141.32,-1.6323,139.89,-2.6276
2026-09-25,2026-09-25T13:39:22.651289,MSTR,RAPID_DECREASE_CANDIDATE,159.45,-0.362,-0.372,0.01,0.47,8.4541,9,1.0,2.9232144492489134,5,0.5988820707616584,0.65,0.0,40.7,19.2,52.7,5.4,0.0,32.3,0.0,159.2766,36.9,WGMI,32.43039472005323,False,short_side_not_traded_evidence_only,,,159.76,0.1944,158.78,-0.4202
2026-09-25,2026-09-25T13:39:22.667835,TTAN,RAPID_DECREASE_CANDIDATE,59.34,-0.559,-0.569,0.01,1.751,15.15,9,0.6,0.9104973326095207,5,0.5993909685086114,0.7,0.0,35.8,100.0,38.1,0.0,0.0,75.0,0.0,59.6244,,,49.26798715926299,False,short_side_not_traded_evidence_only,,,60.1101,1.2978,59.87,0.8932
2026-09-25,2026-09-25T13:39:22.680006,ALAB,RAPID_DECREASE_CANDIDATE,366.98,-0.547,-0.557,0.01,0.834,11.0633,9,0.6,3.317699589298841,5,0.590647971752025,0.8,0.0,36.1,38.9,46.2,0.0,0.0,44.5,0.0,367.5328,,,36.3385366660185,False,short_side_not_traded_evidence_only,,,361.21,-1.5723,361.88,-1.3897
2026-09-25,2026-09-25T13:39:22.692099,PANW,RAPID_DECREASE_CANDIDATE,376.0112,-0.93,-0.94,0.01,1.319,11.0396,9,0.2,0.8872751229381676,5,0.49591692375748886,0.65,0.0,26.5,76.4,27.0,0.0,0.0,60.6,0.0,379.4972,28.4,XLK,40.60475699663262,False,short_side_not_traded_evidence_only,,,376.2,0.0502,376.66,0.1725
2026-09-25,2026-09-25T13:39:22.704355,DDOG,RAPID_DECREASE_CANDIDATE,271.1472,-1.408,-1.418,0.01,1.158,0.4942,9,0.4,1.3311469240348954,5,0.48523081416149766,0.6166666666666667,0.0,14.6,62.1,24.3,0.0,0.0,55.3,1.3,273.9582,16.5,XLK,35.28570301702938,False,short_side_not_traded_evidence_only,,,276.755,2.0682,272.87,0.6354
2026-09-25,2026-09-25T13:39:25.872692,BITX,RAPID_DECREASE_CANDIDATE,19.84,-0.57,-0.58,0.01,0.972,0.0504,9,0.8,2.267278914475886,5,0.6249816849816897,0.6666666666666667,0.0,35.5,48.0,45.5,0.0,0.0,49.1,99.9,19.8755,,,42.40546329566848,False,short_side_not_traded_evidence_only,,,19.78,-0.3024,19.56,-1.4113
2026-09-25,2026-09-25T13:39:25.885997,AKAM,RAPID_DECREASE_CANDIDATE,122.2517,-0.865,-0.875,0.01,0.796,1.9141,9,0.2,0.8641975186964078,5,0.5548420809126783,0.5666666666666667,0.0,28.1,36.6,30.7,0.0,0.0,43.2,0.0,123.2053,,,32.515601923692834,False,short_side_not_traded_evidence_only,,,119.2506,-2.4549,116.8285,-4.4361
2026-09-25,2026-09-25T13:39:25.898988,VKTX,RAPID_DECREASE_CANDIDATE,37.87,-2.698,-2.708,0.01,0.754,8.6084,9,0.6,2.6493607294435724,5,0.5784171657691218,0.65,0.0,0.0,34.1,9.9,0.0,0.0,41.8,0.0,38.4877,,,24.643408837286394,False,short_side_not_traded_evidence_only,,,37.075,-2.0993,36.89,-2.5878
2026-09-25,2026-09-25T13:39:25.913227,DOCN,RAPID_DECREASE_CANDIDATE,143.665,-0.739,-0.749,0.01,1.914,11.144,9,0.6,2.346717859290326,5,0.4775679175510934,0.7,0.0,31.3,100.0,36.0,0.0,0.0,80.5,0.0,144.4718,,,48.94227172339356,False,short_side_not_traded_evidence_only,,,141.32,-1.6323,139.89,-2.6276
2026-09-25,2026-09-25T13:39:25.926911,MSTR,RAPID_DECREASE_CANDIDATE,159.4899,-0.337,-0.347,0.01,0.503,8.4519,9,1.0,2.9232144492489134,5,0.5988820707616584,0.65,0.0,41.3,20.8,53.2,6.4,0.0,33.4,0.0,159.2857,37.5,WGMI,32.874685493252656,False,short_side_not_traded_evidence_only,,,159.76,0.1694,158.78,-0.4451
2026-09-25,2026-09-25T13:39:25.939984,TTAN,RAPID_DECREASE_CANDIDATE,59.34,-0.559,-0.569,0.01,1.656,15.15,9,0.6,0.9104973326095207,5,0.5993909685086114,0.7,0.0,35.8,100.0,38.2,0.0,0.0,71.9,0.0,59.6226,,,48.88145866673537,False,short_side_not_traded_evidence_only,,,60.1101,1.2978,59.87,0.8932
2026-09-25,2026-09-25T13:39:25.966539,ALAB,RAPID_DECREASE_CANDIDATE,366.98,-0.547,-0.557,0.01,0.845,11.0633,9,0.6,3.317699589298841,5,0.590647971752025,0.8,0.0,36.1,39.6,46.2,0.0,0.0,44.8,0.0,367.5365,,,36.49359199645568,False,short_side_not_traded_evidence_only,,,361.21,-1.5723,361.88,-1.3897
2026-09-25,2026-09-25T13:39:25.992489,PANW,RAPID_DECREASE_CANDIDATE,375.97,-0.941,-0.951,0.01,1.287,11.0408,9,0.2,0.8872751229381676,5,0.49591692375748886,0.65,0.0,26.2,73.4,27.1,0.0,0.0,59.6,0.0,379.4517,28.1,XLK,39.93235394456816,False,short_side_not_traded_evidence_only,,,376.2,0.0612,376.66,0.1835
2026-09-25,2026-09-25T13:39:26.019692,DDOG,RAPID_DECREASE_CANDIDATE,270.37,-1.691,-1.701,0.01,1.144,0.4956,9,0.4,1.3311469240348954,5,0.48523081416149766,0.6166666666666667,0.0,7.5,61.0,17.4,0.0,0.0,54.8,1.0,273.9418,9.4,XLK,32.97738315246002,False,short_side_not_traded_evidence_only,,,276.755,2.3616,272.87,0.9247
2026-09-25,2026-09-25T13:39:29.228605,BITX,RAPID_DECREASE_CANDIDATE,19.85,-0.52,-0.53,0.01,0.974,0.1008,8,0.8,2.267278914475886,5,0.6249816849816897,0.6666666666666667,0.0,36.8,48.2,46.8,0.0,0.0,49.1,88.7,19.8756,,,42.338350386846614,False,short_side_not_traded_evidence_only,,,19.78,-0.3526,19.56,-1.461
2026-09-25,2026-09-25T13:39:29.241056,AKAM,RAPID_DECREASE_CANDIDATE,122.1897,-0.915,-0.925,0.01,0.809,1.8332,8,0.2,0.8641975186964078,5,0.5548420809126783,0.5666666666666667,0.0,26.9,37.4,29.5,0.0,0.0,43.6,0.0,123.2012,,,32.353867512861584,False,short_side_not_traded_evidence_only,,,119.2506,-2.4054,116.8285,-4.3876
2026-09-25,2026-09-25T13:39:29.255246,VKTX,RAPID_DECREASE_CANDIDATE,37.87,-2.698,-2.708,0.01,0.77,8.6084,8,0.6,2.6493607294435724,5,0.5784171657691218,0.65,0.0,0.0,35.0,10.0,0.0,0.0,42.3,0.0,38.4855,,,24.88212513522695,False,short_side_not_traded_evidence_only,,,37.075,-2.0993,36.89,-2.5878
2026-09-25,2026-09-25T13:39:29.284263,MSTR,RAPID_DECREASE_CANDIDATE,159.44,-0.369,-0.379,0.01,0.541,8.4546,8,1.0,2.9232144492489134,5,0.5988820707616584,0.65,0.0,40.5,22.6,52.3,4.6,0.0,34.7,0.0,159.2946,36.7,WGMI,33.325213637427694,False,short_side_not_traded_evidence_only,,,159.76,0.2007,158.78,-0.4139
2026-09-25,2026-09-25T13:39:29.305268,TTAN,RAPID_DECREASE_CANDIDATE,59.34,-0.559,-0.569,0.01,1.57,15.15,8,0.6,0.9104973326095207,5,0.5993909685086114,0.7,0.0,35.8,100.0,38.2,0.0,0.0,69.0,0.0,59.6208,,,48.53228172706837,False,short_side_not_traded_evidence_only,,,60.1101,1.2978,59.87,0.8932
2026-09-25,2026-09-25T13:39:29.320932,ALAB,RAPID_DECREASE_CANDIDATE,366.708,-0.621,-0.631,0.01,0.856,6.1357,8,0.6,3.317699589298841,5,0.590647971752025,0.8,0.0,34.2,40.3,44.3,0.0,0.0,45.2,0.0,367.5403,,,36.113051643823724,False,short_side_not_traded_evidence_only,,,361.21,-1.4993,361.88,-1.3166
2026-09-25,2026-09-25T13:39:29.340747,PANW,RAPID_DECREASE_CANDIDATE,376.085,-0.91,-0.92,0.01,1.257,11.0374,8,0.2,0.8872751229381676,5,0.49591692375748886,0.65,0.0,27.0,70.6,28.1,0.0,0.0,58.6,0.0,379.4073,28.9,XLK,39.60835661233818,False,short_side_not_traded_evidence_only,,,376.2,0.0306,376.66,0.1529
2026-09-25,2026-09-25T13:39:29.358817,DDOG,RAPID_DECREASE_CANDIDATE,270.01,-1.822,-1.832,0.01,1.131,3.3036,8,0.4,1.3311469240348954,5,0.48523081416149766,0.6166666666666667,0.0,4.2,59.9,14.3,0.0,0.0,54.4,0.0,273.9257,6.1,XLK,31.76127060067097,False,short_side_not_traded_evidence_only,,,276.755,2.4981,272.87,1.0592
2026-09-25,2026-09-25T13:39:32.588791,BITX,RAPID_DECREASE_CANDIDATE,19.845,-0.545,-0.555,0.01,0.976,0.0504,9,0.8,2.267278914475886,5,0.6249816849816897,0.6666666666666667,0.0,36.1,48.3,46.1,0.0,0.0,49.2,99.9,19.8756,,,42.65642204493437,False,short_side_not_traded_evidence_only,,,19.78,-0.3275,19.56,-1.4361
2026-09-25,2026-09-25T13:39:32.601110,AKAM,RAPID_DECREASE_CANDIDATE,122.3,-0.826,-0.836,0.01,0.824,2.1259,9,0.2,0.8641975186964078,5,0.5548420809126783,0.5666666666666667,0.0,29.1,38.3,31.8,0.0,0.0,44.1,0.0,123.1972,,,33.22301667917232,False,short_side_not_traded_evidence_only,,,119.2506,-2.4934,116.8285,-4.4738
2026-09-25,2026-09-25T13:39:32.614261,VKTX,RAPID_DECREASE_CANDIDATE,37.885,-2.659,-2.669,0.01,0.786,8.605,9,0.6,2.6493607294435724,5,0.5784171657691218,0.65,0.0,0.0,36.0,11.1,0.0,0.0,42.9,0.0,38.4834,,,25.251119344370544,False,short_side_not_traded_evidence_only,,,37.075,-2.138,36.89,-2.6264
2026-09-25,2026-09-25T13:39:32.631666,DOCN,RAPID_DECREASE_CANDIDATE,143.665,-0.739,-0.749,0.01,1.661,6.5708,9,0.6,2.346717859290326,5,0.4775679175510934,0.7,0.0,31.3,100.0,37.4,0.0,0.0,72.0,0.0,144.3933,,,48.057093026833215,False,short_side_not_traded_evidence_only,,,141.32,-1.6323,139.89,-2.6276
2026-09-25,2026-09-25T13:39:32.644992,MRNA,RAPID_DECREASE_CANDIDATE,194.3,-0.349,-0.359,0.01,1.149,4.7452,9,0.8,3.4552602456525143,5,0.27391039318339055,0.65,0.0,41.0,61.3,34.0,0.0,0.0,55.0,0.0,195.5538,45.0,XLV,40.679556458315545,False,short_side_not_traded_evidence_only,,,194.505,0.1055,193.1302,-0.6021
2026-09-25,2026-09-25T13:39:32.660344,TTAN,RAPID_DECREASE_CANDIDATE,59.23,-0.744,-0.754,0.01,1.493,14.6885,9,0.6,0.9104973326095207,5,0.5993909685086114,0.7,0.0,31.1,94.6,33.7,0.0,0.0,66.4,0.0,59.6191,,,45.97280110702605,False,short_side_not_traded_evidence_only,,,60.1101,1.4859,59.87,1.0805
2026-09-25,2026-09-25T13:39:32.673786,ALAB,RAPID_DECREASE_CANDIDATE,367.305,-0.459,-0.469,0.01,0.867,6.1257,9,0.6,3.317699589298841,5,0.590647971752025,0.8,0.0,38.3,41.0,48.4,0.0,0.0,45.6,0.0,367.544,,,37.458924172559826,False,short_side_not_traded_evidence_only,,,361.21,-1.6594,361.88,-1.477
2026-09-25,2026-09-25T13:39:32.687067,PANW,RAPID_DECREASE_CANDIDATE,376.2513,-0.866,-0.876,0.01,1.228,11.0325,9,0.2,0.8872751229381676,5,0.49591692375748886,0.65,0.0,28.1,68.1,29.5,0.0,0.0,57.6,0.0,379.3638,30.0,XLK,39.41738223581562,False,short_side_not_traded_evidence_only,,,376.2,-0.0136,376.66,0.1086
2026-09-25,2026-09-25T13:39:32.744667,DDOG,RAPID_DECREASE_CANDIDATE,269.4,-2.043,-2.053,0.01,1.117,3.3111,9,0.4,1.3311469240348954,5,0.48523081416149766,0.6166666666666667,0.0,0.0,58.8,8.8,0.0,0.0,53.9,0.0,273.9096,0.6,XLK,30.148576550896482,False,short_side_not_traded_evidence_only,,,276.755,2.7301,272.87,1.288
2026-09-25,2026-09-25T13:39:35.934378,BITX,RAPID_DECREASE_CANDIDATE,19.87,-0.42,-0.43,0.01,0.979,0.0503,9,0.8,2.267278914475886,5,0.6249816849816897,0.6666666666666667,0.0,39.2,48.5,49.3,0.0,0.0,49.3,99.9,19.8757,,,43.60979734054371,False,short_side_not_traded_evidence_only,,,19.78,-0.4529,19.56,-1.5601
2026-09-25,2026-09-25T13:39:35.946970,AKAM,RAPID_DECREASE_CANDIDATE,122.215,-0.895,-0.905,0.01,0.839,4.5003,9,0.2,0.8641975186964078,5,0.5548420809126783,0.5666666666666667,0.0,27.4,39.2,30.1,0.0,0.0,44.6,0.0,123.1933,,,32.945255417457744,False,short_side_not_traded_evidence_only,,,119.2506,-2.4256,116.8285,-4.4074
2026-09-25,2026-09-25T13:39:35.962554,VKTX,RAPID_DECREASE_CANDIDATE,37.9373,-2.525,-2.535,0.01,0.803,3.6112,9,0.6,2.6493607294435724,5,0.5784171657691218,0.65,0.0,0.0,37.0,14.7,0.0,0.0,43.4,0.0,38.4813,,,25.93642311109774,False,short_side_not_traded_evidence_only,,,37.075,-2.273,36.89,-2.7606
2026-09-25,2026-09-25T13:39:35.975249,DOCN,RAPID_DECREASE_CANDIDATE,143.64,-0.757,-0.767,0.01,1.558,11.1459,9,0.6,2.346717859290326,5,0.4775679175510934,0.7,0.0,30.8,100.0,37.6,0.0,0.0,68.6,0.0,144.3575,,,47.57598748969023,False,short_side_not_traded_evidence_only,,,141.32,-1.6151,139.89,-2.6107
2026-09-25,2026-09-25T13:39:35.989410,MRNA,RAPID_DECREASE_CANDIDATE,194.305,-0.346,-0.356,0.01,1.132,6.5567,9,0.8,3.4552602456525143,5,0.27391039318339055,0.65,0.0,41.1,60.0,34.1,0.0,0.0,54.4,0.0,195.548,45.0,XLV,40.41145556647547,False,short_side_not_traded_evidence_only,,,194.505,0.1029,193.1302,-0.6046
2026-09-25,2026-09-25T13:39:36.039270,TTAN,RAPID_DECREASE_CANDIDATE,59.34,-0.559,-0.569,0.01,1.423,14.6613,9,0.6,0.9104973326095207,5,0.5993909685086114,0.7,0.0,35.8,86.9,38.4,0.0,0.0,64.1,0.0,59.6174,,,45.74626408427325,False,short_side_not_traded_evidence_only,,,60.1101,1.2978,59.87,0.8932
2026-09-25,2026-09-25T13:39:36.051828,ALAB,RAPID_DECREASE_CANDIDATE,366.4615,-0.688,-0.698,0.01,0.879,6.2408,9,0.6,3.317699589298841,5,0.590647971752025,0.8,0.0,32.5,41.8,42.6,0.0,0.0,46.0,0.0,367.5477,,,35.95947684504498,False,short_side_not_traded_evidence_only,,,361.21,-1.433,361.88,-1.2502
2026-09-25,2026-09-25T13:39:36.066433,PANW,RAPID_DECREASE_CANDIDATE,375.75,-0.999,-1.009,0.01,1.201,5.0619,9,0.2,0.8872751229381676,5,0.49591692375748886,0.65,0.0,24.8,65.7,26.5,0.0,0.0,56.7,0.0,379.3214,26.7,XLK,37.97623334937364,False,short_side_not_traded_evidence_only,,,376.2,0.1198,376.66,0.2422
2026-09-25,2026-09-25T13:39:36.080907,DDOG,RAPID_DECREASE_CANDIDATE,269.965,-1.838,-1.848,0.01,1.105,3.3041,9,0.4,1.3311469240348954,5,0.48523081416149766,0.6166666666666667,0.0,3.8,57.8,14.1,0.0,0.0,53.5,0.0,273.8938,5.7,XLK,31.224035735734894,False,short_side_not_traded_evidence_only,,,276.755,2.5151,272.87,1.0761
2026-09-25,2026-09-25T13:39:39.293763,BITX,RAPID_DECREASE_CANDIDATE,19.855,-0.495,-0.505,0.01,0.981,0.0504,8,0.8,2.267278914475886,5,0.6249816849816897,0.6666666666666667,0.0,37.4,48.7,47.4,0.0,0.0,49.4,99.9,19.8758,,,43.095108230854585,False,short_side_not_traded_evidence_only,,,19.78,-0.3777,19.56,-1.4858
2026-09-25,2026-09-25T13:39:39.312418,AKAM,RAPID_DECREASE_CANDIDATE,122.0415,-1.035,-1.045,0.01,0.854,1.8764,8,0.2,0.8641975186964078,5,0.5548420809126783,0.5666666666666667,0.0,23.9,40.2,26.7,0.0,0.0,45.1,0.0,123.1895,,,32.154482131554595,False,short_side_not_traded_evidence_only,,,119.2506,-2.2868,116.8285,-4.2715
2026-09-25,2026-09-25T13:39:39.324712,VKTX,RAPID_DECREASE_CANDIDATE,37.9667,-2.449,-2.459,0.01,0.821,3.5821,8,0.6,2.6493607294435724,5,0.5784171657691218,0.65,0.0,0.0,38.1,16.7,0.0,0.0,44.0,0.0,38.4792,,,26.450023697465355,False,short_side_not_traded_evidence_only,,,37.075,-2.3486,36.89,-2.8359
2026-09-25,2026-09-25T13:39:39.353725,DOCN,RAPID_DECREASE_CANDIDATE,143.66,-0.743,-0.753,0.01,1.467,11.1444,8,0.6,2.346717859290326,5,0.4775679175510934,0.7,0.0,31.2,91.7,38.5,0.0,0.0,65.6,0.0,144.3237,,,45.99282034978316,False,short_side_not_traded_evidence_only,,,141.32,-1.6288,139.89,-2.6243
2026-09-25,2026-09-25T13:39:39.399583,TTAN,RAPID_DECREASE_CANDIDATE,59.34,-0.559,-0.569,0.01,1.359,14.6613,8,0.6,0.9104973326095207,5,0.5993909685086114,0.7,0.0,35.8,80.3,38.4,0.0,0.0,62.0,0.0,59.6157,,,44.3926424313173,False,short_side_not_traded_evidence_only,,,60.1101,1.2978,59.87,0.8932
2026-09-25,2026-09-25T13:39:39.421063,ALAB,RAPID_DECREASE_CANDIDATE,367.454,-0.419,-0.429,0.01,0.891,11.049,8,0.6,3.317699589298841,5,0.590647971752025,0.8,0.0,39.3,42.6,49.3,0.0,0.0,46.4,0.0,367.5513,,,38.10074240557739,False,short_side_not_traded_evidence_only,,,361.21,-1.6993,361.88,-1.5169
2026-09-25,2026-09-25T13:39:39.436651,PANW,RAPID_DECREASE_CANDIDATE,375.96,-0.943,-0.953,0.01,1.175,5.0511,8,0.2,0.8872751229381676,5,0.49591692375748886,0.65,0.0,26.2,63.5,28.1,0.0,0.0,55.8,0.0,379.2798,28.1,XLK,37.938694346757046,False,short_side_not_traded_evidence_only,,,376.2,0.0638,376.66,0.1862
2026-09-25,2026-09-25T13:39:39.450239,DDOG,RAPID_DECREASE_CANDIDATE,269.406,-2.041,-2.051,0.01,1.092,3.3073,8,0.4,1.3311469240348954,5,0.48523081416149766,0.6166666666666667,0.0,0.0,56.8,9.2,0.0,0.0,53.1,0.0,273.8781,0.6,XLK,29.75186705002423,False,short_side_not_traded_evidence_only,,,276.755,2.7279,272.87,1.2858
2026-09-25,2026-09-25T13:39:42.629535,BITX,RAPID_DECREASE_CANDIDATE,19.8567,-0.487,-0.497,0.01,0.983,0.0504,8,0.8,2.267278914475886,5,0.6249816849816897,0.6666666666666667,0.0,37.6,48.8,47.6,0.0,0.0,49.4,99.9,19.8758,,,43.189946245419804,False,short_side_not_traded_evidence_only,,,19.78,-0.3863,19.56,-1.4942
2026-09-25,2026-09-25T13:39:42.642196,AKAM,RAPID_DECREASE_CANDIDATE,122.25,-0.866,-0.876,0.01,0.87,4.499,8,0.2,0.8641975186964078,5,0.5548420809126783,0.5666666666666667,0.0,28.1,41.2,31.0,0.0,0.0,45.7,0.0,123.1857,,,33.63232343381282,False,short_side_not_traded_evidence_only,,,119.2506,-2.4535,116.8285,-4.4348
2026-09-25,2026-09-25T13:39:42.687400,VKTX,RAPID_DECREASE_CANDIDATE,37.895,-2.634,-2.644,0.01,0.84,3.5889,8,0.6,2.6493607294435724,5,0.5784171657691218,0.65,0.0,0.0,39.3,12.2,0.0,0.0,44.7,0.0,38.4771,,,26.157712614974166,False,short_side_not_traded_evidence_only,,,37.075,-2.1639,36.89,-2.6521
2026-09-25,2026-09-25T13:39:42.699839,DOCN,RAPID_DECREASE_CANDIDATE,143.2829,-1.003,-1.013,0.01,1.386,11.1737,8,0.6,2.346717859290326,5,0.4775679175510934,0.7,0.0,24.7,83.1,32.5,0.0,0.0,62.9,0.0,144.2917,,,42.37991661885621,False,short_side_not_traded_evidence_only,,,141.32,-1.3699,139.89,-2.368
2026-09-25,2026-09-25T13:39:42.712937,MRNA,RAPID_DECREASE_CANDIDATE,194.25,-0.374,-0.384,0.01,1.1,6.5586,8,0.8,3.4552602456525143,5,0.27391039318339055,0.65,0.0,40.4,57.4,33.5,0.0,0.0,53.3,0.0,195.5367,44.3,XLV,39.66667248530289,False,short_side_not_traded_evidence_only,,,194.505,0.1313,193.1302,-0.5765
2026-09-25,2026-09-25T13:39:42.724532,TTAN,RAPID_DECREASE_CANDIDATE,59.34,-0.559,-0.569,0.01,1.3,14.6613,8,0.6,0.9104973326095207,5,0.5993909685086114,0.7,0.0,35.8,74.6,38.5,0.0,0.0,60.0,0.0,59.6141,,,43.21392025355289,False,short_side_not_traded_evidence_only,,,60.1101,1.2978,59.87,0.8932
2026-09-25,2026-09-25T13:39:42.738849,PANW,RAPID_DECREASE_CANDIDATE,376.1314,-0.898,-0.908,0.01,1.15,5.0488,8,0.2,0.8872751229381676,5,0.49591692375748886,0.65,0.0,27.3,61.4,29.5,0.0,0.0,55.0,0.0,379.2392,29.2,XLK,37.85109951570537,False,short_side_not_traded_evidence_only,,,376.2,0.0182,376.66,0.1405
2026-09-25,2026-09-25T13:39:42.752141,DDOG,RAPID_DECREASE_CANDIDATE,269.95,-1.844,-1.854,0.01,1.079,5.7085,8,0.4,1.3311469240348954,5,0.48523081416149766,0.6166666666666667,0.0,3.6,55.9,14.3,0.0,0.0,52.6,0.0,273.8626,5.5,XLK,30.785253462936115,False,short_side_not_traded_evidence_only,,,276.755,2.5208,272.87,1.0817
2026-09-25,2026-09-25T13:39:45.970481,BITX,RAPID_DECREASE_CANDIDATE,19.855,-0.495,-0.505,0.01,0.986,0.0504,9,0.8,2.267278914475886,5,0.6249816849816897,0.6666666666666667,0.0,37.4,49.0,47.4,0.0,0.0,49.5,99.9,19.8759,,,43.16902746046731,False,short_side_not_traded_evidence_only,,,19.78,-0.3777,19.56,-1.4858
2026-09-25,2026-09-25T13:39:45.983584,AKAM,RAPID_DECREASE_CANDIDATE,122.04,-1.037,-1.047,0.01,0.886,1.983,9,0.2,0.8641975186964078,5,0.5548420809126783,0.5666666666666667,0.0,23.8,42.3,26.8,0.0,0.0,46.2,0.0,123.182,,,32.64037961519256,False,short_side_not_traded_evidence_only,,,119.2506,-2.2856,116.8285,-4.2703
2026-09-25,2026-09-25T13:39:45.996829,MRVL,RAPID_DECREASE_CANDIDATE,262.444,-0.325,-0.335,0.01,1.212,5.4983,9,0.4,1.3138958548734894,5,0.5739946528879686,0.7,0.0,41.6,66.7,39.8,0.0,0.0,57.1,0.0,263.5214,39.5,SMH,42.658070127173644,False,short_side_not_traded_evidence_only,,,261.42,-0.3902,260.55,-0.7217
2026-09-25,2026-09-25T13:39:46.010070,VKTX,RAPID_DECREASE_CANDIDATE,37.9354,-2.53,-2.54,0.01,0.86,3.585,9,0.6,2.6493607294435724,5,0.5784171657691218,0.65,0.0,0.0,40.5,14.9,0.0,0.0,45.3,0.0,38.475,,,26.792059376341804,False,short_side_not_traded_evidence_only,,,37.075,-2.2681,36.89,-2.7557
2026-09-25,2026-09-25T13:39:46.038764,DOCN,RAPID_DECREASE_CANDIDATE,143.75,-0.681,-0.691,0.01,1.314,11.1374,9,0.6,2.346717859290326,5,0.4775679175510934,0.7,0.0,32.7,75.9,41.1,0.0,0.0,60.5,0.0,144.2615,,,43.30353892931475,False,short_side_not_traded_evidence_only,,,141.32,-1.6904,139.89,-2.6852
2026-09-25,2026-09-25T13:39:46.052206,TTAN,RAPID_DECREASE_CANDIDATE,59.2,-0.794,-0.804,0.01,1.247,14.6115,9,0.6,0.9104973326095207,5,0.5993909685086114,0.7,0.0,29.9,69.7,32.7,0.0,0.0,58.2,0.0,59.6124,,,40.47078134992206,False,short_side_not_traded_evidence_only,,,60.1101,1.5373,59.87,1.1318
2026-09-25,2026-09-25T13:39:46.088894,ALAB,RAPID_DECREASE_CANDIDATE,367.87,-0.306,-0.316,0.01,0.916,6.1353,9,0.6,3.317699589298841,5,0.590647971752025,0.8,0.0,42.1,44.2,52.1,4.2,0.0,47.2,0.0,367.5584,,,38.767902040461564,False,short_side_not_traded_evidence_only,,,361.21,-1.8104,361.88,-1.6283
2026-09-25,2026-09-25T13:39:46.105106,PANW,RAPID_DECREASE_CANDIDATE,376.046,-0.921,-0.931,0.01,1.126,5.026,9,0.2,0.8872751229381676,5,0.49591692375748886,0.65,0.0,26.7,59.5,29.2,0.0,0.0,54.2,0.0,379.1995,28.6,XLK,37.293855375210526,False,short_side_not_traded_evidence_only,,,376.2,0.041,376.66,0.1633
2026-09-25,2026-09-25T13:39:46.121515,DDOG,RAPID_DECREASE_CANDIDATE,270.3288,-1.706,-1.716,0.01,1.067,5.4415,9,0.4,1.3311469240348954,5,0.48523081416149766,0.6166666666666667,0.0,7.1,55.0,17.9,0.0,0.0,52.2,0.0,273.8472,9.0,XLK,31.606100923871416,False,short_side_not_traded_evidence_only,,,276.755,2.3772,272.87,0.94
2026-09-25,2026-09-25T13:39:49.309712,BITX,RAPID_DECREASE_CANDIDATE,19.86,-0.47,-0.48,0.01,0.988,0.0504,9,0.8,2.267278914475886,5,0.6249816849816897,0.6666666666666667,0.0,38.0,49.1,48.0,0.0,0.0,49.6,99.9,19.8759,,,43.386984839088974,False,short_side_not_traded_evidence_only,,,19.78,-0.4028,19.56,-1.5106
2026-09-25,2026-09-25T13:39:49.322231,AKAM,RAPID_DECREASE_CANDIDATE,122.235,-0.878,-0.888,0.01,0.903,4.4995,9,0.2,0.8641975186964078,5,0.5548420809126783,0.5666666666666667,0.0,27.8,43.4,30.9,0.0,0.0,46.8,0.0,123.1784,,,34.06428280086313,False,short_side_not_traded_evidence_only,,,119.2506,-2.4415,116.8285,-4.423
2026-09-25,2026-09-25T13:39:49.333822,VKTX,RAPID_DECREASE_CANDIDATE,37.84,-2.775,-2.785,0.01,0.88,3.5148,9,0.6,2.6493607294435724,5,0.5784171657691218,0.65,0.0,0.0,41.9,8.9,0.0,0.0,46.0,0.0,38.473,,,26.336650927957827,False,short_side_not_traded_evidence_only,,,37.075,-2.0217,36.89,-2.5106
2026-09-25,2026-09-25T13:39:49.384563,DOCN,RAPID_DECREASE_CANDIDATE,143.67,-0.736,-0.746,0.01,1.248,11.1436,9,0.6,2.346717859290326,5,0.4775679175510934,0.7,0.0,31.4,69.9,40.2,0.0,0.0,58.3,0.0,144.2328,,,41.68288555339084,False,short_side_not_traded_evidence_only,,,141.32,-1.6357,139.89,-2.631
2026-09-25,2026-09-25T13:39:49.405012,MRNA,RAPID_DECREASE_CANDIDATE,194.335,-0.331,-0.341,0.01,1.069,1.8885,9,0.8,3.4552602456525143,5,0.27391039318339055,0.65,0.0,41.5,55.1,34.8,0.0,0.0,52.3,0.0,195.5255,45.4,XLV,39.47988940213707,False,short_side_not_traded_evidence_only,,,194.505,0.0875,193.1302,-0.62
2026-09-25,2026-09-25T13:39:49.418650,TTAN,RAPID_DECREASE_CANDIDATE,59.3543,-0.535,-0.545,0.01,1.198,0.3538,9,0.6,0.9104973326095207,5,0.5993909685086114,0.7,0.0,36.4,65.4,39.2,0.0,0.0,56.6,32.5,59.6108,,,42.79987781288237,False,short_side_not_traded_evidence_only,,,60.1101,1.2734,59.87,0.8689
2026-09-25,2026-09-25T13:39:49.431622,ALAB,RAPID_DECREASE_CANDIDATE,366.546,-0.665,-0.675,0.01,0.929,0.5647,9,0.6,3.317699589298841,5,0.590647971752025,0.8,0.0,33.1,45.1,43.1,0.0,0.0,47.6,0.0,367.5619,,,36.87273592490341,False,short_side_not_traded_evidence_only,,,361.21,-1.4558,361.88,-1.273
2026-09-25,2026-09-25T13:39:49.447020,PANW,RAPID_DECREASE_CANDIDATE,376.346,-0.842,-0.852,0.01,1.103,11.0297,9,0.2,0.8872751229381676,5,0.49591692375748886,0.65,0.0,28.7,57.7,31.4,0.0,0.0,53.4,0.0,379.1606,30.6,XLK,37.50253989917132,False,short_side_not_traded_evidence_only,,,376.2,-0.0388,376.66,0.0834
2026-09-25,2026-09-25T13:39:49.460621,DDOG,RAPID_DECREASE_CANDIDATE,270.44,-1.665,-1.675,0.01,1.055,0.3328,9,0.4,1.3311469240348954,5,0.48523081416149766,0.6166666666666667,0.0,8.1,54.1,19.0,0.0,0.0,51.8,37.2,273.832,10.0,XLK,33.27041205489879,False,short_side_not_traded_evidence_only,,,276.755,2.3351,272.87,0.8985
2026-09-25,2026-09-25T13:39:52.677967,BITX,RAPID_DECREASE_CANDIDATE,19.87,-0.42,-0.43,0.01,0.99,0.0503,9,0.8,2.267278914475886,5,0.6249816849816897,0.6666666666666667,0.0,39.2,49.3,49.2,0.0,0.0,49.7,99.9,19.876,,,43.788850113979414,False,short_side_not_traded_evidence_only,,,19.8599,-0.0508,19.56,-1.5601
2026-09-25,2026-09-25T13:39:52.697588,AKAM,RAPID_DECREASE_CANDIDATE,122.295,-0.83,-0.84,0.01,0.921,4.4973,9,0.2,0.8641975186964078,5,0.5548420809126783,0.5666666666666667,0.0,29.0,44.6,32.1,0.0,0.0,47.4,0.0,123.1748,,,34.69739184964966,False,short_side_not_traded_evidence_only,,,119.5,-2.2855,116.8285,-4.4699
2026-09-25,2026-09-25T13:39:52.713544,VKTX,RAPID_DECREASE_CANDIDATE,37.8,-2.878,-2.888,0.01,0.902,3.5979,9,0.6,2.6493607294435724,5,0.5784171657691218,0.65,0.0,0.0,43.3,6.4,0.0,0.0,46.7,0.0,38.471,,,26.35412257687254,False,short_side_not_traded_evidence_only,,,36.9784,-2.1735,36.89,-2.4074
2026-09-25,2026-09-25T13:39:52.725262,DOCN,RAPID_DECREASE_CANDIDATE,143.68,-0.729,-0.739,0.01,1.189,11.1428,9,0.6,2.346717859290326,5,0.4775679175510934,0.7,0.0,31.5,64.7,40.9,0.0,0.0,56.3,0.0,144.2056,,,40.68953598040004,False,short_side_not_traded_evidence_only,,,141.945,-1.2075,139.89,-2.6378
2026-09-25,2026-09-25T13:39:52.740303,MRNA,RAPID_DECREASE_CANDIDATE,194.335,-0.331,-0.341,0.01,1.055,0.2213,9,0.8,3.4552602456525143,5,0.27391039318339055,0.65,0.0,41.5,54.0,34.8,0.0,0.0,51.8,61.9,195.5201,45.4,XLV,41.827349471979964,False,short_side_not_traded_evidence_only,,,194.78,0.229,193.1302,-0.62
2026-09-25,2026-09-25T13:39:52.753272,TTAN,RAPID_DECREASE_CANDIDATE,59.3543,-0.535,-0.545,0.01,1.152,14.5735,9,0.6,0.9104973326095207,5,0.5993909685086114,0.7,0.0,36.4,61.6,39.3,0.0,0.0,55.1,0.0,59.6093,,,40.62920042255298,False,short_side_not_traded_evidence_only,,,59.92,0.9531,59.87,0.8689
2026-09-25,2026-09-25T13:39:52.766726,ALAB,RAPID_DECREASE_CANDIDATE,366.546,-0.665,-0.675,0.01,0.942,0.3356,9,0.6,3.317699589298841,5,0.590647971752025,0.8,0.0,33.1,46.0,43.1,0.0,0.0,48.1,36.5,367.5654,,,38.59733953213105,False,short_side_not_traded_evidence_only,,,362.15,-1.1993,361.88,-1.273
2026-09-25,2026-09-25T13:39:52.780576,PANW,RAPID_DECREASE_CANDIDATE,376.175,-0.887,-0.897,0.01,1.08,11.0348,9,0.2,0.8872751229381676,5,0.49591692375748886,0.65,0.0,27.6,55.9,30.6,0.0,0.0,52.7,0.0,379.1225,29.5,XLK,36.82376356181203,False,short_side_not_traded_evidence_only,,,376.8,0.1661,376.66,0.1289
2026-09-25,2026-09-25T13:39:52.793627,DDOG,RAPID_DECREASE_CANDIDATE,269.915,-1.856,-1.866,0.01,1.044,3.2158,9,0.4,1.3311469240348954,5,0.48523081416149766,0.6166666666666667,0.0,3.3,53.2,14.4,0.0,0.0,51.5,0.0,273.8169,5.2,XLK,30.15444775245479,False,short_side_not_traded_evidence_only,,,277.27,2.7249,272.87,1.0948
2026-09-25,2026-09-25T13:39:55.967694,BITX,RAPID_DECREASE_CANDIDATE,19.87,-0.42,-0.43,0.01,0.993,0.0503,9,0.8,2.267278914475886,5,0.6249816849816897,0.6666666666666667,0.0,39.2,49.5,49.2,0.0,0.0,49.8,99.9,19.8761,,,43.82860265710876,False,short_side_not_traded_evidence_only,,,19.8599,-0.0508,19.55,-1.6105
2026-09-25,2026-09-25T13:39:55.982261,AKAM,RAPID_DECREASE_CANDIDATE,122.29,-0.834,-0.844,0.01,0.94,4.4975,9,0.2,0.8641975186964078,5,0.5548420809126783,0.5666666666666667,0.0,28.9,45.8,32.1,0.0,0.0,48.0,0.0,123.1713,,,34.96396720179471,False,short_side_not_traded_evidence_only,,,119.5,-2.2815,117.05,-4.2849
2026-09-25,2026-09-25T13:39:56.004353,VKTX,RAPID_DECREASE_CANDIDATE,37.835,-2.788,-2.798,0.01,0.925,3.4095,9,0.6,2.6493607294435724,5,0.5784171657691218,0.65,0.0,0.0,44.8,8.8,0.0,0.0,47.5,0.0,38.469,,,27.00114336147639,False,short_side_not_traded_evidence_only,,,36.9784,-2.264,37.065,-2.0352
2026-09-25,2026-09-25T13:39:56.036143,DOCN,RAPID_DECREASE_CANDIDATE,143.69,-0.722,-0.732,0.01,1.136,11.142,9,0.6,2.346717859290326,5,0.4775679175510934,0.7,0.0,31.7,60.3,41.5,0.0,0.0,54.5,0.0,144.1798,,,39.835829394861385,False,short_side_not_traded_evidence_only,,,141.945,-1.2144,140.38,-2.3036
2026-09-25,2026-09-25T13:39:56.057915,AXTI,RAPID_DECREASE_CANDIDATE,76.785,-0.499,-0.509,0.01,1.014,10.2494,9,0.8,3.6752702400746267,5,0.5864973886769775,0.4833333333333333,0.0,37.3,51.0,68.1,36.2,40.0,50.5,0.0,76.2326,,,40.83938651432882,False,short_side_not_traded_evidence_only,,,76.98,0.254,75.945,-1.094
2026-09-25,2026-09-25T13:39:56.076722,TTAN,RAPID_DECREASE_CANDIDATE,59.3543,-0.535,-0.545,0.01,1.11,14.5735,9,0.6,0.9104973326095207,5,0.5993909685086114,0.7,0.0,36.4,58.2,39.4,0.0,0.0,53.7,0.0,59.6077,,,39.89834515152254,False,short_side_not_traded_evidence_only,,,59.92,0.9531,59.87,0.8689
2026-09-25,2026-09-25T13:39:56.091877,ALAB,RAPID_DECREASE_CANDIDATE,366.3,-0.732,-0.742,0.01,0.956,0.3358,9,0.6,3.317699589298841,5,0.590647971752025,0.8,0.0,31.4,46.9,41.4,0.0,0.0,48.5,36.5,367.5688,,,38.31996540139056,False,short_side_not_traded_evidence_only,,,362.15,-1.133,361.02,-1.4414
2026-09-25,2026-09-25T13:39:56.107623,PANW,RAPID_DECREASE_CANDIDATE,376.57,-0.783,-0.793,0.01,1.059,11.0232,9,0.2,0.8872751229381676,5,0.49591692375748886,0.65,0.0,30.2,54.3,33.4,0.0,0.0,52.0,0.0,379.0852,32.1,XLK,37.25655482982716,False,short_side_not_traded_evidence_only,,,376.8,0.0611,377.01,0.1168
2026-09-25,2026-09-25T13:39:56.120855,DDOG,RAPID_DECREASE_CANDIDATE,270.0,-1.825,-1.835,0.01,1.033,3.2148,9,0.4,1.3311469240348954,5,0.48523081416149766,0.6166666666666667,0.0,4.1,52.4,15.3,0.0,0.0,51.1,0.0,273.802,6.0,XLK,30.212144270695394,False,short_side_not_traded_evidence_only,,,277.27,2.6926,272.875,1.0648
2026-09-25,2026-09-25T13:39:59.352188,BITX,RAPID_DECREASE_CANDIDATE,19.865,-0.445,-0.455,0.01,0.995,0.0503,9,0.8,2.267278914475886,5,0.6249816849816897,0.6666666666666667,0.0,38.6,49.7,48.6,0.0,0.0,49.8,99.9,19.8761,,,43.68161679481895,False,short_side_not_traded_evidence_only,,,19.8599,-0.0257,19.55,-1.5857
2026-09-25,2026-09-25T13:39:59.376066,AKAM,RAPID_DECREASE_CANDIDATE,122.335,-0.797,-0.807,0.01,0.959,4.4959,9,0.2,0.8641975186964078,5,0.5548420809126783,0.5666666666666667,0.0,29.8,47.1,33.1,0.0,0.0,48.6,0.0,123.1679,,,35.540062004130476,False,short_side_not_traded_evidence_only,,,119.5,-2.3174,117.05,-4.3201
2026-09-25,2026-09-25T13:39:59.388293,VKTX,RAPID_DECREASE_CANDIDATE,37.83,-2.801,-2.811,0.01,0.948,3.41,9,0.6,2.6493607294435724,5,0.5784171657691218,0.65,0.0,0.0,46.4,8.6,0.0,0.0,48.3,0.0,38.467,,,27.341165874632797,False,short_side_not_traded_evidence_only,,,36.9784,-2.2511,37.065,-2.0222
2026-09-25,2026-09-25T13:39:59.405256,DOCN,RAPID_DECREASE_CANDIDATE,143.73,-0.694,-0.704,0.01,1.086,11.1389,9,0.6,2.346717859290326,5,0.4775679175510934,0.7,0.0,32.4,56.4,42.6,0.0,0.0,52.9,0.0,144.1552,,,39.23938575274066,False,short_side_not_traded_evidence_only,,,141.945,-1.2419,140.38,-2.3308
2026-09-25,2026-09-25T13:39:59.417897,AXTI,RAPID_DECREASE_CANDIDATE,76.89,-0.363,-0.373,0.01,1.01,0.7023,9,0.8,3.6752702400746267,5,0.5864973886769775,0.4833333333333333,0.0,40.7,50.7,71.1,42.1,40.0,50.3,0.0,76.2473,,,40.975806297495694,False,short_side_not_traded_evidence_only,,,76.98,0.1171,75.945,-1.229
2026-09-25,2026-09-25T13:39:59.437042,TTAN,RAPID_DECREASE_CANDIDATE,59.3543,-0.535,-0.545,0.01,1.071,14.5735,9,0.6,0.9104973326095207,5,0.5993909685086114,0.7,0.0,36.4,55.2,39.4,0.0,0.0,52.4,0.0,59.6062,,,39.23857960273152,False,short_side_not_traded_evidence_only,,,59.92,0.9531,59.87,0.8689
2026-09-25,2026-09-25T13:39:59.450056,ALAB,RAPID_DECREASE_CANDIDATE,367.53,-0.398,-0.408,0.01,0.97,0.3347,9,0.6,3.317699589298841,5,0.590647971752025,0.8,0.0,39.8,47.9,49.7,0.0,0.0,49.0,36.7,367.5722,,,40.986951892896016,False,short_side_not_traded_evidence_only,,,362.15,-1.4638,361.02,-1.7713
2026-09-25,2026-09-25T13:39:59.476335,PANW,RAPID_DECREASE_CANDIDATE,375.905,-0.958,-0.968,0.01,1.039,11.0427,9,0.2,0.8872751229381676,5,0.49591692375748886,0.65,0.0,25.8,52.8,29.3,0.0,0.0,51.3,0.0,379.0487,27.7,XLK,35.671654341580194,False,short_side_not_traded_evidence_only,,,376.8,0.2381,377.01,0.294
2026-09-25,2026-09-25T13:39:59.488584,DDOG,RAPID_DECREASE_CANDIDATE,269.905,-1.86,-1.87,0.01,1.021,3.2085,9,0.4,1.3311469240348954,5,0.48523081416149766,0.6166666666666667,0.0,3.2,51.5,14.6,0.0,0.0,50.7,0.0,273.7872,5.1,XLK,29.78938867021332,False,short_side_not_traded_evidence_only,,,277.27,2.7287,272.875,1.1004
2026-09-25,2026-09-25T13:40:02.781518,MRVL,RAPID_DECREASE_CANDIDATE,262.785,-0.347,-0.403,0.056,0.54,4.791,7,0.4,1.3138958548734894,5,0.5739946528879686,0.7,0.0,39.9,47.9,43.2,0.0,0.0,34.7,0.0,263.5019,40.9,SMH,36.87409177285956,False,short_side_not_traded_evidence_only,,,262.5,-0.1085,260.4025,-0.9066
2026-09-25,2026-09-25T13:40:02.799920,VKTX,RAPID_DECREASE_CANDIDATE,37.835,-2.141,-2.197,0.056,0.905,8.6164,7,0.6,2.6493607294435724,5,0.5784171657691218,0.65,0.0,0.0,47.5,9.1,0.0,0.0,46.8,0.0,38.4644,,,27.413496237234934,False,short_side_not_traded_evidence_only,,,36.9784,-2.264,37.065,-2.0352
2026-09-25,2026-09-25T13:40:02.829884,DOCN,RAPID_DECREASE_CANDIDATE,143.672,-0.597,-0.653,0.056,0.559,11.1434,7,0.6,2.346717859290326,5,0.4775679175510934,0.7,0.0,33.7,48.8,41.8,0.0,0.0,35.3,0.0,144.1473,,,35.87833511762095,False,short_side_not_traded_evidence_only,,,141.945,-1.202,140.38,-2.2913
2026-09-25,2026-09-25T13:40:02.896767,TTAN,RAPID_DECREASE_CANDIDATE,59.325,-0.536,-0.592,0.056,0.987,0.4046,7,0.6,0.9104973326095207,5,0.5993909685086114,0.7,0.0,35.2,52.1,38.3,0.0,0.0,49.6,21.2,59.6043,,,38.90771993927786,False,short_side_not_traded_evidence_only,,,59.92,1.0029,59.87,0.9187
2026-09-25,2026-09-25T13:40:02.918282,ALAB,RAPID_DECREASE_CANDIDATE,367.53,-0.598,-0.654,0.056,1.525,0.3347,7,0.6,3.317699589298841,5,0.590647971752025,0.8,0.0,33.6,53.8,49.7,0.0,0.0,67.5,36.7,367.5682,,,43.25518730004325,False,short_side_not_traded_evidence_only,,,362.15,-1.4638,361.02,-1.7713
2026-09-25,2026-09-25T13:40:02.934071,PANW,RAPID_DECREASE_CANDIDATE,376.085,-0.609,-0.665,0.056,0.947,11.0374,7,0.2,0.8872751229381676,5,0.49591692375748886,0.65,0.0,33.4,50.7,30.7,0.0,0.0,48.2,0.0,379.0183,35.9,XLK,36.37829856415783,False,short_side_not_traded_evidence_only,,,376.8,0.1901,377.01,0.246
2026-09-25,2026-09-25T13:40:02.951615,DDOG,RAPID_DECREASE_CANDIDATE,270.0,-1.07,-1.126,0.056,0.33,3.2074,7,0.4,1.3311469240348954,5,0.48523081416149766,0.6166666666666667,0.0,21.8,45.0,15.5,0.0,0.0,27.7,0.0,273.7814,24.3,XLK,29.02904374980549,False,short_side_not_traded_evidence_only,,,277.27,2.6926,272.875,1.0648
2026-09-25,2026-09-25T13:40:06.278736,MRVL,RAPID_DECREASE_CANDIDATE,262.675,-0.389,-0.445,0.056,0.537,4.8082,7,0.4,1.3138958548734894,5,0.5739946528879686,0.7,0.0,38.9,41.8,42.2,0.0,0.0,34.6,0.0,263.4979,39.8,SMH,35.54798578372282,False,short_side_not_traded_evidence_only,,,262.5,-0.0666,260.4025,-0.8651
2026-09-25,2026-09-25T13:40:06.291933,VKTX,RAPID_DECREASE_CANDIDATE,37.8,-2.232,-2.288,0.056,0.933,8.6243,7,0.6,2.6493607294435724,5,0.5784171657691218,0.65,0.0,0.0,48.8,7.0,0.0,0.0,47.8,0.0,38.4618,,,27.47122396128187,False,short_side_not_traded_evidence_only,,,36.9784,-2.1735,37.065,-1.9444
2026-09-25,2026-09-25T13:40:06.306491,DOCN,RAPID_DECREASE_CANDIDATE,143.672,-0.597,-0.653,0.056,0.549,11.1434,7,0.6,2.346717859290326,5,0.4775679175510934,0.7,0.0,33.7,42.1,41.9,0.0,0.0,35.0,0.0,144.1396,,,34.728583277545,False,short_side_not_traded_evidence_only,,,141.945,-1.202,140.38,-2.2913
2026-09-25,2026-09-25T13:40:06.319616,TTAN,RAPID_DECREASE_CANDIDATE,59.3,-0.578,-0.634,0.056,0.957,14.6712,7,0.6,0.9104973326095207,5,0.5993909685086114,0.7,0.0,34.1,49.2,37.3,0.0,0.0,48.6,0.0,59.6025,,,37.12787640889547,False,short_side_not_traded_evidence_only,,,59.92,1.0455,59.87,0.9612
2026-09-25,2026-09-25T13:40:06.333161,ALAB,RAPID_DECREASE_CANDIDATE,366.835,-0.786,-0.842,0.056,1.504,0.4607,7,0.6,3.317699589298841,5,0.590647971752025,0.8,0.0,28.9,59.9,45.0,0.0,0.0,66.8,8.7,367.5644,,,41.65025842719271,False,short_side_not_traded_evidence_only,,,362.15,-1.2771,361.02,-1.5852
2026-09-25,2026-09-25T13:40:06.357945,PANW,RAPID_DECREASE_CANDIDATE,376.085,-0.609,-0.665,0.056,0.933,11.0374,7,0.2,0.8872751229381676,5,0.49591692375748886,0.65,0.0,33.4,48.8,30.8,0.0,0.0,47.8,0.0,378.9885,35.9,XLK,36.01695294284615,False,short_side_not_traded_evidence_only,,,376.8,0.1901,377.01,0.246
2026-09-25,2026-09-25T13:40:06.371790,DDOG,RAPID_DECREASE_CANDIDATE,270.0,-1.07,-1.126,0.056,0.339,3.2074,7,0.4,1.3311469240348954,5,0.48523081416149766,0.6166666666666667,0.0,21.8,38.6,15.5,0.0,0.0,28.0,0.0,273.7756,24.3,XLK,28.009839488389847,False,short_side_not_traded_evidence_only,,,277.27,2.6926,272.875,1.0648
2026-09-25,2026-09-25T13:40:09.617608,MRVL,RAPID_DECREASE_CANDIDATE,262.55,-0.436,-0.492,0.056,0.551,4.7496,7,0.4,1.3138958548734894,5,0.5739946528879686,0.7,0.0,37.7,37.8,41.0,0.0,0.0,35.0,0.0,263.494,38.6,SMH,34.58716152889138,False,short_side_not_traded_evidence_only,,,262.5,-0.019,260.4025,-0.8179
2026-09-25,2026-09-25T13:40:09.643359,VKTX,RAPID_DECREASE_CANDIDATE,37.81,-2.206,-2.262,0.056,0.936,8.6221,7,0.6,2.6493607294435724,5,0.5784171657691218,0.65,0.0,0.0,48.1,7.8,0.0,0.0,47.9,0.0,38.4592,,,27.48247268957972,False,short_side_not_traded_evidence_only,,,36.9784,-2.1994,37.065,-1.9704
2026-09-25,2026-09-25T13:40:09.657398,DOCN,RAPID_DECREASE_CANDIDATE,143.72,-0.564,-0.62,0.056,0.564,11.1397,7,0.6,2.346717859290326,5,0.4775679175510934,0.7,0.0,34.5,38.1,42.9,0.0,0.0,35.5,0.0,144.1322,,,34.38669016844669,False,short_side_not_traded_evidence_only,,,141.945,-1.235,140.38,-2.324
2026-09-25,2026-09-25T13:40:09.677327,TTAN,RAPID_DECREASE_CANDIDATE,59.3937,-0.421,-0.477,0.056,0.959,14.5807,7,0.6,0.9104973326095207,5,0.5993909685086114,0.7,0.0,38.1,48.8,41.3,0.0,0.0,48.6,0.0,59.6007,,,38.22514837953906,False,short_side_not_traded_evidence_only,,,59.92,0.8861,59.87,0.8019
2026-09-25,2026-09-25T13:40:09.700422,ALAB,RAPID_DECREASE_CANDIDATE,367.0544,-0.726,-0.782,0.056,1.463,0.4604,7,0.6,3.317699589298841,5,0.590647971752025,0.8,0.0,30.4,64.8,46.6,0.0,0.0,65.4,8.8,367.5606,,,42.74602382055137,False,short_side_not_traded_evidence_only,,,362.15,-1.3362,361.02,-1.644
2026-09-25,2026-09-25T13:40:09.715247,PANW,RAPID_DECREASE_CANDIDATE,376.085,-0.609,-0.665,0.056,0.936,11.0374,7,0.2,0.8872751229381676,5,0.49591692375748886,0.65,0.0,33.4,48.1,31.0,0.0,0.0,47.9,0.0,378.9592,35.9,XLK,35.95060518674938,False,short_side_not_traded_evidence_only,,,376.8,0.1901,377.01,0.246
2026-09-25,2026-09-25T13:40:09.729318,DDOG,RAPID_DECREASE_CANDIDATE,269.15,-1.381,-1.437,0.056,0.352,3.2101,7,0.4,1.3311469240348954,5,0.48523081416149766,0.6166666666666667,0.0,14.1,32.9,7.8,0.0,0.0,28.4,0.0,273.7697,16.5,XLK,24.85376676028125,False,short_side_not_traded_evidence_only,,,277.27,3.0169,272.875,1.384
2026-09-25,2026-09-25T13:40:13.004030,MRVL,RAPID_DECREASE_CANDIDATE,262.484,-0.461,-0.517,0.056,0.566,4.747,7,0.4,1.3138958548734894,5,0.5739946528879686,0.7,0.0,37.1,33.7,40.5,0.0,0.0,35.5,0.0,263.4902,38.0,SMH,33.79209342500753,False,short_side_not_traded_evidence_only,,,262.5,0.0061,260.4025,-0.793
2026-09-25,2026-09-25T13:40:13.017706,VKTX,RAPID_DECREASE_CANDIDATE,37.87,-2.051,-2.107,0.056,0.94,8.6084,7,0.6,2.6493607294435724,5,0.5784171657691218,0.65,0.0,0.0,47.5,11.9,0.0,0.0,48.0,0.0,38.4566,,,27.904012443019287,False,short_side_not_traded_evidence_only,,,36.9784,-2.3544,37.065,-2.1257
2026-09-25,2026-09-25T13:40:13.030597,DOCN,RAPID_DECREASE_CANDIDATE,144.0413,-0.342,-0.398,0.056,0.578,5.6234,7,0.6,2.346717859290326,5,0.4775679175510934,0.7,0.0,40.0,34.1,48.6,0.0,0.0,35.9,0.0,144.1249,,,35.4203388691551,False,short_side_not_traded_evidence_only,,,141.945,-1.4553,140.38,-2.5418
2026-09-25,2026-09-25T13:40:13.047050,TTAN,RAPID_DECREASE_CANDIDATE,59.3669,-0.466,-0.522,0.056,0.962,14.5873,7,0.6,0.9104973326095207,5,0.5993909685086114,0.7,0.0,37.0,48.4,40.3,0.0,0.0,48.7,0.0,59.5989,,,37.8529923329942,False,short_side_not_traded_evidence_only,,,59.92,0.9317,59.87,0.8474
2026-09-25,2026-09-25T13:40:13.066744,ALAB,RAPID_DECREASE_CANDIDATE,366.835,-0.786,-0.842,0.056,1.424,11.0676,7,0.6,3.317699589298841,5,0.590647971752025,0.8,0.0,28.9,69.8,45.1,0.0,0.0,64.1,0.0,367.5568,,,42.607554673885005,False,short_side_not_traded_evidence_only,,,362.15,-1.2771,361.02,-1.5852
2026-09-25,2026-09-25T13:40:13.080436,PANW,RAPID_DECREASE_CANDIDATE,376.45,-0.513,-0.569,0.056,0.94,11.0267,7,0.2,0.8872751229381676,5,0.49591692375748886,0.65,0.0,35.8,47.5,33.6,0.0,0.0,48.0,0.0,378.9305,38.2,XLK,36.588997017917954,False,short_side_not_traded_evidence_only,,,376.8,0.093,377.01,0.1488
2026-09-25,2026-09-25T13:40:13.094705,DDOG,RAPID_DECREASE_CANDIDATE,269.99,-1.074,-1.13,0.056,0.366,0.4889,7,0.4,1.3311469240348954,5,0.48523081416149766,0.6166666666666667,0.0,21.7,27.2,15.5,0.0,0.0,28.9,2.5,273.7639,24.2,XLK,26.308703051591767,False,short_side_not_traded_evidence_only,,,277.27,2.6964,272.875,1.0686
2026-09-25,2026-09-25T13:40:16.330282,MRVL,RAPID_DECREASE_CANDIDATE,262.27,-0.542,-0.598,0.056,0.582,4.6136,8,0.4,1.3138958548734894,5,0.5739946528879686,0.7,0.0,35.0,29.6,38.5,0.0,0.0,36.1,0.0,263.4863,36.0,SMH,32.592279203944244,False,short_side_not_traded_evidence_only,,,262.5,0.0877,260.4025,-0.7121
2026-09-25,2026-09-25T13:40:16.344830,VKTX,RAPID_DECREASE_CANDIDATE,37.8584,-2.081,-2.137,0.056,0.943,8.611,8,0.6,2.6493607294435724,5,0.5784171657691218,0.65,0.0,0.0,46.9,11.3,0.0,0.0,48.1,0.0,38.4541,,,27.73940116768963,False,short_side_not_traded_evidence_only,,,36.9784,-2.3245,37.065,-2.0957
2026-09-25,2026-09-25T13:40:16.357531,DOCN,RAPID_DECREASE_CANDIDATE,143.6236,-0.631,-0.687,0.056,0.594,5.6397,8,0.6,2.346717859290326,5,0.4775679175510934,0.7,0.0,32.8,30.1,41.4,0.0,0.0,36.5,0.0,144.1178,,,32.73042745281334,False,short_side_not_traded_evidence_only,,,141.945,-1.1687,140.38,-2.2584
2026-09-25,2026-09-25T13:40:16.370032,AXTI,RAPID_DECREASE_CANDIDATE,76.69,-0.622,-0.678,0.056,0.623,25.2836,8,0.8,3.6752702400746267,5,0.5864973886769775,0.4833333333333333,0.0,33.0,31.4,63.3,26.6,40.0,37.4,0.0,76.2847,,,35.84413947414758,False,short_side_not_traded_evidence_only,,,76.98,0.3781,75.945,-0.9714
2026-09-25,2026-09-25T13:40:16.382568,TTAN,RAPID_DECREASE_CANDIDATE,59.3669,-0.466,-0.522,0.056,0.964,14.5873,8,0.6,0.9104973326095207,5,0.5993909685086114,0.7,0.0,37.0,48.0,40.3,0.0,0.0,48.8,0.0,59.5972,,,37.804560902754055,False,short_side_not_traded_evidence_only,,,59.92,0.9317,59.87,0.8474
2026-09-25,2026-09-25T13:40:16.395838,ALAB,RAPID_DECREASE_CANDIDATE,366.26,-0.941,-0.997,0.056,1.388,5.8265,8,0.6,3.317699589298841,5,0.590647971752025,0.8,0.0,25.1,74.7,41.2,0.0,0.0,62.9,0.0,367.5532,,,42.15002367310407,False,short_side_not_traded_evidence_only,,,362.15,-1.1222,361.02,-1.4307
2026-09-25,2026-09-25T13:40:16.418535,PANW,RAPID_DECREASE_CANDIDATE,376.82,-0.415,-0.471,0.056,0.943,11.0159,8,0.2,0.8872751229381676,5,0.49591692375748886,0.65,0.0,38.2,46.9,36.3,0.0,0.0,48.1,0.0,378.9023,40.7,XLK,37.23529728429525,False,short_side_not_traded_evidence_only,,,376.8,-0.0053,377.01,0.0504
2026-09-25,2026-09-25T13:40:16.435136,DDOG,RAPID_DECREASE_CANDIDATE,270.221,-0.989,-1.045,0.056,0.381,0.4885,8,0.4,1.3311469240348954,5,0.48523081416149766,0.6166666666666667,0.0,23.9,21.5,17.7,0.0,0.0,29.4,2.6,273.7582,26.4,XLK,26.04856803163552,False,short_side_not_traded_evidence_only,,,277.27,2.6086,272.875,0.9822
2026-09-25,2026-09-25T13:40:19.709190,MRVL,RAPID_DECREASE_CANDIDATE,262.3185,-0.524,-0.58,0.056,0.598,0.9835,8,0.4,1.3138958548734894,5,0.5739946528879686,0.7,0.0,35.5,25.5,39.0,0.0,0.0,36.6,0.0,263.4825,36.4,SMH,32.116246816954664,False,short_side_not_traded_evidence_only,,,262.5,0.0692,260.4025,-0.7304
2026-09-25,2026-09-25T13:40:19.736745,VKTX,RAPID_DECREASE_CANDIDATE,37.74,-2.387,-2.443,0.056,0.947,8.638,8,0.6,2.6493607294435724,5,0.5784171657691218,0.65,0.0,0.0,46.3,3.7,0.0,0.0,48.2,0.0,38.4516,,,26.71078590257125,False,short_side_not_traded_evidence_only,,,36.9784,-2.018,37.065,-1.7886
2026-09-25,2026-09-25T13:40:19.773436,DOCN,RAPID_DECREASE_CANDIDATE,143.725,-0.56,-0.616,0.056,0.611,11.1393,8,0.6,2.346717859290326,5,0.4775679175510934,0.7,0.0,34.6,26.2,43.3,0.0,0.0,37.0,0.0,144.1108,,,32.66988703435514,False,short_side_not_traded_evidence_only,,,141.945,-1.2385,140.38,-2.3274
2026-09-25,2026-09-25T13:40:19.790557,AXTI,RAPID_DECREASE_CANDIDATE,76.67,-0.648,-0.704,0.056,0.639,25.2902,8,0.8,3.6752702400746267,5,0.5864973886769775,0.4833333333333333,0.0,32.4,27.7,62.4,24.8,40.0,38.0,0.0,76.2917,,,35.29343513070672,False,short_side_not_traded_evidence_only,,,76.98,0.4043,75.945,-0.9456
2026-09-25,2026-09-25T13:40:19.827695,TTAN,RAPID_DECREASE_CANDIDATE,59.3669,-0.466,-0.522,0.056,0.966,14.6041,8,0.6,0.9104973326095207,5,0.5993909685086114,0.7,0.0,37.0,47.6,40.4,0.0,0.0,48.9,0.0,59.5954,,,37.75600487815235,False,short_side_not_traded_evidence_only,,,59.92,0.9317,59.87,0.8474
2026-09-25,2026-09-25T13:40:19.891138,ALAB,RAPID_DECREASE_CANDIDATE,366.4245,-0.897,-0.953,0.056,1.353,5.8238,8,0.6,3.317699589298841,5,0.590647971752025,0.8,0.0,26.2,79.7,42.3,0.0,0.0,61.8,0.0,367.5496,,,43.154505277971374,False,short_side_not_traded_evidence_only,,,362.15,-1.1665,361.02,-1.4749
2026-09-25,2026-09-25T13:40:19.904030,PANW,RAPID_DECREASE_CANDIDATE,376.45,-0.513,-0.569,0.056,0.947,11.0267,8,0.2,0.8872751229381676,5,0.49591692375748886,0.65,0.0,35.8,46.3,34.0,0.0,0.0,48.2,0.0,378.8746,38.2,XLK,36.45836622899057,False,short_side_not_traded_evidence_only,,,376.8,0.093,377.01,0.1488
2026-09-25,2026-09-25T13:40:19.919108,DDOG,RAPID_DECREASE_CANDIDATE,270.28,-0.967,-1.023,0.056,0.397,5.3759,8,0.4,1.3311469240348954,5,0.48523081416149766,0.6166666666666667,0.0,24.4,15.8,18.3,0.0,0.0,29.9,0.0,273.7524,26.9,XLK,25.22356066887413,False,short_side_not_traded_evidence_only,,,277.27,2.5862,272.875,0.9601
2026-09-25,2026-09-25T13:40:23.262041,MRVL,RAPID_DECREASE_CANDIDATE,262.31,-0.527,-0.583,0.056,0.616,5.5011,8,0.4,1.3138958548734894,5,0.5739946528879686,0.7,0.0,35.4,26.5,38.9,0.0,0.0,37.2,0.0,263.4788,36.4,SMH,32.327222319176656,False,short_side_not_traded_evidence_only,,,262.5,0.0724,260.4025,-0.7272
2026-09-25,2026-09-25T13:40:23.279389,VKTX,RAPID_DECREASE_CANDIDATE,37.7624,-2.329,-2.385,0.056,0.95,8.6329,8,0.6,2.6493607294435724,5,0.5784171657691218,0.65,0.0,0.0,46.5,5.4,0.0,0.0,48.3,0.0,38.4491,,,26.966298377203522,False,short_side_not_traded_evidence_only,,,36.9784,-2.0761,37.065,-1.8468
2026-09-25,2026-09-25T13:40:23.294326,DOCN,RAPID_DECREASE_CANDIDATE,143.735,-0.553,-0.609,0.056,0.628,6.4633,8,0.6,2.346717859290326,5,0.4775679175510934,0.7,0.0,34.8,27.1,43.6,0.0,0.0,37.6,0.0,144.104,,,32.959974110130375,False,short_side_not_traded_evidence_only,,,141.945,-1.2453,140.38,-2.3342
2026-09-25,2026-09-25T13:40:23.306659,AXTI,RAPID_DECREASE_CANDIDATE,76.3915,-1.009,-1.065,0.056,0.656,0.6545,8,0.8,3.6752702400746267,5,0.5864973886769775,0.4833333333333333,0.0,23.4,28.6,53.0,6.1,0.0,38.5,0.0,76.2986,,,31.847764106468826,False,short_side_not_traded_evidence_only,,,76.98,0.7704,75.945,-0.5845
2026-09-25,2026-09-25T13:40:23.320709,TTAN,RAPID_DECREASE_CANDIDATE,59.3372,-0.516,-0.572,0.056,0.969,1.2303,8,0.6,0.9104973326095207,5,0.5993909685086114,0.7,0.0,35.7,47.8,39.2,0.0,0.0,49.0,0.0,59.5937,,,37.440361009700375,False,short_side_not_traded_evidence_only,,,59.92,0.9822,59.87,0.8979
2026-09-25,2026-09-25T13:40:23.334463,ALAB,RAPID_DECREASE_CANDIDATE,366.2343,-0.948,-1.004,0.056,1.319,5.8269,8,0.6,3.317699589298841,5,0.590647971752025,0.8,0.0,24.9,76.4,41.1,0.0,0.0,60.6,0.0,367.546,,,42.10178435678547,False,short_side_not_traded_evidence_only,,,362.15,-1.1152,361.02,-1.4238
2026-09-25,2026-09-25T13:40:23.347182,PANW,RAPID_DECREASE_CANDIDATE,376.779,-0.426,-0.482,0.056,0.951,5.5072,8,0.2,0.8872751229381676,5,0.49591692375748886,0.65,0.0,38.0,46.5,36.4,0.0,0.0,48.4,0.0,378.8474,40.4,XLK,37.1722145682955,False,short_side_not_traded_evidence_only,,,376.8,0.0056,377.01,0.0613
2026-09-25,2026-09-25T13:40:23.360317,DDOG,RAPID_DECREASE_CANDIDATE,270.0,-1.07,-1.126,0.056,0.415,5.3815,8,0.4,1.3311469240348954,5,0.48523081416149766,0.6166666666666667,0.0,21.8,16.6,15.8,0.0,0.0,30.5,0.0,273.7467,24.3,XLK,24.691381907190955,False,short_side_not_traded_evidence_only,,,277.27,2.6926,272.875,1.0648
2026-09-25,2026-09-25T13:40:26.897610,MRVL,RAPID_DECREASE_CANDIDATE,262.275,-0.54,-0.596,0.056,0.635,5.5019,8,0.4,1.3138958548734894,5,0.5739946528879686,0.7,0.0,35.1,27.5,38.6,0.0,0.0,37.8,0.0,263.4751,36.0,SMH,32.48080789155125,False,short_side_not_traded_evidence_only,,,262.5,0.0858,260.4025,-0.7139
2026-09-25,2026-09-25T13:40:26.911823,VKTX,RAPID_DECREASE_CANDIDATE,37.795,-2.245,-2.301,0.056,0.954,8.6255,8,0.6,2.6493607294435724,5,0.5784171657691218,0.65,0.0,0.0,46.8,7.6,0.0,0.0,48.5,0.0,38.4466,,,27.309170695832833,False,short_side_not_traded_evidence_only,,,36.9784,-2.1606,37.065,-1.9315
2026-09-25,2026-09-25T13:40:26.928552,DOCN,RAPID_DECREASE_CANDIDATE,143.735,-0.553,-0.609,0.056,0.647,6.4563,8,0.6,2.346717859290326,5,0.4775679175510934,0.7,0.0,34.8,28.1,43.7,0.0,0.0,38.2,0.0,144.0974,,,33.21844107557898,False,short_side_not_traded_evidence_only,,,141.945,-1.2453,140.38,-2.3342
2026-09-25,2026-09-25T13:40:26.943675,AXTI,RAPID_DECREASE_CANDIDATE,76.31,-1.114,-1.17,0.056,0.674,0.4849,8,0.8,3.6752702400746267,5,0.5864973886769775,0.4833333333333333,0.0,20.7,29.6,50.2,0.3,0.0,39.1,3.4,76.3054,,,32.14886566516487,False,short_side_not_traded_evidence_only,,,76.98,0.878,75.945,-0.4783
2026-09-25,2026-09-25T13:40:26.960173,TTAN,RAPID_DECREASE_CANDIDATE,59.3372,-0.516,-0.572,0.056,0.971,1.2303,8,0.6,0.9104973326095207,5,0.5993909685086114,0.7,0.0,35.7,48.0,39.3,0.0,0.0,49.0,0.0,59.592,,,37.48468625605516,False,short_side_not_traded_evidence_only,,,59.92,0.9822,59.87,0.8979
2026-09-25,2026-09-25T13:40:26.978391,ALAB,RAPID_DECREASE_CANDIDATE,366.2308,-0.949,-1.005,0.056,1.288,5.8269,8,0.6,3.317699589298841,5,0.590647971752025,0.8,0.0,24.9,73.4,41.1,0.0,0.0,59.6,0.0,367.5426,,,41.47076586020444,False,short_side_not_traded_evidence_only,,,362.15,-1.1143,361.02,-1.4228
2026-09-25,2026-09-25T13:40:26.991729,PANW,RAPID_DECREASE_CANDIDATE,376.55,-0.486,-0.542,0.056,0.954,11.0238,8,0.2,0.8872751229381676,5,0.49591692375748886,0.65,0.0,36.5,46.8,35.0,0.0,0.0,48.5,0.0,378.8207,38.9,XLK,36.80916884170773,False,short_side_not_traded_evidence_only,,,376.8,0.0664,377.01,0.1222
2026-09-25,2026-09-25T13:40:27.009693,DDOG,RAPID_DECREASE_CANDIDATE,270.0112,-1.066,-1.122,0.056,0.434,5.3405,8,0.4,1.3311469240348954,5,0.48523081416149766,0.6166666666666667,0.0,21.9,17.5,15.9,0.0,0.0,31.1,0.0,273.7409,24.4,XLK,24.956250125622383,False,short_side_not_traded_evidence_only,,,277.27,2.6883,272.875,1.0606
2026-09-25,2026-09-25T13:40:30.354383,MRVL,RAPID_DECREASE_CANDIDATE,262.125,-0.597,-0.653,0.056,0.655,4.6199,7,0.4,1.3138958548734894,5,0.5739946528879686,0.7,0.0,33.7,28.5,37.2,0.0,0.0,38.5,0.0,263.4714,34.6,SMH,32.33172477103976,False,short_side_not_traded_evidence_only,,,262.5,0.1431,260.4025,-0.6571
2026-09-25,2026-09-25T13:40:30.385746,VKTX,RAPID_DECREASE_CANDIDATE,37.695,-2.503,-2.559,0.056,0.958,3.4222,7,0.6,2.6493607294435724,5,0.5784171657691218,0.65,0.0,0.0,47.0,1.3,0.0,0.0,48.6,0.0,38.4442,,,26.57448764184072,False,short_side_not_traded_evidence_only,,,36.9784,-1.901,37.065,-1.6713
2026-09-25,2026-09-25T13:40:30.401354,DOCN,RAPID_DECREASE_CANDIDATE,143.735,-0.553,-0.609,0.056,0.666,6.4494,7,0.6,2.346717859290326,5,0.4775679175510934,0.7,0.0,34.8,29.1,43.8,0.0,0.0,38.9,0.0,144.0909,,,33.48909551078752,False,short_side_not_traded_evidence_only,,,141.945,-1.2453,140.38,-2.3342
2026-09-25,2026-09-25T13:40:30.415950,AXTI,RAPID_DECREASE_CANDIDATE,76.4,-0.998,-1.054,0.056,0.693,0.4843,7,0.8,3.6752702400746267,5,0.5864973886769775,0.4833333333333333,0.0,23.6,30.6,52.9,5.8,0.0,39.8,3.5,76.312,,,32.54924969075749,False,short_side_not_traded_evidence_only,,,76.98,0.7592,75.945,-0.5955
2026-09-25,2026-09-25T13:40:30.433736,TTAN,RAPID_DECREASE_CANDIDATE,59.3372,-0.516,-0.572,0.056,0.973,3.0167,7,0.6,0.9104973326095207,5,0.5993909685086114,0.7,0.0,35.7,48.1,39.4,0.0,0.0,49.1,0.0,59.5904,,,37.529080643298435,False,short_side_not_traded_evidence_only,,,59.92,0.9822,59.87,0.8979
2026-09-25,2026-09-25T13:40:30.450731,ALAB,RAPID_DECREASE_CANDIDATE,366.71,-0.819,-0.875,0.056,1.258,5.8193,7,0.6,3.317699589298841,5,0.590647971752025,0.8,0.0,28.1,70.7,44.4,0.0,0.0,58.6,0.0,367.5391,,,41.837537927035825,False,short_side_not_traded_evidence_only,,,362.15,-1.2435,361.02,-1.5516
2026-09-25,2026-09-25T13:40:30.464126,PANW,RAPID_DECREASE_CANDIDATE,376.15,-0.592,-0.648,0.056,0.958,11.0355,7,0.2,0.8872751229381676,5,0.49591692375748886,0.65,0.0,33.8,47.0,32.5,0.0,0.0,48.6,0.0,378.7945,36.3,XLK,36.117585915769546,False,short_side_not_traded_evidence_only,,,376.8,0.1728,377.01,0.2286
2026-09-25,2026-09-25T13:40:33.674744,MRVL,RAPID_DECREASE_CANDIDATE,262.47,-0.466,-0.522,0.056,0.676,0.9753,8,0.4,1.3138958548734894,5,0.5739946528879686,0.7,0.0,37.0,29.7,40.5,0.0,0.0,39.2,0.0,263.4678,37.9,SMH,33.571735546368075,False,short_side_not_traded_evidence_only,,,262.5,0.0114,260.4025,-0.7877
2026-09-25,2026-09-25T13:40:33.687989,VKTX,RAPID_DECREASE_CANDIDATE,37.79,-2.257,-2.313,0.056,0.961,3.4136,8,0.6,2.6493607294435724,5,0.5784171657691218,0.65,0.0,0.0,47.3,7.6,0.0,0.0,48.7,0.0,38.4418,,,27.421006890309865,False,short_side_not_traded_evidence_only,,,36.9784,-2.1477,37.065,-1.9185
2026-09-25,2026-09-25T13:40:33.705395,DOCN,RAPID_DECREASE_CANDIDATE,143.75,-0.543,-0.599,0.056,0.687,6.4209,8,0.6,2.346717859290326,5,0.4775679175510934,0.7,0.0,35.0,30.3,44.2,0.0,0.0,39.6,0.0,144.0846,,,33.85596096646101,False,short_side_not_traded_evidence_only,,,141.945,-1.2557,140.38,-2.3443
2026-09-25,2026-09-25T13:40:33.721621,AXTI,RAPID_DECREASE_CANDIDATE,76.14,-1.335,-1.391,0.056,0.713,15.1432,8,0.8,3.6752702400746267,5,0.5864973886769775,0.4833333333333333,0.0,15.2,31.7,44.2,0.0,0.0,40.4,0.0,76.3185,,,30.8987842041971,False,short_side_not_traded_evidence_only,,,76.98,1.1032,75.945,-0.2561
2026-09-25,2026-09-25T13:40:33.734144,TTAN,RAPID_DECREASE_CANDIDATE,59.335,-0.519,-0.575,0.056,0.976,3.0168,8,0.6,0.9104973326095207,5,0.5993909685086114,0.7,0.0,35.6,48.3,39.4,0.0,0.0,49.2,0.0,59.5887,,,37.55367766992505,False,short_side_not_traded_evidence_only,,,59.92,0.9859,59.87,0.9017
2026-09-25,2026-09-25T13:40:33.748289,ALAB,RAPID_DECREASE_CANDIDATE,366.7185,-0.817,-0.873,0.056,1.229,5.8928,8,0.6,3.317699589298841,5,0.590647971752025,0.8,0.0,28.2,68.1,44.4,0.0,0.0,57.6,0.0,367.5358,,,41.308242521672796,False,short_side_not_traded_evidence_only,,,362.15,-1.2458,361.02,-1.5539
2026-09-25,2026-09-25T13:40:33.778440,PANW,RAPID_DECREASE_CANDIDATE,376.3787,-0.532,-0.588,0.056,0.962,11.0288,8,0.2,0.8872751229381676,5,0.49591692375748886,0.65,0.0,35.3,47.3,34.2,0.0,0.0,48.7,0.0,378.7687,37.8,XLK,36.63640746655499,False,short_side_not_traded_evidence_only,,,376.8,0.1119,377.01,0.1677
2026-09-25,2026-09-25T13:40:33.791989,DDOG,RAPID_DECREASE_CANDIDATE,271.2812,-0.6,-0.656,0.056,0.48,3.5535,8,0.4,1.3311469240348954,5,0.48523081416149766,0.6166666666666667,0.0,33.6,19.6,27.6,0.0,0.0,32.7,0.0,273.7295,36.1,XLK,28.906534548853827,False,short_side_not_traded_evidence_only,,,277.27,2.2076,272.875,0.5875
2026-09-25,2026-09-25T13:40:37.003795,MRVL,RAPID_DECREASE_CANDIDATE,262.266,-0.544,-0.6,0.056,0.699,5.502,8,0.4,1.3138958548734894,5,0.5739946528879686,0.7,0.0,35.0,30.9,38.6,0.0,0.0,40.0,0.0,263.4642,35.9,SMH,33.31440141425471,False,short_side_not_traded_evidence_only,,,262.5,0.0892,260.4025,-0.7105
2026-09-25,2026-09-25T13:40:37.016850,VKTX,RAPID_DECREASE_CANDIDATE,37.695,-2.503,-2.559,0.056,0.965,3.4222,8,0.6,2.6493607294435724,5,0.5784171657691218,0.65,0.0,0.0,47.5,1.6,0.0,0.0,48.8,0.0,38.4394,,,26.72744085272145,False,short_side_not_traded_evidence_only,,,36.9784,-1.901,37.065,-1.6713
2026-09-25,2026-09-25T13:40:37.033856,DOCN,RAPID_DECREASE_CANDIDATE,143.672,-0.597,-0.653,0.056,0.709,11.1434,8,0.6,2.346717859290326,5,0.4775679175510934,0.7,0.0,33.7,31.5,42.9,0.0,0.0,40.3,0.0,144.0784,,,33.774027143403906,False,short_side_not_traded_evidence_only,,,141.945,-1.202,140.38,-2.2913
2026-09-25,2026-09-25T13:40:37.049029,AXTI,RAPID_DECREASE_CANDIDATE,76.46,-0.92,-0.976,0.056,0.734,15.0667,8,0.8,3.6752702400746267,5,0.5864973886769775,0.4833333333333333,0.0,25.6,32.9,54.4,8.9,0.0,41.1,0.0,76.3249,,,33.093841909154165,False,short_side_not_traded_evidence_only,,,76.98,0.6801,75.945,-0.6736
2026-09-25,2026-09-25T13:40:37.062860,TTAN,RAPID_DECREASE_CANDIDATE,59.335,-0.519,-0.575,0.056,0.978,3.0168,8,0.6,0.9104973326095207,5,0.5993909685086114,0.7,0.0,35.6,48.4,39.4,0.0,0.0,49.3,0.0,59.5871,,,37.598222729320156,False,short_side_not_traded_evidence_only,,,59.92,0.9859,59.87,0.9017
2026-09-25,2026-09-25T13:40:37.079313,ALAB,RAPID_DECREASE_CANDIDATE,366.935,-0.759,-0.815,0.056,1.201,5.8921,8,0.6,3.317699589298841,5,0.590647971752025,0.8,0.0,29.6,65.7,45.9,0.0,0.0,56.7,0.0,367.5325,,,41.22311199377052,False,short_side_not_traded_evidence_only,,,362.15,-1.304,361.02,-1.612
2026-09-25,2026-09-25T13:40:37.098073,PANW,RAPID_DECREASE_CANDIDATE,376.22,-0.573,-0.629,0.056,0.965,11.0334,8,0.2,0.8872751229381676,5,0.49591692375748886,0.65,0.0,34.3,47.6,33.3,0.0,0.0,48.8,0.0,378.7434,36.8,XLK,36.41070805314652,False,short_side_not_traded_evidence_only,,,376.8,0.1542,377.01,0.21
2026-09-25,2026-09-25T13:40:37.116039,DDOG,RAPID_DECREASE_CANDIDATE,271.2711,-0.604,-0.66,0.056,0.506,3.5463,8,0.4,1.3311469240348954,5,0.48523081416149766,0.6166666666666667,0.0,33.5,20.9,27.6,0.0,0.0,33.5,0.0,273.7239,36.0,XLK,29.20459302142037,False,short_side_not_traded_evidence_only,,,277.27,2.2114,272.875,0.5913
2026-09-25,2026-09-25T13:40:40.414365,MRVL,RAPID_DECREASE_CANDIDATE,262.32,-0.523,-0.579,0.056,0.723,4.6203,8,0.4,1.3138958548734894,5,0.5739946528879686,0.7,0.0,35.5,32.3,39.2,0.0,0.0,40.8,0.0,263.4606,36.5,SMH,33.79824618922829,False,short_side_not_traded_evidence_only,,,262.5,0.0686,260.4025,-0.731
2026-09-25,2026-09-25T13:40:40.446888,VKTX,RAPID_DECREASE_CANDIDATE,37.79,-2.257,-2.313,0.056,0.969,3.4136,8,0.6,2.6493607294435724,5,0.5784171657691218,0.65,0.0,0.0,47.8,7.9,0.0,0.0,49.0,0.0,38.437,,,27.57881612671294,False,short_side_not_traded_evidence_only,,,36.9784,-2.1477,37.065,-1.9185
2026-09-25,2026-09-25T13:40:40.485361,DOCN,RAPID_DECREASE_CANDIDATE,143.76,-0.536,-0.592,0.056,0.733,6.3996,8,0.6,2.346717859290326,5,0.4775679175510934,0.7,0.0,35.2,32.9,44.6,0.0,0.0,41.1,0.0,144.0723,,,34.55707970124523,False,short_side_not_traded_evidence_only,,,141.945,-1.2625,140.38,-2.3511
2026-09-25,2026-09-25T13:40:40.499295,AXTI,RAPID_DECREASE_CANDIDATE,76.4,-0.998,-1.054,0.056,0.756,15.0785,8,0.8,3.6752702400746267,5,0.5864973886769775,0.4833333333333333,0.0,23.6,34.2,52.3,4.5,0.0,41.9,0.0,76.3312,,,33.34819280782305,False,short_side_not_traded_evidence_only,,,76.98,0.7592,75.945,-0.5955
2026-09-25,2026-09-25T13:40:40.511601,TTAN,RAPID_DECREASE_CANDIDATE,59.335,-0.519,-0.575,0.056,0.98,3.0168,8,0.6,0.9104973326095207,5,0.5993909685086114,0.7,0.0,35.6,48.6,39.5,0.0,0.0,49.3,0.0,59.5855,,,37.642849570827785,False,short_side_not_traded_evidence_only,,,59.92,0.9859,59.87,0.9017
2026-09-25,2026-09-25T13:40:40.524281,ALAB,RAPID_DECREASE_CANDIDATE,367.0,-0.741,-0.797,0.056,1.175,5.891,8,0.6,3.317699589298841,5,0.590647971752025,0.8,0.0,30.1,63.5,46.4,0.0,0.0,55.8,0.0,367.5292,,,40.8776194385645,False,short_side_not_traded_evidence_only,,,362.15,-1.3215,361.02,-1.6294
2026-09-25,2026-09-25T13:40:40.536215,PANW,RAPID_DECREASE_CANDIDATE,376.22,-0.573,-0.629,0.056,0.969,11.0334,8,0.2,0.8872751229381676,5,0.49591692375748886,0.65,0.0,34.3,47.8,33.5,0.0,0.0,49.0,0.0,378.7185,36.8,XLK,36.49105590889301,False,short_side_not_traded_evidence_only,,,376.8,0.1542,377.01,0.21
2026-09-25,2026-09-25T13:40:40.549415,DDOG,RAPID_DECREASE_CANDIDATE,271.5083,-0.517,-0.573,0.056,0.535,3.5432,8,0.4,1.3311469240348954,5,0.48523081416149766,0.6166666666666667,0.0,35.7,22.3,29.8,0.0,0.0,34.5,0.0,273.7182,38.1,XLK,30.205905586149164,False,short_side_not_traded_evidence_only,,,277.27,2.1221,272.875,0.5034
2026-09-25,2026-09-25T13:40:43.795237,MRVL,RAPID_DECREASE_CANDIDATE,262.226,-0.559,-0.615,0.056,0.749,5.5029,8,0.4,1.3138958548734894,5,0.5739946528879686,0.7,0.0,34.6,33.8,38.3,0.0,0.0,41.6,0.0,263.4571,35.5,SMH,33.89844576006118,False,short_side_not_traded_evidence_only,,,262.5,0.1045,260.4025,-0.6954
2026-09-25,2026-09-25T13:40:43.815464,VKTX,RAPID_DECREASE_CANDIDATE,37.785,-2.27,-2.326,0.056,0.973,3.3876,8,0.6,2.6493607294435724,5,0.5784171657691218,0.65,0.0,0.0,48.1,7.7,0.0,0.0,49.1,0.0,38.4346,,,27.61752918166241,False,short_side_not_traded_evidence_only,,,36.9784,-2.1347,37.065,-1.9055
2026-09-25,2026-09-25T13:40:43.830559,DOCN,RAPID_DECREASE_CANDIDATE,144.025,-0.353,-0.409,0.056,0.758,6.3739,8,0.6,2.346717859290326,5,0.4775679175510934,0.7,0.0,39.8,34.4,49.3,0.0,0.0,41.9,0.0,144.0664,,,36.256411822871364,False,short_side_not_traded_evidence_only,,,141.945,-1.4442,140.38,-2.5308
2026-09-25,2026-09-25T13:40:43.864779,AXTI,RAPID_DECREASE_CANDIDATE,76.3,-1.127,-1.183,0.056,0.78,0.5242,8,0.8,3.6752702400746267,5,0.5864973886769775,0.4833333333333333,0.0,20.4,35.6,48.8,0.0,0.0,42.7,0.0,76.3373,,,33.274045950071404,False,short_side_not_traded_evidence_only,,,76.98,0.8912,75.945,-0.4653
2026-09-25,2026-09-25T13:40:43.881436,TTAN,RAPID_DECREASE_CANDIDATE,59.34,-0.511,-0.567,0.056,0.983,3.0165,8,0.6,0.9104973326095207,5,0.5993909685086114,0.7,0.0,35.8,48.8,39.8,0.0,0.0,49.4,0.0,59.5839,,,37.751285849849815,False,short_side_not_traded_evidence_only,,,59.92,0.9774,59.87,0.8932
2026-09-25,2026-09-25T13:40:43.894362,ALAB,RAPID_DECREASE_CANDIDATE,366.29,-0.933,-0.989,0.056,1.15,5.7878,8,0.6,3.317699589298841,5,0.590647971752025,0.8,0.0,25.3,61.4,41.6,0.0,0.0,55.0,0.0,367.526,,,39.02648217683901,False,short_side_not_traded_evidence_only,,,362.15,-1.1303,361.02,-1.4388
2026-09-25,2026-09-25T13:40:43.915983,PANW,RAPID_DECREASE_CANDIDATE,376.637,-0.463,-0.519,0.056,0.973,11.0212,8,0.2,0.8872751229381676,5,0.49591692375748886,0.65,0.0,37.0,48.1,36.4,0.0,0.0,49.1,0.0,378.694,39.5,XLK,37.373977215816744,False,short_side_not_traded_evidence_only,,,376.8,0.0433,377.01,0.099
2026-09-25,2026-09-25T13:40:43.928267,DDOG,RAPID_DECREASE_CANDIDATE,270.7778,-0.785,-0.841,0.056,0.568,3.5453,8,0.4,1.3311469240348954,5,0.48523081416149766,0.6166666666666667,0.0,29.0,24.0,23.2,0.0,0.0,35.6,0.0,273.7126,31.4,XLK,28.675674123399514,False,short_side_not_traded_evidence_only,,,277.27,2.3976,272.875,0.7745
2026-09-25,2026-09-25T13:40:47.155976,MRVL,RAPID_DECREASE_CANDIDATE,262.3682,-0.505,-0.561,0.056,0.777,5.4999,8,0.4,1.3138958548734894,5,0.5739946528879686,0.7,0.0,36.0,35.4,39.7,0.0,0.0,42.6,0.0,263.4536,36.9,SMH,34.68629245954122,False,short_side_not_traded_evidence_only,,,262.5,0.0502,260.4025,-0.7492
2026-09-25,2026-09-25T13:40:47.173121,VKTX,RAPID_DECREASE_CANDIDATE,37.785,-2.27,-2.326,0.056,0.977,3.3876,8,0.6,2.6493607294435724,5,0.5784171657691218,0.65,0.0,0.0,48.3,7.9,0.0,0.0,49.2,0.0,38.4323,,,27.69721456219196,False,short_side_not_traded_evidence_only,,,36.9784,-2.1347,37.065,-1.9055
2026-09-25,2026-09-25T13:40:47.216293,DOCN,RAPID_DECREASE_CANDIDATE,143.5529,-0.679,-0.735,0.056,0.785,6.3949,8,0.6,2.346717859290326,5,0.4775679175510934,0.7,0.0,31.6,36.0,41.2,0.0,0.0,42.8,0.0,144.0606,,,34.26701245501584,False,short_side_not_traded_evidence_only,,,141.945,-1.1201,140.38,-2.2103
2026-09-25,2026-09-25T13:40:47.229517,AXTI,RAPID_DECREASE_CANDIDATE,76.55,-0.803,-0.859,0.056,0.805,15.2972,8,0.8,3.6752702400746267,5,0.5864973886769775,0.4833333333333333,0.0,28.5,37.2,56.8,13.5,40.0,43.5,0.0,76.3433,,,37.62236189644368,False,short_side_not_traded_evidence_only,,,76.98,0.5617,75.945,-0.7903
2026-09-25,2026-09-25T13:40:47.246775,TTAN,RAPID_DECREASE_CANDIDATE,59.34,-0.511,-0.567,0.056,0.985,3.0165,8,0.6,0.9104973326095207,5,0.5993909685086114,0.7,0.0,35.8,49.0,39.8,0.0,0.0,49.5,0.0,59.5824,,,37.79608936203117,False,short_side_not_traded_evidence_only,,,59.92,0.9774,59.87,0.8932
2026-09-25,2026-09-25T13:40:47.265213,ALAB,RAPID_DECREASE_CANDIDATE,366.33,-0.922,-0.978,0.056,1.126,5.6943,8,0.6,3.317699589298841,5,0.590647971752025,0.8,0.0,25.5,59.5,41.9,0.0,0.0,54.2,0.0,367.5228,,,38.68490804445945,False,short_side_not_traded_evidence_only,,,362.15,-1.141,361.02,-1.4495
2026-09-25,2026-09-25T13:40:47.279585,PANW,RAPID_DECREASE_CANDIDATE,376.49,-0.502,-0.558,0.056,0.977,11.0255,8,0.2,0.8872751229381676,5,0.49591692375748886,0.65,0.0,36.0,48.3,35.6,0.0,0.0,49.2,0.0,378.6699,38.5,XLK,37.17081038575254,False,short_side_not_traded_evidence_only,,,376.8,0.0823,377.01,0.1381
2026-09-25,2026-09-25T13:40:47.293028,DDOG,RAPID_DECREASE_CANDIDATE,271.6099,-0.48,-0.536,0.056,0.606,5.1471,8,0.4,1.3311469240348954,5,0.48523081416149766,0.6166666666666667,0.0,36.6,25.9,30.8,0.0,0.0,36.9,0.0,273.707,39.1,XLK,31.382211908782,False,short_side_not_traded_evidence_only,,,277.27,2.0839,272.875,0.4658
2026-09-25,2026-09-25T13:40:50.486425,MRVL,RAPID_DECREASE_CANDIDATE,262.2989,-0.531,-0.587,0.056,0.807,5.5014,8,0.4,1.3138958548734894,5,0.5739946528879686,0.7,0.0,35.3,37.2,39.1,0.0,0.0,43.6,0.0,263.4501,36.2,SMH,34.92611081370533,False,short_side_not_traded_evidence_only,,,262.5,0.0767,260.4025,-0.723
2026-09-25,2026-09-25T13:40:50.500118,VKTX,RAPID_DECREASE_CANDIDATE,37.785,-2.27,-2.326,0.056,0.98,3.4141,8,0.6,2.6493607294435724,5,0.5784171657691218,0.65,0.0,0.0,48.6,8.0,0.0,0.0,49.3,0.0,38.43,,,27.7730649342894,False,short_side_not_traded_evidence_only,,,36.9784,-2.1347,37.065,-1.9055
2026-09-25,2026-09-25T13:40:50.515834,DOCN,RAPID_DECREASE_CANDIDATE,144.05,-0.336,-0.392,0.056,0.814,11.1142,8,0.6,2.346717859290326,5,0.4775679175510934,0.7,0.0,40.2,37.7,49.9,0.0,0.0,43.8,0.0,144.0549,,,37.20190724676785,False,short_side_not_traded_evidence_only,,,141.945,-1.4613,140.38,-2.5477
2026-09-25,2026-09-25T13:40:50.530015,AXTI,RAPID_DECREASE_CANDIDATE,76.6392,-0.688,-0.744,0.056,0.832,15.3707,8,0.8,3.6752702400746267,5,0.5864973886769775,0.4833333333333333,0.0,31.4,38.8,59.5,19.0,40.0,44.4,0.0,76.3492,,,38.15012116535192,False,short_side_not_traded_evidence_only,,,76.98,0.4447,75.945,-0.9058
2026-09-25,2026-09-25T13:40:50.565025,TTAN,RAPID_DECREASE_CANDIDATE,59.34,-0.511,-0.567,0.056,0.988,3.0165,8,0.6,0.9104973326095207,5,0.5993909685086114,0.7,0.0,35.8,49.1,39.9,0.0,0.0,49.6,0.0,59.5809,,,37.84515368298973,False,short_side_not_traded_evidence_only,,,59.92,0.9774,59.87,0.8932
2026-09-25,2026-09-25T13:40:50.580712,ALAB,RAPID_DECREASE_CANDIDATE,366.25,-0.944,-1.0,0.056,1.103,5.7857,8,0.6,3.317699589298841,5,0.590647971752025,0.8,0.0,25.0,57.7,41.4,0.0,0.0,53.4,0.0,367.5197,,,38.12780921477062,False,short_side_not_traded_evidence_only,,,362.15,-1.1195,361.02,-1.428
2026-09-25,2026-09-25T13:40:50.604417,PANW,RAPID_DECREASE_CANDIDATE,376.99,-0.37,-0.426,0.056,0.98,11.0109,8,0.2,0.8872751229381676,5,0.49591692375748886,0.65,0.0,39.4,48.6,39.1,0.0,0.0,49.3,0.0,378.6463,41.8,XLK,38.2100988097256,False,short_side_not_traded_evidence_only,,,376.8,-0.0504,377.01,0.0053
2026-09-25,2026-09-25T13:40:50.620410,DDOG,RAPID_DECREASE_CANDIDATE,271.035,-0.691,-0.747,0.056,0.648,5.158,8,0.4,1.3311469240348954,5,0.48523081416149766,0.6166666666666667,0.0,31.3,28.2,25.6,0.0,0.0,38.3,0.0,273.7014,33.8,XLK,30.405040582564716,False,short_side_not_traded_evidence_only,,,277.27,2.3004,272.875,0.6789
2026-09-25,2026-09-25T13:40:53.870037,MRVL,RAPID_DECREASE_CANDIDATE,262.1689,-0.581,-0.637,0.056,0.839,5.5041,8,0.4,1.3138958548734894,5,0.5739946528879686,0.7,0.0,34.1,39.3,37.9,0.0,0.0,44.6,0.0,263.4467,35.0,SMH,35.03459923906881,False,short_side_not_traded_evidence_only,,,262.0794,-0.0341,260.4025,-0.6738
2026-09-25,2026-09-25T13:40:53.887876,VKTX,RAPID_DECREASE_CANDIDATE,37.79,-2.257,-2.313,0.056,0.984,8.6266,8,0.6,2.6493607294435724,5,0.5784171657691218,0.65,0.0,0.0,48.9,8.5,0.0,0.0,49.5,0.0,38.4277,,,27.894084808872822,False,short_side_not_traded_evidence_only,,,36.77,-2.6991,37.065,-1.9185
2026-09-25,2026-09-25T13:40:53.911626,DOCN,RAPID_DECREASE_CANDIDATE,144.09,-0.308,-0.364,0.056,0.846,11.1111,8,0.6,2.346717859290326,5,0.4775679175510934,0.7,0.0,40.9,39.7,50.7,1.4,0.0,44.9,0.0,144.0494,,,37.69909188110861,False,short_side_not_traded_evidence_only,,,141.57,-1.7489,140.38,-2.5748
2026-09-25,2026-09-25T13:40:53.930332,AXTI,RAPID_DECREASE_CANDIDATE,76.47,-0.907,-0.963,0.056,0.861,25.3563,8,0.8,3.6752702400746267,5,0.5864973886769775,0.4833333333333333,0.0,25.9,40.6,53.8,7.5,0.0,45.4,0.0,76.355,,,35.04430486213251,False,short_side_not_traded_evidence_only,,,76.96,0.6408,75.945,-0.6865
2026-09-25,2026-09-25T13:40:53.943767,TTAN,RAPID_DECREASE_CANDIDATE,59.34,-0.511,-0.567,0.056,0.99,3.0165,8,0.6,0.9104973326095207,5,0.5993909685086114,0.7,0.0,35.8,49.3,40.0,0.0,0.0,49.7,0.0,59.5793,,,37.89014955359803,False,short_side_not_traded_evidence_only,,,60.03,1.1628,59.87,0.8932
2026-09-25,2026-09-25T13:40:53.958896,ALAB,RAPID_DECREASE_CANDIDATE,366.66,-0.833,-0.889,0.056,1.08,5.7792,8,0.6,3.317699589298841,5,0.590647971752025,0.8,0.0,27.8,56.0,44.2,0.0,0.0,52.7,0.0,367.5167,,,38.55959233735361,False,short_side_not_traded_evidence_only,,,361.88,-1.3037,361.02,-1.5382
2026-09-25,2026-09-25T13:40:53.973195,PANW,RAPID_DECREASE_CANDIDATE,377.055,-0.353,-0.409,0.056,0.984,11.009,8,0.2,0.8872751229381676,5,0.49591692375748886,0.65,0.0,39.8,48.9,39.6,0.0,0.0,49.5,0.0,378.623,42.2,XLK,38.41558564223357,False,short_side_not_traded_evidence_only,,,377.0075,-0.0126,377.01,-0.0119
2026-09-25,2026-09-25T13:40:53.988626,DDOG,RAPID_DECREASE_CANDIDATE,271.035,-0.691,-0.747,0.056,0.697,5.158,8,0.4,1.3311469240348954,5,0.48523081416149766,0.6166666666666667,0.0,31.3,30.9,25.7,0.0,0.0,39.9,0.0,273.6958,33.8,XLK,31.064707364156337,False,short_side_not_traded_evidence_only,,,276.0401,1.8467,272.875,0.6789
2026-09-25,2026-09-25T13:40:57.299470,MRVL,RAPID_DECREASE_CANDIDATE,262.36,-0.508,-0.564,0.056,0.874,5.5001,8,0.4,1.3138958548734894,5,0.5739946528879686,0.7,0.0,35.9,41.5,39.7,0.0,0.0,45.8,0.0,263.4433,36.8,SMH,36.086835531827006,False,short_side_not_traded_evidence_only,,,262.0794,-0.107,260.655,-0.6499
2026-09-25,2026-09-25T13:40:57.311720,VKTX,RAPID_DECREASE_CANDIDATE,37.85,-2.102,-2.158,0.056,0.988,8.6129,8,0.6,2.6493607294435724,5,0.5784171657691218,0.65,0.0,0.0,49.2,12.6,0.0,0.0,49.6,0.0,38.4254,,,28.462756996217756,False,short_side_not_traded_evidence_only,,,36.77,-2.8534,36.91,-2.4835
2026-09-25,2026-09-25T13:40:57.324852,DOCN,RAPID_DECREASE_CANDIDATE,143.405,-0.782,-0.838,0.056,0.88,2.4616,8,0.6,2.346717859290326,5,0.4775679175510934,0.7,0.0,29.0,41.8,38.9,0.0,0.0,46.0,0.0,144.0439,,,34.927763855091015,False,short_side_not_traded_evidence_only,,,141.57,-1.2796,140.03,-2.3535
2026-09-25,2026-09-25T13:40:57.337454,AXTI,RAPID_DECREASE_CANDIDATE,76.81,-0.467,-0.523,0.056,0.892,10.3112,8,0.8,3.6752702400746267,5,0.5864973886769775,0.4833333333333333,0.0,36.9,42.6,64.7,29.4,40.0,46.4,0.0,76.3607,,,39.30466594700615,False,short_side_not_traded_evidence_only,,,76.96,0.1953,76.2,-0.7942
2026-09-25,2026-09-25T13:40:57.352234,TTAN,RAPID_DECREASE_CANDIDATE,59.335,-0.519,-0.575,0.056,0.993,3.0168,8,0.6,0.9104973326095207,5,0.5993909685086114,0.7,0.0,35.6,49.5,39.8,0.0,0.0,49.8,0.0,59.5778,,,37.87985483306086,False,short_side_not_traded_evidence_only,,,60.03,1.1713,59.7,0.6152
2026-09-25,2026-09-25T13:40:57.364932,ALAB,RAPID_DECREASE_CANDIDATE,366.59,-0.852,-0.908,0.056,1.059,5.5621,8,0.6,3.317699589298841,5,0.590647971752025,0.8,0.0,27.3,54.3,43.7,0.0,0.0,52.0,0.0,367.5137,,,38.066398955649674,False,short_side_not_traded_evidence_only,,,361.88,-1.2848,361.61,-1.3585
2026-09-25,2026-09-25T13:40:57.378126,PANW,RAPID_DECREASE_CANDIDATE,377.06,-0.351,-0.407,0.056,0.988,11.0089,8,0.2,0.8872751229381676,5,0.49591692375748886,0.65,0.0,39.8,49.2,39.8,0.0,0.0,49.6,0.0,378.6002,42.3,XLK,38.50924923258513,False,short_side_not_traded_evidence_only,,,377.0075,-0.0139,376.5902,-0.1246
2026-09-25,2026-09-25T13:40:57.392141,DDOG,RAPID_DECREASE_CANDIDATE,271.3512,-0.575,-0.631,0.056,0.754,5.152,8,0.4,1.3311469240348954,5,0.48523081416149766,0.6166666666666667,0.0,34.2,34.1,28.6,0.0,0.0,41.8,0.0,273.6902,36.7,XLK,32.697097194824266,False,short_side_not_traded_evidence_only,,,276.0401,1.728,272.34,0.3644
2026-09-25,2026-09-25T13:41:01.032134,AKAM,RAPID_DECREASE_CANDIDATE,121.87,-1.188,-1.204,0.016,0.599,4.513,5,0.2,0.8641975186964078,5,0.5548420809126783,0.5666666666666667,0.0,19.9,41.0,25.0,0.0,0.0,36.6,0.0,123.1001,,,30.360982674191384,False,short_side_not_traded_evidence_only,,,118.53,-2.7406,117.125,-3.8935
2026-09-25,2026-09-25T13:41:01.081572,VKTX,RAPID_DECREASE_CANDIDATE,37.875,-0.479,-0.495,0.016,0.445,5.3861,5,0.6,2.6493607294435724,5,0.5784171657691218,0.65,0.0,37.6,44.8,14.3,0.0,0.0,31.5,0.0,38.4243,,,31.95617608975064,False,short_side_not_traded_evidence_only,,,36.77,-2.9175,36.91,-2.5479
2026-09-25,2026-09-25T13:41:01.094648,NBIS,RAPID_DECREASE_CANDIDATE,242.54,-0.3,-0.316,0.016,1.591,9.8912,5,0.6,2.5407316145047276,5,0.5057830427475815,0.7,0.0,42.1,51.0,44.0,0.0,0.0,69.7,0.0,243.1247,,,42.22981888071949,False,short_side_not_traded_evidence_only,,,241.03,-0.6226,237.8,-1.9543
2026-09-25,2026-09-25T13:41:01.108900,AXTI,RAPID_DECREASE_CANDIDATE,76.735,-0.564,-0.58,0.016,0.892,10.3212,5,0.8,3.6752702400746267,5,0.5864973886769775,0.4833333333333333,0.0,35.5,44.6,62.2,24.3,40.0,46.4,0.0,76.3635,,,39.7057149955611,False,short_side_not_traded_evidence_only,,,76.96,0.2932,76.2,-0.6972
2026-09-25,2026-09-25T13:41:01.122276,TTAN,RAPID_DECREASE_CANDIDATE,59.3576,-0.579,-0.595,0.016,0.964,3.0156,5,0.6,0.9104973326095207,5,0.5993909685086114,0.7,0.0,35.1,49.4,40.8,0.0,0.0,48.8,0.0,59.5765,,,37.78513302492365,False,short_side_not_traded_evidence_only,,,60.03,1.1328,59.7,0.5768
2026-09-25,2026-09-25T13:41:04.425813,AKAM,RAPID_DECREASE_CANDIDATE,121.595,-1.411,-1.427,0.016,0.64,7.5825,7,0.2,0.8641975186964078,5,0.5548420809126783,0.5666666666666667,0.0,14.3,41.1,19.5,0.0,0.0,38.0,0.0,123.0973,,,28.92986534600993,False,short_side_not_traded_evidence_only,,,118.53,-2.5207,117.125,-3.6761
2026-09-25,2026-09-25T13:41:04.438338,VKTX,RAPID_DECREASE_CANDIDATE,37.7987,-0.68,-0.696,0.016,0.461,8.6246,7,0.6,2.6493607294435724,5,0.5784171657691218,0.65,0.0,32.6,40.4,9.4,0.0,0.0,32.0,0.0,38.4232,,,29.8382366459552,False,short_side_not_traded_evidence_only,,,36.77,-2.7215,36.91,-2.3511
2026-09-25,2026-09-25T13:41:04.452962,DOCN,RAPID_DECREASE_CANDIDATE,143.59,-0.323,-0.339,0.016,0.649,1.1212,7,0.6,2.346717859290326,5,0.4775679175510934,0.7,0.0,41.5,41.6,42.2,0.0,0.0,38.3,0.0,144.0392,,,36.41062632474951,False,short_side_not_traded_evidence_only,,,141.57,-1.4068,140.03,-2.4793
2026-09-25,2026-09-25T13:41:04.487693,NBIS,RAPID_DECREASE_CANDIDATE,242.54,-0.3,-0.316,0.016,1.588,9.8912,7,0.6,2.5407316145047276,5,0.5057830427475815,0.7,0.0,42.1,59.7,44.0,0.0,0.0,69.6,0.0,243.1199,,,43.66587728713735,False,short_side_not_traded_evidence_only,,,241.03,-0.6226,237.8,-1.9543
2026-09-25,2026-09-25T13:41:04.503800,AXTI,RAPID_DECREASE_CANDIDATE,76.86,-0.402,-0.418,0.016,0.928,15.6909,7,0.8,3.6752702400746267,5,0.5864973886769775,0.4833333333333333,0.0,39.5,46.7,66.2,32.3,40.0,47.6,0.0,76.3663,,,40.385483356939666,False,short_side_not_traded_evidence_only,,,76.96,0.1301,76.2,-0.8587
2026-09-25,2026-09-25T13:41:04.522439,TTAN,RAPID_DECREASE_CANDIDATE,59.335,-0.617,-0.633,0.016,0.968,17.2411,7,0.6,0.9104973326095207,5,0.5993909685086114,0.7,0.0,34.2,49.3,39.9,0.0,0.0,48.9,0.0,59.5752,,,37.515625523324964,False,short_side_not_traded_evidence_only,,,60.03,1.1713,59.7,0.6152
2026-09-25,2026-09-25T13:41:04.543950,ALAB,RAPID_DECREASE_CANDIDATE,366.08,-0.537,-0.553,0.016,0.976,5.8375,7,0.6,3.317699589298841,5,0.590647971752025,0.8,0.0,36.2,50.6,40.3,0.0,0.0,49.2,0.0,367.5049,,,38.144300138671646,False,short_side_not_traded_evidence_only,,,361.88,-1.1473,361.61,-1.221
2026-09-25,2026-09-25T13:41:07.812593,AKAM,RAPID_DECREASE_CANDIDATE,121.4955,-1.491,-1.507,0.016,0.687,7.5888,3,0.2,0.8641975186964078,5,0.5548420809126783,0.5666666666666667,0.0,12.3,41.3,17.5,0.0,0.0,39.6,0.0,123.0945,,,28.56775898686642,False,short_side_not_traded_evidence_only,,,118.53,-2.4408,117.125,-3.5973
2026-09-25,2026-09-25T13:41:07.825453,VKTX,RAPID_DECREASE_CANDIDATE,37.795,-0.689,-0.705,0.016,0.477,3.4131,3,0.6,2.6493607294435724,5,0.5784171657691218,0.65,0.0,32.4,35.9,9.2,0.0,0.0,32.6,0.0,38.422,,,29.102280840604116,False,short_side_not_traded_evidence_only,,,36.77,-2.712,36.91,-2.3416
2026-09-25,2026-09-25T13:41:07.840666,TTAN,RAPID_DECREASE_CANDIDATE,59.335,-0.617,-0.633,0.016,0.972,17.2411,3,0.6,0.9104973326095207,5,0.5993909685086114,0.7,0.0,34.2,49.2,40.0,0.0,0.0,49.1,0.0,59.574,,,37.522800948076544,False,short_side_not_traded_evidence_only,,,60.03,1.1713,59.7,0.6152
2026-09-25,2026-09-25T13:41:11.162050,AKAM,RAPID_DECREASE_CANDIDATE,121.68,-1.342,-1.358,0.016,0.699,7.5773,4,0.2,0.8641975186964078,5,0.5548420809126783,0.5666666666666667,0.0,16.0,38.4,21.3,0.0,0.0,40.0,0.0,123.0917,,,29.228541891299304,False,short_side_not_traded_evidence_only,,,118.53,-2.5888,117.125,-3.7434
2026-09-25,2026-09-25T13:41:11.202764,VKTX,RAPID_DECREASE_CANDIDATE,37.795,-0.689,-0.705,0.016,0.492,3.4131,4,0.6,2.6493607294435724,5,0.5784171657691218,0.65,0.0,32.4,31.2,9.3,0.0,0.0,33.1,0.0,38.4209,,,28.39117240770713,False,short_side_not_traded_evidence_only,,,36.77,-2.712,36.91,-2.3416
2026-09-25,2026-09-25T13:41:11.215564,AXTI,RAPID_DECREASE_CANDIDATE,76.62,-0.713,-0.729,0.016,0.97,25.3067,4,0.8,3.6752702400746267,5,0.5864973886769775,0.4833333333333333,0.0,31.8,48.7,58.1,16.3,40.0,49.0,0.0,76.3716,,,40.61241859934779,False,short_side_not_traded_evidence_only,,,76.96,0.4437,76.2,-0.5482
2026-09-25,2026-09-25T13:41:11.240792,TTAN,RAPID_DECREASE_CANDIDATE,59.335,-0.617,-0.633,0.016,0.974,17.2411,4,0.6,0.9104973326095207,5,0.5993909685086114,0.7,0.0,34.2,48.9,40.0,0.0,0.0,49.1,0.0,59.5727,,,37.49232450475956,False,short_side_not_traded_evidence_only,,,60.03,1.1713,59.7,0.6152
2026-09-25,2026-09-25T13:41:14.777920,AKAM,RAPID_DECREASE_CANDIDATE,121.69,-1.334,-1.35,0.016,0.713,7.5766,4,0.2,0.8641975186964078,5,0.5548420809126783,0.5666666666666667,0.0,16.2,35.4,21.6,0.0,0.0,40.4,0.0,123.089,,,28.867120691284885,False,short_side_not_traded_evidence_only,,,118.53,-2.5968,117.125,-3.7513
2026-09-25,2026-09-25T13:41:14.790546,VKTX,RAPID_DECREASE_CANDIDATE,37.755,-0.795,-0.811,0.016,0.508,3.4168,4,0.6,2.6493607294435724,5,0.5784171657691218,0.65,0.0,29.7,26.5,6.7,0.0,0.0,33.6,0.0,38.4198,,,26.917177029203295,False,short_side_not_traded_evidence_only,,,36.77,-2.6089,36.91,-2.2381
2026-09-25,2026-09-25T13:41:14.803174,AXTI,RAPID_DECREASE_CANDIDATE,76.835,-0.434,-0.45,0.016,0.972,15.735,4,0.8,3.6752702400746267,5,0.5864973886769775,0.4833333333333333,0.0,38.8,48.4,65.1,30.2,40.0,49.1,0.0,76.3742,,,40.86205435279411,False,short_side_not_traded_evidence_only,,,76.96,0.1627,76.2,-0.8264
2026-09-25,2026-09-25T13:41:14.815680,TTAN,RAPID_DECREASE_CANDIDATE,59.3436,-0.602,-0.618,0.016,0.975,17.2386,4,0.6,0.9104973326095207,5,0.5993909685086114,0.7,0.0,34.5,48.6,40.4,0.0,0.0,49.2,0.0,59.5715,,,37.56521702313905,False,short_side_not_traded_evidence_only,,,60.03,1.1567,59.7,0.6006
2026-09-25,2026-09-25T13:41:18.416883,AKAM,RAPID_DECREASE_CANDIDATE,121.685,-1.338,-1.354,0.016,0.727,7.5769,3,0.2,0.8641975186964078,5,0.5548420809126783,0.5666666666666667,0.0,16.1,32.5,21.5,0.0,0.0,40.9,0.0,123.0862,,,28.41758240333866,False,short_side_not_traded_evidence_only,,,118.53,-2.5928,117.125,-3.7474
2026-09-25,2026-09-25T13:41:18.448917,VKTX,RAPID_DECREASE_CANDIDATE,37.8615,-0.515,-0.531,0.016,0.525,3.4072,3,0.6,2.6493607294435724,5,0.5784171657691218,0.65,0.0,36.7,21.8,13.7,0.0,0.0,34.2,0.0,38.4187,,,28.247270490191752,False,short_side_not_traded_evidence_only,,,36.77,-2.8829,36.91,-2.5131
2026-09-25,2026-09-25T13:41:18.486006,TTAN,RAPID_DECREASE_CANDIDATE,59.3436,-0.602,-0.618,0.016,0.977,17.2386,3,0.6,0.9104973326095207,5,0.5993909685086114,0.7,0.0,34.5,48.4,40.5,0.0,0.0,49.2,0.0,59.5702,,,37.53458637298438,False,short_side_not_traded_evidence_only,,,60.03,1.1567,59.7,0.6006
2026-09-25,2026-09-25T13:41:21.735417,AKAM,RAPID_DECREASE_CANDIDATE,121.73,-1.301,-1.317,0.016,0.741,7.5741,4,0.2,0.8641975186964078,5,0.5548420809126783,0.5666666666666667,0.0,17.1,33.4,22.5,0.0,0.0,41.4,0.0,123.0835,,,28.889977967580812,False,short_side_not_traded_evidence_only,,,118.53,-2.6288,117.125,-3.783
2026-09-25,2026-09-25T13:41:21.748004,VKTX,RAPID_DECREASE_CANDIDATE,37.87,-0.492,-0.508,0.016,0.544,8.6084,4,0.6,2.6493607294435724,5,0.5784171657691218,0.65,0.0,37.3,22.7,14.4,0.0,0.0,34.8,0.0,38.4175,,,28.652905247596273,False,short_side_not_traded_evidence_only,,,36.77,-2.9047,36.91,-2.535
2026-09-25,2026-09-25T13:41:21.762571,AXTI,RAPID_DECREASE_CANDIDATE,76.815,-0.46,-0.476,0.016,0.975,15.648,4,0.8,3.6752702400746267,5,0.5864973886769775,0.4833333333333333,0.0,38.1,48.3,64.3,28.5,40.0,49.2,0.0,76.3793,,,40.83838974278523,False,short_side_not_traded_evidence_only,,,76.96,0.1888,76.2,-0.8006
2026-09-25,2026-09-25T13:41:21.780128,TTAN,RAPID_DECREASE_CANDIDATE,59.25,-0.759,-0.775,0.016,0.979,2.903,4,0.6,0.9104973326095207,5,0.5993909685086114,0.7,0.0,30.6,48.5,36.6,0.0,0.0,49.3,0.0,59.569,,,36.42295587909683,False,short_side_not_traded_evidence_only,,,60.03,1.3165,59.7,0.7595
2026-09-25,2026-09-25T13:41:24.989435,AKAM,RAPID_DECREASE_CANDIDATE,122.18,-0.936,-0.952,0.016,0.756,4.9681,3,0.2,0.8641975186964078,5,0.5548420809126783,0.5666666666666667,0.0,26.2,34.2,31.7,0.0,0.0,41.9,0.0,123.0808,,,31.768758898245906,False,short_side_not_traded_evidence_only,,,118.53,-2.9874,117.125,-4.1373
2026-09-25,2026-09-25T13:41:25.003719,VKTX,RAPID_DECREASE_CANDIDATE,37.88,-0.466,-0.482,0.016,0.564,8.6061,3,0.6,2.6493607294435724,5,0.5784171657691218,0.65,0.0,38.0,23.7,15.1,0.0,0.0,35.5,0.0,38.4164,,,29.100734660631545,False,short_side_not_traded_evidence_only,,,36.77,-2.9303,36.91,-2.5607
2026-09-25,2026-09-25T13:41:25.017513,ALAB,RAPID_DECREASE_CANDIDATE,366.675,-0.375,-0.391,0.016,0.971,5.8744,3,0.6,3.317699589298841,5,0.590647971752025,0.8,0.0,40.2,48.0,44.5,0.0,0.0,49.0,0.0,367.4802,,,38.89361609155936,False,short_side_not_traded_evidence_only,,,361.88,-1.3077,361.61,-1.3813
2026-09-25,2026-09-25T13:41:28.402692,AKAM,RAPID_DECREASE_CANDIDATE,122.0951,-1.005,-1.021,0.016,0.772,4.9715,5,0.2,0.8641975186964078,5,0.5548420809126783,0.5666666666666667,0.0,24.5,35.2,30.0,0.0,0.0,42.4,0.0,123.0781,,,31.49314099481656,False,short_side_not_traded_evidence_only,,,118.53,-2.9199,117.125,-4.0707
2026-09-25,2026-09-25T13:41:28.481069,VKTX,RAPID_DECREASE_CANDIDATE,37.9199,-0.361,-0.377,0.016,0.585,8.5971,5,0.6,2.6493607294435724,5,0.5784171657691218,0.65,0.0,40.6,24.8,17.8,0.0,0.0,36.2,0.0,38.4153,,,30.140288368675613,False,short_side_not_traded_evidence_only,,,36.77,-3.0324,36.91,-2.6632
2026-09-25,2026-09-25T13:41:28.497653,DOCN,RAPID_DECREASE_CANDIDATE,143.3419,-0.496,-0.512,0.016,0.776,1.9534,5,0.6,2.346717859290326,5,0.4775679175510934,0.7,0.0,37.2,35.4,38.2,0.0,0.0,42.5,0.0,144.0238,,,34.68857404865325,False,short_side_not_traded_evidence_only,,,141.57,-1.2361,140.03,-2.3105
2026-09-25,2026-09-25T13:41:28.518637,AXTI,RAPID_DECREASE_CANDIDATE,76.835,-0.434,-0.45,0.016,0.979,25.2359,5,0.8,3.6752702400746267,5,0.5864973886769775,0.4833333333333333,0.0,38.8,48.5,64.8,29.5,40.0,49.3,0.0,76.3842,,,40.9453506733905,False,short_side_not_traded_evidence_only,,,76.96,0.1627,76.2,-0.8264
2026-09-25,2026-09-25T13:41:28.532768,ALAB,RAPID_DECREASE_CANDIDATE,366.266,-0.486,-0.502,0.016,0.974,5.8782,5,0.6,3.317699589298841,5,0.590647971752025,0.8,0.0,37.5,48.1,41.8,0.0,0.0,49.1,0.0,367.4763,,,38.12626743195737,False,short_side_not_traded_evidence_only,,,361.88,-1.1975,361.61,-1.2712
2026-09-25,2026-09-25T13:41:31.687489,AKAM,RAPID_DECREASE_CANDIDATE,122.013,-1.072,-1.088,0.016,0.788,1.926,5,0.2,0.8641975186964078,5,0.5548420809126783,0.5666666666666667,0.0,22.8,36.1,28.4,0.0,0.0,42.9,0.0,123.0754,,,31.241462046362052,False,short_side_not_traded_evidence_only,,,118.53,-2.8546,117.125,-4.0061
2026-09-25,2026-09-25T13:41:31.699958,MRVL,RAPID_DECREASE_CANDIDATE,262.3408,-0.349,-0.365,0.016,1.006,4.6504,5,0.4,1.3138958548734894,5,0.5739946528879686,0.7,0.0,40.9,50.4,39.9,0.0,0.0,50.2,0.0,263.4018,39.5,SMH,38.97836425074724,False,short_side_not_traded_evidence_only,,,262.0794,-0.0996,260.655,-0.6426
2026-09-25,2026-09-25T13:41:31.743816,VKTX,RAPID_DECREASE_CANDIDATE,37.9,-0.414,-0.43,0.016,0.608,8.6016,5,0.6,2.6493607294435724,5,0.5784171657691218,0.65,0.0,39.2,26.0,16.5,0.0,0.0,36.9,0.0,38.4142,,,30.060729862088138,False,short_side_not_traded_evidence_only,,,36.77,-2.9815,36.91,-2.6121
2026-09-25,2026-09-25T13:41:31.756530,AXTI,RAPID_DECREASE_CANDIDATE,76.75,-0.544,-0.56,0.016,0.981,25.2638,5,0.8,3.6752702400746267,5,0.5864973886769775,0.4833333333333333,0.0,36.0,48.6,61.9,23.8,40.0,49.4,0.0,76.3866,,,40.874915505828156,False,short_side_not_traded_evidence_only,,,76.96,0.2736,76.2,-0.7166
2026-09-25,2026-09-25T13:41:31.783797,ALAB,RAPID_DECREASE_CANDIDATE,365.88,-0.591,-0.607,0.016,0.976,5.7287,5,0.6,3.317699589298841,5,0.590647971752025,0.8,0.0,34.8,48.3,39.2,0.0,0.0,49.2,0.0,367.4725,,,37.399443113042,False,short_side_not_traded_evidence_only,,,361.88,-1.0933,361.61,-1.167
2026-09-25,2026-09-25T13:41:35.043217,AKAM,RAPID_DECREASE_CANDIDATE,122.12,-0.985,-1.001,0.016,0.805,4.9705,5,0.2,0.8641975186964078,5,0.5548420809126783,0.5666666666666667,0.0,25.0,37.2,30.6,0.0,0.0,43.5,0.0,123.0727,,,32.12499716083052,False,short_side_not_traded_evidence_only,,,118.53,-2.9397,117.125,-4.0902
2026-09-25,2026-09-25T13:41:35.054863,MRVL,RAPID_DECREASE_CANDIDATE,261.73,-0.581,-0.597,0.016,1.005,5.2268,5,0.4,1.3138958548734894,5,0.5739946528879686,0.7,0.0,35.1,50.4,34.2,0.0,0.0,50.2,0.0,263.3979,33.8,SMH,37.28083938238712,False,short_side_not_traded_evidence_only,,,262.0794,0.1335,260.655,-0.4107
2026-09-25,2026-09-25T13:41:35.072982,VKTX,RAPID_DECREASE_CANDIDATE,37.895,-0.427,-0.443,0.016,0.633,8.6027,5,0.6,2.6493607294435724,5,0.5784171657691218,0.65,0.0,38.9,27.3,16.3,0.0,0.0,37.8,0.0,38.4131,,,30.29734677715546,False,short_side_not_traded_evidence_only,,,36.77,-2.9687,36.91,-2.5993
2026-09-25,2026-09-25T13:41:35.084980,AXTI,RAPID_DECREASE_CANDIDATE,76.855,-0.408,-0.424,0.016,0.983,25.2293,5,0.8,3.6752702400746267,5,0.5864973886769775,0.4833333333333333,0.0,39.4,48.8,65.3,30.5,40.0,49.4,0.0,76.389,,,41.05214897083496,False,short_side_not_traded_evidence_only,,,76.96,0.1366,76.2,-0.8523
2026-09-25,2026-09-25T13:41:35.097718,ALAB,RAPID_DECREASE_CANDIDATE,365.76,-0.624,-0.64,0.016,0.978,5.5856,5,0.6,3.317699589298841,5,0.590647971752025,0.8,0.0,34.0,48.5,38.4,0.0,0.0,49.3,0.0,367.4686,,,37.19896368448658,False,short_side_not_traded_evidence_only,,,361.88,-1.0608,361.61,-1.1346
2026-09-25,2026-09-25T13:41:38.359685,AKAM,RAPID_DECREASE_CANDIDATE,122.0,-1.082,-1.098,0.016,0.823,7.5574,6,0.2,0.8641975186964078,5,0.5548420809126783,0.5666666666666667,0.0,22.5,38.3,28.3,0.0,0.0,44.1,0.0,123.07,,,31.679698104892314,False,short_side_not_traded_evidence_only,,,118.53,-2.8443,117.125,-3.9959
2026-09-25,2026-09-25T13:41:38.384946,MRVL,RAPID_DECREASE_CANDIDATE,261.6312,-0.618,-0.634,0.016,1.004,4.4223,6,0.4,1.3138958548734894,5,0.5739946528879686,0.7,0.0,34.1,50.3,33.3,0.0,0.0,50.1,0.0,263.394,32.8,SMH,37.00321629616851,False,short_side_not_traded_evidence_only,,,262.0794,0.1713,260.655,-0.3731
2026-09-25,2026-09-25T13:41:38.397507,VKTX,RAPID_DECREASE_CANDIDATE,37.83,-0.598,-0.614,0.016,0.659,5.604,6,0.6,2.6493607294435724,5,0.5784171657691218,0.65,0.0,34.6,28.8,12.1,0.0,0.0,38.6,0.0,38.412,,,29.414820277604857,False,short_side_not_traded_evidence_only,,,36.77,-2.802,36.91,-2.4319
2026-09-25,2026-09-25T13:41:38.409569,NBIS,RAPID_DECREASE_CANDIDATE,242.3378,-0.383,-0.399,0.016,1.211,9.8994,6,0.6,2.5407316145047276,5,0.5057830427475815,0.7,0.0,40.0,66.5,42.4,0.0,0.0,57.0,0.0,243.0782,,,42.6871606072404,False,short_side_not_traded_evidence_only,,,241.03,-0.5397,237.8,-1.8725
2026-09-25,2026-09-25T13:41:38.422293,AXTI,RAPID_DECREASE_CANDIDATE,76.8,-0.479,-0.495,0.016,0.985,15.612,6,0.8,3.6752702400746267,5,0.5864973886769775,0.4833333333333333,0.0,37.6,48.9,63.4,26.7,40.0,49.5,0.0,76.3913,,,41.021399544967416,False,short_side_not_traded_evidence_only,,,76.96,0.2083,76.2,-0.7812
2026-09-25,2026-09-25T13:41:38.434696,ALAB,RAPID_DECREASE_CANDIDATE,365.78,-0.618,-0.634,0.016,0.981,5.5826,6,0.6,3.317699589298841,5,0.590647971752025,0.8,0.0,34.1,48.6,38.5,0.0,0.0,49.4,0.0,367.4649,,,37.28435263280058,False,short_side_not_traded_evidence_only,,,361.88,-1.0662,361.61,-1.14
2026-09-25,2026-09-25T13:41:41.744829,AKAM,RAPID_DECREASE_CANDIDATE,122.04,-1.05,-1.066,0.016,0.842,7.5549,7,0.2,0.8641975186964078,5,0.5548420809126783,0.5666666666666667,0.0,23.3,39.4,29.1,0.0,0.0,44.7,0.0,123.0674,,,32.19330314979989,False,short_side_not_traded_evidence_only,,,118.53,-2.8761,117.125,-4.0274
2026-09-25,2026-09-25T13:41:41.783351,MRVL,RAPID_DECREASE_CANDIDATE,261.405,-0.704,-0.72,0.016,1.004,5.2333,7,0.4,1.3138958548734894,5,0.5739946528879686,0.7,0.0,32.0,50.3,31.2,0.0,0.0,50.1,0.0,263.3901,30.7,SMH,36.37440449985333,False,short_side_not_traded_evidence_only,,,262.0794,0.258,260.655,-0.2869
2026-09-25,2026-09-25T13:41:41.796518,VKTX,RAPID_DECREASE_CANDIDATE,37.8775,-0.473,-0.489,0.016,0.689,0.6336,7,0.6,2.6493607294435724,5,0.5784171657691218,0.65,0.0,37.8,30.4,15.3,0.0,0.0,39.6,0.0,38.4109,,,30.72458281749477,False,short_side_not_traded_evidence_only,,,36.77,-2.9239,36.91,-2.5543
2026-09-25,2026-09-25T13:41:41.810731,BMNR,RAPID_DECREASE_CANDIDATE,27.635,-0.45,-0.466,0.016,0.599,0.0362,7,1.0,2.299339118045032,5,0.478630837501807,0.5,0.0,38.4,25.5,44.5,0.0,0.0,36.6,100.0,27.6962,,,37.45431057061457,False,short_side_not_traded_evidence_only,,,27.5569,-0.2826,27.3385,-1.0729
2026-09-25,2026-09-25T13:41:41.838043,NBIS,RAPID_DECREASE_CANDIDATE,242.21,-0.436,-0.452,0.016,1.18,9.9046,7,0.6,2.5407316145047276,5,0.5057830427475815,0.7,0.0,38.7,63.9,41.1,0.0,0.0,56.0,0.0,243.0745,,,41.73738392578373,False,short_side_not_traded_evidence_only,,,241.03,-0.4872,237.8,-1.8207
2026-09-25,2026-09-25T13:41:41.852284,TTAN,RAPID_DECREASE_CANDIDATE,59.48,-0.374,-0.39,0.016,0.988,0.9415,7,0.6,0.9104973326095207,5,0.5993909685086114,0.7,0.0,40.2,49.2,46.6,0.0,0.0,49.6,0.0,59.562,,,39.42303757424661,False,short_side_not_traded_evidence_only,,,60.03,0.9247,59.7,0.3699
2026-09-25,2026-09-25T13:41:41.865772,ALAB,RAPID_DECREASE_CANDIDATE,365.775,-0.619,-0.635,0.016,0.983,5.5799,7,0.6,3.317699589298841,5,0.590647971752025,0.8,0.0,34.1,48.8,38.5,0.0,0.0,49.4,0.0,367.4612,,,37.31529549371391,False,short_side_not_traded_evidence_only,,,361.88,-1.0649,361.61,-1.1387
2026-09-25,2026-09-25T13:41:45.596586,AKAM,RAPID_DECREASE_CANDIDATE,122.08,-1.018,-1.034,0.016,0.861,7.5524,6,0.2,0.8641975186964078,5,0.5548420809126783,0.5666666666666667,0.0,24.1,40.6,30.0,0.0,0.0,45.4,0.0,123.0648,,,32.718911527911224,False,short_side_not_traded_evidence_only,,,118.53,-2.9079,117.125,-4.0588
2026-09-25,2026-09-25T13:41:45.610467,MRVL,RAPID_DECREASE_CANDIDATE,261.44,-0.691,-0.707,0.016,1.003,0.0994,6,0.4,1.3138958548734894,5,0.5739946528879686,0.7,0.0,32.3,50.2,31.5,0.0,0.0,50.1,89.0,263.3863,31.0,SMH,40.17305293860486,False,short_side_not_traded_evidence_only,,,262.0794,0.2446,260.655,-0.3003
2026-09-25,2026-09-25T13:41:45.623202,VKTX,RAPID_DECREASE_CANDIDATE,37.88,-0.466,-0.482,0.016,0.721,5.5966,6,0.6,2.6493607294435724,5,0.5784171657691218,0.65,0.0,38.0,32.2,15.5,0.0,0.0,40.7,0.0,38.4098,,,31.216792912046106,False,short_side_not_traded_evidence_only,,,36.77,-2.9303,36.91,-2.5607
2026-09-25,2026-09-25T13:41:45.648988,BMNR,RAPID_DECREASE_CANDIDATE,27.645,-0.414,-0.43,0.016,0.643,0.0362,6,1.0,2.299339118045032,5,0.478630837501807,0.5,0.0,39.2,27.9,45.2,0.0,0.0,38.1,100.0,27.6977,,,38.27456983047409,False,short_side_not_traded_evidence_only,,,27.5569,-0.3187,27.3385,-1.1087
2026-09-25,2026-09-25T13:41:45.679813,NBIS,RAPID_DECREASE_CANDIDATE,242.14,-0.465,-0.481,0.016,1.15,9.8868,6,0.6,2.5407316145047276,5,0.5057830427475815,0.7,0.0,38.0,61.5,40.4,0.0,0.0,55.0,0.0,243.0709,,,40.999585647430244,False,short_side_not_traded_evidence_only,,,241.03,-0.4584,237.8,-1.7924
2026-09-25,2026-09-25T13:41:45.695341,ALAB,RAPID_DECREASE_CANDIDATE,366.0,-0.558,-0.574,0.016,0.985,5.5765,6,0.6,3.317699589298841,5,0.590647971752025,0.8,0.0,35.6,49.0,40.1,0.0,0.0,49.5,0.0,367.4575,,,37.80032293715979,False,short_side_not_traded_evidence_only,,,361.88,-1.1257,361.61,-1.1995
2026-09-25,2026-09-25T13:41:49.187615,AKAM,RAPID_DECREASE_CANDIDATE,122.205,-0.916,-0.932,0.016,0.882,7.5447,7,0.2,0.8641975186964078,5,0.5548420809126783,0.5666666666666667,0.0,26.7,42.0,32.6,0.0,0.0,46.1,0.0,123.0621,,,33.773531903995824,False,short_side_not_traded_evidence_only,,,118.53,-3.0072,117.125,-4.1569
2026-09-25,2026-09-25T13:41:49.203630,MRVL,RAPID_DECREASE_CANDIDATE,261.46,-0.683,-0.699,0.016,1.003,4.3028,7,0.4,1.3138958548734894,5,0.5739946528879686,0.7,0.0,32.5,50.2,31.8,0.0,0.0,50.1,0.0,263.3825,31.2,SMH,36.518690048191885,False,short_side_not_traded_evidence_only,,,262.0794,0.2369,260.655,-0.3079
2026-09-25,2026-09-25T13:41:49.218743,VKTX,RAPID_DECREASE_CANDIDATE,37.93,-0.335,-0.351,0.016,0.756,5.5892,7,0.6,2.6493607294435724,5,0.5784171657691218,0.65,0.0,41.2,34.2,18.8,0.0,0.0,41.9,0.0,38.4088,,,32.66255628106739,False,short_side_not_traded_evidence_only,,,36.77,-3.0583,36.91,-2.6892
2026-09-25,2026-09-25T13:41:49.239688,BMNR,RAPID_DECREASE_CANDIDATE,27.6337,-0.455,-0.471,0.016,0.694,0.0362,7,1.0,2.299339118045032,5,0.478630837501807,0.5,0.0,38.2,30.7,44.1,0.0,0.0,39.8,100.0,27.6991,,,38.64197730012125,False,short_side_not_traded_evidence_only,,,27.5569,-0.2779,27.3385,-1.0683
2026-09-25,2026-09-25T13:41:49.290484,NBIS,RAPID_DECREASE_CANDIDATE,242.4135,-0.352,-0.368,0.016,1.122,9.8963,7,0.6,2.5407316145047276,5,0.5057830427475815,0.7,0.0,40.8,59.2,43.3,0.0,0.0,54.1,0.0,243.0674,,,41.333208424991646,False,short_side_not_traded_evidence_only,,,241.03,-0.5707,237.8,-1.9032
2026-09-25,2026-09-25T13:41:49.305552,MSTR,RAPID_DECREASE_CANDIDATE,159.455,-0.359,-0.375,0.016,0.961,5.4686,7,1.0,2.9232144492489134,5,0.5988820707616584,0.65,0.0,40.6,47.2,49.2,0.0,0.0,48.7,0.0,159.5073,35.0,WGMI,39.37707262377634,False,short_side_not_traded_evidence_only,,,160.13,0.4233,158.41,-0.6554
2026-09-25,2026-09-25T13:41:49.319375,ALAB,RAPID_DECREASE_CANDIDATE,366.5412,-0.411,-0.427,0.016,0.988,5.7429,7,0.6,3.317699589298841,5,0.590647971752025,0.8,0.0,39.3,49.1,43.8,0.0,0.0,49.6,0.0,367.4539,,,38.91691875421719,False,short_side_not_traded_evidence_only,,,361.88,-1.2717,361.61,-1.3453
2026-09-25,2026-09-25T13:41:52.741848,AKAM,RAPID_DECREASE_CANDIDATE,122.4582,-0.711,-0.727,0.016,0.903,7.5291,7,0.2,0.8641975186964078,5,0.5548420809126783,0.5666666666666667,0.0,31.8,43.3,37.8,0.0,0.0,46.8,0.0,123.0595,,,35.59736475664704,False,short_side_not_traded_evidence_only,,,118.53,-3.2078,117.125,-4.3551
2026-09-25,2026-09-25T13:41:52.755493,MRVL,RAPID_DECREASE_CANDIDATE,261.675,-0.602,-0.618,0.016,1.002,5.2279,7,0.4,1.3138958548734894,5,0.5739946528879686,0.7,0.0,34.5,50.2,33.8,0.0,0.0,50.1,0.0,263.3787,33.2,SMH,37.10492592712418,False,short_side_not_traded_evidence_only,,,262.0794,0.1545,260.655,-0.3898
2026-09-25,2026-09-25T13:41:52.768735,VKTX,RAPID_DECREASE_CANDIDATE,37.93,-0.335,-0.351,0.016,0.795,5.5892,7,0.6,2.6493607294435724,5,0.5784171657691218,0.65,0.0,41.2,36.5,18.9,0.0,0.0,43.2,0.0,38.4077,,,33.21794323017574,False,short_side_not_traded_evidence_only,,,36.77,-3.0583,36.91,-2.6892
2026-09-25,2026-09-25T13:41:52.781704,BMNR,RAPID_DECREASE_CANDIDATE,27.65,-0.396,-0.412,0.016,0.74,0.0362,7,1.0,2.299339118045032,5,0.478630837501807,0.5,0.0,39.7,33.3,45.5,0.0,0.0,41.3,100.0,27.7004,,,39.67615728570702,False,short_side_not_traded_evidence_only,,,27.5569,-0.3367,27.3385,-1.1266
2026-09-25,2026-09-25T13:41:52.795319,NBIS,RAPID_DECREASE_CANDIDATE,242.265,-0.413,-0.429,0.016,1.095,9.8735,7,0.6,2.5407316145047276,5,0.5057830427475815,0.7,0.0,39.3,57.1,41.8,0.0,0.0,53.2,0.0,243.064,,,40.43007894867628,False,short_side_not_traded_evidence_only,,,241.03,-0.5098,237.8,-1.843
2026-09-25,2026-09-25T13:41:52.808596,MSTR,RAPID_DECREASE_CANDIDATE,159.35,-0.425,-0.441,0.016,0.968,8.4594,7,1.0,2.9232144492489134,5,0.5988820707616584,0.65,0.0,39.0,47.8,47.5,0.0,0.0,48.9,0.0,159.5109,33.3,WGMI,39.0067418382297,False,short_side_not_traded_evidence_only,,,160.13,0.4895,158.41,-0.5899
2026-09-25,2026-09-25T13:41:52.824212,ALAB,RAPID_DECREASE_CANDIDATE,366.325,-0.47,-0.486,0.016,0.99,0.5323,7,0.6,3.317699589298841,5,0.590647971752025,0.8,0.0,37.9,49.3,42.3,0.0,0.0,49.7,0.0,367.4503,,,38.527044998191144,False,short_side_not_traded_evidence_only,,,361.88,-1.2134,361.61,-1.2871
2026-09-25,2026-09-25T13:41:56.162705,AKAM,RAPID_DECREASE_CANDIDATE,122.285,-0.851,-0.867,0.016,0.925,7.5398,6,0.2,0.8641975186964078,5,0.5548420809126783,0.5666666666666667,0.0,28.3,44.8,34.3,0.0,0.0,47.5,0.0,123.0569,,,34.921036136227784,False,short_side_not_traded_evidence_only,,,118.25,-3.2997,116.925,-4.3832
2026-09-25,2026-09-25T13:41:56.185476,MRVL,RAPID_DECREASE_CANDIDATE,261.775,-0.564,-0.58,0.016,1.002,4.4122,6,0.4,1.3138958548734894,5,0.5739946528879686,0.7,0.0,35.5,50.1,34.8,0.0,0.0,50.1,0.0,263.375,34.2,SMH,37.37969008830211,False,short_side_not_traded_evidence_only,,,261.425,-0.1337,260.985,-0.3018
2026-09-25,2026-09-25T13:41:56.197726,BMNR,RAPID_DECREASE_CANDIDATE,27.645,-0.414,-0.43,0.016,0.791,0.0362,6,1.0,2.299339118045032,5,0.478630837501807,0.5,0.0,39.2,36.3,44.9,0.0,0.0,43.0,100.0,27.7017,,,40.248573648708984,False,short_side_not_traded_evidence_only,,,27.455,-0.6873,27.405,-0.8681
2026-09-25,2026-09-25T13:41:56.216985,NBIS,RAPID_DECREASE_CANDIDATE,242.18,-0.448,-0.464,0.016,1.07,9.877,6,0.6,2.5407316145047276,5,0.5057830427475815,0.7,0.0,38.4,55.1,40.9,0.0,0.0,52.3,0.0,243.0607,,,39.74913276232576,False,short_side_not_traded_evidence_only,,,240.81,-0.5657,238.125,-1.6744
2026-09-25,2026-09-25T13:41:56.232179,MSTR,RAPID_DECREASE_CANDIDATE,159.39,-0.4,-0.416,0.016,0.976,8.4572,6,1.0,2.9232144492489134,5,0.5988820707616584,0.65,0.0,39.6,48.3,48.0,0.0,0.0,49.2,0.0,159.5145,34.0,WGMI,39.30594670994868,False,short_side_not_traded_evidence_only,,,159.64,0.1568,158.56,-0.5207
2026-09-25,2026-09-25T13:41:56.253411,ALAB,RAPID_DECREASE_CANDIDATE,366.325,-0.47,-0.486,0.016,0.993,0.5323,6,0.6,3.317699589298841,5,0.590647971752025,0.8,0.0,37.9,49.5,42.4,0.0,0.0,49.8,0.0,367.4468,,,38.57119682238628,False,short_side_not_traded_evidence_only,,,361.025,-1.4468,363.0,-0.9077
2026-09-25,2026-09-25T13:41:59.628645,AKAM,RAPID_DECREASE_CANDIDATE,122.735,-0.486,-0.502,0.016,0.949,2.4443,5,0.2,0.8641975186964078,5,0.5548420809126783,0.5666666666666667,0.0,37.5,46.4,43.5,0.0,0.0,48.3,0.0,123.0543,,,37.957511836704064,False,short_side_not_traded_evidence_only,,,118.25,-3.6542,116.925,-4.7338
2026-09-25,2026-09-25T13:41:59.642576,MRVL,RAPID_DECREASE_CANDIDATE,261.73,-0.581,-0.597,0.016,1.001,0.1261,5,0.4,1.3138958548734894,5,0.5739946528879686,0.7,0.0,35.1,50.1,34.4,0.0,0.0,50.0,83.1,263.3713,33.8,SMH,40.71108476403479,False,short_side_not_traded_evidence_only,,,261.425,-0.1165,260.985,-0.2846
2026-09-25,2026-09-25T13:41:59.656861,NBIS,RAPID_DECREASE_CANDIDATE,242.265,-0.413,-0.429,0.016,1.045,9.8735,5,0.6,2.5407316145047276,5,0.5057830427475815,0.7,0.0,39.3,53.3,41.8,0.0,0.0,51.5,0.0,243.0574,,,39.59992170049927,False,short_side_not_traded_evidence_only,,,240.81,-0.6006,238.125,-1.7089
2026-09-25,2026-09-25T13:41:59.669712,MSTR,RAPID_DECREASE_CANDIDATE,159.4612,-0.355,-0.371,0.016,0.984,8.4535,5,1.0,2.9232144492489134,5,0.5988820707616584,0.65,0.0,40.7,48.9,49.1,0.0,0.0,49.5,0.0,159.5179,35.1,WGMI,39.75179670164302,False,short_side_not_traded_evidence_only,,,159.64,0.1121,158.56,-0.5652
2026-09-25,2026-09-25T13:41:59.681789,ALAB,RAPID_DECREASE_CANDIDATE,366.908,-0.312,-0.328,0.016,0.995,5.8598,5,0.6,3.317699589298841,5,0.590647971752025,0.8,0.0,41.8,49.6,46.4,0.0,0.0,49.8,0.0,367.4434,,,39.76550187610647,False,short_side_not_traded_evidence_only,,,361.025,-1.6034,363.0,-1.0651
2026-09-25,2026-09-25T13:42:03.228908,NBIS,RAPID_DECREASE_CANDIDATE,242.07,-0.63,-0.682,0.052,0.794,10.4928,1,0.6,2.5407316145047276,5,0.5057830427475815,0.7,0.0,33.0,49.6,39.9,0.0,0.0,43.1,0.0,243.0526,,,36.63765371953302,False,short_side_not_traded_evidence_only,,,240.81,-0.5205,238.125,-1.6297
2026-09-25,2026-09-25T13:42:06.650458,MRVL,RAPID_DECREASE_CANDIDATE,261.49,-0.54,-0.592,0.052,1.52,5.2316,3,0.4,1.3138958548734894,5,0.5739946528879686,0.7,0.0,35.2,60.2,32.3,0.0,0.0,67.3,0.0,263.3511,36.7,SMH,40.86234426654465,False,short_side_not_traded_evidence_only,,,261.425,-0.0249,260.985,-0.1931
2026-09-25,2026-09-25T13:42:06.664182,NBIS,RAPID_DECREASE_CANDIDATE,241.865,-0.714,-0.766,0.052,0.786,10.5017,3,0.6,2.5407316145047276,5,0.5057830427475815,0.7,0.0,30.9,46.1,37.8,0.0,0.0,42.9,0.0,243.048,,,35.41745964351053,False,short_side_not_traded_evidence_only,,,240.81,-0.4362,238.125,-1.5463
2026-09-25,2026-09-25T13:42:06.679852,ALAB,RAPID_DECREASE_CANDIDATE,366.15,-0.503,-0.555,0.052,1.14,5.8719,3,0.6,3.317699589298841,5,0.590647971752025,0.8,0.0,36.1,52.6,41.3,0.0,0.0,54.7,0.0,367.4293,,,39.28763572373596,False,short_side_not_traded_evidence_only,,,361.025,-1.3997,363.0,-0.8603
2026-09-25,2026-09-25T13:42:10.073230,MRVL,RAPID_DECREASE_CANDIDATE,261.3601,-0.59,-0.642,0.052,1.478,5.2342,5,0.4,1.3138958548734894,5,0.5739946528879686,0.7,0.0,34.0,65.3,31.2,0.0,0.0,65.9,0.0,263.3412,35.5,SMH,41.18856831292873,False,short_side_not_traded_evidence_only,,,261.425,0.0248,260.985,-0.1435
2026-09-25,2026-09-25T13:42:10.088374,VKTX,RAPID_DECREASE_CANDIDATE,37.8789,-0.463,-0.515,0.052,1.258,5.5968,5,0.6,2.6493607294435724,5,0.5784171657691218,0.65,0.0,37.1,58.0,15.9,0.0,0.0,58.6,0.0,38.4023,,,37.66231203368868,False,short_side_not_traded_evidence_only,,,36.735,-3.0199,36.91,-2.5579
2026-09-25,2026-09-25T13:42:10.102586,NBIS,RAPID_DECREASE_CANDIDATE,241.8754,-0.71,-0.762,0.052,0.796,10.5013,5,0.6,2.5407316145047276,5,0.5057830427475815,0.7,0.0,30.9,44.2,38.0,0.0,0.0,43.2,0.0,243.0434,,,35.17260529181946,False,short_side_not_traded_evidence_only,,,240.81,-0.4405,238.125,-1.5506
2026-09-25,2026-09-25T13:42:10.132694,ALAB,RAPID_DECREASE_CANDIDATE,365.4,-0.707,-0.759,0.052,1.131,11.1111,5,0.6,3.317699589298841,5,0.590647971752025,0.8,0.0,31.0,53.9,36.2,0.0,0.0,54.4,0.0,367.4225,,,37.98716515693705,False,short_side_not_traded_evidence_only,,,361.025,-1.1973,363.0,-0.6568
2026-09-25,2026-09-25T13:42:10.145924,CRDO,RAPID_DECREASE_CANDIDATE,206.61,-0.489,-0.541,0.052,1.598,2.2361,5,1.0,2.6824416066388697,5,0.48727907974162477,0.6,0.0,36.5,69.7,55.7,11.5,40.0,69.9,0.0,206.1379,,,47.801210814099626,False,short_side_not_traded_evidence_only,,,199.525,-3.4292,199.68,-3.3541
2026-09-25,2026-09-25T13:42:13.567773,MRVL,RAPID_DECREASE_CANDIDATE,261.06,-0.704,-0.756,0.052,1.437,5.2402,6,0.4,1.3138958548734894,5,0.5739946528879686,0.7,0.0,31.1,70.4,28.4,0.0,0.0,64.6,0.0,263.3315,32.6,SMH,41.05013981806411,False,short_side_not_traded_evidence_only,,,261.425,0.1398,260.985,-0.0287
2026-09-25,2026-09-25T13:42:13.581580,VKTX,RAPID_DECREASE_CANDIDATE,37.8705,-0.485,-0.537,0.052,1.239,5.598,6,0.6,2.6493607294435724,5,0.5784171657691218,0.65,0.0,36.6,60.6,15.4,0.0,0.0,58.0,0.0,38.4012,,,37.87358305470513,False,short_side_not_traded_evidence_only,,,36.735,-2.9984,36.91,-2.5363
2026-09-25,2026-09-25T13:42:13.596522,NBIS,RAPID_DECREASE_CANDIDATE,241.155,-1.006,-1.058,0.052,0.805,22.7198,6,0.6,2.5407316145047276,5,0.5057830427475815,0.7,0.0,23.5,42.3,30.6,0.0,0.0,43.5,0.0,243.0388,,,32.7338280252835,False,short_side_not_traded_evidence_only,,,240.81,-0.1431,238.125,-1.2565
2026-09-25,2026-09-25T13:42:13.681549,ALAB,RAPID_DECREASE_CANDIDATE,364.04,-1.076,-1.128,0.052,1.122,5.2247,6,0.6,3.317699589298841,5,0.590647971752025,0.8,0.0,21.8,55.3,27.0,0.0,0.0,54.1,0.0,367.4157,,,35.4802595251937,False,short_side_not_traded_evidence_only,,,361.025,-0.8282,363.0,-0.2857
2026-09-25,2026-09-25T13:42:13.761297,CRDO,RAPID_DECREASE_CANDIDATE,205.8,-0.879,-0.931,0.052,1.544,6.6812,6,1.0,2.6824416066388697,5,0.48727907974162477,0.6,0.0,26.7,76.2,45.7,0.0,0.0,68.1,0.0,206.1551,,,43.88838541551613,False,short_side_not_traded_evidence_only,,,199.525,-3.0491,199.68,-2.9738
2026-09-25,2026-09-25T13:42:13.809572,MXL,RAPID_DECREASE_CANDIDATE,87.1302,-0.814,-0.866,0.052,0.924,12.5215,6,0.8,3.900925365878437,5,0.4068913410851258,0.65,0.0,28.4,46.9,58.7,17.5,0.0,47.5,0.0,86.8272,,,36.13312770502007,False,short_side_not_traded_evidence_only,,,89.94,3.2248,89.55,2.7772
2026-09-25,2026-09-25T13:42:17.384915,MRVL,RAPID_DECREASE_CANDIDATE,261.3827,-0.581,-0.633,0.052,1.399,5.2337,4,0.4,1.3138958548734894,5,0.5739946528879686,0.7,0.0,34.2,75.6,31.6,0.0,0.0,63.3,0.0,263.3218,35.7,SMH,42.650641430086345,False,short_side_not_traded_evidence_only,,,261.425,0.0162,260.985,-0.1522
2026-09-25,2026-09-25T13:42:17.414684,NBIS,RAPID_DECREASE_CANDIDATE,241.155,-1.006,-1.058,0.052,0.815,22.7198,4,0.6,2.5407316145047276,5,0.5057830427475815,0.7,0.0,23.5,40.3,30.7,0.0,0.0,43.8,0.0,243.0344,,,32.45873611680113,False,short_side_not_traded_evidence_only,,,240.81,-0.1431,238.125,-1.2565
2026-09-25,2026-09-25T13:42:17.457326,ALAB,RAPID_DECREASE_CANDIDATE,363.6501,-1.182,-1.234,0.052,1.114,5.2303,4,0.6,3.317699589298841,5,0.590647971752025,0.8,0.0,19.1,56.6,24.4,0.0,0.0,53.8,0.0,367.4091,,,34.89834793381848,False,short_side_not_traded_evidence_only,,,361.025,-0.7219,363.0,-0.1788
2026-09-25,2026-09-25T13:42:17.482379,CRDO,RAPID_DECREASE_CANDIDATE,206.015,-0.775,-0.827,0.052,1.493,6.6743,4,1.0,2.6824416066388697,5,0.48727907974162477,0.6,0.0,29.3,82.8,48.1,0.0,0.0,66.4,0.0,206.1719,,,45.50275856861469,False,short_side_not_traded_evidence_only,,,199.525,-3.1503,199.68,-3.075
2026-09-25,2026-09-25T13:42:20.943038,MRVL,RAPID_DECREASE_CANDIDATE,261.52,-0.529,-0.581,0.052,1.363,5.231,5,0.4,1.3138958548734894,5,0.5739946528879686,0.7,0.0,35.5,80.7,33.0,0.0,0.0,62.1,0.0,263.3124,37.0,SMH,43.743482300197094,False,short_side_not_traded_evidence_only,,,261.425,-0.0363,260.985,-0.2046
2026-09-25,2026-09-25T13:42:20.968500,VKTX,RAPID_DECREASE_CANDIDATE,37.925,-0.342,-0.394,0.052,1.203,5.59,5,0.6,2.6493607294435724,5,0.5784171657691218,0.65,0.0,40.1,65.9,19.1,0.0,0.0,56.8,0.0,38.3991,,,39.663746167462655,False,short_side_not_traded_evidence_only,,,36.735,-3.1378,36.91,-2.6763
2026-09-25,2026-09-25T13:42:20.980738,NBIS,RAPID_DECREASE_CANDIDATE,240.976,-1.079,-1.131,0.052,0.825,22.7367,5,0.6,2.5407316145047276,5,0.5057830427475815,0.7,0.0,21.7,38.4,28.9,0.0,0.0,44.2,0.0,243.03,,,31.649222861882578,False,short_side_not_traded_evidence_only,,,240.81,-0.0689,238.125,-1.1831
2026-09-25,2026-09-25T13:42:21.009817,ALAB,RAPID_DECREASE_CANDIDATE,364.14,-1.049,-1.101,0.052,1.105,5.2233,5,0.6,3.317699589298841,5,0.590647971752025,0.8,0.0,22.5,57.9,27.8,0.0,0.0,53.5,0.0,367.4025,,,36.05633785025842,False,short_side_not_traded_evidence_only,,,361.025,-0.8554,363.0,-0.3131
2026-09-25,2026-09-25T13:42:21.022691,CRDO,RAPID_DECREASE_CANDIDATE,206.175,-0.698,-0.75,0.052,1.446,1.9352,5,1.0,2.6824416066388697,5,0.48727907974162477,0.6,0.0,31.2,89.4,49.8,0.0,40.0,64.9,0.0,206.1884,,,50.2717265235769,False,short_side_not_traded_evidence_only,,,199.525,-3.2254,199.68,-3.1502
2026-09-25,2026-09-25T13:42:24.358024,MRVL,RAPID_DECREASE_CANDIDATE,261.61,-0.494,-0.546,0.052,1.328,5.2292,5,0.4,1.3138958548734894,5,0.5739946528879686,0.7,0.0,36.4,77.3,33.9,0.0,0.0,60.9,0.0,263.303,37.9,SMH,43.29686947295737,False,short_side_not_traded_evidence_only,,,261.425,-0.0707,260.985,-0.2389
2026-09-25,2026-09-25T13:42:24.373161,VKTX,RAPID_DECREASE_CANDIDATE,37.91,-0.381,-0.433,0.052,1.186,5.5922,5,0.6,2.6493607294435724,5,0.5784171657691218,0.65,0.0,39.2,64.4,18.2,0.0,0.0,56.2,0.0,38.3981,,,39.07268746784734,False,short_side_not_traded_evidence_only,,,36.735,-3.0994,36.91,-2.6378
2026-09-25,2026-09-25T13:42:24.386347,NBIS,RAPID_DECREASE_CANDIDATE,241.01,-1.065,-1.117,0.052,0.836,22.7335,5,0.6,2.5407316145047276,5,0.5057830427475815,0.7,0.0,22.1,39.0,29.3,0.0,0.0,44.5,0.0,243.0257,,,31.91051128237294,False,short_side_not_traded_evidence_only,,,240.81,-0.083,238.125,-1.197
2026-09-25,2026-09-25T13:42:24.399821,ALAB,RAPID_DECREASE_CANDIDATE,364.49,-0.954,-1.006,0.052,1.097,6.1456,5,0.6,3.317699589298841,5,0.590647971752025,0.8,0.0,24.9,57.2,30.2,0.0,0.0,53.2,0.0,367.3961,,,36.61448103307614,False,short_side_not_traded_evidence_only,,,361.025,-0.9506,363.0,-0.4088
2026-09-25,2026-09-25T13:42:24.414410,CRDO,RAPID_DECREASE_CANDIDATE,206.44,-0.571,-0.623,0.052,1.401,6.6605,5,1.0,2.6824416066388697,5,0.48727907974162477,0.6,0.0,34.4,84.6,52.9,5.7,40.0,63.4,0.0,206.2046,,,49.48434071915709,False,short_side_not_traded_evidence_only,,,199.525,-3.3496,199.68,-3.2746
2026-09-25,2026-09-25T13:42:27.727330,MRVL,RAPID_DECREASE_CANDIDATE,261.7355,-0.447,-0.499,0.052,1.296,5.2267,5,0.4,1.3138958548734894,5,0.5739946528879686,0.7,0.0,37.5,74.2,35.2,0.0,0.0,59.9,0.0,263.2938,39.0,SMH,43.00023223757873,False,short_side_not_traded_evidence_only,,,261.425,-0.1186,260.985,-0.2867
2026-09-25,2026-09-25T13:42:27.740990,VKTX,RAPID_DECREASE_CANDIDATE,37.915,-0.368,-0.42,0.052,1.169,5.5915,5,0.6,2.6493607294435724,5,0.5784171657691218,0.65,0.0,39.5,63.0,18.6,0.0,0.0,55.6,0.0,38.397,,,38.87163445876758,False,short_side_not_traded_evidence_only,,,36.735,-3.1122,36.91,-2.6507
2026-09-25,2026-09-25T13:42:27.839135,NBIS,RAPID_DECREASE_CANDIDATE,241.105,-1.026,-1.078,0.052,0.846,22.7245,5,0.6,2.5407316145047276,5,0.5057830427475815,0.7,0.0,23.0,39.7,30.3,0.0,0.0,44.9,0.0,243.0214,,,32.35385841031175,False,short_side_not_traded_evidence_only,,,240.81,-0.1224,238.125,-1.236
2026-09-25,2026-09-25T13:42:27.876363,ALAB,RAPID_DECREASE_CANDIDATE,365.71,-0.622,-0.674,0.052,1.089,0.6672,5,0.6,3.317699589298841,5,0.590647971752025,0.8,0.0,33.1,56.6,38.6,0.0,0.0,53.0,0.0,367.3897,,,38.90244445845125,False,short_side_not_traded_evidence_only,,,361.025,-1.2811,363.0,-0.741
2026-09-25,2026-09-25T13:42:27.931661,CRDO,RAPID_DECREASE_CANDIDATE,206.8245,-0.386,-0.438,0.052,1.359,6.6481,5,1.0,2.6824416066388697,5,0.48727907974162477,0.6,0.0,39.0,80.3,57.3,14.6,40.0,62.0,0.0,206.2205,,,48.80905664697221,False,short_side_not_traded_evidence_only,,,199.525,-3.5293,199.68,-3.4544
2026-09-25,2026-09-25T13:42:31.242715,MRVL,RAPID_DECREASE_CANDIDATE,261.996,-0.348,-0.4,0.052,1.264,5.2215,5,0.4,1.3138958548734894,5,0.5739946528879686,0.7,0.0,40.0,71.3,37.8,0.0,0.0,58.8,0.0,263.2847,41.5,SMH,43.12055938524942,False,short_side_not_traded_evidence_only,,,261.425,-0.2179,260.985,-0.3859
2026-09-25,2026-09-25T13:42:31.268752,VKTX,RAPID_DECREASE_CANDIDATE,37.8889,-0.436,-0.488,0.052,1.153,5.5953,5,0.6,2.6493607294435724,5,0.5784171657691218,0.65,0.0,37.8,61.7,17.0,0.0,0.0,55.1,0.0,38.396,,,38.09402697809449,False,short_side_not_traded_evidence_only,,,36.735,-3.0455,36.91,-2.5836
2026-09-25,2026-09-25T13:42:31.286507,NBIS,RAPID_DECREASE_CANDIDATE,241.0,-1.069,-1.121,0.052,0.857,22.7344,5,0.6,2.5407316145047276,5,0.5057830427475815,0.7,0.0,22.0,40.4,29.2,0.0,0.0,45.2,0.0,243.0172,,,32.20633958222889,False,short_side_not_traded_evidence_only,,,240.81,-0.0788,238.125,-1.1929
2026-09-25,2026-09-25T13:42:31.299789,ALAB,RAPID_DECREASE_CANDIDATE,365.22,-0.755,-0.807,0.052,1.081,0.6681,5,0.6,3.317699589298841,5,0.590647971752025,0.8,0.0,29.8,56.0,35.3,0.0,0.0,52.7,0.0,367.3834,,,37.80061629083721,False,short_side_not_traded_evidence_only,,,361.025,-1.1486,363.0,-0.6079
2026-09-25,2026-09-25T13:42:31.317152,CRDO,RAPID_DECREASE_CANDIDATE,206.45,-0.566,-0.618,0.052,1.32,2.0877,5,1.0,2.6824416066388697,5,0.48727907974162477,0.6,0.0,34.5,76.5,52.6,5.2,40.0,60.7,0.0,206.236,,,47.8436929985355,False,short_side_not_traded_evidence_only,,,199.525,-3.3543,199.68,-3.2792
2026-09-25,2026-09-25T13:42:34.661245,BITX,RAPID_DECREASE_CANDIDATE,19.82,-0.352,-0.404,0.052,1.148,0.0505,8,0.8,2.267278914475886,5,0.6249816849816897,0.6666666666666667,0.0,39.9,61.3,43.6,0.0,0.0,54.9,99.9,19.8712,,,45.840422898498915,False,short_side_not_traded_evidence_only,,,19.8114,-0.0434,19.64,-0.9082
2026-09-25,2026-09-25T13:42:34.676178,MRVL,RAPID_DECREASE_CANDIDATE,261.52,-0.529,-0.581,0.052,1.235,5.231,8,0.4,1.3138958548734894,5,0.5739946528879686,0.7,0.0,35.5,68.6,33.3,0.0,0.0,57.8,0.0,263.2757,37.0,SMH,41.248097193921055,False,short_side_not_traded_evidence_only,,,261.425,-0.0363,260.985,-0.2046
2026-09-25,2026-09-25T13:42:34.689221,VKTX,RAPID_DECREASE_CANDIDATE,37.885,-0.447,-0.499,0.052,1.137,5.5959,8,0.6,2.6493607294435724,5,0.5784171657691218,0.65,0.0,37.5,60.4,16.8,0.0,0.0,54.6,0.0,38.3949,,,37.74387078866787,False,short_side_not_traded_evidence_only,,,36.735,-3.0355,36.91,-2.5736
2026-09-25,2026-09-25T13:42:34.708414,BMNR,RAPID_DECREASE_CANDIDATE,27.665,-0.342,-0.394,0.052,1.291,0.0361,8,1.0,2.299339118045032,5,0.478630837501807,0.5,0.0,40.1,73.7,46.7,0.0,0.0,59.7,100.0,27.7013,,,48.946173658048785,False,short_side_not_traded_evidence_only,,,27.455,-0.7591,27.405,-0.9398
2026-09-25,2026-09-25T13:42:34.725270,NBIS,RAPID_DECREASE_CANDIDATE,240.74,-1.176,-1.228,0.052,0.869,22.759,8,0.6,2.5407316145047276,5,0.5057830427475815,0.7,0.0,19.3,41.1,26.6,0.0,0.0,45.6,0.0,243.0131,,,31.60101821981227,False,short_side_not_traded_evidence_only,,,240.81,0.0291,238.125,-1.0862
2026-09-25,2026-09-25T13:42:34.739339,MSTR,RAPID_DECREASE_CANDIDATE,159.49,-0.337,-0.389,0.052,1.062,8.4519,8,1.0,2.9232144492489134,5,0.5988820707616584,0.65,0.0,40.3,54.5,49.3,0.0,0.0,52.1,0.0,159.5342,62.2,WGMI,40.9710649732146,False,short_side_not_traded_evidence_only,,,159.64,0.094,158.56,-0.5831
2026-09-25,2026-09-25T13:42:34.753504,ALAB,RAPID_DECREASE_CANDIDATE,364.0,-1.087,-1.139,0.052,1.073,0.6703,8,0.6,3.317699589298841,5,0.590647971752025,0.8,0.0,21.5,55.4,27.0,0.0,0.0,52.4,0.0,367.3772,,,35.250794859752816,False,short_side_not_traded_evidence_only,,,361.025,-0.8173,363.0,-0.2747
2026-09-25,2026-09-25T13:42:34.770816,CRDO,RAPID_DECREASE_CANDIDATE,206.44,-0.571,-0.623,0.052,1.282,6.6605,8,1.0,2.6824416066388697,5,0.48727907974162477,0.6,0.0,34.4,72.9,52.3,4.6,40.0,59.4,0.0,206.2513,,,47.11797080062621,False,short_side_not_traded_evidence_only,,,199.525,-3.3496,199.68,-3.2746
2026-09-25,2026-09-25T13:42:38.076661,BITX,RAPID_DECREASE_CANDIDATE,19.81,-0.402,-0.454,0.052,1.131,0.0505,8,0.8,2.267278914475886,5,0.6249816849816897,0.6666666666666667,0.0,38.6,59.9,42.3,0.0,0.0,54.4,99.9,19.871,,,45.181722517079756,False,short_side_not_traded_evidence_only,,,19.8114,0.0071,19.64,-0.8582
2026-09-25,2026-09-25T13:42:38.089743,MRVL,RAPID_DECREASE_CANDIDATE,261.5683,-0.51,-0.562,0.052,1.206,4.4577,8,0.4,1.3138958548734894,5,0.5739946528879686,0.7,0.0,36.0,66.2,33.9,0.0,0.0,56.9,0.0,263.2668,37.5,SMH,40.86299039669365,False,short_side_not_traded_evidence_only,,,261.425,-0.0548,260.985,-0.223
2026-09-25,2026-09-25T13:42:38.103824,VKTX,RAPID_DECREASE_CANDIDATE,37.855,-0.526,-0.578,0.052,1.122,5.6003,8,0.6,2.6493607294435724,5,0.5784171657691218,0.65,0.0,35.5,59.2,14.9,0.0,0.0,54.1,0.0,38.3939,,,36.91081521675951,False,short_side_not_traded_evidence_only,,,36.735,-2.9587,36.91,-2.4964
2026-09-25,2026-09-25T13:42:38.117036,BMNR,RAPID_DECREASE_CANDIDATE,27.66,-0.36,-0.412,0.052,1.254,0.0362,8,1.0,2.299339118045032,5,0.478630837501807,0.5,0.0,39.7,70.4,46.3,0.0,0.0,58.5,100.0,27.7012,,,48.10598111188559,False,short_side_not_traded_evidence_only,,,27.455,-0.7411,27.405,-0.9219
2026-09-25,2026-09-25T13:42:38.132257,NBIS,RAPID_DECREASE_CANDIDATE,240.9426,-1.093,-1.145,0.052,0.88,22.7399,8,0.6,2.5407316145047276,5,0.5057830427475815,0.7,0.0,21.4,41.9,28.7,0.0,0.0,46.0,0.0,243.009,,,32.382317857693444,False,short_side_not_traded_evidence_only,,,240.81,-0.055,238.125,-1.1694
2026-09-25,2026-09-25T13:42:38.147325,MSTR,RAPID_DECREASE_CANDIDATE,159.45,-0.362,-0.414,0.052,1.055,8.4541,8,1.0,2.9232144492489134,5,0.5988820707616584,0.65,0.0,39.6,54.0,48.7,0.0,0.0,51.8,0.0,159.5357,61.6,WGMI,40.67507465711462,False,short_side_not_traded_evidence_only,,,159.64,0.1192,158.56,-0.5582
2026-09-25,2026-09-25T13:42:38.160064,ALAB,RAPID_DECREASE_CANDIDATE,364.485,-0.955,-1.007,0.052,1.065,11.139,8,0.6,3.317699589298841,5,0.590647971752025,0.8,0.0,24.8,54.8,30.4,0.0,0.0,52.2,0.0,367.3711,,,36.086684692540615,False,short_side_not_traded_evidence_only,,,361.025,-0.9493,363.0,-0.4074
2026-09-25,2026-09-25T13:42:38.174635,CRDO,RAPID_DECREASE_CANDIDATE,206.666,-0.462,-0.514,0.052,1.247,4.9161,8,1.0,2.6824416066388697,5,0.48727907974162477,0.6,0.0,37.1,69.7,54.8,9.7,40.0,58.2,0.0,206.2663,,,46.573091755280565,False,short_side_not_traded_evidence_only,,,199.525,-3.4553,199.68,-3.3803
2026-09-25,2026-09-25T13:42:41.431391,BITX,RAPID_DECREASE_CANDIDATE,19.83,-0.302,-0.354,0.052,1.115,0.0504,8,0.8,2.267278914475886,5,0.6249816849816897,0.6666666666666667,0.0,41.1,58.7,44.9,0.0,0.0,53.8,99.9,19.8708,,,45.63461541584603,False,short_side_not_traded_evidence_only,,,19.8114,-0.0938,19.64,-0.9581
2026-09-25,2026-09-25T13:42:41.444481,MRVL,RAPID_DECREASE_CANDIDATE,261.55,-0.517,-0.569,0.052,1.179,5.2304,8,0.4,1.3138958548734894,5,0.5739946528879686,0.7,0.0,35.8,63.9,33.8,0.0,0.0,56.0,0.0,263.2581,37.3,SMH,40.32722898451134,False,short_side_not_traded_evidence_only,,,261.425,-0.0478,260.985,-0.216
2026-09-25,2026-09-25T13:42:41.457757,VKTX,RAPID_DECREASE_CANDIDATE,37.8112,-0.641,-0.693,0.052,1.107,5.6068,8,0.6,2.6493607294435724,5,0.5784171657691218,0.65,0.0,32.7,58.0,12.1,0.0,0.0,53.6,0.0,38.3929,,,35.823601748447714,False,short_side_not_traded_evidence_only,,,36.735,-2.8462,36.91,-2.3834
2026-09-25,2026-09-25T13:42:41.470746,BMNR,RAPID_DECREASE_CANDIDATE,27.6686,-0.329,-0.381,0.052,1.22,0.0723,8,1.0,2.299339118045032,5,0.478630837501807,0.5,0.0,40.5,67.3,47.1,0.0,0.0,57.3,95.0,27.701,,,47.477519256744124,False,short_side_not_traded_evidence_only,,,27.455,-0.772,27.405,-0.9527
2026-09-25,2026-09-25T13:42:41.483695,NBIS,RAPID_DECREASE_CANDIDATE,240.9,-1.11,-1.162,0.052,0.892,22.7439,8,0.6,2.5407316145047276,5,0.5057830427475815,0.7,0.0,20.9,42.6,28.3,0.0,0.0,46.4,0.0,243.005,,,32.440291078950544,False,short_side_not_traded_evidence_only,,,240.81,-0.0374,238.125,-1.1519
2026-09-25,2026-09-25T13:42:41.497906,MSTR,RAPID_DECREASE_CANDIDATE,159.51,-0.325,-0.377,0.052,1.049,8.4509,8,1.0,2.9232144492489134,5,0.5988820707616584,0.65,0.0,40.6,53.6,49.6,0.0,0.0,51.6,0.0,159.5371,62.5,WGMI,40.83896241423435,False,short_side_not_traded_evidence_only,,,159.64,0.0815,158.56,-0.5956
2026-09-25,2026-09-25T13:42:41.533062,ALAB,RAPID_DECREASE_CANDIDATE,363.855,-1.126,-1.178,0.052,1.058,5.0597,8,0.6,3.317699589298841,5,0.590647971752025,0.8,0.0,20.6,54.2,26.1,0.0,0.0,51.9,0.0,367.3651,,,34.71778496173366,False,short_side_not_traded_evidence_only,,,361.025,-0.7778,363.0,-0.235
2026-09-25,2026-09-25T13:42:41.545055,CRDO,RAPID_DECREASE_CANDIDATE,206.5415,-0.522,-0.574,0.052,1.214,6.6573,8,1.0,2.6824416066388697,5,0.48727907974162477,0.6,0.0,35.6,66.8,53.2,6.3,40.0,57.1,0.0,206.281,,,45.90784079863857,False,short_side_not_traded_evidence_only,,,199.525,-3.3971,199.68,-3.3221
2026-09-25,2026-09-25T13:42:44.844211,MRVL,RAPID_DECREASE_CANDIDATE,261.81,-0.418,-0.47,0.052,1.154,5.2252,6,0.4,1.3138958548734894,5,0.5739946528879686,0.7,0.0,38.2,61.7,36.3,0.0,0.0,55.1,0.0,263.2495,39.8,SMH,40.59736327410542,False,short_side_not_traded_evidence_only,,,261.425,-0.1471,260.985,-0.3151
2026-09-25,2026-09-25T13:42:44.857592,VKTX,RAPID_DECREASE_CANDIDATE,37.905,-0.394,-0.446,0.052,1.092,5.5929,6,0.6,2.6493607294435724,5,0.5784171657691218,0.65,0.0,38.9,56.9,18.3,0.0,0.0,53.1,0.0,38.3919,,,37.37242892584771,False,short_side_not_traded_evidence_only,,,36.735,-3.0867,36.91,-2.625
2026-09-25,2026-09-25T13:42:44.870073,BMNR,RAPID_DECREASE_CANDIDATE,27.67,-0.324,-0.376,0.052,1.187,0.0361,6,1.0,2.299339118045032,5,0.478630837501807,0.5,0.0,40.6,64.5,47.2,0.0,0.0,56.2,100.0,27.7009,,,47.11875491112597,False,short_side_not_traded_evidence_only,,,27.455,-0.777,27.405,-0.9577
2026-09-25,2026-09-25T13:42:44.883161,NBIS,RAPID_DECREASE_CANDIDATE,240.95,-1.09,-1.142,0.052,0.904,22.7392,6,0.6,2.5407316145047276,5,0.5057830427475815,0.7,0.0,21.4,43.4,28.9,0.0,0.0,46.8,0.0,243.0011,,,32.776259158128966,False,short_side_not_traded_evidence_only,,,240.81,-0.0581,238.125,-1.1724
2026-09-25,2026-09-25T13:42:44.896496,ALAB,RAPID_DECREASE_CANDIDATE,364.41,-0.976,-1.028,0.052,1.05,0.4802,6,0.6,3.317699589298841,5,0.590647971752025,0.8,0.0,24.3,53.7,29.9,0.0,0.0,51.7,4.4,367.3592,,,35.875517825631135,False,short_side_not_traded_evidence_only,,,361.025,-0.9289,363.0,-0.3869
2026-09-25,2026-09-25T13:42:44.910142,CRDO,RAPID_DECREASE_CANDIDATE,206.5403,-0.522,-0.574,0.052,1.182,0.1985,6,1.0,2.6824416066388697,5,0.48727907974162477,0.6,0.0,35.6,64.1,53.0,5.9,40.0,56.1,67.0,206.2954,,,48.14063394017777,False,short_side_not_traded_evidence_only,,,199.525,-3.3966,199.68,-3.3215
2026-09-25,2026-09-25T13:42:48.249411,MRVL,RAPID_DECREASE_CANDIDATE,261.72,-0.453,-0.505,0.052,1.129,4.4628,6,0.4,1.3138958548734894,5,0.5739946528879686,0.7,0.0,37.4,59.7,35.6,0.0,0.0,54.3,0.0,263.241,38.9,SMH,39.916725588081505,False,short_side_not_traded_evidence_only,,,261.425,-0.1127,260.985,-0.2808
2026-09-25,2026-09-25T13:42:48.269409,VKTX,RAPID_DECREASE_CANDIDATE,37.89,-0.434,-0.486,0.052,1.078,5.5951,6,0.6,2.6493607294435724,5,0.5784171657691218,0.65,0.0,37.9,55.8,17.4,0.0,0.0,52.6,0.0,38.3909,,,36.85125373131895,False,short_side_not_traded_evidence_only,,,36.735,-3.0483,36.91,-2.5864
2026-09-25,2026-09-25T13:42:48.288305,BMNR,RAPID_DECREASE_CANDIDATE,27.66,-0.36,-0.412,0.052,1.156,0.0723,6,1.0,2.299339118045032,5,0.478630837501807,0.5,0.0,39.7,62.0,46.3,0.0,0.0,55.2,95.0,27.7008,,,46.093005657533595,False,short_side_not_traded_evidence_only,,,27.455,-0.7411,27.405,-0.9219
2026-09-25,2026-09-25T13:42:48.302235,NBIS,RAPID_DECREASE_CANDIDATE,240.9564,-1.087,-1.139,0.052,0.917,14.0025,6,0.6,2.5407316145047276,5,0.5057830427475815,0.7,0.0,21.5,44.3,29.0,0.0,0.0,47.2,0.0,242.9972,,,32.9945163214156,False,short_side_not_traded_evidence_only,,,240.81,-0.0608,238.125,-1.1751
2026-09-25,2026-09-25T13:42:48.316590,ALAB,RAPID_DECREASE_CANDIDATE,364.9099,-0.84,-0.892,0.052,1.043,0.4796,6,0.6,3.317699589298841,5,0.590647971752025,0.8,0.0,27.7,53.1,33.4,0.0,0.0,51.4,4.5,367.3533,,,36.756331837221836,False,short_side_not_traded_evidence_only,,,361.025,-1.0646,363.0,-0.5234
2026-09-25,2026-09-25T13:42:48.332749,CRDO,RAPID_DECREASE_CANDIDATE,206.5,-0.542,-0.594,0.052,1.152,4.8136,6,1.0,2.6824416066388697,5,0.48727907974162477,0.6,0.0,35.1,61.6,52.3,4.6,40.0,55.1,0.0,206.3096,,,44.80875789491049,False,short_side_not_traded_evidence_only,,,199.525,-3.3777,199.68,-3.3027
2026-09-25,2026-09-25T13:42:51.618988,MRVL,RAPID_DECREASE_CANDIDATE,261.666,-0.473,-0.525,0.052,1.105,4.4522,5,0.4,1.3138958548734894,5,0.5739946528879686,0.7,0.0,36.9,57.9,35.1,0.0,0.0,53.5,0.0,263.2325,38.4,SMH,39.36633911344432,False,short_side_not_traded_evidence_only,,,261.425,-0.0921,260.985,-0.2603
2026-09-25,2026-09-25T13:42:51.632269,VKTX,RAPID_DECREASE_CANDIDATE,37.88,-0.46,-0.512,0.052,1.064,5.5966,5,0.6,2.6493607294435724,5,0.5784171657691218,0.65,0.0,37.2,54.7,16.8,0.0,0.0,52.1,0.0,38.3898,,,36.435945361813275,False,short_side_not_traded_evidence_only,,,36.735,-3.0227,36.91,-2.5607
2026-09-25,2026-09-25T13:42:51.645418,NBIS,RAPID_DECREASE_CANDIDATE,240.6495,-1.213,-1.265,0.052,0.93,14.0204,5,0.6,2.5407316145047276,5,0.5057830427475815,0.7,0.0,18.4,45.1,25.9,0.0,0.0,47.7,0.0,242.9934,,,32.2776803172387,False,short_side_not_traded_evidence_only,,,240.81,0.0667,238.125,-1.049
2026-09-25,2026-09-25T13:42:51.659717,ALAB,RAPID_DECREASE_CANDIDATE,364.39,-0.981,-1.033,0.052,1.035,0.4803,5,0.6,3.317699589298841,5,0.590647971752025,0.8,0.0,24.2,52.6,29.9,0.0,0.0,51.2,4.4,367.3475,,,35.60107645610304,False,short_side_not_traded_evidence_only,,,361.025,-0.9235,363.0,-0.3815
2026-09-25,2026-09-25T13:42:51.672424,CRDO,RAPID_DECREASE_CANDIDATE,206.6,-0.494,-0.546,0.052,1.124,4.8112,5,1.0,2.6824416066388697,5,0.48727907974162477,0.6,0.0,36.4,59.3,53.4,6.7,40.0,54.1,0.0,206.3235,,,44.37825505786322,False,short_side_not_traded_evidence_only,,,199.525,-3.4245,199.68,-3.3495
2026-09-25,2026-09-25T13:42:54.967069,MRVL,RAPID_DECREASE_CANDIDATE,261.572,-0.509,-0.561,0.052,1.082,4.4653,5,0.4,1.3138958548734894,5,0.5739946528879686,0.7,0.0,36.0,56.1,34.3,0.0,0.0,52.7,0.0,263.2243,37.5,SMH,38.724898612876714,False,short_side_not_traded_evidence_only,,,261.425,-0.0562,260.985,-0.2244
2026-09-25,2026-09-25T13:42:54.982520,VKTX,RAPID_DECREASE_CANDIDATE,37.88,-0.46,-0.512,0.052,1.051,5.5966,5,0.6,2.6493607294435724,5,0.5784171657691218,0.65,0.0,37.2,53.7,16.9,0.0,0.0,51.7,0.0,38.3888,,,36.220993891592904,False,short_side_not_traded_evidence_only,,,36.735,-3.0227,36.91,-2.5607
2026-09-25,2026-09-25T13:42:54.997526,NBIS,RAPID_DECREASE_CANDIDATE,240.83,-1.139,-1.191,0.052,0.943,14.0099,5,0.6,2.5407316145047276,5,0.5057830427475815,0.7,0.0,20.2,46.0,27.8,0.0,0.0,48.1,0.0,242.9896,,,33.026639837536955,False,short_side_not_traded_evidence_only,,,240.81,-0.0083,238.125,-1.1232
2026-09-25,2026-09-25T13:42:55.010621,ALAB,RAPID_DECREASE_CANDIDATE,364.8662,-0.852,-0.904,0.052,1.028,0.4796,5,0.6,3.317699589298841,5,0.590647971752025,0.8,0.0,27.4,52.0,33.2,0.0,0.0,50.9,4.5,367.3418,,,36.43709367493712,False,short_side_not_traded_evidence_only,,,361.025,-1.0528,363.0,-0.5115
2026-09-25,2026-09-25T13:42:55.024560,CRDO,RAPID_DECREASE_CANDIDATE,206.245,-0.665,-0.717,0.052,1.097,2.1188,5,1.0,2.6824416066388697,5,0.48727907974162477,0.6,0.0,32.1,57.2,48.9,0.0,40.0,53.2,0.0,206.3371,,,43.47669070065047,False,short_side_not_traded_evidence_only,,,199.525,-3.2583,199.68,-3.1831
2026-09-25,2026-09-25T13:42:58.274821,BITX,RAPID_DECREASE_CANDIDATE,19.83,-0.302,-0.354,0.052,1.04,0.0504,8,0.8,2.267278914475886,5,0.6249816849816897,0.6666666666666667,0.0,41.1,52.9,45.0,0.0,0.0,51.3,99.9,19.8697,,,44.38492711924327,False,short_side_not_traded_evidence_only,,,19.79,-0.2017,19.63,-1.0086
2026-09-25,2026-09-25T13:42:58.288578,AKAM,RAPID_DECREASE_CANDIDATE,121.795,-0.717,-0.769,0.052,1.074,1.6503,8,0.2,0.8641975186964078,5,0.5548420809126783,0.5666666666666667,0.0,30.8,55.5,25.3,0.0,0.0,52.5,0.0,123.0098,,,36.594763282141535,False,short_side_not_traded_evidence_only,,,118.775,-2.4796,116.29,-4.5199
2026-09-25,2026-09-25T13:42:58.302430,MRVL,RAPID_DECREASE_CANDIDATE,261.69,-0.464,-0.516,0.052,1.06,4.4633,8,0.4,1.3138958548734894,5,0.5739946528879686,0.7,0.0,37.1,54.4,35.5,0.0,0.0,52.0,0.0,263.2161,38.6,SMH,38.69406154990365,False,short_side_not_traded_evidence_only,,,261.3,-0.149,260.53,-0.4433
2026-09-25,2026-09-25T13:42:58.327237,VKTX,RAPID_DECREASE_CANDIDATE,37.9,-0.407,-0.459,0.052,1.038,5.5937,8,0.6,2.6493607294435724,5,0.5784171657691218,0.65,0.0,38.5,52.7,18.2,0.0,0.0,51.3,0.0,38.3878,,,36.39579106704661,False,short_side_not_traded_evidence_only,,,36.61,-3.4037,36.85,-2.7704
2026-09-25,2026-09-25T13:42:58.343016,BMNR,RAPID_DECREASE_CANDIDATE,27.65,-0.396,-0.448,0.052,1.072,0.0723,8,1.0,2.299339118045032,5,0.478630837501807,0.5,0.0,38.8,55.3,45.4,0.0,0.0,52.4,95.0,27.7004,,,44.3811946296083,False,short_side_not_traded_evidence_only,,,27.44,-0.7595,27.3786,-0.9816
2026-09-25,2026-09-25T13:42:58.359577,NBIS,RAPID_DECREASE_CANDIDATE,240.94,-1.094,-1.146,0.052,0.957,14.0035,8,0.6,2.5407316145047276,5,0.5057830427475815,0.7,0.0,21.3,47.0,29.0,0.0,0.0,48.6,0.0,242.9859,,,33.57426763818896,False,short_side_not_traded_evidence_only,,,240.595,-0.1432,237.06,-1.6104
2026-09-25,2026-09-25T13:42:58.380601,ALAB,RAPID_DECREASE_CANDIDATE,364.38,-0.984,-1.036,0.052,1.021,0.483,8,0.6,3.317699589298841,5,0.590647971752025,0.8,0.0,24.1,51.5,29.9,0.0,0.0,50.7,3.8,367.3362,,,35.33064254013288,False,short_side_not_traded_evidence_only,,,360.765,-0.9921,361.21,-0.87
2026-09-25,2026-09-25T13:42:58.394267,CRDO,RAPID_DECREASE_CANDIDATE,206.1935,-0.689,-0.741,0.052,1.071,5.0487,8,1.0,2.6824416066388697,5,0.48727907974162477,0.6,0.0,31.5,55.2,48.1,0.0,40.0,52.4,0.0,206.3506,,,42.83891136121037,False,short_side_not_traded_evidence_only,,,199.85,-3.0765,200.135,-2.9383
2026-09-25,2026-09-25T13:43:02.202136,AKAM,RAPID_DECREASE_CANDIDATE,121.61,-0.611,-0.639,0.028,1.364,1.6528,6,0.2,0.8641975186964078,5,0.5548420809126783,0.5666666666666667,0.0,34.0,56.4,21.7,0.0,0.0,62.1,0.0,123.0048,,,38.04314946469223,False,short_side_not_traded_evidence_only,,,118.775,-2.3312,116.29,-4.3746
2026-09-25,2026-09-25T13:43:02.214707,MRVL,RAPID_DECREASE_CANDIDATE,261.8637,-0.351,-0.379,0.028,0.952,4.4603,6,0.4,1.3138958548734894,5,0.5739946528879686,0.7,0.0,40.5,52.1,37.2,0.0,0.0,48.4,0.0,263.2069,40.2,SMH,38.6410310052493,False,short_side_not_traded_evidence_only,,,261.3,-0.2153,260.53,-0.5093
2026-09-25,2026-09-25T13:43:02.232748,BMNR,RAPID_DECREASE_CANDIDATE,27.66,-0.36,-0.388,0.028,0.787,0.0362,6,1.0,2.299339118045032,5,0.478630837501807,0.5,0.0,40.3,51.1,46.4,0.0,0.0,42.9,100.0,27.7001,,,43.06494520316698,False,short_side_not_traded_evidence_only,,,27.44,-0.7954,27.3786,-1.0174
2026-09-25,2026-09-25T13:43:02.245733,NBIS,RAPID_DECREASE_CANDIDATE,241.26,-0.818,-0.846,0.028,2.37,13.9849,6,0.6,2.5407316145047276,5,0.5057830427475815,0.7,0.0,28.9,61.0,32.6,0.0,0.0,95.7,0.0,242.9558,,,43.50131273858834,False,short_side_not_traded_evidence_only,,,240.595,-0.2756,237.06,-1.7409
2026-09-25,2026-09-25T13:43:02.259539,ALAB,RAPID_DECREASE_CANDIDATE,364.5513,-0.81,-0.838,0.028,0.626,0.406,6,0.6,3.317699589298841,5,0.590647971752025,0.8,0.0,29.0,47.6,31.1,0.0,0.0,37.5,20.9,367.3261,,,34.732283414204474,False,short_side_not_traded_evidence_only,,,360.765,-1.0386,361.21,-0.9166
2026-09-25,2026-09-25T13:43:02.275155,CRDO,RAPID_DECREASE_CANDIDATE,206.155,-0.636,-0.664,0.028,0.691,6.6697,6,1.0,2.6824416066388697,5,0.48727907974162477,0.6,0.0,33.4,50.2,47.6,0.0,40.0,39.7,0.0,206.3526,,,40.685468797635394,False,short_side_not_traded_evidence_only,,,199.85,-3.0584,200.135,-2.9201
2026-09-25,2026-09-25T13:43:05.706550,AKAM,RAPID_DECREASE_CANDIDATE,121.56,-0.652,-0.68,0.028,1.311,1.3738,6,0.2,0.8641975186964078,5,0.5548420809126783,0.5666666666666667,0.0,33.0,57.3,20.7,0.0,0.0,60.4,0.0,122.9998,,,37.682109758145096,False,short_side_not_traded_evidence_only,,,118.775,-2.291,116.29,-4.3353
2026-09-25,2026-09-25T13:43:05.736115,MRVL,RAPID_DECREASE_CANDIDATE,261.74,-0.398,-0.426,0.028,0.937,0.1184,6,0.4,1.3138958548734894,5,0.5739946528879686,0.7,0.0,39.4,49.9,36.2,0.0,0.0,47.9,84.8,263.1979,39.0,SMH,41.41077335567792,False,short_side_not_traded_evidence_only,,,261.3,-0.1681,260.53,-0.4623
2026-09-25,2026-09-25T13:43:05.749515,BMNR,RAPID_DECREASE_CANDIDATE,27.665,-0.342,-0.37,0.028,0.779,0.0723,6,1.0,2.299339118045032,5,0.478630837501807,0.5,0.0,40.8,47.2,46.9,0.0,0.0,42.6,95.0,27.6998,,,42.30504958723356,False,short_side_not_traded_evidence_only,,,27.44,-0.8133,27.3786,-1.0352
2026-09-25,2026-09-25T13:43:05.763273,NBIS,RAPID_DECREASE_CANDIDATE,241.275,-0.812,-0.84,0.028,2.236,1.5708,6,0.6,2.5407316145047276,5,0.5057830427475815,0.7,0.0,29.0,75.6,33.0,0.0,0.0,91.2,0.0,242.9268,,,45.462810475418785,False,short_side_not_traded_evidence_only,,,240.595,-0.2818,237.06,-1.747
2026-09-25,2026-09-25T13:43:05.777718,ALAB,RAPID_DECREASE_CANDIDATE,364.2101,-0.903,-0.931,0.028,0.634,0.4064,6,0.6,3.317699589298841,5,0.590647971752025,0.8,0.0,26.7,43.8,28.9,0.0,0.0,37.8,20.8,367.316,,,33.46052111528563,False,short_side_not_traded_evidence_only,,,360.765,-0.9459,361.21,-0.8237
2026-09-25,2026-09-25T13:43:05.793140,CRDO,RAPID_DECREASE_CANDIDATE,206.16,-0.634,-0.662,0.028,0.688,6.6696,6,1.0,2.6824416066388697,5,0.48727907974162477,0.6,0.0,33.5,45.6,47.6,0.0,40.0,39.6,0.0,206.3546,,,39.91015906768597,False,short_side_not_traded_evidence_only,,,199.85,-3.0607,200.135,-2.9225
2026-09-25,2026-09-25T13:43:09.091456,AKAM,RAPID_DECREASE_CANDIDATE,120.8451,-1.236,-1.264,0.028,1.262,4.5099,5,0.2,0.8641975186964078,5,0.5548420809126783,0.5666666666666667,0.0,18.4,58.1,6.3,0.0,0.0,58.7,0.0,122.9949,,,33.37621162156509,False,short_side_not_traded_evidence_only,,,118.775,-1.713,116.29,-3.7694
2026-09-25,2026-09-25T13:43:09.104631,MRVL,RAPID_DECREASE_CANDIDATE,261.8275,-0.364,-0.392,0.028,0.924,4.461,5,0.4,1.3138958548734894,5,0.5739946528879686,0.7,0.0,40.2,47.8,37.1,0.0,0.0,47.5,0.0,263.1889,39.9,SMH,37.730367570894586,False,short_side_not_traded_evidence_only,,,261.3,-0.2015,260.53,-0.4956
2026-09-25,2026-09-25T13:43:09.119128,BMNR,RAPID_DECREASE_CANDIDATE,27.665,-0.342,-0.37,0.028,0.771,0.0361,5,1.0,2.299339118045032,5,0.478630837501807,0.5,0.0,40.8,43.5,46.9,0.0,0.0,42.4,100.0,27.6995,,,41.86876723831683,False,short_side_not_traded_evidence_only,,,27.44,-0.8133,27.3786,-1.0352
2026-09-25,2026-09-25T13:43:09.131911,NBIS,RAPID_DECREASE_CANDIDATE,241.33,-0.789,-0.817,0.028,2.116,1.5705,5,0.6,2.5407316145047276,5,0.5057830427475815,0.7,0.0,29.6,90.9,33.9,0.0,0.0,87.2,0.0,242.8989,,,47.708959597260275,False,short_side_not_traded_evidence_only,,,240.595,-0.3046,237.06,-1.7694
2026-09-25,2026-09-25T13:43:09.165665,CRDO,RAPID_DECREASE_CANDIDATE,205.98,-0.721,-0.749,0.028,0.685,6.6754,5,1.0,2.6824416066388697,5,0.48727907974162477,0.6,0.0,31.3,41.2,45.4,0.0,0.0,39.5,0.0,206.3566,,,35.19936076139441,False,short_side_not_traded_evidence_only,,,199.85,-2.976,200.135,-2.8377
2026-09-25,2026-09-25T13:43:12.444784,AKAM,RAPID_DECREASE_CANDIDATE,120.9017,-1.19,-1.218,0.028,1.243,0.7775,5,0.2,0.8641975186964078,5,0.5548420809126783,0.5666666666666667,0.0,19.6,60.8,7.6,0.0,0.0,58.1,0.0,122.99,,,34.093549355286264,False,short_side_not_traded_evidence_only,,,118.775,-1.759,116.29,-3.8144
2026-09-25,2026-09-25T13:43:12.456748,MRVL,RAPID_DECREASE_CANDIDATE,261.89,-0.341,-0.369,0.028,0.928,4.4599,5,0.4,1.3138958548734894,5,0.5739946528879686,0.7,0.0,40.8,47.0,37.7,0.0,0.0,47.6,0.0,263.1801,40.5,SMH,37.80425618004928,False,short_side_not_traded_evidence_only,,,261.3,-0.2253,260.53,-0.5193
2026-09-25,2026-09-25T13:43:12.469685,NBIS,RAPID_DECREASE_CANDIDATE,241.1504,-0.863,-0.891,0.028,1.986,1.6463,5,0.6,2.5407316145047276,5,0.5057830427475815,0.7,0.0,27.7,100.0,32.3,0.0,0.0,82.9,0.0,242.8719,,,48.180840352581455,False,short_side_not_traded_evidence_only,,,240.595,-0.2303,237.06,-1.6962
2026-09-25,2026-09-25T13:43:12.482693,ALAB,RAPID_DECREASE_CANDIDATE,365.3355,-0.597,-0.625,0.028,0.657,0.4051,5,0.6,3.317699589298841,5,0.590647971752025,0.8,0.0,34.4,36.8,36.7,0.0,0.0,38.6,21.1,367.2961,,,34.64918651306528,False,short_side_not_traded_evidence_only,,,360.765,-1.251,361.21,-1.1292
2026-09-25,2026-09-25T13:43:12.506917,CRDO,RAPID_DECREASE_CANDIDATE,205.98,-0.721,-0.749,0.028,0.698,6.6754,5,1.0,2.6824416066388697,5,0.48727907974162477,0.6,0.0,31.3,38.3,45.4,0.0,0.0,39.9,0.0,206.3586,,,34.76266116516552,False,short_side_not_traded_evidence_only,,,199.85,-2.976,200.135,-2.8377
2026-09-25,2026-09-25T13:43:15.755883,AKAM,RAPID_DECREASE_CANDIDATE,120.8799,-1.207,-1.235,0.028,1.224,0.7197,6,0.2,0.8641975186964078,5,0.5548420809126783,0.5666666666666667,0.0,19.1,63.5,7.2,0.0,0.0,57.5,0.0,122.9852,,,34.349055093353805,False,short_side_not_traded_evidence_only,,,118.775,-1.7413,116.29,-3.7971
2026-09-25,2026-09-25T13:43:15.769641,MRVL,RAPID_DECREASE_CANDIDATE,261.6848,-0.419,-0.447,0.028,0.932,4.4634,6,0.4,1.3138958548734894,5,0.5739946528879686,0.7,0.0,38.8,46.3,35.9,0.0,0.0,47.7,0.0,263.1714,38.5,SMH,37.13932136402948,False,short_side_not_traded_evidence_only,,,261.3,-0.147,260.53,-0.4413
2026-09-25,2026-09-25T13:43:15.784804,BMNR,RAPID_DECREASE_CANDIDATE,27.6486,-0.401,-0.429,0.028,0.792,0.0362,6,1.0,2.299339118045032,5,0.478630837501807,0.5,0.0,39.3,39.2,45.5,0.0,0.0,43.1,100.0,27.6989,,,40.812391548756416,False,short_side_not_traded_evidence_only,,,27.44,-0.7545,27.3786,-0.9765
2026-09-25,2026-09-25T13:43:15.797228,NBIS,RAPID_DECREASE_CANDIDATE,241.03,-0.913,-0.941,0.028,1.871,1.6471,6,0.6,2.5407316145047276,5,0.5057830427475815,0.7,0.0,26.5,100.0,31.3,0.0,0.0,79.0,0.0,242.8458,,,47.37169997707234,False,short_side_not_traded_evidence_only,,,240.595,-0.1805,237.06,-1.6471
2026-09-25,2026-09-25T13:43:15.809770,ALAB,RAPID_DECREASE_CANDIDATE,364.735,-0.76,-0.788,0.028,0.671,0.4058,6,0.6,3.317699589298841,5,0.590647971752025,0.8,0.0,30.3,33.5,32.6,0.0,0.0,39.0,20.9,367.2862,,,32.970576909623,False,short_side_not_traded_evidence_only,,,360.765,-1.0885,361.21,-0.9665
2026-09-25,2026-09-25T13:43:15.822469,CRDO,RAPID_DECREASE_CANDIDATE,206.1764,-0.626,-0.654,0.028,0.711,6.669,6,1.0,2.6824416066388697,5,0.48727907974162477,0.6,0.0,33.6,35.4,47.8,0.0,40.0,40.4,0.0,206.3606,,,38.3525781034983,False,short_side_not_traded_evidence_only,,,199.85,-3.0684,200.135,-2.9302
2026-09-25,2026-09-25T13:43:19.079552,AKAM,RAPID_DECREASE_CANDIDATE,120.41,-1.591,-1.619,0.028,1.206,0.7225,6,0.2,0.8641975186964078,5,0.5548420809126783,0.5666666666666667,0.0,9.5,66.2,0.0,0.0,0.0,56.9,0.0,122.9805,,,32.22246154141669,False,short_side_not_traded_evidence_only,,,118.775,-1.3579,116.29,-3.4216
2026-09-25,2026-09-25T13:43:19.092547,MRVL,RAPID_DECREASE_CANDIDATE,261.656,-0.43,-0.458,0.028,0.936,0.0841,6,0.4,1.3138958548734894,5,0.5739946528879686,0.7,0.0,38.5,45.6,35.7,0.0,0.0,47.9,92.4,263.1628,38.2,SMH,40.8138186719443,False,short_side_not_traded_evidence_only,,,261.3,-0.1361,260.53,-0.4303
2026-09-25,2026-09-25T13:43:19.105439,BMNR,RAPID_DECREASE_CANDIDATE,27.6473,-0.406,-0.434,0.028,0.803,0.0362,6,1.0,2.299339118045032,5,0.478630837501807,0.5,0.0,39.1,37.0,45.4,0.0,0.0,43.4,100.0,27.6986,,,40.466101787600664,False,short_side_not_traded_evidence_only,,,27.44,-0.7498,27.3786,-0.9719
2026-09-25,2026-09-25T13:43:19.119043,NBIS,RAPID_DECREASE_CANDIDATE,241.185,-0.849,-0.877,0.028,1.768,1.646,6,0.6,2.5407316145047276,5,0.5057830427475815,0.7,0.0,28.1,100.0,33.2,0.0,0.0,75.6,0.0,242.8206,,,47.440839228782245,False,short_side_not_traded_evidence_only,,,240.595,-0.2446,237.06,-1.7103
2026-09-25,2026-09-25T13:43:19.132774,ALAB,RAPID_DECREASE_CANDIDATE,364.735,-0.76,-0.788,0.028,0.686,0.4058,6,0.6,3.317699589298841,5,0.590647971752025,0.8,0.0,30.3,30.2,32.7,0.0,0.0,39.5,20.9,367.2765,,,32.49262944718108,False,short_side_not_traded_evidence_only,,,360.765,-1.0885,361.21,-0.9665
2026-09-25,2026-09-25T13:43:19.146967,CRDO,RAPID_DECREASE_CANDIDATE,206.545,-0.448,-0.476,0.028,0.725,2.1158,6,1.0,2.6824416066388697,5,0.48727907974162477,0.6,0.0,38.1,32.4,52.2,4.4,40.0,40.8,0.0,206.3625,,,38.66718597477077,False,short_side_not_traded_evidence_only,,,199.85,-3.2414,200.135,-3.1034
2026-09-25,2026-09-25T13:43:22.483793,AKAM,RAPID_DECREASE_CANDIDATE,120.35,-1.64,-1.668,0.028,1.189,0.5484,4,0.2,0.8641975186964078,5,0.5548420809126783,0.5666666666666667,0.0,8.3,64.7,0.0,0.0,0.0,56.3,0.0,122.9758,,,31.698651464276214,False,short_side_not_traded_evidence_only,,,118.775,-1.3087,116.29,-3.3735
2026-09-25,2026-09-25T13:43:22.497418,BMNR,RAPID_DECREASE_CANDIDATE,27.635,-0.45,-0.478,0.028,0.815,0.0362,4,1.0,2.299339118045032,5,0.478630837501807,0.5,0.0,38.0,37.7,44.3,0.0,0.0,43.8,100.0,27.6983,,,40.313583433324155,False,short_side_not_traded_evidence_only,,,27.44,-0.7056,27.3786,-0.9278
2026-09-25,2026-09-25T13:43:22.510158,NBIS,RAPID_DECREASE_CANDIDATE,241.37,-0.773,-0.801,0.028,1.676,1.6199,4,0.6,2.5407316145047276,5,0.5057830427475815,0.7,0.0,30.0,100.0,35.3,0.0,0.0,72.5,0.0,242.7963,,,47.643403675584935,False,short_side_not_traded_evidence_only,,,240.595,-0.3211,237.06,-1.7856
2026-09-25,2026-09-25T13:43:22.528725,CRDO,RAPID_DECREASE_CANDIDATE,206.3251,-0.554,-0.582,0.028,0.74,0.3053,4,1.0,2.6824416066388697,5,0.48727907974162477,0.6,0.0,35.4,33.3,49.5,0.0,40.0,41.3,43.3,206.3644,,,40.44680548945507,False,short_side_not_traded_evidence_only,,,199.85,-3.1383,200.135,-3.0002
2026-09-25,2026-09-25T13:43:25.777163,AKAM,RAPID_DECREASE_CANDIDATE,120.56,-1.469,-1.497,0.028,1.172,0.5309,6,0.2,0.8641975186964078,5,0.5548420809126783,0.5666666666666667,0.0,12.6,63.2,1.0,0.0,0.0,55.7,0.0,122.9711,,,32.225288711228906,False,short_side_not_traded_evidence_only,,,118.775,-1.4806,116.29,-3.5418
2026-09-25,2026-09-25T13:43:25.790775,MRVL,RAPID_DECREASE_CANDIDATE,261.7,-0.413,-0.441,0.028,0.945,4.4631,6,0.4,1.3138958548734894,5,0.5739946528879686,0.7,0.0,39.0,46.1,36.3,0.0,0.0,48.2,0.0,263.1458,38.7,SMH,37.241033447975504,False,short_side_not_traded_evidence_only,,,261.3,-0.1528,260.53,-0.4471
2026-09-25,2026-09-25T13:43:25.804118,BMNR,RAPID_DECREASE_CANDIDATE,27.6386,-0.437,-0.465,0.028,0.827,0.0362,6,1.0,2.299339118045032,5,0.478630837501807,0.5,0.0,38.4,38.5,44.6,0.0,0.0,44.2,100.0,27.6981,,,40.58235771758337,False,short_side_not_traded_evidence_only,,,27.44,-0.7186,27.3786,-0.9407
2026-09-25,2026-09-25T13:43:25.817966,NBIS,RAPID_DECREASE_CANDIDATE,241.365,-0.775,-0.803,0.028,1.593,1.62,6,0.6,2.5407316145047276,5,0.5057830427475815,0.7,0.0,29.9,100.0,35.5,0.0,0.0,69.8,0.0,242.7727,,,47.312934252777794,False,short_side_not_traded_evidence_only,,,240.595,-0.319,237.06,-1.7836
2026-09-25,2026-09-25T13:43:25.834627,ALAB,RAPID_DECREASE_CANDIDATE,364.21,-0.903,-0.931,0.028,0.718,0.4009,6,0.6,3.317699589298841,5,0.590647971752025,0.8,0.0,26.7,32.1,29.3,0.0,0.0,40.6,22.0,367.2572,,,31.946603178223253,False,short_side_not_traded_evidence_only,,,360.765,-0.9459,361.21,-0.8237
2026-09-25,2026-09-25T13:43:25.847053,CRDO,RAPID_DECREASE_CANDIDATE,206.6,-0.422,-0.45,0.028,0.755,4.8015,6,1.0,2.6824416066388697,5,0.48727907974162477,0.6,0.0,38.8,34.2,52.8,5.7,40.0,41.8,0.0,206.3663,,,39.10861569420766,False,short_side_not_traded_evidence_only,,,199.85,-3.2672,200.135,-3.1292
2026-09-25,2026-09-25T13:43:29.080982,AKAM,RAPID_DECREASE_CANDIDATE,120.5601,-1.469,-1.497,0.028,1.155,0.5392,6,0.2,0.8641975186964078,5,0.5548420809126783,0.5666666666666667,0.0,12.6,61.9,1.1,0.0,0.0,55.2,0.0,122.9665,,,31.938624851856634,False,short_side_not_traded_evidence_only,,,118.775,-1.4807,116.29,-3.5419
2026-09-25,2026-09-25T13:43:29.097232,MRVL,RAPID_DECREASE_CANDIDATE,261.9699,-0.31,-0.338,0.028,0.949,4.4585,6,0.4,1.3138958548734894,5,0.5739946528879686,0.7,0.0,41.5,46.4,38.9,0.0,0.0,48.3,0.0,263.1374,41.2,SMH,38.066956525392456,False,short_side_not_traded_evidence_only,,,261.3,-0.2557,260.53,-0.5496
2026-09-25,2026-09-25T13:43:29.109993,BMNR,RAPID_DECREASE_CANDIDATE,27.63,-0.468,-0.496,0.028,0.839,0.0724,6,1.0,2.299339118045032,5,0.478630837501807,0.5,0.0,37.6,39.2,43.9,0.0,0.0,44.6,95.0,27.6978,,,40.32741654761971,False,short_side_not_traded_evidence_only,,,27.44,-0.6877,27.3786,-0.9099
2026-09-25,2026-09-25T13:43:29.124901,NBIS,RAPID_DECREASE_CANDIDATE,241.4426,-0.743,-0.771,0.028,1.518,1.6194,6,0.6,2.5407316145047276,5,0.5057830427475815,0.7,0.0,30.7,97.6,36.5,0.0,0.0,67.3,0.0,242.75,,,46.85933088039869,False,short_side_not_traded_evidence_only,,,240.595,-0.3511,237.06,-1.8152
2026-09-25,2026-09-25T13:43:29.139858,ALAB,RAPID_DECREASE_CANDIDATE,364.835,-0.733,-0.761,0.028,0.736,0.3344,6,0.6,3.317699589298841,5,0.590647971752025,0.8,0.0,31.0,33.0,33.6,0.0,0.0,41.2,36.8,367.2476,,,34.05025521191497,False,short_side_not_traded_evidence_only,,,360.765,-1.1156,361.21,-0.9936
2026-09-25,2026-09-25T13:43:29.191564,CRDO,RAPID_DECREASE_CANDIDATE,206.805,-0.323,-0.351,0.028,0.771,6.6488,6,1.0,2.6824416066388697,5,0.48727907974162477,0.6,0.0,41.2,35.1,55.3,10.6,40.0,42.4,0.0,206.3682,,,39.43462345772514,False,short_side_not_traded_evidence_only,,,199.85,-3.3631,200.135,-3.2253
2026-09-25,2026-09-25T13:43:32.444621,AKAM,RAPID_DECREASE_CANDIDATE,120.625,-1.416,-1.444,0.028,1.139,1.7326,5,0.2,0.8641975186964078,5,0.5548420809126783,0.5666666666666667,0.0,13.9,60.6,2.5,0.0,0.0,54.6,0.0,122.9619,,,32.05114282492258,False,short_side_not_traded_evidence_only,,,118.775,-1.5337,116.29,-3.5938
2026-09-25,2026-09-25T13:43:32.457242,MRVL,RAPID_DECREASE_CANDIDATE,261.912,-0.332,-0.36,0.028,0.954,4.429,5,0.4,1.3138958548734894,5,0.5739946528879686,0.7,0.0,41.0,46.7,38.4,0.0,0.0,48.5,0.0,263.1292,40.7,SMH,37.98746647137921,False,short_side_not_traded_evidence_only,,,261.3,-0.2337,260.53,-0.5277
2026-09-25,2026-09-25T13:43:32.486656,NBIS,RAPID_DECREASE_CANDIDATE,241.408,-0.757,-0.785,0.028,1.45,1.57,5,0.6,2.5407316145047276,5,0.5057830427475815,0.7,0.0,30.4,89.8,36.4,0.0,0.0,65.0,0.0,242.7279,,,45.20651549590054,False,short_side_not_traded_evidence_only,,,240.595,-0.3368,237.06,-1.8011
2026-09-25,2026-09-25T13:43:32.508976,ALAB,RAPID_DECREASE_CANDIDATE,364.825,-0.736,-0.764,0.028,0.754,1.4884,5,0.6,3.317699589298841,5,0.590647971752025,0.8,0.0,30.9,34.1,33.6,0.0,0.0,41.8,0.0,367.2382,,,32.75409223798514,False,short_side_not_traded_evidence_only,,,360.765,-1.1129,361.21,-0.9909
2026-09-25,2026-09-25T13:43:32.523238,CRDO,RAPID_DECREASE_CANDIDATE,206.7435,-0.353,-0.381,0.028,0.787,4.6579,5,1.0,2.6824416066388697,5,0.48727907974162477,0.6,0.0,40.5,36.1,54.5,9.0,40.0,42.9,0.0,206.37,,,39.63527321168165,False,short_side_not_traded_evidence_only,,,199.85,-3.3343,200.135,-3.1965
2026-09-25,2026-09-25T13:43:35.726505,BITX,RAPID_DECREASE_CANDIDATE,19.795,-0.377,-0.405,0.028,0.879,0.0505,6,0.8,2.267278914475886,5,0.6249816849816897,0.6666666666666667,0.0,39.9,41.8,40.9,0.0,0.0,46.0,99.9,19.867,,,41.13335301639357,False,short_side_not_traded_evidence_only,,,19.79,-0.0253,19.63,-0.8335
2026-09-25,2026-09-25T13:43:35.740285,AKAM,RAPID_DECREASE_CANDIDATE,120.49,-1.526,-1.554,0.028,1.123,1.7429,6,0.2,0.8641975186964078,5,0.5548420809126783,0.5666666666666667,0.0,11.1,59.3,0.0,0.0,0.0,54.1,0.0,122.9574,,,31.006400893791913,False,short_side_not_traded_evidence_only,,,118.775,-1.4234,116.29,-3.4858
2026-09-25,2026-09-25T13:43:35.752649,MRVL,RAPID_DECREASE_CANDIDATE,261.416,-0.521,-0.549,0.028,0.958,4.4221,6,0.4,1.3138958548734894,5,0.5739946528879686,0.7,0.0,36.3,47.1,33.8,0.0,0.0,48.6,0.0,263.121,36.0,SMH,36.68820823185472,False,short_side_not_traded_evidence_only,,,261.3,-0.0444,260.53,-0.3389
2026-09-25,2026-09-25T13:43:35.767183,BMNR,RAPID_DECREASE_CANDIDATE,27.5786,-0.653,-0.681,0.028,0.864,0.0363,6,1.0,2.299339118045032,5,0.478630837501807,0.5,0.0,33.0,40.8,39.3,0.0,0.0,45.5,100.0,27.6973,,,39.56072985585615,False,short_side_not_traded_evidence_only,,,27.44,-0.5026,27.3786,-0.7252
2026-09-25,2026-09-25T13:43:35.780433,NBIS,RAPID_DECREASE_CANDIDATE,241.3,-0.802,-0.83,0.028,1.387,1.5707,6,0.6,2.5407316145047276,5,0.5057830427475815,0.7,0.0,29.2,83.2,35.5,0.0,0.0,62.9,0.0,242.7065,,,43.54096426171441,False,short_side_not_traded_evidence_only,,,240.595,-0.2922,237.06,-1.7571
2026-09-25,2026-09-25T13:43:35.793016,ALAB,RAPID_DECREASE_CANDIDATE,364.725,-0.763,-0.791,0.028,0.773,0.2742,6,0.6,3.317699589298841,5,0.590647971752025,0.8,0.0,30.2,35.2,33.0,0.0,0.0,42.4,50.2,367.2288,,,34.921031769298004,False,short_side_not_traded_evidence_only,,,360.765,-1.0857,361.21,-0.9637
2026-09-25,2026-09-25T13:43:39.025170,BITX,RAPID_DECREASE_CANDIDATE,19.79,-0.403,-0.431,0.028,0.891,0.0505,7,0.8,2.267278914475886,5,0.6249816849816897,0.6666666666666667,0.0,39.2,42.6,40.3,0.0,0.0,46.4,99.9,19.8668,,,41.129496952043624,False,short_side_not_traded_evidence_only,,,19.79,0.0,19.63,-0.8085
2026-09-25,2026-09-25T13:43:39.038381,AKAM,RAPID_DECREASE_CANDIDATE,120.6299,-1.412,-1.44,0.028,1.108,1.6911,7,0.2,0.8641975186964078,5,0.5548420809126783,0.5666666666666667,0.0,14.0,58.1,2.8,0.0,0.0,53.6,0.0,122.953,,,31.564090321295886,False,short_side_not_traded_evidence_only,,,118.775,-1.5377,116.29,-3.5977
2026-09-25,2026-09-25T13:43:39.057433,MRVL,RAPID_DECREASE_CANDIDATE,261.6177,-0.444,-0.472,0.028,0.963,4.3537,7,0.4,1.3138958548734894,5,0.5739946528879686,0.7,0.0,38.2,47.4,35.8,0.0,0.0,48.8,0.0,263.1129,37.9,SMH,37.330641715137574,False,short_side_not_traded_evidence_only,,,261.3,-0.1214,260.53,-0.4158
2026-09-25,2026-09-25T13:43:39.075566,BMNR,RAPID_DECREASE_CANDIDATE,27.575,-0.666,-0.694,0.028,0.877,0.0725,7,1.0,2.299339118045032,5,0.478630837501807,0.5,0.0,32.6,41.7,39.0,0.0,0.0,45.9,95.0,27.697,,,39.456259387508595,False,short_side_not_traded_evidence_only,,,27.44,-0.4896,27.3786,-0.7122
2026-09-25,2026-09-25T13:43:39.088432,NBIS,RAPID_DECREASE_CANDIDATE,241.3,-0.802,-0.83,0.028,1.33,13.9826,7,0.6,2.5407316145047276,5,0.5057830427475815,0.7,0.0,29.2,77.5,35.7,0.0,0.0,61.0,0.0,242.6858,,,42.37775812163251,False,short_side_not_traded_evidence_only,,,240.595,-0.2922,237.06,-1.7571
2026-09-25,2026-09-25T13:43:39.101328,ALAB,RAPID_DECREASE_CANDIDATE,364.73,-0.762,-0.79,0.028,0.793,5.3272,7,0.6,3.317699589298841,5,0.590647971752025,0.8,0.0,30.2,36.4,33.1,0.0,0.0,43.1,0.0,367.2195,,,33.12929589301979,False,short_side_not_traded_evidence_only,,,360.765,-1.0871,361.21,-0.9651
2026-09-25,2026-09-25T13:43:39.120278,CRDO,RAPID_DECREASE_CANDIDATE,206.81,-0.321,-0.349,0.028,0.822,4.6564,7,1.0,2.6824416066388697,5,0.48727907974162477,0.6,0.0,41.3,38.2,55.3,10.6,40.0,44.1,0.0,206.3737,,,40.174257281327186,False,short_side_not_traded_evidence_only,,,199.85,-3.3654,200.135,-3.2276
2026-09-25,2026-09-25T13:43:42.460136,BITX,RAPID_DECREASE_CANDIDATE,19.785,-0.428,-0.456,0.028,0.903,0.0505,7,0.8,2.267278914475886,5,0.6249816849816897,0.6666666666666667,0.0,38.6,43.4,39.7,0.0,0.0,46.8,99.9,19.8666,,,41.13467878018677,False,short_side_not_traded_evidence_only,,,19.79,0.0253,19.63,-0.7834
2026-09-25,2026-09-25T13:43:42.473530,AKAM,RAPID_DECREASE_CANDIDATE,120.31,-1.673,-1.701,0.028,1.093,1.4795,7,0.2,0.8641975186964078,5,0.5548420809126783,0.5666666666666667,0.0,7.5,57.0,0.0,0.0,0.0,53.1,0.0,122.9486,,,29.87597289298512,False,short_side_not_traded_evidence_only,,,118.775,-1.2759,116.29,-3.3414
2026-09-25,2026-09-25T13:43:42.489878,MRVL,RAPID_DECREASE_CANDIDATE,261.31,-0.561,-0.589,0.028,0.967,4.4698,7,0.4,1.3138958548734894,5,0.5739946528879686,0.7,0.0,35.3,47.7,32.9,0.0,0.0,48.9,0.0,263.1049,35.0,SMH,36.55613831661722,False,short_side_not_traded_evidence_only,,,261.3,-0.0038,260.53,-0.2985
2026-09-25,2026-09-25T13:43:42.504408,BMNR,RAPID_DECREASE_CANDIDATE,27.565,-0.702,-0.73,0.028,0.891,0.0363,7,1.0,2.299339118045032,5,0.478630837501807,0.5,0.0,31.8,42.6,38.1,0.0,0.0,46.4,100.0,27.6968,,,39.61054203800611,False,short_side_not_traded_evidence_only,,,27.44,-0.4535,27.3786,-0.6762
2026-09-25,2026-09-25T13:43:42.518197,NBIS,RAPID_DECREASE_CANDIDATE,241.2,-0.843,-0.871,0.028,1.277,13.9884,7,0.6,2.5407316145047276,5,0.5057830427475815,0.7,0.0,28.2,72.5,34.9,0.0,0.0,59.2,0.0,242.6657,,,41.05320939473819,False,short_side_not_traded_evidence_only,,,240.595,-0.2508,237.06,-1.7164
2026-09-25,2026-09-25T13:43:42.532311,ALAB,RAPID_DECREASE_CANDIDATE,364.51,-0.822,-0.85,0.028,0.814,5.3304,7,0.6,3.317699589298841,5,0.590647971752025,0.8,0.0,28.8,37.7,31.6,0.0,0.0,43.8,0.0,367.2103,,,33.000785431829044,False,short_side_not_traded_evidence_only,,,360.765,-1.0274,361.21,-0.9053
2026-09-25,2026-09-25T13:43:42.544638,CRDO,RAPID_DECREASE_CANDIDATE,206.81,-0.321,-0.349,0.028,0.841,4.6516,7,1.0,2.6824416066388697,5,0.48727907974162477,0.6,0.0,41.3,39.3,55.3,10.5,40.0,44.7,0.0,206.3754,,,40.44984478900994,False,short_side_not_traded_evidence_only,,,199.85,-3.3654,200.135,-3.2276
2026-09-25,2026-09-25T13:43:45.816250,BITX,RAPID_DECREASE_CANDIDATE,19.765,-0.528,-0.556,0.028,0.916,0.0506,8,0.8,2.267278914475886,5,0.6249816849816897,0.6666666666666667,0.0,36.1,44.2,37.2,0.0,0.0,47.2,99.9,19.8664,,,40.599807133265685,False,short_side_not_traded_evidence_only,,,19.79,0.1265,19.63,-0.683
2026-09-25,2026-09-25T13:43:45.830166,AKAM,RAPID_DECREASE_CANDIDATE,120.265,-1.71,-1.738,0.028,1.079,4.6564,8,0.2,0.8641975186964078,5,0.5548420809126783,0.5666666666666667,0.0,6.5,55.8,0.0,0.0,0.0,52.6,0.0,122.9442,,,29.4784941085984,False,short_side_not_traded_evidence_only,,,118.775,-1.2389,116.29,-3.3052
2026-09-25,2026-09-25T13:43:45.842676,MRVL,RAPID_DECREASE_CANDIDATE,261.365,-0.54,-0.568,0.028,0.972,0.3214,8,0.4,1.3138958548734894,5,0.5739946528879686,0.7,0.0,35.8,48.0,33.5,0.0,0.0,49.1,39.7,263.097,35.5,SMH,38.44588732964868,False,short_side_not_traded_evidence_only,,,261.3,-0.0249,260.53,-0.3195
2026-09-25,2026-09-25T13:43:45.858539,BMNR,RAPID_DECREASE_CANDIDATE,27.56,-0.72,-0.748,0.028,0.905,0.0726,8,1.0,2.299339118045032,5,0.478630837501807,0.5,0.0,31.3,43.5,37.7,0.0,0.0,46.8,95.0,27.6965,,,39.48500394671859,False,short_side_not_traded_evidence_only,,,27.44,-0.4354,27.3786,-0.6582
2026-09-25,2026-09-25T13:43:45.872420,NBIS,RAPID_DECREASE_CANDIDATE,240.99,-0.929,-0.957,0.028,1.229,14.0006,8,0.6,2.5407316145047276,5,0.5057830427475815,0.7,0.0,26.1,68.1,32.9,0.0,0.0,57.6,0.0,242.6462,,,39.519769496027706,False,short_side_not_traded_evidence_only,,,240.595,-0.1639,237.06,-1.6308
2026-09-25,2026-09-25T13:43:45.885695,MSTR,RAPID_DECREASE_CANDIDATE,159.36,-0.325,-0.353,0.028,1.153,8.4588,8,1.0,2.9232144492489134,5,0.5988820707616584,0.65,0.0,41.2,61.7,46.5,0.0,0.0,55.1,0.0,159.5831,75.6,WGMI,42.34658284934807,False,short_side_not_traded_evidence_only,,,159.665,0.1914,158.28,-0.6777
2026-09-25,2026-09-25T13:43:45.899074,ALAB,RAPID_DECREASE_CANDIDATE,364.48,-0.83,-0.858,0.028,0.836,5.3199,8,0.6,3.317699589298841,5,0.590647971752025,0.8,0.0,28.6,39.1,31.5,0.0,0.0,44.5,0.0,367.2011,,,33.27029092512246,False,short_side_not_traded_evidence_only,,,360.765,-1.0193,361.21,-0.8972
2026-09-25,2026-09-25T13:43:45.917453,CRDO,RAPID_DECREASE_CANDIDATE,206.5795,-0.432,-0.46,0.028,0.86,0.2227,8,1.0,2.6824416066388697,5,0.48727907974162477,0.6,0.0,38.5,40.6,52.5,4.9,40.0,45.3,61.6,206.3772,,,43.19168450121949,False,short_side_not_traded_evidence_only,,,199.85,-3.2576,200.135,-3.1196
2026-09-25,2026-09-25T13:43:49.216623,BITX,RAPID_DECREASE_CANDIDATE,19.775,-0.478,-0.506,0.028,0.929,0.0506,7,0.8,2.267278914475886,5,0.6249816849816897,0.6666666666666667,0.0,37.4,45.1,38.5,0.0,0.0,47.6,99.9,19.8662,,,41.16823032788942,False,short_side_not_traded_evidence_only,,,19.79,0.0759,19.63,-0.7332
2026-09-25,2026-09-25T13:43:49.229801,AKAM,RAPID_DECREASE_CANDIDATE,120.4,-1.6,-1.628,0.028,1.065,0.4153,7,0.2,0.8641975186964078,5,0.5548420809126783,0.5666666666666667,0.0,9.3,54.8,0.0,0.0,0.0,52.2,18.8,122.9399,,,30.484845982539763,False,short_side_not_traded_evidence_only,,,118.775,-1.3497,116.29,-3.4136
2026-09-25,2026-09-25T13:43:49.295225,MRVL,RAPID_DECREASE_CANDIDATE,261.3,-0.565,-0.593,0.028,0.976,4.47,7,0.4,1.3138958548734894,5,0.5739946528879686,0.7,0.0,35.2,48.3,33.0,0.0,0.0,49.2,0.0,263.0892,34.9,SMH,36.69047625141338,False,short_side_not_traded_evidence_only,,,261.3,0.0,260.53,-0.2947
2026-09-25,2026-09-25T13:43:49.308878,BMNR,RAPID_DECREASE_CANDIDATE,27.5686,-0.689,-0.717,0.028,0.92,0.0363,7,1.0,2.299339118045032,5,0.478630837501807,0.5,0.0,32.1,44.4,38.5,0.0,0.0,47.3,100.0,27.6963,,,40.14655487920601,False,short_side_not_traded_evidence_only,,,27.44,-0.4665,27.3786,-0.6892
2026-09-25,2026-09-25T13:43:49.381348,NBIS,RAPID_DECREASE_CANDIDATE,240.79,-1.011,-1.039,0.028,1.184,14.0122,7,0.6,2.5407316145047276,5,0.5057830427475815,0.7,0.0,24.0,64.2,31.1,0.0,0.0,56.1,0.0,242.6272,,,38.11070794328165,False,short_side_not_traded_evidence_only,,,240.595,-0.081,237.06,-1.5491
2026-09-25,2026-09-25T13:43:49.394559,ALAB,RAPID_DECREASE_CANDIDATE,364.456,-0.836,-0.864,0.028,0.86,5.3148,7,0.6,3.317699589298841,5,0.590647971752025,0.8,0.0,28.4,40.5,31.4,0.0,0.0,45.3,0.0,367.192,,,33.5788298253259,False,short_side_not_traded_evidence_only,,,360.765,-1.0127,361.21,-0.8906
2026-09-25,2026-09-25T13:43:49.408446,CRDO,RAPID_DECREASE_CANDIDATE,205.6549,-0.877,-0.905,0.028,0.881,1.6144,7,1.0,2.6824416066388697,5,0.48727907974162477,0.6,0.0,27.4,41.9,41.2,0.0,0.0,46.0,0.0,206.379,,,34.953222580323036,False,short_side_not_traded_evidence_only,,,199.85,-2.8226,200.135,-2.6841
2026-09-25,2026-09-25T13:43:52.637458,BITX,RAPID_DECREASE_CANDIDATE,19.77,-0.503,-0.531,0.028,0.942,0.0506,7,0.8,2.267278914475886,5,0.6249816849816897,0.6666666666666667,0.0,36.7,46.0,37.9,0.0,0.0,48.1,99.9,19.8659,,,41.19400115529718,False,short_side_not_traded_evidence_only,,,19.79,0.1012,19.63,-0.7081
2026-09-25,2026-09-25T13:43:52.651401,AKAM,RAPID_DECREASE_CANDIDATE,120.9999,-1.109,-1.137,0.028,1.051,4.5455,7,0.2,0.8641975186964078,5,0.5548420809126783,0.5666666666666667,0.0,21.6,53.8,10.6,0.0,0.0,51.7,0.0,122.9356,,,32.84636822549661,False,short_side_not_traded_evidence_only,,,118.775,-1.8388,116.29,-3.8925
2026-09-25,2026-09-25T13:43:52.663980,MRVL,RAPID_DECREASE_CANDIDATE,261.445,-0.51,-0.538,0.028,0.981,4.4675,7,0.4,1.3138958548734894,5,0.5739946528879686,0.7,0.0,36.5,48.6,34.4,0.0,0.0,49.4,0.0,263.0815,36.2,SMH,37.17634177241565,False,short_side_not_traded_evidence_only,,,261.3,-0.0555,260.53,-0.35
2026-09-25,2026-09-25T13:43:52.680542,BMNR,RAPID_DECREASE_CANDIDATE,27.565,-0.702,-0.73,0.028,0.935,0.0363,7,1.0,2.299339118045032,5,0.478630837501807,0.5,0.0,31.8,45.5,38.2,0.0,0.0,47.8,100.0,27.6961,,,40.285115733286936,False,short_side_not_traded_evidence_only,,,27.44,-0.4535,27.3786,-0.6762
2026-09-25,2026-09-25T13:43:52.692725,NBIS,RAPID_DECREASE_CANDIDATE,240.775,-1.017,-1.045,0.028,1.142,14.0131,7,0.6,2.5407316145047276,5,0.5057830427475815,0.7,0.0,23.9,60.8,31.1,0.0,0.0,54.7,0.0,242.6088,,,37.33804255202305,False,short_side_not_traded_evidence_only,,,240.595,-0.0748,237.06,-1.5429
2026-09-25,2026-09-25T13:43:52.716607,ALAB,RAPID_DECREASE_CANDIDATE,364.59,-0.8,-0.828,0.028,0.884,5.9821,7,0.6,3.317699589298841,5,0.590647971752025,0.8,0.0,29.3,42.1,32.3,0.0,0.0,46.1,0.0,367.183,,,34.21614253891895,False,short_side_not_traded_evidence_only,,,360.765,-1.0491,361.21,-0.9271
2026-09-25,2026-09-25T13:43:52.730095,CRDO,RAPID_DECREASE_CANDIDATE,205.91,-0.754,-0.782,0.028,0.902,6.6777,7,1.0,2.6824416066388697,5,0.48727907974162477,0.6,0.0,30.4,43.3,44.3,0.0,0.0,46.7,0.0,206.3807,,,36.1707692865341,False,short_side_not_traded_evidence_only,,,199.85,-2.943,200.135,-2.8046
2026-09-25,2026-09-25T13:43:55.968998,BITX,RAPID_DECREASE_CANDIDATE,19.76,-0.554,-0.582,0.028,0.956,0.0506,7,0.8,2.267278914475886,5,0.6249816849816897,0.6666666666666667,0.0,35.4,46.9,36.7,0.0,0.0,48.5,99.9,19.8657,,,41.043112003056635,False,short_side_not_traded_evidence_only,,,19.78,0.1012,19.625,-0.6832
2026-09-25,2026-09-25T13:43:55.982321,AKAM,RAPID_DECREASE_CANDIDATE,120.63,-1.412,-1.44,0.028,1.038,1.9149,7,0.2,0.8641975186964078,5,0.5548420809126783,0.5666666666666667,0.0,14.0,52.8,3.2,0.0,0.0,51.3,0.0,122.9314,,,30.43505283864929,False,short_side_not_traded_evidence_only,,,119.1399,-1.2353,116.83,-3.1501
2026-09-25,2026-09-25T13:43:55.995936,MRVL,RAPID_DECREASE_CANDIDATE,261.4001,-0.527,-0.555,0.028,0.986,4.4682,7,0.4,1.3138958548734894,5,0.5739946528879686,0.7,0.0,36.1,49.0,34.1,0.0,0.0,49.5,0.0,263.0738,35.8,SMH,37.1372854721948,False,short_side_not_traded_evidence_only,,,261.395,-0.002,259.7201,-0.6427
2026-09-25,2026-09-25T13:43:56.009320,BMNR,RAPID_DECREASE_CANDIDATE,27.5682,-0.691,-0.719,0.028,0.95,0.0725,7,1.0,2.299339118045032,5,0.478630837501807,0.5,0.0,32.0,46.5,38.5,0.0,0.0,48.3,95.0,27.6958,,,40.399835973158005,False,short_side_not_traded_evidence_only,,,27.435,-0.4832,27.3477,-0.7998
2026-09-25,2026-09-25T13:43:56.025694,NBIS,RAPID_DECREASE_CANDIDATE,240.775,-1.017,-1.045,0.028,1.103,14.0131,7,0.6,2.5407316145047276,5,0.5057830427475815,0.7,0.0,23.9,57.7,31.3,0.0,0.0,53.4,0.0,242.591,,,36.68051489948747,False,short_side_not_traded_evidence_only,,,239.775,-0.4153,236.805,-1.6488
2026-09-25,2026-09-25T13:43:56.048977,ALAB,RAPID_DECREASE_CANDIDATE,364.61,-0.794,-0.822,0.028,0.911,0.5403,7,0.6,3.317699589298841,5,0.590647971752025,0.8,0.0,29.4,43.9,32.5,0.0,0.0,47.0,0.0,367.174,,,34.66561876844882,False,short_side_not_traded_evidence_only,,,361.385,-0.8845,360.45,-1.1409
2026-09-25,2026-09-25T13:43:56.063535,CRDO,RAPID_DECREASE_CANDIDATE,206.154,-0.637,-0.665,0.028,0.925,1.853,7,1.0,2.6824416066388697,5,0.48727907974162477,0.6,0.0,33.4,44.8,47.2,0.0,40.0,47.5,0.0,206.3824,,,40.704407873038086,False,short_side_not_traded_evidence_only,,,201.445,-2.2842,200.04,-2.9657
2026-09-25,2026-09-25T13:43:59.555260,BITX,RAPID_DECREASE_CANDIDATE,19.76,-0.554,-0.582,0.028,0.97,0.0506,8,0.8,2.267278914475886,5,0.6249816849816897,0.6666666666666667,0.0,35.4,47.9,36.7,0.0,0.0,49.0,99.9,19.8655,,,41.26857936580586,False,short_side_not_traded_evidence_only,,,19.78,0.1012,19.625,-0.6832
2026-09-25,2026-09-25T13:43:59.567731,AKAM,RAPID_DECREASE_CANDIDATE,120.63,-1.412,-1.44,0.028,1.025,1.9149,8,0.2,0.8641975186964078,5,0.5548420809126783,0.5666666666666667,0.0,14.0,51.8,3.3,0.0,0.0,50.8,0.0,122.9272,,,30.232371982184496,False,short_side_not_traded_evidence_only,,,119.1399,-1.2353,116.83,-3.1501
2026-09-25,2026-09-25T13:43:59.580466,MRVL,RAPID_DECREASE_CANDIDATE,261.45,-0.508,-0.536,0.028,0.99,0.2677,8,0.4,1.3138958548734894,5,0.5739946528879686,0.7,0.0,36.6,49.3,34.6,0.0,0.0,49.7,51.6,263.0663,36.3,SMH,39.50826278813497,False,short_side_not_traded_evidence_only,,,261.395,-0.021,259.7201,-0.6617
2026-09-25,2026-09-25T13:43:59.596406,BMNR,RAPID_DECREASE_CANDIDATE,27.56,-0.72,-0.748,0.028,0.966,0.0363,8,1.0,2.299339118045032,5,0.478630837501807,0.5,0.0,31.3,47.6,37.8,0.0,0.0,48.9,100.0,27.6956,,,40.64841956951174,False,short_side_not_traded_evidence_only,,,27.435,-0.4536,27.3477,-0.7703
2026-09-25,2026-09-25T13:43:59.608273,NBIS,RAPID_DECREASE_CANDIDATE,240.66,-1.065,-1.093,0.028,1.066,14.0198,8,0.6,2.5407316145047276,5,0.5057830427475815,0.7,0.0,22.7,54.9,30.3,0.0,0.0,52.2,0.0,242.5736,,,35.73290886558634,False,short_side_not_traded_evidence_only,,,239.775,-0.3677,236.805,-1.6018
2026-09-25,2026-09-25T13:43:59.620965,MSTR,RAPID_DECREASE_CANDIDATE,159.385,-0.31,-0.338,0.028,1.046,8.4575,8,1.0,2.9232144492489134,5,0.5988820707616584,0.65,0.0,41.5,53.4,46.8,0.0,0.0,51.5,0.0,159.5919,76.0,WGMI,40.607215059756975,False,short_side_not_traded_evidence_only,,,159.4,0.0094,158.235,-0.7215
2026-09-25,2026-09-25T13:43:59.635477,ALAB,RAPID_DECREASE_CANDIDATE,364.96,-0.699,-0.727,0.028,0.939,0.5206,8,0.6,3.317699589298841,5,0.590647971752025,0.8,0.0,31.8,45.7,35.0,0.0,0.0,48.0,0.0,367.1651,,,35.79543018928323,False,short_side_not_traded_evidence_only,,,361.385,-0.9796,360.45,-1.2358
2026-09-25,2026-09-25T13:43:59.659770,CRDO,RAPID_DECREASE_CANDIDATE,205.64,-0.884,-0.912,0.028,0.949,1.8576,8,1.0,2.6824416066388697,5,0.48727907974162477,0.6,0.0,27.2,46.4,41.0,0.0,0.0,48.3,0.0,206.3841,,,35.92911979661592,False,short_side_not_traded_evidence_only,,,201.445,-2.04,200.04,-2.7232
2026-09-25,2026-09-25T13:44:03.003472,BITX,RAPID_DECREASE_CANDIDATE,19.76,-0.446,-0.417,-0.029,0.808,0.1012,7,0.8,2.267278914475886,5,0.6249816849816897,0.6666666666666667,0.0,39.6,47.4,36.8,0.0,0.0,43.6,88.6,19.8651,,,40.73434319973153,False,short_side_not_traded_evidence_only,,,19.78,0.1012,19.625,-0.6832
2026-09-25,2026-09-25T13:44:03.016913,AKAM,RAPID_DECREASE_CANDIDATE,120.725,-0.94,-0.911,-0.029,1.495,1.9134,7,0.2,0.8641975186964078,5,0.5548420809126783,0.5666666666666667,0.0,27.2,55.3,5.5,0.0,0.0,66.5,0.0,122.9104,,,35.253036295037624,False,short_side_not_traded_evidence_only,,,119.1399,-1.313,116.83,-3.2263
2026-09-25,2026-09-25T13:44:03.033232,MRVL,RAPID_DECREASE_CANDIDATE,261.3885,-0.723,-0.694,-0.029,0.71,0.264,7,0.4,1.3138958548734894,5,0.5739946528879686,0.7,0.0,32.7,47.2,34.1,0.0,0.0,40.3,52.4,263.0607,34.2,SMH,37.29869376419214,False,short_side_not_traded_evidence_only,,,261.395,0.0025,259.7201,-0.6383
2026-09-25,2026-09-25T13:44:03.047750,BMNR,RAPID_DECREASE_CANDIDATE,27.57,-0.684,-0.655,-0.029,1.096,0.0363,7,1.0,2.299339118045032,5,0.478630837501807,0.5,0.0,33.6,49.8,38.8,0.0,0.0,53.2,100.0,27.6945,,,42.06198678422902,False,short_side_not_traded_evidence_only,,,27.435,-0.4897,27.3477,-0.8063
2026-09-25,2026-09-25T13:44:03.062959,NBIS,RAPID_DECREASE_CANDIDATE,240.31,-0.919,-0.89,-0.029,0.389,14.0402,7,0.6,2.5407316145047276,5,0.5057830427475815,0.7,0.0,27.8,46.8,26.8,0.0,0.0,29.6,0.0,242.5644,,,31.971033172333986,False,short_side_not_traded_evidence_only,,,239.775,-0.2226,236.805,-1.4585
2026-09-25,2026-09-25T13:44:03.076382,ALAB,RAPID_DECREASE_CANDIDATE,364.755,-0.68,-0.651,-0.029,0.737,0.5209,7,0.6,3.317699589298841,5,0.590647971752025,0.8,0.0,33.7,45.8,33.6,0.0,0.0,41.2,0.0,367.1585,,,35.11188609291738,False,short_side_not_traded_evidence_only,,,361.385,-0.9239,360.45,-1.1802
2026-09-25,2026-09-25T13:44:03.095977,CRDO,RAPID_DECREASE_CANDIDATE,205.4276,-1.004,-0.975,-0.029,0.714,1.6015,7,1.0,2.6824416066388697,5,0.48727907974162477,0.6,0.0,25.6,45.9,38.4,0.0,0.0,40.5,0.0,206.383,,,34.285793183625756,False,short_side_not_traded_evidence_only,,,201.445,-1.9387,200.04,-2.6226
2026-09-25,2026-09-25T13:44:06.341199,BITX,RAPID_DECREASE_CANDIDATE,19.7501,-0.496,-0.467,-0.029,0.828,0.0506,7,0.8,2.267278914475886,5,0.6249816849816897,0.6666666666666667,0.0,38.3,46.9,35.6,0.0,0.0,44.3,99.9,19.8648,,,40.84016274436258,False,short_side_not_traded_evidence_only,,,19.78,0.1514,19.625,-0.6334
2026-09-25,2026-09-25T13:44:06.354743,AKAM,RAPID_DECREASE_CANDIDATE,120.6,-1.042,-1.013,-0.029,1.441,1.9154,7,0.2,0.8641975186964078,5,0.5548420809126783,0.5666666666666667,0.0,24.7,58.6,3.3,0.0,0.0,64.7,0.0,122.8939,,,34.881155045487226,False,short_side_not_traded_evidence_only,,,119.1399,-1.2107,116.83,-3.126
2026-09-25,2026-09-25T13:44:06.375759,MRVL,RAPID_DECREASE_CANDIDATE,261.305,-0.755,-0.726,-0.029,0.725,4.4699,7,0.4,1.3138958548734894,5,0.5739946528879686,0.7,0.0,31.9,45.1,33.4,0.0,0.0,40.8,0.0,263.0552,33.4,SMH,34.59275844823184,False,short_side_not_traded_evidence_only,,,261.395,0.0344,259.7201,-0.6065
2026-09-25,2026-09-25T13:44:06.389147,BMNR,RAPID_DECREASE_CANDIDATE,27.5986,-0.581,-0.552,-0.029,1.109,0.0362,7,1.0,2.299339118045032,5,0.478630837501807,0.5,0.0,36.2,52.0,41.4,0.0,0.0,53.6,100.0,27.6934,,,43.25729729781641,False,short_side_not_traded_evidence_only,,,27.435,-0.5928,27.3477,-0.9091
2026-09-25,2026-09-25T13:44:06.402934,NBIS,RAPID_DECREASE_CANDIDATE,240.07,-1.018,-0.989,-0.029,0.389,14.0542,7,0.6,2.5407316145047276,5,0.5057830427475815,0.7,0.0,25.3,39.4,24.4,0.0,0.0,29.6,0.0,242.5554,,,30.032702260834654,False,short_side_not_traded_evidence_only,,,239.775,-0.1229,236.805,-1.36
2026-09-25,2026-09-25T13:44:06.416620,ALAB,RAPID_DECREASE_CANDIDATE,364.76,-0.679,-0.65,-0.029,0.771,0.5209,7,0.6,3.317699589298841,5,0.590647971752025,0.8,0.0,33.8,45.9,33.7,0.0,0.0,42.4,0.0,367.152,,,35.27884707890857,False,short_side_not_traded_evidence_only,,,361.385,-0.9253,360.45,-1.1816
2026-09-25,2026-09-25T13:44:06.432658,CRDO,RAPID_DECREASE_CANDIDATE,205.54,-0.949,-0.92,-0.029,0.744,1.6007,7,1.0,2.6824416066388697,5,0.48727907974162477,0.6,0.0,27.0,45.4,39.8,0.0,0.0,41.5,0.0,206.3819,,,34.7237694240473,False,short_side_not_traded_evidence_only,,,201.445,-1.9923,200.04,-2.6759
2026-09-25,2026-09-25T13:44:09.718390,BITX,RAPID_DECREASE_CANDIDATE,19.7466,-0.514,-0.485,-0.029,0.836,0.0506,8,0.8,2.267278914475886,5,0.6249816849816897,0.6666666666666667,0.0,37.9,45.3,35.2,0.0,0.0,44.5,99.9,19.8644,,,40.48862408323342,False,short_side_not_traded_evidence_only,,,19.78,0.1691,19.625,-0.6158
2026-09-25,2026-09-25T13:44:09.730345,AKAM,RAPID_DECREASE_CANDIDATE,120.56,-1.075,-1.046,-0.029,1.406,1.858,8,0.2,0.8641975186964078,5,0.5548420809126783,0.5666666666666667,0.0,23.8,62.9,2.8,0.0,0.0,63.5,0.0,122.8776,,,35.25208610692876,False,short_side_not_traded_evidence_only,,,119.1399,-1.1779,116.83,-3.0939
2026-09-25,2026-09-25T13:44:09.743898,MRVL,RAPID_DECREASE_CANDIDATE,261.07,-0.844,-0.815,-0.029,0.736,4.2517,8,0.4,1.3138958548734894,5,0.5739946528879686,0.7,0.0,29.6,42.6,31.2,0.0,0.0,41.2,0.0,263.0497,31.1,SMH,33.58308750520544,False,short_side_not_traded_evidence_only,,,261.395,0.1245,259.7201,-0.5171
2026-09-25,2026-09-25T13:44:09.757211,BMNR,RAPID_DECREASE_CANDIDATE,27.585,-0.63,-0.601,-0.029,1.102,0.0363,8,1.0,2.299339118045032,5,0.478630837501807,0.5,0.0,35.0,53.1,40.3,0.0,0.0,53.4,100.0,27.6924,,,43.05226437757896,False,short_side_not_traded_evidence_only,,,27.435,-0.5438,27.3477,-0.8603
2026-09-25,2026-09-25T13:44:09.769426,NBIS,RAPID_DECREASE_CANDIDATE,239.99,-1.051,-1.022,-0.029,0.403,16.0632,8,0.6,2.5407316145047276,5,0.5057830427475815,0.7,0.0,24.4,34.1,23.7,0.0,0.0,30.1,0.0,242.5464,,,28.979297343135578,False,short_side_not_traded_evidence_only,,,239.775,-0.0896,236.805,-1.3271
2026-09-25,2026-09-25T13:44:09.781800,ALAB,RAPID_DECREASE_CANDIDATE,364.548,-0.737,-0.708,-0.029,0.781,11.1371,8,0.6,3.317699589298841,5,0.590647971752025,0.8,0.0,32.3,43.8,32.3,0.0,0.0,42.7,0.0,367.1455,,,34.559204467374386,False,short_side_not_traded_evidence_only,,,361.385,-0.8676,360.45,-1.1241
2026-09-25,2026-09-25T13:44:09.794273,CRDO,RAPID_DECREASE_CANDIDATE,205.128,-1.148,-1.119,-0.029,0.755,5.538,8,1.0,2.6824416066388697,5,0.48727907974162477,0.6,0.0,22.0,43.1,34.8,0.0,0.0,41.8,0.0,206.3808,,,32.93418791220939,False,short_side_not_traded_evidence_only,,,201.445,-1.7955,200.04,-2.4804
2026-09-25,2026-09-25T13:44:09.807685,CRWV,RAPID_DECREASE_CANDIDATE,88.675,-0.307,-0.278,-0.029,0.758,2.278,8,0.6,1.903073894372488,5,0.6386655992849026,0.75,0.0,43.0,43.2,36.8,0.0,0.0,41.9,0.0,89.1456,,,36.712096262531766,False,short_side_not_traded_evidence_only,,,88.685,0.0113,87.6099,-1.2011
2026-09-25,2026-09-25T13:44:13.224858,BITX,RAPID_DECREASE_CANDIDATE,19.74,-0.547,-0.518,-0.029,0.844,0.0507,7,0.8,2.267278914475886,5,0.6249816849816897,0.6666666666666667,0.0,37.0,43.7,34.4,0.0,0.0,44.8,99.8,19.864,,,40.02483176350217,False,short_side_not_traded_evidence_only,,,19.78,0.2026,19.625,-0.5826
2026-09-25,2026-09-25T13:44:13.238293,AKAM,RAPID_DECREASE_CANDIDATE,120.7,-0.96,-0.931,-0.029,1.374,1.8227,7,0.2,0.8641975186964078,5,0.5548420809126783,0.5666666666666667,0.0,26.7,67.2,6.0,0.0,0.0,62.5,0.0,122.8616,,,36.70938917173983,False,short_side_not_traded_evidence_only,,,119.1399,-1.2925,116.83,-3.2063
2026-09-25,2026-09-25T13:44:13.275691,MRVL,RAPID_DECREASE_CANDIDATE,261.11,-0.829,-0.8,-0.029,0.748,4.1745,7,0.4,1.3138958548734894,5,0.5739946528879686,0.7,0.0,30.0,40.1,31.6,0.0,0.0,41.6,0.0,263.0442,31.5,SMH,33.33756147586307,False,short_side_not_traded_evidence_only,,,261.395,0.1091,259.7201,-0.5323
2026-09-25,2026-09-25T13:44:13.297311,BMNR,RAPID_DECREASE_CANDIDATE,27.5775,-0.657,-0.628,-0.029,1.096,0.0725,7,1.0,2.299339118045032,5,0.478630837501807,0.5,0.0,34.3,54.1,39.7,0.0,0.0,53.2,95.0,27.6914,,,42.80330925381011,False,short_side_not_traded_evidence_only,,,27.435,-0.5167,27.3477,-0.8333
2026-09-25,2026-09-25T13:44:13.321234,NBIS,RAPID_DECREASE_CANDIDATE,239.945,-1.07,-1.041,-0.029,0.418,16.0662,7,0.6,2.5407316145047276,5,0.5057830427475815,0.7,0.0,24.0,28.8,23.3,0.0,0.0,30.6,0.0,242.5375,,,28.03336709662524,False,short_side_not_traded_evidence_only,,,239.775,-0.0708,236.805,-1.3086
2026-09-25,2026-09-25T13:44:13.374363,ALAB,RAPID_DECREASE_CANDIDATE,363.7273,-0.96,-0.931,-0.029,0.791,5.144,7,0.6,3.317699589298841,5,0.590647971752025,0.8,0.0,26.7,41.7,26.8,0.0,0.0,43.0,0.0,367.1391,,,32.633913900761804,False,short_side_not_traded_evidence_only,,,361.385,-0.644,360.45,-0.901
2026-09-25,2026-09-25T13:44:13.387330,CRDO,RAPID_DECREASE_CANDIDATE,204.89,-1.263,-1.234,-0.029,0.766,1.4837,7,1.0,2.6824416066388697,5,0.48727907974162477,0.6,0.0,19.1,40.8,32.0,0.0,0.0,42.2,0.0,206.3797,,,31.75805828033139,False,short_side_not_traded_evidence_only,,,201.445,-1.6814,200.04,-2.3671
2026-09-25,2026-09-25T13:44:16.611407,BITX,RAPID_DECREASE_CANDIDATE,19.73,-0.598,-0.569,-0.029,0.852,0.0507,7,0.8,2.267278914475886,5,0.6249816849816897,0.6666666666666667,0.0,35.8,42.2,33.2,0.0,0.0,45.1,99.8,19.8637,,,39.43341611187827,False,short_side_not_traded_evidence_only,,,19.78,0.2534,19.625,-0.5322
2026-09-25,2026-09-25T13:44:16.623930,AKAM,RAPID_DECREASE_CANDIDATE,120.6283,-1.019,-0.99,-0.029,1.342,1.8238,7,0.2,0.8641975186964078,5,0.5548420809126783,0.5666666666666667,0.0,25.3,71.5,4.9,0.0,0.0,61.4,0.0,122.8458,,,36.90266617887017,False,short_side_not_traded_evidence_only,,,119.1399,-1.2339,116.83,-3.1488
2026-09-25,2026-09-25T13:44:16.636276,MRVL,RAPID_DECREASE_CANDIDATE,261.15,-0.814,-0.785,-0.029,0.76,4.2581,7,0.4,1.3138958548734894,5,0.5739946528879686,0.7,0.0,30.4,37.6,32.0,0.0,0.0,42.0,0.0,263.0388,31.9,SMH,33.091990817018825,False,short_side_not_traded_evidence_only,,,261.395,0.0938,259.7201,-0.5475
2026-09-25,2026-09-25T13:44:16.652176,BMNR,RAPID_DECREASE_CANDIDATE,27.59,-0.612,-0.583,-0.029,1.089,0.0725,7,1.0,2.299339118045032,5,0.478630837501807,0.5,0.0,35.4,55.1,40.9,0.0,0.0,53.0,95.0,27.6903,,,43.28398306228033,False,short_side_not_traded_evidence_only,,,27.435,-0.5618,27.3477,-0.8782
2026-09-25,2026-09-25T13:44:16.665972,NBIS,RAPID_DECREASE_CANDIDATE,240.29,-0.928,-0.899,-0.029,0.433,16.0431,7,0.6,2.5407316145047276,5,0.5057830427475815,0.7,0.0,27.5,23.5,26.9,0.0,0.0,31.1,0.0,242.5287,,,28.260671621380006,False,short_side_not_traded_evidence_only,,,239.775,-0.2143,236.805,-1.4503
2026-09-25,2026-09-25T13:44:16.686202,ALAB,RAPID_DECREASE_CANDIDATE,364.85,-0.655,-0.626,-0.029,0.802,11.1279,7,0.6,3.317699589298841,5,0.590647971752025,0.8,0.0,34.4,39.7,34.5,0.0,0.0,43.4,0.0,367.1326,,,34.56693978340345,False,short_side_not_traded_evidence_only,,,361.385,-0.9497,360.45,-1.206
2026-09-25,2026-09-25T13:44:16.701941,CRDO,RAPID_DECREASE_CANDIDATE,205.08,-1.171,-1.142,-0.029,0.777,5.5491,7,1.0,2.6824416066388697,5,0.48727907974162477,0.6,0.0,21.4,38.5,34.3,0.0,0.0,42.6,0.0,206.3787,,,32.09249340273499,False,short_side_not_traded_evidence_only,,,201.445,-1.7725,200.04,-2.4576
2026-09-25,2026-09-25T13:44:19.936232,BITX,RAPID_DECREASE_CANDIDATE,19.7289,-0.603,-0.574,-0.029,0.861,0.0507,7,0.8,2.267278914475886,5,0.6249816849816897,0.6666666666666667,0.0,35.6,40.6,33.1,0.0,0.0,45.4,99.8,19.8633,,,39.17779269475433,False,short_side_not_traded_evidence_only,,,19.78,0.259,19.625,-0.5266
2026-09-25,2026-09-25T13:44:19.949928,AKAM,RAPID_DECREASE_CANDIDATE,121.1152,-0.619,-0.59,-0.029,1.312,5.6971,7,0.2,0.8641975186964078,5,0.5548420809126783,0.5666666666666667,0.0,35.2,75.8,15.1,0.0,0.0,60.4,0.0,122.8303,,,40.437323665386806,False,short_side_not_traded_evidence_only,,,119.1399,-1.6309,116.83,-3.5381
2026-09-25,2026-09-25T13:44:19.964253,MRVL,RAPID_DECREASE_CANDIDATE,261.095,-0.835,-0.806,-0.029,0.772,4.213,7,0.4,1.3138958548734894,5,0.5739946528879686,0.7,0.0,29.9,35.2,31.6,0.0,0.0,42.4,0.0,263.0334,31.4,SMH,32.58351013532697,False,short_side_not_traded_evidence_only,,,261.395,0.1149,259.7201,-0.5266
2026-09-25,2026-09-25T13:44:19.976633,BMNR,RAPID_DECREASE_CANDIDATE,27.5762,-0.662,-0.633,-0.029,1.083,0.0725,7,1.0,2.299339118045032,5,0.478630837501807,0.5,0.0,34.2,56.1,39.8,0.0,0.0,52.8,95.0,27.6894,,,43.075946028656155,False,short_side_not_traded_evidence_only,,,27.435,-0.512,27.3477,-0.8286
2026-09-25,2026-09-25T13:44:20.029844,NBIS,RAPID_DECREASE_CANDIDATE,240.39,-0.886,-0.857,-0.029,0.45,16.0364,7,0.6,2.5407316145047276,5,0.5057830427475815,0.7,0.0,28.6,18.2,28.0,0.0,0.0,31.7,0.0,242.52,,,27.763868656630525,False,short_side_not_traded_evidence_only,,,239.775,-0.2558,236.805,-1.4913
2026-09-25,2026-09-25T13:44:20.045064,ALAB,RAPID_DECREASE_CANDIDATE,365.71,-0.42,-0.391,-0.029,0.812,11.1017,7,0.6,3.317699589298841,5,0.590647971752025,0.8,0.0,40.2,37.6,40.4,0.0,0.0,43.7,0.0,367.1262,,,35.98052370600142,False,short_side_not_traded_evidence_only,,,361.385,-1.1826,360.45,-1.4383
2026-09-25,2026-09-25T13:44:20.059045,CRDO,RAPID_DECREASE_CANDIDATE,205.0,-1.21,-1.181,-0.029,0.789,1.2732,7,1.0,2.6824416066388697,5,0.48727907974162477,0.6,0.0,20.5,36.2,33.3,0.0,0.0,43.0,0.0,206.3776,,,31.476414950994805,False,short_side_not_traded_evidence_only,,,201.445,-1.7341,200.04,-2.4195
2026-09-25,2026-09-25T13:44:23.290531,BITX,RAPID_DECREASE_CANDIDATE,19.7186,-0.655,-0.626,-0.029,0.869,0.0507,7,0.8,2.267278914475886,5,0.6249816849816897,0.6666666666666667,0.0,34.4,41.2,31.8,0.0,0.0,45.6,99.8,19.8629,,,38.93000250323643,False,short_side_not_traded_evidence_only,,,19.78,0.3114,19.625,-0.4747
2026-09-25,2026-09-25T13:44:23.303232,AKAM,RAPID_DECREASE_CANDIDATE,120.99,-0.722,-0.693,-0.029,1.284,5.703,7,0.2,0.8641975186964078,5,0.5548420809126783,0.5666666666666667,0.0,32.7,73.1,12.9,0.0,0.0,59.5,0.0,122.815,,,39.163283957247174,False,short_side_not_traded_evidence_only,,,119.1399,-1.5291,116.83,-3.4383
2026-09-25,2026-09-25T13:44:23.317113,MRVL,RAPID_DECREASE_CANDIDATE,261.08,-0.841,-0.812,-0.029,0.785,4.4737,7,0.4,1.3138958548734894,5,0.5739946528879686,0.7,0.0,29.7,35.9,31.5,0.0,0.0,42.8,0.0,263.0281,31.2,SMH,32.72802047053765,False,short_side_not_traded_evidence_only,,,261.395,0.1207,259.7201,-0.5209
2026-09-25,2026-09-25T13:44:23.330450,BMNR,RAPID_DECREASE_CANDIDATE,27.57,-0.684,-0.655,-0.029,1.076,0.0363,7,1.0,2.299339118045032,5,0.478630837501807,0.5,0.0,33.6,55.6,39.3,0.0,0.0,52.5,100.0,27.6884,,,43.02328391801895,False,short_side_not_traded_evidence_only,,,27.435,-0.4897,27.3477,-0.8063
2026-09-25,2026-09-25T13:44:23.343402,NBIS,RAPID_DECREASE_CANDIDATE,240.23,-0.952,-0.923,-0.029,0.469,2.0564,7,0.6,2.5407316145047276,5,0.5057830427475815,0.7,0.0,26.9,19.1,26.5,0.0,0.0,32.3,0.0,242.5114,,,27.517315043002426,False,short_side_not_traded_evidence_only,,,239.775,-0.1894,236.805,-1.4257
2026-09-25,2026-09-25T13:44:23.357667,ALAB,RAPID_DECREASE_CANDIDATE,364.3848,-0.781,-0.752,-0.029,0.823,11.1421,7,0.6,3.317699589298841,5,0.590647971752025,0.8,0.0,31.2,38.3,31.4,0.0,0.0,44.1,0.0,367.1199,,,33.51260331614698,False,short_side_not_traded_evidence_only,,,361.385,-0.8233,360.45,-1.0798
2026-09-25,2026-09-25T13:44:23.373192,CRDO,RAPID_DECREASE_CANDIDATE,205.0,-1.21,-1.181,-0.029,0.801,1.3854,7,1.0,2.6824416066388697,5,0.48727907974162477,0.6,0.0,20.5,36.9,33.3,0.0,0.0,43.4,0.0,206.3765,,,31.649484969936697,False,short_side_not_traded_evidence_only,,,201.445,-1.7341,200.04,-2.4195
2026-09-25,2026-09-25T13:44:26.602539,BITX,RAPID_DECREASE_CANDIDATE,19.72,-0.648,-0.619,-0.029,0.878,0.0507,7,0.8,2.267278914475886,5,0.6249816849816897,0.6666666666666667,0.0,34.5,41.7,32.1,0.0,0.0,45.9,99.8,19.8626,,,39.1187643169004,False,short_side_not_traded_evidence_only,,,19.78,0.3043,19.625,-0.4817
2026-09-25,2026-09-25T13:44:26.615603,AKAM,RAPID_DECREASE_CANDIDATE,121.095,-0.636,-0.607,-0.029,1.256,5.698,7,0.2,0.8641975186964078,5,0.5548420809126783,0.5666666666666667,0.0,34.8,70.6,15.3,0.0,0.0,58.5,0.0,122.7999,,,39.29263514143723,False,short_side_not_traded_evidence_only,,,119.1399,-1.6145,116.83,-3.522
2026-09-25,2026-09-25T13:44:26.628577,MRVL,RAPID_DECREASE_CANDIDATE,261.08,-0.841,-0.812,-0.029,0.798,4.4737,7,0.4,1.3138958548734894,5,0.5739946528879686,0.7,0.0,29.7,36.7,31.5,0.0,0.0,43.3,0.0,263.0228,31.2,SMH,32.92092084939307,False,short_side_not_traded_evidence_only,,,261.395,0.1207,259.7201,-0.5209
2026-09-25,2026-09-25T13:44:26.646639,BMNR,RAPID_DECREASE_CANDIDATE,27.5723,-0.676,-0.647,-0.029,1.07,0.0363,7,1.0,2.299339118045032,5,0.478630837501807,0.5,0.0,33.8,55.2,39.6,0.0,0.0,52.3,100.0,27.6874,,,42.988559396298335,False,short_side_not_traded_evidence_only,,,27.435,-0.498,27.3477,-0.8146
2026-09-25,2026-09-25T13:44:26.659718,NBIS,RAPID_DECREASE_CANDIDATE,240.18,-0.973,-0.944,-0.029,0.489,2.0568,7,0.6,2.5407316145047276,5,0.5057830427475815,0.7,0.0,26.4,20.0,26.1,0.0,0.0,33.0,0.0,242.5028,,,27.61847900446417,False,short_side_not_traded_evidence_only,,,239.775,-0.1686,236.805,-1.4052
2026-09-25,2026-09-25T13:44:26.672707,ALAB,RAPID_DECREASE_CANDIDATE,364.885,-0.645,-0.616,-0.029,0.835,6.1362,7,0.6,3.317699589298841,5,0.590647971752025,0.8,0.0,34.6,39.0,34.8,0.0,0.0,44.5,0.0,367.1136,,,34.677615033172174,False,short_side_not_traded_evidence_only,,,361.385,-0.9592,360.45,-1.2155
2026-09-25,2026-09-25T13:44:26.686673,CRDO,RAPID_DECREASE_CANDIDATE,205.5757,-0.932,-0.903,-0.029,0.813,1.5712,7,1.0,2.6824416066388697,5,0.48727907974162477,0.6,0.0,27.4,37.7,40.3,0.0,0.0,43.8,0.0,206.3755,,,33.85761496750828,False,short_side_not_traded_evidence_only,,,201.445,-2.0093,200.04,-2.6928
2026-09-25,2026-09-25T13:44:29.944836,BITX,RAPID_DECREASE_CANDIDATE,19.76,-0.446,-0.417,-0.029,0.887,0.0506,7,0.8,2.267278914475886,5,0.6249816849816897,0.6666666666666667,0.0,39.6,42.3,37.1,0.0,0.0,46.2,99.9,19.8622,,,40.73084891965186,False,short_side_not_traded_evidence_only,,,19.78,0.1012,19.625,-0.6832
2026-09-25,2026-09-25T13:44:29.957944,AKAM,RAPID_DECREASE_CANDIDATE,121.1286,-0.608,-0.579,-0.029,1.23,5.6964,7,0.2,0.8641975186964078,5,0.5548420809126783,0.5666666666666667,0.0,35.5,68.2,16.3,0.0,0.0,57.7,0.0,122.785,,,39.03411570629922,False,short_side_not_traded_evidence_only,,,119.1399,-1.6418,116.83,-3.5488
2026-09-25,2026-09-25T13:44:29.978676,MRVL,RAPID_DECREASE_CANDIDATE,261.085,-0.839,-0.81,-0.029,0.812,4.4736,7,0.4,1.3138958548734894,5,0.5739946528879686,0.7,0.0,29.8,37.6,31.6,0.0,0.0,43.7,0.0,263.0176,31.3,SMH,33.13821256400076,False,short_side_not_traded_evidence_only,,,261.395,0.1187,259.7201,-0.5228
2026-09-25,2026-09-25T13:44:29.993942,BMNR,RAPID_DECREASE_CANDIDATE,27.595,-0.594,-0.565,-0.029,1.064,0.0362,7,1.0,2.299339118045032,5,0.478630837501807,0.5,0.0,35.9,54.7,41.7,0.0,0.0,52.1,100.0,27.6865,,,43.49356956801664,False,short_side_not_traded_evidence_only,,,27.435,-0.5798,27.3477,-0.8962
2026-09-25,2026-09-25T13:44:30.010702,NBIS,RAPID_DECREASE_CANDIDATE,240.205,-0.963,-0.934,-0.029,0.511,2.0566,7,0.6,2.5407316145047276,5,0.5057830427475815,0.7,0.0,26.7,21.1,26.4,0.0,0.0,33.7,0.0,242.4944,,,27.97037983811396,False,short_side_not_traded_evidence_only,,,239.775,-0.179,236.805,-1.4155
2026-09-25,2026-09-25T13:44:30.025544,ALAB,RAPID_DECREASE_CANDIDATE,365.6096,-0.448,-0.419,-0.029,0.846,6.124,7,0.6,3.317699589298841,5,0.590647971752025,0.8,0.0,39.5,39.7,39.8,0.0,0.0,44.9,0.0,367.1073,,,36.288021734723,False,short_side_not_traded_evidence_only,,,361.385,-1.1555,360.45,-1.4112
2026-09-25,2026-09-25T13:44:30.041924,CRDO,RAPID_DECREASE_CANDIDATE,205.3602,-1.036,-1.007,-0.029,0.826,6.6956,7,1.0,2.6824416066388697,5,0.48727907974162477,0.6,0.0,24.8,38.5,37.7,0.0,0.0,44.2,0.0,206.3744,,,33.285487912029275,False,short_side_not_traded_evidence_only,,,201.445,-1.9065,200.04,-2.5907
2026-09-25,2026-09-25T13:44:33.324318,BITX,RAPID_DECREASE_CANDIDATE,19.7514,-0.49,-0.461,-0.029,0.896,0.0506,7,0.8,2.267278914475886,5,0.6249816849816897,0.6666666666666667,0.0,38.5,42.9,36.1,0.0,0.0,46.5,99.9,19.8619,,,40.55507413087349,False,short_side_not_traded_evidence_only,,,19.78,0.1448,19.625,-0.64
2026-09-25,2026-09-25T13:44:33.345966,AKAM,RAPID_DECREASE_CANDIDATE,121.01,-0.706,-0.677,-0.029,1.205,5.702,7,0.2,0.8641975186964078,5,0.5548420809126783,0.5666666666666667,0.0,33.1,66.0,14.2,0.0,0.0,56.8,0.0,122.7704,,,37.89184100740878,False,short_side_not_traded_evidence_only,,,119.1399,-1.5454,116.83,-3.4543
2026-09-25,2026-09-25T13:44:33.360472,MRVL,RAPID_DECREASE_CANDIDATE,261.085,-0.839,-0.81,-0.029,0.826,4.4736,7,0.4,1.3138958548734894,5,0.5739946528879686,0.7,0.0,29.8,38.4,31.7,0.0,0.0,44.2,0.0,263.0123,31.3,SMH,33.34759789350177,False,short_side_not_traded_evidence_only,,,261.395,0.1187,259.7201,-0.5228
2026-09-25,2026-09-25T13:44:33.373843,BMNR,RAPID_DECREASE_CANDIDATE,27.59,-0.612,-0.583,-0.029,1.058,0.0362,7,1.0,2.299339118045032,5,0.478630837501807,0.5,0.0,35.4,54.2,41.4,0.0,0.0,51.9,100.0,27.6856,,,43.270382642889686,False,short_side_not_traded_evidence_only,,,27.435,-0.5618,27.3477,-0.8782
2026-09-25,2026-09-25T13:44:33.388347,NBIS,RAPID_DECREASE_CANDIDATE,240.25,-0.944,-0.915,-0.029,0.534,2.2893,7,0.6,2.5407316145047276,5,0.5057830427475815,0.7,0.0,27.1,22.3,26.9,0.0,0.0,34.5,0.0,242.486,,,28.40909330535253,False,short_side_not_traded_evidence_only,,,239.775,-0.1977,236.805,-1.4339
2026-09-25,2026-09-25T13:44:33.401194,ALAB,RAPID_DECREASE_CANDIDATE,365.0,-0.614,-0.585,-0.029,0.858,6.137,7,0.6,3.317699589298841,5,0.590647971752025,0.8,0.0,35.4,40.5,35.7,0.0,0.0,45.3,0.0,367.1011,,,35.258970770334734,False,short_side_not_traded_evidence_only,,,361.385,-0.9904,360.45,-1.2466
2026-09-25,2026-09-25T13:44:33.414212,CRDO,RAPID_DECREASE_CANDIDATE,205.2001,-1.113,-1.084,-0.029,0.84,5.4922,7,1.0,2.6824416066388697,5,0.48727907974162477,0.6,0.0,22.9,39.3,35.8,0.0,0.0,44.7,0.0,206.3734,,,32.91955432345886,False,short_side_not_traded_evidence_only,,,201.445,-1.83,200.04,-2.5147
2026-09-25,2026-09-25T13:44:36.664480,BITX,RAPID_DECREASE_CANDIDATE,19.765,-0.421,-0.392,-0.029,0.906,0.0506,7,0.8,2.267278914475886,5,0.6249816849816897,0.6666666666666667,0.0,40.2,43.5,37.8,0.0,0.0,46.9,99.9,19.8615,,,41.206407600302164,False,short_side_not_traded_evidence_only,,,19.78,0.0759,19.625,-0.7083
2026-09-25,2026-09-25T13:44:36.677579,AKAM,RAPID_DECREASE_CANDIDATE,121.15,-0.591,-0.562,-0.029,1.181,5.6954,7,0.2,0.8641975186964078,5,0.5548420809126783,0.5666666666666667,0.0,36.0,64.0,17.3,0.0,0.0,56.0,0.0,122.7559,,,38.321628911420326,False,short_side_not_traded_evidence_only,,,119.1399,-1.6592,116.83,-3.5658
2026-09-25,2026-09-25T13:44:36.690231,MRVL,RAPID_DECREASE_CANDIDATE,261.26,-0.772,-0.743,-0.029,0.84,4.2563,7,0.4,1.3138958548734894,5,0.5739946528879686,0.7,0.0,31.4,39.3,33.4,0.0,0.0,44.7,0.0,263.0072,33.0,SMH,34.05090527804728,False,short_side_not_traded_evidence_only,,,261.395,0.0517,259.7201,-0.5894
2026-09-25,2026-09-25T13:44:36.723931,BMNR,RAPID_DECREASE_CANDIDATE,27.5838,-0.635,-0.606,-0.029,1.052,0.0725,7,1.0,2.299339118045032,5,0.478630837501807,0.5,0.0,34.9,53.8,40.9,0.0,0.0,51.7,95.0,27.6847,,,42.80556792980333,False,short_side_not_traded_evidence_only,,,27.435,-0.5394,27.3477,-0.8559
2026-09-25,2026-09-25T13:44:36.746393,NBIS,RAPID_DECREASE_CANDIDATE,240.4,-0.882,-0.853,-0.029,0.56,2.2879,7,0.6,2.5407316145047276,5,0.5057830427475815,0.7,0.0,28.7,23.6,28.6,0.0,0.0,35.3,0.0,242.4777,,,29.197599967078567,False,short_side_not_traded_evidence_only,,,239.775,-0.26,236.805,-1.4954
2026-09-25,2026-09-25T13:44:36.775699,ALAB,RAPID_DECREASE_CANDIDATE,364.727,-0.688,-0.659,-0.029,0.871,6.1416,7,0.6,3.317699589298841,5,0.590647971752025,0.8,0.0,33.5,41.2,33.9,0.0,0.0,45.7,0.0,367.0948,,,34.908825031476056,False,short_side_not_traded_evidence_only,,,361.385,-0.9163,360.45,-1.1727
2026-09-25,2026-09-25T13:44:36.819835,CRDO,RAPID_DECREASE_CANDIDATE,205.4411,-0.997,-0.968,-0.029,0.853,5.4906,7,1.0,2.6824416066388697,5,0.48727907974162477,0.6,0.0,25.8,40.1,38.7,0.0,0.0,45.1,0.0,206.3724,,,33.96699781407803,False,short_side_not_traded_evidence_only,,,201.445,-1.9451,200.04,-2.629
2026-09-25,2026-09-25T13:44:40.055800,BITX,RAPID_DECREASE_CANDIDATE,19.7886,-0.302,-0.273,-0.029,0.915,0.0505,8,0.8,2.267278914475886,5,0.6249816849816897,0.6666666666666667,0.0,43.2,44.2,40.9,0.0,0.0,47.2,99.9,19.8612,,,42.22312900515134,False,short_side_not_traded_evidence_only,,,19.78,-0.0435,19.625,-0.8267
2026-09-25,2026-09-25T13:44:40.067912,AKAM,RAPID_DECREASE_CANDIDATE,121.35,-0.427,-0.398,-0.029,1.157,5.686,8,0.2,0.8641975186964078,5,0.5548420809126783,0.5666666666666667,0.0,40.0,62.1,21.7,0.0,0.0,55.2,0.0,122.7417,,,39.128536433045745,False,short_side_not_traded_evidence_only,,,119.1399,-1.8213,116.83,-3.7248
2026-09-25,2026-09-25T13:44:40.080846,MRVL,RAPID_DECREASE_CANDIDATE,261.0,-0.871,-0.842,-0.029,0.856,4.1877,8,0.4,1.3138958548734894,5,0.5739946528879686,0.7,0.0,28.9,40.3,31.0,0.0,0.0,45.2,0.0,263.002,30.5,SMH,33.56134313111328,False,short_side_not_traded_evidence_only,,,261.395,0.1513,259.7201,-0.4904
2026-09-25,2026-09-25T13:44:40.093923,BMNR,RAPID_DECREASE_CANDIDATE,27.5882,-0.619,-0.59,-0.029,1.046,0.0362,8,1.0,2.299339118045032,5,0.478630837501807,0.5,0.0,35.2,53.3,41.4,0.0,0.0,51.5,100.0,27.6838,,,43.04063176543456,False,short_side_not_traded_evidence_only,,,27.435,-0.5553,27.3477,-0.8717
2026-09-25,2026-09-25T13:44:40.115186,NBIS,RAPID_DECREASE_CANDIDATE,240.15,-0.985,-0.956,-0.029,0.589,2.2902,8,0.6,2.5407316145047276,5,0.5057830427475815,0.7,0.0,26.1,25.0,26.1,0.0,0.0,36.3,0.0,242.4695,,,28.82267953755675,False,short_side_not_traded_evidence_only,,,239.775,-0.1562,236.805,-1.3929
2026-09-25,2026-09-25T13:44:40.128679,ALAB,RAPID_DECREASE_CANDIDATE,364.368,-0.786,-0.757,-0.029,0.883,6.1421,8,0.6,3.317699589298841,5,0.590647971752025,0.8,0.0,31.1,42.1,31.5,0.0,0.0,46.1,0.0,367.0887,,,34.386468571325736,False,short_side_not_traded_evidence_only,,,361.385,-0.8187,360.45,-1.0753
2026-09-25,2026-09-25T13:44:40.148043,CRDO,RAPID_DECREASE_CANDIDATE,205.4994,-0.969,-0.94,-0.029,0.867,6.691,8,1.0,2.6824416066388697,5,0.48727907974162477,0.6,0.0,26.5,41.0,39.4,0.0,0.0,45.6,0.0,206.3714,,,34.381707199682396,False,short_side_not_traded_evidence_only,,,201.445,-1.9729,200.04,-2.6567
2026-09-25,2026-09-25T13:44:40.160559,CRWV,RAPID_DECREASE_CANDIDATE,88.62,-0.369,-0.34,-0.029,0.869,0.2483,8,0.6,1.903073894372488,5,0.6386655992849026,0.75,0.0,41.5,41.2,36.3,0.0,0.0,45.6,55.9,89.1097,,,38.84445701593732,False,short_side_not_traded_evidence_only,,,88.685,0.0733,87.6099,-1.1398
2026-09-25,2026-09-25T13:44:43.409108,AKAM,RAPID_DECREASE_CANDIDATE,121.38,-0.402,-0.373,-0.029,1.135,5.6846,7,0.2,0.8641975186964078,5,0.5548420809126783,0.5666666666666667,0.0,40.7,60.2,22.5,0.0,0.0,54.5,0.0,122.7277,,,38.950168908656636,False,short_side_not_traded_evidence_only,,,119.1399,-1.8455,116.83,-3.7486
2026-09-25,2026-09-25T13:44:43.424160,MRVL,RAPID_DECREASE_CANDIDATE,261.03,-0.859,-0.83,-0.029,0.871,4.1796,7,0.4,1.3138958548734894,5,0.5739946528879686,0.7,0.0,29.2,41.3,31.3,0.0,0.0,45.7,0.0,262.9969,30.8,SMH,33.882562709081185,False,short_side_not_traded_evidence_only,,,261.395,0.1398,259.7201,-0.5018
2026-09-25,2026-09-25T13:44:43.437896,BMNR,RAPID_DECREASE_CANDIDATE,27.615,-0.522,-0.493,-0.029,1.04,0.0362,7,1.0,2.299339118045032,5,0.478630837501807,0.5,0.0,37.7,52.9,43.9,0.0,0.0,51.3,100.0,27.683,,,43.65876450850829,False,short_side_not_traded_evidence_only,,,27.435,-0.6518,27.3477,-0.968
2026-09-25,2026-09-25T13:44:43.452023,NBIS,RAPID_DECREASE_CANDIDATE,240.18,-0.973,-0.944,-0.029,0.621,2.2899,7,0.6,2.5407316145047276,5,0.5057830427475815,0.7,0.0,26.4,26.7,26.5,0.0,0.0,37.4,0.0,242.4614,,,29.33280321628043,False,short_side_not_traded_evidence_only,,,239.775,-0.1686,236.805,-1.4052
2026-09-25,2026-09-25T13:44:43.465477,ALAB,RAPID_DECREASE_CANDIDATE,364.95,-0.627,-0.598,-0.029,0.896,6.1323,7,0.6,3.317699589298841,5,0.590647971752025,0.8,0.0,35.0,42.9,35.5,0.0,0.0,46.5,0.0,367.0825,,,35.74567311187428,False,short_side_not_traded_evidence_only,,,361.385,-0.9768,360.45,-1.233
2026-09-25,2026-09-25T13:44:43.478859,CRDO,RAPID_DECREASE_CANDIDATE,205.24,-1.094,-1.065,-0.029,0.882,6.6995,7,1.0,2.6824416066388697,5,0.48727907974162477,0.6,0.0,23.4,42.0,36.3,0.0,0.0,46.1,0.0,206.3704,,,33.688861030557995,False,short_side_not_traded_evidence_only,,,201.445,-1.8491,200.04,-2.5336
2026-09-25,2026-09-25T13:44:43.492275,CRWV,RAPID_DECREASE_CANDIDATE,88.68,-0.301,-0.272,-0.029,0.884,0.0902,7,0.6,1.903073894372488,5,0.6386655992849026,0.75,0.0,43.2,42.1,38.0,0.0,0.0,46.1,91.1,89.1063,,,41.03144059772507,False,short_side_not_traded_evidence_only,,,88.685,0.0056,87.6099,-1.2067
2026-09-25,2026-09-25T13:44:46.755771,AKAM,RAPID_DECREASE_CANDIDATE,121.01,-0.706,-0.677,-0.029,1.114,5.702,6,0.2,0.8641975186964078,5,0.5548420809126783,0.5666666666666667,0.0,33.1,58.5,15.3,0.0,0.0,53.8,0.0,122.7138,,,36.40323814966297,False,short_side_not_traded_evidence_only,,,119.1399,-1.5454,116.83,-3.4543
2026-09-25,2026-09-25T13:44:46.768631,MRVL,RAPID_DECREASE_CANDIDATE,261.2048,-0.793,-0.764,-0.029,0.888,0.3637,6,0.4,1.3138958548734894,5,0.5739946528879686,0.7,0.0,30.9,42.3,33.0,0.0,0.0,46.3,30.3,262.9918,32.4,SMH,35.879693634603086,False,short_side_not_traded_evidence_only,,,261.395,0.0728,259.7201,-0.5684
2026-09-25,2026-09-25T13:44:46.782419,BMNR,RAPID_DECREASE_CANDIDATE,27.62,-0.504,-0.475,-0.029,1.034,0.0724,6,1.0,2.299339118045032,5,0.478630837501807,0.5,0.0,38.1,52.5,44.4,0.0,0.0,51.1,95.0,27.6822,,,43.495256041689274,False,short_side_not_traded_evidence_only,,,27.435,-0.6698,27.3477,-0.9859
2026-09-25,2026-09-25T13:44:46.796133,NBIS,RAPID_DECREASE_CANDIDATE,240.23,-0.952,-0.923,-0.029,0.657,2.2895,6,0.6,2.5407316145047276,5,0.5057830427475815,0.7,0.0,26.9,28.6,27.1,0.0,0.0,38.6,0.0,242.4533,,,29.962366726706733,False,short_side_not_traded_evidence_only,,,239.775,-0.1894,236.805,-1.4257
2026-09-25,2026-09-25T13:44:46.811722,ALAB,RAPID_DECREASE_CANDIDATE,365.76,-0.407,-0.378,-0.029,0.91,0.6562,6,0.6,3.317699589298841,5,0.590647971752025,0.8,0.0,40.5,43.8,41.0,0.0,0.0,47.0,0.0,367.0764,,,37.56316220391403,False,short_side_not_traded_evidence_only,,,361.385,-1.1961,360.45,-1.4518
2026-09-25,2026-09-25T13:44:46.825533,CRDO,RAPID_DECREASE_CANDIDATE,205.295,-1.067,-1.038,-0.029,0.897,5.475,6,1.0,2.6824416066388697,5,0.48727907974162477,0.6,0.0,24.1,43.0,37.0,0.0,0.0,46.6,0.0,206.3693,,,34.11277596564196,False,short_side_not_traded_evidence_only,,,201.445,-1.8754,200.04,-2.5597
2026-09-25,2026-09-25T13:44:50.101759,AKAM,RAPID_DECREASE_CANDIDATE,121.2644,-0.497,-0.468,-0.029,1.093,5.69,6,0.2,0.8641975186964078,5,0.5548420809126783,0.5666666666666667,0.0,38.3,56.9,20.7,0.0,0.0,53.1,0.0,122.7002,,,37.59915623895497,False,short_side_not_traded_evidence_only,,,119.1399,-1.752,116.83,-3.6568
2026-09-25,2026-09-25T13:44:50.115328,MRVL,RAPID_DECREASE_CANDIDATE,261.47,-0.692,-0.663,-0.029,0.905,4.4671,6,0.4,1.3138958548734894,5,0.5739946528879686,0.7,0.0,33.4,43.5,35.6,0.0,0.0,46.8,0.0,262.9868,35.0,SMH,35.61516248077295,False,short_side_not_traded_evidence_only,,,261.395,-0.0287,259.7201,-0.6693
2026-09-25,2026-09-25T13:44:50.128352,BMNR,RAPID_DECREASE_CANDIDATE,27.615,-0.522,-0.493,-0.029,1.028,0.0362,6,1.0,2.299339118045032,5,0.478630837501807,0.5,0.0,37.7,52.0,44.0,0.0,0.0,50.9,100.0,27.6813,,,43.484661459260344,False,short_side_not_traded_evidence_only,,,27.435,-0.6518,27.3477,-0.968
2026-09-25,2026-09-25T13:44:50.139976,NBIS,RAPID_DECREASE_CANDIDATE,240.42,-0.874,-0.845,-0.029,0.696,2.2877,6,0.6,2.5407316145047276,5,0.5057830427475815,0.7,0.0,28.9,30.8,29.1,0.0,0.0,39.9,0.0,242.4453,,,31.070996247600462,False,short_side_not_traded_evidence_only,,,239.775,-0.2683,236.805,-1.5036
2026-09-25,2026-09-25T13:44:50.153468,ALAB,RAPID_DECREASE_CANDIDATE,364.7998,-0.668,-0.639,-0.029,0.924,6.1294,6,0.6,3.317699589298841,5,0.590647971752025,0.8,0.0,34.0,44.7,34.5,0.0,0.0,47.5,0.0,367.0703,,,35.87567797560523,False,short_side_not_traded_evidence_only,,,361.385,-0.9361,360.45,-1.1924
2026-09-25,2026-09-25T13:44:50.168618,CRDO,RAPID_DECREASE_CANDIDATE,205.1213,-1.151,-1.122,-0.029,0.913,1.7063,6,1.0,2.6824416066388697,5,0.48727907974162477,0.6,0.0,21.9,44.0,34.9,0.0,0.0,47.1,0.0,206.3683,,,33.73991550284587,False,short_side_not_traded_evidence_only,,,201.445,-1.7923,200.04,-2.4772
2026-09-25,2026-09-25T13:44:53.431763,AKAM,RAPID_DECREASE_CANDIDATE,121.49,-0.312,-0.283,-0.029,1.073,5.6795,6,0.2,0.8641975186964078,5,0.5548420809126783,0.5666666666666667,0.0,42.9,55.4,25.6,0.0,0.0,52.4,0.0,122.6867,,,38.640063514294205,False,short_side_not_traded_evidence_only,,,119.1399,-1.9344,116.83,-3.8357
2026-09-25,2026-09-25T13:44:53.444689,MRVL,RAPID_DECREASE_CANDIDATE,261.45,-0.7,-0.671,-0.029,0.922,0.2983,6,0.4,1.3138958548734894,5,0.5739946528879686,0.7,0.0,33.2,44.6,35.4,0.0,0.0,47.4,44.8,262.9818,34.8,SMH,37.697097154244084,False,short_side_not_traded_evidence_only,,,261.395,-0.021,259.7201,-0.6617
2026-09-25,2026-09-25T13:44:53.465835,BMNR,RAPID_DECREASE_CANDIDATE,27.605,-0.558,-0.529,-0.029,1.022,0.0362,6,1.0,2.299339118045032,5,0.478630837501807,0.5,0.0,36.8,51.6,43.2,0.0,0.0,50.7,100.0,27.6805,,,43.1361730996114,False,short_side_not_traded_evidence_only,,,27.435,-0.6158,27.3477,-0.9321
2026-09-25,2026-09-25T13:44:53.485645,NBIS,RAPID_DECREASE_CANDIDATE,240.662,-0.774,-0.745,-0.029,0.741,2.2854,6,0.6,2.5407316145047276,5,0.5057830427475815,0.7,0.0,31.4,33.4,31.7,0.0,0.0,41.4,0.0,242.4374,,,32.42409156030468,False,short_side_not_traded_evidence_only,,,239.775,-0.3686,236.805,-1.6027
2026-09-25,2026-09-25T13:44:53.500348,ALAB,RAPID_DECREASE_CANDIDATE,365.29,-0.535,-0.506,-0.029,0.938,5.8638,6,0.6,3.317699589298841,5,0.590647971752025,0.8,0.0,37.4,45.7,37.9,0.0,0.0,47.9,0.0,367.0643,,,37.07123834478763,False,short_side_not_traded_evidence_only,,,361.385,-1.069,360.45,-1.325
2026-09-25,2026-09-25T13:44:53.513040,CRDO,RAPID_DECREASE_CANDIDATE,205.625,-0.908,-0.879,-0.029,0.929,1.7021,6,1.0,2.6824416066388697,5,0.48727907974162477,0.6,0.0,28.0,45.1,41.0,0.0,0.0,47.6,0.0,206.3674,,,35.763788290398615,False,short_side_not_traded_evidence_only,,,201.445,-2.0328,200.04,-2.7161
2026-09-25,2026-09-25T13:44:56.807147,AKAM,RAPID_DECREASE_CANDIDATE,121.4,-0.386,-0.357,-0.029,1.054,5.6837,5,0.2,0.8641975186964078,5,0.5548420809126783,0.5666666666666667,0.0,41.1,53.9,24.0,0.0,0.0,51.8,0.0,122.6734,,,37.81503803512516,False,short_side_not_traded_evidence_only,,,119.0,-1.9769,116.41,-4.1104
2026-09-25,2026-09-25T13:44:56.822271,MRVL,RAPID_DECREASE_CANDIDATE,261.68,-0.613,-0.584,-0.029,0.941,4.4635,5,0.4,1.3138958548734894,5,0.5739946528879686,0.7,0.0,35.4,45.9,37.7,0.0,0.0,48.0,0.0,262.9768,36.9,SMH,36.75580815937791,False,short_side_not_traded_evidence_only,,,262.19,0.1949,259.035,-1.0108
2026-09-25,2026-09-25T13:44:56.834544,BMNR,RAPID_DECREASE_CANDIDATE,27.645,-0.414,-0.385,-0.029,1.017,0.0362,5,1.0,2.299339118045032,5,0.478630837501807,0.5,0.0,40.4,51.2,46.9,0.0,0.0,50.6,100.0,27.6797,,,44.10727970384092,False,short_side_not_traded_evidence_only,,,27.4482,-0.7119,27.325,-1.1575
2026-09-25,2026-09-25T13:44:56.846731,NBIS,RAPID_DECREASE_CANDIDATE,240.97,-0.647,-0.618,-0.029,0.793,2.2824,5,0.6,2.5407316145047276,5,0.5057830427475815,0.7,0.0,34.5,36.4,34.9,0.0,0.0,43.1,0.0,242.4296,,,34.08125652935328,False,short_side_not_traded_evidence_only,,,240.35,-0.2573,236.57,-1.826
2026-09-25,2026-09-25T13:44:56.859707,CRDO,RAPID_DECREASE_CANDIDATE,205.62,-0.911,-0.882,-0.029,0.946,0.3161,5,1.0,2.6824416066388697,5,0.48727907974162477,0.6,0.0,27.9,46.2,41.0,0.0,0.0,48.2,40.9,206.3664,,,37.70838671860784,False,short_side_not_traded_evidence_only,,,200.9141,-2.2886,199.765,-2.8475
2026-09-25,2026-09-25T13:45:00.192244,MRVL,RAPID_DECREASE_CANDIDATE,262.0999,-0.453,-0.424,-0.029,0.96,0.9119,4,0.4,1.3138958548734894,5,0.5739946528879686,0.7,0.0,39.4,47.2,41.7,0.0,0.0,48.7,0.0,262.9719,40.9,SMH,38.22358805978626,False,short_side_not_traded_evidence_only,,,262.19,0.0344,259.035,-1.1694
2026-09-25,2026-09-25T13:45:00.228496,BMNR,RAPID_DECREASE_CANDIDATE,27.645,-0.414,-0.385,-0.029,1.011,0.0362,4,1.0,2.299339118045032,5,0.478630837501807,0.5,0.0,40.4,50.8,46.9,0.0,0.0,50.4,100.0,27.6789,,,44.02355887346643,False,short_side_not_traded_evidence_only,,,27.4482,-0.7119,27.325,-1.1575
2026-09-25,2026-09-25T13:45:00.253156,NBIS,RAPID_DECREASE_CANDIDATE,240.5885,-0.612,-0.583,-0.029,1.942,2.2861,4,0.6,2.5407316145047276,5,0.5057830427475815,0.7,0.0,35.4,49.5,31.2,0.0,0.0,81.4,0.0,242.4078,,,40.73259353731714,False,short_side_not_traded_evidence_only,,,240.35,-0.0991,236.57,-1.6703
2026-09-25,2026-09-25T13:45:00.291277,CRDO,RAPID_DECREASE_CANDIDATE,205.5099,-0.964,-0.935,-0.029,0.963,0.2628,4,1.0,2.6824416066388697,5,0.48727907974162477,0.6,0.0,26.6,47.4,39.6,0.0,0.0,48.8,52.7,206.3654,,,38.086043311050844,False,short_side_not_traded_evidence_only,,,200.9141,-2.2363,199.765,-2.7954
2026-09-25,2026-09-25T13:45:10.779657,AKAM,RAPID_DECREASE_CANDIDATE,121.848,-0.84,-0.77,-0.07,0.27,5.6628,4,0.2,0.8641975186964078,5,0.5548420809126783,0.5666666666666667,0.0,30.8,44.9,33.5,0.0,0.0,25.7,0.0,122.6579,,,32.50028293494106,False,short_side_not_traded_evidence_only,,,119.0,-2.3373,,
2026-09-25,2026-09-25T13:45:10.795467,BMNR,RAPID_DECREASE_CANDIDATE,27.6066,-0.373,-0.303,-0.07,0.614,0.0724,4,1.0,2.299339118045032,5,0.478630837501807,0.5,0.0,42.4,47.0,43.5,0.0,0.0,37.1,95.0,27.6786,,,41.44514924782237,False,short_side_not_traded_evidence_only,,,27.4482,-0.5738,,
2026-09-25,2026-09-25T13:45:10.810542,NBIS,RAPID_DECREASE_CANDIDATE,240.69,-0.57,-0.5,-0.07,1.968,1.8738,4,0.6,2.5407316145047276,5,0.5057830427475815,0.7,0.0,37.5,65.5,32.5,0.0,0.0,82.3,0.0,242.3865,,,44.00999802792986,False,short_side_not_traded_evidence_only,,,240.35,-0.1413,,
2026-09-25,2026-09-25T13:45:10.826289,CRDO,RAPID_DECREASE_CANDIDATE,205.71,-0.922,-0.852,-0.07,0.648,6.6842,4,1.0,2.6824416066388697,5,0.48727907974162477,0.6,0.0,28.7,45.8,42.1,0.0,0.0,38.3,0.0,206.3633,,,34.96414028099783,False,short_side_not_traded_evidence_only,,,200.9141,-2.3314,,
2026-09-25,2026-09-25T13:45:21.238517,AKAM,RAPID_DECREASE_CANDIDATE,121.85,-0.838,-0.768,-0.07,0.276,5.6627,3,0.2,0.8641975186964078,5,0.5548420809126783,0.5666666666666667,0.0,30.8,37.6,33.6,0.0,0.0,25.9,0.0,122.6555,,,31.328550919896994,False,short_side_not_traded_evidence_only,,,119.0,-2.3389,,
2026-09-25,2026-09-25T13:45:21.253922,NBIS,RAPID_DECREASE_CANDIDATE,240.72,-0.558,-0.488,-0.07,1.994,2.2848,3,0.6,2.5407316145047276,5,0.5057830427475815,0.7,0.0,37.8,85.5,33.0,0.0,0.0,83.1,0.0,242.3657,,,47.56254750997166,False,short_side_not_traded_evidence_only,,,240.35,-0.1537,,
2026-09-25,2026-09-25T13:45:21.274014,CRDO,RAPID_DECREASE_CANDIDATE,205.077,-1.227,-1.157,-0.07,0.672,0.5071,3,1.0,2.6824416066388697,5,0.48727907974162477,0.6,0.0,21.1,44.1,34.4,0.0,0.0,39.1,0.0,206.3612,,,32.55828944456232,False,short_side_not_traded_evidence_only,,,200.9141,-2.0299,,
2026-09-25,2026-09-25T13:45:31.709896,AKAM,RAPID_DECREASE_CANDIDATE,121.175,-1.388,-1.318,-0.07,0.287,5.6942,3,0.2,0.8641975186964078,5,0.5548420809126783,0.5666666666666667,0.0,17.1,31.4,19.9,0.0,0.0,26.2,0.0,122.6531,,,26.33440010905455,False,short_side_not_traded_evidence_only,,,119.0,-1.7949,,
2026-09-25,2026-09-25T13:45:31.722499,NBIS,RAPID_DECREASE_CANDIDATE,240.08,-0.822,-0.752,-0.07,1.884,2.2909,3,0.6,2.5407316145047276,5,0.5057830427475815,0.7,0.0,31.2,97.3,26.6,0.0,0.0,79.5,0.0,242.3453,,,47.17486371482865,False,short_side_not_traded_evidence_only,,,240.35,0.1125,,
2026-09-25,2026-09-25T13:45:31.737013,CRDO,RAPID_DECREASE_CANDIDATE,204.91,-1.308,-1.238,-0.07,0.685,1.3518,3,1.0,2.6824416066388697,5,0.48727907974162477,0.6,0.0,19.1,41.2,32.4,0.0,0.0,39.5,0.0,206.3591,,,31.537112109828357,False,short_side_not_traded_evidence_only,,,200.9141,-1.9501,,
2026-09-25,2026-09-25T13:45:42.066175,AKAM,RAPID_DECREASE_CANDIDATE,121.435,-1.176,-1.106,-0.07,0.3,5.6821,4,0.2,0.8641975186964078,5,0.5548420809126783,0.5666666666666667,0.0,22.4,25.2,25.2,0.0,0.0,26.7,0.0,122.6507,,,26.905768324865335,False,short_side_not_traded_evidence_only,,,119.0,-2.0052,,
2026-09-25,2026-09-25T13:45:42.079628,NBIS,RAPID_DECREASE_CANDIDATE,240.23,-0.76,-0.69,-0.07,1.785,2.2895,4,0.6,2.5407316145047276,5,0.5057830427475815,0.7,0.0,32.8,100.0,28.4,0.0,0.0,76.2,0.0,242.3253,,,47.693693981720784,False,short_side_not_traded_evidence_only,,,240.35,0.05,,
2026-09-25,2026-09-25T13:45:42.095151,AXTI,RAPID_DECREASE_CANDIDATE,76.86,-0.464,-0.394,-0.07,0.534,10.0703,4,0.8,3.6752702400746267,5,0.5864973886769775,0.4833333333333333,0.0,40.1,46.8,61.0,22.1,40.0,34.5,0.0,76.522,,,39.4958943943305,False,short_side_not_traded_evidence_only,,,76.25,-0.7937,,
2026-09-25,2026-09-25T13:45:42.133895,CRDO,RAPID_DECREASE_CANDIDATE,204.38,-1.563,-1.493,-0.07,0.698,0.9199,4,1.0,2.6824416066388697,5,0.48727907974162477,0.6,0.0,12.7,38.3,26.0,0.0,0.0,39.9,0.0,206.357,,,29.241200610670333,False,short_side_not_traded_evidence_only,,,200.9141,-1.6958,,
2026-09-25,2026-09-25T13:45:52.490535,AKAM,RAPID_DECREASE_CANDIDATE,121.82,-0.863,-0.793,-0.07,0.313,5.6641,4,0.2,0.8641975186964078,5,0.5548420809126783,0.5666666666666667,0.0,30.2,19.0,33.1,0.0,0.0,27.1,0.0,122.6483,,,28.216467134303556,False,short_side_not_traded_evidence_only,,,119.0,-2.3149,,
2026-09-25,2026-09-25T13:45:52.562858,NBIS,RAPID_DECREASE_CANDIDATE,240.11,-0.81,-0.74,-0.07,1.696,2.2906,4,0.6,2.5407316145047276,5,0.5057830427475815,0.7,0.0,31.5,100.0,27.3,0.0,0.0,73.2,0.0,242.3058,,,46.98472021945105,False,short_side_not_traded_evidence_only,,,240.35,0.1,,
2026-09-25,2026-09-25T13:45:52.575843,AXTI,RAPID_DECREASE_CANDIDATE,76.7201,-0.645,-0.575,-0.07,0.541,9.9583,4,0.8,3.6752702400746267,5,0.5864973886769775,0.4833333333333333,0.0,35.6,34.1,56.4,12.7,40.0,34.7,0.0,76.5252,,,37.248682238935956,False,short_side_not_traded_evidence_only,,,76.25,-0.6127,,
2026-09-25,2026-09-25T13:45:52.588738,CRDO,RAPID_DECREASE_CANDIDATE,203.92,-1.784,-1.714,-0.07,0.711,6.2966,4,1.0,2.6824416066388697,5,0.48727907974162477,0.6,0.0,7.1,35.4,20.5,0.0,0.0,40.4,0.0,206.3549,,,27.192932170543106,False,short_side_not_traded_evidence_only,,,200.9141,-1.4741,,
2026-09-25,2026-09-25T13:46:03.184359,DOCN,RAPID_DECREASE_CANDIDATE,144.1,-0.372,-0.291,-0.081,1.2,5.6072,6,0.6,2.346717859290326,5,0.4775679175510934,0.7,0.0,42.7,89.3,49.9,0.0,0.0,56.7,0.0,144.1077,,,47.817774831708206,False,short_side_not_traded_evidence_only,,,143.685,-0.288,,
2026-09-25,2026-09-25T13:46:03.199750,NBIS,RAPID_DECREASE_CANDIDATE,240.015,-0.516,-0.435,-0.081,1.064,2.2915,6,0.6,2.5407316145047276,5,0.5057830427475815,0.7,0.0,39.1,100.0,26.5,0.0,0.0,52.1,0.0,242.2916,,,45.51784511551274,False,short_side_not_traded_evidence_only,,,239.81,-0.0854,,
2026-09-25,2026-09-25T13:46:03.237637,AXTI,RAPID_DECREASE_CANDIDATE,77.08,-1.012,-0.931,-0.081,1.3,10.2491,6,0.8,3.6752702400746267,5,0.5864973886769775,0.4833333333333333,0.0,26.7,28.6,68.0,35.9,40.0,60.0,0.0,76.5298,,,36.559646465328115,False,short_side_not_traded_evidence_only,,,76.435,-0.8368,,
2026-09-25,2026-09-25T13:46:03.255067,CAI,RAPID_DECREASE_CANDIDATE,32.245,-0.34,-0.259,-0.081,1.114,0.4962,6,0.8,2.506946822593982,5,0.5619919636387601,0.7,0.0,43.5,29.4,50.6,1.2,0.0,53.8,0.8,32.2373,,,37.5829411842129,False,short_side_not_traded_evidence_only,,,31.856,-1.2064,,
2026-09-25,2026-09-25T13:46:03.273761,CRDO,RAPID_DECREASE_CANDIDATE,204.655,-0.728,-0.647,-0.081,1.024,6.7186,6,1.0,2.6824416066388697,5,0.48727907974162477,0.6,0.0,33.8,34.8,29.5,0.0,0.0,50.8,0.0,206.3492,,,33.968008957529214,False,short_side_not_traded_evidence_only,,,200.325,-2.1158,,
2026-09-25,2026-09-25T13:46:03.290254,LRCX,RAPID_DECREASE_CANDIDATE,311.27,-0.411,-0.33,-0.081,0.901,0.1703,6,0.4,1.6135948097947224,5,0.5414055572389701,0.65,0.0,41.8,33.0,58.0,16.0,40.0,46.7,73.3,310.2762,43.9,SMH,42.42882317786816,False,short_side_not_traded_evidence_only,,,314.86,1.1533,,
2026-09-25,2026-09-25T13:46:13.605967,BITX,RAPID_DECREASE_CANDIDATE,19.76,-0.453,-0.372,-0.081,0.879,0.0506,8,0.8,2.267278914475886,5,0.6249816849816897,0.6666666666666667,0.0,40.7,54.3,37.8,0.0,0.0,46.0,99.9,19.8565,,,42.97727592926029,False,short_side_not_traded_evidence_only,,,19.79,0.1518,,
2026-09-25,2026-09-25T13:46:13.634235,BMNR,RAPID_DECREASE_CANDIDATE,27.5286,-0.475,-0.394,-0.081,0.816,0.0363,8,1.0,2.299339118045032,5,0.478630837501807,0.5,0.0,40.1,32.7,36.6,0.0,0.0,43.9,100.0,27.677,,,38.86906029897814,False,short_side_not_traded_evidence_only,,,27.48,-0.1765,,
2026-09-25,2026-09-25T13:46:13.677699,DOCN,RAPID_DECREASE_CANDIDATE,143.8625,-0.536,-0.455,-0.081,1.177,6.2629,8,0.6,2.346717859290326,5,0.4775679175510934,0.7,0.0,38.6,81.3,45.7,0.0,0.0,55.9,0.0,144.1083,,,45.19919633761107,False,short_side_not_traded_evidence_only,,,143.685,-0.1234,,
2026-09-25,2026-09-25T13:46:13.700381,NBIS,RAPID_DECREASE_CANDIDATE,239.725,-0.636,-0.555,-0.081,1.045,2.2943,8,0.6,2.5407316145047276,5,0.5057830427475815,0.7,0.0,36.1,88.5,23.7,0.0,0.0,51.5,0.0,242.2776,,,42.65847234347874,False,short_side_not_traded_evidence_only,,,239.81,0.0355,,
2026-09-25,2026-09-25T13:46:13.717468,AXTI,RAPID_DECREASE_CANDIDATE,76.71,-1.487,-1.406,-0.081,1.269,10.2985,8,0.8,3.6752702400746267,5,0.5864973886769775,0.4833333333333333,0.0,14.8,34.8,55.7,11.5,40.0,59.0,0.0,76.5342,,,37.015652997166434,False,short_side_not_traded_evidence_only,,,76.435,-0.3585,,
2026-09-25,2026-09-25T13:46:13.732154,CAI,RAPID_DECREASE_CANDIDATE,32.19,-0.51,-0.429,-0.081,1.115,0.3107,8,0.8,2.506946822593982,5,0.5619919636387601,0.7,0.0,39.3,34.5,46.3,0.0,0.0,53.8,42.1,32.2371,,,39.063624494610046,False,short_side_not_traded_evidence_only,,,31.856,-1.0376,,
2026-09-25,2026-09-25T13:46:13.744565,CRDO,RAPID_DECREASE_CANDIDATE,203.56,-1.259,-1.178,-0.081,1.028,6.7548,8,1.0,2.6824416066388697,5,0.48727907974162477,0.6,0.0,20.6,38.1,16.3,0.0,0.0,50.9,0.0,206.3435,,,30.673209275981435,False,short_side_not_traded_evidence_only,,,200.325,-1.5892,,
2026-09-25,2026-09-25T13:46:13.759987,LRCX,RAPID_DECREASE_CANDIDATE,311.27,-0.411,-0.33,-0.081,0.91,5.9627,8,0.4,1.6135948097947224,5,0.5414055572389701,0.65,0.0,41.8,35.4,58.0,16.0,40.0,47.0,0.0,310.2796,43.9,SMH,39.821467525732004,False,short_side_not_traded_evidence_only,,,314.86,1.1533,,
2026-09-25,2026-09-25T13:46:24.013202,BITX,RAPID_DECREASE_CANDIDATE,19.745,-0.529,-0.448,-0.081,0.882,0.1013,7,0.8,2.267278914475886,5,0.6249816849816897,0.6666666666666667,0.0,38.8,51.3,36.0,0.0,0.0,46.1,88.6,19.8563,,,41.45809953986775,False,short_side_not_traded_evidence_only,,,19.79,0.2279,,
2026-09-25,2026-09-25T13:46:24.027752,BMNR,RAPID_DECREASE_CANDIDATE,27.48,-0.651,-0.57,-0.081,0.829,0.0364,7,1.0,2.299339118045032,5,0.478630837501807,0.5,0.0,35.8,34.7,32.2,0.0,0.0,44.3,100.0,27.6768,,,37.97360332388592,False,short_side_not_traded_evidence_only,,,27.48,0.0,,
2026-09-25,2026-09-25T13:46:24.045514,NBIS,RAPID_DECREASE_CANDIDATE,239.9787,-0.531,-0.45,-0.081,1.026,16.0639,7,0.6,2.5407316145047276,5,0.5057830427475815,0.7,0.0,38.8,76.0,26.4,0.0,0.0,50.9,0.0,242.2638,,,41.287332119911284,False,short_side_not_traded_evidence_only,,,239.81,-0.0703,,
2026-09-25,2026-09-25T13:46:24.058551,AXTI,RAPID_DECREASE_CANDIDATE,76.88,-1.269,-1.188,-0.081,1.239,10.1327,7,0.8,3.6752702400746267,5,0.5864973886769775,0.4833333333333333,0.0,20.3,41.3,61.2,22.3,40.0,58.0,0.0,76.5386,,,38.19501855943954,False,short_side_not_traded_evidence_only,,,76.435,-0.5788,,
2026-09-25,2026-09-25T13:46:24.073220,CAI,RAPID_DECREASE_CANDIDATE,32.2559,-0.306,-0.225,-0.081,1.117,7.1305,7,0.8,2.506946822593982,5,0.5619919636387601,0.7,0.0,44.4,39.9,51.5,2.9,0.0,53.9,0.0,32.237,,,39.35542208568025,False,short_side_not_traded_evidence_only,,,31.856,-1.2398,,
2026-09-25,2026-09-25T13:46:24.089754,MSTR,RAPID_DECREASE_CANDIDATE,159.33,-0.31,-0.229,-0.081,1.237,8.4604,7,1.0,2.9232144492489134,5,0.5988820707616584,0.65,0.0,44.3,55.1,45.8,0.0,0.0,57.9,0.0,159.5973,33.6,WGMI,42.027076963876226,False,short_side_not_traded_evidence_only,,,159.6199,0.1819,,
2026-09-25,2026-09-25T13:46:24.103072,CRDO,RAPID_DECREASE_CANDIDATE,203.98,-1.055,-0.974,-0.081,1.032,0.4363,7,1.0,2.6824416066388697,5,0.48727907974162477,0.6,0.0,25.7,41.6,21.4,0.0,0.0,51.1,14.2,206.3378,,,33.35417015737481,False,short_side_not_traded_evidence_only,,,200.325,-1.7918,,
2026-09-25,2026-09-25T13:46:34.327034,BITX,RAPID_DECREASE_CANDIDATE,19.705,-0.73,-0.649,-0.081,0.885,0.0507,10,0.8,2.267278914475886,5,0.6249816849816897,0.6666666666666667,0.0,33.8,48.3,31.0,0.0,0.0,46.2,99.8,19.8561,,,39.97742335466111,False,short_side_not_traded_evidence_only,,,19.79,0.4314,,
2026-09-25,2026-09-25T13:46:34.370452,VKTX,RAPID_DECREASE_CANDIDATE,37.825,-0.303,-0.222,-0.081,0.892,3.9128,10,0.6,2.6493607294435724,5,0.5784171657691218,0.65,0.0,44.5,36.1,13.7,0.0,0.0,46.4,0.0,38.3819,,,33.43313666869778,False,short_side_not_traded_evidence_only,,,36.6999,-2.9745,,
2026-09-25,2026-09-25T13:46:34.386415,BMNR,RAPID_DECREASE_CANDIDATE,27.4499,-0.76,-0.679,-0.081,0.844,0.0364,10,1.0,2.299339118045032,5,0.478630837501807,0.5,0.0,33.0,36.8,29.5,0.0,0.0,44.8,100.0,27.6767,,,37.59526483206486,False,short_side_not_traded_evidence_only,,,27.48,0.1097,,
2026-09-25,2026-09-25T13:46:34.400005,DOCN,RAPID_DECREASE_CANDIDATE,144.1,-0.372,-0.291,-0.081,1.134,11.1103,10,0.6,2.346717859290326,5,0.4775679175510934,0.7,0.0,42.7,67.9,49.8,0.0,0.0,54.5,0.0,144.1093,,,43.97581665967836,False,short_side_not_traded_evidence_only,,,143.685,-0.288,,
2026-09-25,2026-09-25T13:46:34.413469,NBIS,RAPID_DECREASE_CANDIDATE,239.73,-0.634,-0.553,-0.081,1.007,2.2609,10,0.6,2.5407316145047276,5,0.5057830427475815,0.7,0.0,36.2,65.4,24.0,0.0,0.0,50.2,0.0,242.2501,,,38.70032979293549,False,short_side_not_traded_evidence_only,,,239.81,0.0334,,
2026-09-25,2026-09-25T13:46:34.452737,AXTI,RAPID_DECREASE_CANDIDATE,76.81,-1.359,-1.278,-0.081,1.21,0.6379,10,0.8,3.6752702400746267,5,0.5864973886769775,0.4833333333333333,0.0,18.1,47.9,58.7,17.5,40.0,57.0,0.0,76.5429,,,39.11380898606428,False,short_side_not_traded_evidence_only,,,76.435,-0.4882,,
2026-09-25,2026-09-25T13:46:34.468381,CAI,RAPID_DECREASE_CANDIDATE,32.2213,-0.413,-0.332,-0.081,1.118,0.3104,10,0.8,2.506946822593982,5,0.5619919636387601,0.7,0.0,41.7,45.8,48.8,0.0,0.0,53.9,42.1,32.2368,,,41.68655939313561,False,short_side_not_traded_evidence_only,,,31.856,-1.1337,,
2026-09-25,2026-09-25T13:46:34.482033,MSTR,RAPID_DECREASE_CANDIDATE,159.05,-0.485,-0.404,-0.081,1.221,8.4753,10,1.0,2.9232144492489134,5,0.5988820707616584,0.65,0.0,39.9,58.3,41.4,0.0,0.0,57.4,0.0,159.599,29.2,WGMI,41.21703855599402,False,short_side_not_traded_evidence_only,,,159.6199,0.3583,,
2026-09-25,2026-09-25T13:46:34.502892,CRDO,RAPID_DECREASE_CANDIDATE,203.845,-1.121,-1.04,-0.081,1.036,6.3038,10,1.0,2.6824416066388697,5,0.48727907974162477,0.6,0.0,24.0,45.2,19.9,0.0,0.0,51.2,0.0,206.3322,,,32.92139286342549,False,short_side_not_traded_evidence_only,,,200.325,-1.7268,,
2026-09-25,2026-09-25T13:46:34.517167,LRCX,RAPID_DECREASE_CANDIDATE,311.49,-0.341,-0.26,-0.081,0.93,0.0931,10,0.4,1.6135948097947224,5,0.5414055572389701,0.65,0.0,43.5,40.7,59.7,19.4,40.0,47.7,90.4,310.2863,45.6,SMH,44.627969637283776,False,short_side_not_traded_evidence_only,,,314.86,1.0819,,
2026-09-25,2026-09-25T13:46:44.739730,BITX,RAPID_DECREASE_CANDIDATE,19.7086,-0.712,-0.631,-0.081,0.888,0.0507,9,0.8,2.267278914475886,5,0.6249816849816897,0.6666666666666667,0.0,34.2,45.4,31.4,0.0,0.0,46.3,99.8,19.8559,,,39.641103178793614,False,short_side_not_traded_evidence_only,,,19.79,0.413,,
2026-09-25,2026-09-25T13:46:44.753064,BMNR,RAPID_DECREASE_CANDIDATE,27.4499,-0.76,-0.679,-0.081,0.859,0.0364,9,1.0,2.299339118045032,5,0.478630837501807,0.5,0.0,33.0,39.1,29.5,0.0,0.0,45.3,100.0,27.6765,,,38.033711727213095,False,short_side_not_traded_evidence_only,,,27.48,0.1097,,
2026-09-25,2026-09-25T13:46:44.766971,DOCN,RAPID_DECREASE_CANDIDATE,143.9,-0.51,-0.429,-0.081,1.113,6.1849,9,0.6,2.346717859290326,5,0.4775679175510934,0.7,0.0,39.3,62.2,46.4,0.0,0.0,53.8,0.0,144.1098,,,41.92190420085415,False,short_side_not_traded_evidence_only,,,143.685,-0.1494,,
2026-09-25,2026-09-25T13:46:44.780184,NBIS,RAPID_DECREASE_CANDIDATE,239.9374,-0.548,-0.467,-0.081,0.99,2.2923,9,0.6,2.5407316145047276,5,0.5057830427475815,0.7,0.0,38.3,56.1,26.3,0.0,0.0,49.7,0.0,242.2367,,,37.73604814054407,False,short_side_not_traded_evidence_only,,,239.81,-0.0531,,
2026-09-25,2026-09-25T13:46:44.811950,AXTI,RAPID_DECREASE_CANDIDATE,76.8,-1.372,-1.291,-0.081,1.183,10.1302,9,0.8,3.6752702400746267,5,0.5864973886769775,0.4833333333333333,0.0,17.7,54.8,58.3,16.5,40.0,56.1,0.0,76.5471,,,40.15764068349878,False,short_side_not_traded_evidence_only,,,76.435,-0.4753,,
2026-09-25,2026-09-25T13:46:44.826364,CAI,RAPID_DECREASE_CANDIDATE,32.2,-0.479,-0.398,-0.081,1.12,7.1429,9,0.8,2.506946822593982,5,0.5619919636387601,0.7,0.0,40.0,52.2,47.2,0.0,0.0,54.0,0.0,32.2367,,,40.523826201919135,False,short_side_not_traded_evidence_only,,,31.856,-1.0683,,
2026-09-25,2026-09-25T13:46:44.840186,MSTR,RAPID_DECREASE_CANDIDATE,159.1071,-0.449,-0.368,-0.081,1.206,8.4723,9,1.0,2.9232144492489134,5,0.5988820707616584,0.65,0.0,40.8,61.6,42.3,0.0,0.0,56.9,0.0,159.6008,30.1,WGMI,41.95684523950273,False,short_side_not_traded_evidence_only,,,159.6199,0.3223,,
2026-09-25,2026-09-25T13:46:44.854505,CRDO,RAPID_DECREASE_CANDIDATE,203.6506,-1.215,-1.134,-0.081,1.04,6.2558,9,1.0,2.6824416066388697,5,0.48727907974162477,0.6,0.0,21.6,49.1,17.6,0.0,0.0,51.3,0.0,206.3266,,,32.9058530258588,False,short_side_not_traded_evidence_only,,,200.325,-1.633,,
2026-09-25,2026-09-25T13:46:44.867990,LRCX,RAPID_DECREASE_CANDIDATE,311.4412,-0.356,-0.275,-0.081,0.941,5.9658,9,0.4,1.6135948097947224,5,0.5414055572389701,0.65,0.0,43.1,43.6,59.3,18.6,40.0,48.0,0.0,310.2896,45.2,SMH,41.374537436383754,False,short_side_not_traded_evidence_only,,,314.86,1.0977,,
2026-09-25,2026-09-25T13:46:55.097504,BITX,RAPID_DECREASE_CANDIDATE,19.67,-0.907,-0.826,-0.081,0.891,0.0508,10,0.8,2.267278914475886,5,0.6249816849816897,0.6666666666666667,0.0,29.3,42.6,26.6,0.0,0.0,46.4,99.8,19.8558,,,37.76578678435492,False,short_side_not_traded_evidence_only,,,19.79,0.6101,,
2026-09-25,2026-09-25T13:46:55.111429,GME,RAPID_DECREASE_CANDIDATE,24.4,-0.367,-0.286,-0.081,0.287,0.3279,10,0.4,1.0867770706496627,5,0.6840244266050799,0.6,0.0,42.9,11.0,29.6,0.0,0.0,26.2,38.2,24.6009,39.2,XLY,30.046020726643413,False,short_side_not_traded_evidence_only,,,23.86,-2.2131,,
2026-09-25,2026-09-25T13:46:55.127241,BMNR,RAPID_DECREASE_CANDIDATE,27.445,-0.777,-0.696,-0.081,0.874,0.0364,10,1.0,2.299339118045032,5,0.478630837501807,0.5,0.0,32.6,41.5,29.1,0.0,0.0,45.8,100.0,27.6764,,,38.371046624189916,False,short_side_not_traded_evidence_only,,,27.48,0.1275,,
2026-09-25,2026-09-25T13:46:55.140224,DOCN,RAPID_DECREASE_CANDIDATE,143.71,-0.641,-0.56,-0.081,1.093,11.1405,10,0.6,2.346717859290326,5,0.4775679175510934,0.7,0.0,36.0,57.0,43.1,0.0,0.0,53.1,0.0,144.1103,,,40.0118157880721,False,short_side_not_traded_evidence_only,,,143.685,-0.0174,,
2026-09-25,2026-09-25T13:46:55.155989,NBIS,RAPID_DECREASE_CANDIDATE,239.8365,-0.59,-0.509,-0.081,0.973,2.2932,10,0.6,2.5407316145047276,5,0.5057830427475815,0.7,0.0,37.3,48.1,25.4,0.0,0.0,49.1,0.0,242.2234,,,36.03411639832533,False,short_side_not_traded_evidence_only,,,239.81,-0.011,,
2026-09-25,2026-09-25T13:46:55.171040,AXTI,RAPID_DECREASE_CANDIDATE,76.9799,-1.141,-1.06,-0.081,1.157,10.2624,10,0.8,3.6752702400746267,5,0.5864973886769775,0.4833333333333333,0.0,23.5,62.0,64.0,28.0,40.0,55.2,0.0,76.5512,,,41.49028505299854,False,short_side_not_traded_evidence_only,,,76.435,-0.7078,,
2026-09-25,2026-09-25T13:46:55.184878,CAI,RAPID_DECREASE_CANDIDATE,32.25,-0.325,-0.244,-0.081,1.122,0.4031,10,0.8,2.506946822593982,5,0.5619919636387601,0.7,0.0,43.9,59.2,51.0,2.1,0.0,54.1,21.5,32.2366,,,43.45171408706402,False,short_side_not_traded_evidence_only,,,31.856,-1.2217,,
2026-09-25,2026-09-25T13:46:55.197861,MSTR,RAPID_DECREASE_CANDIDATE,159.22,-0.379,-0.298,-0.081,1.191,8.4663,10,1.0,2.9232144492489134,5,0.5988820707616584,0.65,0.0,42.5,64.9,44.0,0.0,0.0,56.4,0.0,159.6025,31.9,WGMI,42.954141424904854,False,short_side_not_traded_evidence_only,,,159.6199,0.2512,,
2026-09-25,2026-09-25T13:46:55.211178,CRDO,RAPID_DECREASE_CANDIDATE,203.74,-1.171,-1.09,-0.081,1.044,0.9718,10,1.0,2.6824416066388697,5,0.48727907974162477,0.6,0.0,22.7,53.2,18.7,0.0,0.0,51.5,0.0,206.321,,,33.932155204849074,False,short_side_not_traded_evidence_only,,,200.325,-1.6762,,
2026-09-25,2026-09-25T13:46:55.289291,LRCX,RAPID_DECREASE_CANDIDATE,311.3564,-0.383,-0.302,-0.081,0.951,0.1285,10,0.4,1.6135948097947224,5,0.5414055572389701,0.65,0.0,42.5,46.6,58.6,17.1,40.0,48.4,82.6,310.2929,44.5,SMH,45.33972437365128,False,short_side_not_traded_evidence_only,,,314.86,1.1253,,
2026-09-25,2026-09-25T13:47:05.751034,BITX,RAPID_DECREASE_CANDIDATE,19.6299,-0.658,-0.664,0.006,1.861,0.0509,7,0.8,2.267278914475886,5,0.6249816849816897,0.6666666666666667,0.0,33.4,51.3,21.7,0.0,0.0,78.7,99.8,19.8544,,,43.320168179878465,False,short_side_not_traded_evidence_only,,,19.795,0.8411,,
2026-09-25,2026-09-25T13:47:05.771076,VKTX,RAPID_DECREASE_CANDIDATE,37.405,-1.371,-1.377,0.006,1.432,3.9567,7,0.6,2.6493607294435724,5,0.5784171657691218,0.65,0.0,15.6,50.7,0.0,0.0,0.0,64.4,0.0,38.3785,,,31.603633744108784,False,short_side_not_traded_evidence_only,,,36.66,-1.9917,,
2026-09-25,2026-09-25T13:47:05.785668,GME,RAPID_DECREASE_CANDIDATE,24.4001,-0.326,-0.332,0.006,0.59,0.3279,7,0.4,1.0867770706496627,5,0.6840244266050799,0.6,0.0,41.7,13.8,29.8,0.0,0.0,36.3,38.2,24.5991,38.9,XLY,31.609866545325243,False,short_side_not_traded_evidence_only,,,23.69,-2.9102,,
2026-09-25,2026-09-25T13:47:05.799237,BMNR,RAPID_DECREASE_CANDIDATE,27.38,-0.689,-0.695,0.006,3.126,0.0365,7,1.0,2.299339118045032,5,0.478630837501807,0.5,0.0,32.6,63.6,23.7,0.0,0.0,100.0,100.0,27.6716,,,48.15569157567869,False,short_side_not_traded_evidence_only,,,27.525,0.5296,,
2026-09-25,2026-09-25T13:47:05.812851,AXTI,RAPID_DECREASE_CANDIDATE,76.9301,-1.205,-1.211,0.006,0.678,0.8319,7,0.8,3.6752702400746267,5,0.5864973886769775,0.4833333333333333,0.0,19.7,55.8,62.3,24.6,40.0,39.3,0.0,76.5528,,,38.046013465378174,False,short_side_not_traded_evidence_only,,,75.82,-1.443,,
2026-09-25,2026-09-25T13:47:05.827479,MSTR,RAPID_DECREASE_CANDIDATE,158.7142,-0.474,-0.48,0.006,2.254,8.4933,7,1.0,2.9232144492489134,5,0.5988820707616584,0.65,0.0,38.0,74.6,36.1,0.0,0.0,91.8,0.0,159.5994,29.5,WGMI,47.2621484099635,False,short_side_not_traded_evidence_only,,,159.185,0.2966,,
2026-09-25,2026-09-25T13:47:05.851032,CRDO,RAPID_DECREASE_CANDIDATE,203.81,-0.787,-0.793,0.006,0.698,0.9764,7,1.0,2.6824416066388697,5,0.48727907974162477,0.6,0.0,30.2,50.4,19.6,0.0,0.0,39.9,0.0,206.3159,,,33.37737195201958,False,short_side_not_traded_evidence_only,,,198.99,-2.3649,,
2026-09-25,2026-09-25T13:47:16.215417,BITX,RAPID_DECREASE_CANDIDATE,19.66,-0.506,-0.512,0.006,1.777,0.0509,7,0.8,2.267278914475886,5,0.6249816849816897,0.6666666666666667,0.0,37.2,60.0,25.7,0.0,0.0,75.9,99.8,19.8532,,,45.56014854740945,False,short_side_not_traded_evidence_only,,,19.795,0.6867,,
2026-09-25,2026-09-25T13:47:16.227980,VKTX,RAPID_DECREASE_CANDIDATE,37.3401,-1.542,-1.548,0.006,1.426,3.9636,7,0.6,2.6493607294435724,5,0.5784171657691218,0.65,0.0,11.3,56.7,0.0,0.0,0.0,64.2,0.0,38.3766,,,31.856502150428994,False,short_side_not_traded_evidence_only,,,36.66,-1.8214,,
2026-09-25,2026-09-25T13:47:16.243675,BMNR,RAPID_DECREASE_CANDIDATE,27.385,-0.671,-0.677,0.006,2.839,0.0365,7,1.0,2.299339118045032,5,0.478630837501807,0.5,0.0,33.1,86.8,24.5,0.0,0.0,100.0,100.0,27.6671,,,52.21143745229601,False,short_side_not_traded_evidence_only,,,27.525,0.5112,,
2026-09-25,2026-09-25T13:47:16.266880,DOCN,RAPID_DECREASE_CANDIDATE,143.3,-0.538,-0.544,0.006,0.96,6.9435,7,0.6,2.346717859290326,5,0.4775679175510934,0.7,0.0,36.4,52.3,36.0,0.0,0.0,48.7,0.0,144.1086,,,37.86017399366569,False,short_side_not_traded_evidence_only,,,141.97,-0.9281,,
2026-09-25,2026-09-25T13:47:16.280553,AXTI,RAPID_DECREASE_CANDIDATE,76.8852,-1.262,-1.268,0.006,0.691,0.8324,7,0.8,3.6752702400746267,5,0.5864973886769775,0.4833333333333333,0.0,18.3,51.3,60.8,21.6,40.0,39.7,0.0,76.5544,,,37.293811482326966,False,short_side_not_traded_evidence_only,,,75.82,-1.3854,,
2026-09-25,2026-09-25T13:47:16.295561,MSTR,RAPID_DECREASE_CANDIDATE,158.85,-0.389,-0.395,0.006,2.109,2.7825,7,1.0,2.9232144492489134,5,0.5988820707616584,0.65,0.0,40.1,84.0,38.3,0.0,0.0,87.0,0.0,159.5964,31.6,WGMI,48.84569890320855,False,short_side_not_traded_evidence_only,,,159.185,0.2109,,
2026-09-25,2026-09-25T13:47:16.308375,CRDO,RAPID_DECREASE_CANDIDATE,203.64,-0.87,-0.876,0.006,0.714,0.1768,7,1.0,2.6824416066388697,5,0.48727907974162477,0.6,0.0,28.1,47.6,17.6,0.0,0.0,40.5,71.8,206.3107,,,35.37128787538972,False,short_side_not_traded_evidence_only,,,198.99,-2.2834,,
2026-09-25,2026-09-25T13:47:26.881882,BITX,RAPID_DECREASE_CANDIDATE,19.64,-0.607,-0.613,0.006,1.7,0.0509,7,0.8,2.267278914475886,5,0.6249816849816897,0.6666666666666667,0.0,34.7,68.9,23.3,0.0,0.0,73.3,99.8,19.8519,,,45.99983451032504,False,short_side_not_traded_evidence_only,,,19.795,0.7892,,
2026-09-25,2026-09-25T13:47:26.895399,VKTX,RAPID_DECREASE_CANDIDATE,37.2901,-1.674,-1.68,0.006,1.42,2.199,7,0.6,2.6493607294435724,5,0.5784171657691218,0.65,0.0,8.0,63.0,0.0,0.0,0.0,64.0,0.0,38.3746,,,32.335437253494774,False,short_side_not_traded_evidence_only,,,36.66,-1.6897,,
2026-09-25,2026-09-25T13:47:26.910906,BMNR,RAPID_DECREASE_CANDIDATE,27.39,-0.653,-0.659,0.006,2.601,0.073,7,1.0,2.299339118045032,5,0.478630837501807,0.5,0.0,33.5,100.0,25.3,0.0,0.0,100.0,94.9,27.6628,,,54.37583668097592,False,short_side_not_traded_evidence_only,,,27.525,0.4929,,
2026-09-25,2026-09-25T13:47:26.923698,DOCN,RAPID_DECREASE_CANDIDATE,143.0,-0.746,-0.752,0.006,0.949,6.958,7,0.6,2.346717859290326,5,0.4775679175510934,0.7,0.0,31.2,50.1,30.8,0.0,0.0,48.3,0.0,144.1077,,,35.9382583493125,False,short_side_not_traded_evidence_only,,,141.97,-0.7203,,
2026-09-25,2026-09-25T13:47:26.943823,AXTI,RAPID_DECREASE_CANDIDATE,77.265,-0.775,-0.781,0.006,0.704,9.3574,7,0.8,3.6752702400746267,5,0.5864973886769775,0.4833333333333333,0.0,30.5,46.8,73.2,46.3,40.0,40.1,0.0,76.556,,,37.08625689945953,False,short_side_not_traded_evidence_only,,,75.82,-1.8702,,
2026-09-25,2026-09-25T13:47:26.963386,MSTR,RAPID_DECREASE_CANDIDATE,158.92,-0.345,-0.351,0.006,1.982,8.4823,7,1.0,2.9232144492489134,5,0.5988820707616584,0.65,0.0,41.2,93.0,39.5,0.0,0.0,82.7,0.0,159.5934,32.7,WGMI,50.147950987205625,False,short_side_not_traded_evidence_only,,,159.185,0.1668,,
2026-09-25,2026-09-25T13:47:26.976260,CRDO,RAPID_DECREASE_CANDIDATE,204.16,-0.617,-0.623,0.006,0.73,0.3527,7,1.0,2.6824416066388697,5,0.48727907974162477,0.6,0.0,34.4,44.7,24.0,0.0,0.0,41.0,32.7,206.3056,,,35.183605590548325,False,short_side_not_traded_evidence_only,,,198.99,-2.5323,,
2026-09-25,2026-09-25T13:47:37.279974,BITX,RAPID_DECREASE_CANDIDATE,19.67,-0.455,-0.461,0.006,1.629,0.0508,7,0.8,2.267278914475886,5,0.6249816849816897,0.6666666666666667,0.0,38.5,77.8,27.3,0.0,0.0,71.0,99.8,19.8506,,,48.3202001388073,False,short_side_not_traded_evidence_only,,,19.795,0.6355,,
2026-09-25,2026-09-25T13:47:37.295913,VKTX,RAPID_DECREASE_CANDIDATE,37.32,-1.595,-1.601,0.006,1.414,2.1972,7,0.6,2.6493607294435724,5,0.5784171657691218,0.65,0.0,10.0,69.8,0.0,0.0,0.0,63.8,0.0,38.3727,,,33.76342867207023,False,short_side_not_traded_evidence_only,,,36.66,-1.7685,,
2026-09-25,2026-09-25T13:47:37.308845,GME,RAPID_DECREASE_CANDIDATE,24.4,-0.327,-0.333,0.006,0.731,0.2049,7,0.4,1.0867770706496627,5,0.6840244266050799,0.6,0.0,41.7,26.3,30.3,0.0,0.0,41.0,65.6,24.5942,38.9,XLY,35.47727956105762,False,short_side_not_traded_evidence_only,,,23.69,-2.9098,,
2026-09-25,2026-09-25T13:47:37.320588,BMNR,RAPID_DECREASE_CANDIDATE,27.43,-0.508,-0.514,0.006,2.399,0.0365,7,1.0,2.299339118045032,5,0.478630837501807,0.5,0.0,37.1,100.0,29.3,0.0,0.0,96.6,100.0,27.6587,,,55.270070735128456,False,short_side_not_traded_evidence_only,,,27.525,0.3463,,
2026-09-25,2026-09-25T13:47:37.333520,DOCN,RAPID_DECREASE_CANDIDATE,143.1951,-0.611,-0.617,0.006,0.938,6.9486,7,0.6,2.346717859290326,5,0.4775679175510934,0.7,0.0,34.6,48.1,34.2,0.0,0.0,47.9,0.0,144.1068,,,36.53642225082481,False,short_side_not_traded_evidence_only,,,141.97,-0.8555,,
2026-09-25,2026-09-25T13:47:37.346397,AXTI,RAPID_DECREASE_CANDIDATE,77.2,-0.858,-0.864,0.006,0.718,1.114,7,0.8,3.6752702400746267,5,0.5864973886769775,0.4833333333333333,0.0,28.4,42.4,71.0,42.0,40.0,40.6,0.0,76.5575,,,36.33489982604328,False,short_side_not_traded_evidence_only,,,75.82,-1.7876,,
2026-09-25,2026-09-25T13:47:37.358957,CRDO,RAPID_DECREASE_CANDIDATE,203.93,-0.729,-0.735,0.006,0.748,1.1573,7,1.0,2.6824416066388697,5,0.48727907974162477,0.6,0.0,31.6,41.9,21.3,0.0,0.0,41.6,0.0,206.3006,,,32.60663551527694,False,short_side_not_traded_evidence_only,,,198.99,-2.4224,,
2026-09-25,2026-09-25T13:47:47.610334,BITX,RAPID_DECREASE_CANDIDATE,19.6733,-0.439,-0.445,0.006,1.564,0.0508,7,0.8,2.267278914475886,5,0.6249816849816897,0.6666666666666667,0.0,38.9,86.9,27.8,0.0,0.0,68.8,99.8,19.8494,,,49.69138104409334,False,short_side_not_traded_evidence_only,,,19.795,0.6186,,
2026-09-25,2026-09-25T13:47:47.628604,VKTX,RAPID_DECREASE_CANDIDATE,37.2501,-1.78,-1.786,0.006,1.408,2.2013,7,0.6,2.6493607294435724,5,0.5784171657691218,0.65,0.0,5.4,77.0,0.0,0.0,0.0,63.6,0.0,38.3708,,,34.16850003823507,False,short_side_not_traded_evidence_only,,,36.66,-1.5842,,
2026-09-25,2026-09-25T13:47:47.642110,GME,RAPID_DECREASE_CANDIDATE,24.375,-0.429,-0.435,0.006,0.794,0.3282,7,0.4,1.0867770706496627,5,0.6840244266050799,0.6,0.0,39.1,32.8,27.9,0.0,0.0,43.1,38.2,24.5926,36.3,XLY,34.94708600599435,False,short_side_not_traded_evidence_only,,,23.69,-2.8103,,
2026-09-25,2026-09-25T13:47:47.656290,BMNR,RAPID_DECREASE_CANDIDATE,27.43,-0.508,-0.514,0.006,2.227,0.0729,7,1.0,2.299339118045032,5,0.478630837501807,0.5,0.0,37.1,100.0,29.7,0.0,0.0,90.9,94.9,27.6548,,,54.38543887159925,False,short_side_not_traded_evidence_only,,,27.525,0.3463,,
2026-09-25,2026-09-25T13:47:47.668960,DOCN,RAPID_DECREASE_CANDIDATE,143.25,-0.573,-0.579,0.006,0.927,6.9459,7,0.6,2.346717859290326,5,0.4775679175510934,0.7,0.0,35.5,46.1,35.2,0.0,0.0,47.6,0.0,144.106,,,36.44246188476289,False,short_side_not_traded_evidence_only,,,141.97,-0.8935,,
2026-09-25,2026-09-25T13:47:47.682347,AXTI,RAPID_DECREASE_CANDIDATE,77.19,-0.871,-0.877,0.006,0.733,10.2345,7,0.8,3.6752702400746267,5,0.5864973886769775,0.4833333333333333,0.0,28.1,38.0,70.6,41.2,40.0,41.1,0.0,76.5591,,,35.66594617977638,False,short_side_not_traded_evidence_only,,,75.82,-1.7748,,
2026-09-25,2026-09-25T13:47:47.696103,CRDO,RAPID_DECREASE_CANDIDATE,204.155,-0.619,-0.625,0.006,0.766,6.98,7,1.0,2.6824416066388697,5,0.48727907974162477,0.6,0.0,34.4,38.9,24.1,0.0,0.0,42.2,0.0,206.2955,,,33.002125972566695,False,short_side_not_traded_evidence_only,,,198.99,-2.5299,,
2026-09-25,2026-09-25T13:47:58.040388,BITX,RAPID_DECREASE_CANDIDATE,19.685,-0.38,-0.386,0.006,1.504,0.0508,7,0.8,2.267278914475886,5,0.6249816849816897,0.6666666666666667,0.0,40.4,96.0,29.4,0.0,0.0,66.8,99.8,19.8482,,,51.40873088244603,False,short_side_not_traded_evidence_only,,,19.795,0.5588,,
2026-09-25,2026-09-25T13:47:58.054828,VKTX,RAPID_DECREASE_CANDIDATE,37.2314,-1.829,-1.835,0.006,1.402,2.2024,7,0.6,2.6493607294435724,5,0.5784171657691218,0.65,0.0,4.1,84.7,0.0,0.0,0.0,63.4,0.0,38.3689,,,35.225529667487926,False,short_side_not_traded_evidence_only,,,36.66,-1.5347,,
2026-09-25,2026-09-25T13:47:58.073747,GME,RAPID_DECREASE_CANDIDATE,24.38,-0.408,-0.414,0.006,0.87,0.1231,7,0.4,1.0867770706496627,5,0.6840244266050799,0.6,0.0,39.6,41.2,28.5,0.0,0.0,45.7,83.8,24.591,36.9,XLY,38.741550001840174,False,short_side_not_traded_evidence_only,,,23.69,-2.8302,,
2026-09-25,2026-09-25T13:47:58.086441,BMNR,RAPID_DECREASE_CANDIDATE,27.455,-0.417,-0.423,0.006,2.077,0.0728,7,1.0,2.299339118045032,5,0.478630837501807,0.5,0.0,39.4,100.0,32.3,0.0,0.0,85.9,94.9,27.651,,,54.4652736809942,False,short_side_not_traded_evidence_only,,,27.525,0.255,,
2026-09-25,2026-09-25T13:47:58.099319,DOCN,RAPID_DECREASE_CANDIDATE,143.375,-0.486,-0.492,0.006,0.916,0.9067,7,0.6,2.346717859290326,5,0.4775679175510934,0.7,0.0,37.7,44.2,37.3,0.0,0.0,47.2,0.0,144.1051,,,36.719649304423505,False,short_side_not_traded_evidence_only,,,141.97,-0.9799,,
2026-09-25,2026-09-25T13:47:58.112647,AXTI,RAPID_DECREASE_CANDIDATE,77.33,-0.691,-0.697,0.006,0.748,10.216,7,0.8,3.6752702400746267,5,0.5864973886769775,0.4833333333333333,0.0,32.6,33.8,75.1,50.2,40.0,41.6,0.0,76.5606,,,35.19972764127949,False,short_side_not_traded_evidence_only,,,75.82,-1.9527,,
2026-09-25,2026-09-25T13:47:58.124896,CRDO,RAPID_DECREASE_CANDIDATE,204.0,-0.695,-0.701,0.006,0.786,7.5637,7,1.0,2.6824416066388697,5,0.48727907974162477,0.6,0.0,32.5,36.0,22.2,0.0,0.0,42.9,0.0,206.2905,,,32.04956971032105,False,short_side_not_traded_evidence_only,,,198.99,-2.4559,,
2026-09-25,2026-09-25T13:48:08.345230,BITX,RAPID_DECREASE_CANDIDATE,19.715,-0.523,-0.529,0.006,1.021,0.0507,6,0.8,2.267278914475886,5,0.6249816849816897,0.6666666666666667,0.0,36.8,85.0,33.4,0.0,0.0,50.7,99.8,19.8471,,,47.47110218298969,False,short_side_not_traded_evidence_only,,,19.6965,-0.0938,,
2026-09-25,2026-09-25T13:48:08.358240,VKTX,RAPID_DECREASE_CANDIDATE,37.28,-1.701,-1.707,0.006,1.355,2.1996,6,0.6,2.6493607294435724,5,0.5784171657691218,0.65,0.0,7.3,83.6,0.0,0.0,0.0,61.8,0.0,38.3664,,,35.38782350249637,False,short_side_not_traded_evidence_only,,,36.7,-1.5558,,
2026-09-25,2026-09-25T13:48:08.372312,GME,RAPID_DECREASE_CANDIDATE,24.38,-0.483,-0.489,0.006,0.648,0.2051,6,0.4,1.0867770706496627,5,0.6840244266050799,0.6,0.0,37.8,44.6,28.7,0.0,0.0,38.3,65.5,24.5898,35.0,XLY,37.3317216517848,False,short_side_not_traded_evidence_only,,,23.63,-3.0763,,
2026-09-25,2026-09-25T13:48:08.385341,BMNR,RAPID_DECREASE_CANDIDATE,27.48,-0.459,-0.465,0.006,0.835,0.0728,6,1.0,2.299339118045032,5,0.478630837501807,0.5,0.0,38.4,100.0,34.7,0.0,0.0,44.5,94.9,27.649,,,49.42063245473839,False,short_side_not_traded_evidence_only,,,27.43,-0.182,,
2026-09-25,2026-09-25T13:48:08.397062,DOCN,RAPID_DECREASE_CANDIDATE,143.26,-0.829,-0.835,0.006,1.459,0.9074,6,0.6,2.346717859290326,5,0.4775679175510934,0.7,0.0,29.1,48.3,35.4,0.0,0.0,65.3,0.0,144.101,,,37.99356602940723,False,short_side_not_traded_evidence_only,,,142.15,-0.7748,,
2026-09-25,2026-09-25T13:48:08.409493,CRDO,RAPID_DECREASE_CANDIDATE,203.93,-0.865,-0.871,0.006,0.776,0.3334,6,1.0,2.6824416066388697,5,0.48727907974162477,0.6,0.0,28.2,37.0,21.4,0.0,0.0,42.5,37.0,206.2858,,,32.90851640367868,False,short_side_not_traded_evidence_only,,,200.03,-1.9124,,
2026-09-25,2026-09-25T13:48:18.688171,BITX,RAPID_DECREASE_CANDIDATE,19.72,-0.498,-0.504,0.006,1.006,0.1014,8,0.8,2.267278914475886,5,0.6249816849816897,0.6666666666666667,0.0,37.4,75.5,34.1,0.0,0.0,50.2,88.6,19.846,,,45.5423383864752,False,short_side_not_traded_evidence_only,,,19.6965,-0.1192,,
2026-09-25,2026-09-25T13:48:18.701416,AKAM,RAPID_DECREASE_CANDIDATE,121.175,-0.552,-0.558,0.006,0.985,2.5088,8,0.2,0.8641975186964078,5,0.5548420809126783,0.5666666666666667,0.0,36.0,49.5,20.8,0.0,0.0,49.5,0.0,122.607,,,35.53835249312972,False,short_side_not_traded_evidence_only,,,118.94,-1.8444,,
2026-09-25,2026-09-25T13:48:18.714400,VKTX,RAPID_DECREASE_CANDIDATE,37.205,-1.898,-1.904,0.006,1.352,1.7471,8,0.6,2.6493607294435724,5,0.5784171657691218,0.65,0.0,2.4,82.6,0.0,0.0,0.0,61.7,0.0,38.3639,,,34.38177463039685,False,short_side_not_traded_evidence_only,,,36.7,-1.3573,,
2026-09-25,2026-09-25T13:48:18.729398,GME,RAPID_DECREASE_CANDIDATE,24.3677,-0.534,-0.54,0.006,0.739,0.041,8,0.4,1.0867770706496627,5,0.6840244266050799,0.6,0.0,36.5,49.2,27.5,0.0,0.0,41.3,100.0,24.5886,33.7,XLY,39.56294779883519,False,short_side_not_traded_evidence_only,,,23.63,-3.0274,,
2026-09-25,2026-09-25T13:48:18.764792,BMNR,RAPID_DECREASE_CANDIDATE,27.4786,-0.464,-0.47,0.006,0.831,0.0364,8,1.0,2.299339118045032,5,0.478630837501807,0.5,0.0,38.2,100.0,34.8,0.0,0.0,44.4,100.0,27.647,,,49.60085496001317,False,short_side_not_traded_evidence_only,,,27.43,-0.1769,,
2026-09-25,2026-09-25T13:48:18.776641,DOCN,RAPID_DECREASE_CANDIDATE,143.53,-0.642,-0.648,0.006,1.402,0.9057,8,0.6,2.346717859290326,5,0.4775679175510934,0.7,0.0,33.8,52.3,40.2,0.0,0.0,63.4,0.0,144.0969,,,39.78973564070877,False,short_side_not_traded_evidence_only,,,142.15,-0.9615,,
2026-09-25,2026-09-25T13:48:18.789201,NBIS,RAPID_DECREASE_CANDIDATE,239.75,-0.349,-0.355,0.006,0.618,16.0792,8,0.6,2.5407316145047276,5,0.5057830427475815,0.7,0.0,41.1,34.5,25.5,0.0,0.0,37.3,0.0,242.119,,,32.9523632166585,False,short_side_not_traded_evidence_only,,,239.47,-0.1168,,
2026-09-25,2026-09-25T13:48:18.804456,CRDO,RAPID_DECREASE_CANDIDATE,203.801,-0.928,-0.934,0.006,0.798,6.2365,8,1.0,2.6824416066388697,5,0.48727907974162477,0.6,0.0,26.6,38.0,19.9,0.0,0.0,43.3,0.0,206.2812,,,31.183775302577377,False,short_side_not_traded_evidence_only,,,200.03,-1.8503,,
2026-09-25,2026-09-25T13:48:28.990874,BITX,RAPID_DECREASE_CANDIDATE,19.7286,-0.454,-0.46,0.006,0.999,0.0507,8,0.8,2.267278914475886,5,0.6249816849816897,0.6666666666666667,0.0,38.5,67.8,35.3,0.0,0.0,50.0,99.8,19.8449,,,45.04119135288086,False,short_side_not_traded_evidence_only,,,19.6965,-0.1627,,
2026-09-25,2026-09-25T13:48:29.004259,MRVL,RAPID_DECREASE_CANDIDATE,261.09,-0.516,-0.522,0.006,0.537,4.2054,8,0.4,1.3138958548734894,5,0.5739946528879686,0.7,0.0,37.0,28.5,33.2,0.0,0.0,34.6,0.0,262.8555,37.2,SMH,31.873838957433716,False,short_side_not_traded_evidence_only,,,261.195,0.0402,,
2026-09-25,2026-09-25T13:48:29.018144,VKTX,RAPID_DECREASE_CANDIDATE,37.125,-2.109,-2.115,0.006,1.302,2.2088,8,0.6,2.6493607294435724,5,0.5784171657691218,0.65,0.0,0.0,76.8,0.0,0.0,0.0,60.1,0.0,38.3615,,,32.81046358858858,False,short_side_not_traded_evidence_only,,,36.7,-1.1448,,
2026-09-25,2026-09-25T13:48:29.031535,GME,RAPID_DECREASE_CANDIDATE,24.315,-0.749,-0.755,0.006,0.86,0.0411,8,0.4,1.0867770706496627,5,0.6840244266050799,0.6,0.0,31.1,55.8,22.3,0.0,0.0,45.3,100.0,24.5874,28.3,XLY,39.60854536742047,False,short_side_not_traded_evidence_only,,,23.63,-2.8172,,
2026-09-25,2026-09-25T13:48:29.045237,BMNR,RAPID_DECREASE_CANDIDATE,27.4886,-0.427,-0.433,0.006,0.826,0.0364,8,1.0,2.299339118045032,5,0.478630837501807,0.5,0.0,39.2,88.3,35.9,0.0,0.0,44.2,100.0,27.645,,,47.91602132834721,False,short_side_not_traded_evidence_only,,,27.43,-0.2132,,
2026-09-25,2026-09-25T13:48:29.058313,DOCN,RAPID_DECREASE_CANDIDATE,143.38,-0.746,-0.752,0.006,1.351,0.9067,8,0.6,2.346717859290326,5,0.4775679175510934,0.7,0.0,31.2,56.1,37.6,0.0,0.0,61.7,0.0,144.0928,,,39.467509373186545,False,short_side_not_traded_evidence_only,,,142.15,-0.8579,,
2026-09-25,2026-09-25T13:48:29.070701,NBIS,RAPID_DECREASE_CANDIDATE,239.7999,-0.328,-0.334,0.006,0.643,16.0759,8,0.6,2.5407316145047276,5,0.5057830427475815,0.7,0.0,41.6,34.1,26.1,0.0,0.0,38.1,0.0,242.1103,,,33.16034581521436,False,short_side_not_traded_evidence_only,,,239.47,-0.1376,,
2026-09-25,2026-09-25T13:48:29.084159,CRDO,RAPID_DECREASE_CANDIDATE,202.77,-1.429,-1.435,0.006,0.821,1.1294,8,1.0,2.6824416066388697,5,0.48727907974162477,0.6,0.0,14.1,39.2,7.5,0.0,0.0,44.0,0.0,206.2765,,,27.82730656343856,False,short_side_not_traded_evidence_only,,,200.03,-1.3513,,
2026-09-25,2026-09-25T13:48:39.253236,BITX,RAPID_DECREASE_CANDIDATE,19.6914,-0.642,-0.648,0.006,0.993,0.0508,10,0.8,2.267278914475886,5,0.6249816849816897,0.6666666666666667,0.0,33.8,60.8,30.8,0.0,0.0,49.8,99.8,19.8439,,,42.498814930658156,False,short_side_not_traded_evidence_only,,,19.6965,0.0259,,
2026-09-25,2026-09-25T13:48:39.271724,AKAM,RAPID_DECREASE_CANDIDATE,121.18,-0.548,-0.554,0.006,1.047,0.4209,10,0.2,0.8641975186964078,5,0.5548420809126783,0.5666666666666667,0.0,36.1,53.7,21.0,0.0,0.0,51.6,17.6,122.6013,,,37.27560809751159,False,short_side_not_traded_evidence_only,,,118.94,-1.8485,,
2026-09-25,2026-09-25T13:48:39.284673,MRVL,RAPID_DECREASE_CANDIDATE,260.955,-0.568,-0.574,0.006,0.558,4.2076,10,0.4,1.3138958548734894,5,0.5739946528879686,0.7,0.0,35.6,27.7,32.0,0.0,0.0,35.3,0.0,262.8528,35.9,SMH,31.45607043399968,False,short_side_not_traded_evidence_only,,,261.195,0.092,,
2026-09-25,2026-09-25T13:48:39.297443,VKTX,RAPID_DECREASE_CANDIDATE,37.18,-1.964,-1.97,0.006,1.256,2.2055,10,0.6,2.6493607294435724,5,0.5784171657691218,0.65,0.0,0.8,71.7,0.0,0.0,0.0,58.5,0.0,38.359,,,31.898289296825798,False,short_side_not_traded_evidence_only,,,36.7,-1.291,,
2026-09-25,2026-09-25T13:48:39.310393,GME,RAPID_DECREASE_CANDIDATE,24.275,-0.912,-0.918,0.006,0.872,0.1236,10,0.4,1.0867770706496627,5,0.6840244266050799,0.6,0.0,27.1,51.4,18.4,0.0,0.0,45.7,83.6,24.5862,24.2,XLY,37.06574856603881,False,short_side_not_traded_evidence_only,,,23.63,-2.6571,,
2026-09-25,2026-09-25T13:48:39.324693,BMNR,RAPID_DECREASE_CANDIDATE,27.4682,-0.501,-0.507,0.006,0.81,0.0728,10,1.0,2.299339118045032,5,0.478630837501807,0.5,0.0,37.3,66.4,34.2,0.0,0.0,43.7,94.9,27.6431,,,43.47240280197941,False,short_side_not_traded_evidence_only,,,27.43,-0.1391,,
2026-09-25,2026-09-25T13:48:39.343148,DOCN,RAPID_DECREASE_CANDIDATE,143.38,-0.746,-0.752,0.006,1.336,0.9067,10,0.6,2.346717859290326,5,0.4775679175510934,0.7,0.0,31.2,62.2,37.7,0.0,0.0,61.2,0.0,144.0888,,,40.42495702324755,False,short_side_not_traded_evidence_only,,,142.15,-0.8579,,
2026-09-25,2026-09-25T13:48:39.363904,NBIS,RAPID_DECREASE_CANDIDATE,239.03,-0.648,-0.654,0.006,0.671,16.1277,10,0.6,2.5407316145047276,5,0.5057830427475815,0.7,0.0,33.6,33.7,18.3,0.0,0.0,39.0,0.0,242.1017,,,30.897018579088993,False,short_side_not_traded_evidence_only,,,239.47,0.1841,,
2026-09-25,2026-09-25T13:48:39.376633,MSTR,RAPID_DECREASE_CANDIDATE,159.4,-0.306,-0.312,0.006,1.353,8.4567,10,1.0,2.9232144492489134,5,0.5988820707616584,0.65,0.0,42.2,81.4,47.4,0.0,0.0,61.8,0.0,159.5646,33.7,WGMI,46.74880046848768,False,short_side_not_traded_evidence_only,,,158.6477,-0.472,,
2026-09-25,2026-09-25T13:48:39.393559,CRDO,RAPID_DECREASE_CANDIDATE,202.49,-1.565,-1.571,0.006,0.825,4.5336,10,1.0,2.6824416066388697,5,0.48727907974162477,0.6,0.0,10.7,39.1,4.2,0.0,0.0,44.2,0.0,206.2719,,,26.84156676150887,False,short_side_not_traded_evidence_only,,,200.03,-1.2149,,
2026-09-25,2026-09-25T13:48:49.858385,BITX,RAPID_DECREASE_CANDIDATE,19.68,-0.699,-0.705,0.006,0.986,0.0508,12,0.8,2.267278914475886,5,0.6249816849816897,0.6666666666666667,0.0,32.4,54.4,29.5,0.0,0.0,49.5,99.8,19.8428,,,41.003790954923666,False,short_side_not_traded_evidence_only,,,19.6965,0.0838,,
2026-09-25,2026-09-25T13:48:49.872481,MRVL,RAPID_DECREASE_CANDIDATE,260.74,-0.65,-0.656,0.006,0.581,4.2111,12,0.4,1.3138958548734894,5,0.5739946528879686,0.7,0.0,33.6,26.8,29.9,0.0,0.0,36.0,0.0,262.8501,33.8,SMH,30.817270670969037,False,short_side_not_traded_evidence_only,,,261.195,0.1745,,
2026-09-25,2026-09-25T13:48:49.893514,VKTX,RAPID_DECREASE_CANDIDATE,37.2755,-1.713,-1.719,0.006,1.212,0.5365,12,0.6,2.6493607294435724,5,0.5784171657691218,0.65,0.0,7.0,67.2,0.0,0.0,0.0,57.1,0.0,38.3566,,,32.01249280196318,False,short_side_not_traded_evidence_only,,,36.7,-1.5439,,
2026-09-25,2026-09-25T13:48:49.907418,GME,RAPID_DECREASE_CANDIDATE,24.16,-1.381,-1.387,0.006,0.883,0.0828,12,0.4,1.0867770706496627,5,0.6840244266050799,0.6,0.0,15.3,47.1,6.8,0.0,0.0,46.1,92.7,24.5851,12.5,XLY,33.36817209722263,False,short_side_not_traded_evidence_only,,,23.63,-2.1937,,
2026-09-25,2026-09-25T13:48:49.922654,BMNR,RAPID_DECREASE_CANDIDATE,27.4397,-0.605,-0.611,0.006,0.795,0.0729,12,1.0,2.299339118045032,5,0.478630837501807,0.5,0.0,34.7,49.3,31.8,0.0,0.0,43.2,94.9,27.6412,,,39.83144050936692,False,short_side_not_traded_evidence_only,,,27.43,-0.0354,,
2026-09-25,2026-09-25T13:48:49.935234,DOCN,RAPID_DECREASE_CANDIDATE,142.86,-1.106,-1.112,0.006,1.321,0.812,12,0.6,2.346717859290326,5,0.4775679175510934,0.7,0.0,22.2,68.5,28.7,0.0,0.0,60.7,0.0,144.0848,,,38.80349906413363,False,short_side_not_traded_evidence_only,,,142.15,-0.497,,
2026-09-25,2026-09-25T13:48:49.951803,NBIS,RAPID_DECREASE_CANDIDATE,238.735,-0.77,-0.776,0.006,0.7,2.6599,12,0.6,2.5407316145047276,5,0.5057830427475815,0.7,0.0,30.6,33.3,15.3,0.0,0.0,40.0,0.0,242.0932,,,30.07041757480885,False,short_side_not_traded_evidence_only,,,239.47,0.3079,,
2026-09-25,2026-09-25T13:48:49.979454,AXTI,RAPID_DECREASE_CANDIDATE,76.7274,-0.432,-0.438,0.006,0.572,0.4822,12,0.8,3.6752702400746267,5,0.5864973886769775,0.4833333333333333,0.0,39.0,27.3,55.1,10.2,40.0,35.7,4.0,76.5706,,,37.13581900492933,False,short_side_not_traded_evidence_only,,,75.875,-1.1109,,
2026-09-25,2026-09-25T13:48:49.992869,MSTR,RAPID_DECREASE_CANDIDATE,159.23,-0.413,-0.419,0.006,1.298,8.4657,12,1.0,2.9232144492489134,5,0.5988820707616584,0.65,0.0,39.5,75.1,44.8,0.0,0.0,59.9,0.0,159.5598,31.0,WGMI,44.707688142610905,False,short_side_not_traded_evidence_only,,,158.6477,-0.3657,,
2026-09-25,2026-09-25T13:48:50.005005,ALAB,RAPID_DECREASE_CANDIDATE,362.435,-1.436,-1.442,0.006,0.611,6.8398,12,0.6,3.317699589298841,5,0.590647971752025,0.8,0.0,14.0,66.7,18.7,0.0,0.0,37.0,0.0,367.0302,,,32.91268638354962,False,short_side_not_traded_evidence_only,,,362.18,-0.0704,,
2026-09-25,2026-09-25T13:48:50.018125,CRDO,RAPID_DECREASE_CANDIDATE,202.1495,-1.731,-1.737,0.006,0.829,0.8063,12,1.0,2.6824416066388697,5,0.48727907974162477,0.6,0.0,6.6,39.0,0.1,0.0,0.0,44.3,0.0,206.2673,,,25.638980966474833,False,short_side_not_traded_evidence_only,,,200.03,-1.0485,,
2026-09-25,2026-09-25T13:48:50.037462,CRWV,RAPID_DECREASE_CANDIDATE,88.61,-0.309,-0.315,0.006,1.062,2.0314,12,0.6,1.903073894372488,5,0.6386655992849026,0.75,0.0,42.1,47.8,36.9,0.0,0.0,52.1,0.0,89.0753,,,38.618466175101766,False,short_side_not_traded_evidence_only,,,88.15,-0.5191,,
2026-09-25,2026-09-25T13:49:00.549296,BITX,RAPID_DECREASE_CANDIDATE,19.71,-0.455,-0.413,-0.042,0.711,0.0507,7,0.8,2.267278914475886,5,0.6249816849816897,0.6666666666666667,0.0,39.7,46.3,33.3,0.0,0.0,40.4,99.8,19.8423,,,40.19532134905895,False,short_side_not_traded_evidence_only,,,19.5736,-0.692,,
2026-09-25,2026-09-25T13:49:00.569344,VKTX,RAPID_DECREASE_CANDIDATE,37.38,-1.437,-1.395,-0.042,2.013,1.8727,7,0.6,2.6493607294435724,5,0.5784171657691218,0.65,0.0,15.1,71.7,0.0,0.0,0.0,83.8,0.0,38.3521,,,37.435621549506976,False,short_side_not_traded_evidence_only,,,36.795,-1.565,,
2026-09-25,2026-09-25T13:49:00.591307,GME,RAPID_DECREASE_CANDIDATE,24.17,-1.347,-1.305,-0.042,3.196,0.1655,7,0.4,1.0867770706496627,5,0.6840244266050799,0.6,0.0,17.4,64.7,8.6,0.0,0.0,100.0,74.3,24.5766,17.0,XLY,42.85315387848002,False,short_side_not_traded_evidence_only,,,23.65,-2.1514,,
2026-09-25,2026-09-25T13:49:00.606449,BMNR,RAPID_DECREASE_CANDIDATE,27.505,-0.344,-0.302,-0.042,0.492,0.0364,7,1.0,2.299339118045032,5,0.478630837501807,0.5,0.0,42.5,33.4,37.8,0.0,0.0,33.1,100.0,27.6403,,,38.16358768920646,False,short_side_not_traded_evidence_only,,,27.32,-0.6726,,
2026-09-25,2026-09-25T13:49:00.620333,AXTI,RAPID_DECREASE_CANDIDATE,76.8,-0.363,-0.321,-0.042,0.959,10.1302,7,0.8,3.6752702400746267,5,0.5864973886769775,0.4833333333333333,0.0,42.0,27.1,57.4,14.8,40.0,48.6,0.0,76.5727,,,38.75098324944222,False,short_side_not_traded_evidence_only,,,75.865,-1.2174,,
2026-09-25,2026-09-25T13:49:00.637217,CRDO,RAPID_DECREASE_CANDIDATE,202.2473,-1.176,-1.134,-0.042,1.377,4.539,7,1.0,2.6824416066388697,5,0.48727907974162477,0.6,0.0,21.7,43.4,1.4,0.0,0.0,62.6,0.0,206.2558,,,31.33948389054513,False,short_side_not_traded_evidence_only,,,198.8701,-1.6698,,
2026-09-25,2026-09-25T13:49:00.651432,CRWV,RAPID_DECREASE_CANDIDATE,88.69,-0.499,-0.457,-0.042,1.163,0.1466,7,0.6,1.903073894372488,5,0.6386655992849026,0.75,0.0,38.6,55.7,39.3,0.0,0.0,55.4,78.5,89.072,,,43.316260596380474,False,short_side_not_traded_evidence_only,,,87.975,-0.8062,,
2026-09-25,2026-09-25T13:49:11.043256,BITX,RAPID_DECREASE_CANDIDATE,19.725,-0.379,-0.337,-0.042,0.717,0.0507,7,0.8,2.267278914475886,5,0.6249816849816897,0.6666666666666667,0.0,41.6,43.6,35.3,0.0,0.0,40.6,99.8,19.8417,,,40.33137151319925,False,short_side_not_traded_evidence_only,,,19.5736,-0.7676,,
2026-09-25,2026-09-25T13:49:11.062057,VKTX,RAPID_DECREASE_CANDIDATE,37.425,-1.318,-1.276,-0.042,1.87,1.8704,7,0.6,2.6493607294435724,5,0.5784171657691218,0.65,0.0,18.1,76.2,0.0,0.0,0.0,79.0,0.0,38.3478,,,38.0857432141372,False,short_side_not_traded_evidence_only,,,36.795,-1.6834,,
2026-09-25,2026-09-25T13:49:11.074833,GME,RAPID_DECREASE_CANDIDATE,24.17,-1.347,-1.305,-0.042,2.883,6.2888,7,0.4,1.0867770706496627,5,0.6840244266050799,0.6,0.0,17.4,88.2,9.4,0.0,0.0,100.0,0.0,24.5685,17.0,XLY,43.76980205501178,False,short_side_not_traded_evidence_only,,,23.65,-2.1514,,
2026-09-25,2026-09-25T13:49:11.087642,BMNR,RAPID_DECREASE_CANDIDATE,27.515,-0.308,-0.266,-0.042,0.49,0.0363,7,1.0,2.299339118045032,5,0.478630837501807,0.5,0.0,43.4,30.4,38.7,0.0,0.0,33.0,100.0,27.6394,,,37.93029311141743,False,short_side_not_traded_evidence_only,,,27.32,-0.7087,,
2026-09-25,2026-09-25T13:49:11.103403,DOCN,RAPID_DECREASE_CANDIDATE,142.93,-0.812,-0.77,-0.042,0.883,0.8116,7,0.6,2.346717859290326,5,0.4775679175510934,0.7,0.0,30.8,65.3,30.1,0.0,0.0,46.1,0.0,144.0782,,,38.03581059842286,False,short_side_not_traded_evidence_only,,,141.7,-0.8606,,
2026-09-25,2026-09-25T13:49:11.115525,CRDO,RAPID_DECREASE_CANDIDATE,202.745,-0.933,-0.891,-0.042,1.345,3.7683,7,1.0,2.6824416066388697,5,0.48727907974162477,0.6,0.0,27.7,48.2,7.6,0.0,0.0,61.5,0.0,206.2443,,,33.796918815175964,False,short_side_not_traded_evidence_only,,,198.8701,-1.9112,,
2026-09-25,2026-09-25T13:49:11.128580,CRWV,RAPID_DECREASE_CANDIDATE,88.77,-0.409,-0.367,-0.042,1.16,1.7799,7,0.6,1.903073894372488,5,0.6386655992849026,0.75,0.0,40.8,56.8,41.6,0.0,0.0,55.3,0.0,89.0688,,,40.88570184650617,False,short_side_not_traded_evidence_only,,,87.975,-0.8956,,
2026-09-25,2026-09-25T13:49:21.425181,BITX,RAPID_DECREASE_CANDIDATE,19.73,-0.354,-0.312,-0.042,0.722,0.0507,7,0.8,2.267278914475886,5,0.6249816849816897,0.6666666666666667,0.0,42.2,40.9,36.0,0.0,0.0,40.7,99.8,19.8411,,,40.101445049945156,False,short_side_not_traded_evidence_only,,,19.5736,-0.7927,,
2026-09-25,2026-09-25T13:49:21.438103,VKTX,RAPID_DECREASE_CANDIDATE,37.3637,-1.48,-1.438,-0.042,1.746,0.5085,7,0.6,2.6493607294435724,5,0.5784171657691218,0.65,0.0,14.1,80.2,0.0,0.0,0.0,74.9,0.0,38.3434,,,37.574276777396996,False,short_side_not_traded_evidence_only,,,36.795,-1.5221,,
2026-09-25,2026-09-25T13:49:21.451054,GME,RAPID_DECREASE_CANDIDATE,24.2,-1.224,-1.182,-0.042,2.626,0.4545,7,0.4,1.0867770706496627,5,0.6840244266050799,0.6,0.0,20.5,100.0,13.3,0.0,0.0,100.0,10.1,24.5608,20.1,XLY,47.15538132680582,False,short_side_not_traded_evidence_only,,,23.65,-2.2727,,
2026-09-25,2026-09-25T13:49:21.463146,BMNR,RAPID_DECREASE_CANDIDATE,27.5076,-0.335,-0.293,-0.042,0.488,0.0727,7,1.0,2.299339118045032,5,0.478630837501807,0.5,0.0,42.7,27.6,38.2,0.0,0.0,32.9,95.0,27.6385,,,37.05051392875207,False,short_side_not_traded_evidence_only,,,27.32,-0.682,,
2026-09-25,2026-09-25T13:49:21.475830,DOCN,RAPID_DECREASE_CANDIDATE,143.5563,-0.377,-0.335,-0.042,0.894,0.808,7,0.6,2.346717859290326,5,0.4775679175510934,0.7,0.0,41.6,60.0,41.0,0.0,0.0,46.5,0.0,144.0749,,,40.37091876582948,False,short_side_not_traded_evidence_only,,,141.7,-1.2931,,
2026-09-25,2026-09-25T13:49:21.488890,CRDO,RAPID_DECREASE_CANDIDATE,203.03,-0.794,-0.752,-0.042,1.314,3.7581,7,1.0,2.6824416066388697,5,0.48727907974162477,0.6,0.0,31.2,53.1,11.2,0.0,0.0,60.5,0.0,206.233,,,35.512831383290575,False,short_side_not_traded_evidence_only,,,198.8701,-2.0489,,
2026-09-25,2026-09-25T13:49:21.500864,CRWV,RAPID_DECREASE_CANDIDATE,88.735,-0.449,-0.407,-0.042,1.157,1.8369,7,0.6,1.903073894372488,5,0.6386655992849026,0.75,0.0,39.8,57.9,40.7,0.0,0.0,55.2,0.0,89.0656,,,40.78350419720523,False,short_side_not_traded_evidence_only,,,87.975,-0.8565,,
2026-09-25,2026-09-25T13:49:31.769189,VKTX,RAPID_DECREASE_CANDIDATE,37.405,-1.371,-1.329,-0.042,1.655,1.8447,7,0.6,2.6493607294435724,5,0.5784171657691218,0.65,0.0,16.8,85.5,0.0,0.0,0.0,71.8,0.0,38.3391,,,38.53332455118605,False,short_side_not_traded_evidence_only,,,36.795,-1.6308,,
2026-09-25,2026-09-25T13:49:31.787374,GME,RAPID_DECREASE_CANDIDATE,24.195,-1.245,-1.203,-0.042,2.375,0.124,7,0.4,1.0867770706496627,5,0.6840244266050799,0.6,0.0,19.9,100.0,13.5,0.0,0.0,95.8,83.6,24.5535,19.5,XLY,49.635683859321794,False,short_side_not_traded_evidence_only,,,23.65,-2.2525,,
2026-09-25,2026-09-25T13:49:31.803144,BMNR,RAPID_DECREASE_CANDIDATE,27.505,-0.344,-0.302,-0.042,0.488,0.0727,7,1.0,2.299339118045032,5,0.478630837501807,0.5,0.0,42.5,25.0,38.0,0.0,0.0,32.9,95.0,27.6377,,,36.55923787963992,False,short_side_not_traded_evidence_only,,,27.32,-0.6726,,
2026-09-25,2026-09-25T13:49:31.817778,DOCN,RAPID_DECREASE_CANDIDATE,142.9225,-0.817,-0.775,-0.042,0.895,0.8116,7,0.6,2.346717859290326,5,0.4775679175510934,0.7,0.0,30.6,53.9,30.1,0.0,0.0,46.5,0.0,144.0717,,,36.1650904227328,False,short_side_not_traded_evidence_only,,,141.7,-0.8554,,
2026-09-25,2026-09-25T13:49:31.829987,AXTI,RAPID_DECREASE_CANDIDATE,76.665,-0.538,-0.496,-0.042,0.957,10.3046,7,0.8,3.6752702400746267,5,0.5864973886769775,0.4833333333333333,0.0,37.6,38.4,52.8,5.6,40.0,48.6,0.0,76.5787,,,40.46944842109316,False,short_side_not_traded_evidence_only,,,75.865,-1.0435,,
2026-09-25,2026-09-25T13:49:31.842795,CAI,RAPID_DECREASE_CANDIDATE,32.03,-0.667,-0.625,-0.042,0.957,0.4059,7,0.8,2.506946822593982,5,0.5619919636387601,0.7,0.0,34.4,37.3,34.1,0.0,0.0,48.6,20.9,32.2348,,,35.64677903795688,False,short_side_not_traded_evidence_only,,,31.935,-0.2966,,
2026-09-25,2026-09-25T13:49:31.856271,CRDO,RAPID_DECREASE_CANDIDATE,203.1097,-0.755,-0.713,-0.042,1.309,4.5197,7,1.0,2.6824416066388697,5,0.48727907974162477,0.6,0.0,32.2,59.7,12.3,0.0,0.0,60.3,0.0,206.2217,,,36.89094075953412,False,short_side_not_traded_evidence_only,,,198.8701,-2.0873,,
2026-09-25,2026-09-25T13:49:42.045619,BITX,RAPID_DECREASE_CANDIDATE,19.72,-0.404,-0.362,-0.042,0.718,0.0507,9,0.8,2.267278914475886,5,0.6249816849816897,0.6666666666666667,0.0,41.0,34.8,34.9,0.0,0.0,40.6,99.8,19.84,,,38.71743374391242,False,short_side_not_traded_evidence_only,,,19.5736,-0.7424,,
2026-09-25,2026-09-25T13:49:42.058236,VKTX,RAPID_DECREASE_CANDIDATE,37.41,-1.358,-1.316,-0.042,1.573,1.8444,9,0.6,2.6493607294435724,5,0.5784171657691218,0.65,0.0,17.1,90.6,0.0,0.0,0.0,69.1,0.0,38.3349,,,39.08426633515883,False,short_side_not_traded_evidence_only,,,36.795,-1.6439,,
2026-09-25,2026-09-25T13:49:42.072026,GME,RAPID_DECREASE_CANDIDATE,24.1947,-1.246,-1.204,-0.042,2.167,0.1653,9,0.4,1.0867770706496627,5,0.6840244266050799,0.6,0.0,19.9,100.0,14.2,0.0,0.0,88.9,74.4,24.5465,19.5,XLY,48.466602091753906,False,short_side_not_traded_evidence_only,,,23.65,-2.2513,,
2026-09-25,2026-09-25T13:49:42.087499,BMNR,RAPID_DECREASE_CANDIDATE,27.47,-0.471,-0.429,-0.042,0.488,0.0364,9,1.0,2.299339118045032,5,0.478630837501807,0.5,0.0,39.3,22.5,34.9,0.0,0.0,32.9,100.0,27.6368,,,35.43540453288904,False,short_side_not_traded_evidence_only,,,27.32,-0.5461,,
2026-09-25,2026-09-25T13:49:42.099451,DOCN,RAPID_DECREASE_CANDIDATE,142.807,-0.897,-0.855,-0.042,0.896,0.6932,9,0.6,2.346717859290326,5,0.4775679175510934,0.7,0.0,28.6,48.3,28.1,0.0,0.0,46.5,0.0,144.0685,,,34.64803824945274,False,short_side_not_traded_evidence_only,,,141.7,-0.7752,,
2026-09-25,2026-09-25T13:49:42.111565,AXTI,RAPID_DECREASE_CANDIDATE,76.49,-0.765,-0.723,-0.042,0.988,23.2579,9,0.8,3.6752702400746267,5,0.5864973886769775,0.4833333333333333,0.0,31.9,44.4,47.0,0.0,0.0,49.6,0.0,76.5807,,,37.30824629738252,False,short_side_not_traded_evidence_only,,,75.865,-0.8171,,
2026-09-25,2026-09-25T13:49:42.127193,MSTR,RAPID_DECREASE_CANDIDATE,159.18,-0.388,-0.346,-0.042,0.586,8.4684,9,1.0,2.9232144492489134,5,0.5988820707616584,0.65,0.0,41.4,31.1,44.1,0.0,0.0,36.2,0.0,159.5559,35.2,WGMI,34.621877094254664,False,short_side_not_traded_evidence_only,,,158.27,-0.5717,,
2026-09-25,2026-09-25T13:49:42.139307,CRDO,RAPID_DECREASE_CANDIDATE,202.51,-1.048,-1.006,-0.042,1.303,1.0567,9,1.0,2.6824416066388697,5,0.48727907974162477,0.6,0.0,24.9,66.8,5.1,0.0,0.0,60.1,0.0,206.2104,,,35.930216183095446,False,short_side_not_traded_evidence_only,,,198.8701,-1.7974,,
2026-09-25,2026-09-25T13:49:42.152715,DDOG,RAPID_DECREASE_CANDIDATE,279.02,-0.357,-0.315,-0.042,1.316,4.3008,9,0.4,1.3311469240348954,5,0.48523081416149766,0.6166666666666667,0.0,42.1,64.2,93.7,87.5,40.0,60.5,0.0,274.2231,41.9,XLK,41.90840598017749,False,short_side_not_traded_evidence_only,,,275.58,-1.2329,,
2026-09-25,2026-09-25T13:49:52.392779,BITX,RAPID_DECREASE_CANDIDATE,19.7,-0.505,-0.463,-0.042,0.716,0.0508,10,0.8,2.267278914475886,5,0.6249816849816897,0.6666666666666667,0.0,38.4,31.9,32.4,0.0,0.0,40.5,99.8,19.8395,,,37.50434671544964,False,short_side_not_traded_evidence_only,,,19.5736,-0.6416,,
2026-09-25,2026-09-25T13:49:52.406401,VKTX,RAPID_DECREASE_CANDIDATE,37.415,-1.345,-1.303,-0.042,1.499,1.3631,10,0.6,2.6493607294435724,5,0.5784171657691218,0.65,0.0,17.4,95.4,0.0,0.0,0.0,66.6,0.0,38.3306,,,39.626375785542336,False,short_side_not_traded_evidence_only,,,36.795,-1.6571,,
2026-09-25,2026-09-25T13:49:52.419314,GME,RAPID_DECREASE_CANDIDATE,24.12,-1.551,-1.509,-0.042,1.992,0.4561,10,0.4,1.0867770706496627,5,0.6840244266050799,0.6,0.0,12.3,100.0,7.2,0.0,0.0,83.1,9.8,24.5398,11.9,XLY,42.90690099496701,False,short_side_not_traded_evidence_only,,,23.65,-1.9486,,
2026-09-25,2026-09-25T13:49:52.432733,BMNR,RAPID_DECREASE_CANDIDATE,27.435,-0.598,-0.556,-0.042,0.488,0.0364,10,1.0,2.299339118045032,5,0.478630837501807,0.5,0.0,36.1,20.0,31.8,0.0,0.0,32.9,100.0,27.636,,,34.115844870719116,False,short_side_not_traded_evidence_only,,,27.32,-0.4192,,
2026-09-25,2026-09-25T13:49:52.444418,DOCN,RAPID_DECREASE_CANDIDATE,142.89,-0.84,-0.798,-0.042,0.897,6.9634,10,0.6,2.346717859290326,5,0.4775679175510934,0.7,0.0,30.1,43.0,29.6,0.0,0.0,46.6,0.0,144.0652,,,34.190957574231035,False,short_side_not_traded_evidence_only,,,141.7,-0.8328,,
2026-09-25,2026-09-25T13:49:52.499442,AXTI,RAPID_DECREASE_CANDIDATE,76.1951,-1.148,-1.106,-0.042,1.02,10.88,10,0.8,3.6752702400746267,5,0.5864973886769775,0.4833333333333333,0.0,22.4,51.4,37.3,0.0,0.0,50.7,0.0,76.5827,,,35.79729371073116,False,short_side_not_traded_evidence_only,,,75.865,-0.4332,,
2026-09-25,2026-09-25T13:49:52.513243,CAI,RAPID_DECREASE_CANDIDATE,32.02,-0.698,-0.656,-0.042,0.99,0.4685,10,0.8,2.506946822593982,5,0.5619919636387601,0.7,0.0,33.6,49.3,33.4,0.0,0.0,49.7,7.0,32.2341,,,36.99057407921227,False,short_side_not_traded_evidence_only,,,31.935,-0.2655,,
2026-09-25,2026-09-25T13:49:52.525815,MSTR,RAPID_DECREASE_CANDIDATE,158.8924,-0.568,-0.526,-0.042,0.588,8.4837,10,1.0,2.9232144492489134,5,0.5988820707616584,0.65,0.0,36.9,25.0,39.6,0.0,0.0,36.3,0.0,159.5552,30.7,WGMI,32.289675786292406,False,short_side_not_traded_evidence_only,,,158.27,-0.3917,,
2026-09-25,2026-09-25T13:49:52.537923,CRDO,RAPID_DECREASE_CANDIDATE,202.5352,-1.036,-0.994,-0.042,1.298,1.0566,10,1.0,2.6824416066388697,5,0.48727907974162477,0.6,0.0,25.1,74.4,5.6,0.0,0.0,59.9,0.0,206.1993,,,37.278380169523736,False,short_side_not_traded_evidence_only,,,198.8701,-1.8096,,
2026-09-25,2026-09-25T13:49:52.554859,DDOG,RAPID_DECREASE_CANDIDATE,278.525,-0.534,-0.492,-0.042,1.29,4.7393,10,0.4,1.3311469240348954,5,0.48523081416149766,0.6166666666666667,0.0,37.7,73.7,88.9,77.9,40.0,59.7,0.0,274.2545,37.4,XLK,43.23594274489079,False,short_side_not_traded_evidence_only,,,275.58,-1.0574,,
2026-09-25,2026-09-25T13:50:03.350867,GME,RAPID_DECREASE_CANDIDATE,24.0937,-1.256,-1.262,0.006,0.697,0.166,6,0.4,1.0867770706496627,5,0.6840244266050799,0.6,0.0,18.4,100.0,4.9,0.0,0.0,39.9,74.2,24.5367,18.9,XLY,40.92974792753913,False,short_side_not_traded_evidence_only,,,23.54,-2.2981,,
2026-09-25,2026-09-25T13:50:03.373441,DOCN,RAPID_DECREASE_CANDIDATE,142.445,-1.178,-1.184,0.006,0.726,4.7246,6,0.6,2.346717859290326,5,0.4775679175510934,0.7,0.0,20.4,41.6,21.9,0.0,0.0,40.9,0.0,144.0618,,,30.685723011099917,False,short_side_not_traded_evidence_only,,,141.47,-0.6845,,
2026-09-25,2026-09-25T13:50:03.388240,AXTI,RAPID_DECREASE_CANDIDATE,76.098,-1.082,-1.088,0.006,2.64,23.3777,6,0.8,3.6752702400746267,5,0.5864973886769775,0.4833333333333333,0.0,22.8,69.5,34.3,0.0,0.0,100.0,0.0,76.5798,,,44.67516083409081,False,short_side_not_traded_evidence_only,,,75.81,-0.3785,,
2026-09-25,2026-09-25T13:50:03.406273,CAI,RAPID_DECREASE_CANDIDATE,32.055,-0.45,-0.456,0.006,0.833,0.2808,6,0.8,2.506946822593982,5,0.5619919636387601,0.7,0.0,38.6,49.0,36.2,0.0,0.0,44.4,48.7,32.2334,,,39.206541872307916,False,short_side_not_traded_evidence_only,,,31.915,-0.4367,,
2026-09-25,2026-09-25T13:50:03.423227,CRDO,RAPID_DECREASE_CANDIDATE,201.47,-1.148,-1.154,0.006,0.863,4.5565,6,1.0,2.6824416066388697,5,0.48727907974162477,0.6,0.0,21.2,69.6,0.0,0.0,0.0,45.4,0.0,206.1901,,,33.30488532997114,False,short_side_not_traded_evidence_only,,,198.495,-1.4766,,
2026-09-25,2026-09-25T13:50:03.439141,DDOG,RAPID_DECREASE_CANDIDATE,278.09,-0.689,-0.695,0.006,1.489,0.32,6,0.4,1.3311469240348954,5,0.48523081416149766,0.6166666666666667,0.0,32.6,73.7,84.7,69.4,40.0,66.3,40.0,274.2842,32.9,XLK,45.41925266144052,False,short_side_not_traded_evidence_only,,,272.63,-1.9634,,
2026-09-25,2026-09-25T13:50:13.820585,AKAM,RAPID_DECREASE_CANDIDATE,120.4675,-0.354,-0.36,0.006,1.211,0.6143,7,0.2,0.8641975186964078,5,0.5548420809126783,0.5666666666666667,0.0,41.0,59.2,7.0,0.0,0.0,57.0,0.0,122.5734,,,37.21300360197422,False,short_side_not_traded_evidence_only,,,117.875,-2.152,,
2026-09-25,2026-09-25T13:50:13.835245,GME,RAPID_DECREASE_CANDIDATE,24.025,-1.537,-1.543,0.006,0.686,5.078,7,0.4,1.0867770706496627,5,0.6840244266050799,0.6,0.0,11.4,97.2,0.0,0.0,0.0,39.5,0.0,24.5337,11.9,XLY,35.55006552768164,False,short_side_not_traded_evidence_only,,,23.54,-2.0187,,
2026-09-25,2026-09-25T13:50:13.851280,DOCN,RAPID_DECREASE_CANDIDATE,142.6992,-1.002,-1.008,0.006,0.733,11.2194,7,0.6,2.346717859290326,5,0.4775679175510934,0.7,0.0,24.8,40.2,26.4,0.0,0.0,41.1,0.0,144.0584,,,31.77972553095657,False,short_side_not_traded_evidence_only,,,141.47,-0.8614,,
2026-09-25,2026-09-25T13:50:13.865595,AXTI,RAPID_DECREASE_CANDIDATE,76.2,-0.949,-0.955,0.006,2.508,23.3465,7,0.8,3.6752702400746267,5,0.5864973886769775,0.4833333333333333,0.0,26.1,89.6,37.7,0.0,0.0,100.0,0.0,76.577,,,48.991352616964214,False,short_side_not_traded_evidence_only,,,75.81,-0.5118,,
2026-09-25,2026-09-25T13:50:13.879537,CAI,RAPID_DECREASE_CANDIDATE,32.0952,-0.325,-0.331,0.006,0.856,0.2804,7,0.8,2.506946822593982,5,0.5619919636387601,0.7,0.0,41.7,48.7,39.3,0.0,0.0,45.2,48.8,32.2327,,,40.1736912072131,False,short_side_not_traded_evidence_only,,,31.915,-0.5615,,
2026-09-25,2026-09-25T13:50:13.897871,CRDO,RAPID_DECREASE_CANDIDATE,201.55,-1.109,-1.115,0.006,0.879,0.3374,7,1.0,2.6824416066388697,5,0.48727907974162477,0.6,0.0,22.1,64.9,0.0,0.0,0.0,46.0,36.1,206.181,,,34.253072845769246,False,short_side_not_traded_evidence_only,,,198.495,-1.5158,,
2026-09-25,2026-09-25T13:50:13.917248,DDOG,RAPID_DECREASE_CANDIDATE,277.3745,-0.945,-0.951,0.006,1.445,3.443,7,0.4,1.3311469240348954,5,0.48523081416149766,0.6166666666666667,0.0,26.2,73.7,77.9,55.8,0.0,64.8,0.0,274.3135,26.5,XLK,40.02135363617919,False,short_side_not_traded_evidence_only,,,272.63,-1.7105,,
2026-09-25,2026-09-25T13:50:24.207497,AKAM,RAPID_DECREASE_CANDIDATE,120.435,-0.38,-0.386,0.006,1.197,4.5668,7,0.2,0.8641975186964078,5,0.5548420809126783,0.5666666666666667,0.0,40.4,60.0,6.4,0.0,0.0,56.6,0.0,122.5707,,,37.09377759794018,False,short_side_not_traded_evidence_only,,,117.875,-2.1256,,
2026-09-25,2026-09-25T13:50:24.236229,GME,RAPID_DECREASE_CANDIDATE,23.945,-1.865,-1.871,0.006,0.675,0.1253,7,0.4,1.0867770706496627,5,0.6840244266050799,0.6,0.0,3.2,73.4,0.0,0.0,0.0,39.2,83.3,24.5307,3.7,XLY,33.64130540217694,False,short_side_not_traded_evidence_only,,,23.54,-1.6914,,
2026-09-25,2026-09-25T13:50:24.256842,DOCN,RAPID_DECREASE_CANDIDATE,142.07,-1.438,-1.444,0.006,0.741,4.4767,7,0.6,2.346717859290326,5,0.4775679175510934,0.7,0.0,13.9,38.9,15.6,0.0,0.0,41.4,0.0,144.055,,,28.41075254716223,False,short_side_not_traded_evidence_only,,,141.47,-0.4223,,
2026-09-25,2026-09-25T13:50:24.269701,AXTI,RAPID_DECREASE_CANDIDATE,76.55,-0.494,-0.5,0.006,2.388,13.2985,7,0.8,3.6752702400746267,5,0.5864973886769775,0.4833333333333333,0.0,37.5,100.0,49.2,0.0,40.0,96.3,0.0,76.5743,,,56.934220185774144,False,short_side_not_traded_evidence_only,,,75.81,-0.9667,,
2026-09-25,2026-09-25T13:50:24.285694,CAI,RAPID_DECREASE_CANDIDATE,32.0351,-0.512,-0.518,0.006,0.881,0.3122,7,0.8,2.506946822593982,5,0.5619919636387601,0.7,0.0,37.0,48.4,34.7,0.0,0.0,46.0,41.7,32.2321,,,38.57592196537552,False,short_side_not_traded_evidence_only,,,31.915,-0.3749,,
2026-09-25,2026-09-25T13:50:24.298892,CRDO,RAPID_DECREASE_CANDIDATE,201.505,-1.131,-1.137,0.006,0.896,0.531,7,1.0,2.6824416066388697,5,0.48727907974162477,0.6,0.0,21.6,60.2,0.0,0.0,0.0,46.5,0.0,206.1719,,,31.950746290825958,False,short_side_not_traded_evidence_only,,,198.495,-1.4938,,
2026-09-25,2026-09-25T13:50:24.314118,DDOG,RAPID_DECREASE_CANDIDATE,276.6,-1.221,-1.227,0.006,1.403,4.3384,7,0.4,1.3311469240348954,5,0.48523081416149766,0.6166666666666667,0.0,19.3,73.7,70.6,41.1,0.0,63.4,0.0,274.3424,19.5,XLK,39.6148648362033,False,short_side_not_traded_evidence_only,,,272.63,-1.4353,,
2026-09-25,2026-09-25T13:50:34.678055,AKAM,RAPID_DECREASE_CANDIDATE,120.15,-0.616,-0.622,0.006,1.18,0.5493,7,0.2,0.8641975186964078,5,0.5548420809126783,0.5666666666666667,0.0,34.5,60.4,0.7,0.0,0.0,56.0,0.0,122.568,,,35.39684930363313,False,short_side_not_traded_evidence_only,,,117.875,-1.8935,,
2026-09-25,2026-09-25T13:50:34.698200,GME,RAPID_DECREASE_CANDIDATE,23.901,-2.045,-2.051,0.006,0.676,0.2092,7,0.4,1.0867770706496627,5,0.6840244266050799,0.6,0.0,0.0,56.3,0.0,0.0,0.0,39.2,64.6,24.5278,0.0,XLY,29.4775825712594,False,short_side_not_traded_evidence_only,,,23.54,-1.5104,,
2026-09-25,2026-09-25T13:50:34.718608,DOCN,RAPID_DECREASE_CANDIDATE,142.35,-1.244,-1.25,0.006,0.745,4.4679,7,0.6,2.346717859290326,5,0.4775679175510934,0.7,0.0,18.8,37.3,20.5,0.0,0.0,41.5,0.0,144.0517,,,29.582146624455273,False,short_side_not_traded_evidence_only,,,141.47,-0.6182,,
2026-09-25,2026-09-25T13:50:34.735629,CAI,RAPID_DECREASE_CANDIDATE,31.98,-0.683,-0.689,0.006,0.901,0.3127,7,0.8,2.506946822593982,5,0.5619919636387601,0.7,0.0,32.8,47.7,30.5,0.0,0.0,46.7,41.6,32.2314,,,37.3000270811966,False,short_side_not_traded_evidence_only,,,31.915,-0.2033,,
2026-09-25,2026-09-25T13:50:34.749876,CRDO,RAPID_DECREASE_CANDIDATE,201.4099,-1.178,-1.184,0.006,0.894,4.5579,7,1.0,2.6824416066388697,5,0.48727907974162477,0.6,0.0,20.4,53.8,0.0,0.0,0.0,46.5,0.0,206.1629,,,30.680282392231664,False,short_side_not_traded_evidence_only,,,198.495,-1.4472,,
2026-09-25,2026-09-25T13:50:34.762298,CDNS,RAPID_DECREASE_CANDIDATE,329.205,-0.309,-0.315,0.006,0.47,0.2703,7,0.4,1.2372912487710315,5,0.5884521146941892,0.5833333333333333,0.0,42.1,31.3,53.4,6.7,0.0,32.3,51.0,328.7633,,,36.7369835454411,False,short_side_not_traded_evidence_only,,,327.75,-0.442,,
2026-09-25,2026-09-25T13:50:34.778000,DDOG,RAPID_DECREASE_CANDIDATE,276.64,-1.207,-1.213,0.006,1.364,3.3039,7,0.4,1.3311469240348954,5,0.48523081416149766,0.6166666666666667,0.0,19.7,73.7,70.7,41.3,0.0,62.1,0.0,274.371,19.9,XLK,39.50073660415659,False,short_side_not_traded_evidence_only,,,272.63,-1.4495,,
2026-09-25,2026-09-25T13:50:45.017646,AKAM,RAPID_DECREASE_CANDIDATE,120.27,-0.517,-0.523,0.006,1.164,4.573,8,0.2,0.8641975186964078,5,0.5548420809126783,0.5666666666666667,0.0,36.9,60.9,3.2,0.0,0.0,55.5,0.0,122.5654,,,36.130727148466356,False,short_side_not_traded_evidence_only,,,117.875,-1.9914,,
2026-09-25,2026-09-25T13:50:45.031380,VKTX,RAPID_DECREASE_CANDIDATE,37.255,-0.401,-0.407,0.006,0.893,1.8521,8,0.6,2.6493607294435724,5,0.5784171657691218,0.65,0.0,39.8,48.4,0.0,0.0,0.0,46.4,0.0,38.3189,,,33.0155258645967,False,short_side_not_traded_evidence_only,,,36.88,-1.0066,,
2026-09-25,2026-09-25T13:50:45.070927,GME,RAPID_DECREASE_CANDIDATE,23.87,-2.173,-2.179,0.006,0.677,0.1676,8,0.4,1.0867770706496627,5,0.6840244266050799,0.6,0.0,0.0,42.0,0.0,0.0,0.0,39.2,73.9,24.5249,0.0,XLY,27.47826696039716,False,short_side_not_traded_evidence_only,,,23.54,-1.3825,,
2026-09-25,2026-09-25T13:50:45.083780,DOCN,RAPID_DECREASE_CANDIDATE,142.5,-1.14,-1.146,0.006,0.749,11.2351,8,0.6,2.346717859290326,5,0.4775679175510934,0.7,0.0,21.4,35.7,23.1,0.0,0.0,41.6,0.0,144.0483,,,30.098989948316635,False,short_side_not_traded_evidence_only,,,141.47,-0.7228,,
2026-09-25,2026-09-25T13:50:45.097138,CAI,RAPID_DECREASE_CANDIDATE,32.02,-0.559,-0.565,0.006,0.923,0.3123,8,0.8,2.506946822593982,5,0.5619919636387601,0.7,0.0,35.9,47.0,33.7,0.0,0.0,47.4,41.7,32.2307,,,38.187393263845756,False,short_side_not_traded_evidence_only,,,31.915,-0.3279,,
2026-09-25,2026-09-25T13:50:45.111803,CRDO,RAPID_DECREASE_CANDIDATE,201.59,-1.089,-1.095,0.006,0.891,4.2264,8,1.0,2.6824416066388697,5,0.48727907974162477,0.6,0.0,22.6,47.9,0.0,0.0,0.0,46.4,0.0,206.1539,,,30.05218543534309,False,short_side_not_traded_evidence_only,,,198.495,-1.5353,,
2026-09-25,2026-09-25T13:50:45.124233,CDNS,RAPID_DECREASE_CANDIDATE,329.2,-0.311,-0.317,0.006,0.498,0.2704,8,0.4,1.2372912487710315,5,0.5884521146941892,0.5833333333333333,0.0,42.1,26.8,53.3,6.6,0.0,33.3,51.0,328.7693,,,36.10341445925441,False,short_side_not_traded_evidence_only,,,327.75,-0.4405,,
2026-09-25,2026-09-25T13:50:45.136276,DDOG,RAPID_DECREASE_CANDIDATE,276.635,-1.209,-1.215,0.006,1.326,4.3378,8,0.4,1.3311469240348954,5,0.48523081416149766,0.6166666666666667,0.0,19.6,73.8,70.4,40.7,0.0,60.9,0.0,274.3992,19.8,XLK,39.37479016002647,False,short_side_not_traded_evidence_only,,,272.63,-1.4478,,
2026-09-25,2026-09-25T13:50:55.327712,AKAM,RAPID_DECREASE_CANDIDATE,120.38,-0.426,-0.432,0.006,1.148,4.5689,9,0.2,0.8641975186964078,5,0.5548420809126783,0.5666666666666667,0.0,39.2,61.3,5.5,0.0,0.0,54.9,0.0,122.5628,,,36.804071150514865,False,short_side_not_traded_evidence_only,,,117.67,-2.2512,,
2026-09-25,2026-09-25T13:50:55.341545,VKTX,RAPID_DECREASE_CANDIDATE,37.2399,-0.441,-0.447,0.006,0.889,5.5854,9,0.6,2.6493607294435724,5,0.5784171657691218,0.65,0.0,38.8,42.4,0.0,0.0,0.0,46.3,0.0,38.3166,,,31.832779143024126,False,short_side_not_traded_evidence_only,,,37.2,-0.1071,,
2026-09-25,2026-09-25T13:50:55.360033,GME,RAPID_DECREASE_CANDIDATE,23.86,-2.214,-2.22,0.006,0.678,0.1676,9,0.4,1.0867770706496627,5,0.6840244266050799,0.6,0.0,0.0,29.8,0.0,0.0,0.0,39.3,73.9,24.5221,0.0,XLY,25.453594450309996,False,short_side_not_traded_evidence_only,,,23.43,-1.8022,,
2026-09-25,2026-09-25T13:50:55.374895,DOCN,RAPID_DECREASE_CANDIDATE,142.35,-1.244,-1.25,0.006,0.754,11.2469,9,0.6,2.346717859290326,5,0.4775679175510934,0.7,0.0,18.8,34.1,20.6,0.0,0.0,41.8,0.0,144.045,,,29.104920335135237,False,short_side_not_traded_evidence_only,,,141.025,-0.9308,,
2026-09-25,2026-09-25T13:50:55.386934,AXTI,RAPID_DECREASE_CANDIDATE,76.51,-0.546,-0.552,0.006,1.938,10.5084,9,0.8,3.6752702400746267,5,0.5864973886769775,0.4833333333333333,0.0,36.2,100.0,48.2,0.0,40.0,81.3,0.0,76.5666,,,54.71060137935561,False,short_side_not_traded_evidence_only,,,75.7799,-0.9543,,
2026-09-25,2026-09-25T13:50:55.418855,MRNA,RAPID_DECREASE_CANDIDATE,193.2,-0.382,-0.388,0.006,0.93,4.0373,9,0.8,3.4552602456525143,5,0.27391039318339055,0.65,0.0,40.3,45.1,22.7,0.0,0.0,47.7,0.0,195.332,40.4,XLV,35.53486702248728,False,short_side_not_traded_evidence_only,,,193.28,0.0414,,
2026-09-25,2026-09-25T13:50:55.431408,CAI,RAPID_DECREASE_CANDIDATE,31.98,-0.683,-0.689,0.006,0.946,1.4384,9,0.8,2.506946822593982,5,0.5619919636387601,0.7,0.0,32.8,46.3,30.6,0.0,0.0,48.2,0.0,32.23,,,35.52337813494851,False,short_side_not_traded_evidence_only,,,31.91,-0.2189,,
2026-09-25,2026-09-25T13:50:55.442641,CRDO,RAPID_DECREASE_CANDIDATE,201.57,-1.099,-1.105,0.006,0.889,0.506,9,1.0,2.6824416066388697,5,0.48727907974162477,0.6,0.0,22.4,42.4,0.0,0.0,0.0,46.3,0.0,206.1449,,,29.08697281272695,False,short_side_not_traded_evidence_only,,,199.39,-1.0815,,
2026-09-25,2026-09-25T13:50:55.454861,DDOG,RAPID_DECREASE_CANDIDATE,276.69,-1.189,-1.195,0.006,1.291,3.5383,9,0.4,1.3311469240348954,5,0.48523081416149766,0.6166666666666667,0.0,20.1,73.8,70.6,41.2,0.0,59.7,0.0,274.427,20.3,XLK,39.28412937161537,False,short_side_not_traded_evidence_only,,,273.065,-1.3101,,
2026-09-25,2026-09-25T13:51:05.954660,AKAM,RAPID_DECREASE_CANDIDATE,120.3232,-1.129,-1.133,0.004,1.465,0.3574,10,0.2,0.8641975186964078,5,0.5548420809126783,0.5666666666666667,0.0,21.7,63.2,4.5,0.0,0.0,65.5,31.7,122.5549,,,36.720563714979335,False,short_side_not_traded_evidence_only,,,117.67,-2.2051,,
2026-09-25,2026-09-25T13:51:06.003002,VKTX,RAPID_DECREASE_CANDIDATE,37.095,-0.496,-0.5,0.004,0.779,5.5264,10,0.6,2.6493607294435724,5,0.5784171657691218,0.65,0.0,37.5,41.3,0.0,0.0,0.0,42.6,0.0,38.3143,,,30.96470555711603,False,short_side_not_traded_evidence_only,,,37.2,0.2831,,
2026-09-25,2026-09-25T13:51:06.040963,GME,RAPID_DECREASE_CANDIDATE,23.87,-2.092,-2.096,0.004,2.638,0.2514,10,0.4,1.0867770706496627,5,0.6840244266050799,0.6,0.0,0.0,46.4,0.0,0.0,0.0,100.0,55.2,24.5038,0.0,XLY,35.03398774685852,False,short_side_not_traded_evidence_only,,,23.43,-1.8433,,
2026-09-25,2026-09-25T13:51:06.053461,DOCN,RAPID_DECREASE_CANDIDATE,142.35,-0.635,-0.639,0.004,0.823,11.2469,10,0.6,2.346717859290326,5,0.4775679175510934,0.7,0.0,34.0,34.9,20.7,0.0,0.0,44.1,0.0,144.0407,,,32.07491661412155,False,short_side_not_traded_evidence_only,,,141.025,-0.9308,,
2026-09-25,2026-09-25T13:51:06.078270,AXTI,RAPID_DECREASE_CANDIDATE,76.7,-0.765,-0.769,0.004,1.446,0.3781,10,0.8,3.6752702400746267,5,0.5864973886769775,0.4833333333333333,0.0,30.8,100.0,54.4,8.8,40.0,64.9,27.1,76.5659,,,52.568693703771935,False,short_side_not_traded_evidence_only,,,75.7799,-1.1996,,
2026-09-25,2026-09-25T13:51:06.090260,MRNA,RAPID_DECREASE_CANDIDATE,193.17,-0.397,-0.401,0.004,0.963,0.3158,10,0.8,3.4552602456525143,5,0.27391039318339055,0.65,0.0,40.0,45.3,22.5,0.0,0.0,48.8,40.9,195.3216,40.3,XLV,37.319920338720515,False,short_side_not_traded_evidence_only,,,193.28,0.0569,,
2026-09-25,2026-09-25T13:51:06.104171,CAI,RAPID_DECREASE_CANDIDATE,31.96,-0.684,-0.688,0.004,2.176,1.408,10,0.8,2.506946822593982,5,0.5619919636387601,0.7,0.0,32.8,59.1,29.2,0.0,0.0,89.2,0.0,32.2277,,,42.61468216165311,False,short_side_not_traded_evidence_only,,,31.91,-0.1564,,
2026-09-25,2026-09-25T13:51:06.121587,CRDO,RAPID_DECREASE_CANDIDATE,200.4137,-1.724,-1.728,0.004,1.456,0.2295,10,1.0,2.6824416066388697,5,0.48727907974162477,0.6,0.0,6.8,47.1,0.0,0.0,0.0,65.2,60.1,206.1278,,,32.14479228951664,False,short_side_not_traded_evidence_only,,,199.39,-0.5108,,
2026-09-25,2026-09-25T13:51:06.134354,CRWV,RAPID_DECREASE_CANDIDATE,88.8203,-0.314,-0.318,0.004,0.889,2.0491,10,0.6,1.903073894372488,5,0.6386655992849026,0.75,0.0,42.0,34.0,43.7,0.0,0.0,46.3,0.0,89.0465,,,36.41179052922837,False,short_side_not_traded_evidence_only,,,87.175,-1.8524,,
2026-09-25,2026-09-25T13:51:06.151678,DDOG,RAPID_DECREASE_CANDIDATE,278.2543,-0.631,-0.635,0.004,0.855,0.4564,10,0.4,1.3311469240348954,5,0.48523081416149766,0.6166666666666667,0.0,34.1,66.8,84.8,69.5,40.0,45.2,9.7,274.4396,35.8,XLK,40.60232529400824,False,short_side_not_traded_evidence_only,,,273.065,-1.8649,,
2026-09-25,2026-09-25T13:51:16.492856,AKAM,RAPID_DECREASE_CANDIDATE,120.185,-1.243,-1.247,0.004,1.422,4.5763,9,0.2,0.8641975186964078,5,0.5548420809126783,0.5666666666666667,0.0,18.8,65.1,1.8,0.0,0.0,64.1,0.0,122.547,,,34.72164668011635,False,short_side_not_traded_evidence_only,,,117.67,-2.0926,,
2026-09-25,2026-09-25T13:51:16.513571,VKTX,RAPID_DECREASE_CANDIDATE,37.09,-0.51,-0.514,0.004,0.78,5.5271,9,0.6,2.6493607294435724,5,0.5784171657691218,0.65,0.0,37.1,40.2,0.0,0.0,0.0,42.7,0.0,38.312,,,30.72385670390471,False,short_side_not_traded_evidence_only,,,37.2,0.2966,,
2026-09-25,2026-09-25T13:51:16.525985,GME,RAPID_DECREASE_CANDIDATE,23.935,-1.825,-1.829,0.004,2.398,0.1253,9,0.4,1.0867770706496627,5,0.6840244266050799,0.6,0.0,4.3,63.0,0.0,0.0,0.0,96.6,83.3,24.4866,3.0,XLY,39.264387359345136,False,short_side_not_traded_evidence_only,,,23.43,-2.1099,,
2026-09-25,2026-09-25T13:51:16.538390,DOCN,RAPID_DECREASE_CANDIDATE,142.35,-0.635,-0.639,0.004,0.825,11.2469,9,0.6,2.346717859290326,5,0.4775679175510934,0.7,0.0,34.0,35.6,20.7,0.0,0.0,44.2,0.0,144.0365,,,32.22181363815707,False,short_side_not_traded_evidence_only,,,141.025,-0.9308,,
2026-09-25,2026-09-25T13:51:16.549772,AXTI,RAPID_DECREASE_CANDIDATE,76.6775,-0.794,-0.798,0.004,1.391,13.3025,9,0.8,3.6752702400746267,5,0.5864973886769775,0.4833333333333333,0.0,30.0,100.0,53.7,7.3,40.0,63.0,0.0,76.5651,,,51.17878356543297,False,short_side_not_traded_evidence_only,,,75.7799,-1.1706,,
2026-09-25,2026-09-25T13:51:16.561772,MRNA,RAPID_DECREASE_CANDIDATE,193.0,-0.485,-0.489,0.004,0.959,1.6943,9,0.8,3.4552602456525143,5,0.27391039318339055,0.65,0.0,37.8,45.5,20.4,0.0,0.0,48.6,0.0,195.3113,38.1,XLV,35.00285695909482,False,short_side_not_traded_evidence_only,,,193.28,0.1451,,
2026-09-25,2026-09-25T13:51:16.575175,CAI,RAPID_DECREASE_CANDIDATE,32.0106,-0.526,-0.53,0.004,2.094,0.6248,9,0.8,2.506946822593982,5,0.5619919636387601,0.7,0.0,36.8,72.8,33.3,0.0,0.0,86.5,0.0,32.2255,,,45.73760974910571,False,short_side_not_traded_evidence_only,,,31.91,-0.3143,,
2026-09-25,2026-09-25T13:51:16.592051,CRDO,RAPID_DECREASE_CANDIDATE,200.965,-1.454,-1.458,0.004,1.41,5.0407,9,1.0,2.6824416066388697,5,0.48727907974162477,0.6,0.0,13.6,51.8,0.0,0.0,0.0,63.7,0.0,206.1107,,,31.35400031525397,False,short_side_not_traded_evidence_only,,,199.39,-0.7837,,
2026-09-25,2026-09-25T13:51:16.604606,DDOG,RAPID_DECREASE_CANDIDATE,278.15,-0.668,-0.672,0.004,0.851,0.586,9,0.4,1.3311469240348954,5,0.48523081416149766,0.6166666666666667,0.0,33.2,60.3,83.7,67.4,40.0,45.0,0.0,274.452,34.8,XLK,39.08558384878598,False,short_side_not_traded_evidence_only,,,273.065,-1.8282,,
2026-09-25,2026-09-25T13:51:26.887216,VKTX,RAPID_DECREASE_CANDIDATE,37.085,-0.523,-0.527,0.004,0.781,5.5278,8,0.6,2.6493607294435724,5,0.5784171657691218,0.65,0.0,36.8,39.1,0.0,0.0,0.0,42.7,0.0,38.3097,,,30.489360179531253,False,short_side_not_traded_evidence_only,,,37.2,0.3101,,
2026-09-25,2026-09-25T13:51:26.906313,GME,RAPID_DECREASE_CANDIDATE,23.9508,-1.76,-1.764,0.004,2.198,4.9685,8,0.4,1.0867770706496627,5,0.6840244266050799,0.6,0.0,5.9,79.8,0.0,0.0,0.0,89.9,0.0,24.4704,4.6,XLY,38.01846610831621,False,short_side_not_traded_evidence_only,,,23.43,-2.1745,,
2026-09-25,2026-09-25T13:51:26.923864,DOCN,RAPID_DECREASE_CANDIDATE,142.43,-0.579,-0.583,0.004,0.827,7.2457,8,0.6,2.346717859290326,5,0.4775679175510934,0.7,0.0,35.4,36.4,22.2,0.0,0.0,44.2,0.0,144.0323,,,32.77756237234193,False,short_side_not_traded_evidence_only,,,141.025,-0.9864,,
2026-09-25,2026-09-25T13:51:26.943956,AXTI,RAPID_DECREASE_CANDIDATE,76.57,-0.933,-0.937,0.004,1.34,23.2336,8,0.8,3.6752702400746267,5,0.5864973886769775,0.4833333333333333,0.0,26.6,99.2,50.2,0.4,40.0,61.3,0.0,76.5644,,,50.69066982787764,False,short_side_not_traded_evidence_only,,,75.7799,-1.0319,,
2026-09-25,2026-09-25T13:51:26.956540,MRNA,RAPID_DECREASE_CANDIDATE,193.2951,-0.333,-0.337,0.004,0.955,2.4522,8,0.8,3.4552602456525143,5,0.27391039318339055,0.65,0.0,41.6,45.6,24.3,0.0,0.0,48.5,0.0,195.3011,41.9,XLV,36.13519585827316,False,short_side_not_traded_evidence_only,,,193.28,-0.0078,,
2026-09-25,2026-09-25T13:51:26.972712,CAI,RAPID_DECREASE_CANDIDATE,31.9845,-0.608,-0.612,0.004,2.017,0.6253,8,0.8,2.506946822593982,5,0.5619919636387601,0.7,0.0,34.7,87.7,31.5,0.0,0.0,83.9,0.0,32.2233,,,47.31582777912571,False,short_side_not_traded_evidence_only,,,31.91,-0.2329,,
2026-09-25,2026-09-25T13:51:27.019507,CRDO,RAPID_DECREASE_CANDIDATE,201.32,-1.28,-1.284,0.004,1.367,9.4129,8,1.0,2.6824416066388697,5,0.48727907974162477,0.6,0.0,17.9,56.5,0.0,0.0,0.0,62.2,0.0,206.0938,,,32.674387937672684,False,short_side_not_traded_evidence_only,,,199.39,-0.9587,,
2026-09-25,2026-09-25T13:51:27.031773,DDOG,RAPID_DECREASE_CANDIDATE,278.485,-0.548,-0.552,0.004,0.846,0.9552,8,0.4,1.3311469240348954,5,0.48523081416149766,0.6166666666666667,0.0,36.2,54.3,86.6,73.2,40.0,44.9,0.0,274.4643,37.8,XLK,38.2048237224808,False,short_side_not_traded_evidence_only,,,273.065,-1.9462,,
2026-09-25,2026-09-25T13:51:37.219446,AKAM,RAPID_DECREASE_CANDIDATE,120.025,-1.374,-1.378,0.004,1.341,4.6824,7,0.2,0.8641975186964078,5,0.5548420809126783,0.5666666666666667,0.0,15.5,68.5,0.0,0.0,0.0,61.4,0.0,122.5314,,,34.18540875701717,False,short_side_not_traded_evidence_only,,,117.67,-1.9621,,
2026-09-25,2026-09-25T13:51:37.231847,VKTX,RAPID_DECREASE_CANDIDATE,37.115,-0.443,-0.447,0.004,0.78,5.5234,7,0.6,2.6493607294435724,5,0.5784171657691218,0.65,0.0,38.8,37.9,0.0,0.0,0.0,42.7,0.0,38.3075,,,30.625454731424494,False,short_side_not_traded_evidence_only,,,37.2,0.229,,
2026-09-25,2026-09-25T13:51:37.272481,GME,RAPID_DECREASE_CANDIDATE,24.0,-1.559,-1.563,0.004,2.013,5.1667,7,0.4,1.0867770706496627,5,0.6840244266050799,0.6,0.0,10.9,95.1,3.5,0.0,0.0,83.8,0.0,24.4552,9.7,XLY,41.075935510902,False,short_side_not_traded_evidence_only,,,23.43,-2.375,,
2026-09-25,2026-09-25T13:51:37.286841,AXTI,RAPID_DECREASE_CANDIDATE,76.5627,-0.942,-0.946,0.004,1.278,12.9567,7,0.8,3.6752702400746267,5,0.5864973886769775,0.4833333333333333,0.0,26.4,84.5,50.0,0.0,40.0,59.3,0.0,76.5637,,,47.9591207941059,False,short_side_not_traded_evidence_only,,,75.7799,-1.0224,,
2026-09-25,2026-09-25T13:51:37.301788,CAI,RAPID_DECREASE_CANDIDATE,31.9845,-0.608,-0.612,0.004,1.879,0.2189,7,0.8,2.506946822593982,5,0.5619919636387601,0.7,0.0,34.7,97.1,31.6,0.0,0.0,79.3,62.5,32.2211,,,50.940798453425636,False,short_side_not_traded_evidence_only,,,31.91,-0.2329,,
2026-09-25,2026-09-25T13:51:37.355232,CRDO,RAPID_DECREASE_CANDIDATE,200.96,-1.456,-1.46,0.004,1.325,4.7024,7,1.0,2.6824416066388697,5,0.48727907974162477,0.6,0.0,13.5,61.0,0.0,0.0,0.0,60.8,0.0,206.077,,,32.51262077294685,False,short_side_not_traded_evidence_only,,,199.39,-0.7813,,
2026-09-25,2026-09-25T13:51:37.373811,DDOG,RAPID_DECREASE_CANDIDATE,278.79,-0.439,-0.443,0.004,0.842,0.6959,7,0.4,1.3311469240348954,5,0.48523081416149766,0.6166666666666667,0.0,38.9,48.8,89.3,78.6,40.0,44.7,0.0,274.4765,40.5,XLK,37.38989286287,False,short_side_not_traded_evidence_only,,,273.065,-2.0535,,
2026-09-25,2026-09-25T13:51:47.652268,AKAM,RAPID_DECREASE_CANDIDATE,119.9999,-1.395,-1.399,0.004,1.304,5.75,8,0.2,0.8641975186964078,5,0.5548420809126783,0.5666666666666667,0.0,15.0,70.1,0.0,0.0,0.0,60.1,0.0,122.5238,,,34.21058736977922,False,short_side_not_traded_evidence_only,,,117.67,-1.9416,,
2026-09-25,2026-09-25T13:51:47.666057,VKTX,RAPID_DECREASE_CANDIDATE,37.1601,-0.322,-0.326,0.004,0.78,5.5167,8,0.6,2.6493607294435724,5,0.5784171657691218,0.65,0.0,41.9,36.8,0.0,0.0,0.0,42.7,0.0,38.3052,,,30.939425142701946,False,short_side_not_traded_evidence_only,,,37.2,0.1074,,
2026-09-25,2026-09-25T13:51:47.681227,GME,RAPID_DECREASE_CANDIDATE,23.99,-1.6,-1.604,0.004,1.856,0.3335,8,0.4,1.0867770706496627,5,0.6840244266050799,0.6,0.0,9.9,100.0,3.9,0.0,0.0,78.5,37.0,24.4408,8.6,XLY,42.66100538111045,False,short_side_not_traded_evidence_only,,,23.43,-2.3343,,
2026-09-25,2026-09-25T13:51:47.694592,AXTI,RAPID_DECREASE_CANDIDATE,76.325,-1.25,-1.254,0.004,1.221,23.3082,8,0.8,3.6752702400746267,5,0.5864973886769775,0.4833333333333333,0.0,18.6,72.7,42.2,0.0,0.0,57.4,0.0,76.563,,,40.17460056629213,False,short_side_not_traded_evidence_only,,,75.7799,-0.7142,,
2026-09-25,2026-09-25T13:51:47.707000,CAI,RAPID_DECREASE_CANDIDATE,31.965,-0.668,-0.672,0.004,1.758,0.6883,8,0.8,2.506946822593982,5,0.5619919636387601,0.7,0.0,33.2,100.0,30.3,0.0,0.0,75.3,0.0,32.219,,,47.89455682413261,False,short_side_not_traded_evidence_only,,,31.91,-0.1721,,
2026-09-25,2026-09-25T13:51:47.733456,CRDO,RAPID_DECREASE_CANDIDATE,200.82,-1.525,-1.529,0.004,1.285,4.9846,8,1.0,2.6824416066388697,5,0.48727907974162477,0.6,0.0,11.8,65.4,0.0,0.0,0.0,59.5,0.0,206.0604,,,32.796173457018064,False,short_side_not_traded_evidence_only,,,199.39,-0.7121,,
2026-09-25,2026-09-25T13:51:47.747035,INTC,RAPID_DECREASE_CANDIDATE,125.42,-0.308,-0.312,0.004,0.785,0.0239,8,0.6,1.7936084404116825,5,0.8361609877160842,0.8,0.0,42.2,32.5,55.2,10.3,40.0,42.8,100.0,125.1617,42.9,SMH,43.41368150663478,False,short_side_not_traded_evidence_only,,,125.1,-0.2551,,
2026-09-25,2026-09-25T13:51:47.759599,DDOG,RAPID_DECREASE_CANDIDATE,279.005,-0.362,-0.366,0.004,0.838,0.4158,8,0.4,1.3311469240348954,5,0.48523081416149766,0.6166666666666667,0.0,40.9,43.7,91.1,82.3,40.0,44.6,18.7,274.4886,42.5,XLK,37.389204012086054,False,short_side_not_traded_evidence_only,,,273.065,-2.129,,
2026-09-25,2026-09-25T13:51:58.016812,AKAM,RAPID_DECREASE_CANDIDATE,119.99,-1.403,-1.407,0.004,1.269,5.7505,10,0.2,0.8641975186964078,5,0.5548420809126783,0.5666666666666667,0.0,14.8,71.7,0.0,0.0,0.0,59.0,0.0,122.5162,,,34.28813745528713,False,short_side_not_traded_evidence_only,,,117.885,-1.7543,,
2026-09-25,2026-09-25T13:51:58.033757,GME,RAPID_DECREASE_CANDIDATE,23.965,-1.702,-1.706,0.004,1.722,0.2504,10,0.4,1.0867770706496627,5,0.6840244266050799,0.6,0.0,7.4,100.0,2.7,0.0,0.0,74.1,55.5,24.4272,6.1,XLY,42.29825792128593,False,short_side_not_traded_evidence_only,,,23.46,-2.1072,,
2026-09-25,2026-09-25T13:51:58.045539,BMNR,RAPID_DECREASE_CANDIDATE,27.395,-0.309,-0.313,0.004,0.921,0.0365,10,1.0,2.299339118045032,5,0.478630837501807,0.5,0.0,42.2,44.5,29.0,0.0,0.0,47.4,100.0,27.6275,,,40.65976120700559,False,short_side_not_traded_evidence_only,,,27.305,-0.3285,,
2026-09-25,2026-09-25T13:51:58.070189,DOCN,RAPID_DECREASE_CANDIDATE,142.43,-0.579,-0.583,0.004,0.882,11.2406,10,0.6,2.346717859290326,5,0.4775679175510934,0.7,0.0,35.4,41.2,22.3,0.0,0.0,46.1,0.0,144.024,,,33.82222266933125,False,short_side_not_traded_evidence_only,,,140.415,-1.4147,,
2026-09-25,2026-09-25T13:51:58.082600,AXTI,RAPID_DECREASE_CANDIDATE,76.436,-1.106,-1.11,0.004,1.17,23.2744,10,0.8,3.6752702400746267,5,0.5864973886769775,0.4833333333333333,0.0,22.2,63.1,45.9,0.0,0.0,55.7,0.0,76.5623,,,39.412340157203154,False,short_side_not_traded_evidence_only,,,75.98,-0.5966,,
2026-09-25,2026-09-25T13:51:58.095200,CAI,RAPID_DECREASE_CANDIDATE,32.025,-0.482,-0.486,0.004,1.652,0.4996,10,0.8,2.506946822593982,5,0.5619919636387601,0.7,0.0,37.9,100.0,35.1,0.0,0.0,71.7,0.1,32.2169,,,48.83355094805599,False,short_side_not_traded_evidence_only,,,31.8004,-0.7013,,
2026-09-25,2026-09-25T13:51:58.113936,CRDO,RAPID_DECREASE_CANDIDATE,199.83,-2.01,-2.014,0.004,1.247,5.1994,10,1.0,2.6824416066388697,5,0.48727907974162477,0.6,0.0,0.0,69.8,0.0,0.0,0.0,58.2,0.0,206.0438,,,31.40436898266339,False,short_side_not_traded_evidence_only,,,199.57,-0.1301,,
2026-09-25,2026-09-25T13:51:58.131536,CRWV,RAPID_DECREASE_CANDIDATE,88.8,-0.337,-0.341,0.004,0.898,2.0495,10,0.6,1.903073894372488,5,0.6386655992849026,0.75,0.0,41.5,43.0,43.3,0.0,0.0,46.6,0.0,89.0392,,,37.82153748385994,False,short_side_not_traded_evidence_only,,,87.34,-1.6441,,
2026-09-25,2026-09-25T13:51:58.164904,INTC,RAPID_DECREASE_CANDIDATE,125.374,-0.345,-0.349,0.004,0.853,0.016,10,0.6,1.7936084404116825,5,0.8361609877160842,0.8,0.0,41.3,40.2,54.0,8.0,40.0,45.1,100.0,125.1728,42.0,SMH,44.95663629118491,False,short_side_not_traded_evidence_only,,,125.15,-0.1787,,
2026-09-25,2026-09-25T13:51:58.176359,DDOG,RAPID_DECREASE_CANDIDATE,278.91,-0.396,-0.4,0.004,0.834,4.3025,10,0.4,1.3311469240348954,5,0.48523081416149766,0.6166666666666667,0.0,40.0,38.9,90.2,80.3,40.0,44.5,0.0,274.5007,41.6,XLK,35.77837042696496,False,short_side_not_traded_evidence_only,,,273.11,-2.0795,,
2026-09-25,2026-09-25T13:52:08.496492,AKAM,RAPID_DECREASE_CANDIDATE,119.57,-1.879,-1.969,0.09,0.766,5.7707,9,0.2,0.8641975186964078,5,0.5548420809126783,0.5666666666666667,0.0,0.8,64.2,0.0,0.0,0.0,42.2,0.0,122.5102,,,28.598659968737042,False,short_side_not_traded_evidence_only,,,117.885,-1.4092,,
2026-09-25,2026-09-25T13:52:08.509372,VKTX,RAPID_DECREASE_CANDIDATE,37.21,-0.455,-0.545,0.09,0.705,0.3225,9,0.6,2.6493607294435724,5,0.5784171657691218,0.65,0.0,36.4,35.1,0.0,0.0,0.0,40.2,39.4,38.3007,,,31.071421071809407,False,short_side_not_traded_evidence_only,,,37.03,-0.4837,,
2026-09-25,2026-09-25T13:52:08.525348,GME,RAPID_DECREASE_CANDIDATE,23.92,-1.034,-1.124,0.09,0.601,0.209,9,0.4,1.0867770706496627,5,0.6840244266050799,0.6,0.0,21.9,96.8,0.0,0.0,0.0,36.7,64.7,24.4228,22.1,XLY,39.560204609550205,False,short_side_not_traded_evidence_only,,,23.46,-1.9231,,
2026-09-25,2026-09-25T13:52:08.539204,AXTI,RAPID_DECREASE_CANDIDATE,76.37,-0.56,-0.65,0.09,0.327,12.8977,9,0.8,3.6752702400746267,5,0.5864973886769775,0.4833333333333333,0.0,33.8,52.1,43.7,0.0,0.0,27.6,0.0,76.5619,,,35.72067024024426,False,short_side_not_traded_evidence_only,,,75.98,-0.5107,,
2026-09-25,2026-09-25T13:52:08.550503,CAI,RAPID_DECREASE_CANDIDATE,31.9766,-0.601,-0.691,0.09,0.952,0.5004,9,0.8,2.506946822593982,5,0.5619919636387601,0.7,0.0,32.7,95.4,31.4,0.0,0.0,48.4,0.0,32.2157,,,43.84085436215618,False,short_side_not_traded_evidence_only,,,31.8004,-0.551,,
2026-09-25,2026-09-25T13:52:08.563692,ALAB,RAPID_DECREASE_CANDIDATE,361.6147,-0.685,-0.775,0.09,2.038,0.3899,9,0.6,3.317699589298841,5,0.590647971752025,0.8,0.0,30.6,51.5,14.3,0.0,0.0,84.6,24.5,366.8504,,,39.573739374621816,False,short_side_not_traded_evidence_only,,,362.015,0.1107,,
2026-09-25,2026-09-25T13:52:08.577344,CRDO,RAPID_DECREASE_CANDIDATE,199.6201,-1.299,-1.389,0.09,1.651,4.5587,9,1.0,2.6824416066388697,5,0.48727907974162477,0.6,0.0,15.3,71.0,0.0,0.0,0.0,71.7,0.0,206.0157,,,35.84654711144553,False,short_side_not_traded_evidence_only,,,199.57,-0.0251,,
2026-09-25,2026-09-25T13:52:08.593955,INTC,RAPID_DECREASE_CANDIDATE,125.42,-0.308,-0.398,0.09,1.723,0.0319,9,0.6,1.7936084404116825,5,0.8361609877160842,0.8,0.0,40.0,52.5,54.7,9.4,40.0,74.1,100.0,125.1843,40.7,SMH,50.34179865944314,False,short_side_not_traded_evidence_only,,,125.15,-0.2153,,
2026-09-25,2026-09-25T13:52:08.606244,DDOG,RAPID_DECREASE_CANDIDATE,278.96,-0.379,-0.469,0.09,0.803,4.3017,9,0.4,1.3311469240348954,5,0.48523081416149766,0.6166666666666667,0.0,38.3,38.5,90.5,80.9,40.0,43.4,0.0,274.5173,39.5,XLK,35.24610042962522,False,short_side_not_traded_evidence_only,,,273.11,-2.0971,,
2026-09-25,2026-09-25T13:52:18.827267,AKAM,RAPID_DECREASE_CANDIDATE,119.49,-1.945,-2.035,0.09,0.765,5.7745,9,0.2,0.8641975186964078,5,0.5548420809126783,0.5666666666666667,0.0,0.0,57.3,0.0,0.0,0.0,42.2,0.0,122.5043,,,27.313744860710308,False,short_side_not_traded_evidence_only,,,117.885,-1.3432,,
2026-09-25,2026-09-25T13:52:18.847045,VKTX,RAPID_DECREASE_CANDIDATE,37.21,-0.455,-0.545,0.09,0.708,0.3225,9,0.6,2.6493607294435724,5,0.5784171657691218,0.65,0.0,36.4,34.5,0.0,0.0,0.0,40.3,39.4,38.2984,,,30.984799835912767,False,short_side_not_traded_evidence_only,,,37.03,-0.4837,,
2026-09-25,2026-09-25T13:52:18.863534,GME,RAPID_DECREASE_CANDIDATE,23.9699,-0.828,-0.918,0.09,0.591,0.292,9,0.4,1.0867770706496627,5,0.6840244266050799,0.6,0.0,27.1,75.3,4.1,0.0,0.0,36.4,46.2,24.4185,27.3,XLY,36.542761464989276,False,short_side_not_traded_evidence_only,,,23.46,-2.1273,,
2026-09-25,2026-09-25T13:52:18.875490,DOCN,RAPID_DECREASE_CANDIDATE,142.44,-0.951,-1.041,0.09,1.386,11.2398,9,0.6,2.346717859290326,5,0.4775679175510934,0.7,0.0,24.0,54.5,22.7,0.0,0.0,62.9,0.0,144.0101,,,36.284228540546856,False,short_side_not_traded_evidence_only,,,140.415,-1.4217,,
2026-09-25,2026-09-25T13:52:18.888301,AXTI,RAPID_DECREASE_CANDIDATE,76.31,-0.638,-0.728,0.09,0.327,12.9079,9,0.8,3.6752702400746267,5,0.5864973886769775,0.4833333333333333,0.0,31.8,42.4,41.8,0.0,0.0,27.6,0.0,76.5615,,,33.535152183299246,False,short_side_not_traded_evidence_only,,,75.98,-0.4324,,
2026-09-25,2026-09-25T13:52:18.901404,CAI,RAPID_DECREASE_CANDIDATE,31.96,-0.653,-0.743,0.09,0.928,0.5632,9,0.8,2.506946822593982,5,0.5619919636387601,0.7,0.0,31.4,79.9,30.3,0.0,0.0,47.6,0.0,32.2144,,,40.78917290430093,False,short_side_not_traded_evidence_only,,,31.8004,-0.4994,,
2026-09-25,2026-09-25T13:52:18.916471,ALAB,RAPID_DECREASE_CANDIDATE,360.45,-1.005,-1.095,0.09,1.905,4.4417,9,0.6,3.317699589298841,5,0.590647971752025,0.8,0.0,22.6,61.0,6.6,0.0,0.0,80.2,0.0,366.8247,,,37.276248552129175,False,short_side_not_traded_evidence_only,,,362.015,0.4342,,
2026-09-25,2026-09-25T13:52:18.928774,CRDO,RAPID_DECREASE_CANDIDATE,199.75,-1.235,-1.325,0.09,1.571,4.6158,9,1.0,2.6824416066388697,5,0.48727907974162477,0.6,0.0,16.9,72.2,0.0,0.0,0.0,69.0,0.0,205.9878,,,35.97470193614331,False,short_side_not_traded_evidence_only,,,199.57,-0.0901,,
2026-09-25,2026-09-25T13:52:18.940647,DDOG,RAPID_DECREASE_CANDIDATE,279.13,-0.318,-0.408,0.09,0.788,0.2651,9,0.4,1.3311469240348954,5,0.48523081416149766,0.6166666666666667,0.0,39.8,37.2,91.9,83.7,40.0,42.9,52.2,274.5338,41.0,XLK,37.23128560072665,False,short_side_not_traded_evidence_only,,,273.11,-2.1567,,
2026-09-25,2026-09-25T13:52:29.113967,AKAM,RAPID_DECREASE_CANDIDATE,119.605,-1.85,-1.94,0.09,0.768,5.769,9,0.2,0.8641975186964078,5,0.5548420809126783,0.5666666666666667,0.0,1.5,51.4,0.0,0.0,0.0,42.3,0.0,122.4984,,,26.59269934539798,False,short_side_not_traded_evidence_only,,,117.885,-1.4381,,
2026-09-25,2026-09-25T13:52:29.126296,VKTX,RAPID_DECREASE_CANDIDATE,37.23,-0.401,-0.491,0.09,0.734,0.3223,9,0.6,2.6493607294435724,5,0.5784171657691218,0.65,0.0,37.7,35.3,0.0,0.0,0.0,41.1,39.5,38.2962,,,31.4597718825694,False,short_side_not_traded_evidence_only,,,37.03,-0.5372,,
2026-09-25,2026-09-25T13:52:29.138108,GME,RAPID_DECREASE_CANDIDATE,23.99,-0.745,-0.835,0.09,0.606,0.3335,9,0.4,1.0867770706496627,5,0.6840244266050799,0.6,0.0,29.1,62.0,6.6,0.0,0.0,36.9,37.0,24.4142,29.3,XLY,34.66400195514646,False,short_side_not_traded_evidence_only,,,23.46,-2.2093,,
2026-09-25,2026-09-25T13:52:29.162336,DOCN,RAPID_DECREASE_CANDIDATE,142.33,-1.027,-1.117,0.09,1.4,7.2578,9,0.6,2.346717859290326,5,0.4775679175510934,0.7,0.0,22.1,61.8,21.0,0.0,0.0,63.3,0.0,144.0032,,,37.012472587061325,False,short_side_not_traded_evidence_only,,,140.415,-1.3455,,
2026-09-25,2026-09-25T13:52:29.175878,AXTI,RAPID_DECREASE_CANDIDATE,76.39,-0.534,-0.624,0.09,0.331,15.5649,9,0.8,3.6752702400746267,5,0.5864973886769775,0.4833333333333333,0.0,34.4,34.3,44.4,0.0,0.0,27.7,0.0,76.5611,,,32.956043873989415,False,short_side_not_traded_evidence_only,,,75.98,-0.5367,,
2026-09-25,2026-09-25T13:52:29.189775,CAI,RAPID_DECREASE_CANDIDATE,32.0653,-0.325,-0.415,0.09,0.922,0.5614,9,0.8,2.506946822593982,5,0.5619919636387601,0.7,0.0,39.6,69.1,38.5,0.0,0.0,47.4,0.0,32.2132,,,41.367045653099275,False,short_side_not_traded_evidence_only,,,31.8004,-0.8261,,
2026-09-25,2026-09-25T13:52:29.203709,ALAB,RAPID_DECREASE_CANDIDATE,361.8222,-0.628,-0.718,0.09,1.875,0.5417,9,0.6,3.317699589298841,5,0.590647971752025,0.8,0.0,32.0,75.9,16.1,0.0,0.0,79.2,0.0,366.7993,,,42.39008630252819,False,short_side_not_traded_evidence_only,,,362.015,0.0533,,
2026-09-25,2026-09-25T13:52:29.215874,CRDO,RAPID_DECREASE_CANDIDATE,200.29,-0.968,-1.058,0.09,1.529,7.4692,9,1.0,2.6824416066388697,5,0.48727907974162477,0.6,0.0,23.5,75.7,0.0,0.0,0.0,67.6,0.0,205.9602,,,37.502997451391856,False,short_side_not_traded_evidence_only,,,199.57,-0.3595,,
2026-09-25,2026-09-25T13:52:29.228106,DDOG,RAPID_DECREASE_CANDIDATE,278.495,-0.545,-0.635,0.09,0.798,4.3089,9,0.4,1.3311469240348954,5,0.48523081416149766,0.6166666666666667,0.0,34.1,37.5,85.9,71.8,40.0,43.3,0.0,274.5502,35.3,XLK,34.94673592341306,False,short_side_not_traded_evidence_only,,,273.11,-1.9336,,
2026-09-25,2026-09-25T13:52:39.368076,AKAM,RAPID_DECREASE_CANDIDATE,119.5995,-1.855,-1.945,0.09,0.772,0.8528,9,0.2,0.8641975186964078,5,0.5548420809126783,0.5666666666666667,0.0,1.4,45.8,0.0,0.0,0.0,42.4,0.0,122.4926,,,25.661472264426813,False,short_side_not_traded_evidence_only,,,117.885,-1.4335,,
2026-09-25,2026-09-25T13:52:39.385693,VKTX,RAPID_DECREASE_CANDIDATE,37.22,-0.428,-0.518,0.09,0.762,0.3224,9,0.6,2.6493607294435724,5,0.5784171657691218,0.65,0.0,37.0,36.2,0.0,0.0,0.0,42.1,39.5,38.2939,,,31.61512299659575,False,short_side_not_traded_evidence_only,,,37.03,-0.5105,,
2026-09-25,2026-09-25T13:52:39.399677,GME,RAPID_DECREASE_CANDIDATE,23.956,-0.885,-0.975,0.09,0.622,0.2087,9,0.4,1.0867770706496627,5,0.6840244266050799,0.6,0.0,25.6,49.9,3.5,0.0,0.0,37.4,64.7,24.41,25.8,XLY,32.89976329542016,False,short_side_not_traded_evidence_only,,,23.46,-2.0705,,
2026-09-25,2026-09-25T13:52:39.411939,DOCN,RAPID_DECREASE_CANDIDATE,142.55,-0.874,-0.964,0.09,1.375,0.5472,9,0.6,2.346717859290326,5,0.4775679175510934,0.7,0.0,25.9,66.9,24.9,0.0,0.0,62.5,0.0,143.9964,,,38.88354163051139,False,short_side_not_traded_evidence_only,,,140.415,-1.4977,,
2026-09-25,2026-09-25T13:52:39.426155,AXTI,RAPID_DECREASE_CANDIDATE,76.3,-0.651,-0.741,0.09,0.334,3.0799,9,0.8,3.6752702400746267,5,0.5864973886769775,0.4833333333333333,0.0,31.5,26.7,41.5,0.0,0.0,27.8,0.0,76.5608,,,30.863610335517517,False,short_side_not_traded_evidence_only,,,75.98,-0.4194,,
2026-09-25,2026-09-25T13:52:39.438354,CAI,RAPID_DECREASE_CANDIDATE,31.95,-0.684,-0.774,0.09,0.916,0.5634,9,0.8,2.506946822593982,5,0.5619919636387601,0.7,0.0,30.6,59.6,29.7,0.0,0.0,47.2,0.0,32.212,,,37.14842632316211,False,short_side_not_traded_evidence_only,,,31.8004,-0.4682,,
2026-09-25,2026-09-25T13:52:39.450827,ALAB,RAPID_DECREASE_CANDIDATE,361.5128,-0.713,-0.803,0.09,1.846,0.4011,9,0.6,3.317699589298841,5,0.590647971752025,0.8,0.0,29.9,92.8,14.1,0.0,0.0,78.2,22.0,366.7742,,,45.41904776863287,False,short_side_not_traded_evidence_only,,,362.015,0.1389,,
2026-09-25,2026-09-25T13:52:39.462669,CRDO,RAPID_DECREASE_CANDIDATE,200.403,-0.912,-1.002,0.09,1.489,4.7205,9,1.0,2.6824416066388697,5,0.48727907974162477,0.6,0.0,24.9,79.2,0.0,0.0,0.0,66.3,0.0,205.9329,,,38.15038663677177,False,short_side_not_traded_evidence_only,,,199.57,-0.4157,,
2026-09-25,2026-09-25T13:52:39.475642,DDOG,RAPID_DECREASE_CANDIDATE,278.8426,-0.42,-0.51,0.09,0.807,4.3035,9,0.4,1.3311469240348954,5,0.48523081416149766,0.6166666666666667,0.0,37.2,37.9,88.9,77.9,40.0,43.6,0.0,274.5664,38.5,XLK,35.182631835779716,False,short_side_not_traded_evidence_only,,,273.11,-2.0559,,
2026-09-25,2026-09-25T13:52:49.664790,AKAM,RAPID_DECREASE_CANDIDATE,119.5,-1.937,-2.027,0.09,0.775,5.7741,8,0.2,0.8641975186964078,5,0.5548420809126783,0.5666666666666667,0.0,0.0,40.5,0.0,0.0,0.0,42.5,0.0,122.4867,,,24.569500193137547,False,short_side_not_traded_evidence_only,,,117.885,-1.3515,,
2026-09-25,2026-09-25T13:52:49.679203,VKTX,RAPID_DECREASE_CANDIDATE,37.2132,-0.446,-0.536,0.09,0.792,1.9885,8,0.6,2.6493607294435724,5,0.5784171657691218,0.65,0.0,36.6,37.2,0.0,0.0,0.0,43.1,0.0,38.2917,,,30.186817232275835,False,short_side_not_traded_evidence_only,,,37.03,-0.4923,,
2026-09-25,2026-09-25T13:52:49.694547,GME,RAPID_DECREASE_CANDIDATE,23.975,-0.807,-0.897,0.09,0.639,0.2086,8,0.4,1.0867770706496627,5,0.6840244266050799,0.6,0.0,27.6,38.8,5.9,0.0,0.0,38.0,64.8,24.406,27.8,XLY,31.739879602531214,False,short_side_not_traded_evidence_only,,,23.46,-2.1481,,
2026-09-25,2026-09-25T13:52:49.707115,DOCN,RAPID_DECREASE_CANDIDATE,141.885,-1.337,-1.427,0.09,1.352,5.7934,8,0.6,2.346717859290326,5,0.4775679175510934,0.7,0.0,14.3,72.0,13.5,0.0,0.0,61.7,0.0,143.9897,,,36.2931888541325,False,short_side_not_traded_evidence_only,,,140.415,-1.0361,,
2026-09-25,2026-09-25T13:52:49.719487,AXTI,RAPID_DECREASE_CANDIDATE,76.335,-0.605,-0.695,0.09,0.338,15.5761,8,0.8,3.6752702400746267,5,0.5864973886769775,0.4833333333333333,0.0,32.6,19.8,42.6,0.0,0.0,27.9,0.0,76.5604,,,30.058432237124578,False,short_side_not_traded_evidence_only,,,75.98,-0.4651,,
2026-09-25,2026-09-25T13:52:49.731483,CAI,RAPID_DECREASE_CANDIDATE,31.9974,-0.537,-0.627,0.09,0.91,0.7188,8,0.8,2.506946822593982,5,0.5619919636387601,0.7,0.0,34.3,51.1,33.4,0.0,0.0,47.0,0.0,32.2108,,,36.789023424005784,False,short_side_not_traded_evidence_only,,,31.8004,-0.6157,,
2026-09-25,2026-09-25T13:52:49.753233,ALAB,RAPID_DECREASE_CANDIDATE,361.08,-0.832,-0.922,0.09,1.817,0.3905,8,0.6,3.317699589298841,5,0.590647971752025,0.8,0.0,27.0,100.0,11.4,0.0,0.0,77.2,24.3,366.7494,,,45.74562693333268,False,short_side_not_traded_evidence_only,,,362.015,0.2589,,
2026-09-25,2026-09-25T13:52:49.769050,CRDO,RAPID_DECREASE_CANDIDATE,199.82,-1.2,-1.29,0.09,1.451,4.5841,8,1.0,2.6824416066388697,5,0.48727907974162477,0.6,0.0,17.8,82.7,0.0,0.0,0.0,65.0,0.0,205.9058,,,37.36295826319838,False,short_side_not_traded_evidence_only,,,199.57,-0.1251,,
2026-09-25,2026-09-25T13:52:59.981247,AKAM,RAPID_DECREASE_CANDIDATE,119.77,-1.715,-1.805,0.09,0.779,1.0353,8,0.2,0.8641975186964078,5,0.5548420809126783,0.5666666666666667,0.0,4.9,35.6,0.0,0.0,0.0,42.6,0.0,122.4809,,,24.570900165501254,False,short_side_not_traded_evidence_only,,,117.6501,-1.77,,
2026-09-25,2026-09-25T13:52:59.995127,VKTX,RAPID_DECREASE_CANDIDATE,37.195,-0.495,-0.585,0.09,0.824,0.1882,8,0.6,2.6493607294435724,5,0.5784171657691218,0.65,0.0,35.4,38.3,0.0,0.0,0.0,44.1,69.3,38.2894,,,33.185222366634406,False,short_side_not_traded_evidence_only,,,36.951,-0.656,,
2026-09-25,2026-09-25T13:53:00.012585,GME,RAPID_DECREASE_CANDIDATE,23.96,-0.869,-0.959,0.09,0.656,0.1669,8,0.4,1.0867770706496627,5,0.6840244266050799,0.6,0.0,26.0,28.6,4.7,0.0,0.0,38.5,74.0,24.4019,26.2,XLY,30.094201096055816,False,short_side_not_traded_evidence_only,,,23.455,-2.1077,,
2026-09-25,2026-09-25T13:53:00.037797,DOCN,RAPID_DECREASE_CANDIDATE,141.885,-1.337,-1.427,0.09,1.329,4.2429,8,0.6,2.346717859290326,5,0.4775679175510934,0.7,0.0,14.3,77.3,13.6,0.0,0.0,61.0,0.0,143.983,,,37.09332162759724,False,short_side_not_traded_evidence_only,,,140.14,-1.2299,,
2026-09-25,2026-09-25T13:53:00.053168,AXTI,RAPID_DECREASE_CANDIDATE,76.4492,-0.457,-0.547,0.09,0.342,15.5528,8,0.8,3.6752702400746267,5,0.5864973886769775,0.4833333333333333,0.0,36.3,13.3,46.4,0.0,0.0,28.1,0.0,76.56,,,30.085093187853698,False,short_side_not_traded_evidence_only,,,76.1832,-0.3479,,
2026-09-25,2026-09-25T13:53:00.076193,CAI,RAPID_DECREASE_CANDIDATE,32.035,-0.42,-0.51,0.09,0.904,0.437,8,0.8,2.506946822593982,5,0.5619919636387601,0.7,0.0,37.2,43.4,36.5,0.0,0.0,46.8,14.0,32.2096,,,36.938756564824175,False,short_side_not_traded_evidence_only,,,31.845,-0.5931,,
2026-09-25,2026-09-25T13:53:00.093186,ALAB,RAPID_DECREASE_CANDIDATE,361.5,-0.717,-0.807,0.09,1.79,7.112,8,0.6,3.317699589298841,5,0.590647971752025,0.8,0.0,29.8,100.0,14.4,0.0,0.0,76.3,0.0,366.7248,,,45.47693071175809,False,short_side_not_traded_evidence_only,,,361.87,0.1024,,
2026-09-25,2026-09-25T13:53:00.107157,CRDO,RAPID_DECREASE_CANDIDATE,200.12,-1.052,-1.142,0.09,1.415,0.1549,8,1.0,2.6824416066388697,5,0.48727907974162477,0.6,0.0,21.4,86.0,0.0,0.0,0.0,63.8,76.7,205.879,,,41.58632957428148,False,short_side_not_traded_evidence_only,,,199.02,-0.5497,,
2026-09-25,2026-09-25T13:53:10.447981,AKAM,RAPID_DECREASE_CANDIDATE,119.8395,-1.244,-1.289,0.045,0.944,5.4239,5,0.2,0.8641975186964078,5,0.5548420809126783,0.5666666666666667,0.0,17.8,37.1,0.0,0.0,0.0,48.1,0.0,122.4725,,,27.659709036554748,False,short_side_not_traded_evidence_only,,,117.6501,-1.8269,,
2026-09-25,2026-09-25T13:53:10.461304,VKTX,RAPID_DECREASE_CANDIDATE,37.1601,-0.774,-0.819,0.045,0.911,0.1884,5,0.6,2.6493607294435724,5,0.5784171657691218,0.65,0.0,29.5,40.9,0.0,0.0,0.0,47.0,69.2,38.2872,,,33.009821956583465,False,short_side_not_traded_evidence_only,,,36.951,-0.5627,,
2026-09-25,2026-09-25T13:53:10.474339,GME,RAPID_DECREASE_CANDIDATE,23.975,-0.493,-0.538,0.045,0.709,4.7967,5,0.4,1.0867770706496627,5,0.6840244266050799,0.6,0.0,36.5,29.9,6.7,0.0,0.0,40.3,0.0,24.3978,35.0,XLY,29.440931509173048,False,short_side_not_traded_evidence_only,,,23.455,-2.1689,,
2026-09-25,2026-09-25T13:53:10.489905,ALAB,RAPID_DECREASE_CANDIDATE,361.62,-0.662,-0.707,0.045,0.866,0.4618,5,0.6,3.317699589298841,5,0.590647971752025,0.8,0.0,32.3,100.0,15.3,0.0,0.0,45.5,8.5,366.7105,,,42.511520298283095,False,short_side_not_traded_evidence_only,,,361.87,0.0691,,
2026-09-25,2026-09-25T13:53:10.502520,CRDO,RAPID_DECREASE_CANDIDATE,199.84,-0.809,-0.854,0.045,1.182,7.486,5,1.0,2.6824416066388697,5,0.48727907974162477,0.6,0.0,28.6,80.4,0.0,0.0,0.0,56.1,0.0,205.8556,,,37.67588413829506,False,short_side_not_traded_evidence_only,,,199.02,-0.4103,,
2026-09-25,2026-09-25T13:53:20.816542,AKAM,RAPID_DECREASE_CANDIDATE,119.77,-1.301,-1.346,0.045,0.941,5.4271,6,0.2,0.8641975186964078,5,0.5548420809126783,0.5666666666666667,0.0,16.4,38.6,0.0,0.0,0.0,48.0,0.0,122.4642,,,27.664059298639113,False,short_side_not_traded_evidence_only,,,117.6501,-1.77,,
2026-09-25,2026-09-25T13:53:20.828761,VKTX,RAPID_DECREASE_CANDIDATE,37.188,-0.7,-0.745,0.045,0.949,0.1882,6,0.6,2.6493607294435724,5,0.5784171657691218,0.65,0.0,31.4,43.9,0.0,0.0,0.0,48.3,69.3,38.2849,,,33.97087327341356,False,short_side_not_traded_evidence_only,,,36.951,-0.6373,,
2026-09-25,2026-09-25T13:53:20.858576,GME,RAPID_DECREASE_CANDIDATE,24.016,-0.322,-0.367,0.045,0.728,0.2915,6,0.4,1.0867770706496627,5,0.6840244266050799,0.6,0.0,40.8,31.2,11.3,0.0,0.0,40.9,46.3,24.3937,39.2,XLY,32.9667744161827,False,short_side_not_traded_evidence_only,,,23.455,-2.3359,,
2026-09-25,2026-09-25T13:53:20.870974,DOCN,RAPID_DECREASE_CANDIDATE,141.87,-0.404,-0.449,0.045,1.221,4.2292,6,0.6,2.346717859290326,5,0.4775679175510934,0.7,0.0,38.8,71.8,13.6,0.0,0.0,57.4,0.0,143.9675,,,39.79851659563279,False,short_side_not_traded_evidence_only,,,140.14,-1.2194,,
2026-09-25,2026-09-25T13:53:20.887560,ALAB,RAPID_DECREASE_CANDIDATE,361.3104,-0.747,-0.792,0.045,0.896,0.2546,6,0.6,3.317699589298841,5,0.590647971752025,0.8,0.0,30.2,100.0,13.3,0.0,0.0,46.5,54.5,366.6964,,,43.94893460785934,False,short_side_not_traded_evidence_only,,,361.87,0.1549,,
2026-09-25,2026-09-25T13:53:20.900644,CRDO,RAPID_DECREASE_CANDIDATE,199.7001,-0.878,-0.923,0.045,1.165,3.2649,6,1.0,2.6824416066388697,5,0.48727907974162477,0.6,0.0,26.9,75.1,0.0,0.0,0.0,55.5,0.0,205.8324,,,36.448385675611824,False,short_side_not_traded_evidence_only,,,199.02,-0.3406,,
2026-09-25,2026-09-25T13:53:31.099566,AKAM,RAPID_DECREASE_CANDIDATE,120.5798,-0.634,-0.679,0.045,0.942,5.3906,6,0.2,0.8641975186964078,5,0.5548420809126783,0.5666666666666667,0.0,33.0,40.4,11.7,0.0,0.0,48.1,0.0,122.4559,,,32.21492237329799,False,short_side_not_traded_evidence_only,,,117.6501,-2.4297,,
2026-09-25,2026-09-25T13:53:31.111630,VKTX,RAPID_DECREASE_CANDIDATE,37.2,-0.668,-0.713,0.045,0.958,1.9892,6,0.6,2.6493607294435724,5,0.5784171657691218,0.65,0.0,32.2,45.1,0.0,0.0,0.0,48.6,0.0,38.2827,,,31.455258326271725,False,short_side_not_traded_evidence_only,,,36.951,-0.6694,,
2026-09-25,2026-09-25T13:53:31.123208,GME,RAPID_DECREASE_CANDIDATE,23.99,-0.43,-0.475,0.045,0.718,0.2084,6,0.4,1.0867770706496627,5,0.6840244266050799,0.6,0.0,38.1,31.0,9.0,0.0,0.0,40.6,64.8,24.3896,36.5,XLY,32.92803778731026,False,short_side_not_traded_evidence_only,,,23.455,-2.2301,,
2026-09-25,2026-09-25T13:53:31.135637,DOCN,RAPID_DECREASE_CANDIDATE,141.86,-0.411,-0.456,0.045,1.205,4.2154,6,0.6,2.346717859290326,5,0.4775679175510934,0.7,0.0,38.6,69.3,13.5,0.0,0.0,56.8,0.0,143.9599,,,39.273098688431986,False,short_side_not_traded_evidence_only,,,140.14,-1.2125,,
2026-09-25,2026-09-25T13:53:31.148493,ALAB,RAPID_DECREASE_CANDIDATE,361.64,-0.657,-0.702,0.045,0.872,0.3539,6,0.6,3.317699589298841,5,0.590647971752025,0.8,0.0,32.5,81.2,15.6,0.0,0.0,45.7,32.5,366.6823,,,40.464292730712394,False,short_side_not_traded_evidence_only,,,361.87,0.0636,,
2026-09-25,2026-09-25T13:53:31.164178,CRDO,RAPID_DECREASE_CANDIDATE,199.97,-0.745,-0.79,0.045,1.132,3.1855,6,1.0,2.6824416066388697,5,0.48727907974162477,0.6,0.0,30.2,68.6,0.0,0.0,0.0,54.4,0.0,205.8094,,,35.78203590365816,False,short_side_not_traded_evidence_only,,,199.02,-0.4751,,
