trade_id,symbol,date,timestamp,price,gain_pct
DOCN-20260925T13332043875,DOCN,2026-09-25,2026-09-25T09:33:33.815696-04:00,145.35,-0.1031
DOCN-20260925T13332043875,DOCN,2026-09-25,2026-09-25T09:33:37.160047-04:00,144.48,-0.701
DOCN-20260925T13332043875,DOCN,2026-09-25,2026-09-25T09:33:40.465712-04:00,144.445,-0.7251
DOCN-20260925T13332043875,DOCN,2026-09-25,2026-09-25T09:33:44.145871-04:00,144.445,-0.7251
DOCN-20260925T13332043875,DOCN,2026-09-25,2026-09-25T09:33:47.644027-04:00,145.06,-0.3024
DOCN-20260925T13332043875,DOCN,2026-09-25,2026-09-25T09:33:50.936922-04:00,144.83,-0.4605
DOCN-20260925T13332043875,DOCN,2026-09-25,2026-09-25T09:33:54.533864-04:00,144.83,-0.4166
CRDO-20260925T13334114517,CRDO,2026-09-25,2026-09-25T09:33:54.533864-04:00,203.7501,-0.1568
DOCN-20260925T13332043875,DOCN,2026-09-25,2026-09-25T09:33:57.912983-04:00,144.6039,-0.572
CAI-20260925T13334110754,CAI,2026-09-25,2026-09-25T09:33:57.912983-04:00,32.3044,-0.5406
CRDO-20260925T13334114517,CRDO,2026-09-25,2026-09-25T09:33:57.912983-04:00,204.105,0.0172
DOCN-20260925T13332043875,DOCN,2026-09-25,2026-09-25T09:34:01.361608-04:00,144.7521,-0.4701
CAI-20260925T13334110754,CAI,2026-09-25,2026-09-25T09:34:01.361608-04:00,32.3044,-0.5406
CRDO-20260925T13334114517,CRDO,2026-09-25,2026-09-25T09:34:01.361608-04:00,204.6854,0.3016
DOCN-20260925T13332043875,DOCN,2026-09-25,2026-09-25T09:34:04.816962-04:00,144.45,-0.6778
CAI-20260925T13334110754,CAI,2026-09-25,2026-09-25T09:34:04.816962-04:00,32.365,-0.3541
CRDO-20260925T13334114517,CRDO,2026-09-25,2026-09-25T09:34:04.816962-04:00,204.7717,0.3439
INTC-20260925T13335149316,INTC,2026-09-25,2026-09-25T09:34:04.816962-04:00,125.555,0.1076
NBIS-20260925T13335153316,NBIS,2026-09-25,2026-09-25T09:34:04.816962-04:00,243.425,-0.0964
CAI-20260925T13334110754,CAI,2026-09-25,2026-09-25T09:34:08.344746-04:00,32.365,-0.3541
CRDO-20260925T13334114517,CRDO,2026-09-25,2026-09-25T09:34:08.344746-04:00,204.88,0.3969
CDNS-20260925T13334464254,CDNS,2026-09-25,2026-09-25T09:34:08.344746-04:00,329.125,-0.1177
INTC-20260925T13335149316,INTC,2026-09-25,2026-09-25T09:34:08.344746-04:00,125.515,0.0757
NBIS-20260925T13335153316,NBIS,2026-09-25,2026-09-25T09:34:08.344746-04:00,243.21,-0.1706
CAI-20260925T13334110754,CAI,2026-09-25,2026-09-25T09:34:11.791197-04:00,32.29,-0.585
CRDO-20260925T13334114517,CRDO,2026-09-25,2026-09-25T09:34:11.791197-04:00,204.575,0.2475
AKAM-20260925T13334460976,AKAM,2026-09-25,2026-09-25T09:34:11.791197-04:00,124.9494,0.1358
CDNS-20260925T13334464254,CDNS,2026-09-25,2026-09-25T09:34:11.791197-04:00,328.375,-0.3453
INTC-20260925T13335149316,INTC,2026-09-25,2026-09-25T09:34:11.791197-04:00,125.5887,0.1345
NBIS-20260925T13335153316,NBIS,2026-09-25,2026-09-25T09:34:11.791197-04:00,243.0,-0.2568
CAI-20260925T13334110754,CAI,2026-09-25,2026-09-25T09:34:15.284974-04:00,32.315,-0.508
CRDO-20260925T13334114517,CRDO,2026-09-25,2026-09-25T09:34:15.284974-04:00,204.8337,0.3742
CDNS-20260925T13334464254,CDNS,2026-09-25,2026-09-25T09:34:15.284974-04:00,328.2504,-0.3831
INTC-20260925T13335149316,INTC,2026-09-25,2026-09-25T09:34:15.284974-04:00,125.57,0.1196
NBIS-20260925T13335153316,NBIS,2026-09-25,2026-09-25T09:34:15.284974-04:00,243.265,-0.1481
CAI-20260925T13334110754,CAI,2026-09-25,2026-09-25T09:34:18.662763-04:00,32.305,-0.5388
CRDO-20260925T13334114517,CRDO,2026-09-25,2026-09-25T09:34:18.662763-04:00,205.09,0.4998
CDNS-20260925T13334464254,CDNS,2026-09-25,2026-09-25T09:34:18.662763-04:00,329.5,-0.0039
INTC-20260925T13335149316,INTC,2026-09-25,2026-09-25T09:34:18.662763-04:00,125.62,0.1595
NBIS-20260925T13335153316,NBIS,2026-09-25,2026-09-25T09:34:18.662763-04:00,243.28,-0.1419
CAI-20260925T13334110754,CAI,2026-09-25,2026-09-25T09:34:21.935731-04:00,32.305,-0.5388
CRDO-20260925T13334114517,CRDO,2026-09-25,2026-09-25T09:34:21.935731-04:00,204.86,0.3871
CDNS-20260925T13334464254,CDNS,2026-09-25,2026-09-25T09:34:21.935731-04:00,328.685,-0.2512
INTC-20260925T13335149316,INTC,2026-09-25,2026-09-25T09:34:21.935731-04:00,125.64,0.1754
NBIS-20260925T13335153316,NBIS,2026-09-25,2026-09-25T09:34:21.935731-04:00,243.6,-0.0106
BMNR-20260925T13341565714,BMNR,2026-09-25,2026-09-25T09:34:21.935731-04:00,27.79,0.0211
CAI-20260925T13334110754,CAI,2026-09-25,2026-09-25T09:34:25.177567-04:00,32.305,-0.5388
CRDO-20260925T13334114517,CRDO,2026-09-25,2026-09-25T09:34:25.177567-04:00,204.9587,0.4355
CDNS-20260925T13334464254,CDNS,2026-09-25,2026-09-25T09:34:25.177567-04:00,328.8721,-0.1945
INTC-20260925T13335149316,INTC,2026-09-25,2026-09-25T09:34:25.177567-04:00,125.7705,0.2795
NBIS-20260925T13335153316,NBIS,2026-09-25,2026-09-25T09:34:25.177567-04:00,243.445,-0.0742
BMNR-20260925T13341565714,BMNR,2026-09-25,2026-09-25T09:34:25.177567-04:00,27.835,0.1831
CAI-20260925T13334110754,CAI,2026-09-25,2026-09-25T09:34:28.488732-04:00,32.3,-0.5542
CRDO-20260925T13334114517,CRDO,2026-09-25,2026-09-25T09:34:28.488732-04:00,205.34,0.6223
CDNS-20260925T13334464254,CDNS,2026-09-25,2026-09-25T09:34:28.488732-04:00,328.97,-0.1647
INTC-20260925T13335149316,INTC,2026-09-25,2026-09-25T09:34:28.488732-04:00,125.81,0.311
NBIS-20260925T13335153316,NBIS,2026-09-25,2026-09-25T09:34:28.488732-04:00,243.73,0.0428
BMNR-20260925T13341565714,BMNR,2026-09-25,2026-09-25T09:34:28.488732-04:00,27.815,0.1111
MSTR-20260925T13342216901,MSTR,2026-09-25,2026-09-25T09:34:28.488732-04:00,159.71,-0.1126
CAI-20260925T13334110754,CAI,2026-09-25,2026-09-25T09:34:31.742471-04:00,32.3,-0.5542
CRDO-20260925T13334114517,CRDO,2026-09-25,2026-09-25T09:34:31.742471-04:00,204.915,0.4141
CDNS-20260925T13334464254,CDNS,2026-09-25,2026-09-25T09:34:31.742471-04:00,328.8778,-0.1927
INTC-20260925T13335149316,INTC,2026-09-25,2026-09-25T09:34:31.742471-04:00,125.72,0.2392
NBIS-20260925T13335153316,NBIS,2026-09-25,2026-09-25T09:34:31.742471-04:00,243.5,-0.0516
BMNR-20260925T13341565714,BMNR,2026-09-25,2026-09-25T09:34:31.742471-04:00,27.82,0.1291
MSTR-20260925T13342216901,MSTR,2026-09-25,2026-09-25T09:34:31.742471-04:00,159.75,-0.0876
CAI-20260925T13334110754,CAI,2026-09-25,2026-09-25T09:34:35.066246-04:00,32.29,-0.585
CRDO-20260925T13334114517,CRDO,2026-09-25,2026-09-25T09:34:35.066246-04:00,204.845,0.3798
CDNS-20260925T13334464254,CDNS,2026-09-25,2026-09-25T09:34:35.066246-04:00,328.8778,-0.1927
INTC-20260925T13335149316,INTC,2026-09-25,2026-09-25T09:34:35.066246-04:00,125.72,0.2392
NBIS-20260925T13335153316,NBIS,2026-09-25,2026-09-25T09:34:35.066246-04:00,243.75,0.051
BMNR-20260925T13341565714,BMNR,2026-09-25,2026-09-25T09:34:35.066246-04:00,27.81,0.0931
MSTR-20260925T13342216901,MSTR,2026-09-25,2026-09-25T09:34:35.066246-04:00,159.73,-0.1001
CAI-20260925T13334110754,CAI,2026-09-25,2026-09-25T09:34:38.278957-04:00,32.3,-0.5542
CRDO-20260925T13334114517,CRDO,2026-09-25,2026-09-25T09:34:38.278957-04:00,204.87,0.392
CDNS-20260925T13334464254,CDNS,2026-09-25,2026-09-25T09:34:38.278957-04:00,328.398,-0.3383
INTC-20260925T13335149316,INTC,2026-09-25,2026-09-25T09:34:38.278957-04:00,125.7,0.2232
NBIS-20260925T13335153316,NBIS,2026-09-25,2026-09-25T09:34:38.278957-04:00,243.565,-0.0249
BMNR-20260925T13341565714,BMNR,2026-09-25,2026-09-25T09:34:38.278957-04:00,27.7785,-0.0203
MSTR-20260925T13342216901,MSTR,2026-09-25,2026-09-25T09:34:38.278957-04:00,159.7645,-0.0785
QCOM-20260925T13343205761,QCOM,2026-09-25,2026-09-25T09:34:38.278957-04:00,196.52,-0.0038
CAI-20260925T13334110754,CAI,2026-09-25,2026-09-25T09:34:41.548606-04:00,32.3,-0.5542
CRDO-20260925T13334114517,CRDO,2026-09-25,2026-09-25T09:34:41.548606-04:00,205.18,0.5439
CDNS-20260925T13334464254,CDNS,2026-09-25,2026-09-25T09:34:41.548606-04:00,329.24,-0.0828
INTC-20260925T13335149316,INTC,2026-09-25,2026-09-25T09:34:41.548606-04:00,125.6565,0.1886
NBIS-20260925T13335153316,NBIS,2026-09-25,2026-09-25T09:34:41.548606-04:00,243.88,0.1044
BMNR-20260925T13341565714,BMNR,2026-09-25,2026-09-25T09:34:41.548606-04:00,27.7783,-0.021
MSTR-20260925T13342216901,MSTR,2026-09-25,2026-09-25T09:34:41.548606-04:00,159.6975,-0.1204
QCOM-20260925T13343205761,QCOM,2026-09-25,2026-09-25T09:34:41.548606-04:00,196.21,-0.1616
CAI-20260925T13334110754,CAI,2026-09-25,2026-09-25T09:34:44.762031-04:00,32.2603,-0.6764
CRDO-20260925T13334114517,CRDO,2026-09-25,2026-09-25T09:34:44.762031-04:00,205.2146,0.5609
CDNS-20260925T13334464254,CDNS,2026-09-25,2026-09-25T09:34:44.762031-04:00,329.2399,-0.0828
INTC-20260925T13335149316,INTC,2026-09-25,2026-09-25T09:34:44.762031-04:00,125.7133,0.2339
NBIS-20260925T13335153316,NBIS,2026-09-25,2026-09-25T09:34:44.762031-04:00,244.2,0.2357
BMNR-20260925T13341565714,BMNR,2026-09-25,2026-09-25T09:34:44.762031-04:00,27.785,0.0031
MSTR-20260925T13342216901,MSTR,2026-09-25,2026-09-25T09:34:44.762031-04:00,159.7917,-0.0615
QCOM-20260925T13343205761,QCOM,2026-09-25,2026-09-25T09:34:44.762031-04:00,196.1691,-0.1824
CAI-20260925T13334110754,CAI,2026-09-25,2026-09-25T09:34:47.967719-04:00,32.21,-0.8313
CRDO-20260925T13334114517,CRDO,2026-09-25,2026-09-25T09:34:47.967719-04:00,205.01,0.4606
CDNS-20260925T13334464254,CDNS,2026-09-25,2026-09-25T09:34:47.967719-04:00,328.758,-0.2291
INTC-20260925T13335149316,INTC,2026-09-25,2026-09-25T09:34:47.967719-04:00,125.735,0.2512
NBIS-20260925T13335153316,NBIS,2026-09-25,2026-09-25T09:34:47.967719-04:00,244.0834,0.1879
BMNR-20260925T13341565714,BMNR,2026-09-25,2026-09-25T09:34:47.967719-04:00,27.8193,0.1266
MSTR-20260925T13342216901,MSTR,2026-09-25,2026-09-25T09:34:47.967719-04:00,159.8099,-0.0501
QCOM-20260925T13343205761,QCOM,2026-09-25,2026-09-25T09:34:47.967719-04:00,196.359,-0.0857
CAI-20260925T13334110754,CAI,2026-09-25,2026-09-25T09:34:51.242602-04:00,32.16,-0.9852
CRDO-20260925T13334114517,CRDO,2026-09-25,2026-09-25T09:34:51.242602-04:00,205.1004,0.5049
CDNS-20260925T13334464254,CDNS,2026-09-25,2026-09-25T09:34:51.242602-04:00,328.3,-0.3681
INTC-20260925T13335149316,INTC,2026-09-25,2026-09-25T09:34:51.242602-04:00,125.71,0.2312
NBIS-20260925T13335153316,NBIS,2026-09-25,2026-09-25T09:34:51.242602-04:00,243.92,0.1208
BMNR-20260925T13341565714,BMNR,2026-09-25,2026-09-25T09:34:51.242602-04:00,27.805,0.0751
MSTR-20260925T13342216901,MSTR,2026-09-25,2026-09-25T09:34:51.242602-04:00,159.8,-0.0563
QCOM-20260925T13343205761,QCOM,2026-09-25,2026-09-25T09:34:51.242602-04:00,196.21,-0.1616
CAI-20260925T13334110754,CAI,2026-09-25,2026-09-25T09:34:54.438927-04:00,32.21,-0.8313
CRDO-20260925T13334114517,CRDO,2026-09-25,2026-09-25T09:34:54.438927-04:00,205.475,0.6885
CDNS-20260925T13334464254,CDNS,2026-09-25,2026-09-25T09:34:54.438927-04:00,328.3,-0.3681
INTC-20260925T13335149316,INTC,2026-09-25,2026-09-25T09:34:54.438927-04:00,125.8,0.303
NBIS-20260925T13335153316,NBIS,2026-09-25,2026-09-25T09:34:54.438927-04:00,243.92,0.1208
BMNR-20260925T13341565714,BMNR,2026-09-25,2026-09-25T09:34:54.438927-04:00,27.8123,0.1014
MSTR-20260925T13342216901,MSTR,2026-09-25,2026-09-25T09:34:54.438927-04:00,159.87,-0.0125
QCOM-20260925T13343205761,QCOM,2026-09-25,2026-09-25T09:34:54.438927-04:00,196.22,-0.1565
CAI-20260925T13334110754,CAI,2026-09-25,2026-09-25T09:34:57.926832-04:00,32.21,-0.8313
CRDO-20260925T13334114517,CRDO,2026-09-25,2026-09-25T09:34:57.926832-04:00,205.7,0.7987
CDNS-20260925T13334464254,CDNS,2026-09-25,2026-09-25T09:34:57.926832-04:00,328.76,-0.2285
INTC-20260925T13335149316,INTC,2026-09-25,2026-09-25T09:34:57.926832-04:00,125.8,0.303
NBIS-20260925T13335153316,NBIS,2026-09-25,2026-09-25T09:34:57.926832-04:00,244.1,0.1947
BMNR-20260925T13341565714,BMNR,2026-09-25,2026-09-25T09:34:57.926832-04:00,27.82,0.1291
MSTR-20260925T13342216901,MSTR,2026-09-25,2026-09-25T09:34:57.926832-04:00,159.78,-0.0688
QCOM-20260925T13343205761,QCOM,2026-09-25,2026-09-25T09:34:57.926832-04:00,196.24,-0.1463
CAI-20260925T13334110754,CAI,2026-09-25,2026-09-25T09:35:01.144729-04:00,32.21,-0.8313
CRDO-20260925T13334114517,CRDO,2026-09-25,2026-09-25T09:35:01.144729-04:00,206.0727,0.9814
CDNS-20260925T13334464254,CDNS,2026-09-25,2026-09-25T09:35:01.144729-04:00,328.3172,-0.3629
INTC-20260925T13335149316,INTC,2026-09-25,2026-09-25T09:35:01.144729-04:00,125.875,0.3628
NBIS-20260925T13335153316,NBIS,2026-09-25,2026-09-25T09:35:01.144729-04:00,244.46,0.3424
BMNR-20260925T13341565714,BMNR,2026-09-25,2026-09-25T09:35:01.144729-04:00,27.805,0.0751
MSTR-20260925T13342216901,MSTR,2026-09-25,2026-09-25T09:35:01.144729-04:00,159.675,-0.1345
QCOM-20260925T13343205761,QCOM,2026-09-25,2026-09-25T09:35:01.144729-04:00,195.522,-0.5116
CRWV-20260925T13345491480,CRWV,2026-09-25,2026-09-25T09:35:01.144729-04:00,89.705,0.0279
CAI-20260925T13334110754,CAI,2026-09-25,2026-09-25T09:35:04.958322-04:00,32.21,-0.8313
CRDO-20260925T13334114517,CRDO,2026-09-25,2026-09-25T09:35:04.958322-04:00,205.89,0.8919
CDNS-20260925T13334464254,CDNS,2026-09-25,2026-09-25T09:35:04.958322-04:00,327.6925,-0.5524
INTC-20260925T13335149316,INTC,2026-09-25,2026-09-25T09:35:04.958322-04:00,125.7272,0.2449
NBIS-20260925T13335153316,NBIS,2026-09-25,2026-09-25T09:35:04.958322-04:00,243.95,0.1331
BMNR-20260925T13341565714,BMNR,2026-09-25,2026-09-25T09:35:04.958322-04:00,27.77,-0.0508
MSTR-20260925T13342216901,MSTR,2026-09-25,2026-09-25T09:35:04.958322-04:00,159.525,-0.2283
QCOM-20260925T13343205761,QCOM,2026-09-25,2026-09-25T09:35:04.958322-04:00,195.5183,-0.5135
CRWV-20260925T13345491480,CRWV,2026-09-25,2026-09-25T09:35:04.958322-04:00,89.4616,-0.2435
CRDO-20260925T13334114517,CRDO,2026-09-25,2026-09-25T09:35:08.467043-04:00,206.0,0.9458
CDNS-20260925T13334464254,CDNS,2026-09-25,2026-09-25T09:35:08.467043-04:00,327.6925,-0.5524
INTC-20260925T13335149316,INTC,2026-09-25,2026-09-25T09:35:08.467043-04:00,125.68,0.2073
NBIS-20260925T13335153316,NBIS,2026-09-25,2026-09-25T09:35:08.467043-04:00,243.99,0.1495
BMNR-20260925T13341565714,BMNR,2026-09-25,2026-09-25T09:35:08.467043-04:00,27.76,-0.0868
MSTR-20260925T13342216901,MSTR,2026-09-25,2026-09-25T09:35:08.467043-04:00,159.665,-0.1407
QCOM-20260925T13343205761,QCOM,2026-09-25,2026-09-25T09:35:08.467043-04:00,196.73,0.103
CRWV-20260925T13345491480,CRWV,2026-09-25,2026-09-25T09:35:08.467043-04:00,89.68,0.0
CRDO-20260925T13334114517,CRDO,2026-09-25,2026-09-25T09:35:11.771991-04:00,205.7566,0.8265
CDNS-20260925T13334464254,CDNS,2026-09-25,2026-09-25T09:35:11.771991-04:00,328.76,-0.2285
INTC-20260925T13335149316,INTC,2026-09-25,2026-09-25T09:35:11.771991-04:00,125.32,-0.0797
NBIS-20260925T13335153316,NBIS,2026-09-25,2026-09-25T09:35:11.771991-04:00,243.51,-0.0475
BMNR-20260925T13341565714,BMNR,2026-09-25,2026-09-25T09:35:11.771991-04:00,27.79,0.0211
MSTR-20260925T13342216901,MSTR,2026-09-25,2026-09-25T09:35:11.771991-04:00,159.8832,-0.0043
QCOM-20260925T13343205761,QCOM,2026-09-25,2026-09-25T09:35:11.771991-04:00,196.7099,0.0928
CRWV-20260925T13345491480,CRWV,2026-09-25,2026-09-25T09:35:11.771991-04:00,89.62,-0.0669
CRDO-20260925T13334114517,CRDO,2026-09-25,2026-09-25T09:35:15.014009-04:00,205.45,0.6762
CDNS-20260925T13334464254,CDNS,2026-09-25,2026-09-25T09:35:15.014009-04:00,328.7849,-0.2209
INTC-20260925T13335149316,INTC,2026-09-25,2026-09-25T09:35:15.014009-04:00,125.3606,-0.0474
NBIS-20260925T13335153316,NBIS,2026-09-25,2026-09-25T09:35:15.014009-04:00,243.4255,-0.0822
BMNR-20260925T13341565714,BMNR,2026-09-25,2026-09-25T09:35:15.014009-04:00,27.8167,0.1172
MSTR-20260925T13342216901,MSTR,2026-09-25,2026-09-25T09:35:15.014009-04:00,160.0394,0.0934
QCOM-20260925T13343205761,QCOM,2026-09-25,2026-09-25T09:35:15.014009-04:00,196.8375,0.1577
CRWV-20260925T13345491480,CRWV,2026-09-25,2026-09-25T09:35:15.014009-04:00,89.8,0.1338
CRDO-20260925T13334114517,CRDO,2026-09-25,2026-09-25T09:35:18.386397-04:00,204.53,0.2254
CDNS-20260925T13334464254,CDNS,2026-09-25,2026-09-25T09:35:18.386397-04:00,328.7795,-0.2226
INTC-20260925T13335149316,INTC,2026-09-25,2026-09-25T09:35:18.386397-04:00,125.315,-0.0837
NBIS-20260925T13335153316,NBIS,2026-09-25,2026-09-25T09:35:18.386397-04:00,243.5192,-0.0437
BMNR-20260925T13341565714,BMNR,2026-09-25,2026-09-25T09:35:18.386397-04:00,27.7959,0.0424
MSTR-20260925T13342216901,MSTR,2026-09-25,2026-09-25T09:35:18.386397-04:00,160.16,0.1689
QCOM-20260925T13343205761,QCOM,2026-09-25,2026-09-25T09:35:18.386397-04:00,196.8,0.1387
CRWV-20260925T13345491480,CRWV,2026-09-25,2026-09-25T09:35:18.386397-04:00,89.67,-0.0112
AXTI-20260925T13350546545,AXTI,2026-09-25,2026-09-25T09:35:18.386397-04:00,76.145,-0.1508
CRDO-20260925T13334114517,CRDO,2026-09-25,2026-09-25T09:35:21.806730-04:00,205.07,0.49
CDNS-20260925T13334464254,CDNS,2026-09-25,2026-09-25T09:35:21.806730-04:00,328.745,-0.233
INTC-20260925T13335149316,INTC,2026-09-25,2026-09-25T09:35:21.806730-04:00,125.5,0.0638
NBIS-20260925T13335153316,NBIS,2026-09-25,2026-09-25T09:35:21.806730-04:00,242.9094,-0.294
BMNR-20260925T13341565714,BMNR,2026-09-25,2026-09-25T09:35:21.806730-04:00,27.785,0.0031
MSTR-20260925T13342216901,MSTR,2026-09-25,2026-09-25T09:35:21.806730-04:00,160.1432,0.1584
QCOM-20260925T13343205761,QCOM,2026-09-25,2026-09-25T09:35:21.806730-04:00,197.05,0.2659
CRWV-20260925T13345491480,CRWV,2026-09-25,2026-09-25T09:35:21.806730-04:00,89.665,-0.0167
AXTI-20260925T13350546545,AXTI,2026-09-25,2026-09-25T09:35:21.806730-04:00,76.11,-0.1967
CRDO-20260925T13334114517,CRDO,2026-09-25,2026-09-25T09:35:25.166488-04:00,205.4155,0.6593
CDNS-20260925T13334464254,CDNS,2026-09-25,2026-09-25T09:35:25.166488-04:00,328.83,-0.2072
INTC-20260925T13335149316,INTC,2026-09-25,2026-09-25T09:35:25.166488-04:00,125.5963,0.1406
NBIS-20260925T13335153316,NBIS,2026-09-25,2026-09-25T09:35:25.166488-04:00,243.09,-0.2199
BMNR-20260925T13341565714,BMNR,2026-09-25,2026-09-25T09:35:25.166488-04:00,27.81,0.0931
MSTR-20260925T13342216901,MSTR,2026-09-25,2026-09-25T09:35:25.166488-04:00,160.32,0.2689
QCOM-20260925T13343205761,QCOM,2026-09-25,2026-09-25T09:35:25.166488-04:00,197.06,0.271
CRWV-20260925T13345491480,CRWV,2026-09-25,2026-09-25T09:35:25.166488-04:00,89.625,-0.0613
AXTI-20260925T13350546545,AXTI,2026-09-25,2026-09-25T09:35:25.166488-04:00,76.05,-0.2754
CRDO-20260925T13334114517,CRDO,2026-09-25,2026-09-25T09:35:28.766059-04:00,205.14,0.5243
CDNS-20260925T13334464254,CDNS,2026-09-25,2026-09-25T09:35:28.766059-04:00,328.3101,-0.365
INTC-20260925T13335149316,INTC,2026-09-25,2026-09-25T09:35:28.766059-04:00,125.68,0.2073
NBIS-20260925T13335153316,NBIS,2026-09-25,2026-09-25T09:35:28.766059-04:00,243.545,-0.0331
BMNR-20260925T13341565714,BMNR,2026-09-25,2026-09-25T09:35:28.766059-04:00,27.83,0.1651
MSTR-20260925T13342216901,MSTR,2026-09-25,2026-09-25T09:35:28.766059-04:00,160.39,0.3127
QCOM-20260925T13343205761,QCOM,2026-09-25,2026-09-25T09:35:28.766059-04:00,197.2,0.3422
CRWV-20260925T13345491480,CRWV,2026-09-25,2026-09-25T09:35:28.766059-04:00,89.6697,-0.0115
AXTI-20260925T13350546545,AXTI,2026-09-25,2026-09-25T09:35:28.766059-04:00,76.0101,-0.3277
CRDO-20260925T13334114517,CRDO,2026-09-25,2026-09-25T09:35:32.042275-04:00,204.975,0.4435
CDNS-20260925T13334464254,CDNS,2026-09-25,2026-09-25T09:35:32.042275-04:00,328.685,-0.2512
INTC-20260925T13335149316,INTC,2026-09-25,2026-09-25T09:35:32.042275-04:00,125.57,0.1196
NBIS-20260925T13335153316,NBIS,2026-09-25,2026-09-25T09:35:32.042275-04:00,243.56,-0.027
BMNR-20260925T13341565714,BMNR,2026-09-25,2026-09-25T09:35:32.042275-04:00,27.79,0.0211
MSTR-20260925T13342216901,MSTR,2026-09-25,2026-09-25T09:35:32.042275-04:00,160.24,0.2189
QCOM-20260925T13343205761,QCOM,2026-09-25,2026-09-25T09:35:32.042275-04:00,197.035,0.2582
CRWV-20260925T13345491480,CRWV,2026-09-25,2026-09-25T09:35:32.042275-04:00,89.625,-0.0613
AXTI-20260925T13350546545,AXTI,2026-09-25,2026-09-25T09:35:32.042275-04:00,76.2527,-0.0096
CRDO-20260925T13334114517,CRDO,2026-09-25,2026-09-25T09:35:35.323276-04:00,204.78,0.3479
CDNS-20260925T13334464254,CDNS,2026-09-25,2026-09-25T09:35:35.323276-04:00,328.685,-0.2512
INTC-20260925T13335149316,INTC,2026-09-25,2026-09-25T09:35:35.323276-04:00,125.655,0.1874
NBIS-20260925T13335153316,NBIS,2026-09-25,2026-09-25T09:35:35.323276-04:00,243.446,-0.0738
BMNR-20260925T13341565714,BMNR,2026-09-25,2026-09-25T09:35:35.323276-04:00,27.8091,0.0899
MSTR-20260925T13342216901,MSTR,2026-09-25,2026-09-25T09:35:35.323276-04:00,160.295,0.2533
QCOM-20260925T13343205761,QCOM,2026-09-25,2026-09-25T09:35:35.323276-04:00,197.05,0.2659
CRWV-20260925T13345491480,CRWV,2026-09-25,2026-09-25T09:35:35.323276-04:00,89.6,-0.0892
AXTI-20260925T13350546545,AXTI,2026-09-25,2026-09-25T09:35:35.323276-04:00,76.18,-0.1049
CRDO-20260925T13334114517,CRDO,2026-09-25,2026-09-25T09:35:38.560323-04:00,204.64,0.2793
CDNS-20260925T13334464254,CDNS,2026-09-25,2026-09-25T09:35:38.560323-04:00,328.5007,-0.3072
INTC-20260925T13335149316,INTC,2026-09-25,2026-09-25T09:35:38.560323-04:00,125.745,0.2591
NBIS-20260925T13335153316,NBIS,2026-09-25,2026-09-25T09:35:38.560323-04:00,243.14,-0.1994
BMNR-20260925T13341565714,BMNR,2026-09-25,2026-09-25T09:35:38.560323-04:00,27.805,0.0751
MSTR-20260925T13342216901,MSTR,2026-09-25,2026-09-25T09:35:38.560323-04:00,160.29,0.2502
QCOM-20260925T13343205761,QCOM,2026-09-25,2026-09-25T09:35:38.560323-04:00,197.075,0.2786
CRWV-20260925T13345491480,CRWV,2026-09-25,2026-09-25T09:35:38.560323-04:00,89.63,-0.0558
AXTI-20260925T13350546545,AXTI,2026-09-25,2026-09-25T09:35:38.560323-04:00,76.11,-0.1967
CRDO-20260925T13334114517,CRDO,2026-09-25,2026-09-25T09:35:41.803299-04:00,204.5947,0.2571
CDNS-20260925T13334464254,CDNS,2026-09-25,2026-09-25T09:35:41.803299-04:00,328.69,-0.2497
INTC-20260925T13335149316,INTC,2026-09-25,2026-09-25T09:35:41.803299-04:00,125.75,0.2631
NBIS-20260925T13335153316,NBIS,2026-09-25,2026-09-25T09:35:41.803299-04:00,243.23,-0.1624
BMNR-20260925T13341565714,BMNR,2026-09-25,2026-09-25T09:35:41.803299-04:00,27.84,0.2011
MSTR-20260925T13342216901,MSTR,2026-09-25,2026-09-25T09:35:41.803299-04:00,160.54,0.4065
QCOM-20260925T13343205761,QCOM,2026-09-25,2026-09-25T09:35:41.803299-04:00,197.2,0.3422
CRWV-20260925T13345491480,CRWV,2026-09-25,2026-09-25T09:35:41.803299-04:00,89.57,-0.1227
AXTI-20260925T13350546545,AXTI,2026-09-25,2026-09-25T09:35:41.803299-04:00,76.12,-0.1836
CRDO-20260925T13334114517,CRDO,2026-09-25,2026-09-25T09:35:45.128922-04:00,204.18,0.0539
CDNS-20260925T13334464254,CDNS,2026-09-25,2026-09-25T09:35:45.128922-04:00,328.66,-0.2588
INTC-20260925T13335149316,INTC,2026-09-25,2026-09-25T09:35:45.128922-04:00,125.58,0.1276
NBIS-20260925T13335153316,NBIS,2026-09-25,2026-09-25T09:35:45.128922-04:00,243.2048,-0.1728
BMNR-20260925T13341565714,BMNR,2026-09-25,2026-09-25T09:35:45.128922-04:00,27.8349,0.1827
MSTR-20260925T13342216901,MSTR,2026-09-25,2026-09-25T09:35:45.128922-04:00,160.6064,0.4481
QCOM-20260925T13343205761,QCOM,2026-09-25,2026-09-25T09:35:45.128922-04:00,197.2086,0.3466
CRWV-20260925T13345491480,CRWV,2026-09-25,2026-09-25T09:35:45.128922-04:00,89.61,-0.0781
AXTI-20260925T13350546545,AXTI,2026-09-25,2026-09-25T09:35:45.128922-04:00,76.2225,-0.0492
CRDO-20260925T13334114517,CRDO,2026-09-25,2026-09-25T09:35:48.466574-04:00,204.08,0.0049
CDNS-20260925T13334464254,CDNS,2026-09-25,2026-09-25T09:35:48.466574-04:00,328.4789,-0.3138
INTC-20260925T13335149316,INTC,2026-09-25,2026-09-25T09:35:48.466574-04:00,125.5914,0.1367
NBIS-20260925T13335153316,NBIS,2026-09-25,2026-09-25T09:35:48.466574-04:00,243.01,-0.2527
BMNR-20260925T13341565714,BMNR,2026-09-25,2026-09-25T09:35:48.466574-04:00,27.86,0.2731
MSTR-20260925T13342216901,MSTR,2026-09-25,2026-09-25T09:35:48.466574-04:00,160.63,0.4628
QCOM-20260925T13343205761,QCOM,2026-09-25,2026-09-25T09:35:48.466574-04:00,197.29,0.388
CRWV-20260925T13345491480,CRWV,2026-09-25,2026-09-25T09:35:48.466574-04:00,89.57,-0.1227
AXTI-20260925T13350546545,AXTI,2026-09-25,2026-09-25T09:35:48.466574-04:00,76.17,-0.118
CRDO-20260925T13334114517,CRDO,2026-09-25,2026-09-25T09:35:51.844668-04:00,203.13,-0.4606
CDNS-20260925T13334464254,CDNS,2026-09-25,2026-09-25T09:35:51.844668-04:00,328.66,-0.2588
INTC-20260925T13335149316,INTC,2026-09-25,2026-09-25T09:35:51.844668-04:00,125.65,0.1834
NBIS-20260925T13335153316,NBIS,2026-09-25,2026-09-25T09:35:51.844668-04:00,243.115,-0.2096
BMNR-20260925T13341565714,BMNR,2026-09-25,2026-09-25T09:35:51.844668-04:00,27.865,0.2911
MSTR-20260925T13342216901,MSTR,2026-09-25,2026-09-25T09:35:51.844668-04:00,160.645,0.4722
QCOM-20260925T13343205761,QCOM,2026-09-25,2026-09-25T09:35:51.844668-04:00,195.7846,-0.378
CRWV-20260925T13345491480,CRWV,2026-09-25,2026-09-25T09:35:51.844668-04:00,89.59,-0.1004
AXTI-20260925T13350546545,AXTI,2026-09-25,2026-09-25T09:35:51.844668-04:00,76.2686,0.0113
GME-20260925T13354212248,GME,2026-09-25,2026-09-25T09:35:51.844668-04:00,24.8177,-0.1129
CRDO-20260925T13334114517,CRDO,2026-09-25,2026-09-25T09:35:55.133163-04:00,203.061,-0.4944
CDNS-20260925T13334464254,CDNS,2026-09-25,2026-09-25T09:35:55.133163-04:00,328.68,-0.2528
INTC-20260925T13335149316,INTC,2026-09-25,2026-09-25T09:35:55.133163-04:00,125.585,0.1316
NBIS-20260925T13335153316,NBIS,2026-09-25,2026-09-25T09:35:55.133163-04:00,243.25,-0.1542
BMNR-20260925T13341565714,BMNR,2026-09-25,2026-09-25T09:35:55.133163-04:00,27.86,0.2731
MSTR-20260925T13342216901,MSTR,2026-09-25,2026-09-25T09:35:55.133163-04:00,160.465,0.3596
QCOM-20260925T13343205761,QCOM,2026-09-25,2026-09-25T09:35:55.133163-04:00,197.02,0.2506
CRWV-20260925T13345491480,CRWV,2026-09-25,2026-09-25T09:35:55.133163-04:00,89.665,-0.0167
AXTI-20260925T13350546545,AXTI,2026-09-25,2026-09-25T09:35:55.133163-04:00,76.2,-0.0787
GME-20260925T13354212248,GME,2026-09-25,2026-09-25T09:35:55.133163-04:00,24.8,-0.1843
CRDO-20260925T13334114517,CRDO,2026-09-25,2026-09-25T09:35:58.449122-04:00,203.722,-0.1705
CDNS-20260925T13334464254,CDNS,2026-09-25,2026-09-25T09:35:58.449122-04:00,328.6545,-0.2605
INTC-20260925T13335149316,INTC,2026-09-25,2026-09-25T09:35:58.449122-04:00,125.635,0.1714
NBIS-20260925T13335153316,NBIS,2026-09-25,2026-09-25T09:35:58.449122-04:00,243.255,-0.1522
BMNR-20260925T13341565714,BMNR,2026-09-25,2026-09-25T09:35:58.449122-04:00,27.885,0.3631
MSTR-20260925T13342216901,MSTR,2026-09-25,2026-09-25T09:35:58.449122-04:00,160.505,0.3846
QCOM-20260925T13343205761,QCOM,2026-09-25,2026-09-25T09:35:58.449122-04:00,197.1698,0.3268
CRWV-20260925T13345491480,CRWV,2026-09-25,2026-09-25T09:35:58.449122-04:00,89.64,-0.0446
AXTI-20260925T13350546545,AXTI,2026-09-25,2026-09-25T09:35:58.449122-04:00,76.32,0.0787
GME-20260925T13354212248,GME,2026-09-25,2026-09-25T09:35:58.449122-04:00,24.795,-0.2044
CRDO-20260925T13334114517,CRDO,2026-09-25,2026-09-25T09:36:01.684972-04:00,203.56,-0.2499
CDNS-20260925T13334464254,CDNS,2026-09-25,2026-09-25T09:36:01.684972-04:00,328.525,-0.2998
INTC-20260925T13335149316,INTC,2026-09-25,2026-09-25T09:36:01.684972-04:00,125.605,0.1475
NBIS-20260925T13335153316,NBIS,2026-09-25,2026-09-25T09:36:01.684972-04:00,243.26,-0.1501
BMNR-20260925T13341565714,BMNR,2026-09-25,2026-09-25T09:36:01.684972-04:00,27.915,0.471
MSTR-20260925T13342216901,MSTR,2026-09-25,2026-09-25T09:36:01.684972-04:00,160.717,0.5172
QCOM-20260925T13343205761,QCOM,2026-09-25,2026-09-25T09:36:01.684972-04:00,197.055,0.2684
CRWV-20260925T13345491480,CRWV,2026-09-25,2026-09-25T09:36:01.684972-04:00,89.59,-0.1004
AXTI-20260925T13350546545,AXTI,2026-09-25,2026-09-25T09:36:01.684972-04:00,76.2595,-0.0007
GME-20260925T13354212248,GME,2026-09-25,2026-09-25T09:36:01.684972-04:00,24.794,-0.2084
CDNS-20260925T13334464254,CDNS,2026-09-25,2026-09-25T09:36:05.439828-04:00,328.525,-0.2998
INTC-20260925T13335149316,INTC,2026-09-25,2026-09-25T09:36:05.439828-04:00,125.5272,0.0855
NBIS-20260925T13335153316,NBIS,2026-09-25,2026-09-25T09:36:05.439828-04:00,243.295,-0.1357
BMNR-20260925T13341565714,BMNR,2026-09-25,2026-09-25T09:36:05.439828-04:00,27.935,0.543
MSTR-20260925T13342216901,MSTR,2026-09-25,2026-09-25T09:36:05.439828-04:00,160.785,0.5598
QCOM-20260925T13343205761,QCOM,2026-09-25,2026-09-25T09:36:05.439828-04:00,196.97,0.2252
CRWV-20260925T13345491480,CRWV,2026-09-25,2026-09-25T09:36:05.439828-04:00,89.61,-0.0781
AXTI-20260925T13350546545,AXTI,2026-09-25,2026-09-25T09:36:05.439828-04:00,76.4,0.1836
GME-20260925T13354212248,GME,2026-09-25,2026-09-25T09:36:05.439828-04:00,24.795,-0.2044
CDNS-20260925T13334464254,CDNS,2026-09-25,2026-09-25T09:36:08.741382-04:00,328.6685,-0.2562
INTC-20260925T13335149316,INTC,2026-09-25,2026-09-25T09:36:08.741382-04:00,125.58,0.1276
NBIS-20260925T13335153316,NBIS,2026-09-25,2026-09-25T09:36:08.741382-04:00,243.15,-0.1953
BMNR-20260925T13341565714,BMNR,2026-09-25,2026-09-25T09:36:08.741382-04:00,27.905,0.435
MSTR-20260925T13342216901,MSTR,2026-09-25,2026-09-25T09:36:08.741382-04:00,160.87,0.6129
QCOM-20260925T13343205761,QCOM,2026-09-25,2026-09-25T09:36:08.741382-04:00,197.11,0.2964
CRWV-20260925T13345491480,CRWV,2026-09-25,2026-09-25T09:36:08.741382-04:00,89.594,-0.0959
AXTI-20260925T13350546545,AXTI,2026-09-25,2026-09-25T09:36:08.741382-04:00,76.2705,0.0138
GME-20260925T13354212248,GME,2026-09-25,2026-09-25T09:36:08.741382-04:00,24.8,-0.1843
CDNS-20260925T13334464254,CDNS,2026-09-25,2026-09-25T09:36:12.153169-04:00,328.85,-0.2012
INTC-20260925T13335149316,INTC,2026-09-25,2026-09-25T09:36:12.153169-04:00,125.7,0.2232
NBIS-20260925T13335153316,NBIS,2026-09-25,2026-09-25T09:36:12.153169-04:00,243.34,-0.1173
BMNR-20260925T13341565714,BMNR,2026-09-25,2026-09-25T09:36:12.153169-04:00,27.885,0.3631
MSTR-20260925T13342216901,MSTR,2026-09-25,2026-09-25T09:36:12.153169-04:00,160.61,0.4503
QCOM-20260925T13343205761,QCOM,2026-09-25,2026-09-25T09:36:12.153169-04:00,197.03,0.2557
CRWV-20260925T13345491480,CRWV,2026-09-25,2026-09-25T09:36:12.153169-04:00,89.57,-0.1227
AXTI-20260925T13350546545,AXTI,2026-09-25,2026-09-25T09:36:12.153169-04:00,76.2899,0.0392
GME-20260925T13354212248,GME,2026-09-25,2026-09-25T09:36:12.153169-04:00,24.8,-0.1843
CDNS-20260925T13334464254,CDNS,2026-09-25,2026-09-25T09:36:15.465659-04:00,328.7379,-0.2352
INTC-20260925T13335149316,INTC,2026-09-25,2026-09-25T09:36:15.465659-04:00,125.6365,0.1726
NBIS-20260925T13335153316,NBIS,2026-09-25,2026-09-25T09:36:15.465659-04:00,243.32,-0.1255
BMNR-20260925T13341565714,BMNR,2026-09-25,2026-09-25T09:36:15.465659-04:00,27.905,0.435
MSTR-20260925T13342216901,MSTR,2026-09-25,2026-09-25T09:36:15.465659-04:00,160.705,0.5097
QCOM-20260925T13343205761,QCOM,2026-09-25,2026-09-25T09:36:15.465659-04:00,197.28,0.3829
CRWV-20260925T13345491480,CRWV,2026-09-25,2026-09-25T09:36:15.465659-04:00,89.63,-0.0558
AXTI-20260925T13350546545,AXTI,2026-09-25,2026-09-25T09:36:15.465659-04:00,76.35,0.118
GME-20260925T13354212248,GME,2026-09-25,2026-09-25T09:36:15.465659-04:00,24.775,-0.2849
CDNS-20260925T13334464254,CDNS,2026-09-25,2026-09-25T09:36:18.751839-04:00,328.5675,-0.2869
INTC-20260925T13335149316,INTC,2026-09-25,2026-09-25T09:36:18.751839-04:00,125.6,0.1435
NBIS-20260925T13335153316,NBIS,2026-09-25,2026-09-25T09:36:18.751839-04:00,243.165,-0.1891
BMNR-20260925T13341565714,BMNR,2026-09-25,2026-09-25T09:36:18.751839-04:00,27.895,0.3991
MSTR-20260925T13342216901,MSTR,2026-09-25,2026-09-25T09:36:18.751839-04:00,160.6029,0.4459
QCOM-20260925T13343205761,QCOM,2026-09-25,2026-09-25T09:36:18.751839-04:00,197.234,0.3595
CRWV-20260925T13345491480,CRWV,2026-09-25,2026-09-25T09:36:18.751839-04:00,89.624,-0.0624
AXTI-20260925T13350546545,AXTI,2026-09-25,2026-09-25T09:36:18.751839-04:00,76.525,0.3475
GME-20260925T13354212248,GME,2026-09-25,2026-09-25T09:36:18.751839-04:00,24.81,-0.144
CDNS-20260925T13334464254,CDNS,2026-09-25,2026-09-25T09:36:22.020582-04:00,328.2012,-0.3981
INTC-20260925T13335149316,INTC,2026-09-25,2026-09-25T09:36:22.020582-04:00,125.525,0.0837
NBIS-20260925T13335153316,NBIS,2026-09-25,2026-09-25T09:36:22.020582-04:00,242.6493,-0.4008
BMNR-20260925T13341565714,BMNR,2026-09-25,2026-09-25T09:36:22.020582-04:00,27.84,0.2011
MSTR-20260925T13342216901,MSTR,2026-09-25,2026-09-25T09:36:22.020582-04:00,160.344,0.2839
QCOM-20260925T13343205761,QCOM,2026-09-25,2026-09-25T09:36:22.020582-04:00,197.3,0.3931
CRWV-20260925T13345491480,CRWV,2026-09-25,2026-09-25T09:36:22.020582-04:00,89.465,-0.2397
AXTI-20260925T13350546545,AXTI,2026-09-25,2026-09-25T09:36:22.020582-04:00,76.4396,0.2355
GME-20260925T13354212248,GME,2026-09-25,2026-09-25T09:36:22.020582-04:00,24.785,-0.2446
CDNS-20260925T13334464254,CDNS,2026-09-25,2026-09-25T09:36:25.326535-04:00,328.495,-0.3089
INTC-20260925T13335149316,INTC,2026-09-25,2026-09-25T09:36:25.326535-04:00,125.548,0.1021
NBIS-20260925T13335153316,NBIS,2026-09-25,2026-09-25T09:36:25.326535-04:00,242.388,-0.508
BMNR-20260925T13341565714,BMNR,2026-09-25,2026-09-25T09:36:25.326535-04:00,27.8014,0.0622
MSTR-20260925T13342216901,MSTR,2026-09-25,2026-09-25T09:36:25.326535-04:00,159.895,0.0031
QCOM-20260925T13343205761,QCOM,2026-09-25,2026-09-25T09:36:25.326535-04:00,197.3,0.3931
CRWV-20260925T13345491480,CRWV,2026-09-25,2026-09-25T09:36:25.326535-04:00,89.403,-0.3089
AXTI-20260925T13350546545,AXTI,2026-09-25,2026-09-25T09:36:25.326535-04:00,76.27,0.0131
GME-20260925T13354212248,GME,2026-09-25,2026-09-25T09:36:25.326535-04:00,24.785,-0.2446
CDNS-20260925T13334464254,CDNS,2026-09-25,2026-09-25T09:36:28.548727-04:00,328.49,-0.3104
INTC-20260925T13335149316,INTC,2026-09-25,2026-09-25T09:36:28.548727-04:00,125.43,0.008
NBIS-20260925T13335153316,NBIS,2026-09-25,2026-09-25T09:36:28.548727-04:00,242.12,-0.618
BMNR-20260925T13341565714,BMNR,2026-09-25,2026-09-25T09:36:28.548727-04:00,27.785,0.0031
MSTR-20260925T13342216901,MSTR,2026-09-25,2026-09-25T09:36:28.548727-04:00,159.925,0.0219
QCOM-20260925T13343205761,QCOM,2026-09-25,2026-09-25T09:36:28.548727-04:00,197.19,0.3371
CRWV-20260925T13345491480,CRWV,2026-09-25,2026-09-25T09:36:28.548727-04:00,89.285,-0.4405
AXTI-20260925T13350546545,AXTI,2026-09-25,2026-09-25T09:36:28.548727-04:00,76.33,0.0918
GME-20260925T13354212248,GME,2026-09-25,2026-09-25T09:36:28.548727-04:00,24.7845,-0.2467
CDNS-20260925T13334464254,CDNS,2026-09-25,2026-09-25T09:36:31.742352-04:00,328.49,-0.3104
INTC-20260925T13335149316,INTC,2026-09-25,2026-09-25T09:36:31.742352-04:00,125.5028,0.066
NBIS-20260925T13335153316,NBIS,2026-09-25,2026-09-25T09:36:31.742352-04:00,242.345,-0.5257
BMNR-20260925T13341565714,BMNR,2026-09-25,2026-09-25T09:36:31.742352-04:00,27.7967,0.0453
MSTR-20260925T13342216901,MSTR,2026-09-25,2026-09-25T09:36:31.742352-04:00,159.945,0.0344
QCOM-20260925T13343205761,QCOM,2026-09-25,2026-09-25T09:36:31.742352-04:00,197.335,0.4109
CRWV-20260925T13345491480,CRWV,2026-09-25,2026-09-25T09:36:31.742352-04:00,89.3625,-0.354
AXTI-20260925T13350546545,AXTI,2026-09-25,2026-09-25T09:36:31.742352-04:00,76.4357,0.2304
GME-20260925T13354212248,GME,2026-09-25,2026-09-25T09:36:31.742352-04:00,24.7935,-0.2104
CDNS-20260925T13334464254,CDNS,2026-09-25,2026-09-25T09:36:34.953626-04:00,328.21,-0.3954
INTC-20260925T13335149316,INTC,2026-09-25,2026-09-25T09:36:34.953626-04:00,125.5201,0.0798
NBIS-20260925T13335153316,NBIS,2026-09-25,2026-09-25T09:36:34.953626-04:00,242.345,-0.5257
BMNR-20260925T13341565714,BMNR,2026-09-25,2026-09-25T09:36:34.953626-04:00,27.8086,0.0881
MSTR-20260925T13342216901,MSTR,2026-09-25,2026-09-25T09:36:34.953626-04:00,159.9789,0.0556
QCOM-20260925T13343205761,QCOM,2026-09-25,2026-09-25T09:36:34.953626-04:00,197.3,0.3931
CRWV-20260925T13345491480,CRWV,2026-09-25,2026-09-25T09:36:34.953626-04:00,89.48,-0.223
AXTI-20260925T13350546545,AXTI,2026-09-25,2026-09-25T09:36:34.953626-04:00,76.278,0.0236
GME-20260925T13354212248,GME,2026-09-25,2026-09-25T09:36:34.953626-04:00,24.79,-0.2245
CDNS-20260925T13334464254,CDNS,2026-09-25,2026-09-25T09:36:38.162507-04:00,328.47,-0.3165
INTC-20260925T13335149316,INTC,2026-09-25,2026-09-25T09:36:38.162507-04:00,125.55,0.1037
NBIS-20260925T13335153316,NBIS,2026-09-25,2026-09-25T09:36:38.162507-04:00,242.71,-0.3759
BMNR-20260925T13341565714,BMNR,2026-09-25,2026-09-25T09:36:38.162507-04:00,27.81,0.0931
MSTR-20260925T13342216901,MSTR,2026-09-25,2026-09-25T09:36:38.162507-04:00,159.975,0.0532
QCOM-20260925T13343205761,QCOM,2026-09-25,2026-09-25T09:36:38.162507-04:00,197.3111,0.3987
CRWV-20260925T13345491480,CRWV,2026-09-25,2026-09-25T09:36:38.162507-04:00,89.45,-0.2565
AXTI-20260925T13350546545,AXTI,2026-09-25,2026-09-25T09:36:38.162507-04:00,76.4841,0.2939
GME-20260925T13354212248,GME,2026-09-25,2026-09-25T09:36:38.162507-04:00,24.78,-0.2648
CDNS-20260925T13334464254,CDNS,2026-09-25,2026-09-25T09:36:41.439949-04:00,328.43,-0.3286
INTC-20260925T13335149316,INTC,2026-09-25,2026-09-25T09:36:41.439949-04:00,125.4195,-0.0004
NBIS-20260925T13335153316,NBIS,2026-09-25,2026-09-25T09:36:41.439949-04:00,242.5939,-0.4235
BMNR-20260925T13341565714,BMNR,2026-09-25,2026-09-25T09:36:41.439949-04:00,27.8286,0.1601
MSTR-20260925T13342216901,MSTR,2026-09-25,2026-09-25T09:36:41.439949-04:00,160.07,0.1126
QCOM-20260925T13343205761,QCOM,2026-09-25,2026-09-25T09:36:41.439949-04:00,197.6317,0.5619
CRWV-20260925T13345491480,CRWV,2026-09-25,2026-09-25T09:36:41.439949-04:00,89.46,-0.2453
AXTI-20260925T13350546545,AXTI,2026-09-25,2026-09-25T09:36:41.439949-04:00,76.4556,0.2565
GME-20260925T13354212248,GME,2026-09-25,2026-09-25T09:36:41.439949-04:00,24.785,-0.2446
CDNS-20260925T13334464254,CDNS,2026-09-25,2026-09-25T09:36:44.660946-04:00,328.3788,-0.3442
INTC-20260925T13335149316,INTC,2026-09-25,2026-09-25T09:36:44.660946-04:00,125.37,-0.0399
NBIS-20260925T13335153316,NBIS,2026-09-25,2026-09-25T09:36:44.660946-04:00,242.565,-0.4354
BMNR-20260925T13341565714,BMNR,2026-09-25,2026-09-25T09:36:44.660946-04:00,27.825,0.1471
MSTR-20260925T13342216901,MSTR,2026-09-25,2026-09-25T09:36:44.660946-04:00,160.0,0.0688
QCOM-20260925T13343205761,QCOM,2026-09-25,2026-09-25T09:36:44.660946-04:00,197.71,0.6017
CRWV-20260925T13345491480,CRWV,2026-09-25,2026-09-25T09:36:44.660946-04:00,89.35,-0.368
AXTI-20260925T13350546545,AXTI,2026-09-25,2026-09-25T09:36:44.660946-04:00,76.395,0.177
GME-20260925T13354212248,GME,2026-09-25,2026-09-25T09:36:44.660946-04:00,24.81,-0.144
CDNS-20260925T13334464254,CDNS,2026-09-25,2026-09-25T09:36:47.862128-04:00,328.5376,-0.296
INTC-20260925T13335149316,INTC,2026-09-25,2026-09-25T09:36:47.862128-04:00,125.414,-0.0048
NBIS-20260925T13335153316,NBIS,2026-09-25,2026-09-25T09:36:47.862128-04:00,242.64,-0.4046
BMNR-20260925T13341565714,BMNR,2026-09-25,2026-09-25T09:36:47.862128-04:00,27.835,0.1831
MSTR-20260925T13342216901,MSTR,2026-09-25,2026-09-25T09:36:47.862128-04:00,159.93,0.025
QCOM-20260925T13343205761,QCOM,2026-09-25,2026-09-25T09:36:47.862128-04:00,197.725,0.6093
CRWV-20260925T13345491480,CRWV,2026-09-25,2026-09-25T09:36:47.862128-04:00,89.345,-0.3736
AXTI-20260925T13350546545,AXTI,2026-09-25,2026-09-25T09:36:47.862128-04:00,76.38,0.1574
GME-20260925T13354212248,GME,2026-09-25,2026-09-25T09:36:47.862128-04:00,24.81,-0.144
CDNS-20260925T13334464254,CDNS,2026-09-25,2026-09-25T09:36:51.094431-04:00,328.53,-0.2983
INTC-20260925T13335149316,INTC,2026-09-25,2026-09-25T09:36:51.094431-04:00,125.5,0.0638
NBIS-20260925T13335153316,NBIS,2026-09-25,2026-09-25T09:36:51.094431-04:00,242.55,-0.4415
BMNR-20260925T13341565714,BMNR,2026-09-25,2026-09-25T09:36:51.094431-04:00,27.84,0.2011
MSTR-20260925T13342216901,MSTR,2026-09-25,2026-09-25T09:36:51.094431-04:00,160.05,0.1001
QCOM-20260925T13343205761,QCOM,2026-09-25,2026-09-25T09:36:51.094431-04:00,198.145,0.823
CRWV-20260925T13345491480,CRWV,2026-09-25,2026-09-25T09:36:51.094431-04:00,89.31,-0.4126
AXTI-20260925T13350546545,AXTI,2026-09-25,2026-09-25T09:36:51.094431-04:00,76.365,0.1377
GME-20260925T13354212248,GME,2026-09-25,2026-09-25T09:36:51.094431-04:00,24.785,-0.2446
CDNS-20260925T13334464254,CDNS,2026-09-25,2026-09-25T09:36:54.417817-04:00,327.5,-0.6109
INTC-20260925T13335149316,INTC,2026-09-25,2026-09-25T09:36:54.417817-04:00,125.48,0.0478
NBIS-20260925T13335153316,NBIS,2026-09-25,2026-09-25T09:36:54.417817-04:00,242.27,-0.5565
BMNR-20260925T13341565714,BMNR,2026-09-25,2026-09-25T09:36:54.417817-04:00,27.85,0.2371
MSTR-20260925T13342216901,MSTR,2026-09-25,2026-09-25T09:36:54.417817-04:00,160.07,0.1126
QCOM-20260925T13343205761,QCOM,2026-09-25,2026-09-25T09:36:54.417817-04:00,198.2035,0.8528
CRWV-20260925T13345491480,CRWV,2026-09-25,2026-09-25T09:36:54.417817-04:00,89.39,-0.3234
AXTI-20260925T13350546545,AXTI,2026-09-25,2026-09-25T09:36:54.417817-04:00,75.8242,-0.5715
GME-20260925T13354212248,GME,2026-09-25,2026-09-25T09:36:54.417817-04:00,24.7801,-0.2644
CDNS-20260925T13334464254,CDNS,2026-09-25,2026-09-25T09:36:57.709743-04:00,327.6479,-0.566
INTC-20260925T13335149316,INTC,2026-09-25,2026-09-25T09:36:57.709743-04:00,125.55,0.1037
NBIS-20260925T13335153316,NBIS,2026-09-25,2026-09-25T09:36:57.709743-04:00,242.3627,-0.5184
BMNR-20260925T13341565714,BMNR,2026-09-25,2026-09-25T09:36:57.709743-04:00,27.8586,0.268
MSTR-20260925T13342216901,MSTR,2026-09-25,2026-09-25T09:36:57.709743-04:00,160.21,0.2001
QCOM-20260925T13343205761,QCOM,2026-09-25,2026-09-25T09:36:57.709743-04:00,198.2802,0.8918
CRWV-20260925T13345491480,CRWV,2026-09-25,2026-09-25T09:36:57.709743-04:00,89.351,-0.3669
AXTI-20260925T13350546545,AXTI,2026-09-25,2026-09-25T09:36:57.709743-04:00,75.995,-0.3475
GME-20260925T13354212248,GME,2026-09-25,2026-09-25T09:36:57.709743-04:00,24.7867,-0.2378
CDNS-20260925T13334464254,CDNS,2026-09-25,2026-09-25T09:37:01.047470-04:00,327.5,-0.6109
INTC-20260925T13335149316,INTC,2026-09-25,2026-09-25T09:37:01.047470-04:00,125.55,0.1037
NBIS-20260925T13335153316,NBIS,2026-09-25,2026-09-25T09:37:01.047470-04:00,242.188,-0.5901
BMNR-20260925T13341565714,BMNR,2026-09-25,2026-09-25T09:37:01.047470-04:00,27.84,0.2011
MSTR-20260925T13342216901,MSTR,2026-09-25,2026-09-25T09:37:01.047470-04:00,160.1586,0.168
QCOM-20260925T13343205761,QCOM,2026-09-25,2026-09-25T09:37:01.047470-04:00,198.24,0.8714
CRWV-20260925T13345491480,CRWV,2026-09-25,2026-09-25T09:37:01.047470-04:00,89.35,-0.368
AXTI-20260925T13350546545,AXTI,2026-09-25,2026-09-25T09:37:01.047470-04:00,75.91,-0.459
GME-20260925T13354212248,GME,2026-09-25,2026-09-25T09:37:01.047470-04:00,24.7875,-0.2346
CDNS-20260925T13334464254,CDNS,2026-09-25,2026-09-25T09:37:04.603099-04:00,327.465,-0.6215
INTC-20260925T13335149316,INTC,2026-09-25,2026-09-25T09:37:04.603099-04:00,125.57,0.1196
BMNR-20260925T13341565714,BMNR,2026-09-25,2026-09-25T09:37:04.603099-04:00,27.805,0.0751
MSTR-20260925T13342216901,MSTR,2026-09-25,2026-09-25T09:37:04.603099-04:00,159.954,0.04
QCOM-20260925T13343205761,QCOM,2026-09-25,2026-09-25T09:37:04.603099-04:00,196.2744,-0.1288
CRWV-20260925T13345491480,CRWV,2026-09-25,2026-09-25T09:37:04.603099-04:00,89.33,-0.3903
AXTI-20260925T13350546545,AXTI,2026-09-25,2026-09-25T09:37:04.603099-04:00,75.9605,-0.3927
GME-20260925T13354212248,GME,2026-09-25,2026-09-25T09:37:04.603099-04:00,24.7826,-0.2543
CDNS-20260925T13334464254,CDNS,2026-09-25,2026-09-25T09:37:08.101115-04:00,327.28,-0.6776
INTC-20260925T13335149316,INTC,2026-09-25,2026-09-25T09:37:08.101115-04:00,125.525,0.0837
BMNR-20260925T13341565714,BMNR,2026-09-25,2026-09-25T09:37:08.101115-04:00,27.8,0.0571
MSTR-20260925T13342216901,MSTR,2026-09-25,2026-09-25T09:37:08.101115-04:00,159.845,-0.0281
QCOM-20260925T13343205761,QCOM,2026-09-25,2026-09-25T09:37:08.101115-04:00,198.26,0.8816
CRWV-20260925T13345491480,CRWV,2026-09-25,2026-09-25T09:37:08.101115-04:00,89.199,-0.5364
AXTI-20260925T13350546545,AXTI,2026-09-25,2026-09-25T09:37:08.101115-04:00,76.2015,-0.0767
GME-20260925T13354212248,GME,2026-09-25,2026-09-25T09:37:08.101115-04:00,24.77,-0.305
MXL-20260925T13370160205,MXL,2026-09-25,2026-09-25T09:37:08.101115-04:00,86.7209,-0.3666
CDNS-20260925T13334464254,CDNS,2026-09-25,2026-09-25T09:37:11.497564-04:00,327.998,-0.4597
INTC-20260925T13335149316,INTC,2026-09-25,2026-09-25T09:37:11.497564-04:00,125.5309,0.0884
BMNR-20260925T13341565714,BMNR,2026-09-25,2026-09-25T09:37:11.497564-04:00,27.7914,0.0262
MSTR-20260925T13342216901,MSTR,2026-09-25,2026-09-25T09:37:11.497564-04:00,159.7616,-0.0803
QCOM-20260925T13343205761,QCOM,2026-09-25,2026-09-25T09:37:11.497564-04:00,197.29,0.388
CRWV-20260925T13345491480,CRWV,2026-09-25,2026-09-25T09:37:11.497564-04:00,89.18,-0.5575
AXTI-20260925T13350546545,AXTI,2026-09-25,2026-09-25T09:37:11.497564-04:00,76.095,-0.2164
GME-20260925T13354212248,GME,2026-09-25,2026-09-25T09:37:11.497564-04:00,24.75,-0.3855
MXL-20260925T13370160205,MXL,2026-09-25,2026-09-25T09:37:11.497564-04:00,86.87,-0.1953
CDNS-20260925T13334464254,CDNS,2026-09-25,2026-09-25T09:37:15.021201-04:00,327.225,-0.6943
INTC-20260925T13335149316,INTC,2026-09-25,2026-09-25T09:37:15.021201-04:00,125.555,0.1076
BMNR-20260925T13341565714,BMNR,2026-09-25,2026-09-25T09:37:15.021201-04:00,27.795,0.0391
MSTR-20260925T13342216901,MSTR,2026-09-25,2026-09-25T09:37:15.021201-04:00,159.835,-0.0344
QCOM-20260925T13343205761,QCOM,2026-09-25,2026-09-25T09:37:15.021201-04:00,198.34,0.9223
CRWV-20260925T13345491480,CRWV,2026-09-25,2026-09-25T09:37:15.021201-04:00,89.4496,-0.2569
AXTI-20260925T13350546545,AXTI,2026-09-25,2026-09-25T09:37:15.021201-04:00,75.9,-0.4721
GME-20260925T13354212248,GME,2026-09-25,2026-09-25T09:37:15.021201-04:00,24.755,-0.3654
MXL-20260925T13370160205,MXL,2026-09-25,2026-09-25T09:37:15.021201-04:00,86.87,-0.1953
CDNS-20260925T13334464254,CDNS,2026-09-25,2026-09-25T09:37:18.367865-04:00,327.37,-0.6503
INTC-20260925T13335149316,INTC,2026-09-25,2026-09-25T09:37:18.367865-04:00,125.6098,0.1513
BMNR-20260925T13341565714,BMNR,2026-09-25,2026-09-25T09:37:18.367865-04:00,27.818,0.1219
MSTR-20260925T13342216901,MSTR,2026-09-25,2026-09-25T09:37:18.367865-04:00,159.8,-0.0563
QCOM-20260925T13343205761,QCOM,2026-09-25,2026-09-25T09:37:18.367865-04:00,198.2688,0.886
CRWV-20260925T13345491480,CRWV,2026-09-25,2026-09-25T09:37:18.367865-04:00,89.235,-0.4962
AXTI-20260925T13350546545,AXTI,2026-09-25,2026-09-25T09:37:18.367865-04:00,75.93,-0.4327
GME-20260925T13354212248,GME,2026-09-25,2026-09-25T09:37:18.367865-04:00,24.745,-0.4056
MXL-20260925T13370160205,MXL,2026-09-25,2026-09-25T09:37:18.367865-04:00,86.875,-0.1896
CDNS-20260925T13334464254,CDNS,2026-09-25,2026-09-25T09:37:21.646046-04:00,327.34,-0.6594
INTC-20260925T13335149316,INTC,2026-09-25,2026-09-25T09:37:21.646046-04:00,125.53,0.0877
BMNR-20260925T13341565714,BMNR,2026-09-25,2026-09-25T09:37:21.646046-04:00,27.8184,0.1234
MSTR-20260925T13342216901,MSTR,2026-09-25,2026-09-25T09:37:21.646046-04:00,160.0,0.0688
QCOM-20260925T13343205761,QCOM,2026-09-25,2026-09-25T09:37:21.646046-04:00,198.355,0.9299
CRWV-20260925T13345491480,CRWV,2026-09-25,2026-09-25T09:37:21.646046-04:00,89.24,-0.4906
AXTI-20260925T13350546545,AXTI,2026-09-25,2026-09-25T09:37:21.646046-04:00,76.0,-0.3409
GME-20260925T13354212248,GME,2026-09-25,2026-09-25T09:37:21.646046-04:00,24.745,-0.4056
MXL-20260925T13370160205,MXL,2026-09-25,2026-09-25T09:37:21.646046-04:00,86.87,-0.1953
CDNS-20260925T13334464254,CDNS,2026-09-25,2026-09-25T09:37:24.879448-04:00,327.3594,-0.6535
INTC-20260925T13335149316,INTC,2026-09-25,2026-09-25T09:37:24.879448-04:00,125.61,0.1515
BMNR-20260925T13341565714,BMNR,2026-09-25,2026-09-25T09:37:24.879448-04:00,27.8186,0.1241
MSTR-20260925T13342216901,MSTR,2026-09-25,2026-09-25T09:37:24.879448-04:00,160.11,0.1376
QCOM-20260925T13343205761,QCOM,2026-09-25,2026-09-25T09:37:24.879448-04:00,198.29,0.8968
CRWV-20260925T13345491480,CRWV,2026-09-25,2026-09-25T09:37:24.879448-04:00,89.3648,-0.3515
AXTI-20260925T13350546545,AXTI,2026-09-25,2026-09-25T09:37:24.879448-04:00,76.0,-0.3409
GME-20260925T13354212248,GME,2026-09-25,2026-09-25T09:37:24.879448-04:00,24.75,-0.3855
MXL-20260925T13370160205,MXL,2026-09-25,2026-09-25T09:37:24.879448-04:00,86.87,-0.1953
CDNS-20260925T13334464254,CDNS,2026-09-25,2026-09-25T09:37:28.243800-04:00,327.2,-0.7019
INTC-20260925T13335149316,INTC,2026-09-25,2026-09-25T09:37:28.243800-04:00,125.6,0.1435
BMNR-20260925T13341565714,BMNR,2026-09-25,2026-09-25T09:37:28.243800-04:00,27.8286,0.1601
MSTR-20260925T13342216901,MSTR,2026-09-25,2026-09-25T09:37:28.243800-04:00,160.205,0.197
QCOM-20260925T13343205761,QCOM,2026-09-25,2026-09-25T09:37:28.243800-04:00,198.34,0.9223
CRWV-20260925T13345491480,CRWV,2026-09-25,2026-09-25T09:37:28.243800-04:00,89.52,-0.1784
AXTI-20260925T13350546545,AXTI,2026-09-25,2026-09-25T09:37:28.243800-04:00,75.98,-0.3672
GME-20260925T13354212248,GME,2026-09-25,2026-09-25T09:37:28.243800-04:00,24.73,-0.466
MXL-20260925T13370160205,MXL,2026-09-25,2026-09-25T09:37:28.243800-04:00,86.9083,-0.1513
CDNS-20260925T13334464254,CDNS,2026-09-25,2026-09-25T09:37:31.592412-04:00,327.48,-0.6169
INTC-20260925T13335149316,INTC,2026-09-25,2026-09-25T09:37:31.592412-04:00,125.555,0.1076
BMNR-20260925T13341565714,BMNR,2026-09-25,2026-09-25T09:37:31.592412-04:00,27.84,0.2011
MSTR-20260925T13342216901,MSTR,2026-09-25,2026-09-25T09:37:31.592412-04:00,160.386,0.3102
QCOM-20260925T13343205761,QCOM,2026-09-25,2026-09-25T09:37:31.592412-04:00,198.34,0.9223
CRWV-20260925T13345491480,CRWV,2026-09-25,2026-09-25T09:37:31.592412-04:00,89.55,-0.145
AXTI-20260925T13350546545,AXTI,2026-09-25,2026-09-25T09:37:31.592412-04:00,76.222,-0.0498
GME-20260925T13354212248,GME,2026-09-25,2026-09-25T09:37:31.592412-04:00,24.725,-0.4861
MXL-20260925T13370160205,MXL,2026-09-25,2026-09-25T09:37:31.592412-04:00,87.0399,-0.0001
CDNS-20260925T13334464254,CDNS,2026-09-25,2026-09-25T09:37:34.873572-04:00,327.115,-0.7277
INTC-20260925T13335149316,INTC,2026-09-25,2026-09-25T09:37:34.873572-04:00,125.52,0.0797
BMNR-20260925T13341565714,BMNR,2026-09-25,2026-09-25T09:37:34.873572-04:00,27.87,0.3091
MSTR-20260925T13342216901,MSTR,2026-09-25,2026-09-25T09:37:34.873572-04:00,160.63,0.4628
QCOM-20260925T13343205761,QCOM,2026-09-25,2026-09-25T09:37:34.873572-04:00,198.184,0.8429
CRWV-20260925T13345491480,CRWV,2026-09-25,2026-09-25T09:37:34.873572-04:00,89.7,0.0223
AXTI-20260925T13350546545,AXTI,2026-09-25,2026-09-25T09:37:34.873572-04:00,76.03,-0.3016
GME-20260925T13354212248,GME,2026-09-25,2026-09-25T09:37:34.873572-04:00,24.71,-0.5465
MXL-20260925T13370160205,MXL,2026-09-25,2026-09-25T09:37:34.873572-04:00,87.0399,-0.0001
CDNS-20260925T13334464254,CDNS,2026-09-25,2026-09-25T09:37:38.345700-04:00,326.958,-0.7753
INTC-20260925T13335149316,INTC,2026-09-25,2026-09-25T09:37:38.345700-04:00,125.575,0.1236
BMNR-20260925T13341565714,BMNR,2026-09-25,2026-09-25T09:37:38.345700-04:00,27.865,0.2911
MSTR-20260925T13342216901,MSTR,2026-09-25,2026-09-25T09:37:38.345700-04:00,160.49,0.3753
QCOM-20260925T13343205761,QCOM,2026-09-25,2026-09-25T09:37:38.345700-04:00,198.3095,0.9067
CRWV-20260925T13345491480,CRWV,2026-09-25,2026-09-25T09:37:38.345700-04:00,89.64,-0.0446
AXTI-20260925T13350546545,AXTI,2026-09-25,2026-09-25T09:37:38.345700-04:00,76.3666,0.1398
GME-20260925T13354212248,GME,2026-09-25,2026-09-25T09:37:38.345700-04:00,24.7099,-0.5469
MXL-20260925T13370160205,MXL,2026-09-25,2026-09-25T09:37:38.345700-04:00,87.19,0.1723
CDNS-20260925T13334464254,CDNS,2026-09-25,2026-09-25T09:37:41.692107-04:00,327.11,-0.7292
INTC-20260925T13335149316,INTC,2026-09-25,2026-09-25T09:37:41.692107-04:00,125.6493,0.1828
BMNR-20260925T13341565714,BMNR,2026-09-25,2026-09-25T09:37:41.692107-04:00,27.845,0.2191
MSTR-20260925T13342216901,MSTR,2026-09-25,2026-09-25T09:37:41.692107-04:00,160.399,0.3183
QCOM-20260925T13343205761,QCOM,2026-09-25,2026-09-25T09:37:41.692107-04:00,198.48,0.9935
CRWV-20260925T13345491480,CRWV,2026-09-25,2026-09-25T09:37:41.692107-04:00,89.643,-0.0413
AXTI-20260925T13350546545,AXTI,2026-09-25,2026-09-25T09:37:41.692107-04:00,76.26,0.0
GME-20260925T13354212248,GME,2026-09-25,2026-09-25T09:37:41.692107-04:00,24.7075,-0.5566
MXL-20260925T13370160205,MXL,2026-09-25,2026-09-25T09:37:41.692107-04:00,87.19,0.1723
CDNS-20260925T13334464254,CDNS,2026-09-25,2026-09-25T09:37:45.014788-04:00,327.16,-0.714
INTC-20260925T13335149316,INTC,2026-09-25,2026-09-25T09:37:45.014788-04:00,125.67,0.1993
BMNR-20260925T13341565714,BMNR,2026-09-25,2026-09-25T09:37:45.014788-04:00,27.84,0.2011
MSTR-20260925T13342216901,MSTR,2026-09-25,2026-09-25T09:37:45.014788-04:00,160.35,0.2877
QCOM-20260925T13343205761,QCOM,2026-09-25,2026-09-25T09:37:45.014788-04:00,198.43,0.9681
CRWV-20260925T13345491480,CRWV,2026-09-25,2026-09-25T09:37:45.014788-04:00,89.645,-0.039
AXTI-20260925T13350546545,AXTI,2026-09-25,2026-09-25T09:37:45.014788-04:00,76.27,0.0131
GME-20260925T13354212248,GME,2026-09-25,2026-09-25T09:37:45.014788-04:00,24.705,-0.5666
MXL-20260925T13370160205,MXL,2026-09-25,2026-09-25T09:37:45.014788-04:00,87.11,0.0804
CDNS-20260925T13334464254,CDNS,2026-09-25,2026-09-25T09:37:48.387649-04:00,327.44,-0.6291
INTC-20260925T13335149316,INTC,2026-09-25,2026-09-25T09:37:48.387649-04:00,125.6924,0.2172
BMNR-20260925T13341565714,BMNR,2026-09-25,2026-09-25T09:37:48.387649-04:00,27.84,0.2011
MSTR-20260925T13342216901,MSTR,2026-09-25,2026-09-25T09:37:48.387649-04:00,160.305,0.2596
QCOM-20260925T13343205761,QCOM,2026-09-25,2026-09-25T09:37:48.387649-04:00,198.5684,1.0385
CRWV-20260925T13345491480,CRWV,2026-09-25,2026-09-25T09:37:48.387649-04:00,89.645,-0.039
AXTI-20260925T13350546545,AXTI,2026-09-25,2026-09-25T09:37:48.387649-04:00,76.43,0.2229
GME-20260925T13354212248,GME,2026-09-25,2026-09-25T09:37:48.387649-04:00,24.7017,-0.5799
MXL-20260925T13370160205,MXL,2026-09-25,2026-09-25T09:37:48.387649-04:00,87.2743,0.2692
CDNS-20260925T13334464254,CDNS,2026-09-25,2026-09-25T09:37:51.845498-04:00,327.525,-0.6033
INTC-20260925T13335149316,INTC,2026-09-25,2026-09-25T09:37:51.845498-04:00,125.72,0.2392
BMNR-20260925T13341565714,BMNR,2026-09-25,2026-09-25T09:37:51.845498-04:00,27.815,0.1111
MSTR-20260925T13342216901,MSTR,2026-09-25,2026-09-25T09:37:51.845498-04:00,160.15,0.1626
QCOM-20260925T13343205761,QCOM,2026-09-25,2026-09-25T09:37:51.845498-04:00,198.61,1.0596
CRWV-20260925T13345491480,CRWV,2026-09-25,2026-09-25T09:37:51.845498-04:00,89.67,-0.0112
AXTI-20260925T13350546545,AXTI,2026-09-25,2026-09-25T09:37:51.845498-04:00,76.5519,0.3828
GME-20260925T13354212248,GME,2026-09-25,2026-09-25T09:37:51.845498-04:00,24.69,-0.627
MXL-20260925T13370160205,MXL,2026-09-25,2026-09-25T09:37:51.845498-04:00,87.1097,0.0801
CDNS-20260925T13334464254,CDNS,2026-09-25,2026-09-25T09:37:55.164112-04:00,327.2775,-0.6784
INTC-20260925T13335149316,INTC,2026-09-25,2026-09-25T09:37:55.164112-04:00,125.788,0.2934
BMNR-20260925T13341565714,BMNR,2026-09-25,2026-09-25T09:37:55.164112-04:00,27.81,0.0931
MSTR-20260925T13342216901,MSTR,2026-09-25,2026-09-25T09:37:55.164112-04:00,159.8058,-0.0527
QCOM-20260925T13343205761,QCOM,2026-09-25,2026-09-25T09:37:55.164112-04:00,198.54,1.024
CRWV-20260925T13345491480,CRWV,2026-09-25,2026-09-25T09:37:55.164112-04:00,89.75,0.0781
AXTI-20260925T13350546545,AXTI,2026-09-25,2026-09-25T09:37:55.164112-04:00,76.5992,0.4448
GME-20260925T13354212248,GME,2026-09-25,2026-09-25T09:37:55.164112-04:00,24.68,-0.6672
MXL-20260925T13370160205,MXL,2026-09-25,2026-09-25T09:37:55.164112-04:00,87.0868,0.0538
CDNS-20260925T13334464254,CDNS,2026-09-25,2026-09-25T09:37:58.454199-04:00,327.77,-0.5289
INTC-20260925T13335149316,INTC,2026-09-25,2026-09-25T09:37:58.454199-04:00,125.85,0.3428
BMNR-20260925T13341565714,BMNR,2026-09-25,2026-09-25T09:37:58.454199-04:00,27.82,0.1291
MSTR-20260925T13342216901,MSTR,2026-09-25,2026-09-25T09:37:58.454199-04:00,160.1981,0.1927
QCOM-20260925T13343205761,QCOM,2026-09-25,2026-09-25T09:37:58.454199-04:00,198.6,1.0546
CRWV-20260925T13345491480,CRWV,2026-09-25,2026-09-25T09:37:58.454199-04:00,89.76,0.0892
AXTI-20260925T13350546545,AXTI,2026-09-25,2026-09-25T09:37:58.454199-04:00,76.56,0.3934
GME-20260925T13354212248,GME,2026-09-25,2026-09-25T09:37:58.454199-04:00,24.6803,-0.666
MXL-20260925T13370160205,MXL,2026-09-25,2026-09-25T09:37:58.454199-04:00,87.0868,0.0538
CDNS-20260925T13334464254,CDNS,2026-09-25,2026-09-25T09:38:01.793055-04:00,327.95,-0.4743
INTC-20260925T13335149316,INTC,2026-09-25,2026-09-25T09:38:01.793055-04:00,125.89,0.3747
BMNR-20260925T13341565714,BMNR,2026-09-25,2026-09-25T09:38:01.793055-04:00,27.815,0.1111
MSTR-20260925T13342216901,MSTR,2026-09-25,2026-09-25T09:38:01.793055-04:00,160.08,0.1188
QCOM-20260925T13343205761,QCOM,2026-09-25,2026-09-25T09:38:01.793055-04:00,198.41,0.9579
CRWV-20260925T13345491480,CRWV,2026-09-25,2026-09-25T09:38:01.793055-04:00,89.7801,0.1116
AXTI-20260925T13350546545,AXTI,2026-09-25,2026-09-25T09:38:01.793055-04:00,76.5299,0.3539
GME-20260925T13354212248,GME,2026-09-25,2026-09-25T09:38:01.793055-04:00,24.7,-0.5868
MXL-20260925T13370160205,MXL,2026-09-25,2026-09-25T09:38:01.793055-04:00,87.27,0.2642
CDNS-20260925T13334464254,CDNS,2026-09-25,2026-09-25T09:38:05.308289-04:00,327.925,-0.4819
INTC-20260925T13335149316,INTC,2026-09-25,2026-09-25T09:38:05.308289-04:00,125.93,0.4066
BMNR-20260925T13341565714,BMNR,2026-09-25,2026-09-25T09:38:05.308289-04:00,27.815,0.1111
MSTR-20260925T13342216901,MSTR,2026-09-25,2026-09-25T09:38:05.308289-04:00,160.155,0.1657
CRWV-20260925T13345491480,CRWV,2026-09-25,2026-09-25T09:38:05.308289-04:00,89.97,0.3234
AXTI-20260925T13350546545,AXTI,2026-09-25,2026-09-25T09:38:05.308289-04:00,76.8,0.7081
GME-20260925T13354212248,GME,2026-09-25,2026-09-25T09:38:05.308289-04:00,24.69,-0.627
MXL-20260925T13370160205,MXL,2026-09-25,2026-09-25T09:38:05.308289-04:00,87.39,0.4021
CDNS-20260925T13334464254,CDNS,2026-09-25,2026-09-25T09:38:08.687030-04:00,328.4248,-0.3302
INTC-20260925T13335149316,INTC,2026-09-25,2026-09-25T09:38:08.687030-04:00,125.82,0.3189
BMNR-20260925T13341565714,BMNR,2026-09-25,2026-09-25T09:38:08.687030-04:00,27.81,0.0931
MSTR-20260925T13342216901,MSTR,2026-09-25,2026-09-25T09:38:08.687030-04:00,160.115,0.1407
CRWV-20260925T13345491480,CRWV,2026-09-25,2026-09-25T09:38:08.687030-04:00,89.97,0.3234
AXTI-20260925T13350546545,AXTI,2026-09-25,2026-09-25T09:38:08.687030-04:00,76.739,0.6281
GME-20260925T13354212248,GME,2026-09-25,2026-09-25T09:38:08.687030-04:00,24.72,-0.5063
MXL-20260925T13370160205,MXL,2026-09-25,2026-09-25T09:38:08.687030-04:00,87.5697,0.6086
KLAC-20260925T13380229659,KLAC,2026-09-25,2026-09-25T09:38:08.687030-04:00,187.345,-0.2754
CDNS-20260925T13334464254,CDNS,2026-09-25,2026-09-25T09:38:11.963115-04:00,328.14,-0.4166
INTC-20260925T13335149316,INTC,2026-09-25,2026-09-25T09:38:11.963115-04:00,125.78,0.287
BMNR-20260925T13341565714,BMNR,2026-09-25,2026-09-25T09:38:11.963115-04:00,27.84,0.2011
MSTR-20260925T13342216901,MSTR,2026-09-25,2026-09-25T09:38:11.963115-04:00,160.155,0.1657
CRWV-20260925T13345491480,CRWV,2026-09-25,2026-09-25T09:38:11.963115-04:00,90.02,0.3791
AXTI-20260925T13350546545,AXTI,2026-09-25,2026-09-25T09:38:11.963115-04:00,76.885,0.8196
GME-20260925T13354212248,GME,2026-09-25,2026-09-25T09:38:11.963115-04:00,24.72,-0.5063
MXL-20260925T13370160205,MXL,2026-09-25,2026-09-25T09:38:11.963115-04:00,87.69,0.7468
KLAC-20260925T13380229659,KLAC,2026-09-25,2026-09-25T09:38:11.963115-04:00,187.765,-0.0518
CDNS-20260925T13334464254,CDNS,2026-09-25,2026-09-25T09:38:15.285670-04:00,328.575,-0.2846
INTC-20260925T13335149316,INTC,2026-09-25,2026-09-25T09:38:15.285670-04:00,125.8,0.303
BMNR-20260925T13341565714,BMNR,2026-09-25,2026-09-25T09:38:15.285670-04:00,27.82,0.1291
MSTR-20260925T13342216901,MSTR,2026-09-25,2026-09-25T09:38:15.285670-04:00,159.8944,0.0028
CRWV-20260925T13345491480,CRWV,2026-09-25,2026-09-25T09:38:15.285670-04:00,90.0571,0.4205
AXTI-20260925T13350546545,AXTI,2026-09-25,2026-09-25T09:38:15.285670-04:00,76.995,0.9638
GME-20260925T13354212248,GME,2026-09-25,2026-09-25T09:38:15.285670-04:00,24.71,-0.5465
MXL-20260925T13370160205,MXL,2026-09-25,2026-09-25T09:38:15.285670-04:00,87.68,0.7353
KLAC-20260925T13380229659,KLAC,2026-09-25,2026-09-25T09:38:15.285670-04:00,187.89,0.0147
CDNS-20260925T13334464254,CDNS,2026-09-25,2026-09-25T09:38:18.686641-04:00,328.246,-0.3845
INTC-20260925T13335149316,INTC,2026-09-25,2026-09-25T09:38:18.686641-04:00,125.85,0.3428
BMNR-20260925T13341565714,BMNR,2026-09-25,2026-09-25T09:38:18.686641-04:00,27.825,0.1471
MSTR-20260925T13342216901,MSTR,2026-09-25,2026-09-25T09:38:18.686641-04:00,160.145,0.1595
CRWV-20260925T13345491480,CRWV,2026-09-25,2026-09-25T09:38:18.686641-04:00,90.15,0.5241
AXTI-20260925T13350546545,AXTI,2026-09-25,2026-09-25T09:38:18.686641-04:00,76.8268,0.7432
GME-20260925T13354212248,GME,2026-09-25,2026-09-25T09:38:18.686641-04:00,24.6903,-0.6258
MXL-20260925T13370160205,MXL,2026-09-25,2026-09-25T09:38:18.686641-04:00,87.52,0.5515
KLAC-20260925T13380229659,KLAC,2026-09-25,2026-09-25T09:38:18.686641-04:00,187.85,-0.0066
CDNS-20260925T13334464254,CDNS,2026-09-25,2026-09-25T09:38:21.978596-04:00,327.605,-0.579
INTC-20260925T13335149316,INTC,2026-09-25,2026-09-25T09:38:21.978596-04:00,125.8,0.303
BMNR-20260925T13341565714,BMNR,2026-09-25,2026-09-25T09:38:21.978596-04:00,27.825,0.1471
MSTR-20260925T13342216901,MSTR,2026-09-25,2026-09-25T09:38:21.978596-04:00,160.21,0.2001
CRWV-20260925T13345491480,CRWV,2026-09-25,2026-09-25T09:38:21.978596-04:00,90.16,0.5352
AXTI-20260925T13350546545,AXTI,2026-09-25,2026-09-25T09:38:21.978596-04:00,76.9609,0.9191
GME-20260925T13354212248,GME,2026-09-25,2026-09-25T09:38:21.978596-04:00,24.69,-0.627
MXL-20260925T13370160205,MXL,2026-09-25,2026-09-25T09:38:21.978596-04:00,87.625,0.6721
KLAC-20260925T13380229659,KLAC,2026-09-25,2026-09-25T09:38:21.978596-04:00,187.94,0.0414
CDNS-20260925T13334464254,CDNS,2026-09-25,2026-09-25T09:38:25.338679-04:00,328.055,-0.4424
INTC-20260925T13335149316,INTC,2026-09-25,2026-09-25T09:38:25.338679-04:00,125.83,0.3269
BMNR-20260925T13341565714,BMNR,2026-09-25,2026-09-25T09:38:25.338679-04:00,27.825,0.1471
MSTR-20260925T13342216901,MSTR,2026-09-25,2026-09-25T09:38:25.338679-04:00,160.1,0.1313
CRWV-20260925T13345491480,CRWV,2026-09-25,2026-09-25T09:38:25.338679-04:00,90.18,0.5575
AXTI-20260925T13350546545,AXTI,2026-09-25,2026-09-25T09:38:25.338679-04:00,77.15,1.1671
GME-20260925T13354212248,GME,2026-09-25,2026-09-25T09:38:25.338679-04:00,24.7,-0.5868
MXL-20260925T13370160205,MXL,2026-09-25,2026-09-25T09:38:25.338679-04:00,87.74,0.8042
KLAC-20260925T13380229659,KLAC,2026-09-25,2026-09-25T09:38:25.338679-04:00,187.79,-0.0385
CDNS-20260925T13334464254,CDNS,2026-09-25,2026-09-25T09:38:28.658153-04:00,328.01,-0.4561
INTC-20260925T13335149316,INTC,2026-09-25,2026-09-25T09:38:28.658153-04:00,125.844,0.3381
BMNR-20260925T13341565714,BMNR,2026-09-25,2026-09-25T09:38:28.658153-04:00,27.83,0.1651
MSTR-20260925T13342216901,MSTR,2026-09-25,2026-09-25T09:38:28.658153-04:00,160.08,0.1188
CRWV-20260925T13345491480,CRWV,2026-09-25,2026-09-25T09:38:28.658153-04:00,90.195,0.5743
AXTI-20260925T13350546545,AXTI,2026-09-25,2026-09-25T09:38:28.658153-04:00,77.1999,1.2325
GME-20260925T13354212248,GME,2026-09-25,2026-09-25T09:38:28.658153-04:00,24.69,-0.627
MXL-20260925T13370160205,MXL,2026-09-25,2026-09-25T09:38:28.658153-04:00,87.49,0.517
KLAC-20260925T13380229659,KLAC,2026-09-25,2026-09-25T09:38:28.658153-04:00,187.8,-0.0332
CDNS-20260925T13334464254,CDNS,2026-09-25,2026-09-25T09:38:31.939749-04:00,328.61,-0.274
INTC-20260925T13335149316,INTC,2026-09-25,2026-09-25T09:38:31.939749-04:00,125.87,0.3588
BMNR-20260925T13341565714,BMNR,2026-09-25,2026-09-25T09:38:31.939749-04:00,27.8282,0.1586
MSTR-20260925T13342216901,MSTR,2026-09-25,2026-09-25T09:38:31.939749-04:00,160.14,0.1564
CRWV-20260925T13345491480,CRWV,2026-09-25,2026-09-25T09:38:31.939749-04:00,90.2199,0.602
AXTI-20260925T13350546545,AXTI,2026-09-25,2026-09-25T09:38:31.939749-04:00,77.105,1.1081
GME-20260925T13354212248,GME,2026-09-25,2026-09-25T09:38:31.939749-04:00,24.7,-0.5868
MXL-20260925T13370160205,MXL,2026-09-25,2026-09-25T09:38:31.939749-04:00,87.7303,0.7931
KLAC-20260925T13380229659,KLAC,2026-09-25,2026-09-25T09:38:31.939749-04:00,187.83,-0.0172
CDNS-20260925T13334464254,CDNS,2026-09-25,2026-09-25T09:38:35.234034-04:00,328.065,-0.4394
INTC-20260925T13335149316,INTC,2026-09-25,2026-09-25T09:38:35.234034-04:00,125.875,0.3628
BMNR-20260925T13341565714,BMNR,2026-09-25,2026-09-25T09:38:35.234034-04:00,27.795,0.0391
MSTR-20260925T13342216901,MSTR,2026-09-25,2026-09-25T09:38:35.234034-04:00,159.9612,0.0445
CRWV-20260925T13345491480,CRWV,2026-09-25,2026-09-25T09:38:35.234034-04:00,90.08,0.446
AXTI-20260925T13350546545,AXTI,2026-09-25,2026-09-25T09:38:35.234034-04:00,77.235,1.2785
GME-20260925T13354212248,GME,2026-09-25,2026-09-25T09:38:35.234034-04:00,24.69,-0.627
MXL-20260925T13370160205,MXL,2026-09-25,2026-09-25T09:38:35.234034-04:00,87.47,0.494
KLAC-20260925T13380229659,KLAC,2026-09-25,2026-09-25T09:38:35.234034-04:00,187.67,-0.1024
CDNS-20260925T13334464254,CDNS,2026-09-25,2026-09-25T09:38:38.513523-04:00,328.065,-0.4394
INTC-20260925T13335149316,INTC,2026-09-25,2026-09-25T09:38:38.513523-04:00,125.8843,0.3702
BMNR-20260925T13341565714,BMNR,2026-09-25,2026-09-25T09:38:38.513523-04:00,27.8,0.0571
MSTR-20260925T13342216901,MSTR,2026-09-25,2026-09-25T09:38:38.513523-04:00,159.955,0.0407
CRWV-20260925T13345491480,CRWV,2026-09-25,2026-09-25T09:38:38.513523-04:00,90.1,0.4683
AXTI-20260925T13350546545,AXTI,2026-09-25,2026-09-25T09:38:38.513523-04:00,77.27,1.3244
GME-20260925T13354212248,GME,2026-09-25,2026-09-25T09:38:38.513523-04:00,24.68,-0.6672
MXL-20260925T13370160205,MXL,2026-09-25,2026-09-25T09:38:38.513523-04:00,87.5,0.5285
KLAC-20260925T13380229659,KLAC,2026-09-25,2026-09-25T09:38:38.513523-04:00,187.78,-0.0438
CDNS-20260925T13334464254,CDNS,2026-09-25,2026-09-25T09:38:41.780590-04:00,327.3414,-0.659
INTC-20260925T13335149316,INTC,2026-09-25,2026-09-25T09:38:41.780590-04:00,125.87,0.3588
BMNR-20260925T13341565714,BMNR,2026-09-25,2026-09-25T09:38:41.780590-04:00,27.81,0.0931
MSTR-20260925T13342216901,MSTR,2026-09-25,2026-09-25T09:38:41.780590-04:00,160.09,0.1251
CRWV-20260925T13345491480,CRWV,2026-09-25,2026-09-25T09:38:41.780590-04:00,90.2,0.5798
AXTI-20260925T13350546545,AXTI,2026-09-25,2026-09-25T09:38:41.780590-04:00,77.24,1.2851
GME-20260925T13354212248,GME,2026-09-25,2026-09-25T09:38:41.780590-04:00,24.69,-0.627
MXL-20260925T13370160205,MXL,2026-09-25,2026-09-25T09:38:41.780590-04:00,87.68,0.7353
KLAC-20260925T13380229659,KLAC,2026-09-25,2026-09-25T09:38:41.780590-04:00,187.77,-0.0491
CDNS-20260925T13334464254,CDNS,2026-09-25,2026-09-25T09:38:45.117703-04:00,328.07,-0.4379
INTC-20260925T13335149316,INTC,2026-09-25,2026-09-25T09:38:45.117703-04:00,125.74,0.2551
BMNR-20260925T13341565714,BMNR,2026-09-25,2026-09-25T09:38:45.117703-04:00,27.805,0.0751
MSTR-20260925T13342216901,MSTR,2026-09-25,2026-09-25T09:38:45.117703-04:00,159.955,0.0407
CRWV-20260925T13345491480,CRWV,2026-09-25,2026-09-25T09:38:45.117703-04:00,90.1,0.4683
AXTI-20260925T13350546545,AXTI,2026-09-25,2026-09-25T09:38:45.117703-04:00,77.29,1.3506
GME-20260925T13354212248,GME,2026-09-25,2026-09-25T09:38:45.117703-04:00,24.7,-0.5868
MXL-20260925T13370160205,MXL,2026-09-25,2026-09-25T09:38:45.117703-04:00,87.7899,0.8616
KLAC-20260925T13380229659,KLAC,2026-09-25,2026-09-25T09:38:45.117703-04:00,187.87,0.0041
CDNS-20260925T13334464254,CDNS,2026-09-25,2026-09-25T09:38:48.398783-04:00,328.07,-0.4379
INTC-20260925T13335149316,INTC,2026-09-25,2026-09-25T09:38:48.398783-04:00,125.725,0.2432
BMNR-20260925T13341565714,BMNR,2026-09-25,2026-09-25T09:38:48.398783-04:00,27.7986,0.0521
MSTR-20260925T13342216901,MSTR,2026-09-25,2026-09-25T09:38:48.398783-04:00,159.93,0.025
CRWV-20260925T13345491480,CRWV,2026-09-25,2026-09-25T09:38:48.398783-04:00,90.1,0.4683
AXTI-20260925T13350546545,AXTI,2026-09-25,2026-09-25T09:38:48.398783-04:00,77.3,1.3638
GME-20260925T13354212248,GME,2026-09-25,2026-09-25T09:38:48.398783-04:00,24.6986,-0.5924
MXL-20260925T13370160205,MXL,2026-09-25,2026-09-25T09:38:48.398783-04:00,87.5908,0.6328
KLAC-20260925T13380229659,KLAC,2026-09-25,2026-09-25T09:38:48.398783-04:00,187.82,-0.0225
CDNS-20260925T13334464254,CDNS,2026-09-25,2026-09-25T09:38:51.690511-04:00,328.07,-0.4379
INTC-20260925T13335149316,INTC,2026-09-25,2026-09-25T09:38:51.690511-04:00,125.69,0.2153
BMNR-20260925T13341565714,BMNR,2026-09-25,2026-09-25T09:38:51.690511-04:00,27.81,0.0931
MSTR-20260925T13342216901,MSTR,2026-09-25,2026-09-25T09:38:51.690511-04:00,159.97,0.05
CRWV-20260925T13345491480,CRWV,2026-09-25,2026-09-25T09:38:51.690511-04:00,89.9773,0.3315
AXTI-20260925T13350546545,AXTI,2026-09-25,2026-09-25T09:38:51.690511-04:00,77.32,1.39
GME-20260925T13354212248,GME,2026-09-25,2026-09-25T09:38:51.690511-04:00,24.7001,-0.5863
MXL-20260925T13370160205,MXL,2026-09-25,2026-09-25T09:38:51.690511-04:00,87.76,0.8272
KLAC-20260925T13380229659,KLAC,2026-09-25,2026-09-25T09:38:51.690511-04:00,187.87,0.0041
CDNS-20260925T13334464254,CDNS,2026-09-25,2026-09-25T09:38:55.089915-04:00,328.07,-0.4379
INTC-20260925T13335149316,INTC,2026-09-25,2026-09-25T09:38:55.089915-04:00,125.72,0.2392
BMNR-20260925T13341565714,BMNR,2026-09-25,2026-09-25T09:38:55.089915-04:00,27.82,0.1291
MSTR-20260925T13342216901,MSTR,2026-09-25,2026-09-25T09:38:55.089915-04:00,159.94,0.0313
CRWV-20260925T13345491480,CRWV,2026-09-25,2026-09-25T09:38:55.089915-04:00,89.985,0.3401
AXTI-20260925T13350546545,AXTI,2026-09-25,2026-09-25T09:38:55.089915-04:00,77.368,1.4529
GME-20260925T13354212248,GME,2026-09-25,2026-09-25T09:38:55.089915-04:00,24.7177,-0.5155
MXL-20260925T13370160205,MXL,2026-09-25,2026-09-25T09:38:55.089915-04:00,87.645,0.6951
KLAC-20260925T13380229659,KLAC,2026-09-25,2026-09-25T09:38:55.089915-04:00,187.77,-0.0491
CDNS-20260925T13334464254,CDNS,2026-09-25,2026-09-25T09:38:58.458124-04:00,328.0561,-0.4421
INTC-20260925T13335149316,INTC,2026-09-25,2026-09-25T09:38:58.458124-04:00,125.67,0.1993
BMNR-20260925T13341565714,BMNR,2026-09-25,2026-09-25T09:38:58.458124-04:00,27.81,0.0931
MSTR-20260925T13342216901,MSTR,2026-09-25,2026-09-25T09:38:58.458124-04:00,159.9,0.0063
CRWV-20260925T13345491480,CRWV,2026-09-25,2026-09-25T09:38:58.458124-04:00,89.84,0.1784
AXTI-20260925T13350546545,AXTI,2026-09-25,2026-09-25T09:38:58.458124-04:00,77.2,1.2326
GME-20260925T13354212248,GME,2026-09-25,2026-09-25T09:38:58.458124-04:00,24.71,-0.5465
MXL-20260925T13370160205,MXL,2026-09-25,2026-09-25T09:38:58.458124-04:00,87.7899,0.8616
KLAC-20260925T13380229659,KLAC,2026-09-25,2026-09-25T09:38:58.458124-04:00,187.76,-0.0545
CDNS-20260925T13334464254,CDNS,2026-09-25,2026-09-25T09:39:01.738505-04:00,328.33,-0.359
INTC-20260925T13335149316,INTC,2026-09-25,2026-09-25T09:39:01.738505-04:00,125.695,0.2193
BMNR-20260925T13341565714,BMNR,2026-09-25,2026-09-25T09:39:01.738505-04:00,27.82,0.1291
MSTR-20260925T13342216901,MSTR,2026-09-25,2026-09-25T09:39:01.738505-04:00,160.03,0.0876
CRWV-20260925T13345491480,CRWV,2026-09-25,2026-09-25T09:39:01.738505-04:00,89.804,0.1383
AXTI-20260925T13350546545,AXTI,2026-09-25,2026-09-25T09:39:01.738505-04:00,77.17,1.1933
GME-20260925T13354212248,GME,2026-09-25,2026-09-25T09:39:01.738505-04:00,24.71,-0.5465
MXL-20260925T13370160205,MXL,2026-09-25,2026-09-25T09:39:01.738505-04:00,87.67,0.7238
KLAC-20260925T13380229659,KLAC,2026-09-25,2026-09-25T09:39:01.738505-04:00,187.73,-0.0704
CDNS-20260925T13334464254,CDNS,2026-09-25,2026-09-25T09:39:05.581071-04:00,328.315,-0.3635
INTC-20260925T13335149316,INTC,2026-09-25,2026-09-25T09:39:05.581071-04:00,125.52,0.0797
BMNR-20260925T13341565714,BMNR,2026-09-25,2026-09-25T09:39:05.581071-04:00,27.8188,0.1248
CRWV-20260925T13345491480,CRWV,2026-09-25,2026-09-25T09:39:05.581071-04:00,89.8935,0.2381
GME-20260925T13354212248,GME,2026-09-25,2026-09-25T09:39:05.581071-04:00,24.71,-0.5465
MXL-20260925T13370160205,MXL,2026-09-25,2026-09-25T09:39:05.581071-04:00,87.1933,0.1761
KLAC-20260925T13380229659,KLAC,2026-09-25,2026-09-25T09:39:05.581071-04:00,187.68,-0.097
CDNS-20260925T13334464254,CDNS,2026-09-25,2026-09-25T09:39:08.907144-04:00,328.315,-0.3635
INTC-20260925T13335149316,INTC,2026-09-25,2026-09-25T09:39:08.907144-04:00,125.31,-0.0877
BMNR-20260925T13341565714,BMNR,2026-09-25,2026-09-25T09:39:08.907144-04:00,27.805,0.0751
CRWV-20260925T13345491480,CRWV,2026-09-25,2026-09-25T09:39:08.907144-04:00,89.8,0.1338
GME-20260925T13354212248,GME,2026-09-25,2026-09-25T09:39:08.907144-04:00,24.73,-0.466
MXL-20260925T13370160205,MXL,2026-09-25,2026-09-25T09:39:08.907144-04:00,87.78,0.8502
KLAC-20260925T13380229659,KLAC,2026-09-25,2026-09-25T09:39:08.907144-04:00,187.53,-0.1769
CDNS-20260925T13334464254,CDNS,2026-09-25,2026-09-25T09:39:12.366603-04:00,328.35,-0.3529
INTC-20260925T13335149316,INTC,2026-09-25,2026-09-25T09:39:12.366603-04:00,125.24,-0.1435
BMNR-20260925T13341565714,BMNR,2026-09-25,2026-09-25T09:39:12.366603-04:00,27.8067,0.0812
CRWV-20260925T13345491480,CRWV,2026-09-25,2026-09-25T09:39:12.366603-04:00,89.71,0.0335
GME-20260925T13354212248,GME,2026-09-25,2026-09-25T09:39:12.366603-04:00,24.73,-0.466
MXL-20260925T13370160205,MXL,2026-09-25,2026-09-25T09:39:12.366603-04:00,87.83,0.9076
KLAC-20260925T13380229659,KLAC,2026-09-25,2026-09-25T09:39:12.366603-04:00,187.6911,-0.0911
CDNS-20260925T13334464254,CDNS,2026-09-25,2026-09-25T09:39:15.658018-04:00,328.2531,-0.3823
INTC-20260925T13335149316,INTC,2026-09-25,2026-09-25T09:39:15.658018-04:00,125.263,-0.1252
BMNR-20260925T13341565714,BMNR,2026-09-25,2026-09-25T09:39:15.658018-04:00,27.815,0.1111
CRWV-20260925T13345491480,CRWV,2026-09-25,2026-09-25T09:39:15.658018-04:00,89.8183,0.1542
GME-20260925T13354212248,GME,2026-09-25,2026-09-25T09:39:15.658018-04:00,24.74,-0.4258
MXL-20260925T13370160205,MXL,2026-09-25,2026-09-25T09:39:15.658018-04:00,87.79,0.8617
KLAC-20260925T13380229659,KLAC,2026-09-25,2026-09-25T09:39:15.658018-04:00,187.59,-0.145
CDNS-20260925T13334464254,CDNS,2026-09-25,2026-09-25T09:39:18.996731-04:00,328.35,-0.3529
INTC-20260925T13335149316,INTC,2026-09-25,2026-09-25T09:39:18.996731-04:00,125.27,-0.1196
BMNR-20260925T13341565714,BMNR,2026-09-25,2026-09-25T09:39:18.996731-04:00,27.795,0.0391
CRWV-20260925T13345491480,CRWV,2026-09-25,2026-09-25T09:39:18.996731-04:00,89.7292,0.0549
GME-20260925T13354212248,GME,2026-09-25,2026-09-25T09:39:18.996731-04:00,24.7087,-0.5517
MXL-20260925T13370160205,MXL,2026-09-25,2026-09-25T09:39:18.996731-04:00,87.91,0.9995
KLAC-20260925T13380229659,KLAC,2026-09-25,2026-09-25T09:39:18.996731-04:00,187.625,-0.1263
CDNS-20260925T13334464254,CDNS,2026-09-25,2026-09-25T09:39:22.366613-04:00,327.86,-0.5016
INTC-20260925T13335149316,INTC,2026-09-25,2026-09-25T09:39:22.366613-04:00,125.305,-0.0917
BMNR-20260925T13341565714,BMNR,2026-09-25,2026-09-25T09:39:22.366613-04:00,27.74,-0.1588
CRWV-20260925T13345491480,CRWV,2026-09-25,2026-09-25T09:39:22.366613-04:00,89.62,-0.0669
GME-20260925T13354212248,GME,2026-09-25,2026-09-25T09:39:22.366613-04:00,24.745,-0.4056
MXL-20260925T13370160205,MXL,2026-09-25,2026-09-25T09:39:22.366613-04:00,87.69,0.7468
KLAC-20260925T13380229659,KLAC,2026-09-25,2026-09-25T09:39:22.366613-04:00,187.72,-0.0758
CDNS-20260925T13334464254,CDNS,2026-09-25,2026-09-25T09:39:25.709291-04:00,327.7146,-0.5457
INTC-20260925T13335149316,INTC,2026-09-25,2026-09-25T09:39:25.709291-04:00,125.32,-0.0797
BMNR-20260925T13341565714,BMNR,2026-09-25,2026-09-25T09:39:25.709291-04:00,27.745,-0.1408
CRWV-20260925T13345491480,CRWV,2026-09-25,2026-09-25T09:39:25.709291-04:00,89.72,0.0446
GME-20260925T13354212248,GME,2026-09-25,2026-09-25T09:39:25.709291-04:00,24.745,-0.4056
MXL-20260925T13370160205,MXL,2026-09-25,2026-09-25T09:39:25.709291-04:00,87.915,1.0053
KLAC-20260925T13380229659,KLAC,2026-09-25,2026-09-25T09:39:25.709291-04:00,187.665,-0.105
CDNS-20260925T13334464254,CDNS,2026-09-25,2026-09-25T09:39:29.025609-04:00,327.89,-0.4925
INTC-20260925T13335149316,INTC,2026-09-25,2026-09-25T09:39:29.025609-04:00,125.28,-0.1116
BMNR-20260925T13341565714,BMNR,2026-09-25,2026-09-25T09:39:29.025609-04:00,27.74,-0.1588
CRWV-20260925T13345491480,CRWV,2026-09-25,2026-09-25T09:39:29.025609-04:00,89.725,0.0502
GME-20260925T13354212248,GME,2026-09-25,2026-09-25T09:39:29.025609-04:00,24.7342,-0.4491
MXL-20260925T13370160205,MXL,2026-09-25,2026-09-25T09:39:29.025609-04:00,88.02,1.1259
KLAC-20260925T13380229659,KLAC,2026-09-25,2026-09-25T09:39:29.025609-04:00,187.725,-0.0731
CDNS-20260925T13334464254,CDNS,2026-09-25,2026-09-25T09:39:32.367898-04:00,327.875,-0.4971
INTC-20260925T13335149316,INTC,2026-09-25,2026-09-25T09:39:32.367898-04:00,125.36,-0.0478
BMNR-20260925T13341565714,BMNR,2026-09-25,2026-09-25T09:39:32.367898-04:00,27.765,-0.0688
CRWV-20260925T13345491480,CRWV,2026-09-25,2026-09-25T09:39:32.367898-04:00,89.75,0.0781
GME-20260925T13354212248,GME,2026-09-25,2026-09-25T09:39:32.367898-04:00,24.739,-0.4298
MXL-20260925T13370160205,MXL,2026-09-25,2026-09-25T09:39:32.367898-04:00,87.92,1.011
KLAC-20260925T13380229659,KLAC,2026-09-25,2026-09-25T09:39:32.367898-04:00,187.77,-0.0491
CDNS-20260925T13334464254,CDNS,2026-09-25,2026-09-25T09:39:35.757051-04:00,327.875,-0.4971
INTC-20260925T13335149316,INTC,2026-09-25,2026-09-25T09:39:35.757051-04:00,125.375,-0.0359
BMNR-20260925T13341565714,BMNR,2026-09-25,2026-09-25T09:39:35.757051-04:00,27.84,0.2011
CRWV-20260925T13345491480,CRWV,2026-09-25,2026-09-25T09:39:35.757051-04:00,89.93,0.2788
GME-20260925T13354212248,GME,2026-09-25,2026-09-25T09:39:35.757051-04:00,24.745,-0.4056
MXL-20260925T13370160205,MXL,2026-09-25,2026-09-25T09:39:35.757051-04:00,87.9938,1.0958
KLAC-20260925T13380229659,KLAC,2026-09-25,2026-09-25T09:39:35.757051-04:00,187.74,-0.0651
CDNS-20260925T13334464254,CDNS,2026-09-25,2026-09-25T09:39:39.088660-04:00,328.0326,-0.4492
INTC-20260925T13335149316,INTC,2026-09-25,2026-09-25T09:39:39.088660-04:00,125.5,0.0638
BMNR-20260925T13341565714,BMNR,2026-09-25,2026-09-25T09:39:39.088660-04:00,27.805,0.0751
CRWV-20260925T13345491480,CRWV,2026-09-25,2026-09-25T09:39:39.088660-04:00,89.93,0.2788
GME-20260925T13354212248,GME,2026-09-25,2026-09-25T09:39:39.088660-04:00,24.745,-0.4056
MXL-20260925T13370160205,MXL,2026-09-25,2026-09-25T09:39:39.088660-04:00,88.04,1.1489
KLAC-20260925T13380229659,KLAC,2026-09-25,2026-09-25T09:39:39.088660-04:00,188.075,0.1132
CDNS-20260925T13334464254,CDNS,2026-09-25,2026-09-25T09:39:42.460454-04:00,327.6,-0.5805
INTC-20260925T13335149316,INTC,2026-09-25,2026-09-25T09:39:42.460454-04:00,125.41,-0.008
BMNR-20260925T13341565714,BMNR,2026-09-25,2026-09-25T09:39:42.460454-04:00,27.8,0.0571
CRWV-20260925T13345491480,CRWV,2026-09-25,2026-09-25T09:39:42.460454-04:00,89.86,0.2007
GME-20260925T13354212248,GME,2026-09-25,2026-09-25T09:39:42.460454-04:00,24.745,-0.4056
MXL-20260925T13370160205,MXL,2026-09-25,2026-09-25T09:39:42.460454-04:00,87.6841,0.74
KLAC-20260925T13380229659,KLAC,2026-09-25,2026-09-25T09:39:42.460454-04:00,187.97,0.0573
CDNS-20260925T13334464254,CDNS,2026-09-25,2026-09-25T09:39:45.761476-04:00,327.835,-0.5092
INTC-20260925T13335149316,INTC,2026-09-25,2026-09-25T09:39:45.761476-04:00,125.428,0.0064
BMNR-20260925T13341565714,BMNR,2026-09-25,2026-09-25T09:39:45.761476-04:00,27.815,0.1111
CRWV-20260925T13345491480,CRWV,2026-09-25,2026-09-25T09:39:45.761476-04:00,89.8399,0.1783
GME-20260925T13354212248,GME,2026-09-25,2026-09-25T09:39:45.761476-04:00,24.755,-0.3654
MXL-20260925T13370160205,MXL,2026-09-25,2026-09-25T09:39:45.761476-04:00,87.6446,0.6946
KLAC-20260925T13380229659,KLAC,2026-09-25,2026-09-25T09:39:45.761476-04:00,188.105,0.1292
CDNS-20260925T13334464254,CDNS,2026-09-25,2026-09-25T09:39:49.129618-04:00,328.0,-0.4591
INTC-20260925T13335149316,INTC,2026-09-25,2026-09-25T09:39:49.129618-04:00,125.49,0.0558
BMNR-20260925T13341565714,BMNR,2026-09-25,2026-09-25T09:39:49.129618-04:00,27.825,0.1471
CRWV-20260925T13345491480,CRWV,2026-09-25,2026-09-25T09:39:49.129618-04:00,89.81,0.145
GME-20260925T13354212248,GME,2026-09-25,2026-09-25T09:39:49.129618-04:00,24.755,-0.3654
MXL-20260925T13370160205,MXL,2026-09-25,2026-09-25T09:39:49.129618-04:00,87.89,0.9766
KLAC-20260925T13380229659,KLAC,2026-09-25,2026-09-25T09:39:49.129618-04:00,188.15,0.1531
CDNS-20260925T13334464254,CDNS,2026-09-25,2026-09-25T09:39:52.470727-04:00,327.92,-0.4834
INTC-20260925T13335149316,INTC,2026-09-25,2026-09-25T09:39:52.470727-04:00,125.53,0.0877
BMNR-20260925T13341565714,BMNR,2026-09-25,2026-09-25T09:39:52.470727-04:00,27.845,0.2191
CRWV-20260925T13345491480,CRWV,2026-09-25,2026-09-25T09:39:52.470727-04:00,89.78,0.1115
GME-20260925T13354212248,GME,2026-09-25,2026-09-25T09:39:52.470727-04:00,24.755,-0.3654
MXL-20260925T13370160205,MXL,2026-09-25,2026-09-25T09:39:52.470727-04:00,87.67,0.7238
KLAC-20260925T13380229659,KLAC,2026-09-25,2026-09-25T09:39:52.470727-04:00,188.0901,0.1213
CDNS-20260925T13334464254,CDNS,2026-09-25,2026-09-25T09:39:55.801447-04:00,327.92,-0.4834
INTC-20260925T13335149316,INTC,2026-09-25,2026-09-25T09:39:55.801447-04:00,125.5584,0.1103
BMNR-20260925T13341565714,BMNR,2026-09-25,2026-09-25T09:39:55.801447-04:00,27.84,0.2011
CRWV-20260925T13345491480,CRWV,2026-09-25,2026-09-25T09:39:55.801447-04:00,89.8,0.1338
GME-20260925T13354212248,GME,2026-09-25,2026-09-25T09:39:55.801447-04:00,24.76,-0.3453
MXL-20260925T13370160205,MXL,2026-09-25,2026-09-25T09:39:55.801447-04:00,87.8,0.8732
KLAC-20260925T13380229659,KLAC,2026-09-25,2026-09-25T09:39:55.801447-04:00,188.17,0.1638
CDNS-20260925T13334464254,CDNS,2026-09-25,2026-09-25T09:39:59.124650-04:00,327.95,-0.4743
INTC-20260925T13335149316,INTC,2026-09-25,2026-09-25T09:39:59.124650-04:00,125.71,0.2312
BMNR-20260925T13341565714,BMNR,2026-09-25,2026-09-25T09:39:59.124650-04:00,27.83,0.1651
CRWV-20260925T13345491480,CRWV,2026-09-25,2026-09-25T09:39:59.124650-04:00,89.765,0.0948
GME-20260925T13354212248,GME,2026-09-25,2026-09-25T09:39:59.124650-04:00,24.75,-0.3855
MXL-20260925T13370160205,MXL,2026-09-25,2026-09-25T09:39:59.124650-04:00,88.04,1.1489
KLAC-20260925T13380229659,KLAC,2026-09-25,2026-09-25T09:39:59.124650-04:00,188.3,0.233
CDNS-20260925T13334464254,CDNS,2026-09-25,2026-09-25T09:40:02.496854-04:00,327.945,-0.4758
INTC-20260925T13335149316,INTC,2026-09-25,2026-09-25T09:40:02.496854-04:00,125.61,0.1515
BMNR-20260925T13341565714,BMNR,2026-09-25,2026-09-25T09:40:02.496854-04:00,27.815,0.1111
CRWV-20260925T13345491480,CRWV,2026-09-25,2026-09-25T09:40:02.496854-04:00,89.786,0.1182
GME-20260925T13354212248,GME,2026-09-25,2026-09-25T09:40:02.496854-04:00,24.7165,-0.5203
MXL-20260925T13370160205,MXL,2026-09-25,2026-09-25T09:40:02.496854-04:00,87.675,0.7295
KLAC-20260925T13380229659,KLAC,2026-09-25,2026-09-25T09:40:02.496854-04:00,188.345,0.2569
CDNS-20260925T13334464254,CDNS,2026-09-25,2026-09-25T09:40:05.973614-04:00,328.47,-0.3165
INTC-20260925T13335149316,INTC,2026-09-25,2026-09-25T09:40:05.973614-04:00,125.65,0.1834
BMNR-20260925T13341565714,BMNR,2026-09-25,2026-09-25T09:40:05.973614-04:00,27.8301,0.1655
CRWV-20260925T13345491480,CRWV,2026-09-25,2026-09-25T09:40:05.973614-04:00,89.725,0.0502
GME-20260925T13354212248,GME,2026-09-25,2026-09-25T09:40:05.973614-04:00,24.73,-0.466
MXL-20260925T13370160205,MXL,2026-09-25,2026-09-25T09:40:05.973614-04:00,87.5997,0.643
KLAC-20260925T13380229659,KLAC,2026-09-25,2026-09-25T09:40:05.973614-04:00,188.29,0.2277
CDNS-20260925T13334464254,CDNS,2026-09-25,2026-09-25T09:40:09.384378-04:00,328.32,-0.362
INTC-20260925T13335149316,INTC,2026-09-25,2026-09-25T09:40:09.384378-04:00,125.64,0.1754
BMNR-20260925T13341565714,BMNR,2026-09-25,2026-09-25T09:40:09.384378-04:00,27.855,0.2551
CRWV-20260925T13345491480,CRWV,2026-09-25,2026-09-25T09:40:09.384378-04:00,89.6796,-0.0004
GME-20260925T13354212248,GME,2026-09-25,2026-09-25T09:40:09.384378-04:00,24.72,-0.5063
MXL-20260925T13370160205,MXL,2026-09-25,2026-09-25T09:40:09.384378-04:00,87.3777,0.388
KLAC-20260925T13380229659,KLAC,2026-09-25,2026-09-25T09:40:09.384378-04:00,188.32,0.2436
CDNS-20260925T13334464254,CDNS,2026-09-25,2026-09-25T09:40:12.734095-04:00,328.0745,-0.4365
INTC-20260925T13335149316,INTC,2026-09-25,2026-09-25T09:40:12.734095-04:00,125.5999,0.1434
BMNR-20260925T13341565714,BMNR,2026-09-25,2026-09-25T09:40:12.734095-04:00,27.865,0.2911
CRWV-20260925T13345491480,CRWV,2026-09-25,2026-09-25T09:40:12.734095-04:00,89.684,0.0045
GME-20260925T13354212248,GME,2026-09-25,2026-09-25T09:40:12.734095-04:00,24.722,-0.4982
MXL-20260925T13370160205,MXL,2026-09-25,2026-09-25T09:40:12.734095-04:00,88.0,1.1029
KLAC-20260925T13380229659,KLAC,2026-09-25,2026-09-25T09:40:12.734095-04:00,188.62,0.4033
CDNS-20260925T13334464254,CDNS,2026-09-25,2026-09-25T09:40:16.103835-04:00,328.05,-0.4439
INTC-20260925T13335149316,INTC,2026-09-25,2026-09-25T09:40:16.103835-04:00,125.68,0.2073
BMNR-20260925T13341565714,BMNR,2026-09-25,2026-09-25T09:40:16.103835-04:00,27.885,0.3631
CRWV-20260925T13345491480,CRWV,2026-09-25,2026-09-25T09:40:16.103835-04:00,89.59,-0.1004
GME-20260925T13354212248,GME,2026-09-25,2026-09-25T09:40:16.103835-04:00,24.75,-0.3855
MXL-20260925T13370160205,MXL,2026-09-25,2026-09-25T09:40:16.103835-04:00,87.66,0.7123
KLAC-20260925T13380229659,KLAC,2026-09-25,2026-09-25T09:40:16.103835-04:00,188.31,0.2383
CDNS-20260925T13334464254,CDNS,2026-09-25,2026-09-25T09:40:19.440605-04:00,328.05,-0.4439
INTC-20260925T13335149316,INTC,2026-09-25,2026-09-25T09:40:19.440605-04:00,125.75,0.2631
BMNR-20260925T13341565714,BMNR,2026-09-25,2026-09-25T09:40:19.440605-04:00,27.875,0.3271
CRWV-20260925T13345491480,CRWV,2026-09-25,2026-09-25T09:40:19.440605-04:00,89.5788,-0.1128
GME-20260925T13354212248,GME,2026-09-25,2026-09-25T09:40:19.440605-04:00,24.75,-0.3855
MXL-20260925T13370160205,MXL,2026-09-25,2026-09-25T09:40:19.440605-04:00,87.665,0.7181
KLAC-20260925T13380229659,KLAC,2026-09-25,2026-09-25T09:40:19.440605-04:00,188.44,0.3075
CDNS-20260925T13334464254,CDNS,2026-09-25,2026-09-25T09:40:22.922756-04:00,328.04,-0.447
INTC-20260925T13335149316,INTC,2026-09-25,2026-09-25T09:40:22.922756-04:00,125.729,0.2464
BMNR-20260925T13341565714,BMNR,2026-09-25,2026-09-25T09:40:22.922756-04:00,27.8814,0.3501
CRWV-20260925T13345491480,CRWV,2026-09-25,2026-09-25T09:40:22.922756-04:00,89.4585,-0.247
GME-20260925T13354212248,GME,2026-09-25,2026-09-25T09:40:22.922756-04:00,24.74,-0.4258
MXL-20260925T13370160205,MXL,2026-09-25,2026-09-25T09:40:22.922756-04:00,87.57,0.6089
KLAC-20260925T13380229659,KLAC,2026-09-25,2026-09-25T09:40:22.922756-04:00,188.25,0.2064
CDNS-20260925T13334464254,CDNS,2026-09-25,2026-09-25T09:40:26.360653-04:00,328.3347,-0.3575
INTC-20260925T13335149316,INTC,2026-09-25,2026-09-25T09:40:26.360653-04:00,125.8399,0.3348
BMNR-20260925T13341565714,BMNR,2026-09-25,2026-09-25T09:40:26.360653-04:00,27.855,0.2551
CRWV-20260925T13345491480,CRWV,2026-09-25,2026-09-25T09:40:26.360653-04:00,89.565,-0.1282
GME-20260925T13354212248,GME,2026-09-25,2026-09-25T09:40:26.360653-04:00,24.75,-0.3855
MXL-20260925T13370160205,MXL,2026-09-25,2026-09-25T09:40:26.360653-04:00,87.67,0.7238
KLAC-20260925T13380229659,KLAC,2026-09-25,2026-09-25T09:40:26.360653-04:00,188.235,0.1984
CDNS-20260925T13334464254,CDNS,2026-09-25,2026-09-25T09:40:30.012587-04:00,328.015,-0.4546
INTC-20260925T13335149316,INTC,2026-09-25,2026-09-25T09:40:30.012587-04:00,125.93,0.4066
BMNR-20260925T13341565714,BMNR,2026-09-25,2026-09-25T09:40:30.012587-04:00,27.86,0.2731
CRWV-20260925T13345491480,CRWV,2026-09-25,2026-09-25T09:40:30.012587-04:00,89.69,0.0112
GME-20260925T13354212248,GME,2026-09-25,2026-09-25T09:40:30.012587-04:00,24.7301,-0.4656
MXL-20260925T13370160205,MXL,2026-09-25,2026-09-25T09:40:30.012587-04:00,87.31,0.3102
KLAC-20260925T13380229659,KLAC,2026-09-25,2026-09-25T09:40:30.012587-04:00,188.17,0.1638
CDNS-20260925T13334464254,CDNS,2026-09-25,2026-09-25T09:40:33.464530-04:00,328.1,-0.4288
INTC-20260925T13335149316,INTC,2026-09-25,2026-09-25T09:40:33.464530-04:00,126.035,0.4904
BMNR-20260925T13341565714,BMNR,2026-09-25,2026-09-25T09:40:33.464530-04:00,27.855,0.2551
CRWV-20260925T13345491480,CRWV,2026-09-25,2026-09-25T09:40:33.464530-04:00,89.676,-0.0045
GME-20260925T13354212248,GME,2026-09-25,2026-09-25T09:40:33.464530-04:00,24.7386,-0.4314
MXL-20260925T13370160205,MXL,2026-09-25,2026-09-25T09:40:33.464530-04:00,87.67,0.7238
KLAC-20260925T13380229659,KLAC,2026-09-25,2026-09-25T09:40:33.464530-04:00,188.1875,0.1731
CDNS-20260925T13334464254,CDNS,2026-09-25,2026-09-25T09:40:36.792354-04:00,328.099,-0.4291
INTC-20260925T13335149316,INTC,2026-09-25,2026-09-25T09:40:36.792354-04:00,126.2,0.6219
BMNR-20260925T13341565714,BMNR,2026-09-25,2026-09-25T09:40:36.792354-04:00,27.86,0.2731
CRWV-20260925T13345491480,CRWV,2026-09-25,2026-09-25T09:40:36.792354-04:00,89.6792,-0.0009
GME-20260925T13354212248,GME,2026-09-25,2026-09-25T09:40:36.792354-04:00,24.7295,-0.468
MXL-20260925T13370160205,MXL,2026-09-25,2026-09-25T09:40:36.792354-04:00,87.32,0.3217
KLAC-20260925T13380229659,KLAC,2026-09-25,2026-09-25T09:40:36.792354-04:00,188.22,0.1904
CDNS-20260925T13334464254,CDNS,2026-09-25,2026-09-25T09:40:40.116518-04:00,328.2245,-0.391
INTC-20260925T13335149316,INTC,2026-09-25,2026-09-25T09:40:40.116518-04:00,126.185,0.61
BMNR-20260925T13341565714,BMNR,2026-09-25,2026-09-25T09:40:40.116518-04:00,27.815,0.1111
CRWV-20260925T13345491480,CRWV,2026-09-25,2026-09-25T09:40:40.116518-04:00,89.44,-0.2676
GME-20260925T13354212248,GME,2026-09-25,2026-09-25T09:40:40.116518-04:00,24.735,-0.4459
MXL-20260925T13370160205,MXL,2026-09-25,2026-09-25T09:40:40.116518-04:00,87.475,0.4998
KLAC-20260925T13380229659,KLAC,2026-09-25,2026-09-25T09:40:40.116518-04:00,188.11,0.1318
CDNS-20260925T13334464254,CDNS,2026-09-25,2026-09-25T09:40:43.553984-04:00,327.605,-0.579
INTC-20260925T13335149316,INTC,2026-09-25,2026-09-25T09:40:43.553984-04:00,126.22,0.6379
BMNR-20260925T13341565714,BMNR,2026-09-25,2026-09-25T09:40:43.553984-04:00,27.775,-0.0328
CRWV-20260925T13345491480,CRWV,2026-09-25,2026-09-25T09:40:43.553984-04:00,89.365,-0.3512
GME-20260925T13354212248,GME,2026-09-25,2026-09-25T09:40:43.553984-04:00,24.7314,-0.4604
MXL-20260925T13370160205,MXL,2026-09-25,2026-09-25T09:40:43.553984-04:00,87.75,0.8157
KLAC-20260925T13380229659,KLAC,2026-09-25,2026-09-25T09:40:43.553984-04:00,188.22,0.1904
CDNS-20260925T13334464254,CDNS,2026-09-25,2026-09-25T09:40:46.938282-04:00,327.605,-0.579
INTC-20260925T13335149316,INTC,2026-09-25,2026-09-25T09:40:46.938282-04:00,126.24,0.6538
BMNR-20260925T13341565714,BMNR,2026-09-25,2026-09-25T09:40:46.938282-04:00,27.815,0.1111
CRWV-20260925T13345491480,CRWV,2026-09-25,2026-09-25T09:40:46.938282-04:00,89.375,-0.3401
GME-20260925T13354212248,GME,2026-09-25,2026-09-25T09:40:46.938282-04:00,24.7343,-0.4487
MXL-20260925T13370160205,MXL,2026-09-25,2026-09-25T09:40:46.938282-04:00,87.68,0.7353
KLAC-20260925T13380229659,KLAC,2026-09-25,2026-09-25T09:40:46.938282-04:00,188.27,0.217
CDNS-20260925T13334464254,CDNS,2026-09-25,2026-09-25T09:40:50.299137-04:00,327.32,-0.6655
INTC-20260925T13335149316,INTC,2026-09-25,2026-09-25T09:40:50.299137-04:00,126.285,0.6897
BMNR-20260925T13341565714,BMNR,2026-09-25,2026-09-25T09:40:50.299137-04:00,27.815,0.1111
CRWV-20260925T13345491480,CRWV,2026-09-25,2026-09-25T09:40:50.299137-04:00,89.355,-0.3624
GME-20260925T13354212248,GME,2026-09-25,2026-09-25T09:40:50.299137-04:00,24.735,-0.4459
MXL-20260925T13370160205,MXL,2026-09-25,2026-09-25T09:40:50.299137-04:00,87.8897,0.9762
KLAC-20260925T13380229659,KLAC,2026-09-25,2026-09-25T09:40:50.299137-04:00,188.32,0.2436
CDNS-20260925T13334464254,CDNS,2026-09-25,2026-09-25T09:40:53.631193-04:00,327.4166,-0.6362
INTC-20260925T13335149316,INTC,2026-09-25,2026-09-25T09:40:53.631193-04:00,126.2,0.6219
BMNR-20260925T13341565714,BMNR,2026-09-25,2026-09-25T09:40:53.631193-04:00,27.805,0.0751
CRWV-20260925T13345491480,CRWV,2026-09-25,2026-09-25T09:40:53.631193-04:00,89.3773,-0.3375
GME-20260925T13354212248,GME,2026-09-25,2026-09-25T09:40:53.631193-04:00,24.74,-0.4258
MXL-20260925T13370160205,MXL,2026-09-25,2026-09-25T09:40:53.631193-04:00,87.626,0.6733
KLAC-20260925T13380229659,KLAC,2026-09-25,2026-09-25T09:40:53.631193-04:00,188.27,0.217
CDNS-20260925T13334464254,CDNS,2026-09-25,2026-09-25T09:40:56.999983-04:00,327.98,-0.4652
INTC-20260925T13335149316,INTC,2026-09-25,2026-09-25T09:40:56.999983-04:00,126.2613,0.6708
BMNR-20260925T13341565714,BMNR,2026-09-25,2026-09-25T09:40:56.999983-04:00,27.79,0.0211
CRWV-20260925T13345491480,CRWV,2026-09-25,2026-09-25T09:40:56.999983-04:00,89.45,-0.2565
GME-20260925T13354212248,GME,2026-09-25,2026-09-25T09:40:56.999983-04:00,24.74,-0.4258
MXL-20260925T13370160205,MXL,2026-09-25,2026-09-25T09:40:56.999983-04:00,87.5081,0.5378
KLAC-20260925T13380229659,KLAC,2026-09-25,2026-09-25T09:40:56.999983-04:00,188.4,0.2862
CDNS-20260925T13334464254,CDNS,2026-09-25,2026-09-25T09:41:00.404432-04:00,327.97,-0.4682
INTC-20260925T13335149316,INTC,2026-09-25,2026-09-25T09:41:00.404432-04:00,126.27,0.6777
BMNR-20260925T13341565714,BMNR,2026-09-25,2026-09-25T09:41:00.404432-04:00,27.76,-0.0868
CRWV-20260925T13345491480,CRWV,2026-09-25,2026-09-25T09:41:00.404432-04:00,89.505,-0.1951
GME-20260925T13354212248,GME,2026-09-25,2026-09-25T09:41:00.404432-04:00,24.7389,-0.4302
MXL-20260925T13370160205,MXL,2026-09-25,2026-09-25T09:41:00.404432-04:00,87.845,0.9249
KLAC-20260925T13380229659,KLAC,2026-09-25,2026-09-25T09:41:00.404432-04:00,188.415,0.2942
CDNS-20260925T13334464254,CDNS,2026-09-25,2026-09-25T09:41:04.173885-04:00,328.08,-0.4348
INTC-20260925T13335149316,INTC,2026-09-25,2026-09-25T09:41:04.173885-04:00,126.1572,0.5878
CRWV-20260925T13345491480,CRWV,2026-09-25,2026-09-25T09:41:04.173885-04:00,89.445,-0.262
GME-20260925T13354212248,GME,2026-09-25,2026-09-25T09:41:04.173885-04:00,24.7401,-0.4254
KLAC-20260925T13380229659,KLAC,2026-09-25,2026-09-25T09:41:04.173885-04:00,188.4015,0.287
CDNS-20260925T13334464254,CDNS,2026-09-25,2026-09-25T09:41:07.556004-04:00,327.9981,-0.4597
INTC-20260925T13335149316,INTC,2026-09-25,2026-09-25T09:41:07.556004-04:00,126.12,0.5581
CRWV-20260925T13345491480,CRWV,2026-09-25,2026-09-25T09:41:07.556004-04:00,89.47,-0.2342
GME-20260925T13354212248,GME,2026-09-25,2026-09-25T09:41:07.556004-04:00,24.75,-0.3855
KLAC-20260925T13380229659,KLAC,2026-09-25,2026-09-25T09:41:07.556004-04:00,188.465,0.3208
PANW-20260925T13410117189,PANW,2026-09-25,2026-09-25T09:41:07.556004-04:00,377.3297,-0.0001
CDNS-20260925T13334464254,CDNS,2026-09-25,2026-09-25T09:41:10.855909-04:00,328.36,-0.3499
INTC-20260925T13335149316,INTC,2026-09-25,2026-09-25T09:41:10.855909-04:00,125.9805,0.4469
CRWV-20260925T13345491480,CRWV,2026-09-25,2026-09-25T09:41:10.855909-04:00,89.585,-0.1059
GME-20260925T13354212248,GME,2026-09-25,2026-09-25T09:41:10.855909-04:00,24.7426,-0.4153
KLAC-20260925T13380229659,KLAC,2026-09-25,2026-09-25T09:41:10.855909-04:00,188.3355,0.2519
PANW-20260925T13410117189,PANW,2026-09-25,2026-09-25T09:41:10.855909-04:00,378.685,0.3591
CDNS-20260925T13334464254,CDNS,2026-09-25,2026-09-25T09:41:14.402112-04:00,328.405,-0.3362
INTC-20260925T13335149316,INTC,2026-09-25,2026-09-25T09:41:14.402112-04:00,125.982,0.4481
CRWV-20260925T13345491480,CRWV,2026-09-25,2026-09-25T09:41:14.402112-04:00,89.55,-0.145
GME-20260925T13354212248,GME,2026-09-25,2026-09-25T09:41:14.402112-04:00,24.75,-0.3855
KLAC-20260925T13380229659,KLAC,2026-09-25,2026-09-25T09:41:14.402112-04:00,188.39,0.2809
PANW-20260925T13410117189,PANW,2026-09-25,2026-09-25T09:41:14.402112-04:00,378.9999,0.4426
CDNS-20260925T13334464254,CDNS,2026-09-25,2026-09-25T09:41:17.824591-04:00,328.37,-0.3468
INTC-20260925T13335149316,INTC,2026-09-25,2026-09-25T09:41:17.824591-04:00,125.9292,0.406
CRWV-20260925T13345491480,CRWV,2026-09-25,2026-09-25T09:41:17.824591-04:00,89.62,-0.0669
GME-20260925T13354212248,GME,2026-09-25,2026-09-25T09:41:17.824591-04:00,24.7599,-0.3457
KLAC-20260925T13380229659,KLAC,2026-09-25,2026-09-25T09:41:17.824591-04:00,188.38,0.2756
PANW-20260925T13410117189,PANW,2026-09-25,2026-09-25T09:41:17.824591-04:00,378.69,0.3604
CLS-20260925T13411131458,CLS,2026-09-25,2026-09-25T09:41:17.824591-04:00,373.23,-0.0669
MRNA-20260925T13411140119,MRNA,2026-09-25,2026-09-25T09:41:17.824591-04:00,195.72,0.0204
CDNS-20260925T13334464254,CDNS,2026-09-25,2026-09-25T09:41:21.497054-04:00,328.09,-0.4318
INTC-20260925T13335149316,INTC,2026-09-25,2026-09-25T09:41:21.497054-04:00,125.8814,0.3679
CRWV-20260925T13345491480,CRWV,2026-09-25,2026-09-25T09:41:21.497054-04:00,89.62,-0.0669
GME-20260925T13354212248,GME,2026-09-25,2026-09-25T09:41:21.497054-04:00,24.7445,-0.4076
KLAC-20260925T13380229659,KLAC,2026-09-25,2026-09-25T09:41:21.497054-04:00,188.31,0.2383
PANW-20260925T13410117189,PANW,2026-09-25,2026-09-25T09:41:21.497054-04:00,378.92,0.4214
CLS-20260925T13411131458,CLS,2026-09-25,2026-09-25T09:41:21.497054-04:00,373.23,-0.0669
MRNA-20260925T13411140119,MRNA,2026-09-25,2026-09-25T09:41:21.497054-04:00,195.64,-0.0204
CDNS-20260925T13334464254,CDNS,2026-09-25,2026-09-25T09:41:24.784924-04:00,328.09,-0.4318
INTC-20260925T13335149316,INTC,2026-09-25,2026-09-25T09:41:24.784924-04:00,125.96,0.4306
CRWV-20260925T13345491480,CRWV,2026-09-25,2026-09-25T09:41:24.784924-04:00,89.528,-0.1695
GME-20260925T13354212248,GME,2026-09-25,2026-09-25T09:41:24.784924-04:00,24.76,-0.3453
KLAC-20260925T13380229659,KLAC,2026-09-25,2026-09-25T09:41:24.784924-04:00,188.42,0.2969
PANW-20260925T13410117189,PANW,2026-09-25,2026-09-25T09:41:24.784924-04:00,378.7095,0.3656
CLS-20260925T13411131458,CLS,2026-09-25,2026-09-25T09:41:24.784924-04:00,373.845,0.0977
MRNA-20260925T13411140119,MRNA,2026-09-25,2026-09-25T09:41:24.784924-04:00,195.42,-0.1329
CDNS-20260925T13334464254,CDNS,2026-09-25,2026-09-25T09:41:28.021973-04:00,327.9,-0.4895
INTC-20260925T13335149316,INTC,2026-09-25,2026-09-25T09:41:28.021973-04:00,126.02,0.4784
CRWV-20260925T13345491480,CRWV,2026-09-25,2026-09-25T09:41:28.021973-04:00,89.63,-0.0558
GME-20260925T13354212248,GME,2026-09-25,2026-09-25T09:41:28.021973-04:00,24.76,-0.3453
KLAC-20260925T13380229659,KLAC,2026-09-25,2026-09-25T09:41:28.021973-04:00,188.435,0.3048
PANW-20260925T13410117189,PANW,2026-09-25,2026-09-25T09:41:28.021973-04:00,379.28,0.5168
CLS-20260925T13411131458,CLS,2026-09-25,2026-09-25T09:41:28.021973-04:00,373.845,0.0977
MRNA-20260925T13411140119,MRNA,2026-09-25,2026-09-25T09:41:28.021973-04:00,195.1123,-0.2901
CDNS-20260925T13334464254,CDNS,2026-09-25,2026-09-25T09:41:31.543866-04:00,327.9,-0.4895
INTC-20260925T13335149316,INTC,2026-09-25,2026-09-25T09:41:31.543866-04:00,126.005,0.4664
CRWV-20260925T13345491480,CRWV,2026-09-25,2026-09-25T09:41:31.543866-04:00,89.75,0.0781
GME-20260925T13354212248,GME,2026-09-25,2026-09-25T09:41:31.543866-04:00,24.76,-0.3453
KLAC-20260925T13380229659,KLAC,2026-09-25,2026-09-25T09:41:31.543866-04:00,188.4,0.2862
PANW-20260925T13410117189,PANW,2026-09-25,2026-09-25T09:41:31.543866-04:00,378.75,0.3763
CLS-20260925T13411131458,CLS,2026-09-25,2026-09-25T09:41:31.543866-04:00,373.85,0.0991
MRNA-20260925T13411140119,MRNA,2026-09-25,2026-09-25T09:41:31.543866-04:00,195.4794,-0.1025
CDNS-20260925T13334464254,CDNS,2026-09-25,2026-09-25T09:41:34.784119-04:00,327.9,-0.4895
INTC-20260925T13335149316,INTC,2026-09-25,2026-09-25T09:41:34.784119-04:00,126.05,0.5023
CRWV-20260925T13345491480,CRWV,2026-09-25,2026-09-25T09:41:34.784119-04:00,89.635,-0.0502
GME-20260925T13354212248,GME,2026-09-25,2026-09-25T09:41:34.784119-04:00,24.7644,-0.3276
KLAC-20260925T13380229659,KLAC,2026-09-25,2026-09-25T09:41:34.784119-04:00,188.28,0.2223
PANW-20260925T13410117189,PANW,2026-09-25,2026-09-25T09:41:34.784119-04:00,378.605,0.3379
CLS-20260925T13411131458,CLS,2026-09-25,2026-09-25T09:41:34.784119-04:00,373.56,0.0214
MRNA-20260925T13411140119,MRNA,2026-09-25,2026-09-25T09:41:34.784119-04:00,195.37,-0.1584
CDNS-20260925T13334464254,CDNS,2026-09-25,2026-09-25T09:41:38.102601-04:00,327.93,-0.4804
INTC-20260925T13335149316,INTC,2026-09-25,2026-09-25T09:41:38.102601-04:00,125.995,0.4585
CRWV-20260925T13345491480,CRWV,2026-09-25,2026-09-25T09:41:38.102601-04:00,89.565,-0.1282
GME-20260925T13354212248,GME,2026-09-25,2026-09-25T09:41:38.102601-04:00,24.7501,-0.3851
KLAC-20260925T13380229659,KLAC,2026-09-25,2026-09-25T09:41:38.102601-04:00,188.21,0.1851
PANW-20260925T13410117189,PANW,2026-09-25,2026-09-25T09:41:38.102601-04:00,378.75,0.3763
CLS-20260925T13411131458,CLS,2026-09-25,2026-09-25T09:41:38.102601-04:00,373.4483,-0.0085
MRNA-20260925T13411140119,MRNA,2026-09-25,2026-09-25T09:41:38.102601-04:00,195.17,-0.2606
CDNS-20260925T13334464254,CDNS,2026-09-25,2026-09-25T09:41:41.439943-04:00,327.9,-0.4895
INTC-20260925T13335149316,INTC,2026-09-25,2026-09-25T09:41:41.439943-04:00,125.9688,0.4376
CRWV-20260925T13345491480,CRWV,2026-09-25,2026-09-25T09:41:41.439943-04:00,89.52,-0.1784
GME-20260925T13354212248,GME,2026-09-25,2026-09-25T09:41:41.439943-04:00,24.76,-0.3453
KLAC-20260925T13380229659,KLAC,2026-09-25,2026-09-25T09:41:41.439943-04:00,188.21,0.1851
PANW-20260925T13410117189,PANW,2026-09-25,2026-09-25T09:41:41.439943-04:00,378.716,0.3673
CLS-20260925T13411131458,CLS,2026-09-25,2026-09-25T09:41:41.439943-04:00,374.1,0.166
MRNA-20260925T13411140119,MRNA,2026-09-25,2026-09-25T09:41:41.439943-04:00,195.305,-0.1916
CDNS-20260925T13334464254,CDNS,2026-09-25,2026-09-25T09:41:44.871438-04:00,327.9,-0.4895
INTC-20260925T13335149316,INTC,2026-09-25,2026-09-25T09:41:44.871438-04:00,126.03,0.4864
CRWV-20260925T13345491480,CRWV,2026-09-25,2026-09-25T09:41:44.871438-04:00,89.415,-0.2955
GME-20260925T13354212248,GME,2026-09-25,2026-09-25T09:41:44.871438-04:00,24.75,-0.3855
KLAC-20260925T13380229659,KLAC,2026-09-25,2026-09-25T09:41:44.871438-04:00,188.34,0.2543
PANW-20260925T13410117189,PANW,2026-09-25,2026-09-25T09:41:44.871438-04:00,378.41,0.2862
CLS-20260925T13411131458,CLS,2026-09-25,2026-09-25T09:41:44.871438-04:00,373.0001,-0.1285
MRNA-20260925T13411140119,MRNA,2026-09-25,2026-09-25T09:41:44.871438-04:00,195.56,-0.0613
INTC-20260925T13335149316,INTC,2026-09-25,2026-09-25T09:41:48.734807-04:00,126.05,0.5023
CRWV-20260925T13345491480,CRWV,2026-09-25,2026-09-25T09:41:48.734807-04:00,89.445,-0.262
GME-20260925T13354212248,GME,2026-09-25,2026-09-25T09:41:48.734807-04:00,24.754,-0.3694
KLAC-20260925T13380229659,KLAC,2026-09-25,2026-09-25T09:41:48.734807-04:00,188.32,0.2436
PANW-20260925T13410117189,PANW,2026-09-25,2026-09-25T09:41:48.734807-04:00,378.41,0.2862
CLS-20260925T13411131458,CLS,2026-09-25,2026-09-25T09:41:48.734807-04:00,373.411,-0.0185
MRNA-20260925T13411140119,MRNA,2026-09-25,2026-09-25T09:41:48.734807-04:00,195.03,-0.3322
INTC-20260925T13335149316,INTC,2026-09-25,2026-09-25T09:41:52.327773-04:00,125.9896,0.4542
CRWV-20260925T13345491480,CRWV,2026-09-25,2026-09-25T09:41:52.327773-04:00,89.38,-0.3345
GME-20260925T13354212248,GME,2026-09-25,2026-09-25T09:41:52.327773-04:00,24.76,-0.3453
KLAC-20260925T13380229659,KLAC,2026-09-25,2026-09-25T09:41:52.327773-04:00,188.3,0.233
PANW-20260925T13410117189,PANW,2026-09-25,2026-09-25T09:41:52.327773-04:00,378.45,0.2968
CLS-20260925T13411131458,CLS,2026-09-25,2026-09-25T09:41:52.327773-04:00,373.56,0.0214
MRNA-20260925T13411140119,MRNA,2026-09-25,2026-09-25T09:41:52.327773-04:00,195.21,-0.2402
TTAN-20260925T13414573336,TTAN,2026-09-25,2026-09-25T09:41:52.327773-04:00,59.65,-0.633
INTC-20260925T13335149316,INTC,2026-09-25,2026-09-25T09:41:55.828736-04:00,125.89,0.3747
CRWV-20260925T13345491480,CRWV,2026-09-25,2026-09-25T09:41:55.828736-04:00,89.395,-0.3178
GME-20260925T13354212248,GME,2026-09-25,2026-09-25T09:41:55.828736-04:00,24.7548,-0.3662
KLAC-20260925T13380229659,KLAC,2026-09-25,2026-09-25T09:41:55.828736-04:00,188.2932,0.2294
PANW-20260925T13410117189,PANW,2026-09-25,2026-09-25T09:41:55.828736-04:00,378.55,0.3233
CLS-20260925T13411131458,CLS,2026-09-25,2026-09-25T09:41:55.828736-04:00,373.42,-0.0161
MRNA-20260925T13411140119,MRNA,2026-09-25,2026-09-25T09:41:55.828736-04:00,195.25,-0.2197
INTC-20260925T13335149316,INTC,2026-09-25,2026-09-25T09:41:59.258824-04:00,125.945,0.4186
CRWV-20260925T13345491480,CRWV,2026-09-25,2026-09-25T09:41:59.258824-04:00,89.3906,-0.3227
GME-20260925T13354212248,GME,2026-09-25,2026-09-25T09:41:59.258824-04:00,24.77,-0.305
KLAC-20260925T13380229659,KLAC,2026-09-25,2026-09-25T09:41:59.258824-04:00,188.245,0.2037
PANW-20260925T13410117189,PANW,2026-09-25,2026-09-25T09:41:59.258824-04:00,378.5525,0.324
CLS-20260925T13411131458,CLS,2026-09-25,2026-09-25T09:41:59.258824-04:00,373.5,0.0054
MRNA-20260925T13411140119,MRNA,2026-09-25,2026-09-25T09:41:59.258824-04:00,195.215,-0.2376
INTC-20260925T13335149316,INTC,2026-09-25,2026-09-25T09:42:02.688199-04:00,125.9,0.3827
CRWV-20260925T13345491480,CRWV,2026-09-25,2026-09-25T09:42:02.688199-04:00,89.365,-0.3512
GME-20260925T13354212248,GME,2026-09-25,2026-09-25T09:42:02.688199-04:00,24.76,-0.3453
KLAC-20260925T13380229659,KLAC,2026-09-25,2026-09-25T09:42:02.688199-04:00,188.45,0.3128
PANW-20260925T13410117189,PANW,2026-09-25,2026-09-25T09:42:02.688199-04:00,378.5406,0.3208
CLS-20260925T13411131458,CLS,2026-09-25,2026-09-25T09:42:02.688199-04:00,373.49,0.0027
MRNA-20260925T13411140119,MRNA,2026-09-25,2026-09-25T09:42:02.688199-04:00,195.37,-0.1584
INTC-20260925T13335149316,INTC,2026-09-25,2026-09-25T09:42:06.247134-04:00,125.8408,0.3355
CRWV-20260925T13345491480,CRWV,2026-09-25,2026-09-25T09:42:06.247134-04:00,89.3213,-0.4
GME-20260925T13354212248,GME,2026-09-25,2026-09-25T09:42:06.247134-04:00,24.7696,-0.3066
KLAC-20260925T13380229659,KLAC,2026-09-25,2026-09-25T09:42:06.247134-04:00,188.305,0.2356
PANW-20260925T13410117189,PANW,2026-09-25,2026-09-25T09:42:06.247134-04:00,377.74,0.1087
CLS-20260925T13411131458,CLS,2026-09-25,2026-09-25T09:42:06.247134-04:00,373.555,0.0201
MRNA-20260925T13411140119,MRNA,2026-09-25,2026-09-25T09:42:06.247134-04:00,195.245,-0.2223
INTC-20260925T13335149316,INTC,2026-09-25,2026-09-25T09:42:09.697580-04:00,125.76,0.2711
CRWV-20260925T13345491480,CRWV,2026-09-25,2026-09-25T09:42:09.697580-04:00,89.4199,-0.29
GME-20260925T13354212248,GME,2026-09-25,2026-09-25T09:42:09.697580-04:00,24.76,-0.3453
KLAC-20260925T13380229659,KLAC,2026-09-25,2026-09-25T09:42:09.697580-04:00,188.26,0.2117
PANW-20260925T13410117189,PANW,2026-09-25,2026-09-25T09:42:09.697580-04:00,378.095,0.2027
CLS-20260925T13411131458,CLS,2026-09-25,2026-09-25T09:42:09.697580-04:00,373.555,0.0201
MRNA-20260925T13411140119,MRNA,2026-09-25,2026-09-25T09:42:09.697580-04:00,195.24,-0.2249
INTC-20260925T13335149316,INTC,2026-09-25,2026-09-25T09:42:13.160038-04:00,125.67,0.1993
CRWV-20260925T13345491480,CRWV,2026-09-25,2026-09-25T09:42:13.160038-04:00,89.23,-0.5018
GME-20260925T13354212248,GME,2026-09-25,2026-09-25T09:42:13.160038-04:00,24.75,-0.3855
KLAC-20260925T13380229659,KLAC,2026-09-25,2026-09-25T09:42:13.160038-04:00,188.03,0.0893
PANW-20260925T13410117189,PANW,2026-09-25,2026-09-25T09:42:13.160038-04:00,378.6,0.3366
CLS-20260925T13411131458,CLS,2026-09-25,2026-09-25T09:42:13.160038-04:00,373.222,-0.0691
MRNA-20260925T13411140119,MRNA,2026-09-25,2026-09-25T09:42:13.160038-04:00,195.11,-0.2913
INTC-20260925T13335149316,INTC,2026-09-25,2026-09-25T09:42:16.829961-04:00,125.73,0.2472
CRWV-20260925T13345491480,CRWV,2026-09-25,2026-09-25T09:42:16.829961-04:00,89.2101,-0.524
GME-20260925T13354212248,GME,2026-09-25,2026-09-25T09:42:16.829961-04:00,24.71,-0.5465
KLAC-20260925T13380229659,KLAC,2026-09-25,2026-09-25T09:42:16.829961-04:00,188.0648,0.1078
PANW-20260925T13410117189,PANW,2026-09-25,2026-09-25T09:42:16.829961-04:00,379.1315,0.4774
CLS-20260925T13411131458,CLS,2026-09-25,2026-09-25T09:42:16.829961-04:00,373.55,0.0187
MRNA-20260925T13411140119,MRNA,2026-09-25,2026-09-25T09:42:16.829961-04:00,195.08,-0.3066
INTC-20260925T13335149316,INTC,2026-09-25,2026-09-25T09:42:20.535846-04:00,125.74,0.2551
CRWV-20260925T13345491480,CRWV,2026-09-25,2026-09-25T09:42:20.535846-04:00,89.165,-0.5743
GME-20260925T13354212248,GME,2026-09-25,2026-09-25T09:42:20.535846-04:00,24.695,-0.6069
KLAC-20260925T13380229659,KLAC,2026-09-25,2026-09-25T09:42:20.535846-04:00,188.31,0.2383
PANW-20260925T13410117189,PANW,2026-09-25,2026-09-25T09:42:20.535846-04:00,378.31,0.2597
CLS-20260925T13411131458,CLS,2026-09-25,2026-09-25T09:42:20.535846-04:00,373.545,0.0174
MRNA-20260925T13411140119,MRNA,2026-09-25,2026-09-25T09:42:20.535846-04:00,195.4273,-0.1291
INTC-20260925T13335149316,INTC,2026-09-25,2026-09-25T09:42:24.042071-04:00,125.71,0.2312
CRWV-20260925T13345491480,CRWV,2026-09-25,2026-09-25T09:42:24.042071-04:00,89.1799,-0.5576
GME-20260925T13354212248,GME,2026-09-25,2026-09-25T09:42:24.042071-04:00,24.695,-0.6069
KLAC-20260925T13380229659,KLAC,2026-09-25,2026-09-25T09:42:24.042071-04:00,188.29,0.2277
PANW-20260925T13410117189,PANW,2026-09-25,2026-09-25T09:42:24.042071-04:00,378.71,0.3657
CLS-20260925T13411131458,CLS,2026-09-25,2026-09-25T09:42:24.042071-04:00,373.545,0.0174
MRNA-20260925T13411140119,MRNA,2026-09-25,2026-09-25T09:42:24.042071-04:00,196.08,0.2044
AXTI-20260925T13421752932,AXTI,2026-09-25,2026-09-25T09:42:24.042071-04:00,77.58,0.142
INTC-20260925T13335149316,INTC,2026-09-25,2026-09-25T09:42:27.433407-04:00,125.8,0.303
CRWV-20260925T13345491480,CRWV,2026-09-25,2026-09-25T09:42:27.433407-04:00,89.2,-0.5352
GME-20260925T13354212248,GME,2026-09-25,2026-09-25T09:42:27.433407-04:00,24.6974,-0.5972
KLAC-20260925T13380229659,KLAC,2026-09-25,2026-09-25T09:42:27.433407-04:00,188.6,0.3927
PANW-20260925T13410117189,PANW,2026-09-25,2026-09-25T09:42:27.433407-04:00,378.84,0.4002
CLS-20260925T13411131458,CLS,2026-09-25,2026-09-25T09:42:27.433407-04:00,374.5358,0.2827
MRNA-20260925T13411140119,MRNA,2026-09-25,2026-09-25T09:42:27.433407-04:00,195.94,0.1329
AXTI-20260925T13421752932,AXTI,2026-09-25,2026-09-25T09:42:27.433407-04:00,77.8001,0.4261
INTC-20260925T13335149316,INTC,2026-09-25,2026-09-25T09:42:30.947357-04:00,125.8,0.303
CRWV-20260925T13345491480,CRWV,2026-09-25,2026-09-25T09:42:30.947357-04:00,89.1678,-0.5711
GME-20260925T13354212248,GME,2026-09-25,2026-09-25T09:42:30.947357-04:00,24.71,-0.5465
KLAC-20260925T13380229659,KLAC,2026-09-25,2026-09-25T09:42:30.947357-04:00,188.655,0.422
PANW-20260925T13410117189,PANW,2026-09-25,2026-09-25T09:42:30.947357-04:00,378.628,0.344
CLS-20260925T13411131458,CLS,2026-09-25,2026-09-25T09:42:30.947357-04:00,373.79,0.083
MRNA-20260925T13411140119,MRNA,2026-09-25,2026-09-25T09:42:30.947357-04:00,195.945,0.1354
AXTI-20260925T13421752932,AXTI,2026-09-25,2026-09-25T09:42:30.947357-04:00,77.8844,0.5349
INTC-20260925T13335149316,INTC,2026-09-25,2026-09-25T09:42:34.337962-04:00,125.812,0.3125
CRWV-20260925T13345491480,CRWV,2026-09-25,2026-09-25T09:42:34.337962-04:00,89.071,-0.6791
GME-20260925T13354212248,GME,2026-09-25,2026-09-25T09:42:34.337962-04:00,24.7,-0.5868
KLAC-20260925T13380229659,KLAC,2026-09-25,2026-09-25T09:42:34.337962-04:00,188.6424,0.4152
PANW-20260925T13410117189,PANW,2026-09-25,2026-09-25T09:42:34.337962-04:00,378.115,0.208
CLS-20260925T13411131458,CLS,2026-09-25,2026-09-25T09:42:34.337962-04:00,373.79,0.083
MRNA-20260925T13411140119,MRNA,2026-09-25,2026-09-25T09:42:34.337962-04:00,196.15,0.2402
AXTI-20260925T13421752932,AXTI,2026-09-25,2026-09-25T09:42:34.337962-04:00,77.85,0.4905
INTC-20260925T13335149316,INTC,2026-09-25,2026-09-25T09:42:37.787475-04:00,125.81,0.311
CRWV-20260925T13345491480,CRWV,2026-09-25,2026-09-25T09:42:37.787475-04:00,89.1587,-0.5813
GME-20260925T13354212248,GME,2026-09-25,2026-09-25T09:42:37.787475-04:00,24.71,-0.5465
KLAC-20260925T13380229659,KLAC,2026-09-25,2026-09-25T09:42:37.787475-04:00,188.7662,0.4811
PANW-20260925T13410117189,PANW,2026-09-25,2026-09-25T09:42:37.787475-04:00,378.115,0.208
CLS-20260925T13411131458,CLS,2026-09-25,2026-09-25T09:42:37.787475-04:00,373.44,-0.0107
MRNA-20260925T13411140119,MRNA,2026-09-25,2026-09-25T09:42:37.787475-04:00,195.945,0.1354
AXTI-20260925T13421752932,AXTI,2026-09-25,2026-09-25T09:42:37.787475-04:00,77.9242,0.5863
INTC-20260925T13335149316,INTC,2026-09-25,2026-09-25T09:42:41.193818-04:00,125.95,0.4226
CRWV-20260925T13345491480,CRWV,2026-09-25,2026-09-25T09:42:41.193818-04:00,89.1411,-0.6009
GME-20260925T13354212248,GME,2026-09-25,2026-09-25T09:42:41.193818-04:00,24.715,-0.5264
KLAC-20260925T13380229659,KLAC,2026-09-25,2026-09-25T09:42:41.193818-04:00,188.59,0.3874
PANW-20260925T13410117189,PANW,2026-09-25,2026-09-25T09:42:41.193818-04:00,378.4532,0.2977
CLS-20260925T13411131458,CLS,2026-09-25,2026-09-25T09:42:41.193818-04:00,373.44,-0.0107
MRNA-20260925T13411140119,MRNA,2026-09-25,2026-09-25T09:42:41.193818-04:00,195.94,0.1329
AXTI-20260925T13421752932,AXTI,2026-09-25,2026-09-25T09:42:41.193818-04:00,78.05,0.7487
INTC-20260925T13335149316,INTC,2026-09-25,2026-09-25T09:42:44.564764-04:00,125.9,0.3827
CRWV-20260925T13345491480,CRWV,2026-09-25,2026-09-25T09:42:44.564764-04:00,89.095,-0.6523
GME-20260925T13354212248,GME,2026-09-25,2026-09-25T09:42:44.564764-04:00,24.7,-0.5868
KLAC-20260925T13380229659,KLAC,2026-09-25,2026-09-25T09:42:44.564764-04:00,188.615,0.4007
PANW-20260925T13410117189,PANW,2026-09-25,2026-09-25T09:42:44.564764-04:00,378.5186,0.315
CLS-20260925T13411131458,CLS,2026-09-25,2026-09-25T09:42:44.564764-04:00,373.44,-0.0107
MRNA-20260925T13411140119,MRNA,2026-09-25,2026-09-25T09:42:44.564764-04:00,196.0248,0.1762
AXTI-20260925T13421752932,AXTI,2026-09-25,2026-09-25T09:42:44.564764-04:00,78.075,0.7809
INTC-20260925T13335149316,INTC,2026-09-25,2026-09-25T09:42:47.924704-04:00,125.78,0.287
CRWV-20260925T13345491480,CRWV,2026-09-25,2026-09-25T09:42:47.924704-04:00,89.02,-0.736
GME-20260925T13354212248,GME,2026-09-25,2026-09-25T09:42:47.924704-04:00,24.7,-0.5868
KLAC-20260925T13380229659,KLAC,2026-09-25,2026-09-25T09:42:47.924704-04:00,188.59,0.3874
PANW-20260925T13410117189,PANW,2026-09-25,2026-09-25T09:42:47.924704-04:00,378.62,0.3419
CLS-20260925T13411131458,CLS,2026-09-25,2026-09-25T09:42:47.924704-04:00,373.48,0.0
MRNA-20260925T13411140119,MRNA,2026-09-25,2026-09-25T09:42:47.924704-04:00,195.72,0.0204
AXTI-20260925T13421752932,AXTI,2026-09-25,2026-09-25T09:42:47.924704-04:00,78.1695,0.9029
INTC-20260925T13335149316,INTC,2026-09-25,2026-09-25T09:42:51.352644-04:00,125.785,0.291
CRWV-20260925T13345491480,CRWV,2026-09-25,2026-09-25T09:42:51.352644-04:00,88.9623,-0.8003
GME-20260925T13354212248,GME,2026-09-25,2026-09-25T09:42:51.352644-04:00,24.695,-0.6069
KLAC-20260925T13380229659,KLAC,2026-09-25,2026-09-25T09:42:51.352644-04:00,188.73,0.4619
PANW-20260925T13410117189,PANW,2026-09-25,2026-09-25T09:42:51.352644-04:00,379.6242,0.608
CLS-20260925T13411131458,CLS,2026-09-25,2026-09-25T09:42:51.352644-04:00,373.09,-0.1044
MRNA-20260925T13411140119,MRNA,2026-09-25,2026-09-25T09:42:51.352644-04:00,195.72,0.0204
AXTI-20260925T13421752932,AXTI,2026-09-25,2026-09-25T09:42:51.352644-04:00,78.155,0.8842
INTC-20260925T13335149316,INTC,2026-09-25,2026-09-25T09:42:54.691558-04:00,125.7701,0.2791
CRWV-20260925T13345491480,CRWV,2026-09-25,2026-09-25T09:42:54.691558-04:00,88.955,-0.8084
GME-20260925T13354212248,GME,2026-09-25,2026-09-25T09:42:54.691558-04:00,24.685,-0.6471
KLAC-20260925T13380229659,KLAC,2026-09-25,2026-09-25T09:42:54.691558-04:00,188.775,0.4858
PANW-20260925T13410117189,PANW,2026-09-25,2026-09-25T09:42:54.691558-04:00,379.9222,0.687
CLS-20260925T13411131458,CLS,2026-09-25,2026-09-25T09:42:54.691558-04:00,373.13,-0.0937
MRNA-20260925T13411140119,MRNA,2026-09-25,2026-09-25T09:42:54.691558-04:00,195.73,0.0256
AXTI-20260925T13421752932,AXTI,2026-09-25,2026-09-25T09:42:54.691558-04:00,78.11,0.8261
INTC-20260925T13335149316,INTC,2026-09-25,2026-09-25T09:42:58.042705-04:00,125.845,0.3389
CRWV-20260925T13345491480,CRWV,2026-09-25,2026-09-25T09:42:58.042705-04:00,88.98,-0.7806
GME-20260925T13354212248,GME,2026-09-25,2026-09-25T09:42:58.042705-04:00,24.6918,-0.6198
KLAC-20260925T13380229659,KLAC,2026-09-25,2026-09-25T09:42:58.042705-04:00,189.0,0.6056
PANW-20260925T13410117189,PANW,2026-09-25,2026-09-25T09:42:58.042705-04:00,379.57,0.5936
CLS-20260925T13411131458,CLS,2026-09-25,2026-09-25T09:42:58.042705-04:00,373.745,0.071
MRNA-20260925T13411140119,MRNA,2026-09-25,2026-09-25T09:42:58.042705-04:00,195.848,0.0859
AXTI-20260925T13421752932,AXTI,2026-09-25,2026-09-25T09:42:58.042705-04:00,78.18,0.9165
INTC-20260925T13335149316,INTC,2026-09-25,2026-09-25T09:43:01.412814-04:00,125.87,0.3588
CRWV-20260925T13345491480,CRWV,2026-09-25,2026-09-25T09:43:01.412814-04:00,88.99,-0.7694
GME-20260925T13354212248,GME,2026-09-25,2026-09-25T09:43:01.412814-04:00,24.69,-0.627
KLAC-20260925T13380229659,KLAC,2026-09-25,2026-09-25T09:43:01.412814-04:00,188.95,0.579
PANW-20260925T13410117189,PANW,2026-09-25,2026-09-25T09:43:01.412814-04:00,380.11,0.7368
CLS-20260925T13411131458,CLS,2026-09-25,2026-09-25T09:43:01.412814-04:00,374.0988,0.1657
MRNA-20260925T13411140119,MRNA,2026-09-25,2026-09-25T09:43:01.412814-04:00,196.0,0.1635
AXTI-20260925T13421752932,AXTI,2026-09-25,2026-09-25T09:43:01.412814-04:00,78.175,0.91
INTC-20260925T13335149316,INTC,2026-09-25,2026-09-25T09:43:05.336102-04:00,125.895,0.3787
CRWV-20260925T13345491480,CRWV,2026-09-25,2026-09-25T09:43:05.336102-04:00,88.93,-0.8363
GME-20260925T13354212248,GME,2026-09-25,2026-09-25T09:43:05.336102-04:00,24.68,-0.6672
KLAC-20260925T13380229659,KLAC,2026-09-25,2026-09-25T09:43:05.336102-04:00,188.93,0.5683
PANW-20260925T13410117189,PANW,2026-09-25,2026-09-25T09:43:05.336102-04:00,379.855,0.6692
CLS-20260925T13411131458,CLS,2026-09-25,2026-09-25T09:43:05.336102-04:00,374.08,0.1607
MRNA-20260925T13411140119,MRNA,2026-09-25,2026-09-25T09:43:05.336102-04:00,195.81,0.0664
AXTI-20260925T13421752932,AXTI,2026-09-25,2026-09-25T09:43:05.336102-04:00,78.2631,1.0238
INTC-20260925T13335149316,INTC,2026-09-25,2026-09-25T09:43:08.809816-04:00,125.8447,0.3386
GME-20260925T13354212248,GME,2026-09-25,2026-09-25T09:43:08.809816-04:00,24.58,-1.0697
KLAC-20260925T13380229659,KLAC,2026-09-25,2026-09-25T09:43:08.809816-04:00,188.3906,0.2812
PANW-20260925T13410117189,PANW,2026-09-25,2026-09-25T09:43:08.809816-04:00,378.84,0.4002
CLS-20260925T13411131458,CLS,2026-09-25,2026-09-25T09:43:08.809816-04:00,374.08,0.1607
MRNA-20260925T13411140119,MRNA,2026-09-25,2026-09-25T09:43:08.809816-04:00,195.94,0.1329
AXTI-20260925T13421752932,AXTI,2026-09-25,2026-09-25T09:43:08.809816-04:00,78.255,1.0133
MXL-20260925T13430232278,MXL,2026-09-25,2026-09-25T09:43:08.809816-04:00,88.4,0.0006
INTC-20260925T13335149316,INTC,2026-09-25,2026-09-25T09:43:12.190274-04:00,125.85,0.3428
GME-20260925T13354212248,GME,2026-09-25,2026-09-25T09:43:12.190274-04:00,24.53,-1.271
KLAC-20260925T13380229659,KLAC,2026-09-25,2026-09-25T09:43:12.190274-04:00,188.98,0.595
PANW-20260925T13410117189,PANW,2026-09-25,2026-09-25T09:43:12.190274-04:00,378.845,0.4015
CLS-20260925T13411131458,CLS,2026-09-25,2026-09-25T09:43:12.190274-04:00,374.455,0.2611
MRNA-20260925T13411140119,MRNA,2026-09-25,2026-09-25T09:43:12.190274-04:00,195.795,0.0588
AXTI-20260925T13421752932,AXTI,2026-09-25,2026-09-25T09:43:12.190274-04:00,78.371,1.163
MXL-20260925T13430232278,MXL,2026-09-25,2026-09-25T09:43:12.190274-04:00,88.37,-0.0333
INTC-20260925T13335149316,INTC,2026-09-25,2026-09-25T09:43:15.523873-04:00,125.825,0.3229
GME-20260925T13354212248,GME,2026-09-25,2026-09-25T09:43:15.523873-04:00,24.5028,-1.3804
KLAC-20260925T13380229659,KLAC,2026-09-25,2026-09-25T09:43:15.523873-04:00,188.905,0.555
PANW-20260925T13410117189,PANW,2026-09-25,2026-09-25T09:43:15.523873-04:00,379.0215,0.4483
CLS-20260925T13411131458,CLS,2026-09-25,2026-09-25T09:43:15.523873-04:00,374.44,0.257
MRNA-20260925T13411140119,MRNA,2026-09-25,2026-09-25T09:43:15.523873-04:00,195.7635,0.0427
AXTI-20260925T13421752932,AXTI,2026-09-25,2026-09-25T09:43:15.523873-04:00,78.37,1.1617
MXL-20260925T13430232278,MXL,2026-09-25,2026-09-25T09:43:15.523873-04:00,88.37,-0.0333
INTC-20260925T13335149316,INTC,2026-09-25,2026-09-25T09:43:18.841488-04:00,125.875,0.3628
GME-20260925T13354212248,GME,2026-09-25,2026-09-25T09:43:18.841488-04:00,24.49,-1.432
KLAC-20260925T13380229659,KLAC,2026-09-25,2026-09-25T09:43:18.841488-04:00,188.81,0.5045
PANW-20260925T13410117189,PANW,2026-09-25,2026-09-25T09:43:18.841488-04:00,378.76,0.379
CLS-20260925T13411131458,CLS,2026-09-25,2026-09-25T09:43:18.841488-04:00,374.44,0.257
MRNA-20260925T13411140119,MRNA,2026-09-25,2026-09-25T09:43:18.841488-04:00,195.555,-0.0639
AXTI-20260925T13421752932,AXTI,2026-09-25,2026-09-25T09:43:18.841488-04:00,78.36,1.1488
MXL-20260925T13430232278,MXL,2026-09-25,2026-09-25T09:43:18.841488-04:00,88.295,-0.1182
INTC-20260925T13335149316,INTC,2026-09-25,2026-09-25T09:43:22.199347-04:00,125.925,0.4026
GME-20260925T13354212248,GME,2026-09-25,2026-09-25T09:43:22.199347-04:00,24.5,-1.3917
KLAC-20260925T13380229659,KLAC,2026-09-25,2026-09-25T09:43:22.199347-04:00,188.85,0.5258
PANW-20260925T13410117189,PANW,2026-09-25,2026-09-25T09:43:22.199347-04:00,379.1784,0.4899
CLS-20260925T13411131458,CLS,2026-09-25,2026-09-25T09:43:22.199347-04:00,374.45,0.2597
MRNA-20260925T13411140119,MRNA,2026-09-25,2026-09-25T09:43:22.199347-04:00,195.575,-0.0537
AXTI-20260925T13421752932,AXTI,2026-09-25,2026-09-25T09:43:22.199347-04:00,78.5,1.3295
MXL-20260925T13430232278,MXL,2026-09-25,2026-09-25T09:43:22.199347-04:00,87.9501,-0.5083
INTC-20260925T13335149316,INTC,2026-09-25,2026-09-25T09:43:25.543476-04:00,125.907,0.3883
GME-20260925T13354212248,GME,2026-09-25,2026-09-25T09:43:25.543476-04:00,24.4854,-1.4505
KLAC-20260925T13380229659,KLAC,2026-09-25,2026-09-25T09:43:25.543476-04:00,188.92,0.563
PANW-20260925T13410117189,PANW,2026-09-25,2026-09-25T09:43:25.543476-04:00,379.435,0.5579
CLS-20260925T13411131458,CLS,2026-09-25,2026-09-25T09:43:25.543476-04:00,374.745,0.3387
MRNA-20260925T13411140119,MRNA,2026-09-25,2026-09-25T09:43:25.543476-04:00,195.5,-0.092
AXTI-20260925T13421752932,AXTI,2026-09-25,2026-09-25T09:43:25.543476-04:00,78.451,1.2663
MXL-20260925T13430232278,MXL,2026-09-25,2026-09-25T09:43:25.543476-04:00,88.2745,-0.1414
INTC-20260925T13335149316,INTC,2026-09-25,2026-09-25T09:43:28.859873-04:00,125.99,0.4545
GME-20260925T13354212248,GME,2026-09-25,2026-09-25T09:43:28.859873-04:00,24.52,-1.3112
KLAC-20260925T13380229659,KLAC,2026-09-25,2026-09-25T09:43:28.859873-04:00,188.945,0.5763
PANW-20260925T13410117189,PANW,2026-09-25,2026-09-25T09:43:28.859873-04:00,379.63,0.6095
CLS-20260925T13411131458,CLS,2026-09-25,2026-09-25T09:43:28.859873-04:00,374.1859,0.189
MRNA-20260925T13411140119,MRNA,2026-09-25,2026-09-25T09:43:28.859873-04:00,195.245,-0.2223
AXTI-20260925T13421752932,AXTI,2026-09-25,2026-09-25T09:43:28.859873-04:00,78.385,1.1811
MXL-20260925T13430232278,MXL,2026-09-25,2026-09-25T09:43:28.859873-04:00,88.365,-0.039
INTC-20260925T13335149316,INTC,2026-09-25,2026-09-25T09:43:32.207002-04:00,125.93,0.4066
GME-20260925T13354212248,GME,2026-09-25,2026-09-25T09:43:32.207002-04:00,24.5338,-1.2557
KLAC-20260925T13380229659,KLAC,2026-09-25,2026-09-25T09:43:32.207002-04:00,188.9027,0.5538
PANW-20260925T13410117189,PANW,2026-09-25,2026-09-25T09:43:32.207002-04:00,379.635,0.6109
CLS-20260925T13411131458,CLS,2026-09-25,2026-09-25T09:43:32.207002-04:00,374.5,0.2731
MRNA-20260925T13411140119,MRNA,2026-09-25,2026-09-25T09:43:32.207002-04:00,195.235,-0.2274
AXTI-20260925T13421752932,AXTI,2026-09-25,2026-09-25T09:43:32.207002-04:00,78.33,1.1101
MXL-20260925T13430232278,MXL,2026-09-25,2026-09-25T09:43:32.207002-04:00,88.25,-0.1691
VKTX-20260925T13431919750,VKTX,2026-09-25,2026-09-25T09:43:32.207002-04:00,38.1989,0.207
INTC-20260925T13335149316,INTC,2026-09-25,2026-09-25T09:43:35.539736-04:00,125.9503,0.4228
GME-20260925T13354212248,GME,2026-09-25,2026-09-25T09:43:35.539736-04:00,24.49,-1.432
KLAC-20260925T13380229659,KLAC,2026-09-25,2026-09-25T09:43:35.539736-04:00,188.715,0.4539
PANW-20260925T13410117189,PANW,2026-09-25,2026-09-25T09:43:35.539736-04:00,379.185,0.4916
CLS-20260925T13411131458,CLS,2026-09-25,2026-09-25T09:43:35.539736-04:00,374.59,0.2972
MRNA-20260925T13411140119,MRNA,2026-09-25,2026-09-25T09:43:35.539736-04:00,195.215,-0.2376
AXTI-20260925T13421752932,AXTI,2026-09-25,2026-09-25T09:43:35.539736-04:00,78.15,0.8778
MXL-20260925T13430232278,MXL,2026-09-25,2026-09-25T09:43:35.539736-04:00,88.25,-0.1691
VKTX-20260925T13431919750,VKTX,2026-09-25,2026-09-25T09:43:35.539736-04:00,38.19,0.1836
INTC-20260925T13335149316,INTC,2026-09-25,2026-09-25T09:43:38.807333-04:00,125.83,0.3269
GME-20260925T13354212248,GME,2026-09-25,2026-09-25T09:43:38.807333-04:00,24.4886,-1.4376
KLAC-20260925T13380229659,KLAC,2026-09-25,2026-09-25T09:43:38.807333-04:00,188.7,0.4459
PANW-20260925T13410117189,PANW,2026-09-25,2026-09-25T09:43:38.807333-04:00,380.2285,0.7682
CLS-20260925T13411131458,CLS,2026-09-25,2026-09-25T09:43:38.807333-04:00,374.13,0.174
MRNA-20260925T13411140119,MRNA,2026-09-25,2026-09-25T09:43:38.807333-04:00,195.148,-0.2719
AXTI-20260925T13421752932,AXTI,2026-09-25,2026-09-25T09:43:38.807333-04:00,78.11,0.8261
MXL-20260925T13430232278,MXL,2026-09-25,2026-09-25T09:43:38.807333-04:00,88.394,-0.0062
VKTX-20260925T13431919750,VKTX,2026-09-25,2026-09-25T09:43:38.807333-04:00,38.18,0.1574
INTC-20260925T13335149316,INTC,2026-09-25,2026-09-25T09:43:42.129671-04:00,125.79,0.295
GME-20260925T13354212248,GME,2026-09-25,2026-09-25T09:43:42.129671-04:00,24.49,-1.432
KLAC-20260925T13380229659,KLAC,2026-09-25,2026-09-25T09:43:42.129671-04:00,188.76,0.4778
PANW-20260925T13410117189,PANW,2026-09-25,2026-09-25T09:43:42.129671-04:00,379.02,0.4479
CLS-20260925T13411131458,CLS,2026-09-25,2026-09-25T09:43:42.129671-04:00,373.876,0.106
MRNA-20260925T13411140119,MRNA,2026-09-25,2026-09-25T09:43:42.129671-04:00,195.0425,-0.3258
AXTI-20260925T13421752932,AXTI,2026-09-25,2026-09-25T09:43:42.129671-04:00,78.06,0.7616
MXL-20260925T13430232278,MXL,2026-09-25,2026-09-25T09:43:42.129671-04:00,88.25,-0.1691
VKTX-20260925T13431919750,VKTX,2026-09-25,2026-09-25T09:43:42.129671-04:00,38.165,0.118
INTC-20260925T13335149316,INTC,2026-09-25,2026-09-25T09:43:45.565864-04:00,125.8307,0.3275
KLAC-20260925T13380229659,KLAC,2026-09-25,2026-09-25T09:43:45.565864-04:00,188.78,0.4885
PANW-20260925T13410117189,PANW,2026-09-25,2026-09-25T09:43:45.565864-04:00,379.42,0.5539
CLS-20260925T13411131458,CLS,2026-09-25,2026-09-25T09:43:45.565864-04:00,374.2375,0.2028
MRNA-20260925T13411140119,MRNA,2026-09-25,2026-09-25T09:43:45.565864-04:00,195.36,-0.1635
AXTI-20260925T13421752932,AXTI,2026-09-25,2026-09-25T09:43:45.565864-04:00,77.95,0.6196
MXL-20260925T13430232278,MXL,2026-09-25,2026-09-25T09:43:45.565864-04:00,88.18,-0.2483
VKTX-20260925T13431919750,VKTX,2026-09-25,2026-09-25T09:43:45.565864-04:00,38.2228,0.2697
INTC-20260925T13335149316,INTC,2026-09-25,2026-09-25T09:43:48.930598-04:00,125.855,0.3468
KLAC-20260925T13380229659,KLAC,2026-09-25,2026-09-25T09:43:48.930598-04:00,188.81,0.5045
PANW-20260925T13410117189,PANW,2026-09-25,2026-09-25T09:43:48.930598-04:00,379.445,0.5605
CLS-20260925T13411131458,CLS,2026-09-25,2026-09-25T09:43:48.930598-04:00,374.12,0.1714
MRNA-20260925T13411140119,MRNA,2026-09-25,2026-09-25T09:43:48.930598-04:00,195.34,-0.1738
AXTI-20260925T13421752932,AXTI,2026-09-25,2026-09-25T09:43:48.930598-04:00,77.885,0.5357
MXL-20260925T13430232278,MXL,2026-09-25,2026-09-25T09:43:48.930598-04:00,87.8873,-0.5794
VKTX-20260925T13431919750,VKTX,2026-09-25,2026-09-25T09:43:48.930598-04:00,38.15,0.0787
INTC-20260925T13335149316,INTC,2026-09-25,2026-09-25T09:43:52.416679-04:00,125.925,0.4026
KLAC-20260925T13380229659,KLAC,2026-09-25,2026-09-25T09:43:52.416679-04:00,188.751,0.4731
PANW-20260925T13410117189,PANW,2026-09-25,2026-09-25T09:43:52.416679-04:00,379.56,0.591
CLS-20260925T13411131458,CLS,2026-09-25,2026-09-25T09:43:52.416679-04:00,373.02,-0.1232
MRNA-20260925T13411140119,MRNA,2026-09-25,2026-09-25T09:43:52.416679-04:00,195.245,-0.2223
AXTI-20260925T13421752932,AXTI,2026-09-25,2026-09-25T09:43:52.416679-04:00,77.77,0.3872
MXL-20260925T13430232278,MXL,2026-09-25,2026-09-25T09:43:52.416679-04:00,88.2015,-0.224
VKTX-20260925T13431919750,VKTX,2026-09-25,2026-09-25T09:43:52.416679-04:00,38.1171,-0.0076
INTC-20260925T13335149316,INTC,2026-09-25,2026-09-25T09:43:55.735977-04:00,125.965,0.4345
KLAC-20260925T13380229659,KLAC,2026-09-25,2026-09-25T09:43:55.735977-04:00,188.81,0.5045
PANW-20260925T13410117189,PANW,2026-09-25,2026-09-25T09:43:55.735977-04:00,379.72,0.6334
CLS-20260925T13411131458,CLS,2026-09-25,2026-09-25T09:43:55.735977-04:00,373.855,0.1004
MRNA-20260925T13411140119,MRNA,2026-09-25,2026-09-25T09:43:55.735977-04:00,195.4631,-0.1108
AXTI-20260925T13421752932,AXTI,2026-09-25,2026-09-25T09:43:55.735977-04:00,77.79,0.4131
MXL-20260925T13430232278,MXL,2026-09-25,2026-09-25T09:43:55.735977-04:00,88.245,-0.1747
VKTX-20260925T13431919750,VKTX,2026-09-25,2026-09-25T09:43:55.735977-04:00,38.115,-0.0131
INTC-20260925T13335149316,INTC,2026-09-25,2026-09-25T09:43:59.079289-04:00,126.1,0.5422
KLAC-20260925T13380229659,KLAC,2026-09-25,2026-09-25T09:43:59.079289-04:00,188.81,0.5045
PANW-20260925T13410117189,PANW,2026-09-25,2026-09-25T09:43:59.079289-04:00,380.01,0.7103
CLS-20260925T13411131458,CLS,2026-09-25,2026-09-25T09:43:59.079289-04:00,373.855,0.1004
MRNA-20260925T13411140119,MRNA,2026-09-25,2026-09-25T09:43:59.079289-04:00,195.49,-0.0971
AXTI-20260925T13421752932,AXTI,2026-09-25,2026-09-25T09:43:59.079289-04:00,77.79,0.4131
MXL-20260925T13430232278,MXL,2026-09-25,2026-09-25T09:43:59.079289-04:00,88.25,-0.1691
VKTX-20260925T13431919750,VKTX,2026-09-25,2026-09-25T09:43:59.079289-04:00,38.1315,0.0256
INTC-20260925T13335149316,INTC,2026-09-25,2026-09-25T09:44:02.675448-04:00,126.03,0.4864
KLAC-20260925T13380229659,KLAC,2026-09-25,2026-09-25T09:44:02.675448-04:00,188.81,0.5045
PANW-20260925T13410117189,PANW,2026-09-25,2026-09-25T09:44:02.675448-04:00,379.455,0.5632
CLS-20260925T13411131458,CLS,2026-09-25,2026-09-25T09:44:02.675448-04:00,373.57,0.0241
MRNA-20260925T13411140119,MRNA,2026-09-25,2026-09-25T09:44:02.675448-04:00,195.5,-0.092
AXTI-20260925T13421752932,AXTI,2026-09-25,2026-09-25T09:44:02.675448-04:00,77.8681,0.5139
MXL-20260925T13430232278,MXL,2026-09-25,2026-09-25T09:44:02.675448-04:00,88.25,-0.1691
VKTX-20260925T13431919750,VKTX,2026-09-25,2026-09-25T09:44:02.675448-04:00,38.1121,-0.0253
INTC-20260925T13335149316,INTC,2026-09-25,2026-09-25T09:44:06.096920-04:00,126.0365,0.4915
KLAC-20260925T13380229659,KLAC,2026-09-25,2026-09-25T09:44:06.096920-04:00,188.75,0.4725
PANW-20260925T13410117189,PANW,2026-09-25,2026-09-25T09:44:06.096920-04:00,379.46,0.5645
CLS-20260925T13411131458,CLS,2026-09-25,2026-09-25T09:44:06.096920-04:00,373.44,-0.0107
MRNA-20260925T13411140119,MRNA,2026-09-25,2026-09-25T09:44:06.096920-04:00,195.475,-0.1048
MXL-20260925T13430232278,MXL,2026-09-25,2026-09-25T09:44:06.096920-04:00,88.09,-0.3501
VKTX-20260925T13431919750,VKTX,2026-09-25,2026-09-25T09:44:06.096920-04:00,38.1,-0.0571
INTC-20260925T13335149316,INTC,2026-09-25,2026-09-25T09:44:09.444000-04:00,126.0899,0.5341
KLAC-20260925T13380229659,KLAC,2026-09-25,2026-09-25T09:44:09.444000-04:00,188.635,0.4113
PANW-20260925T13410117189,PANW,2026-09-25,2026-09-25T09:44:09.444000-04:00,379.43,0.5565
CLS-20260925T13411131458,CLS,2026-09-25,2026-09-25T09:44:09.444000-04:00,373.855,0.1004
MRNA-20260925T13411140119,MRNA,2026-09-25,2026-09-25T09:44:09.444000-04:00,195.6,-0.0409
MXL-20260925T13430232278,MXL,2026-09-25,2026-09-25T09:44:09.444000-04:00,88.1451,-0.2878
VKTX-20260925T13431919750,VKTX,2026-09-25,2026-09-25T09:44:09.444000-04:00,38.1,-0.0571
INTC-20260925T13335149316,INTC,2026-09-25,2026-09-25T09:44:12.862893-04:00,125.995,0.4585
KLAC-20260925T13380229659,KLAC,2026-09-25,2026-09-25T09:44:12.862893-04:00,188.585,0.3847
PANW-20260925T13410117189,PANW,2026-09-25,2026-09-25T09:44:12.862893-04:00,377.861,0.1407
CLS-20260925T13411131458,CLS,2026-09-25,2026-09-25T09:44:12.862893-04:00,373.865,0.1031
MRNA-20260925T13411140119,MRNA,2026-09-25,2026-09-25T09:44:12.862893-04:00,195.26,-0.2146
MXL-20260925T13430232278,MXL,2026-09-25,2026-09-25T09:44:12.862893-04:00,88.145,-0.2879
VKTX-20260925T13431919750,VKTX,2026-09-25,2026-09-25T09:44:12.862893-04:00,38.0642,-0.151
INTC-20260925T13335149316,INTC,2026-09-25,2026-09-25T09:44:16.401413-04:00,126.035,0.4904
KLAC-20260925T13380229659,KLAC,2026-09-25,2026-09-25T09:44:16.401413-04:00,188.49,0.3341
PANW-20260925T13410117189,PANW,2026-09-25,2026-09-25T09:44:16.401413-04:00,379.645,0.6135
CLS-20260925T13411131458,CLS,2026-09-25,2026-09-25T09:44:16.401413-04:00,373.855,0.1004
MRNA-20260925T13411140119,MRNA,2026-09-25,2026-09-25T09:44:16.401413-04:00,195.11,-0.2913
MXL-20260925T13430232278,MXL,2026-09-25,2026-09-25T09:44:16.401413-04:00,88.145,-0.2879
VKTX-20260925T13431919750,VKTX,2026-09-25,2026-09-25T09:44:16.401413-04:00,38.0001,-0.3244
AXTI-20260925T13440985456,AXTI,2026-09-25,2026-09-25T09:44:16.401413-04:00,77.2404,-0.335
INTC-20260925T13335149316,INTC,2026-09-25,2026-09-25T09:44:19.710936-04:00,126.115,0.5541
KLAC-20260925T13380229659,KLAC,2026-09-25,2026-09-25T09:44:19.710936-04:00,188.565,0.374
PANW-20260925T13410117189,PANW,2026-09-25,2026-09-25T09:44:19.710936-04:00,380.2199,0.7659
CLS-20260925T13411131458,CLS,2026-09-25,2026-09-25T09:44:19.710936-04:00,374.22,0.1981
MRNA-20260925T13411140119,MRNA,2026-09-25,2026-09-25T09:44:19.710936-04:00,195.085,-0.3041
MXL-20260925T13430232278,MXL,2026-09-25,2026-09-25T09:44:19.710936-04:00,88.145,-0.2879
VKTX-20260925T13431919750,VKTX,2026-09-25,2026-09-25T09:44:19.710936-04:00,38.06,-0.1673
AXTI-20260925T13440985456,AXTI,2026-09-25,2026-09-25T09:44:19.710936-04:00,77.345,-0.2
INTC-20260925T13335149316,INTC,2026-09-25,2026-09-25T09:44:23.078827-04:00,126.1099,0.5501
KLAC-20260925T13380229659,KLAC,2026-09-25,2026-09-25T09:44:23.078827-04:00,188.52,0.3501
PANW-20260925T13410117189,PANW,2026-09-25,2026-09-25T09:44:23.078827-04:00,379.33,0.53
CLS-20260925T13411131458,CLS,2026-09-25,2026-09-25T09:44:23.078827-04:00,374.22,0.1981
MRNA-20260925T13411140119,MRNA,2026-09-25,2026-09-25T09:44:23.078827-04:00,195.175,-0.2581
MXL-20260925T13430232278,MXL,2026-09-25,2026-09-25T09:44:23.078827-04:00,88.116,-0.3207
VKTX-20260925T13431919750,VKTX,2026-09-25,2026-09-25T09:44:23.078827-04:00,38.09,-0.0886
AXTI-20260925T13440985456,AXTI,2026-09-25,2026-09-25T09:44:23.078827-04:00,77.3795,-0.1555
INTC-20260925T13335149316,INTC,2026-09-25,2026-09-25T09:44:26.387133-04:00,126.07,0.5183
KLAC-20260925T13380229659,KLAC,2026-09-25,2026-09-25T09:44:26.387133-04:00,188.48,0.3288
PANW-20260925T13410117189,PANW,2026-09-25,2026-09-25T09:44:26.387133-04:00,379.07,0.4611
CLS-20260925T13411131458,CLS,2026-09-25,2026-09-25T09:44:26.387133-04:00,373.89,0.1098
MRNA-20260925T13411140119,MRNA,2026-09-25,2026-09-25T09:44:26.387133-04:00,195.14,-0.276
MXL-20260925T13430232278,MXL,2026-09-25,2026-09-25T09:44:26.387133-04:00,88.145,-0.2879
VKTX-20260925T13431919750,VKTX,2026-09-25,2026-09-25T09:44:26.387133-04:00,38.13,0.0163
AXTI-20260925T13440985456,AXTI,2026-09-25,2026-09-25T09:44:26.387133-04:00,77.25,-0.3226
INTC-20260925T13335149316,INTC,2026-09-25,2026-09-25T09:44:29.704164-04:00,126.015,0.4744
KLAC-20260925T13380229659,KLAC,2026-09-25,2026-09-25T09:44:29.704164-04:00,188.52,0.3501
PANW-20260925T13410117189,PANW,2026-09-25,2026-09-25T09:44:29.704164-04:00,378.51,0.3127
CLS-20260925T13411131458,CLS,2026-09-25,2026-09-25T09:44:29.704164-04:00,373.89,0.1098
MRNA-20260925T13411140119,MRNA,2026-09-25,2026-09-25T09:44:29.704164-04:00,195.175,-0.2581
MXL-20260925T13430232278,MXL,2026-09-25,2026-09-25T09:44:29.704164-04:00,88.08,-0.3614
VKTX-20260925T13431919750,VKTX,2026-09-25,2026-09-25T09:44:29.704164-04:00,38.032,-0.2407
AXTI-20260925T13440985456,AXTI,2026-09-25,2026-09-25T09:44:29.704164-04:00,77.2,-0.3871
INTC-20260925T13335149316,INTC,2026-09-25,2026-09-25T09:44:33.066856-04:00,125.97,0.4385
KLAC-20260925T13380229659,KLAC,2026-09-25,2026-09-25T09:44:33.066856-04:00,188.865,0.5337
PANW-20260925T13410117189,PANW,2026-09-25,2026-09-25T09:44:33.066856-04:00,378.81,0.3922
CLS-20260925T13411131458,CLS,2026-09-25,2026-09-25T09:44:33.066856-04:00,374.3852,0.2424
MRNA-20260925T13411140119,MRNA,2026-09-25,2026-09-25T09:44:33.066856-04:00,195.2255,-0.2323
MXL-20260925T13430232278,MXL,2026-09-25,2026-09-25T09:44:33.066856-04:00,88.145,-0.2879
VKTX-20260925T13431919750,VKTX,2026-09-25,2026-09-25T09:44:33.066856-04:00,37.97,-0.4034
AXTI-20260925T13440985456,AXTI,2026-09-25,2026-09-25T09:44:33.066856-04:00,77.2,-0.3871
INTC-20260925T13335149316,INTC,2026-09-25,2026-09-25T09:44:36.432913-04:00,125.9558,0.4272
KLAC-20260925T13380229659,KLAC,2026-09-25,2026-09-25T09:44:36.432913-04:00,188.84,0.5204
PANW-20260925T13410117189,PANW,2026-09-25,2026-09-25T09:44:36.432913-04:00,379.85,0.6679
CLS-20260925T13411131458,CLS,2026-09-25,2026-09-25T09:44:36.432913-04:00,374.18,0.1874
MRNA-20260925T13411140119,MRNA,2026-09-25,2026-09-25T09:44:36.432913-04:00,195.225,-0.2325
MXL-20260925T13430232278,MXL,2026-09-25,2026-09-25T09:44:36.432913-04:00,88.0653,-0.378
VKTX-20260925T13431919750,VKTX,2026-09-25,2026-09-25T09:44:36.432913-04:00,37.97,-0.4034
AXTI-20260925T13440985456,AXTI,2026-09-25,2026-09-25T09:44:36.432913-04:00,77.195,-0.3935
INTC-20260925T13335149316,INTC,2026-09-25,2026-09-25T09:44:39.841608-04:00,125.91,0.3907
KLAC-20260925T13380229659,KLAC,2026-09-25,2026-09-25T09:44:39.841608-04:00,188.775,0.4858
PANW-20260925T13410117189,PANW,2026-09-25,2026-09-25T09:44:39.841608-04:00,379.85,0.6679
CLS-20260925T13411131458,CLS,2026-09-25,2026-09-25T09:44:39.841608-04:00,373.855,0.1004
MRNA-20260925T13411140119,MRNA,2026-09-25,2026-09-25T09:44:39.841608-04:00,195.125,-0.2836
MXL-20260925T13430232278,MXL,2026-09-25,2026-09-25T09:44:39.841608-04:00,88.0,-0.4519
VKTX-20260925T13431919750,VKTX,2026-09-25,2026-09-25T09:44:39.841608-04:00,38.0,-0.3247
AXTI-20260925T13440985456,AXTI,2026-09-25,2026-09-25T09:44:39.841608-04:00,77.01,-0.6323
INTC-20260925T13335149316,INTC,2026-09-25,2026-09-25T09:44:43.181717-04:00,125.965,0.4345
KLAC-20260925T13380229659,KLAC,2026-09-25,2026-09-25T09:44:43.181717-04:00,188.83,0.5151
PANW-20260925T13410117189,PANW,2026-09-25,2026-09-25T09:44:43.181717-04:00,379.0,0.4426
CLS-20260925T13411131458,CLS,2026-09-25,2026-09-25T09:44:43.181717-04:00,374.648,0.3127
MRNA-20260925T13411140119,MRNA,2026-09-25,2026-09-25T09:44:43.181717-04:00,195.478,-0.1032
MXL-20260925T13430232278,MXL,2026-09-25,2026-09-25T09:44:43.181717-04:00,88.145,-0.2879
VKTX-20260925T13431919750,VKTX,2026-09-25,2026-09-25T09:44:43.181717-04:00,37.91,-0.5607
AXTI-20260925T13440985456,AXTI,2026-09-25,2026-09-25T09:44:43.181717-04:00,76.94,-0.7226
INTC-20260925T13335149316,INTC,2026-09-25,2026-09-25T09:44:46.514142-04:00,126.045,0.4983
KLAC-20260925T13380229659,KLAC,2026-09-25,2026-09-25T09:44:46.514142-04:00,189.01,0.6109
PANW-20260925T13410117189,PANW,2026-09-25,2026-09-25T09:44:46.514142-04:00,378.82,0.3949
CLS-20260925T13411131458,CLS,2026-09-25,2026-09-25T09:44:46.514142-04:00,374.105,0.1673
MRNA-20260925T13411140119,MRNA,2026-09-25,2026-09-25T09:44:46.514142-04:00,195.1012,-0.2958
MXL-20260925T13430232278,MXL,2026-09-25,2026-09-25T09:44:46.514142-04:00,88.2228,-0.1999
VKTX-20260925T13431919750,VKTX,2026-09-25,2026-09-25T09:44:46.514142-04:00,37.95,-0.4558
AXTI-20260925T13440985456,AXTI,2026-09-25,2026-09-25T09:44:46.514142-04:00,76.81,-0.8903
INTC-20260925T13335149316,INTC,2026-09-25,2026-09-25T09:44:49.839946-04:00,126.1221,0.5598
KLAC-20260925T13380229659,KLAC,2026-09-25,2026-09-25T09:44:49.839946-04:00,189.035,0.6242
PANW-20260925T13410117189,PANW,2026-09-25,2026-09-25T09:44:49.839946-04:00,379.0,0.4426
CLS-20260925T13411131458,CLS,2026-09-25,2026-09-25T09:44:49.839946-04:00,374.43,0.2544
MRNA-20260925T13411140119,MRNA,2026-09-25,2026-09-25T09:44:49.839946-04:00,195.35,-0.1686
MXL-20260925T13430232278,MXL,2026-09-25,2026-09-25T09:44:49.839946-04:00,88.15,-0.2822
VKTX-20260925T13431919750,VKTX,2026-09-25,2026-09-25T09:44:49.839946-04:00,37.9981,-0.3297
AXTI-20260925T13440985456,AXTI,2026-09-25,2026-09-25T09:44:49.839946-04:00,76.8596,-0.8263
INTC-20260925T13335149316,INTC,2026-09-25,2026-09-25T09:44:53.183714-04:00,126.0808,0.5269
KLAC-20260925T13380229659,KLAC,2026-09-25,2026-09-25T09:44:53.183714-04:00,189.04,0.6269
PANW-20260925T13410117189,PANW,2026-09-25,2026-09-25T09:44:53.183714-04:00,379.056,0.4574
CLS-20260925T13411131458,CLS,2026-09-25,2026-09-25T09:44:53.183714-04:00,374.43,0.2544
MRNA-20260925T13411140119,MRNA,2026-09-25,2026-09-25T09:44:53.183714-04:00,195.35,-0.1686
MXL-20260925T13430232278,MXL,2026-09-25,2026-09-25T09:44:53.183714-04:00,88.335,-0.0729
VKTX-20260925T13431919750,VKTX,2026-09-25,2026-09-25T09:44:53.183714-04:00,37.955,-0.4427
AXTI-20260925T13440985456,AXTI,2026-09-25,2026-09-25T09:44:53.183714-04:00,76.76,-0.9548
INTC-20260925T13335149316,INTC,2026-09-25,2026-09-25T09:44:56.532750-04:00,126.08,0.5262
KLAC-20260925T13380229659,KLAC,2026-09-25,2026-09-25T09:44:56.532750-04:00,188.94,0.5737
PANW-20260925T13410117189,PANW,2026-09-25,2026-09-25T09:44:56.532750-04:00,379.2,0.4956
CLS-20260925T13411131458,CLS,2026-09-25,2026-09-25T09:44:56.532750-04:00,374.43,0.2544
MRNA-20260925T13411140119,MRNA,2026-09-25,2026-09-25T09:44:56.532750-04:00,195.19,-0.2504
MXL-20260925T13430232278,MXL,2026-09-25,2026-09-25T09:44:56.532750-04:00,88.3,-0.1125
VKTX-20260925T13431919750,VKTX,2026-09-25,2026-09-25T09:44:56.532750-04:00,37.955,-0.4427
AXTI-20260925T13440985456,AXTI,2026-09-25,2026-09-25T09:44:56.532750-04:00,76.8388,-0.8532
INTC-20260925T13335149316,INTC,2026-09-25,2026-09-25T09:44:59.873030-04:00,126.14,0.5741
KLAC-20260925T13380229659,KLAC,2026-09-25,2026-09-25T09:44:59.873030-04:00,188.82,0.5098
PANW-20260925T13410117189,PANW,2026-09-25,2026-09-25T09:44:59.873030-04:00,379.105,0.4704
CLS-20260925T13411131458,CLS,2026-09-25,2026-09-25T09:44:59.873030-04:00,374.29,0.2169
MRNA-20260925T13411140119,MRNA,2026-09-25,2026-09-25T09:44:59.873030-04:00,195.2362,-0.2268
MXL-20260925T13430232278,MXL,2026-09-25,2026-09-25T09:44:59.873030-04:00,88.3,-0.1125
VKTX-20260925T13431919750,VKTX,2026-09-25,2026-09-25T09:44:59.873030-04:00,37.955,-0.4427
AXTI-20260925T13440985456,AXTI,2026-09-25,2026-09-25T09:44:59.873030-04:00,76.9382,-0.7249
INTC-20260925T13335149316,INTC,2026-09-25,2026-09-25T09:45:10.319633-04:00,126.17,0.598
KLAC-20260925T13380229659,KLAC,2026-09-25,2026-09-25T09:45:10.319633-04:00,188.955,0.5816
PANW-20260925T13410117189,PANW,2026-09-25,2026-09-25T09:45:10.319633-04:00,380.366,0.8046
CLS-20260925T13411131458,CLS,2026-09-25,2026-09-25T09:45:10.319633-04:00,374.72,0.332
MRNA-20260925T13411140119,MRNA,2026-09-25,2026-09-25T09:45:10.319633-04:00,195.385,-0.1508
MXL-20260925T13430232278,MXL,2026-09-25,2026-09-25T09:45:10.319633-04:00,88.47,0.0798
VKTX-20260925T13431919750,VKTX,2026-09-25,2026-09-25T09:45:10.319633-04:00,37.89,-0.6132
AXTI-20260925T13440985456,AXTI,2026-09-25,2026-09-25T09:45:10.319633-04:00,77.0601,-0.5676
INTC-20260925T13335149316,INTC,2026-09-25,2026-09-25T09:45:20.877425-04:00,126.13,0.5661
KLAC-20260925T13380229659,KLAC,2026-09-25,2026-09-25T09:45:20.877425-04:00,188.965,0.587
PANW-20260925T13410117189,PANW,2026-09-25,2026-09-25T09:45:20.877425-04:00,379.98,0.7023
CLS-20260925T13411131458,CLS,2026-09-25,2026-09-25T09:45:20.877425-04:00,374.24,0.2035
MRNA-20260925T13411140119,MRNA,2026-09-25,2026-09-25T09:45:20.877425-04:00,195.36,-0.1635
MXL-20260925T13430232278,MXL,2026-09-25,2026-09-25T09:45:20.877425-04:00,88.46,0.0685
VKTX-20260925T13431919750,VKTX,2026-09-25,2026-09-25T09:45:20.877425-04:00,37.915,-0.5476
INTC-20260925T13335149316,INTC,2026-09-25,2026-09-25T09:45:31.332603-04:00,125.97,0.4385
KLAC-20260925T13380229659,KLAC,2026-09-25,2026-09-25T09:45:31.332603-04:00,188.909,0.5572
PANW-20260925T13410117189,PANW,2026-09-25,2026-09-25T09:45:31.332603-04:00,380.0,0.7076
CLS-20260925T13411131458,CLS,2026-09-25,2026-09-25T09:45:31.332603-04:00,374.49,0.2704
MRNA-20260925T13411140119,MRNA,2026-09-25,2026-09-25T09:45:31.332603-04:00,195.2309,-0.2295
MXL-20260925T13430232278,MXL,2026-09-25,2026-09-25T09:45:31.332603-04:00,88.3,-0.1125
VKTX-20260925T13431919750,VKTX,2026-09-25,2026-09-25T09:45:31.332603-04:00,37.9593,-0.4314
DDOG-20260925T13451087664,DDOG,2026-09-25,2026-09-25T09:45:31.332603-04:00,275.955,-0.3017
INTC-20260925T13335149316,INTC,2026-09-25,2026-09-25T09:45:41.754905-04:00,125.99,0.4545
KLAC-20260925T13380229659,KLAC,2026-09-25,2026-09-25T09:45:41.754905-04:00,188.79,0.4938
PANW-20260925T13410117189,PANW,2026-09-25,2026-09-25T09:45:41.754905-04:00,380.475,0.8335
CLS-20260925T13411131458,CLS,2026-09-25,2026-09-25T09:45:41.754905-04:00,374.285,0.2155
MRNA-20260925T13411140119,MRNA,2026-09-25,2026-09-25T09:45:41.754905-04:00,195.465,-0.1099
MXL-20260925T13430232278,MXL,2026-09-25,2026-09-25T09:45:41.754905-04:00,87.8453,-0.6269
VKTX-20260925T13431919750,VKTX,2026-09-25,2026-09-25T09:45:41.754905-04:00,37.92,-0.5345
DDOG-20260925T13451087664,DDOG,2026-09-25,2026-09-25T09:45:41.754905-04:00,276.42,-0.1337
ALAB-20260925T13452132039,ALAB,2026-09-25,2026-09-25T09:45:41.754905-04:00,366.83,-0.3755
INTC-20260925T13335149316,INTC,2026-09-25,2026-09-25T09:45:52.140724-04:00,125.635,0.1714
KLAC-20260925T13380229659,KLAC,2026-09-25,2026-09-25T09:45:52.140724-04:00,188.77,0.4832
PANW-20260925T13410117189,PANW,2026-09-25,2026-09-25T09:45:52.140724-04:00,379.865,0.6718
CLS-20260925T13411131458,CLS,2026-09-25,2026-09-25T09:45:52.140724-04:00,374.285,0.2155
MRNA-20260925T13411140119,MRNA,2026-09-25,2026-09-25T09:45:52.140724-04:00,195.435,-0.1252
MXL-20260925T13430232278,MXL,2026-09-25,2026-09-25T09:45:52.140724-04:00,88.15,-0.2822
VKTX-20260925T13431919750,VKTX,2026-09-25,2026-09-25T09:45:52.140724-04:00,37.9,-0.587
DDOG-20260925T13451087664,DDOG,2026-09-25,2026-09-25T09:45:52.140724-04:00,276.3,-0.177
ALAB-20260925T13452132039,ALAB,2026-09-25,2026-09-25T09:45:52.140724-04:00,365.8901,-0.6307
INTC-20260925T13335149316,INTC,2026-09-25,2026-09-25T09:46:02.593934-04:00,125.6496,0.1831
KLAC-20260925T13380229659,KLAC,2026-09-25,2026-09-25T09:46:02.593934-04:00,188.79,0.4938
PANW-20260925T13410117189,PANW,2026-09-25,2026-09-25T09:46:02.593934-04:00,379.3069,0.5239
CLS-20260925T13411131458,CLS,2026-09-25,2026-09-25T09:46:02.593934-04:00,374.26,0.2088
MRNA-20260925T13411140119,MRNA,2026-09-25,2026-09-25T09:46:02.593934-04:00,195.86,0.092
MXL-20260925T13430232278,MXL,2026-09-25,2026-09-25T09:46:02.593934-04:00,88.08,-0.3614
VKTX-20260925T13431919750,VKTX,2026-09-25,2026-09-25T09:46:02.593934-04:00,37.925,-0.5214
DDOG-20260925T13451087664,DDOG,2026-09-25,2026-09-25T09:46:02.593934-04:00,276.84,0.0181
ALAB-20260925T13452132039,ALAB,2026-09-25,2026-09-25T09:46:02.593934-04:00,366.27,-0.5275
INTC-20260925T13335149316,INTC,2026-09-25,2026-09-25T09:46:13.295597-04:00,125.78,0.287
KLAC-20260925T13380229659,KLAC,2026-09-25,2026-09-25T09:46:13.295597-04:00,188.795,0.4965
PANW-20260925T13410117189,PANW,2026-09-25,2026-09-25T09:46:13.295597-04:00,379.96,0.697
CLS-20260925T13411131458,CLS,2026-09-25,2026-09-25T09:46:13.295597-04:00,373.66,0.0482
MRNA-20260925T13411140119,MRNA,2026-09-25,2026-09-25T09:46:13.295597-04:00,195.555,-0.0639
MXL-20260925T13430232278,MXL,2026-09-25,2026-09-25T09:46:13.295597-04:00,88.15,-0.2822
DDOG-20260925T13451087664,DDOG,2026-09-25,2026-09-25T09:46:13.295597-04:00,277.14,0.1264
ALAB-20260925T13452132039,ALAB,2026-09-25,2026-09-25T09:46:13.295597-04:00,366.19,-0.5493
INTC-20260925T13335149316,INTC,2026-09-25,2026-09-25T09:46:23.768955-04:00,125.842,0.3365
KLAC-20260925T13380229659,KLAC,2026-09-25,2026-09-25T09:46:23.768955-04:00,188.79,0.4938
PANW-20260925T13410117189,PANW,2026-09-25,2026-09-25T09:46:23.768955-04:00,379.48,0.5698
CLS-20260925T13411131458,CLS,2026-09-25,2026-09-25T09:46:23.768955-04:00,374.285,0.2155
MRNA-20260925T13411140119,MRNA,2026-09-25,2026-09-25T09:46:23.768955-04:00,195.4643,-0.1102
MXL-20260925T13430232278,MXL,2026-09-25,2026-09-25T09:46:23.768955-04:00,88.135,-0.2992
DDOG-20260925T13451087664,DDOG,2026-09-25,2026-09-25T09:46:23.768955-04:00,278.536,0.6308
ALAB-20260925T13452132039,ALAB,2026-09-25,2026-09-25T09:46:23.768955-04:00,365.925,-0.6212
INTC-20260925T13335149316,INTC,2026-09-25,2026-09-25T09:46:34.113979-04:00,125.77,0.2791
KLAC-20260925T13380229659,KLAC,2026-09-25,2026-09-25T09:46:34.113979-04:00,188.6305,0.4089
PANW-20260925T13410117189,PANW,2026-09-25,2026-09-25T09:46:34.113979-04:00,379.871,0.6734
CLS-20260925T13411131458,CLS,2026-09-25,2026-09-25T09:46:34.113979-04:00,374.125,0.1727
MRNA-20260925T13411140119,MRNA,2026-09-25,2026-09-25T09:46:34.113979-04:00,195.59,-0.046
MXL-20260925T13430232278,MXL,2026-09-25,2026-09-25T09:46:34.113979-04:00,88.195,-0.2313
DDOG-20260925T13451087664,DDOG,2026-09-25,2026-09-25T09:46:34.113979-04:00,279.23,0.8815
ALAB-20260925T13452132039,ALAB,2026-09-25,2026-09-25T09:46:34.113979-04:00,365.9708,-0.6088
INTC-20260925T13335149316,INTC,2026-09-25,2026-09-25T09:46:44.523393-04:00,125.9,0.3827
KLAC-20260925T13380229659,KLAC,2026-09-25,2026-09-25T09:46:44.523393-04:00,188.65,0.4193
PANW-20260925T13410117189,PANW,2026-09-25,2026-09-25T09:46:44.523393-04:00,379.5,0.5751
CLS-20260925T13411131458,CLS,2026-09-25,2026-09-25T09:46:44.523393-04:00,374.99,0.4043
MRNA-20260925T13411140119,MRNA,2026-09-25,2026-09-25T09:46:44.523393-04:00,195.605,-0.0383
MXL-20260925T13430232278,MXL,2026-09-25,2026-09-25T09:46:44.523393-04:00,88.2,-0.2257
DDOG-20260925T13451087664,DDOG,2026-09-25,2026-09-25T09:46:44.523393-04:00,278.8901,0.7587
ALAB-20260925T13452132039,ALAB,2026-09-25,2026-09-25T09:46:44.523393-04:00,365.89,-0.6307
INTC-20260925T13335149316,INTC,2026-09-25,2026-09-25T09:46:54.872527-04:00,125.92,0.3987
KLAC-20260925T13380229659,KLAC,2026-09-25,2026-09-25T09:46:54.872527-04:00,188.68,0.4353
PANW-20260925T13410117189,PANW,2026-09-25,2026-09-25T09:46:54.872527-04:00,379.05,0.4558
CLS-20260925T13411131458,CLS,2026-09-25,2026-09-25T09:46:54.872527-04:00,374.431,0.2546
MRNA-20260925T13411140119,MRNA,2026-09-25,2026-09-25T09:46:54.872527-04:00,195.36,-0.1635
MXL-20260925T13430232278,MXL,2026-09-25,2026-09-25T09:46:54.872527-04:00,88.262,-0.1555
DDOG-20260925T13451087664,DDOG,2026-09-25,2026-09-25T09:46:54.872527-04:00,279.32,0.9141
ALAB-20260925T13452132039,ALAB,2026-09-25,2026-09-25T09:46:54.872527-04:00,366.0,-0.6009
INTC-20260925T13335149316,INTC,2026-09-25,2026-09-25T09:47:05.293633-04:00,125.9769,0.444
KLAC-20260925T13380229659,KLAC,2026-09-25,2026-09-25T09:47:05.293633-04:00,188.8,0.4991
PANW-20260925T13410117189,PANW,2026-09-25,2026-09-25T09:47:05.293633-04:00,378.9909,0.4402
CLS-20260925T13411131458,CLS,2026-09-25,2026-09-25T09:47:05.293633-04:00,374.6572,0.3152
MRNA-20260925T13411140119,MRNA,2026-09-25,2026-09-25T09:47:05.293633-04:00,194.8,-0.4497
MXL-20260925T13430232278,MXL,2026-09-25,2026-09-25T09:47:05.293633-04:00,88.29,-0.1238
DDOG-20260925T13451087664,DDOG,2026-09-25,2026-09-25T09:47:05.293633-04:00,276.7912,0.0004
ALAB-20260925T13452132039,ALAB,2026-09-25,2026-09-25T09:47:05.293633-04:00,365.9,-0.628
INTC-20260925T13335149316,INTC,2026-09-25,2026-09-25T09:47:15.904530-04:00,125.98,0.4465
KLAC-20260925T13380229659,KLAC,2026-09-25,2026-09-25T09:47:15.904530-04:00,189.0488,0.6316
PANW-20260925T13410117189,PANW,2026-09-25,2026-09-25T09:47:15.904530-04:00,378.5642,0.3271
CLS-20260925T13411131458,CLS,2026-09-25,2026-09-25T09:47:15.904530-04:00,373.909,0.1149
MRNA-20260925T13411140119,MRNA,2026-09-25,2026-09-25T09:47:15.904530-04:00,195.4632,-0.1108
MXL-20260925T13430232278,MXL,2026-09-25,2026-09-25T09:47:15.904530-04:00,88.34,-0.0673
DDOG-20260925T13451087664,DDOG,2026-09-25,2026-09-25T09:47:15.904530-04:00,278.4944,0.6158
ALAB-20260925T13452132039,ALAB,2026-09-25,2026-09-25T09:47:15.904530-04:00,365.4531,-0.7494
INTC-20260925T13335149316,INTC,2026-09-25,2026-09-25T09:47:26.316737-04:00,126.08,0.5262
KLAC-20260925T13380229659,KLAC,2026-09-25,2026-09-25T09:47:26.316737-04:00,189.2,0.7121
PANW-20260925T13410117189,PANW,2026-09-25,2026-09-25T09:47:26.316737-04:00,378.875,0.4095
CLS-20260925T13411131458,CLS,2026-09-25,2026-09-25T09:47:26.316737-04:00,374.3,0.2196
MRNA-20260925T13411140119,MRNA,2026-09-25,2026-09-25T09:47:26.316737-04:00,194.72,-0.4906
MXL-20260925T13430232278,MXL,2026-09-25,2026-09-25T09:47:26.316737-04:00,88.5,0.1137
DDOG-20260925T13451087664,DDOG,2026-09-25,2026-09-25T09:47:26.316737-04:00,277.4,0.2204
ALAB-20260925T13452132039,ALAB,2026-09-25,2026-09-25T09:47:26.316737-04:00,366.81,-0.3809
TTAN-20260925T13470590373,TTAN,2026-09-25,2026-09-25T09:47:26.316737-04:00,59.732,-0.347
INTC-20260925T13335149316,INTC,2026-09-25,2026-09-25T09:47:36.985957-04:00,125.95,0.4226
KLAC-20260925T13380229659,KLAC,2026-09-25,2026-09-25T09:47:36.985957-04:00,189.06,0.6375
PANW-20260925T13410117189,PANW,2026-09-25,2026-09-25T09:47:36.985957-04:00,379.52,0.5804
CLS-20260925T13411131458,CLS,2026-09-25,2026-09-25T09:47:36.985957-04:00,374.5467,0.2856
MRNA-20260925T13411140119,MRNA,2026-09-25,2026-09-25T09:47:36.985957-04:00,195.0067,-0.3441
MXL-20260925T13430232278,MXL,2026-09-25,2026-09-25T09:47:36.985957-04:00,88.295,-0.1182
DDOG-20260925T13451087664,DDOG,2026-09-25,2026-09-25T09:47:36.985957-04:00,278.15,0.4913
ALAB-20260925T13452132039,ALAB,2026-09-25,2026-09-25T09:47:36.985957-04:00,367.0,-0.3293
TTAN-20260925T13470590373,TTAN,2026-09-25,2026-09-25T09:47:36.985957-04:00,59.725,-0.3587
INTC-20260925T13335149316,INTC,2026-09-25,2026-09-25T09:47:47.367781-04:00,125.9801,0.4466
KLAC-20260925T13380229659,KLAC,2026-09-25,2026-09-25T09:47:47.367781-04:00,188.995,0.6029
PANW-20260925T13410117189,PANW,2026-09-25,2026-09-25T09:47:47.367781-04:00,379.185,0.4916
CLS-20260925T13411131458,CLS,2026-09-25,2026-09-25T09:47:47.367781-04:00,374.7475,0.3394
MRNA-20260925T13411140119,MRNA,2026-09-25,2026-09-25T09:47:47.367781-04:00,195.235,-0.2274
MXL-20260925T13430232278,MXL,2026-09-25,2026-09-25T09:47:47.367781-04:00,88.16,-0.2709
DDOG-20260925T13451087664,DDOG,2026-09-25,2026-09-25T09:47:47.367781-04:00,278.745,0.7063
ALAB-20260925T13452132039,ALAB,2026-09-25,2026-09-25T09:47:47.367781-04:00,367.145,-0.2899
TTAN-20260925T13470590373,TTAN,2026-09-25,2026-09-25T09:47:47.367781-04:00,59.68,-0.4338
INTC-20260925T13335149316,INTC,2026-09-25,2026-09-25T09:47:57.710834-04:00,126.0128,0.4727
KLAC-20260925T13380229659,KLAC,2026-09-25,2026-09-25T09:47:57.710834-04:00,189.04,0.6269
PANW-20260925T13410117189,PANW,2026-09-25,2026-09-25T09:47:57.710834-04:00,379.9699,0.6996
CLS-20260925T13411131458,CLS,2026-09-25,2026-09-25T09:47:57.710834-04:00,374.32,0.2249
MRNA-20260925T13411140119,MRNA,2026-09-25,2026-09-25T09:47:57.710834-04:00,195.26,-0.2146
MXL-20260925T13430232278,MXL,2026-09-25,2026-09-25T09:47:57.710834-04:00,88.12,-0.3161
DDOG-20260925T13451087664,DDOG,2026-09-25,2026-09-25T09:47:57.710834-04:00,279.26,0.8924
ALAB-20260925T13452132039,ALAB,2026-09-25,2026-09-25T09:47:57.710834-04:00,365.13,-0.8372
TTAN-20260925T13470590373,TTAN,2026-09-25,2026-09-25T09:47:57.710834-04:00,59.56,-0.634
INTC-20260925T13335149316,INTC,2026-09-25,2026-09-25T09:48:08.137511-04:00,126.0035,0.4652
KLAC-20260925T13380229659,KLAC,2026-09-25,2026-09-25T09:48:08.137511-04:00,188.85,0.5258
PANW-20260925T13410117189,PANW,2026-09-25,2026-09-25T09:48:08.137511-04:00,379.9821,0.7029
CLS-20260925T13411131458,CLS,2026-09-25,2026-09-25T09:48:08.137511-04:00,374.47,0.2651
MRNA-20260925T13411140119,MRNA,2026-09-25,2026-09-25T09:48:08.137511-04:00,194.94,-0.3782
MXL-20260925T13430232278,MXL,2026-09-25,2026-09-25T09:48:08.137511-04:00,88.12,-0.3161
DDOG-20260925T13451087664,DDOG,2026-09-25,2026-09-25T09:48:08.137511-04:00,279.5,0.9791
ALAB-20260925T13452132039,ALAB,2026-09-25,2026-09-25T09:48:08.137511-04:00,365.09,-0.848
TTAN-20260925T13470590373,TTAN,2026-09-25,2026-09-25T09:48:08.137511-04:00,59.75,-0.317
INTC-20260925T13335149316,INTC,2026-09-25,2026-09-25T09:48:18.409810-04:00,125.975,0.4425
KLAC-20260925T13380229659,KLAC,2026-09-25,2026-09-25T09:48:18.409810-04:00,188.78,0.4885
PANW-20260925T13410117189,PANW,2026-09-25,2026-09-25T09:48:18.409810-04:00,379.755,0.6427
CLS-20260925T13411131458,CLS,2026-09-25,2026-09-25T09:48:18.409810-04:00,374.404,0.2474
MRNA-20260925T13411140119,MRNA,2026-09-25,2026-09-25T09:48:18.409810-04:00,194.235,-0.7385
MXL-20260925T13430232278,MXL,2026-09-25,2026-09-25T09:48:18.409810-04:00,88.1425,-0.2907
DDOG-20260925T13451087664,DDOG,2026-09-25,2026-09-25T09:48:18.409810-04:00,279.9,1.1236
ALAB-20260925T13452132039,ALAB,2026-09-25,2026-09-25T09:48:18.409810-04:00,365.255,-0.8032
TTAN-20260925T13470590373,TTAN,2026-09-25,2026-09-25T09:48:18.409810-04:00,59.695,-0.4087
INTC-20260925T13335149316,INTC,2026-09-25,2026-09-25T09:48:28.804824-04:00,125.77,0.2791
KLAC-20260925T13380229659,KLAC,2026-09-25,2026-09-25T09:48:28.804824-04:00,188.885,0.5444
PANW-20260925T13410117189,PANW,2026-09-25,2026-09-25T09:48:28.804824-04:00,379.555,0.5897
CLS-20260925T13411131458,CLS,2026-09-25,2026-09-25T09:48:28.804824-04:00,374.49,0.2704
MRNA-20260925T13411140119,MRNA,2026-09-25,2026-09-25T09:48:28.804824-04:00,193.74,-0.9914
MXL-20260925T13430232278,MXL,2026-09-25,2026-09-25T09:48:28.804824-04:00,88.285,-0.1295
DDOG-20260925T13451087664,DDOG,2026-09-25,2026-09-25T09:48:28.804824-04:00,280.5,1.3404
ALAB-20260925T13452132039,ALAB,2026-09-25,2026-09-25T09:48:28.804824-04:00,363.23,-1.3532
TTAN-20260925T13470590373,TTAN,2026-09-25,2026-09-25T09:48:28.804824-04:00,59.715,-0.3754
INTC-20260925T13335149316,INTC,2026-09-25,2026-09-25T09:48:39.084508-04:00,125.72,0.2392
KLAC-20260925T13380229659,KLAC,2026-09-25,2026-09-25T09:48:39.084508-04:00,188.84,0.5204
PANW-20260925T13410117189,PANW,2026-09-25,2026-09-25T09:48:39.084508-04:00,379.4,0.5486
CLS-20260925T13411131458,CLS,2026-09-25,2026-09-25T09:48:39.084508-04:00,374.309,0.222
MRNA-20260925T13411140119,MRNA,2026-09-25,2026-09-25T09:48:39.084508-04:00,193.825,-0.948
MXL-20260925T13430232278,MXL,2026-09-25,2026-09-25T09:48:39.084508-04:00,88.2025,-0.2228
DDOG-20260925T13451087664,DDOG,2026-09-25,2026-09-25T09:48:39.084508-04:00,280.6,1.3765
ALAB-20260925T13452132039,ALAB,2026-09-25,2026-09-25T09:48:39.084508-04:00,365.3176,-0.7862
TTAN-20260925T13470590373,TTAN,2026-09-25,2026-09-25T09:48:39.084508-04:00,59.765,-0.292
INTC-20260925T13335149316,INTC,2026-09-25,2026-09-25T09:48:49.393896-04:00,125.702,0.2248
KLAC-20260925T13380229659,KLAC,2026-09-25,2026-09-25T09:48:49.393896-04:00,188.65,0.4193
PANW-20260925T13410117189,PANW,2026-09-25,2026-09-25T09:48:49.393896-04:00,379.06,0.4585
CLS-20260925T13411131458,CLS,2026-09-25,2026-09-25T09:48:49.393896-04:00,374.15,0.1794
MRNA-20260925T13411140119,MRNA,2026-09-25,2026-09-25T09:48:49.393896-04:00,193.77,-0.9761
MXL-20260925T13430232278,MXL,2026-09-25,2026-09-25T09:48:49.393896-04:00,87.886,-0.5809
DDOG-20260925T13451087664,DDOG,2026-09-25,2026-09-25T09:48:49.393896-04:00,279.9,1.1236
ALAB-20260925T13452132039,ALAB,2026-09-25,2026-09-25T09:48:49.393896-04:00,362.435,-1.5691
TTAN-20260925T13470590373,TTAN,2026-09-25,2026-09-25T09:48:49.393896-04:00,59.67,-0.4505
INTC-20260925T13335149316,INTC,2026-09-25,2026-09-25T09:49:00.037862-04:00,125.7907,0.2956
KLAC-20260925T13380229659,KLAC,2026-09-25,2026-09-25T09:49:00.037862-04:00,188.685,0.4379
PANW-20260925T13410117189,PANW,2026-09-25,2026-09-25T09:49:00.037862-04:00,379.3516,0.5358
CLS-20260925T13411131458,CLS,2026-09-25,2026-09-25T09:49:00.037862-04:00,373.7242,0.0654
MRNA-20260925T13411140119,MRNA,2026-09-25,2026-09-25T09:49:00.037862-04:00,193.92,-0.8994
MXL-20260925T13430232278,MXL,2026-09-25,2026-09-25T09:49:00.037862-04:00,87.88,-0.5876
DDOG-20260925T13451087664,DDOG,2026-09-25,2026-09-25T09:49:00.037862-04:00,278.9502,0.7804
TTAN-20260925T13470590373,TTAN,2026-09-25,2026-09-25T09:49:00.037862-04:00,59.745,-0.3253
INTC-20260925T13335149316,INTC,2026-09-25,2026-09-25T09:49:10.656597-04:00,125.901,0.3835
KLAC-20260925T13380229659,KLAC,2026-09-25,2026-09-25T09:49:10.656597-04:00,188.68,0.4353
PANW-20260925T13410117189,PANW,2026-09-25,2026-09-25T09:49:10.656597-04:00,379.43,0.5565
CLS-20260925T13411131458,CLS,2026-09-25,2026-09-25T09:49:10.656597-04:00,373.98,0.1339
MRNA-20260925T13411140119,MRNA,2026-09-25,2026-09-25T09:49:10.656597-04:00,193.94,-0.8892
MXL-20260925T13430232278,MXL,2026-09-25,2026-09-25T09:49:10.656597-04:00,88.145,-0.2879
TTAN-20260925T13470590373,TTAN,2026-09-25,2026-09-25T09:49:10.656597-04:00,59.9299,-0.0169
KLAC-20260925T13380229659,KLAC,2026-09-25,2026-09-25T09:49:21.129022-04:00,188.68,0.4353
PANW-20260925T13410117189,PANW,2026-09-25,2026-09-25T09:49:21.129022-04:00,379.7436,0.6397
CLS-20260925T13411131458,CLS,2026-09-25,2026-09-25T09:49:21.129022-04:00,374.7963,0.3524
MXL-20260925T13430232278,MXL,2026-09-25,2026-09-25T09:49:21.129022-04:00,88.2036,-0.2216
TTAN-20260925T13470590373,TTAN,2026-09-25,2026-09-25T09:49:21.129022-04:00,59.7498,-0.3173
KLAC-20260925T13380229659,KLAC,2026-09-25,2026-09-25T09:49:31.504901-04:00,188.8098,0.5044
PANW-20260925T13410117189,PANW,2026-09-25,2026-09-25T09:49:31.504901-04:00,379.58,0.5963
CLS-20260925T13411131458,CLS,2026-09-25,2026-09-25T09:49:31.504901-04:00,375.55,0.5542
MXL-20260925T13430232278,MXL,2026-09-25,2026-09-25T09:49:31.504901-04:00,88.485,0.0967
TTAN-20260925T13470590373,TTAN,2026-09-25,2026-09-25T09:49:31.504901-04:00,59.7074,-0.3881
KLAC-20260925T13380229659,KLAC,2026-09-25,2026-09-25T09:49:41.861441-04:00,188.66,0.4246
PANW-20260925T13410117189,PANW,2026-09-25,2026-09-25T09:49:41.861441-04:00,379.304,0.5231
CLS-20260925T13411131458,CLS,2026-09-25,2026-09-25T09:49:41.861441-04:00,375.77,0.6132
MXL-20260925T13430232278,MXL,2026-09-25,2026-09-25T09:49:41.861441-04:00,88.49,0.1024
TTAN-20260925T13470590373,TTAN,2026-09-25,2026-09-25T09:49:41.861441-04:00,59.79,-0.2503
KLAC-20260925T13380229659,KLAC,2026-09-25,2026-09-25T09:49:52.156662-04:00,188.735,0.4645
PANW-20260925T13410117189,PANW,2026-09-25,2026-09-25T09:49:52.156662-04:00,378.53,0.318
CLS-20260925T13411131458,CLS,2026-09-25,2026-09-25T09:49:52.156662-04:00,375.205,0.4619
MXL-20260925T13430232278,MXL,2026-09-25,2026-09-25T09:49:52.156662-04:00,88.5128,0.1282
TTAN-20260925T13470590373,TTAN,2026-09-25,2026-09-25T09:49:52.156662-04:00,59.795,-0.2419
KLAC-20260925T13380229659,KLAC,2026-09-25,2026-09-25T09:50:02.560428-04:00,188.7,0.4459
PANW-20260925T13410117189,PANW,2026-09-25,2026-09-25T09:50:02.560428-04:00,378.49,0.3074
CLS-20260925T13411131458,CLS,2026-09-25,2026-09-25T09:50:02.560428-04:00,375.39,0.5114
MXL-20260925T13430232278,MXL,2026-09-25,2026-09-25T09:50:02.560428-04:00,88.57,0.1929
TTAN-20260925T13470590373,TTAN,2026-09-25,2026-09-25T09:50:02.560428-04:00,59.89,-0.0834
KLAC-20260925T13380229659,KLAC,2026-09-25,2026-09-25T09:50:13.471190-04:00,188.6364,0.4121
PANW-20260925T13410117189,PANW,2026-09-25,2026-09-25T09:50:13.471190-04:00,377.435,0.0278
CLS-20260925T13411131458,CLS,2026-09-25,2026-09-25T09:50:13.471190-04:00,375.2827,0.4827
MXL-20260925T13430232278,MXL,2026-09-25,2026-09-25T09:50:13.471190-04:00,88.515,0.1307
TTAN-20260925T13470590373,TTAN,2026-09-25,2026-09-25T09:50:13.471190-04:00,59.86,-0.1335
KLAC-20260925T13380229659,KLAC,2026-09-25,2026-09-25T09:50:23.925440-04:00,188.91,0.5577
PANW-20260925T13410117189,PANW,2026-09-25,2026-09-25T09:50:23.925440-04:00,377.08,-0.0663
CLS-20260925T13411131458,CLS,2026-09-25,2026-09-25T09:50:23.925440-04:00,374.75,0.34
MXL-20260925T13430232278,MXL,2026-09-25,2026-09-25T09:50:23.925440-04:00,88.75,0.3965
TTAN-20260925T13470590373,TTAN,2026-09-25,2026-09-25T09:50:23.925440-04:00,59.8788,-0.1021
KLAC-20260925T13380229659,KLAC,2026-09-25,2026-09-25T09:50:34.402727-04:00,188.9988,0.605
PANW-20260925T13410117189,PANW,2026-09-25,2026-09-25T09:50:34.402727-04:00,377.311,-0.005
CLS-20260925T13411131458,CLS,2026-09-25,2026-09-25T09:50:34.402727-04:00,374.89,0.3775
MXL-20260925T13430232278,MXL,2026-09-25,2026-09-25T09:50:34.402727-04:00,88.75,0.3965
TTAN-20260925T13470590373,TTAN,2026-09-25,2026-09-25T09:50:34.402727-04:00,59.7908,-0.2489
KLAC-20260925T13380229659,KLAC,2026-09-25,2026-09-25T09:50:44.786872-04:00,188.765,0.4805
PANW-20260925T13410117189,PANW,2026-09-25,2026-09-25T09:50:44.786872-04:00,377.31,-0.0053
CLS-20260925T13411131458,CLS,2026-09-25,2026-09-25T09:50:44.786872-04:00,374.4146,0.2502
MXL-20260925T13430232278,MXL,2026-09-25,2026-09-25T09:50:44.786872-04:00,88.65,0.2834
TTAN-20260925T13470590373,TTAN,2026-09-25,2026-09-25T09:50:44.786872-04:00,59.795,-0.2419
QCOM-20260925T13502435143,QCOM,2026-09-25,2026-09-25T09:50:44.786872-04:00,200.76,-0.0398
MSTR-20260925T13502440155,MSTR,2026-09-25,2026-09-25T09:50:44.786872-04:00,159.1,-0.2089
KLAC-20260925T13380229659,KLAC,2026-09-25,2026-09-25T09:50:55.140529-04:00,188.87,0.5364
PANW-20260925T13410117189,PANW,2026-09-25,2026-09-25T09:50:55.140529-04:00,376.825,-0.1338
CLS-20260925T13411131458,CLS,2026-09-25,2026-09-25T09:50:55.140529-04:00,375.1555,0.4486
MXL-20260925T13430232278,MXL,2026-09-25,2026-09-25T09:50:55.140529-04:00,88.6714,0.3076
TTAN-20260925T13470590373,TTAN,2026-09-25,2026-09-25T09:50:55.140529-04:00,59.818,-0.2035
QCOM-20260925T13502435143,QCOM,2026-09-25,2026-09-25T09:50:55.140529-04:00,200.615,-0.112
MSTR-20260925T13502440155,MSTR,2026-09-25,2026-09-25T09:50:55.140529-04:00,158.9284,-0.3165
KLAC-20260925T13380229659,KLAC,2026-09-25,2026-09-25T09:51:05.458242-04:00,188.9654,0.5872
PANW-20260925T13410117189,PANW,2026-09-25,2026-09-25T09:51:05.458242-04:00,377.187,-0.0379
CLS-20260925T13411131458,CLS,2026-09-25,2026-09-25T09:51:05.458242-04:00,374.79,0.3508
MXL-20260925T13430232278,MXL,2026-09-25,2026-09-25T09:51:05.458242-04:00,89.185,0.8886
TTAN-20260925T13470590373,TTAN,2026-09-25,2026-09-25T09:51:05.458242-04:00,59.8364,-0.1728
QCOM-20260925T13502435143,QCOM,2026-09-25,2026-09-25T09:51:05.458242-04:00,200.755,-0.0423
MSTR-20260925T13502440155,MSTR,2026-09-25,2026-09-25T09:51:05.458242-04:00,158.8599,-0.3595
KLAC-20260925T13380229659,KLAC,2026-09-25,2026-09-25T09:51:16.152030-04:00,188.35,0.2596
CLS-20260925T13411131458,CLS,2026-09-25,2026-09-25T09:51:16.152030-04:00,375.0004,0.4071
MXL-20260925T13430232278,MXL,2026-09-25,2026-09-25T09:51:16.152030-04:00,88.54,0.159
TTAN-20260925T13470590373,TTAN,2026-09-25,2026-09-25T09:51:16.152030-04:00,59.73,-0.3504
QCOM-20260925T13502435143,QCOM,2026-09-25,2026-09-25T09:51:16.152030-04:00,200.7495,-0.0451
MSTR-20260925T13502440155,MSTR,2026-09-25,2026-09-25T09:51:16.152030-04:00,158.865,-0.3563
KLAC-20260925T13380229659,KLAC,2026-09-25,2026-09-25T09:51:26.609292-04:00,188.505,0.3421
CLS-20260925T13411131458,CLS,2026-09-25,2026-09-25T09:51:26.609292-04:00,375.31,0.49
MXL-20260925T13430232278,MXL,2026-09-25,2026-09-25T09:51:26.609292-04:00,89.0,0.6793
TTAN-20260925T13470590373,TTAN,2026-09-25,2026-09-25T09:51:26.609292-04:00,59.8756,-0.1074
QCOM-20260925T13502435143,QCOM,2026-09-25,2026-09-25T09:51:26.609292-04:00,200.76,-0.0398
MSTR-20260925T13502440155,MSTR,2026-09-25,2026-09-25T09:51:26.609292-04:00,159.06,-0.234
KLAC-20260925T13380229659,KLAC,2026-09-25,2026-09-25T09:51:37.035838-04:00,188.4,0.2862
CLS-20260925T13411131458,CLS,2026-09-25,2026-09-25T09:51:37.035838-04:00,375.335,0.4967
MXL-20260925T13430232278,MXL,2026-09-25,2026-09-25T09:51:37.035838-04:00,88.79,0.4418
TTAN-20260925T13470590373,TTAN,2026-09-25,2026-09-25T09:51:37.035838-04:00,59.91,-0.0501
QCOM-20260925T13502435143,QCOM,2026-09-25,2026-09-25T09:51:37.035838-04:00,200.64,-0.0996
MSTR-20260925T13502440155,MSTR,2026-09-25,2026-09-25T09:51:37.035838-04:00,159.065,-0.2308
KLAC-20260925T13380229659,KLAC,2026-09-25,2026-09-25T09:51:47.410094-04:00,188.415,0.2942
CLS-20260925T13411131458,CLS,2026-09-25,2026-09-25T09:51:47.410094-04:00,375.5763,0.5613
MXL-20260925T13430232278,MXL,2026-09-25,2026-09-25T09:51:47.410094-04:00,88.905,0.5719
TTAN-20260925T13470590373,TTAN,2026-09-25,2026-09-25T09:51:47.410094-04:00,59.975,0.0584
QCOM-20260925T13502435143,QCOM,2026-09-25,2026-09-25T09:51:47.410094-04:00,200.58,-0.1295
MSTR-20260925T13502440155,MSTR,2026-09-25,2026-09-25T09:51:47.410094-04:00,159.15,-0.1775
KLAC-20260925T13380229659,KLAC,2026-09-25,2026-09-25T09:51:57.759989-04:00,188.36,0.2649
CLS-20260925T13411131458,CLS,2026-09-25,2026-09-25T09:51:57.759989-04:00,374.81,0.3561
MXL-20260925T13430232278,MXL,2026-09-25,2026-09-25T09:51:57.759989-04:00,89.0047,0.6846
TTAN-20260925T13470590373,TTAN,2026-09-25,2026-09-25T09:51:57.759989-04:00,60.0,0.1001
QCOM-20260925T13502435143,QCOM,2026-09-25,2026-09-25T09:51:57.759989-04:00,200.4712,-0.1836
MSTR-20260925T13502440155,MSTR,2026-09-25,2026-09-25T09:51:57.759989-04:00,158.84,-0.3719
DOCN-20260925T13513740925,DOCN,2026-09-25,2026-09-25T09:51:57.759989-04:00,142.43,-0.1443
KLAC-20260925T13380229659,KLAC,2026-09-25,2026-09-25T09:52:08.176694-04:00,188.6878,0.4394
CLS-20260925T13411131458,CLS,2026-09-25,2026-09-25T09:52:08.176694-04:00,374.74,0.3374
MXL-20260925T13430232278,MXL,2026-09-25,2026-09-25T09:52:08.176694-04:00,88.17,-0.2596
TTAN-20260925T13470590373,TTAN,2026-09-25,2026-09-25T09:52:08.176694-04:00,60.215,0.4588
QCOM-20260925T13502435143,QCOM,2026-09-25,2026-09-25T09:52:08.176694-04:00,200.6584,-0.0904
MSTR-20260925T13502440155,MSTR,2026-09-25,2026-09-25T09:52:08.176694-04:00,159.4488,0.0099
CLS-20260925T13411131458,CLS,2026-09-25,2026-09-25T09:52:18.606698-04:00,374.33,0.2276
MXL-20260925T13430232278,MXL,2026-09-25,2026-09-25T09:52:18.606698-04:00,88.1735,-0.2556
TTAN-20260925T13470590373,TTAN,2026-09-25,2026-09-25T09:52:18.606698-04:00,60.265,0.5422
QCOM-20260925T13502435143,QCOM,2026-09-25,2026-09-25T09:52:18.606698-04:00,200.464,-0.1872
MSTR-20260925T13502440155,MSTR,2026-09-25,2026-09-25T09:52:18.606698-04:00,159.23,-0.1273
CLS-20260925T13411131458,CLS,2026-09-25,2026-09-25T09:52:28.940981-04:00,374.08,0.1607
MXL-20260925T13430232278,MXL,2026-09-25,2026-09-25T09:52:28.940981-04:00,88.2,-0.2257
TTAN-20260925T13470590373,TTAN,2026-09-25,2026-09-25T09:52:28.940981-04:00,60.255,0.5255
QCOM-20260925T13502435143,QCOM,2026-09-25,2026-09-25T09:52:28.940981-04:00,200.4399,-0.1992
MSTR-20260925T13502440155,MSTR,2026-09-25,2026-09-25T09:52:28.940981-04:00,159.145,-0.1806
CLS-20260925T13411131458,CLS,2026-09-25,2026-09-25T09:52:39.228431-04:00,374.7021,0.3272
MXL-20260925T13430232278,MXL,2026-09-25,2026-09-25T09:52:39.228431-04:00,88.56,0.1816
TTAN-20260925T13470590373,TTAN,2026-09-25,2026-09-25T09:52:39.228431-04:00,60.255,0.5255
QCOM-20260925T13502435143,QCOM,2026-09-25,2026-09-25T09:52:39.228431-04:00,200.36,-0.239
MSTR-20260925T13502440155,MSTR,2026-09-25,2026-09-25T09:52:39.228431-04:00,158.96,-0.2967
CLS-20260925T13411131458,CLS,2026-09-25,2026-09-25T09:52:49.475975-04:00,374.58,0.2945
MXL-20260925T13430232278,MXL,2026-09-25,2026-09-25T09:52:49.475975-04:00,88.84,0.4983
TTAN-20260925T13470590373,TTAN,2026-09-25,2026-09-25T09:52:49.475975-04:00,60.255,0.5255
QCOM-20260925T13502435143,QCOM,2026-09-25,2026-09-25T09:52:49.475975-04:00,200.46,-0.1892
MSTR-20260925T13502440155,MSTR,2026-09-25,2026-09-25T09:52:49.475975-04:00,159.185,-0.1556
CLS-20260925T13411131458,CLS,2026-09-25,2026-09-25T09:52:59.769464-04:00,374.83,0.3615
MXL-20260925T13430232278,MXL,2026-09-25,2026-09-25T09:52:59.769464-04:00,88.845,0.504
TTAN-20260925T13470590373,TTAN,2026-09-25,2026-09-25T09:52:59.769464-04:00,60.1331,0.3222
QCOM-20260925T13502435143,QCOM,2026-09-25,2026-09-25T09:52:59.769464-04:00,200.3801,-0.229
MSTR-20260925T13502440155,MSTR,2026-09-25,2026-09-25T09:52:59.769464-04:00,159.3382,-0.0595
CLS-20260925T13411131458,CLS,2026-09-25,2026-09-25T09:53:10.111357-04:00,374.6344,0.3091
MXL-20260925T13430232278,MXL,2026-09-25,2026-09-25T09:53:10.111357-04:00,88.845,0.504
TTAN-20260925T13470590373,TTAN,2026-09-25,2026-09-25T09:53:10.111357-04:00,60.35,0.684
QCOM-20260925T13502435143,QCOM,2026-09-25,2026-09-25T09:53:10.111357-04:00,200.41,-0.2141
MSTR-20260925T13502440155,MSTR,2026-09-25,2026-09-25T09:53:10.111357-04:00,159.053,-0.2383
CLS-20260925T13411131458,CLS,2026-09-25,2026-09-25T09:53:20.583687-04:00,374.3143,0.2234
MXL-20260925T13430232278,MXL,2026-09-25,2026-09-25T09:53:20.583687-04:00,88.97,0.6454
TTAN-20260925T13470590373,TTAN,2026-09-25,2026-09-25T09:53:20.583687-04:00,60.3167,0.6285
QCOM-20260925T13502435143,QCOM,2026-09-25,2026-09-25T09:53:20.583687-04:00,200.4,-0.2191
MSTR-20260925T13502440155,MSTR,2026-09-25,2026-09-25T09:53:20.583687-04:00,159.425,-0.005
CLS-20260925T13411131458,CLS,2026-09-25,2026-09-25T09:53:30.908074-04:00,374.5898,0.2972
MXL-20260925T13430232278,MXL,2026-09-25,2026-09-25T09:53:30.908074-04:00,89.1001,0.7926
TTAN-20260925T13470590373,TTAN,2026-09-25,2026-09-25T09:53:30.908074-04:00,60.35,0.684
QCOM-20260925T13502435143,QCOM,2026-09-25,2026-09-25T09:53:30.908074-04:00,200.45,-0.1942
MSTR-20260925T13502440155,MSTR,2026-09-25,2026-09-25T09:53:30.908074-04:00,159.3301,-0.0645
BMNR-20260925T13531053626,BMNR,2026-09-25,2026-09-25T09:53:30.908074-04:00,27.485,0.0182
DDOG-20260925T13531057923,DDOG,2026-09-25,2026-09-25T09:53:30.908074-04:00,278.365,-0.3669
CLS-20260925T13411131458,CLS,2026-09-25,2026-09-25T09:53:41.214477-04:00,374.7668,0.3445
MXL-20260925T13430232278,MXL,2026-09-25,2026-09-25T09:53:41.214477-04:00,89.13,0.8264
TTAN-20260925T13470590373,TTAN,2026-09-25,2026-09-25T09:53:41.214477-04:00,60.26,0.5339
QCOM-20260925T13502435143,QCOM,2026-09-25,2026-09-25T09:53:41.214477-04:00,200.615,-0.112
MSTR-20260925T13502440155,MSTR,2026-09-25,2026-09-25T09:53:41.214477-04:00,159.46,0.0169
BMNR-20260925T13531053626,BMNR,2026-09-25,2026-09-25T09:53:41.214477-04:00,27.488,0.0291
DDOG-20260925T13531057923,DDOG,2026-09-25,2026-09-25T09:53:41.214477-04:00,277.25,-0.766
CLS-20260925T13411131458,CLS,2026-09-25,2026-09-25T09:53:51.344307-04:00,374.51,0.2758
MXL-20260925T13430232278,MXL,2026-09-25,2026-09-25T09:53:51.344307-04:00,89.24,0.9508
TTAN-20260925T13470590373,TTAN,2026-09-25,2026-09-25T09:53:51.344307-04:00,60.255,0.5255
QCOM-20260925T13502435143,QCOM,2026-09-25,2026-09-25T09:53:51.344307-04:00,199.95,-0.4431
MSTR-20260925T13502440155,MSTR,2026-09-25,2026-09-25T09:53:51.344307-04:00,159.4512,0.0114
BMNR-20260925T13531053626,BMNR,2026-09-25,2026-09-25T09:53:51.344307-04:00,27.485,0.0182
DDOG-20260925T13531057923,DDOG,2026-09-25,2026-09-25T09:53:51.344307-04:00,277.13,-0.8089
LRCX-20260925T13533121222,LRCX,2026-09-25,2026-09-25T09:53:51.344307-04:00,312.6096,-0.08
CLS-20260925T13411131458,CLS,2026-09-25,2026-09-25T09:54:01.432767-04:00,374.73,0.3347
MXL-20260925T13430232278,MXL,2026-09-25,2026-09-25T09:54:01.432767-04:00,89.13,0.8264
TTAN-20260925T13470590373,TTAN,2026-09-25,2026-09-25T09:54:01.432767-04:00,60.26,0.5339
QCOM-20260925T13502435143,QCOM,2026-09-25,2026-09-25T09:54:01.432767-04:00,199.82,-0.5079
MSTR-20260925T13502440155,MSTR,2026-09-25,2026-09-25T09:54:01.432767-04:00,159.81,0.2365
BMNR-20260925T13531053626,BMNR,2026-09-25,2026-09-25T09:54:01.432767-04:00,27.525,0.1638
DDOG-20260925T13531057923,DDOG,2026-09-25,2026-09-25T09:54:01.432767-04:00,276.8407,-0.9125
LRCX-20260925T13533121222,LRCX,2026-09-25,2026-09-25T09:54:01.432767-04:00,312.0328,-0.2644
CLS-20260925T13411131458,CLS,2026-09-25,2026-09-25T09:54:11.767138-04:00,375.0,0.407
MXL-20260925T13430232278,MXL,2026-09-25,2026-09-25T09:54:11.767138-04:00,89.205,0.9112
TTAN-20260925T13470590373,TTAN,2026-09-25,2026-09-25T09:54:11.767138-04:00,60.26,0.5339
QCOM-20260925T13502435143,QCOM,2026-09-25,2026-09-25T09:54:11.767138-04:00,199.9109,-0.4626
MSTR-20260925T13502440155,MSTR,2026-09-25,2026-09-25T09:54:11.767138-04:00,159.6105,0.1113
BMNR-20260925T13531053626,BMNR,2026-09-25,2026-09-25T09:54:11.767138-04:00,27.515,0.1274
DDOG-20260925T13531057923,DDOG,2026-09-25,2026-09-25T09:54:11.767138-04:00,277.38,-0.7194
LRCX-20260925T13533121222,LRCX,2026-09-25,2026-09-25T09:54:11.767138-04:00,313.215,0.1135
CLS-20260925T13411131458,CLS,2026-09-25,2026-09-25T09:54:22.016282-04:00,375.9926,0.6728
MXL-20260925T13430232278,MXL,2026-09-25,2026-09-25T09:54:22.016282-04:00,89.71,1.4825
TTAN-20260925T13470590373,TTAN,2026-09-25,2026-09-25T09:54:22.016282-04:00,60.2649,0.542
QCOM-20260925T13502435143,QCOM,2026-09-25,2026-09-25T09:54:22.016282-04:00,200.305,-0.2664
MSTR-20260925T13502440155,MSTR,2026-09-25,2026-09-25T09:54:22.016282-04:00,159.875,0.2772
BMNR-20260925T13531053626,BMNR,2026-09-25,2026-09-25T09:54:22.016282-04:00,27.555,0.2729
LRCX-20260925T13533121222,LRCX,2026-09-25,2026-09-25T09:54:22.016282-04:00,313.565,0.2253
CLS-20260925T13411131458,CLS,2026-09-25,2026-09-25T09:54:32.117693-04:00,375.0742,0.4269
MXL-20260925T13430232278,MXL,2026-09-25,2026-09-25T09:54:32.117693-04:00,89.7725,1.5532
TTAN-20260925T13470590373,TTAN,2026-09-25,2026-09-25T09:54:32.117693-04:00,60.1101,0.2838
QCOM-20260925T13502435143,QCOM,2026-09-25,2026-09-25T09:54:32.117693-04:00,200.5273,-0.1557
MSTR-20260925T13502440155,MSTR,2026-09-25,2026-09-25T09:54:32.117693-04:00,160.025,0.3713
BMNR-20260925T13531053626,BMNR,2026-09-25,2026-09-25T09:54:32.117693-04:00,27.575,0.3457
LRCX-20260925T13533121222,LRCX,2026-09-25,2026-09-25T09:54:32.117693-04:00,312.2224,-0.2038
CLS-20260925T13411131458,CLS,2026-09-25,2026-09-25T09:54:42.206770-04:00,375.9923,0.6727
MXL-20260925T13430232278,MXL,2026-09-25,2026-09-25T09:54:42.206770-04:00,89.83,1.6183
TTAN-20260925T13470590373,TTAN,2026-09-25,2026-09-25T09:54:42.206770-04:00,60.06,0.2002
QCOM-20260925T13502435143,QCOM,2026-09-25,2026-09-25T09:54:42.206770-04:00,200.99,0.0747
MSTR-20260925T13502440155,MSTR,2026-09-25,2026-09-25T09:54:42.206770-04:00,160.185,0.4717
BMNR-20260925T13531053626,BMNR,2026-09-25,2026-09-25T09:54:42.206770-04:00,27.605,0.4549
LRCX-20260925T13533121222,LRCX,2026-09-25,2026-09-25T09:54:42.206770-04:00,313.56,0.2237
CLS-20260925T13411131458,CLS,2026-09-25,2026-09-25T09:54:52.299188-04:00,375.786,0.6174
MXL-20260925T13430232278,MXL,2026-09-25,2026-09-25T09:54:52.299188-04:00,89.85,1.6409
TTAN-20260925T13470590373,TTAN,2026-09-25,2026-09-25T09:54:52.299188-04:00,60.1198,0.3
QCOM-20260925T13502435143,QCOM,2026-09-25,2026-09-25T09:54:52.299188-04:00,200.935,0.0473
MSTR-20260925T13502440155,MSTR,2026-09-25,2026-09-25T09:54:52.299188-04:00,160.07,0.3995
BMNR-20260925T13531053626,BMNR,2026-09-25,2026-09-25T09:54:52.299188-04:00,27.5978,0.4287
LRCX-20260925T13533121222,LRCX,2026-09-25,2026-09-25T09:54:52.299188-04:00,313.675,0.2605
CLS-20260925T13411131458,CLS,2026-09-25,2026-09-25T09:55:02.389879-04:00,375.6733,0.5873
MXL-20260925T13430232278,MXL,2026-09-25,2026-09-25T09:55:02.389879-04:00,89.9585,1.7636
TTAN-20260925T13470590373,TTAN,2026-09-25,2026-09-25T09:55:02.389879-04:00,60.0915,0.2528
QCOM-20260925T13502435143,QCOM,2026-09-25,2026-09-25T09:55:02.389879-04:00,201.0,0.0797
MSTR-20260925T13502440155,MSTR,2026-09-25,2026-09-25T09:55:02.389879-04:00,160.128,0.4359
BMNR-20260925T13531053626,BMNR,2026-09-25,2026-09-25T09:55:02.389879-04:00,27.595,0.4185
LRCX-20260925T13533121222,LRCX,2026-09-25,2026-09-25T09:55:02.389879-04:00,313.915,0.3372
CLS-20260925T13411131458,CLS,2026-09-25,2026-09-25T09:55:13.171666-04:00,375.7575,0.6098
QCOM-20260925T13502435143,QCOM,2026-09-25,2026-09-25T09:55:13.171666-04:00,201.305,0.2315
MSTR-20260925T13502440155,MSTR,2026-09-25,2026-09-25T09:55:13.171666-04:00,160.055,0.3901
BMNR-20260925T13531053626,BMNR,2026-09-25,2026-09-25T09:55:13.171666-04:00,27.585,0.3821
LRCX-20260925T13533121222,LRCX,2026-09-25,2026-09-25T09:55:13.171666-04:00,314.24,0.4411
CLS-20260925T13411131458,CLS,2026-09-25,2026-09-25T09:55:23.295948-04:00,376.04,0.6854
QCOM-20260925T13502435143,QCOM,2026-09-25,2026-09-25T09:55:23.295948-04:00,201.55,0.3535
MSTR-20260925T13502440155,MSTR,2026-09-25,2026-09-25T09:55:23.295948-04:00,159.96,0.3305
BMNR-20260925T13531053626,BMNR,2026-09-25,2026-09-25T09:55:23.295948-04:00,27.565,0.3093
LRCX-20260925T13533121222,LRCX,2026-09-25,2026-09-25T09:55:23.295948-04:00,312.611,-0.0796
CLS-20260925T13411131458,CLS,2026-09-25,2026-09-25T09:55:33.400311-04:00,375.885,0.6439
QCOM-20260925T13502435143,QCOM,2026-09-25,2026-09-25T09:55:33.400311-04:00,201.455,0.3062
MSTR-20260925T13502440155,MSTR,2026-09-25,2026-09-25T09:55:33.400311-04:00,159.985,0.3462
BMNR-20260925T13531053626,BMNR,2026-09-25,2026-09-25T09:55:33.400311-04:00,27.565,0.3093
LRCX-20260925T13533121222,LRCX,2026-09-25,2026-09-25T09:55:33.400311-04:00,314.39,0.489
CLS-20260925T13411131458,CLS,2026-09-25,2026-09-25T09:55:43.487818-04:00,376.25,0.7417
QCOM-20260925T13502435143,QCOM,2026-09-25,2026-09-25T09:55:43.487818-04:00,201.245,0.2017
MSTR-20260925T13502440155,MSTR,2026-09-25,2026-09-25T09:55:43.487818-04:00,159.3975,-0.0223
BMNR-20260925T13531053626,BMNR,2026-09-25,2026-09-25T09:55:43.487818-04:00,27.554,0.2693
LRCX-20260925T13533121222,LRCX,2026-09-25,2026-09-25T09:55:43.487818-04:00,314.186,0.4238
CLS-20260925T13411131458,CLS,2026-09-25,2026-09-25T09:55:53.593532-04:00,374.9016,0.3806
QCOM-20260925T13502435143,QCOM,2026-09-25,2026-09-25T09:55:53.593532-04:00,201.29,0.2241
MSTR-20260925T13502440155,MSTR,2026-09-25,2026-09-25T09:55:53.593532-04:00,160.12,0.4309
BMNR-20260925T13531053626,BMNR,2026-09-25,2026-09-25T09:55:53.593532-04:00,27.555,0.2729
LRCX-20260925T13533121222,LRCX,2026-09-25,2026-09-25T09:55:53.593532-04:00,314.177,0.421
CLS-20260925T13411131458,CLS,2026-09-25,2026-09-25T09:56:03.872452-04:00,375.8,0.6212
QCOM-20260925T13502435143,QCOM,2026-09-25,2026-09-25T09:56:03.872452-04:00,201.33,0.244
MSTR-20260925T13502440155,MSTR,2026-09-25,2026-09-25T09:56:03.872452-04:00,160.05,0.387
BMNR-20260925T13531053626,BMNR,2026-09-25,2026-09-25T09:56:03.872452-04:00,27.545,0.2365
LRCX-20260925T13533121222,LRCX,2026-09-25,2026-09-25T09:56:03.872452-04:00,314.14,0.4091
CLS-20260925T13411131458,CLS,2026-09-25,2026-09-25T09:56:14.071193-04:00,375.88,0.6426
QCOM-20260925T13502435143,QCOM,2026-09-25,2026-09-25T09:56:14.071193-04:00,201.09,0.1245
MSTR-20260925T13502440155,MSTR,2026-09-25,2026-09-25T09:56:14.071193-04:00,159.88,0.2804
BMNR-20260925T13531053626,BMNR,2026-09-25,2026-09-25T09:56:14.071193-04:00,27.51,0.1092
LRCX-20260925T13533121222,LRCX,2026-09-25,2026-09-25T09:56:14.071193-04:00,314.17,0.4187
CLS-20260925T13411131458,CLS,2026-09-25,2026-09-25T09:56:24.175261-04:00,375.835,0.6306
QCOM-20260925T13502435143,QCOM,2026-09-25,2026-09-25T09:56:24.175261-04:00,201.04,0.0996
MSTR-20260925T13502440155,MSTR,2026-09-25,2026-09-25T09:56:24.175261-04:00,159.72,0.18
BMNR-20260925T13531053626,BMNR,2026-09-25,2026-09-25T09:56:24.175261-04:00,27.4585,-0.0782
LRCX-20260925T13533121222,LRCX,2026-09-25,2026-09-25T09:56:24.175261-04:00,314.1963,0.4271
CLS-20260925T13411131458,CLS,2026-09-25,2026-09-25T09:56:34.256485-04:00,375.825,0.6279
QCOM-20260925T13502435143,QCOM,2026-09-25,2026-09-25T09:56:34.256485-04:00,201.0307,0.095
MSTR-20260925T13502440155,MSTR,2026-09-25,2026-09-25T09:56:34.256485-04:00,159.68,0.1549
BMNR-20260925T13531053626,BMNR,2026-09-25,2026-09-25T09:56:34.256485-04:00,27.485,0.0182
LRCX-20260925T13533121222,LRCX,2026-09-25,2026-09-25T09:56:34.256485-04:00,314.03,0.374
CLS-20260925T13411131458,CLS,2026-09-25,2026-09-25T09:56:44.355570-04:00,377.06,0.9586
QCOM-20260925T13502435143,QCOM,2026-09-25,2026-09-25T09:56:44.355570-04:00,201.35,0.2539
MSTR-20260925T13502440155,MSTR,2026-09-25,2026-09-25T09:56:44.355570-04:00,159.63,0.1236
BMNR-20260925T13531053626,BMNR,2026-09-25,2026-09-25T09:56:44.355570-04:00,27.485,0.0182
LRCX-20260925T13533121222,LRCX,2026-09-25,2026-09-25T09:56:44.355570-04:00,313.75,0.2845
CLS-20260925T13411131458,CLS,2026-09-25,2026-09-25T09:56:54.436913-04:00,377.2285,1.0037
QCOM-20260925T13502435143,QCOM,2026-09-25,2026-09-25T09:56:54.436913-04:00,201.6536,0.4051
MSTR-20260925T13502440155,MSTR,2026-09-25,2026-09-25T09:56:54.436913-04:00,159.57,0.0859
BMNR-20260925T13531053626,BMNR,2026-09-25,2026-09-25T09:56:54.436913-04:00,27.46,-0.0728
LRCX-20260925T13533121222,LRCX,2026-09-25,2026-09-25T09:56:54.436913-04:00,314.0565,0.3824
CLS-20260925T13411131458,CLS,2026-09-25,2026-09-25T09:57:04.527423-04:00,376.975,0.9358
QCOM-20260925T13502435143,QCOM,2026-09-25,2026-09-25T09:57:04.527423-04:00,200.7919,-0.0239
MSTR-20260925T13502440155,MSTR,2026-09-25,2026-09-25T09:57:04.527423-04:00,159.685,0.1581
BMNR-20260925T13531053626,BMNR,2026-09-25,2026-09-25T09:57:04.527423-04:00,27.455,-0.091
LRCX-20260925T13533121222,LRCX,2026-09-25,2026-09-25T09:57:04.527423-04:00,314.07,0.3868
QCOM-20260925T13502435143,QCOM,2026-09-25,2026-09-25T09:57:14.827324-04:00,201.54,0.3485
MSTR-20260925T13502440155,MSTR,2026-09-25,2026-09-25T09:57:14.827324-04:00,159.48,0.0295
LRCX-20260925T13533121222,LRCX,2026-09-25,2026-09-25T09:57:14.827324-04:00,314.2233,0.4358
QCOM-20260925T13502435143,QCOM,2026-09-25,2026-09-25T09:57:24.940127-04:00,201.72,0.4382
MSTR-20260925T13502440155,MSTR,2026-09-25,2026-09-25T09:57:24.940127-04:00,159.575,0.0891
LRCX-20260925T13533121222,LRCX,2026-09-25,2026-09-25T09:57:24.940127-04:00,314.226,0.4366
QCOM-20260925T13502435143,QCOM,2026-09-25,2026-09-25T09:57:35.019981-04:00,201.91,0.5328
MSTR-20260925T13502440155,MSTR,2026-09-25,2026-09-25T09:57:35.019981-04:00,159.56,0.0797
LRCX-20260925T13533121222,LRCX,2026-09-25,2026-09-25T09:57:35.019981-04:00,314.17,0.4187
QCOM-20260925T13502435143,QCOM,2026-09-25,2026-09-25T09:57:45.105379-04:00,201.7436,0.4499
MSTR-20260925T13502440155,MSTR,2026-09-25,2026-09-25T09:57:45.105379-04:00,159.585,0.0953
LRCX-20260925T13533121222,LRCX,2026-09-25,2026-09-25T09:57:45.105379-04:00,314.22,0.4347
QCOM-20260925T13502435143,QCOM,2026-09-25,2026-09-25T09:57:55.203208-04:00,201.744,0.4501
MSTR-20260925T13502440155,MSTR,2026-09-25,2026-09-25T09:57:55.203208-04:00,159.593,0.1004
LRCX-20260925T13533121222,LRCX,2026-09-25,2026-09-25T09:57:55.203208-04:00,314.69,0.5849
QCOM-20260925T13502435143,QCOM,2026-09-25,2026-09-25T09:58:05.274699-04:00,201.885,0.5203
MSTR-20260925T13502440155,MSTR,2026-09-25,2026-09-25T09:58:05.274699-04:00,159.7599,0.205
LRCX-20260925T13533121222,LRCX,2026-09-25,2026-09-25T09:58:05.274699-04:00,314.23,0.4379
QCOM-20260925T13502435143,QCOM,2026-09-25,2026-09-25T09:58:15.433300-04:00,201.511,0.3341
MSTR-20260925T13502440155,MSTR,2026-09-25,2026-09-25T09:58:15.433300-04:00,159.6599,0.1423
LRCX-20260925T13533121222,LRCX,2026-09-25,2026-09-25T09:58:15.433300-04:00,314.38,0.4858
QCOM-20260925T13502435143,QCOM,2026-09-25,2026-09-25T09:58:25.524056-04:00,201.595,0.3759
MSTR-20260925T13502440155,MSTR,2026-09-25,2026-09-25T09:58:25.524056-04:00,159.58,0.0922
LRCX-20260925T13533121222,LRCX,2026-09-25,2026-09-25T09:58:25.524056-04:00,314.33,0.4699
QCOM-20260925T13502435143,QCOM,2026-09-25,2026-09-25T09:58:35.640716-04:00,201.65,0.4033
MSTR-20260925T13502440155,MSTR,2026-09-25,2026-09-25T09:58:35.640716-04:00,159.54,0.0671
LRCX-20260925T13533121222,LRCX,2026-09-25,2026-09-25T09:58:35.640716-04:00,313.9657,0.3534
QCOM-20260925T13502435143,QCOM,2026-09-25,2026-09-25T09:58:45.714832-04:00,201.625,0.3909
MSTR-20260925T13502440155,MSTR,2026-09-25,2026-09-25T09:58:45.714832-04:00,159.42,-0.0082
LRCX-20260925T13533121222,LRCX,2026-09-25,2026-09-25T09:58:45.714832-04:00,314.3,0.4603
QCOM-20260925T13502435143,QCOM,2026-09-25,2026-09-25T09:58:55.783660-04:00,201.494,0.3256
MSTR-20260925T13502440155,MSTR,2026-09-25,2026-09-25T09:58:55.783660-04:00,159.4646,0.0198
LRCX-20260925T13533121222,LRCX,2026-09-25,2026-09-25T09:58:55.783660-04:00,313.0914,0.074
QCOM-20260925T13502435143,QCOM,2026-09-25,2026-09-25T09:59:05.869221-04:00,201.6214,0.3891
MSTR-20260925T13502440155,MSTR,2026-09-25,2026-09-25T09:59:05.869221-04:00,159.425,-0.005
LRCX-20260925T13533121222,LRCX,2026-09-25,2026-09-25T09:59:05.869221-04:00,314.46,0.5114
QCOM-20260925T13502435143,QCOM,2026-09-25,2026-09-25T09:59:16.067483-04:00,201.7,0.4282
LRCX-20260925T13533121222,LRCX,2026-09-25,2026-09-25T09:59:16.067483-04:00,314.1056,0.3981
QCOM-20260925T13502435143,QCOM,2026-09-25,2026-09-25T09:59:26.178818-04:00,201.7172,0.4368
LRCX-20260925T13533121222,LRCX,2026-09-25,2026-09-25T09:59:26.178818-04:00,314.42,0.4986
QCOM-20260925T13502435143,QCOM,2026-09-25,2026-09-25T09:59:36.257952-04:00,201.33,0.244
LRCX-20260925T13533121222,LRCX,2026-09-25,2026-09-25T09:59:36.257952-04:00,314.68,0.5817
QCOM-20260925T13502435143,QCOM,2026-09-25,2026-09-25T09:59:46.333066-04:00,201.2793,0.2187
LRCX-20260925T13533121222,LRCX,2026-09-25,2026-09-25T09:59:46.333066-04:00,314.775,0.6121
QCOM-20260925T13502435143,QCOM,2026-09-25,2026-09-25T09:59:56.409763-04:00,201.4,0.2788
LRCX-20260925T13533121222,LRCX,2026-09-25,2026-09-25T09:59:56.409763-04:00,314.76,0.6073
QCOM-20260925T13502435143,QCOM,2026-09-25,2026-09-25T10:00:06.492007-04:00,201.6846,0.4205
LRCX-20260925T13533121222,LRCX,2026-09-25,2026-09-25T10:00:06.492007-04:00,314.825,0.6281
QCOM-20260925T13502435143,QCOM,2026-09-25,2026-09-25T10:00:16.679240-04:00,201.475,0.3162
LRCX-20260925T13533121222,LRCX,2026-09-25,2026-09-25T10:00:16.679240-04:00,314.975,0.676
QCOM-20260925T13502435143,QCOM,2026-09-25,2026-09-25T10:00:26.816812-04:00,201.585,0.3709
LRCX-20260925T13533121222,LRCX,2026-09-25,2026-09-25T10:00:26.816812-04:00,315.7988,0.9393
QCOM-20260925T13502435143,QCOM,2026-09-25,2026-09-25T10:00:36.933362-04:00,201.555,0.356
LRCX-20260925T13533121222,LRCX,2026-09-25,2026-09-25T10:00:36.933362-04:00,315.45,0.8278
QCOM-20260925T13502435143,QCOM,2026-09-25,2026-09-25T10:00:47.048259-04:00,201.375,0.2664
LRCX-20260925T13533121222,LRCX,2026-09-25,2026-09-25T10:00:47.048259-04:00,315.175,0.7399
QCOM-20260925T13502435143,QCOM,2026-09-25,2026-09-25T10:00:57.145415-04:00,201.375,0.2664
LRCX-20260925T13533121222,LRCX,2026-09-25,2026-09-25T10:00:57.145415-04:00,314.8375,0.6321
QCOM-20260925T13502435143,QCOM,2026-09-25,2026-09-25T10:01:07.230542-04:00,200.94,0.0498
LRCX-20260925T13533121222,LRCX,2026-09-25,2026-09-25T10:01:07.230542-04:00,314.44,0.505
QCOM-20260925T13502435143,QCOM,2026-09-25,2026-09-25T10:01:17.341190-04:00,201.01,0.0846
LRCX-20260925T13533121222,LRCX,2026-09-25,2026-09-25T10:01:17.341190-04:00,314.7122,0.592
QCOM-20260925T13502435143,QCOM,2026-09-25,2026-09-25T10:01:27.481361-04:00,200.725,-0.0573
LRCX-20260925T13533121222,LRCX,2026-09-25,2026-09-25T10:01:27.481361-04:00,314.29,0.4571
QCOM-20260925T13502435143,QCOM,2026-09-25,2026-09-25T10:01:37.578988-04:00,200.9248,0.0422
LRCX-20260925T13533121222,LRCX,2026-09-25,2026-09-25T10:01:37.578988-04:00,314.09,0.3931
QCOM-20260925T13502435143,QCOM,2026-09-25,2026-09-25T10:01:47.662802-04:00,200.71,-0.0647
LRCX-20260925T13533121222,LRCX,2026-09-25,2026-09-25T10:01:47.662802-04:00,314.305,0.4619
QCOM-20260925T13502435143,QCOM,2026-09-25,2026-09-25T10:01:57.741256-04:00,200.952,0.0558
LRCX-20260925T13533121222,LRCX,2026-09-25,2026-09-25T10:01:57.741256-04:00,314.17,0.4187
QCOM-20260925T13502435143,QCOM,2026-09-25,2026-09-25T10:02:07.819960-04:00,200.68,-0.0797
LRCX-20260925T13533121222,LRCX,2026-09-25,2026-09-25T10:02:07.819960-04:00,313.75,0.2845
LRCX-20260925T13533121222,LRCX,2026-09-25,2026-09-25T10:02:18.009938-04:00,313.52,0.211
LRCX-20260925T13533121222,LRCX,2026-09-25,2026-09-25T10:02:28.112358-04:00,313.5,0.2046
LRCX-20260925T13533121222,LRCX,2026-09-25,2026-09-25T10:02:38.215616-04:00,314.11,0.3995
LRCX-20260925T13533121222,LRCX,2026-09-25,2026-09-25T10:02:48.293581-04:00,313.915,0.3372
LRCX-20260925T13533121222,LRCX,2026-09-25,2026-09-25T10:02:58.370554-04:00,314.1425,0.4099
LRCX-20260925T13533121222,LRCX,2026-09-25,2026-09-25T10:03:08.452132-04:00,313.705,0.2701
LRCX-20260925T13533121222,LRCX,2026-09-25,2026-09-25T10:03:18.550923-04:00,313.7,0.2685
LRCX-20260925T13533121222,LRCX,2026-09-25,2026-09-25T10:03:28.679308-04:00,313.56,0.2237
LRCX-20260925T13533121222,LRCX,2026-09-25,2026-09-25T10:03:38.756812-04:00,313.94,0.3452
LRCX-20260925T13533121222,LRCX,2026-09-25,2026-09-25T10:03:48.857641-04:00,314.0,0.3644
LRCX-20260925T13533121222,LRCX,2026-09-25,2026-09-25T10:03:58.973957-04:00,314.01,0.3676
LRCX-20260925T13533121222,LRCX,2026-09-25,2026-09-25T10:04:09.127942-04:00,313.87,0.3228
LRCX-20260925T13533121222,LRCX,2026-09-25,2026-09-25T10:04:19.221775-04:00,313.705,0.2701
LRCX-20260925T13533121222,LRCX,2026-09-25,2026-09-25T10:04:29.326781-04:00,313.53,0.2142
LRCX-20260925T13533121222,LRCX,2026-09-25,2026-09-25T10:04:39.415341-04:00,313.7,0.2685
LRCX-20260925T13533121222,LRCX,2026-09-25,2026-09-25T10:04:49.510854-04:00,313.665,0.2573
LRCX-20260925T13533121222,LRCX,2026-09-25,2026-09-25T10:04:59.655832-04:00,313.6746,0.2604
LRCX-20260925T13533121222,LRCX,2026-09-25,2026-09-25T10:05:09.800713-04:00,313.5758,0.2288
LRCX-20260925T13533121222,LRCX,2026-09-25,2026-09-25T10:05:19.991000-04:00,312.98,0.0384
LRCX-20260925T13533121222,LRCX,2026-09-25,2026-09-25T10:05:30.181022-04:00,312.8,-0.0192
LRCX-20260925T13533121222,LRCX,2026-09-25,2026-09-25T10:05:40.393695-04:00,313.0,0.0447
LRCX-20260925T13533121222,LRCX,2026-09-25,2026-09-25T10:05:50.587236-04:00,313.852,0.3171
LRCX-20260925T13533121222,LRCX,2026-09-25,2026-09-25T10:06:00.844585-04:00,312.9664,0.034
