trade_id,symbol,date,timestamp,price,gain_pct
COHR-20260922T13334897185,COHR,2026-09-22,2026-09-22T09:34:05.382577-04:00,311.82,-0.2144
COHR-20260922T13334897185,COHR,2026-09-22,2026-09-22T09:34:08.691668-04:00,311.7171,-0.2259
COHR-20260922T13334897185,COHR,2026-09-22,2026-09-22T09:34:12.009829-04:00,311.29,-0.3626
COHR-20260922T13334897185,COHR,2026-09-22,2026-09-22T09:34:15.408590-04:00,311.33,-0.3181
COHR-20260922T13334897185,COHR,2026-09-22,2026-09-22T09:34:18.999944-04:00,311.09,-0.395
COHR-20260922T13334897185,COHR,2026-09-22,2026-09-22T09:34:22.268567-04:00,311.565,-0.2429
TWST-20260922T13340238095,TWST,2026-09-22,2026-09-22T09:34:22.268567-04:00,164.45,-1.8209
GOOG-20260922T13341240788,GOOG,2026-09-22,2026-09-22T09:34:22.268567-04:00,354.36,-0.1099
COHR-20260922T13334897185,COHR,2026-09-22,2026-09-22T09:34:25.610016-04:00,311.29,-0.331
GOOG-20260922T13341240788,GOOG,2026-09-22,2026-09-22T09:34:25.610016-04:00,354.475,-0.0775
COHR-20260922T13334897185,COHR,2026-09-22,2026-09-22T09:34:28.919362-04:00,311.58,-0.2381
GOOG-20260922T13341240788,GOOG,2026-09-22,2026-09-22T09:34:28.919362-04:00,354.63,-0.0338
COHR-20260922T13334897185,COHR,2026-09-22,2026-09-22T09:34:32.290453-04:00,311.0901,-0.395
GOOG-20260922T13341240788,GOOG,2026-09-22,2026-09-22T09:34:32.290453-04:00,354.49,-0.0733
COHR-20260922T13334897185,COHR,2026-09-22,2026-09-22T09:34:35.503030-04:00,311.435,-0.2845
GOOG-20260922T13341240788,GOOG,2026-09-22,2026-09-22T09:34:35.503030-04:00,354.7988,0.0138
COHR-20260922T13334897185,COHR,2026-09-22,2026-09-22T09:34:38.751703-04:00,311.8763,-0.1432
GOOG-20260922T13341240788,GOOG,2026-09-22,2026-09-22T09:34:38.751703-04:00,354.74,-0.0028
COHR-20260922T13334897185,COHR,2026-09-22,2026-09-22T09:34:41.967426-04:00,311.715,-0.1949
GOOG-20260922T13341240788,GOOG,2026-09-22,2026-09-22T09:34:41.967426-04:00,355.0085,0.0729
COHR-20260922T13334897185,COHR,2026-09-22,2026-09-22T09:34:45.244703-04:00,311.706,-0.1978
GOOG-20260922T13341240788,GOOG,2026-09-22,2026-09-22T09:34:45.244703-04:00,355.14,0.1099
MLKN-20260922T13342928473,MLKN,2026-09-22,2026-09-22T09:34:45.244703-04:00,21.12,0.8115
COHR-20260922T13334897185,COHR,2026-09-22,2026-09-22T09:34:48.640565-04:00,311.68,-0.2061
GOOG-20260922T13341240788,GOOG,2026-09-22,2026-09-22T09:34:48.640565-04:00,355.0,0.0705
MLKN-20260922T13342928473,MLKN,2026-09-22,2026-09-22T09:34:48.640565-04:00,21.12,0.8115
GFS-20260922T13344224073,GFS,2026-09-22,2026-09-22T09:34:48.640565-04:00,48.18,-0.1451
COHR-20260922T13334897185,COHR,2026-09-22,2026-09-22T09:34:51.827066-04:00,311.79,-0.1709
GOOG-20260922T13341240788,GOOG,2026-09-22,2026-09-22T09:34:51.827066-04:00,355.01,0.0733
MLKN-20260922T13342928473,MLKN,2026-09-22,2026-09-22T09:34:51.827066-04:00,21.12,0.8115
GFS-20260922T13344224073,GFS,2026-09-22,2026-09-22T09:34:51.827066-04:00,48.18,-0.1451
COHR-20260922T13334897185,COHR,2026-09-22,2026-09-22T09:34:55.033029-04:00,311.98,-0.11
GOOG-20260922T13341240788,GOOG,2026-09-22,2026-09-22T09:34:55.033029-04:00,355.174,0.1195
MLKN-20260922T13342928473,MLKN,2026-09-22,2026-09-22T09:34:55.033029-04:00,21.12,0.8115
GFS-20260922T13344224073,GFS,2026-09-22,2026-09-22T09:34:55.033029-04:00,48.18,-0.1451
COHR-20260922T13334897185,COHR,2026-09-22,2026-09-22T09:34:58.264872-04:00,311.95,-0.1196
GOOG-20260922T13341240788,GOOG,2026-09-22,2026-09-22T09:34:58.264872-04:00,355.7,0.2678
MLKN-20260922T13342928473,MLKN,2026-09-22,2026-09-22T09:34:58.264872-04:00,21.12,0.8115
GFS-20260922T13344224073,GFS,2026-09-22,2026-09-22T09:34:58.264872-04:00,48.185,-0.1347
COHR-20260922T13334897185,COHR,2026-09-22,2026-09-22T09:35:01.555501-04:00,309.9611,-0.7564
GOOG-20260922T13341240788,GOOG,2026-09-22,2026-09-22T09:35:01.555501-04:00,356.08,0.3749
MLKN-20260922T13342928473,MLKN,2026-09-22,2026-09-22T09:35:01.555501-04:00,21.35,1.9093
GFS-20260922T13344224073,GFS,2026-09-22,2026-09-22T09:35:01.555501-04:00,48.185,-0.1347
COHR-20260922T13334897185,COHR,2026-09-22,2026-09-22T09:35:05.174753-04:00,312.73,0.1301
GOOG-20260922T13341240788,GOOG,2026-09-22,2026-09-22T09:35:05.174753-04:00,355.67,0.2593
GFS-20260922T13344224073,GFS,2026-09-22,2026-09-22T09:35:05.174753-04:00,48.2,-0.1036
COHR-20260922T13334897185,COHR,2026-09-22,2026-09-22T09:35:08.858141-04:00,312.5,0.0565
GOOG-20260922T13341240788,GOOG,2026-09-22,2026-09-22T09:35:08.858141-04:00,356.01,0.3552
GFS-20260922T13344224073,GFS,2026-09-22,2026-09-22T09:35:08.858141-04:00,48.2,-0.1036
CDNS-20260922T13350211702,CDNS,2026-09-22,2026-09-22T09:35:08.858141-04:00,295.44,0.0
ZS-20260922T13350217392,ZS,2026-09-22,2026-09-22T09:35:08.858141-04:00,205.8088,-0.0073
COHR-20260922T13334897185,COHR,2026-09-22,2026-09-22T09:35:12.446034-04:00,311.86,-0.1484
GOOG-20260922T13341240788,GOOG,2026-09-22,2026-09-22T09:35:12.446034-04:00,356.02,0.358
GFS-20260922T13344224073,GFS,2026-09-22,2026-09-22T09:35:12.446034-04:00,48.1623,-0.1818
ZS-20260922T13350217392,ZS,2026-09-22,2026-09-22T09:35:12.446034-04:00,205.01,-0.3932
COHR-20260922T13334897185,COHR,2026-09-22,2026-09-22T09:35:15.965564-04:00,312.168,-0.0498
GOOG-20260922T13341240788,GOOG,2026-09-22,2026-09-22T09:35:15.965564-04:00,356.086,0.3766
GFS-20260922T13344224073,GFS,2026-09-22,2026-09-22T09:35:15.965564-04:00,48.185,-0.1347
ZS-20260922T13350217392,ZS,2026-09-22,2026-09-22T09:35:15.965564-04:00,205.75,-0.0337
COHR-20260922T13334897185,COHR,2026-09-22,2026-09-22T09:35:19.521126-04:00,312.8104,0.1559
GOOG-20260922T13341240788,GOOG,2026-09-22,2026-09-22T09:35:19.521126-04:00,356.0276,0.3601
GFS-20260922T13344224073,GFS,2026-09-22,2026-09-22T09:35:19.521126-04:00,48.21,-0.0829
ZS-20260922T13350217392,ZS,2026-09-22,2026-09-22T09:35:19.521126-04:00,205.395,-0.2062
COHR-20260922T13334897185,COHR,2026-09-22,2026-09-22T09:35:23.142475-04:00,313.6628,0.4288
GOOG-20260922T13341240788,GOOG,2026-09-22,2026-09-22T09:35:23.142475-04:00,356.06,0.3693
GFS-20260922T13344224073,GFS,2026-09-22,2026-09-22T09:35:23.142475-04:00,48.12,-0.2694
ZS-20260922T13350217392,ZS,2026-09-22,2026-09-22T09:35:23.142475-04:00,205.7117,-0.0523
COHR-20260922T13334897185,COHR,2026-09-22,2026-09-22T09:35:26.581521-04:00,313.765,0.4615
GOOG-20260922T13341240788,GOOG,2026-09-22,2026-09-22T09:35:26.581521-04:00,356.16,0.3975
GFS-20260922T13344224073,GFS,2026-09-22,2026-09-22T09:35:26.581521-04:00,48.135,-0.2383
COHR-20260922T13334897185,COHR,2026-09-22,2026-09-22T09:35:30.026744-04:00,314.3176,0.6384
GOOG-20260922T13341240788,GOOG,2026-09-22,2026-09-22T09:35:30.026744-04:00,355.9098,0.3269
GFS-20260922T13344224073,GFS,2026-09-22,2026-09-22T09:35:30.026744-04:00,48.135,-0.2383
COHR-20260922T13334897185,COHR,2026-09-22,2026-09-22T09:35:33.847665-04:00,314.32,0.6392
GOOG-20260922T13341240788,GOOG,2026-09-22,2026-09-22T09:35:33.847665-04:00,356.04,0.3636
GFS-20260922T13344224073,GFS,2026-09-22,2026-09-22T09:35:33.847665-04:00,48.134,-0.2404
COHR-20260922T13334897185,COHR,2026-09-22,2026-09-22T09:35:37.380955-04:00,314.32,0.6392
GOOG-20260922T13341240788,GOOG,2026-09-22,2026-09-22T09:35:37.380955-04:00,355.905,0.3256
GFS-20260922T13344224073,GFS,2026-09-22,2026-09-22T09:35:37.380955-04:00,48.17,-0.1658
COHR-20260922T13334897185,COHR,2026-09-22,2026-09-22T09:35:40.821652-04:00,313.82,0.4791
GOOG-20260922T13341240788,GOOG,2026-09-22,2026-09-22T09:35:40.821652-04:00,355.845,0.3087
GFS-20260922T13344224073,GFS,2026-09-22,2026-09-22T09:35:40.821652-04:00,48.135,-0.2383
COHR-20260922T13334897185,COHR,2026-09-22,2026-09-22T09:35:44.236866-04:00,314.2,0.6008
GOOG-20260922T13341240788,GOOG,2026-09-22,2026-09-22T09:35:44.236866-04:00,355.85,0.3101
GFS-20260922T13344224073,GFS,2026-09-22,2026-09-22T09:35:44.236866-04:00,48.16,-0.1865
CRWV-20260922T13353437964,CRWV,2026-09-22,2026-09-22T09:35:44.236866-04:00,85.535,0.0409
COHR-20260922T13334897185,COHR,2026-09-22,2026-09-22T09:35:47.640502-04:00,314.0,0.5367
GOOG-20260922T13341240788,GOOG,2026-09-22,2026-09-22T09:35:47.640502-04:00,355.9101,0.327
GFS-20260922T13344224073,GFS,2026-09-22,2026-09-22T09:35:47.640502-04:00,48.22,-0.0622
CRWV-20260922T13353437964,CRWV,2026-09-22,2026-09-22T09:35:47.640502-04:00,85.47,-0.0351
COHR-20260922T13334897185,COHR,2026-09-22,2026-09-22T09:35:51.083694-04:00,312.5733,0.0799
GOOG-20260922T13341240788,GOOG,2026-09-22,2026-09-22T09:35:51.083694-04:00,355.875,0.3171
GFS-20260922T13344224073,GFS,2026-09-22,2026-09-22T09:35:51.083694-04:00,48.225,-0.0518
CRWV-20260922T13353437964,CRWV,2026-09-22,2026-09-22T09:35:51.083694-04:00,85.5563,0.0658
COHR-20260922T13334897185,COHR,2026-09-22,2026-09-22T09:35:54.443889-04:00,314.39,0.6616
GOOG-20260922T13341240788,GOOG,2026-09-22,2026-09-22T09:35:54.443889-04:00,355.8369,0.3064
GFS-20260922T13344224073,GFS,2026-09-22,2026-09-22T09:35:54.443889-04:00,48.225,-0.0518
CRWV-20260922T13353437964,CRWV,2026-09-22,2026-09-22T09:35:54.443889-04:00,85.4501,-0.0584
COHR-20260922T13334897185,COHR,2026-09-22,2026-09-22T09:35:57.902560-04:00,314.405,0.6664
GOOG-20260922T13341240788,GOOG,2026-09-22,2026-09-22T09:35:57.902560-04:00,355.6865,0.264
GFS-20260922T13344224073,GFS,2026-09-22,2026-09-22T09:35:57.902560-04:00,48.2435,-0.0135
CRWV-20260922T13353437964,CRWV,2026-09-22,2026-09-22T09:35:57.902560-04:00,85.46,-0.0468
COHR-20260922T13334897185,COHR,2026-09-22,2026-09-22T09:36:01.319931-04:00,315.2037,0.9221
GOOG-20260922T13341240788,GOOG,2026-09-22,2026-09-22T09:36:01.319931-04:00,355.625,0.2467
GFS-20260922T13344224073,GFS,2026-09-22,2026-09-22T09:36:01.319931-04:00,48.22,-0.0622
CRWV-20260922T13353437964,CRWV,2026-09-22,2026-09-22T09:36:01.319931-04:00,85.4001,-0.1168
COHR-20260922T13334897185,COHR,2026-09-22,2026-09-22T09:36:04.880056-04:00,315.0979,0.8883
GOOG-20260922T13341240788,GOOG,2026-09-22,2026-09-22T09:36:04.880056-04:00,355.555,0.2269
GFS-20260922T13344224073,GFS,2026-09-22,2026-09-22T09:36:04.880056-04:00,48.221,-0.0601
CRWV-20260922T13353437964,CRWV,2026-09-22,2026-09-22T09:36:04.880056-04:00,85.395,-0.1228
COHR-20260922T13334897185,COHR,2026-09-22,2026-09-22T09:36:08.286685-04:00,315.68,1.0746
GOOG-20260922T13341240788,GOOG,2026-09-22,2026-09-22T09:36:08.286685-04:00,355.235,0.1367
GFS-20260922T13344224073,GFS,2026-09-22,2026-09-22T09:36:08.286685-04:00,48.285,0.0725
CRWV-20260922T13353437964,CRWV,2026-09-22,2026-09-22T09:36:08.286685-04:00,85.5,0.0
COHR-20260922T13334897185,COHR,2026-09-22,2026-09-22T09:36:11.880411-04:00,315.8768,1.1377
GOOG-20260922T13341240788,GOOG,2026-09-22,2026-09-22T09:36:11.880411-04:00,355.5,0.2114
GFS-20260922T13344224073,GFS,2026-09-22,2026-09-22T09:36:11.880411-04:00,48.285,0.0725
CRWV-20260922T13353437964,CRWV,2026-09-22,2026-09-22T09:36:11.880411-04:00,85.52,0.0234
COHR-20260922T13334897185,COHR,2026-09-22,2026-09-22T09:36:15.479855-04:00,315.83,1.1227
GOOG-20260922T13341240788,GOOG,2026-09-22,2026-09-22T09:36:15.479855-04:00,355.55,0.2255
GFS-20260922T13344224073,GFS,2026-09-22,2026-09-22T09:36:15.479855-04:00,48.29,0.0829
CRWV-20260922T13353437964,CRWV,2026-09-22,2026-09-22T09:36:15.479855-04:00,85.535,0.0409
COHR-20260922T13334897185,COHR,2026-09-22,2026-09-22T09:36:19.296860-04:00,316.435,1.3164
GOOG-20260922T13341240788,GOOG,2026-09-22,2026-09-22T09:36:19.296860-04:00,355.39,0.1804
GFS-20260922T13344224073,GFS,2026-09-22,2026-09-22T09:36:19.296860-04:00,48.29,0.0829
CRWV-20260922T13353437964,CRWV,2026-09-22,2026-09-22T09:36:19.296860-04:00,85.6328,0.1553
COHR-20260922T13334897185,COHR,2026-09-22,2026-09-22T09:36:22.916668-04:00,316.355,1.2908
GOOG-20260922T13341240788,GOOG,2026-09-22,2026-09-22T09:36:22.916668-04:00,355.5233,0.218
GFS-20260922T13344224073,GFS,2026-09-22,2026-09-22T09:36:22.916668-04:00,48.29,0.0829
CRWV-20260922T13353437964,CRWV,2026-09-22,2026-09-22T09:36:22.916668-04:00,85.56,0.0702
COHR-20260922T13334897185,COHR,2026-09-22,2026-09-22T09:36:26.592702-04:00,316.3,1.2732
GOOG-20260922T13341240788,GOOG,2026-09-22,2026-09-22T09:36:26.592702-04:00,355.6512,0.254
GFS-20260922T13344224073,GFS,2026-09-22,2026-09-22T09:36:26.592702-04:00,48.22,-0.0622
CRWV-20260922T13353437964,CRWV,2026-09-22,2026-09-22T09:36:26.592702-04:00,85.65,0.1754
COHR-20260922T13334897185,COHR,2026-09-22,2026-09-22T09:36:30.224199-04:00,316.4475,1.3204
GOOG-20260922T13341240788,GOOG,2026-09-22,2026-09-22T09:36:30.224199-04:00,355.775,0.2889
GFS-20260922T13344224073,GFS,2026-09-22,2026-09-22T09:36:30.224199-04:00,48.295,0.0933
CRWV-20260922T13353437964,CRWV,2026-09-22,2026-09-22T09:36:30.224199-04:00,85.595,0.1111
COHR-20260922T13334897185,COHR,2026-09-22,2026-09-22T09:36:33.858054-04:00,315.5774,1.0418
GOOG-20260922T13341240788,GOOG,2026-09-22,2026-09-22T09:36:33.858054-04:00,355.8,0.296
GFS-20260922T13344224073,GFS,2026-09-22,2026-09-22T09:36:33.858054-04:00,48.2692,0.0398
CRWV-20260922T13353437964,CRWV,2026-09-22,2026-09-22T09:36:33.858054-04:00,85.66,0.1871
COHR-20260922T13334897185,COHR,2026-09-22,2026-09-22T09:36:37.429677-04:00,315.41,0.9882
GOOG-20260922T13341240788,GOOG,2026-09-22,2026-09-22T09:36:37.429677-04:00,355.665,0.2579
GFS-20260922T13344224073,GFS,2026-09-22,2026-09-22T09:36:37.429677-04:00,48.2775,0.057
CRWV-20260922T13353437964,CRWV,2026-09-22,2026-09-22T09:36:37.429677-04:00,85.6881,0.22
COHR-20260922T13334897185,COHR,2026-09-22,2026-09-22T09:36:41.186329-04:00,315.49,1.0138
GOOG-20260922T13341240788,GOOG,2026-09-22,2026-09-22T09:36:41.186329-04:00,355.665,0.2579
GFS-20260922T13344224073,GFS,2026-09-22,2026-09-22T09:36:41.186329-04:00,48.295,0.0933
CRWV-20260922T13353437964,CRWV,2026-09-22,2026-09-22T09:36:41.186329-04:00,85.745,0.2865
COHR-20260922T13334897185,COHR,2026-09-22,2026-09-22T09:36:44.707753-04:00,315.49,1.0138
GOOG-20260922T13341240788,GOOG,2026-09-22,2026-09-22T09:36:44.707753-04:00,355.933,0.3335
GFS-20260922T13344224073,GFS,2026-09-22,2026-09-22T09:36:44.707753-04:00,48.34,0.1865
CRWV-20260922T13353437964,CRWV,2026-09-22,2026-09-22T09:36:44.707753-04:00,85.75,0.2924
COHR-20260922T13334897185,COHR,2026-09-22,2026-09-22T09:36:48.249117-04:00,315.51,1.0202
GOOG-20260922T13341240788,GOOG,2026-09-22,2026-09-22T09:36:48.249117-04:00,355.94,0.3354
GFS-20260922T13344224073,GFS,2026-09-22,2026-09-22T09:36:48.249117-04:00,48.31,0.1244
CRWV-20260922T13353437964,CRWV,2026-09-22,2026-09-22T09:36:48.249117-04:00,85.75,0.2924
COHR-20260922T13334897185,COHR,2026-09-22,2026-09-22T09:36:51.707390-04:00,315.4067,0.9871
GOOG-20260922T13341240788,GOOG,2026-09-22,2026-09-22T09:36:51.707390-04:00,355.785,0.2918
GFS-20260922T13344224073,GFS,2026-09-22,2026-09-22T09:36:51.707390-04:00,48.22,-0.0622
CRWV-20260922T13353437964,CRWV,2026-09-22,2026-09-22T09:36:51.707390-04:00,85.7885,0.3374
COHR-20260922T13334897185,COHR,2026-09-22,2026-09-22T09:36:55.159708-04:00,315.345,0.9674
GOOG-20260922T13341240788,GOOG,2026-09-22,2026-09-22T09:36:55.159708-04:00,355.85,0.3101
GFS-20260922T13344224073,GFS,2026-09-22,2026-09-22T09:36:55.159708-04:00,48.37,0.2487
CRWV-20260922T13353437964,CRWV,2026-09-22,2026-09-22T09:36:55.159708-04:00,85.85,0.4094
COHR-20260922T13334897185,COHR,2026-09-22,2026-09-22T09:36:58.646020-04:00,315.7,1.081
GOOG-20260922T13341240788,GOOG,2026-09-22,2026-09-22T09:36:58.646020-04:00,355.93,0.3326
GFS-20260922T13344224073,GFS,2026-09-22,2026-09-22T09:36:58.646020-04:00,48.37,0.2487
CRWV-20260922T13353437964,CRWV,2026-09-22,2026-09-22T09:36:58.646020-04:00,85.94,0.5146
COHR-20260922T13334897185,COHR,2026-09-22,2026-09-22T09:37:02.083045-04:00,315.66,1.0682
GOOG-20260922T13341240788,GOOG,2026-09-22,2026-09-22T09:37:02.083045-04:00,355.945,0.3369
GFS-20260922T13344224073,GFS,2026-09-22,2026-09-22T09:37:02.083045-04:00,48.25,0.0
CRWV-20260922T13353437964,CRWV,2026-09-22,2026-09-22T09:37:02.083045-04:00,85.94,0.5146
COHR-20260922T13334897185,COHR,2026-09-22,2026-09-22T09:37:05.585819-04:00,316.08,1.2027
GOOG-20260922T13341240788,GOOG,2026-09-22,2026-09-22T09:37:05.585819-04:00,356.32,0.4426
GFS-20260922T13344224073,GFS,2026-09-22,2026-09-22T09:37:05.585819-04:00,48.125,-0.2591
CRWV-20260922T13353437964,CRWV,2026-09-22,2026-09-22T09:37:05.585819-04:00,86.125,0.731
COHR-20260922T13334897185,COHR,2026-09-22,2026-09-22T09:37:08.906058-04:00,316.0399,1.1899
GOOG-20260922T13341240788,GOOG,2026-09-22,2026-09-22T09:37:08.906058-04:00,356.31,0.4397
GFS-20260922T13344224073,GFS,2026-09-22,2026-09-22T09:37:08.906058-04:00,48.12,-0.2694
CRWV-20260922T13353437964,CRWV,2026-09-22,2026-09-22T09:37:08.906058-04:00,86.15,0.7602
COHR-20260922T13334897185,COHR,2026-09-22,2026-09-22T09:37:12.196672-04:00,316.63,1.3788
GOOG-20260922T13341240788,GOOG,2026-09-22,2026-09-22T09:37:12.196672-04:00,356.31,0.4397
GFS-20260922T13344224073,GFS,2026-09-22,2026-09-22T09:37:12.196672-04:00,48.2203,-0.0616
CRWV-20260922T13353437964,CRWV,2026-09-22,2026-09-22T09:37:12.196672-04:00,86.0806,0.6791
COHR-20260922T13334897185,COHR,2026-09-22,2026-09-22T09:37:15.423700-04:00,316.3901,1.302
GOOG-20260922T13341240788,GOOG,2026-09-22,2026-09-22T09:37:15.423700-04:00,356.32,0.4426
GFS-20260922T13344224073,GFS,2026-09-22,2026-09-22T09:37:15.423700-04:00,48.12,-0.2694
CRWV-20260922T13353437964,CRWV,2026-09-22,2026-09-22T09:37:15.423700-04:00,86.155,0.7661
COHR-20260922T13334897185,COHR,2026-09-22,2026-09-22T09:37:18.710612-04:00,316.58,1.3628
GOOG-20260922T13341240788,GOOG,2026-09-22,2026-09-22T09:37:18.710612-04:00,356.46,0.482
GFS-20260922T13344224073,GFS,2026-09-22,2026-09-22T09:37:18.710612-04:00,48.16,-0.1865
CRWV-20260922T13353437964,CRWV,2026-09-22,2026-09-22T09:37:18.710612-04:00,86.15,0.7602
COHR-20260922T13334897185,COHR,2026-09-22,2026-09-22T09:37:22.007332-04:00,316.46,1.3244
GOOG-20260922T13341240788,GOOG,2026-09-22,2026-09-22T09:37:22.007332-04:00,356.38,0.4595
GFS-20260922T13344224073,GFS,2026-09-22,2026-09-22T09:37:22.007332-04:00,48.14,-0.228
CRWV-20260922T13353437964,CRWV,2026-09-22,2026-09-22T09:37:22.007332-04:00,86.0742,0.6716
COHR-20260922T13334897185,COHR,2026-09-22,2026-09-22T09:37:25.229746-04:00,316.14,1.2219
GOOG-20260922T13341240788,GOOG,2026-09-22,2026-09-22T09:37:25.229746-04:00,356.68,0.544
GFS-20260922T13344224073,GFS,2026-09-22,2026-09-22T09:37:25.229746-04:00,48.1,-0.3109
CRWV-20260922T13353437964,CRWV,2026-09-22,2026-09-22T09:37:25.229746-04:00,86.095,0.6959
COHR-20260922T13334897185,COHR,2026-09-22,2026-09-22T09:37:28.502556-04:00,316.002,1.1777
GOOG-20260922T13341240788,GOOG,2026-09-22,2026-09-22T09:37:28.502556-04:00,356.62,0.5271
GFS-20260922T13344224073,GFS,2026-09-22,2026-09-22T09:37:28.502556-04:00,48.18,-0.1451
CRWV-20260922T13353437964,CRWV,2026-09-22,2026-09-22T09:37:28.502556-04:00,86.21,0.8304
COHR-20260922T13334897185,COHR,2026-09-22,2026-09-22T09:37:31.775856-04:00,316.7129,1.4054
GOOG-20260922T13341240788,GOOG,2026-09-22,2026-09-22T09:37:31.775856-04:00,356.55,0.5074
GFS-20260922T13344224073,GFS,2026-09-22,2026-09-22T09:37:31.775856-04:00,48.2,-0.1036
CRWV-20260922T13353437964,CRWV,2026-09-22,2026-09-22T09:37:31.775856-04:00,86.135,0.7427
BE-20260922T13372550191,BE,2026-09-22,2026-09-22T09:37:31.775856-04:00,275.12,0.0473
COHR-20260922T13334897185,COHR,2026-09-22,2026-09-22T09:37:35.011488-04:00,316.37,1.2956
GOOG-20260922T13341240788,GOOG,2026-09-22,2026-09-22T09:37:35.011488-04:00,356.6064,0.5233
GFS-20260922T13344224073,GFS,2026-09-22,2026-09-22T09:37:35.011488-04:00,48.2,-0.1036
CRWV-20260922T13353437964,CRWV,2026-09-22,2026-09-22T09:37:35.011488-04:00,85.6058,0.1237
BE-20260922T13372550191,BE,2026-09-22,2026-09-22T09:37:35.011488-04:00,275.22,0.0836
COHR-20260922T13334897185,COHR,2026-09-22,2026-09-22T09:37:38.228182-04:00,315.75,1.0971
GOOG-20260922T13341240788,GOOG,2026-09-22,2026-09-22T09:37:38.228182-04:00,356.48,0.4877
GFS-20260922T13344224073,GFS,2026-09-22,2026-09-22T09:37:38.228182-04:00,48.21,-0.0829
CRWV-20260922T13353437964,CRWV,2026-09-22,2026-09-22T09:37:38.228182-04:00,86.15,0.7602
BE-20260922T13372550191,BE,2026-09-22,2026-09-22T09:37:38.228182-04:00,275.0,0.0036
COHR-20260922T13334897185,COHR,2026-09-22,2026-09-22T09:37:41.520332-04:00,315.695,1.0794
GOOG-20260922T13341240788,GOOG,2026-09-22,2026-09-22T09:37:41.520332-04:00,356.325,0.444
GFS-20260922T13344224073,GFS,2026-09-22,2026-09-22T09:37:41.520332-04:00,48.22,-0.0622
CRWV-20260922T13353437964,CRWV,2026-09-22,2026-09-22T09:37:41.520332-04:00,86.11,0.7135
BE-20260922T13372550191,BE,2026-09-22,2026-09-22T09:37:41.520332-04:00,275.57,0.2109
COHR-20260922T13334897185,COHR,2026-09-22,2026-09-22T09:37:44.804677-04:00,315.6,1.049
GOOG-20260922T13341240788,GOOG,2026-09-22,2026-09-22T09:37:44.804677-04:00,356.3884,0.4618
GFS-20260922T13344224073,GFS,2026-09-22,2026-09-22T09:37:44.804677-04:00,48.22,-0.0622
CRWV-20260922T13353437964,CRWV,2026-09-22,2026-09-22T09:37:44.804677-04:00,86.1295,0.7363
BE-20260922T13372550191,BE,2026-09-22,2026-09-22T09:37:44.804677-04:00,276.285,0.4709
COHR-20260922T13334897185,COHR,2026-09-22,2026-09-22T09:37:48.066703-04:00,315.595,1.0474
GOOG-20260922T13341240788,GOOG,2026-09-22,2026-09-22T09:37:48.066703-04:00,356.0116,0.3556
GFS-20260922T13344224073,GFS,2026-09-22,2026-09-22T09:37:48.066703-04:00,48.211,-0.0808
CRWV-20260922T13353437964,CRWV,2026-09-22,2026-09-22T09:37:48.066703-04:00,86.205,0.8246
BE-20260922T13372550191,BE,2026-09-22,2026-09-22T09:37:48.066703-04:00,276.42,0.52
COHR-20260922T13334897185,COHR,2026-09-22,2026-09-22T09:37:51.454544-04:00,315.25,0.937
GOOG-20260922T13341240788,GOOG,2026-09-22,2026-09-22T09:37:51.454544-04:00,355.505,0.2128
GFS-20260922T13344224073,GFS,2026-09-22,2026-09-22T09:37:51.454544-04:00,48.23,-0.0415
CRWV-20260922T13353437964,CRWV,2026-09-22,2026-09-22T09:37:51.454544-04:00,86.1227,0.7283
BE-20260922T13372550191,BE,2026-09-22,2026-09-22T09:37:51.454544-04:00,276.345,0.4927
COHR-20260922T13334897185,COHR,2026-09-22,2026-09-22T09:37:54.741717-04:00,315.54,1.0298
GOOG-20260922T13341240788,GOOG,2026-09-22,2026-09-22T09:37:54.741717-04:00,354.98,0.0648
GFS-20260922T13344224073,GFS,2026-09-22,2026-09-22T09:37:54.741717-04:00,48.23,-0.0415
CRWV-20260922T13353437964,CRWV,2026-09-22,2026-09-22T09:37:54.741717-04:00,86.14,0.7485
BE-20260922T13372550191,BE,2026-09-22,2026-09-22T09:37:54.741717-04:00,277.11,0.7709
COHR-20260922T13334897185,COHR,2026-09-22,2026-09-22T09:37:58.037738-04:00,315.5,1.017
GOOG-20260922T13341240788,GOOG,2026-09-22,2026-09-22T09:37:58.037738-04:00,354.87,0.0338
GFS-20260922T13344224073,GFS,2026-09-22,2026-09-22T09:37:58.037738-04:00,48.21,-0.0829
CRWV-20260922T13353437964,CRWV,2026-09-22,2026-09-22T09:37:58.037738-04:00,86.3,0.9357
BE-20260922T13372550191,BE,2026-09-22,2026-09-22T09:37:58.037738-04:00,277.67,0.9746
COHR-20260922T13334897185,COHR,2026-09-22,2026-09-22T09:38:01.312691-04:00,315.59,1.0458
GOOG-20260922T13341240788,GOOG,2026-09-22,2026-09-22T09:38:01.312691-04:00,354.985,0.0662
GFS-20260922T13344224073,GFS,2026-09-22,2026-09-22T09:38:01.312691-04:00,48.2151,-0.0723
CRWV-20260922T13353437964,CRWV,2026-09-22,2026-09-22T09:38:01.312691-04:00,86.2901,0.9241
BE-20260922T13372550191,BE,2026-09-22,2026-09-22T09:38:01.312691-04:00,277.82,1.0291
COHR-20260922T13334897185,COHR,2026-09-22,2026-09-22T09:38:04.887059-04:00,316.11,1.2123
GFS-20260922T13344224073,GFS,2026-09-22,2026-09-22T09:38:04.887059-04:00,48.29,0.0829
CRWV-20260922T13353437964,CRWV,2026-09-22,2026-09-22T09:38:04.887059-04:00,86.45,1.1111
BE-20260922T13372550191,BE,2026-09-22,2026-09-22T09:38:04.887059-04:00,278.73,1.36
COHR-20260922T13334897185,COHR,2026-09-22,2026-09-22T09:38:08.115238-04:00,316.0611,1.1967
GFS-20260922T13344224073,GFS,2026-09-22,2026-09-22T09:38:08.115238-04:00,48.21,-0.0829
CRWV-20260922T13353437964,CRWV,2026-09-22,2026-09-22T09:38:08.115238-04:00,86.5256,1.1995
BE-20260922T13372550191,BE,2026-09-22,2026-09-22T09:38:08.115238-04:00,278.955,1.4419
COHR-20260922T13334897185,COHR,2026-09-22,2026-09-22T09:38:11.509046-04:00,316.1969,1.2401
GFS-20260922T13344224073,GFS,2026-09-22,2026-09-22T09:38:11.509046-04:00,48.21,-0.0829
CRWV-20260922T13353437964,CRWV,2026-09-22,2026-09-22T09:38:11.509046-04:00,86.49,1.1579
BE-20260922T13372550191,BE,2026-09-22,2026-09-22T09:38:11.509046-04:00,278.295,1.2019
COHR-20260922T13334897185,COHR,2026-09-22,2026-09-22T09:38:14.726889-04:00,315.995,1.1755
GFS-20260922T13344224073,GFS,2026-09-22,2026-09-22T09:38:14.726889-04:00,48.18,-0.1451
CRWV-20260922T13353437964,CRWV,2026-09-22,2026-09-22T09:38:14.726889-04:00,86.5,1.1696
BE-20260922T13372550191,BE,2026-09-22,2026-09-22T09:38:14.726889-04:00,278.44,1.2546
COHR-20260922T13334897185,COHR,2026-09-22,2026-09-22T09:38:17.950802-04:00,316.095,1.2075
GFS-20260922T13344224073,GFS,2026-09-22,2026-09-22T09:38:17.950802-04:00,48.11,-0.2902
CRWV-20260922T13353437964,CRWV,2026-09-22,2026-09-22T09:38:17.950802-04:00,86.54,1.2164
BE-20260922T13372550191,BE,2026-09-22,2026-09-22T09:38:17.950802-04:00,278.79,1.3819
COHR-20260922T13334897185,COHR,2026-09-22,2026-09-22T09:38:21.240400-04:00,316.125,1.2171
GFS-20260922T13344224073,GFS,2026-09-22,2026-09-22T09:38:21.240400-04:00,48.125,-0.2591
CRWV-20260922T13353437964,CRWV,2026-09-22,2026-09-22T09:38:21.240400-04:00,86.57,1.2515
BE-20260922T13372550191,BE,2026-09-22,2026-09-22T09:38:21.240400-04:00,279.585,1.671
COHR-20260922T13334897185,COHR,2026-09-22,2026-09-22T09:38:24.515937-04:00,316.295,1.2716
GFS-20260922T13344224073,GFS,2026-09-22,2026-09-22T09:38:24.515937-04:00,48.175,-0.1554
CRWV-20260922T13353437964,CRWV,2026-09-22,2026-09-22T09:38:24.515937-04:00,86.6,1.2865
BE-20260922T13372550191,BE,2026-09-22,2026-09-22T09:38:24.515937-04:00,279.8,1.7492
COHR-20260922T13334897185,COHR,2026-09-22,2026-09-22T09:38:27.769424-04:00,315.78,1.1067
GFS-20260922T13344224073,GFS,2026-09-22,2026-09-22T09:38:27.769424-04:00,48.175,-0.1554
CRWV-20260922T13353437964,CRWV,2026-09-22,2026-09-22T09:38:27.769424-04:00,86.5634,1.2437
BE-20260922T13372550191,BE,2026-09-22,2026-09-22T09:38:27.769424-04:00,279.6,1.6764
COHR-20260922T13334897185,COHR,2026-09-22,2026-09-22T09:38:31.020774-04:00,316.0774,1.2019
GFS-20260922T13344224073,GFS,2026-09-22,2026-09-22T09:38:31.020774-04:00,48.175,-0.1554
CRWV-20260922T13353437964,CRWV,2026-09-22,2026-09-22T09:38:31.020774-04:00,86.58,1.2632
BE-20260922T13372550191,BE,2026-09-22,2026-09-22T09:38:31.020774-04:00,279.4883,1.6358
COHR-20260922T13334897185,COHR,2026-09-22,2026-09-22T09:38:34.304332-04:00,315.88,1.1387
GFS-20260922T13344224073,GFS,2026-09-22,2026-09-22T09:38:34.304332-04:00,48.175,-0.1554
CRWV-20260922T13353437964,CRWV,2026-09-22,2026-09-22T09:38:34.304332-04:00,86.59,1.2749
BE-20260922T13372550191,BE,2026-09-22,2026-09-22T09:38:34.304332-04:00,279.485,1.6346
COHR-20260922T13334897185,COHR,2026-09-22,2026-09-22T09:38:37.559569-04:00,315.76,1.1003
GFS-20260922T13344224073,GFS,2026-09-22,2026-09-22T09:38:37.559569-04:00,48.175,-0.1554
CRWV-20260922T13353437964,CRWV,2026-09-22,2026-09-22T09:38:37.559569-04:00,86.5451,1.2223
BE-20260922T13372550191,BE,2026-09-22,2026-09-22T09:38:37.559569-04:00,279.64,1.691
GOOG-20260922T13383129964,GOOG,2026-09-22,2026-09-22T09:38:37.559569-04:00,356.47,0.0533
COHR-20260922T13334897185,COHR,2026-09-22,2026-09-22T09:38:40.772612-04:00,315.925,1.1531
GFS-20260922T13344224073,GFS,2026-09-22,2026-09-22T09:38:40.772612-04:00,48.19,-0.1244
CRWV-20260922T13353437964,CRWV,2026-09-22,2026-09-22T09:38:40.772612-04:00,86.57,1.2515
BE-20260922T13372550191,BE,2026-09-22,2026-09-22T09:38:40.772612-04:00,279.29,1.5637
GOOG-20260922T13383129964,GOOG,2026-09-22,2026-09-22T09:38:40.772612-04:00,356.45,0.0477
COHR-20260922T13334897185,COHR,2026-09-22,2026-09-22T09:38:43.977669-04:00,315.885,1.1403
GFS-20260922T13344224073,GFS,2026-09-22,2026-09-22T09:38:43.977669-04:00,48.11,-0.2902
CRWV-20260922T13353437964,CRWV,2026-09-22,2026-09-22T09:38:43.977669-04:00,86.58,1.2632
BE-20260922T13372550191,BE,2026-09-22,2026-09-22T09:38:43.977669-04:00,279.185,1.5255
GOOG-20260922T13383129964,GOOG,2026-09-22,2026-09-22T09:38:43.977669-04:00,356.455,0.0491
COHR-20260922T13334897185,COHR,2026-09-22,2026-09-22T09:38:47.217479-04:00,316.01,1.1803
GFS-20260922T13344224073,GFS,2026-09-22,2026-09-22T09:38:47.217479-04:00,48.11,-0.2902
CRWV-20260922T13353437964,CRWV,2026-09-22,2026-09-22T09:38:47.217479-04:00,86.4957,1.1646
BE-20260922T13372550191,BE,2026-09-22,2026-09-22T09:38:47.217479-04:00,279.18,1.5237
GOOG-20260922T13383129964,GOOG,2026-09-22,2026-09-22T09:38:47.217479-04:00,356.4213,0.0397
COHR-20260922T13334897185,COHR,2026-09-22,2026-09-22T09:38:50.453696-04:00,315.4455,0.9996
GFS-20260922T13344224073,GFS,2026-09-22,2026-09-22T09:38:50.453696-04:00,48.175,-0.1554
CRWV-20260922T13353437964,CRWV,2026-09-22,2026-09-22T09:38:50.453696-04:00,86.66,1.3567
BE-20260922T13372550191,BE,2026-09-22,2026-09-22T09:38:50.453696-04:00,279.99,1.8182
GOOG-20260922T13383129964,GOOG,2026-09-22,2026-09-22T09:38:50.453696-04:00,356.39,0.0309
COHR-20260922T13334897185,COHR,2026-09-22,2026-09-22T09:38:53.744249-04:00,314.675,0.7529
GFS-20260922T13344224073,GFS,2026-09-22,2026-09-22T09:38:53.744249-04:00,48.175,-0.1554
CRWV-20260922T13353437964,CRWV,2026-09-22,2026-09-22T09:38:53.744249-04:00,86.71,1.4152
BE-20260922T13372550191,BE,2026-09-22,2026-09-22T09:38:53.744249-04:00,279.45,1.6219
GOOG-20260922T13383129964,GOOG,2026-09-22,2026-09-22T09:38:53.744249-04:00,356.42,0.0393
COHR-20260922T13334897185,COHR,2026-09-22,2026-09-22T09:38:56.998746-04:00,314.675,0.7529
GFS-20260922T13344224073,GFS,2026-09-22,2026-09-22T09:38:56.998746-04:00,48.165,-0.1762
CRWV-20260922T13353437964,CRWV,2026-09-22,2026-09-22T09:38:56.998746-04:00,86.65,1.345
BE-20260922T13372550191,BE,2026-09-22,2026-09-22T09:38:56.998746-04:00,279.565,1.6637
GOOG-20260922T13383129964,GOOG,2026-09-22,2026-09-22T09:38:56.998746-04:00,356.27,-0.0028
COHR-20260922T13334897185,COHR,2026-09-22,2026-09-22T09:39:00.256584-04:00,314.675,0.7529
GFS-20260922T13344224073,GFS,2026-09-22,2026-09-22T09:39:00.256584-04:00,48.08,-0.3523
CRWV-20260922T13353437964,CRWV,2026-09-22,2026-09-22T09:39:00.256584-04:00,86.7688,1.484
BE-20260922T13372550191,BE,2026-09-22,2026-09-22T09:39:00.256584-04:00,279.4984,1.6395
GOOG-20260922T13383129964,GOOG,2026-09-22,2026-09-22T09:39:00.256584-04:00,356.27,-0.0028
COHR-20260922T13334897185,COHR,2026-09-22,2026-09-22T09:39:04.128061-04:00,314.67,0.7513
GFS-20260922T13344224073,GFS,2026-09-22,2026-09-22T09:39:04.128061-04:00,48.11,-0.2902
CRWV-20260922T13353437964,CRWV,2026-09-22,2026-09-22T09:39:04.128061-04:00,86.65,1.345
GOOG-20260922T13383129964,GOOG,2026-09-22,2026-09-22T09:39:04.128061-04:00,356.23,-0.014
COHR-20260922T13334897185,COHR,2026-09-22,2026-09-22T09:39:07.476709-04:00,314.36,0.652
GFS-20260922T13344224073,GFS,2026-09-22,2026-09-22T09:39:07.476709-04:00,48.08,-0.3523
CRWV-20260922T13353437964,CRWV,2026-09-22,2026-09-22T09:39:07.476709-04:00,86.733,1.4421
GOOG-20260922T13383129964,GOOG,2026-09-22,2026-09-22T09:39:07.476709-04:00,356.35,0.0196
TSLA-20260922T13390112529,TSLA,2026-09-22,2026-09-22T09:39:07.476709-04:00,375.3007,-0.0531
COHR-20260922T13334897185,COHR,2026-09-22,2026-09-22T09:39:10.739253-04:00,314.695,0.7593
GFS-20260922T13344224073,GFS,2026-09-22,2026-09-22T09:39:10.739253-04:00,48.09,-0.3316
CRWV-20260922T13353437964,CRWV,2026-09-22,2026-09-22T09:39:10.739253-04:00,86.845,1.5731
GOOG-20260922T13383129964,GOOG,2026-09-22,2026-09-22T09:39:10.739253-04:00,356.42,0.0393
TSLA-20260922T13390112529,TSLA,2026-09-22,2026-09-22T09:39:10.739253-04:00,375.5087,0.0023
COHR-20260922T13334897185,COHR,2026-09-22,2026-09-22T09:39:13.998898-04:00,314.555,0.7144
GFS-20260922T13344224073,GFS,2026-09-22,2026-09-22T09:39:13.998898-04:00,48.0901,-0.3314
CRWV-20260922T13353437964,CRWV,2026-09-22,2026-09-22T09:39:13.998898-04:00,86.88,1.614
GOOG-20260922T13383129964,GOOG,2026-09-22,2026-09-22T09:39:13.998898-04:00,356.393,0.0317
TSLA-20260922T13390112529,TSLA,2026-09-22,2026-09-22T09:39:13.998898-04:00,375.83,0.0879
COHR-20260922T13334897185,COHR,2026-09-22,2026-09-22T09:39:17.239931-04:00,314.34,0.6456
GFS-20260922T13344224073,GFS,2026-09-22,2026-09-22T09:39:17.239931-04:00,48.1397,-0.2286
CRWV-20260922T13353437964,CRWV,2026-09-22,2026-09-22T09:39:17.239931-04:00,86.995,1.7485
GOOG-20260922T13383129964,GOOG,2026-09-22,2026-09-22T09:39:17.239931-04:00,356.53,0.0702
TSLA-20260922T13390112529,TSLA,2026-09-22,2026-09-22T09:39:17.239931-04:00,375.72,0.0586
COHR-20260922T13334897185,COHR,2026-09-22,2026-09-22T09:39:20.487595-04:00,314.07,0.5592
GFS-20260922T13344224073,GFS,2026-09-22,2026-09-22T09:39:20.487595-04:00,48.08,-0.3523
CRWV-20260922T13353437964,CRWV,2026-09-22,2026-09-22T09:39:20.487595-04:00,86.93,1.6725
GOOG-20260922T13383129964,GOOG,2026-09-22,2026-09-22T09:39:20.487595-04:00,356.485,0.0575
TSLA-20260922T13390112529,TSLA,2026-09-22,2026-09-22T09:39:20.487595-04:00,375.725,0.0599
COHR-20260922T13334897185,COHR,2026-09-22,2026-09-22T09:39:23.708186-04:00,314.01,0.5399
GFS-20260922T13344224073,GFS,2026-09-22,2026-09-22T09:39:23.708186-04:00,48.09,-0.3316
CRWV-20260922T13353437964,CRWV,2026-09-22,2026-09-22T09:39:23.708186-04:00,86.8807,1.6149
GOOG-20260922T13383129964,GOOG,2026-09-22,2026-09-22T09:39:23.708186-04:00,356.5799,0.0842
TSLA-20260922T13390112529,TSLA,2026-09-22,2026-09-22T09:39:23.708186-04:00,375.596,0.0256
COHR-20260922T13334897185,COHR,2026-09-22,2026-09-22T09:39:26.951563-04:00,313.87,0.4951
GFS-20260922T13344224073,GFS,2026-09-22,2026-09-22T09:39:26.951563-04:00,48.09,-0.3316
CRWV-20260922T13353437964,CRWV,2026-09-22,2026-09-22T09:39:26.951563-04:00,86.8,1.5205
GOOG-20260922T13383129964,GOOG,2026-09-22,2026-09-22T09:39:26.951563-04:00,356.6,0.0898
TSLA-20260922T13390112529,TSLA,2026-09-22,2026-09-22T09:39:26.951563-04:00,375.7716,0.0723
COHR-20260922T13334897185,COHR,2026-09-22,2026-09-22T09:39:30.244860-04:00,314.125,0.5768
GFS-20260922T13344224073,GFS,2026-09-22,2026-09-22T09:39:30.244860-04:00,48.0499,-0.4147
CRWV-20260922T13353437964,CRWV,2026-09-22,2026-09-22T09:39:30.244860-04:00,86.77,1.4854
GOOG-20260922T13383129964,GOOG,2026-09-22,2026-09-22T09:39:30.244860-04:00,356.85,0.16
TSLA-20260922T13390112529,TSLA,2026-09-22,2026-09-22T09:39:30.244860-04:00,375.9599,0.1225
COHR-20260922T13334897185,COHR,2026-09-22,2026-09-22T09:39:33.585913-04:00,314.165,0.5896
GFS-20260922T13344224073,GFS,2026-09-22,2026-09-22T09:39:33.585913-04:00,48.08,-0.3523
CRWV-20260922T13353437964,CRWV,2026-09-22,2026-09-22T09:39:33.585913-04:00,86.8,1.5205
GOOG-20260922T13383129964,GOOG,2026-09-22,2026-09-22T09:39:33.585913-04:00,356.7742,0.1387
TSLA-20260922T13390112529,TSLA,2026-09-22,2026-09-22T09:39:33.585913-04:00,376.1801,0.1811
COHR-20260922T13334897185,COHR,2026-09-22,2026-09-22T09:39:36.875164-04:00,314.27,0.6232
GFS-20260922T13344224073,GFS,2026-09-22,2026-09-22T09:39:36.875164-04:00,48.08,-0.3523
CRWV-20260922T13353437964,CRWV,2026-09-22,2026-09-22T09:39:36.875164-04:00,86.87,1.6023
GOOG-20260922T13383129964,GOOG,2026-09-22,2026-09-22T09:39:36.875164-04:00,356.68,0.1123
TSLA-20260922T13390112529,TSLA,2026-09-22,2026-09-22T09:39:36.875164-04:00,376.135,0.1691
COHR-20260922T13334897185,COHR,2026-09-22,2026-09-22T09:39:40.135457-04:00,314.295,0.6312
GFS-20260922T13344224073,GFS,2026-09-22,2026-09-22T09:39:40.135457-04:00,48.158,-0.1907
CRWV-20260922T13353437964,CRWV,2026-09-22,2026-09-22T09:39:40.135457-04:00,86.96,1.7076
GOOG-20260922T13383129964,GOOG,2026-09-22,2026-09-22T09:39:40.135457-04:00,356.48,0.0561
TSLA-20260922T13390112529,TSLA,2026-09-22,2026-09-22T09:39:40.135457-04:00,375.85,0.0932
COHR-20260922T13334897185,COHR,2026-09-22,2026-09-22T09:39:43.434522-04:00,313.78,0.4663
GFS-20260922T13344224073,GFS,2026-09-22,2026-09-22T09:39:43.434522-04:00,48.145,-0.2176
CRWV-20260922T13353437964,CRWV,2026-09-22,2026-09-22T09:39:43.434522-04:00,86.95,1.6959
GOOG-20260922T13383129964,GOOG,2026-09-22,2026-09-22T09:39:43.434522-04:00,356.45,0.0477
TSLA-20260922T13390112529,TSLA,2026-09-22,2026-09-22T09:39:43.434522-04:00,376.24,0.1971
COHR-20260922T13334897185,COHR,2026-09-22,2026-09-22T09:39:46.705043-04:00,313.6167,0.414
GFS-20260922T13344224073,GFS,2026-09-22,2026-09-22T09:39:46.705043-04:00,48.145,-0.2176
CRWV-20260922T13353437964,CRWV,2026-09-22,2026-09-22T09:39:46.705043-04:00,86.8366,1.5633
GOOG-20260922T13383129964,GOOG,2026-09-22,2026-09-22T09:39:46.705043-04:00,356.4827,0.0569
TSLA-20260922T13390112529,TSLA,2026-09-22,2026-09-22T09:39:46.705043-04:00,376.3801,0.2344
COHR-20260922T13334897185,COHR,2026-09-22,2026-09-22T09:39:50.032026-04:00,313.7,0.4407
GFS-20260922T13344224073,GFS,2026-09-22,2026-09-22T09:39:50.032026-04:00,48.08,-0.3523
CRWV-20260922T13353437964,CRWV,2026-09-22,2026-09-22T09:39:50.032026-04:00,86.88,1.614
GOOG-20260922T13383129964,GOOG,2026-09-22,2026-09-22T09:39:50.032026-04:00,356.4,0.0337
TSLA-20260922T13390112529,TSLA,2026-09-22,2026-09-22T09:39:50.032026-04:00,376.65,0.3063
COHR-20260922T13334897185,COHR,2026-09-22,2026-09-22T09:39:53.345261-04:00,313.65,0.4247
GFS-20260922T13344224073,GFS,2026-09-22,2026-09-22T09:39:53.345261-04:00,48.14,-0.228
CRWV-20260922T13353437964,CRWV,2026-09-22,2026-09-22T09:39:53.345261-04:00,86.759,1.4725
GOOG-20260922T13383129964,GOOG,2026-09-22,2026-09-22T09:39:53.345261-04:00,356.59,0.087
TSLA-20260922T13390112529,TSLA,2026-09-22,2026-09-22T09:39:53.345261-04:00,376.46,0.2557
COHR-20260922T13334897185,COHR,2026-09-22,2026-09-22T09:39:56.670573-04:00,313.99,0.5335
GFS-20260922T13344224073,GFS,2026-09-22,2026-09-22T09:39:56.670573-04:00,48.14,-0.228
CRWV-20260922T13353437964,CRWV,2026-09-22,2026-09-22T09:39:56.670573-04:00,86.7999,1.5204
GOOG-20260922T13383129964,GOOG,2026-09-22,2026-09-22T09:39:56.670573-04:00,356.815,0.1502
TSLA-20260922T13390112529,TSLA,2026-09-22,2026-09-22T09:39:56.670573-04:00,376.545,0.2783
COHR-20260922T13334897185,COHR,2026-09-22,2026-09-22T09:39:59.984597-04:00,313.0,0.2166
GFS-20260922T13344224073,GFS,2026-09-22,2026-09-22T09:39:59.984597-04:00,48.1744,-0.1567
CRWV-20260922T13353437964,CRWV,2026-09-22,2026-09-22T09:39:59.984597-04:00,86.72,1.4269
GOOG-20260922T13383129964,GOOG,2026-09-22,2026-09-22T09:39:59.984597-04:00,356.75,0.1319
TSLA-20260922T13390112529,TSLA,2026-09-22,2026-09-22T09:39:59.984597-04:00,376.235,0.1957
COHR-20260922T13334897185,COHR,2026-09-22,2026-09-22T09:40:03.416625-04:00,312.85,0.1685
GFS-20260922T13344224073,GFS,2026-09-22,2026-09-22T09:40:03.416625-04:00,48.17,-0.1658
CRWV-20260922T13353437964,CRWV,2026-09-22,2026-09-22T09:40:03.416625-04:00,86.74,1.4503
GOOG-20260922T13383129964,GOOG,2026-09-22,2026-09-22T09:40:03.416625-04:00,356.4524,0.0484
TSLA-20260922T13390112529,TSLA,2026-09-22,2026-09-22T09:40:03.416625-04:00,376.3241,0.2195
GFS-20260922T13344224073,GFS,2026-09-22,2026-09-22T09:40:06.921953-04:00,48.185,-0.1347
CRWV-20260922T13353437964,CRWV,2026-09-22,2026-09-22T09:40:06.921953-04:00,86.81,1.5322
GOOG-20260922T13383129964,GOOG,2026-09-22,2026-09-22T09:40:06.921953-04:00,356.515,0.066
TSLA-20260922T13390112529,TSLA,2026-09-22,2026-09-22T09:40:06.921953-04:00,376.0395,0.1437
GFS-20260922T13344224073,GFS,2026-09-22,2026-09-22T09:40:10.621533-04:00,48.15,-0.2073
CRWV-20260922T13353437964,CRWV,2026-09-22,2026-09-22T09:40:10.621533-04:00,86.845,1.5731
GOOG-20260922T13383129964,GOOG,2026-09-22,2026-09-22T09:40:10.621533-04:00,356.5953,0.0885
TSLA-20260922T13390112529,TSLA,2026-09-22,2026-09-22T09:40:10.621533-04:00,376.12,0.1651
GFS-20260922T13344224073,GFS,2026-09-22,2026-09-22T09:40:13.957909-04:00,48.17,-0.1658
CRWV-20260922T13353437964,CRWV,2026-09-22,2026-09-22T09:40:13.957909-04:00,86.8724,1.6051
GOOG-20260922T13383129964,GOOG,2026-09-22,2026-09-22T09:40:13.957909-04:00,356.58,0.0842
TSLA-20260922T13390112529,TSLA,2026-09-22,2026-09-22T09:40:13.957909-04:00,375.9715,0.1256
GFS-20260922T13344224073,GFS,2026-09-22,2026-09-22T09:40:17.282054-04:00,48.205,-0.0933
CRWV-20260922T13353437964,CRWV,2026-09-22,2026-09-22T09:40:17.282054-04:00,86.845,1.5731
GOOG-20260922T13383129964,GOOG,2026-09-22,2026-09-22T09:40:17.282054-04:00,356.5784,0.0838
TSLA-20260922T13390112529,TSLA,2026-09-22,2026-09-22T09:40:17.282054-04:00,375.825,0.0866
GFS-20260922T13344224073,GFS,2026-09-22,2026-09-22T09:40:20.603734-04:00,48.185,-0.1347
CRWV-20260922T13353437964,CRWV,2026-09-22,2026-09-22T09:40:20.603734-04:00,86.86,1.5906
GOOG-20260922T13383129964,GOOG,2026-09-22,2026-09-22T09:40:20.603734-04:00,356.72,0.1235
TSLA-20260922T13390112529,TSLA,2026-09-22,2026-09-22T09:40:20.603734-04:00,375.76,0.0692
COHR-20260922T13401427726,COHR,2026-09-22,2026-09-22T09:40:20.603734-04:00,314.32,-0.0731
GFS-20260922T13344224073,GFS,2026-09-22,2026-09-22T09:40:23.860870-04:00,48.19,-0.1244
CRWV-20260922T13353437964,CRWV,2026-09-22,2026-09-22T09:40:23.860870-04:00,86.3573,1.0027
GOOG-20260922T13383129964,GOOG,2026-09-22,2026-09-22T09:40:23.860870-04:00,356.56,0.0786
TSLA-20260922T13390112529,TSLA,2026-09-22,2026-09-22T09:40:23.860870-04:00,375.655,0.0413
COHR-20260922T13401427726,COHR,2026-09-22,2026-09-22T09:40:23.860870-04:00,313.915,-0.2019
GFS-20260922T13344224073,GFS,2026-09-22,2026-09-22T09:40:27.216926-04:00,48.21,-0.0829
CRWV-20260922T13353437964,CRWV,2026-09-22,2026-09-22T09:40:27.216926-04:00,86.75,1.462
GOOG-20260922T13383129964,GOOG,2026-09-22,2026-09-22T09:40:27.216926-04:00,356.385,0.0295
TSLA-20260922T13390112529,TSLA,2026-09-22,2026-09-22T09:40:27.216926-04:00,375.555,0.0146
COHR-20260922T13401427726,COHR,2026-09-22,2026-09-22T09:40:27.216926-04:00,313.81,-0.2353
GFS-20260922T13344224073,GFS,2026-09-22,2026-09-22T09:40:30.471930-04:00,48.21,-0.0829
CRWV-20260922T13353437964,CRWV,2026-09-22,2026-09-22T09:40:30.471930-04:00,86.705,1.4094
GOOG-20260922T13383129964,GOOG,2026-09-22,2026-09-22T09:40:30.471930-04:00,356.38,0.0281
TSLA-20260922T13390112529,TSLA,2026-09-22,2026-09-22T09:40:30.471930-04:00,375.355,-0.0386
COHR-20260922T13401427726,COHR,2026-09-22,2026-09-22T09:40:30.471930-04:00,313.775,-0.2464
GFS-20260922T13344224073,GFS,2026-09-22,2026-09-22T09:40:33.737900-04:00,48.18,-0.1451
CRWV-20260922T13353437964,CRWV,2026-09-22,2026-09-22T09:40:33.737900-04:00,86.7,1.4035
GOOG-20260922T13383129964,GOOG,2026-09-22,2026-09-22T09:40:33.737900-04:00,356.16,-0.0337
TSLA-20260922T13390112529,TSLA,2026-09-22,2026-09-22T09:40:33.737900-04:00,375.375,-0.0333
COHR-20260922T13401427726,COHR,2026-09-22,2026-09-22T09:40:33.737900-04:00,314.0781,-0.15
GFS-20260922T13344224073,GFS,2026-09-22,2026-09-22T09:40:37.029526-04:00,48.18,-0.1451
CRWV-20260922T13353437964,CRWV,2026-09-22,2026-09-22T09:40:37.029526-04:00,86.765,1.4795
GOOG-20260922T13383129964,GOOG,2026-09-22,2026-09-22T09:40:37.029526-04:00,356.46,0.0505
TSLA-20260922T13390112529,TSLA,2026-09-22,2026-09-22T09:40:37.029526-04:00,375.5999,0.0266
COHR-20260922T13401427726,COHR,2026-09-22,2026-09-22T09:40:37.029526-04:00,313.605,-0.3004
GFS-20260922T13344224073,GFS,2026-09-22,2026-09-22T09:40:40.314402-04:00,48.145,-0.2176
CRWV-20260922T13353437964,CRWV,2026-09-22,2026-09-22T09:40:40.314402-04:00,86.79,1.5088
GOOG-20260922T13383129964,GOOG,2026-09-22,2026-09-22T09:40:40.314402-04:00,356.61,0.0926
TSLA-20260922T13390112529,TSLA,2026-09-22,2026-09-22T09:40:40.314402-04:00,375.5668,0.0178
COHR-20260922T13401427726,COHR,2026-09-22,2026-09-22T09:40:40.314402-04:00,313.715,-0.2655
GFS-20260922T13344224073,GFS,2026-09-22,2026-09-22T09:40:43.602702-04:00,48.17,-0.1658
CRWV-20260922T13353437964,CRWV,2026-09-22,2026-09-22T09:40:43.602702-04:00,86.815,1.538
GOOG-20260922T13383129964,GOOG,2026-09-22,2026-09-22T09:40:43.602702-04:00,356.6287,0.0979
TSLA-20260922T13390112529,TSLA,2026-09-22,2026-09-22T09:40:43.602702-04:00,375.66,0.0426
COHR-20260922T13401427726,COHR,2026-09-22,2026-09-22T09:40:43.602702-04:00,313.42,-0.3592
GFS-20260922T13344224073,GFS,2026-09-22,2026-09-22T09:40:46.821157-04:00,48.1571,-0.1925
CRWV-20260922T13353437964,CRWV,2026-09-22,2026-09-22T09:40:46.821157-04:00,86.945,1.6901
GOOG-20260922T13383129964,GOOG,2026-09-22,2026-09-22T09:40:46.821157-04:00,356.595,0.0884
TSLA-20260922T13390112529,TSLA,2026-09-22,2026-09-22T09:40:46.821157-04:00,376.185,0.1824
COHR-20260922T13401427726,COHR,2026-09-22,2026-09-22T09:40:46.821157-04:00,313.7652,-0.2495
GFS-20260922T13344224073,GFS,2026-09-22,2026-09-22T09:40:50.106254-04:00,48.26,0.0207
CRWV-20260922T13353437964,CRWV,2026-09-22,2026-09-22T09:40:50.106254-04:00,87.2107,2.0008
GOOG-20260922T13383129964,GOOG,2026-09-22,2026-09-22T09:40:50.106254-04:00,356.75,0.1319
TSLA-20260922T13390112529,TSLA,2026-09-22,2026-09-22T09:40:50.106254-04:00,376.2899,0.2104
COHR-20260922T13401427726,COHR,2026-09-22,2026-09-22T09:40:50.106254-04:00,313.61,-0.2988
GFS-20260922T13344224073,GFS,2026-09-22,2026-09-22T09:40:53.330132-04:00,48.2703,0.0421
CRWV-20260922T13353437964,CRWV,2026-09-22,2026-09-22T09:40:53.330132-04:00,87.285,2.0877
GOOG-20260922T13383129964,GOOG,2026-09-22,2026-09-22T09:40:53.330132-04:00,356.79,0.1431
TSLA-20260922T13390112529,TSLA,2026-09-22,2026-09-22T09:40:53.330132-04:00,376.35,0.2264
COHR-20260922T13401427726,COHR,2026-09-22,2026-09-22T09:40:53.330132-04:00,313.92,-0.2003
GFS-20260922T13344224073,GFS,2026-09-22,2026-09-22T09:40:56.607040-04:00,48.2703,0.0421
CRWV-20260922T13353437964,CRWV,2026-09-22,2026-09-22T09:40:56.607040-04:00,87.1869,1.973
GOOG-20260922T13383129964,GOOG,2026-09-22,2026-09-22T09:40:56.607040-04:00,356.74,0.1291
TSLA-20260922T13390112529,TSLA,2026-09-22,2026-09-22T09:40:56.607040-04:00,376.6099,0.2956
COHR-20260922T13401427726,COHR,2026-09-22,2026-09-22T09:40:56.607040-04:00,313.605,-0.3004
GFS-20260922T13344224073,GFS,2026-09-22,2026-09-22T09:40:59.824339-04:00,48.295,0.0933
CRWV-20260922T13353437964,CRWV,2026-09-22,2026-09-22T09:40:59.824339-04:00,87.3696,2.1867
GOOG-20260922T13383129964,GOOG,2026-09-22,2026-09-22T09:40:59.824339-04:00,357.25,0.2723
TSLA-20260922T13390112529,TSLA,2026-09-22,2026-09-22T09:40:59.824339-04:00,376.3652,0.2304
COHR-20260922T13401427726,COHR,2026-09-22,2026-09-22T09:40:59.824339-04:00,313.215,-0.4244
GFS-20260922T13344224073,GFS,2026-09-22,2026-09-22T09:41:03.063815-04:00,48.295,0.0933
CRWV-20260922T13353437964,CRWV,2026-09-22,2026-09-22T09:41:03.063815-04:00,87.34,2.152
GOOG-20260922T13383129964,GOOG,2026-09-22,2026-09-22T09:41:03.063815-04:00,357.1012,0.2305
TSLA-20260922T13390112529,TSLA,2026-09-22,2026-09-22T09:41:03.063815-04:00,376.46,0.2557
COHR-20260922T13401427726,COHR,2026-09-22,2026-09-22T09:41:03.063815-04:00,313.455,-0.3481
GFS-20260922T13344224073,GFS,2026-09-22,2026-09-22T09:41:06.425830-04:00,48.31,0.1244
GOOG-20260922T13383129964,GOOG,2026-09-22,2026-09-22T09:41:06.425830-04:00,357.06,0.2189
TSLA-20260922T13390112529,TSLA,2026-09-22,2026-09-22T09:41:06.425830-04:00,376.575,0.2863
COHR-20260922T13401427726,COHR,2026-09-22,2026-09-22T09:41:06.425830-04:00,313.25,-0.4133
GFS-20260922T13344224073,GFS,2026-09-22,2026-09-22T09:41:09.649185-04:00,48.34,0.1865
GOOG-20260922T13383129964,GOOG,2026-09-22,2026-09-22T09:41:09.649185-04:00,357.1288,0.2382
TSLA-20260922T13390112529,TSLA,2026-09-22,2026-09-22T09:41:09.649185-04:00,376.43,0.2477
COHR-20260922T13401427726,COHR,2026-09-22,2026-09-22T09:41:09.649185-04:00,313.37,-0.3751
GFS-20260922T13344224073,GFS,2026-09-22,2026-09-22T09:41:12.925265-04:00,48.34,0.1865
GOOG-20260922T13383129964,GOOG,2026-09-22,2026-09-22T09:41:12.925265-04:00,356.99,0.1993
TSLA-20260922T13390112529,TSLA,2026-09-22,2026-09-22T09:41:12.925265-04:00,376.55,0.2796
COHR-20260922T13401427726,COHR,2026-09-22,2026-09-22T09:41:12.925265-04:00,313.0,-0.4928
GFS-20260922T13344224073,GFS,2026-09-22,2026-09-22T09:41:16.253114-04:00,48.3773,0.2638
GOOG-20260922T13383129964,GOOG,2026-09-22,2026-09-22T09:41:16.253114-04:00,356.8562,0.1617
TSLA-20260922T13390112529,TSLA,2026-09-22,2026-09-22T09:41:16.253114-04:00,376.4601,0.2557
COHR-20260922T13401427726,COHR,2026-09-22,2026-09-22T09:41:16.253114-04:00,313.16,-0.4419
ZS-20260922T13410991918,ZS,2026-09-22,2026-09-22T09:41:16.253114-04:00,205.37,-0.4027
GFS-20260922T13344224073,GFS,2026-09-22,2026-09-22T09:41:19.476368-04:00,48.2948,0.0928
GOOG-20260922T13383129964,GOOG,2026-09-22,2026-09-22T09:41:19.476368-04:00,356.8377,0.1565
TSLA-20260922T13390112529,TSLA,2026-09-22,2026-09-22T09:41:19.476368-04:00,376.395,0.2383
COHR-20260922T13401427726,COHR,2026-09-22,2026-09-22T09:41:19.476368-04:00,313.22,-0.4228
ZS-20260922T13410991918,ZS,2026-09-22,2026-09-22T09:41:19.476368-04:00,205.37,-0.4027
GFS-20260922T13344224073,GFS,2026-09-22,2026-09-22T09:41:22.674806-04:00,48.37,0.2487
GOOG-20260922T13383129964,GOOG,2026-09-22,2026-09-22T09:41:22.674806-04:00,356.685,0.1137
TSLA-20260922T13390112529,TSLA,2026-09-22,2026-09-22T09:41:22.674806-04:00,376.155,0.1744
COHR-20260922T13401427726,COHR,2026-09-22,2026-09-22T09:41:22.674806-04:00,313.325,-0.3894
ZS-20260922T13410991918,ZS,2026-09-22,2026-09-22T09:41:22.674806-04:00,205.04,-0.5628
GFS-20260922T13344224073,GFS,2026-09-22,2026-09-22T09:41:25.856466-04:00,48.34,0.1865
GOOG-20260922T13383129964,GOOG,2026-09-22,2026-09-22T09:41:25.856466-04:00,356.7328,0.1271
TSLA-20260922T13390112529,TSLA,2026-09-22,2026-09-22T09:41:25.856466-04:00,376.145,0.1718
COHR-20260922T13401427726,COHR,2026-09-22,2026-09-22T09:41:25.856466-04:00,313.1,-0.461
ZS-20260922T13410991918,ZS,2026-09-22,2026-09-22T09:41:25.856466-04:00,205.5,-0.3397
GFS-20260922T13344224073,GFS,2026-09-22,2026-09-22T09:41:29.035439-04:00,48.34,0.1865
GOOG-20260922T13383129964,GOOG,2026-09-22,2026-09-22T09:41:29.035439-04:00,356.7096,0.1206
TSLA-20260922T13390112529,TSLA,2026-09-22,2026-09-22T09:41:29.035439-04:00,376.28,0.2077
COHR-20260922T13401427726,COHR,2026-09-22,2026-09-22T09:41:29.035439-04:00,313.13,-0.4514
ZS-20260922T13410991918,ZS,2026-09-22,2026-09-22T09:41:29.035439-04:00,205.37,-0.4027
GFS-20260922T13344224073,GFS,2026-09-22,2026-09-22T09:41:32.236467-04:00,48.34,0.1865
GOOG-20260922T13383129964,GOOG,2026-09-22,2026-09-22T09:41:32.236467-04:00,356.37,0.0253
TSLA-20260922T13390112529,TSLA,2026-09-22,2026-09-22T09:41:32.236467-04:00,376.4798,0.2609
COHR-20260922T13401427726,COHR,2026-09-22,2026-09-22T09:41:32.236467-04:00,313.31,-0.3942
ZS-20260922T13410991918,ZS,2026-09-22,2026-09-22T09:41:32.236467-04:00,205.69,-0.2475
GFS-20260922T13344224073,GFS,2026-09-22,2026-09-22T09:41:35.469903-04:00,48.34,0.1865
GOOG-20260922T13383129964,GOOG,2026-09-22,2026-09-22T09:41:35.469903-04:00,356.37,0.0253
TSLA-20260922T13390112529,TSLA,2026-09-22,2026-09-22T09:41:35.469903-04:00,376.49,0.2636
COHR-20260922T13401427726,COHR,2026-09-22,2026-09-22T09:41:35.469903-04:00,312.9,-0.5246
ZS-20260922T13410991918,ZS,2026-09-22,2026-09-22T09:41:35.469903-04:00,205.7,-0.2427
GFS-20260922T13344224073,GFS,2026-09-22,2026-09-22T09:41:38.666267-04:00,48.34,0.1865
GOOG-20260922T13383129964,GOOG,2026-09-22,2026-09-22T09:41:38.666267-04:00,356.3,0.0056
TSLA-20260922T13390112529,TSLA,2026-09-22,2026-09-22T09:41:38.666267-04:00,376.41,0.2423
COHR-20260922T13401427726,COHR,2026-09-22,2026-09-22T09:41:38.666267-04:00,312.55,-0.6358
ZS-20260922T13410991918,ZS,2026-09-22,2026-09-22T09:41:38.666267-04:00,205.375,-0.4003
GFS-20260922T13344224073,GFS,2026-09-22,2026-09-22T09:41:41.878156-04:00,48.39,0.2902
GOOG-20260922T13383129964,GOOG,2026-09-22,2026-09-22T09:41:41.878156-04:00,356.34,0.0168
TSLA-20260922T13390112529,TSLA,2026-09-22,2026-09-22T09:41:41.878156-04:00,376.3,0.213
COHR-20260922T13401427726,COHR,2026-09-22,2026-09-22T09:41:41.878156-04:00,312.63,-0.6104
ZS-20260922T13410991918,ZS,2026-09-22,2026-09-22T09:41:41.878156-04:00,205.375,-0.4003
GFS-20260922T13344224073,GFS,2026-09-22,2026-09-22T09:41:45.146798-04:00,48.34,0.1865
GOOG-20260922T13383129964,GOOG,2026-09-22,2026-09-22T09:41:45.146798-04:00,356.35,0.0196
TSLA-20260922T13390112529,TSLA,2026-09-22,2026-09-22T09:41:45.146798-04:00,376.278,0.2072
COHR-20260922T13401427726,COHR,2026-09-22,2026-09-22T09:41:45.146798-04:00,312.25,-0.7312
ZS-20260922T13410991918,ZS,2026-09-22,2026-09-22T09:41:45.146798-04:00,205.62,-0.2815
GFS-20260922T13344224073,GFS,2026-09-22,2026-09-22T09:41:48.408248-04:00,48.37,0.2487
GOOG-20260922T13383129964,GOOG,2026-09-22,2026-09-22T09:41:48.408248-04:00,356.53,0.0702
TSLA-20260922T13390112529,TSLA,2026-09-22,2026-09-22T09:41:48.408248-04:00,376.46,0.2557
COHR-20260922T13401427726,COHR,2026-09-22,2026-09-22T09:41:48.408248-04:00,312.39,-0.6867
ZS-20260922T13410991918,ZS,2026-09-22,2026-09-22T09:41:48.408248-04:00,205.62,-0.2815
GFS-20260922T13344224073,GFS,2026-09-22,2026-09-22T09:41:51.709609-04:00,48.329,0.1637
GOOG-20260922T13383129964,GOOG,2026-09-22,2026-09-22T09:41:51.709609-04:00,356.65,0.1039
TSLA-20260922T13390112529,TSLA,2026-09-22,2026-09-22T09:41:51.709609-04:00,376.665,0.3103
COHR-20260922T13401427726,COHR,2026-09-22,2026-09-22T09:41:51.709609-04:00,312.5305,-0.642
ZS-20260922T13410991918,ZS,2026-09-22,2026-09-22T09:41:51.709609-04:00,205.68,-0.2524
GFS-20260922T13344224073,GFS,2026-09-22,2026-09-22T09:41:54.935900-04:00,48.37,0.2487
GOOG-20260922T13383129964,GOOG,2026-09-22,2026-09-22T09:41:54.935900-04:00,356.6464,0.1028
TSLA-20260922T13390112529,TSLA,2026-09-22,2026-09-22T09:41:54.935900-04:00,376.5971,0.2922
COHR-20260922T13401427726,COHR,2026-09-22,2026-09-22T09:41:54.935900-04:00,312.6981,-0.5887
ZS-20260922T13410991918,ZS,2026-09-22,2026-09-22T09:41:54.935900-04:00,205.628,-0.2776
GFS-20260922T13344224073,GFS,2026-09-22,2026-09-22T09:41:58.195267-04:00,48.405,0.3212
GOOG-20260922T13383129964,GOOG,2026-09-22,2026-09-22T09:41:58.195267-04:00,356.615,0.094
TSLA-20260922T13390112529,TSLA,2026-09-22,2026-09-22T09:41:58.195267-04:00,376.5,0.2663
COHR-20260922T13401427726,COHR,2026-09-22,2026-09-22T09:41:58.195267-04:00,312.555,-0.6342
ZS-20260922T13410991918,ZS,2026-09-22,2026-09-22T09:41:58.195267-04:00,205.675,-0.2548
GFS-20260922T13344224073,GFS,2026-09-22,2026-09-22T09:42:01.457829-04:00,48.36,0.228
GOOG-20260922T13383129964,GOOG,2026-09-22,2026-09-22T09:42:01.457829-04:00,356.68,0.1123
TSLA-20260922T13390112529,TSLA,2026-09-22,2026-09-22T09:42:01.457829-04:00,376.58,0.2876
COHR-20260922T13401427726,COHR,2026-09-22,2026-09-22T09:42:01.457829-04:00,312.66,-0.6009
ZS-20260922T13410991918,ZS,2026-09-22,2026-09-22T09:42:01.457829-04:00,205.675,-0.2548
GFS-20260922T13344224073,GFS,2026-09-22,2026-09-22T09:42:04.838137-04:00,48.4099,0.3314
GOOG-20260922T13383129964,GOOG,2026-09-22,2026-09-22T09:42:04.838137-04:00,356.6,0.0898
TSLA-20260922T13390112529,TSLA,2026-09-22,2026-09-22T09:42:04.838137-04:00,376.485,0.2623
COHR-20260922T13401427726,COHR,2026-09-22,2026-09-22T09:42:04.838137-04:00,312.66,-0.6009
ZS-20260922T13410991918,ZS,2026-09-22,2026-09-22T09:42:04.838137-04:00,205.75,-0.2184
GFS-20260922T13344224073,GFS,2026-09-22,2026-09-22T09:42:08.197979-04:00,48.4099,0.3314
GOOG-20260922T13383129964,GOOG,2026-09-22,2026-09-22T09:42:08.197979-04:00,356.66,0.1067
TSLA-20260922T13390112529,TSLA,2026-09-22,2026-09-22T09:42:08.197979-04:00,376.57,0.285
COHR-20260922T13401427726,COHR,2026-09-22,2026-09-22T09:42:08.197979-04:00,312.63,-0.6104
ZS-20260922T13410991918,ZS,2026-09-22,2026-09-22T09:42:08.197979-04:00,206.0,-0.0972
GFS-20260922T13344224073,GFS,2026-09-22,2026-09-22T09:42:11.568526-04:00,48.3451,0.1971
GOOG-20260922T13383129964,GOOG,2026-09-22,2026-09-22T09:42:11.568526-04:00,356.63,0.0982
TSLA-20260922T13390112529,TSLA,2026-09-22,2026-09-22T09:42:11.568526-04:00,376.495,0.265
COHR-20260922T13401427726,COHR,2026-09-22,2026-09-22T09:42:11.568526-04:00,312.8079,-0.5538
ZS-20260922T13410991918,ZS,2026-09-22,2026-09-22T09:42:11.568526-04:00,205.89,-0.1505
GFS-20260922T13344224073,GFS,2026-09-22,2026-09-22T09:42:15.118946-04:00,48.31,0.1244
GOOG-20260922T13383129964,GOOG,2026-09-22,2026-09-22T09:42:15.118946-04:00,356.75,0.1319
TSLA-20260922T13390112529,TSLA,2026-09-22,2026-09-22T09:42:15.118946-04:00,376.586,0.2892
COHR-20260922T13401427726,COHR,2026-09-22,2026-09-22T09:42:15.118946-04:00,311.8505,-0.8582
ZS-20260922T13410991918,ZS,2026-09-22,2026-09-22T09:42:15.118946-04:00,206.0195,-0.0877
GFS-20260922T13344224073,GFS,2026-09-22,2026-09-22T09:42:18.605880-04:00,48.31,0.1244
GOOG-20260922T13383129964,GOOG,2026-09-22,2026-09-22T09:42:18.605880-04:00,356.88,0.1684
TSLA-20260922T13390112529,TSLA,2026-09-22,2026-09-22T09:42:18.605880-04:00,376.5,0.2663
COHR-20260922T13401427726,COHR,2026-09-22,2026-09-22T09:42:18.605880-04:00,311.87,-0.852
ZS-20260922T13410991918,ZS,2026-09-22,2026-09-22T09:42:18.605880-04:00,206.09,-0.0536
GFS-20260922T13344224073,GFS,2026-09-22,2026-09-22T09:42:22.048879-04:00,48.31,0.1244
GOOG-20260922T13383129964,GOOG,2026-09-22,2026-09-22T09:42:22.048879-04:00,356.868,0.165
TSLA-20260922T13390112529,TSLA,2026-09-22,2026-09-22T09:42:22.048879-04:00,376.724,0.326
COHR-20260922T13401427726,COHR,2026-09-22,2026-09-22T09:42:22.048879-04:00,312.2701,-0.7248
ZS-20260922T13410991918,ZS,2026-09-22,2026-09-22T09:42:22.048879-04:00,205.71,-0.2378
GFS-20260922T13344224073,GFS,2026-09-22,2026-09-22T09:42:25.460560-04:00,48.32,0.1451
GOOG-20260922T13383129964,GOOG,2026-09-22,2026-09-22T09:42:25.460560-04:00,356.85,0.16
TSLA-20260922T13390112529,TSLA,2026-09-22,2026-09-22T09:42:25.460560-04:00,376.545,0.2783
COHR-20260922T13401427726,COHR,2026-09-22,2026-09-22T09:42:25.460560-04:00,313.0495,-0.477
ZS-20260922T13410991918,ZS,2026-09-22,2026-09-22T09:42:25.460560-04:00,205.88,-0.1554
GFS-20260922T13344224073,GFS,2026-09-22,2026-09-22T09:42:28.774223-04:00,48.32,0.1451
GOOG-20260922T13383129964,GOOG,2026-09-22,2026-09-22T09:42:28.774223-04:00,356.9299,0.1824
TSLA-20260922T13390112529,TSLA,2026-09-22,2026-09-22T09:42:28.774223-04:00,376.5575,0.2816
COHR-20260922T13401427726,COHR,2026-09-22,2026-09-22T09:42:28.774223-04:00,311.7634,-0.8859
ZS-20260922T13410991918,ZS,2026-09-22,2026-09-22T09:42:28.774223-04:00,206.055,-0.0705
GFS-20260922T13344224073,GFS,2026-09-22,2026-09-22T09:42:32.058858-04:00,48.3,0.1036
GOOG-20260922T13383129964,GOOG,2026-09-22,2026-09-22T09:42:32.058858-04:00,356.89,0.1712
TSLA-20260922T13390112529,TSLA,2026-09-22,2026-09-22T09:42:32.058858-04:00,376.21,0.1891
COHR-20260922T13401427726,COHR,2026-09-22,2026-09-22T09:42:32.058858-04:00,311.55,-0.9537
ZS-20260922T13410991918,ZS,2026-09-22,2026-09-22T09:42:32.058858-04:00,205.54,-0.3203
GFS-20260922T13344224073,GFS,2026-09-22,2026-09-22T09:42:35.355421-04:00,48.3,0.1036
GOOG-20260922T13383129964,GOOG,2026-09-22,2026-09-22T09:42:35.355421-04:00,356.72,0.1235
TSLA-20260922T13390112529,TSLA,2026-09-22,2026-09-22T09:42:35.355421-04:00,376.35,0.2264
COHR-20260922T13401427726,COHR,2026-09-22,2026-09-22T09:42:35.355421-04:00,311.5023,-0.9689
ZS-20260922T13410991918,ZS,2026-09-22,2026-09-22T09:42:35.355421-04:00,206.39,0.0919
GFS-20260922T13344224073,GFS,2026-09-22,2026-09-22T09:42:38.716057-04:00,48.3,0.1036
GOOG-20260922T13383129964,GOOG,2026-09-22,2026-09-22T09:42:38.716057-04:00,356.825,0.153
TSLA-20260922T13390112529,TSLA,2026-09-22,2026-09-22T09:42:38.716057-04:00,376.33,0.221
COHR-20260922T13401427726,COHR,2026-09-22,2026-09-22T09:42:38.716057-04:00,311.715,-0.9013
ZS-20260922T13410991918,ZS,2026-09-22,2026-09-22T09:42:38.716057-04:00,206.52,0.155
GFS-20260922T13344224073,GFS,2026-09-22,2026-09-22T09:42:42.010795-04:00,48.2907,0.0844
GOOG-20260922T13383129964,GOOG,2026-09-22,2026-09-22T09:42:42.010795-04:00,356.7294,0.1261
TSLA-20260922T13390112529,TSLA,2026-09-22,2026-09-22T09:42:42.010795-04:00,376.4541,0.2541
COHR-20260922T13401427726,COHR,2026-09-22,2026-09-22T09:42:42.010795-04:00,311.774,-0.8825
ZS-20260922T13410991918,ZS,2026-09-22,2026-09-22T09:42:42.010795-04:00,206.5,0.1453
GFS-20260922T13344224073,GFS,2026-09-22,2026-09-22T09:42:45.263257-04:00,48.2,-0.1036
GOOG-20260922T13383129964,GOOG,2026-09-22,2026-09-22T09:42:45.263257-04:00,356.905,0.1754
TSLA-20260922T13390112529,TSLA,2026-09-22,2026-09-22T09:42:45.263257-04:00,376.515,0.2703
COHR-20260922T13401427726,COHR,2026-09-22,2026-09-22T09:42:45.263257-04:00,311.295,-1.0348
ZS-20260922T13410991918,ZS,2026-09-22,2026-09-22T09:42:45.263257-04:00,206.6,0.1938
GFS-20260922T13344224073,GFS,2026-09-22,2026-09-22T09:42:48.594707-04:00,48.19,-0.1244
GOOG-20260922T13383129964,GOOG,2026-09-22,2026-09-22T09:42:48.594707-04:00,356.9873,0.1985
TSLA-20260922T13390112529,TSLA,2026-09-22,2026-09-22T09:42:48.594707-04:00,376.5306,0.2745
COHR-20260922T13401427726,COHR,2026-09-22,2026-09-22T09:42:48.594707-04:00,311.43,-0.9919
ZS-20260922T13410991918,ZS,2026-09-22,2026-09-22T09:42:48.594707-04:00,206.9733,0.3748
GFS-20260922T13344224073,GFS,2026-09-22,2026-09-22T09:42:51.834635-04:00,48.19,-0.1244
GOOG-20260922T13383129964,GOOG,2026-09-22,2026-09-22T09:42:51.834635-04:00,356.9496,0.1879
TSLA-20260922T13390112529,TSLA,2026-09-22,2026-09-22T09:42:51.834635-04:00,375.8029,0.0807
COHR-20260922T13401427726,COHR,2026-09-22,2026-09-22T09:42:51.834635-04:00,311.425,-0.9935
ZS-20260922T13410991918,ZS,2026-09-22,2026-09-22T09:42:51.834635-04:00,206.72,0.252
GFS-20260922T13344224073,GFS,2026-09-22,2026-09-22T09:42:55.111636-04:00,48.22,-0.0622
GOOG-20260922T13383129964,GOOG,2026-09-22,2026-09-22T09:42:55.111636-04:00,356.8094,0.1486
TSLA-20260922T13390112529,TSLA,2026-09-22,2026-09-22T09:42:55.111636-04:00,376.61,0.2956
COHR-20260922T13401427726,COHR,2026-09-22,2026-09-22T09:42:55.111636-04:00,311.54,-0.9569
ZS-20260922T13410991918,ZS,2026-09-22,2026-09-22T09:42:55.111636-04:00,206.5,0.1453
GFS-20260922T13344224073,GFS,2026-09-22,2026-09-22T09:42:58.348148-04:00,48.22,-0.0622
GOOG-20260922T13383129964,GOOG,2026-09-22,2026-09-22T09:42:58.348148-04:00,356.7,0.1179
TSLA-20260922T13390112529,TSLA,2026-09-22,2026-09-22T09:42:58.348148-04:00,376.605,0.2943
COHR-20260922T13401427726,COHR,2026-09-22,2026-09-22T09:42:58.348148-04:00,311.525,-0.9617
ZS-20260922T13410991918,ZS,2026-09-22,2026-09-22T09:42:58.348148-04:00,206.9788,0.3775
GFS-20260922T13344224073,GFS,2026-09-22,2026-09-22T09:43:01.579415-04:00,48.2,-0.1036
GOOG-20260922T13383129964,GOOG,2026-09-22,2026-09-22T09:43:01.579415-04:00,356.7475,0.1312
TSLA-20260922T13390112529,TSLA,2026-09-22,2026-09-22T09:43:01.579415-04:00,376.6,0.2929
COHR-20260922T13401427726,COHR,2026-09-22,2026-09-22T09:43:01.579415-04:00,311.2,-1.065
ZS-20260922T13410991918,ZS,2026-09-22,2026-09-22T09:43:01.579415-04:00,206.0648,-0.0658
GFS-20260922T13344224073,GFS,2026-09-22,2026-09-22T09:43:05.200662-04:00,48.18,-0.1451
GOOG-20260922T13383129964,GOOG,2026-09-22,2026-09-22T09:43:05.200662-04:00,356.78,0.1403
TSLA-20260922T13390112529,TSLA,2026-09-22,2026-09-22T09:43:05.200662-04:00,376.472,0.2589
COHR-20260922T13401427726,COHR,2026-09-22,2026-09-22T09:43:05.200662-04:00,311.2038,-1.0638
ZS-20260922T13410991918,ZS,2026-09-22,2026-09-22T09:43:05.200662-04:00,206.795,0.2883
GFS-20260922T13344224073,GFS,2026-09-22,2026-09-22T09:43:08.615859-04:00,48.2654,0.0319
GOOG-20260922T13383129964,GOOG,2026-09-22,2026-09-22T09:43:08.615859-04:00,356.66,0.1067
TSLA-20260922T13390112529,TSLA,2026-09-22,2026-09-22T09:43:08.615859-04:00,376.52,0.2716
ZS-20260922T13410991918,ZS,2026-09-22,2026-09-22T09:43:08.615859-04:00,207.0,0.3878
ETHU-20260922T13430219952,ETHU,2026-09-22,2026-09-22T09:43:08.615859-04:00,32.07,0.0
GFS-20260922T13344224073,GFS,2026-09-22,2026-09-22T09:43:11.899162-04:00,48.2146,-0.0734
GOOG-20260922T13383129964,GOOG,2026-09-22,2026-09-22T09:43:11.899162-04:00,356.77,0.1375
TSLA-20260922T13390112529,TSLA,2026-09-22,2026-09-22T09:43:11.899162-04:00,376.57,0.285
ZS-20260922T13410991918,ZS,2026-09-22,2026-09-22T09:43:11.899162-04:00,206.76,0.2714
ETHU-20260922T13430219952,ETHU,2026-09-22,2026-09-22T09:43:11.899162-04:00,32.06,-0.0312
GFS-20260922T13344224073,GFS,2026-09-22,2026-09-22T09:43:15.172126-04:00,48.225,-0.0518
GOOG-20260922T13383129964,GOOG,2026-09-22,2026-09-22T09:43:15.172126-04:00,356.865,0.1642
TSLA-20260922T13390112529,TSLA,2026-09-22,2026-09-22T09:43:15.172126-04:00,376.535,0.2756
ZS-20260922T13410991918,ZS,2026-09-22,2026-09-22T09:43:15.172126-04:00,206.965,0.3708
ETHU-20260922T13430219952,ETHU,2026-09-22,2026-09-22T09:43:15.172126-04:00,32.07,0.0
GFS-20260922T13344224073,GFS,2026-09-22,2026-09-22T09:43:18.434941-04:00,48.23,-0.0415
GOOG-20260922T13383129964,GOOG,2026-09-22,2026-09-22T09:43:18.434941-04:00,356.9296,0.1823
TSLA-20260922T13390112529,TSLA,2026-09-22,2026-09-22T09:43:18.434941-04:00,376.415,0.2437
ZS-20260922T13410991918,ZS,2026-09-22,2026-09-22T09:43:18.434941-04:00,206.965,0.3708
ETHU-20260922T13430219952,ETHU,2026-09-22,2026-09-22T09:43:18.434941-04:00,32.035,-0.1091
GFS-20260922T13344224073,GFS,2026-09-22,2026-09-22T09:43:21.646175-04:00,48.23,-0.0415
GOOG-20260922T13383129964,GOOG,2026-09-22,2026-09-22T09:43:21.646175-04:00,356.847,0.1591
TSLA-20260922T13390112529,TSLA,2026-09-22,2026-09-22T09:43:21.646175-04:00,376.35,0.2264
ZS-20260922T13410991918,ZS,2026-09-22,2026-09-22T09:43:21.646175-04:00,206.965,0.3708
ETHU-20260922T13430219952,ETHU,2026-09-22,2026-09-22T09:43:21.646175-04:00,32.0,-0.2183
GFS-20260922T13344224073,GFS,2026-09-22,2026-09-22T09:43:24.903242-04:00,48.255,0.0104
GOOG-20260922T13383129964,GOOG,2026-09-22,2026-09-22T09:43:24.903242-04:00,357.0,0.2021
TSLA-20260922T13390112529,TSLA,2026-09-22,2026-09-22T09:43:24.903242-04:00,376.43,0.2477
ZS-20260922T13410991918,ZS,2026-09-22,2026-09-22T09:43:24.903242-04:00,206.6073,0.1973
ETHU-20260922T13430219952,ETHU,2026-09-22,2026-09-22T09:43:24.903242-04:00,32.0171,-0.165
GFS-20260922T13344224073,GFS,2026-09-22,2026-09-22T09:43:28.133689-04:00,48.27,0.0415
GOOG-20260922T13383129964,GOOG,2026-09-22,2026-09-22T09:43:28.133689-04:00,357.085,0.2259
TSLA-20260922T13390112529,TSLA,2026-09-22,2026-09-22T09:43:28.133689-04:00,376.41,0.2423
ZS-20260922T13410991918,ZS,2026-09-22,2026-09-22T09:43:28.133689-04:00,206.6073,0.1973
ETHU-20260922T13430219952,ETHU,2026-09-22,2026-09-22T09:43:28.133689-04:00,32.0,-0.2183
GFS-20260922T13344224073,GFS,2026-09-22,2026-09-22T09:43:31.374314-04:00,48.29,0.0829
GOOG-20260922T13383129964,GOOG,2026-09-22,2026-09-22T09:43:31.374314-04:00,357.035,0.2119
TSLA-20260922T13390112529,TSLA,2026-09-22,2026-09-22T09:43:31.374314-04:00,376.54,0.277
ZS-20260922T13410991918,ZS,2026-09-22,2026-09-22T09:43:31.374314-04:00,206.365,0.0798
ETHU-20260922T13430219952,ETHU,2026-09-22,2026-09-22T09:43:31.374314-04:00,32.0,-0.2183
GFS-20260922T13344224073,GFS,2026-09-22,2026-09-22T09:43:34.602051-04:00,48.305,0.114
GOOG-20260922T13383129964,GOOG,2026-09-22,2026-09-22T09:43:34.602051-04:00,357.15,0.2442
TSLA-20260922T13390112529,TSLA,2026-09-22,2026-09-22T09:43:34.602051-04:00,376.5665,0.284
ZS-20260922T13410991918,ZS,2026-09-22,2026-09-22T09:43:34.602051-04:00,206.41,0.1016
ETHU-20260922T13430219952,ETHU,2026-09-22,2026-09-22T09:43:34.602051-04:00,32.0414,-0.0892
GFS-20260922T13344224073,GFS,2026-09-22,2026-09-22T09:43:37.864708-04:00,48.324,0.1534
GOOG-20260922T13383129964,GOOG,2026-09-22,2026-09-22T09:43:37.864708-04:00,357.06,0.2189
TSLA-20260922T13390112529,TSLA,2026-09-22,2026-09-22T09:43:37.864708-04:00,376.4134,0.2432
ZS-20260922T13410991918,ZS,2026-09-22,2026-09-22T09:43:37.864708-04:00,206.333,0.0643
ETHU-20260922T13430219952,ETHU,2026-09-22,2026-09-22T09:43:37.864708-04:00,32.05,-0.0624
GFS-20260922T13344224073,GFS,2026-09-22,2026-09-22T09:43:41.139122-04:00,48.2194,-0.0634
GOOG-20260922T13383129964,GOOG,2026-09-22,2026-09-22T09:43:41.139122-04:00,357.065,0.2203
TSLA-20260922T13390112529,TSLA,2026-09-22,2026-09-22T09:43:41.139122-04:00,376.37,0.2317
ZS-20260922T13410991918,ZS,2026-09-22,2026-09-22T09:43:41.139122-04:00,205.83,-0.1796
ETHU-20260922T13430219952,ETHU,2026-09-22,2026-09-22T09:43:41.139122-04:00,32.07,0.0
GFS-20260922T13344224073,GFS,2026-09-22,2026-09-22T09:43:44.346870-04:00,48.32,0.1451
GOOG-20260922T13383129964,GOOG,2026-09-22,2026-09-22T09:43:44.346870-04:00,357.1,0.2302
TSLA-20260922T13390112529,TSLA,2026-09-22,2026-09-22T09:43:44.346870-04:00,376.525,0.273
ZS-20260922T13410991918,ZS,2026-09-22,2026-09-22T09:43:44.346870-04:00,206.07,-0.0633
ETHU-20260922T13430219952,ETHU,2026-09-22,2026-09-22T09:43:44.346870-04:00,32.0886,0.058
GFS-20260922T13344224073,GFS,2026-09-22,2026-09-22T09:43:47.572147-04:00,48.2108,-0.0812
GOOG-20260922T13383129964,GOOG,2026-09-22,2026-09-22T09:43:47.572147-04:00,357.11,0.233
TSLA-20260922T13390112529,TSLA,2026-09-22,2026-09-22T09:43:47.572147-04:00,376.3,0.213
ZS-20260922T13410991918,ZS,2026-09-22,2026-09-22T09:43:47.572147-04:00,206.09,-0.0536
ETHU-20260922T13430219952,ETHU,2026-09-22,2026-09-22T09:43:47.572147-04:00,32.1,0.0935
GFS-20260922T13344224073,GFS,2026-09-22,2026-09-22T09:43:50.833115-04:00,48.3,0.1036
GOOG-20260922T13383129964,GOOG,2026-09-22,2026-09-22T09:43:50.833115-04:00,357.1075,0.2323
TSLA-20260922T13390112529,TSLA,2026-09-22,2026-09-22T09:43:50.833115-04:00,376.1,0.1598
ZS-20260922T13410991918,ZS,2026-09-22,2026-09-22T09:43:50.833115-04:00,205.52,-0.33
ETHU-20260922T13430219952,ETHU,2026-09-22,2026-09-22T09:43:50.833115-04:00,32.0986,0.0892
GFS-20260922T13344224073,GFS,2026-09-22,2026-09-22T09:43:54.066124-04:00,48.27,0.0415
GOOG-20260922T13383129964,GOOG,2026-09-22,2026-09-22T09:43:54.066124-04:00,357.09,0.2273
TSLA-20260922T13390112529,TSLA,2026-09-22,2026-09-22T09:43:54.066124-04:00,376.21,0.1891
ZS-20260922T13410991918,ZS,2026-09-22,2026-09-22T09:43:54.066124-04:00,206.09,-0.0536
ETHU-20260922T13430219952,ETHU,2026-09-22,2026-09-22T09:43:54.066124-04:00,32.08,0.0312
GFS-20260922T13344224073,GFS,2026-09-22,2026-09-22T09:43:57.327489-04:00,48.27,0.0415
GOOG-20260922T13383129964,GOOG,2026-09-22,2026-09-22T09:43:57.327489-04:00,357.064,0.2201
TSLA-20260922T13390112529,TSLA,2026-09-22,2026-09-22T09:43:57.327489-04:00,376.2212,0.1921
ZS-20260922T13410991918,ZS,2026-09-22,2026-09-22T09:43:57.327489-04:00,205.3769,-0.3994
ETHU-20260922T13430219952,ETHU,2026-09-22,2026-09-22T09:43:57.327489-04:00,32.09,0.0624
GFS-20260922T13344224073,GFS,2026-09-22,2026-09-22T09:44:00.543199-04:00,48.2819,0.0661
GOOG-20260922T13383129964,GOOG,2026-09-22,2026-09-22T09:44:00.543199-04:00,357.03,0.2105
TSLA-20260922T13390112529,TSLA,2026-09-22,2026-09-22T09:44:00.543199-04:00,376.35,0.2264
ZS-20260922T13410991918,ZS,2026-09-22,2026-09-22T09:44:00.543199-04:00,205.66,-0.2621
ETHU-20260922T13430219952,ETHU,2026-09-22,2026-09-22T09:44:00.543199-04:00,32.095,0.078
GFS-20260922T13344224073,GFS,2026-09-22,2026-09-22T09:44:03.901328-04:00,48.2819,0.0661
GOOG-20260922T13383129964,GOOG,2026-09-22,2026-09-22T09:44:03.901328-04:00,357.14,0.2414
TSLA-20260922T13390112529,TSLA,2026-09-22,2026-09-22T09:44:03.901328-04:00,376.29,0.2104
ETHU-20260922T13430219952,ETHU,2026-09-22,2026-09-22T09:44:03.901328-04:00,32.1,0.0935
GFS-20260922T13344224073,GFS,2026-09-22,2026-09-22T09:44:07.173599-04:00,48.33,0.1658
GOOG-20260922T13383129964,GOOG,2026-09-22,2026-09-22T09:44:07.173599-04:00,357.35,0.3003
TSLA-20260922T13390112529,TSLA,2026-09-22,2026-09-22T09:44:07.173599-04:00,376.0612,0.1495
ETHU-20260922T13430219952,ETHU,2026-09-22,2026-09-22T09:44:07.173599-04:00,32.1084,0.1197
GFS-20260922T13344224073,GFS,2026-09-22,2026-09-22T09:44:10.448022-04:00,48.33,0.1658
GOOG-20260922T13383129964,GOOG,2026-09-22,2026-09-22T09:44:10.448022-04:00,357.4903,0.3397
TSLA-20260922T13390112529,TSLA,2026-09-22,2026-09-22T09:44:10.448022-04:00,376.2425,0.1977
ETHU-20260922T13430219952,ETHU,2026-09-22,2026-09-22T09:44:10.448022-04:00,32.115,0.1403
GFS-20260922T13344224073,GFS,2026-09-22,2026-09-22T09:44:13.731216-04:00,48.3369,0.1801
GOOG-20260922T13383129964,GOOG,2026-09-22,2026-09-22T09:44:13.731216-04:00,357.43,0.3228
TSLA-20260922T13390112529,TSLA,2026-09-22,2026-09-22T09:44:13.731216-04:00,376.325,0.2197
ETHU-20260922T13430219952,ETHU,2026-09-22,2026-09-22T09:44:13.731216-04:00,32.0786,0.0268
GFS-20260922T13344224073,GFS,2026-09-22,2026-09-22T09:44:16.942527-04:00,48.345,0.1969
GOOG-20260922T13383129964,GOOG,2026-09-22,2026-09-22T09:44:16.942527-04:00,357.4458,0.3272
TSLA-20260922T13390112529,TSLA,2026-09-22,2026-09-22T09:44:16.942527-04:00,376.27,0.2051
ETHU-20260922T13430219952,ETHU,2026-09-22,2026-09-22T09:44:16.942527-04:00,32.07,0.0
GFS-20260922T13344224073,GFS,2026-09-22,2026-09-22T09:44:20.199789-04:00,48.345,0.1969
GOOG-20260922T13383129964,GOOG,2026-09-22,2026-09-22T09:44:20.199789-04:00,357.484,0.3379
TSLA-20260922T13390112529,TSLA,2026-09-22,2026-09-22T09:44:20.199789-04:00,376.16,0.1758
ETHU-20260922T13430219952,ETHU,2026-09-22,2026-09-22T09:44:20.199789-04:00,32.08,0.0312
GFS-20260922T13344224073,GFS,2026-09-22,2026-09-22T09:44:23.410898-04:00,48.345,0.1969
GOOG-20260922T13383129964,GOOG,2026-09-22,2026-09-22T09:44:23.410898-04:00,357.47,0.334
TSLA-20260922T13390112529,TSLA,2026-09-22,2026-09-22T09:44:23.410898-04:00,376.09,0.1571
ETHU-20260922T13430219952,ETHU,2026-09-22,2026-09-22T09:44:23.410898-04:00,32.0783,0.0259
GFS-20260922T13344224073,GFS,2026-09-22,2026-09-22T09:44:26.638027-04:00,48.345,0.1969
GOOG-20260922T13383129964,GOOG,2026-09-22,2026-09-22T09:44:26.638027-04:00,357.35,0.3003
TSLA-20260922T13390112529,TSLA,2026-09-22,2026-09-22T09:44:26.638027-04:00,376.0516,0.1469
ETHU-20260922T13430219952,ETHU,2026-09-22,2026-09-22T09:44:26.638027-04:00,32.07,0.0
GFS-20260922T13344224073,GFS,2026-09-22,2026-09-22T09:44:29.919649-04:00,48.39,0.2902
GOOG-20260922T13383129964,GOOG,2026-09-22,2026-09-22T09:44:29.919649-04:00,357.28,0.2807
TSLA-20260922T13390112529,TSLA,2026-09-22,2026-09-22T09:44:29.919649-04:00,376.3541,0.2275
ETHU-20260922T13430219952,ETHU,2026-09-22,2026-09-22T09:44:29.919649-04:00,32.0686,-0.0044
GFS-20260922T13344224073,GFS,2026-09-22,2026-09-22T09:44:33.170069-04:00,48.3286,0.1629
GOOG-20260922T13383129964,GOOG,2026-09-22,2026-09-22T09:44:33.170069-04:00,357.333,0.2956
TSLA-20260922T13390112529,TSLA,2026-09-22,2026-09-22T09:44:33.170069-04:00,376.326,0.22
ETHU-20260922T13430219952,ETHU,2026-09-22,2026-09-22T09:44:33.170069-04:00,32.05,-0.0624
GFS-20260922T13344224073,GFS,2026-09-22,2026-09-22T09:44:36.390611-04:00,48.351,0.2093
GOOG-20260922T13383129964,GOOG,2026-09-22,2026-09-22T09:44:36.390611-04:00,357.26,0.2751
TSLA-20260922T13390112529,TSLA,2026-09-22,2026-09-22T09:44:36.390611-04:00,376.21,0.1891
ETHU-20260922T13430219952,ETHU,2026-09-22,2026-09-22T09:44:36.390611-04:00,32.03,-0.1247
GFS-20260922T13344224073,GFS,2026-09-22,2026-09-22T09:44:39.608151-04:00,48.351,0.2093
GOOG-20260922T13383129964,GOOG,2026-09-22,2026-09-22T09:44:39.608151-04:00,357.34,0.2975
TSLA-20260922T13390112529,TSLA,2026-09-22,2026-09-22T09:44:39.608151-04:00,375.8967,0.1056
ETHU-20260922T13430219952,ETHU,2026-09-22,2026-09-22T09:44:39.608151-04:00,32.025,-0.1403
GFS-20260922T13344224073,GFS,2026-09-22,2026-09-22T09:44:42.827506-04:00,48.351,0.2093
GOOG-20260922T13383129964,GOOG,2026-09-22,2026-09-22T09:44:42.827506-04:00,357.27,0.2779
TSLA-20260922T13390112529,TSLA,2026-09-22,2026-09-22T09:44:42.827506-04:00,375.61,0.0293
ETHU-20260922T13430219952,ETHU,2026-09-22,2026-09-22T09:44:42.827506-04:00,32.0319,-0.1188
GFS-20260922T13344224073,GFS,2026-09-22,2026-09-22T09:44:46.040605-04:00,48.39,0.2902
GOOG-20260922T13383129964,GOOG,2026-09-22,2026-09-22T09:44:46.040605-04:00,357.44,0.3256
TSLA-20260922T13390112529,TSLA,2026-09-22,2026-09-22T09:44:46.040605-04:00,375.5801,0.0213
ETHU-20260922T13430219952,ETHU,2026-09-22,2026-09-22T09:44:46.040605-04:00,32.0386,-0.0979
GFS-20260922T13344224073,GFS,2026-09-22,2026-09-22T09:44:49.241607-04:00,48.3896,0.2893
GOOG-20260922T13383129964,GOOG,2026-09-22,2026-09-22T09:44:49.241607-04:00,357.5,0.3424
TSLA-20260922T13390112529,TSLA,2026-09-22,2026-09-22T09:44:49.241607-04:00,375.6499,0.0399
ETHU-20260922T13430219952,ETHU,2026-09-22,2026-09-22T09:44:49.241607-04:00,32.045,-0.078
GFS-20260922T13344224073,GFS,2026-09-22,2026-09-22T09:44:52.463151-04:00,48.4,0.3109
GOOG-20260922T13383129964,GOOG,2026-09-22,2026-09-22T09:44:52.463151-04:00,357.5872,0.3669
TSLA-20260922T13390112529,TSLA,2026-09-22,2026-09-22T09:44:52.463151-04:00,375.6,0.0266
ETHU-20260922T13430219952,ETHU,2026-09-22,2026-09-22T09:44:52.463151-04:00,32.08,0.0312
GFS-20260922T13344224073,GFS,2026-09-22,2026-09-22T09:44:55.656353-04:00,48.41,0.3316
GOOG-20260922T13383129964,GOOG,2026-09-22,2026-09-22T09:44:55.656353-04:00,357.51,0.3452
TSLA-20260922T13390112529,TSLA,2026-09-22,2026-09-22T09:44:55.656353-04:00,375.6799,0.0479
ETHU-20260922T13430219952,ETHU,2026-09-22,2026-09-22T09:44:55.656353-04:00,32.0501,-0.0621
GFS-20260922T13344224073,GFS,2026-09-22,2026-09-22T09:44:58.890331-04:00,48.35,0.2073
GOOG-20260922T13383129964,GOOG,2026-09-22,2026-09-22T09:44:58.890331-04:00,357.2253,0.2653
TSLA-20260922T13390112529,TSLA,2026-09-22,2026-09-22T09:44:58.890331-04:00,375.545,0.012
ETHU-20260922T13430219952,ETHU,2026-09-22,2026-09-22T09:44:58.890331-04:00,32.03,-0.1247
GFS-20260922T13344224073,GFS,2026-09-22,2026-09-22T09:45:02.096228-04:00,48.2669,0.035
GOOG-20260922T13383129964,GOOG,2026-09-22,2026-09-22T09:45:02.096228-04:00,357.4867,0.3387
TSLA-20260922T13390112529,TSLA,2026-09-22,2026-09-22T09:45:02.096228-04:00,375.32,-0.0479
ETHU-20260922T13430219952,ETHU,2026-09-22,2026-09-22T09:45:02.096228-04:00,32.04,-0.0935
GFS-20260922T13344224073,GFS,2026-09-22,2026-09-22T09:45:12.920794-04:00,48.39,0.2902
GOOG-20260922T13383129964,GOOG,2026-09-22,2026-09-22T09:45:12.920794-04:00,357.5365,0.3527
ETHU-20260922T13430219952,ETHU,2026-09-22,2026-09-22T09:45:12.920794-04:00,32.03,-0.1247
GFS-20260922T13344224073,GFS,2026-09-22,2026-09-22T09:45:23.574031-04:00,48.355,0.2176
GOOG-20260922T13383129964,GOOG,2026-09-22,2026-09-22T09:45:23.574031-04:00,357.5,0.3424
ETHU-20260922T13430219952,ETHU,2026-09-22,2026-09-22T09:45:23.574031-04:00,32.02,-0.1559
BMNR-20260922T13450283479,BMNR,2026-09-22,2026-09-22T09:45:23.574031-04:00,28.0375,0.1222
COIN-20260922T13450291956,COIN,2026-09-22,2026-09-22T09:45:23.574031-04:00,199.98,0.1435
GFS-20260922T13344224073,GFS,2026-09-22,2026-09-22T09:45:33.975177-04:00,48.31,0.1244
GOOG-20260922T13383129964,GOOG,2026-09-22,2026-09-22T09:45:33.975177-04:00,357.29,0.2835
ETHU-20260922T13430219952,ETHU,2026-09-22,2026-09-22T09:45:33.975177-04:00,32.0425,-0.0857
BMNR-20260922T13450283479,BMNR,2026-09-22,2026-09-22T09:45:33.975177-04:00,28.04,0.1311
COIN-20260922T13450291956,COIN,2026-09-22,2026-09-22T09:45:33.975177-04:00,199.93,0.1184
MRNA-20260922T13451357257,MRNA,2026-09-22,2026-09-22T09:45:33.975177-04:00,173.055,0.1766
GFS-20260922T13344224073,GFS,2026-09-22,2026-09-22T09:45:44.392726-04:00,48.38,0.2694
GOOG-20260922T13383129964,GOOG,2026-09-22,2026-09-22T09:45:44.392726-04:00,357.54,0.3537
ETHU-20260922T13430219952,ETHU,2026-09-22,2026-09-22T09:45:44.392726-04:00,32.055,-0.0468
BMNR-20260922T13450283479,BMNR,2026-09-22,2026-09-22T09:45:44.392726-04:00,28.035,0.1133
COIN-20260922T13450291956,COIN,2026-09-22,2026-09-22T09:45:44.392726-04:00,199.8,0.0533
MRNA-20260922T13451357257,MRNA,2026-09-22,2026-09-22T09:45:44.392726-04:00,173.29,0.3126
GFS-20260922T13344224073,GFS,2026-09-22,2026-09-22T09:45:54.766937-04:00,48.3002,0.104
GOOG-20260922T13383129964,GOOG,2026-09-22,2026-09-22T09:45:54.766937-04:00,357.2144,0.2623
ETHU-20260922T13430219952,ETHU,2026-09-22,2026-09-22T09:45:54.766937-04:00,32.0586,-0.0355
BMNR-20260922T13450283479,BMNR,2026-09-22,2026-09-22T09:45:54.766937-04:00,28.0423,0.1393
COIN-20260922T13450291956,COIN,2026-09-22,2026-09-22T09:45:54.766937-04:00,199.5689,-0.0624
MRNA-20260922T13451357257,MRNA,2026-09-22,2026-09-22T09:45:54.766937-04:00,173.35,0.3473
GFS-20260922T13344224073,GFS,2026-09-22,2026-09-22T09:46:05.179525-04:00,48.41,0.3316
GOOG-20260922T13383129964,GOOG,2026-09-22,2026-09-22T09:46:05.179525-04:00,357.04,0.2133
ETHU-20260922T13430219952,ETHU,2026-09-22,2026-09-22T09:46:05.179525-04:00,32.06,-0.0312
BMNR-20260922T13450283479,BMNR,2026-09-22,2026-09-22T09:46:05.179525-04:00,28.0386,0.1261
COIN-20260922T13450291956,COIN,2026-09-22,2026-09-22T09:46:05.179525-04:00,199.77,0.0383
MRNA-20260922T13451357257,MRNA,2026-09-22,2026-09-22T09:46:05.179525-04:00,173.21,0.2663
GFS-20260922T13344224073,GFS,2026-09-22,2026-09-22T09:46:15.756371-04:00,48.4101,0.3318
GOOG-20260922T13383129964,GOOG,2026-09-22,2026-09-22T09:46:15.756371-04:00,357.36,0.3031
ETHU-20260922T13430219952,ETHU,2026-09-22,2026-09-22T09:46:15.756371-04:00,32.0386,-0.0979
BMNR-20260922T13450283479,BMNR,2026-09-22,2026-09-22T09:46:15.756371-04:00,28.03,0.0954
COIN-20260922T13450291956,COIN,2026-09-22,2026-09-22T09:46:15.756371-04:00,199.7877,0.0472
MRNA-20260922T13451357257,MRNA,2026-09-22,2026-09-22T09:46:15.756371-04:00,173.43,0.3936
CRWV-20260922T13455517870,CRWV,2026-09-22,2026-09-22T09:46:15.756371-04:00,87.4095,-0.2175
GFS-20260922T13344224073,GFS,2026-09-22,2026-09-22T09:46:26.181665-04:00,48.43,0.3731
GOOG-20260922T13383129964,GOOG,2026-09-22,2026-09-22T09:46:26.181665-04:00,357.3025,0.287
ETHU-20260922T13430219952,ETHU,2026-09-22,2026-09-22T09:46:26.181665-04:00,31.9772,-0.2894
BMNR-20260922T13450283479,BMNR,2026-09-22,2026-09-22T09:46:26.181665-04:00,28.005,0.0061
COIN-20260922T13450291956,COIN,2026-09-22,2026-09-22T09:46:26.181665-04:00,199.52,-0.0869
MRNA-20260922T13451357257,MRNA,2026-09-22,2026-09-22T09:46:26.181665-04:00,173.315,0.3271
CRWV-20260922T13455517870,CRWV,2026-09-22,2026-09-22T09:46:26.181665-04:00,87.54,-0.0685
INTC-20260922T13460575564,INTC,2026-09-22,2026-09-22T09:46:26.181665-04:00,122.175,-0.019
GFS-20260922T13344224073,GFS,2026-09-22,2026-09-22T09:46:36.519796-04:00,48.2992,0.102
GOOG-20260922T13383129964,GOOG,2026-09-22,2026-09-22T09:46:36.519796-04:00,357.295,0.2849
ETHU-20260922T13430219952,ETHU,2026-09-22,2026-09-22T09:46:36.519796-04:00,31.99,-0.2495
BMNR-20260922T13450283479,BMNR,2026-09-22,2026-09-22T09:46:36.519796-04:00,28.025,0.0776
COIN-20260922T13450291956,COIN,2026-09-22,2026-09-22T09:46:36.519796-04:00,199.7152,0.0109
MRNA-20260922T13451357257,MRNA,2026-09-22,2026-09-22T09:46:36.519796-04:00,173.005,0.1476
CRWV-20260922T13455517870,CRWV,2026-09-22,2026-09-22T09:46:36.519796-04:00,87.4312,-0.1927
INTC-20260922T13460575564,INTC,2026-09-22,2026-09-22T09:46:36.519796-04:00,121.9,-0.244
GFS-20260922T13344224073,GFS,2026-09-22,2026-09-22T09:46:46.876411-04:00,48.43,0.3731
GOOG-20260922T13383129964,GOOG,2026-09-22,2026-09-22T09:46:46.876411-04:00,357.175,0.2512
ETHU-20260922T13430219952,ETHU,2026-09-22,2026-09-22T09:46:46.876411-04:00,31.9786,-0.285
BMNR-20260922T13450283479,BMNR,2026-09-22,2026-09-22T09:46:46.876411-04:00,28.005,0.0061
COIN-20260922T13450291956,COIN,2026-09-22,2026-09-22T09:46:46.876411-04:00,199.6713,-0.0111
MRNA-20260922T13451357257,MRNA,2026-09-22,2026-09-22T09:46:46.876411-04:00,173.25,0.2894
CRWV-20260922T13455517870,CRWV,2026-09-22,2026-09-22T09:46:46.876411-04:00,87.36,-0.274
INTC-20260922T13460575564,INTC,2026-09-22,2026-09-22T09:46:46.876411-04:00,121.74,-0.375
GFS-20260922T13344224073,GFS,2026-09-22,2026-09-22T09:46:57.162941-04:00,48.395,0.3005
GOOG-20260922T13383129964,GOOG,2026-09-22,2026-09-22T09:46:57.162941-04:00,357.26,0.2751
ETHU-20260922T13430219952,ETHU,2026-09-22,2026-09-22T09:46:57.162941-04:00,31.995,-0.2339
BMNR-20260922T13450283479,BMNR,2026-09-22,2026-09-22T09:46:57.162941-04:00,28.005,0.0061
COIN-20260922T13450291956,COIN,2026-09-22,2026-09-22T09:46:57.162941-04:00,199.72,0.0133
MRNA-20260922T13451357257,MRNA,2026-09-22,2026-09-22T09:46:57.162941-04:00,173.4418,0.4005
CRWV-20260922T13455517870,CRWV,2026-09-22,2026-09-22T09:46:57.162941-04:00,87.425,-0.1998
INTC-20260922T13460575564,INTC,2026-09-22,2026-09-22T09:46:57.162941-04:00,121.7967,-0.3286
AXTI-20260922T13463687484,AXTI,2026-09-22,2026-09-22T09:46:57.162941-04:00,77.115,-0.3656
GFS-20260922T13344224073,GFS,2026-09-22,2026-09-22T09:47:07.432999-04:00,48.355,0.2176
GOOG-20260922T13383129964,GOOG,2026-09-22,2026-09-22T09:47:07.432999-04:00,357.55,0.3565
ETHU-20260922T13430219952,ETHU,2026-09-22,2026-09-22T09:47:07.432999-04:00,31.9903,-0.2485
BMNR-20260922T13450283479,BMNR,2026-09-22,2026-09-22T09:47:07.432999-04:00,28.0267,0.0836
COIN-20260922T13450291956,COIN,2026-09-22,2026-09-22T09:47:07.432999-04:00,199.895,0.1009
MRNA-20260922T13451357257,MRNA,2026-09-22,2026-09-22T09:47:07.432999-04:00,173.5,0.4342
CRWV-20260922T13455517870,CRWV,2026-09-22,2026-09-22T09:47:07.432999-04:00,87.4262,-0.1984
INTC-20260922T13460575564,INTC,2026-09-22,2026-09-22T09:47:07.432999-04:00,121.757,-0.3611
AXTI-20260922T13463687484,AXTI,2026-09-22,2026-09-22T09:47:07.432999-04:00,77.17,-0.2946
GFS-20260922T13344224073,GFS,2026-09-22,2026-09-22T09:47:17.687471-04:00,48.24,-0.0207
GOOG-20260922T13383129964,GOOG,2026-09-22,2026-09-22T09:47:17.687471-04:00,357.5,0.3424
ETHU-20260922T13430219952,ETHU,2026-09-22,2026-09-22T09:47:17.687471-04:00,32.04,-0.0935
BMNR-20260922T13450283479,BMNR,2026-09-22,2026-09-22T09:47:17.687471-04:00,28.105,0.3632
COIN-20260922T13450291956,COIN,2026-09-22,2026-09-22T09:47:17.687471-04:00,200.255,0.2812
MRNA-20260922T13451357257,MRNA,2026-09-22,2026-09-22T09:47:17.687471-04:00,173.5546,0.4658
CRWV-20260922T13455517870,CRWV,2026-09-22,2026-09-22T09:47:17.687471-04:00,87.4337,-0.1898
INTC-20260922T13460575564,INTC,2026-09-22,2026-09-22T09:47:17.687471-04:00,121.5396,-0.539
AXTI-20260922T13463687484,AXTI,2026-09-22,2026-09-22T09:47:17.687471-04:00,76.86,-0.6951
GFS-20260922T13344224073,GFS,2026-09-22,2026-09-22T09:47:27.927423-04:00,48.33,0.1658
GOOG-20260922T13383129964,GOOG,2026-09-22,2026-09-22T09:47:27.927423-04:00,357.38,0.3087
ETHU-20260922T13430219952,ETHU,2026-09-22,2026-09-22T09:47:27.927423-04:00,32.08,0.0312
BMNR-20260922T13450283479,BMNR,2026-09-22,2026-09-22T09:47:27.927423-04:00,28.125,0.4347
COIN-20260922T13450291956,COIN,2026-09-22,2026-09-22T09:47:27.927423-04:00,200.79,0.5491
MRNA-20260922T13451357257,MRNA,2026-09-22,2026-09-22T09:47:27.927423-04:00,173.77,0.5904
CRWV-20260922T13455517870,CRWV,2026-09-22,2026-09-22T09:47:27.927423-04:00,87.45,-0.1712
INTC-20260922T13460575564,INTC,2026-09-22,2026-09-22T09:47:27.927423-04:00,121.565,-0.5182
AXTI-20260922T13463687484,AXTI,2026-09-22,2026-09-22T09:47:27.927423-04:00,76.81,-0.7597
GFS-20260922T13344224073,GFS,2026-09-22,2026-09-22T09:47:38.237046-04:00,48.33,0.1658
GOOG-20260922T13383129964,GOOG,2026-09-22,2026-09-22T09:47:38.237046-04:00,357.652,0.3851
ETHU-20260922T13430219952,ETHU,2026-09-22,2026-09-22T09:47:38.237046-04:00,32.05,-0.0624
BMNR-20260922T13450283479,BMNR,2026-09-22,2026-09-22T09:47:38.237046-04:00,28.0888,0.3054
COIN-20260922T13450291956,COIN,2026-09-22,2026-09-22T09:47:38.237046-04:00,200.595,0.4514
MRNA-20260922T13451357257,MRNA,2026-09-22,2026-09-22T09:47:38.237046-04:00,173.88,0.6541
CRWV-20260922T13455517870,CRWV,2026-09-22,2026-09-22T09:47:38.237046-04:00,87.41,-0.2169
INTC-20260922T13460575564,INTC,2026-09-22,2026-09-22T09:47:38.237046-04:00,121.42,-0.6368
AXTI-20260922T13463687484,AXTI,2026-09-22,2026-09-22T09:47:38.237046-04:00,76.68,-0.9277
GFS-20260922T13344224073,GFS,2026-09-22,2026-09-22T09:47:48.606072-04:00,48.165,-0.1762
GOOG-20260922T13383129964,GOOG,2026-09-22,2026-09-22T09:47:48.606072-04:00,357.78,0.421
ETHU-20260922T13430219952,ETHU,2026-09-22,2026-09-22T09:47:48.606072-04:00,32.07,0.0
BMNR-20260922T13450283479,BMNR,2026-09-22,2026-09-22T09:47:48.606072-04:00,28.085,0.2918
COIN-20260922T13450291956,COIN,2026-09-22,2026-09-22T09:47:48.606072-04:00,200.565,0.4364
MRNA-20260922T13451357257,MRNA,2026-09-22,2026-09-22T09:47:48.606072-04:00,174.12,0.7931
CRWV-20260922T13455517870,CRWV,2026-09-22,2026-09-22T09:47:48.606072-04:00,87.4,-0.2283
INTC-20260922T13460575564,INTC,2026-09-22,2026-09-22T09:47:48.606072-04:00,121.8952,-0.248
AXTI-20260922T13463687484,AXTI,2026-09-22,2026-09-22T09:47:48.606072-04:00,76.57,-1.0698
GFS-20260922T13344224073,GFS,2026-09-22,2026-09-22T09:47:58.898763-04:00,48.16,-0.1865
GOOG-20260922T13383129964,GOOG,2026-09-22,2026-09-22T09:47:58.898763-04:00,357.8,0.4266
ETHU-20260922T13430219952,ETHU,2026-09-22,2026-09-22T09:47:58.898763-04:00,32.0486,-0.0667
BMNR-20260922T13450283479,BMNR,2026-09-22,2026-09-22T09:47:58.898763-04:00,28.0778,0.2661
COIN-20260922T13450291956,COIN,2026-09-22,2026-09-22T09:47:58.898763-04:00,200.65,0.479
MRNA-20260922T13451357257,MRNA,2026-09-22,2026-09-22T09:47:58.898763-04:00,173.954,0.697
CRWV-20260922T13455517870,CRWV,2026-09-22,2026-09-22T09:47:58.898763-04:00,87.415,-0.2112
INTC-20260922T13460575564,INTC,2026-09-22,2026-09-22T09:47:58.898763-04:00,121.38,-0.6696
AXTI-20260922T13463687484,AXTI,2026-09-22,2026-09-22T09:47:58.898763-04:00,76.645,-0.9729
GFS-20260922T13344224073,GFS,2026-09-22,2026-09-22T09:48:09.324627-04:00,48.16,-0.1865
GOOG-20260922T13383129964,GOOG,2026-09-22,2026-09-22T09:48:09.324627-04:00,358.2,0.5389
ETHU-20260922T13430219952,ETHU,2026-09-22,2026-09-22T09:48:09.324627-04:00,32.03,-0.1247
BMNR-20260922T13450283479,BMNR,2026-09-22,2026-09-22T09:48:09.324627-04:00,28.06,0.2026
COIN-20260922T13450291956,COIN,2026-09-22,2026-09-22T09:48:09.324627-04:00,200.52,0.4139
MRNA-20260922T13451357257,MRNA,2026-09-22,2026-09-22T09:48:09.324627-04:00,173.67,0.5326
CRWV-20260922T13455517870,CRWV,2026-09-22,2026-09-22T09:48:09.324627-04:00,87.54,-0.0685
INTC-20260922T13460575564,INTC,2026-09-22,2026-09-22T09:48:09.324627-04:00,121.315,-0.7228
AXTI-20260922T13463687484,AXTI,2026-09-22,2026-09-22T09:48:09.324627-04:00,76.505,-1.1538
GOOG-20260922T13383129964,GOOG,2026-09-22,2026-09-22T09:48:20.061163-04:00,358.4565,0.6109
ETHU-20260922T13430219952,ETHU,2026-09-22,2026-09-22T09:48:20.061163-04:00,32.02,-0.1559
BMNR-20260922T13450283479,BMNR,2026-09-22,2026-09-22T09:48:20.061163-04:00,28.055,0.1847
COIN-20260922T13450291956,COIN,2026-09-22,2026-09-22T09:48:20.061163-04:00,200.2978,0.3026
MRNA-20260922T13451357257,MRNA,2026-09-22,2026-09-22T09:48:20.061163-04:00,173.55,0.4631
CRWV-20260922T13455517870,CRWV,2026-09-22,2026-09-22T09:48:20.061163-04:00,87.3602,-0.2737
INTC-20260922T13460575564,INTC,2026-09-22,2026-09-22T09:48:20.061163-04:00,121.34,-0.7023
GOOG-20260922T13383129964,GOOG,2026-09-22,2026-09-22T09:48:30.625162-04:00,358.4728,0.6155
ETHU-20260922T13430219952,ETHU,2026-09-22,2026-09-22T09:48:30.625162-04:00,32.08,0.0312
BMNR-20260922T13450283479,BMNR,2026-09-22,2026-09-22T09:48:30.625162-04:00,28.11,0.3811
COIN-20260922T13450291956,COIN,2026-09-22,2026-09-22T09:48:30.625162-04:00,200.64,0.474
MRNA-20260922T13451357257,MRNA,2026-09-22,2026-09-22T09:48:30.625162-04:00,173.744,0.5754
CRWV-20260922T13455517870,CRWV,2026-09-22,2026-09-22T09:48:30.625162-04:00,87.486,-0.1301
INTC-20260922T13460575564,INTC,2026-09-22,2026-09-22T09:48:30.625162-04:00,121.44,-0.6205
CBRS-20260922T13481001025,CBRS,2026-09-22,2026-09-22T09:48:30.625162-04:00,202.8,0.079
BE-20260922T13481005710,BE,2026-09-22,2026-09-22T09:48:30.625162-04:00,278.1,0.1476
GOOG-20260922T13383129964,GOOG,2026-09-22,2026-09-22T09:48:41.224842-04:00,358.4569,0.611
ETHU-20260922T13430219952,ETHU,2026-09-22,2026-09-22T09:48:41.224842-04:00,32.045,-0.078
BMNR-20260922T13450283479,BMNR,2026-09-22,2026-09-22T09:48:41.224842-04:00,28.105,0.3632
COIN-20260922T13450291956,COIN,2026-09-22,2026-09-22T09:48:41.224842-04:00,200.77,0.5391
MRNA-20260922T13451357257,MRNA,2026-09-22,2026-09-22T09:48:41.224842-04:00,174.05,0.7525
CRWV-20260922T13455517870,CRWV,2026-09-22,2026-09-22T09:48:41.224842-04:00,87.3927,-0.2366
INTC-20260922T13460575564,INTC,2026-09-22,2026-09-22T09:48:41.224842-04:00,121.525,-0.5509
CBRS-20260922T13481001025,CBRS,2026-09-22,2026-09-22T09:48:41.224842-04:00,202.67,0.0148
BE-20260922T13481005710,BE,2026-09-22,2026-09-22T09:48:41.224842-04:00,278.51,0.2953
GOOG-20260922T13383129964,GOOG,2026-09-22,2026-09-22T09:48:51.702570-04:00,358.325,0.574
ETHU-20260922T13430219952,ETHU,2026-09-22,2026-09-22T09:48:51.702570-04:00,32.0686,-0.0044
BMNR-20260922T13450283479,BMNR,2026-09-22,2026-09-22T09:48:51.702570-04:00,28.115,0.399
COIN-20260922T13450291956,COIN,2026-09-22,2026-09-22T09:48:51.702570-04:00,200.7705,0.5393
MRNA-20260922T13451357257,MRNA,2026-09-22,2026-09-22T09:48:51.702570-04:00,174.11,0.7873
CRWV-20260922T13455517870,CRWV,2026-09-22,2026-09-22T09:48:51.702570-04:00,87.47,-0.1484
INTC-20260922T13460575564,INTC,2026-09-22,2026-09-22T09:48:51.702570-04:00,121.2484,-0.7773
CBRS-20260922T13481001025,CBRS,2026-09-22,2026-09-22T09:48:51.702570-04:00,202.7,0.0296
BE-20260922T13481005710,BE,2026-09-22,2026-09-22T09:48:51.702570-04:00,278.4,0.2557
GOOG-20260922T13383129964,GOOG,2026-09-22,2026-09-22T09:49:02.222819-04:00,358.7,0.6792
ETHU-20260922T13430219952,ETHU,2026-09-22,2026-09-22T09:49:02.222819-04:00,32.115,0.1403
BMNR-20260922T13450283479,BMNR,2026-09-22,2026-09-22T09:49:02.222819-04:00,28.13,0.4525
COIN-20260922T13450291956,COIN,2026-09-22,2026-09-22T09:49:02.222819-04:00,200.77,0.5391
MRNA-20260922T13451357257,MRNA,2026-09-22,2026-09-22T09:49:02.222819-04:00,174.3089,0.9024
CRWV-20260922T13455517870,CRWV,2026-09-22,2026-09-22T09:49:02.222819-04:00,87.5925,-0.0086
INTC-20260922T13460575564,INTC,2026-09-22,2026-09-22T09:49:02.222819-04:00,121.4,-0.6532
CBRS-20260922T13481001025,CBRS,2026-09-22,2026-09-22T09:49:02.222819-04:00,202.61,-0.0148
BE-20260922T13481005710,BE,2026-09-22,2026-09-22T09:49:02.222819-04:00,278.545,0.3079
GOOG-20260922T13383129964,GOOG,2026-09-22,2026-09-22T09:49:12.855934-04:00,358.7001,0.6793
ETHU-20260922T13430219952,ETHU,2026-09-22,2026-09-22T09:49:12.855934-04:00,32.105,0.1091
BMNR-20260922T13450283479,BMNR,2026-09-22,2026-09-22T09:49:12.855934-04:00,28.12,0.4168
COIN-20260922T13450291956,COIN,2026-09-22,2026-09-22T09:49:12.855934-04:00,200.5785,0.4432
MRNA-20260922T13451357257,MRNA,2026-09-22,2026-09-22T09:49:12.855934-04:00,174.22,0.8509
CRWV-20260922T13455517870,CRWV,2026-09-22,2026-09-22T09:49:12.855934-04:00,87.58,-0.0228
INTC-20260922T13460575564,INTC,2026-09-22,2026-09-22T09:49:12.855934-04:00,121.3866,-0.6642
CBRS-20260922T13481001025,CBRS,2026-09-22,2026-09-22T09:49:12.855934-04:00,202.6142,-0.0127
BE-20260922T13481005710,BE,2026-09-22,2026-09-22T09:49:12.855934-04:00,278.2044,0.1852
GOOG-20260922T13383129964,GOOG,2026-09-22,2026-09-22T09:49:23.811116-04:00,359.145,0.8041
ETHU-20260922T13430219952,ETHU,2026-09-22,2026-09-22T09:49:23.811116-04:00,32.135,0.2027
BMNR-20260922T13450283479,BMNR,2026-09-22,2026-09-22T09:49:23.811116-04:00,28.13,0.4525
COIN-20260922T13450291956,COIN,2026-09-22,2026-09-22T09:49:23.811116-04:00,200.745,0.5265
MRNA-20260922T13451357257,MRNA,2026-09-22,2026-09-22T09:49:23.811116-04:00,174.0489,0.7519
CRWV-20260922T13455517870,CRWV,2026-09-22,2026-09-22T09:49:23.811116-04:00,87.4201,-0.2054
CBRS-20260922T13481001025,CBRS,2026-09-22,2026-09-22T09:49:23.811116-04:00,202.3369,-0.1496
BE-20260922T13481005710,BE,2026-09-22,2026-09-22T09:49:23.811116-04:00,277.611,-0.0284
GOOG-20260922T13383129964,GOOG,2026-09-22,2026-09-22T09:49:34.355470-04:00,359.2196,0.8251
ETHU-20260922T13430219952,ETHU,2026-09-22,2026-09-22T09:49:34.355470-04:00,32.14,0.2183
BMNR-20260922T13450283479,BMNR,2026-09-22,2026-09-22T09:49:34.355470-04:00,28.115,0.399
COIN-20260922T13450291956,COIN,2026-09-22,2026-09-22T09:49:34.355470-04:00,200.6494,0.4787
MRNA-20260922T13451357257,MRNA,2026-09-22,2026-09-22T09:49:34.355470-04:00,173.665,0.5297
CRWV-20260922T13455517870,CRWV,2026-09-22,2026-09-22T09:49:34.355470-04:00,87.505,-0.1084
CBRS-20260922T13481001025,CBRS,2026-09-22,2026-09-22T09:49:34.355470-04:00,202.2319,-0.2014
BE-20260922T13481005710,BE,2026-09-22,2026-09-22T09:49:34.355470-04:00,277.385,-0.1098
HUT-20260922T13491380638,HUT,2026-09-22,2026-09-22T09:49:34.355470-04:00,107.1916,0.0295
GOOG-20260922T13383129964,GOOG,2026-09-22,2026-09-22T09:49:44.831848-04:00,359.37,0.8673
ETHU-20260922T13430219952,ETHU,2026-09-22,2026-09-22T09:49:44.831848-04:00,32.14,0.2183
BMNR-20260922T13450283479,BMNR,2026-09-22,2026-09-22T09:49:44.831848-04:00,28.13,0.4525
COIN-20260922T13450291956,COIN,2026-09-22,2026-09-22T09:49:44.831848-04:00,200.395,0.3513
MRNA-20260922T13451357257,MRNA,2026-09-22,2026-09-22T09:49:44.831848-04:00,173.382,0.3658
CRWV-20260922T13455517870,CRWV,2026-09-22,2026-09-22T09:49:44.831848-04:00,87.491,-0.1244
CBRS-20260922T13481001025,CBRS,2026-09-22,2026-09-22T09:49:44.831848-04:00,202.26,-0.1875
BE-20260922T13481005710,BE,2026-09-22,2026-09-22T09:49:44.831848-04:00,277.8451,0.0559
HUT-20260922T13491380638,HUT,2026-09-22,2026-09-22T09:49:44.831848-04:00,107.23,0.0653
GOOG-20260922T13383129964,GOOG,2026-09-22,2026-09-22T09:49:55.298462-04:00,359.4,0.8757
ETHU-20260922T13430219952,ETHU,2026-09-22,2026-09-22T09:49:55.298462-04:00,32.13,0.1871
BMNR-20260922T13450283479,BMNR,2026-09-22,2026-09-22T09:49:55.298462-04:00,28.1,0.3454
COIN-20260922T13450291956,COIN,2026-09-22,2026-09-22T09:49:55.298462-04:00,200.0,0.1535
MRNA-20260922T13451357257,MRNA,2026-09-22,2026-09-22T09:49:55.298462-04:00,173.8177,0.6181
CRWV-20260922T13455517870,CRWV,2026-09-22,2026-09-22T09:49:55.298462-04:00,87.45,-0.1712
CBRS-20260922T13481001025,CBRS,2026-09-22,2026-09-22T09:49:55.298462-04:00,202.21,-0.2122
BE-20260922T13481005710,BE,2026-09-22,2026-09-22T09:49:55.298462-04:00,277.46,-0.0828
HUT-20260922T13491380638,HUT,2026-09-22,2026-09-22T09:49:55.298462-04:00,107.1,-0.056
GOOG-20260922T13383129964,GOOG,2026-09-22,2026-09-22T09:50:05.713352-04:00,359.5173,0.9086
ETHU-20260922T13430219952,ETHU,2026-09-22,2026-09-22T09:50:05.713352-04:00,32.15,0.2495
BMNR-20260922T13450283479,BMNR,2026-09-22,2026-09-22T09:50:05.713352-04:00,28.1083,0.375
COIN-20260922T13450291956,COIN,2026-09-22,2026-09-22T09:50:05.713352-04:00,200.115,0.2111
MRNA-20260922T13451357257,MRNA,2026-09-22,2026-09-22T09:50:05.713352-04:00,173.845,0.6339
CRWV-20260922T13455517870,CRWV,2026-09-22,2026-09-22T09:50:05.713352-04:00,87.51,-0.1027
CBRS-20260922T13481001025,CBRS,2026-09-22,2026-09-22T09:50:05.713352-04:00,202.3458,-0.1452
BE-20260922T13481005710,BE,2026-09-22,2026-09-22T09:50:05.713352-04:00,277.58,-0.0396
HUT-20260922T13491380638,HUT,2026-09-22,2026-09-22T09:50:05.713352-04:00,106.5873,-0.5344
GOOG-20260922T13383129964,GOOG,2026-09-22,2026-09-22T09:50:16.740360-04:00,359.9306,1.0246
ETHU-20260922T13430219952,ETHU,2026-09-22,2026-09-22T09:50:16.740360-04:00,32.135,0.2027
BMNR-20260922T13450283479,BMNR,2026-09-22,2026-09-22T09:50:16.740360-04:00,28.125,0.4347
COIN-20260922T13450291956,COIN,2026-09-22,2026-09-22T09:50:16.740360-04:00,200.355,0.3312
MRNA-20260922T13451357257,MRNA,2026-09-22,2026-09-22T09:50:16.740360-04:00,173.9288,0.6824
CRWV-20260922T13455517870,CRWV,2026-09-22,2026-09-22T09:50:16.740360-04:00,87.44,-0.1826
CBRS-20260922T13481001025,CBRS,2026-09-22,2026-09-22T09:50:16.740360-04:00,202.42,-0.1086
HUT-20260922T13491380638,HUT,2026-09-22,2026-09-22T09:50:16.740360-04:00,106.88,-0.2613
GOOG-20260922T13383129964,GOOG,2026-09-22,2026-09-22T09:50:27.601061-04:00,359.828,0.9958
ETHU-20260922T13430219952,ETHU,2026-09-22,2026-09-22T09:50:27.601061-04:00,32.1228,0.1646
BMNR-20260922T13450283479,BMNR,2026-09-22,2026-09-22T09:50:27.601061-04:00,28.095,0.3275
COIN-20260922T13450291956,COIN,2026-09-22,2026-09-22T09:50:27.601061-04:00,200.235,0.2712
MRNA-20260922T13451357257,MRNA,2026-09-22,2026-09-22T09:50:27.601061-04:00,173.8,0.6078
CRWV-20260922T13455517870,CRWV,2026-09-22,2026-09-22T09:50:27.601061-04:00,87.565,-0.04
CBRS-20260922T13481001025,CBRS,2026-09-22,2026-09-22T09:50:27.601061-04:00,202.28,-0.1777
HUT-20260922T13491380638,HUT,2026-09-22,2026-09-22T09:50:27.601061-04:00,106.88,-0.2613
GOOG-20260922T13383129964,GOOG,2026-09-22,2026-09-22T09:50:38.141887-04:00,359.7,0.9599
ETHU-20260922T13430219952,ETHU,2026-09-22,2026-09-22T09:50:38.141887-04:00,32.13,0.1871
BMNR-20260922T13450283479,BMNR,2026-09-22,2026-09-22T09:50:38.141887-04:00,28.038,0.124
COIN-20260922T13450291956,COIN,2026-09-22,2026-09-22T09:50:38.141887-04:00,200.09,0.1985
MRNA-20260922T13451357257,MRNA,2026-09-22,2026-09-22T09:50:38.141887-04:00,173.813,0.6153
CRWV-20260922T13455517870,CRWV,2026-09-22,2026-09-22T09:50:38.141887-04:00,87.595,-0.0057
CBRS-20260922T13481001025,CBRS,2026-09-22,2026-09-22T09:50:38.141887-04:00,202.5676,-0.0357
HUT-20260922T13491380638,HUT,2026-09-22,2026-09-22T09:50:38.141887-04:00,106.88,-0.2613
THO-20260922T13501758848,THO,2026-09-22,2026-09-22T09:50:38.141887-04:00,71.3,0.4225
GOOG-20260922T13383129964,GOOG,2026-09-22,2026-09-22T09:50:48.723158-04:00,359.085,0.7873
ETHU-20260922T13430219952,ETHU,2026-09-22,2026-09-22T09:50:48.723158-04:00,32.16,0.2806
BMNR-20260922T13450283479,BMNR,2026-09-22,2026-09-22T09:50:48.723158-04:00,28.06,0.2026
COIN-20260922T13450291956,COIN,2026-09-22,2026-09-22T09:50:48.723158-04:00,199.99,0.1485
MRNA-20260922T13451357257,MRNA,2026-09-22,2026-09-22T09:50:48.723158-04:00,173.83,0.6252
CRWV-20260922T13455517870,CRWV,2026-09-22,2026-09-22T09:50:48.723158-04:00,87.71,0.1256
CBRS-20260922T13481001025,CBRS,2026-09-22,2026-09-22T09:50:48.723158-04:00,202.635,-0.0025
HUT-20260922T13491380638,HUT,2026-09-22,2026-09-22T09:50:48.723158-04:00,107.075,-0.0793
THO-20260922T13501758848,THO,2026-09-22,2026-09-22T09:50:48.723158-04:00,71.3,0.4225
GOOG-20260922T13383129964,GOOG,2026-09-22,2026-09-22T09:50:59.358968-04:00,358.98,0.7578
ETHU-20260922T13430219952,ETHU,2026-09-22,2026-09-22T09:50:59.358968-04:00,32.18,0.343
BMNR-20260922T13450283479,BMNR,2026-09-22,2026-09-22T09:50:59.358968-04:00,28.045,0.149
COIN-20260922T13450291956,COIN,2026-09-22,2026-09-22T09:50:59.358968-04:00,199.81,0.0583
MRNA-20260922T13451357257,MRNA,2026-09-22,2026-09-22T09:50:59.358968-04:00,174.0,0.7236
CRWV-20260922T13455517870,CRWV,2026-09-22,2026-09-22T09:50:59.358968-04:00,87.77,0.1941
CBRS-20260922T13481001025,CBRS,2026-09-22,2026-09-22T09:50:59.358968-04:00,203.04,0.1974
HUT-20260922T13491380638,HUT,2026-09-22,2026-09-22T09:50:59.358968-04:00,106.9105,-0.2328
THO-20260922T13501758848,THO,2026-09-22,2026-09-22T09:50:59.358968-04:00,71.3,0.4225
GOOG-20260922T13383129964,GOOG,2026-09-22,2026-09-22T09:51:10.080104-04:00,359.0239,0.7702
ETHU-20260922T13430219952,ETHU,2026-09-22,2026-09-22T09:51:10.080104-04:00,32.1686,0.3075
BMNR-20260922T13450283479,BMNR,2026-09-22,2026-09-22T09:51:10.080104-04:00,28.005,0.0061
COIN-20260922T13450291956,COIN,2026-09-22,2026-09-22T09:51:10.080104-04:00,199.65,-0.0218
MRNA-20260922T13451357257,MRNA,2026-09-22,2026-09-22T09:51:10.080104-04:00,173.81,0.6136
CRWV-20260922T13455517870,CRWV,2026-09-22,2026-09-22T09:51:10.080104-04:00,87.7388,0.1584
CBRS-20260922T13481001025,CBRS,2026-09-22,2026-09-22T09:51:10.080104-04:00,203.2253,0.2888
HUT-20260922T13491380638,HUT,2026-09-22,2026-09-22T09:51:10.080104-04:00,107.35,0.1773
THO-20260922T13501758848,THO,2026-09-22,2026-09-22T09:51:10.080104-04:00,71.3,0.4225
GOOG-20260922T13383129964,GOOG,2026-09-22,2026-09-22T09:51:20.946937-04:00,359.005,0.7648
ETHU-20260922T13430219952,ETHU,2026-09-22,2026-09-22T09:51:20.946937-04:00,32.16,0.2806
BMNR-20260922T13450283479,BMNR,2026-09-22,2026-09-22T09:51:20.946937-04:00,28.02,0.0597
MRNA-20260922T13451357257,MRNA,2026-09-22,2026-09-22T09:51:20.946937-04:00,174.295,0.8944
CRWV-20260922T13455517870,CRWV,2026-09-22,2026-09-22T09:51:20.946937-04:00,87.715,0.1313
CBRS-20260922T13481001025,CBRS,2026-09-22,2026-09-22T09:51:20.946937-04:00,203.19,0.2714
HUT-20260922T13491380638,HUT,2026-09-22,2026-09-22T09:51:20.946937-04:00,107.63,0.4386
THO-20260922T13501758848,THO,2026-09-22,2026-09-22T09:51:20.946937-04:00,71.3,0.4225
GOOG-20260922T13383129964,GOOG,2026-09-22,2026-09-22T09:51:31.607916-04:00,359.03,0.7719
ETHU-20260922T13430219952,ETHU,2026-09-22,2026-09-22T09:51:31.607916-04:00,32.16,0.2806
BMNR-20260922T13450283479,BMNR,2026-09-22,2026-09-22T09:51:31.607916-04:00,28.0305,0.0972
MRNA-20260922T13451357257,MRNA,2026-09-22,2026-09-22T09:51:31.607916-04:00,174.2,0.8394
CRWV-20260922T13455517870,CRWV,2026-09-22,2026-09-22T09:51:31.607916-04:00,87.885,0.3253
CBRS-20260922T13481001025,CBRS,2026-09-22,2026-09-22T09:51:31.607916-04:00,203.3975,0.3738
HUT-20260922T13491380638,HUT,2026-09-22,2026-09-22T09:51:31.607916-04:00,107.61,0.4199
THO-20260922T13501758848,THO,2026-09-22,2026-09-22T09:51:31.607916-04:00,71.3,0.4225
NBIS-20260922T13511094017,NBIS,2026-09-22,2026-09-22T09:51:31.607916-04:00,244.4,0.0696
GOOG-20260922T13383129964,GOOG,2026-09-22,2026-09-22T09:51:42.095365-04:00,358.9299,0.7438
ETHU-20260922T13430219952,ETHU,2026-09-22,2026-09-22T09:51:42.095365-04:00,32.135,0.2027
BMNR-20260922T13450283479,BMNR,2026-09-22,2026-09-22T09:51:42.095365-04:00,28.06,0.2026
MRNA-20260922T13451357257,MRNA,2026-09-22,2026-09-22T09:51:42.095365-04:00,174.66,1.1056
CRWV-20260922T13455517870,CRWV,2026-09-22,2026-09-22T09:51:42.095365-04:00,87.88,0.3196
CBRS-20260922T13481001025,CBRS,2026-09-22,2026-09-22T09:51:42.095365-04:00,203.4368,0.3932
HUT-20260922T13491380638,HUT,2026-09-22,2026-09-22T09:51:42.095365-04:00,107.53,0.3453
THO-20260922T13501758848,THO,2026-09-22,2026-09-22T09:51:42.095365-04:00,71.3,0.4225
NBIS-20260922T13511094017,NBIS,2026-09-22,2026-09-22T09:51:42.095365-04:00,244.43,0.0819
GOOG-20260922T13383129964,GOOG,2026-09-22,2026-09-22T09:51:52.641976-04:00,358.78,0.7017
ETHU-20260922T13430219952,ETHU,2026-09-22,2026-09-22T09:51:52.641976-04:00,32.13,0.1871
BMNR-20260922T13450283479,BMNR,2026-09-22,2026-09-22T09:51:52.641976-04:00,28.05,0.1668
MRNA-20260922T13451357257,MRNA,2026-09-22,2026-09-22T09:51:52.641976-04:00,174.77,1.1693
CRWV-20260922T13455517870,CRWV,2026-09-22,2026-09-22T09:51:52.641976-04:00,87.775,0.1998
CBRS-20260922T13481001025,CBRS,2026-09-22,2026-09-22T09:51:52.641976-04:00,203.2115,0.282
HUT-20260922T13491380638,HUT,2026-09-22,2026-09-22T09:51:52.641976-04:00,107.535,0.3499
THO-20260922T13501758848,THO,2026-09-22,2026-09-22T09:51:52.641976-04:00,71.3,0.4225
NBIS-20260922T13511094017,NBIS,2026-09-22,2026-09-22T09:51:52.641976-04:00,243.966,-0.1081
GOOG-20260922T13383129964,GOOG,2026-09-22,2026-09-22T09:52:03.116099-04:00,358.4413,0.6066
ETHU-20260922T13430219952,ETHU,2026-09-22,2026-09-22T09:52:03.116099-04:00,32.11,0.1247
BMNR-20260922T13450283479,BMNR,2026-09-22,2026-09-22T09:52:03.116099-04:00,28.0599,0.2022
MRNA-20260922T13451357257,MRNA,2026-09-22,2026-09-22T09:52:03.116099-04:00,174.855,1.2185
CRWV-20260922T13455517870,CRWV,2026-09-22,2026-09-22T09:52:03.116099-04:00,87.7969,0.2248
CBRS-20260922T13481001025,CBRS,2026-09-22,2026-09-22T09:52:03.116099-04:00,203.5,0.4244
HUT-20260922T13491380638,HUT,2026-09-22,2026-09-22T09:52:03.116099-04:00,107.465,0.2846
THO-20260922T13501758848,THO,2026-09-22,2026-09-22T09:52:03.116099-04:00,70.54,-0.6479
NBIS-20260922T13511094017,NBIS,2026-09-22,2026-09-22T09:52:03.116099-04:00,243.51,-0.2948
GOOG-20260922T13383129964,GOOG,2026-09-22,2026-09-22T09:52:14.069340-04:00,358.1712,0.5308
ETHU-20260922T13430219952,ETHU,2026-09-22,2026-09-22T09:52:14.069340-04:00,32.15,0.2495
BMNR-20260922T13450283479,BMNR,2026-09-22,2026-09-22T09:52:14.069340-04:00,28.09,0.3097
MRNA-20260922T13451357257,MRNA,2026-09-22,2026-09-22T09:52:14.069340-04:00,174.6226,1.084
CRWV-20260922T13455517870,CRWV,2026-09-22,2026-09-22T09:52:14.069340-04:00,87.78,0.2055
CBRS-20260922T13481001025,CBRS,2026-09-22,2026-09-22T09:52:14.069340-04:00,203.3079,0.3296
HUT-20260922T13491380638,HUT,2026-09-22,2026-09-22T09:52:14.069340-04:00,107.39,0.2146
NBIS-20260922T13511094017,NBIS,2026-09-22,2026-09-22T09:52:14.069340-04:00,243.867,-0.1486
GOOG-20260922T13383129964,GOOG,2026-09-22,2026-09-22T09:52:24.568684-04:00,358.225,0.5459
ETHU-20260922T13430219952,ETHU,2026-09-22,2026-09-22T09:52:24.568684-04:00,32.1414,0.2226
BMNR-20260922T13450283479,BMNR,2026-09-22,2026-09-22T09:52:24.568684-04:00,28.085,0.2918
MRNA-20260922T13451357257,MRNA,2026-09-22,2026-09-22T09:52:24.568684-04:00,174.73,1.1462
CRWV-20260922T13455517870,CRWV,2026-09-22,2026-09-22T09:52:24.568684-04:00,87.7051,0.12
CBRS-20260922T13481001025,CBRS,2026-09-22,2026-09-22T09:52:24.568684-04:00,203.57,0.4589
HUT-20260922T13491380638,HUT,2026-09-22,2026-09-22T09:52:24.568684-04:00,107.4,0.224
NBIS-20260922T13511094017,NBIS,2026-09-22,2026-09-22T09:52:24.568684-04:00,243.98,-0.1024
MRVL-20260922T13520406401,MRVL,2026-09-22,2026-09-22T09:52:24.568684-04:00,262.695,-0.0539
GOOG-20260922T13383129964,GOOG,2026-09-22,2026-09-22T09:52:35.213971-04:00,358.06,0.4996
ETHU-20260922T13430219952,ETHU,2026-09-22,2026-09-22T09:52:35.213971-04:00,32.155,0.265
BMNR-20260922T13450283479,BMNR,2026-09-22,2026-09-22T09:52:35.213971-04:00,28.095,0.3275
MRNA-20260922T13451357257,MRNA,2026-09-22,2026-09-22T09:52:35.213971-04:00,174.71,1.1346
CRWV-20260922T13455517870,CRWV,2026-09-22,2026-09-22T09:52:35.213971-04:00,87.69,0.1027
CBRS-20260922T13481001025,CBRS,2026-09-22,2026-09-22T09:52:35.213971-04:00,203.65,0.4984
HUT-20260922T13491380638,HUT,2026-09-22,2026-09-22T09:52:35.213971-04:00,107.285,0.1166
NBIS-20260922T13511094017,NBIS,2026-09-22,2026-09-22T09:52:35.213971-04:00,244.185,-0.0184
MRVL-20260922T13520406401,MRVL,2026-09-22,2026-09-22T09:52:35.213971-04:00,262.575,-0.0996
GOOG-20260922T13383129964,GOOG,2026-09-22,2026-09-22T09:52:45.668468-04:00,358.09,0.508
ETHU-20260922T13430219952,ETHU,2026-09-22,2026-09-22T09:52:45.668468-04:00,32.17,0.3118
BMNR-20260922T13450283479,BMNR,2026-09-22,2026-09-22T09:52:45.668468-04:00,28.1386,0.4832
MRNA-20260922T13451357257,MRNA,2026-09-22,2026-09-22T09:52:45.668468-04:00,174.8595,1.2211
CRWV-20260922T13455517870,CRWV,2026-09-22,2026-09-22T09:52:45.668468-04:00,87.845,0.2797
CBRS-20260922T13481001025,CBRS,2026-09-22,2026-09-22T09:52:45.668468-04:00,203.8,0.5724
HUT-20260922T13491380638,HUT,2026-09-22,2026-09-22T09:52:45.668468-04:00,107.48,0.2986
NBIS-20260922T13511094017,NBIS,2026-09-22,2026-09-22T09:52:45.668468-04:00,244.535,0.1249
MRVL-20260922T13520406401,MRVL,2026-09-22,2026-09-22T09:52:45.668468-04:00,262.885,0.0184
GOOG-20260922T13383129964,GOOG,2026-09-22,2026-09-22T09:52:56.101573-04:00,357.71,0.4014
ETHU-20260922T13430219952,ETHU,2026-09-22,2026-09-22T09:52:56.101573-04:00,32.135,0.2027
BMNR-20260922T13450283479,BMNR,2026-09-22,2026-09-22T09:52:56.101573-04:00,28.105,0.3632
MRNA-20260922T13451357257,MRNA,2026-09-22,2026-09-22T09:52:56.101573-04:00,174.7882,1.1799
CRWV-20260922T13455517870,CRWV,2026-09-22,2026-09-22T09:52:56.101573-04:00,87.7813,0.207
CBRS-20260922T13481001025,CBRS,2026-09-22,2026-09-22T09:52:56.101573-04:00,203.37,0.3602
HUT-20260922T13491380638,HUT,2026-09-22,2026-09-22T09:52:56.101573-04:00,107.1412,-0.0175
NBIS-20260922T13511094017,NBIS,2026-09-22,2026-09-22T09:52:56.101573-04:00,244.2798,0.0204
MRVL-20260922T13520406401,MRVL,2026-09-22,2026-09-22T09:52:56.101573-04:00,262.595,-0.0919
GOOG-20260922T13383129964,GOOG,2026-09-22,2026-09-22T09:53:06.544104-04:00,357.585,0.3663
ETHU-20260922T13430219952,ETHU,2026-09-22,2026-09-22T09:53:06.544104-04:00,32.11,0.1247
BMNR-20260922T13450283479,BMNR,2026-09-22,2026-09-22T09:53:06.544104-04:00,28.065,0.2204
MRNA-20260922T13451357257,MRNA,2026-09-22,2026-09-22T09:53:06.544104-04:00,174.8201,1.1983
CRWV-20260922T13455517870,CRWV,2026-09-22,2026-09-22T09:53:06.544104-04:00,87.72,0.137
CBRS-20260922T13481001025,CBRS,2026-09-22,2026-09-22T09:53:06.544104-04:00,203.53,0.4392
HUT-20260922T13491380638,HUT,2026-09-22,2026-09-22T09:53:06.544104-04:00,107.485,0.3033
NBIS-20260922T13511094017,NBIS,2026-09-22,2026-09-22T09:53:06.544104-04:00,244.685,0.1863
MRVL-20260922T13520406401,MRVL,2026-09-22,2026-09-22T09:53:06.544104-04:00,262.415,-0.1604
GOOG-20260922T13383129964,GOOG,2026-09-22,2026-09-22T09:53:17.363627-04:00,357.97,0.4743
ETHU-20260922T13430219952,ETHU,2026-09-22,2026-09-22T09:53:17.363627-04:00,32.08,0.0312
BMNR-20260922T13450283479,BMNR,2026-09-22,2026-09-22T09:53:17.363627-04:00,28.075,0.2561
MRNA-20260922T13451357257,MRNA,2026-09-22,2026-09-22T09:53:17.363627-04:00,175.205,1.4211
CRWV-20260922T13455517870,CRWV,2026-09-22,2026-09-22T09:53:17.363627-04:00,87.85,0.2854
CBRS-20260922T13481001025,CBRS,2026-09-22,2026-09-22T09:53:17.363627-04:00,203.1291,0.2414
HUT-20260922T13491380638,HUT,2026-09-22,2026-09-22T09:53:17.363627-04:00,107.52,0.3359
NBIS-20260922T13511094017,NBIS,2026-09-22,2026-09-22T09:53:17.363627-04:00,244.9,0.2743
MRVL-20260922T13520406401,MRVL,2026-09-22,2026-09-22T09:53:17.363627-04:00,262.335,-0.1909
GOOG-20260922T13383129964,GOOG,2026-09-22,2026-09-22T09:53:27.860910-04:00,357.7212,0.4045
ETHU-20260922T13430219952,ETHU,2026-09-22,2026-09-22T09:53:27.860910-04:00,32.125,0.1715
BMNR-20260922T13450283479,BMNR,2026-09-22,2026-09-22T09:53:27.860910-04:00,28.16,0.5597
MRNA-20260922T13451357257,MRNA,2026-09-22,2026-09-22T09:53:27.860910-04:00,175.3,1.4761
CRWV-20260922T13455517870,CRWV,2026-09-22,2026-09-22T09:53:27.860910-04:00,87.6942,0.1075
CBRS-20260922T13481001025,CBRS,2026-09-22,2026-09-22T09:53:27.860910-04:00,203.3462,0.3485
HUT-20260922T13491380638,HUT,2026-09-22,2026-09-22T09:53:27.860910-04:00,107.8913,0.6824
NBIS-20260922T13511094017,NBIS,2026-09-22,2026-09-22T09:53:27.860910-04:00,245.2586,0.4212
MRVL-20260922T13520406401,MRVL,2026-09-22,2026-09-22T09:53:27.860910-04:00,262.4974,-0.1291
GOOG-20260922T13383129964,GOOG,2026-09-22,2026-09-22T09:53:38.309658-04:00,357.82,0.4322
ETHU-20260922T13430219952,ETHU,2026-09-22,2026-09-22T09:53:38.309658-04:00,32.11,0.1247
BMNR-20260922T13450283479,BMNR,2026-09-22,2026-09-22T09:53:38.309658-04:00,28.1478,0.5161
MRNA-20260922T13451357257,MRNA,2026-09-22,2026-09-22T09:53:38.309658-04:00,175.57,1.6324
CRWV-20260922T13455517870,CRWV,2026-09-22,2026-09-22T09:53:38.309658-04:00,88.02,0.4795
CBRS-20260922T13481001025,CBRS,2026-09-22,2026-09-22T09:53:38.309658-04:00,203.25,0.301
HUT-20260922T13491380638,HUT,2026-09-22,2026-09-22T09:53:38.309658-04:00,108.14,0.9145
NBIS-20260922T13511094017,NBIS,2026-09-22,2026-09-22T09:53:38.309658-04:00,245.425,0.4893
MRVL-20260922T13520406401,MRVL,2026-09-22,2026-09-22T09:53:38.309658-04:00,262.5,-0.1281
GOOG-20260922T13383129964,GOOG,2026-09-22,2026-09-22T09:53:48.760929-04:00,357.5712,0.3624
ETHU-20260922T13430219952,ETHU,2026-09-22,2026-09-22T09:53:48.760929-04:00,32.0886,0.058
BMNR-20260922T13450283479,BMNR,2026-09-22,2026-09-22T09:53:48.760929-04:00,28.185,0.6489
MRNA-20260922T13451357257,MRNA,2026-09-22,2026-09-22T09:53:48.760929-04:00,175.93,1.8408
CRWV-20260922T13455517870,CRWV,2026-09-22,2026-09-22T09:53:48.760929-04:00,88.05,0.5137
CBRS-20260922T13481001025,CBRS,2026-09-22,2026-09-22T09:53:48.760929-04:00,203.3438,0.3473
HUT-20260922T13491380638,HUT,2026-09-22,2026-09-22T09:53:48.760929-04:00,108.02,0.8025
NBIS-20260922T13511094017,NBIS,2026-09-22,2026-09-22T09:53:48.760929-04:00,245.46,0.5036
MRVL-20260922T13520406401,MRVL,2026-09-22,2026-09-22T09:53:48.760929-04:00,262.76,-0.0292
GOOG-20260922T13383129964,GOOG,2026-09-22,2026-09-22T09:53:59.430243-04:00,357.3832,0.3096
ETHU-20260922T13430219952,ETHU,2026-09-22,2026-09-22T09:53:59.430243-04:00,32.09,0.0624
BMNR-20260922T13450283479,BMNR,2026-09-22,2026-09-22T09:53:59.430243-04:00,28.165,0.5775
MRNA-20260922T13451357257,MRNA,2026-09-22,2026-09-22T09:53:59.430243-04:00,175.9288,1.8401
CRWV-20260922T13455517870,CRWV,2026-09-22,2026-09-22T09:53:59.430243-04:00,87.9564,0.4068
CBRS-20260922T13481001025,CBRS,2026-09-22,2026-09-22T09:53:59.430243-04:00,203.5085,0.4286
HUT-20260922T13491380638,HUT,2026-09-22,2026-09-22T09:53:59.430243-04:00,108.05,0.8305
NBIS-20260922T13511094017,NBIS,2026-09-22,2026-09-22T09:53:59.430243-04:00,245.155,0.3787
MRVL-20260922T13520406401,MRVL,2026-09-22,2026-09-22T09:53:59.430243-04:00,262.64,-0.0748
GOOG-20260922T13383129964,GOOG,2026-09-22,2026-09-22T09:54:09.840551-04:00,357.43,0.3228
ETHU-20260922T13430219952,ETHU,2026-09-22,2026-09-22T09:54:09.840551-04:00,32.08,0.0312
BMNR-20260922T13450283479,BMNR,2026-09-22,2026-09-22T09:54:09.840551-04:00,28.1382,0.4818
MRNA-20260922T13451357257,MRNA,2026-09-22,2026-09-22T09:54:09.840551-04:00,176.2307,2.0149
CRWV-20260922T13455517870,CRWV,2026-09-22,2026-09-22T09:54:09.840551-04:00,87.9969,0.4531
CBRS-20260922T13481001025,CBRS,2026-09-22,2026-09-22T09:54:09.840551-04:00,203.36,0.3553
HUT-20260922T13491380638,HUT,2026-09-22,2026-09-22T09:54:09.840551-04:00,107.98,0.7652
NBIS-20260922T13511094017,NBIS,2026-09-22,2026-09-22T09:54:09.840551-04:00,245.6042,0.5627
MRVL-20260922T13520406401,MRVL,2026-09-22,2026-09-22T09:54:09.840551-04:00,262.68,-0.0596
GOOG-20260922T13383129964,GOOG,2026-09-22,2026-09-22T09:54:20.451167-04:00,357.3213,0.2923
ETHU-20260922T13430219952,ETHU,2026-09-22,2026-09-22T09:54:20.451167-04:00,32.075,0.0156
BMNR-20260922T13450283479,BMNR,2026-09-22,2026-09-22T09:54:20.451167-04:00,28.1401,0.4886
CRWV-20260922T13455517870,CRWV,2026-09-22,2026-09-22T09:54:20.451167-04:00,87.99,0.4452
CBRS-20260922T13481001025,CBRS,2026-09-22,2026-09-22T09:54:20.451167-04:00,203.3117,0.3315
HUT-20260922T13491380638,HUT,2026-09-22,2026-09-22T09:54:20.451167-04:00,107.94,0.7279
NBIS-20260922T13511094017,NBIS,2026-09-22,2026-09-22T09:54:20.451167-04:00,245.51,0.5241
MRVL-20260922T13520406401,MRVL,2026-09-22,2026-09-22T09:54:20.451167-04:00,262.78,-0.0216
GOOG-20260922T13383129964,GOOG,2026-09-22,2026-09-22T09:54:31.081393-04:00,357.18,0.2526
ETHU-20260922T13430219952,ETHU,2026-09-22,2026-09-22T09:54:31.081393-04:00,32.07,0.0
BMNR-20260922T13450283479,BMNR,2026-09-22,2026-09-22T09:54:31.081393-04:00,28.1001,0.3457
CRWV-20260922T13455517870,CRWV,2026-09-22,2026-09-22T09:54:31.081393-04:00,88.025,0.4852
CBRS-20260922T13481001025,CBRS,2026-09-22,2026-09-22T09:54:31.081393-04:00,203.45,0.3997
HUT-20260922T13491380638,HUT,2026-09-22,2026-09-22T09:54:31.081393-04:00,108.27,1.0358
NBIS-20260922T13511094017,NBIS,2026-09-22,2026-09-22T09:54:31.081393-04:00,245.7999,0.6428
MRVL-20260922T13520406401,MRVL,2026-09-22,2026-09-22T09:54:31.081393-04:00,263.085,0.0945
TSLA-20260922T13541044380,TSLA,2026-09-22,2026-09-22T09:54:31.081393-04:00,376.57,-0.0584
GOOG-20260922T13383129964,GOOG,2026-09-22,2026-09-22T09:54:41.469827-04:00,357.0817,0.225
ETHU-20260922T13430219952,ETHU,2026-09-22,2026-09-22T09:54:41.469827-04:00,32.06,-0.0312
BMNR-20260922T13450283479,BMNR,2026-09-22,2026-09-22T09:54:41.469827-04:00,28.135,0.4704
CRWV-20260922T13455517870,CRWV,2026-09-22,2026-09-22T09:54:41.469827-04:00,87.9707,0.4232
CBRS-20260922T13481001025,CBRS,2026-09-22,2026-09-22T09:54:41.469827-04:00,203.48,0.4145
HUT-20260922T13491380638,HUT,2026-09-22,2026-09-22T09:54:41.469827-04:00,108.1529,0.9266
NBIS-20260922T13511094017,NBIS,2026-09-22,2026-09-22T09:54:41.469827-04:00,245.66,0.5855
MRVL-20260922T13520406401,MRVL,2026-09-22,2026-09-22T09:54:41.469827-04:00,263.1656,0.1251
TSLA-20260922T13541044380,TSLA,2026-09-22,2026-09-22T09:54:41.469827-04:00,376.7248,-0.0173
GOOG-20260922T13383129964,GOOG,2026-09-22,2026-09-22T09:54:51.885966-04:00,357.228,0.2661
ETHU-20260922T13430219952,ETHU,2026-09-22,2026-09-22T09:54:51.885966-04:00,32.06,-0.0312
BMNR-20260922T13450283479,BMNR,2026-09-22,2026-09-22T09:54:51.885966-04:00,28.1286,0.4475
CRWV-20260922T13455517870,CRWV,2026-09-22,2026-09-22T09:54:51.885966-04:00,88.05,0.5137
CBRS-20260922T13481001025,CBRS,2026-09-22,2026-09-22T09:54:51.885966-04:00,203.455,0.4022
HUT-20260922T13491380638,HUT,2026-09-22,2026-09-22T09:54:51.885966-04:00,108.48,1.2318
NBIS-20260922T13511094017,NBIS,2026-09-22,2026-09-22T09:54:51.885966-04:00,245.745,0.6203
MRVL-20260922T13520406401,MRVL,2026-09-22,2026-09-22T09:54:51.885966-04:00,263.32,0.1839
TSLA-20260922T13541044380,TSLA,2026-09-22,2026-09-22T09:54:51.885966-04:00,376.8408,0.0135
GOOG-20260922T13383129964,GOOG,2026-09-22,2026-09-22T09:55:02.311350-04:00,357.0499,0.2161
ETHU-20260922T13430219952,ETHU,2026-09-22,2026-09-22T09:55:02.311350-04:00,32.05,-0.0624
BMNR-20260922T13450283479,BMNR,2026-09-22,2026-09-22T09:55:02.311350-04:00,28.125,0.4347
CRWV-20260922T13455517870,CRWV,2026-09-22,2026-09-22T09:55:02.311350-04:00,87.9038,0.3468
CBRS-20260922T13481001025,CBRS,2026-09-22,2026-09-22T09:55:02.311350-04:00,203.77,0.5576
HUT-20260922T13491380638,HUT,2026-09-22,2026-09-22T09:55:02.311350-04:00,107.6971,0.5012
NBIS-20260922T13511094017,NBIS,2026-09-22,2026-09-22T09:55:02.311350-04:00,245.74,0.6183
MRVL-20260922T13520406401,MRVL,2026-09-22,2026-09-22T09:55:02.311350-04:00,263.435,0.2276
TSLA-20260922T13541044380,TSLA,2026-09-22,2026-09-22T09:55:02.311350-04:00,376.774,-0.0042
GOOG-20260922T13383129964,GOOG,2026-09-22,2026-09-22T09:55:13.331962-04:00,356.885,0.1698
BMNR-20260922T13450283479,BMNR,2026-09-22,2026-09-22T09:55:13.331962-04:00,28.125,0.4347
CRWV-20260922T13455517870,CRWV,2026-09-22,2026-09-22T09:55:13.331962-04:00,87.8411,0.2752
CBRS-20260922T13481001025,CBRS,2026-09-22,2026-09-22T09:55:13.331962-04:00,203.72,0.533
HUT-20260922T13491380638,HUT,2026-09-22,2026-09-22T09:55:13.331962-04:00,108.38,1.1385
NBIS-20260922T13511094017,NBIS,2026-09-22,2026-09-22T09:55:13.331962-04:00,245.8422,0.6601
MRVL-20260922T13520406401,MRVL,2026-09-22,2026-09-22T09:55:13.331962-04:00,262.7999,-0.014
TSLA-20260922T13541044380,TSLA,2026-09-22,2026-09-22T09:55:13.331962-04:00,376.755,-0.0093
GOOG-20260922T13383129964,GOOG,2026-09-22,2026-09-22T09:55:23.511915-04:00,356.83,0.1544
BMNR-20260922T13450283479,BMNR,2026-09-22,2026-09-22T09:55:23.511915-04:00,28.12,0.4168
CRWV-20260922T13455517870,CRWV,2026-09-22,2026-09-22T09:55:23.511915-04:00,87.88,0.3196
CBRS-20260922T13481001025,CBRS,2026-09-22,2026-09-22T09:55:23.511915-04:00,203.53,0.4392
HUT-20260922T13491380638,HUT,2026-09-22,2026-09-22T09:55:23.511915-04:00,108.31,1.0732
NBIS-20260922T13511094017,NBIS,2026-09-22,2026-09-22T09:55:23.511915-04:00,244.6517,0.1727
MRVL-20260922T13520406401,MRVL,2026-09-22,2026-09-22T09:55:23.511915-04:00,263.405,0.2162
TSLA-20260922T13541044380,TSLA,2026-09-22,2026-09-22T09:55:23.511915-04:00,376.58,-0.0557
MRNA-20260922T13550332637,MRNA,2026-09-22,2026-09-22T09:55:23.511915-04:00,176.64,-0.2823
GOOG-20260922T13383129964,GOOG,2026-09-22,2026-09-22T09:55:33.731645-04:00,356.8701,0.1656
BMNR-20260922T13450283479,BMNR,2026-09-22,2026-09-22T09:55:33.731645-04:00,28.145,0.5061
CRWV-20260922T13455517870,CRWV,2026-09-22,2026-09-22T09:55:33.731645-04:00,87.9519,0.4017
CBRS-20260922T13481001025,CBRS,2026-09-22,2026-09-22T09:55:33.731645-04:00,203.5,0.4244
HUT-20260922T13491380638,HUT,2026-09-22,2026-09-22T09:55:33.731645-04:00,108.59,1.3345
NBIS-20260922T13511094017,NBIS,2026-09-22,2026-09-22T09:55:33.731645-04:00,246.48,0.9213
MRVL-20260922T13520406401,MRVL,2026-09-22,2026-09-22T09:55:33.731645-04:00,263.115,0.1059
TSLA-20260922T13541044380,TSLA,2026-09-22,2026-09-22T09:55:33.731645-04:00,376.57,-0.0584
MRNA-20260922T13550332637,MRNA,2026-09-22,2026-09-22T09:55:33.731645-04:00,175.68,-0.8242
GOOG-20260922T13383129964,GOOG,2026-09-22,2026-09-22T09:55:43.911243-04:00,357.0725,0.2224
BMNR-20260922T13450283479,BMNR,2026-09-22,2026-09-22T09:55:43.911243-04:00,28.1399,0.4879
CRWV-20260922T13455517870,CRWV,2026-09-22,2026-09-22T09:55:43.911243-04:00,87.955,0.4053
CBRS-20260922T13481001025,CBRS,2026-09-22,2026-09-22T09:55:43.911243-04:00,203.47,0.4096
HUT-20260922T13491380638,HUT,2026-09-22,2026-09-22T09:55:43.911243-04:00,108.65,1.3904
NBIS-20260922T13511094017,NBIS,2026-09-22,2026-09-22T09:55:43.911243-04:00,246.4799,0.9212
MRVL-20260922T13520406401,MRVL,2026-09-22,2026-09-22T09:55:43.911243-04:00,263.2913,0.173
TSLA-20260922T13541044380,TSLA,2026-09-22,2026-09-22T09:55:43.911243-04:00,376.305,-0.1287
MRNA-20260922T13550332637,MRNA,2026-09-22,2026-09-22T09:55:43.911243-04:00,175.78,-0.7678
GOOG-20260922T13383129964,GOOG,2026-09-22,2026-09-22T09:55:54.090964-04:00,357.155,0.2456
BMNR-20260922T13450283479,BMNR,2026-09-22,2026-09-22T09:55:54.090964-04:00,28.125,0.4347
CRWV-20260922T13455517870,CRWV,2026-09-22,2026-09-22T09:55:54.090964-04:00,87.9699,0.4223
CBRS-20260922T13481001025,CBRS,2026-09-22,2026-09-22T09:55:54.090964-04:00,203.6191,0.4832
HUT-20260922T13491380638,HUT,2026-09-22,2026-09-22T09:55:54.090964-04:00,108.58,1.3251
NBIS-20260922T13511094017,NBIS,2026-09-22,2026-09-22T09:55:54.090964-04:00,246.1584,0.7896
MRVL-20260922T13520406401,MRVL,2026-09-22,2026-09-22T09:55:54.090964-04:00,262.82,-0.0063
TSLA-20260922T13541044380,TSLA,2026-09-22,2026-09-22T09:55:54.090964-04:00,376.575,-0.0571
MRNA-20260922T13550332637,MRNA,2026-09-22,2026-09-22T09:55:54.090964-04:00,175.795,-0.7593
GOOG-20260922T13383129964,GOOG,2026-09-22,2026-09-22T09:56:04.227365-04:00,357.4499,0.3284
BMNR-20260922T13450283479,BMNR,2026-09-22,2026-09-22T09:56:04.227365-04:00,28.165,0.5775
CRWV-20260922T13455517870,CRWV,2026-09-22,2026-09-22T09:56:04.227365-04:00,88.09,0.5594
CBRS-20260922T13481001025,CBRS,2026-09-22,2026-09-22T09:56:04.227365-04:00,203.515,0.4318
HUT-20260922T13491380638,HUT,2026-09-22,2026-09-22T09:56:04.227365-04:00,108.76,1.4931
NBIS-20260922T13511094017,NBIS,2026-09-22,2026-09-22T09:56:04.227365-04:00,246.02,0.7329
MRVL-20260922T13520406401,MRVL,2026-09-22,2026-09-22T09:56:04.227365-04:00,262.81,-0.0101
TSLA-20260922T13541044380,TSLA,2026-09-22,2026-09-22T09:56:04.227365-04:00,376.46,-0.0876
MRNA-20260922T13550332637,MRNA,2026-09-22,2026-09-22T09:56:04.227365-04:00,175.48,-0.9371
GOOG-20260922T13383129964,GOOG,2026-09-22,2026-09-22T09:56:14.641998-04:00,357.375,0.3073
BMNR-20260922T13450283479,BMNR,2026-09-22,2026-09-22T09:56:14.641998-04:00,28.155,0.5418
CRWV-20260922T13455517870,CRWV,2026-09-22,2026-09-22T09:56:14.641998-04:00,88.17,0.6507
CBRS-20260922T13481001025,CBRS,2026-09-22,2026-09-22T09:56:14.641998-04:00,204.094,0.7175
HUT-20260922T13491380638,HUT,2026-09-22,2026-09-22T09:56:14.641998-04:00,108.75,1.4838
NBIS-20260922T13511094017,NBIS,2026-09-22,2026-09-22T09:56:14.641998-04:00,245.9376,0.6992
MRVL-20260922T13520406401,MRVL,2026-09-22,2026-09-22T09:56:14.641998-04:00,263.22,0.1458
TSLA-20260922T13541044380,TSLA,2026-09-22,2026-09-22T09:56:14.641998-04:00,376.454,-0.0892
MRNA-20260922T13550332637,MRNA,2026-09-22,2026-09-22T09:56:14.641998-04:00,175.409,-0.9772
GOOG-20260922T13383129964,GOOG,2026-09-22,2026-09-22T09:56:25.002770-04:00,357.48,0.3368
BMNR-20260922T13450283479,BMNR,2026-09-22,2026-09-22T09:56:25.002770-04:00,28.1358,0.4732
CRWV-20260922T13455517870,CRWV,2026-09-22,2026-09-22T09:56:25.002770-04:00,88.13,0.605
CBRS-20260922T13481001025,CBRS,2026-09-22,2026-09-22T09:56:25.002770-04:00,204.125,0.7328
HUT-20260922T13491380638,HUT,2026-09-22,2026-09-22T09:56:25.002770-04:00,108.555,1.3018
NBIS-20260922T13511094017,NBIS,2026-09-22,2026-09-22T09:56:25.002770-04:00,246.04,0.7411
MRVL-20260922T13520406401,MRVL,2026-09-22,2026-09-22T09:56:25.002770-04:00,263.21,0.142
TSLA-20260922T13541044380,TSLA,2026-09-22,2026-09-22T09:56:25.002770-04:00,376.4,-0.1035
GOOG-20260922T13383129964,GOOG,2026-09-22,2026-09-22T09:56:35.165014-04:00,357.21,0.261
BMNR-20260922T13450283479,BMNR,2026-09-22,2026-09-22T09:56:35.165014-04:00,28.115,0.399
CRWV-20260922T13455517870,CRWV,2026-09-22,2026-09-22T09:56:35.165014-04:00,87.91,0.3539
CBRS-20260922T13481001025,CBRS,2026-09-22,2026-09-22T09:56:35.165014-04:00,203.6857,0.516
HUT-20260922T13491380638,HUT,2026-09-22,2026-09-22T09:56:35.165014-04:00,108.41,1.1665
NBIS-20260922T13511094017,NBIS,2026-09-22,2026-09-22T09:56:35.165014-04:00,245.25,0.4176
MRVL-20260922T13520406401,MRVL,2026-09-22,2026-09-22T09:56:35.165014-04:00,263.03,0.0736
TSLA-20260922T13541044380,TSLA,2026-09-22,2026-09-22T09:56:35.165014-04:00,376.15,-0.1699
GOOG-20260922T13383129964,GOOG,2026-09-22,2026-09-22T09:56:45.321459-04:00,357.1,0.2302
BMNR-20260922T13450283479,BMNR,2026-09-22,2026-09-22T09:56:45.321459-04:00,28.115,0.399
CRWV-20260922T13455517870,CRWV,2026-09-22,2026-09-22T09:56:45.321459-04:00,87.955,0.4053
CBRS-20260922T13481001025,CBRS,2026-09-22,2026-09-22T09:56:45.321459-04:00,204.145,0.7427
HUT-20260922T13491380638,HUT,2026-09-22,2026-09-22T09:56:45.321459-04:00,108.0247,0.8069
NBIS-20260922T13511094017,NBIS,2026-09-22,2026-09-22T09:56:45.321459-04:00,245.4488,0.499
MRVL-20260922T13520406401,MRVL,2026-09-22,2026-09-22T09:56:45.321459-04:00,262.8325,-0.0016
TSLA-20260922T13541044380,TSLA,2026-09-22,2026-09-22T09:56:45.321459-04:00,376.01,-0.207
GOOG-20260922T13383129964,GOOG,2026-09-22,2026-09-22T09:56:55.459773-04:00,357.035,0.2119
BMNR-20260922T13450283479,BMNR,2026-09-22,2026-09-22T09:56:55.459773-04:00,28.14,0.4882
CRWV-20260922T13455517870,CRWV,2026-09-22,2026-09-22T09:56:55.459773-04:00,87.93,0.3767
CBRS-20260922T13481001025,CBRS,2026-09-22,2026-09-22T09:56:55.459773-04:00,204.29,0.8143
HUT-20260922T13491380638,HUT,2026-09-22,2026-09-22T09:56:55.459773-04:00,108.49,1.2411
NBIS-20260922T13511094017,NBIS,2026-09-22,2026-09-22T09:56:55.459773-04:00,245.02,0.3235
MRVL-20260922T13520406401,MRVL,2026-09-22,2026-09-22T09:56:55.459773-04:00,263.16,0.123
TSLA-20260922T13541044380,TSLA,2026-09-22,2026-09-22T09:56:55.459773-04:00,376.0142,-0.2059
GOOG-20260922T13383129964,GOOG,2026-09-22,2026-09-22T09:57:05.600189-04:00,356.87,0.1656
BMNR-20260922T13450283479,BMNR,2026-09-22,2026-09-22T09:57:05.600189-04:00,28.15,0.5239
CRWV-20260922T13455517870,CRWV,2026-09-22,2026-09-22T09:57:05.600189-04:00,88.0872,0.5562
CBRS-20260922T13481001025,CBRS,2026-09-22,2026-09-22T09:57:05.600189-04:00,203.8367,0.5906
HUT-20260922T13491380638,HUT,2026-09-22,2026-09-22T09:57:05.600189-04:00,108.54,1.2878
NBIS-20260922T13511094017,NBIS,2026-09-22,2026-09-22T09:57:05.600189-04:00,245.025,0.3255
MRVL-20260922T13520406401,MRVL,2026-09-22,2026-09-22T09:57:05.600189-04:00,263.0,0.0621
TSLA-20260922T13541044380,TSLA,2026-09-22,2026-09-22T09:57:05.600189-04:00,376.115,-0.1791
GOOG-20260922T13383129964,GOOG,2026-09-22,2026-09-22T09:57:15.782800-04:00,356.8,0.146
BMNR-20260922T13450283479,BMNR,2026-09-22,2026-09-22T09:57:15.782800-04:00,28.1074,0.3718
CRWV-20260922T13455517870,CRWV,2026-09-22,2026-09-22T09:57:15.782800-04:00,87.93,0.3767
CBRS-20260922T13481001025,CBRS,2026-09-22,2026-09-22T09:57:15.782800-04:00,204.06,0.7008
HUT-20260922T13491380638,HUT,2026-09-22,2026-09-22T09:57:15.782800-04:00,108.45,1.2038
NBIS-20260922T13511094017,NBIS,2026-09-22,2026-09-22T09:57:15.782800-04:00,245.2988,0.4376
MRVL-20260922T13520406401,MRVL,2026-09-22,2026-09-22T09:57:15.782800-04:00,263.34,0.1915
TSLA-20260922T13541044380,TSLA,2026-09-22,2026-09-22T09:57:15.782800-04:00,376.255,-0.142
GOOG-20260922T13383129964,GOOG,2026-09-22,2026-09-22T09:57:25.924204-04:00,357.2742,0.2791
BMNR-20260922T13450283479,BMNR,2026-09-22,2026-09-22T09:57:25.924204-04:00,28.155,0.5418
CRWV-20260922T13455517870,CRWV,2026-09-22,2026-09-22T09:57:25.924204-04:00,88.08,0.5479
CBRS-20260922T13481001025,CBRS,2026-09-22,2026-09-22T09:57:25.924204-04:00,204.07,0.7057
HUT-20260922T13491380638,HUT,2026-09-22,2026-09-22T09:57:25.924204-04:00,108.7099,1.4463
NBIS-20260922T13511094017,NBIS,2026-09-22,2026-09-22T09:57:25.924204-04:00,245.4601,0.5037
MRVL-20260922T13520406401,MRVL,2026-09-22,2026-09-22T09:57:25.924204-04:00,263.35,0.1953
TSLA-20260922T13541044380,TSLA,2026-09-22,2026-09-22T09:57:25.924204-04:00,375.9844,-0.2138
GOOG-20260922T13383129964,GOOG,2026-09-22,2026-09-22T09:57:36.073117-04:00,357.245,0.2709
BMNR-20260922T13450283479,BMNR,2026-09-22,2026-09-22T09:57:36.073117-04:00,28.145,0.5061
CRWV-20260922T13455517870,CRWV,2026-09-22,2026-09-22T09:57:36.073117-04:00,88.18,0.6621
CBRS-20260922T13481001025,CBRS,2026-09-22,2026-09-22T09:57:36.073117-04:00,204.24,0.7896
HUT-20260922T13491380638,HUT,2026-09-22,2026-09-22T09:57:36.073117-04:00,108.3,1.0638
NBIS-20260922T13511094017,NBIS,2026-09-22,2026-09-22T09:57:36.073117-04:00,245.85,0.6633
MRVL-20260922T13520406401,MRVL,2026-09-22,2026-09-22T09:57:36.073117-04:00,263.41,0.2181
TSLA-20260922T13541044380,TSLA,2026-09-22,2026-09-22T09:57:36.073117-04:00,375.6811,-0.2943
GOOG-20260922T13383129964,GOOG,2026-09-22,2026-09-22T09:57:46.197588-04:00,357.32,0.2919
BMNR-20260922T13450283479,BMNR,2026-09-22,2026-09-22T09:57:46.197588-04:00,28.14,0.4882
CRWV-20260922T13455517870,CRWV,2026-09-22,2026-09-22T09:57:46.197588-04:00,88.285,0.782
CBRS-20260922T13481001025,CBRS,2026-09-22,2026-09-22T09:57:46.197588-04:00,204.25,0.7945
HUT-20260922T13491380638,HUT,2026-09-22,2026-09-22T09:57:46.197588-04:00,108.6,1.3438
NBIS-20260922T13511094017,NBIS,2026-09-22,2026-09-22T09:57:46.197588-04:00,246.235,0.8209
MRVL-20260922T13520406401,MRVL,2026-09-22,2026-09-22T09:57:46.197588-04:00,263.225,0.1477
TSLA-20260922T13541044380,TSLA,2026-09-22,2026-09-22T09:57:46.197588-04:00,375.6,-0.3158
GOOG-20260922T13383129964,GOOG,2026-09-22,2026-09-22T09:57:56.342876-04:00,357.045,0.2147
BMNR-20260922T13450283479,BMNR,2026-09-22,2026-09-22T09:57:56.342876-04:00,28.165,0.5775
CRWV-20260922T13455517870,CRWV,2026-09-22,2026-09-22T09:57:56.342876-04:00,88.36,0.8676
CBRS-20260922T13481001025,CBRS,2026-09-22,2026-09-22T09:57:56.342876-04:00,204.25,0.7945
HUT-20260922T13491380638,HUT,2026-09-22,2026-09-22T09:57:56.342876-04:00,108.0,0.7839
NBIS-20260922T13511094017,NBIS,2026-09-22,2026-09-22T09:57:56.342876-04:00,245.5,0.52
MRVL-20260922T13520406401,MRVL,2026-09-22,2026-09-22T09:57:56.342876-04:00,263.185,0.1325
TSLA-20260922T13541044380,TSLA,2026-09-22,2026-09-22T09:57:56.342876-04:00,375.675,-0.2959
GOOG-20260922T13383129964,GOOG,2026-09-22,2026-09-22T09:58:06.460301-04:00,356.81,0.1488
BMNR-20260922T13450283479,BMNR,2026-09-22,2026-09-22T09:58:06.460301-04:00,28.16,0.5597
CRWV-20260922T13455517870,CRWV,2026-09-22,2026-09-22T09:58:06.460301-04:00,88.365,0.8733
CBRS-20260922T13481001025,CBRS,2026-09-22,2026-09-22T09:58:06.460301-04:00,204.35,0.8439
HUT-20260922T13491380638,HUT,2026-09-22,2026-09-22T09:58:06.460301-04:00,108.49,1.2411
NBIS-20260922T13511094017,NBIS,2026-09-22,2026-09-22T09:58:06.460301-04:00,245.45,0.4995
MRVL-20260922T13520406401,MRVL,2026-09-22,2026-09-22T09:58:06.460301-04:00,263.59,0.2866
TSLA-20260922T13541044380,TSLA,2026-09-22,2026-09-22T09:58:06.460301-04:00,375.586,-0.3195
BMNR-20260922T13450283479,BMNR,2026-09-22,2026-09-22T09:58:16.786544-04:00,28.17,0.5954
CRWV-20260922T13455517870,CRWV,2026-09-22,2026-09-22T09:58:16.786544-04:00,88.145,0.6221
CBRS-20260922T13481001025,CBRS,2026-09-22,2026-09-22T09:58:16.786544-04:00,204.405,0.871
HUT-20260922T13491380638,HUT,2026-09-22,2026-09-22T09:58:16.786544-04:00,107.85,0.6439
NBIS-20260922T13511094017,NBIS,2026-09-22,2026-09-22T09:58:16.786544-04:00,244.7023,0.1934
MRVL-20260922T13520406401,MRVL,2026-09-22,2026-09-22T09:58:16.786544-04:00,263.545,0.2695
TSLA-20260922T13541044380,TSLA,2026-09-22,2026-09-22T09:58:16.786544-04:00,375.62,-0.3105
BMNR-20260922T13450283479,BMNR,2026-09-22,2026-09-22T09:58:26.977666-04:00,28.175,0.6132
CRWV-20260922T13455517870,CRWV,2026-09-22,2026-09-22T09:58:26.977666-04:00,87.875,0.3139
CBRS-20260922T13481001025,CBRS,2026-09-22,2026-09-22T09:58:26.977666-04:00,204.405,0.871
HUT-20260922T13491380638,HUT,2026-09-22,2026-09-22T09:58:26.977666-04:00,107.415,0.238
NBIS-20260922T13511094017,NBIS,2026-09-22,2026-09-22T09:58:26.977666-04:00,244.34,0.045
MRVL-20260922T13520406401,MRVL,2026-09-22,2026-09-22T09:58:26.977666-04:00,263.476,0.2432
TSLA-20260922T13541044380,TSLA,2026-09-22,2026-09-22T09:58:26.977666-04:00,375.595,-0.3172
BMNR-20260922T13450283479,BMNR,2026-09-22,2026-09-22T09:58:37.148580-04:00,28.23,0.8096
CRWV-20260922T13455517870,CRWV,2026-09-22,2026-09-22T09:58:37.148580-04:00,87.935,0.3824
CBRS-20260922T13481001025,CBRS,2026-09-22,2026-09-22T09:58:37.148580-04:00,204.615,0.9746
HUT-20260922T13491380638,HUT,2026-09-22,2026-09-22T09:58:37.148580-04:00,107.625,0.4339
NBIS-20260922T13511094017,NBIS,2026-09-22,2026-09-22T09:58:37.148580-04:00,244.79,0.2293
MRVL-20260922T13520406401,MRVL,2026-09-22,2026-09-22T09:58:37.148580-04:00,263.87,0.3931
TSLA-20260922T13541044380,TSLA,2026-09-22,2026-09-22T09:58:37.148580-04:00,375.615,-0.3118
BMNR-20260922T13450283479,BMNR,2026-09-22,2026-09-22T09:58:47.279650-04:00,28.225,0.7918
CRWV-20260922T13455517870,CRWV,2026-09-22,2026-09-22T09:58:47.279650-04:00,87.905,0.3482
CBRS-20260922T13481001025,CBRS,2026-09-22,2026-09-22T09:58:47.279650-04:00,204.7595,1.0459
HUT-20260922T13491380638,HUT,2026-09-22,2026-09-22T09:58:47.279650-04:00,107.51,0.3266
NBIS-20260922T13511094017,NBIS,2026-09-22,2026-09-22T09:58:47.279650-04:00,244.38,0.0614
MRVL-20260922T13520406401,MRVL,2026-09-22,2026-09-22T09:58:47.279650-04:00,263.61,0.2942
TSLA-20260922T13541044380,TSLA,2026-09-22,2026-09-22T09:58:47.279650-04:00,375.61,-0.3132
BMNR-20260922T13450283479,BMNR,2026-09-22,2026-09-22T09:58:57.439618-04:00,28.2199,0.7736
CRWV-20260922T13455517870,CRWV,2026-09-22,2026-09-22T09:58:57.439618-04:00,87.7587,0.1812
CBRS-20260922T13481001025,CBRS,2026-09-22,2026-09-22T09:58:57.439618-04:00,204.6,0.9672
HUT-20260922T13491380638,HUT,2026-09-22,2026-09-22T09:58:57.439618-04:00,107.01,-0.14
NBIS-20260922T13511094017,NBIS,2026-09-22,2026-09-22T09:58:57.439618-04:00,243.9298,-0.1229
MRVL-20260922T13520406401,MRVL,2026-09-22,2026-09-22T09:58:57.439618-04:00,263.7997,0.3664
TSLA-20260922T13541044380,TSLA,2026-09-22,2026-09-22T09:58:57.439618-04:00,375.62,-0.3105
BMNR-20260922T13450283479,BMNR,2026-09-22,2026-09-22T09:59:07.597473-04:00,28.215,0.7561
CRWV-20260922T13455517870,CRWV,2026-09-22,2026-09-22T09:59:07.597473-04:00,87.64,0.0457
CBRS-20260922T13481001025,CBRS,2026-09-22,2026-09-22T09:59:07.597473-04:00,204.44,0.8883
HUT-20260922T13491380638,HUT,2026-09-22,2026-09-22T09:59:07.597473-04:00,107.0,-0.1493
NBIS-20260922T13511094017,NBIS,2026-09-22,2026-09-22T09:59:07.597473-04:00,243.58,-0.2661
MRVL-20260922T13520406401,MRVL,2026-09-22,2026-09-22T09:59:07.597473-04:00,263.61,0.2942
TSLA-20260922T13541044380,TSLA,2026-09-22,2026-09-22T09:59:07.597473-04:00,375.63,-0.3079
BMNR-20260922T13450283479,BMNR,2026-09-22,2026-09-22T09:59:18.011838-04:00,28.235,0.8275
CRWV-20260922T13455517870,CRWV,2026-09-22,2026-09-22T09:59:18.011838-04:00,87.6,0.0
CBRS-20260922T13481001025,CBRS,2026-09-22,2026-09-22T09:59:18.011838-04:00,204.7562,1.0443
MRVL-20260922T13520406401,MRVL,2026-09-22,2026-09-22T09:59:18.011838-04:00,263.55,0.2714
TSLA-20260922T13541044380,TSLA,2026-09-22,2026-09-22T09:59:18.011838-04:00,375.45,-0.3556
BMNR-20260922T13450283479,BMNR,2026-09-22,2026-09-22T09:59:28.160668-04:00,28.2499,0.8807
CRWV-20260922T13455517870,CRWV,2026-09-22,2026-09-22T09:59:28.160668-04:00,87.8,0.2283
CBRS-20260922T13481001025,CBRS,2026-09-22,2026-09-22T09:59:28.160668-04:00,204.63,0.982
MRVL-20260922T13520406401,MRVL,2026-09-22,2026-09-22T09:59:28.160668-04:00,263.7012,0.3289
TSLA-20260922T13541044380,TSLA,2026-09-22,2026-09-22T09:59:28.160668-04:00,375.43,-0.3609
BMNR-20260922T13450283479,BMNR,2026-09-22,2026-09-22T09:59:38.316189-04:00,28.26,0.9168
CRWV-20260922T13455517870,CRWV,2026-09-22,2026-09-22T09:59:38.316189-04:00,87.9701,0.4225
CBRS-20260922T13481001025,CBRS,2026-09-22,2026-09-22T09:59:38.316189-04:00,204.69,1.0116
MRVL-20260922T13520406401,MRVL,2026-09-22,2026-09-22T09:59:38.316189-04:00,263.62,0.298
TSLA-20260922T13541044380,TSLA,2026-09-22,2026-09-22T09:59:38.316189-04:00,375.5,-0.3424
BMNR-20260922T13450283479,BMNR,2026-09-22,2026-09-22T09:59:48.472007-04:00,28.255,0.8989
CRWV-20260922T13455517870,CRWV,2026-09-22,2026-09-22T09:59:48.472007-04:00,88.07,0.5365
CBRS-20260922T13481001025,CBRS,2026-09-22,2026-09-22T09:59:48.472007-04:00,204.766,1.0492
MRVL-20260922T13520406401,MRVL,2026-09-22,2026-09-22T09:59:48.472007-04:00,263.6988,0.328
TSLA-20260922T13541044380,TSLA,2026-09-22,2026-09-22T09:59:48.472007-04:00,375.59,-0.3185
BMNR-20260922T13450283479,BMNR,2026-09-22,2026-09-22T09:59:58.642604-04:00,28.25,0.881
CRWV-20260922T13455517870,CRWV,2026-09-22,2026-09-22T09:59:58.642604-04:00,88.05,0.5137
CBRS-20260922T13481001025,CBRS,2026-09-22,2026-09-22T09:59:58.642604-04:00,204.59,0.9623
MRVL-20260922T13520406401,MRVL,2026-09-22,2026-09-22T09:59:58.642604-04:00,264.08,0.473
TSLA-20260922T13541044380,TSLA,2026-09-22,2026-09-22T09:59:58.642604-04:00,375.6056,-0.3143
BMNR-20260922T13450283479,BMNR,2026-09-22,2026-09-22T10:00:08.810543-04:00,28.2125,0.7471
CRWV-20260922T13455517870,CRWV,2026-09-22,2026-09-22T10:00:08.810543-04:00,88.1443,0.6213
CBRS-20260922T13481001025,CBRS,2026-09-22,2026-09-22T10:00:08.810543-04:00,204.51,0.9228
MRVL-20260922T13520406401,MRVL,2026-09-22,2026-09-22T10:00:08.810543-04:00,263.7,0.3285
TSLA-20260922T13541044380,TSLA,2026-09-22,2026-09-22T10:00:08.810543-04:00,375.6999,-0.2893
BMNR-20260922T13450283479,BMNR,2026-09-22,2026-09-22T10:00:19.455583-04:00,28.215,0.7561
CRWV-20260922T13455517870,CRWV,2026-09-22,2026-09-22T10:00:19.455583-04:00,88.0768,0.5443
CBRS-20260922T13481001025,CBRS,2026-09-22,2026-09-22T10:00:19.455583-04:00,204.1693,0.7547
MRVL-20260922T13520406401,MRVL,2026-09-22,2026-09-22T10:00:19.455583-04:00,263.64,0.3056
TSLA-20260922T13541044380,TSLA,2026-09-22,2026-09-22T10:00:19.455583-04:00,375.56,-0.3264
BMNR-20260922T13450283479,BMNR,2026-09-22,2026-09-22T10:00:29.739944-04:00,28.2,0.7025
CRWV-20260922T13455517870,CRWV,2026-09-22,2026-09-22T10:00:29.739944-04:00,88.0242,0.4842
CBRS-20260922T13481001025,CBRS,2026-09-22,2026-09-22T10:00:29.739944-04:00,204.565,0.95
MRVL-20260922T13520406401,MRVL,2026-09-22,2026-09-22T10:00:29.739944-04:00,263.693,0.3258
TSLA-20260922T13541044380,TSLA,2026-09-22,2026-09-22T10:00:29.739944-04:00,375.5055,-0.3409
BMNR-20260922T13450283479,BMNR,2026-09-22,2026-09-22T10:00:39.970595-04:00,28.185,0.6489
CRWV-20260922T13455517870,CRWV,2026-09-22,2026-09-22T10:00:39.970595-04:00,88.1161,0.5892
CBRS-20260922T13481001025,CBRS,2026-09-22,2026-09-22T10:00:39.970595-04:00,204.79,1.061
MRVL-20260922T13520406401,MRVL,2026-09-22,2026-09-22T10:00:39.970595-04:00,263.4907,0.2488
TSLA-20260922T13541044380,TSLA,2026-09-22,2026-09-22T10:00:39.970595-04:00,375.63,-0.3079
BMNR-20260922T13450283479,BMNR,2026-09-22,2026-09-22T10:00:50.270186-04:00,28.1893,0.6643
CRWV-20260922T13455517870,CRWV,2026-09-22,2026-09-22T10:00:50.270186-04:00,88.46,0.9817
CBRS-20260922T13481001025,CBRS,2026-09-22,2026-09-22T10:00:50.270186-04:00,204.48,0.908
MRVL-20260922T13520406401,MRVL,2026-09-22,2026-09-22T10:00:50.270186-04:00,263.735,0.3418
TSLA-20260922T13541044380,TSLA,2026-09-22,2026-09-22T10:00:50.270186-04:00,375.955,-0.2216
BMNR-20260922T13450283479,BMNR,2026-09-22,2026-09-22T10:01:00.666673-04:00,28.195,0.6846
CRWV-20260922T13455517870,CRWV,2026-09-22,2026-09-22T10:01:00.666673-04:00,88.32,0.8219
CBRS-20260922T13481001025,CBRS,2026-09-22,2026-09-22T10:01:00.666673-04:00,204.525,0.9302
MRVL-20260922T13520406401,MRVL,2026-09-22,2026-09-22T10:01:00.666673-04:00,263.3099,0.18
TSLA-20260922T13541044380,TSLA,2026-09-22,2026-09-22T10:01:00.666673-04:00,376.356,-0.1152
BMNR-20260922T13450283479,BMNR,2026-09-22,2026-09-22T10:01:10.936004-04:00,28.215,0.7561
CRWV-20260922T13455517870,CRWV,2026-09-22,2026-09-22T10:01:10.936004-04:00,88.31,0.8105
CBRS-20260922T13481001025,CBRS,2026-09-22,2026-09-22T10:01:10.936004-04:00,204.16,0.7501
MRVL-20260922T13520406401,MRVL,2026-09-22,2026-09-22T10:01:10.936004-04:00,263.085,0.0945
TSLA-20260922T13541044380,TSLA,2026-09-22,2026-09-22T10:01:10.936004-04:00,376.22,-0.1513
BMNR-20260922T13450283479,BMNR,2026-09-22,2026-09-22T10:01:21.184172-04:00,28.2386,0.8403
CRWV-20260922T13455517870,CRWV,2026-09-22,2026-09-22T10:01:21.184172-04:00,88.41,0.9247
CBRS-20260922T13481001025,CBRS,2026-09-22,2026-09-22T10:01:21.184172-04:00,203.7,0.5231
MRVL-20260922T13520406401,MRVL,2026-09-22,2026-09-22T10:01:21.184172-04:00,263.0588,0.0845
TSLA-20260922T13541044380,TSLA,2026-09-22,2026-09-22T10:01:21.184172-04:00,376.23,-0.1486
BMNR-20260922T13450283479,BMNR,2026-09-22,2026-09-22T10:01:31.306674-04:00,28.2299,0.8093
CRWV-20260922T13455517870,CRWV,2026-09-22,2026-09-22T10:01:31.306674-04:00,88.52,1.0502
CBRS-20260922T13481001025,CBRS,2026-09-22,2026-09-22T10:01:31.306674-04:00,203.655,0.5009
MRVL-20260922T13520406401,MRVL,2026-09-22,2026-09-22T10:01:31.306674-04:00,262.68,-0.0596
TSLA-20260922T13541044380,TSLA,2026-09-22,2026-09-22T10:01:31.306674-04:00,376.205,-0.1553
BMNR-20260922T13450283479,BMNR,2026-09-22,2026-09-22T10:01:41.464500-04:00,28.205,0.7203
CRWV-20260922T13455517870,CRWV,2026-09-22,2026-09-22T10:01:41.464500-04:00,88.355,0.8619
CBRS-20260922T13481001025,CBRS,2026-09-22,2026-09-22T10:01:41.464500-04:00,203.515,0.4318
MRVL-20260922T13520406401,MRVL,2026-09-22,2026-09-22T10:01:41.464500-04:00,263.2001,0.1383
TSLA-20260922T13541044380,TSLA,2026-09-22,2026-09-22T10:01:41.464500-04:00,376.38,-0.1088
BMNR-20260922T13450283479,BMNR,2026-09-22,2026-09-22T10:01:51.562289-04:00,28.19,0.6668
CRWV-20260922T13455517870,CRWV,2026-09-22,2026-09-22T10:01:51.562289-04:00,88.28,0.7763
CBRS-20260922T13481001025,CBRS,2026-09-22,2026-09-22T10:01:51.562289-04:00,203.51,0.4293
MRVL-20260922T13520406401,MRVL,2026-09-22,2026-09-22T10:01:51.562289-04:00,262.655,-0.0691
TSLA-20260922T13541044380,TSLA,2026-09-22,2026-09-22T10:01:51.562289-04:00,376.082,-0.1879
BMNR-20260922T13450283479,BMNR,2026-09-22,2026-09-22T10:02:01.666858-04:00,28.21,0.7382
CRWV-20260922T13455517870,CRWV,2026-09-22,2026-09-22T10:02:01.666858-04:00,88.1112,0.5836
CBRS-20260922T13481001025,CBRS,2026-09-22,2026-09-22T10:02:01.666858-04:00,204.0805,0.7109
MRVL-20260922T13520406401,MRVL,2026-09-22,2026-09-22T10:02:01.666858-04:00,262.485,-0.1338
TSLA-20260922T13541044380,TSLA,2026-09-22,2026-09-22T10:02:01.666858-04:00,376.065,-0.1924
BMNR-20260922T13450283479,BMNR,2026-09-22,2026-09-22T10:02:11.910540-04:00,28.205,0.7203
CRWV-20260922T13455517870,CRWV,2026-09-22,2026-09-22T10:02:11.910540-04:00,88.3357,0.8398
CBRS-20260922T13481001025,CBRS,2026-09-22,2026-09-22T10:02:11.910540-04:00,203.3501,0.3504
TSLA-20260922T13541044380,TSLA,2026-09-22,2026-09-22T10:02:11.910540-04:00,375.926,-0.2293
BMNR-20260922T13450283479,BMNR,2026-09-22,2026-09-22T10:02:22.012578-04:00,28.175,0.6132
CRWV-20260922T13455517870,CRWV,2026-09-22,2026-09-22T10:02:22.012578-04:00,88.4,0.9132
CBRS-20260922T13481001025,CBRS,2026-09-22,2026-09-22T10:02:22.012578-04:00,203.305,0.3282
TSLA-20260922T13541044380,TSLA,2026-09-22,2026-09-22T10:02:22.012578-04:00,376.13,-0.1752
BMNR-20260922T13450283479,BMNR,2026-09-22,2026-09-22T10:02:32.093330-04:00,28.1514,0.5289
CRWV-20260922T13455517870,CRWV,2026-09-22,2026-09-22T10:02:32.093330-04:00,88.26,0.7534
CBRS-20260922T13481001025,CBRS,2026-09-22,2026-09-22T10:02:32.093330-04:00,202.965,0.1604
TSLA-20260922T13541044380,TSLA,2026-09-22,2026-09-22T10:02:32.093330-04:00,376.3174,-0.1254
BMNR-20260922T13450283479,BMNR,2026-09-22,2026-09-22T10:02:42.192621-04:00,28.175,0.6132
CRWV-20260922T13455517870,CRWV,2026-09-22,2026-09-22T10:02:42.192621-04:00,88.18,0.6621
CBRS-20260922T13481001025,CBRS,2026-09-22,2026-09-22T10:02:42.192621-04:00,202.8,0.079
TSLA-20260922T13541044380,TSLA,2026-09-22,2026-09-22T10:02:42.192621-04:00,376.325,-0.1234
BMNR-20260922T13450283479,BMNR,2026-09-22,2026-09-22T10:02:52.281123-04:00,28.135,0.4704
CRWV-20260922T13455517870,CRWV,2026-09-22,2026-09-22T10:02:52.281123-04:00,88.13,0.605
CBRS-20260922T13481001025,CBRS,2026-09-22,2026-09-22T10:02:52.281123-04:00,202.76,0.0592
TSLA-20260922T13541044380,TSLA,2026-09-22,2026-09-22T10:02:52.281123-04:00,376.385,-0.1075
BMNR-20260922T13450283479,BMNR,2026-09-22,2026-09-22T10:03:02.356992-04:00,28.155,0.5418
CRWV-20260922T13455517870,CRWV,2026-09-22,2026-09-22T10:03:02.356992-04:00,88.17,0.6507
CBRS-20260922T13481001025,CBRS,2026-09-22,2026-09-22T10:03:02.356992-04:00,202.69,0.0247
TSLA-20260922T13541044380,TSLA,2026-09-22,2026-09-22T10:03:02.356992-04:00,376.345,-0.1181
BMNR-20260922T13450283479,BMNR,2026-09-22,2026-09-22T10:03:12.575473-04:00,28.07,0.2383
CRWV-20260922T13455517870,CRWV,2026-09-22,2026-09-22T10:03:12.575473-04:00,87.98,0.4338
TSLA-20260922T13541044380,TSLA,2026-09-22,2026-09-22T10:03:12.575473-04:00,376.25,-0.1433
BMNR-20260922T13450283479,BMNR,2026-09-22,2026-09-22T10:03:22.672507-04:00,28.08,0.274
CRWV-20260922T13455517870,CRWV,2026-09-22,2026-09-22T10:03:22.672507-04:00,87.791,0.218
TSLA-20260922T13541044380,TSLA,2026-09-22,2026-09-22T10:03:22.672507-04:00,376.355,-0.1154
BMNR-20260922T13450283479,BMNR,2026-09-22,2026-09-22T10:03:32.747600-04:00,28.0862,0.2961
CRWV-20260922T13455517870,CRWV,2026-09-22,2026-09-22T10:03:32.747600-04:00,87.8419,0.2761
TSLA-20260922T13541044380,TSLA,2026-09-22,2026-09-22T10:03:32.747600-04:00,376.36,-0.1141
BMNR-20260922T13450283479,BMNR,2026-09-22,2026-09-22T10:03:42.822735-04:00,28.0581,0.1958
CRWV-20260922T13455517870,CRWV,2026-09-22,2026-09-22T10:03:42.822735-04:00,88.08,0.5479
TSLA-20260922T13541044380,TSLA,2026-09-22,2026-09-22T10:03:42.822735-04:00,376.39,-0.1062
BMNR-20260922T13450283479,BMNR,2026-09-22,2026-09-22T10:03:52.970418-04:00,28.035,0.1133
CRWV-20260922T13455517870,CRWV,2026-09-22,2026-09-22T10:03:52.970418-04:00,88.1283,0.6031
TSLA-20260922T13541044380,TSLA,2026-09-22,2026-09-22T10:03:52.970418-04:00,376.288,-0.1332
BMNR-20260922T13450283479,BMNR,2026-09-22,2026-09-22T10:04:03.129130-04:00,28.0,-0.0117
CRWV-20260922T13455517870,CRWV,2026-09-22,2026-09-22T10:04:03.129130-04:00,88.2812,0.7776
TSLA-20260922T13541044380,TSLA,2026-09-22,2026-09-22T10:04:03.129130-04:00,376.365,-0.1128
CRWV-20260922T13455517870,CRWV,2026-09-22,2026-09-22T10:04:13.370142-04:00,88.1009,0.5718
TSLA-20260922T13541044380,TSLA,2026-09-22,2026-09-22T10:04:13.370142-04:00,376.49,-0.0796
CRWV-20260922T13455517870,CRWV,2026-09-22,2026-09-22T10:04:23.471160-04:00,88.4268,0.9438
TSLA-20260922T13541044380,TSLA,2026-09-22,2026-09-22T10:04:23.471160-04:00,376.59,-0.0531
CRWV-20260922T13455517870,CRWV,2026-09-22,2026-09-22T10:04:33.591073-04:00,88.38,0.8904
TSLA-20260922T13541044380,TSLA,2026-09-22,2026-09-22T10:04:33.591073-04:00,376.5871,-0.0538
CRWV-20260922T13455517870,CRWV,2026-09-22,2026-09-22T10:04:43.703968-04:00,88.3,0.7991
TSLA-20260922T13541044380,TSLA,2026-09-22,2026-09-22T10:04:43.703968-04:00,376.7599,-0.008
CRWV-20260922T13455517870,CRWV,2026-09-22,2026-09-22T10:04:53.799726-04:00,88.46,0.9817
TSLA-20260922T13541044380,TSLA,2026-09-22,2026-09-22T10:04:53.799726-04:00,376.7,-0.0239
CRWV-20260922T13455517870,CRWV,2026-09-22,2026-09-22T10:05:03.880499-04:00,88.31,0.8105
TSLA-20260922T13541044380,TSLA,2026-09-22,2026-09-22T10:05:03.880499-04:00,376.645,-0.0385
CRWV-20260922T13455517870,CRWV,2026-09-22,2026-09-22T10:05:14.072455-04:00,88.1965,0.6809
TSLA-20260922T13541044380,TSLA,2026-09-22,2026-09-22T10:05:14.072455-04:00,376.56,-0.061
CRWV-20260922T13455517870,CRWV,2026-09-22,2026-09-22T10:05:24.480395-04:00,87.9594,0.4103
TSLA-20260922T13541044380,TSLA,2026-09-22,2026-09-22T10:05:24.480395-04:00,376.28,-0.1354
CRWV-20260922T13455517870,CRWV,2026-09-22,2026-09-22T10:05:34.728266-04:00,88.02,0.4795
TSLA-20260922T13541044380,TSLA,2026-09-22,2026-09-22T10:05:34.728266-04:00,376.16,-0.1672
CRWV-20260922T13455517870,CRWV,2026-09-22,2026-09-22T10:05:45.004932-04:00,88.2448,0.7361
TSLA-20260922T13541044380,TSLA,2026-09-22,2026-09-22T10:05:45.004932-04:00,376.2158,-0.1524
CRWV-20260922T13455517870,CRWV,2026-09-22,2026-09-22T10:05:55.185123-04:00,87.85,0.2854
TSLA-20260922T13541044380,TSLA,2026-09-22,2026-09-22T10:05:55.185123-04:00,376.07,-0.1911
CRWV-20260922T13455517870,CRWV,2026-09-22,2026-09-22T10:06:05.340320-04:00,87.935,0.3824
TSLA-20260922T13541044380,TSLA,2026-09-22,2026-09-22T10:06:05.340320-04:00,376.18,-0.1619
CRWV-20260922T13455517870,CRWV,2026-09-22,2026-09-22T10:06:15.566782-04:00,88.0,0.4566
TSLA-20260922T13541044380,TSLA,2026-09-22,2026-09-22T10:06:15.566782-04:00,376.31,-0.1274
CRWV-20260922T13455517870,CRWV,2026-09-22,2026-09-22T10:06:25.694439-04:00,87.8874,0.3281
TSLA-20260922T13541044380,TSLA,2026-09-22,2026-09-22T10:06:25.694439-04:00,376.2525,-0.1427
CRWV-20260922T13455517870,CRWV,2026-09-22,2026-09-22T10:06:35.885544-04:00,87.87,0.3082
TSLA-20260922T13541044380,TSLA,2026-09-22,2026-09-22T10:06:35.885544-04:00,376.2899,-0.1327
CRWV-20260922T13455517870,CRWV,2026-09-22,2026-09-22T10:06:46.009695-04:00,87.87,0.3082
TSLA-20260922T13541044380,TSLA,2026-09-22,2026-09-22T10:06:46.009695-04:00,376.224,-0.1502
CRWV-20260922T13455517870,CRWV,2026-09-22,2026-09-22T10:06:56.140716-04:00,87.955,0.4053
TSLA-20260922T13541044380,TSLA,2026-09-22,2026-09-22T10:06:56.140716-04:00,376.19,-0.1592
CRWV-20260922T13455517870,CRWV,2026-09-22,2026-09-22T10:07:06.282418-04:00,88.015,0.4737
TSLA-20260922T13541044380,TSLA,2026-09-22,2026-09-22T10:07:06.282418-04:00,376.365,-0.1128
CRWV-20260922T13455517870,CRWV,2026-09-22,2026-09-22T10:07:16.764169-04:00,87.9321,0.3791
TSLA-20260922T13541044380,TSLA,2026-09-22,2026-09-22T10:07:16.764169-04:00,376.2,-0.1566
CRWV-20260922T13455517870,CRWV,2026-09-22,2026-09-22T10:07:27.178269-04:00,88.0967,0.567
TSLA-20260922T13541044380,TSLA,2026-09-22,2026-09-22T10:07:27.178269-04:00,376.305,-0.1287
CRWV-20260922T13455517870,CRWV,2026-09-22,2026-09-22T10:07:37.409770-04:00,88.28,0.7763
TSLA-20260922T13541044380,TSLA,2026-09-22,2026-09-22T10:07:37.409770-04:00,376.3273,-0.1228
CRWV-20260922T13455517870,CRWV,2026-09-22,2026-09-22T10:07:47.634146-04:00,88.0975,0.5679
TSLA-20260922T13541044380,TSLA,2026-09-22,2026-09-22T10:07:47.634146-04:00,376.375,-0.1101
CRWV-20260922T13455517870,CRWV,2026-09-22,2026-09-22T10:07:57.780494-04:00,88.34,0.8447
TSLA-20260922T13541044380,TSLA,2026-09-22,2026-09-22T10:07:57.780494-04:00,376.58,-0.0557
CRWV-20260922T13455517870,CRWV,2026-09-22,2026-09-22T10:08:07.968760-04:00,88.32,0.8219
TSLA-20260922T13541044380,TSLA,2026-09-22,2026-09-22T10:08:07.968760-04:00,376.7844,-0.0015
CRWV-20260922T13455517870,CRWV,2026-09-22,2026-09-22T10:08:18.131105-04:00,88.2312,0.7205
TSLA-20260922T13541044380,TSLA,2026-09-22,2026-09-22T10:08:18.131105-04:00,376.84,0.0133
CRWV-20260922T13455517870,CRWV,2026-09-22,2026-09-22T10:08:28.334221-04:00,88.145,0.6221
TSLA-20260922T13541044380,TSLA,2026-09-22,2026-09-22T10:08:28.334221-04:00,377.39,0.1592
CRWV-20260922T13455517870,CRWV,2026-09-22,2026-09-22T10:08:38.478089-04:00,88.03,0.4909
TSLA-20260922T13541044380,TSLA,2026-09-22,2026-09-22T10:08:38.478089-04:00,377.39,0.1592
CRWV-20260922T13455517870,CRWV,2026-09-22,2026-09-22T10:08:48.617579-04:00,88.1356,0.6114
TSLA-20260922T13541044380,TSLA,2026-09-22,2026-09-22T10:08:48.617579-04:00,377.36,0.1513
CRWV-20260922T13455517870,CRWV,2026-09-22,2026-09-22T10:08:58.769678-04:00,87.8822,0.3221
TSLA-20260922T13541044380,TSLA,2026-09-22,2026-09-22T10:08:58.769678-04:00,377.215,0.1128
CRWV-20260922T13455517870,CRWV,2026-09-22,2026-09-22T10:09:08.903677-04:00,87.864,0.3014
TSLA-20260922T13541044380,TSLA,2026-09-22,2026-09-22T10:09:08.903677-04:00,377.1603,0.0983
CRWV-20260922T13455517870,CRWV,2026-09-22,2026-09-22T10:09:19.093170-04:00,87.6803,0.0917
TSLA-20260922T13541044380,TSLA,2026-09-22,2026-09-22T10:09:19.093170-04:00,376.7453,-0.0119
CRWV-20260922T13455517870,CRWV,2026-09-22,2026-09-22T10:09:29.282851-04:00,87.705,0.1199
TSLA-20260922T13541044380,TSLA,2026-09-22,2026-09-22T10:09:29.282851-04:00,377.18,0.1035
CRWV-20260922T13455517870,CRWV,2026-09-22,2026-09-22T10:09:39.457360-04:00,87.66,0.0685
TSLA-20260922T13541044380,TSLA,2026-09-22,2026-09-22T10:09:39.457360-04:00,377.038,0.0658
CRWV-20260922T13455517870,CRWV,2026-09-22,2026-09-22T10:09:49.632961-04:00,87.7,0.1142
TSLA-20260922T13541044380,TSLA,2026-09-22,2026-09-22T10:09:49.632961-04:00,377.14,0.0929
CRWV-20260922T13455517870,CRWV,2026-09-22,2026-09-22T10:09:59.796145-04:00,87.72,0.137
TSLA-20260922T13541044380,TSLA,2026-09-22,2026-09-22T10:09:59.796145-04:00,377.13,0.0902
CRWV-20260922T13455517870,CRWV,2026-09-22,2026-09-22T10:10:09.959399-04:00,87.825,0.2568
TSLA-20260922T13541044380,TSLA,2026-09-22,2026-09-22T10:10:09.959399-04:00,377.4174,0.1665
TSLA-20260922T13541044380,TSLA,2026-09-22,2026-09-22T10:10:20.407066-04:00,377.56,0.2044
TSLA-20260922T13541044380,TSLA,2026-09-22,2026-09-22T10:10:30.568219-04:00,377.48,0.1831
TSLA-20260922T13541044380,TSLA,2026-09-22,2026-09-22T10:10:40.818336-04:00,377.5997,0.2149
TSLA-20260922T13541044380,TSLA,2026-09-22,2026-09-22T10:10:50.966177-04:00,377.419,0.1669
TSLA-20260922T13541044380,TSLA,2026-09-22,2026-09-22T10:11:01.124440-04:00,377.545,0.2004
TSLA-20260922T13541044380,TSLA,2026-09-22,2026-09-22T10:11:11.364621-04:00,377.79,0.2654
TSLA-20260922T13541044380,TSLA,2026-09-22,2026-09-22T10:11:21.590937-04:00,377.9611,0.3108
TSLA-20260922T13541044380,TSLA,2026-09-22,2026-09-22T10:11:31.749990-04:00,378.3,0.4008
TSLA-20260922T13541044380,TSLA,2026-09-22,2026-09-22T10:11:41.898464-04:00,378.42,0.4326
TSLA-20260922T13541044380,TSLA,2026-09-22,2026-09-22T10:11:52.122049-04:00,378.1416,0.3587
TSLA-20260922T13541044380,TSLA,2026-09-22,2026-09-22T10:12:02.313767-04:00,378.2558,0.389
TSLA-20260922T13541044380,TSLA,2026-09-22,2026-09-22T10:12:12.512487-04:00,377.92,0.2999
TSLA-20260922T13541044380,TSLA,2026-09-22,2026-09-22T10:12:22.772559-04:00,377.9,0.2946
TSLA-20260922T13541044380,TSLA,2026-09-22,2026-09-22T10:12:32.977490-04:00,378.07,0.3397
TSLA-20260922T13541044380,TSLA,2026-09-22,2026-09-22T10:12:43.118527-04:00,377.9099,0.2972
TSLA-20260922T13541044380,TSLA,2026-09-22,2026-09-22T10:12:53.309297-04:00,377.9687,0.3128
TSLA-20260922T13541044380,TSLA,2026-09-22,2026-09-22T10:13:03.440465-04:00,377.81,0.2707
TSLA-20260922T13541044380,TSLA,2026-09-22,2026-09-22T10:13:13.664982-04:00,378.0259,0.328
TSLA-20260922T13541044380,TSLA,2026-09-22,2026-09-22T10:13:23.864268-04:00,378.1901,0.3716
TSLA-20260922T13541044380,TSLA,2026-09-22,2026-09-22T10:13:34.018541-04:00,378.19,0.3716
TSLA-20260922T13541044380,TSLA,2026-09-22,2026-09-22T10:13:44.169096-04:00,378.33,0.4087
TSLA-20260922T13541044380,TSLA,2026-09-22,2026-09-22T10:13:54.305374-04:00,377.9774,0.3151
TSLA-20260922T13541044380,TSLA,2026-09-22,2026-09-22T10:14:04.457929-04:00,377.96,0.3105
TSLA-20260922T13541044380,TSLA,2026-09-22,2026-09-22T10:14:14.618996-04:00,378.085,0.3437
TSLA-20260922T13541044380,TSLA,2026-09-22,2026-09-22T10:14:24.771975-04:00,378.1488,0.3606
TSLA-20260922T13541044380,TSLA,2026-09-22,2026-09-22T10:14:34.965009-04:00,378.125,0.3543
TSLA-20260922T13541044380,TSLA,2026-09-22,2026-09-22T10:14:45.098777-04:00,378.0916,0.3454
TSLA-20260922T13541044380,TSLA,2026-09-22,2026-09-22T10:14:55.226771-04:00,378.4,0.4273
TSLA-20260922T13541044380,TSLA,2026-09-22,2026-09-22T10:15:05.440298-04:00,378.28,0.3954
TSLA-20260922T13541044380,TSLA,2026-09-22,2026-09-22T10:15:16.222570-04:00,378.09,0.345
TSLA-20260922T13541044380,TSLA,2026-09-22,2026-09-22T10:15:26.450923-04:00,378.4574,0.4425
TSLA-20260922T13541044380,TSLA,2026-09-22,2026-09-22T10:15:36.654105-04:00,378.6174,0.485
TSLA-20260922T13541044380,TSLA,2026-09-22,2026-09-22T10:15:46.755619-04:00,378.43,0.4353
TSLA-20260922T13541044380,TSLA,2026-09-22,2026-09-22T10:15:56.988778-04:00,378.3458,0.4129
TSLA-20260922T13541044380,TSLA,2026-09-22,2026-09-22T10:16:07.114571-04:00,378.42,0.4326
TSLA-20260922T13541044380,TSLA,2026-09-22,2026-09-22T10:16:17.247958-04:00,378.45,0.4406
TSLA-20260922T13541044380,TSLA,2026-09-22,2026-09-22T10:16:27.344878-04:00,378.154,0.362
TSLA-20260922T13541044380,TSLA,2026-09-22,2026-09-22T10:16:37.497588-04:00,378.35,0.414
TSLA-20260922T13541044380,TSLA,2026-09-22,2026-09-22T10:16:47.570452-04:00,378.393,0.4254
TSLA-20260922T13541044380,TSLA,2026-09-22,2026-09-22T10:16:57.669897-04:00,378.35,0.414
TSLA-20260922T13541044380,TSLA,2026-09-22,2026-09-22T10:17:07.788695-04:00,378.4788,0.4482
TSLA-20260922T13541044380,TSLA,2026-09-22,2026-09-22T10:17:17.889565-04:00,378.36,0.4167
TSLA-20260922T13541044380,TSLA,2026-09-22,2026-09-22T10:17:27.978106-04:00,378.0901,0.345
TSLA-20260922T13541044380,TSLA,2026-09-22,2026-09-22T10:17:38.086348-04:00,377.815,0.272
TSLA-20260922T13541044380,TSLA,2026-09-22,2026-09-22T10:17:48.214063-04:00,377.84,0.2787
TSLA-20260922T13541044380,TSLA,2026-09-22,2026-09-22T10:17:58.363984-04:00,377.863,0.2848
TSLA-20260922T13541044380,TSLA,2026-09-22,2026-09-22T10:18:08.513846-04:00,377.875,0.288
TSLA-20260922T13541044380,TSLA,2026-09-22,2026-09-22T10:18:18.633908-04:00,377.75,0.2548
TSLA-20260922T13541044380,TSLA,2026-09-22,2026-09-22T10:18:28.731149-04:00,377.5345,0.1976
TSLA-20260922T13541044380,TSLA,2026-09-22,2026-09-22T10:18:38.817184-04:00,377.425,0.1685
TSLA-20260922T13541044380,TSLA,2026-09-22,2026-09-22T10:18:48.888753-04:00,377.185,0.1048
TSLA-20260922T13541044380,TSLA,2026-09-22,2026-09-22T10:18:58.985116-04:00,377.3116,0.1384
TSLA-20260922T13541044380,TSLA,2026-09-22,2026-09-22T10:19:09.067330-04:00,377.213,0.1123
TSLA-20260922T13541044380,TSLA,2026-09-22,2026-09-22T10:19:19.156111-04:00,377.23,0.1168
TSLA-20260922T13541044380,TSLA,2026-09-22,2026-09-22T10:19:29.270401-04:00,377.2258,0.1157
TSLA-20260922T13541044380,TSLA,2026-09-22,2026-09-22T10:19:39.374870-04:00,377.21,0.1115
TSLA-20260922T13541044380,TSLA,2026-09-22,2026-09-22T10:19:49.471509-04:00,377.3088,0.1377
TSLA-20260922T13541044380,TSLA,2026-09-22,2026-09-22T10:19:59.587473-04:00,377.4687,0.1801
TSLA-20260922T13541044380,TSLA,2026-09-22,2026-09-22T10:20:09.689257-04:00,377.585,0.211
TSLA-20260922T13541044380,TSLA,2026-09-22,2026-09-22T10:20:19.792956-04:00,377.8773,0.2886
TSLA-20260922T13541044380,TSLA,2026-09-22,2026-09-22T10:20:29.938615-04:00,377.9695,0.313
TSLA-20260922T13541044380,TSLA,2026-09-22,2026-09-22T10:20:40.062585-04:00,377.923,0.3007
TSLA-20260922T13541044380,TSLA,2026-09-22,2026-09-22T10:20:50.141967-04:00,377.785,0.2641
TSLA-20260922T13541044380,TSLA,2026-09-22,2026-09-22T10:21:00.276372-04:00,377.68,0.2362
TSLA-20260922T13541044380,TSLA,2026-09-22,2026-09-22T10:21:10.407308-04:00,377.52,0.1937
TSLA-20260922T13541044380,TSLA,2026-09-22,2026-09-22T10:21:20.481373-04:00,377.285,0.1314
TSLA-20260922T13541044380,TSLA,2026-09-22,2026-09-22T10:21:30.562483-04:00,377.2602,0.1248
TSLA-20260922T13541044380,TSLA,2026-09-22,2026-09-22T10:21:40.679636-04:00,377.47,0.1805
TSLA-20260922T13541044380,TSLA,2026-09-22,2026-09-22T10:21:50.758312-04:00,377.5035,0.1894
TSLA-20260922T13541044380,TSLA,2026-09-22,2026-09-22T10:22:00.859861-04:00,377.665,0.2322
TSLA-20260922T13541044380,TSLA,2026-09-22,2026-09-22T10:22:10.941886-04:00,377.7102,0.2442
TSLA-20260922T13541044380,TSLA,2026-09-22,2026-09-22T10:22:21.040308-04:00,378.16,0.3636
TSLA-20260922T13541044380,TSLA,2026-09-22,2026-09-22T10:22:31.121749-04:00,378.115,0.3517
TSLA-20260922T13541044380,TSLA,2026-09-22,2026-09-22T10:22:41.243533-04:00,378.16,0.3636
TSLA-20260922T13541044380,TSLA,2026-09-22,2026-09-22T10:22:51.323710-04:00,378.1787,0.3686
TSLA-20260922T13541044380,TSLA,2026-09-22,2026-09-22T10:23:01.422515-04:00,378.0944,0.3462
TSLA-20260922T13541044380,TSLA,2026-09-22,2026-09-22T10:23:11.522719-04:00,378.055,0.3357
TSLA-20260922T13541044380,TSLA,2026-09-22,2026-09-22T10:23:21.660619-04:00,378.2601,0.3902
TSLA-20260922T13541044380,TSLA,2026-09-22,2026-09-22T10:23:31.744165-04:00,378.14,0.3583
TSLA-20260922T13541044380,TSLA,2026-09-22,2026-09-22T10:23:41.830646-04:00,378.3774,0.4213
TSLA-20260922T13541044380,TSLA,2026-09-22,2026-09-22T10:23:51.910764-04:00,378.3458,0.4129
TSLA-20260922T13541044380,TSLA,2026-09-22,2026-09-22T10:24:02.024020-04:00,378.3458,0.4129
TSLA-20260922T13541044380,TSLA,2026-09-22,2026-09-22T10:24:12.114859-04:00,378.4642,0.4443
TSLA-20260922T13541044380,TSLA,2026-09-22,2026-09-22T10:24:22.259951-04:00,378.67,0.499
TSLA-20260922T13541044380,TSLA,2026-09-22,2026-09-22T10:24:32.393002-04:00,378.59,0.4777
TSLA-20260922T13541044380,TSLA,2026-09-22,2026-09-22T10:24:42.500026-04:00,378.7243,0.5134
TSLA-20260922T13541044380,TSLA,2026-09-22,2026-09-22T10:24:52.582729-04:00,378.48,0.4485
TSLA-20260922T13541044380,TSLA,2026-09-22,2026-09-22T10:25:02.680645-04:00,378.623,0.4865
TSLA-20260922T13541044380,TSLA,2026-09-22,2026-09-22T10:25:12.790373-04:00,378.626,0.4873
TSLA-20260922T13541044380,TSLA,2026-09-22,2026-09-22T10:25:22.895508-04:00,378.71,0.5096
TSLA-20260922T13541044380,TSLA,2026-09-22,2026-09-22T10:25:33.011770-04:00,378.53,0.4618
TSLA-20260922T13541044380,TSLA,2026-09-22,2026-09-22T10:25:43.148469-04:00,378.4844,0.4497
TSLA-20260922T13541044380,TSLA,2026-09-22,2026-09-22T10:25:53.230350-04:00,378.336,0.4103
TSLA-20260922T13541044380,TSLA,2026-09-22,2026-09-22T10:26:03.324802-04:00,378.4717,0.4463
TSLA-20260922T13541044380,TSLA,2026-09-22,2026-09-22T10:26:13.409754-04:00,378.1258,0.3545
TSLA-20260922T13541044380,TSLA,2026-09-22,2026-09-22T10:26:23.475802-04:00,378.17,0.3663
TSLA-20260922T13541044380,TSLA,2026-09-22,2026-09-22T10:26:33.567423-04:00,378.113,0.3511
TSLA-20260922T13541044380,TSLA,2026-09-22,2026-09-22T10:26:43.646020-04:00,378.11,0.3503
TSLA-20260922T13541044380,TSLA,2026-09-22,2026-09-22T10:26:53.712980-04:00,378.2015,0.3746
TSLA-20260922T13541044380,TSLA,2026-09-22,2026-09-22T10:27:03.796450-04:00,378.4,0.4273
TSLA-20260922T13541044380,TSLA,2026-09-22,2026-09-22T10:27:13.894122-04:00,378.47,0.4459
TSLA-20260922T13541044380,TSLA,2026-09-22,2026-09-22T10:27:23.988103-04:00,378.4573,0.4425
TSLA-20260922T13541044380,TSLA,2026-09-22,2026-09-22T10:27:34.077858-04:00,378.488,0.4506
TSLA-20260922T13541044380,TSLA,2026-09-22,2026-09-22T10:27:44.148862-04:00,378.41,0.4299
TSLA-20260922T13541044380,TSLA,2026-09-22,2026-09-22T10:27:54.228888-04:00,378.5558,0.4686
TSLA-20260922T13541044380,TSLA,2026-09-22,2026-09-22T10:28:04.302574-04:00,378.34,0.4114
TSLA-20260922T13541044380,TSLA,2026-09-22,2026-09-22T10:28:14.381769-04:00,378.4502,0.4406
TSLA-20260922T13541044380,TSLA,2026-09-22,2026-09-22T10:28:24.489614-04:00,378.2012,0.3745
TSLA-20260922T13541044380,TSLA,2026-09-22,2026-09-22T10:28:34.572249-04:00,377.975,0.3145
TSLA-20260922T13541044380,TSLA,2026-09-22,2026-09-22T10:28:44.665002-04:00,377.81,0.2707
TSLA-20260922T13541044380,TSLA,2026-09-22,2026-09-22T10:28:54.729398-04:00,377.955,0.3092
TSLA-20260922T13541044380,TSLA,2026-09-22,2026-09-22T10:29:04.792944-04:00,378.1287,0.3553
TSLA-20260922T13541044380,TSLA,2026-09-22,2026-09-22T10:29:14.861683-04:00,378.1516,0.3614
TSLA-20260922T13541044380,TSLA,2026-09-22,2026-09-22T10:29:24.925350-04:00,378.0673,0.339
TSLA-20260922T13541044380,TSLA,2026-09-22,2026-09-22T10:29:35.023176-04:00,378.0644,0.3382
TSLA-20260922T13541044380,TSLA,2026-09-22,2026-09-22T10:29:45.094122-04:00,378.0873,0.3443
TSLA-20260922T13541044380,TSLA,2026-09-22,2026-09-22T10:29:55.175892-04:00,378.0874,0.3443
TSLA-20260922T13541044380,TSLA,2026-09-22,2026-09-22T10:30:05.262480-04:00,378.1373,0.3576
TSLA-20260922T13541044380,TSLA,2026-09-22,2026-09-22T10:30:15.508538-04:00,378.135,0.357
TSLA-20260922T13541044380,TSLA,2026-09-22,2026-09-22T10:30:25.726958-04:00,378.2419,0.3853
TSLA-20260922T13541044380,TSLA,2026-09-22,2026-09-22T10:30:35.963550-04:00,377.945,0.3065
TSLA-20260922T13541044380,TSLA,2026-09-22,2026-09-22T10:30:46.133780-04:00,377.8901,0.292
TSLA-20260922T13541044380,TSLA,2026-09-22,2026-09-22T10:30:56.240140-04:00,378.0944,0.3462
TSLA-20260922T13541044380,TSLA,2026-09-22,2026-09-22T10:31:06.366255-04:00,378.1,0.3477
TSLA-20260922T13541044380,TSLA,2026-09-22,2026-09-22T10:31:16.501911-04:00,378.1564,0.3626
TSLA-20260922T13541044380,TSLA,2026-09-22,2026-09-22T10:31:26.647249-04:00,378.1,0.3477
TSLA-20260922T13541044380,TSLA,2026-09-22,2026-09-22T10:31:36.779003-04:00,378.1773,0.3682
TSLA-20260922T13541044380,TSLA,2026-09-22,2026-09-22T10:31:46.937700-04:00,378.155,0.3623
TSLA-20260922T13541044380,TSLA,2026-09-22,2026-09-22T10:31:57.082346-04:00,378.223,0.3803
TSLA-20260922T13541044380,TSLA,2026-09-22,2026-09-22T10:32:07.173613-04:00,378.0501,0.3344
TSLA-20260922T13541044380,TSLA,2026-09-22,2026-09-22T10:32:17.298031-04:00,378.153,0.3617
TSLA-20260922T13541044380,TSLA,2026-09-22,2026-09-22T10:32:27.446649-04:00,378.1,0.3477
TSLA-20260922T13541044380,TSLA,2026-09-22,2026-09-22T10:32:37.547206-04:00,378.0697,0.3396
TSLA-20260922T13541044380,TSLA,2026-09-22,2026-09-22T10:32:47.638642-04:00,378.2402,0.3849
TSLA-20260922T13541044380,TSLA,2026-09-22,2026-09-22T10:32:57.741033-04:00,378.315,0.4047
TSLA-20260922T13541044380,TSLA,2026-09-22,2026-09-22T10:33:07.831253-04:00,378.2558,0.389
TSLA-20260922T13541044380,TSLA,2026-09-22,2026-09-22T10:33:17.949136-04:00,378.3929,0.4254
TSLA-20260922T13541044380,TSLA,2026-09-22,2026-09-22T10:33:28.023883-04:00,378.44,0.4379
TSLA-20260922T13541044380,TSLA,2026-09-22,2026-09-22T10:33:38.102385-04:00,378.3687,0.419
TSLA-20260922T13541044380,TSLA,2026-09-22,2026-09-22T10:33:48.238754-04:00,378.315,0.4047
TSLA-20260922T13541044380,TSLA,2026-09-22,2026-09-22T10:33:58.306476-04:00,378.3201,0.4061
TSLA-20260922T13541044380,TSLA,2026-09-22,2026-09-22T10:34:08.376855-04:00,378.24,0.3848
TSLA-20260922T13541044380,TSLA,2026-09-22,2026-09-22T10:34:18.515136-04:00,378.5,0.4538
TSLA-20260922T13541044380,TSLA,2026-09-22,2026-09-22T10:34:28.596052-04:00,378.533,0.4626
TSLA-20260922T13541044380,TSLA,2026-09-22,2026-09-22T10:34:38.664507-04:00,378.6099,0.483
TSLA-20260922T13541044380,TSLA,2026-09-22,2026-09-22T10:34:48.731763-04:00,378.2509,0.3877
TSLA-20260922T13541044380,TSLA,2026-09-22,2026-09-22T10:34:58.805764-04:00,378.2444,0.386
TSLA-20260922T13541044380,TSLA,2026-09-22,2026-09-22T10:35:08.876662-04:00,378.11,0.3503
TSLA-20260922T13541044380,TSLA,2026-09-22,2026-09-22T10:35:19.210693-04:00,377.97,0.3132
TSLA-20260922T13541044380,TSLA,2026-09-22,2026-09-22T10:35:29.312001-04:00,377.6316,0.2234
TSLA-20260922T13541044380,TSLA,2026-09-22,2026-09-22T10:35:39.397160-04:00,377.7,0.2415
TSLA-20260922T13541044380,TSLA,2026-09-22,2026-09-22T10:35:49.503869-04:00,377.7106,0.2443
TSLA-20260922T13541044380,TSLA,2026-09-22,2026-09-22T10:35:59.588503-04:00,377.5801,0.2097
TSLA-20260922T13541044380,TSLA,2026-09-22,2026-09-22T10:36:09.666901-04:00,377.72,0.2468
TSLA-20260922T13541044380,TSLA,2026-09-22,2026-09-22T10:36:19.762667-04:00,377.82,0.2734
TSLA-20260922T13541044380,TSLA,2026-09-22,2026-09-22T10:36:29.874977-04:00,377.8858,0.2908
TSLA-20260922T13541044380,TSLA,2026-09-22,2026-09-22T10:36:39.956360-04:00,377.99,0.3185
TSLA-20260922T13541044380,TSLA,2026-09-22,2026-09-22T10:36:50.025195-04:00,377.93,0.3026
TSLA-20260922T13541044380,TSLA,2026-09-22,2026-09-22T10:37:00.132468-04:00,378.3329,0.4095
TSLA-20260922T13541044380,TSLA,2026-09-22,2026-09-22T10:37:10.226834-04:00,378.5042,0.4549
TSLA-20260922T13541044380,TSLA,2026-09-22,2026-09-22T10:37:20.302192-04:00,378.325,0.4074
TSLA-20260922T13541044380,TSLA,2026-09-22,2026-09-22T10:37:30.441715-04:00,378.47,0.4459
TSLA-20260922T13541044380,TSLA,2026-09-22,2026-09-22T10:37:40.618795-04:00,378.5116,0.4569
TSLA-20260922T13541044380,TSLA,2026-09-22,2026-09-22T10:37:50.701827-04:00,378.46,0.4432
TSLA-20260922T13541044380,TSLA,2026-09-22,2026-09-22T10:38:00.806810-04:00,378.4873,0.4505
TSLA-20260922T13541044380,TSLA,2026-09-22,2026-09-22T10:38:10.943393-04:00,378.5001,0.4539
TSLA-20260922T13541044380,TSLA,2026-09-22,2026-09-22T10:38:21.033839-04:00,378.2,0.3742
TSLA-20260922T13541044380,TSLA,2026-09-22,2026-09-22T10:38:31.123235-04:00,378.325,0.4074
TSLA-20260922T13541044380,TSLA,2026-09-22,2026-09-22T10:38:41.226314-04:00,378.4316,0.4357
TSLA-20260922T13541044380,TSLA,2026-09-22,2026-09-22T10:38:51.312015-04:00,378.16,0.3636
TSLA-20260922T13541044380,TSLA,2026-09-22,2026-09-22T10:39:01.404915-04:00,377.8473,0.2806
TSLA-20260922T13541044380,TSLA,2026-09-22,2026-09-22T10:39:11.538507-04:00,378.16,0.3636
TSLA-20260922T13541044380,TSLA,2026-09-22,2026-09-22T10:39:21.669851-04:00,377.9599,0.3105
TSLA-20260922T13541044380,TSLA,2026-09-22,2026-09-22T10:39:31.823107-04:00,377.9774,0.3151
TSLA-20260922T13541044380,TSLA,2026-09-22,2026-09-22T10:39:41.958057-04:00,377.8559,0.2829
TSLA-20260922T13541044380,TSLA,2026-09-22,2026-09-22T10:39:52.063596-04:00,377.79,0.2654
TSLA-20260922T13541044380,TSLA,2026-09-22,2026-09-22T10:40:02.157948-04:00,377.8687,0.2863
TSLA-20260922T13541044380,TSLA,2026-09-22,2026-09-22T10:40:12.279029-04:00,377.8269,0.2752
TSLA-20260922T13541044380,TSLA,2026-09-22,2026-09-22T10:40:22.386255-04:00,377.8773,0.2886
TSLA-20260922T13541044380,TSLA,2026-09-22,2026-09-22T10:40:32.469126-04:00,377.96,0.3105
TSLA-20260922T13541044380,TSLA,2026-09-22,2026-09-22T10:40:42.577635-04:00,377.8512,0.2816
TSLA-20260922T13541044380,TSLA,2026-09-22,2026-09-22T10:40:52.729670-04:00,378.1431,0.3591
TSLA-20260922T13541044380,TSLA,2026-09-22,2026-09-22T10:41:02.824622-04:00,378.09,0.345
TSLA-20260922T13541044380,TSLA,2026-09-22,2026-09-22T10:41:12.949994-04:00,378.0429,0.3325
TSLA-20260922T13541044380,TSLA,2026-09-22,2026-09-22T10:41:23.029772-04:00,377.6699,0.2335
TSLA-20260922T13541044380,TSLA,2026-09-22,2026-09-22T10:41:33.098372-04:00,377.5173,0.193
TSLA-20260922T13541044380,TSLA,2026-09-22,2026-09-22T10:41:43.166448-04:00,377.4444,0.1737
TSLA-20260922T13541044380,TSLA,2026-09-22,2026-09-22T10:41:53.320058-04:00,377.24,0.1194
TSLA-20260922T13541044380,TSLA,2026-09-22,2026-09-22T10:42:03.432552-04:00,377.25,0.1221
