trade_id,symbol,date,timestamp,price,gain_pct
CDW-20260924T13331206824,CDW,2026-09-24,2026-09-24T09:33:34.723970-04:00,144.045,-0.7271
CRDO-20260924T13331860071,CRDO,2026-09-24,2026-09-24T09:33:34.723970-04:00,188.025,0.0825
NVDA-20260924T13332501138,NVDA,2026-09-24,2026-09-24T09:33:44.665769-04:00,221.98,-0.0225
NVDA-20260924T13332501138,NVDA,2026-09-24,2026-09-24T09:33:48.092608-04:00,222.0,-0.0135
NVDA-20260924T13332501138,NVDA,2026-09-24,2026-09-24T09:33:51.319130-04:00,222.022,-0.0029
VICR-20260924T13332850710,VICR,2026-09-24,2026-09-24T09:33:51.319130-04:00,272.065,-0.6627
MRNA-20260924T13333172331,MRNA,2026-09-24,2026-09-24T09:33:51.319130-04:00,182.7688,0.3342
NVDA-20260924T13332501138,NVDA,2026-09-24,2026-09-24T09:33:54.748621-04:00,222.052,0.0106
VICR-20260924T13332850710,VICR,2026-09-24,2026-09-24T09:33:54.748621-04:00,273.29,-0.2154
MRNA-20260924T13333172331,MRNA,2026-09-24,2026-09-24T09:33:54.748621-04:00,182.3041,0.0791
ALAB-20260924T13331209978,ALAB,2026-09-24,2026-09-24T09:33:58.117263-04:00,351.2145,-0.4522
NVDA-20260924T13332501138,NVDA,2026-09-24,2026-09-24T09:33:58.117263-04:00,221.8271,-0.0907
MRNA-20260924T13333172331,MRNA,2026-09-24,2026-09-24T09:33:58.117263-04:00,182.445,0.1565
ALAB-20260924T13331209978,ALAB,2026-09-24,2026-09-24T09:34:01.583309-04:00,352.05,-0.2154
NVDA-20260924T13332501138,NVDA,2026-09-24,2026-09-24T09:34:01.583309-04:00,221.665,-0.1637
MRNA-20260924T13333172331,MRNA,2026-09-24,2026-09-24T09:34:01.583309-04:00,182.73,0.3129
INOD-20260924T13333841815,INOD,2026-09-24,2026-09-24T09:34:01.583309-04:00,70.8,-0.4779
ALAB-20260924T13331209978,ALAB,2026-09-24,2026-09-24T09:34:05.168124-04:00,352.45,-0.102
NVDA-20260924T13332501138,NVDA,2026-09-24,2026-09-24T09:34:05.168124-04:00,221.41,-0.2786
MRNA-20260924T13333172331,MRNA,2026-09-24,2026-09-24T09:34:05.168124-04:00,182.64,0.2635
ALAB-20260924T13331209978,ALAB,2026-09-24,2026-09-24T09:34:08.600102-04:00,352.55,-0.0737
NVDA-20260924T13332501138,NVDA,2026-09-24,2026-09-24T09:34:08.600102-04:00,221.5188,-0.2295
SAIL-20260924T13332845934,SAIL,2026-09-24,2026-09-24T09:34:08.600102-04:00,21.38,-0.3728
MRNA-20260924T13333172331,MRNA,2026-09-24,2026-09-24T09:34:08.600102-04:00,182.895,0.4035
ALAB-20260924T13331209978,ALAB,2026-09-24,2026-09-24T09:34:11.974227-04:00,352.0,-0.2296
NVDA-20260924T13332501138,NVDA,2026-09-24,2026-09-24T09:34:11.974227-04:00,221.46,-0.256
SAIL-20260924T13332845934,SAIL,2026-09-24,2026-09-24T09:34:11.974227-04:00,21.38,-0.3728
MRNA-20260924T13333172331,MRNA,2026-09-24,2026-09-24T09:34:11.974227-04:00,183.775,0.8866
ALAB-20260924T13331209978,ALAB,2026-09-24,2026-09-24T09:34:15.706429-04:00,352.115,-0.197
NVDA-20260924T13332501138,NVDA,2026-09-24,2026-09-24T09:34:15.706429-04:00,221.54,-0.22
SAIL-20260924T13332845934,SAIL,2026-09-24,2026-09-24T09:34:15.706429-04:00,21.38,-0.3728
MRNA-20260924T13333172331,MRNA,2026-09-24,2026-09-24T09:34:15.706429-04:00,183.65,0.818
ALAB-20260924T13331209978,ALAB,2026-09-24,2026-09-24T09:34:19.154018-04:00,351.985,-0.2338
NVDA-20260924T13332501138,NVDA,2026-09-24,2026-09-24T09:34:19.154018-04:00,221.6117,-0.1877
SAIL-20260924T13332845934,SAIL,2026-09-24,2026-09-24T09:34:19.154018-04:00,21.38,-0.3728
MRNA-20260924T13333172331,MRNA,2026-09-24,2026-09-24T09:34:19.154018-04:00,183.42,0.6917
ALAB-20260924T13331209978,ALAB,2026-09-24,2026-09-24T09:34:22.602592-04:00,352.02,-0.2239
NVDA-20260924T13332501138,NVDA,2026-09-24,2026-09-24T09:34:22.602592-04:00,221.7,-0.1479
SAIL-20260924T13332845934,SAIL,2026-09-24,2026-09-24T09:34:22.602592-04:00,21.424,-0.1678
MRNA-20260924T13333172331,MRNA,2026-09-24,2026-09-24T09:34:22.602592-04:00,183.4179,0.6905
DDOG-20260924T13334508795,DDOG,2026-09-24,2026-09-24T09:34:22.602592-04:00,248.965,-0.589
ALAB-20260924T13331209978,ALAB,2026-09-24,2026-09-24T09:34:25.995132-04:00,352.02,-0.2239
NVDA-20260924T13332501138,NVDA,2026-09-24,2026-09-24T09:34:25.995132-04:00,221.792,-0.1065
SAIL-20260924T13332845934,SAIL,2026-09-24,2026-09-24T09:34:25.995132-04:00,21.424,-0.1678
MRNA-20260924T13333172331,MRNA,2026-09-24,2026-09-24T09:34:25.995132-04:00,183.1667,0.5526
DDOG-20260924T13334508795,DDOG,2026-09-24,2026-09-24T09:34:25.995132-04:00,249.2762,-0.4647
ALAB-20260924T13331209978,ALAB,2026-09-24,2026-09-24T09:34:29.414421-04:00,351.345,-0.4152
NVDA-20260924T13332501138,NVDA,2026-09-24,2026-09-24T09:34:29.414421-04:00,221.792,-0.1065
SAIL-20260924T13332845934,SAIL,2026-09-24,2026-09-24T09:34:29.414421-04:00,21.424,-0.1678
MRNA-20260924T13333172331,MRNA,2026-09-24,2026-09-24T09:34:29.414421-04:00,183.065,0.4968
DDOG-20260924T13334508795,DDOG,2026-09-24,2026-09-24T09:34:29.414421-04:00,248.965,-0.589
ALAB-20260924T13331209978,ALAB,2026-09-24,2026-09-24T09:34:33.063453-04:00,352.29,-0.1474
NVDA-20260924T13332501138,NVDA,2026-09-24,2026-09-24T09:34:33.063453-04:00,221.99,-0.0173
SAIL-20260924T13332845934,SAIL,2026-09-24,2026-09-24T09:34:33.063453-04:00,21.424,-0.1678
MRNA-20260924T13333172331,MRNA,2026-09-24,2026-09-24T09:34:33.063453-04:00,183.4964,0.7336
DDOG-20260924T13334508795,DDOG,2026-09-24,2026-09-24T09:34:33.063453-04:00,248.7252,-0.6847
DRI-20260924T13342640617,DRI,2026-09-24,2026-09-24T09:34:33.063453-04:00,209.97,0.2578
ALAB-20260924T13331209978,ALAB,2026-09-24,2026-09-24T09:34:36.361345-04:00,353.6,0.2239
NVDA-20260924T13332501138,NVDA,2026-09-24,2026-09-24T09:34:36.361345-04:00,221.925,-0.0466
SAIL-20260924T13332845934,SAIL,2026-09-24,2026-09-24T09:34:36.361345-04:00,21.38,-0.3728
MRNA-20260924T13333172331,MRNA,2026-09-24,2026-09-24T09:34:36.361345-04:00,183.34,0.6478
DDOG-20260924T13334508795,DDOG,2026-09-24,2026-09-24T09:34:36.361345-04:00,248.44,-0.7986
DRI-20260924T13342640617,DRI,2026-09-24,2026-09-24T09:34:36.361345-04:00,209.97,0.2578
MRVL-20260924T13343000757,MRVL,2026-09-24,2026-09-24T09:34:36.361345-04:00,254.005,0.0414
ROST-20260924T13343006178,ROST,2026-09-24,2026-09-24T09:34:36.361345-04:00,234.045,-0.5714
ALAB-20260924T13331209978,ALAB,2026-09-24,2026-09-24T09:34:39.671394-04:00,352.79,-0.0057
NVDA-20260924T13332501138,NVDA,2026-09-24,2026-09-24T09:34:39.671394-04:00,221.98,-0.0218
SAIL-20260924T13332845934,SAIL,2026-09-24,2026-09-24T09:34:39.671394-04:00,21.38,-0.3728
MRNA-20260924T13333172331,MRNA,2026-09-24,2026-09-24T09:34:39.671394-04:00,183.68,0.8344
DDOG-20260924T13334508795,DDOG,2026-09-24,2026-09-24T09:34:39.671394-04:00,249.286,-0.4608
DRI-20260924T13342640617,DRI,2026-09-24,2026-09-24T09:34:39.671394-04:00,209.97,0.2578
MRVL-20260924T13343000757,MRVL,2026-09-24,2026-09-24T09:34:39.671394-04:00,254.258,0.141
ROST-20260924T13343006178,ROST,2026-09-24,2026-09-24T09:34:39.671394-04:00,234.045,-0.5714
ALAB-20260924T13331209978,ALAB,2026-09-24,2026-09-24T09:34:42.973702-04:00,352.74,-0.0198
NVDA-20260924T13332501138,NVDA,2026-09-24,2026-09-24T09:34:42.973702-04:00,221.8999,-0.0579
SAIL-20260924T13332845934,SAIL,2026-09-24,2026-09-24T09:34:42.973702-04:00,21.38,-0.3728
MRNA-20260924T13333172331,MRNA,2026-09-24,2026-09-24T09:34:42.973702-04:00,183.92,0.9662
DDOG-20260924T13334508795,DDOG,2026-09-24,2026-09-24T09:34:42.973702-04:00,249.3974,-0.4163
DRI-20260924T13342640617,DRI,2026-09-24,2026-09-24T09:34:42.973702-04:00,209.97,0.2578
MRVL-20260924T13343000757,MRVL,2026-09-24,2026-09-24T09:34:42.973702-04:00,254.05,0.0591
ROST-20260924T13343006178,ROST,2026-09-24,2026-09-24T09:34:42.973702-04:00,233.75,-0.6967
NXPI-20260924T13343667078,NXPI,2026-09-24,2026-09-24T09:34:42.973702-04:00,231.76,-0.3226
ALAB-20260924T13331209978,ALAB,2026-09-24,2026-09-24T09:34:46.267648-04:00,351.4654,-0.3811
NVDA-20260924T13332501138,NVDA,2026-09-24,2026-09-24T09:34:46.267648-04:00,221.852,-0.0795
SAIL-20260924T13332845934,SAIL,2026-09-24,2026-09-24T09:34:46.267648-04:00,21.38,-0.3728
MRNA-20260924T13333172331,MRNA,2026-09-24,2026-09-24T09:34:46.267648-04:00,183.9,0.9552
DDOG-20260924T13334508795,DDOG,2026-09-24,2026-09-24T09:34:46.267648-04:00,248.965,-0.589
DRI-20260924T13342640617,DRI,2026-09-24,2026-09-24T09:34:46.267648-04:00,209.97,0.2578
MRVL-20260924T13343000757,MRVL,2026-09-24,2026-09-24T09:34:46.267648-04:00,254.32,0.1654
ROST-20260924T13343006178,ROST,2026-09-24,2026-09-24T09:34:46.267648-04:00,233.75,-0.6967
NXPI-20260924T13343667078,NXPI,2026-09-24,2026-09-24T09:34:46.267648-04:00,231.8692,-0.2756
ALAB-20260924T13331209978,ALAB,2026-09-24,2026-09-24T09:34:49.553095-04:00,352.17,-0.1814
NVDA-20260924T13332501138,NVDA,2026-09-24,2026-09-24T09:34:49.553095-04:00,221.812,-0.0975
SAIL-20260924T13332845934,SAIL,2026-09-24,2026-09-24T09:34:49.553095-04:00,21.37,-0.4194
MRNA-20260924T13333172331,MRNA,2026-09-24,2026-09-24T09:34:49.553095-04:00,183.744,0.8696
DDOG-20260924T13334508795,DDOG,2026-09-24,2026-09-24T09:34:49.553095-04:00,249.46,-0.3913
DRI-20260924T13342640617,DRI,2026-09-24,2026-09-24T09:34:49.553095-04:00,209.97,0.2578
MRVL-20260924T13343000757,MRVL,2026-09-24,2026-09-24T09:34:49.553095-04:00,254.144,0.0961
ROST-20260924T13343006178,ROST,2026-09-24,2026-09-24T09:34:49.553095-04:00,233.2,-0.9304
NXPI-20260924T13343667078,NXPI,2026-09-24,2026-09-24T09:34:49.553095-04:00,231.8692,-0.2756
ALAB-20260924T13331209978,ALAB,2026-09-24,2026-09-24T09:34:52.872723-04:00,352.74,-0.0198
NVDA-20260924T13332501138,NVDA,2026-09-24,2026-09-24T09:34:52.872723-04:00,221.92,-0.0489
SAIL-20260924T13332845934,SAIL,2026-09-24,2026-09-24T09:34:52.872723-04:00,21.37,-0.4194
MRNA-20260924T13333172331,MRNA,2026-09-24,2026-09-24T09:34:52.872723-04:00,183.72,0.8564
DDOG-20260924T13334508795,DDOG,2026-09-24,2026-09-24T09:34:52.872723-04:00,248.965,-0.589
DRI-20260924T13342640617,DRI,2026-09-24,2026-09-24T09:34:52.872723-04:00,209.97,0.2578
MRVL-20260924T13343000757,MRVL,2026-09-24,2026-09-24T09:34:52.872723-04:00,253.625,-0.1083
ROST-20260924T13343006178,ROST,2026-09-24,2026-09-24T09:34:52.872723-04:00,233.755,-0.6946
NXPI-20260924T13343667078,NXPI,2026-09-24,2026-09-24T09:34:52.872723-04:00,231.755,-0.3247
ALAB-20260924T13331209978,ALAB,2026-09-24,2026-09-24T09:34:56.163162-04:00,353.14,0.0935
NVDA-20260924T13332501138,NVDA,2026-09-24,2026-09-24T09:34:56.163162-04:00,221.93,-0.0443
SAIL-20260924T13332845934,SAIL,2026-09-24,2026-09-24T09:34:56.163162-04:00,21.37,-0.4194
MRNA-20260924T13333172331,MRNA,2026-09-24,2026-09-24T09:34:56.163162-04:00,184.1,1.065
DDOG-20260924T13334508795,DDOG,2026-09-24,2026-09-24T09:34:56.163162-04:00,249.45,-0.3953
DRI-20260924T13342640617,DRI,2026-09-24,2026-09-24T09:34:56.163162-04:00,209.97,0.2578
MRVL-20260924T13343000757,MRVL,2026-09-24,2026-09-24T09:34:56.163162-04:00,254.38,0.1891
ROST-20260924T13343006178,ROST,2026-09-24,2026-09-24T09:34:56.163162-04:00,233.755,-0.6946
NXPI-20260924T13343667078,NXPI,2026-09-24,2026-09-24T09:34:56.163162-04:00,231.755,-0.3247
ALAB-20260924T13331209978,ALAB,2026-09-24,2026-09-24T09:34:59.490284-04:00,352.76,-0.0142
NVDA-20260924T13332501138,NVDA,2026-09-24,2026-09-24T09:34:59.490284-04:00,221.906,-0.0552
SAIL-20260924T13332845934,SAIL,2026-09-24,2026-09-24T09:34:59.490284-04:00,21.364,-0.4473
MRNA-20260924T13333172331,MRNA,2026-09-24,2026-09-24T09:34:59.490284-04:00,183.8,0.9003
DDOG-20260924T13334508795,DDOG,2026-09-24,2026-09-24T09:34:59.490284-04:00,249.365,-0.4292
DRI-20260924T13342640617,DRI,2026-09-24,2026-09-24T09:34:59.490284-04:00,209.97,0.2578
MRVL-20260924T13343000757,MRVL,2026-09-24,2026-09-24T09:34:59.490284-04:00,253.98,0.0315
ROST-20260924T13343006178,ROST,2026-09-24,2026-09-24T09:34:59.490284-04:00,233.23,-0.9176
NXPI-20260924T13343667078,NXPI,2026-09-24,2026-09-24T09:34:59.490284-04:00,231.01,-0.6451
ALAB-20260924T13331209978,ALAB,2026-09-24,2026-09-24T09:35:02.726484-04:00,352.0101,-0.2267
NVDA-20260924T13332501138,NVDA,2026-09-24,2026-09-24T09:35:02.726484-04:00,221.788,-0.1083
SAIL-20260924T13332845934,SAIL,2026-09-24,2026-09-24T09:35:02.726484-04:00,21.3,-0.7456
MRNA-20260924T13333172331,MRNA,2026-09-24,2026-09-24T09:35:02.726484-04:00,183.95,0.9827
DDOG-20260924T13334508795,DDOG,2026-09-24,2026-09-24T09:35:02.726484-04:00,249.2738,-0.4657
DRI-20260924T13342640617,DRI,2026-09-24,2026-09-24T09:35:02.726484-04:00,208.44,-0.4727
MRVL-20260924T13343000757,MRVL,2026-09-24,2026-09-24T09:35:02.726484-04:00,253.94,0.0158
ROST-20260924T13343006178,ROST,2026-09-24,2026-09-24T09:35:02.726484-04:00,234.3457,-0.4436
NXPI-20260924T13343667078,NXPI,2026-09-24,2026-09-24T09:35:02.726484-04:00,231.75,-0.3269
ALAB-20260924T13331209978,ALAB,2026-09-24,2026-09-24T09:35:06.470788-04:00,352.29,-0.1474
NVDA-20260924T13332501138,NVDA,2026-09-24,2026-09-24T09:35:06.470788-04:00,221.7443,-0.128
SAIL-20260924T13332845934,SAIL,2026-09-24,2026-09-24T09:35:06.470788-04:00,21.3675,-0.431
MRNA-20260924T13333172331,MRNA,2026-09-24,2026-09-24T09:35:06.470788-04:00,183.885,0.947
DDOG-20260924T13334508795,DDOG,2026-09-24,2026-09-24T09:35:06.470788-04:00,248.882,-0.6221
DRI-20260924T13342640617,DRI,2026-09-24,2026-09-24T09:35:06.470788-04:00,208.44,-0.4727
MRVL-20260924T13343000757,MRVL,2026-09-24,2026-09-24T09:35:06.470788-04:00,253.965,0.0256
ROST-20260924T13343006178,ROST,2026-09-24,2026-09-24T09:35:06.470788-04:00,234.1836,-0.5125
NXPI-20260924T13343667078,NXPI,2026-09-24,2026-09-24T09:35:06.470788-04:00,231.9068,-0.2594
ALAB-20260924T13331209978,ALAB,2026-09-24,2026-09-24T09:35:09.901573-04:00,353.16,0.0992
NVDA-20260924T13332501138,NVDA,2026-09-24,2026-09-24T09:35:09.901573-04:00,221.75,-0.1254
SAIL-20260924T13332845934,SAIL,2026-09-24,2026-09-24T09:35:09.901573-04:00,21.3675,-0.431
MRNA-20260924T13333172331,MRNA,2026-09-24,2026-09-24T09:35:09.901573-04:00,183.5566,0.7667
DDOG-20260924T13334508795,DDOG,2026-09-24,2026-09-24T09:35:09.901573-04:00,249.5,-0.3753
DRI-20260924T13342640617,DRI,2026-09-24,2026-09-24T09:35:09.901573-04:00,208.44,-0.4727
MRVL-20260924T13343000757,MRVL,2026-09-24,2026-09-24T09:35:09.901573-04:00,253.8,-0.0394
ROST-20260924T13343006178,ROST,2026-09-24,2026-09-24T09:35:09.901573-04:00,233.2,-0.9304
NXPI-20260924T13343667078,NXPI,2026-09-24,2026-09-24T09:35:09.901573-04:00,231.11,-0.6021
ALAB-20260924T13331209978,ALAB,2026-09-24,2026-09-24T09:35:13.645796-04:00,352.9588,0.0422
NVDA-20260924T13332501138,NVDA,2026-09-24,2026-09-24T09:35:13.645796-04:00,221.782,-0.111
SAIL-20260924T13332845934,SAIL,2026-09-24,2026-09-24T09:35:13.645796-04:00,21.44,-0.0932
MRNA-20260924T13333172331,MRNA,2026-09-24,2026-09-24T09:35:13.645796-04:00,183.67,0.8289
DDOG-20260924T13334508795,DDOG,2026-09-24,2026-09-24T09:35:13.645796-04:00,250.075,-0.1457
DRI-20260924T13342640617,DRI,2026-09-24,2026-09-24T09:35:13.645796-04:00,208.44,-0.4727
MRVL-20260924T13343000757,MRVL,2026-09-24,2026-09-24T09:35:13.645796-04:00,254.165,0.1044
ROST-20260924T13343006178,ROST,2026-09-24,2026-09-24T09:35:13.645796-04:00,233.48,-0.8114
NXPI-20260924T13343667078,NXPI,2026-09-24,2026-09-24T09:35:13.645796-04:00,231.11,-0.6021
ALAB-20260924T13331209978,ALAB,2026-09-24,2026-09-24T09:35:17.102018-04:00,353.25,0.1247
NVDA-20260924T13332501138,NVDA,2026-09-24,2026-09-24T09:35:17.102018-04:00,221.8358,-0.0868
SAIL-20260924T13332845934,SAIL,2026-09-24,2026-09-24T09:35:17.102018-04:00,21.55,0.4194
MRNA-20260924T13333172331,MRNA,2026-09-24,2026-09-24T09:35:17.102018-04:00,183.38,0.6697
DDOG-20260924T13334508795,DDOG,2026-09-24,2026-09-24T09:35:17.102018-04:00,250.075,-0.1457
DRI-20260924T13342640617,DRI,2026-09-24,2026-09-24T09:35:17.102018-04:00,208.44,-0.4727
MRVL-20260924T13343000757,MRVL,2026-09-24,2026-09-24T09:35:17.102018-04:00,254.1811,0.1107
ROST-20260924T13343006178,ROST,2026-09-24,2026-09-24T09:35:17.102018-04:00,233.525,-0.7923
NXPI-20260924T13343667078,NXPI,2026-09-24,2026-09-24T09:35:17.102018-04:00,231.7273,-0.3366
ALAB-20260924T13331209978,ALAB,2026-09-24,2026-09-24T09:35:20.638815-04:00,353.0,0.0539
NVDA-20260924T13332501138,NVDA,2026-09-24,2026-09-24T09:35:20.638815-04:00,221.87,-0.0714
SAIL-20260924T13332845934,SAIL,2026-09-24,2026-09-24T09:35:20.638815-04:00,21.47,0.0466
MRNA-20260924T13333172331,MRNA,2026-09-24,2026-09-24T09:35:20.638815-04:00,183.45,0.7082
DDOG-20260924T13334508795,DDOG,2026-09-24,2026-09-24T09:35:20.638815-04:00,250.52,0.0319
DRI-20260924T13342640617,DRI,2026-09-24,2026-09-24T09:35:20.638815-04:00,208.44,-0.4727
MRVL-20260924T13343000757,MRVL,2026-09-24,2026-09-24T09:35:20.638815-04:00,253.5816,-0.1254
ROST-20260924T13343006178,ROST,2026-09-24,2026-09-24T09:35:20.638815-04:00,233.525,-0.7923
NXPI-20260924T13343667078,NXPI,2026-09-24,2026-09-24T09:35:20.638815-04:00,231.7273,-0.3366
ALAB-20260924T13331209978,ALAB,2026-09-24,2026-09-24T09:35:24.391716-04:00,353.17,0.102
NVDA-20260924T13332501138,NVDA,2026-09-24,2026-09-24T09:35:24.391716-04:00,221.888,-0.0633
SAIL-20260924T13332845934,SAIL,2026-09-24,2026-09-24T09:35:24.391716-04:00,21.47,0.0466
MRNA-20260924T13333172331,MRNA,2026-09-24,2026-09-24T09:35:24.391716-04:00,183.34,0.6478
DDOG-20260924T13334508795,DDOG,2026-09-24,2026-09-24T09:35:24.391716-04:00,250.51,0.028
DRI-20260924T13342640617,DRI,2026-09-24,2026-09-24T09:35:24.391716-04:00,208.44,-0.4727
MRVL-20260924T13343000757,MRVL,2026-09-24,2026-09-24T09:35:24.391716-04:00,254.75,0.3348
ROST-20260924T13343006178,ROST,2026-09-24,2026-09-24T09:35:24.391716-04:00,234.0,-0.5905
NXPI-20260924T13343667078,NXPI,2026-09-24,2026-09-24T09:35:24.391716-04:00,231.7273,-0.3366
ALAB-20260924T13331209978,ALAB,2026-09-24,2026-09-24T09:35:28.082732-04:00,353.195,0.1091
NVDA-20260924T13332501138,NVDA,2026-09-24,2026-09-24T09:35:28.082732-04:00,221.97,-0.0263
SAIL-20260924T13332845934,SAIL,2026-09-24,2026-09-24T09:35:28.082732-04:00,21.465,0.0233
MRNA-20260924T13333172331,MRNA,2026-09-24,2026-09-24T09:35:28.082732-04:00,182.79,0.3458
DDOG-20260924T13334508795,DDOG,2026-09-24,2026-09-24T09:35:28.082732-04:00,250.08,-0.1437
DRI-20260924T13342640617,DRI,2026-09-24,2026-09-24T09:35:28.082732-04:00,208.44,-0.4727
MRVL-20260924T13343000757,MRVL,2026-09-24,2026-09-24T09:35:28.082732-04:00,254.905,0.3958
ROST-20260924T13343006178,ROST,2026-09-24,2026-09-24T09:35:28.082732-04:00,234.0,-0.5905
NXPI-20260924T13343667078,NXPI,2026-09-24,2026-09-24T09:35:28.082732-04:00,232.47,-0.0172
ALAB-20260924T13331209978,ALAB,2026-09-24,2026-09-24T09:35:31.858144-04:00,353.4,0.1672
NVDA-20260924T13332501138,NVDA,2026-09-24,2026-09-24T09:35:31.858144-04:00,221.944,-0.038
SAIL-20260924T13332845934,SAIL,2026-09-24,2026-09-24T09:35:31.858144-04:00,21.45,-0.0466
MRNA-20260924T13333172331,MRNA,2026-09-24,2026-09-24T09:35:31.858144-04:00,183.14,0.538
DDOG-20260924T13334508795,DDOG,2026-09-24,2026-09-24T09:35:31.858144-04:00,250.08,-0.1437
MRVL-20260924T13343000757,MRVL,2026-09-24,2026-09-24T09:35:31.858144-04:00,254.84,0.3702
ROST-20260924T13343006178,ROST,2026-09-24,2026-09-24T09:35:31.858144-04:00,234.0,-0.5905
NXPI-20260924T13343667078,NXPI,2026-09-24,2026-09-24T09:35:31.858144-04:00,232.47,-0.0172
ALAB-20260924T13331209978,ALAB,2026-09-24,2026-09-24T09:35:35.719979-04:00,353.6718,0.2443
NVDA-20260924T13332501138,NVDA,2026-09-24,2026-09-24T09:35:35.719979-04:00,221.97,-0.0263
SAIL-20260924T13332845934,SAIL,2026-09-24,2026-09-24T09:35:35.719979-04:00,21.444,-0.0746
MRNA-20260924T13333172331,MRNA,2026-09-24,2026-09-24T09:35:35.719979-04:00,183.605,0.7933
DDOG-20260924T13334508795,DDOG,2026-09-24,2026-09-24T09:35:35.719979-04:00,250.08,-0.1437
MRVL-20260924T13343000757,MRVL,2026-09-24,2026-09-24T09:35:35.719979-04:00,254.7,0.3151
NXPI-20260924T13343667078,NXPI,2026-09-24,2026-09-24T09:35:35.719979-04:00,232.47,-0.0172
ALAB-20260924T13331209978,ALAB,2026-09-24,2026-09-24T09:35:39.400053-04:00,353.4,0.1672
NVDA-20260924T13332501138,NVDA,2026-09-24,2026-09-24T09:35:39.400053-04:00,222.03,0.0007
SAIL-20260924T13332845934,SAIL,2026-09-24,2026-09-24T09:35:39.400053-04:00,21.5172,0.2665
MRNA-20260924T13333172331,MRNA,2026-09-24,2026-09-24T09:35:39.400053-04:00,183.62,0.8015
DDOG-20260924T13334508795,DDOG,2026-09-24,2026-09-24T09:35:39.400053-04:00,249.53,-0.3634
MRVL-20260924T13343000757,MRVL,2026-09-24,2026-09-24T09:35:39.400053-04:00,254.905,0.3958
NXPI-20260924T13343667078,NXPI,2026-09-24,2026-09-24T09:35:39.400053-04:00,232.47,-0.0172
ALAB-20260924T13331209978,ALAB,2026-09-24,2026-09-24T09:35:43.331862-04:00,354.0,0.3373
NVDA-20260924T13332501138,NVDA,2026-09-24,2026-09-24T09:35:43.331862-04:00,221.96,-0.0308
SAIL-20260924T13332845934,SAIL,2026-09-24,2026-09-24T09:35:43.331862-04:00,21.5172,0.2665
MRNA-20260924T13333172331,MRNA,2026-09-24,2026-09-24T09:35:43.331862-04:00,184.28,1.1638
DDOG-20260924T13334508795,DDOG,2026-09-24,2026-09-24T09:35:43.331862-04:00,250.08,-0.1437
MRVL-20260924T13343000757,MRVL,2026-09-24,2026-09-24T09:35:43.331862-04:00,254.89,0.3899
FTNT-20260924T13352884878,FTNT,2026-09-24,2026-09-24T09:35:43.331862-04:00,178.38,-0.3241
ALAB-20260924T13331209978,ALAB,2026-09-24,2026-09-24T09:35:47.015970-04:00,354.0,0.3373
NVDA-20260924T13332501138,NVDA,2026-09-24,2026-09-24T09:35:47.015970-04:00,221.986,-0.0191
SAIL-20260924T13332845934,SAIL,2026-09-24,2026-09-24T09:35:47.015970-04:00,21.5172,0.2665
MRNA-20260924T13333172331,MRNA,2026-09-24,2026-09-24T09:35:47.015970-04:00,184.52,1.2956
DDOG-20260924T13334508795,DDOG,2026-09-24,2026-09-24T09:35:47.015970-04:00,250.412,-0.0112
MRVL-20260924T13343000757,MRVL,2026-09-24,2026-09-24T09:35:47.015970-04:00,254.96,0.4175
FTNT-20260924T13352884878,FTNT,2026-09-24,2026-09-24T09:35:47.015970-04:00,177.8635,-0.6127
ALAB-20260924T13331209978,ALAB,2026-09-24,2026-09-24T09:35:50.615407-04:00,353.9663,0.3277
NVDA-20260924T13332501138,NVDA,2026-09-24,2026-09-24T09:35:50.615407-04:00,222.0,-0.0128
SAIL-20260924T13332845934,SAIL,2026-09-24,2026-09-24T09:35:50.615407-04:00,21.4243,-0.1664
MRNA-20260924T13333172331,MRNA,2026-09-24,2026-09-24T09:35:50.615407-04:00,184.5,1.2846
DDOG-20260924T13334508795,DDOG,2026-09-24,2026-09-24T09:35:50.615407-04:00,250.085,-0.1418
MRVL-20260924T13343000757,MRVL,2026-09-24,2026-09-24T09:35:50.615407-04:00,253.7612,-0.0547
FTNT-20260924T13352884878,FTNT,2026-09-24,2026-09-24T09:35:50.615407-04:00,178.726,-0.1308
PANW-20260924T13354033049,PANW,2026-09-24,2026-09-24T09:35:50.615407-04:00,393.01,0.0
ALAB-20260924T13331209978,ALAB,2026-09-24,2026-09-24T09:35:54.218945-04:00,354.16,0.3826
NVDA-20260924T13332501138,NVDA,2026-09-24,2026-09-24T09:35:54.218945-04:00,222.16,0.0592
SAIL-20260924T13332845934,SAIL,2026-09-24,2026-09-24T09:35:54.218945-04:00,21.4243,-0.1664
MRNA-20260924T13333172331,MRNA,2026-09-24,2026-09-24T09:35:54.218945-04:00,184.4376,1.2503
DDOG-20260924T13334508795,DDOG,2026-09-24,2026-09-24T09:35:54.218945-04:00,249.758,-0.2723
MRVL-20260924T13343000757,MRVL,2026-09-24,2026-09-24T09:35:54.218945-04:00,255.49,0.6262
FTNT-20260924T13352884878,FTNT,2026-09-24,2026-09-24T09:35:54.218945-04:00,178.022,-0.5241
PANW-20260924T13354033049,PANW,2026-09-24,2026-09-24T09:35:54.218945-04:00,392.64,-0.0941
ALAB-20260924T13331209978,ALAB,2026-09-24,2026-09-24T09:35:57.903693-04:00,354.16,0.3826
NVDA-20260924T13332501138,NVDA,2026-09-24,2026-09-24T09:35:57.903693-04:00,222.238,0.0944
SAIL-20260924T13332845934,SAIL,2026-09-24,2026-09-24T09:35:57.903693-04:00,21.4243,-0.1664
MRNA-20260924T13333172331,MRNA,2026-09-24,2026-09-24T09:35:57.903693-04:00,184.53,1.3011
DDOG-20260924T13334508795,DDOG,2026-09-24,2026-09-24T09:35:57.903693-04:00,250.24,-0.0799
MRVL-20260924T13343000757,MRVL,2026-09-24,2026-09-24T09:35:57.903693-04:00,255.3262,0.5617
FTNT-20260924T13352884878,FTNT,2026-09-24,2026-09-24T09:35:57.903693-04:00,178.82,-0.0782
PANW-20260924T13354033049,PANW,2026-09-24,2026-09-24T09:35:57.903693-04:00,391.9436,-0.2713
ALAB-20260924T13331209978,ALAB,2026-09-24,2026-09-24T09:36:01.423035-04:00,354.35,0.4365
NVDA-20260924T13332501138,NVDA,2026-09-24,2026-09-24T09:36:01.423035-04:00,222.26,0.1043
SAIL-20260924T13332845934,SAIL,2026-09-24,2026-09-24T09:36:01.423035-04:00,21.4243,-0.1664
MRNA-20260924T13333172331,MRNA,2026-09-24,2026-09-24T09:36:01.423035-04:00,184.5048,1.2872
DDOG-20260924T13334508795,DDOG,2026-09-24,2026-09-24T09:36:01.423035-04:00,250.245,-0.0779
MRVL-20260924T13343000757,MRVL,2026-09-24,2026-09-24T09:36:01.423035-04:00,255.74,0.7247
FTNT-20260924T13352884878,FTNT,2026-09-24,2026-09-24T09:36:01.423035-04:00,178.405,-0.3101
PANW-20260924T13354033049,PANW,2026-09-24,2026-09-24T09:36:01.423035-04:00,392.4015,-0.1548
ALAB-20260924T13331209978,ALAB,2026-09-24,2026-09-24T09:36:05.635175-04:00,355.69,0.8163
NVDA-20260924T13332501138,NVDA,2026-09-24,2026-09-24T09:36:05.635175-04:00,222.37,0.1538
SAIL-20260924T13332845934,SAIL,2026-09-24,2026-09-24T09:36:05.635175-04:00,21.4243,-0.1664
MRNA-20260924T13333172331,MRNA,2026-09-24,2026-09-24T09:36:05.635175-04:00,184.4789,1.273
DDOG-20260924T13334508795,DDOG,2026-09-24,2026-09-24T09:36:05.635175-04:00,250.01,-0.1717
MRVL-20260924T13343000757,MRVL,2026-09-24,2026-09-24T09:36:05.635175-04:00,256.32,0.9531
FTNT-20260924T13352884878,FTNT,2026-09-24,2026-09-24T09:36:05.635175-04:00,178.405,-0.3101
PANW-20260924T13354033049,PANW,2026-09-24,2026-09-24T09:36:05.635175-04:00,392.035,-0.2481
ALAB-20260924T13331209978,ALAB,2026-09-24,2026-09-24T09:36:09.258505-04:00,355.69,0.8163
NVDA-20260924T13332501138,NVDA,2026-09-24,2026-09-24T09:36:09.258505-04:00,222.33,0.1358
SAIL-20260924T13332845934,SAIL,2026-09-24,2026-09-24T09:36:09.258505-04:00,21.4243,-0.1664
MRNA-20260924T13333172331,MRNA,2026-09-24,2026-09-24T09:36:09.258505-04:00,184.3731,1.2149
DDOG-20260924T13334508795,DDOG,2026-09-24,2026-09-24T09:36:09.258505-04:00,249.5312,-0.3629
MRVL-20260924T13343000757,MRVL,2026-09-24,2026-09-24T09:36:09.258505-04:00,255.94,0.8035
FTNT-20260924T13352884878,FTNT,2026-09-24,2026-09-24T09:36:09.258505-04:00,178.6992,-0.1457
PANW-20260924T13354033049,PANW,2026-09-24,2026-09-24T09:36:09.258505-04:00,391.705,-0.3321
ALAB-20260924T13331209978,ALAB,2026-09-24,2026-09-24T09:36:12.806741-04:00,356.0795,0.9267
NVDA-20260924T13332501138,NVDA,2026-09-24,2026-09-24T09:36:12.806741-04:00,222.282,0.1142
SAIL-20260924T13332845934,SAIL,2026-09-24,2026-09-24T09:36:12.806741-04:00,21.4243,-0.1664
MRNA-20260924T13333172331,MRNA,2026-09-24,2026-09-24T09:36:12.806741-04:00,184.04,1.0321
DDOG-20260924T13334508795,DDOG,2026-09-24,2026-09-24T09:36:12.806741-04:00,249.712,-0.2907
MRVL-20260924T13343000757,MRVL,2026-09-24,2026-09-24T09:36:12.806741-04:00,255.89,0.7838
FTNT-20260924T13352884878,FTNT,2026-09-24,2026-09-24T09:36:12.806741-04:00,178.4,-0.3129
PANW-20260924T13354033049,PANW,2026-09-24,2026-09-24T09:36:12.806741-04:00,391.71,-0.3308
VKTX-20260924T13360625319,VKTX,2026-09-24,2026-09-24T09:36:12.806741-04:00,35.935,0.2215
ALAB-20260924T13331209978,ALAB,2026-09-24,2026-09-24T09:36:16.433613-04:00,355.6225,0.7972
NVDA-20260924T13332501138,NVDA,2026-09-24,2026-09-24T09:36:16.433613-04:00,222.29,0.1178
SAIL-20260924T13332845934,SAIL,2026-09-24,2026-09-24T09:36:16.433613-04:00,21.4243,-0.1664
MRNA-20260924T13333172331,MRNA,2026-09-24,2026-09-24T09:36:16.433613-04:00,184.24,1.1419
DDOG-20260924T13334508795,DDOG,2026-09-24,2026-09-24T09:36:16.433613-04:00,249.755,-0.2735
MRVL-20260924T13343000757,MRVL,2026-09-24,2026-09-24T09:36:16.433613-04:00,256.3604,0.969
FTNT-20260924T13352884878,FTNT,2026-09-24,2026-09-24T09:36:16.433613-04:00,178.39,-0.3185
PANW-20260924T13354033049,PANW,2026-09-24,2026-09-24T09:36:16.433613-04:00,392.1767,-0.212
VKTX-20260924T13360625319,VKTX,2026-09-24,2026-09-24T09:36:16.433613-04:00,35.69,-0.4618
ALAB-20260924T13331209978,ALAB,2026-09-24,2026-09-24T09:36:19.941840-04:00,355.85,0.8617
NVDA-20260924T13332501138,NVDA,2026-09-24,2026-09-24T09:36:19.941840-04:00,222.25,0.0998
SAIL-20260924T13332845934,SAIL,2026-09-24,2026-09-24T09:36:19.941840-04:00,21.444,-0.0746
MRNA-20260924T13333172331,MRNA,2026-09-24,2026-09-24T09:36:19.941840-04:00,184.3,1.1748
DDOG-20260924T13334508795,DDOG,2026-09-24,2026-09-24T09:36:19.941840-04:00,249.755,-0.2735
MRVL-20260924T13343000757,MRVL,2026-09-24,2026-09-24T09:36:19.941840-04:00,256.07,0.8547
FTNT-20260924T13352884878,FTNT,2026-09-24,2026-09-24T09:36:19.941840-04:00,178.39,-0.3185
PANW-20260924T13354033049,PANW,2026-09-24,2026-09-24T09:36:19.941840-04:00,391.7,-0.3333
VKTX-20260924T13360625319,VKTX,2026-09-24,2026-09-24T09:36:19.941840-04:00,35.7324,-0.3435
ALAB-20260924T13331209978,ALAB,2026-09-24,2026-09-24T09:36:23.531462-04:00,355.73,0.8276
NVDA-20260924T13332501138,NVDA,2026-09-24,2026-09-24T09:36:23.531462-04:00,222.26,0.1043
SAIL-20260924T13332845934,SAIL,2026-09-24,2026-09-24T09:36:23.531462-04:00,21.33,-0.6058
MRNA-20260924T13333172331,MRNA,2026-09-24,2026-09-24T09:36:23.531462-04:00,184.02,1.0211
DDOG-20260924T13334508795,DDOG,2026-09-24,2026-09-24T09:36:23.531462-04:00,249.65,-0.3154
MRVL-20260924T13343000757,MRVL,2026-09-24,2026-09-24T09:36:23.531462-04:00,256.0901,0.8626
FTNT-20260924T13352884878,FTNT,2026-09-24,2026-09-24T09:36:23.531462-04:00,178.39,-0.3185
PANW-20260924T13354033049,PANW,2026-09-24,2026-09-24T09:36:23.531462-04:00,391.615,-0.355
VKTX-20260924T13360625319,VKTX,2026-09-24,2026-09-24T09:36:23.531462-04:00,35.6897,-0.4626
ALAB-20260924T13331209978,ALAB,2026-09-24,2026-09-24T09:36:27.077777-04:00,354.83,0.5725
NVDA-20260924T13332501138,NVDA,2026-09-24,2026-09-24T09:36:27.077777-04:00,222.335,0.1381
SAIL-20260924T13332845934,SAIL,2026-09-24,2026-09-24T09:36:27.077777-04:00,21.33,-0.6058
MRNA-20260924T13333172331,MRNA,2026-09-24,2026-09-24T09:36:27.077777-04:00,183.8369,0.9206
DDOG-20260924T13334508795,DDOG,2026-09-24,2026-09-24T09:36:27.077777-04:00,250.434,-0.0024
MRVL-20260924T13343000757,MRVL,2026-09-24,2026-09-24T09:36:27.077777-04:00,255.9155,0.7938
FTNT-20260924T13352884878,FTNT,2026-09-24,2026-09-24T09:36:27.077777-04:00,178.39,-0.3185
PANW-20260924T13354033049,PANW,2026-09-24,2026-09-24T09:36:27.077777-04:00,391.615,-0.355
VKTX-20260924T13360625319,VKTX,2026-09-24,2026-09-24T09:36:27.077777-04:00,35.67,-0.5175
ALAB-20260924T13331209978,ALAB,2026-09-24,2026-09-24T09:36:30.730169-04:00,353.8007,0.2808
NVDA-20260924T13332501138,NVDA,2026-09-24,2026-09-24T09:36:30.730169-04:00,222.3698,0.1537
SAIL-20260924T13332845934,SAIL,2026-09-24,2026-09-24T09:36:30.730169-04:00,21.33,-0.6058
MRNA-20260924T13333172331,MRNA,2026-09-24,2026-09-24T09:36:30.730169-04:00,183.9,0.9552
DDOG-20260924T13334508795,DDOG,2026-09-24,2026-09-24T09:36:30.730169-04:00,250.075,-0.1457
MRVL-20260924T13343000757,MRVL,2026-09-24,2026-09-24T09:36:30.730169-04:00,255.645,0.6873
FTNT-20260924T13352884878,FTNT,2026-09-24,2026-09-24T09:36:30.730169-04:00,178.39,-0.3185
PANW-20260924T13354033049,PANW,2026-09-24,2026-09-24T09:36:30.730169-04:00,391.615,-0.355
VKTX-20260924T13360625319,VKTX,2026-09-24,2026-09-24T09:36:30.730169-04:00,35.5919,-0.7354
ALAB-20260924T13331209978,ALAB,2026-09-24,2026-09-24T09:36:34.381800-04:00,354.588,0.504
NVDA-20260924T13332501138,NVDA,2026-09-24,2026-09-24T09:36:34.381800-04:00,222.42,0.1763
SAIL-20260924T13332845934,SAIL,2026-09-24,2026-09-24T09:36:34.381800-04:00,21.4418,-0.0848
MRNA-20260924T13333172331,MRNA,2026-09-24,2026-09-24T09:36:34.381800-04:00,184.385,1.2215
DDOG-20260924T13334508795,DDOG,2026-09-24,2026-09-24T09:36:34.381800-04:00,249.91,-0.2116
MRVL-20260924T13343000757,MRVL,2026-09-24,2026-09-24T09:36:34.381800-04:00,255.96,0.8113
FTNT-20260924T13352884878,FTNT,2026-09-24,2026-09-24T09:36:34.381800-04:00,177.8543,-0.6178
PANW-20260924T13354033049,PANW,2026-09-24,2026-09-24T09:36:34.381800-04:00,391.2202,-0.4554
VKTX-20260924T13360625319,VKTX,2026-09-24,2026-09-24T09:36:34.381800-04:00,35.7311,-0.3471
ALAB-20260924T13331209978,ALAB,2026-09-24,2026-09-24T09:36:37.911920-04:00,355.09,0.6462
NVDA-20260924T13332501138,NVDA,2026-09-24,2026-09-24T09:36:37.911920-04:00,222.4,0.1673
SAIL-20260924T13332845934,SAIL,2026-09-24,2026-09-24T09:36:37.911920-04:00,21.38,-0.3728
MRNA-20260924T13333172331,MRNA,2026-09-24,2026-09-24T09:36:37.911920-04:00,184.41,1.2352
DDOG-20260924T13334508795,DDOG,2026-09-24,2026-09-24T09:36:37.911920-04:00,250.08,-0.1437
MRVL-20260924T13343000757,MRVL,2026-09-24,2026-09-24T09:36:37.911920-04:00,256.19,0.9019
FTNT-20260924T13352884878,FTNT,2026-09-24,2026-09-24T09:36:37.911920-04:00,178.425,-0.2989
PANW-20260924T13354033049,PANW,2026-09-24,2026-09-24T09:36:37.911920-04:00,392.0435,-0.2459
VKTX-20260924T13360625319,VKTX,2026-09-24,2026-09-24T09:36:37.911920-04:00,35.8,-0.155
ALAB-20260924T13331209978,ALAB,2026-09-24,2026-09-24T09:36:41.448694-04:00,355.0,0.6207
NVDA-20260924T13332501138,NVDA,2026-09-24,2026-09-24T09:36:41.448694-04:00,222.29,0.1178
SAIL-20260924T13332845934,SAIL,2026-09-24,2026-09-24T09:36:41.448694-04:00,21.274,-0.8667
MRNA-20260924T13333172331,MRNA,2026-09-24,2026-09-24T09:36:41.448694-04:00,184.5077,1.2888
DDOG-20260924T13334508795,DDOG,2026-09-24,2026-09-24T09:36:41.448694-04:00,249.9159,-0.2093
MRVL-20260924T13343000757,MRVL,2026-09-24,2026-09-24T09:36:41.448694-04:00,256.18,0.898
FTNT-20260924T13352884878,FTNT,2026-09-24,2026-09-24T09:36:41.448694-04:00,178.5375,-0.2361
PANW-20260924T13354033049,PANW,2026-09-24,2026-09-24T09:36:41.448694-04:00,392.0588,-0.242
VKTX-20260924T13360625319,VKTX,2026-09-24,2026-09-24T09:36:41.448694-04:00,35.79,-0.1829
ALAB-20260924T13331209978,ALAB,2026-09-24,2026-09-24T09:36:44.978353-04:00,355.035,0.6307
NVDA-20260924T13332501138,NVDA,2026-09-24,2026-09-24T09:36:44.978353-04:00,222.3,0.1223
SAIL-20260924T13332845934,SAIL,2026-09-24,2026-09-24T09:36:44.978353-04:00,21.274,-0.8667
MRNA-20260924T13333172331,MRNA,2026-09-24,2026-09-24T09:36:44.978353-04:00,184.34,1.1968
DDOG-20260924T13334508795,DDOG,2026-09-24,2026-09-24T09:36:44.978353-04:00,249.7631,-0.2703
MRVL-20260924T13343000757,MRVL,2026-09-24,2026-09-24T09:36:44.978353-04:00,256.218,0.913
FTNT-20260924T13352884878,FTNT,2026-09-24,2026-09-24T09:36:44.978353-04:00,178.84,-0.0671
PANW-20260924T13354033049,PANW,2026-09-24,2026-09-24T09:36:44.978353-04:00,393.48,0.1196
VKTX-20260924T13360625319,VKTX,2026-09-24,2026-09-24T09:36:44.978353-04:00,35.81,-0.1271
ALAB-20260924T13331209978,ALAB,2026-09-24,2026-09-24T09:36:48.498769-04:00,355.04,0.6321
NVDA-20260924T13332501138,NVDA,2026-09-24,2026-09-24T09:36:48.498769-04:00,222.314,0.1286
SAIL-20260924T13332845934,SAIL,2026-09-24,2026-09-24T09:36:48.498769-04:00,21.274,-0.8667
MRNA-20260924T13333172331,MRNA,2026-09-24,2026-09-24T09:36:48.498769-04:00,184.415,1.2379
DDOG-20260924T13334508795,DDOG,2026-09-24,2026-09-24T09:36:48.498769-04:00,250.5,0.024
MRVL-20260924T13343000757,MRVL,2026-09-24,2026-09-24T09:36:48.498769-04:00,256.38,0.9768
FTNT-20260924T13352884878,FTNT,2026-09-24,2026-09-24T09:36:48.498769-04:00,178.935,-0.014
PANW-20260924T13354033049,PANW,2026-09-24,2026-09-24T09:36:48.498769-04:00,392.761,-0.0634
VKTX-20260924T13360625319,VKTX,2026-09-24,2026-09-24T09:36:48.498769-04:00,35.75,-0.2944
ALAB-20260924T13331209978,ALAB,2026-09-24,2026-09-24T09:36:52.041001-04:00,355.035,0.6307
NVDA-20260924T13332501138,NVDA,2026-09-24,2026-09-24T09:36:52.041001-04:00,222.382,0.1592
SAIL-20260924T13332845934,SAIL,2026-09-24,2026-09-24T09:36:52.041001-04:00,21.265,-0.9087
MRNA-20260924T13333172331,MRNA,2026-09-24,2026-09-24T09:36:52.041001-04:00,184.8,1.4493
DDOG-20260924T13334508795,DDOG,2026-09-24,2026-09-24T09:36:52.041001-04:00,249.933,-0.2024
MRVL-20260924T13343000757,MRVL,2026-09-24,2026-09-24T09:36:52.041001-04:00,256.59,1.0595
FTNT-20260924T13352884878,FTNT,2026-09-24,2026-09-24T09:36:52.041001-04:00,179.05,0.0503
PANW-20260924T13354033049,PANW,2026-09-24,2026-09-24T09:36:52.041001-04:00,393.16,0.0382
VKTX-20260924T13360625319,VKTX,2026-09-24,2026-09-24T09:36:52.041001-04:00,35.74,-0.3223
ALAB-20260924T13331209978,ALAB,2026-09-24,2026-09-24T09:36:55.803981-04:00,354.41,0.4535
NVDA-20260924T13332501138,NVDA,2026-09-24,2026-09-24T09:36:55.803981-04:00,222.42,0.1763
SAIL-20260924T13332845934,SAIL,2026-09-24,2026-09-24T09:36:55.803981-04:00,21.265,-0.9087
MRNA-20260924T13333172331,MRNA,2026-09-24,2026-09-24T09:36:55.803981-04:00,184.71,1.3999
DDOG-20260924T13334508795,DDOG,2026-09-24,2026-09-24T09:36:55.803981-04:00,250.45,0.004
MRVL-20260924T13343000757,MRVL,2026-09-24,2026-09-24T09:36:55.803981-04:00,256.45,1.0043
FTNT-20260924T13352884878,FTNT,2026-09-24,2026-09-24T09:36:55.803981-04:00,178.91,-0.0279
PANW-20260924T13354033049,PANW,2026-09-24,2026-09-24T09:36:55.803981-04:00,393.4342,0.1079
VKTX-20260924T13360625319,VKTX,2026-09-24,2026-09-24T09:36:55.803981-04:00,35.7337,-0.3399
ALAB-20260924T13331209978,ALAB,2026-09-24,2026-09-24T09:36:59.314551-04:00,354.83,0.5725
NVDA-20260924T13332501138,NVDA,2026-09-24,2026-09-24T09:36:59.314551-04:00,222.3801,0.1584
SAIL-20260924T13332845934,SAIL,2026-09-24,2026-09-24T09:36:59.314551-04:00,21.265,-0.9087
MRNA-20260924T13333172331,MRNA,2026-09-24,2026-09-24T09:36:59.314551-04:00,184.7,1.3944
DDOG-20260924T13334508795,DDOG,2026-09-24,2026-09-24T09:36:59.314551-04:00,250.332,-0.0431
MRVL-20260924T13343000757,MRVL,2026-09-24,2026-09-24T09:36:59.314551-04:00,256.15,0.8862
FTNT-20260924T13352884878,FTNT,2026-09-24,2026-09-24T09:36:59.314551-04:00,178.9,-0.0335
PANW-20260924T13354033049,PANW,2026-09-24,2026-09-24T09:36:59.314551-04:00,392.905,-0.0267
VKTX-20260924T13360625319,VKTX,2026-09-24,2026-09-24T09:36:59.314551-04:00,35.7629,-0.2584
ALAB-20260924T13331209978,ALAB,2026-09-24,2026-09-24T09:37:02.851941-04:00,355.66,0.8078
NVDA-20260924T13332501138,NVDA,2026-09-24,2026-09-24T09:37:02.851941-04:00,222.484,0.2052
SAIL-20260924T13332845934,SAIL,2026-09-24,2026-09-24T09:37:02.851941-04:00,21.265,-0.9087
MRNA-20260924T13333172331,MRNA,2026-09-24,2026-09-24T09:37:02.851941-04:00,184.715,1.4026
DDOG-20260924T13334508795,DDOG,2026-09-24,2026-09-24T09:37:02.851941-04:00,250.55,0.0439
MRVL-20260924T13343000757,MRVL,2026-09-24,2026-09-24T09:37:02.851941-04:00,256.18,0.898
FTNT-20260924T13352884878,FTNT,2026-09-24,2026-09-24T09:37:02.851941-04:00,179.22,0.1453
PANW-20260924T13354033049,PANW,2026-09-24,2026-09-24T09:37:02.851941-04:00,393.75,0.1883
VKTX-20260924T13360625319,VKTX,2026-09-24,2026-09-24T09:37:02.851941-04:00,35.7933,-0.1737
ALAB-20260924T13331209978,ALAB,2026-09-24,2026-09-24T09:37:06.565566-04:00,354.97,0.6122
NVDA-20260924T13332501138,NVDA,2026-09-24,2026-09-24T09:37:06.565566-04:00,222.39,0.1628
SAIL-20260924T13332845934,SAIL,2026-09-24,2026-09-24T09:37:06.565566-04:00,21.3,-0.7456
MRNA-20260924T13333172331,MRNA,2026-09-24,2026-09-24T09:37:06.565566-04:00,184.76,1.4273
DDOG-20260924T13334508795,DDOG,2026-09-24,2026-09-24T09:37:06.565566-04:00,250.64,0.0799
FTNT-20260924T13352884878,FTNT,2026-09-24,2026-09-24T09:37:06.565566-04:00,179.21,0.1397
PANW-20260924T13354033049,PANW,2026-09-24,2026-09-24T09:37:06.565566-04:00,393.505,0.126
VKTX-20260924T13360625319,VKTX,2026-09-24,2026-09-24T09:37:06.565566-04:00,35.775,-0.2247
ALAB-20260924T13331209978,ALAB,2026-09-24,2026-09-24T09:37:10.483631-04:00,355.155,0.6647
NVDA-20260924T13332501138,NVDA,2026-09-24,2026-09-24T09:37:10.483631-04:00,222.392,0.1637
MRNA-20260924T13333172331,MRNA,2026-09-24,2026-09-24T09:37:10.483631-04:00,184.83,1.4657
DDOG-20260924T13334508795,DDOG,2026-09-24,2026-09-24T09:37:10.483631-04:00,250.85,0.1637
FTNT-20260924T13352884878,FTNT,2026-09-24,2026-09-24T09:37:10.483631-04:00,179.0035,0.0243
PANW-20260924T13354033049,PANW,2026-09-24,2026-09-24T09:37:10.483631-04:00,393.515,0.1285
VKTX-20260924T13360625319,VKTX,2026-09-24,2026-09-24T09:37:10.483631-04:00,35.74,-0.3223
ALAB-20260924T13331209978,ALAB,2026-09-24,2026-09-24T09:37:13.984586-04:00,355.32,0.7114
NVDA-20260924T13332501138,NVDA,2026-09-24,2026-09-24T09:37:13.984586-04:00,222.2399,0.0952
MRNA-20260924T13333172331,MRNA,2026-09-24,2026-09-24T09:37:13.984586-04:00,184.6,1.3395
DDOG-20260924T13334508795,DDOG,2026-09-24,2026-09-24T09:37:13.984586-04:00,250.79,0.1398
FTNT-20260924T13352884878,FTNT,2026-09-24,2026-09-24T09:37:13.984586-04:00,179.27,0.1732
PANW-20260924T13354033049,PANW,2026-09-24,2026-09-24T09:37:13.984586-04:00,392.79,-0.056
VKTX-20260924T13360625319,VKTX,2026-09-24,2026-09-24T09:37:13.984586-04:00,35.76,-0.2665
GME-20260924T13370746937,GME,2026-09-24,2026-09-24T09:37:13.984586-04:00,24.0,-0.0833
ALAB-20260924T13331209978,ALAB,2026-09-24,2026-09-24T09:37:17.501252-04:00,354.81,0.5669
NVDA-20260924T13332501138,NVDA,2026-09-24,2026-09-24T09:37:17.501252-04:00,222.1,0.0322
MRNA-20260924T13333172331,MRNA,2026-09-24,2026-09-24T09:37:17.501252-04:00,184.35,1.2022
DDOG-20260924T13334508795,DDOG,2026-09-24,2026-09-24T09:37:17.501252-04:00,250.42,-0.008
FTNT-20260924T13352884878,FTNT,2026-09-24,2026-09-24T09:37:17.501252-04:00,178.8589,-0.0565
PANW-20260924T13354033049,PANW,2026-09-24,2026-09-24T09:37:17.501252-04:00,392.619,-0.0995
VKTX-20260924T13360625319,VKTX,2026-09-24,2026-09-24T09:37:17.501252-04:00,35.8,-0.155
GME-20260924T13370746937,GME,2026-09-24,2026-09-24T09:37:17.501252-04:00,23.995,-0.1041
ALAB-20260924T13331209978,ALAB,2026-09-24,2026-09-24T09:37:21.024170-04:00,355.5,0.7625
NVDA-20260924T13332501138,NVDA,2026-09-24,2026-09-24T09:37:21.024170-04:00,222.202,0.0782
MRNA-20260924T13333172331,MRNA,2026-09-24,2026-09-24T09:37:21.024170-04:00,184.32,1.1858
DDOG-20260924T13334508795,DDOG,2026-09-24,2026-09-24T09:37:21.024170-04:00,251.0,0.2236
FTNT-20260924T13352884878,FTNT,2026-09-24,2026-09-24T09:37:21.024170-04:00,178.86,-0.0559
PANW-20260924T13354033049,PANW,2026-09-24,2026-09-24T09:37:21.024170-04:00,393.374,0.0926
VKTX-20260924T13360625319,VKTX,2026-09-24,2026-09-24T09:37:21.024170-04:00,35.76,-0.2665
GME-20260924T13370746937,GME,2026-09-24,2026-09-24T09:37:21.024170-04:00,23.995,-0.1041
ALAB-20260924T13331209978,ALAB,2026-09-24,2026-09-24T09:37:24.635662-04:00,355.125,0.6562
NVDA-20260924T13332501138,NVDA,2026-09-24,2026-09-24T09:37:24.635662-04:00,222.29,0.1178
MRNA-20260924T13333172331,MRNA,2026-09-24,2026-09-24T09:37:24.635662-04:00,184.26,1.1528
DDOG-20260924T13334508795,DDOG,2026-09-24,2026-09-24T09:37:24.635662-04:00,250.45,0.004
FTNT-20260924T13352884878,FTNT,2026-09-24,2026-09-24T09:37:24.635662-04:00,178.86,-0.0559
PANW-20260924T13354033049,PANW,2026-09-24,2026-09-24T09:37:24.635662-04:00,393.2271,0.0552
VKTX-20260924T13360625319,VKTX,2026-09-24,2026-09-24T09:37:24.635662-04:00,35.7605,-0.2651
GME-20260924T13370746937,GME,2026-09-24,2026-09-24T09:37:24.635662-04:00,23.9899,-0.1253
ALAB-20260924T13331209978,ALAB,2026-09-24,2026-09-24T09:37:28.318757-04:00,354.7055,0.5373
NVDA-20260924T13332501138,NVDA,2026-09-24,2026-09-24T09:37:28.318757-04:00,222.33,0.1358
MRNA-20260924T13333172331,MRNA,2026-09-24,2026-09-24T09:37:28.318757-04:00,184.2101,1.1254
DDOG-20260924T13334508795,DDOG,2026-09-24,2026-09-24T09:37:28.318757-04:00,249.9671,-0.1888
FTNT-20260924T13352884878,FTNT,2026-09-24,2026-09-24T09:37:28.318757-04:00,178.86,-0.0559
PANW-20260924T13354033049,PANW,2026-09-24,2026-09-24T09:37:28.318757-04:00,393.055,0.0115
VKTX-20260924T13360625319,VKTX,2026-09-24,2026-09-24T09:37:28.318757-04:00,35.765,-0.2526
GME-20260924T13370746937,GME,2026-09-24,2026-09-24T09:37:28.318757-04:00,23.9829,-0.1545
ALAB-20260924T13331209978,ALAB,2026-09-24,2026-09-24T09:37:31.963731-04:00,355.225,0.6845
NVDA-20260924T13332501138,NVDA,2026-09-24,2026-09-24T09:37:31.963731-04:00,222.3988,0.1668
MRNA-20260924T13333172331,MRNA,2026-09-24,2026-09-24T09:37:31.963731-04:00,184.49,1.2791
DDOG-20260924T13334508795,DDOG,2026-09-24,2026-09-24T09:37:31.963731-04:00,250.455,0.006
FTNT-20260924T13352884878,FTNT,2026-09-24,2026-09-24T09:37:31.963731-04:00,178.98,0.0112
PANW-20260924T13354033049,PANW,2026-09-24,2026-09-24T09:37:31.963731-04:00,393.5,0.1247
VKTX-20260924T13360625319,VKTX,2026-09-24,2026-09-24T09:37:31.963731-04:00,35.725,-0.3641
GME-20260924T13370746937,GME,2026-09-24,2026-09-24T09:37:31.963731-04:00,23.97,-0.2082
ALAB-20260924T13331209978,ALAB,2026-09-24,2026-09-24T09:37:35.420904-04:00,355.09,0.6462
NVDA-20260924T13332501138,NVDA,2026-09-24,2026-09-24T09:37:35.420904-04:00,222.36,0.1493
MRNA-20260924T13333172331,MRNA,2026-09-24,2026-09-24T09:37:35.420904-04:00,184.4295,1.2459
DDOG-20260924T13334508795,DDOG,2026-09-24,2026-09-24T09:37:35.420904-04:00,250.402,-0.0152
FTNT-20260924T13352884878,FTNT,2026-09-24,2026-09-24T09:37:35.420904-04:00,179.1,0.0782
PANW-20260924T13354033049,PANW,2026-09-24,2026-09-24T09:37:35.420904-04:00,393.225,0.0547
VKTX-20260924T13360625319,VKTX,2026-09-24,2026-09-24T09:37:35.420904-04:00,35.665,-0.5315
GME-20260924T13370746937,GME,2026-09-24,2026-09-24T09:37:35.420904-04:00,23.98,-0.1665
ALAB-20260924T13331209978,ALAB,2026-09-24,2026-09-24T09:37:39.168030-04:00,354.69,0.5329
NVDA-20260924T13332501138,NVDA,2026-09-24,2026-09-24T09:37:39.168030-04:00,222.458,0.1935
MRNA-20260924T13333172331,MRNA,2026-09-24,2026-09-24T09:37:39.168030-04:00,184.5948,1.3366
DDOG-20260924T13334508795,DDOG,2026-09-24,2026-09-24T09:37:39.168030-04:00,250.61,0.0679
FTNT-20260924T13352884878,FTNT,2026-09-24,2026-09-24T09:37:39.168030-04:00,179.26,0.1676
PANW-20260924T13354033049,PANW,2026-09-24,2026-09-24T09:37:39.168030-04:00,393.0863,0.0194
VKTX-20260924T13360625319,VKTX,2026-09-24,2026-09-24T09:37:39.168030-04:00,35.7521,-0.2886
GME-20260924T13370746937,GME,2026-09-24,2026-09-24T09:37:39.168030-04:00,23.986,-0.1415
ALAB-20260924T13331209978,ALAB,2026-09-24,2026-09-24T09:37:42.580304-04:00,353.3277,0.1467
NVDA-20260924T13332501138,NVDA,2026-09-24,2026-09-24T09:37:42.580304-04:00,222.51,0.2169
MRNA-20260924T13333172331,MRNA,2026-09-24,2026-09-24T09:37:42.580304-04:00,184.33,1.1913
DDOG-20260924T13334508795,DDOG,2026-09-24,2026-09-24T09:37:42.580304-04:00,250.49,0.02
FTNT-20260924T13352884878,FTNT,2026-09-24,2026-09-24T09:37:42.580304-04:00,179.0473,0.0488
PANW-20260924T13354033049,PANW,2026-09-24,2026-09-24T09:37:42.580304-04:00,393.305,0.0751
VKTX-20260924T13360625319,VKTX,2026-09-24,2026-09-24T09:37:42.580304-04:00,35.695,-0.4478
MRVL-20260924T13370355533,MRVL,2026-09-24,2026-09-24T09:37:42.580304-04:00,256.4,0.0859
GME-20260924T13370746937,GME,2026-09-24,2026-09-24T09:37:42.580304-04:00,23.9776,-0.1765
ALAB-20260924T13331209978,ALAB,2026-09-24,2026-09-24T09:37:46.013756-04:00,355.11,0.6519
NVDA-20260924T13332501138,NVDA,2026-09-24,2026-09-24T09:37:46.013756-04:00,222.44,0.1854
MRNA-20260924T13333172331,MRNA,2026-09-24,2026-09-24T09:37:46.013756-04:00,184.3368,1.195
DDOG-20260924T13334508795,DDOG,2026-09-24,2026-09-24T09:37:46.013756-04:00,250.93,0.1957
FTNT-20260924T13352884878,FTNT,2026-09-24,2026-09-24T09:37:46.013756-04:00,179.18,0.1229
PANW-20260924T13354033049,PANW,2026-09-24,2026-09-24T09:37:46.013756-04:00,393.31,0.0763
VKTX-20260924T13360625319,VKTX,2026-09-24,2026-09-24T09:37:46.013756-04:00,35.69,-0.4618
MRVL-20260924T13370355533,MRVL,2026-09-24,2026-09-24T09:37:46.013756-04:00,256.4101,0.0898
GME-20260924T13370746937,GME,2026-09-24,2026-09-24T09:37:46.013756-04:00,23.99,-0.1249
ALAB-20260924T13331209978,ALAB,2026-09-24,2026-09-24T09:37:49.441103-04:00,355.12,0.6547
NVDA-20260924T13332501138,NVDA,2026-09-24,2026-09-24T09:37:49.441103-04:00,222.5,0.2124
MRNA-20260924T13333172331,MRNA,2026-09-24,2026-09-24T09:37:49.441103-04:00,184.405,1.2324
DDOG-20260924T13334508795,DDOG,2026-09-24,2026-09-24T09:37:49.441103-04:00,250.8,0.1437
FTNT-20260924T13352884878,FTNT,2026-09-24,2026-09-24T09:37:49.441103-04:00,179.06,0.0559
PANW-20260924T13354033049,PANW,2026-09-24,2026-09-24T09:37:49.441103-04:00,393.03,0.0051
VKTX-20260924T13360625319,VKTX,2026-09-24,2026-09-24T09:37:49.441103-04:00,35.62,-0.657
MRVL-20260924T13370355533,MRVL,2026-09-24,2026-09-24T09:37:49.441103-04:00,256.27,0.0351
GME-20260924T13370746937,GME,2026-09-24,2026-09-24T09:37:49.441103-04:00,24.0,-0.0833
ALAB-20260924T13331209978,ALAB,2026-09-24,2026-09-24T09:37:52.889513-04:00,355.24,0.6888
NVDA-20260924T13332501138,NVDA,2026-09-24,2026-09-24T09:37:52.889513-04:00,222.512,0.2178
MRNA-20260924T13333172331,MRNA,2026-09-24,2026-09-24T09:37:52.889513-04:00,184.25,1.1473
DDOG-20260924T13334508795,DDOG,2026-09-24,2026-09-24T09:37:52.889513-04:00,250.44,0.0
FTNT-20260924T13352884878,FTNT,2026-09-24,2026-09-24T09:37:52.889513-04:00,179.055,0.0531
PANW-20260924T13354033049,PANW,2026-09-24,2026-09-24T09:37:52.889513-04:00,393.28,0.0687
VKTX-20260924T13360625319,VKTX,2026-09-24,2026-09-24T09:37:52.889513-04:00,35.76,-0.2665
MRVL-20260924T13370355533,MRVL,2026-09-24,2026-09-24T09:37:52.889513-04:00,256.49,0.121
GME-20260924T13370746937,GME,2026-09-24,2026-09-24T09:37:52.889513-04:00,24.0,-0.0833
ALAB-20260924T13331209978,ALAB,2026-09-24,2026-09-24T09:37:56.348659-04:00,355.0094,0.6234
NVDA-20260924T13332501138,NVDA,2026-09-24,2026-09-24T09:37:56.348659-04:00,222.59,0.2529
MRNA-20260924T13333172331,MRNA,2026-09-24,2026-09-24T09:37:56.348659-04:00,184.5,1.2846
DDOG-20260924T13334508795,DDOG,2026-09-24,2026-09-24T09:37:56.348659-04:00,250.445,0.002
FTNT-20260924T13352884878,FTNT,2026-09-24,2026-09-24T09:37:56.348659-04:00,179.055,0.0531
PANW-20260924T13354033049,PANW,2026-09-24,2026-09-24T09:37:56.348659-04:00,393.025,0.0038
VKTX-20260924T13360625319,VKTX,2026-09-24,2026-09-24T09:37:56.348659-04:00,35.74,-0.3223
MRVL-20260924T13370355533,MRVL,2026-09-24,2026-09-24T09:37:56.348659-04:00,256.75,0.2225
GME-20260924T13370746937,GME,2026-09-24,2026-09-24T09:37:56.348659-04:00,24.0025,-0.0729
ALAB-20260924T13331209978,ALAB,2026-09-24,2026-09-24T09:37:59.789553-04:00,355.015,0.625
NVDA-20260924T13332501138,NVDA,2026-09-24,2026-09-24T09:37:59.789553-04:00,222.634,0.2727
MRNA-20260924T13333172331,MRNA,2026-09-24,2026-09-24T09:37:59.789553-04:00,184.2804,1.164
DDOG-20260924T13334508795,DDOG,2026-09-24,2026-09-24T09:37:59.789553-04:00,250.1343,-0.1221
FTNT-20260924T13352884878,FTNT,2026-09-24,2026-09-24T09:37:59.789553-04:00,179.1948,0.1312
PANW-20260924T13354033049,PANW,2026-09-24,2026-09-24T09:37:59.789553-04:00,393.02,0.0025
VKTX-20260924T13360625319,VKTX,2026-09-24,2026-09-24T09:37:59.789553-04:00,35.77,-0.2386
MRVL-20260924T13370355533,MRVL,2026-09-24,2026-09-24T09:37:59.789553-04:00,256.74,0.2186
GME-20260924T13370746937,GME,2026-09-24,2026-09-24T09:37:59.789553-04:00,24.0,-0.0833
ALAB-20260924T13331209978,ALAB,2026-09-24,2026-09-24T09:38:03.409673-04:00,355.045,0.6335
NVDA-20260924T13332501138,NVDA,2026-09-24,2026-09-24T09:38:03.409673-04:00,222.482,0.2043
MRNA-20260924T13333172331,MRNA,2026-09-24,2026-09-24T09:38:03.409673-04:00,184.4615,1.2634
DDOG-20260924T13334508795,DDOG,2026-09-24,2026-09-24T09:38:03.409673-04:00,250.782,0.1366
FTNT-20260924T13352884878,FTNT,2026-09-24,2026-09-24T09:38:03.409673-04:00,178.83,-0.0726
PANW-20260924T13354033049,PANW,2026-09-24,2026-09-24T09:38:03.409673-04:00,393.362,0.0896
VKTX-20260924T13360625319,VKTX,2026-09-24,2026-09-24T09:38:03.409673-04:00,35.8,-0.155
MRVL-20260924T13370355533,MRVL,2026-09-24,2026-09-24T09:38:03.409673-04:00,256.89,0.2771
GME-20260924T13370746937,GME,2026-09-24,2026-09-24T09:38:03.409673-04:00,23.9901,-0.1245
ALAB-20260924T13331209978,ALAB,2026-09-24,2026-09-24T09:38:06.747882-04:00,354.5341,0.4887
NVDA-20260924T13332501138,NVDA,2026-09-24,2026-09-24T09:38:06.747882-04:00,222.55,0.2349
MRNA-20260924T13333172331,MRNA,2026-09-24,2026-09-24T09:38:06.747882-04:00,184.6,1.3395
DDOG-20260924T13334508795,DDOG,2026-09-24,2026-09-24T09:38:06.747882-04:00,250.44,0.0
FTNT-20260924T13352884878,FTNT,2026-09-24,2026-09-24T09:38:06.747882-04:00,178.835,-0.0698
PANW-20260924T13354033049,PANW,2026-09-24,2026-09-24T09:38:06.747882-04:00,392.7418,-0.0682
VKTX-20260924T13360625319,VKTX,2026-09-24,2026-09-24T09:38:06.747882-04:00,35.85,-0.0155
MRVL-20260924T13370355533,MRVL,2026-09-24,2026-09-24T09:38:06.747882-04:00,257.16,0.3825
GME-20260924T13370746937,GME,2026-09-24,2026-09-24T09:38:06.747882-04:00,23.9901,-0.1245
ALAB-20260924T13331209978,ALAB,2026-09-24,2026-09-24T09:38:10.125823-04:00,356.0,0.9042
NVDA-20260924T13332501138,NVDA,2026-09-24,2026-09-24T09:38:10.125823-04:00,222.58,0.2484
MRNA-20260924T13333172331,MRNA,2026-09-24,2026-09-24T09:38:10.125823-04:00,184.43,1.2462
DDOG-20260924T13334508795,DDOG,2026-09-24,2026-09-24T09:38:10.125823-04:00,250.44,0.0
FTNT-20260924T13352884878,FTNT,2026-09-24,2026-09-24T09:38:10.125823-04:00,179.0584,0.055
PANW-20260924T13354033049,PANW,2026-09-24,2026-09-24T09:38:10.125823-04:00,393.025,0.0038
VKTX-20260924T13360625319,VKTX,2026-09-24,2026-09-24T09:38:10.125823-04:00,35.8278,-0.0774
MRVL-20260924T13370355533,MRVL,2026-09-24,2026-09-24T09:38:10.125823-04:00,257.28,0.4294
GME-20260924T13370746937,GME,2026-09-24,2026-09-24T09:38:10.125823-04:00,24.0,-0.0833
ALAB-20260924T13331209978,ALAB,2026-09-24,2026-09-24T09:38:13.517196-04:00,355.12,0.6547
NVDA-20260924T13332501138,NVDA,2026-09-24,2026-09-24T09:38:13.517196-04:00,222.6097,0.2618
MRNA-20260924T13333172331,MRNA,2026-09-24,2026-09-24T09:38:13.517196-04:00,184.33,1.1913
DDOG-20260924T13334508795,DDOG,2026-09-24,2026-09-24T09:38:13.517196-04:00,250.0126,-0.1707
FTNT-20260924T13352884878,FTNT,2026-09-24,2026-09-24T09:38:13.517196-04:00,178.38,-0.3241
PANW-20260924T13354033049,PANW,2026-09-24,2026-09-24T09:38:13.517196-04:00,392.39,-0.1578
VKTX-20260924T13360625319,VKTX,2026-09-24,2026-09-24T09:38:13.517196-04:00,35.7506,-0.2927
MRVL-20260924T13370355533,MRVL,2026-09-24,2026-09-24T09:38:13.517196-04:00,257.2499,0.4176
GME-20260924T13370746937,GME,2026-09-24,2026-09-24T09:38:13.517196-04:00,24.03,0.0416
ALAB-20260924T13331209978,ALAB,2026-09-24,2026-09-24T09:38:16.861118-04:00,355.81,0.8503
NVDA-20260924T13332501138,NVDA,2026-09-24,2026-09-24T09:38:16.861118-04:00,222.55,0.2349
MRNA-20260924T13333172331,MRNA,2026-09-24,2026-09-24T09:38:16.861118-04:00,184.35,1.2022
DDOG-20260924T13334508795,DDOG,2026-09-24,2026-09-24T09:38:16.861118-04:00,250.385,-0.022
FTNT-20260924T13352884878,FTNT,2026-09-24,2026-09-24T09:38:16.861118-04:00,178.3036,-0.3668
PANW-20260924T13354033049,PANW,2026-09-24,2026-09-24T09:38:16.861118-04:00,392.18,-0.2112
VKTX-20260924T13360625319,VKTX,2026-09-24,2026-09-24T09:38:16.861118-04:00,35.7524,-0.2877
MRVL-20260924T13370355533,MRVL,2026-09-24,2026-09-24T09:38:16.861118-04:00,257.225,0.4079
GME-20260924T13370746937,GME,2026-09-24,2026-09-24T09:38:16.861118-04:00,24.025,0.0208
ALAB-20260924T13331209978,ALAB,2026-09-24,2026-09-24T09:38:20.197835-04:00,356.31,0.992
NVDA-20260924T13332501138,NVDA,2026-09-24,2026-09-24T09:38:20.197835-04:00,222.555,0.2371
MRNA-20260924T13333172331,MRNA,2026-09-24,2026-09-24T09:38:20.197835-04:00,184.3526,1.2037
DDOG-20260924T13334508795,DDOG,2026-09-24,2026-09-24T09:38:20.197835-04:00,250.694,0.1014
FTNT-20260924T13352884878,FTNT,2026-09-24,2026-09-24T09:38:20.197835-04:00,179.03,0.0391
PANW-20260924T13354033049,PANW,2026-09-24,2026-09-24T09:38:20.197835-04:00,392.37,-0.1628
VKTX-20260924T13360625319,VKTX,2026-09-24,2026-09-24T09:38:20.197835-04:00,35.84,-0.0434
MRVL-20260924T13370355533,MRVL,2026-09-24,2026-09-24T09:38:20.197835-04:00,257.235,0.4118
GME-20260924T13370746937,GME,2026-09-24,2026-09-24T09:38:20.197835-04:00,24.03,0.0416
ALAB-20260924T13331209978,ALAB,2026-09-24,2026-09-24T09:38:23.535364-04:00,355.88,0.8702
NVDA-20260924T13332501138,NVDA,2026-09-24,2026-09-24T09:38:23.535364-04:00,222.658,0.2835
MRNA-20260924T13333172331,MRNA,2026-09-24,2026-09-24T09:38:23.535364-04:00,184.545,1.3093
DDOG-20260924T13334508795,DDOG,2026-09-24,2026-09-24T09:38:23.535364-04:00,250.3363,-0.0414
FTNT-20260924T13352884878,FTNT,2026-09-24,2026-09-24T09:38:23.535364-04:00,178.8857,-0.0415
PANW-20260924T13354033049,PANW,2026-09-24,2026-09-24T09:38:23.535364-04:00,393.4688,0.1167
VKTX-20260924T13360625319,VKTX,2026-09-24,2026-09-24T09:38:23.535364-04:00,35.835,-0.0574
MRVL-20260924T13370355533,MRVL,2026-09-24,2026-09-24T09:38:23.535364-04:00,257.26,0.4216
GME-20260924T13370746937,GME,2026-09-24,2026-09-24T09:38:23.535364-04:00,24.0332,0.055
ALAB-20260924T13331209978,ALAB,2026-09-24,2026-09-24T09:38:26.934164-04:00,356.5,1.0459
NVDA-20260924T13332501138,NVDA,2026-09-24,2026-09-24T09:38:26.934164-04:00,222.894,0.3898
MRNA-20260924T13333172331,MRNA,2026-09-24,2026-09-24T09:38:26.934164-04:00,184.6068,1.3432
DDOG-20260924T13334508795,DDOG,2026-09-24,2026-09-24T09:38:26.934164-04:00,250.1265,-0.1252
FTNT-20260924T13352884878,FTNT,2026-09-24,2026-09-24T09:38:26.934164-04:00,178.64,-0.1788
PANW-20260924T13354033049,PANW,2026-09-24,2026-09-24T09:38:26.934164-04:00,393.11,0.0254
VKTX-20260924T13360625319,VKTX,2026-09-24,2026-09-24T09:38:26.934164-04:00,35.83,-0.0713
MRVL-20260924T13370355533,MRVL,2026-09-24,2026-09-24T09:38:26.934164-04:00,257.13,0.3708
GME-20260924T13370746937,GME,2026-09-24,2026-09-24T09:38:26.934164-04:00,24.025,0.0208
ALAB-20260924T13331209978,ALAB,2026-09-24,2026-09-24T09:38:30.272482-04:00,355.88,0.8702
NVDA-20260924T13332501138,NVDA,2026-09-24,2026-09-24T09:38:30.272482-04:00,223.0895,0.4779
MRNA-20260924T13333172331,MRNA,2026-09-24,2026-09-24T09:38:30.272482-04:00,184.43,1.2462
DDOG-20260924T13334508795,DDOG,2026-09-24,2026-09-24T09:38:30.272482-04:00,250.438,-0.0008
FTNT-20260924T13352884878,FTNT,2026-09-24,2026-09-24T09:38:30.272482-04:00,178.62,-0.19
PANW-20260924T13354033049,PANW,2026-09-24,2026-09-24T09:38:30.272482-04:00,393.165,0.0394
VKTX-20260924T13360625319,VKTX,2026-09-24,2026-09-24T09:38:30.272482-04:00,35.845,-0.0295
MRVL-20260924T13370355533,MRVL,2026-09-24,2026-09-24T09:38:30.272482-04:00,257.25,0.4177
GME-20260924T13370746937,GME,2026-09-24,2026-09-24T09:38:30.272482-04:00,24.01,-0.0416
ALAB-20260924T13331209978,ALAB,2026-09-24,2026-09-24T09:38:33.652798-04:00,355.89,0.873
NVDA-20260924T13332501138,NVDA,2026-09-24,2026-09-24T09:38:33.652798-04:00,223.032,0.452
MRNA-20260924T13333172331,MRNA,2026-09-24,2026-09-24T09:38:33.652798-04:00,184.4505,1.2574
DDOG-20260924T13334508795,DDOG,2026-09-24,2026-09-24T09:38:33.652798-04:00,250.438,-0.0008
FTNT-20260924T13352884878,FTNT,2026-09-24,2026-09-24T09:38:33.652798-04:00,178.8756,-0.0472
PANW-20260924T13354033049,PANW,2026-09-24,2026-09-24T09:38:33.652798-04:00,392.7399,-0.0687
VKTX-20260924T13360625319,VKTX,2026-09-24,2026-09-24T09:38:33.652798-04:00,35.8477,-0.0219
MRVL-20260924T13370355533,MRVL,2026-09-24,2026-09-24T09:38:33.652798-04:00,257.13,0.3708
GME-20260924T13370746937,GME,2026-09-24,2026-09-24T09:38:33.652798-04:00,24.01,-0.0416
ALAB-20260924T13331209978,ALAB,2026-09-24,2026-09-24T09:38:36.955738-04:00,356.2059,0.9625
NVDA-20260924T13332501138,NVDA,2026-09-24,2026-09-24T09:38:36.955738-04:00,223.02,0.4466
MRNA-20260924T13333172331,MRNA,2026-09-24,2026-09-24T09:38:36.955738-04:00,184.652,1.368
DDOG-20260924T13334508795,DDOG,2026-09-24,2026-09-24T09:38:36.955738-04:00,250.776,0.1342
FTNT-20260924T13352884878,FTNT,2026-09-24,2026-09-24T09:38:36.955738-04:00,178.8765,-0.0467
PANW-20260924T13354033049,PANW,2026-09-24,2026-09-24T09:38:36.955738-04:00,393.9853,0.2482
VKTX-20260924T13360625319,VKTX,2026-09-24,2026-09-24T09:38:36.955738-04:00,35.83,-0.0713
MRVL-20260924T13370355533,MRVL,2026-09-24,2026-09-24T09:38:36.955738-04:00,257.47,0.5036
GME-20260924T13370746937,GME,2026-09-24,2026-09-24T09:38:36.955738-04:00,24.0196,-0.0017
ALAB-20260924T13331209978,ALAB,2026-09-24,2026-09-24T09:38:40.263807-04:00,357.445,1.3137
NVDA-20260924T13332501138,NVDA,2026-09-24,2026-09-24T09:38:40.263807-04:00,222.97,0.4241
MRNA-20260924T13333172331,MRNA,2026-09-24,2026-09-24T09:38:40.263807-04:00,184.55,1.312
DDOG-20260924T13334508795,DDOG,2026-09-24,2026-09-24T09:38:40.263807-04:00,250.4011,-0.0155
FTNT-20260924T13352884878,FTNT,2026-09-24,2026-09-24T09:38:40.263807-04:00,178.621,-0.1894
PANW-20260924T13354033049,PANW,2026-09-24,2026-09-24T09:38:40.263807-04:00,394.05,0.2646
VKTX-20260924T13360625319,VKTX,2026-09-24,2026-09-24T09:38:40.263807-04:00,35.8313,-0.0677
MRVL-20260924T13370355533,MRVL,2026-09-24,2026-09-24T09:38:40.263807-04:00,257.9888,0.7061
GME-20260924T13370746937,GME,2026-09-24,2026-09-24T09:38:40.263807-04:00,24.01,-0.0416
ALAB-20260924T13331209978,ALAB,2026-09-24,2026-09-24T09:38:43.561345-04:00,357.39,1.2981
NVDA-20260924T13332501138,NVDA,2026-09-24,2026-09-24T09:38:43.561345-04:00,223.015,0.4443
MRNA-20260924T13333172331,MRNA,2026-09-24,2026-09-24T09:38:43.561345-04:00,184.885,1.4959
DDOG-20260924T13334508795,DDOG,2026-09-24,2026-09-24T09:38:43.561345-04:00,250.36,-0.0319
FTNT-20260924T13352884878,FTNT,2026-09-24,2026-09-24T09:38:43.561345-04:00,178.94,-0.0112
PANW-20260924T13354033049,PANW,2026-09-24,2026-09-24T09:38:43.561345-04:00,394.1,0.2773
VKTX-20260924T13360625319,VKTX,2026-09-24,2026-09-24T09:38:43.561345-04:00,35.825,-0.0853
MRVL-20260924T13370355533,MRVL,2026-09-24,2026-09-24T09:38:43.561345-04:00,257.825,0.6421
GME-20260924T13370746937,GME,2026-09-24,2026-09-24T09:38:43.561345-04:00,24.03,0.0416
ALAB-20260924T13331209978,ALAB,2026-09-24,2026-09-24T09:38:46.870936-04:00,357.39,1.2981
NVDA-20260924T13332501138,NVDA,2026-09-24,2026-09-24T09:38:46.870936-04:00,223.02,0.4466
MRNA-20260924T13333172331,MRNA,2026-09-24,2026-09-24T09:38:46.870936-04:00,185.075,1.6002
DDOG-20260924T13334508795,DDOG,2026-09-24,2026-09-24T09:38:46.870936-04:00,250.43,-0.004
FTNT-20260924T13352884878,FTNT,2026-09-24,2026-09-24T09:38:46.870936-04:00,179.12,0.0894
PANW-20260924T13354033049,PANW,2026-09-24,2026-09-24T09:38:46.870936-04:00,394.23,0.3104
VKTX-20260924T13360625319,VKTX,2026-09-24,2026-09-24T09:38:46.870936-04:00,35.83,-0.0713
MRVL-20260924T13370355533,MRVL,2026-09-24,2026-09-24T09:38:46.870936-04:00,257.69,0.5894
GME-20260924T13370746937,GME,2026-09-24,2026-09-24T09:38:46.870936-04:00,24.025,0.0208
ALAB-20260924T13331209978,ALAB,2026-09-24,2026-09-24T09:38:50.188666-04:00,357.7164,1.3907
NVDA-20260924T13332501138,NVDA,2026-09-24,2026-09-24T09:38:50.188666-04:00,223.08,0.4736
MRNA-20260924T13333172331,MRNA,2026-09-24,2026-09-24T09:38:50.188666-04:00,185.09,1.6085
DDOG-20260924T13334508795,DDOG,2026-09-24,2026-09-24T09:38:50.188666-04:00,250.81,0.1477
FTNT-20260924T13352884878,FTNT,2026-09-24,2026-09-24T09:38:50.188666-04:00,179.2,0.1341
PANW-20260924T13354033049,PANW,2026-09-24,2026-09-24T09:38:50.188666-04:00,393.99,0.2494
VKTX-20260924T13360625319,VKTX,2026-09-24,2026-09-24T09:38:50.188666-04:00,35.895,0.11
MRVL-20260924T13370355533,MRVL,2026-09-24,2026-09-24T09:38:50.188666-04:00,256.129,-0.0199
GME-20260924T13370746937,GME,2026-09-24,2026-09-24T09:38:50.188666-04:00,24.025,0.0208
ALAB-20260924T13331209978,ALAB,2026-09-24,2026-09-24T09:38:53.521115-04:00,355.9969,0.9033
NVDA-20260924T13332501138,NVDA,2026-09-24,2026-09-24T09:38:53.521115-04:00,223.0758,0.4717
MRNA-20260924T13333172331,MRNA,2026-09-24,2026-09-24T09:38:53.521115-04:00,185.142,1.637
DDOG-20260924T13334508795,DDOG,2026-09-24,2026-09-24T09:38:53.521115-04:00,250.0,-0.1757
FTNT-20260924T13352884878,FTNT,2026-09-24,2026-09-24T09:38:53.521115-04:00,179.07,0.0615
PANW-20260924T13354033049,PANW,2026-09-24,2026-09-24T09:38:53.521115-04:00,393.69,0.173
VKTX-20260924T13360625319,VKTX,2026-09-24,2026-09-24T09:38:53.521115-04:00,35.925,0.1936
MRVL-20260924T13370355533,MRVL,2026-09-24,2026-09-24T09:38:53.521115-04:00,258.092,0.7464
GME-20260924T13370746937,GME,2026-09-24,2026-09-24T09:38:53.521115-04:00,24.035,0.0624
ALAB-20260924T13331209978,ALAB,2026-09-24,2026-09-24T09:38:56.794048-04:00,357.6868,1.3823
NVDA-20260924T13332501138,NVDA,2026-09-24,2026-09-24T09:38:56.794048-04:00,223.095,0.4804
MRNA-20260924T13333172331,MRNA,2026-09-24,2026-09-24T09:38:56.794048-04:00,184.995,1.5563
DDOG-20260924T13334508795,DDOG,2026-09-24,2026-09-24T09:38:56.794048-04:00,250.4568,0.0067
FTNT-20260924T13352884878,FTNT,2026-09-24,2026-09-24T09:38:56.794048-04:00,179.02,0.0335
PANW-20260924T13354033049,PANW,2026-09-24,2026-09-24T09:38:56.794048-04:00,394.26,0.3181
VKTX-20260924T13360625319,VKTX,2026-09-24,2026-09-24T09:38:56.794048-04:00,35.91,0.1518
MRVL-20260924T13370355533,MRVL,2026-09-24,2026-09-24T09:38:56.794048-04:00,257.85,0.6519
GME-20260924T13370746937,GME,2026-09-24,2026-09-24T09:38:56.794048-04:00,24.02,0.0
ALAB-20260924T13331209978,ALAB,2026-09-24,2026-09-24T09:39:00.238541-04:00,358.27,1.5476
NVDA-20260924T13332501138,NVDA,2026-09-24,2026-09-24T09:39:00.238541-04:00,223.192,0.524
MRNA-20260924T13333172331,MRNA,2026-09-24,2026-09-24T09:39:00.238541-04:00,184.57,1.323
DDOG-20260924T13334508795,DDOG,2026-09-24,2026-09-24T09:39:00.238541-04:00,250.3726,-0.0269
FTNT-20260924T13352884878,FTNT,2026-09-24,2026-09-24T09:39:00.238541-04:00,178.65,-0.1732
PANW-20260924T13354033049,PANW,2026-09-24,2026-09-24T09:39:00.238541-04:00,393.319,0.0786
VKTX-20260924T13360625319,VKTX,2026-09-24,2026-09-24T09:39:00.238541-04:00,35.92,0.1797
MRVL-20260924T13370355533,MRVL,2026-09-24,2026-09-24T09:39:00.238541-04:00,258.12,0.7573
GME-20260924T13370746937,GME,2026-09-24,2026-09-24T09:39:00.238541-04:00,24.0229,0.0121
NVDA-20260924T13332501138,NVDA,2026-09-24,2026-09-24T09:39:03.759457-04:00,222.67,0.2889
MRNA-20260924T13333172331,MRNA,2026-09-24,2026-09-24T09:39:03.759457-04:00,184.63,1.356
DDOG-20260924T13334508795,DDOG,2026-09-24,2026-09-24T09:39:03.759457-04:00,251.0,0.2236
FTNT-20260924T13352884878,FTNT,2026-09-24,2026-09-24T09:39:03.759457-04:00,179.26,0.1676
PANW-20260924T13354033049,PANW,2026-09-24,2026-09-24T09:39:03.759457-04:00,393.31,0.0763
VKTX-20260924T13360625319,VKTX,2026-09-24,2026-09-24T09:39:03.759457-04:00,35.92,0.1797
MRVL-20260924T13370355533,MRVL,2026-09-24,2026-09-24T09:39:03.759457-04:00,257.8301,0.6441
GME-20260924T13370746937,GME,2026-09-24,2026-09-24T09:39:03.759457-04:00,24.02,0.0
NVDA-20260924T13332501138,NVDA,2026-09-24,2026-09-24T09:39:07.099599-04:00,223.016,0.4448
MRNA-20260924T13333172331,MRNA,2026-09-24,2026-09-24T09:39:07.099599-04:00,184.495,1.2818
DDOG-20260924T13334508795,DDOG,2026-09-24,2026-09-24T09:39:07.099599-04:00,250.37,-0.028
FTNT-20260924T13352884878,FTNT,2026-09-24,2026-09-24T09:39:07.099599-04:00,178.885,-0.0419
PANW-20260924T13354033049,PANW,2026-09-24,2026-09-24T09:39:07.099599-04:00,393.4972,0.124
VKTX-20260924T13360625319,VKTX,2026-09-24,2026-09-24T09:39:07.099599-04:00,35.91,0.1518
MRVL-20260924T13370355533,MRVL,2026-09-24,2026-09-24T09:39:07.099599-04:00,257.765,0.6187
GME-20260924T13370746937,GME,2026-09-24,2026-09-24T09:39:07.099599-04:00,24.015,-0.0208
NVDA-20260924T13332501138,NVDA,2026-09-24,2026-09-24T09:39:10.465419-04:00,222.986,0.4313
MRNA-20260924T13333172331,MRNA,2026-09-24,2026-09-24T09:39:10.465419-04:00,184.595,1.3367
DDOG-20260924T13334508795,DDOG,2026-09-24,2026-09-24T09:39:10.465419-04:00,250.37,-0.028
FTNT-20260924T13352884878,FTNT,2026-09-24,2026-09-24T09:39:10.465419-04:00,178.88,-0.0447
PANW-20260924T13354033049,PANW,2026-09-24,2026-09-24T09:39:10.465419-04:00,393.5347,0.1335
VKTX-20260924T13360625319,VKTX,2026-09-24,2026-09-24T09:39:10.465419-04:00,35.9759,0.3356
MRVL-20260924T13370355533,MRVL,2026-09-24,2026-09-24T09:39:10.465419-04:00,257.76,0.6168
GME-20260924T13370746937,GME,2026-09-24,2026-09-24T09:39:10.465419-04:00,24.03,0.0416
NVDA-20260924T13332501138,NVDA,2026-09-24,2026-09-24T09:39:13.761040-04:00,223.075,0.4714
MRNA-20260924T13333172331,MRNA,2026-09-24,2026-09-24T09:39:13.761040-04:00,184.64,1.3614
DDOG-20260924T13334508795,DDOG,2026-09-24,2026-09-24T09:39:13.761040-04:00,250.37,-0.028
FTNT-20260924T13352884878,FTNT,2026-09-24,2026-09-24T09:39:13.761040-04:00,178.9297,-0.0169
PANW-20260924T13354033049,PANW,2026-09-24,2026-09-24T09:39:13.761040-04:00,392.815,-0.0496
VKTX-20260924T13360625319,VKTX,2026-09-24,2026-09-24T09:39:13.761040-04:00,35.935,0.2215
MRVL-20260924T13370355533,MRVL,2026-09-24,2026-09-24T09:39:13.761040-04:00,257.68,0.5855
GME-20260924T13370746937,GME,2026-09-24,2026-09-24T09:39:13.761040-04:00,24.03,0.0416
NVDA-20260924T13332501138,NVDA,2026-09-24,2026-09-24T09:39:17.084707-04:00,223.0345,0.4531
MRNA-20260924T13333172331,MRNA,2026-09-24,2026-09-24T09:39:17.084707-04:00,184.64,1.3614
DDOG-20260924T13334508795,DDOG,2026-09-24,2026-09-24T09:39:17.084707-04:00,250.69,0.0998
FTNT-20260924T13352884878,FTNT,2026-09-24,2026-09-24T09:39:17.084707-04:00,178.79,-0.095
PANW-20260924T13354033049,PANW,2026-09-24,2026-09-24T09:39:17.084707-04:00,392.81,-0.0509
VKTX-20260924T13360625319,VKTX,2026-09-24,2026-09-24T09:39:17.084707-04:00,35.9301,0.2079
MRVL-20260924T13370355533,MRVL,2026-09-24,2026-09-24T09:39:17.084707-04:00,257.68,0.5855
GME-20260924T13370746937,GME,2026-09-24,2026-09-24T09:39:17.084707-04:00,24.02,0.0
NVDA-20260924T13332501138,NVDA,2026-09-24,2026-09-24T09:39:20.414783-04:00,223.08,0.4736
MRNA-20260924T13333172331,MRNA,2026-09-24,2026-09-24T09:39:20.414783-04:00,184.6,1.3395
DDOG-20260924T13334508795,DDOG,2026-09-24,2026-09-24T09:39:20.414783-04:00,250.35,-0.0359
FTNT-20260924T13352884878,FTNT,2026-09-24,2026-09-24T09:39:20.414783-04:00,178.96,0.0
PANW-20260924T13354033049,PANW,2026-09-24,2026-09-24T09:39:20.414783-04:00,392.81,-0.0509
VKTX-20260924T13360625319,VKTX,2026-09-24,2026-09-24T09:39:20.414783-04:00,35.95,0.2634
MRVL-20260924T13370355533,MRVL,2026-09-24,2026-09-24T09:39:20.414783-04:00,257.8628,0.6569
GME-20260924T13370746937,GME,2026-09-24,2026-09-24T09:39:20.414783-04:00,24.04,0.0833
NVDA-20260924T13332501138,NVDA,2026-09-24,2026-09-24T09:39:23.704673-04:00,223.175,0.5164
MRNA-20260924T13333172331,MRNA,2026-09-24,2026-09-24T09:39:23.704673-04:00,184.52,1.2956
DDOG-20260924T13334508795,DDOG,2026-09-24,2026-09-24T09:39:23.704673-04:00,250.38,-0.024
FTNT-20260924T13352884878,FTNT,2026-09-24,2026-09-24T09:39:23.704673-04:00,178.99,0.0168
PANW-20260924T13354033049,PANW,2026-09-24,2026-09-24T09:39:23.704673-04:00,392.625,-0.098
VKTX-20260924T13360625319,VKTX,2026-09-24,2026-09-24T09:39:23.704673-04:00,35.94,0.2355
MRVL-20260924T13370355533,MRVL,2026-09-24,2026-09-24T09:39:23.704673-04:00,258.1,0.7495
GME-20260924T13370746937,GME,2026-09-24,2026-09-24T09:39:23.704673-04:00,24.03,0.0416
NVDA-20260924T13332501138,NVDA,2026-09-24,2026-09-24T09:39:26.983531-04:00,223.212,0.5331
MRNA-20260924T13333172331,MRNA,2026-09-24,2026-09-24T09:39:26.983531-04:00,184.57,1.323
DDOG-20260924T13334508795,DDOG,2026-09-24,2026-09-24T09:39:26.983531-04:00,250.38,-0.024
FTNT-20260924T13352884878,FTNT,2026-09-24,2026-09-24T09:39:26.983531-04:00,178.795,-0.0922
PANW-20260924T13354033049,PANW,2026-09-24,2026-09-24T09:39:26.983531-04:00,392.625,-0.098
VKTX-20260924T13360625319,VKTX,2026-09-24,2026-09-24T09:39:26.983531-04:00,35.945,0.2494
MRVL-20260924T13370355533,MRVL,2026-09-24,2026-09-24T09:39:26.983531-04:00,258.1456,0.7673
GME-20260924T13370746937,GME,2026-09-24,2026-09-24T09:39:26.983531-04:00,24.025,0.0208
NVDA-20260924T13332501138,NVDA,2026-09-24,2026-09-24T09:39:30.280967-04:00,223.176,0.5168
MRNA-20260924T13333172331,MRNA,2026-09-24,2026-09-24T09:39:30.280967-04:00,185.2,1.6689
DDOG-20260924T13334508795,DDOG,2026-09-24,2026-09-24T09:39:30.280967-04:00,250.5,0.024
FTNT-20260924T13352884878,FTNT,2026-09-24,2026-09-24T09:39:30.280967-04:00,178.78,-0.1006
PANW-20260924T13354033049,PANW,2026-09-24,2026-09-24T09:39:30.280967-04:00,392.625,-0.098
VKTX-20260924T13360625319,VKTX,2026-09-24,2026-09-24T09:39:30.280967-04:00,35.9299,0.2073
MRVL-20260924T13370355533,MRVL,2026-09-24,2026-09-24T09:39:30.280967-04:00,258.15,0.769
GME-20260924T13370746937,GME,2026-09-24,2026-09-24T09:39:30.280967-04:00,24.02,0.0
NVDA-20260924T13332501138,NVDA,2026-09-24,2026-09-24T09:39:33.614574-04:00,223.152,0.506
MRNA-20260924T13333172331,MRNA,2026-09-24,2026-09-24T09:39:33.614574-04:00,185.0,1.5591
DDOG-20260924T13334508795,DDOG,2026-09-24,2026-09-24T09:39:33.614574-04:00,250.38,-0.024
FTNT-20260924T13352884878,FTNT,2026-09-24,2026-09-24T09:39:33.614574-04:00,178.78,-0.1006
PANW-20260924T13354033049,PANW,2026-09-24,2026-09-24T09:39:33.614574-04:00,392.649,-0.0919
VKTX-20260924T13360625319,VKTX,2026-09-24,2026-09-24T09:39:33.614574-04:00,35.915,0.1658
MRVL-20260924T13370355533,MRVL,2026-09-24,2026-09-24T09:39:33.614574-04:00,258.155,0.7709
GME-20260924T13370746937,GME,2026-09-24,2026-09-24T09:39:33.614574-04:00,23.9983,-0.0903
NVDA-20260924T13332501138,NVDA,2026-09-24,2026-09-24T09:39:36.919564-04:00,223.182,0.5195
MRNA-20260924T13333172331,MRNA,2026-09-24,2026-09-24T09:39:36.919564-04:00,185.15,1.6414
DDOG-20260924T13334508795,DDOG,2026-09-24,2026-09-24T09:39:36.919564-04:00,250.55,0.0439
FTNT-20260924T13352884878,FTNT,2026-09-24,2026-09-24T09:39:36.919564-04:00,178.78,-0.1006
PANW-20260924T13354033049,PANW,2026-09-24,2026-09-24T09:39:36.919564-04:00,392.74,-0.0687
VKTX-20260924T13360625319,VKTX,2026-09-24,2026-09-24T09:39:36.919564-04:00,35.85,-0.0155
MRVL-20260924T13370355533,MRVL,2026-09-24,2026-09-24T09:39:36.919564-04:00,258.104,0.751
GME-20260924T13370746937,GME,2026-09-24,2026-09-24T09:39:36.919564-04:00,24.02,0.0
NVDA-20260924T13332501138,NVDA,2026-09-24,2026-09-24T09:39:40.230600-04:00,223.2,0.5277
MRNA-20260924T13333172331,MRNA,2026-09-24,2026-09-24T09:39:40.230600-04:00,185.085,1.6057
DDOG-20260924T13334508795,DDOG,2026-09-24,2026-09-24T09:39:40.230600-04:00,250.32,-0.0479
FTNT-20260924T13352884878,FTNT,2026-09-24,2026-09-24T09:39:40.230600-04:00,179.03,0.0391
PANW-20260924T13354033049,PANW,2026-09-24,2026-09-24T09:39:40.230600-04:00,392.7246,-0.0726
VKTX-20260924T13360625319,VKTX,2026-09-24,2026-09-24T09:39:40.230600-04:00,35.9,0.1239
MRVL-20260924T13370355533,MRVL,2026-09-24,2026-09-24T09:39:40.230600-04:00,258.33,0.8393
GME-20260924T13370746937,GME,2026-09-24,2026-09-24T09:39:40.230600-04:00,24.03,0.0416
NVDA-20260924T13332501138,NVDA,2026-09-24,2026-09-24T09:39:43.602680-04:00,223.18,0.5186
MRNA-20260924T13333172331,MRNA,2026-09-24,2026-09-24T09:39:43.602680-04:00,185.19,1.6634
DDOG-20260924T13334508795,DDOG,2026-09-24,2026-09-24T09:39:43.602680-04:00,250.32,-0.0479
FTNT-20260924T13352884878,FTNT,2026-09-24,2026-09-24T09:39:43.602680-04:00,179.03,0.0391
PANW-20260924T13354033049,PANW,2026-09-24,2026-09-24T09:39:43.602680-04:00,392.9051,-0.0267
VKTX-20260924T13360625319,VKTX,2026-09-24,2026-09-24T09:39:43.602680-04:00,35.855,-0.0016
MRVL-20260924T13370355533,MRVL,2026-09-24,2026-09-24T09:39:43.602680-04:00,258.305,0.8295
GME-20260924T13370746937,GME,2026-09-24,2026-09-24T09:39:43.602680-04:00,24.05,0.1249
NVDA-20260924T13332501138,NVDA,2026-09-24,2026-09-24T09:39:46.906195-04:00,223.0632,0.466
MRNA-20260924T13333172331,MRNA,2026-09-24,2026-09-24T09:39:46.906195-04:00,185.0587,1.5913
DDOG-20260924T13334508795,DDOG,2026-09-24,2026-09-24T09:39:46.906195-04:00,250.52,0.0319
FTNT-20260924T13352884878,FTNT,2026-09-24,2026-09-24T09:39:46.906195-04:00,178.78,-0.1006
PANW-20260924T13354033049,PANW,2026-09-24,2026-09-24T09:39:46.906195-04:00,392.5,-0.1298
VKTX-20260924T13360625319,VKTX,2026-09-24,2026-09-24T09:39:46.906195-04:00,35.85,-0.0155
MRVL-20260924T13370355533,MRVL,2026-09-24,2026-09-24T09:39:46.906195-04:00,258.2086,0.7919
GME-20260924T13370746937,GME,2026-09-24,2026-09-24T09:39:46.906195-04:00,24.065,0.1873
NVDA-20260924T13332501138,NVDA,2026-09-24,2026-09-24T09:39:50.203540-04:00,223.004,0.4394
MRNA-20260924T13333172331,MRNA,2026-09-24,2026-09-24T09:39:50.203540-04:00,185.32,1.7347
DDOG-20260924T13334508795,DDOG,2026-09-24,2026-09-24T09:39:50.203540-04:00,250.28,-0.0639
FTNT-20260924T13352884878,FTNT,2026-09-24,2026-09-24T09:39:50.203540-04:00,178.775,-0.1034
PANW-20260924T13354033049,PANW,2026-09-24,2026-09-24T09:39:50.203540-04:00,393.418,0.1038
VKTX-20260924T13360625319,VKTX,2026-09-24,2026-09-24T09:39:50.203540-04:00,35.8497,-0.0164
MRVL-20260924T13370355533,MRVL,2026-09-24,2026-09-24T09:39:50.203540-04:00,258.48,0.8978
GME-20260924T13370746937,GME,2026-09-24,2026-09-24T09:39:50.203540-04:00,24.05,0.1249
NVDA-20260924T13332501138,NVDA,2026-09-24,2026-09-24T09:39:53.475811-04:00,223.05,0.4601
MRNA-20260924T13333172331,MRNA,2026-09-24,2026-09-24T09:39:53.475811-04:00,185.32,1.7347
DDOG-20260924T13334508795,DDOG,2026-09-24,2026-09-24T09:39:53.475811-04:00,250.3,-0.0559
FTNT-20260924T13352884878,FTNT,2026-09-24,2026-09-24T09:39:53.475811-04:00,178.775,-0.1034
PANW-20260924T13354033049,PANW,2026-09-24,2026-09-24T09:39:53.475811-04:00,393.1501,0.0356
VKTX-20260924T13360625319,VKTX,2026-09-24,2026-09-24T09:39:53.475811-04:00,35.85,-0.0155
MRVL-20260924T13370355533,MRVL,2026-09-24,2026-09-24T09:39:53.475811-04:00,258.565,0.931
GME-20260924T13370746937,GME,2026-09-24,2026-09-24T09:39:53.475811-04:00,24.042,0.0916
NVDA-20260924T13332501138,NVDA,2026-09-24,2026-09-24T09:39:56.767994-04:00,222.985,0.4308
MRNA-20260924T13333172331,MRNA,2026-09-24,2026-09-24T09:39:56.767994-04:00,184.4688,1.2675
DDOG-20260924T13334508795,DDOG,2026-09-24,2026-09-24T09:39:56.767994-04:00,250.1636,-0.1104
FTNT-20260924T13352884878,FTNT,2026-09-24,2026-09-24T09:39:56.767994-04:00,178.775,-0.1034
PANW-20260924T13354033049,PANW,2026-09-24,2026-09-24T09:39:56.767994-04:00,393.4376,0.1088
VKTX-20260924T13360625319,VKTX,2026-09-24,2026-09-24T09:39:56.767994-04:00,35.835,-0.0574
MRVL-20260924T13370355533,MRVL,2026-09-24,2026-09-24T09:39:56.767994-04:00,258.6272,0.9553
GME-20260924T13370746937,GME,2026-09-24,2026-09-24T09:39:56.767994-04:00,24.0451,0.1045
NVDA-20260924T13332501138,NVDA,2026-09-24,2026-09-24T09:40:00.094073-04:00,222.9877,0.432
MRNA-20260924T13333172331,MRNA,2026-09-24,2026-09-24T09:40:00.094073-04:00,185.4543,1.8085
DDOG-20260924T13334508795,DDOG,2026-09-24,2026-09-24T09:40:00.094073-04:00,250.1785,-0.1044
FTNT-20260924T13352884878,FTNT,2026-09-24,2026-09-24T09:40:00.094073-04:00,178.8694,-0.0506
PANW-20260924T13354033049,PANW,2026-09-24,2026-09-24T09:40:00.094073-04:00,393.0514,0.0105
VKTX-20260924T13360625319,VKTX,2026-09-24,2026-09-24T09:40:00.094073-04:00,35.8201,-0.0989
MRVL-20260924T13370355533,MRVL,2026-09-24,2026-09-24T09:40:00.094073-04:00,258.61,0.9486
GME-20260924T13370746937,GME,2026-09-24,2026-09-24T09:40:00.094073-04:00,24.04,0.0833
NVDA-20260924T13332501138,NVDA,2026-09-24,2026-09-24T09:40:03.753108-04:00,222.9,0.3925
DDOG-20260924T13334508795,DDOG,2026-09-24,2026-09-24T09:40:03.753108-04:00,250.065,-0.1497
FTNT-20260924T13352884878,FTNT,2026-09-24,2026-09-24T09:40:03.753108-04:00,178.67,-0.162
PANW-20260924T13354033049,PANW,2026-09-24,2026-09-24T09:40:03.753108-04:00,393.34,0.084
VKTX-20260924T13360625319,VKTX,2026-09-24,2026-09-24T09:40:03.753108-04:00,35.84,-0.0434
MRVL-20260924T13370355533,MRVL,2026-09-24,2026-09-24T09:40:03.753108-04:00,258.54,0.9212
GME-20260924T13370746937,GME,2026-09-24,2026-09-24T09:40:03.753108-04:00,24.045,0.1041
NVDA-20260924T13332501138,NVDA,2026-09-24,2026-09-24T09:40:07.200639-04:00,222.9,0.3925
DDOG-20260924T13334508795,DDOG,2026-09-24,2026-09-24T09:40:07.200639-04:00,249.66,-0.3115
FTNT-20260924T13352884878,FTNT,2026-09-24,2026-09-24T09:40:07.200639-04:00,178.67,-0.162
PANW-20260924T13354033049,PANW,2026-09-24,2026-09-24T09:40:07.200639-04:00,393.165,0.0394
VKTX-20260924T13360625319,VKTX,2026-09-24,2026-09-24T09:40:07.200639-04:00,35.805,-0.141
MRVL-20260924T13370355533,MRVL,2026-09-24,2026-09-24T09:40:07.200639-04:00,258.51,0.9095
GME-20260924T13370746937,GME,2026-09-24,2026-09-24T09:40:07.200639-04:00,24.045,0.1041
VICR-20260924T13400075136,VICR,2026-09-24,2026-09-24T09:40:07.200639-04:00,274.04,-0.0667
NVDA-20260924T13332501138,NVDA,2026-09-24,2026-09-24T09:40:10.658243-04:00,222.92,0.4015
DDOG-20260924T13334508795,DDOG,2026-09-24,2026-09-24T09:40:10.658243-04:00,249.67,-0.3075
FTNT-20260924T13352884878,FTNT,2026-09-24,2026-09-24T09:40:10.658243-04:00,178.45,-0.285
PANW-20260924T13354033049,PANW,2026-09-24,2026-09-24T09:40:10.658243-04:00,392.855,-0.0394
VKTX-20260924T13360625319,VKTX,2026-09-24,2026-09-24T09:40:10.658243-04:00,35.875,0.0542
MRVL-20260924T13370355533,MRVL,2026-09-24,2026-09-24T09:40:10.658243-04:00,258.4402,0.8823
GME-20260924T13370746937,GME,2026-09-24,2026-09-24T09:40:10.658243-04:00,24.05,0.1249
VICR-20260924T13400075136,VICR,2026-09-24,2026-09-24T09:40:10.658243-04:00,274.03,-0.0703
COIN-20260924T13400419994,COIN,2026-09-24,2026-09-24T09:40:10.658243-04:00,197.78,-0.3928
NVDA-20260924T13332501138,NVDA,2026-09-24,2026-09-24T09:40:14.220056-04:00,223.01,0.4421
DDOG-20260924T13334508795,DDOG,2026-09-24,2026-09-24T09:40:14.220056-04:00,249.51,-0.3713
FTNT-20260924T13352884878,FTNT,2026-09-24,2026-09-24T09:40:14.220056-04:00,178.445,-0.2878
PANW-20260924T13354033049,PANW,2026-09-24,2026-09-24T09:40:14.220056-04:00,393.0521,0.0107
VKTX-20260924T13360625319,VKTX,2026-09-24,2026-09-24T09:40:14.220056-04:00,35.99,0.3749
MRVL-20260924T13370355533,MRVL,2026-09-24,2026-09-24T09:40:14.220056-04:00,258.736,0.9977
GME-20260924T13370746937,GME,2026-09-24,2026-09-24T09:40:14.220056-04:00,24.0474,0.1141
VICR-20260924T13400075136,VICR,2026-09-24,2026-09-24T09:40:14.220056-04:00,274.045,-0.0649
COIN-20260924T13400419994,COIN,2026-09-24,2026-09-24T09:40:14.220056-04:00,197.68,-0.4432
NVDA-20260924T13332501138,NVDA,2026-09-24,2026-09-24T09:40:17.584658-04:00,223.035,0.4533
DDOG-20260924T13334508795,DDOG,2026-09-24,2026-09-24T09:40:17.584658-04:00,249.495,-0.3773
FTNT-20260924T13352884878,FTNT,2026-09-24,2026-09-24T09:40:17.584658-04:00,178.505,-0.2542
PANW-20260924T13354033049,PANW,2026-09-24,2026-09-24T09:40:17.584658-04:00,393.385,0.0954
VKTX-20260924T13360625319,VKTX,2026-09-24,2026-09-24T09:40:17.584658-04:00,35.99,0.3749
MRVL-20260924T13370355533,MRVL,2026-09-24,2026-09-24T09:40:17.584658-04:00,258.8438,1.0398
GME-20260924T13370746937,GME,2026-09-24,2026-09-24T09:40:17.584658-04:00,24.0655,0.1894
VICR-20260924T13400075136,VICR,2026-09-24,2026-09-24T09:40:17.584658-04:00,275.99,0.6444
COIN-20260924T13400419994,COIN,2026-09-24,2026-09-24T09:40:17.584658-04:00,197.8,-0.3828
NVDA-20260924T13332501138,NVDA,2026-09-24,2026-09-24T09:40:20.930829-04:00,222.97,0.4241
DDOG-20260924T13334508795,DDOG,2026-09-24,2026-09-24T09:40:20.930829-04:00,249.8727,-0.2265
FTNT-20260924T13352884878,FTNT,2026-09-24,2026-09-24T09:40:20.930829-04:00,179.085,0.0698
PANW-20260924T13354033049,PANW,2026-09-24,2026-09-24T09:40:20.930829-04:00,393.385,0.0954
VKTX-20260924T13360625319,VKTX,2026-09-24,2026-09-24T09:40:20.930829-04:00,36.065,0.5841
MRVL-20260924T13370355533,MRVL,2026-09-24,2026-09-24T09:40:20.930829-04:00,257.1718,0.3871
GME-20260924T13370746937,GME,2026-09-24,2026-09-24T09:40:20.930829-04:00,24.05,0.1249
VICR-20260924T13400075136,VICR,2026-09-24,2026-09-24T09:40:20.930829-04:00,273.8401,-0.1396
COIN-20260924T13400419994,COIN,2026-09-24,2026-09-24T09:40:20.930829-04:00,197.792,-0.3868
NVDA-20260924T13332501138,NVDA,2026-09-24,2026-09-24T09:40:24.355191-04:00,223.032,0.452
DDOG-20260924T13334508795,DDOG,2026-09-24,2026-09-24T09:40:24.355191-04:00,250.0172,-0.1688
FTNT-20260924T13352884878,FTNT,2026-09-24,2026-09-24T09:40:24.355191-04:00,178.995,0.0196
PANW-20260924T13354033049,PANW,2026-09-24,2026-09-24T09:40:24.355191-04:00,393.45,0.112
VKTX-20260924T13360625319,VKTX,2026-09-24,2026-09-24T09:40:24.355191-04:00,36.08,0.6259
MRVL-20260924T13370355533,MRVL,2026-09-24,2026-09-24T09:40:24.355191-04:00,258.6802,0.976
GME-20260924T13370746937,GME,2026-09-24,2026-09-24T09:40:24.355191-04:00,24.05,0.1249
VICR-20260924T13400075136,VICR,2026-09-24,2026-09-24T09:40:24.355191-04:00,274.51,0.1047
COIN-20260924T13400419994,COIN,2026-09-24,2026-09-24T09:40:24.355191-04:00,197.755,-0.4054
NVDA-20260924T13332501138,NVDA,2026-09-24,2026-09-24T09:40:27.613248-04:00,222.994,0.4349
DDOG-20260924T13334508795,DDOG,2026-09-24,2026-09-24T09:40:27.613248-04:00,249.8753,-0.2255
FTNT-20260924T13352884878,FTNT,2026-09-24,2026-09-24T09:40:27.613248-04:00,179.055,0.0531
PANW-20260924T13354033049,PANW,2026-09-24,2026-09-24T09:40:27.613248-04:00,393.87,0.2188
VKTX-20260924T13360625319,VKTX,2026-09-24,2026-09-24T09:40:27.613248-04:00,36.11,0.7096
MRVL-20260924T13370355533,MRVL,2026-09-24,2026-09-24T09:40:27.613248-04:00,258.64,0.9603
GME-20260924T13370746937,GME,2026-09-24,2026-09-24T09:40:27.613248-04:00,24.05,0.1249
VICR-20260924T13400075136,VICR,2026-09-24,2026-09-24T09:40:27.613248-04:00,273.8302,-0.1432
COIN-20260924T13400419994,COIN,2026-09-24,2026-09-24T09:40:27.613248-04:00,197.605,-0.481
NVDA-20260924T13332501138,NVDA,2026-09-24,2026-09-24T09:40:30.905098-04:00,223.046,0.4583
DDOG-20260924T13334508795,DDOG,2026-09-24,2026-09-24T09:40:30.905098-04:00,249.34,-0.4392
FTNT-20260924T13352884878,FTNT,2026-09-24,2026-09-24T09:40:30.905098-04:00,178.74,-0.1229
PANW-20260924T13354033049,PANW,2026-09-24,2026-09-24T09:40:30.905098-04:00,393.43,0.1069
VKTX-20260924T13360625319,VKTX,2026-09-24,2026-09-24T09:40:30.905098-04:00,36.1,0.6817
MRVL-20260924T13370355533,MRVL,2026-09-24,2026-09-24T09:40:30.905098-04:00,258.57,0.9329
GME-20260924T13370746937,GME,2026-09-24,2026-09-24T09:40:30.905098-04:00,24.055,0.1457
VICR-20260924T13400075136,VICR,2026-09-24,2026-09-24T09:40:30.905098-04:00,274.68,0.1667
COIN-20260924T13400419994,COIN,2026-09-24,2026-09-24T09:40:30.905098-04:00,197.73,-0.418
NVDA-20260924T13332501138,NVDA,2026-09-24,2026-09-24T09:40:34.105151-04:00,223.054,0.4619
DDOG-20260924T13334508795,DDOG,2026-09-24,2026-09-24T09:40:34.105151-04:00,249.34,-0.4392
FTNT-20260924T13352884878,FTNT,2026-09-24,2026-09-24T09:40:34.105151-04:00,179.0588,0.0552
PANW-20260924T13354033049,PANW,2026-09-24,2026-09-24T09:40:34.105151-04:00,393.63,0.1578
VKTX-20260924T13360625319,VKTX,2026-09-24,2026-09-24T09:40:34.105151-04:00,36.125,0.7514
MRVL-20260924T13370355533,MRVL,2026-09-24,2026-09-24T09:40:34.105151-04:00,258.53,0.9173
GME-20260924T13370746937,GME,2026-09-24,2026-09-24T09:40:34.105151-04:00,24.055,0.1457
VICR-20260924T13400075136,VICR,2026-09-24,2026-09-24T09:40:34.105151-04:00,274.765,0.1977
COIN-20260924T13400419994,COIN,2026-09-24,2026-09-24T09:40:34.105151-04:00,197.645,-0.4608
NVDA-20260924T13332501138,NVDA,2026-09-24,2026-09-24T09:40:37.337341-04:00,222.8546,0.3721
DDOG-20260924T13334508795,DDOG,2026-09-24,2026-09-24T09:40:37.337341-04:00,249.505,-0.3733
FTNT-20260924T13352884878,FTNT,2026-09-24,2026-09-24T09:40:37.337341-04:00,179.17,0.1173
PANW-20260924T13354033049,PANW,2026-09-24,2026-09-24T09:40:37.337341-04:00,393.0798,0.0178
VKTX-20260924T13360625319,VKTX,2026-09-24,2026-09-24T09:40:37.337341-04:00,36.13,0.7654
MRVL-20260924T13370355533,MRVL,2026-09-24,2026-09-24T09:40:37.337341-04:00,258.755,1.0052
GME-20260924T13370746937,GME,2026-09-24,2026-09-24T09:40:37.337341-04:00,24.0632,0.1799
VICR-20260924T13400075136,VICR,2026-09-24,2026-09-24T09:40:37.337341-04:00,274.64,0.1521
COIN-20260924T13400419994,COIN,2026-09-24,2026-09-24T09:40:37.337341-04:00,197.69,-0.4382
NVDA-20260924T13332501138,NVDA,2026-09-24,2026-09-24T09:40:40.650967-04:00,222.76,0.3295
DDOG-20260924T13334508795,DDOG,2026-09-24,2026-09-24T09:40:40.650967-04:00,250.0467,-0.157
FTNT-20260924T13352884878,FTNT,2026-09-24,2026-09-24T09:40:40.650967-04:00,179.015,0.0307
PANW-20260924T13354033049,PANW,2026-09-24,2026-09-24T09:40:40.650967-04:00,393.93,0.2341
VKTX-20260924T13360625319,VKTX,2026-09-24,2026-09-24T09:40:40.650967-04:00,36.15,0.8212
MRVL-20260924T13370355533,MRVL,2026-09-24,2026-09-24T09:40:40.650967-04:00,258.645,0.9622
GME-20260924T13370746937,GME,2026-09-24,2026-09-24T09:40:40.650967-04:00,24.055,0.1457
VICR-20260924T13400075136,VICR,2026-09-24,2026-09-24T09:40:40.650967-04:00,274.68,0.1667
COIN-20260924T13400419994,COIN,2026-09-24,2026-09-24T09:40:40.650967-04:00,197.65,-0.4583
NVDA-20260924T13332501138,NVDA,2026-09-24,2026-09-24T09:40:43.932817-04:00,222.77,0.334
DDOG-20260924T13334508795,DDOG,2026-09-24,2026-09-24T09:40:43.932817-04:00,249.88,-0.2236
FTNT-20260924T13352884878,FTNT,2026-09-24,2026-09-24T09:40:43.932817-04:00,179.2,0.1341
PANW-20260924T13354033049,PANW,2026-09-24,2026-09-24T09:40:43.932817-04:00,393.3745,0.0927
VKTX-20260924T13360625319,VKTX,2026-09-24,2026-09-24T09:40:43.932817-04:00,36.1495,0.8198
MRVL-20260924T13370355533,MRVL,2026-09-24,2026-09-24T09:40:43.932817-04:00,258.77,1.011
GME-20260924T13370746937,GME,2026-09-24,2026-09-24T09:40:43.932817-04:00,24.0482,0.1174
VICR-20260924T13400075136,VICR,2026-09-24,2026-09-24T09:40:43.932817-04:00,274.68,0.1667
COIN-20260924T13400419994,COIN,2026-09-24,2026-09-24T09:40:43.932817-04:00,197.45,-0.559
NVDA-20260924T13332501138,NVDA,2026-09-24,2026-09-24T09:40:47.185840-04:00,222.874,0.3808
DDOG-20260924T13334508795,DDOG,2026-09-24,2026-09-24T09:40:47.185840-04:00,249.88,-0.2236
FTNT-20260924T13352884878,FTNT,2026-09-24,2026-09-24T09:40:47.185840-04:00,179.14,0.1006
PANW-20260924T13354033049,PANW,2026-09-24,2026-09-24T09:40:47.185840-04:00,393.705,0.1768
VKTX-20260924T13360625319,VKTX,2026-09-24,2026-09-24T09:40:47.185840-04:00,36.24,1.0722
MRVL-20260924T13370355533,MRVL,2026-09-24,2026-09-24T09:40:47.185840-04:00,258.96,1.0852
GME-20260924T13370746937,GME,2026-09-24,2026-09-24T09:40:47.185840-04:00,24.0482,0.1174
VICR-20260924T13400075136,VICR,2026-09-24,2026-09-24T09:40:47.185840-04:00,275.2368,0.3698
COIN-20260924T13400419994,COIN,2026-09-24,2026-09-24T09:40:47.185840-04:00,197.064,-0.7534
NVDA-20260924T13332501138,NVDA,2026-09-24,2026-09-24T09:40:50.451104-04:00,222.87,0.379
DDOG-20260924T13334508795,DDOG,2026-09-24,2026-09-24T09:40:50.451104-04:00,250.14,-0.1198
FTNT-20260924T13352884878,FTNT,2026-09-24,2026-09-24T09:40:50.451104-04:00,179.09,0.0726
PANW-20260924T13354033049,PANW,2026-09-24,2026-09-24T09:40:50.451104-04:00,393.96,0.2417
VKTX-20260924T13360625319,VKTX,2026-09-24,2026-09-24T09:40:50.451104-04:00,36.2301,1.0446
MRVL-20260924T13370355533,MRVL,2026-09-24,2026-09-24T09:40:50.451104-04:00,258.83,1.0344
GME-20260924T13370746937,GME,2026-09-24,2026-09-24T09:40:50.451104-04:00,24.07,0.2082
VICR-20260924T13400075136,VICR,2026-09-24,2026-09-24T09:40:50.451104-04:00,275.35,0.411
COIN-20260924T13400419994,COIN,2026-09-24,2026-09-24T09:40:50.451104-04:00,197.16,-0.7051
NVDA-20260924T13332501138,NVDA,2026-09-24,2026-09-24T09:40:53.711972-04:00,222.928,0.4051
DDOG-20260924T13334508795,DDOG,2026-09-24,2026-09-24T09:40:53.711972-04:00,249.97,-0.1877
FTNT-20260924T13352884878,FTNT,2026-09-24,2026-09-24T09:40:53.711972-04:00,179.2477,0.1608
PANW-20260924T13354033049,PANW,2026-09-24,2026-09-24T09:40:53.711972-04:00,393.86,0.2163
VKTX-20260924T13360625319,VKTX,2026-09-24,2026-09-24T09:40:53.711972-04:00,36.31,1.2674
MRVL-20260924T13370355533,MRVL,2026-09-24,2026-09-24T09:40:53.711972-04:00,258.85,1.0422
GME-20260924T13370746937,GME,2026-09-24,2026-09-24T09:40:53.711972-04:00,24.055,0.1457
VICR-20260924T13400075136,VICR,2026-09-24,2026-09-24T09:40:53.711972-04:00,274.69,0.1704
COIN-20260924T13400419994,COIN,2026-09-24,2026-09-24T09:40:53.711972-04:00,197.307,-0.631
NVDA-20260924T13332501138,NVDA,2026-09-24,2026-09-24T09:40:56.997140-04:00,222.8175,0.3554
DDOG-20260924T13334508795,DDOG,2026-09-24,2026-09-24T09:40:56.997140-04:00,250.17,-0.1078
FTNT-20260924T13352884878,FTNT,2026-09-24,2026-09-24T09:40:56.997140-04:00,179.085,0.0698
PANW-20260924T13354033049,PANW,2026-09-24,2026-09-24T09:40:56.997140-04:00,394.12,0.2824
VKTX-20260924T13360625319,VKTX,2026-09-24,2026-09-24T09:40:56.997140-04:00,36.33,1.3232
MRVL-20260924T13370355533,MRVL,2026-09-24,2026-09-24T09:40:56.997140-04:00,258.59,0.9407
GME-20260924T13370746937,GME,2026-09-24,2026-09-24T09:40:56.997140-04:00,24.0587,0.1611
VICR-20260924T13400075136,VICR,2026-09-24,2026-09-24T09:40:56.997140-04:00,274.6,0.1375
COIN-20260924T13400419994,COIN,2026-09-24,2026-09-24T09:40:56.997140-04:00,197.605,-0.481
NVDA-20260924T13332501138,NVDA,2026-09-24,2026-09-24T09:41:00.236650-04:00,222.7701,0.334
DDOG-20260924T13334508795,DDOG,2026-09-24,2026-09-24T09:41:00.236650-04:00,250.29,-0.0599
FTNT-20260924T13352884878,FTNT,2026-09-24,2026-09-24T09:41:00.236650-04:00,179.34,0.2123
PANW-20260924T13354033049,PANW,2026-09-24,2026-09-24T09:41:00.236650-04:00,392.5625,-0.1139
VKTX-20260924T13360625319,VKTX,2026-09-24,2026-09-24T09:41:00.236650-04:00,36.37,1.4347
MRVL-20260924T13370355533,MRVL,2026-09-24,2026-09-24T09:41:00.236650-04:00,257.1759,0.3888
GME-20260924T13370746937,GME,2026-09-24,2026-09-24T09:41:00.236650-04:00,23.9639,-0.2336
VICR-20260924T13400075136,VICR,2026-09-24,2026-09-24T09:41:00.236650-04:00,273.0991,-0.4098
COIN-20260924T13400419994,COIN,2026-09-24,2026-09-24T09:41:00.236650-04:00,197.53,-0.5187
NVDA-20260924T13332501138,NVDA,2026-09-24,2026-09-24T09:41:03.874928-04:00,222.835,0.3633
DDOG-20260924T13334508795,DDOG,2026-09-24,2026-09-24T09:41:03.874928-04:00,250.49,0.02
FTNT-20260924T13352884878,FTNT,2026-09-24,2026-09-24T09:41:03.874928-04:00,179.285,0.1816
PANW-20260924T13354033049,PANW,2026-09-24,2026-09-24T09:41:03.874928-04:00,395.69,0.6819
VKTX-20260924T13360625319,VKTX,2026-09-24,2026-09-24T09:41:03.874928-04:00,36.315,1.2813
MRVL-20260924T13370355533,MRVL,2026-09-24,2026-09-24T09:41:03.874928-04:00,258.98,1.093
GME-20260924T13370746937,GME,2026-09-24,2026-09-24T09:41:03.874928-04:00,24.08,0.2498
VICR-20260924T13400075136,VICR,2026-09-24,2026-09-24T09:41:03.874928-04:00,273.85,-0.136
COIN-20260924T13400419994,COIN,2026-09-24,2026-09-24T09:41:03.874928-04:00,197.575,-0.4961
NVDA-20260924T13332501138,NVDA,2026-09-24,2026-09-24T09:41:07.231143-04:00,222.884,0.3853
DDOG-20260924T13334508795,DDOG,2026-09-24,2026-09-24T09:41:07.231143-04:00,249.8235,-0.2462
FTNT-20260924T13352884878,FTNT,2026-09-24,2026-09-24T09:41:07.231143-04:00,179.3,0.19
PANW-20260924T13354033049,PANW,2026-09-24,2026-09-24T09:41:07.231143-04:00,395.565,0.6501
VKTX-20260924T13360625319,VKTX,2026-09-24,2026-09-24T09:41:07.231143-04:00,36.41,1.5463
MRVL-20260924T13370355533,MRVL,2026-09-24,2026-09-24T09:41:07.231143-04:00,258.9272,1.0724
GME-20260924T13370746937,GME,2026-09-24,2026-09-24T09:41:07.231143-04:00,24.08,0.2498
VICR-20260924T13400075136,VICR,2026-09-24,2026-09-24T09:41:07.231143-04:00,274.9,0.2469
COIN-20260924T13400419994,COIN,2026-09-24,2026-09-24T09:41:07.231143-04:00,197.6918,-0.4372
NVDA-20260924T13332501138,NVDA,2026-09-24,2026-09-24T09:41:10.597129-04:00,222.922,0.4024
DDOG-20260924T13334508795,DDOG,2026-09-24,2026-09-24T09:41:10.597129-04:00,250.065,-0.1497
FTNT-20260924T13352884878,FTNT,2026-09-24,2026-09-24T09:41:10.597129-04:00,179.27,0.1732
PANW-20260924T13354033049,PANW,2026-09-24,2026-09-24T09:41:10.597129-04:00,395.38,0.603
VKTX-20260924T13360625319,VKTX,2026-09-24,2026-09-24T09:41:10.597129-04:00,36.1748,0.8903
MRVL-20260924T13370355533,MRVL,2026-09-24,2026-09-24T09:41:10.597129-04:00,259.3,1.2179
GME-20260924T13370746937,GME,2026-09-24,2026-09-24T09:41:10.597129-04:00,24.08,0.2498
VICR-20260924T13400075136,VICR,2026-09-24,2026-09-24T09:41:10.597129-04:00,274.43,0.0755
COIN-20260924T13400419994,COIN,2026-09-24,2026-09-24T09:41:10.597129-04:00,197.4302,-0.569
NVDA-20260924T13332501138,NVDA,2026-09-24,2026-09-24T09:41:13.929977-04:00,222.832,0.3619
DDOG-20260924T13334508795,DDOG,2026-09-24,2026-09-24T09:41:13.929977-04:00,250.065,-0.1497
FTNT-20260924T13352884878,FTNT,2026-09-24,2026-09-24T09:41:13.929977-04:00,179.32,0.2012
PANW-20260924T13354033049,PANW,2026-09-24,2026-09-24T09:41:13.929977-04:00,395.365,0.5992
VKTX-20260924T13360625319,VKTX,2026-09-24,2026-09-24T09:41:13.929977-04:00,36.4096,1.5452
MRVL-20260924T13370355533,MRVL,2026-09-24,2026-09-24T09:41:13.929977-04:00,259.165,1.1652
GME-20260924T13370746937,GME,2026-09-24,2026-09-24T09:41:13.929977-04:00,24.0801,0.2502
VICR-20260924T13400075136,VICR,2026-09-24,2026-09-24T09:41:13.929977-04:00,274.43,0.0755
COIN-20260924T13400419994,COIN,2026-09-24,2026-09-24T09:41:13.929977-04:00,197.07,-0.7504
NVDA-20260924T13332501138,NVDA,2026-09-24,2026-09-24T09:41:17.300446-04:00,222.742,0.3214
DDOG-20260924T13334508795,DDOG,2026-09-24,2026-09-24T09:41:17.300446-04:00,249.8766,-0.225
FTNT-20260924T13352884878,FTNT,2026-09-24,2026-09-24T09:41:17.300446-04:00,179.1766,0.121
PANW-20260924T13354033049,PANW,2026-09-24,2026-09-24T09:41:17.300446-04:00,395.1488,0.5442
VKTX-20260924T13360625319,VKTX,2026-09-24,2026-09-24T09:41:17.300446-04:00,36.5,1.7973
MRVL-20260924T13370355533,MRVL,2026-09-24,2026-09-24T09:41:17.300446-04:00,259.15,1.1593
GME-20260924T13370746937,GME,2026-09-24,2026-09-24T09:41:17.300446-04:00,24.08,0.2498
VICR-20260924T13400075136,VICR,2026-09-24,2026-09-24T09:41:17.300446-04:00,274.98,0.2761
COIN-20260924T13400419994,COIN,2026-09-24,2026-09-24T09:41:17.300446-04:00,196.9,-0.836
NVDA-20260924T13332501138,NVDA,2026-09-24,2026-09-24T09:41:20.828406-04:00,222.7651,0.3318
DDOG-20260924T13334508795,DDOG,2026-09-24,2026-09-24T09:41:20.828406-04:00,249.8766,-0.225
FTNT-20260924T13352884878,FTNT,2026-09-24,2026-09-24T09:41:20.828406-04:00,179.28,0.1788
PANW-20260924T13354033049,PANW,2026-09-24,2026-09-24T09:41:20.828406-04:00,395.34,0.5929
VKTX-20260924T13360625319,VKTX,2026-09-24,2026-09-24T09:41:20.828406-04:00,36.495,1.7834
MRVL-20260924T13370355533,MRVL,2026-09-24,2026-09-24T09:41:20.828406-04:00,259.17,1.1671
GME-20260924T13370746937,GME,2026-09-24,2026-09-24T09:41:20.828406-04:00,24.1,0.3331
VICR-20260924T13400075136,VICR,2026-09-24,2026-09-24T09:41:20.828406-04:00,274.425,0.0737
COIN-20260924T13400419994,COIN,2026-09-24,2026-09-24T09:41:20.828406-04:00,196.97,-0.8008
NVDA-20260924T13332501138,NVDA,2026-09-24,2026-09-24T09:41:24.331871-04:00,222.684,0.2952
DDOG-20260924T13334508795,DDOG,2026-09-24,2026-09-24T09:41:24.331871-04:00,250.065,-0.1497
FTNT-20260924T13352884878,FTNT,2026-09-24,2026-09-24T09:41:24.331871-04:00,179.3518,0.2189
PANW-20260924T13354033049,PANW,2026-09-24,2026-09-24T09:41:24.331871-04:00,395.15,0.5445
VKTX-20260924T13360625319,VKTX,2026-09-24,2026-09-24T09:41:24.331871-04:00,36.4758,1.7298
MRVL-20260924T13370355533,MRVL,2026-09-24,2026-09-24T09:41:24.331871-04:00,258.835,1.0364
GME-20260924T13370746937,GME,2026-09-24,2026-09-24T09:41:24.331871-04:00,24.1,0.3331
VICR-20260924T13400075136,VICR,2026-09-24,2026-09-24T09:41:24.331871-04:00,274.25,0.0099
COIN-20260924T13400419994,COIN,2026-09-24,2026-09-24T09:41:24.331871-04:00,197.074,-0.7484
NVDA-20260924T13332501138,NVDA,2026-09-24,2026-09-24T09:41:27.616838-04:00,222.582,0.2493
DDOG-20260924T13334508795,DDOG,2026-09-24,2026-09-24T09:41:27.616838-04:00,249.99,-0.1797
FTNT-20260924T13352884878,FTNT,2026-09-24,2026-09-24T09:41:27.616838-04:00,179.4156,0.2546
PANW-20260924T13354033049,PANW,2026-09-24,2026-09-24T09:41:27.616838-04:00,394.8,0.4555
VKTX-20260924T13360625319,VKTX,2026-09-24,2026-09-24T09:41:27.616838-04:00,36.475,1.7276
MRVL-20260924T13370355533,MRVL,2026-09-24,2026-09-24T09:41:27.616838-04:00,258.505,0.9076
GME-20260924T13370746937,GME,2026-09-24,2026-09-24T09:41:27.616838-04:00,24.075,0.229
VICR-20260924T13400075136,VICR,2026-09-24,2026-09-24T09:41:27.616838-04:00,274.05,-0.063
COIN-20260924T13400419994,COIN,2026-09-24,2026-09-24T09:41:27.616838-04:00,196.96,-0.8058
NVDA-20260924T13332501138,NVDA,2026-09-24,2026-09-24T09:41:30.922795-04:00,222.532,0.2268
DDOG-20260924T13334508795,DDOG,2026-09-24,2026-09-24T09:41:30.922795-04:00,250.0428,-0.1586
FTNT-20260924T13352884878,FTNT,2026-09-24,2026-09-24T09:41:30.922795-04:00,179.05,0.0503
PANW-20260924T13354033049,PANW,2026-09-24,2026-09-24T09:41:30.922795-04:00,394.6828,0.4256
VKTX-20260924T13360625319,VKTX,2026-09-24,2026-09-24T09:41:30.922795-04:00,36.48,1.7415
MRVL-20260924T13370355533,MRVL,2026-09-24,2026-09-24T09:41:30.922795-04:00,258.43,0.8783
GME-20260924T13370746937,GME,2026-09-24,2026-09-24T09:41:30.922795-04:00,24.075,0.229
VICR-20260924T13400075136,VICR,2026-09-24,2026-09-24T09:41:30.922795-04:00,274.85,0.2287
COIN-20260924T13400419994,COIN,2026-09-24,2026-09-24T09:41:30.922795-04:00,196.84,-0.8662
NVDA-20260924T13332501138,NVDA,2026-09-24,2026-09-24T09:41:34.387036-04:00,222.63,0.2709
DDOG-20260924T13334508795,DDOG,2026-09-24,2026-09-24T09:41:34.387036-04:00,250.0,-0.1757
FTNT-20260924T13352884878,FTNT,2026-09-24,2026-09-24T09:41:34.387036-04:00,179.045,0.0475
PANW-20260924T13354033049,PANW,2026-09-24,2026-09-24T09:41:34.387036-04:00,394.915,0.4847
VKTX-20260924T13360625319,VKTX,2026-09-24,2026-09-24T09:41:34.387036-04:00,36.2847,1.1968
MRVL-20260924T13370355533,MRVL,2026-09-24,2026-09-24T09:41:34.387036-04:00,258.695,0.9817
GME-20260924T13370746937,GME,2026-09-24,2026-09-24T09:41:34.387036-04:00,24.0751,0.2294
VICR-20260924T13400075136,VICR,2026-09-24,2026-09-24T09:41:34.387036-04:00,273.6,-0.2271
COIN-20260924T13400419994,COIN,2026-09-24,2026-09-24T09:41:34.387036-04:00,196.76,-0.9065
NVDA-20260924T13332501138,NVDA,2026-09-24,2026-09-24T09:41:37.750107-04:00,222.75,0.325
DDOG-20260924T13334508795,DDOG,2026-09-24,2026-09-24T09:41:37.750107-04:00,249.96,-0.1917
FTNT-20260924T13352884878,FTNT,2026-09-24,2026-09-24T09:41:37.750107-04:00,179.192,0.1296
PANW-20260924T13354033049,PANW,2026-09-24,2026-09-24T09:41:37.750107-04:00,394.75,0.4427
VKTX-20260924T13360625319,VKTX,2026-09-24,2026-09-24T09:41:37.750107-04:00,36.31,1.2674
MRVL-20260924T13370355533,MRVL,2026-09-24,2026-09-24T09:41:37.750107-04:00,258.88,1.0539
GME-20260924T13370746937,GME,2026-09-24,2026-09-24T09:41:37.750107-04:00,24.07,0.2082
VICR-20260924T13400075136,VICR,2026-09-24,2026-09-24T09:41:37.750107-04:00,273.6,-0.2271
COIN-20260924T13400419994,COIN,2026-09-24,2026-09-24T09:41:37.750107-04:00,196.83,-0.8713
NVDA-20260924T13332501138,NVDA,2026-09-24,2026-09-24T09:41:41.147098-04:00,222.64,0.2754
DDOG-20260924T13334508795,DDOG,2026-09-24,2026-09-24T09:41:41.147098-04:00,250.02,-0.1677
FTNT-20260924T13352884878,FTNT,2026-09-24,2026-09-24T09:41:41.147098-04:00,179.04,0.0447
PANW-20260924T13354033049,PANW,2026-09-24,2026-09-24T09:41:41.147098-04:00,394.775,0.4491
VKTX-20260924T13360625319,VKTX,2026-09-24,2026-09-24T09:41:41.147098-04:00,36.29,1.2116
MRVL-20260924T13370355533,MRVL,2026-09-24,2026-09-24T09:41:41.147098-04:00,258.62,0.9525
GME-20260924T13370746937,GME,2026-09-24,2026-09-24T09:41:41.147098-04:00,24.0802,0.2506
VICR-20260924T13400075136,VICR,2026-09-24,2026-09-24T09:41:41.147098-04:00,273.3,-0.3365
COIN-20260924T13400419994,COIN,2026-09-24,2026-09-24T09:41:41.147098-04:00,196.785,-0.8939
NVDA-20260924T13332501138,NVDA,2026-09-24,2026-09-24T09:41:44.487755-04:00,222.652,0.2808
DDOG-20260924T13334508795,DDOG,2026-09-24,2026-09-24T09:41:44.487755-04:00,249.6501,-0.3154
FTNT-20260924T13352884878,FTNT,2026-09-24,2026-09-24T09:41:44.487755-04:00,179.065,0.0587
PANW-20260924T13354033049,PANW,2026-09-24,2026-09-24T09:41:44.487755-04:00,394.36,0.3435
VKTX-20260924T13360625319,VKTX,2026-09-24,2026-09-24T09:41:44.487755-04:00,36.225,1.0303
MRVL-20260924T13370355533,MRVL,2026-09-24,2026-09-24T09:41:44.487755-04:00,258.9,1.0618
GME-20260924T13370746937,GME,2026-09-24,2026-09-24T09:41:44.487755-04:00,24.07,0.2082
VICR-20260924T13400075136,VICR,2026-09-24,2026-09-24T09:41:44.487755-04:00,273.8,-0.1542
COIN-20260924T13400419994,COIN,2026-09-24,2026-09-24T09:41:44.487755-04:00,196.5,-1.0375
NVDA-20260924T13332501138,NVDA,2026-09-24,2026-09-24T09:41:47.836866-04:00,222.5932,0.2544
DDOG-20260924T13334508795,DDOG,2026-09-24,2026-09-24T09:41:47.836866-04:00,249.93,-0.2036
FTNT-20260924T13352884878,FTNT,2026-09-24,2026-09-24T09:41:47.836866-04:00,179.065,0.0587
PANW-20260924T13354033049,PANW,2026-09-24,2026-09-24T09:41:47.836866-04:00,394.57,0.3969
VKTX-20260924T13360625319,VKTX,2026-09-24,2026-09-24T09:41:47.836866-04:00,36.22,1.0164
MRVL-20260924T13370355533,MRVL,2026-09-24,2026-09-24T09:41:47.836866-04:00,258.58,0.9368
GME-20260924T13370746937,GME,2026-09-24,2026-09-24T09:41:47.836866-04:00,24.07,0.2082
VICR-20260924T13400075136,VICR,2026-09-24,2026-09-24T09:41:47.836866-04:00,273.495,-0.2654
COIN-20260924T13400419994,COIN,2026-09-24,2026-09-24T09:41:47.836866-04:00,196.36,-1.108
NVDA-20260924T13332501138,NVDA,2026-09-24,2026-09-24T09:41:51.311958-04:00,222.54,0.2304
DDOG-20260924T13334508795,DDOG,2026-09-24,2026-09-24T09:41:51.311958-04:00,249.8683,-0.2283
FTNT-20260924T13352884878,FTNT,2026-09-24,2026-09-24T09:41:51.311958-04:00,179.28,0.1788
PANW-20260924T13354033049,PANW,2026-09-24,2026-09-24T09:41:51.311958-04:00,394.765,0.4466
VKTX-20260924T13360625319,VKTX,2026-09-24,2026-09-24T09:41:51.311958-04:00,36.24,1.0722
MRVL-20260924T13370355533,MRVL,2026-09-24,2026-09-24T09:41:51.311958-04:00,258.5,0.9056
GME-20260924T13370746937,GME,2026-09-24,2026-09-24T09:41:51.311958-04:00,24.0264,0.0266
VICR-20260924T13400075136,VICR,2026-09-24,2026-09-24T09:41:51.311958-04:00,273.5,-0.2636
COIN-20260924T13400419994,COIN,2026-09-24,2026-09-24T09:41:51.311958-04:00,196.35,-1.113
NVDA-20260924T13332501138,NVDA,2026-09-24,2026-09-24T09:41:54.658347-04:00,222.52,0.2214
DDOG-20260924T13334508795,DDOG,2026-09-24,2026-09-24T09:41:54.658347-04:00,250.0215,-0.1671
FTNT-20260924T13352884878,FTNT,2026-09-24,2026-09-24T09:41:54.658347-04:00,179.065,0.0587
PANW-20260924T13354033049,PANW,2026-09-24,2026-09-24T09:41:54.658347-04:00,394.8,0.4555
VKTX-20260924T13360625319,VKTX,2026-09-24,2026-09-24T09:41:54.658347-04:00,36.3099,1.2671
MRVL-20260924T13370355533,MRVL,2026-09-24,2026-09-24T09:41:54.658347-04:00,258.53,0.9173
GME-20260924T13370746937,GME,2026-09-24,2026-09-24T09:41:54.658347-04:00,24.0265,0.0271
VICR-20260924T13400075136,VICR,2026-09-24,2026-09-24T09:41:54.658347-04:00,273.49,-0.2672
COIN-20260924T13400419994,COIN,2026-09-24,2026-09-24T09:41:54.658347-04:00,196.3173,-1.1295
NVDA-20260924T13332501138,NVDA,2026-09-24,2026-09-24T09:41:58.072908-04:00,222.532,0.2268
DDOG-20260924T13334508795,DDOG,2026-09-24,2026-09-24T09:41:58.072908-04:00,249.8382,-0.2403
FTNT-20260924T13352884878,FTNT,2026-09-24,2026-09-24T09:41:58.072908-04:00,179.065,0.0587
PANW-20260924T13354033049,PANW,2026-09-24,2026-09-24T09:41:58.072908-04:00,395.0,0.5063
VKTX-20260924T13360625319,VKTX,2026-09-24,2026-09-24T09:41:58.072908-04:00,36.3099,1.2671
MRVL-20260924T13370355533,MRVL,2026-09-24,2026-09-24T09:41:58.072908-04:00,258.1,0.7495
GME-20260924T13370746937,GME,2026-09-24,2026-09-24T09:41:58.072908-04:00,24.065,0.1873
VICR-20260924T13400075136,VICR,2026-09-24,2026-09-24T09:41:58.072908-04:00,273.98,-0.0886
COIN-20260924T13400419994,COIN,2026-09-24,2026-09-24T09:41:58.072908-04:00,196.1101,-1.2338
NVDA-20260924T13332501138,NVDA,2026-09-24,2026-09-24T09:42:01.457280-04:00,222.4543,0.1918
DDOG-20260924T13334508795,DDOG,2026-09-24,2026-09-24T09:42:01.457280-04:00,250.025,-0.1657
FTNT-20260924T13352884878,FTNT,2026-09-24,2026-09-24T09:42:01.457280-04:00,178.961,0.0006
PANW-20260924T13354033049,PANW,2026-09-24,2026-09-24T09:42:01.457280-04:00,395.16,0.5471
VKTX-20260924T13360625319,VKTX,2026-09-24,2026-09-24T09:42:01.457280-04:00,36.39,1.4905
MRVL-20260924T13370355533,MRVL,2026-09-24,2026-09-24T09:42:01.457280-04:00,258.17,0.7768
GME-20260924T13370746937,GME,2026-09-24,2026-09-24T09:42:01.457280-04:00,24.1,0.3331
VICR-20260924T13400075136,VICR,2026-09-24,2026-09-24T09:42:01.457280-04:00,272.74,-0.5407
COIN-20260924T13400419994,COIN,2026-09-24,2026-09-24T09:42:01.457280-04:00,196.25,-1.1634
NVDA-20260924T13332501138,NVDA,2026-09-24,2026-09-24T09:42:05.461802-04:00,222.452,0.1908
DDOG-20260924T13334508795,DDOG,2026-09-24,2026-09-24T09:42:05.461802-04:00,250.045,-0.1577
FTNT-20260924T13352884878,FTNT,2026-09-24,2026-09-24T09:42:05.461802-04:00,179.4499,0.2737
PANW-20260924T13354033049,PANW,2026-09-24,2026-09-24T09:42:05.461802-04:00,395.5497,0.6462
VKTX-20260924T13360625319,VKTX,2026-09-24,2026-09-24T09:42:05.461802-04:00,36.31,1.2674
MRVL-20260924T13370355533,MRVL,2026-09-24,2026-09-24T09:42:05.461802-04:00,258.0,0.7104
GME-20260924T13370746937,GME,2026-09-24,2026-09-24T09:42:05.461802-04:00,24.092,0.2998
NVDA-20260924T13332501138,NVDA,2026-09-24,2026-09-24T09:42:09.008716-04:00,222.6471,0.2786
DDOG-20260924T13334508795,DDOG,2026-09-24,2026-09-24T09:42:09.008716-04:00,250.045,-0.1577
FTNT-20260924T13352884878,FTNT,2026-09-24,2026-09-24T09:42:09.008716-04:00,179.2336,0.1529
PANW-20260924T13354033049,PANW,2026-09-24,2026-09-24T09:42:09.008716-04:00,395.39,0.6056
VKTX-20260924T13360625319,VKTX,2026-09-24,2026-09-24T09:42:09.008716-04:00,36.32,1.2953
MRVL-20260924T13370355533,MRVL,2026-09-24,2026-09-24T09:42:09.008716-04:00,258.12,0.7573
GME-20260924T13370746937,GME,2026-09-24,2026-09-24T09:42:09.008716-04:00,24.0801,0.2502
HON-20260924T13420241231,HON,2026-09-24,2026-09-24T09:42:09.008716-04:00,212.1,-0.0127
DRI-20260924T13420245654,DRI,2026-09-24,2026-09-24T09:42:09.008716-04:00,209.94,-0.3654
NVDA-20260924T13332501138,NVDA,2026-09-24,2026-09-24T09:42:12.596733-04:00,222.675,0.2912
DDOG-20260924T13334508795,DDOG,2026-09-24,2026-09-24T09:42:12.596733-04:00,250.045,-0.1577
FTNT-20260924T13352884878,FTNT,2026-09-24,2026-09-24T09:42:12.596733-04:00,179.31,0.1956
PANW-20260924T13354033049,PANW,2026-09-24,2026-09-24T09:42:12.596733-04:00,395.4722,0.6265
VKTX-20260924T13360625319,VKTX,2026-09-24,2026-09-24T09:42:12.596733-04:00,36.325,1.3092
MRVL-20260924T13370355533,MRVL,2026-09-24,2026-09-24T09:42:12.596733-04:00,258.2,0.7885
GME-20260924T13370746937,GME,2026-09-24,2026-09-24T09:42:12.596733-04:00,24.0705,0.2102
HON-20260924T13420241231,HON,2026-09-24,2026-09-24T09:42:12.596733-04:00,211.988,-0.0655
DRI-20260924T13420245654,DRI,2026-09-24,2026-09-24T09:42:12.596733-04:00,209.94,-0.3654
NVDA-20260924T13332501138,NVDA,2026-09-24,2026-09-24T09:42:16.064330-04:00,222.792,0.3439
DDOG-20260924T13334508795,DDOG,2026-09-24,2026-09-24T09:42:16.064330-04:00,250.045,-0.1577
FTNT-20260924T13352884878,FTNT,2026-09-24,2026-09-24T09:42:16.064330-04:00,179.4,0.2459
PANW-20260924T13354033049,PANW,2026-09-24,2026-09-24T09:42:16.064330-04:00,395.2,0.5572
VKTX-20260924T13360625319,VKTX,2026-09-24,2026-09-24T09:42:16.064330-04:00,36.38,1.4626
MRVL-20260924T13370355533,MRVL,2026-09-24,2026-09-24T09:42:16.064330-04:00,258.52,0.9134
GME-20260924T13370746937,GME,2026-09-24,2026-09-24T09:42:16.064330-04:00,24.09,0.2914
HON-20260924T13420241231,HON,2026-09-24,2026-09-24T09:42:16.064330-04:00,212.0362,-0.0428
DRI-20260924T13420245654,DRI,2026-09-24,2026-09-24T09:42:16.064330-04:00,209.94,-0.3654
NVDA-20260924T13332501138,NVDA,2026-09-24,2026-09-24T09:42:19.556968-04:00,222.8,0.3475
DDOG-20260924T13334508795,DDOG,2026-09-24,2026-09-24T09:42:19.556968-04:00,250.045,-0.1577
FTNT-20260924T13352884878,FTNT,2026-09-24,2026-09-24T09:42:19.556968-04:00,179.02,0.0335
PANW-20260924T13354033049,PANW,2026-09-24,2026-09-24T09:42:19.556968-04:00,394.995,0.5051
VKTX-20260924T13360625319,VKTX,2026-09-24,2026-09-24T09:42:19.556968-04:00,36.4,1.5184
MRVL-20260924T13370355533,MRVL,2026-09-24,2026-09-24T09:42:19.556968-04:00,258.545,0.9232
GME-20260924T13370746937,GME,2026-09-24,2026-09-24T09:42:19.556968-04:00,24.07,0.2082
HON-20260924T13420241231,HON,2026-09-24,2026-09-24T09:42:19.556968-04:00,212.0362,-0.0428
DRI-20260924T13420245654,DRI,2026-09-24,2026-09-24T09:42:19.556968-04:00,209.94,-0.3654
NVDA-20260924T13332501138,NVDA,2026-09-24,2026-09-24T09:42:23.265165-04:00,222.784,0.3403
DDOG-20260924T13334508795,DDOG,2026-09-24,2026-09-24T09:42:23.265165-04:00,249.325,-0.4452
FTNT-20260924T13352884878,FTNT,2026-09-24,2026-09-24T09:42:23.265165-04:00,179.14,0.1006
PANW-20260924T13354033049,PANW,2026-09-24,2026-09-24T09:42:23.265165-04:00,394.84,0.4656
VKTX-20260924T13360625319,VKTX,2026-09-24,2026-09-24T09:42:23.265165-04:00,36.44,1.63
MRVL-20260924T13370355533,MRVL,2026-09-24,2026-09-24T09:42:23.265165-04:00,258.6,0.9446
GME-20260924T13370746937,GME,2026-09-24,2026-09-24T09:42:23.265165-04:00,24.07,0.2082
HON-20260924T13420241231,HON,2026-09-24,2026-09-24T09:42:23.265165-04:00,212.1388,0.0056
DRI-20260924T13420245654,DRI,2026-09-24,2026-09-24T09:42:23.265165-04:00,209.94,-0.3654
NVDA-20260924T13332501138,NVDA,2026-09-24,2026-09-24T09:42:26.730203-04:00,222.91,0.397
DDOG-20260924T13334508795,DDOG,2026-09-24,2026-09-24T09:42:26.730203-04:00,249.23,-0.4831
FTNT-20260924T13352884878,FTNT,2026-09-24,2026-09-24T09:42:26.730203-04:00,179.0169,0.0318
PANW-20260924T13354033049,PANW,2026-09-24,2026-09-24T09:42:26.730203-04:00,395.0,0.5063
VKTX-20260924T13360625319,VKTX,2026-09-24,2026-09-24T09:42:26.730203-04:00,36.48,1.7415
MRVL-20260924T13370355533,MRVL,2026-09-24,2026-09-24T09:42:26.730203-04:00,258.8823,1.0548
GME-20260924T13370746937,GME,2026-09-24,2026-09-24T09:42:26.730203-04:00,24.08,0.2498
HON-20260924T13420241231,HON,2026-09-24,2026-09-24T09:42:26.730203-04:00,211.9521,-0.0824
DRI-20260924T13420245654,DRI,2026-09-24,2026-09-24T09:42:26.730203-04:00,209.94,-0.3654
NVDA-20260924T13332501138,NVDA,2026-09-24,2026-09-24T09:42:30.285607-04:00,222.98,0.4286
DDOG-20260924T13334508795,DDOG,2026-09-24,2026-09-24T09:42:30.285607-04:00,249.26,-0.4712
FTNT-20260924T13352884878,FTNT,2026-09-24,2026-09-24T09:42:30.285607-04:00,179.14,0.1006
PANW-20260924T13354033049,PANW,2026-09-24,2026-09-24T09:42:30.285607-04:00,394.4808,0.3742
VKTX-20260924T13360625319,VKTX,2026-09-24,2026-09-24T09:42:30.285607-04:00,36.5,1.7973
MRVL-20260924T13370355533,MRVL,2026-09-24,2026-09-24T09:42:30.285607-04:00,258.94,1.0774
GME-20260924T13370746937,GME,2026-09-24,2026-09-24T09:42:30.285607-04:00,24.08,0.2498
HON-20260924T13420241231,HON,2026-09-24,2026-09-24T09:42:30.285607-04:00,212.045,-0.0386
DRI-20260924T13420245654,DRI,2026-09-24,2026-09-24T09:42:30.285607-04:00,209.94,-0.3654
NVDA-20260924T13332501138,NVDA,2026-09-24,2026-09-24T09:42:33.866037-04:00,222.9113,0.3976
DDOG-20260924T13334508795,DDOG,2026-09-24,2026-09-24T09:42:33.866037-04:00,249.37,-0.4272
FTNT-20260924T13352884878,FTNT,2026-09-24,2026-09-24T09:42:33.866037-04:00,179.4599,0.2793
PANW-20260924T13354033049,PANW,2026-09-24,2026-09-24T09:42:33.866037-04:00,394.665,0.4211
VKTX-20260924T13360625319,VKTX,2026-09-24,2026-09-24T09:42:33.866037-04:00,36.495,1.7834
MRVL-20260924T13370355533,MRVL,2026-09-24,2026-09-24T09:42:33.866037-04:00,258.87,1.05
GME-20260924T13370746937,GME,2026-09-24,2026-09-24T09:42:33.866037-04:00,24.075,0.229
HON-20260924T13420241231,HON,2026-09-24,2026-09-24T09:42:33.866037-04:00,212.045,-0.0386
DRI-20260924T13420245654,DRI,2026-09-24,2026-09-24T09:42:33.866037-04:00,209.94,-0.3654
NVDA-20260924T13332501138,NVDA,2026-09-24,2026-09-24T09:42:37.244558-04:00,222.9,0.3925
DDOG-20260924T13334508795,DDOG,2026-09-24,2026-09-24T09:42:37.244558-04:00,249.37,-0.4272
FTNT-20260924T13352884878,FTNT,2026-09-24,2026-09-24T09:42:37.244558-04:00,179.18,0.1229
PANW-20260924T13354033049,PANW,2026-09-24,2026-09-24T09:42:37.244558-04:00,394.63,0.4122
VKTX-20260924T13360625319,VKTX,2026-09-24,2026-09-24T09:42:37.244558-04:00,36.49,1.7694
MRVL-20260924T13370355533,MRVL,2026-09-24,2026-09-24T09:42:37.244558-04:00,258.62,0.9525
GME-20260924T13370746937,GME,2026-09-24,2026-09-24T09:42:37.244558-04:00,24.0888,0.2864
HON-20260924T13420241231,HON,2026-09-24,2026-09-24T09:42:37.244558-04:00,212.04,-0.041
DRI-20260924T13420245654,DRI,2026-09-24,2026-09-24T09:42:37.244558-04:00,209.94,-0.3654
NVDA-20260924T13332501138,NVDA,2026-09-24,2026-09-24T09:42:40.697044-04:00,222.875,0.3813
DDOG-20260924T13334508795,DDOG,2026-09-24,2026-09-24T09:42:40.697044-04:00,249.2298,-0.4832
FTNT-20260924T13352884878,FTNT,2026-09-24,2026-09-24T09:42:40.697044-04:00,179.0738,0.0636
PANW-20260924T13354033049,PANW,2026-09-24,2026-09-24T09:42:40.697044-04:00,394.5,0.3791
VKTX-20260924T13360625319,VKTX,2026-09-24,2026-09-24T09:42:40.697044-04:00,36.485,1.7555
MRVL-20260924T13370355533,MRVL,2026-09-24,2026-09-24T09:42:40.697044-04:00,258.8,1.0227
GME-20260924T13370746937,GME,2026-09-24,2026-09-24T09:42:40.697044-04:00,24.06,0.1665
HON-20260924T13420241231,HON,2026-09-24,2026-09-24T09:42:40.697044-04:00,211.985,-0.0669
DRI-20260924T13420245654,DRI,2026-09-24,2026-09-24T09:42:40.697044-04:00,209.94,-0.3654
NVDA-20260924T13332501138,NVDA,2026-09-24,2026-09-24T09:42:44.173931-04:00,222.8563,0.3729
DDOG-20260924T13334508795,DDOG,2026-09-24,2026-09-24T09:42:44.173931-04:00,249.207,-0.4923
FTNT-20260924T13352884878,FTNT,2026-09-24,2026-09-24T09:42:44.173931-04:00,179.18,0.1229
PANW-20260924T13354033049,PANW,2026-09-24,2026-09-24T09:42:44.173931-04:00,394.1392,0.2873
VKTX-20260924T13360625319,VKTX,2026-09-24,2026-09-24T09:42:44.173931-04:00,36.435,1.616
MRVL-20260924T13370355533,MRVL,2026-09-24,2026-09-24T09:42:44.173931-04:00,258.685,0.9778
GME-20260924T13370746937,GME,2026-09-24,2026-09-24T09:42:44.173931-04:00,24.08,0.2498
HON-20260924T13420241231,HON,2026-09-24,2026-09-24T09:42:44.173931-04:00,211.79,-0.1588
DRI-20260924T13420245654,DRI,2026-09-24,2026-09-24T09:42:44.173931-04:00,209.94,-0.3654
NVDA-20260924T13332501138,NVDA,2026-09-24,2026-09-24T09:42:47.642195-04:00,222.83,0.361
DDOG-20260924T13334508795,DDOG,2026-09-24,2026-09-24T09:42:47.642195-04:00,248.6818,-0.702
FTNT-20260924T13352884878,FTNT,2026-09-24,2026-09-24T09:42:47.642195-04:00,179.2387,0.1557
PANW-20260924T13354033049,PANW,2026-09-24,2026-09-24T09:42:47.642195-04:00,394.1392,0.2873
VKTX-20260924T13360625319,VKTX,2026-09-24,2026-09-24T09:42:47.642195-04:00,36.32,1.2953
MRVL-20260924T13370355533,MRVL,2026-09-24,2026-09-24T09:42:47.642195-04:00,258.485,0.8998
GME-20260924T13370746937,GME,2026-09-24,2026-09-24T09:42:47.642195-04:00,24.08,0.2498
HON-20260924T13420241231,HON,2026-09-24,2026-09-24T09:42:47.642195-04:00,211.7851,-0.1611
DRI-20260924T13420245654,DRI,2026-09-24,2026-09-24T09:42:47.642195-04:00,209.94,-0.3654
NVDA-20260924T13332501138,NVDA,2026-09-24,2026-09-24T09:42:51.189986-04:00,222.85,0.37
DDOG-20260924T13334508795,DDOG,2026-09-24,2026-09-24T09:42:51.189986-04:00,249.48,-0.3833
FTNT-20260924T13352884878,FTNT,2026-09-24,2026-09-24T09:42:51.189986-04:00,179.175,0.1201
PANW-20260924T13354033049,PANW,2026-09-24,2026-09-24T09:42:51.189986-04:00,394.1392,0.2873
VKTX-20260924T13360625319,VKTX,2026-09-24,2026-09-24T09:42:51.189986-04:00,36.3595,1.4055
MRVL-20260924T13370355533,MRVL,2026-09-24,2026-09-24T09:42:51.189986-04:00,258.075,0.7397
GME-20260924T13370746937,GME,2026-09-24,2026-09-24T09:42:51.189986-04:00,24.08,0.2498
HON-20260924T13420241231,HON,2026-09-24,2026-09-24T09:42:51.189986-04:00,211.755,-0.1753
DRI-20260924T13420245654,DRI,2026-09-24,2026-09-24T09:42:51.189986-04:00,209.94,-0.3654
NVDA-20260924T13332501138,NVDA,2026-09-24,2026-09-24T09:42:54.600868-04:00,222.924,0.4033
DDOG-20260924T13334508795,DDOG,2026-09-24,2026-09-24T09:42:54.600868-04:00,249.48,-0.3833
FTNT-20260924T13352884878,FTNT,2026-09-24,2026-09-24T09:42:54.600868-04:00,179.3076,0.1942
PANW-20260924T13354033049,PANW,2026-09-24,2026-09-24T09:42:54.600868-04:00,394.005,0.2532
VKTX-20260924T13360625319,VKTX,2026-09-24,2026-09-24T09:42:54.600868-04:00,36.36,1.4068
MRVL-20260924T13370355533,MRVL,2026-09-24,2026-09-24T09:42:54.600868-04:00,258.24,0.8041
GME-20260924T13370746937,GME,2026-09-24,2026-09-24T09:42:54.600868-04:00,24.1,0.3331
HON-20260924T13420241231,HON,2026-09-24,2026-09-24T09:42:54.600868-04:00,211.755,-0.1753
DRI-20260924T13420245654,DRI,2026-09-24,2026-09-24T09:42:54.600868-04:00,209.94,-0.3654
NVDA-20260924T13332501138,NVDA,2026-09-24,2026-09-24T09:42:58.029681-04:00,222.9007,0.3929
DDOG-20260924T13334508795,DDOG,2026-09-24,2026-09-24T09:42:58.029681-04:00,248.95,-0.595
FTNT-20260924T13352884878,FTNT,2026-09-24,2026-09-24T09:42:58.029681-04:00,179.25,0.162
PANW-20260924T13354033049,PANW,2026-09-24,2026-09-24T09:42:58.029681-04:00,394.14,0.2875
VKTX-20260924T13360625319,VKTX,2026-09-24,2026-09-24T09:42:58.029681-04:00,36.345,1.365
MRVL-20260924T13370355533,MRVL,2026-09-24,2026-09-24T09:42:58.029681-04:00,258.27,0.8158
GME-20260924T13370746937,GME,2026-09-24,2026-09-24T09:42:58.029681-04:00,24.1,0.3331
HON-20260924T13420241231,HON,2026-09-24,2026-09-24T09:42:58.029681-04:00,211.755,-0.1753
DRI-20260924T13420245654,DRI,2026-09-24,2026-09-24T09:42:58.029681-04:00,209.94,-0.3654
NVDA-20260924T13332501138,NVDA,2026-09-24,2026-09-24T09:43:01.599974-04:00,222.915,0.3993
DDOG-20260924T13334508795,DDOG,2026-09-24,2026-09-24T09:43:01.599974-04:00,248.9,-0.6149
FTNT-20260924T13352884878,FTNT,2026-09-24,2026-09-24T09:43:01.599974-04:00,179.91,0.5308
PANW-20260924T13354033049,PANW,2026-09-24,2026-09-24T09:43:01.599974-04:00,394.36,0.3435
VKTX-20260924T13360625319,VKTX,2026-09-24,2026-09-24T09:43:01.599974-04:00,36.3743,1.4467
MRVL-20260924T13370355533,MRVL,2026-09-24,2026-09-24T09:43:01.599974-04:00,258.4658,0.8923
GME-20260924T13370746937,GME,2026-09-24,2026-09-24T09:43:01.599974-04:00,24.1,0.3331
HON-20260924T13420241231,HON,2026-09-24,2026-09-24T09:43:01.599974-04:00,211.9177,-0.0986
DRI-20260924T13420245654,DRI,2026-09-24,2026-09-24T09:43:01.599974-04:00,210.42,-0.1376
NVDA-20260924T13332501138,NVDA,2026-09-24,2026-09-24T09:43:05.100768-04:00,222.7972,0.3462
DDOG-20260924T13334508795,DDOG,2026-09-24,2026-09-24T09:43:05.100768-04:00,248.955,-0.593
FTNT-20260924T13352884878,FTNT,2026-09-24,2026-09-24T09:43:05.100768-04:00,179.81,0.475
PANW-20260924T13354033049,PANW,2026-09-24,2026-09-24T09:43:05.100768-04:00,394.5152,0.383
VKTX-20260924T13360625319,VKTX,2026-09-24,2026-09-24T09:43:05.100768-04:00,36.355,1.3929
MRVL-20260924T13370355533,MRVL,2026-09-24,2026-09-24T09:43:05.100768-04:00,258.48,0.8978
GME-20260924T13370746937,GME,2026-09-24,2026-09-24T09:43:05.100768-04:00,24.08,0.2498
HON-20260924T13420241231,HON,2026-09-24,2026-09-24T09:43:05.100768-04:00,211.9103,-0.1021
DRI-20260924T13420245654,DRI,2026-09-24,2026-09-24T09:43:05.100768-04:00,210.42,-0.1376
NVDA-20260924T13332501138,NVDA,2026-09-24,2026-09-24T09:43:08.591954-04:00,222.8204,0.3567
DDOG-20260924T13334508795,DDOG,2026-09-24,2026-09-24T09:43:08.591954-04:00,249.34,-0.4392
FTNT-20260924T13352884878,FTNT,2026-09-24,2026-09-24T09:43:08.591954-04:00,179.8475,0.4959
PANW-20260924T13354033049,PANW,2026-09-24,2026-09-24T09:43:08.591954-04:00,394.9912,0.5041
VKTX-20260924T13360625319,VKTX,2026-09-24,2026-09-24T09:43:08.591954-04:00,36.39,1.4905
MRVL-20260924T13370355533,MRVL,2026-09-24,2026-09-24T09:43:08.591954-04:00,258.4388,0.8817
GME-20260924T13370746937,GME,2026-09-24,2026-09-24T09:43:08.591954-04:00,24.08,0.2498
HON-20260924T13420241231,HON,2026-09-24,2026-09-24T09:43:08.591954-04:00,211.9103,-0.1021
DRI-20260924T13420245654,DRI,2026-09-24,2026-09-24T09:43:08.591954-04:00,210.42,-0.1376
NVDA-20260924T13332501138,NVDA,2026-09-24,2026-09-24T09:43:12.068966-04:00,222.812,0.3529
DDOG-20260924T13334508795,DDOG,2026-09-24,2026-09-24T09:43:12.068966-04:00,249.21,-0.4911
FTNT-20260924T13352884878,FTNT,2026-09-24,2026-09-24T09:43:12.068966-04:00,179.91,0.5308
PANW-20260924T13354033049,PANW,2026-09-24,2026-09-24T09:43:12.068966-04:00,394.9515,0.494
VKTX-20260924T13360625319,VKTX,2026-09-24,2026-09-24T09:43:12.068966-04:00,36.39,1.4905
MRVL-20260924T13370355533,MRVL,2026-09-24,2026-09-24T09:43:12.068966-04:00,258.49,0.9017
GME-20260924T13370746937,GME,2026-09-24,2026-09-24T09:43:12.068966-04:00,24.08,0.2498
HON-20260924T13420241231,HON,2026-09-24,2026-09-24T09:43:12.068966-04:00,211.825,-0.1423
DRI-20260924T13420245654,DRI,2026-09-24,2026-09-24T09:43:12.068966-04:00,210.42,-0.1376
NVDA-20260924T13332501138,NVDA,2026-09-24,2026-09-24T09:43:15.546099-04:00,222.786,0.3412
DDOG-20260924T13334508795,DDOG,2026-09-24,2026-09-24T09:43:15.546099-04:00,249.07,-0.547
FTNT-20260924T13352884878,FTNT,2026-09-24,2026-09-24T09:43:15.546099-04:00,179.67,0.3967
PANW-20260924T13354033049,PANW,2026-09-24,2026-09-24T09:43:15.546099-04:00,394.9678,0.4982
VKTX-20260924T13360625319,VKTX,2026-09-24,2026-09-24T09:43:15.546099-04:00,36.38,1.4626
MRVL-20260924T13370355533,MRVL,2026-09-24,2026-09-24T09:43:15.546099-04:00,258.64,0.9603
GME-20260924T13370746937,GME,2026-09-24,2026-09-24T09:43:15.546099-04:00,24.1,0.3331
HON-20260924T13420241231,HON,2026-09-24,2026-09-24T09:43:15.546099-04:00,211.825,-0.1423
DRI-20260924T13420245654,DRI,2026-09-24,2026-09-24T09:43:15.546099-04:00,210.42,-0.1376
NVDA-20260924T13332501138,NVDA,2026-09-24,2026-09-24T09:43:19.070625-04:00,222.812,0.3529
DDOG-20260924T13334508795,DDOG,2026-09-24,2026-09-24T09:43:19.070625-04:00,249.5618,-0.3507
FTNT-20260924T13352884878,FTNT,2026-09-24,2026-09-24T09:43:19.070625-04:00,179.8,0.4694
PANW-20260924T13354033049,PANW,2026-09-24,2026-09-24T09:43:19.070625-04:00,394.775,0.4491
VKTX-20260924T13360625319,VKTX,2026-09-24,2026-09-24T09:43:19.070625-04:00,36.44,1.63
MRVL-20260924T13370355533,MRVL,2026-09-24,2026-09-24T09:43:19.070625-04:00,258.655,0.9661
GME-20260924T13370746937,GME,2026-09-24,2026-09-24T09:43:19.070625-04:00,24.09,0.2914
HON-20260924T13420241231,HON,2026-09-24,2026-09-24T09:43:19.070625-04:00,212.05,-0.0363
DRI-20260924T13420245654,DRI,2026-09-24,2026-09-24T09:43:19.070625-04:00,210.42,-0.1376
NVDA-20260924T13332501138,NVDA,2026-09-24,2026-09-24T09:43:22.625914-04:00,222.806,0.3502
DDOG-20260924T13334508795,DDOG,2026-09-24,2026-09-24T09:43:22.625914-04:00,249.2,-0.4951
FTNT-20260924T13352884878,FTNT,2026-09-24,2026-09-24T09:43:22.625914-04:00,179.81,0.475
PANW-20260924T13354033049,PANW,2026-09-24,2026-09-24T09:43:22.625914-04:00,394.9747,0.4999
VKTX-20260924T13360625319,VKTX,2026-09-24,2026-09-24T09:43:22.625914-04:00,36.415,1.5602
MRVL-20260924T13370355533,MRVL,2026-09-24,2026-09-24T09:43:22.625914-04:00,258.64,0.9603
GME-20260924T13370746937,GME,2026-09-24,2026-09-24T09:43:22.625914-04:00,24.1,0.3331
HON-20260924T13420241231,HON,2026-09-24,2026-09-24T09:43:22.625914-04:00,211.825,-0.1423
DRI-20260924T13420245654,DRI,2026-09-24,2026-09-24T09:43:22.625914-04:00,210.42,-0.1376
NVDA-20260924T13332501138,NVDA,2026-09-24,2026-09-24T09:43:26.161632-04:00,222.87,0.379
DDOG-20260924T13334508795,DDOG,2026-09-24,2026-09-24T09:43:26.161632-04:00,249.07,-0.547
FTNT-20260924T13352884878,FTNT,2026-09-24,2026-09-24T09:43:26.161632-04:00,179.81,0.475
PANW-20260924T13354033049,PANW,2026-09-24,2026-09-24T09:43:26.161632-04:00,394.86,0.4707
VKTX-20260924T13360625319,VKTX,2026-09-24,2026-09-24T09:43:26.161632-04:00,36.4331,1.6107
MRVL-20260924T13370355533,MRVL,2026-09-24,2026-09-24T09:43:26.161632-04:00,258.7063,0.9861
GME-20260924T13370746937,GME,2026-09-24,2026-09-24T09:43:26.161632-04:00,24.0497,0.1236
HON-20260924T13420241231,HON,2026-09-24,2026-09-24T09:43:26.161632-04:00,211.825,-0.1423
DRI-20260924T13420245654,DRI,2026-09-24,2026-09-24T09:43:26.161632-04:00,210.42,-0.1376
NVDA-20260924T13332501138,NVDA,2026-09-24,2026-09-24T09:43:29.612445-04:00,222.86,0.3745
DDOG-20260924T13334508795,DDOG,2026-09-24,2026-09-24T09:43:29.612445-04:00,249.64,-0.3194
FTNT-20260924T13352884878,FTNT,2026-09-24,2026-09-24T09:43:29.612445-04:00,179.85,0.4973
PANW-20260924T13354033049,PANW,2026-09-24,2026-09-24T09:43:29.612445-04:00,394.86,0.4707
VKTX-20260924T13360625319,VKTX,2026-09-24,2026-09-24T09:43:29.612445-04:00,36.375,1.4487
MRVL-20260924T13370355533,MRVL,2026-09-24,2026-09-24T09:43:29.612445-04:00,258.79,1.0188
GME-20260924T13370746937,GME,2026-09-24,2026-09-24T09:43:29.612445-04:00,24.05,0.1249
HON-20260924T13420241231,HON,2026-09-24,2026-09-24T09:43:29.612445-04:00,211.825,-0.1423
DRI-20260924T13420245654,DRI,2026-09-24,2026-09-24T09:43:29.612445-04:00,210.42,-0.1376
NVDA-20260924T13332501138,NVDA,2026-09-24,2026-09-24T09:43:33.175145-04:00,222.845,0.3678
DDOG-20260924T13334508795,DDOG,2026-09-24,2026-09-24T09:43:33.175145-04:00,249.275,-0.4652
FTNT-20260924T13352884878,FTNT,2026-09-24,2026-09-24T09:43:33.175145-04:00,179.76,0.447
PANW-20260924T13354033049,PANW,2026-09-24,2026-09-24T09:43:33.175145-04:00,395.21,0.5598
VKTX-20260924T13360625319,VKTX,2026-09-24,2026-09-24T09:43:33.175145-04:00,36.34,1.3511
MRVL-20260924T13370355533,MRVL,2026-09-24,2026-09-24T09:43:33.175145-04:00,258.79,1.0188
GME-20260924T13370746937,GME,2026-09-24,2026-09-24T09:43:33.175145-04:00,24.053,0.1374
HON-20260924T13420241231,HON,2026-09-24,2026-09-24T09:43:33.175145-04:00,211.825,-0.1423
DRI-20260924T13420245654,DRI,2026-09-24,2026-09-24T09:43:33.175145-04:00,210.42,-0.1376
NVDA-20260924T13332501138,NVDA,2026-09-24,2026-09-24T09:43:36.799627-04:00,222.845,0.3678
DDOG-20260924T13334508795,DDOG,2026-09-24,2026-09-24T09:43:36.799627-04:00,249.7772,-0.2647
FTNT-20260924T13352884878,FTNT,2026-09-24,2026-09-24T09:43:36.799627-04:00,179.76,0.447
PANW-20260924T13354033049,PANW,2026-09-24,2026-09-24T09:43:36.799627-04:00,394.85,0.4682
VKTX-20260924T13360625319,VKTX,2026-09-24,2026-09-24T09:43:36.799627-04:00,36.335,1.3371
MRVL-20260924T13370355533,MRVL,2026-09-24,2026-09-24T09:43:36.799627-04:00,258.6,0.9446
GME-20260924T13370746937,GME,2026-09-24,2026-09-24T09:43:36.799627-04:00,24.05,0.1249
HON-20260924T13420241231,HON,2026-09-24,2026-09-24T09:43:36.799627-04:00,211.8075,-0.1506
DRI-20260924T13420245654,DRI,2026-09-24,2026-09-24T09:43:36.799627-04:00,210.42,-0.1376
NVDA-20260924T13332501138,NVDA,2026-09-24,2026-09-24T09:43:40.316805-04:00,222.882,0.3844
DDOG-20260924T13334508795,DDOG,2026-09-24,2026-09-24T09:43:40.316805-04:00,249.285,-0.4612
FTNT-20260924T13352884878,FTNT,2026-09-24,2026-09-24T09:43:40.316805-04:00,179.78,0.4582
PANW-20260924T13354033049,PANW,2026-09-24,2026-09-24T09:43:40.316805-04:00,394.855,0.4695
VKTX-20260924T13360625319,VKTX,2026-09-24,2026-09-24T09:43:40.316805-04:00,36.22,1.0164
MRVL-20260924T13370355533,MRVL,2026-09-24,2026-09-24T09:43:40.316805-04:00,258.74,0.9993
GME-20260924T13370746937,GME,2026-09-24,2026-09-24T09:43:40.316805-04:00,24.06,0.1665
HON-20260924T13420241231,HON,2026-09-24,2026-09-24T09:43:40.316805-04:00,211.8075,-0.1506
DRI-20260924T13420245654,DRI,2026-09-24,2026-09-24T09:43:40.316805-04:00,210.42,-0.1376
NVDA-20260924T13332501138,NVDA,2026-09-24,2026-09-24T09:43:43.908694-04:00,222.864,0.3763
DDOG-20260924T13334508795,DDOG,2026-09-24,2026-09-24T09:43:43.908694-04:00,249.295,-0.4572
FTNT-20260924T13352884878,FTNT,2026-09-24,2026-09-24T09:43:43.908694-04:00,179.3611,0.2241
PANW-20260924T13354033049,PANW,2026-09-24,2026-09-24T09:43:43.908694-04:00,394.98,0.5013
VKTX-20260924T13360625319,VKTX,2026-09-24,2026-09-24T09:43:43.908694-04:00,36.24,1.0722
MRVL-20260924T13370355533,MRVL,2026-09-24,2026-09-24T09:43:43.908694-04:00,258.63,0.9564
GME-20260924T13370746937,GME,2026-09-24,2026-09-24T09:43:43.908694-04:00,24.07,0.2082
HON-20260924T13420241231,HON,2026-09-24,2026-09-24T09:43:43.908694-04:00,212.05,-0.0363
DRI-20260924T13420245654,DRI,2026-09-24,2026-09-24T09:43:43.908694-04:00,210.42,-0.1376
NVDA-20260924T13332501138,NVDA,2026-09-24,2026-09-24T09:43:47.465010-04:00,222.858,0.3736
DDOG-20260924T13334508795,DDOG,2026-09-24,2026-09-24T09:43:47.465010-04:00,249.28,-0.4632
FTNT-20260924T13352884878,FTNT,2026-09-24,2026-09-24T09:43:47.465010-04:00,179.68,0.4023
PANW-20260924T13354033049,PANW,2026-09-24,2026-09-24T09:43:47.465010-04:00,395.1,0.5318
VKTX-20260924T13360625319,VKTX,2026-09-24,2026-09-24T09:43:47.465010-04:00,36.25,1.1001
MRVL-20260924T13370355533,MRVL,2026-09-24,2026-09-24T09:43:47.465010-04:00,258.555,0.9271
GME-20260924T13370746937,GME,2026-09-24,2026-09-24T09:43:47.465010-04:00,24.06,0.1665
HON-20260924T13420241231,HON,2026-09-24,2026-09-24T09:43:47.465010-04:00,212.05,-0.0363
DRI-20260924T13420245654,DRI,2026-09-24,2026-09-24T09:43:47.465010-04:00,210.42,-0.1376
NVDA-20260924T13332501138,NVDA,2026-09-24,2026-09-24T09:43:51.083969-04:00,222.85,0.37
DDOG-20260924T13334508795,DDOG,2026-09-24,2026-09-24T09:43:51.083969-04:00,249.275,-0.4652
FTNT-20260924T13352884878,FTNT,2026-09-24,2026-09-24T09:43:51.083969-04:00,179.785,0.461
PANW-20260924T13354033049,PANW,2026-09-24,2026-09-24T09:43:51.083969-04:00,395.44,0.6183
VKTX-20260924T13360625319,VKTX,2026-09-24,2026-09-24T09:43:51.083969-04:00,36.215,1.0024
MRVL-20260924T13370355533,MRVL,2026-09-24,2026-09-24T09:43:51.083969-04:00,258.56,0.929
GME-20260924T13370746937,GME,2026-09-24,2026-09-24T09:43:51.083969-04:00,24.085,0.2706
HON-20260924T13420241231,HON,2026-09-24,2026-09-24T09:43:51.083969-04:00,212.0499,-0.0363
DRI-20260924T13420245654,DRI,2026-09-24,2026-09-24T09:43:51.083969-04:00,210.42,-0.1376
NVDA-20260924T13332501138,NVDA,2026-09-24,2026-09-24T09:43:54.692736-04:00,222.92,0.4015
DDOG-20260924T13334508795,DDOG,2026-09-24,2026-09-24T09:43:54.692736-04:00,249.7572,-0.2726
FTNT-20260924T13352884878,FTNT,2026-09-24,2026-09-24T09:43:54.692736-04:00,179.91,0.5308
PANW-20260924T13354033049,PANW,2026-09-24,2026-09-24T09:43:54.692736-04:00,395.7,0.6845
VKTX-20260924T13360625319,VKTX,2026-09-24,2026-09-24T09:43:54.692736-04:00,36.22,1.0164
MRVL-20260924T13370355533,MRVL,2026-09-24,2026-09-24T09:43:54.692736-04:00,258.94,1.0774
GME-20260924T13370746937,GME,2026-09-24,2026-09-24T09:43:54.692736-04:00,24.09,0.2914
HON-20260924T13420241231,HON,2026-09-24,2026-09-24T09:43:54.692736-04:00,211.825,-0.1423
DRI-20260924T13420245654,DRI,2026-09-24,2026-09-24T09:43:54.692736-04:00,210.42,-0.1376
NVDA-20260924T13332501138,NVDA,2026-09-24,2026-09-24T09:43:58.347418-04:00,222.975,0.4263
DDOG-20260924T13334508795,DDOG,2026-09-24,2026-09-24T09:43:58.347418-04:00,249.275,-0.4652
FTNT-20260924T13352884878,FTNT,2026-09-24,2026-09-24T09:43:58.347418-04:00,179.92,0.5364
PANW-20260924T13354033049,PANW,2026-09-24,2026-09-24T09:43:58.347418-04:00,395.37,0.6005
VKTX-20260924T13360625319,VKTX,2026-09-24,2026-09-24T09:43:58.347418-04:00,36.25,1.1001
MRVL-20260924T13370355533,MRVL,2026-09-24,2026-09-24T09:43:58.347418-04:00,258.9,1.0618
GME-20260924T13370746937,GME,2026-09-24,2026-09-24T09:43:58.347418-04:00,24.0801,0.2502
HON-20260924T13420241231,HON,2026-09-24,2026-09-24T09:43:58.347418-04:00,211.825,-0.1423
DRI-20260924T13420245654,DRI,2026-09-24,2026-09-24T09:43:58.347418-04:00,210.42,-0.1376
NVDA-20260924T13332501138,NVDA,2026-09-24,2026-09-24T09:44:01.955203-04:00,222.984,0.4304
DDOG-20260924T13334508795,DDOG,2026-09-24,2026-09-24T09:44:01.955203-04:00,249.3036,-0.4538
FTNT-20260924T13352884878,FTNT,2026-09-24,2026-09-24T09:44:01.955203-04:00,179.91,0.5308
PANW-20260924T13354033049,PANW,2026-09-24,2026-09-24T09:44:01.955203-04:00,395.37,0.6005
VKTX-20260924T13360625319,VKTX,2026-09-24,2026-09-24T09:44:01.955203-04:00,36.25,1.1001
MRVL-20260924T13370355533,MRVL,2026-09-24,2026-09-24T09:44:01.955203-04:00,258.92,1.0696
GME-20260924T13370746937,GME,2026-09-24,2026-09-24T09:44:01.955203-04:00,24.0801,0.2502
HON-20260924T13420241231,HON,2026-09-24,2026-09-24T09:44:01.955203-04:00,211.825,-0.1423
DRI-20260924T13420245654,DRI,2026-09-24,2026-09-24T09:44:01.955203-04:00,211.25,0.2563
NVDA-20260924T13332501138,NVDA,2026-09-24,2026-09-24T09:44:05.466398-04:00,222.956,0.4178
DDOG-20260924T13334508795,DDOG,2026-09-24,2026-09-24T09:44:05.466398-04:00,249.33,-0.4432
FTNT-20260924T13352884878,FTNT,2026-09-24,2026-09-24T09:44:05.466398-04:00,179.92,0.5364
PANW-20260924T13354033049,PANW,2026-09-24,2026-09-24T09:44:05.466398-04:00,395.39,0.6056
VKTX-20260924T13360625319,VKTX,2026-09-24,2026-09-24T09:44:05.466398-04:00,36.2377,1.0658
MRVL-20260924T13370355533,MRVL,2026-09-24,2026-09-24T09:44:05.466398-04:00,258.5241,0.915
GME-20260924T13370746937,GME,2026-09-24,2026-09-24T09:44:05.466398-04:00,24.0941,0.3085
HON-20260924T13420241231,HON,2026-09-24,2026-09-24T09:44:05.466398-04:00,211.875,-0.1188
DRI-20260924T13420245654,DRI,2026-09-24,2026-09-24T09:44:05.466398-04:00,211.25,0.2563
NVDA-20260924T13332501138,NVDA,2026-09-24,2026-09-24T09:44:08.916467-04:00,222.996,0.4358
DDOG-20260924T13334508795,DDOG,2026-09-24,2026-09-24T09:44:08.916467-04:00,249.325,-0.4452
FTNT-20260924T13352884878,FTNT,2026-09-24,2026-09-24T09:44:08.916467-04:00,179.77,0.4526
PANW-20260924T13354033049,PANW,2026-09-24,2026-09-24T09:44:08.916467-04:00,395.38,0.603
VKTX-20260924T13360625319,VKTX,2026-09-24,2026-09-24T09:44:08.916467-04:00,36.23,1.0443
MRVL-20260924T13370355533,MRVL,2026-09-24,2026-09-24T09:44:08.916467-04:00,259.29,1.214
GME-20260924T13370746937,GME,2026-09-24,2026-09-24T09:44:08.916467-04:00,24.0941,0.3085
HON-20260924T13420241231,HON,2026-09-24,2026-09-24T09:44:08.916467-04:00,211.9276,-0.094
DRI-20260924T13420245654,DRI,2026-09-24,2026-09-24T09:44:08.916467-04:00,211.25,0.2563
NVDA-20260924T13332501138,NVDA,2026-09-24,2026-09-24T09:44:12.447729-04:00,222.942,0.4115
DDOG-20260924T13334508795,DDOG,2026-09-24,2026-09-24T09:44:12.447729-04:00,249.335,-0.4412
FTNT-20260924T13352884878,FTNT,2026-09-24,2026-09-24T09:44:12.447729-04:00,179.76,0.447
PANW-20260924T13354033049,PANW,2026-09-24,2026-09-24T09:44:12.447729-04:00,395.24,0.5674
VKTX-20260924T13360625319,VKTX,2026-09-24,2026-09-24T09:44:12.447729-04:00,36.21,0.9885
MRVL-20260924T13370355533,MRVL,2026-09-24,2026-09-24T09:44:12.447729-04:00,259.3418,1.2342
GME-20260924T13370746937,GME,2026-09-24,2026-09-24T09:44:12.447729-04:00,24.09,0.2914
HON-20260924T13420241231,HON,2026-09-24,2026-09-24T09:44:12.447729-04:00,211.9276,-0.094
DRI-20260924T13420245654,DRI,2026-09-24,2026-09-24T09:44:12.447729-04:00,211.25,0.2563
NVDA-20260924T13332501138,NVDA,2026-09-24,2026-09-24T09:44:15.871583-04:00,222.942,0.4115
DDOG-20260924T13334508795,DDOG,2026-09-24,2026-09-24T09:44:15.871583-04:00,249.32,-0.4472
FTNT-20260924T13352884878,FTNT,2026-09-24,2026-09-24T09:44:15.871583-04:00,179.805,0.4722
PANW-20260924T13354033049,PANW,2026-09-24,2026-09-24T09:44:15.871583-04:00,395.715,0.6883
VKTX-20260924T13360625319,VKTX,2026-09-24,2026-09-24T09:44:15.871583-04:00,36.23,1.0443
MRVL-20260924T13370355533,MRVL,2026-09-24,2026-09-24T09:44:15.871583-04:00,259.3,1.2179
GME-20260924T13370746937,GME,2026-09-24,2026-09-24T09:44:15.871583-04:00,24.1,0.3331
HON-20260924T13420241231,HON,2026-09-24,2026-09-24T09:44:15.871583-04:00,211.875,-0.1188
DRI-20260924T13420245654,DRI,2026-09-24,2026-09-24T09:44:15.871583-04:00,211.25,0.2563
NVDA-20260924T13332501138,NVDA,2026-09-24,2026-09-24T09:44:19.295748-04:00,222.81,0.352
DDOG-20260924T13334508795,DDOG,2026-09-24,2026-09-24T09:44:19.295748-04:00,249.625,-0.3254
FTNT-20260924T13352884878,FTNT,2026-09-24,2026-09-24T09:44:19.295748-04:00,179.6938,0.41
PANW-20260924T13354033049,PANW,2026-09-24,2026-09-24T09:44:19.295748-04:00,396.0,0.7608
VKTX-20260924T13360625319,VKTX,2026-09-24,2026-09-24T09:44:19.295748-04:00,36.19,0.9327
MRVL-20260924T13370355533,MRVL,2026-09-24,2026-09-24T09:44:19.295748-04:00,259.02,1.1086
GME-20260924T13370746937,GME,2026-09-24,2026-09-24T09:44:19.295748-04:00,24.095,0.3122
HON-20260924T13420241231,HON,2026-09-24,2026-09-24T09:44:19.295748-04:00,211.875,-0.1188
DRI-20260924T13420245654,DRI,2026-09-24,2026-09-24T09:44:19.295748-04:00,211.25,0.2563
NVDA-20260924T13332501138,NVDA,2026-09-24,2026-09-24T09:44:22.836008-04:00,222.852,0.3709
DDOG-20260924T13334508795,DDOG,2026-09-24,2026-09-24T09:44:22.836008-04:00,249.2922,-0.4583
FTNT-20260924T13352884878,FTNT,2026-09-24,2026-09-24T09:44:22.836008-04:00,180.06,0.6147
PANW-20260924T13354033049,PANW,2026-09-24,2026-09-24T09:44:22.836008-04:00,395.87,0.7277
VKTX-20260924T13360625319,VKTX,2026-09-24,2026-09-24T09:44:22.836008-04:00,36.235,1.0582
MRVL-20260924T13370355533,MRVL,2026-09-24,2026-09-24T09:44:22.836008-04:00,259.04,1.1164
GME-20260924T13370746937,GME,2026-09-24,2026-09-24T09:44:22.836008-04:00,24.065,0.1873
HON-20260924T13420241231,HON,2026-09-24,2026-09-24T09:44:22.836008-04:00,211.865,-0.1235
DRI-20260924T13420245654,DRI,2026-09-24,2026-09-24T09:44:22.836008-04:00,211.25,0.2563
NVDA-20260924T13332501138,NVDA,2026-09-24,2026-09-24T09:44:26.246933-04:00,222.836,0.3637
DDOG-20260924T13334508795,DDOG,2026-09-24,2026-09-24T09:44:26.246933-04:00,249.2922,-0.4583
FTNT-20260924T13352884878,FTNT,2026-09-24,2026-09-24T09:44:26.246933-04:00,179.8,0.4694
PANW-20260924T13354033049,PANW,2026-09-24,2026-09-24T09:44:26.246933-04:00,395.895,0.7341
VKTX-20260924T13360625319,VKTX,2026-09-24,2026-09-24T09:44:26.246933-04:00,36.2288,1.0409
MRVL-20260924T13370355533,MRVL,2026-09-24,2026-09-24T09:44:26.246933-04:00,258.92,1.0696
GME-20260924T13370746937,GME,2026-09-24,2026-09-24T09:44:26.246933-04:00,24.07,0.2082
HON-20260924T13420241231,HON,2026-09-24,2026-09-24T09:44:26.246933-04:00,211.865,-0.1235
DRI-20260924T13420245654,DRI,2026-09-24,2026-09-24T09:44:26.246933-04:00,211.25,0.2563
NVDA-20260924T13332501138,NVDA,2026-09-24,2026-09-24T09:44:29.670370-04:00,222.874,0.3808
DDOG-20260924T13334508795,DDOG,2026-09-24,2026-09-24T09:44:29.670370-04:00,249.8,-0.2556
FTNT-20260924T13352884878,FTNT,2026-09-24,2026-09-24T09:44:29.670370-04:00,180.0,0.5811
PANW-20260924T13354033049,PANW,2026-09-24,2026-09-24T09:44:29.670370-04:00,396.025,0.7672
VKTX-20260924T13360625319,VKTX,2026-09-24,2026-09-24T09:44:29.670370-04:00,36.26,1.128
MRVL-20260924T13370355533,MRVL,2026-09-24,2026-09-24T09:44:29.670370-04:00,259.184,1.1726
GME-20260924T13370746937,GME,2026-09-24,2026-09-24T09:44:29.670370-04:00,24.07,0.2082
HON-20260924T13420241231,HON,2026-09-24,2026-09-24T09:44:29.670370-04:00,211.865,-0.1235
DRI-20260924T13420245654,DRI,2026-09-24,2026-09-24T09:44:29.670370-04:00,211.25,0.2563
NVDA-20260924T13332501138,NVDA,2026-09-24,2026-09-24T09:44:33.063597-04:00,222.814,0.3538
DDOG-20260924T13334508795,DDOG,2026-09-24,2026-09-24T09:44:33.063597-04:00,249.7,-0.2955
FTNT-20260924T13352884878,FTNT,2026-09-24,2026-09-24T09:44:33.063597-04:00,179.815,0.4778
PANW-20260924T13354033049,PANW,2026-09-24,2026-09-24T09:44:33.063597-04:00,395.6819,0.6799
VKTX-20260924T13360625319,VKTX,2026-09-24,2026-09-24T09:44:33.063597-04:00,36.31,1.2674
MRVL-20260924T13370355533,MRVL,2026-09-24,2026-09-24T09:44:33.063597-04:00,259.095,1.1379
GME-20260924T13370746937,GME,2026-09-24,2026-09-24T09:44:33.063597-04:00,24.07,0.2082
HON-20260924T13420241231,HON,2026-09-24,2026-09-24T09:44:33.063597-04:00,211.735,-0.1848
DRI-20260924T13420245654,DRI,2026-09-24,2026-09-24T09:44:33.063597-04:00,211.25,0.2563
NVDA-20260924T13332501138,NVDA,2026-09-24,2026-09-24T09:44:36.457812-04:00,222.716,0.3097
DDOG-20260924T13334508795,DDOG,2026-09-24,2026-09-24T09:44:36.457812-04:00,249.705,-0.2935
FTNT-20260924T13352884878,FTNT,2026-09-24,2026-09-24T09:44:36.457812-04:00,179.82,0.4806
PANW-20260924T13354033049,PANW,2026-09-24,2026-09-24T09:44:36.457812-04:00,395.82,0.715
VKTX-20260924T13360625319,VKTX,2026-09-24,2026-09-24T09:44:36.457812-04:00,36.2501,1.1003
MRVL-20260924T13370355533,MRVL,2026-09-24,2026-09-24T09:44:36.457812-04:00,258.995,1.0988
GME-20260924T13370746937,GME,2026-09-24,2026-09-24T09:44:36.457812-04:00,24.09,0.2914
HON-20260924T13420241231,HON,2026-09-24,2026-09-24T09:44:36.457812-04:00,211.64,-0.2295
DRI-20260924T13420245654,DRI,2026-09-24,2026-09-24T09:44:36.457812-04:00,211.25,0.2563
NVDA-20260924T13332501138,NVDA,2026-09-24,2026-09-24T09:44:39.818730-04:00,222.8088,0.3515
DDOG-20260924T13334508795,DDOG,2026-09-24,2026-09-24T09:44:39.818730-04:00,249.6734,-0.3061
FTNT-20260924T13352884878,FTNT,2026-09-24,2026-09-24T09:44:39.818730-04:00,179.662,0.3923
PANW-20260924T13354033049,PANW,2026-09-24,2026-09-24T09:44:39.818730-04:00,395.945,0.7468
VKTX-20260924T13360625319,VKTX,2026-09-24,2026-09-24T09:44:39.818730-04:00,36.29,1.2116
MRVL-20260924T13370355533,MRVL,2026-09-24,2026-09-24T09:44:39.818730-04:00,258.97,1.0891
GME-20260924T13370746937,GME,2026-09-24,2026-09-24T09:44:39.818730-04:00,24.079,0.2456
HON-20260924T13420241231,HON,2026-09-24,2026-09-24T09:44:39.818730-04:00,211.64,-0.2295
DRI-20260924T13420245654,DRI,2026-09-24,2026-09-24T09:44:39.818730-04:00,211.25,0.2563
NVDA-20260924T13332501138,NVDA,2026-09-24,2026-09-24T09:44:43.158990-04:00,222.68,0.2934
DDOG-20260924T13334508795,DDOG,2026-09-24,2026-09-24T09:44:43.158990-04:00,249.82,-0.2476
FTNT-20260924T13352884878,FTNT,2026-09-24,2026-09-24T09:44:43.158990-04:00,180.0,0.5811
PANW-20260924T13354033049,PANW,2026-09-24,2026-09-24T09:44:43.158990-04:00,395.8768,0.7294
VKTX-20260924T13360625319,VKTX,2026-09-24,2026-09-24T09:44:43.158990-04:00,36.31,1.2674
MRVL-20260924T13370355533,MRVL,2026-09-24,2026-09-24T09:44:43.158990-04:00,258.708,0.9868
GME-20260924T13370746937,GME,2026-09-24,2026-09-24T09:44:43.158990-04:00,24.0811,0.2544
HON-20260924T13420241231,HON,2026-09-24,2026-09-24T09:44:43.158990-04:00,211.64,-0.2295
DRI-20260924T13420245654,DRI,2026-09-24,2026-09-24T09:44:43.158990-04:00,211.25,0.2563
NVDA-20260924T13332501138,NVDA,2026-09-24,2026-09-24T09:44:46.544282-04:00,222.702,0.3034
DDOG-20260924T13334508795,DDOG,2026-09-24,2026-09-24T09:44:46.544282-04:00,249.74,-0.2795
FTNT-20260924T13352884878,FTNT,2026-09-24,2026-09-24T09:44:46.544282-04:00,180.02,0.5923
PANW-20260924T13354033049,PANW,2026-09-24,2026-09-24T09:44:46.544282-04:00,396.025,0.7672
VKTX-20260924T13360625319,VKTX,2026-09-24,2026-09-24T09:44:46.544282-04:00,36.41,1.5463
MRVL-20260924T13370355533,MRVL,2026-09-24,2026-09-24T09:44:46.544282-04:00,258.9055,1.0639
GME-20260924T13370746937,GME,2026-09-24,2026-09-24T09:44:46.544282-04:00,24.09,0.2914
HON-20260924T13420241231,HON,2026-09-24,2026-09-24T09:44:46.544282-04:00,211.74,-0.1824
DRI-20260924T13420245654,DRI,2026-09-24,2026-09-24T09:44:46.544282-04:00,211.25,0.2563
NVDA-20260924T13332501138,NVDA,2026-09-24,2026-09-24T09:44:49.975871-04:00,222.6601,0.2845
DDOG-20260924T13334508795,DDOG,2026-09-24,2026-09-24T09:44:49.975871-04:00,249.895,-0.2176
FTNT-20260924T13352884878,FTNT,2026-09-24,2026-09-24T09:44:49.975871-04:00,180.005,0.5839
PANW-20260924T13354033049,PANW,2026-09-24,2026-09-24T09:44:49.975871-04:00,395.76,0.6997
VKTX-20260924T13360625319,VKTX,2026-09-24,2026-09-24T09:44:49.975871-04:00,36.3643,1.4188
MRVL-20260924T13370355533,MRVL,2026-09-24,2026-09-24T09:44:49.975871-04:00,259.0,1.1008
GME-20260924T13370746937,GME,2026-09-24,2026-09-24T09:44:49.975871-04:00,24.1,0.3331
HON-20260924T13420241231,HON,2026-09-24,2026-09-24T09:44:49.975871-04:00,211.8644,-0.1238
DRI-20260924T13420245654,DRI,2026-09-24,2026-09-24T09:44:49.975871-04:00,211.25,0.2563
NVDA-20260924T13332501138,NVDA,2026-09-24,2026-09-24T09:44:53.405393-04:00,222.706,0.3052
DDOG-20260924T13334508795,DDOG,2026-09-24,2026-09-24T09:44:53.405393-04:00,249.895,-0.2176
FTNT-20260924T13352884878,FTNT,2026-09-24,2026-09-24T09:44:53.405393-04:00,180.0,0.5811
PANW-20260924T13354033049,PANW,2026-09-24,2026-09-24T09:44:53.405393-04:00,396.02,0.7659
VKTX-20260924T13360625319,VKTX,2026-09-24,2026-09-24T09:44:53.405393-04:00,36.36,1.4068
MRVL-20260924T13370355533,MRVL,2026-09-24,2026-09-24T09:44:53.405393-04:00,259.1199,1.1476
GME-20260924T13370746937,GME,2026-09-24,2026-09-24T09:44:53.405393-04:00,24.09,0.2914
HON-20260924T13420241231,HON,2026-09-24,2026-09-24T09:44:53.405393-04:00,211.8644,-0.1238
DRI-20260924T13420245654,DRI,2026-09-24,2026-09-24T09:44:53.405393-04:00,211.25,0.2563
NVDA-20260924T13332501138,NVDA,2026-09-24,2026-09-24T09:44:56.788603-04:00,222.7095,0.3067
DDOG-20260924T13334508795,DDOG,2026-09-24,2026-09-24T09:44:56.788603-04:00,249.75,-0.2755
FTNT-20260924T13352884878,FTNT,2026-09-24,2026-09-24T09:44:56.788603-04:00,179.85,0.4973
PANW-20260924T13354033049,PANW,2026-09-24,2026-09-24T09:44:56.788603-04:00,395.5601,0.6489
VKTX-20260924T13360625319,VKTX,2026-09-24,2026-09-24T09:44:56.788603-04:00,36.3726,1.442
MRVL-20260924T13370355533,MRVL,2026-09-24,2026-09-24T09:44:56.788603-04:00,258.8968,1.0605
GME-20260924T13370746937,GME,2026-09-24,2026-09-24T09:44:56.788603-04:00,24.09,0.2914
HON-20260924T13420241231,HON,2026-09-24,2026-09-24T09:44:56.788603-04:00,211.415,-0.3356
DRI-20260924T13420245654,DRI,2026-09-24,2026-09-24T09:44:56.788603-04:00,211.25,0.2563
NVDA-20260924T13332501138,NVDA,2026-09-24,2026-09-24T09:45:00.183431-04:00,222.69,0.298
DDOG-20260924T13334508795,DDOG,2026-09-24,2026-09-24T09:45:00.183431-04:00,249.895,-0.2176
FTNT-20260924T13352884878,FTNT,2026-09-24,2026-09-24T09:45:00.183431-04:00,179.905,0.5281
PANW-20260924T13354033049,PANW,2026-09-24,2026-09-24T09:45:00.183431-04:00,395.3819,0.6035
VKTX-20260924T13360625319,VKTX,2026-09-24,2026-09-24T09:45:00.183431-04:00,36.36,1.4068
MRVL-20260924T13370355533,MRVL,2026-09-24,2026-09-24T09:45:00.183431-04:00,258.895,1.0598
GME-20260924T13370746937,GME,2026-09-24,2026-09-24T09:45:00.183431-04:00,24.095,0.3122
HON-20260924T13420241231,HON,2026-09-24,2026-09-24T09:45:00.183431-04:00,211.415,-0.3356
DRI-20260924T13420245654,DRI,2026-09-24,2026-09-24T09:45:00.183431-04:00,211.195,0.2302
NVDA-20260924T13332501138,NVDA,2026-09-24,2026-09-24T09:45:10.906401-04:00,222.804,0.3493
DDOG-20260924T13334508795,DDOG,2026-09-24,2026-09-24T09:45:10.906401-04:00,249.8492,-0.2359
FTNT-20260924T13352884878,FTNT,2026-09-24,2026-09-24T09:45:10.906401-04:00,180.24,0.7152
PANW-20260924T13354033049,PANW,2026-09-24,2026-09-24T09:45:10.906401-04:00,395.925,0.7417
VKTX-20260924T13360625319,VKTX,2026-09-24,2026-09-24T09:45:10.906401-04:00,36.49,1.7694
MRVL-20260924T13370355533,MRVL,2026-09-24,2026-09-24T09:45:10.906401-04:00,260.16,1.5536
GME-20260924T13370746937,GME,2026-09-24,2026-09-24T09:45:10.906401-04:00,24.05,0.1249
HON-20260924T13420241231,HON,2026-09-24,2026-09-24T09:45:10.906401-04:00,211.585,-0.2555
DRI-20260924T13420245654,DRI,2026-09-24,2026-09-24T09:45:10.906401-04:00,211.195,0.2302
NVDA-20260924T13332501138,NVDA,2026-09-24,2026-09-24T09:45:22.001311-04:00,222.696,0.3007
DDOG-20260924T13334508795,DDOG,2026-09-24,2026-09-24T09:45:22.001311-04:00,249.42,-0.4073
FTNT-20260924T13352884878,FTNT,2026-09-24,2026-09-24T09:45:22.001311-04:00,179.695,0.4107
PANW-20260924T13354033049,PANW,2026-09-24,2026-09-24T09:45:22.001311-04:00,395.0899,0.5292
VKTX-20260924T13360625319,VKTX,2026-09-24,2026-09-24T09:45:22.001311-04:00,36.56,1.9646
MRVL-20260924T13370355533,MRVL,2026-09-24,2026-09-24T09:45:22.001311-04:00,259.75,1.3936
GME-20260924T13370746937,GME,2026-09-24,2026-09-24T09:45:22.001311-04:00,24.0501,0.1253
HON-20260924T13420241231,HON,2026-09-24,2026-09-24T09:45:22.001311-04:00,211.55,-0.272
DRI-20260924T13420245654,DRI,2026-09-24,2026-09-24T09:45:22.001311-04:00,211.195,0.2302
NVDA-20260924T13332501138,NVDA,2026-09-24,2026-09-24T09:45:32.549058-04:00,222.656,0.2826
DDOG-20260924T13334508795,DDOG,2026-09-24,2026-09-24T09:45:32.549058-04:00,249.285,-0.4612
FTNT-20260924T13352884878,FTNT,2026-09-24,2026-09-24T09:45:32.549058-04:00,179.8,0.4694
PANW-20260924T13354033049,PANW,2026-09-24,2026-09-24T09:45:32.549058-04:00,395.21,0.5598
VKTX-20260924T13360625319,VKTX,2026-09-24,2026-09-24T09:45:32.549058-04:00,36.5259,1.8695
MRVL-20260924T13370355533,MRVL,2026-09-24,2026-09-24T09:45:32.549058-04:00,259.18,1.1711
GME-20260924T13370746937,GME,2026-09-24,2026-09-24T09:45:32.549058-04:00,24.055,0.1457
HON-20260924T13420241231,HON,2026-09-24,2026-09-24T09:45:32.549058-04:00,211.646,-0.2267
DRI-20260924T13420245654,DRI,2026-09-24,2026-09-24T09:45:32.549058-04:00,211.195,0.2302
NVDA-20260924T13332501138,NVDA,2026-09-24,2026-09-24T09:45:42.988291-04:00,222.7488,0.3244
DDOG-20260924T13334508795,DDOG,2026-09-24,2026-09-24T09:45:42.988291-04:00,249.6272,-0.3245
FTNT-20260924T13352884878,FTNT,2026-09-24,2026-09-24T09:45:42.988291-04:00,179.85,0.4973
PANW-20260924T13354033049,PANW,2026-09-24,2026-09-24T09:45:42.988291-04:00,395.2101,0.5598
VKTX-20260924T13360625319,VKTX,2026-09-24,2026-09-24T09:45:42.988291-04:00,36.555,1.9507
MRVL-20260924T13370355533,MRVL,2026-09-24,2026-09-24T09:45:42.988291-04:00,259.0,1.1008
GME-20260924T13370746937,GME,2026-09-24,2026-09-24T09:45:42.988291-04:00,24.05,0.1249
HON-20260924T13420241231,HON,2026-09-24,2026-09-24T09:45:42.988291-04:00,211.51,-0.2908
DRI-20260924T13420245654,DRI,2026-09-24,2026-09-24T09:45:42.988291-04:00,211.195,0.2302
NVDA-20260924T13332501138,NVDA,2026-09-24,2026-09-24T09:45:53.522560-04:00,222.674,0.2907
DDOG-20260924T13334508795,DDOG,2026-09-24,2026-09-24T09:45:53.522560-04:00,249.2,-0.4951
FTNT-20260924T13352884878,FTNT,2026-09-24,2026-09-24T09:45:53.522560-04:00,179.4,0.2459
PANW-20260924T13354033049,PANW,2026-09-24,2026-09-24T09:45:53.522560-04:00,395.225,0.5636
VKTX-20260924T13360625319,VKTX,2026-09-24,2026-09-24T09:45:53.522560-04:00,36.47,1.7136
MRVL-20260924T13370355533,MRVL,2026-09-24,2026-09-24T09:45:53.522560-04:00,259.09,1.1359
GME-20260924T13370746937,GME,2026-09-24,2026-09-24T09:45:53.522560-04:00,24.05,0.1249
HON-20260924T13420241231,HON,2026-09-24,2026-09-24T09:45:53.522560-04:00,211.31,-0.3851
DRI-20260924T13420245654,DRI,2026-09-24,2026-09-24T09:45:53.522560-04:00,211.195,0.2302
NVDA-20260924T13332501138,NVDA,2026-09-24,2026-09-24T09:46:04.081590-04:00,222.72,0.3115
DDOG-20260924T13334508795,DDOG,2026-09-24,2026-09-24T09:46:04.081590-04:00,249.285,-0.4612
FTNT-20260924T13352884878,FTNT,2026-09-24,2026-09-24T09:46:04.081590-04:00,179.685,0.4051
PANW-20260924T13354033049,PANW,2026-09-24,2026-09-24T09:46:04.081590-04:00,395.4659,0.6249
VKTX-20260924T13360625319,VKTX,2026-09-24,2026-09-24T09:46:04.081590-04:00,36.36,1.4068
MRVL-20260924T13370355533,MRVL,2026-09-24,2026-09-24T09:46:04.081590-04:00,258.89,1.0578
GME-20260924T13370746937,GME,2026-09-24,2026-09-24T09:46:04.081590-04:00,24.0305,0.0437
HON-20260924T13420241231,HON,2026-09-24,2026-09-24T09:46:04.081590-04:00,211.33,-0.3757
DRI-20260924T13420245654,DRI,2026-09-24,2026-09-24T09:46:04.081590-04:00,210.58,-0.0617
NVDA-20260924T13332501138,NVDA,2026-09-24,2026-09-24T09:46:14.639915-04:00,222.755,0.3272
DDOG-20260924T13334508795,DDOG,2026-09-24,2026-09-24T09:46:14.639915-04:00,248.94,-0.5989
FTNT-20260924T13352884878,FTNT,2026-09-24,2026-09-24T09:46:14.639915-04:00,179.31,0.1956
PANW-20260924T13354033049,PANW,2026-09-24,2026-09-24T09:46:14.639915-04:00,394.1718,0.2956
MRVL-20260924T13370355533,MRVL,2026-09-24,2026-09-24T09:46:14.639915-04:00,258.97,1.0891
GME-20260924T13370746937,GME,2026-09-24,2026-09-24T09:46:14.639915-04:00,23.96,-0.2498
HON-20260924T13420241231,HON,2026-09-24,2026-09-24T09:46:14.639915-04:00,211.49,-0.3003
DRI-20260924T13420245654,DRI,2026-09-24,2026-09-24T09:46:14.639915-04:00,210.58,-0.0617
NVDA-20260924T13332501138,NVDA,2026-09-24,2026-09-24T09:46:25.092394-04:00,222.826,0.3592
DDOG-20260924T13334508795,DDOG,2026-09-24,2026-09-24T09:46:25.092394-04:00,248.64,-0.7187
FTNT-20260924T13352884878,FTNT,2026-09-24,2026-09-24T09:46:25.092394-04:00,179.09,0.0726
PANW-20260924T13354033049,PANW,2026-09-24,2026-09-24T09:46:25.092394-04:00,393.87,0.2188
MRVL-20260924T13370355533,MRVL,2026-09-24,2026-09-24T09:46:25.092394-04:00,259.255,1.2003
GME-20260924T13370746937,GME,2026-09-24,2026-09-24T09:46:25.092394-04:00,23.98,-0.1665
HON-20260924T13420241231,HON,2026-09-24,2026-09-24T09:46:25.092394-04:00,211.5,-0.2955
DRI-20260924T13420245654,DRI,2026-09-24,2026-09-24T09:46:25.092394-04:00,210.58,-0.0617
NVDA-20260924T13332501138,NVDA,2026-09-24,2026-09-24T09:46:35.641674-04:00,222.826,0.3592
DDOG-20260924T13334508795,DDOG,2026-09-24,2026-09-24T09:46:35.641674-04:00,248.43,-0.8026
FTNT-20260924T13352884878,FTNT,2026-09-24,2026-09-24T09:46:35.641674-04:00,179.0,0.0224
PANW-20260924T13354033049,PANW,2026-09-24,2026-09-24T09:46:35.641674-04:00,392.12,-0.2265
MRVL-20260924T13370355533,MRVL,2026-09-24,2026-09-24T09:46:35.641674-04:00,259.455,1.2784
GME-20260924T13370746937,GME,2026-09-24,2026-09-24T09:46:35.641674-04:00,24.03,0.0416
HON-20260924T13420241231,HON,2026-09-24,2026-09-24T09:46:35.641674-04:00,211.51,-0.2908
DRI-20260924T13420245654,DRI,2026-09-24,2026-09-24T09:46:35.641674-04:00,210.58,-0.0617
NVDA-20260924T13332501138,NVDA,2026-09-24,2026-09-24T09:46:46.410802-04:00,222.78,0.3385
DDOG-20260924T13334508795,DDOG,2026-09-24,2026-09-24T09:46:46.410802-04:00,247.341,-1.2374
FTNT-20260924T13352884878,FTNT,2026-09-24,2026-09-24T09:46:46.410802-04:00,178.675,-0.1593
PANW-20260924T13354033049,PANW,2026-09-24,2026-09-24T09:46:46.410802-04:00,390.828,-0.5552
MRVL-20260924T13370355533,MRVL,2026-09-24,2026-09-24T09:46:46.410802-04:00,259.99,1.4872
GME-20260924T13370746937,GME,2026-09-24,2026-09-24T09:46:46.410802-04:00,24.025,0.0208
HON-20260924T13420241231,HON,2026-09-24,2026-09-24T09:46:46.410802-04:00,211.17,-0.4511
DRI-20260924T13420245654,DRI,2026-09-24,2026-09-24T09:46:46.410802-04:00,210.58,-0.0617
NVDA-20260924T13332501138,NVDA,2026-09-24,2026-09-24T09:46:56.827988-04:00,222.72,0.3115
DDOG-20260924T13334508795,DDOG,2026-09-24,2026-09-24T09:46:56.827988-04:00,247.615,-1.128
FTNT-20260924T13352884878,FTNT,2026-09-24,2026-09-24T09:46:56.827988-04:00,178.5,-0.257
PANW-20260924T13354033049,PANW,2026-09-24,2026-09-24T09:46:56.827988-04:00,390.655,-0.5992
MRVL-20260924T13370355533,MRVL,2026-09-24,2026-09-24T09:46:56.827988-04:00,260.25,1.5887
GME-20260924T13370746937,GME,2026-09-24,2026-09-24T09:46:56.827988-04:00,24.05,0.1249
HON-20260924T13420241231,HON,2026-09-24,2026-09-24T09:46:56.827988-04:00,211.35,-0.3663
DRI-20260924T13420245654,DRI,2026-09-24,2026-09-24T09:46:56.827988-04:00,210.58,-0.0617
NVDA-20260924T13332501138,NVDA,2026-09-24,2026-09-24T09:47:07.371050-04:00,222.7,0.3025
DDOG-20260924T13334508795,DDOG,2026-09-24,2026-09-24T09:47:07.371050-04:00,247.43,-1.2019
FTNT-20260924T13352884878,FTNT,2026-09-24,2026-09-24T09:47:07.371050-04:00,178.23,-0.4079
PANW-20260924T13354033049,PANW,2026-09-24,2026-09-24T09:47:07.371050-04:00,389.72,-0.8371
MRVL-20260924T13370355533,MRVL,2026-09-24,2026-09-24T09:47:07.371050-04:00,260.21,1.5731
GME-20260924T13370746937,GME,2026-09-24,2026-09-24T09:47:07.371050-04:00,24.025,0.0208
HON-20260924T13420241231,HON,2026-09-24,2026-09-24T09:47:07.371050-04:00,211.3456,-0.3683
DRI-20260924T13420245654,DRI,2026-09-24,2026-09-24T09:47:07.371050-04:00,210.75,0.019
CRDO-20260924T13464681993,CRDO,2026-09-24,2026-09-24T09:47:07.371050-04:00,193.865,-0.1725
NVDA-20260924T13332501138,NVDA,2026-09-24,2026-09-24T09:47:19.047769-04:00,222.864,0.3763
PANW-20260924T13354033049,PANW,2026-09-24,2026-09-24T09:47:19.047769-04:00,390.07,-0.7481
HON-20260924T13420241231,HON,2026-09-24,2026-09-24T09:47:19.047769-04:00,211.325,-0.378
DRI-20260924T13420245654,DRI,2026-09-24,2026-09-24T09:47:19.047769-04:00,210.75,0.019
CRDO-20260924T13464681993,CRDO,2026-09-24,2026-09-24T09:47:19.047769-04:00,194.49,0.1493
NVDA-20260924T13332501138,NVDA,2026-09-24,2026-09-24T09:47:29.923024-04:00,222.854,0.3718
HON-20260924T13420241231,HON,2026-09-24,2026-09-24T09:47:29.923024-04:00,211.7124,-0.1954
DRI-20260924T13420245654,DRI,2026-09-24,2026-09-24T09:47:29.923024-04:00,210.75,0.019
CRDO-20260924T13464681993,CRDO,2026-09-24,2026-09-24T09:47:29.923024-04:00,194.24,0.0206
TXN-20260924T13470898942,TXN,2026-09-24,2026-09-24T09:47:29.923024-04:00,269.0927,-0.1431
DOCN-20260924T13470904101,DOCN,2026-09-24,2026-09-24T09:47:29.923024-04:00,139.285,-0.4467
NVDA-20260924T13332501138,NVDA,2026-09-24,2026-09-24T09:47:40.783467-04:00,222.8,0.3475
HON-20260924T13420241231,HON,2026-09-24,2026-09-24T09:47:40.783467-04:00,211.345,-0.3686
DRI-20260924T13420245654,DRI,2026-09-24,2026-09-24T09:47:40.783467-04:00,210.75,0.019
CRDO-20260924T13464681993,CRDO,2026-09-24,2026-09-24T09:47:40.783467-04:00,194.48,0.1442
TXN-20260924T13470898942,TXN,2026-09-24,2026-09-24T09:47:40.783467-04:00,269.324,-0.0573
DOCN-20260924T13470904101,DOCN,2026-09-24,2026-09-24T09:47:40.783467-04:00,139.29,-0.4431
VICR-20260924T13471988119,VICR,2026-09-24,2026-09-24T09:47:40.783467-04:00,275.0,0.2834
IREN-20260924T13471991929,IREN,2026-09-24,2026-09-24T09:47:40.783467-04:00,46.575,-0.1608
NVDA-20260924T13332501138,NVDA,2026-09-24,2026-09-24T09:47:51.641520-04:00,222.808,0.3511
HON-20260924T13420241231,HON,2026-09-24,2026-09-24T09:47:51.641520-04:00,211.49,-0.3003
DRI-20260924T13420245654,DRI,2026-09-24,2026-09-24T09:47:51.641520-04:00,210.75,0.019
CRDO-20260924T13464681993,CRDO,2026-09-24,2026-09-24T09:47:51.641520-04:00,194.7599,0.2883
TXN-20260924T13470898942,TXN,2026-09-24,2026-09-24T09:47:51.641520-04:00,269.05,-0.1589
VICR-20260924T13471988119,VICR,2026-09-24,2026-09-24T09:47:51.641520-04:00,275.52,0.473
IREN-20260924T13471991929,IREN,2026-09-24,2026-09-24T09:47:51.641520-04:00,46.59,-0.1286
NVDA-20260924T13332501138,NVDA,2026-09-24,2026-09-24T09:48:02.302112-04:00,222.724,0.3133
HON-20260924T13420241231,HON,2026-09-24,2026-09-24T09:48:02.302112-04:00,211.4483,-0.3199
DRI-20260924T13420245654,DRI,2026-09-24,2026-09-24T09:48:02.302112-04:00,210.39,-0.1519
CRDO-20260924T13464681993,CRDO,2026-09-24,2026-09-24T09:48:02.302112-04:00,194.26,0.0309
TXN-20260924T13470898942,TXN,2026-09-24,2026-09-24T09:48:02.302112-04:00,268.9365,-0.2011
VICR-20260924T13471988119,VICR,2026-09-24,2026-09-24T09:48:02.302112-04:00,274.71,0.1776
IREN-20260924T13471991929,IREN,2026-09-24,2026-09-24T09:48:02.302112-04:00,46.52,-0.2787
NVDA-20260924T13332501138,NVDA,2026-09-24,2026-09-24T09:48:12.852484-04:00,222.7205,0.3117
HON-20260924T13420241231,HON,2026-09-24,2026-09-24T09:48:12.852484-04:00,211.48,-0.305
DRI-20260924T13420245654,DRI,2026-09-24,2026-09-24T09:48:12.852484-04:00,210.39,-0.1519
CRDO-20260924T13464681993,CRDO,2026-09-24,2026-09-24T09:48:12.852484-04:00,194.8,0.309
TXN-20260924T13470898942,TXN,2026-09-24,2026-09-24T09:48:12.852484-04:00,268.92,-0.2072
SAIL-20260924T13471984311,SAIL,2026-09-24,2026-09-24T09:48:12.852484-04:00,21.7193,0.0428
VICR-20260924T13471988119,VICR,2026-09-24,2026-09-24T09:48:12.852484-04:00,274.795,0.2086
IREN-20260924T13471991929,IREN,2026-09-24,2026-09-24T09:48:12.852484-04:00,46.518,-0.283
NVDA-20260924T13332501138,NVDA,2026-09-24,2026-09-24T09:48:23.441169-04:00,222.605,0.2597
HON-20260924T13420241231,HON,2026-09-24,2026-09-24T09:48:23.441169-04:00,211.225,-0.4252
DRI-20260924T13420245654,DRI,2026-09-24,2026-09-24T09:48:23.441169-04:00,210.39,-0.1519
CRDO-20260924T13464681993,CRDO,2026-09-24,2026-09-24T09:48:23.441169-04:00,194.6457,0.2295
TXN-20260924T13470898942,TXN,2026-09-24,2026-09-24T09:48:23.441169-04:00,268.57,-0.3371
SAIL-20260924T13471984311,SAIL,2026-09-24,2026-09-24T09:48:23.441169-04:00,21.68,-0.1382
VICR-20260924T13471988119,VICR,2026-09-24,2026-09-24T09:48:23.441169-04:00,273.77,-0.4127
IREN-20260924T13471991929,IREN,2026-09-24,2026-09-24T09:48:23.441169-04:00,46.4672,-0.3919
NVDA-20260924T13332501138,NVDA,2026-09-24,2026-09-24T09:48:33.905869-04:00,222.714,0.3088
HON-20260924T13420241231,HON,2026-09-24,2026-09-24T09:48:33.905869-04:00,211.225,-0.4252
DRI-20260924T13420245654,DRI,2026-09-24,2026-09-24T09:48:33.905869-04:00,210.39,-0.1519
CRDO-20260924T13464681993,CRDO,2026-09-24,2026-09-24T09:48:33.905869-04:00,194.35,0.0772
TXN-20260924T13470898942,TXN,2026-09-24,2026-09-24T09:48:33.905869-04:00,268.695,-0.2907
SAIL-20260924T13471984311,SAIL,2026-09-24,2026-09-24T09:48:33.905869-04:00,21.75,0.1842
VICR-20260924T13471988119,VICR,2026-09-24,2026-09-24T09:48:33.905869-04:00,273.82,-0.3945
IREN-20260924T13471991929,IREN,2026-09-24,2026-09-24T09:48:33.905869-04:00,46.44,-0.4502
NFLX-20260924T13481339823,NFLX,2026-09-24,2026-09-24T09:48:33.905869-04:00,71.5759,-0.0057
NXPI-20260924T13481343426,NXPI,2026-09-24,2026-09-24T09:48:33.905869-04:00,232.07,-0.2279
NVDA-20260924T13332501138,NVDA,2026-09-24,2026-09-24T09:48:44.517372-04:00,222.812,0.3529
HON-20260924T13420241231,HON,2026-09-24,2026-09-24T09:48:44.517372-04:00,211.4109,-0.3375
DRI-20260924T13420245654,DRI,2026-09-24,2026-09-24T09:48:44.517372-04:00,210.39,-0.1519
CRDO-20260924T13464681993,CRDO,2026-09-24,2026-09-24T09:48:44.517372-04:00,194.2565,0.0291
TXN-20260924T13470898942,TXN,2026-09-24,2026-09-24T09:48:44.517372-04:00,268.74,-0.274
SAIL-20260924T13471984311,SAIL,2026-09-24,2026-09-24T09:48:44.517372-04:00,21.69,-0.0921
VICR-20260924T13471988119,VICR,2026-09-24,2026-09-24T09:48:44.517372-04:00,273.855,-0.3818
IREN-20260924T13471991929,IREN,2026-09-24,2026-09-24T09:48:44.517372-04:00,46.42,-0.493
NFLX-20260924T13481339823,NFLX,2026-09-24,2026-09-24T09:48:44.517372-04:00,71.6272,0.0659
NXPI-20260924T13481343426,NXPI,2026-09-24,2026-09-24T09:48:44.517372-04:00,232.015,-0.2515
NVDA-20260924T13332501138,NVDA,2026-09-24,2026-09-24T09:48:55.148978-04:00,222.73,0.316
HON-20260924T13420241231,HON,2026-09-24,2026-09-24T09:48:55.148978-04:00,211.2816,-0.3985
DRI-20260924T13420245654,DRI,2026-09-24,2026-09-24T09:48:55.148978-04:00,210.39,-0.1519
CRDO-20260924T13464681993,CRDO,2026-09-24,2026-09-24T09:48:55.148978-04:00,194.675,0.2446
TXN-20260924T13470898942,TXN,2026-09-24,2026-09-24T09:48:55.148978-04:00,268.55,-0.3445
SAIL-20260924T13471984311,SAIL,2026-09-24,2026-09-24T09:48:55.148978-04:00,21.6,-0.5067
VICR-20260924T13471988119,VICR,2026-09-24,2026-09-24T09:48:55.148978-04:00,274.3997,-0.1836
IREN-20260924T13471991929,IREN,2026-09-24,2026-09-24T09:48:55.148978-04:00,46.48,-0.3644
NFLX-20260924T13481339823,NFLX,2026-09-24,2026-09-24T09:48:55.148978-04:00,71.6,0.0279
NXPI-20260924T13481343426,NXPI,2026-09-24,2026-09-24T09:48:55.148978-04:00,232.01,-0.2537
NVDA-20260924T13332501138,NVDA,2026-09-24,2026-09-24T09:49:05.598777-04:00,222.7575,0.3284
HON-20260924T13420241231,HON,2026-09-24,2026-09-24T09:49:05.598777-04:00,211.3635,-0.3599
DRI-20260924T13420245654,DRI,2026-09-24,2026-09-24T09:49:05.598777-04:00,210.67,-0.019
CRDO-20260924T13464681993,CRDO,2026-09-24,2026-09-24T09:49:05.598777-04:00,194.77,0.2935
TXN-20260924T13470898942,TXN,2026-09-24,2026-09-24T09:49:05.598777-04:00,268.51,-0.3593
SAIL-20260924T13471984311,SAIL,2026-09-24,2026-09-24T09:49:05.598777-04:00,21.53,-0.8291
VICR-20260924T13471988119,VICR,2026-09-24,2026-09-24T09:49:05.598777-04:00,273.85,-0.3836
IREN-20260924T13471991929,IREN,2026-09-24,2026-09-24T09:49:05.598777-04:00,46.48,-0.3644
NFLX-20260924T13481339823,NFLX,2026-09-24,2026-09-24T09:49:05.598777-04:00,71.608,0.0391
NXPI-20260924T13481343426,NXPI,2026-09-24,2026-09-24T09:49:05.598777-04:00,231.74,-0.3697
NVDA-20260924T13332501138,NVDA,2026-09-24,2026-09-24T09:49:16.158414-04:00,222.528,0.225
HON-20260924T13420241231,HON,2026-09-24,2026-09-24T09:49:16.158414-04:00,211.51,-0.2908
DRI-20260924T13420245654,DRI,2026-09-24,2026-09-24T09:49:16.158414-04:00,210.67,-0.019
CRDO-20260924T13464681993,CRDO,2026-09-24,2026-09-24T09:49:16.158414-04:00,194.5945,0.2031
TXN-20260924T13470898942,TXN,2026-09-24,2026-09-24T09:49:16.158414-04:00,268.4101,-0.3964
SAIL-20260924T13471984311,SAIL,2026-09-24,2026-09-24T09:49:16.158414-04:00,21.5225,-0.8637
VICR-20260924T13471988119,VICR,2026-09-24,2026-09-24T09:49:16.158414-04:00,274.26,-0.2344
IREN-20260924T13471991929,IREN,2026-09-24,2026-09-24T09:49:16.158414-04:00,46.34,-0.6645
NFLX-20260924T13481339823,NFLX,2026-09-24,2026-09-24T09:49:16.158414-04:00,71.6372,0.0799
NXPI-20260924T13481343426,NXPI,2026-09-24,2026-09-24T09:49:16.158414-04:00,232.03,-0.2451
NVDA-20260924T13332501138,NVDA,2026-09-24,2026-09-24T09:49:26.748791-04:00,222.564,0.2412
HON-20260924T13420241231,HON,2026-09-24,2026-09-24T09:49:26.748791-04:00,211.2523,-0.4123
DRI-20260924T13420245654,DRI,2026-09-24,2026-09-24T09:49:26.748791-04:00,210.67,-0.019
CRDO-20260924T13464681993,CRDO,2026-09-24,2026-09-24T09:49:26.748791-04:00,194.31,0.0566
TXN-20260924T13470898942,TXN,2026-09-24,2026-09-24T09:49:26.748791-04:00,268.25,-0.4558
SAIL-20260924T13471984311,SAIL,2026-09-24,2026-09-24T09:49:26.748791-04:00,21.535,-0.8061
VICR-20260924T13471988119,VICR,2026-09-24,2026-09-24T09:49:26.748791-04:00,273.98,-0.3363
IREN-20260924T13471991929,IREN,2026-09-24,2026-09-24T09:49:26.748791-04:00,46.43,-0.4716
NFLX-20260924T13481339823,NFLX,2026-09-24,2026-09-24T09:49:26.748791-04:00,71.62,0.0559
NXPI-20260924T13481343426,NXPI,2026-09-24,2026-09-24T09:49:26.748791-04:00,231.9412,-0.2832
NVDA-20260924T13332501138,NVDA,2026-09-24,2026-09-24T09:49:37.364355-04:00,222.46,0.1944
HON-20260924T13420241231,HON,2026-09-24,2026-09-24T09:49:37.364355-04:00,211.2,-0.437
DRI-20260924T13420245654,DRI,2026-09-24,2026-09-24T09:49:37.364355-04:00,210.67,-0.019
CRDO-20260924T13464681993,CRDO,2026-09-24,2026-09-24T09:49:37.364355-04:00,194.2375,0.0193
TXN-20260924T13470898942,TXN,2026-09-24,2026-09-24T09:49:37.364355-04:00,268.477,-0.3716
SAIL-20260924T13471984311,SAIL,2026-09-24,2026-09-24T09:49:37.364355-04:00,21.48,-1.0594
VICR-20260924T13471988119,VICR,2026-09-24,2026-09-24T09:49:37.364355-04:00,273.98,-0.3363
IREN-20260924T13471991929,IREN,2026-09-24,2026-09-24T09:49:37.364355-04:00,46.4611,-0.4049
NFLX-20260924T13481339823,NFLX,2026-09-24,2026-09-24T09:49:37.364355-04:00,71.695,0.1607
NXPI-20260924T13481343426,NXPI,2026-09-24,2026-09-24T09:49:37.364355-04:00,231.9816,-0.2659
NVDA-20260924T13332501138,NVDA,2026-09-24,2026-09-24T09:49:47.928599-04:00,222.512,0.2178
HON-20260924T13420241231,HON,2026-09-24,2026-09-24T09:49:47.928599-04:00,211.31,-0.3851
DRI-20260924T13420245654,DRI,2026-09-24,2026-09-24T09:49:47.928599-04:00,210.67,-0.019
CRDO-20260924T13464681993,CRDO,2026-09-24,2026-09-24T09:49:47.928599-04:00,193.955,-0.1262
TXN-20260924T13470898942,TXN,2026-09-24,2026-09-24T09:49:47.928599-04:00,268.46,-0.3779
SAIL-20260924T13471984311,SAIL,2026-09-24,2026-09-24T09:49:47.928599-04:00,21.524,-0.8567
VICR-20260924T13471988119,VICR,2026-09-24,2026-09-24T09:49:47.928599-04:00,273.0101,-0.6891
IREN-20260924T13471991929,IREN,2026-09-24,2026-09-24T09:49:47.928599-04:00,46.4657,-0.3951
NFLX-20260924T13481339823,NFLX,2026-09-24,2026-09-24T09:49:47.928599-04:00,71.74,0.2235
NXPI-20260924T13481343426,NXPI,2026-09-24,2026-09-24T09:49:47.928599-04:00,231.7972,-0.3451
NVDA-20260924T13332501138,NVDA,2026-09-24,2026-09-24T09:49:58.427493-04:00,222.476,0.2016
HON-20260924T13420241231,HON,2026-09-24,2026-09-24T09:49:58.427493-04:00,211.62,-0.239
DRI-20260924T13420245654,DRI,2026-09-24,2026-09-24T09:49:58.427493-04:00,210.67,-0.019
CRDO-20260924T13464681993,CRDO,2026-09-24,2026-09-24T09:49:58.427493-04:00,194.06,-0.0721
TXN-20260924T13470898942,TXN,2026-09-24,2026-09-24T09:49:58.427493-04:00,268.405,-0.3983
SAIL-20260924T13471984311,SAIL,2026-09-24,2026-09-24T09:49:58.427493-04:00,21.55,-0.737
VICR-20260924T13471988119,VICR,2026-09-24,2026-09-24T09:49:58.427493-04:00,273.985,-0.3345
IREN-20260924T13471991929,IREN,2026-09-24,2026-09-24T09:49:58.427493-04:00,46.49,-0.343
NFLX-20260924T13481339823,NFLX,2026-09-24,2026-09-24T09:49:58.427493-04:00,71.77,0.2654
NXPI-20260924T13481343426,NXPI,2026-09-24,2026-09-24T09:49:58.427493-04:00,231.9756,-0.2684
NVDA-20260924T13332501138,NVDA,2026-09-24,2026-09-24T09:50:09.395214-04:00,222.412,0.1727
HON-20260924T13420241231,HON,2026-09-24,2026-09-24T09:50:09.395214-04:00,211.5078,-0.2919
DRI-20260924T13420245654,DRI,2026-09-24,2026-09-24T09:50:09.395214-04:00,210.67,-0.019
CRDO-20260924T13464681993,CRDO,2026-09-24,2026-09-24T09:50:09.395214-04:00,194.23,0.0154
TXN-20260924T13470898942,TXN,2026-09-24,2026-09-24T09:50:09.395214-04:00,268.4518,-0.3809
SAIL-20260924T13471984311,SAIL,2026-09-24,2026-09-24T09:50:09.395214-04:00,21.44,-1.2437
VICR-20260924T13471988119,VICR,2026-09-24,2026-09-24T09:50:09.395214-04:00,274.2705,-0.2306
IREN-20260924T13471991929,IREN,2026-09-24,2026-09-24T09:50:09.395214-04:00,46.55,-0.2144
NFLX-20260924T13481339823,NFLX,2026-09-24,2026-09-24T09:50:09.395214-04:00,71.7658,0.2596
NXPI-20260924T13481343426,NXPI,2026-09-24,2026-09-24T09:50:09.395214-04:00,231.97,-0.2709
DRI-20260924T13420245654,DRI,2026-09-24,2026-09-24T09:50:20.661988-04:00,210.67,-0.019
TXN-20260924T13470898942,TXN,2026-09-24,2026-09-24T09:50:20.661988-04:00,268.475,-0.3723
SAIL-20260924T13471984311,SAIL,2026-09-24,2026-09-24T09:50:20.661988-04:00,21.545,-0.76
VICR-20260924T13471988119,VICR,2026-09-24,2026-09-24T09:50:20.661988-04:00,273.94,-0.3508
IREN-20260924T13471991929,IREN,2026-09-24,2026-09-24T09:50:20.661988-04:00,46.37,-0.6002
NFLX-20260924T13481339823,NFLX,2026-09-24,2026-09-24T09:50:20.661988-04:00,71.7888,0.2917
NXPI-20260924T13481343426,NXPI,2026-09-24,2026-09-24T09:50:20.661988-04:00,232.16,-0.1892
DRI-20260924T13420245654,DRI,2026-09-24,2026-09-24T09:50:31.731732-04:00,210.67,-0.019
TXN-20260924T13470898942,TXN,2026-09-24,2026-09-24T09:50:31.731732-04:00,268.667,-0.3011
VICR-20260924T13471988119,VICR,2026-09-24,2026-09-24T09:50:31.731732-04:00,274.01,-0.3254
IREN-20260924T13471991929,IREN,2026-09-24,2026-09-24T09:50:31.731732-04:00,46.27,-0.8146
NFLX-20260924T13481339823,NFLX,2026-09-24,2026-09-24T09:50:31.731732-04:00,71.8,0.3073
NXPI-20260924T13481343426,NXPI,2026-09-24,2026-09-24T09:50:31.731732-04:00,232.02,-0.2494
ADSK-20260924T13501061856,ADSK,2026-09-24,2026-09-24T09:50:31.731732-04:00,213.24,-0.1592
MRNA-20260924T13501066045,MRNA,2026-09-24,2026-09-24T09:50:31.731732-04:00,183.5788,0.3163
DRI-20260924T13420245654,DRI,2026-09-24,2026-09-24T09:50:42.316786-04:00,210.67,-0.019
TXN-20260924T13470898942,TXN,2026-09-24,2026-09-24T09:50:42.316786-04:00,268.4942,-0.3652
VICR-20260924T13471988119,VICR,2026-09-24,2026-09-24T09:50:42.316786-04:00,274.82,-0.0307
IREN-20260924T13471991929,IREN,2026-09-24,2026-09-24T09:50:42.316786-04:00,46.4114,-0.5115
NFLX-20260924T13481339823,NFLX,2026-09-24,2026-09-24T09:50:42.316786-04:00,71.558,-0.0307
NXPI-20260924T13481343426,NXPI,2026-09-24,2026-09-24T09:50:42.316786-04:00,232.19,-0.1763
ADSK-20260924T13501061856,ADSK,2026-09-24,2026-09-24T09:50:42.316786-04:00,213.4312,-0.0697
MRNA-20260924T13501066045,MRNA,2026-09-24,2026-09-24T09:50:42.316786-04:00,183.49,0.2678
FIVN-20260924T13502173097,FIVN,2026-09-24,2026-09-24T09:50:42.316786-04:00,36.9495,0.0257
DRI-20260924T13420245654,DRI,2026-09-24,2026-09-24T09:50:52.879043-04:00,210.67,-0.019
TXN-20260924T13470898942,TXN,2026-09-24,2026-09-24T09:50:52.879043-04:00,268.515,-0.3575
VICR-20260924T13471988119,VICR,2026-09-24,2026-09-24T09:50:52.879043-04:00,275.5468,0.2337
IREN-20260924T13471991929,IREN,2026-09-24,2026-09-24T09:50:52.879043-04:00,46.43,-0.4716
NFLX-20260924T13481339823,NFLX,2026-09-24,2026-09-24T09:50:52.879043-04:00,71.79,0.2934
NXPI-20260924T13481343426,NXPI,2026-09-24,2026-09-24T09:50:52.879043-04:00,232.22,-0.1634
ADSK-20260924T13501061856,ADSK,2026-09-24,2026-09-24T09:50:52.879043-04:00,213.265,-0.1475
MRNA-20260924T13501066045,MRNA,2026-09-24,2026-09-24T09:50:52.879043-04:00,183.27,0.1475
FIVN-20260924T13502173097,FIVN,2026-09-24,2026-09-24T09:50:52.879043-04:00,36.8974,-0.1153
DRI-20260924T13420245654,DRI,2026-09-24,2026-09-24T09:51:03.377750-04:00,211.37,0.3132
TXN-20260924T13470898942,TXN,2026-09-24,2026-09-24T09:51:03.377750-04:00,268.5201,-0.3556
VICR-20260924T13471988119,VICR,2026-09-24,2026-09-24T09:51:03.377750-04:00,274.3122,-0.2154
IREN-20260924T13471991929,IREN,2026-09-24,2026-09-24T09:51:03.377750-04:00,46.33,-0.686
NFLX-20260924T13481339823,NFLX,2026-09-24,2026-09-24T09:51:03.377750-04:00,71.76,0.2515
NXPI-20260924T13481343426,NXPI,2026-09-24,2026-09-24T09:51:03.377750-04:00,232.125,-0.2042
ADSK-20260924T13501061856,ADSK,2026-09-24,2026-09-24T09:51:03.377750-04:00,212.8209,-0.3554
MRNA-20260924T13501066045,MRNA,2026-09-24,2026-09-24T09:51:03.377750-04:00,182.5571,-0.242
FIVN-20260924T13502173097,FIVN,2026-09-24,2026-09-24T09:51:03.377750-04:00,36.895,-0.1218
DRI-20260924T13420245654,DRI,2026-09-24,2026-09-24T09:51:13.964460-04:00,211.37,0.3132
TXN-20260924T13470898942,TXN,2026-09-24,2026-09-24T09:51:13.964460-04:00,268.4896,-0.3669
VICR-20260924T13471988119,VICR,2026-09-24,2026-09-24T09:51:13.964460-04:00,271.65,-1.1839
IREN-20260924T13471991929,IREN,2026-09-24,2026-09-24T09:51:13.964460-04:00,46.47,-0.3859
NFLX-20260924T13481339823,NFLX,2026-09-24,2026-09-24T09:51:13.964460-04:00,71.7501,0.2376
NXPI-20260924T13481343426,NXPI,2026-09-24,2026-09-24T09:51:13.964460-04:00,232.0175,-0.2504
ADSK-20260924T13501061856,ADSK,2026-09-24,2026-09-24T09:51:13.964460-04:00,212.96,-0.2903
MRNA-20260924T13501066045,MRNA,2026-09-24,2026-09-24T09:51:13.964460-04:00,182.8947,-0.0575
FIVN-20260924T13502173097,FIVN,2026-09-24,2026-09-24T09:51:13.964460-04:00,36.87,-0.1895
DRI-20260924T13420245654,DRI,2026-09-24,2026-09-24T09:51:24.591510-04:00,211.37,0.3132
TXN-20260924T13470898942,TXN,2026-09-24,2026-09-24T09:51:24.591510-04:00,268.4865,-0.3681
VICR-20260924T13471988119,VICR,2026-09-24,2026-09-24T09:51:24.591510-04:00,273.7199,-0.4309
NFLX-20260924T13481339823,NFLX,2026-09-24,2026-09-24T09:51:24.591510-04:00,71.71,0.1816
NXPI-20260924T13481343426,NXPI,2026-09-24,2026-09-24T09:51:24.591510-04:00,232.27,-0.1419
ADSK-20260924T13501061856,ADSK,2026-09-24,2026-09-24T09:51:24.591510-04:00,213.2271,-0.1652
MRNA-20260924T13501066045,MRNA,2026-09-24,2026-09-24T09:51:24.591510-04:00,182.83,-0.0929
FIVN-20260924T13502173097,FIVN,2026-09-24,2026-09-24T09:51:24.591510-04:00,36.9365,-0.0095
DRI-20260924T13420245654,DRI,2026-09-24,2026-09-24T09:51:35.160863-04:00,211.37,0.3132
TXN-20260924T13470898942,TXN,2026-09-24,2026-09-24T09:51:35.160863-04:00,268.435,-0.3872
VICR-20260924T13471988119,VICR,2026-09-24,2026-09-24T09:51:35.160863-04:00,273.6077,-0.4717
NFLX-20260924T13481339823,NFLX,2026-09-24,2026-09-24T09:51:35.160863-04:00,71.635,0.0768
NXPI-20260924T13481343426,NXPI,2026-09-24,2026-09-24T09:51:35.160863-04:00,232.047,-0.2377
ADSK-20260924T13501061856,ADSK,2026-09-24,2026-09-24T09:51:35.160863-04:00,212.96,-0.2903
MRNA-20260924T13501066045,MRNA,2026-09-24,2026-09-24T09:51:35.160863-04:00,183.24,0.1311
FIVN-20260924T13502173097,FIVN,2026-09-24,2026-09-24T09:51:35.160863-04:00,36.88,-0.1624
DRI-20260924T13420245654,DRI,2026-09-24,2026-09-24T09:51:45.690106-04:00,211.37,0.3132
TXN-20260924T13470898942,TXN,2026-09-24,2026-09-24T09:51:45.690106-04:00,268.435,-0.3872
VICR-20260924T13471988119,VICR,2026-09-24,2026-09-24T09:51:45.690106-04:00,272.52,-0.8674
NFLX-20260924T13481339823,NFLX,2026-09-24,2026-09-24T09:51:45.690106-04:00,71.6,0.0279
NXPI-20260924T13481343426,NXPI,2026-09-24,2026-09-24T09:51:45.690106-04:00,231.76,-0.3611
ADSK-20260924T13501061856,ADSK,2026-09-24,2026-09-24T09:51:45.690106-04:00,213.36,-0.103
MRNA-20260924T13501066045,MRNA,2026-09-24,2026-09-24T09:51:45.690106-04:00,183.185,0.1011
FIVN-20260924T13502173097,FIVN,2026-09-24,2026-09-24T09:51:45.690106-04:00,36.87,-0.1895
DRI-20260924T13420245654,DRI,2026-09-24,2026-09-24T09:51:56.135389-04:00,211.37,0.3132
TXN-20260924T13470898942,TXN,2026-09-24,2026-09-24T09:51:56.135389-04:00,268.505,-0.3612
VICR-20260924T13471988119,VICR,2026-09-24,2026-09-24T09:51:56.135389-04:00,272.16,-0.9983
NFLX-20260924T13481339823,NFLX,2026-09-24,2026-09-24T09:51:56.135389-04:00,71.605,0.0349
NXPI-20260924T13481343426,NXPI,2026-09-24,2026-09-24T09:51:56.135389-04:00,231.62,-0.4213
ADSK-20260924T13501061856,ADSK,2026-09-24,2026-09-24T09:51:56.135389-04:00,213.29,-0.1358
MRNA-20260924T13501066045,MRNA,2026-09-24,2026-09-24T09:51:56.135389-04:00,183.1905,0.1041
FIVN-20260924T13502173097,FIVN,2026-09-24,2026-09-24T09:51:56.135389-04:00,36.8566,-0.2258
DRI-20260924T13420245654,DRI,2026-09-24,2026-09-24T09:52:06.680513-04:00,211.385,0.3203
TXN-20260924T13470898942,TXN,2026-09-24,2026-09-24T09:52:06.680513-04:00,268.12,-0.5041
VICR-20260924T13471988119,VICR,2026-09-24,2026-09-24T09:52:06.680513-04:00,272.5151,-0.8692
NFLX-20260924T13481339823,NFLX,2026-09-24,2026-09-24T09:52:06.680513-04:00,71.635,0.0768
NXPI-20260924T13481343426,NXPI,2026-09-24,2026-09-24T09:52:06.680513-04:00,231.9954,-0.2599
ADSK-20260924T13501061856,ADSK,2026-09-24,2026-09-24T09:52:06.680513-04:00,213.2117,-0.1724
MRNA-20260924T13501066045,MRNA,2026-09-24,2026-09-24T09:52:06.680513-04:00,182.5201,-0.2622
FIVN-20260924T13502173097,FIVN,2026-09-24,2026-09-24T09:52:06.680513-04:00,36.85,-0.2436
DRI-20260924T13420245654,DRI,2026-09-24,2026-09-24T09:52:17.343147-04:00,211.385,0.3203
TXN-20260924T13470898942,TXN,2026-09-24,2026-09-24T09:52:17.343147-04:00,268.227,-0.4644
VICR-20260924T13471988119,VICR,2026-09-24,2026-09-24T09:52:17.343147-04:00,273.6346,-0.4619
NFLX-20260924T13481339823,NFLX,2026-09-24,2026-09-24T09:52:17.343147-04:00,71.66,0.1118
NXPI-20260924T13481343426,NXPI,2026-09-24,2026-09-24T09:52:17.343147-04:00,231.5,-0.4729
ADSK-20260924T13501061856,ADSK,2026-09-24,2026-09-24T09:52:17.343147-04:00,213.36,-0.103
MRNA-20260924T13501066045,MRNA,2026-09-24,2026-09-24T09:52:17.343147-04:00,182.8085,-0.1046
FIVN-20260924T13502173097,FIVN,2026-09-24,2026-09-24T09:52:17.343147-04:00,36.85,-0.2436
DRI-20260924T13420245654,DRI,2026-09-24,2026-09-24T09:52:28.042057-04:00,211.385,0.3203
TXN-20260924T13470898942,TXN,2026-09-24,2026-09-24T09:52:28.042057-04:00,268.18,-0.4818
NFLX-20260924T13481339823,NFLX,2026-09-24,2026-09-24T09:52:28.042057-04:00,71.6588,0.1101
NXPI-20260924T13481343426,NXPI,2026-09-24,2026-09-24T09:52:28.042057-04:00,231.555,-0.4493
ADSK-20260924T13501061856,ADSK,2026-09-24,2026-09-24T09:52:28.042057-04:00,213.35,-0.1077
MRNA-20260924T13501066045,MRNA,2026-09-24,2026-09-24T09:52:28.042057-04:00,182.6502,-0.1911
FIVN-20260924T13502173097,FIVN,2026-09-24,2026-09-24T09:52:28.042057-04:00,36.85,-0.2436
FSLY-20260924T13520734217,FSLY,2026-09-24,2026-09-24T09:52:28.042057-04:00,27.2401,0.0738
DRI-20260924T13420245654,DRI,2026-09-24,2026-09-24T09:52:38.365659-04:00,211.385,0.3203
TXN-20260924T13470898942,TXN,2026-09-24,2026-09-24T09:52:38.365659-04:00,268.3935,-0.4026
NFLX-20260924T13481339823,NFLX,2026-09-24,2026-09-24T09:52:38.365659-04:00,71.6343,0.0759
NXPI-20260924T13481343426,NXPI,2026-09-24,2026-09-24T09:52:38.365659-04:00,231.5703,-0.4427
ADSK-20260924T13501061856,ADSK,2026-09-24,2026-09-24T09:52:38.365659-04:00,213.48,-0.0468
MRNA-20260924T13501066045,MRNA,2026-09-24,2026-09-24T09:52:38.365659-04:00,182.63,-0.2022
FIVN-20260924T13502173097,FIVN,2026-09-24,2026-09-24T09:52:38.365659-04:00,36.8752,-0.1754
FSLY-20260924T13520734217,FSLY,2026-09-24,2026-09-24T09:52:38.365659-04:00,27.19,-0.1102
ROST-20260924T13521804070,ROST,2026-09-24,2026-09-24T09:52:38.365659-04:00,234.53,-0.1192
DRI-20260924T13420245654,DRI,2026-09-24,2026-09-24T09:52:48.851162-04:00,211.385,0.3203
TXN-20260924T13470898942,TXN,2026-09-24,2026-09-24T09:52:48.851162-04:00,268.205,-0.4725
NFLX-20260924T13481339823,NFLX,2026-09-24,2026-09-24T09:52:48.851162-04:00,71.67,0.1257
NXPI-20260924T13481343426,NXPI,2026-09-24,2026-09-24T09:52:48.851162-04:00,231.66,-0.4041
ADSK-20260924T13501061856,ADSK,2026-09-24,2026-09-24T09:52:48.851162-04:00,213.12,-0.2154
MRNA-20260924T13501066045,MRNA,2026-09-24,2026-09-24T09:52:48.851162-04:00,182.75,-0.1366
FIVN-20260924T13502173097,FIVN,2026-09-24,2026-09-24T09:52:48.851162-04:00,36.93,-0.0271
FSLY-20260924T13520734217,FSLY,2026-09-24,2026-09-24T09:52:48.851162-04:00,27.13,-0.3306
ROST-20260924T13521804070,ROST,2026-09-24,2026-09-24T09:52:48.851162-04:00,234.3872,-0.1801
DRI-20260924T13420245654,DRI,2026-09-24,2026-09-24T09:52:59.099863-04:00,211.385,0.3203
TXN-20260924T13470898942,TXN,2026-09-24,2026-09-24T09:52:59.099863-04:00,268.05,-0.53
NFLX-20260924T13481339823,NFLX,2026-09-24,2026-09-24T09:52:59.099863-04:00,71.705,0.1746
NXPI-20260924T13481343426,NXPI,2026-09-24,2026-09-24T09:52:59.099863-04:00,231.55,-0.4514
ADSK-20260924T13501061856,ADSK,2026-09-24,2026-09-24T09:52:59.099863-04:00,213.2708,-0.1448
MRNA-20260924T13501066045,MRNA,2026-09-24,2026-09-24T09:52:59.099863-04:00,182.74,-0.1421
FIVN-20260924T13502173097,FIVN,2026-09-24,2026-09-24T09:52:59.099863-04:00,36.94,0.0
FSLY-20260924T13520734217,FSLY,2026-09-24,2026-09-24T09:52:59.099863-04:00,27.0142,-0.7561
ROST-20260924T13521804070,ROST,2026-09-24,2026-09-24T09:52:59.099863-04:00,234.53,-0.1192
DRI-20260924T13420245654,DRI,2026-09-24,2026-09-24T09:53:09.313808-04:00,211.46,0.3559
TXN-20260924T13470898942,TXN,2026-09-24,2026-09-24T09:53:09.313808-04:00,268.19,-0.4781
NFLX-20260924T13481339823,NFLX,2026-09-24,2026-09-24T09:53:09.313808-04:00,71.6741,0.1315
NXPI-20260924T13481343426,NXPI,2026-09-24,2026-09-24T09:53:09.313808-04:00,231.55,-0.4514
ADSK-20260924T13501061856,ADSK,2026-09-24,2026-09-24T09:53:09.313808-04:00,213.2175,-0.1697
MRNA-20260924T13501066045,MRNA,2026-09-24,2026-09-24T09:53:09.313808-04:00,182.68,-0.1749
FIVN-20260924T13502173097,FIVN,2026-09-24,2026-09-24T09:53:09.313808-04:00,36.96,0.0541
FSLY-20260924T13520734217,FSLY,2026-09-24,2026-09-24T09:53:09.313808-04:00,27.04,-0.6613
ROST-20260924T13521804070,ROST,2026-09-24,2026-09-24T09:53:09.313808-04:00,234.535,-0.1171
DRI-20260924T13420245654,DRI,2026-09-24,2026-09-24T09:53:19.560685-04:00,211.46,0.3559
TXN-20260924T13470898942,TXN,2026-09-24,2026-09-24T09:53:19.560685-04:00,268.0,-0.5486
NFLX-20260924T13481339823,NFLX,2026-09-24,2026-09-24T09:53:19.560685-04:00,71.7042,0.1735
NXPI-20260924T13481343426,NXPI,2026-09-24,2026-09-24T09:53:19.560685-04:00,231.5421,-0.4548
ADSK-20260924T13501061856,ADSK,2026-09-24,2026-09-24T09:53:19.560685-04:00,213.21,-0.1732
MRNA-20260924T13501066045,MRNA,2026-09-24,2026-09-24T09:53:19.560685-04:00,182.62,-0.2077
FIVN-20260924T13502173097,FIVN,2026-09-24,2026-09-24T09:53:19.560685-04:00,36.9102,-0.0807
FSLY-20260924T13520734217,FSLY,2026-09-24,2026-09-24T09:53:19.560685-04:00,27.1195,-0.3692
ROST-20260924T13521804070,ROST,2026-09-24,2026-09-24T09:53:19.560685-04:00,234.75,-0.0256
DRI-20260924T13420245654,DRI,2026-09-24,2026-09-24T09:53:29.815927-04:00,211.46,0.3559
TXN-20260924T13470898942,TXN,2026-09-24,2026-09-24T09:53:29.815927-04:00,268.15,-0.4929
NFLX-20260924T13481339823,NFLX,2026-09-24,2026-09-24T09:53:29.815927-04:00,71.71,0.1816
NXPI-20260924T13481343426,NXPI,2026-09-24,2026-09-24T09:53:29.815927-04:00,231.1,-0.6449
ADSK-20260924T13501061856,ADSK,2026-09-24,2026-09-24T09:53:29.815927-04:00,213.345,-0.11
MRNA-20260924T13501066045,MRNA,2026-09-24,2026-09-24T09:53:29.815927-04:00,182.719,-0.1536
FIVN-20260924T13502173097,FIVN,2026-09-24,2026-09-24T09:53:29.815927-04:00,36.9216,-0.0498
FSLY-20260924T13520734217,FSLY,2026-09-24,2026-09-24T09:53:29.815927-04:00,27.16,-0.2204
ROST-20260924T13521804070,ROST,2026-09-24,2026-09-24T09:53:29.815927-04:00,234.83,0.0085
DRI-20260924T13420245654,DRI,2026-09-24,2026-09-24T09:53:40.048115-04:00,211.46,0.3559
TXN-20260924T13470898942,TXN,2026-09-24,2026-09-24T09:53:40.048115-04:00,268.3,-0.4373
NFLX-20260924T13481339823,NFLX,2026-09-24,2026-09-24T09:53:40.048115-04:00,71.73,0.2096
NXPI-20260924T13481343426,NXPI,2026-09-24,2026-09-24T09:53:40.048115-04:00,231.7891,-0.3486
ADSK-20260924T13501061856,ADSK,2026-09-24,2026-09-24T09:53:40.048115-04:00,213.445,-0.0632
MRNA-20260924T13501066045,MRNA,2026-09-24,2026-09-24T09:53:40.048115-04:00,182.6402,-0.1966
FIVN-20260924T13502173097,FIVN,2026-09-24,2026-09-24T09:53:40.048115-04:00,37.01,0.1895
FSLY-20260924T13520734217,FSLY,2026-09-24,2026-09-24T09:53:40.048115-04:00,27.125,-0.349
ROST-20260924T13521804070,ROST,2026-09-24,2026-09-24T09:53:40.048115-04:00,234.815,0.0021
DRI-20260924T13420245654,DRI,2026-09-24,2026-09-24T09:53:50.250748-04:00,211.46,0.3559
TXN-20260924T13470898942,TXN,2026-09-24,2026-09-24T09:53:50.250748-04:00,268.195,-0.4762
NFLX-20260924T13481339823,NFLX,2026-09-24,2026-09-24T09:53:50.250748-04:00,71.745,0.2305
NXPI-20260924T13481343426,NXPI,2026-09-24,2026-09-24T09:53:50.250748-04:00,231.355,-0.5353
ADSK-20260924T13501061856,ADSK,2026-09-24,2026-09-24T09:53:50.250748-04:00,213.2784,-0.1412
MRNA-20260924T13501066045,MRNA,2026-09-24,2026-09-24T09:53:50.250748-04:00,182.72,-0.153
FIVN-20260924T13502173097,FIVN,2026-09-24,2026-09-24T09:53:50.250748-04:00,37.05,0.2978
FSLY-20260924T13520734217,FSLY,2026-09-24,2026-09-24T09:53:50.250748-04:00,27.1139,-0.3898
ROST-20260924T13521804070,ROST,2026-09-24,2026-09-24T09:53:50.250748-04:00,234.825,0.0064
DRI-20260924T13420245654,DRI,2026-09-24,2026-09-24T09:54:00.482382-04:00,211.46,0.3559
TXN-20260924T13470898942,TXN,2026-09-24,2026-09-24T09:54:00.482382-04:00,268.215,-0.4688
NFLX-20260924T13481339823,NFLX,2026-09-24,2026-09-24T09:54:00.482382-04:00,71.76,0.2515
NXPI-20260924T13481343426,NXPI,2026-09-24,2026-09-24T09:54:00.482382-04:00,231.36,-0.5331
ADSK-20260924T13501061856,ADSK,2026-09-24,2026-09-24T09:54:00.482382-04:00,213.525,-0.0258
MRNA-20260924T13501066045,MRNA,2026-09-24,2026-09-24T09:54:00.482382-04:00,182.755,-0.1339
FIVN-20260924T13502173097,FIVN,2026-09-24,2026-09-24T09:54:00.482382-04:00,37.05,0.2978
FSLY-20260924T13520734217,FSLY,2026-09-24,2026-09-24T09:54:00.482382-04:00,27.2099,-0.0371
ROST-20260924T13521804070,ROST,2026-09-24,2026-09-24T09:54:00.482382-04:00,234.82,0.0043
DRI-20260924T13420245654,DRI,2026-09-24,2026-09-24T09:54:10.782586-04:00,211.46,0.3559
TXN-20260924T13470898942,TXN,2026-09-24,2026-09-24T09:54:10.782586-04:00,268.355,-0.4169
NFLX-20260924T13481339823,NFLX,2026-09-24,2026-09-24T09:54:10.782586-04:00,71.73,0.2096
NXPI-20260924T13481343426,NXPI,2026-09-24,2026-09-24T09:54:10.782586-04:00,231.57,-0.4428
ADSK-20260924T13501061856,ADSK,2026-09-24,2026-09-24T09:54:10.782586-04:00,213.51,-0.0328
MRNA-20260924T13501066045,MRNA,2026-09-24,2026-09-24T09:54:10.782586-04:00,183.2,0.1093
FIVN-20260924T13502173097,FIVN,2026-09-24,2026-09-24T09:54:10.782586-04:00,36.97,0.0812
FSLY-20260924T13520734217,FSLY,2026-09-24,2026-09-24T09:54:10.782586-04:00,27.26,0.147
ROST-20260924T13521804070,ROST,2026-09-24,2026-09-24T09:54:10.782586-04:00,234.93,0.0511
DRI-20260924T13420245654,DRI,2026-09-24,2026-09-24T09:54:20.936465-04:00,211.46,0.3559
TXN-20260924T13470898942,TXN,2026-09-24,2026-09-24T09:54:20.936465-04:00,268.41,-0.3964
NFLX-20260924T13481339823,NFLX,2026-09-24,2026-09-24T09:54:20.936465-04:00,71.7526,0.2411
NXPI-20260924T13481343426,NXPI,2026-09-24,2026-09-24T09:54:20.936465-04:00,231.7521,-0.3645
ADSK-20260924T13501061856,ADSK,2026-09-24,2026-09-24T09:54:20.936465-04:00,213.42,-0.0749
MRNA-20260924T13501066045,MRNA,2026-09-24,2026-09-24T09:54:20.936465-04:00,183.4122,0.2252
FIVN-20260924T13502173097,FIVN,2026-09-24,2026-09-24T09:54:20.936465-04:00,36.9675,0.0744
FSLY-20260924T13520734217,FSLY,2026-09-24,2026-09-24T09:54:20.936465-04:00,27.25,0.1102
ROST-20260924T13521804070,ROST,2026-09-24,2026-09-24T09:54:20.936465-04:00,234.865,0.0234
DRI-20260924T13420245654,DRI,2026-09-24,2026-09-24T09:54:31.084929-04:00,211.46,0.3559
TXN-20260924T13470898942,TXN,2026-09-24,2026-09-24T09:54:31.084929-04:00,268.2,-0.4744
NFLX-20260924T13481339823,NFLX,2026-09-24,2026-09-24T09:54:31.084929-04:00,71.6944,0.1598
NXPI-20260924T13481343426,NXPI,2026-09-24,2026-09-24T09:54:31.084929-04:00,231.65,-0.4084
ADSK-20260924T13501061856,ADSK,2026-09-24,2026-09-24T09:54:31.084929-04:00,213.525,-0.0258
MRNA-20260924T13501066045,MRNA,2026-09-24,2026-09-24T09:54:31.084929-04:00,183.37,0.2022
FIVN-20260924T13502173097,FIVN,2026-09-24,2026-09-24T09:54:31.084929-04:00,36.9165,-0.0636
FSLY-20260924T13520734217,FSLY,2026-09-24,2026-09-24T09:54:31.084929-04:00,27.24,0.0735
ROST-20260924T13521804070,ROST,2026-09-24,2026-09-24T09:54:31.084929-04:00,234.87,0.0256
DRI-20260924T13420245654,DRI,2026-09-24,2026-09-24T09:54:41.244561-04:00,211.46,0.3559
TXN-20260924T13470898942,TXN,2026-09-24,2026-09-24T09:54:41.244561-04:00,268.23,-0.4632
NFLX-20260924T13481339823,NFLX,2026-09-24,2026-09-24T09:54:41.244561-04:00,71.8043,0.3134
NXPI-20260924T13481343426,NXPI,2026-09-24,2026-09-24T09:54:41.244561-04:00,231.42,-0.5073
ADSK-20260924T13501061856,ADSK,2026-09-24,2026-09-24T09:54:41.244561-04:00,213.83,0.1171
MRNA-20260924T13501066045,MRNA,2026-09-24,2026-09-24T09:54:41.244561-04:00,183.4,0.2186
FIVN-20260924T13502173097,FIVN,2026-09-24,2026-09-24T09:54:41.244561-04:00,37.11,0.4602
FSLY-20260924T13520734217,FSLY,2026-09-24,2026-09-24T09:54:41.244561-04:00,27.28,0.2204
ROST-20260924T13521804070,ROST,2026-09-24,2026-09-24T09:54:41.244561-04:00,234.87,0.0256
DRI-20260924T13420245654,DRI,2026-09-24,2026-09-24T09:54:51.429341-04:00,211.46,0.3559
TXN-20260924T13470898942,TXN,2026-09-24,2026-09-24T09:54:51.429341-04:00,268.2967,-0.4385
NFLX-20260924T13481339823,NFLX,2026-09-24,2026-09-24T09:54:51.429341-04:00,71.78,0.2794
NXPI-20260924T13481343426,NXPI,2026-09-24,2026-09-24T09:54:51.429341-04:00,231.69,-0.3912
ADSK-20260924T13501061856,ADSK,2026-09-24,2026-09-24T09:54:51.429341-04:00,213.875,0.1381
MRNA-20260924T13501066045,MRNA,2026-09-24,2026-09-24T09:54:51.429341-04:00,183.47,0.2568
FIVN-20260924T13502173097,FIVN,2026-09-24,2026-09-24T09:54:51.429341-04:00,37.0947,0.4188
FSLY-20260924T13520734217,FSLY,2026-09-24,2026-09-24T09:54:51.429341-04:00,27.25,0.1102
ROST-20260924T13521804070,ROST,2026-09-24,2026-09-24T09:54:51.429341-04:00,234.74,-0.0298
DRI-20260924T13420245654,DRI,2026-09-24,2026-09-24T09:55:01.606805-04:00,211.44,0.3464
TXN-20260924T13470898942,TXN,2026-09-24,2026-09-24T09:55:01.606805-04:00,268.515,-0.3575
NFLX-20260924T13481339823,NFLX,2026-09-24,2026-09-24T09:55:01.606805-04:00,71.7995,0.3066
NXPI-20260924T13481343426,NXPI,2026-09-24,2026-09-24T09:55:01.606805-04:00,231.96,-0.2752
ADSK-20260924T13501061856,ADSK,2026-09-24,2026-09-24T09:55:01.606805-04:00,213.748,0.0787
MRNA-20260924T13501066045,MRNA,2026-09-24,2026-09-24T09:55:01.606805-04:00,183.67,0.3661
FIVN-20260924T13502173097,FIVN,2026-09-24,2026-09-24T09:55:01.606805-04:00,36.9364,-0.0097
FSLY-20260924T13520734217,FSLY,2026-09-24,2026-09-24T09:55:01.606805-04:00,27.24,0.0735
ROST-20260924T13521804070,ROST,2026-09-24,2026-09-24T09:55:01.606805-04:00,234.811,0.0004
DRI-20260924T13420245654,DRI,2026-09-24,2026-09-24T09:55:11.857810-04:00,211.44,0.3464
TXN-20260924T13470898942,TXN,2026-09-24,2026-09-24T09:55:11.857810-04:00,268.55,-0.3445
NFLX-20260924T13481339823,NFLX,2026-09-24,2026-09-24T09:55:11.857810-04:00,71.7986,0.3054
NXPI-20260924T13481343426,NXPI,2026-09-24,2026-09-24T09:55:11.857810-04:00,231.7426,-0.3686
ADSK-20260924T13501061856,ADSK,2026-09-24,2026-09-24T09:55:11.857810-04:00,213.8575,0.1299
MRNA-20260924T13501066045,MRNA,2026-09-24,2026-09-24T09:55:11.857810-04:00,184.33,0.7268
FIVN-20260924T13502173097,FIVN,2026-09-24,2026-09-24T09:55:11.857810-04:00,37.11,0.4602
FSLY-20260924T13520734217,FSLY,2026-09-24,2026-09-24T09:55:11.857810-04:00,27.245,0.0918
ROST-20260924T13521804070,ROST,2026-09-24,2026-09-24T09:55:11.857810-04:00,234.715,-0.0405
DRI-20260924T13420245654,DRI,2026-09-24,2026-09-24T09:55:22.257811-04:00,211.44,0.3464
NFLX-20260924T13481339823,NFLX,2026-09-24,2026-09-24T09:55:22.257811-04:00,71.74,0.2235
NXPI-20260924T13481343426,NXPI,2026-09-24,2026-09-24T09:55:22.257811-04:00,231.98,-0.2666
ADSK-20260924T13501061856,ADSK,2026-09-24,2026-09-24T09:55:22.257811-04:00,213.89,0.1451
MRNA-20260924T13501066045,MRNA,2026-09-24,2026-09-24T09:55:22.257811-04:00,184.7367,0.949
FIVN-20260924T13502173097,FIVN,2026-09-24,2026-09-24T09:55:22.257811-04:00,37.2,0.7038
FSLY-20260924T13520734217,FSLY,2026-09-24,2026-09-24T09:55:22.257811-04:00,27.355,0.496
ROST-20260924T13521804070,ROST,2026-09-24,2026-09-24T09:55:22.257811-04:00,234.8057,-0.0018
DRI-20260924T13420245654,DRI,2026-09-24,2026-09-24T09:55:32.697921-04:00,211.44,0.3464
NFLX-20260924T13481339823,NFLX,2026-09-24,2026-09-24T09:55:32.697921-04:00,71.74,0.2235
NXPI-20260924T13481343426,NXPI,2026-09-24,2026-09-24T09:55:32.697921-04:00,231.85,-0.3224
ADSK-20260924T13501061856,ADSK,2026-09-24,2026-09-24T09:55:32.697921-04:00,214.14,0.2622
MRNA-20260924T13501066045,MRNA,2026-09-24,2026-09-24T09:55:32.697921-04:00,184.765,0.9645
FIVN-20260924T13502173097,FIVN,2026-09-24,2026-09-24T09:55:32.697921-04:00,37.1246,0.4997
FSLY-20260924T13520734217,FSLY,2026-09-24,2026-09-24T09:55:32.697921-04:00,27.3871,0.6139
ROST-20260924T13521804070,ROST,2026-09-24,2026-09-24T09:55:32.697921-04:00,234.73,-0.0341
DRI-20260924T13420245654,DRI,2026-09-24,2026-09-24T09:55:42.887765-04:00,211.44,0.3464
NFLX-20260924T13481339823,NFLX,2026-09-24,2026-09-24T09:55:42.887765-04:00,71.75,0.2375
NXPI-20260924T13481343426,NXPI,2026-09-24,2026-09-24T09:55:42.887765-04:00,231.9685,-0.2715
ADSK-20260924T13501061856,ADSK,2026-09-24,2026-09-24T09:55:42.887765-04:00,214.06,0.2247
MRNA-20260924T13501066045,MRNA,2026-09-24,2026-09-24T09:55:42.887765-04:00,185.2186,1.2123
FIVN-20260924T13502173097,FIVN,2026-09-24,2026-09-24T09:55:42.887765-04:00,37.1443,0.5531
FSLY-20260924T13520734217,FSLY,2026-09-24,2026-09-24T09:55:42.887765-04:00,27.5001,1.029
ROST-20260924T13521804070,ROST,2026-09-24,2026-09-24T09:55:42.887765-04:00,234.8115,0.0006
DRI-20260924T13420245654,DRI,2026-09-24,2026-09-24T09:55:53.063002-04:00,211.44,0.3464
NFLX-20260924T13481339823,NFLX,2026-09-24,2026-09-24T09:55:53.063002-04:00,71.7401,0.2237
NXPI-20260924T13481343426,NXPI,2026-09-24,2026-09-24T09:55:53.063002-04:00,231.9479,-0.2804
ADSK-20260924T13501061856,ADSK,2026-09-24,2026-09-24T09:55:53.063002-04:00,214.04,0.2154
MRNA-20260924T13501066045,MRNA,2026-09-24,2026-09-24T09:55:53.063002-04:00,185.1,1.1475
FIVN-20260924T13502173097,FIVN,2026-09-24,2026-09-24T09:55:53.063002-04:00,37.2,0.7038
FSLY-20260924T13520734217,FSLY,2026-09-24,2026-09-24T09:55:53.063002-04:00,27.6618,1.6231
ROST-20260924T13521804070,ROST,2026-09-24,2026-09-24T09:55:53.063002-04:00,234.725,-0.0362
DRI-20260924T13420245654,DRI,2026-09-24,2026-09-24T09:56:03.238105-04:00,211.44,0.3464
NFLX-20260924T13481339823,NFLX,2026-09-24,2026-09-24T09:56:03.238105-04:00,71.745,0.2305
NXPI-20260924T13481343426,NXPI,2026-09-24,2026-09-24T09:56:03.238105-04:00,231.69,-0.3912
ADSK-20260924T13501061856,ADSK,2026-09-24,2026-09-24T09:56:03.238105-04:00,213.94,0.1686
MRNA-20260924T13501066045,MRNA,2026-09-24,2026-09-24T09:56:03.238105-04:00,185.18,1.1913
FIVN-20260924T13502173097,FIVN,2026-09-24,2026-09-24T09:56:03.238105-04:00,37.25,0.8392
FSLY-20260924T13520734217,FSLY,2026-09-24,2026-09-24T09:56:03.238105-04:00,27.675,1.6716
ROST-20260924T13521804070,ROST,2026-09-24,2026-09-24T09:56:03.238105-04:00,234.46,-0.1491
DRI-20260924T13420245654,DRI,2026-09-24,2026-09-24T09:56:13.818579-04:00,211.44,0.3464
NFLX-20260924T13481339823,NFLX,2026-09-24,2026-09-24T09:56:13.818579-04:00,71.754,0.2431
NXPI-20260924T13481343426,NXPI,2026-09-24,2026-09-24T09:56:13.818579-04:00,231.6352,-0.4148
ADSK-20260924T13501061856,ADSK,2026-09-24,2026-09-24T09:56:13.818579-04:00,214.04,0.2154
MRNA-20260924T13501066045,MRNA,2026-09-24,2026-09-24T09:56:13.818579-04:00,185.11,1.153
FIVN-20260924T13502173097,FIVN,2026-09-24,2026-09-24T09:56:13.818579-04:00,36.997,0.1543
ROST-20260924T13521804070,ROST,2026-09-24,2026-09-24T09:56:13.818579-04:00,234.725,-0.0362
DRI-20260924T13420245654,DRI,2026-09-24,2026-09-24T09:56:24.114632-04:00,211.44,0.3464
NFLX-20260924T13481339823,NFLX,2026-09-24,2026-09-24T09:56:24.114632-04:00,71.7,0.1676
NXPI-20260924T13481343426,NXPI,2026-09-24,2026-09-24T09:56:24.114632-04:00,231.77,-0.3568
ADSK-20260924T13501061856,ADSK,2026-09-24,2026-09-24T09:56:24.114632-04:00,213.91,0.1545
MRNA-20260924T13501066045,MRNA,2026-09-24,2026-09-24T09:56:24.114632-04:00,185.26,1.235
FIVN-20260924T13502173097,FIVN,2026-09-24,2026-09-24T09:56:24.114632-04:00,37.14,0.5414
ROST-20260924T13521804070,ROST,2026-09-24,2026-09-24T09:56:24.114632-04:00,234.594,-0.092
DRI-20260924T13420245654,DRI,2026-09-24,2026-09-24T09:56:34.344322-04:00,211.44,0.3464
NFLX-20260924T13481339823,NFLX,2026-09-24,2026-09-24T09:56:34.344322-04:00,71.68,0.1397
NXPI-20260924T13481343426,NXPI,2026-09-24,2026-09-24T09:56:34.344322-04:00,231.67,-0.3998
ADSK-20260924T13501061856,ADSK,2026-09-24,2026-09-24T09:56:34.344322-04:00,213.915,0.1568
MRNA-20260924T13501066045,MRNA,2026-09-24,2026-09-24T09:56:34.344322-04:00,185.22,1.2131
FIVN-20260924T13502173097,FIVN,2026-09-24,2026-09-24T09:56:34.344322-04:00,36.98,0.1083
ROST-20260924T13521804070,ROST,2026-09-24,2026-09-24T09:56:34.344322-04:00,234.925,0.049
DRI-20260924T13420245654,DRI,2026-09-24,2026-09-24T09:56:44.664451-04:00,211.44,0.3464
NFLX-20260924T13481339823,NFLX,2026-09-24,2026-09-24T09:56:44.664451-04:00,71.7258,0.2037
NXPI-20260924T13481343426,NXPI,2026-09-24,2026-09-24T09:56:44.664451-04:00,231.5906,-0.434
ADSK-20260924T13501061856,ADSK,2026-09-24,2026-09-24T09:56:44.664451-04:00,214.0405,0.2156
MRNA-20260924T13501066045,MRNA,2026-09-24,2026-09-24T09:56:44.664451-04:00,184.73,0.9454
FIVN-20260924T13502173097,FIVN,2026-09-24,2026-09-24T09:56:44.664451-04:00,37.0,0.1624
ROST-20260924T13521804070,ROST,2026-09-24,2026-09-24T09:56:44.664451-04:00,234.97,0.0681
DRI-20260924T13420245654,DRI,2026-09-24,2026-09-24T09:56:54.904425-04:00,211.44,0.3464
NFLX-20260924T13481339823,NFLX,2026-09-24,2026-09-24T09:56:54.904425-04:00,71.7558,0.2456
NXPI-20260924T13481343426,NXPI,2026-09-24,2026-09-24T09:56:54.904425-04:00,232.0004,-0.2578
ADSK-20260924T13501061856,ADSK,2026-09-24,2026-09-24T09:56:54.904425-04:00,213.915,0.1568
MRNA-20260924T13501066045,MRNA,2026-09-24,2026-09-24T09:56:54.904425-04:00,184.65,0.9016
FIVN-20260924T13502173097,FIVN,2026-09-24,2026-09-24T09:56:54.904425-04:00,37.0152,0.2036
ROST-20260924T13521804070,ROST,2026-09-24,2026-09-24T09:56:54.904425-04:00,235.21,0.1704
DRI-20260924T13420245654,DRI,2026-09-24,2026-09-24T09:57:05.151831-04:00,211.44,0.3464
NFLX-20260924T13481339823,NFLX,2026-09-24,2026-09-24T09:57:05.151831-04:00,71.7759,0.2737
NXPI-20260924T13481343426,NXPI,2026-09-24,2026-09-24T09:57:05.151831-04:00,231.8917,-0.3045
ADSK-20260924T13501061856,ADSK,2026-09-24,2026-09-24T09:57:05.151831-04:00,214.02,0.206
MRNA-20260924T13501066045,MRNA,2026-09-24,2026-09-24T09:57:05.151831-04:00,184.48,0.8087
FIVN-20260924T13502173097,FIVN,2026-09-24,2026-09-24T09:57:05.151831-04:00,37.0,0.1624
ROST-20260924T13521804070,ROST,2026-09-24,2026-09-24T09:57:05.151831-04:00,234.902,0.0392
DRI-20260924T13420245654,DRI,2026-09-24,2026-09-24T09:57:15.541145-04:00,211.44,0.3464
NFLX-20260924T13481339823,NFLX,2026-09-24,2026-09-24T09:57:15.541145-04:00,71.79,0.2934
ADSK-20260924T13501061856,ADSK,2026-09-24,2026-09-24T09:57:15.541145-04:00,214.13,0.2575
MRNA-20260924T13501066045,MRNA,2026-09-24,2026-09-24T09:57:15.541145-04:00,184.1128,0.6081
FIVN-20260924T13502173097,FIVN,2026-09-24,2026-09-24T09:57:15.541145-04:00,37.0,0.1624
ROST-20260924T13521804070,ROST,2026-09-24,2026-09-24T09:57:15.541145-04:00,235.155,0.1469
DRI-20260924T13420245654,DRI,2026-09-24,2026-09-24T09:57:25.801962-04:00,211.44,0.3464
NFLX-20260924T13481339823,NFLX,2026-09-24,2026-09-24T09:57:25.801962-04:00,71.79,0.2934
ADSK-20260924T13501061856,ADSK,2026-09-24,2026-09-24T09:57:25.801962-04:00,214.19,0.2856
MRNA-20260924T13501066045,MRNA,2026-09-24,2026-09-24T09:57:25.801962-04:00,184.4,0.765
FIVN-20260924T13502173097,FIVN,2026-09-24,2026-09-24T09:57:25.801962-04:00,37.0302,0.2442
ROST-20260924T13521804070,ROST,2026-09-24,2026-09-24T09:57:25.801962-04:00,234.9968,0.0796
DRI-20260924T13420245654,DRI,2026-09-24,2026-09-24T09:57:35.933061-04:00,211.44,0.3464
NFLX-20260924T13481339823,NFLX,2026-09-24,2026-09-24T09:57:35.933061-04:00,71.76,0.2515
ADSK-20260924T13501061856,ADSK,2026-09-24,2026-09-24T09:57:35.933061-04:00,214.315,0.3441
MRNA-20260924T13501066045,MRNA,2026-09-24,2026-09-24T09:57:35.933061-04:00,184.545,0.8443
FIVN-20260924T13502173097,FIVN,2026-09-24,2026-09-24T09:57:35.933061-04:00,37.14,0.5414
ROST-20260924T13521804070,ROST,2026-09-24,2026-09-24T09:57:35.933061-04:00,235.135,0.1384
DRI-20260924T13420245654,DRI,2026-09-24,2026-09-24T09:57:46.076877-04:00,211.44,0.3464
NFLX-20260924T13481339823,NFLX,2026-09-24,2026-09-24T09:57:46.076877-04:00,71.7301,0.2097
ADSK-20260924T13501061856,ADSK,2026-09-24,2026-09-24T09:57:46.076877-04:00,214.3,0.3371
MRNA-20260924T13501066045,MRNA,2026-09-24,2026-09-24T09:57:46.076877-04:00,184.3705,0.7489
FIVN-20260924T13502173097,FIVN,2026-09-24,2026-09-24T09:57:46.076877-04:00,37.08,0.379
ROST-20260924T13521804070,ROST,2026-09-24,2026-09-24T09:57:46.076877-04:00,235.155,0.1469
DRI-20260924T13420245654,DRI,2026-09-24,2026-09-24T09:57:56.273533-04:00,211.44,0.3464
NFLX-20260924T13481339823,NFLX,2026-09-24,2026-09-24T09:57:56.273533-04:00,71.7633,0.2561
ADSK-20260924T13501061856,ADSK,2026-09-24,2026-09-24T09:57:56.273533-04:00,214.3,0.3371
MRNA-20260924T13501066045,MRNA,2026-09-24,2026-09-24T09:57:56.273533-04:00,184.66,0.9071
FIVN-20260924T13502173097,FIVN,2026-09-24,2026-09-24T09:57:56.273533-04:00,37.0957,0.4215
ROST-20260924T13521804070,ROST,2026-09-24,2026-09-24T09:57:56.273533-04:00,235.155,0.1469
DRI-20260924T13420245654,DRI,2026-09-24,2026-09-24T09:58:06.410091-04:00,211.195,0.2302
NFLX-20260924T13481339823,NFLX,2026-09-24,2026-09-24T09:58:06.410091-04:00,71.76,0.2515
ADSK-20260924T13501061856,ADSK,2026-09-24,2026-09-24T09:58:06.410091-04:00,214.2,0.2903
MRNA-20260924T13501066045,MRNA,2026-09-24,2026-09-24T09:58:06.410091-04:00,184.79,0.9781
FIVN-20260924T13502173097,FIVN,2026-09-24,2026-09-24T09:58:06.410091-04:00,37.065,0.3384
ROST-20260924T13521804070,ROST,2026-09-24,2026-09-24T09:58:06.410091-04:00,235.0092,0.0848
DRI-20260924T13420245654,DRI,2026-09-24,2026-09-24T09:58:16.607993-04:00,211.195,0.2302
NFLX-20260924T13481339823,NFLX,2026-09-24,2026-09-24T09:58:16.607993-04:00,71.758,0.2487
ADSK-20260924T13501061856,ADSK,2026-09-24,2026-09-24T09:58:16.607993-04:00,214.3,0.3371
MRNA-20260924T13501066045,MRNA,2026-09-24,2026-09-24T09:58:16.607993-04:00,184.7954,0.9811
FIVN-20260924T13502173097,FIVN,2026-09-24,2026-09-24T09:58:16.607993-04:00,37.0579,0.3192
ROST-20260924T13521804070,ROST,2026-09-24,2026-09-24T09:58:16.607993-04:00,235.13,0.1363
DRI-20260924T13420245654,DRI,2026-09-24,2026-09-24T09:58:26.766860-04:00,211.195,0.2302
NFLX-20260924T13481339823,NFLX,2026-09-24,2026-09-24T09:58:26.766860-04:00,71.7551,0.2446
ADSK-20260924T13501061856,ADSK,2026-09-24,2026-09-24T09:58:26.766860-04:00,214.305,0.3395
MRNA-20260924T13501066045,MRNA,2026-09-24,2026-09-24T09:58:26.766860-04:00,184.97,1.0765
FIVN-20260924T13502173097,FIVN,2026-09-24,2026-09-24T09:58:26.766860-04:00,37.06,0.3249
ROST-20260924T13521804070,ROST,2026-09-24,2026-09-24T09:58:26.766860-04:00,235.14,0.1405
DRI-20260924T13420245654,DRI,2026-09-24,2026-09-24T09:58:36.943360-04:00,211.195,0.2302
NFLX-20260924T13481339823,NFLX,2026-09-24,2026-09-24T09:58:36.943360-04:00,71.7381,0.2209
ADSK-20260924T13501061856,ADSK,2026-09-24,2026-09-24T09:58:36.943360-04:00,214.01,0.2013
MRNA-20260924T13501066045,MRNA,2026-09-24,2026-09-24T09:58:36.943360-04:00,184.7866,0.9763
FIVN-20260924T13502173097,FIVN,2026-09-24,2026-09-24T09:58:36.943360-04:00,37.07,0.3519
ROST-20260924T13521804070,ROST,2026-09-24,2026-09-24T09:58:36.943360-04:00,235.3688,0.238
DRI-20260924T13420245654,DRI,2026-09-24,2026-09-24T09:58:47.106373-04:00,211.195,0.2302
NFLX-20260924T13481339823,NFLX,2026-09-24,2026-09-24T09:58:47.106373-04:00,71.7,0.1676
ADSK-20260924T13501061856,ADSK,2026-09-24,2026-09-24T09:58:47.106373-04:00,214.03,0.2107
MRNA-20260924T13501066045,MRNA,2026-09-24,2026-09-24T09:58:47.106373-04:00,184.82,0.9945
FIVN-20260924T13502173097,FIVN,2026-09-24,2026-09-24T09:58:47.106373-04:00,37.065,0.3384
ROST-20260924T13521804070,ROST,2026-09-24,2026-09-24T09:58:47.106373-04:00,235.09,0.1192
DRI-20260924T13420245654,DRI,2026-09-24,2026-09-24T09:58:57.239141-04:00,211.195,0.2302
NFLX-20260924T13481339823,NFLX,2026-09-24,2026-09-24T09:58:57.239141-04:00,71.7123,0.1848
ADSK-20260924T13501061856,ADSK,2026-09-24,2026-09-24T09:58:57.239141-04:00,214.045,0.2177
MRNA-20260924T13501066045,MRNA,2026-09-24,2026-09-24T09:58:57.239141-04:00,185.005,1.0956
FIVN-20260924T13502173097,FIVN,2026-09-24,2026-09-24T09:58:57.239141-04:00,37.15,0.5685
ROST-20260924T13521804070,ROST,2026-09-24,2026-09-24T09:58:57.239141-04:00,235.14,0.1405
DRI-20260924T13420245654,DRI,2026-09-24,2026-09-24T09:59:07.402627-04:00,211.195,0.2302
NFLX-20260924T13481339823,NFLX,2026-09-24,2026-09-24T09:59:07.402627-04:00,71.72,0.1956
ADSK-20260924T13501061856,ADSK,2026-09-24,2026-09-24T09:59:07.402627-04:00,214.1323,0.2586
MRNA-20260924T13501066045,MRNA,2026-09-24,2026-09-24T09:59:07.402627-04:00,184.485,0.8115
FIVN-20260924T13502173097,FIVN,2026-09-24,2026-09-24T09:59:07.402627-04:00,37.0916,0.4104
ROST-20260924T13521804070,ROST,2026-09-24,2026-09-24T09:59:07.402627-04:00,235.127,0.135
DRI-20260924T13420245654,DRI,2026-09-24,2026-09-24T09:59:17.570262-04:00,211.195,0.2302
NFLX-20260924T13481339823,NFLX,2026-09-24,2026-09-24T09:59:17.570262-04:00,71.75,0.2375
ADSK-20260924T13501061856,ADSK,2026-09-24,2026-09-24T09:59:17.570262-04:00,214.1,0.2435
MRNA-20260924T13501066045,MRNA,2026-09-24,2026-09-24T09:59:17.570262-04:00,184.36,0.7432
FIVN-20260924T13502173097,FIVN,2026-09-24,2026-09-24T09:59:17.570262-04:00,36.99,0.1354
ROST-20260924T13521804070,ROST,2026-09-24,2026-09-24T09:59:17.570262-04:00,235.125,0.1342
DRI-20260924T13420245654,DRI,2026-09-24,2026-09-24T09:59:27.730879-04:00,211.195,0.2302
NFLX-20260924T13481339823,NFLX,2026-09-24,2026-09-24T09:59:27.730879-04:00,71.74,0.2235
ADSK-20260924T13501061856,ADSK,2026-09-24,2026-09-24T09:59:27.730879-04:00,214.1,0.2435
MRNA-20260924T13501066045,MRNA,2026-09-24,2026-09-24T09:59:27.730879-04:00,184.35,0.7377
FIVN-20260924T13502173097,FIVN,2026-09-24,2026-09-24T09:59:27.730879-04:00,37.0,0.1624
ROST-20260924T13521804070,ROST,2026-09-24,2026-09-24T09:59:27.730879-04:00,235.12,0.132
DRI-20260924T13420245654,DRI,2026-09-24,2026-09-24T09:59:37.873242-04:00,211.195,0.2302
NFLX-20260924T13481339823,NFLX,2026-09-24,2026-09-24T09:59:37.873242-04:00,71.72,0.1956
ADSK-20260924T13501061856,ADSK,2026-09-24,2026-09-24T09:59:37.873242-04:00,214.2,0.2903
MRNA-20260924T13501066045,MRNA,2026-09-24,2026-09-24T09:59:37.873242-04:00,184.6697,0.9124
FIVN-20260924T13502173097,FIVN,2026-09-24,2026-09-24T09:59:37.873242-04:00,36.95,0.0271
ROST-20260924T13521804070,ROST,2026-09-24,2026-09-24T09:59:37.873242-04:00,235.1175,0.131
DRI-20260924T13420245654,DRI,2026-09-24,2026-09-24T09:59:48.017646-04:00,211.195,0.2302
NFLX-20260924T13481339823,NFLX,2026-09-24,2026-09-24T09:59:48.017646-04:00,71.67,0.1257
ADSK-20260924T13501061856,ADSK,2026-09-24,2026-09-24T09:59:48.017646-04:00,214.2,0.2903
MRNA-20260924T13501066045,MRNA,2026-09-24,2026-09-24T09:59:48.017646-04:00,184.685,0.9208
FIVN-20260924T13502173097,FIVN,2026-09-24,2026-09-24T09:59:48.017646-04:00,37.0,0.1624
ROST-20260924T13521804070,ROST,2026-09-24,2026-09-24T09:59:48.017646-04:00,235.125,0.1342
DRI-20260924T13420245654,DRI,2026-09-24,2026-09-24T09:59:58.159699-04:00,211.195,0.2302
NFLX-20260924T13481339823,NFLX,2026-09-24,2026-09-24T09:59:58.159699-04:00,71.6858,0.1478
ADSK-20260924T13501061856,ADSK,2026-09-24,2026-09-24T09:59:58.159699-04:00,214.1408,0.2626
MRNA-20260924T13501066045,MRNA,2026-09-24,2026-09-24T09:59:58.159699-04:00,184.9826,1.0834
FIVN-20260924T13502173097,FIVN,2026-09-24,2026-09-24T09:59:58.159699-04:00,36.96,0.0541
ROST-20260924T13521804070,ROST,2026-09-24,2026-09-24T09:59:58.159699-04:00,235.125,0.1342
DRI-20260924T13420245654,DRI,2026-09-24,2026-09-24T10:00:08.295618-04:00,211.86,0.5458
NFLX-20260924T13481339823,NFLX,2026-09-24,2026-09-24T10:00:08.295618-04:00,71.63,0.0699
ADSK-20260924T13501061856,ADSK,2026-09-24,2026-09-24T10:00:08.295618-04:00,214.21,0.295
MRNA-20260924T13501066045,MRNA,2026-09-24,2026-09-24T10:00:08.295618-04:00,185.015,1.1011
FIVN-20260924T13502173097,FIVN,2026-09-24,2026-09-24T10:00:08.295618-04:00,36.96,0.0541
ROST-20260924T13521804070,ROST,2026-09-24,2026-09-24T10:00:08.295618-04:00,235.13,0.1363
DRI-20260924T13420245654,DRI,2026-09-24,2026-09-24T10:00:18.486519-04:00,211.86,0.5458
NFLX-20260924T13481339823,NFLX,2026-09-24,2026-09-24T10:00:18.486519-04:00,71.6458,0.0919
ADSK-20260924T13501061856,ADSK,2026-09-24,2026-09-24T10:00:18.486519-04:00,214.36,0.3652
MRNA-20260924T13501066045,MRNA,2026-09-24,2026-09-24T10:00:18.486519-04:00,185.3662,1.293
FIVN-20260924T13502173097,FIVN,2026-09-24,2026-09-24T10:00:18.486519-04:00,36.74,-0.5414
ROST-20260924T13521804070,ROST,2026-09-24,2026-09-24T10:00:18.486519-04:00,235.135,0.1384
DRI-20260924T13420245654,DRI,2026-09-24,2026-09-24T10:00:28.736827-04:00,211.86,0.5458
NFLX-20260924T13481339823,NFLX,2026-09-24,2026-09-24T10:00:28.736827-04:00,71.61,0.0419
ADSK-20260924T13501061856,ADSK,2026-09-24,2026-09-24T10:00:28.736827-04:00,214.22,0.2997
MRNA-20260924T13501066045,MRNA,2026-09-24,2026-09-24T10:00:28.736827-04:00,185.505,1.3689
FIVN-20260924T13502173097,FIVN,2026-09-24,2026-09-24T10:00:28.736827-04:00,36.815,-0.3384
ROST-20260924T13521804070,ROST,2026-09-24,2026-09-24T10:00:28.736827-04:00,235.1525,0.1459
DRI-20260924T13420245654,DRI,2026-09-24,2026-09-24T10:00:39.063037-04:00,211.86,0.5458
NFLX-20260924T13481339823,NFLX,2026-09-24,2026-09-24T10:00:39.063037-04:00,71.58,0.0
ADSK-20260924T13501061856,ADSK,2026-09-24,2026-09-24T10:00:39.063037-04:00,214.39,0.3792
MRNA-20260924T13501066045,MRNA,2026-09-24,2026-09-24T10:00:39.063037-04:00,185.01,1.0984
FIVN-20260924T13502173097,FIVN,2026-09-24,2026-09-24T10:00:39.063037-04:00,36.9811,0.1113
ROST-20260924T13521804070,ROST,2026-09-24,2026-09-24T10:00:39.063037-04:00,235.135,0.1384
DRI-20260924T13420245654,DRI,2026-09-24,2026-09-24T10:00:49.217132-04:00,211.86,0.5458
NFLX-20260924T13481339823,NFLX,2026-09-24,2026-09-24T10:00:49.217132-04:00,71.622,0.0587
ADSK-20260924T13501061856,ADSK,2026-09-24,2026-09-24T10:00:49.217132-04:00,214.15,0.2669
MRNA-20260924T13501066045,MRNA,2026-09-24,2026-09-24T10:00:49.217132-04:00,184.56,0.8525
FIVN-20260924T13502173097,FIVN,2026-09-24,2026-09-24T10:00:49.217132-04:00,36.9811,0.1113
ROST-20260924T13521804070,ROST,2026-09-24,2026-09-24T10:00:49.217132-04:00,235.135,0.1384
DRI-20260924T13420245654,DRI,2026-09-24,2026-09-24T10:00:59.376529-04:00,211.86,0.5458
NFLX-20260924T13481339823,NFLX,2026-09-24,2026-09-24T10:00:59.376529-04:00,71.565,-0.021
ADSK-20260924T13501061856,ADSK,2026-09-24,2026-09-24T10:00:59.376529-04:00,214.02,0.206
MRNA-20260924T13501066045,MRNA,2026-09-24,2026-09-24T10:00:59.376529-04:00,184.605,0.877
FIVN-20260924T13502173097,FIVN,2026-09-24,2026-09-24T10:00:59.376529-04:00,36.9476,0.0206
ROST-20260924T13521804070,ROST,2026-09-24,2026-09-24T10:00:59.376529-04:00,235.135,0.1384
DRI-20260924T13420245654,DRI,2026-09-24,2026-09-24T10:01:09.525606-04:00,211.81,0.522
NFLX-20260924T13481339823,NFLX,2026-09-24,2026-09-24T10:01:09.525606-04:00,71.535,-0.0629
ADSK-20260924T13501061856,ADSK,2026-09-24,2026-09-24T10:01:09.525606-04:00,214.106,0.2463
MRNA-20260924T13501066045,MRNA,2026-09-24,2026-09-24T10:01:09.525606-04:00,184.5,0.8197
FIVN-20260924T13502173097,FIVN,2026-09-24,2026-09-24T10:01:09.525606-04:00,36.786,-0.4169
ROST-20260924T13521804070,ROST,2026-09-24,2026-09-24T10:01:09.525606-04:00,235.14,0.1405
DRI-20260924T13420245654,DRI,2026-09-24,2026-09-24T10:01:19.850627-04:00,211.81,0.522
NFLX-20260924T13481339823,NFLX,2026-09-24,2026-09-24T10:01:19.850627-04:00,71.56,-0.0279
ADSK-20260924T13501061856,ADSK,2026-09-24,2026-09-24T10:01:19.850627-04:00,214.125,0.2552
MRNA-20260924T13501066045,MRNA,2026-09-24,2026-09-24T10:01:19.850627-04:00,184.645,0.8989
ROST-20260924T13521804070,ROST,2026-09-24,2026-09-24T10:01:19.850627-04:00,235.145,0.1427
DRI-20260924T13420245654,DRI,2026-09-24,2026-09-24T10:01:30.035062-04:00,211.81,0.522
NFLX-20260924T13481339823,NFLX,2026-09-24,2026-09-24T10:01:30.035062-04:00,71.5557,-0.0339
ADSK-20260924T13501061856,ADSK,2026-09-24,2026-09-24T10:01:30.035062-04:00,214.125,0.2552
MRNA-20260924T13501066045,MRNA,2026-09-24,2026-09-24T10:01:30.035062-04:00,184.7988,0.983
ROST-20260924T13521804070,ROST,2026-09-24,2026-09-24T10:01:30.035062-04:00,235.5125,0.2992
DRI-20260924T13420245654,DRI,2026-09-24,2026-09-24T10:01:40.260766-04:00,211.81,0.522
NFLX-20260924T13481339823,NFLX,2026-09-24,2026-09-24T10:01:40.260766-04:00,71.58,0.0
ADSK-20260924T13501061856,ADSK,2026-09-24,2026-09-24T10:01:40.260766-04:00,214.05,0.2201
MRNA-20260924T13501066045,MRNA,2026-09-24,2026-09-24T10:01:40.260766-04:00,183.93,0.5082
ROST-20260924T13521804070,ROST,2026-09-24,2026-09-24T10:01:40.260766-04:00,235.075,0.1129
DRI-20260924T13420245654,DRI,2026-09-24,2026-09-24T10:01:50.435994-04:00,211.81,0.522
NFLX-20260924T13481339823,NFLX,2026-09-24,2026-09-24T10:01:50.435994-04:00,71.6288,0.0682
ADSK-20260924T13501061856,ADSK,2026-09-24,2026-09-24T10:01:50.435994-04:00,214.05,0.2201
MRNA-20260924T13501066045,MRNA,2026-09-24,2026-09-24T10:01:50.435994-04:00,184.36,0.7432
ROST-20260924T13521804070,ROST,2026-09-24,2026-09-24T10:01:50.435994-04:00,235.7137,0.3849
DRI-20260924T13420245654,DRI,2026-09-24,2026-09-24T10:02:00.647953-04:00,210.915,0.0973
NFLX-20260924T13481339823,NFLX,2026-09-24,2026-09-24T10:02:00.647953-04:00,71.6588,0.1101
ADSK-20260924T13501061856,ADSK,2026-09-24,2026-09-24T10:02:00.647953-04:00,214.19,0.2856
MRNA-20260924T13501066045,MRNA,2026-09-24,2026-09-24T10:02:00.647953-04:00,184.0912,0.5963
ROST-20260924T13521804070,ROST,2026-09-24,2026-09-24T10:02:00.647953-04:00,235.2838,0.2018
DRI-20260924T13420245654,DRI,2026-09-24,2026-09-24T10:02:10.864955-04:00,210.915,0.0973
NFLX-20260924T13481339823,NFLX,2026-09-24,2026-09-24T10:02:10.864955-04:00,71.66,0.1118
ADSK-20260924T13501061856,ADSK,2026-09-24,2026-09-24T10:02:10.864955-04:00,214.15,0.2669
MRNA-20260924T13501066045,MRNA,2026-09-24,2026-09-24T10:02:10.864955-04:00,184.1538,0.6305
ROST-20260924T13521804070,ROST,2026-09-24,2026-09-24T10:02:10.864955-04:00,235.85,0.4429
DRI-20260924T13420245654,DRI,2026-09-24,2026-09-24T10:02:21.059849-04:00,210.915,0.0973
NFLX-20260924T13481339823,NFLX,2026-09-24,2026-09-24T10:02:21.059849-04:00,71.69,0.1537
ADSK-20260924T13501061856,ADSK,2026-09-24,2026-09-24T10:02:21.059849-04:00,214.15,0.2669
MRNA-20260924T13501066045,MRNA,2026-09-24,2026-09-24T10:02:21.059849-04:00,184.555,0.8497
ROST-20260924T13521804070,ROST,2026-09-24,2026-09-24T10:02:21.059849-04:00,235.2912,0.2049
DRI-20260924T13420245654,DRI,2026-09-24,2026-09-24T10:02:31.222049-04:00,210.915,0.0973
NFLX-20260924T13481339823,NFLX,2026-09-24,2026-09-24T10:02:31.222049-04:00,71.675,0.1327
ADSK-20260924T13501061856,ADSK,2026-09-24,2026-09-24T10:02:31.222049-04:00,214.195,0.2879
MRNA-20260924T13501066045,MRNA,2026-09-24,2026-09-24T10:02:31.222049-04:00,184.65,0.9016
ROST-20260924T13521804070,ROST,2026-09-24,2026-09-24T10:02:31.222049-04:00,235.56,0.3194
DRI-20260924T13420245654,DRI,2026-09-24,2026-09-24T10:02:41.350260-04:00,210.915,0.0973
NFLX-20260924T13481339823,NFLX,2026-09-24,2026-09-24T10:02:41.350260-04:00,71.63,0.0699
ADSK-20260924T13501061856,ADSK,2026-09-24,2026-09-24T10:02:41.350260-04:00,214.195,0.2879
MRNA-20260924T13501066045,MRNA,2026-09-24,2026-09-24T10:02:41.350260-04:00,184.66,0.9071
ROST-20260924T13521804070,ROST,2026-09-24,2026-09-24T10:02:41.350260-04:00,235.735,0.3939
DRI-20260924T13420245654,DRI,2026-09-24,2026-09-24T10:02:51.469245-04:00,210.915,0.0973
NFLX-20260924T13481339823,NFLX,2026-09-24,2026-09-24T10:02:51.469245-04:00,71.6108,0.043
ADSK-20260924T13501061856,ADSK,2026-09-24,2026-09-24T10:02:51.469245-04:00,214.1565,0.2699
MRNA-20260924T13501066045,MRNA,2026-09-24,2026-09-24T10:02:51.469245-04:00,184.615,0.8825
ROST-20260924T13521804070,ROST,2026-09-24,2026-09-24T10:02:51.469245-04:00,235.74,0.3961
DRI-20260924T13420245654,DRI,2026-09-24,2026-09-24T10:03:01.601222-04:00,211.525,0.3868
NFLX-20260924T13481339823,NFLX,2026-09-24,2026-09-24T10:03:01.601222-04:00,71.61,0.0419
ADSK-20260924T13501061856,ADSK,2026-09-24,2026-09-24T10:03:01.601222-04:00,214.01,0.2013
MRNA-20260924T13501066045,MRNA,2026-09-24,2026-09-24T10:03:01.601222-04:00,184.7633,0.9636
ROST-20260924T13521804070,ROST,2026-09-24,2026-09-24T10:03:01.601222-04:00,235.7615,0.4052
DRI-20260924T13420245654,DRI,2026-09-24,2026-09-24T10:03:11.730333-04:00,211.525,0.3868
NFLX-20260924T13481339823,NFLX,2026-09-24,2026-09-24T10:03:11.730333-04:00,71.5988,0.0263
ADSK-20260924T13501061856,ADSK,2026-09-24,2026-09-24T10:03:11.730333-04:00,214.185,0.2833
MRNA-20260924T13501066045,MRNA,2026-09-24,2026-09-24T10:03:11.730333-04:00,184.9988,1.0922
ROST-20260924T13521804070,ROST,2026-09-24,2026-09-24T10:03:11.730333-04:00,235.3743,0.2403
DRI-20260924T13420245654,DRI,2026-09-24,2026-09-24T10:03:21.865610-04:00,211.525,0.3868
NFLX-20260924T13481339823,NFLX,2026-09-24,2026-09-24T10:03:21.865610-04:00,71.58,0.0
ADSK-20260924T13501061856,ADSK,2026-09-24,2026-09-24T10:03:21.865610-04:00,214.005,0.199
MRNA-20260924T13501066045,MRNA,2026-09-24,2026-09-24T10:03:21.865610-04:00,184.999,1.0923
ROST-20260924T13521804070,ROST,2026-09-24,2026-09-24T10:03:21.865610-04:00,235.58,0.3279
DRI-20260924T13420245654,DRI,2026-09-24,2026-09-24T10:03:32.005190-04:00,211.525,0.3868
NFLX-20260924T13481339823,NFLX,2026-09-24,2026-09-24T10:03:32.005190-04:00,71.61,0.0419
ADSK-20260924T13501061856,ADSK,2026-09-24,2026-09-24T10:03:32.005190-04:00,214.045,0.2177
MRNA-20260924T13501066045,MRNA,2026-09-24,2026-09-24T10:03:32.005190-04:00,184.865,1.0191
ROST-20260924T13521804070,ROST,2026-09-24,2026-09-24T10:03:32.005190-04:00,235.97,0.494
DRI-20260924T13420245654,DRI,2026-09-24,2026-09-24T10:03:42.150784-04:00,211.525,0.3868
NFLX-20260924T13481339823,NFLX,2026-09-24,2026-09-24T10:03:42.150784-04:00,71.595,0.021
ADSK-20260924T13501061856,ADSK,2026-09-24,2026-09-24T10:03:42.150784-04:00,214.04,0.2154
MRNA-20260924T13501066045,MRNA,2026-09-24,2026-09-24T10:03:42.150784-04:00,184.7306,0.9457
ROST-20260924T13521804070,ROST,2026-09-24,2026-09-24T10:03:42.150784-04:00,235.92,0.4727
DRI-20260924T13420245654,DRI,2026-09-24,2026-09-24T10:03:52.339170-04:00,211.525,0.3868
NFLX-20260924T13481339823,NFLX,2026-09-24,2026-09-24T10:03:52.339170-04:00,71.5992,0.0268
ADSK-20260924T13501061856,ADSK,2026-09-24,2026-09-24T10:03:52.339170-04:00,214.04,0.2154
MRNA-20260924T13501066045,MRNA,2026-09-24,2026-09-24T10:03:52.339170-04:00,184.7454,0.9538
ROST-20260924T13521804070,ROST,2026-09-24,2026-09-24T10:03:52.339170-04:00,235.7982,0.4209
DRI-20260924T13420245654,DRI,2026-09-24,2026-09-24T10:04:02.481271-04:00,211.235,0.2492
NFLX-20260924T13481339823,NFLX,2026-09-24,2026-09-24T10:04:02.481271-04:00,71.6,0.0279
ADSK-20260924T13501061856,ADSK,2026-09-24,2026-09-24T10:04:02.481271-04:00,214.0377,0.2143
MRNA-20260924T13501066045,MRNA,2026-09-24,2026-09-24T10:04:02.481271-04:00,184.94,1.0601
ROST-20260924T13521804070,ROST,2026-09-24,2026-09-24T10:04:02.481271-04:00,235.814,0.4276
DRI-20260924T13420245654,DRI,2026-09-24,2026-09-24T10:04:12.652176-04:00,211.235,0.2492
NFLX-20260924T13481339823,NFLX,2026-09-24,2026-09-24T10:04:12.652176-04:00,71.58,0.0
ADSK-20260924T13501061856,ADSK,2026-09-24,2026-09-24T10:04:12.652176-04:00,213.845,0.1241
MRNA-20260924T13501066045,MRNA,2026-09-24,2026-09-24T10:04:12.652176-04:00,185.0,1.0929
ROST-20260924T13521804070,ROST,2026-09-24,2026-09-24T10:04:12.652176-04:00,235.76,0.4046
DRI-20260924T13420245654,DRI,2026-09-24,2026-09-24T10:04:22.843540-04:00,211.235,0.2492
NFLX-20260924T13481339823,NFLX,2026-09-24,2026-09-24T10:04:22.843540-04:00,71.585,0.007
ADSK-20260924T13501061856,ADSK,2026-09-24,2026-09-24T10:04:22.843540-04:00,213.82,0.1124
MRNA-20260924T13501066045,MRNA,2026-09-24,2026-09-24T10:04:22.843540-04:00,185.26,1.235
ROST-20260924T13521804070,ROST,2026-09-24,2026-09-24T10:04:22.843540-04:00,235.795,0.4195
DRI-20260924T13420245654,DRI,2026-09-24,2026-09-24T10:04:33.001695-04:00,211.235,0.2492
NFLX-20260924T13481339823,NFLX,2026-09-24,2026-09-24T10:04:33.001695-04:00,71.6,0.0279
ADSK-20260924T13501061856,ADSK,2026-09-24,2026-09-24T10:04:33.001695-04:00,213.9675,0.1814
MRNA-20260924T13501066045,MRNA,2026-09-24,2026-09-24T10:04:33.001695-04:00,185.27,1.2404
ROST-20260924T13521804070,ROST,2026-09-24,2026-09-24T10:04:33.001695-04:00,235.8,0.4216
DRI-20260924T13420245654,DRI,2026-09-24,2026-09-24T10:04:43.253631-04:00,211.235,0.2492
NFLX-20260924T13481339823,NFLX,2026-09-24,2026-09-24T10:04:43.253631-04:00,71.6093,0.0409
ADSK-20260924T13501061856,ADSK,2026-09-24,2026-09-24T10:04:43.253631-04:00,213.925,0.1615
MRNA-20260924T13501066045,MRNA,2026-09-24,2026-09-24T10:04:43.253631-04:00,185.3283,1.2723
ROST-20260924T13521804070,ROST,2026-09-24,2026-09-24T10:04:43.253631-04:00,235.7229,0.3888
DRI-20260924T13420245654,DRI,2026-09-24,2026-09-24T10:04:53.374027-04:00,211.235,0.2492
NFLX-20260924T13481339823,NFLX,2026-09-24,2026-09-24T10:04:53.374027-04:00,71.595,0.021
ADSK-20260924T13501061856,ADSK,2026-09-24,2026-09-24T10:04:53.374027-04:00,214.02,0.206
MRNA-20260924T13501066045,MRNA,2026-09-24,2026-09-24T10:04:53.374027-04:00,185.75,1.5027
ROST-20260924T13521804070,ROST,2026-09-24,2026-09-24T10:04:53.374027-04:00,235.67,0.3663
DRI-20260924T13420245654,DRI,2026-09-24,2026-09-24T10:05:03.531277-04:00,211.235,0.2492
NFLX-20260924T13481339823,NFLX,2026-09-24,2026-09-24T10:05:03.531277-04:00,71.6286,0.0679
ADSK-20260924T13501061856,ADSK,2026-09-24,2026-09-24T10:05:03.531277-04:00,213.915,0.1568
MRNA-20260924T13501066045,MRNA,2026-09-24,2026-09-24T10:05:03.531277-04:00,185.8817,1.5747
ROST-20260924T13521804070,ROST,2026-09-24,2026-09-24T10:05:03.531277-04:00,235.79,0.4174
DRI-20260924T13420245654,DRI,2026-09-24,2026-09-24T10:05:13.877709-04:00,211.235,0.2492
NFLX-20260924T13481339823,NFLX,2026-09-24,2026-09-24T10:05:13.877709-04:00,71.6976,0.1643
ADSK-20260924T13501061856,ADSK,2026-09-24,2026-09-24T10:05:13.877709-04:00,214.0088,0.2008
ROST-20260924T13521804070,ROST,2026-09-24,2026-09-24T10:05:13.877709-04:00,235.6608,0.3623
DRI-20260924T13420245654,DRI,2026-09-24,2026-09-24T10:05:24.070932-04:00,211.235,0.2492
NFLX-20260924T13481339823,NFLX,2026-09-24,2026-09-24T10:05:24.070932-04:00,71.715,0.1886
ADSK-20260924T13501061856,ADSK,2026-09-24,2026-09-24T10:05:24.070932-04:00,214.01,0.2013
ROST-20260924T13521804070,ROST,2026-09-24,2026-09-24T10:05:24.070932-04:00,235.73,0.3918
DRI-20260924T13420245654,DRI,2026-09-24,2026-09-24T10:05:34.269418-04:00,211.235,0.2492
NFLX-20260924T13481339823,NFLX,2026-09-24,2026-09-24T10:05:34.269418-04:00,71.69,0.1537
ADSK-20260924T13501061856,ADSK,2026-09-24,2026-09-24T10:05:34.269418-04:00,213.91,0.1545
ROST-20260924T13521804070,ROST,2026-09-24,2026-09-24T10:05:34.269418-04:00,235.7361,0.3944
DRI-20260924T13420245654,DRI,2026-09-24,2026-09-24T10:05:44.450469-04:00,211.235,0.2492
NFLX-20260924T13481339823,NFLX,2026-09-24,2026-09-24T10:05:44.450469-04:00,71.68,0.1397
ADSK-20260924T13501061856,ADSK,2026-09-24,2026-09-24T10:05:44.450469-04:00,213.9814,0.1879
ROST-20260924T13521804070,ROST,2026-09-24,2026-09-24T10:05:44.450469-04:00,235.7907,0.4177
DRI-20260924T13420245654,DRI,2026-09-24,2026-09-24T10:05:54.631163-04:00,211.235,0.2492
NFLX-20260924T13481339823,NFLX,2026-09-24,2026-09-24T10:05:54.631163-04:00,71.65,0.0978
ADSK-20260924T13501061856,ADSK,2026-09-24,2026-09-24T10:05:54.631163-04:00,213.9,0.1498
ROST-20260924T13521804070,ROST,2026-09-24,2026-09-24T10:05:54.631163-04:00,235.85,0.4429
DRI-20260924T13420245654,DRI,2026-09-24,2026-09-24T10:06:04.782311-04:00,211.02,0.1471
NFLX-20260924T13481339823,NFLX,2026-09-24,2026-09-24T10:06:04.782311-04:00,71.68,0.1397
ADSK-20260924T13501061856,ADSK,2026-09-24,2026-09-24T10:06:04.782311-04:00,213.89,0.1451
ROST-20260924T13521804070,ROST,2026-09-24,2026-09-24T10:06:04.782311-04:00,235.85,0.4429
DRI-20260924T13420245654,DRI,2026-09-24,2026-09-24T10:06:15.008558-04:00,211.02,0.1471
NFLX-20260924T13481339823,NFLX,2026-09-24,2026-09-24T10:06:15.008558-04:00,71.6855,0.1474
ADSK-20260924T13501061856,ADSK,2026-09-24,2026-09-24T10:06:15.008558-04:00,213.4601,-0.0561
ROST-20260924T13521804070,ROST,2026-09-24,2026-09-24T10:06:15.008558-04:00,235.725,0.3897
DRI-20260924T13420245654,DRI,2026-09-24,2026-09-24T10:06:25.171438-04:00,211.02,0.1471
NFLX-20260924T13481339823,NFLX,2026-09-24,2026-09-24T10:06:25.171438-04:00,71.65,0.0978
ADSK-20260924T13501061856,ADSK,2026-09-24,2026-09-24T10:06:25.171438-04:00,213.575,-0.0023
ROST-20260924T13521804070,ROST,2026-09-24,2026-09-24T10:06:25.171438-04:00,235.755,0.4025
DRI-20260924T13420245654,DRI,2026-09-24,2026-09-24T10:06:35.347057-04:00,211.02,0.1471
NFLX-20260924T13481339823,NFLX,2026-09-24,2026-09-24T10:06:35.347057-04:00,71.68,0.1397
ADSK-20260924T13501061856,ADSK,2026-09-24,2026-09-24T10:06:35.347057-04:00,213.575,-0.0023
ROST-20260924T13521804070,ROST,2026-09-24,2026-09-24T10:06:35.347057-04:00,235.8888,0.4594
DRI-20260924T13420245654,DRI,2026-09-24,2026-09-24T10:06:45.525786-04:00,211.02,0.1471
NFLX-20260924T13481339823,NFLX,2026-09-24,2026-09-24T10:06:45.525786-04:00,71.71,0.1816
ADSK-20260924T13501061856,ADSK,2026-09-24,2026-09-24T10:06:45.525786-04:00,213.8258,0.1151
ROST-20260924T13521804070,ROST,2026-09-24,2026-09-24T10:06:45.525786-04:00,235.89,0.4599
DRI-20260924T13420245654,DRI,2026-09-24,2026-09-24T10:06:55.660775-04:00,211.02,0.1471
NFLX-20260924T13481339823,NFLX,2026-09-24,2026-09-24T10:06:55.660775-04:00,71.6801,0.1398
ADSK-20260924T13501061856,ADSK,2026-09-24,2026-09-24T10:06:55.660775-04:00,213.64,0.0281
ROST-20260924T13521804070,ROST,2026-09-24,2026-09-24T10:06:55.660775-04:00,235.7296,0.3916
DRI-20260924T13420245654,DRI,2026-09-24,2026-09-24T10:07:05.792036-04:00,211.225,0.2444
NFLX-20260924T13481339823,NFLX,2026-09-24,2026-09-24T10:07:05.792036-04:00,71.69,0.1537
ADSK-20260924T13501061856,ADSK,2026-09-24,2026-09-24T10:07:05.792036-04:00,213.5067,-0.0343
ROST-20260924T13521804070,ROST,2026-09-24,2026-09-24T10:07:05.792036-04:00,235.7367,0.3947
DRI-20260924T13420245654,DRI,2026-09-24,2026-09-24T10:07:16.103226-04:00,211.225,0.2444
NFLX-20260924T13481339823,NFLX,2026-09-24,2026-09-24T10:07:16.103226-04:00,71.6806,0.1405
ROST-20260924T13521804070,ROST,2026-09-24,2026-09-24T10:07:16.103226-04:00,235.89,0.4599
DRI-20260924T13420245654,DRI,2026-09-24,2026-09-24T10:07:26.364158-04:00,211.225,0.2444
NFLX-20260924T13481339823,NFLX,2026-09-24,2026-09-24T10:07:26.364158-04:00,71.715,0.1886
ROST-20260924T13521804070,ROST,2026-09-24,2026-09-24T10:07:26.364158-04:00,236.18,0.5835
DRI-20260924T13420245654,DRI,2026-09-24,2026-09-24T10:07:36.616697-04:00,211.225,0.2444
NFLX-20260924T13481339823,NFLX,2026-09-24,2026-09-24T10:07:36.616697-04:00,71.6812,0.1414
ROST-20260924T13521804070,ROST,2026-09-24,2026-09-24T10:07:36.616697-04:00,235.94,0.4812
DRI-20260924T13420245654,DRI,2026-09-24,2026-09-24T10:07:46.852063-04:00,211.225,0.2444
NFLX-20260924T13481339823,NFLX,2026-09-24,2026-09-24T10:07:46.852063-04:00,71.69,0.1537
ROST-20260924T13521804070,ROST,2026-09-24,2026-09-24T10:07:46.852063-04:00,235.7773,0.412
DRI-20260924T13420245654,DRI,2026-09-24,2026-09-24T10:07:57.031374-04:00,211.225,0.2444
NFLX-20260924T13481339823,NFLX,2026-09-24,2026-09-24T10:07:57.031374-04:00,71.6785,0.1376
ROST-20260924T13521804070,ROST,2026-09-24,2026-09-24T10:07:57.031374-04:00,235.98,0.4983
DRI-20260924T13420245654,DRI,2026-09-24,2026-09-24T10:08:07.255383-04:00,211.335,0.2966
NFLX-20260924T13481339823,NFLX,2026-09-24,2026-09-24T10:08:07.255383-04:00,71.6788,0.138
ROST-20260924T13521804070,ROST,2026-09-24,2026-09-24T10:08:07.255383-04:00,235.995,0.5047
DRI-20260924T13420245654,DRI,2026-09-24,2026-09-24T10:08:17.466902-04:00,211.335,0.2966
NFLX-20260924T13481339823,NFLX,2026-09-24,2026-09-24T10:08:17.466902-04:00,71.6503,0.0982
ROST-20260924T13521804070,ROST,2026-09-24,2026-09-24T10:08:17.466902-04:00,236.02,0.5153
DRI-20260924T13420245654,DRI,2026-09-24,2026-09-24T10:08:27.680364-04:00,211.335,0.2966
NFLX-20260924T13481339823,NFLX,2026-09-24,2026-09-24T10:08:27.680364-04:00,71.755,0.2445
ROST-20260924T13521804070,ROST,2026-09-24,2026-09-24T10:08:27.680364-04:00,235.93,0.477
DRI-20260924T13420245654,DRI,2026-09-24,2026-09-24T10:08:37.963615-04:00,211.335,0.2966
NFLX-20260924T13481339823,NFLX,2026-09-24,2026-09-24T10:08:37.963615-04:00,71.76,0.2515
ROST-20260924T13521804070,ROST,2026-09-24,2026-09-24T10:08:37.963615-04:00,236.015,0.5132
DRI-20260924T13420245654,DRI,2026-09-24,2026-09-24T10:08:48.141974-04:00,211.335,0.2966
NFLX-20260924T13481339823,NFLX,2026-09-24,2026-09-24T10:08:48.141974-04:00,71.765,0.2585
ROST-20260924T13521804070,ROST,2026-09-24,2026-09-24T10:08:48.141974-04:00,236.015,0.5132
DRI-20260924T13420245654,DRI,2026-09-24,2026-09-24T10:08:58.494000-04:00,211.335,0.2966
NFLX-20260924T13481339823,NFLX,2026-09-24,2026-09-24T10:08:58.494000-04:00,71.71,0.1816
ROST-20260924T13521804070,ROST,2026-09-24,2026-09-24T10:08:58.494000-04:00,235.828,0.4335
DRI-20260924T13420245654,DRI,2026-09-24,2026-09-24T10:09:08.734362-04:00,211.59,0.4176
NFLX-20260924T13481339823,NFLX,2026-09-24,2026-09-24T10:09:08.734362-04:00,71.6883,0.1513
ROST-20260924T13521804070,ROST,2026-09-24,2026-09-24T10:09:08.734362-04:00,235.97,0.494
DRI-20260924T13420245654,DRI,2026-09-24,2026-09-24T10:09:18.866119-04:00,211.59,0.4176
NFLX-20260924T13481339823,NFLX,2026-09-24,2026-09-24T10:09:18.866119-04:00,71.731,0.211
ROST-20260924T13521804070,ROST,2026-09-24,2026-09-24T10:09:18.866119-04:00,235.9976,0.5058
DRI-20260924T13420245654,DRI,2026-09-24,2026-09-24T10:09:28.992297-04:00,211.59,0.4176
NFLX-20260924T13481339823,NFLX,2026-09-24,2026-09-24T10:09:28.992297-04:00,71.6001,0.0281
ROST-20260924T13521804070,ROST,2026-09-24,2026-09-24T10:09:28.992297-04:00,236.1399,0.5664
DRI-20260924T13420245654,DRI,2026-09-24,2026-09-24T10:09:39.203377-04:00,211.59,0.4176
NFLX-20260924T13481339823,NFLX,2026-09-24,2026-09-24T10:09:39.203377-04:00,71.595,0.021
ROST-20260924T13521804070,ROST,2026-09-24,2026-09-24T10:09:39.203377-04:00,235.94,0.4812
DRI-20260924T13420245654,DRI,2026-09-24,2026-09-24T10:09:49.313220-04:00,211.59,0.4176
NFLX-20260924T13481339823,NFLX,2026-09-24,2026-09-24T10:09:49.313220-04:00,71.58,0.0
ROST-20260924T13521804070,ROST,2026-09-24,2026-09-24T10:09:49.313220-04:00,235.9487,0.4849
DRI-20260924T13420245654,DRI,2026-09-24,2026-09-24T10:09:59.422452-04:00,211.59,0.4176
NFLX-20260924T13481339823,NFLX,2026-09-24,2026-09-24T10:09:59.422452-04:00,71.59,0.014
ROST-20260924T13521804070,ROST,2026-09-24,2026-09-24T10:09:59.422452-04:00,235.82,0.4301
DRI-20260924T13420245654,DRI,2026-09-24,2026-09-24T10:10:09.585170-04:00,211.59,0.4176
NFLX-20260924T13481339823,NFLX,2026-09-24,2026-09-24T10:10:09.585170-04:00,71.595,0.021
ROST-20260924T13521804070,ROST,2026-09-24,2026-09-24T10:10:09.585170-04:00,235.68,0.3705
DRI-20260924T13420245654,DRI,2026-09-24,2026-09-24T10:10:19.719237-04:00,211.59,0.4176
NFLX-20260924T13481339823,NFLX,2026-09-24,2026-09-24T10:10:19.719237-04:00,71.6,0.0279
ROST-20260924T13521804070,ROST,2026-09-24,2026-09-24T10:10:19.719237-04:00,235.8881,0.4591
DRI-20260924T13420245654,DRI,2026-09-24,2026-09-24T10:10:29.868030-04:00,211.59,0.4176
NFLX-20260924T13481339823,NFLX,2026-09-24,2026-09-24T10:10:29.868030-04:00,71.58,0.0
ROST-20260924T13521804070,ROST,2026-09-24,2026-09-24T10:10:29.868030-04:00,235.815,0.428
DRI-20260924T13420245654,DRI,2026-09-24,2026-09-24T10:10:40.028362-04:00,211.59,0.4176
NFLX-20260924T13481339823,NFLX,2026-09-24,2026-09-24T10:10:40.028362-04:00,71.555,-0.0349
ROST-20260924T13521804070,ROST,2026-09-24,2026-09-24T10:10:40.028362-04:00,235.815,0.428
DRI-20260924T13420245654,DRI,2026-09-24,2026-09-24T10:10:50.204375-04:00,211.59,0.4176
NFLX-20260924T13481339823,NFLX,2026-09-24,2026-09-24T10:10:50.204375-04:00,71.5388,-0.0576
ROST-20260924T13521804070,ROST,2026-09-24,2026-09-24T10:10:50.204375-04:00,235.7173,0.3864
DRI-20260924T13420245654,DRI,2026-09-24,2026-09-24T10:11:00.354970-04:00,211.59,0.4176
NFLX-20260924T13481339823,NFLX,2026-09-24,2026-09-24T10:11:00.354970-04:00,71.5047,-0.1052
ROST-20260924T13521804070,ROST,2026-09-24,2026-09-24T10:11:00.354970-04:00,235.805,0.4237
DRI-20260924T13420245654,DRI,2026-09-24,2026-09-24T10:11:10.654658-04:00,211.73,0.4841
ROST-20260924T13521804070,ROST,2026-09-24,2026-09-24T10:11:10.654658-04:00,235.72,0.3875
DRI-20260924T13420245654,DRI,2026-09-24,2026-09-24T10:11:20.855426-04:00,211.73,0.4841
ROST-20260924T13521804070,ROST,2026-09-24,2026-09-24T10:11:20.855426-04:00,235.8611,0.4476
DRI-20260924T13420245654,DRI,2026-09-24,2026-09-24T10:11:31.026777-04:00,211.73,0.4841
ROST-20260924T13521804070,ROST,2026-09-24,2026-09-24T10:11:31.026777-04:00,235.8016,0.4223
DRI-20260924T13420245654,DRI,2026-09-24,2026-09-24T10:11:41.232783-04:00,211.73,0.4841
ROST-20260924T13521804070,ROST,2026-09-24,2026-09-24T10:11:41.232783-04:00,235.41,0.2555
DRI-20260924T13420245654,DRI,2026-09-24,2026-09-24T10:11:51.549482-04:00,211.73,0.4841
ROST-20260924T13521804070,ROST,2026-09-24,2026-09-24T10:11:51.549482-04:00,235.425,0.2619
DRI-20260924T13420245654,DRI,2026-09-24,2026-09-24T10:12:01.729259-04:00,211.73,0.4841
ROST-20260924T13521804070,ROST,2026-09-24,2026-09-24T10:12:01.729259-04:00,235.425,0.2619
DRI-20260924T13420245654,DRI,2026-09-24,2026-09-24T10:12:11.902974-04:00,211.73,0.4841
ROST-20260924T13521804070,ROST,2026-09-24,2026-09-24T10:12:11.902974-04:00,235.844,0.4404
DRI-20260924T13420245654,DRI,2026-09-24,2026-09-24T10:12:22.052533-04:00,211.73,0.4841
ROST-20260924T13521804070,ROST,2026-09-24,2026-09-24T10:12:22.052533-04:00,235.43,0.264
DRI-20260924T13420245654,DRI,2026-09-24,2026-09-24T10:12:32.178307-04:00,211.73,0.4841
ROST-20260924T13521804070,ROST,2026-09-24,2026-09-24T10:12:32.178307-04:00,235.251,0.1878
DRI-20260924T13420245654,DRI,2026-09-24,2026-09-24T10:12:42.282786-04:00,211.73,0.4841
ROST-20260924T13521804070,ROST,2026-09-24,2026-09-24T10:12:42.282786-04:00,235.8043,0.4234
DRI-20260924T13420245654,DRI,2026-09-24,2026-09-24T10:12:52.427214-04:00,211.73,0.4841
ROST-20260924T13521804070,ROST,2026-09-24,2026-09-24T10:12:52.427214-04:00,235.25,0.1874
DRI-20260924T13420245654,DRI,2026-09-24,2026-09-24T10:13:02.578516-04:00,211.64,0.4414
ROST-20260924T13521804070,ROST,2026-09-24,2026-09-24T10:13:02.578516-04:00,235.6852,0.3727
DRI-20260924T13420245654,DRI,2026-09-24,2026-09-24T10:13:12.710827-04:00,211.64,0.4414
ROST-20260924T13521804070,ROST,2026-09-24,2026-09-24T10:13:12.710827-04:00,235.355,0.2321
DRI-20260924T13420245654,DRI,2026-09-24,2026-09-24T10:13:22.842697-04:00,211.64,0.4414
ROST-20260924T13521804070,ROST,2026-09-24,2026-09-24T10:13:22.842697-04:00,235.355,0.2321
DRI-20260924T13420245654,DRI,2026-09-24,2026-09-24T10:13:32.966744-04:00,211.64,0.4414
ROST-20260924T13521804070,ROST,2026-09-24,2026-09-24T10:13:32.966744-04:00,235.39,0.247
DRI-20260924T13420245654,DRI,2026-09-24,2026-09-24T10:13:43.078431-04:00,211.64,0.4414
ROST-20260924T13521804070,ROST,2026-09-24,2026-09-24T10:13:43.078431-04:00,235.36,0.2342
DRI-20260924T13420245654,DRI,2026-09-24,2026-09-24T10:13:53.206273-04:00,211.64,0.4414
ROST-20260924T13521804070,ROST,2026-09-24,2026-09-24T10:13:53.206273-04:00,235.36,0.2342
DRI-20260924T13420245654,DRI,2026-09-24,2026-09-24T10:14:03.334099-04:00,211.98,0.6027
ROST-20260924T13521804070,ROST,2026-09-24,2026-09-24T10:14:03.334099-04:00,235.36,0.2342
DRI-20260924T13420245654,DRI,2026-09-24,2026-09-24T10:14:13.445521-04:00,211.98,0.6027
ROST-20260924T13521804070,ROST,2026-09-24,2026-09-24T10:14:13.445521-04:00,235.3,0.2087
DRI-20260924T13420245654,DRI,2026-09-24,2026-09-24T10:14:23.532646-04:00,211.98,0.6027
ROST-20260924T13521804070,ROST,2026-09-24,2026-09-24T10:14:23.532646-04:00,235.51,0.2981
DRI-20260924T13420245654,DRI,2026-09-24,2026-09-24T10:14:33.700637-04:00,211.98,0.6027
ROST-20260924T13521804070,ROST,2026-09-24,2026-09-24T10:14:33.700637-04:00,235.27,0.1959
DRI-20260924T13420245654,DRI,2026-09-24,2026-09-24T10:14:43.794952-04:00,211.98,0.6027
ROST-20260924T13521804070,ROST,2026-09-24,2026-09-24T10:14:43.794952-04:00,235.25,0.1874
DRI-20260924T13420245654,DRI,2026-09-24,2026-09-24T10:14:53.891460-04:00,211.98,0.6027
ROST-20260924T13521804070,ROST,2026-09-24,2026-09-24T10:14:53.891460-04:00,235.506,0.2964
DRI-20260924T13420245654,DRI,2026-09-24,2026-09-24T10:15:03.985051-04:00,211.98,0.6027
ROST-20260924T13521804070,ROST,2026-09-24,2026-09-24T10:15:03.985051-04:00,235.3533,0.2314
DRI-20260924T13420245654,DRI,2026-09-24,2026-09-24T10:15:14.288704-04:00,211.98,0.6027
ROST-20260924T13521804070,ROST,2026-09-24,2026-09-24T10:15:14.288704-04:00,235.04,0.098
DRI-20260924T13420245654,DRI,2026-09-24,2026-09-24T10:15:24.427563-04:00,211.98,0.6027
ROST-20260924T13521804070,ROST,2026-09-24,2026-09-24T10:15:24.427563-04:00,234.935,0.0532
DRI-20260924T13420245654,DRI,2026-09-24,2026-09-24T10:15:34.643437-04:00,211.98,0.6027
ROST-20260924T13521804070,ROST,2026-09-24,2026-09-24T10:15:34.643437-04:00,234.99,0.0767
DRI-20260924T13420245654,DRI,2026-09-24,2026-09-24T10:15:44.723676-04:00,211.98,0.6027
ROST-20260924T13521804070,ROST,2026-09-24,2026-09-24T10:15:44.723676-04:00,235.0832,0.1163
DRI-20260924T13420245654,DRI,2026-09-24,2026-09-24T10:15:54.878415-04:00,211.98,0.6027
ROST-20260924T13521804070,ROST,2026-09-24,2026-09-24T10:15:54.878415-04:00,234.99,0.0767
DRI-20260924T13420245654,DRI,2026-09-24,2026-09-24T10:16:05.023667-04:00,211.865,0.5481
ROST-20260924T13521804070,ROST,2026-09-24,2026-09-24T10:16:05.023667-04:00,235.0575,0.1054
DRI-20260924T13420245654,DRI,2026-09-24,2026-09-24T10:16:15.399994-04:00,211.865,0.5481
DRI-20260924T13420245654,DRI,2026-09-24,2026-09-24T10:16:25.559469-04:00,211.865,0.5481
DRI-20260924T13420245654,DRI,2026-09-24,2026-09-24T10:16:35.661159-04:00,211.865,0.5481
DRI-20260924T13420245654,DRI,2026-09-24,2026-09-24T10:16:45.887099-04:00,211.865,0.5481
DRI-20260924T13420245654,DRI,2026-09-24,2026-09-24T10:16:55.990474-04:00,211.865,0.5481
DRI-20260924T13420245654,DRI,2026-09-24,2026-09-24T10:17:06.080903-04:00,211.865,0.5481
DRI-20260924T13420245654,DRI,2026-09-24,2026-09-24T10:17:16.209842-04:00,211.865,0.5481
DRI-20260924T13420245654,DRI,2026-09-24,2026-09-24T10:17:26.310571-04:00,211.865,0.5481
DRI-20260924T13420245654,DRI,2026-09-24,2026-09-24T10:17:36.424696-04:00,211.865,0.5481
DRI-20260924T13420245654,DRI,2026-09-24,2026-09-24T10:17:46.526848-04:00,211.865,0.5481
DRI-20260924T13420245654,DRI,2026-09-24,2026-09-24T10:17:56.621213-04:00,211.865,0.5481
DRI-20260924T13420245654,DRI,2026-09-24,2026-09-24T10:18:06.748325-04:00,212.555,0.8756
DRI-20260924T13420245654,DRI,2026-09-24,2026-09-24T10:18:16.928672-04:00,212.555,0.8756
DRI-20260924T13420245654,DRI,2026-09-24,2026-09-24T10:18:27.030844-04:00,212.555,0.8756
DRI-20260924T13420245654,DRI,2026-09-24,2026-09-24T10:18:37.140332-04:00,212.555,0.8756
DRI-20260924T13420245654,DRI,2026-09-24,2026-09-24T10:18:47.279865-04:00,212.555,0.8756
DRI-20260924T13420245654,DRI,2026-09-24,2026-09-24T10:18:57.405029-04:00,212.555,0.8756
DRI-20260924T13420245654,DRI,2026-09-24,2026-09-24T10:19:07.550157-04:00,212.44,0.821
DRI-20260924T13420245654,DRI,2026-09-24,2026-09-24T10:19:17.699598-04:00,212.44,0.821
DRI-20260924T13420245654,DRI,2026-09-24,2026-09-24T10:19:27.916126-04:00,212.44,0.821
DRI-20260924T13420245654,DRI,2026-09-24,2026-09-24T10:19:38.069622-04:00,212.44,0.821
DRI-20260924T13420245654,DRI,2026-09-24,2026-09-24T10:19:48.224569-04:00,212.44,0.821
DRI-20260924T13420245654,DRI,2026-09-24,2026-09-24T10:19:58.356142-04:00,212.44,0.821
DRI-20260924T13420245654,DRI,2026-09-24,2026-09-24T10:20:08.484664-04:00,212.135,0.6763
DRI-20260924T13420245654,DRI,2026-09-24,2026-09-24T10:20:18.653831-04:00,212.135,0.6763
DRI-20260924T13420245654,DRI,2026-09-24,2026-09-24T10:20:28.805455-04:00,212.135,0.6763
DRI-20260924T13420245654,DRI,2026-09-24,2026-09-24T10:20:38.910174-04:00,212.135,0.6763
DRI-20260924T13420245654,DRI,2026-09-24,2026-09-24T10:20:49.004755-04:00,212.135,0.6763
DRI-20260924T13420245654,DRI,2026-09-24,2026-09-24T10:20:59.123863-04:00,212.135,0.6763
DRI-20260924T13420245654,DRI,2026-09-24,2026-09-24T10:21:09.215731-04:00,212.13,0.6739
DRI-20260924T13420245654,DRI,2026-09-24,2026-09-24T10:21:19.373091-04:00,212.13,0.6739
DRI-20260924T13420245654,DRI,2026-09-24,2026-09-24T10:21:29.450839-04:00,212.13,0.6739
DRI-20260924T13420245654,DRI,2026-09-24,2026-09-24T10:21:39.538107-04:00,212.13,0.6739
DRI-20260924T13420245654,DRI,2026-09-24,2026-09-24T10:21:49.676176-04:00,212.13,0.6739
DRI-20260924T13420245654,DRI,2026-09-24,2026-09-24T10:21:59.787803-04:00,212.13,0.6739
DRI-20260924T13420245654,DRI,2026-09-24,2026-09-24T10:22:09.902991-04:00,211.41,0.3322
DRI-20260924T13420245654,DRI,2026-09-24,2026-09-24T10:22:20.116939-04:00,211.41,0.3322
DRI-20260924T13420245654,DRI,2026-09-24,2026-09-24T10:22:30.262322-04:00,211.41,0.3322
DRI-20260924T13420245654,DRI,2026-09-24,2026-09-24T10:22:40.393471-04:00,211.41,0.3322
DRI-20260924T13420245654,DRI,2026-09-24,2026-09-24T10:22:50.483810-04:00,211.41,0.3322
DRI-20260924T13420245654,DRI,2026-09-24,2026-09-24T10:23:00.597003-04:00,211.08,0.1756
DRI-20260924T13420245654,DRI,2026-09-24,2026-09-24T10:23:10.721884-04:00,211.08,0.1756
DRI-20260924T13420245654,DRI,2026-09-24,2026-09-24T10:23:20.822860-04:00,211.08,0.1756
DRI-20260924T13420245654,DRI,2026-09-24,2026-09-24T10:23:30.924860-04:00,211.08,0.1756
DRI-20260924T13420245654,DRI,2026-09-24,2026-09-24T10:23:41.014403-04:00,211.08,0.1756
DRI-20260924T13420245654,DRI,2026-09-24,2026-09-24T10:23:51.129262-04:00,211.08,0.1756
DRI-20260924T13420245654,DRI,2026-09-24,2026-09-24T10:24:01.307696-04:00,211.08,0.1756
DRI-20260924T13420245654,DRI,2026-09-24,2026-09-24T10:24:11.487771-04:00,211.08,0.1756
