date,signal_time,symbol,entry_method,price,signal_pct,excess_vs_spy_pct,spy_pct,rvol,spread_pct,burst_width,opening_hit_rate,opening_avg_gain,opening_sessions,opening_efficiency,opening_directional,cf_efficiency,cf_rel_strength,cf_vol_accel,cf_vwap_pos,cf_exhaustion,cf_breakout,cf_rvol,cf_spread,cf_vwap,cf_sector_strength,cf_sector_etf,cf_score,taken,skip_reason,qty,size_multiplier,price_15min,pct_15min,price_30min,pct_30min
2026-09-28,2026-09-28T13:33:12.049464,GRAL,RAPID_DECREASE_CANDIDATE,131.05,-0.629,-0.625,-0.004,,5.6696,9,0.8,4.915730979976147,5,0.5465175439728505,0.7166666666666666,,34.4,,56.5,13.0,0.0,,0.0,130.71,,,43.691627972669956,False,rejected_by_pre_entry_checks,,,131.11,0.0458,132.37,1.0072
2026-09-28,2026-09-28T13:33:12.069997,VICR,RAPID_DECREASE_CANDIDATE,276.9933,-0.603,-0.599,-0.004,,10.8739,9,0.4,1.3557212185800078,5,0.9227008850877633,0.7708333333333334,,35.0,,28.8,0.0,0.0,,0.0,279.3658,,,40.49274923722609,False,rejected_by_pre_entry_checks,,,278.47,0.5331,282.24,1.8942
2026-09-28,2026-09-28T13:33:12.085644,BE,RAPID_DECREASE_CANDIDATE,278.2032,-0.411,-0.407,-0.004,,10.9704,9,1.0,2.9777657977747474,5,0.41786743572907614,0.7,,39.8,,37.7,0.0,0.0,,0.0,279.58,,,44.02815597021906,False,rejected_by_pre_entry_checks,,,267.795,-3.7412,270.42,-2.7977
2026-09-28,2026-09-28T13:33:12.118965,VIAV,RAPID_DECREASE_CANDIDATE,41.245,-0.465,-0.461,-0.004,,10.5225,9,0.6,2.8844733431844105,5,0.8360244868024191,0.8,,38.5,,40.8,0.0,0.0,,0.0,41.3967,,,44.340149398873876,False,rejected_by_pre_entry_checks,,,39.27,-4.7885,39.725,-3.6853
2026-09-28,2026-09-28T13:33:12.137356,MRNA,RAPID_DECREASE_CANDIDATE,194.215,-0.917,-0.913,-0.004,,4.2942,9,1.0,3.63816316910259,5,0.3542739612420701,0.65,,27.2,,31.0,0.0,0.0,,0.0,195.7057,27.1,XLV,38.58256897033111,False,rejected_by_pre_entry_checks,,,191.1975,-1.5537,197.64,1.7635
2026-09-28,2026-09-28T13:33:12.154766,RMBS,RAPID_DECREASE_CANDIDATE,103.5,-0.507,-0.503,-0.004,,11.4106,9,1.0,3.5921187079685986,5,0.6391017039001283,0.7333333333333333,,37.4,,41.2,0.0,0.0,,0.0,103.8667,,,44.09413449195216,False,rejected_by_pre_entry_checks,,,101.325,-2.1014,102.71,-0.7633
2026-09-28,2026-09-28T13:33:12.184518,TXG,RAPID_DECREASE_CANDIDATE,86.63,-0.357,-0.353,-0.004,,30.1974,9,0.6,1.764068263321942,5,0.8088586851744765,0.85,,41.2,,39.2,0.0,0.0,,0.0,87.0072,,,44.783276047104934,False,rejected_by_pre_entry_checks,,,87.285,0.7561,88.08,1.6738
2026-09-28,2026-09-28T13:33:12.201468,P,RAPID_DECREASE_CANDIDATE,129.97,-0.307,-0.303,-0.004,,0.8233,9,0.6,4.895076230386623,5,0.5700187605349776,0.7666666666666666,,42.4,,47.9,0.0,0.0,,0.0,130.0771,,,47.19406891161735,False,rejected_by_pre_entry_checks,,,128.25,-1.3234,127.335,-2.0274
2026-09-28,2026-09-28T13:33:12.218710,QCOM,RAPID_DECREASE_CANDIDATE,196.55,-0.472,-0.468,-0.004,,5.5711,9,0.6,1.2410526812384155,5,0.3570545026278345,0.55,,38.3,,39.9,0.0,0.0,,0.0,197.3433,38.2,SMH,44.080730836145285,False,rejected_by_pre_entry_checks,,,188.1,-4.2992,189.74,-3.4648
2026-09-28,2026-09-28T13:33:15.490412,GRAL,RAPID_DECREASE_CANDIDATE,130.6677,-0.919,-0.915,-0.004,1.0,5.6862,11,0.8,4.915730979976147,5,0.5465175439728505,0.7166666666666666,0.0,27.1,,49.2,0.0,0.0,50.0,0.0,130.71,,,35.30364356208396,False,rejected_by_pre_entry_checks,,,131.11,0.3385,132.37,1.3028
2026-09-28,2026-09-28T13:33:15.506858,BE,RAPID_DECREASE_CANDIDATE,277.32,-0.727,-0.723,-0.004,1.0,8.9752,11,1.0,2.9777657977747474,5,0.41786743572907614,0.7,0.0,31.9,,29.8,0.0,0.0,50.0,0.0,279.58,,,33.35366728664426,False,rejected_by_pre_entry_checks,,,267.795,-3.4347,270.42,-2.4881
2026-09-28,2026-09-28T13:33:15.545532,GME,RAPID_DECREASE_CANDIDATE,23.57,-0.528,-0.524,-0.004,1.0,5.8549,11,0.4,1.0867770706496627,5,0.6660350086156576,0.6,0.0,36.9,,42.6,0.0,0.0,50.0,0.0,23.64,36.8,XLY,36.26959390862943,False,rejected_by_pre_entry_checks,,,23.729,0.6746,24.065,2.1001
2026-09-28,2026-09-28T13:33:15.567273,VKTX,RAPID_DECREASE_CANDIDATE,34.66,-0.331,-0.327,-0.004,1.0,4.7605,11,0.8,3.248332067979104,5,0.6228616102135653,0.75,0.0,41.8,,35.4,0.0,0.0,50.0,0.0,34.8633,,,36.17788842145512,False,rejected_by_pre_entry_checks,,,34.7,0.1154,35.07,1.1829
2026-09-28,2026-09-28T13:33:15.586561,TWST,RAPID_DECREASE_CANDIDATE,181.61,-0.389,-0.385,-0.004,1.0,16.4969,11,0.8,2.5386757223673873,5,0.8627782041442819,0.9,0.0,40.4,,39.2,0.0,0.0,50.0,0.0,182.3967,,,36.45764588168644,False,rejected_by_pre_entry_checks,,,182.61,0.5506,186.9,2.9128
2026-09-28,2026-09-28T13:33:15.621007,VIAV,RAPID_DECREASE_CANDIDATE,41.19,-0.598,-0.594,-0.004,1.0,10.5365,11,0.6,2.8844733431844105,5,0.8360244868024191,0.8,0.0,35.1,,37.5,0.0,0.0,50.0,0.0,41.3967,,,35.1578685884532,False,rejected_by_pre_entry_checks,,,39.27,-4.6613,39.725,-3.5567
2026-09-28,2026-09-28T13:33:15.637300,MRNA,RAPID_DECREASE_CANDIDATE,193.7,-1.18,-1.176,-0.004,1.0,4.3056,11,1.0,3.63816316910259,5,0.3542739612420701,0.65,0.0,20.6,,24.4,0.0,0.0,50.0,0.0,195.7057,20.5,XLV,30.276856299511014,False,rejected_by_pre_entry_checks,,,191.1975,-1.2919,197.64,2.0341
2026-09-28,2026-09-28T13:33:15.657308,RMBS,RAPID_DECREASE_CANDIDATE,103.5,-0.507,-0.503,-0.004,1.0,11.4106,11,1.0,3.5921187079685986,5,0.6391017039001283,0.7333333333333333,0.0,37.4,,41.2,0.0,0.0,50.0,0.0,103.8667,,,36.16118741976895,False,rejected_by_pre_entry_checks,,,101.325,-2.1014,102.71,-0.7633
2026-09-28,2026-09-28T13:33:15.674102,TXG,RAPID_DECREASE_CANDIDATE,86.62,-0.368,-0.364,-0.004,1.0,30.2009,11,0.6,1.764068263321942,5,0.8088586851744765,0.85,0.0,40.9,,38.9,0.0,0.0,50.0,0.0,87.0072,,,36.511029565741104,False,rejected_by_pre_entry_checks,,,87.285,0.7677,88.08,1.6855
2026-09-28,2026-09-28T13:33:15.691598,P,RAPID_DECREASE_CANDIDATE,129.59,-0.598,-0.594,-0.004,1.0,6.3971,11,0.6,4.895076230386623,5,0.5700187605349776,0.7666666666666666,0.0,35.1,,40.6,0.0,0.0,50.0,0.0,130.0771,,,35.625640945346866,False,rejected_by_pre_entry_checks,,,128.25,-1.034,127.335,-1.7401
2026-09-28,2026-09-28T13:33:15.707530,QCOM,RAPID_DECREASE_CANDIDATE,196.51,-0.492,-0.488,-0.004,1.0,5.5722,11,0.6,1.2410526812384155,5,0.3570545026278345,0.55,0.0,37.8,,39.4,0.0,0.0,50.0,0.0,197.3433,37.7,SMH,35.97646538182184,False,rejected_by_pre_entry_checks,,,188.1,-4.2797,189.74,-3.4451
2026-09-28,2026-09-28T13:33:19.078408,GRAL,RAPID_DECREASE_CANDIDATE,131.05,-0.629,-0.625,-0.004,1.0,5.6696,8,0.8,4.915730979976147,5,0.5465175439728505,0.7166666666666666,0.0,34.4,,56.5,13.0,0.0,50.0,0.0,130.71,,,35.89955818223547,False,rejected_by_pre_entry_checks,,,131.11,0.0458,132.37,1.0072
2026-09-28,2026-09-28T13:33:19.094456,BE,RAPID_DECREASE_CANDIDATE,276.515,-1.015,-1.011,-0.004,1.0,5.5838,8,1.0,2.9777657977747474,5,0.41786743572907614,0.7,0.0,24.7,,22.6,0.0,0.0,50.0,0.0,279.58,,,30.83392266971886,False,rejected_by_pre_entry_checks,,,267.795,-3.1535,270.42,-2.2042
2026-09-28,2026-09-28T13:33:19.112326,GME,RAPID_DECREASE_CANDIDATE,23.5546,-0.593,-0.589,-0.004,1.0,0.5944,8,0.4,1.0867770706496627,5,0.6660350086156576,0.6,0.0,35.3,,41.0,0.0,0.0,50.0,0.0,23.64,35.2,XLY,35.70030456852791,False,rejected_by_pre_entry_checks,,,23.729,0.7404,24.065,2.1669
2026-09-28,2026-09-28T13:33:19.138453,VIAV,RAPID_DECREASE_CANDIDATE,41.2955,-0.343,-0.339,-0.004,1.0,10.5096,8,0.6,2.8844733431844105,5,0.8360244868024191,0.8,0.0,41.5,,43.9,0.0,0.0,50.0,0.0,41.3967,,,37.38856147837985,False,rejected_by_pre_entry_checks,,,39.27,-4.9049,39.725,-3.8031
2026-09-28,2026-09-28T13:33:19.154646,MRNA,RAPID_DECREASE_CANDIDATE,194.8599,-0.588,-0.584,-0.004,1.0,4.28,8,1.0,3.63816316910259,5,0.3542739612420701,0.65,0.0,35.4,,39.2,0.0,0.0,50.0,0.0,195.7057,35.3,XLV,35.45939030891633,False,rejected_by_pre_entry_checks,,,191.1975,-1.8795,197.64,1.4267
2026-09-28,2026-09-28T13:33:19.174964,TXG,RAPID_DECREASE_CANDIDATE,86.315,-0.719,-0.715,-0.004,1.0,30.3076,8,0.6,1.764068263321942,5,0.8088586851744765,0.85,0.0,32.1,,30.1,0.0,0.0,50.0,0.0,87.0072,,,33.44148368698847,False,rejected_by_pre_entry_checks,,,87.285,1.1238,88.08,2.0448
2026-09-28,2026-09-28T13:33:19.194521,QCOM,RAPID_DECREASE_CANDIDATE,195.8609,-0.821,-0.817,-0.004,1.0,5.5907,8,0.6,1.2410526812384155,5,0.3570545026278345,0.55,0.0,29.6,,31.2,0.0,0.0,50.0,0.0,197.3433,29.5,SMH,33.098018597030524,False,rejected_by_pre_entry_checks,,,188.1,-3.9625,189.74,-3.1251
2026-09-28,2026-09-28T13:33:19.213570,INTC,RAPID_DECREASE_CANDIDATE,120.38,-0.306,-0.302,-0.004,1.0,0.0498,8,0.6,1.683915415417859,5,0.7641607066296857,0.7,0.0,42.5,,34.6,0.0,0.0,50.0,100.0,121.1283,42.4,SMH,41.173242291233805,False,rejected_by_pre_entry_checks,,,117.085,-2.7372,118.57,-1.5036
2026-09-28,2026-09-28T13:33:22.410379,BE,RAPID_DECREASE_CANDIDATE,275.61,-1.339,-1.335,-0.004,1.0,9.0309,6,1.0,2.9777657977747474,5,0.41786743572907614,0.7,0.0,16.6,,14.5,0.0,0.0,50.0,0.0,279.58,,,28.00004828671582,False,rejected_by_pre_entry_checks,,,267.795,-2.8355,270.42,-1.8831
2026-09-28,2026-09-28T13:33:22.460871,GME,RAPID_DECREASE_CANDIDATE,23.59,-0.443,-0.439,-0.004,1.0,0.6783,6,0.4,1.0867770706496627,5,0.6660350086156576,0.6,0.0,39.0,,44.7,0.0,0.0,50.0,0.0,23.64,38.9,XLY,37.011852791878155,False,rejected_by_pre_entry_checks,,,23.729,0.5892,24.065,2.0136
2026-09-28,2026-09-28T13:33:22.489303,MRNA,RAPID_DECREASE_CANDIDATE,194.2903,-0.878,-0.874,-0.004,1.0,4.2925,6,1.0,3.63816316910259,5,0.3542739612420701,0.65,0.0,28.1,,31.9,0.0,0.0,50.0,0.0,195.7057,28.1,XLV,32.91795538197672,False,rejected_by_pre_entry_checks,,,191.1975,-1.5918,197.64,1.7241
2026-09-28,2026-09-28T13:33:22.505150,TXG,RAPID_DECREASE_CANDIDATE,86.63,-0.357,-0.353,-0.004,1.0,30.1974,6,0.6,1.764068263321942,5,0.8088586851744765,0.85,0.0,41.2,,39.2,0.0,0.0,50.0,0.0,87.0072,,,36.609129430618204,False,rejected_by_pre_entry_checks,,,87.285,0.7561,88.08,1.6738
2026-09-28,2026-09-28T13:33:22.523512,P,RAPID_DECREASE_CANDIDATE,129.895,-0.364,-0.36,-0.004,1.0,6.3821,6,0.6,4.895076230386623,5,0.5700187605349776,0.7666666666666666,0.0,41.0,,46.5,0.0,0.0,50.0,0.0,130.0771,,,37.67492692797147,False,rejected_by_pre_entry_checks,,,128.25,-1.2664,127.335,-1.9708
2026-09-28,2026-09-28T13:33:22.540639,QCOM,RAPID_DECREASE_CANDIDATE,195.915,-0.793,-0.789,-0.004,1.0,5.5892,6,0.6,1.2410526812384155,5,0.3570545026278345,0.55,0.0,30.3,,31.9,0.0,0.0,50.0,0.0,197.3433,30.2,SMH,33.34082166444266,False,rejected_by_pre_entry_checks,,,188.1,-3.989,189.74,-3.1519
2026-09-28,2026-09-28T13:33:25.905028,GRAL,RAPID_DECREASE_CANDIDATE,131.05,-0.629,-0.625,-0.004,1.0,5.6696,8,0.8,4.915730979976147,5,0.5465175439728505,0.7166666666666666,0.0,34.4,50.0,56.5,13.0,0.0,50.0,0.0,130.71,,,38.24963181852956,False,rejected_by_pre_entry_checks,,,131.11,0.0458,132.37,1.0072
2026-09-28,2026-09-28T13:33:25.922833,BE,RAPID_DECREASE_CANDIDATE,275.0,-1.557,-1.553,-0.004,1.0,11.0691,8,1.0,2.9777657977747474,5,0.41786743572907614,0.7,0.0,11.2,50.0,9.0,0.0,0.0,50.0,0.0,279.58,,,30.07654726136826,False,rejected_by_pre_entry_checks,,,267.795,-2.62,270.42,-1.6655
2026-09-28,2026-09-28T13:33:25.943327,GME,RAPID_DECREASE_CANDIDATE,23.6,-0.401,-0.397,-0.004,1.0,0.7203,8,0.4,1.0867770706496627,5,0.6660350086156576,0.6,0.0,40.1,50.0,45.8,0.0,0.0,50.0,0.0,23.64,40.0,XLY,39.48373519458545,False,rejected_by_pre_entry_checks,,,23.729,0.5466,24.065,1.9703
2026-09-28,2026-09-28T13:33:25.960670,VKTX,RAPID_DECREASE_CANDIDATE,34.65,-0.359,-0.355,-0.004,1.0,4.7619,8,0.8,3.248332067979104,5,0.6228616102135653,0.75,0.0,41.1,50.0,34.7,0.0,0.0,50.0,0.0,34.8633,,,38.27527129744713,False,rejected_by_pre_entry_checks,,,34.7,0.1443,35.07,1.2121
2026-09-28,2026-09-28T13:33:25.976900,VIAV,RAPID_DECREASE_CANDIDATE,41.28,-0.381,-0.377,-0.004,1.0,10.5136,8,0.6,2.8844733431844105,5,0.8360244868024191,0.8,0.0,40.6,50.0,43.0,0.0,0.0,50.0,0.0,41.3967,,,39.215126352094906,False,rejected_by_pre_entry_checks,,,39.27,-4.8692,39.725,-3.767
2026-09-28,2026-09-28T13:33:25.993326,MRNA,RAPID_DECREASE_CANDIDATE,194.6999,-0.669,-0.665,-0.004,1.0,4.2835,8,1.0,3.63816316910259,5,0.3542739612420701,0.65,0.0,33.4,50.0,37.2,0.0,0.0,50.0,0.0,195.7057,33.3,XLV,37.28983955355861,False,rejected_by_pre_entry_checks,,,191.1975,-1.7989,197.64,1.5101
2026-09-28,2026-09-28T13:33:26.011388,P,RAPID_DECREASE_CANDIDATE,129.17,-0.92,-0.916,-0.004,1.0,6.4179,8,0.6,4.895076230386623,5,0.5700187605349776,0.7666666666666666,0.0,27.1,50.0,32.6,0.0,0.0,50.0,0.0,130.0771,,,35.67068408641637,False,rejected_by_pre_entry_checks,,,128.25,-0.7122,127.335,-1.4206
2026-09-28,2026-09-28T13:33:26.028020,QCOM,RAPID_DECREASE_CANDIDATE,195.84,-0.831,-0.827,-0.004,1.0,5.5913,8,0.6,1.2410526812384155,5,0.3570545026278345,0.55,0.0,29.3,50.0,31.0,0.0,0.0,50.0,0.0,197.3433,29.2,SMH,35.84025295733887,False,rejected_by_pre_entry_checks,,,188.1,-3.9522,189.74,-3.1148
2026-09-28,2026-09-28T13:33:29.462804,BE,RAPID_DECREASE_CANDIDATE,275.15,-1.503,-1.499,-0.004,1.0,11.0631,9,1.0,2.9777657977747474,5,0.41786743572907614,0.7,0.0,12.5,50.0,10.4,0.0,0.0,50.0,0.0,279.58,,,30.469209468965342,False,rejected_by_pre_entry_checks,,,267.795,-2.6731,270.42,-1.7191
2026-09-28,2026-09-28T13:33:29.479253,GME,RAPID_DECREASE_CANDIDATE,23.605,-0.38,-0.376,-0.004,1.0,0.5084,9,0.4,1.0867770706496627,5,0.6660350086156576,0.6,0.0,40.6,50.0,46.3,0.0,0.0,50.0,0.0,23.64,40.5,XLY,39.63733079526226,False,rejected_by_pre_entry_checks,,,23.729,0.5253,24.065,1.9487
2026-09-28,2026-09-28T13:33:29.498225,VIAV,RAPID_DECREASE_CANDIDATE,41.226,-0.511,-0.507,-0.004,1.0,10.5273,9,0.6,2.8844733431844105,5,0.8360244868024191,0.8,0.0,37.3,50.0,39.7,0.0,0.0,50.0,0.0,41.3967,,,38.265818168397864,False,rejected_by_pre_entry_checks,,,39.27,-4.7446,39.725,-3.6409
2026-09-28,2026-09-28T13:33:29.517113,MRNA,RAPID_DECREASE_CANDIDATE,194.03,-1.011,-1.007,-0.004,1.0,4.2983,9,1.0,3.63816316910259,5,0.3542739612420701,0.65,0.0,24.8,50.0,28.6,0.0,0.0,50.0,0.0,195.7057,24.7,XLV,34.79515284716106,False,rejected_by_pre_entry_checks,,,191.1975,-1.4598,197.64,1.8605
2026-09-28,2026-09-28T13:33:29.535486,RMBS,RAPID_DECREASE_CANDIDATE,103.67,-0.344,-0.34,-0.004,1.0,11.3919,9,1.0,3.5921187079685986,5,0.6391017039001283,0.7333333333333333,0.0,41.5,50.0,45.3,0.0,0.0,50.0,0.0,103.8667,,,39.65829589216943,False,rejected_by_pre_entry_checks,,,101.325,-2.262,102.71,-0.926
2026-09-28,2026-09-28T13:33:29.559349,TXG,RAPID_DECREASE_CANDIDATE,86.63,-0.357,-0.353,-0.004,1.0,30.1974,9,0.6,1.764068263321942,5,0.8088586851744765,0.85,0.0,41.2,50.0,39.2,0.0,0.0,50.0,0.0,87.0072,,,38.84094119218184,False,rejected_by_pre_entry_checks,,,87.285,0.7561,88.08,1.6738
2026-09-28,2026-09-28T13:33:29.579742,P,RAPID_DECREASE_CANDIDATE,129.24,-0.867,-0.863,-0.004,1.0,6.4144,9,0.6,4.895076230386623,5,0.5700187605349776,0.7666666666666666,0.0,28.4,50.0,33.9,0.0,0.0,50.0,0.0,130.0771,,,36.05968686997853,False,rejected_by_pre_entry_checks,,,128.25,-0.766,127.335,-1.474
2026-09-28,2026-09-28T13:33:29.597334,AVGO,RAPID_DECREASE_CANDIDATE,354.34,-0.304,-0.3,-0.004,1.0,0.0847,9,0.0,0.2750426898280892,5,0.41849432676739406,0.55,0.0,42.5,50.0,43.3,0.0,0.0,50.0,92.3,355.2867,42.4,SMH,43.42937608719362,False,rejected_by_pre_entry_checks,,,352.27,-0.5842,351.655,-0.7577
2026-09-28,2026-09-28T13:33:29.614392,QCOM,RAPID_DECREASE_CANDIDATE,195.926,-0.788,-0.784,-0.004,1.0,5.5888,9,0.6,1.2410526812384155,5,0.3570545026278345,0.55,0.0,30.4,50.0,32.0,0.0,0.0,50.0,0.0,197.3433,30.3,SMH,36.155603601168835,False,rejected_by_pre_entry_checks,,,188.1,-3.9944,189.74,-3.1573
2026-09-28,2026-09-28T13:33:32.839847,BE,RAPID_DECREASE_CANDIDATE,275.39,-1.418,-1.414,-0.004,1.0,11.0534,8,1.0,2.9777657977747474,5,0.41786743572907614,0.7,0.0,14.6,50.0,12.5,0.0,0.0,50.0,0.0,279.58,,,31.091635667787397,False,rejected_by_pre_entry_checks,,,267.795,-2.7579,270.42,-1.8047
2026-09-28,2026-09-28T13:33:32.858649,GME,RAPID_DECREASE_CANDIDATE,23.585,-0.464,-0.46,-0.004,1.0,5.7664,8,0.4,1.0867770706496627,5,0.6660350086156576,0.6,0.0,38.5,50.0,44.2,0.0,0.0,50.0,0.0,23.64,38.4,XLY,39.02294839255499,False,rejected_by_pre_entry_checks,,,23.729,0.6106,24.065,2.0352
2026-09-28,2026-09-28T13:33:32.875789,MRNA,RAPID_DECREASE_CANDIDATE,194.5178,-0.762,-0.758,-0.004,1.0,2.4162,8,1.0,3.63816316910259,5,0.3542739612420701,0.65,0.0,31.1,50.0,34.8,0.0,0.0,50.0,0.0,195.7057,30.9,XLV,36.61156488683968,False,rejected_by_pre_entry_checks,,,191.1975,-1.7069,197.64,1.6051
2026-09-28,2026-09-28T13:33:32.891063,RMBS,RAPID_DECREASE_CANDIDATE,103.67,-0.344,-0.34,-0.004,1.0,11.3919,8,1.0,3.5921187079685986,5,0.6391017039001283,0.7333333333333333,0.0,41.5,50.0,45.3,0.0,0.0,50.0,0.0,103.8667,,,39.65829589216943,False,rejected_by_pre_entry_checks,,,101.325,-2.262,102.71,-0.926
2026-09-28,2026-09-28T13:33:32.908696,TXG,RAPID_DECREASE_CANDIDATE,86.63,-0.357,-0.353,-0.004,1.0,30.1974,8,0.6,1.764068263321942,5,0.8088586851744765,0.85,0.0,41.2,50.0,39.2,0.0,0.0,50.0,0.0,87.0072,,,38.84094119218184,False,rejected_by_pre_entry_checks,,,87.285,0.7561,88.08,1.6738
2026-09-28,2026-09-28T13:33:32.930208,P,RAPID_DECREASE_CANDIDATE,128.4005,-1.511,-1.507,-0.004,1.0,6.4564,8,0.6,4.895076230386623,5,0.5700187605349776,0.7666666666666666,0.0,12.3,50.0,17.8,0.0,0.0,50.0,0.0,130.0771,,,31.359521344258788,False,rejected_by_pre_entry_checks,,,128.25,-0.1172,127.335,-0.8298
2026-09-28,2026-09-28T13:33:32.953714,AVGO,RAPID_DECREASE_CANDIDATE,354.1241,-0.364,-0.36,-0.004,1.0,1.0477,8,0.0,0.2750426898280892,5,0.41849432676739406,0.55,0.0,41.0,50.0,41.8,0.0,0.0,50.0,0.0,355.2867,40.9,SMH,39.14410624597344,False,rejected_by_pre_entry_checks,,,352.27,-0.5236,351.655,-0.6972
2026-09-28,2026-09-28T13:33:32.985891,QCOM,RAPID_DECREASE_CANDIDATE,195.8839,-0.809,-0.805,-0.004,1.0,5.59,8,0.6,1.2410526812384155,5,0.3570545026278345,0.55,0.0,29.9,50.0,31.5,0.0,0.0,50.0,0.0,197.3433,29.8,SMH,36.00143679374357,False,rejected_by_pre_entry_checks,,,188.1,-3.9737,189.74,-3.1365
2026-09-28,2026-09-28T13:33:36.240474,BE,RAPID_DECREASE_CANDIDATE,276.45,-1.038,-1.034,-0.004,1.0,11.011,8,1.0,2.9777657977747474,5,0.41786743572907614,0.7,0.0,24.1,50.0,22.0,0.0,0.0,50.0,0.0,279.58,,,33.859781934806975,False,rejected_by_pre_entry_checks,,,267.795,-3.1308,270.42,-2.1812
2026-09-28,2026-09-28T13:33:36.264380,GME,RAPID_DECREASE_CANDIDATE,23.62,-0.317,-0.313,-0.004,1.0,5.7578,8,0.4,1.0867770706496627,5,0.6660350086156576,0.6,0.0,42.2,50.0,47.9,0.0,0.0,50.0,0.0,23.64,42.1,XLY,40.09811759729272,False,rejected_by_pre_entry_checks,,,23.729,0.4615,24.065,1.884
2026-09-28,2026-09-28T13:33:36.282483,TWST,RAPID_DECREASE_CANDIDATE,181.32,-0.548,-0.544,-0.004,1.0,18.0344,8,0.8,2.5386757223673873,5,0.8627782041442819,0.9,0.0,36.4,50.0,35.2,0.0,0.0,50.0,0.0,182.3967,,,37.55534823370307,False,rejected_by_pre_entry_checks,,,182.61,0.7114,186.9,3.0774
2026-09-28,2026-09-28T13:33:36.304052,MRNA,RAPID_DECREASE_CANDIDATE,194.45,-0.797,-0.793,-0.004,1.0,4.289,8,1.0,3.63816316910259,5,0.3542739612420701,0.65,0.0,30.2,50.0,34.0,0.0,0.0,50.0,0.0,195.7057,30.1,XLV,36.357469486490736,False,rejected_by_pre_entry_checks,,,191.1975,-1.6727,197.64,1.6405
2026-09-28,2026-09-28T13:33:36.320799,TXG,RAPID_DECREASE_CANDIDATE,86.63,-0.357,-0.353,-0.004,1.0,30.1974,8,0.6,1.764068263321942,5,0.8088586851744765,0.85,0.0,41.2,50.0,39.2,0.0,0.0,50.0,0.0,87.0072,,,38.84094119218178,False,rejected_by_pre_entry_checks,,,87.285,0.7561,88.08,1.6738
2026-09-28,2026-09-28T13:33:36.357398,P,RAPID_DECREASE_CANDIDATE,128.6565,-1.314,-1.31,-0.004,1.0,6.4435,8,0.6,4.895076230386623,5,0.5700187605349776,0.7666666666666666,0.0,17.2,50.0,22.7,0.0,0.0,50.0,0.0,130.0771,,,32.79537438128588,False,rejected_by_pre_entry_checks,,,128.25,-0.316,127.335,-1.0272
2026-09-28,2026-09-28T13:33:36.374712,AVGO,RAPID_DECREASE_CANDIDATE,354.2988,-0.315,-0.311,-0.004,1.0,1.0076,8,0.0,0.2750426898280892,5,0.41849432676739406,0.55,0.0,42.2,50.0,43.0,0.0,0.0,50.0,0.0,355.2867,42.1,SMH,39.50193404074326,False,rejected_by_pre_entry_checks,,,352.27,-0.5726,351.655,-0.7462
2026-09-28,2026-09-28T13:33:36.393178,QCOM,RAPID_DECREASE_CANDIDATE,195.85,-0.826,-0.822,-0.004,1.0,5.591,8,0.6,1.2410526812384155,5,0.3570545026278345,0.55,0.0,29.5,50.0,31.1,0.0,0.0,50.0,0.0,197.3433,29.4,SMH,35.87692163685397,False,rejected_by_pre_entry_checks,,,188.1,-3.9571,189.74,-3.1197
2026-09-28,2026-09-28T13:33:39.722845,GRAL,RAPID_DECREASE_CANDIDATE,130.2,-1.274,-1.27,-0.004,1.0,5.7066,9,0.8,4.915730979976147,5,0.5465175439728505,0.7166666666666666,0.0,18.2,50.0,40.2,0.0,0.0,50.0,0.0,130.71,,,35.155697727794305,False,rejected_by_pre_entry_checks,,,131.11,0.6989,132.37,1.6667
2026-09-28,2026-09-28T13:33:39.742689,BE,RAPID_DECREASE_CANDIDATE,275.39,-1.418,-1.414,-0.004,1.0,11.0534,9,1.0,2.9777657977747474,5,0.41786743572907614,0.7,0.0,14.6,50.0,12.5,0.0,0.0,50.0,0.0,279.58,,,31.091635667787397,False,rejected_by_pre_entry_checks,,,267.795,-2.7579,270.42,-1.8047
2026-09-28,2026-09-28T13:33:39.758864,GME,RAPID_DECREASE_CANDIDATE,23.58,-0.485,-0.481,-0.004,1.0,5.7252,9,0.4,1.0867770706496627,5,0.6660350086156576,0.6,0.0,38.0,50.0,43.7,0.0,0.0,50.0,0.0,23.64,37.9,XLY,38.869352791878136,False,rejected_by_pre_entry_checks,,,23.729,0.6319,24.065,2.0568
2026-09-28,2026-09-28T13:33:39.778614,TWST,RAPID_DECREASE_CANDIDATE,181.19,-0.62,-0.616,-0.004,1.0,18.0474,9,0.8,2.5386757223673873,5,0.8627782041442819,0.9,0.0,34.6,50.0,33.5,0.0,0.0,50.0,0.0,182.3967,,,37.03261938266414,False,rejected_by_pre_entry_checks,,,182.61,0.7837,186.9,3.1514
2026-09-28,2026-09-28T13:33:39.796531,MRNA,RAPID_DECREASE_CANDIDATE,194.97,-0.532,-0.528,-0.004,1.0,2.0208,9,1.0,3.63816316910259,5,0.3542739612420701,0.65,0.0,36.8,50.0,40.6,0.0,0.0,50.0,0.0,195.7057,36.7,XLV,38.29196469074026,False,rejected_by_pre_entry_checks,,,191.1975,-1.9349,197.64,1.3694
2026-09-28,2026-09-28T13:33:39.814478,TXG,RAPID_DECREASE_CANDIDATE,86.63,-0.357,-0.353,-0.004,1.0,15.2603,9,0.6,1.764068263321942,5,0.8088586851744765,0.85,0.0,41.2,50.0,39.2,0.0,0.0,50.0,0.0,87.0072,,,38.84094119218178,False,rejected_by_pre_entry_checks,,,87.285,0.7561,88.08,1.6738
2026-09-28,2026-09-28T13:33:39.831371,P,RAPID_DECREASE_CANDIDATE,128.8375,-1.176,-1.172,-0.004,1.0,6.4345,9,0.6,4.895076230386623,5,0.5700187605349776,0.7666666666666666,0.0,20.7,50.0,26.2,0.0,0.0,50.0,0.0,130.0771,,,33.805212531163136,False,rejected_by_pre_entry_checks,,,128.25,-0.456,127.335,-1.1662
2026-09-28,2026-09-28T13:33:39.849154,AVGO,RAPID_DECREASE_CANDIDATE,354.2488,-0.329,-0.325,-0.004,1.0,1.0473,9,0.0,0.2750426898280892,5,0.41849432676739406,0.55,0.0,41.9,50.0,42.7,0.0,0.0,50.0,0.0,355.2867,41.8,SMH,39.399622136115376,False,rejected_by_pre_entry_checks,,,352.27,-0.5586,351.655,-0.7322
2026-09-28,2026-09-28T13:33:39.867455,QCOM,RAPID_DECREASE_CANDIDATE,196.1475,-0.676,-0.672,-0.004,1.0,5.5825,9,0.6,1.2410526812384155,5,0.3570545026278345,0.55,0.0,33.2,50.0,34.9,0.0,0.0,50.0,0.0,197.3433,33.1,SMH,36.97302318576199,False,rejected_by_pre_entry_checks,,,188.1,-4.1028,189.74,-3.2667
2026-09-28,2026-09-28T13:33:43.243889,BE,RAPID_DECREASE_CANDIDATE,275.32,-1.443,-1.439,-0.004,1.0,11.0562,8,1.0,2.9777657977747474,5,0.41786743572907614,0.7,0.0,14.0,50.0,11.9,0.0,0.0,50.0,0.0,279.58,,,30.909226637575475,False,rejected_by_pre_entry_checks,,,267.795,-2.7332,270.42,-1.7797
2026-09-28,2026-09-28T13:33:43.259484,TWST,RAPID_DECREASE_CANDIDATE,181.19,-0.62,-0.616,-0.004,1.0,2.0972,8,0.8,2.5386757223673873,5,0.8627782041442819,0.9,0.0,34.6,50.0,33.5,0.0,0.0,50.0,0.0,182.3967,,,37.03261938266414,False,rejected_by_pre_entry_checks,,,182.61,0.7837,186.9,3.1514
2026-09-28,2026-09-28T13:33:43.278559,VIAV,RAPID_DECREASE_CANDIDATE,41.14,-0.718,-0.714,-0.004,1.0,10.5493,8,0.6,2.8844733431844105,5,0.8360244868024191,0.8,0.0,32.2,50.0,34.5,0.0,0.0,50.0,0.0,41.3967,,,36.754111307942175,False,rejected_by_pre_entry_checks,,,39.27,-4.5455,39.725,-3.4395
2026-09-28,2026-09-28T13:33:43.295410,MRNA,RAPID_DECREASE_CANDIDATE,195.0634,-0.484,-0.48,-0.004,1.0,0.3691,8,1.0,3.63816316910259,5,0.3542739612420701,0.65,0.0,38.0,50.0,41.8,0.0,0.0,50.0,29.1,195.7057,37.9,XLV,39.853141507412374,False,rejected_by_pre_entry_checks,,,191.1975,-1.9819,197.64,1.3209
2026-09-28,2026-09-28T13:33:43.315013,TXG,RAPID_DECREASE_CANDIDATE,86.5,-0.506,-0.502,-0.004,1.0,15.2832,8,0.6,1.764068263321942,5,0.8088586851744765,0.85,0.0,37.5,50.0,35.4,0.0,0.0,50.0,0.0,87.0072,,,37.75319265601284,False,rejected_by_pre_entry_checks,,,87.285,0.9075,88.08,1.8266
2026-09-28,2026-09-28T13:33:43.331529,P,RAPID_DECREASE_CANDIDATE,128.815,-1.193,-1.189,-0.004,1.0,6.4356,8,0.6,4.895076230386623,5,0.5700187605349776,0.7666666666666666,0.0,20.3,50.0,25.7,0.0,0.0,50.0,0.0,130.0771,,,33.68032473168482,False,rejected_by_pre_entry_checks,,,128.25,-0.4386,127.335,-1.1489
2026-09-28,2026-09-28T13:33:43.369035,AVGO,RAPID_DECREASE_CANDIDATE,354.2,-0.343,-0.339,-0.004,1.0,0.991,8,0.0,0.2750426898280892,5,0.41849432676739406,0.55,0.0,41.5,50.0,42.4,0.0,0.0,50.0,0.0,355.2867,41.4,SMH,39.29836571719854,False,rejected_by_pre_entry_checks,,,352.27,-0.5449,351.655,-0.7185
2026-09-28,2026-09-28T13:33:43.401734,QCOM,RAPID_DECREASE_CANDIDATE,196.175,-0.662,-0.658,-0.004,1.0,5.5818,8,0.6,1.2410526812384155,5,0.3570545026278345,0.55,0.0,33.5,50.0,35.2,0.0,0.0,50.0,0.0,197.3433,33.5,SMH,37.074903721095225,False,rejected_by_pre_entry_checks,,,188.1,-4.1162,189.74,-3.2802
2026-09-28,2026-09-28T13:33:46.695866,GRAL,RAPID_DECREASE_CANDIDATE,131.32,-0.425,-0.421,-0.004,1.0,5.6579,9,0.8,4.915730979976147,5,0.5465175439728505,0.7166666666666666,0.0,39.5,50.0,61.7,23.3,0.0,50.0,0.0,130.71,,,38.45411885089125,False,rejected_by_pre_entry_checks,,,131.11,-0.1599,132.37,0.7996
2026-09-28,2026-09-28T13:33:46.713472,BE,RAPID_DECREASE_CANDIDATE,275.18,-1.493,-1.489,-0.004,1.0,11.0619,9,1.0,2.9777657977747474,5,0.41786743572907614,0.7,0.0,12.8,50.0,10.7,0.0,0.0,50.0,0.0,279.58,,,30.544408577151525,False,rejected_by_pre_entry_checks,,,267.795,-2.6837,270.42,-1.7298
2026-09-28,2026-09-28T13:33:46.729829,TWST,RAPID_DECREASE_CANDIDATE,181.14,-0.647,-0.643,-0.004,1.0,2.0978,9,0.8,2.5386757223673873,5,0.8627782041442819,0.9,0.0,33.9,50.0,32.8,0.0,0.0,50.0,0.0,182.3967,,,36.83445443995682,False,rejected_by_pre_entry_checks,,,182.61,0.8115,186.9,3.1799
2026-09-28,2026-09-28T13:33:46.746240,VIAV,RAPID_DECREASE_CANDIDATE,41.145,-0.706,-0.702,-0.004,1.0,10.5481,9,0.6,2.8844733431844105,5,0.8360244868024191,0.8,0.0,32.5,50.0,34.8,0.0,0.0,50.0,0.0,41.3967,,,36.841855892852465,False,rejected_by_pre_entry_checks,,,39.27,-4.5571,39.725,-3.4512
2026-09-28,2026-09-28T13:33:46.763582,MRNA,RAPID_DECREASE_CANDIDATE,195.002,-0.515,-0.511,-0.004,1.0,0.5795,9,1.0,3.63816316910259,5,0.3542739612420701,0.65,0.0,37.2,50.0,41.0,0.0,0.0,50.0,0.0,195.7057,37.1,XLV,38.41389516484794,False,rejected_by_pre_entry_checks,,,191.1975,-1.951,197.64,1.3528
2026-09-28,2026-09-28T13:33:46.780493,TXG,RAPID_DECREASE_CANDIDATE,86.63,-0.357,-0.353,-0.004,1.0,15.2603,9,0.6,1.764068263321942,5,0.8088586851744765,0.85,0.0,41.2,50.0,39.2,0.0,0.0,50.0,0.0,87.0072,,,38.84094119218173,False,rejected_by_pre_entry_checks,,,87.285,0.7561,88.08,1.6738
2026-09-28,2026-09-28T13:33:46.799796,P,RAPID_DECREASE_CANDIDATE,128.7,-1.281,-1.277,-0.004,1.0,6.4413,9,0.6,4.895076230386623,5,0.5700187605349776,0.7666666666666666,0.0,18.1,50.0,23.5,0.0,0.0,50.0,0.0,130.0771,,,33.03737968249946,False,rejected_by_pre_entry_checks,,,128.25,-0.3497,127.335,-1.0606
2026-09-28,2026-09-28T13:33:46.835533,AVGO,RAPID_DECREASE_CANDIDATE,353.712,-0.48,-0.476,-0.004,1.0,0.8481,9,0.0,0.2750426898280892,5,0.41849432676739406,0.55,0.0,38.1,50.0,38.9,0.0,0.0,50.0,0.0,355.2867,38.0,SMH,38.298301528030485,False,rejected_by_pre_entry_checks,,,352.27,-0.4077,351.655,-0.5815
2026-09-28,2026-09-28T13:33:46.857326,QCOM,RAPID_DECREASE_CANDIDATE,196.16,-0.669,-0.665,-0.004,1.0,5.5822,9,0.6,1.2410526812384155,5,0.3570545026278345,0.55,0.0,33.4,50.0,35.0,0.0,0.0,50.0,0.0,197.3433,33.3,SMH,37.02198403515587,False,rejected_by_pre_entry_checks,,,188.1,-4.1089,189.74,-3.2728
2026-09-28,2026-09-28T13:33:50.161208,GRAL,RAPID_DECREASE_CANDIDATE,131.32,-0.425,-0.421,-0.004,1.0,5.6579,11,0.8,4.915730979976147,5,0.5465175439728505,0.7166666666666666,0.0,39.5,50.0,61.7,23.3,0.0,50.0,0.0,130.71,,,38.45411885089125,False,rejected_by_pre_entry_checks,,,131.11,-0.1599,132.37,0.7996
2026-09-28,2026-09-28T13:33:50.181207,BE,RAPID_DECREASE_CANDIDATE,274.61,-1.697,-1.693,-0.004,1.0,11.0848,11,1.0,2.9777657977747474,5,0.41786743572907614,0.7,0.0,7.7,50.0,5.6,0.0,0.0,50.0,0.0,279.58,,,29.057292188282513,False,rejected_by_pre_entry_checks,,,267.795,-2.4817,270.42,-1.5258
2026-09-28,2026-09-28T13:33:50.204288,TWST,RAPID_DECREASE_CANDIDATE,180.98,-0.735,-0.731,-0.004,1.0,15.5487,11,0.8,2.5386757223673873,5,0.8627782041442819,0.9,0.0,31.7,50.0,30.6,0.0,0.0,50.0,0.0,182.3967,,,36.19365995662685,False,rejected_by_pre_entry_checks,,,182.61,0.9007,186.9,3.2711
2026-09-28,2026-09-28T13:33:50.221565,VIAV,RAPID_DECREASE_CANDIDATE,41.03,-0.984,-0.98,-0.004,1.0,10.5776,11,0.6,2.8844733431844105,5,0.8360244868024191,0.8,0.0,25.5,50.0,27.9,0.0,0.0,50.0,0.0,41.3967,,,34.81539710658409,False,rejected_by_pre_entry_checks,,,39.27,-4.2895,39.725,-3.1806
2026-09-28,2026-09-28T13:33:50.238272,META,RAPID_DECREASE_CANDIDATE,727.91,-0.315,-0.311,-0.004,1.0,0.1745,11,0.8,2.599886317737704,5,0.6583951049863919,0.8,0.0,42.2,50.0,34.4,0.0,0.0,50.0,72.3,732.4893,42.1,XLC,41.43108153633818,False,rejected_by_pre_entry_checks,,,724.2495,-0.5029,725.325,-0.3551
2026-09-28,2026-09-28T13:33:50.257381,MRNA,RAPID_DECREASE_CANDIDATE,195.1188,-0.456,-0.452,-0.004,1.0,0.5791,11,1.0,3.63816316910259,5,0.3542739612420701,0.65,0.0,38.7,50.0,42.5,0.0,0.0,50.0,0.0,195.7057,38.6,XLV,38.84623306200758,False,rejected_by_pre_entry_checks,,,191.1975,-2.0097,197.64,1.2921
2026-09-28,2026-09-28T13:33:50.272956,TXG,RAPID_DECREASE_CANDIDATE,86.63,-0.357,-0.353,-0.004,1.0,15.2603,11,0.6,1.764068263321942,5,0.8088586851744765,0.85,0.0,41.2,50.0,39.2,0.0,0.0,50.0,0.0,87.0072,,,38.84094119218173,False,rejected_by_pre_entry_checks,,,87.285,0.7561,88.08,1.6738
2026-09-28,2026-09-28T13:33:50.291399,P,RAPID_DECREASE_CANDIDATE,129.435,-0.717,-0.713,-0.004,1.0,1.7847,11,0.6,4.895076230386623,5,0.5700187605349776,0.7666666666666666,0.0,32.2,50.0,37.7,0.0,0.0,50.0,0.0,130.0771,,,37.153158909901485,False,rejected_by_pre_entry_checks,,,128.25,-0.9155,127.335,-1.6224
2026-09-28,2026-09-28T13:33:50.334705,INOD,RAPID_DECREASE_CANDIDATE,68.71,-0.363,-0.359,-0.004,1.0,29.5736,11,0.6,1.5908036341558274,5,0.7116439698246293,0.75,0.0,41.0,50.0,41.2,0.0,0.0,50.0,0.0,68.9533,,,39.06803433884427,False,rejected_by_pre_entry_checks,,,67.27,-2.0958,69.19,0.6986
2026-09-28,2026-09-28T13:33:50.356400,AVGO,RAPID_DECREASE_CANDIDATE,353.62,-0.506,-0.502,-0.004,1.0,0.8484,11,0.0,0.2750426898280892,5,0.41849432676739406,0.55,0.0,37.5,50.0,38.3,0.0,0.0,50.0,0.0,355.2867,37.4,SMH,38.10904762351522,False,rejected_by_pre_entry_checks,,,352.27,-0.3818,351.655,-0.5557
2026-09-28,2026-09-28T13:33:50.375101,QCOM,RAPID_DECREASE_CANDIDATE,196.24,-0.629,-0.625,-0.004,1.0,5.5799,11,0.6,1.2410526812384155,5,0.3570545026278345,0.55,0.0,34.4,50.0,36.0,0.0,0.0,50.0,0.0,197.3433,34.3,SMH,37.3153334712768,False,rejected_by_pre_entry_checks,,,188.1,-4.148,189.74,-3.3123
2026-09-28,2026-09-28T13:33:53.674726,GRAL,RAPID_DECREASE_CANDIDATE,131.0,-0.667,-0.663,-0.004,1.0,5.6718,11,0.8,4.915730979976147,5,0.5465175439728505,0.7166666666666666,0.0,33.4,50.0,55.5,11.1,0.0,50.0,0.0,130.71,,,38.210837923647716,False,rejected_by_pre_entry_checks,,,131.11,0.084,132.37,1.0458
2026-09-28,2026-09-28T13:33:53.691711,BE,RAPID_DECREASE_CANDIDATE,275.5722,-1.352,-1.348,-0.004,1.0,6.1254,11,1.0,2.9777657977747474,5,0.41786743572907614,0.7,0.0,16.3,50.0,14.2,0.0,0.0,50.0,0.0,279.58,,,31.57028936261544,False,rejected_by_pre_entry_checks,,,267.795,-2.8222,270.42,-1.8696
2026-09-28,2026-09-28T13:33:53.719518,MXL,RAPID_DECREASE_CANDIDATE,92.945,-0.348,-0.344,-0.004,1.0,21.7656,11,0.8,4.09451630603999,5,0.3855761162613768,0.6166666666666667,0.0,41.4,50.0,45.1,0.0,0.0,50.0,0.0,93.1283,,,39.618142825611045,False,rejected_by_pre_entry_checks,,,89.75,-3.4375,88.39,-4.9007
2026-09-28,2026-09-28T13:33:53.735994,TWST,RAPID_DECREASE_CANDIDATE,180.39,-1.059,-1.055,-0.004,1.0,15.5995,11,0.8,2.5386757223673873,5,0.8627782041442819,0.9,0.0,23.6,50.0,22.5,0.0,0.0,50.0,0.0,182.3967,,,33.83281363268087,False,rejected_by_pre_entry_checks,,,182.61,1.2307,186.9,3.6088
2026-09-28,2026-09-28T13:33:53.761545,VIAV,RAPID_DECREASE_CANDIDATE,41.2407,-0.475,-0.471,-0.004,1.0,10.5236,11,0.6,2.8844733431844105,5,0.8360244868024191,0.8,0.0,38.2,50.0,40.6,0.0,0.0,50.0,0.0,41.3967,,,38.52678724803399,False,rejected_by_pre_entry_checks,,,39.27,-4.7785,39.725,-3.6753
2026-09-28,2026-09-28T13:33:53.781895,META,RAPID_DECREASE_CANDIDATE,727.945,-0.31,-0.306,-0.004,1.0,0.0756,11,0.8,2.599886317737704,5,0.6583951049863919,0.8,0.0,42.4,50.0,34.5,0.0,0.0,50.0,94.3,732.4893,42.2,XLC,42.3825875698248,False,rejected_by_pre_entry_checks,,,724.2495,-0.5077,725.325,-0.3599
2026-09-28,2026-09-28T13:33:53.797891,MRNA,RAPID_DECREASE_CANDIDATE,195.0197,-0.506,-0.502,-0.004,1.0,0.5692,11,1.0,3.63816316910259,5,0.3542739612420701,0.65,0.0,37.5,50.0,41.2,0.0,0.0,50.0,0.0,195.7057,37.4,XLV,38.47965827083877,False,rejected_by_pre_entry_checks,,,191.1975,-1.9599,197.64,1.3436
2026-09-28,2026-09-28T13:33:53.822696,TXG,RAPID_DECREASE_CANDIDATE,86.4,-0.621,-0.617,-0.004,1.0,15.3009,11,0.6,1.764068263321942,5,0.8088586851744765,0.85,0.0,34.6,50.0,32.6,0.0,0.0,50.0,0.0,87.0072,,,36.91486044870335,False,rejected_by_pre_entry_checks,,,87.285,1.0243,88.08,1.9444
2026-09-28,2026-09-28T13:33:53.843319,P,RAPID_DECREASE_CANDIDATE,129.12,-0.959,-0.955,-0.004,1.0,1.789,11,0.6,4.895076230386623,5,0.5700187605349776,0.7666666666666666,0.0,26.1,50.0,31.6,0.0,0.0,50.0,0.0,130.0771,,,35.38806305053873,False,rejected_by_pre_entry_checks,,,128.25,-0.6738,127.335,-1.3824
2026-09-28,2026-09-28T13:33:53.862626,AVGO,RAPID_DECREASE_CANDIDATE,353.8131,-0.452,-0.448,-0.004,1.0,0.8592,11,0.0,0.2750426898280892,5,0.41849432676739406,0.55,0.0,38.8,50.0,39.6,0.0,0.0,50.0,0.0,355.2867,38.7,SMH,38.503892865854695,False,rejected_by_pre_entry_checks,,,352.27,-0.4361,351.655,-0.61
2026-09-28,2026-09-28T13:33:53.879735,QCOM,RAPID_DECREASE_CANDIDATE,196.4691,-0.513,-0.509,-0.004,1.0,5.5734,11,0.6,1.2410526812384155,5,0.3570545026278345,0.55,0.0,37.3,50.0,38.9,0.0,0.0,50.0,0.0,197.3433,37.2,SMH,38.16145458563473,False,rejected_by_pre_entry_checks,,,188.1,-4.2598,189.74,-3.425
2026-09-28,2026-09-28T13:33:57.107795,BE,RAPID_DECREASE_CANDIDATE,274.84,-1.614,-1.61,-0.004,1.0,11.0755,10,1.0,2.9777657977747474,5,0.41786743572907614,0.7,0.0,9.8,50.0,7.6,0.0,0.0,50.0,0.0,279.58,,,29.660207573264703,False,rejected_by_pre_entry_checks,,,267.795,-2.5633,270.51,-1.5755
2026-09-28,2026-09-28T13:33:57.128947,MXL,RAPID_DECREASE_CANDIDATE,92.83,-0.472,-0.468,-0.004,1.0,21.7925,10,0.8,4.09451630603999,5,0.3855761162613768,0.6166666666666667,0.0,38.3,50.0,42.0,0.0,0.0,50.0,0.0,93.1283,,,38.71558393137312,False,rejected_by_pre_entry_checks,,,89.75,-3.3179,88.41,-4.7614
2026-09-28,2026-09-28T13:33:57.149415,TWST,RAPID_DECREASE_CANDIDATE,180.39,-1.059,-1.055,-0.004,1.0,15.5995,10,0.8,2.5386757223673873,5,0.8627782041442819,0.9,0.0,23.6,50.0,22.5,0.0,0.0,50.0,0.0,182.3967,,,33.83281363268087,False,rejected_by_pre_entry_checks,,,182.61,1.2307,187.2,3.7752
2026-09-28,2026-09-28T13:33:57.198372,VIAV,RAPID_DECREASE_CANDIDATE,41.06,-0.911,-0.907,-0.004,1.0,10.5699,10,0.6,2.8844733431844105,5,0.8360244868024191,0.8,0.0,27.3,50.0,29.7,0.0,0.0,50.0,0.0,41.3967,,,35.34603128271208,False,rejected_by_pre_entry_checks,,,39.27,-4.3595,39.82,-3.02
2026-09-28,2026-09-28T13:33:57.242764,META,RAPID_DECREASE_CANDIDATE,727.54,-0.366,-0.362,-0.004,1.0,2.2377,10,0.8,2.599886317737704,5,0.6583951049863919,0.8,0.0,41.0,50.0,33.1,0.0,0.0,50.0,0.0,732.4893,40.9,XLC,38.046840505087935,False,rejected_by_pre_entry_checks,,,724.2495,-0.4523,724.53,-0.4137
2026-09-28,2026-09-28T13:33:57.259624,MRNA,RAPID_DECREASE_CANDIDATE,195.2391,-0.394,-0.39,-0.004,1.0,5.88,10,1.0,3.63816316910259,5,0.3542739612420701,0.65,0.0,40.2,50.0,44.0,0.0,0.0,50.0,0.0,195.7057,40.1,XLV,39.296659708939416,False,rejected_by_pre_entry_checks,,,191.1975,-2.0701,197.6908,1.2557
2026-09-28,2026-09-28T13:33:57.296494,TXG,RAPID_DECREASE_CANDIDATE,86.315,-0.719,-0.715,-0.004,1.0,15.316,10,0.6,1.764068263321942,5,0.8088586851744765,0.85,0.0,32.1,50.0,30.1,0.0,0.0,50.0,0.0,87.0072,,,36.20123640582362,False,rejected_by_pre_entry_checks,,,87.285,1.1238,88.045,2.0043
2026-09-28,2026-09-28T13:33:57.391622,P,RAPID_DECREASE_CANDIDATE,129.529,-0.645,-0.641,-0.004,1.0,1.7834,10,0.6,4.895076230386623,5,0.5700187605349776,0.7666666666666666,0.0,34.0,50.0,39.5,0.0,0.0,50.0,0.0,130.0771,,,37.67898645735159,False,rejected_by_pre_entry_checks,,,128.25,-0.9874,127.6225,-1.4719
2026-09-28,2026-09-28T13:33:57.414966,AVGO,RAPID_DECREASE_CANDIDATE,353.97,-0.408,-0.404,-0.004,1.0,0.8786,10,0.0,0.2750426898280892,5,0.41849432676739406,0.55,0.0,39.9,50.0,40.7,0.0,0.0,50.0,0.0,355.2867,39.8,SMH,38.82523095591031,False,rejected_by_pre_entry_checks,,,352.27,-0.4803,351.75,-0.6272
2026-09-28,2026-09-28T13:33:57.439361,QCOM,RAPID_DECREASE_CANDIDATE,196.14,-0.679,-0.675,-0.004,1.0,5.5827,10,0.6,1.2410526812384155,5,0.3570545026278345,0.55,0.0,33.1,50.0,34.8,0.0,0.0,50.0,0.0,197.3433,33.0,SMH,36.94864667612562,False,rejected_by_pre_entry_checks,,,188.1,-4.0991,189.165,-3.5561
2026-09-28,2026-09-28T13:34:00.773320,GRAL,RAPID_DECREASE_CANDIDATE,130.21,-1.266,-1.284,0.018,1.842,5.7062,10,0.8,4.915730979976147,5,0.5465175439728505,0.7166666666666666,0.0,17.9,59.5,39.2,0.0,0.0,78.1,0.0,130.7741,,,40.0627478283281,False,rejected_by_pre_entry_checks,,,130.08,-0.0998,131.64,1.0982
2026-09-28,2026-09-28T13:34:00.794062,BE,RAPID_DECREASE_CANDIDATE,274.27,-1.819,-1.837,0.018,2.63,11.0986,10,1.0,2.9777657977747474,5,0.41786743572907614,0.7,0.0,4.1,69.5,7.8,0.0,0.0,100.0,0.0,278.9741,,,38.243155970592404,False,rejected_by_pre_entry_checks,,,269.01,-1.9178,270.51,-1.3709
2026-09-28,2026-09-28T13:34:00.817416,MXL,RAPID_DECREASE_CANDIDATE,92.83,-0.472,-0.49,0.018,0.61,21.7925,10,0.8,4.09451630603999,5,0.3855761162613768,0.6166666666666667,0.0,37.8,45.9,41.9,0.0,0.0,37.0,0.0,93.1319,,,36.31104617937061,False,rejected_by_pre_entry_checks,,,89.62,-3.4579,88.41,-4.7614
2026-09-28,2026-09-28T13:34:00.848815,TWST,RAPID_DECREASE_CANDIDATE,180.05,-1.245,-1.263,0.018,3.09,15.629,10,0.8,2.5386757223673873,5,0.8627782041442819,0.9,0.0,18.4,84.3,22.3,0.0,0.0,100.0,0.0,182.0643,,,44.906872060543414,False,rejected_by_pre_entry_checks,,,182.21,1.1997,187.2,3.9711
2026-09-28,2026-09-28T13:34:00.891857,VIAV,RAPID_DECREASE_CANDIDATE,40.915,-1.261,-1.279,0.018,0.173,10.6074,10,0.6,2.8844733431844105,5,0.8360244868024191,0.8,0.0,18.0,41.6,21.1,0.0,0.0,22.4,0.0,41.3937,,,27.88390302153362,False,rejected_by_pre_entry_checks,,,39.135,-4.3505,39.82,-2.6763
2026-09-28,2026-09-28T13:34:00.909192,MRNA,RAPID_DECREASE_CANDIDATE,195.3789,-0.323,-0.341,0.018,0.881,0.1126,10,1.0,3.63816316910259,5,0.3542739612420701,0.65,0.0,41.5,48.7,46.2,0.0,0.0,46.0,86.1,195.6776,39.9,XLV,42.650016836101365,False,rejected_by_pre_entry_checks,,,191.145,-2.167,197.6908,1.1833
2026-09-28,2026-09-28T13:34:00.927639,TXG,RAPID_DECREASE_CANDIDATE,86.315,-0.719,-0.737,0.018,1.594,15.316,10,0.6,1.764068263321942,5,0.8088586851744765,0.85,0.0,31.6,56.6,30.9,0.0,0.0,69.8,0.0,86.9799,,,39.78214395226368,False,rejected_by_pre_entry_checks,,,86.87,0.643,88.045,2.0043
2026-09-28,2026-09-28T13:34:00.951020,P,RAPID_DECREASE_CANDIDATE,129.17,-0.92,-0.938,0.018,0.504,1.7883,10,0.6,4.895076230386623,5,0.5700187605349776,0.7666666666666666,0.0,26.5,44.9,33.0,0.0,0.0,33.5,0.0,130.0552,,,32.71046873923787,False,rejected_by_pre_entry_checks,,,127.92,-0.9677,127.6225,-1.198
2026-09-28,2026-09-28T13:34:00.970019,AVGO,RAPID_DECREASE_CANDIDATE,354.1168,-0.366,-0.384,0.018,1.168,0.1581,10,0.0,0.2750426898280892,5,0.41849432676739406,0.55,0.0,40.4,51.8,42.2,0.0,0.0,55.6,76.0,355.2258,42.6,SMH,43.25880544480977,False,rejected_by_pre_entry_checks,,,352.49,-0.4594,351.75,-0.6684
2026-09-28,2026-09-28T13:34:00.989854,QCOM,RAPID_DECREASE_CANDIDATE,196.045,-0.728,-0.746,0.018,1.037,5.5855,10,0.6,1.2410526812384155,5,0.3570545026278345,0.55,0.0,31.4,50.4,34.3,0.0,0.0,51.2,0.0,197.2823,33.6,SMH,36.81795396038112,False,rejected_by_pre_entry_checks,,,187.58,-4.3179,189.165,-3.5094
2026-09-28,2026-09-28T13:34:04.295779,BE,RAPID_DECREASE_CANDIDATE,273.895,-1.953,-1.971,0.018,2.4,11.1137,10,1.0,2.9777657977747474,5,0.41786743572907614,0.7,0.0,0.7,89.0,8.3,0.0,0.0,96.7,0.0,278.5393,,,40.577157465725705,False,rejected_by_pre_entry_checks,,,269.01,-1.7835,270.51,-1.2359
2026-09-28,2026-09-28T13:34:04.315448,VKTX,RAPID_DECREASE_CANDIDATE,34.6237,-0.435,-0.453,0.018,1.131,4.6211,10,0.8,3.248332067979104,5,0.6228616102135653,0.75,0.0,38.7,55.7,34.8,0.0,0.0,54.4,0.0,34.8358,,,39.36586663708198,False,rejected_by_pre_entry_checks,,,34.735,0.3215,34.98,1.0291
2026-09-28,2026-09-28T13:34:04.335502,TWST,RAPID_DECREASE_CANDIDATE,180.664,-0.908,-0.926,0.018,2.688,15.5759,10,0.8,2.5386757223673873,5,0.8627782041442819,0.9,0.0,26.8,100.0,33.6,0.0,0.0,100.0,0.0,181.8597,,,50.33710990346424,False,rejected_by_pre_entry_checks,,,182.21,0.8557,187.2,3.6178
2026-09-28,2026-09-28T13:34:04.356366,VIAV,RAPID_DECREASE_CANDIDATE,40.92,-1.249,-1.267,0.018,0.181,10.6061,10,0.6,2.8844733431844105,5,0.8360244868024191,0.8,0.0,18.3,33.3,21.6,0.0,0.0,22.7,0.0,41.3908,,,26.632811922607996,False,rejected_by_pre_entry_checks,,,39.135,-4.3622,39.82,-2.6882
2026-09-28,2026-09-28T13:34:04.379653,META,RAPID_DECREASE_CANDIDATE,727.89,-0.318,-0.336,0.018,0.859,0.0316,10,0.8,2.599886317737704,5,0.6583951049863919,0.8,0.0,41.6,46.9,35.5,0.0,0.0,45.3,100.0,732.1452,45.8,XLC,41.50740974858381,False,rejected_by_pre_entry_checks,,,722.54,-0.735,724.53,-0.4616
2026-09-28,2026-09-28T13:34:04.396936,MRNA,RAPID_DECREASE_CANDIDATE,195.3789,-0.323,-0.341,0.018,0.887,0.1126,10,1.0,3.63816316910259,5,0.3542739612420701,0.65,0.0,41.5,47.5,46.5,0.0,0.0,46.2,86.1,195.6525,39.9,XLV,42.505119979027356,False,rejected_by_pre_entry_checks,,,191.145,-2.167,197.6908,1.1833
2026-09-28,2026-09-28T13:34:04.418029,TXG,RAPID_DECREASE_CANDIDATE,86.315,-0.719,-0.737,0.018,1.541,15.316,10,0.6,1.764068263321942,5,0.8088586851744765,0.85,0.0,31.6,63.2,31.5,0.0,0.0,68.0,0.0,86.9576,,,40.74129923140239,False,rejected_by_pre_entry_checks,,,86.87,0.643,88.045,2.0043
2026-09-28,2026-09-28T13:34:04.436886,P,RAPID_DECREASE_CANDIDATE,129.135,-0.947,-0.965,0.018,0.519,1.7888,10,0.6,4.895076230386623,5,0.5700187605349776,0.7666666666666666,0.0,25.9,39.7,32.7,0.0,0.0,34.0,0.0,130.0346,,,31.7712954733385,False,rejected_by_pre_entry_checks,,,127.92,-0.9409,127.6225,-1.1713
2026-09-28,2026-09-28T13:34:04.461579,AVGO,RAPID_DECREASE_CANDIDATE,354.292,-0.317,-0.335,0.018,1.157,1.0246,10,0.0,0.2750426898280892,5,0.41849432676739406,0.55,0.0,41.6,53.6,43.8,0.0,0.0,55.2,0.0,355.1733,43.9,SMH,40.753684408956026,False,rejected_by_pre_entry_checks,,,352.49,-0.5086,351.75,-0.7175
2026-09-28,2026-09-28T13:34:04.487316,QCOM,RAPID_DECREASE_CANDIDATE,195.94,-0.781,-0.799,0.018,1.034,5.5884,10,0.6,1.2410526812384155,5,0.3570545026278345,0.55,0.0,30.0,50.8,33.7,0.0,0.0,51.1,0.0,197.2287,32.3,SMH,36.56802684633251,False,rejected_by_pre_entry_checks,,,187.58,-4.2666,189.165,-3.4577
2026-09-28,2026-09-28T13:34:07.889860,BE,RAPID_DECREASE_CANDIDATE,273.365,-2.142,-2.16,0.018,2.226,11.1353,9,1.0,2.9777657977747474,5,0.41786743572907614,0.7,0.0,0.0,98.8,6.4,0.0,0.0,90.9,0.0,278.212,,,41.122526761196916,False,rejected_by_pre_entry_checks,,,269.01,-1.5931,270.51,-1.0444
2026-09-28,2026-09-28T13:34:07.912290,TWST,RAPID_DECREASE_CANDIDATE,180.525,-0.985,-1.003,0.018,2.416,15.5879,9,0.8,2.5386757223673873,5,0.8627782041442819,0.9,0.0,24.9,100.0,33.5,0.0,0.0,97.2,0.0,181.7209,,,49.66427415505367,False,rejected_by_pre_entry_checks,,,182.21,0.9334,187.2,3.6975
2026-09-28,2026-09-28T13:34:07.943741,VIAV,RAPID_DECREASE_CANDIDATE,41.1802,-0.621,-0.639,0.018,0.19,10.539,9,0.6,2.8844733431844105,5,0.8360244868024191,0.8,0.0,34.0,29.1,37.5,0.0,0.0,23.0,0.0,41.3879,,,30.575981709253934,False,rejected_by_pre_entry_checks,,,39.135,-4.9665,39.82,-3.303
2026-09-28,2026-09-28T13:34:07.960361,META,RAPID_DECREASE_CANDIDATE,727.4001,-0.385,-0.403,0.018,0.866,0.253,9,0.8,2.599886317737704,5,0.6583951049863919,0.8,0.0,39.9,46.1,34.3,0.0,0.0,45.5,54.9,731.9979,44.1,XLC,39.100569744451406,False,rejected_by_pre_entry_checks,,,722.54,-0.6681,724.53,-0.3946
2026-09-28,2026-09-28T13:34:07.987692,MRNA,RAPID_DECREASE_CANDIDATE,195.2907,-0.368,-0.386,0.018,0.893,5.8784,9,1.0,3.63816316910259,5,0.3542739612420701,0.65,0.0,40.4,46.9,45.7,0.0,0.0,46.4,0.0,195.6299,38.8,XLV,38.54579655287653,False,rejected_by_pre_entry_checks,,,191.145,-2.1228,197.6908,1.229
2026-09-28,2026-09-28T13:34:08.005066,TXG,RAPID_DECREASE_CANDIDATE,86.4882,-0.52,-0.538,0.018,1.496,15.2853,9,0.6,1.764068263321942,5,0.8088586851744765,0.85,0.0,36.5,66.5,37.0,0.0,0.0,66.5,0.0,86.939,,,42.622158765690806,False,rejected_by_pre_entry_checks,,,86.87,0.4414,88.045,1.8
2026-09-28,2026-09-28T13:34:08.024838,P,RAPID_DECREASE_CANDIDATE,129.0244,-1.032,-1.05,0.018,0.533,6.2546,9,0.6,4.895076230386623,5,0.5700187605349776,0.7666666666666666,0.0,23.8,37.2,30.9,0.0,0.0,34.4,0.0,130.0152,,,30.828774651355094,False,rejected_by_pre_entry_checks,,,127.92,-0.856,127.6225,-1.0865
2026-09-28,2026-09-28T13:34:08.060066,AVGO,RAPID_DECREASE_CANDIDATE,354.3088,-0.312,-0.33,0.018,1.147,0.9822,9,0.0,0.2750426898280892,5,0.41849432676739406,0.55,0.0,41.8,54.5,44.2,0.0,0.0,54.9,0.0,355.1274,44.0,SMH,40.938909425897855,False,rejected_by_pre_entry_checks,,,352.49,-0.5133,351.75,-0.7222
2026-09-28,2026-09-28T13:34:08.084501,QCOM,RAPID_DECREASE_CANDIDATE,195.935,-0.783,-0.801,0.018,1.032,5.5886,9,0.6,1.2410526812384155,5,0.3570545026278345,0.55,0.0,30.0,51.0,34.2,0.0,0.0,51.1,0.0,197.1813,32.2,SMH,36.65082950962016,False,rejected_by_pre_entry_checks,,,187.58,-4.2642,189.165,-3.4552
2026-09-28,2026-09-28T13:34:11.320673,BE,RAPID_DECREASE_CANDIDATE,273.285,-2.171,-2.189,0.018,2.091,11.1386,10,1.0,2.9777657977747474,5,0.41786743572907614,0.7,0.0,0.0,100.0,8.0,0.0,0.0,86.4,0.0,277.9568,,,40.9601637783326,False,rejected_by_pre_entry_checks,,,269.01,-1.5643,270.51,-1.0154
2026-09-28,2026-09-28T13:34:11.372902,MXL,RAPID_DECREASE_CANDIDATE,92.92,-0.375,-0.393,0.018,0.65,21.7714,10,0.8,4.09451630603999,5,0.3855761162613768,0.6166666666666667,0.0,40.2,36.5,44.1,0.0,0.0,38.3,0.0,93.1411,,,35.57576497140826,False,rejected_by_pre_entry_checks,,,89.62,-3.5514,88.41,-4.8536
2026-09-28,2026-09-28T13:34:11.392996,TWST,RAPID_DECREASE_CANDIDATE,180.525,-0.985,-1.003,0.018,2.22,15.5879,10,0.8,2.5386757223673873,5,0.8627782041442819,0.9,0.0,24.9,100.0,34.9,0.0,0.0,90.7,0.0,181.6207,,,49.01896169585889,False,rejected_by_pre_entry_checks,,,182.21,0.9334,187.2,3.6975
2026-09-28,2026-09-28T13:34:11.409773,VIAV,RAPID_DECREASE_CANDIDATE,41.0023,-1.051,-1.069,0.018,0.199,10.5848,10,0.6,2.8844733431844105,5,0.8360244868024191,0.8,0.0,23.3,22.1,26.9,0.0,0.0,23.3,0.0,41.3851,,,26.337876987215058,False,rejected_by_pre_entry_checks,,,39.135,-4.5541,39.82,-2.8835
2026-09-28,2026-09-28T13:34:11.433962,META,RAPID_DECREASE_CANDIDATE,727.335,-0.394,-0.412,0.018,0.872,0.1072,10,0.8,2.599886317737704,5,0.6583951049863919,0.8,0.0,39.7,44.8,34.5,0.0,0.0,45.7,87.3,731.8642,43.9,XLC,40.24942135341609,False,rejected_by_pre_entry_checks,,,722.54,-0.6593,724.53,-0.3857
2026-09-28,2026-09-28T13:34:11.452276,MRNA,RAPID_DECREASE_CANDIDATE,195.424,-0.3,-0.318,0.018,0.898,5.8744,10,1.0,3.63816316910259,5,0.3542739612420701,0.65,0.0,42.0,45.8,47.6,0.0,0.0,46.6,0.0,195.6095,40.5,XLV,38.920631910621374,False,rejected_by_pre_entry_checks,,,191.145,-2.1896,197.6908,1.1599
2026-09-28,2026-09-28T13:34:11.469955,TXG,RAPID_DECREASE_CANDIDATE,86.47,-0.541,-0.559,0.018,1.458,15.2885,10,0.6,1.764068263321942,5,0.8088586851744765,0.85,0.0,36.0,72.0,37.0,0.0,0.0,65.3,0.0,86.9232,,,43.28422280646667,False,rejected_by_pre_entry_checks,,,86.87,0.4626,88.045,1.8214
2026-09-28,2026-09-28T13:34:11.491256,P,RAPID_DECREASE_CANDIDATE,128.685,-1.292,-1.31,0.018,0.546,6.2711,10,0.6,4.895076230386623,5,0.5700187605349776,0.7666666666666666,0.0,17.2,32.9,24.8,0.0,0.0,34.9,0.0,129.9969,,,28.3154388102494,False,rejected_by_pre_entry_checks,,,127.92,-0.5945,127.6225,-0.8257
2026-09-28,2026-09-28T13:34:11.511026,AVGO,RAPID_DECREASE_CANDIDATE,354.1882,-0.346,-0.364,0.018,1.138,0.0791,10,0.0,0.2750426898280892,5,0.41849432676739406,0.55,0.0,40.9,56.0,43.7,0.0,0.0,54.6,93.5,355.0871,43.1,SMH,44.837972674508535,False,rejected_by_pre_entry_checks,,,352.49,-0.4795,351.75,-0.6884
2026-09-28,2026-09-28T13:34:11.529789,QCOM,RAPID_DECREASE_CANDIDATE,195.3,-1.105,-1.123,0.018,1.031,5.6068,10,0.6,1.2410526812384155,5,0.3570545026278345,0.55,0.0,21.9,51.3,26.7,0.0,0.0,51.0,0.0,197.139,24.2,SMH,34.41952676941791,False,rejected_by_pre_entry_checks,,,187.58,-3.9529,189.165,-3.1413
2026-09-28,2026-09-28T13:34:14.808000,BE,RAPID_DECREASE_CANDIDATE,272.51,-2.449,-2.467,0.018,1.983,9.152,8,1.0,2.9777657977747474,5,0.41786743572907614,0.7,0.0,0.0,100.0,2.8,0.0,0.0,82.8,0.0,277.7521,,,39.864546062791426,False,rejected_by_pre_entry_checks,,,269.01,-1.2844,270.51,-0.7339
2026-09-28,2026-09-28T13:34:14.825728,MXL,RAPID_DECREASE_CANDIDATE,92.92,-0.375,-0.393,0.018,0.661,21.7714,8,0.8,4.09451630603999,5,0.3855761162613768,0.6166666666666667,0.0,40.2,33.1,44.0,0.0,0.0,38.7,0.0,93.1438,,,35.04936947877815,False,rejected_by_pre_entry_checks,,,89.62,-3.5514,88.41,-4.8536
2026-09-28,2026-09-28T13:34:14.841820,TWST,RAPID_DECREASE_CANDIDATE,179.3605,-1.623,-1.641,0.018,2.071,1.5611,8,0.8,2.5386757223673873,5,0.8627782041442819,0.9,0.0,9.0,100.0,19.9,0.0,0.0,85.7,0.0,181.5448,,,43.86502294671822,False,rejected_by_pre_entry_checks,,,182.21,1.5887,187.2,4.3708
2026-09-28,2026-09-28T13:34:14.858889,VIAV,RAPID_DECREASE_CANDIDATE,41.02,-1.008,-1.026,0.018,0.207,10.5802,8,0.6,2.8844733431844105,5,0.8360244868024191,0.8,0.0,24.3,15.2,28.1,0.0,0.0,23.6,0.0,41.3824,,,25.54290718816912,False,rejected_by_pre_entry_checks,,,39.135,-4.5953,39.82,-2.9254
2026-09-28,2026-09-28T13:34:14.876096,TXG,RAPID_DECREASE_CANDIDATE,86.0,-1.081,-1.099,0.018,1.425,17.8372,8,0.6,1.764068263321942,5,0.8088586851744765,0.85,0.0,22.5,77.5,23.8,0.0,0.0,64.2,0.0,86.9097,,,40.1720448692649,False,rejected_by_pre_entry_checks,,,86.87,1.0116,88.045,2.3779
2026-09-28,2026-09-28T13:34:14.893831,P,RAPID_DECREASE_CANDIDATE,128.9688,-1.075,-1.093,0.018,0.559,6.2573,8,0.6,4.895076230386623,5,0.5700187605349776,0.7666666666666666,0.0,22.7,28.6,30.6,0.0,0.0,35.3,0.0,129.9797,,,29.28527216686408,False,rejected_by_pre_entry_checks,,,127.92,-0.8132,127.6225,-1.0439
2026-09-28,2026-09-28T13:34:14.908663,AVGO,RAPID_DECREASE_CANDIDATE,354.24,-0.332,-0.35,0.018,1.13,0.0734,8,0.0,0.2750426898280892,5,0.41849432676739406,0.55,0.0,41.2,57.6,44.3,0.0,0.0,54.3,94.8,355.0512,43.5,SMH,45.24447685852906,False,rejected_by_pre_entry_checks,,,352.49,-0.494,351.75,-0.7029
2026-09-28,2026-09-28T13:34:14.940792,QCOM,RAPID_DECREASE_CANDIDATE,195.12,-1.196,-1.214,0.018,1.029,7.6773,8,0.6,1.2410526812384155,5,0.3570545026278345,0.55,0.0,19.7,51.6,24.9,0.0,0.0,51.0,0.0,197.1011,21.9,SMH,33.8607320256496,False,rejected_by_pre_entry_checks,,,187.58,-3.8643,189.165,-3.052
2026-09-28,2026-09-28T13:34:18.352597,BE,RAPID_DECREASE_CANDIDATE,272.7043,-2.379,-2.397,0.018,1.861,9.1454,7,1.0,2.9777657977747474,5,0.41786743572907614,0.7,0.0,0.0,100.0,6.0,0.0,0.0,78.7,0.0,277.5844,,,39.7601742583637,True,,,,269.01,-1.3547,270.51,-0.8046
2026-09-28,2026-09-28T13:34:18.411880,MXL,RAPID_DECREASE_CANDIDATE,92.8475,-0.453,-0.471,0.018,0.677,21.7884,7,0.8,4.09451630603999,5,0.3855761162613768,0.6166666666666667,0.0,38.2,29.7,42.0,0.0,0.0,39.2,0.0,93.1463,,,33.97614556401113,True,,,,89.62,-3.4761,88.41,-4.7793
2026-09-28,2026-09-28T13:34:18.500584,TWST,RAPID_DECREASE_CANDIDATE,180.1493,-1.191,-1.209,0.018,1.955,1.5543,7,0.8,2.5386757223673873,5,0.8627782041442819,0.9,0.0,19.8,100.0,31.6,0.0,0.0,81.8,0.0,181.4855,,,46.64089354759385,True,,,,182.21,1.1439,187.2,3.9138
2026-09-28,2026-09-28T13:34:18.522408,VIAV,RAPID_DECREASE_CANDIDATE,40.9275,-1.231,-1.249,0.018,0.218,10.6041,7,0.6,2.8844733431844105,5,0.8360244868024191,0.8,0.0,18.8,8.2,22.7,0.0,0.0,23.9,0.0,41.3797,,,22.81947168544593,False,rejected_by_pre_entry_checks,,,39.135,-4.3797,39.82,-2.706
2026-09-28,2026-09-28T13:34:18.546734,TXG,RAPID_DECREASE_CANDIDATE,86.0,-1.081,-1.099,0.018,1.386,17.8372,7,0.6,1.764068263321942,5,0.8088586851744765,0.85,0.0,22.5,83.0,24.2,0.0,0.0,62.9,0.0,86.8979,,,40.96818819191674,False,rejected_by_pre_entry_checks,,,86.87,1.0116,88.045,2.3779
2026-09-28,2026-09-28T13:34:18.573994,P,RAPID_DECREASE_CANDIDATE,128.685,-1.292,-1.31,0.018,0.576,6.2711,7,0.6,4.895076230386623,5,0.5700187605349776,0.7666666666666666,0.0,17.2,24.4,25.4,0.0,0.0,35.9,0.0,129.9634,,,27.09658016380166,False,rejected_by_pre_entry_checks,,,127.92,-0.5945,127.6225,-0.8257
2026-09-28,2026-09-28T13:34:18.591035,QCOM,RAPID_DECREASE_CANDIDATE,195.34,-1.085,-1.103,0.018,1.027,7.6687,7,0.6,1.2410526812384155,5,0.3570545026278345,0.55,0.0,22.4,52.0,28.1,0.0,0.0,50.9,0.0,197.0668,24.7,SMH,34.77199421652678,False,rejected_by_pre_entry_checks,,,187.58,-3.9726,189.165,-3.1612
2026-09-28,2026-09-28T13:34:21.767032,VIAV,RAPID_DECREASE_CANDIDATE,41.0322,-0.979,-0.997,0.018,0.231,10.5771,5,0.6,2.8844733431844105,5,0.8360244868024191,0.8,0.0,25.1,8.7,29.2,0.0,0.0,24.4,0.0,41.377,,,24.82067247931408,False,rejected_by_pre_entry_checks,,,39.135,-4.6237,39.82,-2.9543
2026-09-28,2026-09-28T13:34:21.784920,RMBS,RAPID_DECREASE_CANDIDATE,103.4901,-0.516,-0.534,0.018,0.35,11.4117,5,1.0,3.5921187079685986,5,0.6391017039001283,0.7333333333333333,0.0,36.6,13.2,40.0,0.0,0.0,28.3,0.0,103.9059,,,29.351569499549317,False,rejected_by_pre_entry_checks,,,101.64,-1.7877,102.65,-0.8118
2026-09-28,2026-09-28T13:34:21.807811,TXG,RAPID_DECREASE_CANDIDATE,86.275,-0.765,-0.783,0.018,1.349,17.7804,5,0.6,1.764068263321942,5,0.8088586851744765,0.85,0.0,30.4,79.3,32.4,0.0,0.0,61.6,0.0,86.8877,,,42.5332815858962,False,rejected_by_pre_entry_checks,,,86.87,0.6897,88.045,2.0516
2026-09-28,2026-09-28T13:34:21.825608,P,RAPID_DECREASE_CANDIDATE,128.685,-1.292,-1.31,0.018,0.594,6.2711,5,0.6,4.895076230386623,5,0.5700187605349776,0.7666666666666666,0.0,17.2,25.3,25.7,0.0,0.0,36.5,0.0,129.9479,,,27.362724180343506,False,rejected_by_pre_entry_checks,,,127.92,-0.5945,127.6225,-0.8257
2026-09-28,2026-09-28T13:34:21.843557,QCOM,RAPID_DECREASE_CANDIDATE,195.0524,-1.23,-1.248,0.018,1.025,7.68,5,0.6,1.2410526812384155,5,0.3570545026278345,0.55,0.0,18.8,51.8,24.8,0.0,0.0,50.8,0.0,197.0358,21.1,SMH,33.72794183027358,False,rejected_by_pre_entry_checks,,,187.58,-3.831,189.165,-3.0184
2026-09-28,2026-09-28T13:34:25.129024,VIAV,RAPID_DECREASE_CANDIDATE,41.045,-0.948,-0.966,0.018,0.246,10.5738,6,0.6,2.8844733431844105,5,0.8360244868024191,0.8,0.0,25.9,9.3,30.1,0.0,0.0,24.9,0.0,41.3745,,,25.226717606697818,True,,,,39.135,-4.6534,39.82,-2.9845
2026-09-28,2026-09-28T13:34:25.149194,RMBS,RAPID_DECREASE_CANDIDATE,103.4901,-0.516,-0.534,0.018,0.365,11.4117,6,1.0,3.5921187079685986,5,0.6391017039001283,0.7333333333333333,0.0,36.6,14.2,39.9,0.0,0.0,28.8,0.0,103.9114,,,29.55546437814715,False,rejected_by_pre_entry_checks,,,101.64,-1.7877,102.65,-0.8118
2026-09-28,2026-09-28T13:34:25.172027,TXG,RAPID_DECREASE_CANDIDATE,86.275,-0.765,-0.783,0.018,1.313,17.7804,6,0.6,1.764068263321942,5,0.8088586851744765,0.85,0.0,30.4,75.9,32.6,0.0,0.0,60.4,0.0,86.8786,,,41.84632388774049,False,rejected_by_pre_entry_checks,,,86.87,0.6897,88.045,2.0516
2026-09-28,2026-09-28T13:34:25.190033,P,RAPID_DECREASE_CANDIDATE,128.685,-1.292,-1.31,0.018,0.613,10.9181,6,0.6,4.895076230386623,5,0.5700187605349776,0.7666666666666666,0.0,17.2,26.3,26.0,0.0,0.0,37.1,0.0,129.9333,,,27.6433416589396,False,rejected_by_pre_entry_checks,,,127.92,-0.5945,127.6225,-0.8257
2026-09-28,2026-09-28T13:34:25.208874,IONQ,RAPID_DECREASE_CANDIDATE,46.59,-0.386,-0.404,0.018,1.254,0.1073,6,0.4,1.745455670125286,5,0.5065660697769507,0.7,0.0,39.9,70.4,40.3,0.0,0.0,58.5,87.3,46.7711,45.0,ARKK,46.864176165748816,False,rejected_by_pre_entry_checks,,,47.3561,1.6443,47.56,2.082
2026-09-28,2026-09-28T13:34:25.237171,QCOM,RAPID_DECREASE_CANDIDATE,195.152,-1.18,-1.198,0.018,1.023,7.6761,6,0.6,1.2410526812384155,5,0.3570545026278345,0.55,0.0,20.1,51.7,26.5,0.0,0.0,50.8,0.0,197.0075,22.3,SMH,34.10624703218039,False,rejected_by_pre_entry_checks,,,187.58,-3.8801,189.165,-3.0679
2026-09-28,2026-09-28T13:34:28.756869,GRAL,RAPID_DECREASE_CANDIDATE,131.255,-0.474,-0.492,0.018,1.366,5.6607,10,0.8,4.915730979976147,5,0.5465175439728505,0.7166666666666666,0.0,37.7,81.0,54.7,9.3,0.0,62.2,0.0,131.0103,,,45.73251077358006,False,rejected_by_pre_entry_checks,,,130.08,-0.8952,131.64,0.2933
2026-09-28,2026-09-28T13:34:28.773371,META,RAPID_DECREASE_CANDIDATE,727.435,-0.38,-0.398,0.018,0.907,2.2174,10,0.8,2.599886317737704,5,0.6583951049863919,0.8,0.0,40.0,43.6,36.6,0.0,0.0,46.9,0.0,731.3455,44.2,XLC,36.888532374853746,False,rejected_by_pre_entry_checks,,,722.54,-0.6729,724.53,-0.3993
2026-09-28,2026-09-28T13:34:28.792150,MRNA,RAPID_DECREASE_CANDIDATE,195.3534,-0.336,-0.354,0.018,0.927,5.3954,10,1.0,3.63816316910259,5,0.3542739612420701,0.65,0.0,41.1,44.9,47.7,0.0,0.0,47.6,0.0,195.5306,39.5,XLV,38.756764226876584,False,rejected_by_pre_entry_checks,,,191.145,-2.1542,197.6908,1.1965
2026-09-28,2026-09-28T13:34:28.809210,RMBS,RAPID_DECREASE_CANDIDATE,103.4901,-0.516,-0.534,0.018,0.379,11.4117,10,1.0,3.5921187079685986,5,0.6391017039001283,0.7333333333333333,0.0,36.6,15.1,39.7,0.0,0.0,29.3,0.0,103.9166,,,29.748004677532165,False,rejected_by_pre_entry_checks,,,101.64,-1.7877,102.65,-0.8118
2026-09-28,2026-09-28T13:34:28.836572,TXG,RAPID_DECREASE_CANDIDATE,86.275,-0.765,-0.783,0.018,1.28,17.7804,10,0.6,1.764068263321942,5,0.8088586851744765,0.85,0.0,30.4,72.7,32.9,0.0,0.0,59.3,0.0,86.8706,,,41.215321866672646,False,rejected_by_pre_entry_checks,,,86.87,0.6897,88.045,2.0516
2026-09-28,2026-09-28T13:34:28.854762,P,RAPID_DECREASE_CANDIDATE,128.97,-1.074,-1.092,0.018,0.634,10.894,10,0.6,4.895076230386623,5,0.5700187605349776,0.7666666666666666,0.0,22.7,27.4,31.7,0.0,0.0,37.8,0.0,129.9194,,,29.53810052107082,False,rejected_by_pre_entry_checks,,,127.92,-0.8141,127.6225,-1.0448
2026-09-28,2026-09-28T13:34:28.871731,IONQ,RAPID_DECREASE_CANDIDATE,46.55,-0.472,-0.49,0.018,1.228,0.1719,10,0.4,1.745455670125286,5,0.5065660697769507,0.7,0.0,37.8,68.1,37.7,0.0,0.0,57.6,72.9,46.7802,42.9,ARKK,45.08667749075586,False,rejected_by_pre_entry_checks,,,47.3561,1.7317,47.56,2.1697
2026-09-28,2026-09-28T13:34:28.894286,AVGO,RAPID_DECREASE_CANDIDATE,354.2,-0.343,-0.361,0.018,1.092,0.1186,10,0.0,0.2750426898280892,5,0.41849432676739406,0.55,0.0,41.0,56.9,44.8,0.0,0.0,53.1,84.8,354.941,43.2,SMH,44.56712322723426,False,rejected_by_pre_entry_checks,,,352.49,-0.4828,351.75,-0.6917
2026-09-28,2026-09-28T13:34:28.912099,QCOM,RAPID_DECREASE_CANDIDATE,195.135,-1.188,-1.206,0.018,1.021,7.6767,10,0.6,1.2410526812384155,5,0.3570545026278345,0.55,0.0,19.9,51.5,26.6,0.0,0.0,50.7,0.0,196.9817,22.1,SMH,34.05430458885722,False,rejected_by_pre_entry_checks,,,187.58,-3.8717,189.165,-3.0594
2026-09-28,2026-09-28T13:34:28.928467,INTC,RAPID_DECREASE_CANDIDATE,120.32,-0.356,-0.374,0.018,1.04,0.4322,10,0.6,1.683915415417859,5,0.7641607066296857,0.7,0.0,40.6,52.9,37.8,0.0,0.0,51.3,15.1,120.9112,42.9,SMH,39.864348741178844,False,rejected_by_pre_entry_checks,,,117.56,-2.2939,118.7566,-1.2994
2026-09-28,2026-09-28T13:34:32.393658,MXL,RAPID_DECREASE_CANDIDATE,92.93,-0.365,-0.383,0.018,0.693,21.7691,7,0.8,4.09451630603999,5,0.3855761162613768,0.6166666666666667,0.0,40.4,30.6,44.1,0.0,0.0,39.8,0.0,93.1486,,,34.82621955060731,False,rejected_by_pre_entry_checks,,,89.62,-3.5618,88.41,-4.8639
2026-09-28,2026-09-28T13:34:32.414850,META,RAPID_DECREASE_CANDIDATE,727.4207,-0.382,-0.4,0.018,0.915,2.2009,7,0.8,2.599886317737704,5,0.6583951049863919,0.8,0.0,40.0,44.1,36.9,0.0,0.0,47.2,0.0,731.2641,44.1,XLC,37.027186472663644,False,rejected_by_pre_entry_checks,,,722.54,-0.671,724.53,-0.3974
2026-09-28,2026-09-28T13:34:32.431572,TXG,RAPID_DECREASE_CANDIDATE,86.15,-0.909,-0.927,0.018,1.248,17.8062,7,0.6,1.764068263321942,5,0.8088586851744765,0.85,0.0,26.8,69.8,29.5,0.0,0.0,58.3,0.0,86.8633,,,39.57720697896148,False,rejected_by_pre_entry_checks,,,86.87,0.8358,88.045,2.1997
2026-09-28,2026-09-28T13:34:32.481744,P,RAPID_DECREASE_CANDIDATE,128.4001,-1.511,-1.529,0.018,0.655,10.9424,7,0.6,4.895076230386623,5,0.5700187605349776,0.7666666666666666,0.0,11.8,28.6,21.0,0.0,0.0,38.5,0.0,129.9061,,,26.6611439494516,False,rejected_by_pre_entry_checks,,,127.92,-0.3739,127.6225,-0.6056
2026-09-28,2026-09-28T13:34:32.499017,IONQ,RAPID_DECREASE_CANDIDATE,46.6,-0.365,-0.383,0.018,1.203,0.1502,7,0.4,1.745455670125286,5,0.5065660697769507,0.7,0.0,40.4,65.9,39.9,0.0,0.0,56.8,77.7,46.7883,45.6,ARKK,45.54835693537702,False,rejected_by_pre_entry_checks,,,47.3561,1.6225,47.56,2.0601
2026-09-28,2026-09-28T13:34:32.518543,QCOM,RAPID_DECREASE_CANDIDATE,195.37,-1.069,-1.087,0.018,1.019,7.6675,7,0.6,1.2410526812384155,5,0.3570545026278345,0.55,0.0,22.8,51.4,29.8,0.0,0.0,50.6,0.0,196.9579,25.1,SMH,34.9281702085265,False,rejected_by_pre_entry_checks,,,187.58,-3.9873,189.165,-3.176
2026-09-28,2026-09-28T13:34:32.534592,INTC,RAPID_DECREASE_CANDIDATE,120.35,-0.331,-0.349,0.018,1.037,0.3905,7,0.6,1.683915415417859,5,0.7641607066296857,0.7,0.0,41.3,52.7,38.7,0.0,0.0,51.2,24.3,120.8972,43.5,SMH,40.40891723430881,False,rejected_by_pre_entry_checks,,,117.56,-2.3182,118.7566,-1.324
2026-09-28,2026-09-28T13:34:35.903503,MXL,RAPID_DECREASE_CANDIDATE,92.595,-0.724,-0.742,0.018,0.71,21.8478,8,0.8,4.09451630603999,5,0.3855761162613768,0.6166666666666667,0.0,31.4,31.5,35.1,0.0,0.0,40.3,0.0,93.1508,,,32.426888707196156,False,rejected_by_pre_entry_checks,,,89.62,-3.2129,88.41,-4.5197
2026-09-28,2026-09-28T13:34:35.922585,META,RAPID_DECREASE_CANDIDATE,726.905,-0.453,-0.471,0.018,0.923,2.1956,8,0.8,2.599886317737704,5,0.6583951049863919,0.8,0.0,38.2,44.7,35.4,0.0,0.0,47.4,0.0,731.1884,42.4,XLC,36.663671667301564,False,rejected_by_pre_entry_checks,,,722.54,-0.6005,724.53,-0.3267
2026-09-28,2026-09-28T13:34:35.965717,MRNA,RAPID_DECREASE_CANDIDATE,194.91,-0.562,-0.58,0.018,0.939,0.6516,8,1.0,3.63816316910259,5,0.3542739612420701,0.65,0.0,35.5,45.8,42.4,0.0,0.0,48.0,0.0,195.5068,33.9,XLV,37.335272679480184,False,rejected_by_pre_entry_checks,,,191.145,-1.9317,197.6908,1.4267
2026-09-28,2026-09-28T13:34:35.982940,TXG,RAPID_DECREASE_CANDIDATE,85.8,-1.311,-1.329,0.018,1.218,17.8788,8,0.6,1.764068263321942,5,0.8088586851744765,0.85,0.0,16.8,67.2,19.6,0.0,0.0,57.3,0.0,86.8569,,,36.09696524187867,False,rejected_by_pre_entry_checks,,,86.87,1.2471,88.045,2.6166
2026-09-28,2026-09-28T13:34:36.000261,P,RAPID_DECREASE_CANDIDATE,128.7973,-1.206,-1.224,0.018,0.679,6.2657,8,0.6,4.895076230386623,5,0.5700187605349776,0.7666666666666666,0.0,19.4,29.8,28.9,0.0,0.0,39.3,0.0,129.8936,,,29.2307886376106,False,rejected_by_pre_entry_checks,,,127.92,-0.6811,127.6225,-0.9121
2026-09-28,2026-09-28T13:34:36.035528,IONQ,RAPID_DECREASE_CANDIDATE,46.5992,-0.367,-0.385,0.018,1.179,0.279,8,0.4,1.745455670125286,5,0.5065660697769507,0.7,0.0,40.4,63.9,39.5,0.0,0.0,56.0,49.1,46.7957,45.5,ARKK,43.85459655490814,False,rejected_by_pre_entry_checks,,,47.3561,1.6243,47.56,2.0618
2026-09-28,2026-09-28T13:34:36.058865,QCOM,RAPID_DECREASE_CANDIDATE,195.26,-1.125,-1.143,0.018,1.017,7.6718,8,0.6,1.2410526812384155,5,0.3570545026278345,0.55,0.0,21.4,51.2,28.7,0.0,0.0,50.6,0.0,196.9361,23.7,SMH,34.52270833486711,False,rejected_by_pre_entry_checks,,,187.58,-3.9332,189.165,-3.1215
2026-09-28,2026-09-28T13:34:36.075047,INTC,RAPID_DECREASE_CANDIDATE,120.28,-0.389,-0.407,0.018,1.033,0.0748,8,0.6,1.683915415417859,5,0.7641607066296857,0.7,0.0,39.8,52.4,37.5,0.0,0.0,51.1,94.5,120.8843,42.1,SMH,42.87963357727101,False,rejected_by_pre_entry_checks,,,117.56,-2.2614,118.7566,-1.2665
2026-09-28,2026-09-28T13:34:39.436983,MXL,RAPID_DECREASE_CANDIDATE,92.561,-0.76,-0.778,0.018,0.727,21.8559,10,0.8,4.09451630603999,5,0.3855761162613768,0.6166666666666667,0.0,30.6,32.5,34.1,0.0,0.0,40.9,0.0,93.1529,,,32.39359075456966,False,rejected_by_pre_entry_checks,,,89.62,-3.1774,88.41,-4.4846
2026-09-28,2026-09-28T13:34:39.455930,VIAV,RAPID_DECREASE_CANDIDATE,40.68,-1.829,-1.847,0.018,0.262,10.7178,10,0.6,2.8844733431844105,5,0.8360244868024191,0.8,0.0,3.8,10.0,8.2,0.0,0.0,25.4,0.0,41.3719,,,18.997196614015035,False,rejected_by_pre_entry_checks,,,39.135,-3.7979,39.82,-2.1141
2026-09-28,2026-09-28T13:34:39.474948,META,RAPID_DECREASE_CANDIDATE,726.5193,-0.505,-0.523,0.018,0.931,2.1169,10,0.8,2.599886317737704,5,0.6583951049863919,0.8,0.0,36.9,45.2,34.3,0.0,0.0,47.7,0.0,731.1178,41.1,XLC,36.43478378380654,False,rejected_by_pre_entry_checks,,,722.54,-0.5477,724.53,-0.2738
2026-09-28,2026-09-28T13:34:39.507761,MRNA,RAPID_DECREASE_CANDIDATE,194.58,-0.731,-0.749,0.018,0.945,0.478,10,1.0,3.63816316910259,5,0.3542739612420701,0.65,0.0,31.3,46.2,38.3,0.0,0.0,48.2,4.9,195.4962,29.7,XLV,36.421789404342974,False,rejected_by_pre_entry_checks,,,191.145,-1.7653,197.6908,1.5987
2026-09-28,2026-09-28T13:34:39.526550,RMBS,RAPID_DECREASE_CANDIDATE,103.4986,-0.508,-0.526,0.018,0.418,11.4108,10,1.0,3.5921187079685986,5,0.6391017039001283,0.7333333333333333,0.0,36.9,16.7,39.6,0.0,0.0,30.6,0.0,103.931,,,30.20454715840634,False,rejected_by_pre_entry_checks,,,101.64,-1.7958,102.65,-0.8199
2026-09-28,2026-09-28T13:34:39.543801,TXG,RAPID_DECREASE_CANDIDATE,86.175,-0.88,-0.898,0.018,1.189,17.801,10,0.6,1.764068263321942,5,0.8088586851744765,0.85,0.0,27.6,64.7,30.5,0.0,0.0,56.3,0.0,86.851,,,38.730639215961496,False,rejected_by_pre_entry_checks,,,86.87,0.8065,88.045,2.17
2026-09-28,2026-09-28T13:34:39.560350,P,RAPID_DECREASE_CANDIDATE,128.65,-1.319,-1.337,0.018,0.704,6.2728,10,0.6,4.895076230386623,5,0.5700187605349776,0.7666666666666666,0.0,16.6,31.2,26.3,0.0,0.0,40.1,0.0,129.8815,,,28.77163828063132,False,rejected_by_pre_entry_checks,,,127.92,-0.5674,127.6225,-0.7987
2026-09-28,2026-09-28T13:34:39.591420,IONQ,RAPID_DECREASE_CANDIDATE,46.62,-0.322,-0.34,0.018,1.156,2.9601,10,0.4,1.745455670125286,5,0.5065660697769507,0.7,0.0,41.5,62.0,40.3,0.0,0.0,55.2,0.0,46.8023,46.6,ARKK,41.67608066308833,False,rejected_by_pre_entry_checks,,,47.3561,1.5789,47.56,2.0163
2026-09-28,2026-09-28T13:34:39.610665,QCOM,RAPID_DECREASE_CANDIDATE,195.2797,-1.115,-1.133,0.018,1.015,7.671,10,0.6,1.2410526812384155,5,0.3570545026278345,0.55,0.0,21.7,51.1,29.2,0.0,0.0,50.5,0.0,196.9158,23.9,SMH,34.59557352754392,False,rejected_by_pre_entry_checks,,,187.58,-3.9429,189.165,-3.1313
2026-09-28,2026-09-28T13:34:39.636058,INTC,RAPID_DECREASE_CANDIDATE,120.128,-0.515,-0.533,0.018,1.029,0.0749,10,0.6,1.683915415417859,5,0.7641607066296857,0.7,0.0,36.7,52.1,34.6,0.0,0.0,51.0,94.5,120.8724,38.9,SMH,41.92883715638096,False,rejected_by_pre_entry_checks,,,117.56,-2.1377,118.7566,-1.1416
2026-09-28,2026-09-28T13:34:43.077243,MXL,RAPID_DECREASE_CANDIDATE,92.56,-0.761,-0.779,0.018,0.746,21.8561,8,0.8,4.09451630603999,5,0.3855761162613768,0.6166666666666667,0.0,30.5,33.6,34.0,0.0,0.0,41.5,0.0,93.1548,,,32.63649218203605,False,rejected_by_pre_entry_checks,,,89.62,-3.1763,88.41,-4.4836
2026-09-28,2026-09-28T13:34:43.095151,VIAV,RAPID_DECREASE_CANDIDATE,40.68,-1.829,-1.847,0.018,0.281,10.7178,8,0.6,2.8844733431844105,5,0.8360244868024191,0.8,0.0,3.8,10.7,8.3,0.0,0.0,26.0,0.0,41.3695,,,19.22517087449728,False,rejected_by_pre_entry_checks,,,39.135,-3.7979,39.82,-2.1141
2026-09-28,2026-09-28T13:34:43.109988,META,RAPID_DECREASE_CANDIDATE,726.337,-0.53,-0.548,0.018,0.939,2.0789,8,0.8,2.599886317737704,5,0.6583951049863919,0.8,0.0,36.3,45.8,33.9,0.0,0.0,48.0,0.0,731.0518,40.5,XLC,36.40553699813154,False,rejected_by_pre_entry_checks,,,722.54,-0.5228,724.53,-0.2488
2026-09-28,2026-09-28T13:34:43.127602,MRNA,RAPID_DECREASE_CANDIDATE,194.5488,-0.747,-0.765,0.018,0.952,2.3387,8,1.0,3.63816316910259,5,0.3542739612420701,0.65,0.0,30.9,46.6,38.0,0.0,0.0,48.4,0.0,195.4863,29.3,XLV,36.22043731259363,False,rejected_by_pre_entry_checks,,,191.145,-1.7496,197.6908,1.615
2026-09-28,2026-09-28T13:34:43.145423,TXG,RAPID_DECREASE_CANDIDATE,86.175,-0.88,-0.898,0.018,1.162,17.801,8,0.6,1.764068263321942,5,0.8088586851744765,0.85,0.0,27.6,62.4,30.7,0.0,0.0,55.4,0.0,86.8456,,,38.25488739851724,False,rejected_by_pre_entry_checks,,,86.87,0.8065,88.045,2.17
2026-09-28,2026-09-28T13:34:43.162458,P,RAPID_DECREASE_CANDIDATE,128.4733,-1.455,-1.473,0.018,0.731,6.2815,8,0.6,4.895076230386623,5,0.5700187605349776,0.7666666666666666,0.0,13.2,32.8,23.1,0.0,0.0,41.0,0.0,129.8701,,,28.175844265111714,False,rejected_by_pre_entry_checks,,,127.92,-0.4307,127.6225,-0.6622
2026-09-28,2026-09-28T13:34:43.189718,QCOM,RAPID_DECREASE_CANDIDATE,195.3105,-1.099,-1.117,0.018,1.013,7.6698,8,0.6,1.2410526812384155,5,0.3570545026278345,0.55,0.0,22.1,51.0,29.9,0.0,0.0,50.4,0.0,196.8971,24.3,SMH,34.70887794389799,False,rejected_by_pre_entry_checks,,,187.58,-3.9581,189.165,-3.1465
2026-09-28,2026-09-28T13:34:43.205672,INTC,RAPID_DECREASE_CANDIDATE,120.08,-0.555,-0.573,0.018,1.025,0.05,8,0.6,1.683915415417859,5,0.7641607066296857,0.7,0.0,35.7,51.8,33.8,0.0,0.0,50.8,100.0,120.8613,37.9,SMH,41.83489555618073,False,rejected_by_pre_entry_checks,,,117.56,-2.0986,118.7566,-1.1021
2026-09-28,2026-09-28T13:34:46.593902,BE,RAPID_DECREASE_CANDIDATE,272.7583,-2.36,-2.378,0.018,1.753,5.0741,9,1.0,2.9777657977747474,5,0.41786743572907614,0.7,0.0,0.0,100.0,7.8,0.0,0.0,75.1,0.0,277.4445,,,39.525846709762774,False,rejected_by_pre_entry_checks,,,269.01,-1.3742,270.51,-0.8243
2026-09-28,2026-09-28T13:34:46.625737,MXL,RAPID_DECREASE_CANDIDATE,92.56,-0.761,-0.779,0.018,0.765,21.8561,9,0.8,4.09451630603999,5,0.3855761162613768,0.6166666666666667,0.0,30.5,34.8,34.0,0.0,0.0,42.2,0.0,93.1567,,,32.89931865518877,False,rejected_by_pre_entry_checks,,,89.62,-3.1763,88.41,-4.4836
2026-09-28,2026-09-28T13:34:46.643154,VIAV,RAPID_DECREASE_CANDIDATE,40.71,-1.756,-1.774,0.018,0.303,10.7099,9,0.6,2.8844733431844105,5,0.8360244868024191,0.8,0.0,5.6,11.7,10.3,0.0,0.0,26.8,0.0,41.367,,,20.018303077130554,False,rejected_by_pre_entry_checks,,,39.135,-3.8688,39.82,-2.1862
2026-09-28,2026-09-28T13:34:46.679097,META,RAPID_DECREASE_CANDIDATE,726.3,-0.535,-0.553,0.018,0.947,2.0584,9,0.8,2.599886317737704,5,0.6583951049863919,0.8,0.0,36.2,46.3,34.0,0.0,0.0,48.2,0.0,730.9899,40.3,XLC,36.5222145842739,False,rejected_by_pre_entry_checks,,,722.54,-0.5177,724.53,-0.2437
2026-09-28,2026-09-28T13:34:46.695961,MRNA,RAPID_DECREASE_CANDIDATE,194.2481,-0.9,-0.918,0.018,0.959,5.9563,9,1.0,3.63816316910259,5,0.3542739612420701,0.65,0.0,27.1,47.1,34.3,0.0,0.0,48.6,0.0,195.477,25.4,XLV,35.22153433415037,False,rejected_by_pre_entry_checks,,,191.145,-1.5975,197.6908,1.7723
2026-09-28,2026-09-28T13:34:46.721710,TXG,RAPID_DECREASE_CANDIDATE,86.161,-0.896,-0.914,0.018,1.135,17.8039,9,0.6,1.764068263321942,5,0.8088586851744765,0.85,0.0,27.1,60.3,30.4,0.0,0.0,54.5,0.0,86.8408,,,37.686616436106696,False,rejected_by_pre_entry_checks,,,86.87,0.8229,88.045,2.1866
2026-09-28,2026-09-28T13:34:46.738439,P,RAPID_DECREASE_CANDIDATE,128.41,-1.503,-1.521,0.018,0.76,6.2846,9,0.6,4.895076230386623,5,0.5700187605349776,0.7666666666666666,0.0,12.0,34.5,22.1,0.0,0.0,42.0,0.0,129.8591,,,28.253188684108792,False,rejected_by_pre_entry_checks,,,127.92,-0.3816,127.6225,-0.6133
2026-09-28,2026-09-28T13:34:46.764923,QCOM,RAPID_DECREASE_CANDIDATE,195.245,-1.133,-1.151,0.018,1.011,7.6724,9,0.6,1.2410526812384155,5,0.3570545026278345,0.55,0.0,21.2,50.8,29.2,0.0,0.0,50.4,0.0,196.8797,23.5,SMH,34.45906257247357,False,rejected_by_pre_entry_checks,,,187.58,-3.9258,189.165,-3.114
2026-09-28,2026-09-28T13:34:46.781817,INTC,RAPID_DECREASE_CANDIDATE,119.97,-0.646,-0.664,0.018,1.022,0.0417,9,0.6,1.683915415417859,5,0.7641607066296857,0.7,0.0,33.4,51.6,31.8,0.0,0.0,50.7,100.0,120.8511,35.6,SMH,41.14016970402486,False,rejected_by_pre_entry_checks,,,117.56,-2.0088,118.7566,-1.0114
2026-09-28,2026-09-28T13:34:57.181568,GRAL,RAPID_DECREASE_CANDIDATE,131.36,-0.394,-0.412,0.018,1.139,5.6562,15,0.8,4.915730979976147,5,0.5465175439728505,0.7166666666666666,0.0,39.7,60.5,55.4,10.8,0.0,54.6,0.0,131.0781,,,41.614090886983675,False,rejected_by_pre_entry_checks,,,130.08,-0.9744,131.695,0.255
2026-09-28,2026-09-28T13:34:57.199649,BE,RAPID_DECREASE_CANDIDATE,272.57,-2.427,-2.445,0.018,1.657,5.0776,15,1.0,2.9777657977747474,5,0.41786743572907614,0.7,0.0,0.0,100.0,7.1,0.0,0.0,71.9,0.0,277.326,,,39.04499298307537,False,rejected_by_pre_entry_checks,,,269.01,-1.3061,269.79,-1.0199
2026-09-28,2026-09-28T13:34:57.256505,MXL,RAPID_DECREASE_CANDIDATE,92.565,-0.756,-0.774,0.018,0.786,21.8549,15,0.8,4.09451630603999,5,0.3855761162613768,0.6166666666666667,0.0,30.6,36.0,34.1,0.0,0.0,42.9,0.0,93.1584,,,33.221726032801556,False,rejected_by_pre_entry_checks,,,89.62,-3.1815,87.975,-4.9587
2026-09-28,2026-09-28T13:34:57.274258,TWST,RAPID_DECREASE_CANDIDATE,181.603,-0.393,-0.411,0.018,1.784,3.1552,15,0.8,2.5386757223673873,5,0.8627782041442819,0.9,0.0,39.7,100.0,52.8,5.6,0.0,76.1,0.0,181.3986,,,51.20195840587965,False,rejected_by_pre_entry_checks,,,182.21,0.3342,187.515,3.2555
2026-09-28,2026-09-28T13:34:57.291576,VIAV,RAPID_DECREASE_CANDIDATE,40.67,-1.853,-1.871,0.018,0.328,10.7204,15,0.6,2.8844733431844105,5,0.8360244868024191,0.8,0.0,3.2,12.8,8.0,0.0,0.0,27.6,0.0,41.3646,,,19.61487340340693,False,rejected_by_pre_entry_checks,,,39.135,-3.7743,39.62,-2.5818
2026-09-28,2026-09-28T13:34:57.315438,META,RAPID_DECREASE_CANDIDATE,726.255,-0.542,-0.56,0.018,0.956,0.0454,15,0.8,2.599886317737704,5,0.6583951049863919,0.8,0.0,36.0,46.9,34.0,0.0,0.0,48.5,100.0,730.9318,40.1,XLC,40.79870246083048,False,rejected_by_pre_entry_checks,,,722.54,-0.5115,723.795,-0.3387
2026-09-28,2026-09-28T13:34:57.332481,MRNA,RAPID_DECREASE_CANDIDATE,194.688,-0.676,-0.694,0.018,0.965,5.6552,15,1.0,3.63816316910259,5,0.3542739612420701,0.65,0.0,32.6,47.6,40.0,0.0,0.0,48.8,0.0,195.4683,31.1,XLV,36.97382805941179,False,rejected_by_pre_entry_checks,,,191.145,-1.8198,198.005,1.7038
2026-09-28,2026-09-28T13:34:57.350719,RMBS,RAPID_DECREASE_CANDIDATE,102.86,-1.122,-1.14,0.018,0.519,11.4816,15,1.0,3.5921187079685986,5,0.6391017039001283,0.7333333333333333,0.0,21.5,21.5,23.9,0.0,0.0,34.0,0.0,103.9438,,,26.903751080979244,False,rejected_by_pre_entry_checks,,,101.64,-1.1861,102.27,-0.5736
2026-09-28,2026-09-28T13:34:57.390408,TXG,RAPID_DECREASE_CANDIDATE,85.985,-1.098,-1.116,0.018,1.11,17.8403,15,0.6,1.764068263321942,5,0.8088586851744765,0.85,0.0,22.1,58.3,25.5,0.0,0.0,53.7,0.0,86.8363,,,35.790813129703615,False,rejected_by_pre_entry_checks,,,86.87,1.0292,88.27,2.6574
2026-09-28,2026-09-28T13:34:57.412016,COIN,RAPID_DECREASE_CANDIDATE,194.35,-0.39,-0.408,0.018,0.911,4.8675,15,0.8,1.9167903330068232,5,0.47078566095030905,0.65,0.0,39.8,43.9,35.7,0.0,0.0,47.0,0.0,195.4675,47.2,WGMI,36.79177117796455,False,rejected_by_pre_entry_checks,,,196.37,1.0394,195.88,0.7872
2026-09-28,2026-09-28T13:34:57.431373,P,RAPID_DECREASE_CANDIDATE,128.65,-1.319,-1.337,0.018,0.792,6.2728,15,0.6,4.895076230386623,5,0.5700187605349776,0.7666666666666666,0.0,16.6,36.3,26.9,0.0,0.0,43.1,0.0,129.8487,,,30.069356909382456,False,rejected_by_pre_entry_checks,,,127.92,-0.5674,127.405,-0.9677
2026-09-28,2026-09-28T13:34:57.449594,IONQ,RAPID_DECREASE_CANDIDATE,46.61,-0.344,-0.362,0.018,1.092,0.1716,15,0.4,1.745455670125286,5,0.5065660697769507,0.7,0.0,41.0,56.9,38.8,0.0,0.0,53.1,73.0,46.8192,46.1,ARKK,43.32965826764577,False,rejected_by_pre_entry_checks,,,47.3561,1.6007,47.19,1.2444
2026-09-28,2026-09-28T13:34:57.467948,AVGO,RAPID_DECREASE_CANDIDATE,354.12,-0.365,-0.383,0.018,1.04,0.9347,15,0.0,0.2750426898280892,5,0.41849432676739406,0.55,0.0,40.4,52.9,45.0,0.0,0.0,51.3,0.0,354.8354,42.7,SMH,40.090547381507456,False,rejected_by_pre_entry_checks,,,352.49,-0.4603,351.49,-0.7427
2026-09-28,2026-09-28T13:34:57.484837,QCOM,RAPID_DECREASE_CANDIDATE,194.438,-1.541,-1.559,0.018,1.01,7.7043,15,0.6,1.2410526812384155,5,0.3570545026278345,0.55,0.0,11.0,50.7,19.2,0.0,0.0,50.3,0.0,196.8634,13.3,SMH,31.476277681598003,False,rejected_by_pre_entry_checks,,,187.58,-3.5271,188.56,-3.0231
2026-09-28,2026-09-28T13:34:57.501392,INTC,RAPID_DECREASE_CANDIDATE,120.0005,-0.621,-0.639,0.018,1.018,0.0583,15,0.6,1.683915415417859,5,0.7641607066296857,0.7,0.0,34.0,51.3,32.6,0.0,0.0,50.6,98.2,120.8415,36.3,SMH,41.20970103250973,False,rejected_by_pre_entry_checks,,,117.56,-2.0337,118.6,-1.1671
2026-09-28,2026-09-28T13:35:07.770581,BE,RAPID_DECREASE_CANDIDATE,271.665,-2.751,-2.724,-0.027,0.85,9.1804,11,1.0,2.9777657977747474,5,0.41786743572907614,0.7,0.0,0.0,95.7,0.4,0.0,0.0,45.0,0.0,277.1594,,,34.133346412599145,False,rejected_by_pre_entry_checks,,,270.4604,-0.4434,269.79,-0.6902
2026-09-28,2026-09-28T13:35:07.795790,MXL,RAPID_DECREASE_CANDIDATE,91.62,-1.769,-1.742,-0.027,2.098,16.5029,11,0.8,4.09451630603999,5,0.3855761162613768,0.6166666666666667,0.0,6.5,48.4,9.7,0.0,0.0,86.6,0.0,93.1195,,,33.68194602831269,False,rejected_by_pre_entry_checks,,,89.2,-2.6413,87.975,-3.9784
2026-09-28,2026-09-28T13:35:07.822103,VIAV,RAPID_DECREASE_CANDIDATE,40.345,-2.637,-2.61,-0.027,0.901,10.8068,11,0.6,2.8844733431844105,5,0.8360244868024191,0.8,0.0,0.0,17.8,0.0,0.0,0.0,46.7,0.0,41.3502,,,21.30012368789053,False,rejected_by_pre_entry_checks,,,39.2,-2.838,39.62,-1.797
2026-09-28,2026-09-28T13:35:07.849182,META,RAPID_DECREASE_CANDIDATE,726.84,-0.462,-0.435,-0.027,0.855,0.055,11,0.8,2.599886317737704,5,0.6583951049863919,0.8,0.0,39.1,46.5,36.3,0.0,0.0,45.2,98.9,730.8307,41.7,XLC,41.08749830329678,False,rejected_by_pre_entry_checks,,,721.48,-0.7374,723.795,-0.4189
2026-09-28,2026-09-28T13:35:07.877342,MRNA,RAPID_DECREASE_CANDIDATE,194.6,-0.72,-0.693,-0.027,1.143,7.9496,11,1.0,3.63816316910259,5,0.3542739612420701,0.65,0.0,32.7,49.5,39.1,0.0,0.0,54.8,0.0,195.4484,22.2,XLV,37.93768486599801,False,rejected_by_pre_entry_checks,,,191.7,-1.4902,198.005,1.7497
2026-09-28,2026-09-28T13:35:07.900009,RMBS,RAPID_DECREASE_CANDIDATE,103.5695,-0.44,-0.413,-0.027,4.448,11.403,11,1.0,3.5921187079685986,5,0.6391017039001283,0.7333333333333333,0.0,39.7,58.8,43.1,0.0,0.0,100.0,0.0,103.8576,,,46.79932167388169,False,rejected_by_pre_entry_checks,,,101.57,-1.9306,102.27,-1.2547
2026-09-28,2026-09-28T13:35:07.919841,COIN,RAPID_DECREASE_CANDIDATE,194.435,-0.346,-0.319,-0.027,1.001,6.5215,11,0.8,1.9167903330068232,5,0.47078566095030905,0.65,0.0,42.0,45.6,37.1,0.0,0.0,50.0,0.0,195.4423,59.3,WGMI,38.00077921679505,False,rejected_by_pre_entry_checks,,,195.08,0.3317,195.88,0.7432
2026-09-28,2026-09-28T13:35:07.941688,P,RAPID_DECREASE_CANDIDATE,128.23,-1.641,-1.614,-0.027,1.059,0.7409,11,0.6,4.895076230386623,5,0.5700187605349776,0.7666666666666666,0.0,9.6,40.4,19.4,0.0,0.0,52.0,0.0,129.8216,,,29.74930627393789,False,rejected_by_pre_entry_checks,,,127.2,-0.8032,127.405,-0.6434
2026-09-28,2026-09-28T13:35:07.968400,AVGO,RAPID_DECREASE_CANDIDATE,353.7288,-0.475,-0.448,-0.027,0.531,0.1555,11,0.0,0.2750426898280892,5,0.41849432676739406,0.55,0.0,38.8,48.0,42.3,0.0,0.0,34.4,76.6,354.827,48.5,SMH,39.72702426884627,False,rejected_by_pre_entry_checks,,,352.48,-0.353,351.49,-0.6329
2026-09-28,2026-09-28T13:35:07.988271,QCOM,RAPID_DECREASE_CANDIDATE,194.11,-1.707,-1.68,-0.027,1.312,3.2765,11,0.6,1.2410526812384155,5,0.3570545026278345,0.55,0.0,8.0,53.3,16.0,0.0,0.0,60.4,0.0,196.784,17.7,SMH,32.26533931114807,False,rejected_by_pre_entry_checks,,,187.5,-3.4053,188.56,-2.8592
2026-09-28,2026-09-28T13:35:08.007230,INTC,RAPID_DECREASE_CANDIDATE,119.8,-0.787,-0.76,-0.027,1.367,0.0417,11,0.6,1.683915415417859,5,0.7641607066296857,0.7,0.0,31.0,54.2,29.0,0.0,0.0,62.2,100.0,120.8132,40.7,SMH,42.27522561852595,False,rejected_by_pre_entry_checks,,,117.56,-1.8698,118.6,-1.0017
2026-09-28,2026-09-28T13:35:18.264501,BE,RAPID_DECREASE_CANDIDATE,271.615,-2.769,-2.742,-0.027,0.838,9.1821,13,1.0,2.9777657977747474,5,0.41786743572907614,0.7,0.0,0.0,79.6,1.4,0.0,0.0,44.6,0.0,277.0051,,,31.509218251889553,True,,,,270.4604,-0.4251,269.79,-0.6719
2026-09-28,2026-09-28T13:35:18.338604,MXL,RAPID_DECREASE_CANDIDATE,91.615,-1.774,-1.747,-0.027,2.015,16.5038,13,0.8,4.09451630603999,5,0.3855761162613768,0.6166666666666667,0.0,6.3,61.7,10.5,0.0,0.0,83.8,0.0,93.0857,,,35.634782620478276,True,,,,89.2,-2.636,87.975,-3.9731
2026-09-28,2026-09-28T13:35:18.358152,TWST,RAPID_DECREASE_CANDIDATE,181.4777,-0.462,-0.435,-0.027,1.588,16.5365,13,0.8,2.5386757223673873,5,0.8627782041442819,0.9,0.0,39.1,100.0,52.6,5.2,0.0,69.6,0.0,181.289,,,50.31228739870931,False,rejected_by_pre_entry_checks,,,181.62,0.0784,187.515,3.3267
2026-09-28,2026-09-28T13:35:18.418922,VIAV,RAPID_DECREASE_CANDIDATE,40.29,-2.77,-2.743,-0.027,0.96,10.8215,13,0.6,2.8844733431844105,5,0.8360244868024191,0.8,0.0,0.0,23.9,0.0,0.0,0.0,48.7,0.0,41.3364,,,22.5749798221645,True,,,,39.2,-2.7054,39.62,-1.6629
2026-09-28,2026-09-28T13:35:18.437234,META,RAPID_DECREASE_CANDIDATE,725.44,-0.653,-0.626,-0.027,0.867,0.1048,13,0.8,2.599886317737704,5,0.6583951049863919,0.8,0.0,34.4,46.2,31.9,0.0,0.0,45.6,87.8,730.7348,36.9,XLC,39.263163269844384,False,rejected_by_pre_entry_checks,,,721.48,-0.5459,723.795,-0.2268
2026-09-28,2026-09-28T13:35:18.490631,MRNA,RAPID_DECREASE_CANDIDATE,194.4999,-0.771,-0.744,-0.027,1.141,2.3548,13,1.0,3.63816316910259,5,0.3542739612420701,0.65,0.0,31.4,51.5,38.1,0.0,0.0,54.7,0.0,195.4299,20.9,XLV,37.919864486442016,True,,,,191.7,-1.4395,198.005,1.8021
2026-09-28,2026-09-28T13:35:18.548542,RMBS,RAPID_DECREASE_CANDIDATE,102.695,-1.281,-1.254,-0.027,3.936,5.5894,13,1.0,3.5921187079685986,5,0.6391017039001283,0.7333333333333333,0.0,18.6,100.0,23.5,0.0,0.0,100.0,0.0,103.7956,,,47.71154133197904,True,,,,101.57,-1.0955,102.27,-0.4138
2026-09-28,2026-09-28T13:35:18.599426,TXG,RAPID_DECREASE_CANDIDATE,86.5,-0.506,-0.479,-0.027,1.796,17.7341,13,0.6,1.764068263321942,5,0.8088586851744765,0.85,0.0,38.0,69.9,43.0,0.0,0.0,76.5,0.0,86.7439,,,45.43327562043941,False,rejected_by_pre_entry_checks,,,86.915,0.4798,88.27,2.0462
2026-09-28,2026-09-28T13:35:18.622800,COIN,RAPID_DECREASE_CANDIDATE,194.28,-0.425,-0.398,-0.027,1.016,4.4832,13,0.8,1.9167903330068232,5,0.47078566095030905,0.65,0.0,40.0,47.4,35.4,0.0,0.0,50.5,0.0,195.4186,57.3,WGMI,37.82600851036721,False,rejected_by_pre_entry_checks,,,195.08,0.4118,195.88,0.8236
2026-09-28,2026-09-28T13:35:18.680740,P,RAPID_DECREASE_CANDIDATE,127.6958,-2.051,-2.024,-0.027,1.093,1.2217,13,0.6,4.895076230386623,5,0.5700187605349776,0.7666666666666666,0.0,0.0,44.9,9.5,0.0,0.0,53.1,0.0,129.796,,,27.807358105587994,False,rejected_by_pre_entry_checks,,,127.2,-0.3883,127.405,-0.2277
2026-09-28,2026-09-28T13:35:18.698369,AVGO,RAPID_DECREASE_CANDIDATE,353.291,-0.599,-0.572,-0.027,0.541,0.6623,13,0.0,0.2750426898280892,5,0.41849432676739406,0.55,0.0,35.7,43.1,39.2,0.0,0.0,34.7,0.0,354.8189,45.4,SMH,34.877907921302025,False,rejected_by_pre_entry_checks,,,352.48,-0.2296,351.49,-0.5098
2026-09-28,2026-09-28T13:35:18.751650,QCOM,RAPID_DECREASE_CANDIDATE,193.56,-1.986,-1.959,-0.027,1.289,3.5493,13,0.6,1.2410526812384155,5,0.3570545026278345,0.55,0.0,1.0,55.8,10.0,0.0,0.0,59.6,0.0,196.7111,10.8,SMH,30.67630361758828,False,rejected_by_pre_entry_checks,,,187.5,-3.1308,188.56,-2.5832
2026-09-28,2026-09-28T13:35:18.777162,INTC,RAPID_DECREASE_CANDIDATE,119.9364,-0.674,-0.647,-0.027,1.337,0.3502,13,0.6,1.683915415417859,5,0.7641607066296857,0.7,0.0,33.8,57.1,32.4,0.0,0.0,61.2,33.3,120.7874,43.5,SMH,40.740269599923614,False,rejected_by_pre_entry_checks,,,117.56,-1.9814,118.6,-1.1143
2026-09-28,2026-09-28T13:35:22.086328,RKLB,RAPID_DECREASE_CANDIDATE,73.14,-0.36,-0.333,-0.027,0.518,0.1231,10,0.6,2.1492297245915246,5,0.4558393724462264,0.65,0.0,41.7,33.3,43.1,0.0,0.0,33.9,83.8,73.3414,46.4,ARKK,38.12242164621055,False,rejected_by_pre_entry_checks,,,72.435,-0.9639,73.085,-0.0752
2026-09-28,2026-09-28T13:35:22.103112,TWST,RAPID_DECREASE_CANDIDATE,181.4777,-0.462,-0.435,-0.027,1.501,1.62,10,0.8,2.5386757223673873,5,0.8627782041442819,0.9,0.0,39.1,94.9,53.2,6.4,0.0,66.7,0.0,181.2459,,,49.02251794816249,False,rejected_by_pre_entry_checks,,,181.62,0.0784,187.515,3.3267
2026-09-28,2026-09-28T13:35:22.122180,META,RAPID_DECREASE_CANDIDATE,726.754,-0.473,-0.446,-0.027,0.881,0.3495,10,0.8,2.599886317737704,5,0.6583951049863919,0.8,0.0,38.9,45.8,36.7,0.0,0.0,46.0,33.4,730.6437,41.4,XLC,38.345450570147094,False,rejected_by_pre_entry_checks,,,721.48,-0.7257,723.795,-0.4072
2026-09-28,2026-09-28T13:35:22.154688,TXG,RAPID_DECREASE_CANDIDATE,85.4107,-1.759,-1.732,-0.027,1.693,17.9603,10,0.6,1.764068263321942,5,0.8088586851744765,0.85,0.0,6.7,75.3,12.6,0.0,0.0,73.1,0.0,86.7063,,,36.87700800510209,False,rejected_by_pre_entry_checks,,,86.915,1.7613,88.27,3.3477
2026-09-28,2026-09-28T13:35:22.180167,COIN,RAPID_DECREASE_CANDIDATE,194.04,-0.548,-0.521,-0.027,1.03,4.3702,10,0.8,1.9167903330068232,5,0.47078566095030905,0.65,0.0,37.0,49.3,32.6,0.0,0.0,51.0,0.0,195.3962,54.2,WGMI,37.34157205193734,False,rejected_by_pre_entry_checks,,,195.08,0.536,195.88,0.9483
2026-09-28,2026-09-28T13:35:22.199359,P,RAPID_DECREASE_CANDIDATE,128.7947,-1.208,-1.181,-0.027,1.129,1.2112,10,0.6,4.895076230386623,5,0.5700187605349776,0.7666666666666666,0.0,20.5,49.9,31.2,0.0,0.0,54.3,0.0,129.7717,,,34.92149577271695,False,rejected_by_pre_entry_checks,,,127.2,-1.2382,127.405,-1.079
2026-09-28,2026-09-28T13:35:22.255062,IONQ,RAPID_DECREASE_CANDIDATE,46.525,-0.525,-0.498,-0.027,0.859,3.2671,10,0.4,1.745455670125286,5,0.5065660697769507,0.7,0.0,37.5,47.4,34.7,0.0,0.0,45.3,0.0,46.812,42.3,ARKK,36.65676113540574,False,rejected_by_pre_entry_checks,,,47.45,1.9882,47.19,1.4293
2026-09-28,2026-09-28T13:35:22.280442,AVGO,RAPID_DECREASE_CANDIDATE,353.1286,-0.644,-0.617,-0.027,0.552,0.6881,10,0.0,0.2750426898280892,5,0.41849432676739406,0.55,0.0,34.6,38.4,38.1,0.0,0.0,35.1,0.0,354.811,44.3,SMH,33.8122944209975,False,rejected_by_pre_entry_checks,,,352.48,-0.1837,351.49,-0.464
2026-09-28,2026-09-28T13:35:22.298828,QCOM,RAPID_DECREASE_CANDIDATE,193.38,-2.077,-2.05,-0.027,1.267,7.7464,10,0.6,1.2410526812384155,5,0.3570545026278345,0.55,0.0,0.0,58.4,8.5,0.0,0.0,58.9,0.0,196.644,8.5,SMH,30.659195233198247,False,rejected_by_pre_entry_checks,,,187.5,-3.0406,188.56,-2.4925
2026-09-28,2026-09-28T13:35:22.316979,INTC,RAPID_DECREASE_CANDIDATE,119.89,-0.712,-0.685,-0.027,1.309,0.0834,10,0.6,1.683915415417859,5,0.7641607066296857,0.7,0.0,32.9,59.9,31.9,0.0,0.0,60.3,92.6,120.7637,42.6,SMH,43.3512151835639,False,rejected_by_pre_entry_checks,,,117.56,-1.9434,118.6,-1.076
2026-09-28,2026-09-28T13:35:25.842839,VICR,RAPID_DECREASE_CANDIDATE,276.63,-0.734,-0.707,-0.027,0.802,1.2255,10,0.4,1.3557212185800078,5,0.9227008850877633,0.7708333333333334,0.0,32.3,52.6,12.9,0.0,0.0,43.4,0.0,280.8015,,,33.68146357624871,True,,,,277.055,0.1536,279.585,1.0682
2026-09-28,2026-09-28T13:35:25.861481,TWST,RAPID_DECREASE_CANDIDATE,181.4757,-0.463,-0.436,-0.027,1.422,1.5484,10,0.8,2.5386757223673873,5,0.8627782041442819,0.9,0.0,39.1,86.5,53.7,7.4,0.0,64.1,0.0,181.2085,,,47.222705022365204,False,rejected_by_pre_entry_checks,,,181.62,0.0795,187.515,3.3279
2026-09-28,2026-09-28T13:35:25.880479,META,RAPID_DECREASE_CANDIDATE,726.075,-0.566,-0.539,-0.027,0.894,0.0909,10,0.8,2.599886317737704,5,0.6583951049863919,0.8,0.0,36.5,45.4,34.7,0.0,0.0,46.5,90.9,730.557,39.1,XLC,40.09040513940671,False,rejected_by_pre_entry_checks,,,721.48,-0.6329,723.795,-0.314
2026-09-28,2026-09-28T13:35:25.898146,AEHR,RAPID_DECREASE_CANDIDATE,100.0205,-0.457,-0.43,-0.027,0.83,14.547,10,0.6,2.2181261848106475,5,0.7943571234524781,0.75,0.0,39.2,38.6,30.1,0.0,0.0,44.3,0.0,100.822,,,34.778275872224995,False,rejected_by_pre_entry_checks,,,97.55,-2.47,97.81,-2.21
2026-09-28,2026-09-28T13:35:25.917710,COIN,RAPID_DECREASE_CANDIDATE,193.97,-0.584,-0.557,-0.027,1.046,4.2842,10,0.8,1.9167903330068232,5,0.47078566095030905,0.65,0.0,36.1,51.3,32.0,0.0,0.0,51.5,0.0,195.375,53.4,WGMI,37.51509307770042,False,rejected_by_pre_entry_checks,,,195.08,0.5723,195.88,0.9847
2026-09-28,2026-09-28T13:35:25.938998,P,RAPID_DECREASE_CANDIDATE,127.68,-2.063,-2.036,-0.027,1.167,1.2218,10,0.6,4.895076230386623,5,0.5700187605349776,0.7666666666666666,0.0,0.0,55.7,10.1,0.0,0.0,55.6,0.0,129.7486,,,30.003993769648012,False,rejected_by_pre_entry_checks,,,127.2,-0.3759,127.405,-0.2154
2026-09-28,2026-09-28T13:35:25.974660,IONQ,RAPID_DECREASE_CANDIDATE,46.5465,-0.479,-0.452,-0.027,0.853,0.1289,10,0.4,1.745455670125286,5,0.5065660697769507,0.7,0.0,38.7,44.6,35.9,0.0,0.0,45.1,82.5,46.8099,43.5,ARKK,39.94408124464659,False,rejected_by_pre_entry_checks,,,47.45,1.9411,47.19,1.3825
2026-09-28,2026-09-28T13:35:25.994748,AVGO,RAPID_DECREASE_CANDIDATE,353.028,-0.673,-0.646,-0.027,0.562,0.1473,10,0.0,0.2750426898280892,5,0.41849432676739406,0.55,0.0,33.8,33.8,37.5,0.0,0.0,35.4,78.4,354.8035,43.6,SMH,36.14657256436138,False,rejected_by_pre_entry_checks,,,352.48,-0.1552,351.49,-0.4357
2026-09-28,2026-09-28T13:35:26.017064,QCOM,RAPID_DECREASE_CANDIDATE,193.5506,-1.991,-1.964,-0.027,1.245,7.7396,10,0.6,1.2410526812384155,5,0.3570545026278345,0.55,0.0,0.9,60.9,11.4,0.0,0.0,58.2,0.0,196.582,10.6,SMH,31.50983543202149,False,rejected_by_pre_entry_checks,,,187.5,-3.1261,188.56,-2.5784
2026-09-28,2026-09-28T13:35:26.034459,INTC,RAPID_DECREASE_CANDIDATE,119.88,-0.72,-0.693,-0.027,1.282,0.1418,10,0.6,1.683915415417859,5,0.7641607066296857,0.7,0.0,32.7,62.7,32.2,0.0,0.0,59.4,79.6,120.7419,42.4,SMH,43.16473177555082,False,rejected_by_pre_entry_checks,,,117.56,-1.9353,118.6,-1.0677
2026-09-28,2026-09-28T13:35:29.398977,RKLB,RAPID_DECREASE_CANDIDATE,73.18,-0.305,-0.278,-0.027,0.555,0.1503,11,0.6,2.1492297245915246,5,0.4558393724462264,0.65,0.0,43.0,27.5,44.4,0.0,0.0,35.2,77.7,73.3453,47.8,ARKK,37.43543422046446,True,,,,72.435,-1.018,73.085,-0.1298
2026-09-28,2026-09-28T13:35:29.416813,VKTX,RAPID_DECREASE_CANDIDATE,34.63,-0.417,-0.39,-0.027,0.766,4.5914,11,0.8,3.248332067979104,5,0.6228616102135653,0.75,0.0,40.2,37.9,39.5,0.0,0.0,42.2,0.0,34.7762,,,35.73983510708067,False,rejected_by_pre_entry_checks,,,34.755,0.361,34.91,0.8085
2026-09-28,2026-09-28T13:35:29.438242,META,RAPID_DECREASE_CANDIDATE,725.7,-0.618,-0.591,-0.027,0.908,0.1888,11,0.8,2.599886317737704,5,0.6583951049863919,0.8,0.0,35.2,45.1,33.7,0.0,0.0,46.9,69.2,730.4744,37.8,XLC,38.83601880825172,False,rejected_by_pre_entry_checks,,,721.48,-0.5815,723.795,-0.2625
2026-09-28,2026-09-28T13:35:29.470462,ALAB,RAPID_DECREASE_CANDIDATE,361.0606,-0.334,-0.307,-0.027,1.98,4.8247,11,0.6,3.4652459674035905,5,0.5743347580489254,0.75,0.0,42.3,100.0,38.5,0.0,0.0,82.7,0.0,362.7245,,,51.37068144595782,False,rejected_by_pre_entry_checks,,,360.985,-0.0209,360.62,-0.122
2026-09-28,2026-09-28T13:35:29.489574,TXG,RAPID_DECREASE_CANDIDATE,85.905,-1.19,-1.163,-0.027,1.52,17.8569,11,0.6,1.764068263321942,5,0.8088586851744765,0.85,0.0,20.9,85.0,28.7,0.0,0.0,67.3,0.0,86.6437,,,42.151026502402985,False,rejected_by_pre_entry_checks,,,86.915,1.1757,88.27,2.753
2026-09-28,2026-09-28T13:35:29.507597,COIN,RAPID_DECREASE_CANDIDATE,194.08,-0.528,-0.501,-0.027,1.061,4.2817,11,0.8,1.9167903330068232,5,0.47078566095030905,0.65,0.0,37.5,53.5,33.7,0.0,0.0,52.0,0.0,195.3549,54.8,WGMI,38.37257806467731,False,rejected_by_pre_entry_checks,,,195.08,0.5153,195.88,0.9275
2026-09-28,2026-09-28T13:35:29.585284,P,RAPID_DECREASE_CANDIDATE,127.7587,-2.003,-1.976,-0.027,1.208,1.2211,11,0.6,4.895076230386623,5,0.5700187605349776,0.7666666666666666,0.0,0.6,62.4,12.1,0.0,0.0,56.9,0.0,129.7267,,,31.62781031344105,False,rejected_by_pre_entry_checks,,,127.2,-0.4373,127.405,-0.2769
2026-09-28,2026-09-28T13:35:29.604600,IONQ,RAPID_DECREASE_CANDIDATE,46.51,-0.557,-0.53,-0.027,0.846,0.989,11,0.4,1.745455670125286,5,0.5065660697769507,0.7,0.0,36.8,41.9,34.1,0.0,0.0,44.9,0.0,46.8079,41.5,ARKK,35.47318762001528,False,rejected_by_pre_entry_checks,,,47.45,2.0211,47.19,1.4621
2026-09-28,2026-09-28T13:35:29.621602,AVGO,RAPID_DECREASE_CANDIDATE,352.985,-0.685,-0.658,-0.027,0.573,3.1503,11,0.0,0.2750426898280892,5,0.41849432676739406,0.55,0.0,33.5,29.2,37.2,0.0,0.0,35.8,0.0,354.7962,43.3,SMH,32.091762110390455,False,rejected_by_pre_entry_checks,,,352.48,-0.1431,351.49,-0.4235
2026-09-28,2026-09-28T13:35:29.641391,QCOM,RAPID_DECREASE_CANDIDATE,193.405,-2.064,-2.037,-0.027,1.224,0.2378,11,0.6,1.2410526812384155,5,0.3570545026278345,0.55,0.0,0.0,63.5,10.3,0.0,0.0,57.5,58.3,196.5246,8.8,SMH,33.98042964987493,False,rejected_by_pre_entry_checks,,,187.5,-3.0532,188.56,-2.5051
2026-09-28,2026-09-28T13:35:29.681955,INTC,RAPID_DECREASE_CANDIDATE,119.23,-1.259,-1.232,-0.027,1.256,0.0587,11,0.6,1.683915415417859,5,0.7641607066296857,0.7,0.0,19.2,65.5,19.1,0.0,0.0,58.5,98.1,120.7217,28.9,SMH,40.41436714592145,False,rejected_by_pre_entry_checks,,,117.56,-1.4007,118.6,-0.5284
2026-09-28,2026-09-28T13:35:33.291533,TWST,RAPID_DECREASE_CANDIDATE,181.24,-0.592,-0.565,-0.027,1.288,1.3849,10,0.8,2.5386757223673873,5,0.8627782041442819,0.9,0.0,35.9,73.4,51.3,2.6,0.0,59.6,0.0,181.1468,,,44.25948054372714,False,rejected_by_pre_entry_checks,,,181.62,0.2097,187.515,3.4623
2026-09-28,2026-09-28T13:35:33.312239,META,RAPID_DECREASE_CANDIDATE,727.31,-0.397,-0.37,-0.027,0.914,0.1361,10,0.8,2.599886317737704,5,0.6583951049863919,0.8,0.0,40.8,44.1,39.4,0.0,0.0,47.1,80.9,730.3956,43.3,XLC,40.827379026502825,False,rejected_by_pre_entry_checks,,,721.48,-0.8016,723.795,-0.4833
2026-09-28,2026-09-28T13:35:33.373217,ALAB,RAPID_DECREASE_CANDIDATE,361.06,-0.334,-0.307,-0.027,1.859,4.8247,10,0.6,3.4652459674035905,5,0.5743347580489254,0.75,0.0,42.3,100.0,38.6,0.0,0.0,78.6,0.0,362.7098,,,50.87855803488776,True,,,,360.985,-0.0208,360.62,-0.1219
2026-09-28,2026-09-28T13:35:33.408685,TXG,RAPID_DECREASE_CANDIDATE,85.57,-1.576,-1.549,-0.027,1.469,17.9268,10,0.6,1.764068263321942,5,0.8088586851744765,0.85,0.0,11.3,92.0,19.8,0.0,0.0,65.6,0.0,86.6173,,,40.3815619650189,False,rejected_by_pre_entry_checks,,,86.915,1.5718,88.27,3.1553
2026-09-28,2026-09-28T13:35:33.427398,COIN,RAPID_DECREASE_CANDIDATE,193.88,-0.63,-0.603,-0.027,1.057,0.4023,10,0.8,1.9167903330068232,5,0.47078566095030905,0.65,0.0,34.9,54.2,31.4,0.0,0.0,51.9,21.7,195.3359,52.2,WGMI,38.661606846116406,False,rejected_by_pre_entry_checks,,,195.08,0.6189,195.88,1.0316
2026-09-28,2026-09-28T13:35:33.448407,P,RAPID_DECREASE_CANDIDATE,127.957,-1.851,-1.824,-0.027,1.191,0.8518,10,0.6,4.895076230386623,5,0.5700187605349776,0.7666666666666666,0.0,4.4,64.9,16.3,0.0,0.0,56.4,0.0,129.7059,,,33.13125219435043,False,rejected_by_pre_entry_checks,,,127.2,-0.5916,127.405,-0.4314
2026-09-28,2026-09-28T13:35:33.468197,IONQ,RAPID_DECREASE_CANDIDATE,46.445,-0.696,-0.669,-0.027,0.855,0.1507,10,0.4,1.745455670125286,5,0.5065660697769507,0.7,0.0,33.3,40.2,30.7,0.0,0.0,45.2,77.6,46.8061,38.0,ARKK,37.473421585429534,False,rejected_by_pre_entry_checks,,,47.45,2.1638,47.19,1.604
2026-09-28,2026-09-28T13:35:33.486424,AVGO,RAPID_DECREASE_CANDIDATE,352.9999,-0.681,-0.654,-0.027,0.59,3.1501,10,0.0,0.2750426898280892,5,0.41849432676739406,0.55,0.0,33.6,25.1,37.4,0.0,0.0,36.3,0.0,354.7891,43.4,SMH,31.50682128732949,False,rejected_by_pre_entry_checks,,,352.48,-0.1473,351.49,-0.4277
2026-09-28,2026-09-28T13:35:33.519151,QCOM,RAPID_DECREASE_CANDIDATE,193.4807,-2.026,-1.999,-0.027,1.206,0.2843,10,0.6,1.2410526812384155,5,0.3570545026278345,0.55,0.0,0.0,66.2,11.9,0.0,0.0,56.9,47.9,196.4712,9.8,SMH,34.132296511722004,False,rejected_by_pre_entry_checks,,,187.5,-3.0911,188.56,-2.5433
2026-09-28,2026-09-28T13:35:33.536433,INTC,RAPID_DECREASE_CANDIDATE,119.1556,-1.32,-1.293,-0.027,1.235,0.0336,10,0.6,1.683915415417859,5,0.7641607066296857,0.7,0.0,17.7,68.6,17.9,0.0,0.0,57.8,100.0,120.7031,27.4,SMH,40.526278415290854,False,rejected_by_pre_entry_checks,,,117.56,-1.3391,118.6,-0.4663
2026-09-28,2026-09-28T13:35:36.878898,VKTX,RAPID_DECREASE_CANDIDATE,34.645,-0.374,-0.347,-0.027,0.79,4.474,10,0.8,3.248332067979104,5,0.6228616102135653,0.75,0.0,41.3,36.3,40.6,0.0,0.0,43.0,0.0,34.7751,,,35.88660732286261,True,,,,34.755,0.3175,34.91,0.7649
2026-09-28,2026-09-28T13:35:36.899977,TWST,RAPID_DECREASE_CANDIDATE,181.554,-0.42,-0.393,-0.027,1.23,1.5037,10,0.8,2.5386757223673873,5,0.8627782041442819,0.9,0.0,40.2,68.2,56.0,12.0,0.0,57.7,0.0,181.121,,,43.27212195659893,False,rejected_by_pre_entry_checks,,,181.62,0.0364,187.515,3.2833
2026-09-28,2026-09-28T13:35:36.917889,META,RAPID_DECREASE_CANDIDATE,727.11,-0.425,-0.398,-0.027,0.92,2.2596,10,0.8,2.599886317737704,5,0.6583951049863919,0.8,0.0,40.0,44.4,39.0,0.0,0.0,47.3,0.0,730.3204,42.6,XLC,37.37550312173459,False,rejected_by_pre_entry_checks,,,721.48,-0.7743,723.795,-0.4559
2026-09-28,2026-09-28T13:35:36.935706,AEHR,RAPID_DECREASE_CANDIDATE,99.85,-0.627,-0.6,-0.027,0.857,1.1417,10,0.6,2.2181261848106475,5,0.7943571234524781,0.75,0.0,35.0,40.2,26.8,0.0,0.0,45.2,0.0,100.7852,,,34.04551640961521,False,rejected_by_pre_entry_checks,,,97.55,-2.3035,97.81,-2.0431
2026-09-28,2026-09-28T13:35:36.955562,TXG,RAPID_DECREASE_CANDIDATE,85.57,-1.576,-1.549,-0.027,1.422,17.9268,10,0.6,1.764068263321942,5,0.8088586851744765,0.85,0.0,11.3,86.8,20.5,0.0,0.0,64.1,0.0,86.5935,,,39.40370745535003,False,rejected_by_pre_entry_checks,,,86.915,1.5718,88.27,3.1553
2026-09-28,2026-09-28T13:35:36.976543,P,RAPID_DECREASE_CANDIDATE,127.7298,-2.025,-1.998,-0.027,1.175,0.8455,10,0.6,4.895076230386623,5,0.5700187605349776,0.7666666666666666,0.0,0.0,63.5,12.3,0.0,0.0,55.8,0.0,129.686,,,31.61397774496665,False,rejected_by_pre_entry_checks,,,127.2,-0.4148,127.405,-0.2543
2026-09-28,2026-09-28T13:35:36.994455,IONQ,RAPID_DECREASE_CANDIDATE,46.4401,-0.707,-0.68,-0.027,0.864,0.1507,10,0.4,1.745455670125286,5,0.5065660697769507,0.7,0.0,33.0,40.8,30.5,0.0,0.0,45.5,77.6,46.8043,37.8,ARKK,37.53896298106719,False,rejected_by_pre_entry_checks,,,47.45,2.1746,47.19,1.6148
2026-09-28,2026-09-28T13:35:37.025352,AVGO,RAPID_DECREASE_CANDIDATE,352.883,-0.713,-0.686,-0.027,0.608,3.1512,10,0.0,0.2750426898280892,5,0.41849432676739406,0.55,0.0,32.9,26.0,36.6,0.0,0.0,36.9,0.0,354.7822,42.6,SMH,31.505817224729213,False,rejected_by_pre_entry_checks,,,352.48,-0.1142,351.49,-0.3947
2026-09-28,2026-09-28T13:35:37.044015,QCOM,RAPID_DECREASE_CANDIDATE,193.0,-2.269,-2.242,-0.027,1.189,0.5181,10,0.6,1.2410526812384155,5,0.3570545026278345,0.55,0.0,0.0,64.7,6.5,0.0,0.0,56.3,0.0,196.4215,3.7,SMH,31.124105200834148,False,rejected_by_pre_entry_checks,,,187.5,-2.8497,188.56,-2.3005
2026-09-28,2026-09-28T13:35:37.065879,INTC,RAPID_DECREASE_CANDIDATE,118.942,-1.497,-1.47,-0.027,1.214,2.2868,10,0.6,1.683915415417859,5,0.7641607066296857,0.7,0.0,13.2,66.9,13.9,0.0,0.0,57.1,0.0,120.6858,23.0,SMH,34.72894912297755,False,rejected_by_pre_entry_checks,,,117.56,-1.1619,118.6,-0.2875
2026-09-28,2026-09-28T13:35:40.534955,TWST,RAPID_DECREASE_CANDIDATE,181.3093,-0.554,-0.527,-0.027,1.176,1.5057,9,0.8,2.5386757223673873,5,0.8627782041442819,0.9,0.0,36.8,63.6,52.9,5.8,0.0,55.9,0.0,181.0979,,,42.11205369771872,False,rejected_by_pre_entry_checks,,,181.62,0.1714,187.515,3.4227
2026-09-28,2026-09-28T13:35:40.552421,META,RAPID_DECREASE_CANDIDATE,726.91,-0.452,-0.425,-0.027,0.925,0.2793,9,0.8,2.599886317737704,5,0.6583951049863919,0.8,0.0,39.4,44.8,38.6,0.0,0.0,47.5,49.0,730.2485,42.0,XLC,39.33624348570158,False,rejected_by_pre_entry_checks,,,721.48,-0.747,723.795,-0.4285
2026-09-28,2026-09-28T13:35:40.583803,AEHR,RAPID_DECREASE_CANDIDATE,100.155,-0.323,-0.296,-0.027,0.864,1.1382,9,0.6,2.2181261848106475,5,0.7943571234524781,0.75,0.0,42.6,40.9,34.6,0.0,0.0,45.5,0.0,100.7755,,,36.42796115553024,False,rejected_by_pre_entry_checks,,,97.55,-2.601,97.81,-2.3414
2026-09-28,2026-09-28T13:35:40.631798,COIN,RAPID_DECREASE_CANDIDATE,193.8,-0.671,-0.644,-0.027,1.048,6.5428,9,0.8,1.9167903330068232,5,0.47078566095030905,0.65,0.0,33.9,53.5,30.8,0.0,0.0,51.6,0.0,195.3005,51.2,WGMI,37.37055057492938,True,,,,195.08,0.6605,195.88,1.0733
2026-09-28,2026-09-28T13:35:40.650388,P,RAPID_DECREASE_CANDIDATE,127.63,-2.102,-2.075,-0.027,1.16,0.8462,9,0.6,4.895076230386623,5,0.5700187605349776,0.7666666666666666,0.0,0.0,62.2,10.7,0.0,0.0,55.3,0.0,129.6671,,,31.131442092292794,False,rejected_by_pre_entry_checks,,,127.2,-0.3369,127.405,-0.1763
2026-09-28,2026-09-28T13:35:40.669943,IONQ,RAPID_DECREASE_CANDIDATE,46.45,-0.686,-0.659,-0.027,0.873,0.1292,9,0.4,1.745455670125286,5,0.5065660697769507,0.7,0.0,33.5,41.4,31.2,0.0,0.0,45.8,82.4,46.8026,38.3,ARKK,38.037839179981475,False,rejected_by_pre_entry_checks,,,47.45,2.1529,47.19,1.5931
2026-09-28,2026-09-28T13:35:40.689222,AVGO,RAPID_DECREASE_CANDIDATE,352.94,-0.697,-0.67,-0.027,0.627,2.635,9,0.0,0.2750426898280892,5,0.41849432676739406,0.55,0.0,33.2,27.0,37.1,0.0,0.0,37.6,0.0,354.7756,43.0,SMH,31.87378372332345,False,rejected_by_pre_entry_checks,,,352.48,-0.1303,351.49,-0.4108
2026-09-28,2026-09-28T13:35:40.707660,QCOM,RAPID_DECREASE_CANDIDATE,193.17,-2.183,-2.156,-0.027,1.172,4.6488,9,0.6,1.2410526812384155,5,0.3570545026278345,0.55,0.0,0.0,63.3,9.2,0.0,0.0,55.7,0.0,196.375,5.8,SMH,31.158314175191943,False,rejected_by_pre_entry_checks,,,187.5,-2.9352,188.56,-2.3865
2026-09-28,2026-09-28T13:35:40.727873,INTC,RAPID_DECREASE_CANDIDATE,118.99,-1.458,-1.431,-0.027,1.195,0.8236,9,0.6,1.683915415417859,5,0.7641607066296857,0.7,0.0,14.2,65.2,15.2,0.0,0.0,56.5,0.0,120.6696,23.9,SMH,34.6959224321194,False,rejected_by_pre_entry_checks,,,117.56,-1.2018,118.6,-0.3278
2026-09-28,2026-09-28T13:35:44.251936,TWST,RAPID_DECREASE_CANDIDATE,181.3093,-0.554,-0.527,-0.027,1.128,1.5057,8,0.8,2.5386757223673873,5,0.8627782041442819,0.9,0.0,36.8,59.7,53.2,6.4,0.0,54.3,0.0,181.0772,,,41.2121267910435,False,rejected_by_pre_entry_checks,,,181.62,0.1714,187.515,3.4227
2026-09-28,2026-09-28T13:35:44.283705,META,RAPID_DECREASE_CANDIDATE,726.3,-0.535,-0.508,-0.027,0.931,0.1129,8,0.8,2.599886317737704,5,0.6583951049863919,0.8,0.0,37.3,45.2,36.7,0.0,0.0,47.7,86.0,730.1797,39.9,XLC,40.38934281610218,False,rejected_by_pre_entry_checks,,,721.48,-0.6636,723.795,-0.3449
2026-09-28,2026-09-28T13:35:44.312031,TXG,RAPID_DECREASE_CANDIDATE,85.57,-1.576,-1.549,-0.027,1.335,17.9268,8,0.6,1.764068263321942,5,0.8088586851744765,0.85,0.0,11.3,77.9,21.6,0.0,0.0,61.2,0.0,86.5524,,,37.71845714214664,False,rejected_by_pre_entry_checks,,,86.915,1.5718,88.27,3.1553
2026-09-28,2026-09-28T13:35:44.332817,P,RAPID_DECREASE_CANDIDATE,128.6452,-1.323,-1.296,-0.027,1.144,0.7151,8,0.6,4.895076230386623,5,0.5700187605349776,0.7666666666666666,0.0,17.6,61.0,30.6,0.0,0.0,54.8,0.0,129.649,,,36.28051084435108,False,rejected_by_pre_entry_checks,,,127.2,-1.1234,127.405,-0.964
2026-09-28,2026-09-28T13:35:44.350874,IONQ,RAPID_DECREASE_CANDIDATE,46.515,-0.547,-0.52,-0.027,0.882,0.129,8,0.4,1.745455670125286,5,0.5065660697769507,0.7,0.0,37.0,42.0,34.7,0.0,0.0,46.1,82.4,46.801,41.8,ARKK,39.201353119207866,False,rejected_by_pre_entry_checks,,,47.45,2.0101,47.19,1.4511
2026-09-28,2026-09-28T13:35:44.374302,AVGO,RAPID_DECREASE_CANDIDATE,353.01,-0.678,-0.651,-0.027,0.647,0.0765,8,0.0,0.2750426898280892,5,0.41849432676739406,0.55,0.0,33.7,28.1,37.6,0.0,0.0,38.2,94.1,354.7692,43.4,SMH,36.20421719513265,False,rejected_by_pre_entry_checks,,,352.48,-0.1501,351.49,-0.4306
2026-09-28,2026-09-28T13:35:44.394387,QCOM,RAPID_DECREASE_CANDIDATE,193.18,-2.178,-2.151,-0.027,1.155,4.6485,8,0.6,1.2410526812384155,5,0.3570545026278345,0.55,0.0,0.0,61.9,9.9,0.0,0.0,55.2,0.0,196.3316,6.0,SMH,30.943644341489705,False,rejected_by_pre_entry_checks,,,187.5,-2.9403,188.56,-2.3916
2026-09-28,2026-09-28T13:35:44.425773,INTC,RAPID_DECREASE_CANDIDATE,119.0,-1.449,-1.422,-0.027,1.176,0.0588,8,0.6,1.683915415417859,5,0.7641607066296857,0.7,0.0,14.4,63.6,15.7,0.0,0.0,55.9,98.0,120.6546,24.2,SMH,38.53586672551338,False,rejected_by_pre_entry_checks,,,117.56,-1.2101,118.6,-0.3361
2026-09-28,2026-09-28T13:35:48.779466,TWST,RAPID_DECREASE_CANDIDATE,181.4453,-0.48,-0.453,-0.027,1.083,1.5046,10,0.8,2.5386757223673873,5,0.8627782041442819,0.9,0.0,38.7,56.1,55.3,10.7,0.0,52.8,0.0,181.0584,,,40.47994524850221,False,rejected_by_pre_entry_checks,,,181.62,0.0963,187.515,3.3452
2026-09-28,2026-09-28T13:35:48.808336,META,RAPID_DECREASE_CANDIDATE,727.52,-0.368,-0.341,-0.027,0.937,0.235,10,0.8,2.599886317737704,5,0.6583951049863919,0.8,0.0,41.5,45.6,41.1,0.0,0.0,47.9,58.9,730.1139,44.0,XLC,40.59593680463892,False,rejected_by_pre_entry_checks,,,721.48,-0.8302,723.795,-0.512
2026-09-28,2026-09-28T13:35:48.845358,AEHR,RAPID_DECREASE_CANDIDATE,99.8544,-0.623,-0.596,-0.027,0.877,1.1417,10,0.6,2.2181261848106475,5,0.7943571234524781,0.75,0.0,35.1,41.5,27.6,0.0,0.0,45.9,0.0,100.7586,,,34.448344671545904,False,rejected_by_pre_entry_checks,,,97.55,-2.3078,97.81,-2.0474
2026-09-28,2026-09-28T13:35:48.878045,TXG,RAPID_DECREASE_CANDIDATE,85.57,-1.576,-1.549,-0.027,1.296,17.9268,10,0.6,1.764068263321942,5,0.8088586851744765,0.85,0.0,11.3,74.2,22.1,0.0,0.0,59.9,0.0,86.5346,,,36.991656769947994,False,rejected_by_pre_entry_checks,,,86.915,1.5718,88.27,3.1553
2026-09-28,2026-09-28T13:35:48.896775,P,RAPID_DECREASE_CANDIDATE,127.825,-1.952,-1.925,-0.027,1.13,0.7119,10,0.6,4.895076230386623,5,0.5700187605349776,0.7666666666666666,0.0,1.9,59.8,15.2,0.0,0.0,54.3,0.0,129.6317,,,31.466098218433395,False,rejected_by_pre_entry_checks,,,127.2,-0.4889,127.405,-0.3286
2026-09-28,2026-09-28T13:35:48.915007,INOD,RAPID_DECREASE_CANDIDATE,68.7,-0.377,-0.35,-0.027,0.826,15.7351,10,0.6,1.5908036341558274,5,0.7116439698246293,0.75,0.0,41.2,38.4,34.0,0.0,0.0,44.2,0.0,69.1426,,,35.55617158248224,False,rejected_by_pre_entry_checks,,,67.73,-1.4119,68.87,0.2475
2026-09-28,2026-09-28T13:35:48.938535,IONQ,RAPID_DECREASE_CANDIDATE,46.435,-0.718,-0.691,-0.027,0.892,0.1077,10,0.4,1.745455670125286,5,0.5065660697769507,0.7,0.0,32.7,42.6,30.5,0.0,0.0,46.4,87.2,46.7994,37.5,ARKK,38.30697898913456,False,rejected_by_pre_entry_checks,,,47.45,2.1859,47.19,1.6259
2026-09-28,2026-09-28T13:35:48.957293,AVGO,RAPID_DECREASE_CANDIDATE,352.7567,-0.749,-0.722,-0.027,0.668,0.5811,10,0.0,0.2750426898280892,5,0.41849432676739406,0.55,0.0,31.9,29.3,35.9,0.0,0.0,38.9,0.0,354.763,41.7,SMH,32.0511475911662,False,rejected_by_pre_entry_checks,,,352.48,-0.0784,351.49,-0.3591
2026-09-28,2026-09-28T13:35:48.976213,QCOM,RAPID_DECREASE_CANDIDATE,193.21,-2.163,-2.136,-0.027,1.139,0.5124,10,0.6,1.2410526812384155,5,0.3570545026278345,0.55,0.0,0.0,60.6,10.8,0.0,0.0,54.6,0.0,196.2908,6.3,SMH,30.77043114538673,False,rejected_by_pre_entry_checks,,,187.5,-2.9553,188.56,-2.4067
2026-09-28,2026-09-28T13:35:48.992683,INTC,RAPID_DECREASE_CANDIDATE,118.875,-1.553,-1.526,-0.027,1.157,1.4132,10,0.6,1.683915415417859,5,0.7641607066296857,0.7,0.0,11.9,62.0,13.4,0.0,0.0,55.2,0.0,120.6405,21.6,SMH,33.395350814654606,False,rejected_by_pre_entry_checks,,,117.56,-1.1062,118.6,-0.2313
2026-09-28,2026-09-28T13:35:53.207890,MXL,RAPID_DECREASE_CANDIDATE,91.4,-2.005,-1.978,-0.027,1.937,6.2691,11,0.8,4.09451630603999,5,0.3855761162613768,0.6166666666666667,0.0,0.5,76.1,5.5,0.0,0.0,81.2,0.0,93.0561,,,36.12232742901907,False,rejected_by_pre_entry_checks,,,89.2,-2.407,87.975,-3.7473
2026-09-28,2026-09-28T13:35:53.264984,TWST,RAPID_DECREASE_CANDIDATE,180.9982,-0.725,-0.698,-0.027,1.041,1.5083,11,0.8,2.5386757223673873,5,0.8627782041442819,0.9,0.0,32.5,53.0,49.4,0.0,0.0,51.4,0.0,181.0413,,,39.35701424706058,False,rejected_by_pre_entry_checks,,,181.62,0.3435,187.515,3.6005
2026-09-28,2026-09-28T13:35:53.285259,VIAV,RAPID_DECREASE_CANDIDATE,40.21,-2.963,-2.936,-0.027,1.028,7.1873,11,0.6,2.8844733431844105,5,0.8360244868024191,0.8,0.0,0.0,31.7,0.0,0.0,0.0,50.9,0.0,41.3233,,,24.15327849602181,False,rejected_by_pre_entry_checks,,,39.2,-2.5118,39.62,-1.4673
2026-09-28,2026-09-28T13:35:53.304955,META,RAPID_DECREASE_CANDIDATE,726.3689,-0.526,-0.499,-0.027,0.943,1.5171,11,0.8,2.599886317737704,5,0.6583951049863919,0.8,0.0,37.5,46.0,37.4,0.0,0.0,48.1,0.0,730.0507,40.1,XLC,37.110362146198085,False,rejected_by_pre_entry_checks,,,721.48,-0.6731,723.795,-0.3544
2026-09-28,2026-09-28T13:35:53.324541,AEHR,RAPID_DECREASE_CANDIDATE,99.65,-0.826,-0.799,-0.027,0.882,1.0838,11,0.6,2.2181261848106475,5,0.7943571234524781,0.75,0.0,30.0,42.0,22.7,0.0,0.0,46.1,0.0,100.7513,,,33.0968668441093,False,rejected_by_pre_entry_checks,,,97.55,-2.1074,97.81,-1.8465
2026-09-28,2026-09-28T13:35:53.343545,TXG,RAPID_DECREASE_CANDIDATE,86.36,-0.667,-0.64,-0.027,1.258,17.7629,11,0.6,1.764068263321942,5,0.8088586851744765,0.85,0.0,34.0,70.8,45.4,0.0,0.0,58.6,0.0,86.5182,,,42.96262672221626,False,rejected_by_pre_entry_checks,,,86.915,0.6427,88.27,2.2117
2026-09-28,2026-09-28T13:35:53.365772,P,RAPID_DECREASE_CANDIDATE,129.3765,-0.762,-0.735,-0.027,1.115,0.7034,11,0.6,4.895076230386623,5,0.5700187605349776,0.7666666666666666,0.0,31.6,58.7,45.4,0.0,0.0,53.8,0.0,129.6152,,,39.95019981803124,False,rejected_by_pre_entry_checks,,,127.2,-1.6823,127.405,-1.5238
2026-09-28,2026-09-28T13:35:53.383467,IONQ,RAPID_DECREASE_CANDIDATE,46.3985,-0.796,-0.769,-0.027,0.902,0.1293,11,0.4,1.745455670125286,5,0.5065660697769507,0.7,0.0,30.8,43.3,28.7,0.0,0.0,46.7,82.4,46.798,35.5,ARKK,37.69593670230043,False,rejected_by_pre_entry_checks,,,47.45,2.2662,47.19,1.7059
2026-09-28,2026-09-28T13:35:53.401106,AVGO,RAPID_DECREASE_CANDIDATE,352.5286,-0.813,-0.786,-0.027,0.691,0.4794,11,0.0,0.2750426898280892,5,0.41849432676739406,0.55,0.0,30.4,30.5,34.3,0.0,0.0,39.7,4.6,354.7569,40.1,SMH,32.086450973718506,False,rejected_by_pre_entry_checks,,,352.48,-0.0138,351.49,-0.2946
2026-09-28,2026-09-28T13:35:53.419179,QCOM,RAPID_DECREASE_CANDIDATE,195.0585,-1.227,-1.2,-0.027,1.124,4.6037,11,0.6,1.2410526812384155,5,0.3570545026278345,0.55,0.0,20.0,59.3,34.8,0.0,0.0,54.1,0.0,196.2525,29.7,SMH,36.83562028069,False,rejected_by_pre_entry_checks,,,187.5,-3.875,188.56,-3.3316
2026-09-28,2026-09-28T13:35:53.435569,INTC,RAPID_DECREASE_CANDIDATE,118.645,-1.743,-1.716,-0.027,1.139,0.0927,11,0.6,1.683915415417859,5,0.7641607066296857,0.7,0.0,7.1,60.6,8.9,0.0,0.0,54.6,90.5,120.6273,16.8,SMH,35.494816661390146,False,rejected_by_pre_entry_checks,,,117.56,-0.9145,118.6,-0.0379
2026-09-28,2026-09-28T13:35:57.463592,MXL,RAPID_DECREASE_CANDIDATE,91.24,-2.176,-2.149,-0.027,1.866,6.2911,11,0.8,4.09451630603999,5,0.3855761162613768,0.6166666666666667,0.0,0.0,91.7,1.9,0.0,0.0,78.9,0.0,93.0298,,,37.87866133518068,False,rejected_by_pre_entry_checks,,,89.2,-2.2359,87.55,-4.0443
2026-09-28,2026-09-28T13:35:57.483720,TWST,RAPID_DECREASE_CANDIDATE,181.345,-0.535,-0.508,-0.027,1.003,1.2187,11,0.8,2.5386757223673873,5,0.8627782041442819,0.9,0.0,37.3,50.2,54.4,8.8,0.0,50.1,0.0,181.0256,,,39.047656991971,False,rejected_by_pre_entry_checks,,,181.62,0.1516,184.79,1.8997
2026-09-28,2026-09-28T13:35:57.504748,VIAV,RAPID_DECREASE_CANDIDATE,40.215,-2.951,-2.924,-0.027,1.105,7.1864,11,0.6,2.8844733431844105,5,0.8360244868024191,0.8,0.0,0.0,41.8,0.0,0.0,0.0,53.5,0.0,41.3107,,,26.153414855112185,False,rejected_by_pre_entry_checks,,,39.2,-2.5239,39.44,-1.9271
2026-09-28,2026-09-28T13:35:57.526596,META,RAPID_DECREASE_CANDIDATE,726.8161,-0.465,-0.438,-0.027,0.949,1.5162,11,0.8,2.599886317737704,5,0.6583951049863919,0.8,0.0,39.0,46.4,39.1,0.0,0.0,48.3,0.0,729.9902,41.6,XLC,37.67523328468132,False,rejected_by_pre_entry_checks,,,721.48,-0.7342,723.0,-0.525
2026-09-28,2026-09-28T13:35:57.543697,AEHR,RAPID_DECREASE_CANDIDATE,99.5812,-0.895,-0.868,-0.027,0.907,1.0845,11,0.6,2.2181261848106475,5,0.7943571234524781,0.75,0.0,28.3,43.6,21.1,0.0,0.0,46.9,0.0,100.7447,,,32.98581975051086,False,rejected_by_pre_entry_checks,,,97.55,-2.0397,97.23,-2.3611
2026-09-28,2026-09-28T13:35:57.567724,RMBS,RAPID_DECREASE_CANDIDATE,102.0,-1.949,-1.922,-0.027,3.53,11.5784,11,1.0,3.5921187079685986,5,0.6391017039001283,0.7333333333333333,0.0,1.9,100.0,7.9,0.0,0.0,100.0,0.0,103.7487,,,42.97444010746489,False,rejected_by_pre_entry_checks,,,101.57,-0.4216,101.98,-0.0196
2026-09-28,2026-09-28T13:35:57.586359,P,RAPID_DECREASE_CANDIDATE,127.7211,-2.032,-2.005,-0.027,1.101,0.3915,11,0.6,4.895076230386623,5,0.5700187605349776,0.7666666666666666,0.0,0.0,57.5,13.8,0.0,0.0,53.4,24.1,129.5994,,,31.48769916063866,False,rejected_by_pre_entry_checks,,,127.2,-0.408,126.445,-0.9991
2026-09-28,2026-09-28T13:35:57.604561,IONQ,RAPID_DECREASE_CANDIDATE,46.2858,-1.037,-1.01,-0.027,0.912,0.1512,11,0.4,1.745455670125286,5,0.5065660697769507,0.7,0.0,24.8,43.9,22.7,0.0,0.0,47.1,77.5,46.7966,29.5,ARKK,35.89686988912575,False,rejected_by_pre_entry_checks,,,47.45,2.5152,46.8214,1.1572
2026-09-28,2026-09-28T13:35:57.625465,AVGO,RAPID_DECREASE_CANDIDATE,352.7,-0.765,-0.738,-0.027,0.716,0.5302,11,0.0,0.2750426898280892,5,0.41849432676739406,0.55,0.0,31.6,31.9,35.5,0.0,0.0,40.5,0.0,354.7511,41.3,SMH,32.58611928318978,False,rejected_by_pre_entry_checks,,,352.48,-0.0624,351.19,-0.4281
2026-09-28,2026-09-28T13:35:57.652546,QCOM,RAPID_DECREASE_CANDIDATE,192.8301,-2.356,-2.329,-0.027,1.108,0.3112,11,0.6,1.2410526812384155,5,0.3570545026278345,0.55,0.0,0.0,58.1,6.9,0.0,0.0,53.6,42.0,196.2164,1.5,SMH,31.49121842634324,False,rejected_by_pre_entry_checks,,,187.5,-2.7641,188.96,-2.007
2026-09-28,2026-09-28T13:35:57.680004,INTC,RAPID_DECREASE_CANDIDATE,118.5978,-1.782,-1.755,-0.027,1.122,0.1433,11,0.6,1.683915415417859,5,0.7641607066296857,0.7,0.0,6.1,59.2,8.2,0.0,0.0,54.1,79.3,120.6149,15.8,SMH,34.47042500080126,False,rejected_by_pre_entry_checks,,,117.56,-0.8751,118.72,0.103
2026-09-28,2026-09-28T13:36:00.930671,MXL,RAPID_DECREASE_CANDIDATE,91.22,-2.198,-2.048,-0.15,0.457,6.2925,11,0.8,4.09451630603999,5,0.3855761162613768,0.6166666666666667,0.0,0.0,93.1,1.9,0.0,0.0,31.9,0.0,93.0109,,,32.23956316457941,False,rejected_by_pre_entry_checks,,,89.285,-2.1212,87.55,-4.0232
2026-09-28,2026-09-28T13:36:00.973317,TWST,RAPID_DECREASE_CANDIDATE,181.67,-0.357,-0.207,-0.15,0.13,28.893,11,0.8,2.5386757223673873,5,0.8627782041442819,0.9,0.0,44.8,42.9,58.9,17.8,0.0,21.0,0.0,181.0252,,,34.875909816630276,False,rejected_by_pre_entry_checks,,,181.6,-0.0385,184.79,1.7174
2026-09-28,2026-09-28T13:36:00.991586,VIAV,RAPID_DECREASE_CANDIDATE,40.174,-3.05,-2.9,-0.15,1.033,7.1937,11,0.6,2.8844733431844105,5,0.8360244868024191,0.8,0.0,0.0,53.9,0.0,0.0,0.0,51.1,0.0,41.2909,,,27.87225150004591,False,rejected_by_pre_entry_checks,,,39.26,-2.2751,39.44,-1.8271
2026-09-28,2026-09-28T13:36:01.009017,META,RAPID_DECREASE_CANDIDATE,726.385,-0.524,-0.374,-0.15,1.236,0.6181,11,0.8,2.599886317737704,5,0.6583951049863919,0.8,0.0,40.6,49.3,38.0,0.0,0.0,57.9,0.0,729.8985,43.0,XLC,39.47063361009269,False,rejected_by_pre_entry_checks,,,723.2,-0.4385,723.0,-0.466
2026-09-28,2026-09-28T13:36:01.040821,AEHR,RAPID_DECREASE_CANDIDATE,99.485,-0.99,-0.84,-0.15,1.004,1.0856,11,0.6,2.2181261848106475,5,0.7943571234524781,0.75,0.0,29.0,45.9,19.8,0.0,0.0,50.1,0.0,100.7032,,,33.72372526860297,False,rejected_by_pre_entry_checks,,,97.225,-2.2717,97.23,-2.2667
2026-09-28,2026-09-28T13:36:01.065044,RMBS,RAPID_DECREASE_CANDIDATE,102.165,-1.79,-1.64,-0.15,6.057,11.5597,11,1.0,3.5921187079685986,5,0.6391017039001283,0.7333333333333333,0.0,9.0,100.0,19.7,0.0,0.0,100.0,0.0,103.4189,,,45.62786380643922,False,rejected_by_pre_entry_checks,,,101.64,-0.5139,101.98,-0.1811
2026-09-28,2026-09-28T13:36:01.096945,P,RAPID_DECREASE_CANDIDATE,127.39,-2.286,-2.136,-0.15,0.406,0.3768,11,0.6,4.895076230386623,5,0.5700187605349776,0.7666666666666666,0.0,0.0,50.5,7.6,0.0,0.0,30.2,27.4,129.5857,,,26.78033036576886,False,rejected_by_pre_entry_checks,,,126.98,-0.3218,126.445,-0.7418
2026-09-28,2026-09-28T13:36:01.114213,IONQ,RAPID_DECREASE_CANDIDATE,46.29,-1.028,-0.878,-0.15,0.635,0.1296,11,0.4,1.745455670125286,5,0.5065660697769507,0.7,0.0,28.1,42.2,23.2,0.0,0.0,37.8,82.3,46.7915,35.4,ARKK,35.26922323813465,False,rejected_by_pre_entry_checks,,,47.06,1.6634,46.8214,1.148
2026-09-28,2026-09-28T13:36:01.131599,AVGO,RAPID_DECREASE_CANDIDATE,352.654,-0.778,-0.628,-0.15,1.546,0.0737,11,0.0,0.2750426898280892,5,0.41849432676739406,0.55,0.0,34.3,40.0,35.6,0.0,0.0,68.2,94.7,354.6983,46.2,SMH,41.79747948346927,False,rejected_by_pre_entry_checks,,,352.165,-0.1387,351.19,-0.4151
2026-09-28,2026-09-28T13:36:01.159642,QCOM,RAPID_DECREASE_CANDIDATE,193.0602,-2.239,-2.089,-0.15,1.416,0.3108,11,0.6,1.2410526812384155,5,0.3570545026278345,0.55,0.0,0.0,60.0,11.0,0.0,0.0,63.9,42.0,196.1189,9.7,SMH,33.60694418452139,False,rejected_by_pre_entry_checks,,,187.58,-2.8386,188.96,-2.1238
2026-09-28,2026-09-28T13:36:01.191398,INTC,RAPID_DECREASE_CANDIDATE,118.4294,-1.922,-1.772,-0.15,1.899,1.047,11,0.6,1.683915415417859,5,0.7641607066296857,0.7,0.0,5.7,65.5,6.3,0.0,0.0,80.0,0.0,120.5363,17.6,SMH,35.151830699360296,False,rejected_by_pre_entry_checks,,,117.425,-0.8481,118.72,0.2454
2026-09-28,2026-09-28T13:36:04.436357,MXL,RAPID_DECREASE_CANDIDATE,91.74,-1.64,-1.49,-0.15,0.474,22.0514,11,0.8,4.09451630603999,5,0.3855761162613768,0.6166666666666667,0.0,12.8,94.7,16.3,0.0,0.0,32.5,0.0,92.9925,,,36.501152455850544,False,rejected_by_pre_entry_checks,,,89.285,-2.676,87.55,-4.5673
2026-09-28,2026-09-28T13:36:04.468318,VIAV,RAPID_DECREASE_CANDIDATE,40.03,-3.397,-3.247,-0.15,1.136,7.2196,11,0.6,2.8844733431844105,5,0.8360244868024191,0.8,0.0,0.0,71.1,0.0,0.0,0.0,54.5,0.0,41.2718,,,31.172320964556693,False,rejected_by_pre_entry_checks,,,39.26,-1.9236,39.44,-1.4739
2026-09-28,2026-09-28T13:36:04.503137,META,RAPID_DECREASE_CANDIDATE,726.065,-0.568,-0.418,-0.15,1.226,0.1556,11,0.8,2.599886317737704,5,0.6583951049863919,0.8,0.0,39.6,52.2,37.2,0.0,0.0,57.5,76.5,729.8115,42.0,XLC,42.821675676048564,False,rejected_by_pre_entry_checks,,,723.2,-0.3946,723.0,-0.4221
2026-09-28,2026-09-28T13:36:04.521709,AEHR,RAPID_DECREASE_CANDIDATE,99.49,-0.985,-0.835,-0.15,1.03,1.0855,11,0.6,2.2181261848106475,5,0.7943571234524781,0.75,0.0,29.1,48.4,20.8,0.0,0.0,51.0,0.0,100.6652,,,34.40517101883907,False,rejected_by_pre_entry_checks,,,97.225,-2.2766,97.23,-2.2716
2026-09-28,2026-09-28T13:36:04.563034,RMBS,RAPID_DECREASE_CANDIDATE,101.92,-2.026,-1.876,-0.15,4.854,11.5875,11,1.0,3.5921187079685986,5,0.6391017039001283,0.7333333333333333,0.0,3.1,100.0,18.8,0.0,0.0,100.0,0.0,103.2073,,,44.535448385201086,False,rejected_by_pre_entry_checks,,,101.64,-0.2747,101.98,0.0589
2026-09-28,2026-09-28T13:36:04.606638,TXG,RAPID_DECREASE_CANDIDATE,86.36,-0.667,-0.517,-0.15,3.428,17.7629,11,0.6,1.764068263321942,5,0.8088586851744765,0.85,0.0,37.1,100.0,48.9,0.0,0.0,100.0,0.0,86.3995,,,53.95289227527575,False,rejected_by_pre_entry_checks,,,86.595,0.2721,87.77,1.6327
2026-09-28,2026-09-28T13:36:04.640072,P,RAPID_DECREASE_CANDIDATE,127.465,-2.228,-2.078,-0.15,0.415,4.1423,11,0.6,4.895076230386623,5,0.5700187605349776,0.7666666666666666,0.0,0.0,43.6,9.3,0.0,0.0,30.5,0.0,129.5722,,,24.751191802729757,False,rejected_by_pre_entry_checks,,,126.98,-0.3805,126.445,-0.8002
2026-09-28,2026-09-28T13:36:04.664631,IONQ,RAPID_DECREASE_CANDIDATE,46.38,-0.835,-0.685,-0.15,0.652,0.0862,11,0.4,1.745455670125286,5,0.5065660697769507,0.7,0.0,32.9,40.4,28.3,0.0,0.0,38.4,92.0,46.7865,40.2,ARKK,36.88570562509258,False,rejected_by_pre_entry_checks,,,47.06,1.4661,46.8214,0.9517
2026-09-28,2026-09-28T13:36:04.682514,AVGO,RAPID_DECREASE_CANDIDATE,353.96,-0.41,-0.26,-0.15,1.536,0.9662,11,0.0,0.2750426898280892,5,0.41849432676739406,0.55,0.0,43.5,48.8,45.1,0.0,0.0,67.9,0.0,354.6487,55.5,SMH,42.011355772139204,False,rejected_by_pre_entry_checks,,,352.165,-0.5071,351.19,-0.7826
2026-09-28,2026-09-28T13:36:04.704203,QCOM,RAPID_DECREASE_CANDIDATE,192.955,-2.292,-2.142,-0.15,1.374,4.3948,11,0.6,1.2410526812384155,5,0.3570545026278345,0.55,0.0,0.0,61.8,10.8,0.0,0.0,62.5,0.0,196.0283,8.4,SMH,31.951758018983707,False,rejected_by_pre_entry_checks,,,187.58,-2.7856,188.96,-2.0704
2026-09-28,2026-09-28T13:36:04.746567,INTC,RAPID_DECREASE_CANDIDATE,118.6398,-1.748,-1.598,-0.15,1.797,0.0421,11,0.6,1.683915415417859,5,0.7641607066296857,0.7,0.0,10.0,71.6,12.1,0.0,0.0,76.6,100.0,120.4654,22.0,SMH,41.35249848586009,False,rejected_by_pre_entry_checks,,,117.425,-1.0239,118.72,0.0676
2026-09-28,2026-09-28T13:36:07.987851,MXL,RAPID_DECREASE_CANDIDATE,91.1212,-2.304,-2.154,-0.15,0.492,22.2012,11,0.8,4.09451630603999,5,0.3855761162613768,0.6166666666666667,0.0,0.0,73.2,0.2,0.0,0.0,33.1,0.0,92.9745,,,28.859838251415827,False,rejected_by_pre_entry_checks,,,89.285,-2.0151,87.55,-3.9192
2026-09-28,2026-09-28T13:36:08.024529,VIAV,RAPID_DECREASE_CANDIDATE,40.135,-3.144,-2.994,-0.15,1.262,7.2007,11,0.6,2.8844733431844105,5,0.8360244868024191,0.8,0.0,0.0,81.2,0.0,0.0,0.0,58.7,0.0,41.2534,,,33.36920859495747,False,rejected_by_pre_entry_checks,,,39.26,-2.1801,39.44,-1.7317
2026-09-28,2026-09-28T13:36:08.048455,META,RAPID_DECREASE_CANDIDATE,725.9,-0.59,-0.44,-0.15,1.216,0.1708,11,0.8,2.599886317737704,5,0.6583951049863919,0.8,0.0,39.0,55.2,36.9,0.0,0.0,57.2,73.2,729.7288,41.4,XLC,43.008211825399066,False,rejected_by_pre_entry_checks,,,723.2,-0.372,723.0,-0.3995
2026-09-28,2026-09-28T13:36:08.066835,AEHR,RAPID_DECREASE_CANDIDATE,99.96,-0.518,-0.368,-0.15,1.032,1.0804,11,0.6,2.2181261848106475,5,0.7943571234524781,0.75,0.0,40.8,49.6,33.4,0.0,0.0,51.1,0.0,100.6302,,,38.110595150760666,False,rejected_by_pre_entry_checks,,,97.225,-2.7361,97.23,-2.7311
2026-09-28,2026-09-28T13:36:08.084063,RMBS,RAPID_DECREASE_CANDIDATE,102.16,-1.795,-1.645,-0.15,4.05,11.5603,11,1.0,3.5921187079685986,5,0.6391017039001283,0.7333333333333333,0.0,8.9,100.0,28.2,0.0,0.0,100.0,0.0,103.0601,,,46.666477373204444,False,rejected_by_pre_entry_checks,,,101.64,-0.509,101.98,-0.1762
2026-09-28,2026-09-28T13:36:08.105014,TXG,RAPID_DECREASE_CANDIDATE,86.36,-0.667,-0.517,-0.15,2.986,17.7629,11,0.6,1.764068263321942,5,0.8088586851744765,0.85,0.0,37.1,100.0,49.9,0.0,0.0,100.0,0.0,86.3644,,,54.07977475869461,False,rejected_by_pre_entry_checks,,,86.595,0.2721,87.77,1.6327
2026-09-28,2026-09-28T13:36:08.142415,P,RAPID_DECREASE_CANDIDATE,127.39,-2.286,-2.136,-0.15,0.425,0.4082,11,0.6,4.895076230386623,5,0.5700187605349776,0.7666666666666666,0.0,0.0,37.0,8.1,0.0,0.0,30.8,20.4,129.559,,,24.39539298856462,False,rejected_by_pre_entry_checks,,,126.98,-0.3218,126.445,-0.7418
2026-09-28,2026-09-28T13:36:08.163498,IONQ,RAPID_DECREASE_CANDIDATE,46.4186,-0.753,-0.603,-0.15,0.67,0.1508,11,0.4,1.745455670125286,5,0.5065660697769507,0.7,0.0,34.9,38.6,30.6,0.0,0.0,39.0,77.6,46.7817,42.3,ARKK,36.69026940197228,False,rejected_by_pre_entry_checks,,,47.06,1.3818,46.8214,0.8678
2026-09-28,2026-09-28T13:36:08.196550,AVGO,RAPID_DECREASE_CANDIDATE,352.6535,-0.778,-0.628,-0.15,1.526,3.1532,11,0.0,0.2750426898280892,5,0.41849432676739406,0.55,0.0,34.3,58.6,36.3,0.0,0.0,67.5,0.0,354.602,46.2,SMH,40.95562387614152,False,rejected_by_pre_entry_checks,,,352.165,-0.1385,351.19,-0.415
2026-09-28,2026-09-28T13:36:08.217020,QCOM,RAPID_DECREASE_CANDIDATE,192.9588,-2.29,-2.14,-0.15,1.335,4.3947,11,0.6,1.2410526812384155,5,0.3570545026278345,0.55,0.0,0.0,63.5,11.9,0.0,0.0,61.2,0.0,195.944,8.5,SMH,32.21355893045305,False,rejected_by_pre_entry_checks,,,187.58,-2.7875,188.96,-2.0724
2026-09-28,2026-09-28T13:36:08.233499,INTC,RAPID_DECREASE_CANDIDATE,118.8418,-1.58,-1.43,-0.15,1.706,1.3968,11,0.6,1.683915415417859,5,0.7641607066296857,0.7,0.0,14.2,77.3,17.6,0.0,0.0,73.5,0.0,120.4011,26.2,SMH,39.15948470866818,False,rejected_by_pre_entry_checks,,,117.425,-1.1922,118.72,-0.1025
2026-09-28,2026-09-28T13:36:11.433492,MXL,RAPID_DECREASE_CANDIDATE,91.6203,-1.769,-1.619,-0.15,0.511,22.0803,12,0.8,4.09451630603999,5,0.3855761162613768,0.6166666666666667,0.0,9.5,54.5,14.0,0.0,0.0,33.7,0.0,92.957,,,29.139985065892464,False,rejected_by_pre_entry_checks,,,89.285,-2.5489,87.55,-4.4426
2026-09-28,2026-09-28T13:36:11.449919,TWST,RAPID_DECREASE_CANDIDATE,181.13,-0.653,-0.503,-0.15,0.15,14.5034,12,0.8,2.5386757223673873,5,0.8627782041442819,0.9,0.0,37.4,20.8,51.5,2.9,0.0,21.7,0.0,181.0238,,,30.984068091418173,False,rejected_by_pre_entry_checks,,,181.6,0.2595,184.79,2.0206
2026-09-28,2026-09-28T13:36:11.469913,VIAV,RAPID_DECREASE_CANDIDATE,40.07,-3.301,-3.151,-0.15,1.42,8.8595,12,0.6,2.8844733431844105,5,0.8360244868024191,0.8,0.0,0.0,95.3,0.0,0.0,0.0,64.0,0.0,41.2357,,,36.386228897129875,False,rejected_by_pre_entry_checks,,,39.26,-2.0215,39.44,-1.5722
2026-09-28,2026-09-28T13:36:11.489612,META,RAPID_DECREASE_CANDIDATE,725.505,-0.644,-0.494,-0.15,1.206,0.5169,12,0.8,2.599886317737704,5,0.6583951049863919,0.8,0.0,37.6,58.2,35.8,0.0,0.0,56.9,0.0,729.6501,40.0,XLC,40.06297708504202,False,rejected_by_pre_entry_checks,,,723.2,-0.3177,723.0,-0.3453
2026-09-28,2026-09-28T13:36:11.510651,AEHR,RAPID_DECREASE_CANDIDATE,99.21,-1.264,-1.114,-0.15,1.035,1.0886,12,0.6,2.2181261848106475,5,0.7943571234524781,0.75,0.0,22.1,50.7,15.5,0.0,0.0,51.2,0.0,100.5979,,,32.972441047729816,False,rejected_by_pre_entry_checks,,,97.225,-2.0008,97.23,-1.9958
2026-09-28,2026-09-28T13:36:11.531559,RMBS,RAPID_DECREASE_CANDIDATE,102.16,-1.795,-1.645,-0.15,3.394,11.5603,12,1.0,3.5921187079685986,5,0.6391017039001283,0.7333333333333333,0.0,8.9,100.0,30.8,0.0,0.0,100.0,0.0,102.9518,,,46.992489195307044,False,rejected_by_pre_entry_checks,,,101.64,-0.509,101.98,-0.1762
2026-09-28,2026-09-28T13:36:11.547910,TXG,RAPID_DECREASE_CANDIDATE,86.6739,-0.306,-0.156,-0.15,2.645,17.6985,12,0.6,1.764068263321942,5,0.8088586851744765,0.85,0.0,46.1,100.0,59.8,19.6,0.0,100.0,0.0,86.3362,,,54.37756223196804,False,rejected_by_pre_entry_checks,,,86.595,-0.091,87.77,1.2646
2026-09-28,2026-09-28T13:36:11.572056,P,RAPID_DECREASE_CANDIDATE,127.255,-2.389,-2.239,-0.15,0.436,3.9606,12,0.6,4.895076230386623,5,0.5700187605349776,0.7666666666666666,0.0,0.0,30.7,5.8,0.0,0.0,31.2,0.0,129.5459,,,22.23705718999846,False,rejected_by_pre_entry_checks,,,126.98,-0.2161,126.445,-0.6365
2026-09-28,2026-09-28T13:36:11.589437,IONQ,RAPID_DECREASE_CANDIDATE,46.45,-0.686,-0.536,-0.15,0.689,3.38,12,0.4,1.745455670125286,5,0.5065660697769507,0.7,0.0,36.6,36.7,32.5,0.0,0.0,39.6,0.0,46.777,43.9,ARKK,33.742493137966534,False,rejected_by_pre_entry_checks,,,47.06,1.3132,46.8214,0.7996
2026-09-28,2026-09-28T13:36:11.608531,AVGO,RAPID_DECREASE_CANDIDATE,352.0606,-0.945,-0.795,-0.15,1.517,0.3636,12,0.0,0.2750426898280892,5,0.41849432676739406,0.55,0.0,30.1,69.4,32.4,0.0,0.0,67.2,30.3,354.558,42.1,SMH,42.810827811931425,False,rejected_by_pre_entry_checks,,,352.165,0.0297,351.19,-0.2473
2026-09-28,2026-09-28T13:36:11.626368,QCOM,RAPID_DECREASE_CANDIDATE,193.3603,-2.087,-1.937,-0.15,1.298,0.3362,12,0.6,1.2410526812384155,5,0.3570545026278345,0.55,0.0,1.6,65.1,18.0,0.0,0.0,59.9,36.4,195.8653,13.5,SMH,34.87793322341554,False,rejected_by_pre_entry_checks,,,187.58,-2.9894,188.96,-2.2757
2026-09-28,2026-09-28T13:36:11.645573,INTC,RAPID_DECREASE_CANDIDATE,119.04,-1.416,-1.266,-0.15,1.624,0.7897,12,0.6,1.683915415417859,5,0.7641607066296857,0.7,0.0,18.4,82.9,22.9,0.0,0.0,70.8,0.0,120.3426,30.3,SMH,41.0895620375748,False,rejected_by_pre_entry_checks,,,117.425,-1.3567,118.72,-0.2688
2026-09-28,2026-09-28T13:36:14.822987,MXL,RAPID_DECREASE_CANDIDATE,91.435,-1.967,-1.817,-0.15,0.518,22.125,12,0.8,4.09451630603999,5,0.3855761162613768,0.6166666666666667,0.0,4.6,36.6,9.5,0.0,0.0,33.9,0.0,92.94,,,24.801767900051654,False,rejected_by_pre_entry_checks,,,89.285,-2.3514,87.55,-4.2489
2026-09-28,2026-09-28T13:36:14.842843,TWST,RAPID_DECREASE_CANDIDATE,181.67,-0.357,-0.207,-0.15,0.158,14.4603,12,0.8,2.5386757223673873,5,0.8627782041442819,0.9,0.0,44.8,13.5,58.9,17.9,0.0,21.9,0.0,181.0233,,,30.09654375353257,False,rejected_by_pre_entry_checks,,,181.6,-0.0385,184.79,1.7174
2026-09-28,2026-09-28T13:36:14.863467,VIAV,RAPID_DECREASE_CANDIDATE,40.025,-3.409,-3.259,-0.15,1.366,8.8695,12,0.6,2.8844733431844105,5,0.8360244868024191,0.8,0.0,0.0,85.0,0.0,0.0,0.0,62.2,0.0,41.2186,,,34.434204420898176,False,rejected_by_pre_entry_checks,,,39.26,-1.9113,39.44,-1.4616
2026-09-28,2026-09-28T13:36:14.879420,META,RAPID_DECREASE_CANDIDATE,726.1872,-0.551,-0.401,-0.15,1.196,0.1473,12,0.8,2.599886317737704,5,0.6583951049863919,0.8,0.0,40.0,61.3,38.4,0.0,0.0,56.5,78.4,729.5751,42.4,XLC,44.51336336910599,False,rejected_by_pre_entry_checks,,,723.2,-0.4114,723.0,-0.4389
2026-09-28,2026-09-28T13:36:14.898552,AEHR,RAPID_DECREASE_CANDIDATE,99.5,-0.975,-0.825,-0.15,1.038,1.0854,12,0.6,2.2181261848106475,5,0.7943571234524781,0.75,0.0,29.4,51.8,23.4,0.0,0.0,51.3,0.0,100.5681,,,35.373349920092735,False,rejected_by_pre_entry_checks,,,97.225,-2.2864,97.23,-2.2814
2026-09-28,2026-09-28T13:36:14.920834,RMBS,RAPID_DECREASE_CANDIDATE,103.1732,-0.821,-0.671,-0.15,2.92,11.4468,12,1.0,3.5921187079685986,5,0.6391017039001283,0.7333333333333333,0.0,33.2,100.0,57.4,14.8,0.0,100.0,0.0,102.8687,,,52.52910420290568,False,rejected_by_pre_entry_checks,,,101.64,-1.486,101.98,-1.1565
2026-09-28,2026-09-28T13:36:14.943386,TXG,RAPID_DECREASE_CANDIDATE,86.4,-0.621,-0.471,-0.15,2.374,17.7546,12,0.6,1.764068263321942,5,0.8088586851744765,0.85,0.0,38.2,100.0,52.5,5.0,0.0,95.8,0.0,86.3129,,,53.4471745791783,False,rejected_by_pre_entry_checks,,,86.595,0.2257,87.77,1.5856
2026-09-28,2026-09-28T13:36:14.962346,P,RAPID_DECREASE_CANDIDATE,127.4,-2.278,-2.128,-0.15,0.447,5.259,12,0.6,4.895076230386623,5,0.5700187605349776,0.7666666666666666,0.0,0.0,24.5,8.8,0.0,0.0,31.6,0.0,129.5331,,,21.640246440135947,False,rejected_by_pre_entry_checks,,,126.98,-0.3297,126.445,-0.7496
2026-09-28,2026-09-28T13:36:14.980905,IONQ,RAPID_DECREASE_CANDIDATE,46.5643,-0.441,-0.291,-0.15,0.71,0.2792,12,0.4,1.745455670125286,5,0.5065660697769507,0.7,0.0,42.7,34.8,38.9,0.0,0.0,40.3,49.1,46.7725,50.1,ARKK,37.365196060150105,False,rejected_by_pre_entry_checks,,,47.06,1.0645,46.8214,0.5521
2026-09-28,2026-09-28T13:36:14.999717,AVGO,RAPID_DECREASE_CANDIDATE,352.5988,-0.793,-0.643,-0.15,1.507,3.1537,12,0.0,0.2750426898280892,5,0.41849432676739406,0.55,0.0,33.9,81.6,36.5,0.0,0.0,66.9,0.0,354.5165,45.9,SMH,44.671430828813016,False,rejected_by_pre_entry_checks,,,352.165,-0.123,351.19,-0.3995
2026-09-28,2026-09-28T13:36:15.018170,QCOM,RAPID_DECREASE_CANDIDATE,193.4,-2.067,-1.917,-0.15,1.263,3.5626,12,0.6,1.2410526812384155,5,0.3570545026278345,0.55,0.0,2.1,66.7,19.5,0.0,0.0,58.8,0.0,195.7916,14.0,SMH,33.743131544011796,False,rejected_by_pre_entry_checks,,,187.58,-3.0093,188.96,-2.2958
2026-09-28,2026-09-28T13:36:15.042699,INTC,RAPID_DECREASE_CANDIDATE,119.2388,-1.252,-1.102,-0.15,1.549,0.0587,12,0.6,1.683915415417859,5,0.7641607066296857,0.7,0.0,22.4,88.2,28.2,0.0,0.0,68.3,98.1,120.2891,34.4,SMH,47.086203516908746,False,rejected_by_pre_entry_checks,,,117.425,-1.5211,118.72,-0.4351
2026-09-28,2026-09-28T13:36:18.235761,MXL,RAPID_DECREASE_CANDIDATE,91.435,-1.967,-1.817,-0.15,0.525,22.125,11,0.8,4.09451630603999,5,0.3855761162613768,0.6166666666666667,0.0,4.6,21.8,10.0,0.0,0.0,34.2,0.0,92.9234,,,22.413015076720118,False,rejected_by_pre_entry_checks,,,89.285,-2.3514,87.55,-4.2489
2026-09-28,2026-09-28T13:36:18.299623,TWST,RAPID_DECREASE_CANDIDATE,181.67,-0.357,-0.207,-0.15,0.168,14.4603,11,0.8,2.5386757223673873,5,0.8627782041442819,0.9,0.0,44.8,6.2,58.9,17.9,0.0,22.3,0.0,181.0229,,,28.917556982561745,False,rejected_by_pre_entry_checks,,,181.6,-0.0385,184.79,1.7174
2026-09-28,2026-09-28T13:36:18.332946,VIAV,RAPID_DECREASE_CANDIDATE,40.025,-3.409,-3.259,-0.15,1.317,8.8695,11,0.6,2.8844733431844105,5,0.8360244868024191,0.8,0.0,0.0,76.2,0.0,0.0,0.0,60.6,0.0,41.2021,,,32.77219468086687,False,rejected_by_pre_entry_checks,,,39.26,-1.9113,39.44,-1.4616
2026-09-28,2026-09-28T13:36:18.360350,META,RAPID_DECREASE_CANDIDATE,725.5116,-0.643,-0.493,-0.15,1.186,0.3198,11,0.8,2.599886317737704,5,0.6583951049863919,0.8,0.0,37.7,64.5,36.3,0.0,0.0,56.2,40.0,729.5035,40.1,XLC,42.75660952081834,False,rejected_by_pre_entry_checks,,,723.2,-0.3186,723.0,-0.3462
2026-09-28,2026-09-28T13:36:18.385865,AEHR,RAPID_DECREASE_CANDIDATE,99.6025,-0.873,-0.723,-0.15,1.041,1.0843,11,0.6,2.2181261848106475,5,0.7943571234524781,0.75,0.0,31.9,53.0,26.7,0.0,0.0,51.4,0.0,100.5403,,,36.41004646238836,False,rejected_by_pre_entry_checks,,,97.225,-2.387,97.23,-2.382
2026-09-28,2026-09-28T13:36:18.405304,RMBS,RAPID_DECREASE_CANDIDATE,102.16,-1.795,-1.645,-0.15,2.563,11.5603,11,1.0,3.5921187079685986,5,0.6391017039001283,0.7333333333333333,0.0,8.9,100.0,34.4,0.0,0.0,100.0,0.0,102.803,,,47.44137768229035,False,rejected_by_pre_entry_checks,,,101.64,-0.509,101.98,-0.1762
2026-09-28,2026-09-28T13:36:18.436285,TXG,RAPID_DECREASE_CANDIDATE,86.4,-0.621,-0.471,-0.15,2.153,17.7546,11,0.6,1.764068263321942,5,0.8088586851744765,0.85,0.0,38.2,100.0,53.1,6.2,0.0,88.4,0.0,86.2934,,,52.45572674458974,False,rejected_by_pre_entry_checks,,,86.595,0.2257,87.77,1.5856
2026-09-28,2026-09-28T13:36:18.469579,P,RAPID_DECREASE_CANDIDATE,127.62,-2.109,-1.959,-0.15,0.459,4.4272,11,0.6,4.895076230386623,5,0.5700187605349776,0.7666666666666666,0.0,1.0,18.6,13.3,0.0,0.0,32.0,0.0,129.5204,,,21.433699147404464,False,rejected_by_pre_entry_checks,,,126.98,-0.5015,126.445,-0.9207
2026-09-28,2026-09-28T13:36:18.522610,AVGO,RAPID_DECREASE_CANDIDATE,352.49,-0.824,-0.674,-0.15,1.498,0.488,11,0.0,0.2750426898280892,5,0.41849432676739406,0.55,0.0,33.2,95.2,36.0,0.0,0.0,66.6,2.7,354.4772,45.1,SMH,46.826473829140284,False,rejected_by_pre_entry_checks,,,352.165,-0.0922,351.19,-0.3688
2026-09-28,2026-09-28T13:36:18.563749,QCOM,RAPID_DECREASE_CANDIDATE,193.4388,-2.047,-1.897,-0.15,1.23,7.7441,11,0.6,1.2410526812384155,5,0.3570545026278345,0.55,0.0,2.6,68.2,20.8,0.0,0.0,57.7,0.0,195.7226,14.5,SMH,34.115176903422324,False,rejected_by_pre_entry_checks,,,187.58,-3.0288,188.96,-2.3154
2026-09-28,2026-09-28T13:36:18.582362,INTC,RAPID_DECREASE_CANDIDATE,119.32,-1.184,-1.034,-0.15,1.481,0.067,11,0.6,1.683915415417859,5,0.7641607066296857,0.7,0.0,24.1,93.3,30.9,0.0,0.0,66.0,96.2,120.2399,36.1,SMH,48.19692794462309,False,rejected_by_pre_entry_checks,,,117.425,-1.5882,118.72,-0.5028
2026-09-28,2026-09-28T13:36:21.814403,MXL,RAPID_DECREASE_CANDIDATE,91.44,-1.962,-1.812,-0.15,0.532,16.5026,11,0.8,4.09451630603999,5,0.3855761162613768,0.6166666666666667,0.0,4.7,22.2,10.5,0.0,0.0,34.4,0.0,92.9072,,,22.592985495447124,False,rejected_by_pre_entry_checks,,,89.285,-2.3567,87.55,-4.2542
2026-09-28,2026-09-28T13:36:21.929305,TWST,RAPID_DECREASE_CANDIDATE,181.67,-0.357,-0.207,-0.15,0.178,14.4603,11,0.8,2.5386757223673873,5,0.8627782041442819,0.9,0.0,44.8,6.6,58.9,17.9,0.0,22.6,0.0,181.0224,,,29.02672027697207,False,rejected_by_pre_entry_checks,,,181.6,-0.0385,184.79,1.7174
2026-09-28,2026-09-28T13:36:21.951053,VIAV,RAPID_DECREASE_CANDIDATE,39.9127,-3.68,-3.53,-0.15,1.271,8.8944,11,0.6,2.8844733431844105,5,0.8360244868024191,0.8,0.0,0.0,71.9,0.0,0.0,0.0,59.0,0.0,41.1862,,,31.864901001505054,False,rejected_by_pre_entry_checks,,,39.26,-1.6353,39.44,-1.1843
2026-09-28,2026-09-28T13:36:21.970895,META,RAPID_DECREASE_CANDIDATE,725.89,-0.592,-0.442,-0.15,1.177,1.047,11,0.8,2.599886317737704,5,0.6583951049863919,0.8,0.0,39.0,63.7,37.8,0.0,0.0,55.9,0.0,729.4352,41.4,XLC,41.32086235484559,False,rejected_by_pre_entry_checks,,,723.2,-0.3706,723.0,-0.3981
2026-09-28,2026-09-28T13:36:21.999359,AEHR,RAPID_DECREASE_CANDIDATE,99.4709,-1.004,-0.854,-0.15,1.044,0.945,11,0.6,2.2181261848106475,5,0.7943571234524781,0.75,0.0,28.7,53.2,24.0,0.0,0.0,51.5,0.0,100.5145,,,35.58361853359006,False,rejected_by_pre_entry_checks,,,97.225,-2.2578,97.23,-2.2528
2026-09-28,2026-09-28T13:36:22.020931,RMBS,RAPID_DECREASE_CANDIDATE,102.16,-1.795,-1.645,-0.15,2.283,11.5603,11,1.0,3.5921187079685986,5,0.6391017039001283,0.7333333333333333,0.0,8.9,100.0,35.7,0.0,0.0,92.8,0.0,102.7497,,,46.69830903630163,False,rejected_by_pre_entry_checks,,,101.64,-0.509,101.98,-0.1762
2026-09-28,2026-09-28T13:36:22.040576,TXG,RAPID_DECREASE_CANDIDATE,86.285,-0.753,-0.603,-0.15,1.97,17.7783,11,0.6,1.764068263321942,5,0.8088586851744765,0.85,0.0,34.9,100.0,50.2,0.5,0.0,82.3,0.0,86.2769,,,51.49974527839149,False,rejected_by_pre_entry_checks,,,86.595,0.3593,87.77,1.721
2026-09-28,2026-09-28T13:36:22.057940,P,RAPID_DECREASE_CANDIDATE,127.99,-1.826,-1.676,-0.15,0.471,0.5782,11,0.6,4.895076230386623,5,0.5700187605349776,0.7666666666666666,0.0,8.1,19.2,20.7,0.0,0.0,32.4,0.0,129.5079,,,23.682348066837317,False,rejected_by_pre_entry_checks,,,126.98,-0.7891,126.445,-1.2071
2026-09-28,2026-09-28T13:36:22.077588,AVGO,RAPID_DECREASE_CANDIDATE,352.665,-0.775,-0.625,-0.15,1.489,0.1021,11,0.0,0.2750426898280892,5,0.41849432676739406,0.55,0.0,34.4,94.1,37.5,0.0,0.0,66.3,88.4,354.4399,46.3,SMH,50.57490140167999,False,rejected_by_pre_entry_checks,,,352.165,-0.1418,351.19,-0.4182
2026-09-28,2026-09-28T13:36:22.095681,QCOM,RAPID_DECREASE_CANDIDATE,193.07,-2.234,-2.084,-0.15,1.199,4.3041,11,0.6,1.2410526812384155,5,0.3570545026278345,0.55,0.0,0.0,65.5,16.9,0.0,0.0,56.6,0.0,195.6578,9.9,SMH,32.61620243898962,False,rejected_by_pre_entry_checks,,,187.58,-2.8435,188.96,-2.1288
2026-09-28,2026-09-28T13:36:22.113531,INTC,RAPID_DECREASE_CANDIDATE,119.29,-1.209,-1.059,-0.15,1.419,0.0587,11,0.6,1.683915415417859,5,0.7641607066296857,0.7,0.0,23.5,86.5,31.2,0.0,0.0,64.0,98.1,120.1946,35.5,SMH,46.809665334442066,False,rejected_by_pre_entry_checks,,,117.425,-1.5634,118.72,-0.4778
2026-09-28,2026-09-28T13:36:25.276581,MXL,RAPID_DECREASE_CANDIDATE,91.5063,-1.891,-1.741,-0.15,0.54,16.4907,11,0.8,4.09451630603999,5,0.3855761162613768,0.6166666666666667,0.0,6.5,22.5,12.7,0.0,0.0,34.7,0.0,92.8914,,,23.259037904303828,False,rejected_by_pre_entry_checks,,,89.285,-2.4275,87.55,-4.3235
2026-09-28,2026-09-28T13:36:25.298490,TWST,RAPID_DECREASE_CANDIDATE,181.67,-0.357,-0.207,-0.15,0.19,14.4603,11,0.8,2.5386757223673873,5,0.8627782041442819,0.9,0.0,44.8,7.1,58.9,17.9,0.0,23.0,0.0,181.022,,,29.153910801049765,False,rejected_by_pre_entry_checks,,,181.6,-0.0385,184.79,1.7174
2026-09-28,2026-09-28T13:36:25.316845,VIAV,RAPID_DECREASE_CANDIDATE,39.97,-3.542,-3.392,-0.15,1.228,8.8817,11,0.6,2.8844733431844105,5,0.8360244868024191,0.8,0.0,0.0,68.1,0.0,0.0,0.0,57.6,0.0,41.1708,,,31.04644666261954,False,rejected_by_pre_entry_checks,,,39.26,-1.7763,39.44,-1.326
2026-09-28,2026-09-28T13:36:25.335151,META,RAPID_DECREASE_CANDIDATE,726.47,-0.512,-0.362,-0.15,1.167,0.4501,11,0.8,2.599886317737704,5,0.6583951049863919,0.8,0.0,41.0,62.9,40.1,0.0,0.0,55.6,11.1,729.3699,43.4,XLC,42.220740753240094,False,rejected_by_pre_entry_checks,,,723.2,-0.4501,723.0,-0.4777
2026-09-28,2026-09-28T13:36:25.353706,AEHR,RAPID_DECREASE_CANDIDATE,99.6,-0.876,-0.726,-0.15,1.047,1.0542,11,0.6,2.2181261848106475,5,0.7943571234524781,0.75,0.0,31.9,53.4,27.8,0.0,0.0,51.6,0.0,100.4905,,,36.64189571975493,False,rejected_by_pre_entry_checks,,,97.225,-2.3845,97.23,-2.3795
2026-09-28,2026-09-28T13:36:25.370604,RMBS,RAPID_DECREASE_CANDIDATE,102.01,-1.939,-1.789,-0.15,2.059,11.5773,11,1.0,3.5921187079685986,5,0.6391017039001283,0.7333333333333333,0.0,5.3,100.0,33.1,0.0,0.0,85.3,0.0,102.7056,,,44.84196666177772,False,rejected_by_pre_entry_checks,,,101.64,-0.3627,101.98,-0.0294
2026-09-28,2026-09-28T13:36:25.386552,TXG,RAPID_DECREASE_CANDIDATE,86.285,-0.753,-0.603,-0.15,1.816,17.7783,11,0.6,1.764068263321942,5,0.8088586851744765,0.85,0.0,34.9,100.0,50.6,1.3,0.0,77.2,0.0,86.2626,,,50.80650660309339,False,rejected_by_pre_entry_checks,,,86.595,0.3593,87.77,1.721
2026-09-28,2026-09-28T13:36:25.405879,P,RAPID_DECREASE_CANDIDATE,127.64,-2.094,-1.944,-0.15,0.484,8.9784,11,0.6,4.895076230386623,5,0.5700187605349776,0.7666666666666666,0.0,1.4,19.8,14.2,0.0,0.0,32.8,0.0,129.4956,,,21.907825359086253,False,rejected_by_pre_entry_checks,,,126.98,-0.5171,126.445,-0.9362
2026-09-28,2026-09-28T13:36:25.425913,AVGO,RAPID_DECREASE_CANDIDATE,352.295,-0.879,-0.729,-0.15,1.479,0.4485,11,0.0,0.2750426898280892,5,0.41849432676739406,0.55,0.0,31.8,93.1,35.1,0.0,0.0,66.0,11.4,354.4046,43.7,SMH,46.42286993300416,False,rejected_by_pre_entry_checks,,,352.165,-0.0369,351.19,-0.3137
2026-09-28,2026-09-28T13:36:25.451332,QCOM,RAPID_DECREASE_CANDIDATE,193.18,-2.178,-2.028,-0.15,1.169,7.7544,11,0.6,1.2410526812384155,5,0.3570545026278345,0.55,0.0,0.0,63.0,19.1,0.0,0.0,55.6,0.0,195.5968,11.3,SMH,32.344045558926645,False,rejected_by_pre_entry_checks,,,187.58,-2.8989,188.96,-2.1845
2026-09-28,2026-09-28T13:36:25.469698,INTC,RAPID_DECREASE_CANDIDATE,119.165,-1.313,-1.163,-0.15,1.361,0.0504,11,0.6,1.683915415417859,5,0.7641607066296857,0.7,0.0,20.9,80.5,29.4,0.0,0.0,62.0,99.9,120.1527,32.9,SMH,45.00987681088752,False,rejected_by_pre_entry_checks,,,117.425,-1.4602,118.72,-0.3734
2026-09-28,2026-09-28T13:36:28.634204,MXL,RAPID_DECREASE_CANDIDATE,91.92,-1.447,-1.297,-0.15,0.547,16.1227,10,0.8,4.09451630603999,5,0.3855761162613768,0.6166666666666667,0.0,17.6,22.9,24.3,0.0,0.0,34.9,0.0,92.876,,,26.644896236835145,False,rejected_by_pre_entry_checks,,,89.285,-2.8666,87.55,-4.7541
2026-09-28,2026-09-28T13:36:28.652798,VIAV,RAPID_DECREASE_CANDIDATE,40.195,-2.999,-2.849,-0.15,1.188,8.8319,10,0.6,2.8844733431844105,5,0.8360244868024191,0.8,0.0,0.0,64.6,0.0,0.0,0.0,56.3,0.0,41.1559,,,30.305234979647427,False,rejected_by_pre_entry_checks,,,39.26,-2.3262,39.44,-1.8783
2026-09-28,2026-09-28T13:36:28.672768,META,RAPID_DECREASE_CANDIDATE,727.1188,-0.423,-0.273,-0.15,1.151,1.0067,10,0.8,2.599886317737704,5,0.6583951049863919,0.8,0.0,43.2,61.6,42.5,0.0,0.0,55.0,0.0,729.3074,45.6,XLC,42.1472699140848,False,rejected_by_pre_entry_checks,,,723.2,-0.5389,723.0,-0.5665
2026-09-28,2026-09-28T13:36:28.691226,AEHR,RAPID_DECREASE_CANDIDATE,100.09,-0.388,-0.238,-0.15,1.043,3.0872,10,0.6,2.2181261848106475,5,0.7943571234524781,0.75,0.0,44.0,53.1,40.6,0.0,0.0,51.4,0.0,100.468,,,40.20130174054348,False,rejected_by_pre_entry_checks,,,97.225,-2.8624,97.23,-2.8574
2026-09-28,2026-09-28T13:36:28.743396,RMBS,RAPID_DECREASE_CANDIDATE,102.69,-1.286,-1.136,-0.15,1.874,5.4533,10,1.0,3.5921187079685986,5,0.6391017039001283,0.7333333333333333,0.0,21.6,100.0,50.5,1.0,0.0,79.1,0.0,102.6685,,,48.84282760177313,False,rejected_by_pre_entry_checks,,,101.64,-1.0225,101.98,-0.6914
2026-09-28,2026-09-28T13:36:28.759757,TXG,RAPID_DECREASE_CANDIDATE,86.36,-0.667,-0.517,-0.15,1.7,17.7629,10,0.6,1.764068263321942,5,0.8088586851744765,0.85,0.0,37.1,100.0,53.2,6.4,0.0,73.3,0.0,86.2503,,,50.36492530099516,False,rejected_by_pre_entry_checks,,,86.595,0.2721,87.77,1.6327
2026-09-28,2026-09-28T13:36:28.776967,P,RAPID_DECREASE_CANDIDATE,127.3961,-2.281,-2.131,-0.15,0.506,5.1179,10,0.6,4.895076230386623,5,0.5700187605349776,0.7666666666666666,0.0,0.0,20.9,9.7,0.0,0.0,33.5,0.0,129.4834,,,21.38134732902323,False,rejected_by_pre_entry_checks,,,126.98,-0.3266,126.445,-0.7466
2026-09-28,2026-09-28T13:36:28.794976,AVGO,RAPID_DECREASE_CANDIDATE,352.8082,-0.735,-0.585,-0.15,1.422,0.0822,10,0.0,0.2750426898280892,5,0.41849432676739406,0.55,0.0,35.4,86.9,39.0,0.0,0.0,64.1,92.8,354.3711,47.3,SMH,49.61951027593719,False,rejected_by_pre_entry_checks,,,352.165,-0.1823,351.19,-0.4587
2026-09-28,2026-09-28T13:36:28.812980,QCOM,RAPID_DECREASE_CANDIDATE,193.44,-2.047,-1.897,-0.15,1.153,4.4355,10,0.6,1.2410526812384155,5,0.3570545026278345,0.55,0.0,2.6,61.7,23.2,0.0,0.0,55.1,0.0,195.5392,14.5,SMH,32.990075139785645,False,rejected_by_pre_entry_checks,,,187.58,-3.0294,188.96,-2.316
2026-09-28,2026-09-28T13:36:28.841764,INTC,RAPID_DECREASE_CANDIDATE,119.1,-1.366,-1.216,-0.15,1.322,0.084,10,0.6,1.683915415417859,5,0.7641607066296857,0.7,0.0,19.6,76.6,28.9,0.0,0.0,60.7,92.4,120.1139,31.5,SMH,43.59620073287191,False,rejected_by_pre_entry_checks,,,117.425,-1.4064,118.72,-0.3191
2026-09-28,2026-09-28T13:36:32.012191,MXL,RAPID_DECREASE_CANDIDATE,91.6633,-1.723,-1.573,-0.15,0.555,16.1679,10,0.8,4.09451630603999,5,0.3855761162613768,0.6166666666666667,0.0,10.7,23.3,17.8,0.0,0.0,35.2,0.0,92.861,,,24.780298562933694,False,rejected_by_pre_entry_checks,,,89.285,-2.5946,87.55,-4.4874
2026-09-28,2026-09-28T13:36:32.030526,VIAV,RAPID_DECREASE_CANDIDATE,40.195,-2.999,-2.849,-0.15,1.151,8.8319,10,0.6,2.8844733431844105,5,0.8360244868024191,0.8,0.0,0.0,61.5,0.0,0.0,0.0,55.0,0.0,41.1415,,,29.631904926769895,False,rejected_by_pre_entry_checks,,,39.26,-2.3262,39.44,-1.8783
2026-09-28,2026-09-28T13:36:32.047296,META,RAPID_DECREASE_CANDIDATE,725.93,-0.586,-0.436,-0.15,1.136,0.2053,10,0.8,2.599886317737704,5,0.6583951049863919,0.8,0.0,39.1,60.3,38.6,0.0,0.0,54.5,65.5,729.2475,41.5,XLC,43.43924560518668,False,rejected_by_pre_entry_checks,,,723.2,-0.3761,723.0,-0.4036
2026-09-28,2026-09-28T13:36:32.066497,AEHR,RAPID_DECREASE_CANDIDATE,100.09,-0.388,-0.238,-0.15,1.039,0.6494,10,0.6,2.2181261848106475,5,0.7943571234524781,0.75,0.0,44.0,52.8,41.1,0.0,0.0,51.3,0.0,100.4469,,,40.1998274506097,False,rejected_by_pre_entry_checks,,,97.225,-2.8624,97.23,-2.8574
2026-09-28,2026-09-28T13:36:32.086103,RMBS,RAPID_DECREASE_CANDIDATE,102.765,-1.214,-1.064,-0.15,1.72,5.5953,10,1.0,3.5921187079685986,5,0.6391017039001283,0.7333333333333333,0.0,23.4,100.0,53.1,6.2,0.0,74.0,0.0,102.6369,,,48.17651620707753,False,rejected_by_pre_entry_checks,,,101.64,-1.0947,101.98,-0.7639
2026-09-28,2026-09-28T13:36:32.103859,TXG,RAPID_DECREASE_CANDIDATE,86.375,-0.65,-0.5,-0.15,1.598,17.7598,10,0.6,1.764068263321942,5,0.8088586851744765,0.85,0.0,37.5,100.0,53.9,7.9,0.0,69.9,0.0,86.2394,,,49.917019585983624,False,rejected_by_pre_entry_checks,,,86.595,0.2547,87.77,1.6151
2026-09-28,2026-09-28T13:36:32.123060,P,RAPID_DECREASE_CANDIDATE,127.69,-2.056,-1.906,-0.15,0.529,0.4699,10,0.6,4.895076230386623,5,0.5700187605349776,0.7666666666666666,0.0,2.3,22.0,15.6,0.0,0.0,34.3,6.7,129.4714,,,23.079865277401602,False,rejected_by_pre_entry_checks,,,126.98,-0.556,126.445,-0.975
2026-09-28,2026-09-28T13:36:32.140836,AVGO,RAPID_DECREASE_CANDIDATE,352.565,-0.803,-0.653,-0.15,1.37,0.0823,10,0.0,0.2750426898280892,5,0.41849432676739406,0.55,0.0,33.7,81.4,37.5,0.0,0.0,62.3,92.8,354.3392,45.6,SMH,48.023166434816964,False,rejected_by_pre_entry_checks,,,352.165,-0.1135,351.19,-0.39
2026-09-28,2026-09-28T13:36:32.169633,QCOM,RAPID_DECREASE_CANDIDATE,193.385,-2.075,-1.925,-0.15,1.137,3.537,10,0.6,1.2410526812384155,5,0.3570545026278345,0.55,0.0,1.9,60.4,23.1,0.0,0.0,54.6,0.0,195.4849,13.8,SMH,32.59120781106154,False,rejected_by_pre_entry_checks,,,187.58,-3.0018,188.96,-2.2882
2026-09-28,2026-09-28T13:36:32.186515,INTC,RAPID_DECREASE_CANDIDATE,119.0139,-1.438,-1.288,-0.15,1.284,0.0924,10,0.6,1.683915415417859,5,0.7641607066296857,0.7,0.0,17.8,73.1,27.8,0.0,0.0,59.5,90.6,120.0778,29.8,SMH,42.33895101756948,False,rejected_by_pre_entry_checks,,,117.425,-1.3351,118.72,-0.2469
2026-09-28,2026-09-28T13:36:35.348961,MXL,RAPID_DECREASE_CANDIDATE,92.42,-0.911,-0.761,-0.15,0.563,16.0355,11,0.8,4.09451630603999,5,0.3855761162613768,0.6166666666666667,0.0,31.0,23.7,38.5,0.0,0.0,35.4,0.0,92.8463,,,30.86077843268725,False,rejected_by_pre_entry_checks,,,89.285,-3.3921,87.55,-5.2694
2026-09-28,2026-09-28T13:36:35.370872,TWST,RAPID_DECREASE_CANDIDATE,181.745,-0.315,-0.165,-0.15,0.238,0.4567,11,0.8,2.5386757223673873,5,0.8627782041442819,0.9,0.0,45.9,9.0,60.0,20.0,0.0,24.6,9.6,181.0207,,,30.119839739993672,False,rejected_by_pre_entry_checks,,,181.6,-0.0798,184.79,1.6754
2026-09-28,2026-09-28T13:36:35.388114,VIAV,RAPID_DECREASE_CANDIDATE,40.184,-3.026,-2.876,-0.15,1.116,8.8344,11,0.6,2.8844733431844105,5,0.8360244868024191,0.8,0.0,0.0,58.7,0.0,0.0,0.0,53.9,0.0,41.1275,,,29.01465049208643,False,rejected_by_pre_entry_checks,,,39.26,-2.2994,39.44,-1.8515
2026-09-28,2026-09-28T13:36:35.405316,META,RAPID_DECREASE_CANDIDATE,725.7576,-0.61,-0.46,-0.15,1.121,1.2428,11,0.8,2.599886317737704,5,0.6583951049863919,0.8,0.0,38.5,59.1,38.2,0.0,0.0,54.0,0.0,729.1901,40.9,XLC,40.295954777364955,False,rejected_by_pre_entry_checks,,,723.2,-0.3524,723.0,-0.38
2026-09-28,2026-09-28T13:36:35.426227,AEHR,RAPID_DECREASE_CANDIDATE,99.62,-0.856,-0.706,-0.15,1.035,0.6324,11,0.6,2.2181261848106475,5,0.7943571234524781,0.75,0.0,32.4,52.5,29.9,0.0,0.0,51.2,0.0,100.427,,,36.78246210865446,False,rejected_by_pre_entry_checks,,,97.225,-2.4041,97.23,-2.3991
2026-09-28,2026-09-28T13:36:35.445166,RMBS,RAPID_DECREASE_CANDIDATE,102.94,-1.045,-0.895,-0.15,1.59,5.4401,11,1.0,3.5921187079685986,5,0.6391017039001283,0.7333333333333333,0.0,27.6,100.0,58.1,16.1,0.0,69.7,0.0,102.6096,,,47.72286163890585,False,rejected_by_pre_entry_checks,,,101.64,-1.2629,101.98,-0.9326
2026-09-28,2026-09-28T13:36:35.460463,P,RAPID_DECREASE_CANDIDATE,127.5705,-2.147,-1.997,-0.15,0.556,8.9833,11,0.6,4.895076230386623,5,0.5700187605349776,0.7666666666666666,0.0,0.1,23.3,13.5,0.0,0.0,35.2,0.0,129.4596,,,22.491697226045023,False,rejected_by_pre_entry_checks,,,126.98,-0.4629,126.445,-0.8823
2026-09-28,2026-09-28T13:36:35.494449,IONQ,RAPID_DECREASE_CANDIDATE,46.56,-0.45,-0.3,-0.15,0.824,0.1289,11,0.4,1.745455670125286,5,0.5065660697769507,0.7,0.0,42.5,38.3,40.0,0.0,0.0,44.1,82.5,46.7478,49.9,ARKK,39.9177411574515,False,rejected_by_pre_entry_checks,,,47.06,1.0739,46.8214,0.5614
2026-09-28,2026-09-28T13:36:35.511370,AVGO,RAPID_DECREASE_CANDIDATE,352.73,-0.757,-0.607,-0.15,1.321,3.1526,11,0.0,0.2750426898280892,5,0.41849432676739406,0.55,0.0,34.8,76.6,38.9,0.0,0.0,60.7,0.0,354.3088,46.8,SMH,43.51372573177917,False,rejected_by_pre_entry_checks,,,352.165,-0.1602,351.19,-0.4366
2026-09-28,2026-09-28T13:36:35.530348,QCOM,RAPID_DECREASE_CANDIDATE,193.42,-2.057,-1.907,-0.15,1.122,0.2275,11,0.6,1.2410526812384155,5,0.3570545026278345,0.55,0.0,2.3,59.2,24.2,0.0,0.0,54.1,60.6,195.4335,14.3,SMH,35.05927749144634,False,rejected_by_pre_entry_checks,,,187.58,-3.0193,188.96,-2.3059
2026-09-28,2026-09-28T13:36:35.548607,INTC,RAPID_DECREASE_CANDIDATE,119.015,-1.437,-1.287,-0.15,1.249,1.546,11,0.6,1.683915415417859,5,0.7641607066296857,0.7,0.0,17.8,69.9,28.6,0.0,0.0,58.3,0.0,120.0442,29.8,SMH,37.97480069129206,False,rejected_by_pre_entry_checks,,,117.425,-1.336,118.72,-0.2479
2026-09-28,2026-09-28T13:36:38.812039,MXL,RAPID_DECREASE_CANDIDATE,91.6608,-1.725,-1.575,-0.15,0.572,16.1683,11,0.8,4.09451630603999,5,0.3855761162613768,0.6166666666666667,0.0,10.6,24.1,18.5,0.0,0.0,35.7,0.0,92.832,,,25.06954922205367,False,rejected_by_pre_entry_checks,,,89.285,-2.5919,87.55,-4.4848
2026-09-28,2026-09-28T13:36:38.829135,VIAV,RAPID_DECREASE_CANDIDATE,40.185,-3.023,-2.873,-0.15,1.082,8.8341,11,0.6,2.8844733431844105,5,0.8360244868024191,0.8,0.0,0.0,56.1,0.0,0.0,0.0,52.7,0.0,41.114,,,28.443008929279337,False,rejected_by_pre_entry_checks,,,39.26,-2.3019,39.44,-1.8539
2026-09-28,2026-09-28T13:36:38.849878,META,RAPID_DECREASE_CANDIDATE,725.36,-0.664,-0.514,-0.15,1.106,0.1971,11,0.8,2.599886317737704,5,0.6583951049863919,0.8,0.0,37.1,57.9,37.1,0.0,0.0,53.5,67.3,729.135,39.5,XLC,42.4714958850721,False,rejected_by_pre_entry_checks,,,723.2,-0.2978,723.0,-0.3254
2026-09-28,2026-09-28T13:36:38.867700,AEHR,RAPID_DECREASE_CANDIDATE,99.62,-0.856,-0.706,-0.15,1.031,3.1018,11,0.6,2.2181261848106475,5,0.7943571234524781,0.75,0.0,32.4,52.2,30.4,0.0,0.0,51.0,0.0,100.4084,,,36.77428163868223,False,rejected_by_pre_entry_checks,,,97.225,-2.4041,97.23,-2.3991
2026-09-28,2026-09-28T13:36:38.885863,RMBS,RAPID_DECREASE_CANDIDATE,102.865,-1.117,-0.967,-0.15,1.477,5.444,11,1.0,3.5921187079685986,5,0.6391017039001283,0.7333333333333333,0.0,25.8,92.9,56.8,13.6,0.0,65.9,0.0,102.5858,,,45.91894957170053,False,rejected_by_pre_entry_checks,,,101.64,-1.1909,101.98,-0.8604
2026-09-28,2026-09-28T13:36:38.904339,TXG,RAPID_DECREASE_CANDIDATE,86.375,-0.65,-0.5,-0.15,1.428,17.7598,11,0.6,1.764068263321942,5,0.8088586851744765,0.85,0.0,37.5,87.4,54.5,8.9,0.0,64.3,0.0,86.2213,,,47.04215357110911,False,rejected_by_pre_entry_checks,,,86.595,0.2547,87.77,1.6151
2026-09-28,2026-09-28T13:36:38.921780,P,RAPID_DECREASE_CANDIDATE,129.2948,-0.825,-0.675,-0.15,0.584,0.758,11,0.6,4.895076230386623,5,0.5700187605349776,0.7666666666666666,0.0,33.1,24.8,47.0,0.0,0.0,36.1,0.0,129.448,,,32.5519784259496,False,rejected_by_pre_entry_checks,,,126.98,-1.7903,126.445,-2.2041
2026-09-28,2026-09-28T13:36:38.939703,IONQ,RAPID_DECREASE_CANDIDATE,46.545,-0.483,-0.333,-0.15,0.841,0.1289,11,0.4,1.745455670125286,5,0.5065660697769507,0.7,0.0,41.7,39.3,39.4,0.0,0.0,44.7,82.5,46.7441,49.0,ARKK,39.94577960989892,False,rejected_by_pre_entry_checks,,,47.06,1.1065,46.8214,0.5938
2026-09-28,2026-09-28T13:36:38.958561,AVGO,RAPID_DECREASE_CANDIDATE,352.8175,-0.732,-0.582,-0.15,1.276,0.581,11,0.0,0.2750426898280892,5,0.41849432676739406,0.55,0.0,35.5,72.3,39.7,0.0,0.0,59.2,0.0,354.2799,47.4,SMH,42.8209000955208,False,rejected_by_pre_entry_checks,,,352.165,-0.1849,351.19,-0.4613
2026-09-28,2026-09-28T13:36:38.976508,QCOM,RAPID_DECREASE_CANDIDATE,193.41,-2.062,-1.912,-0.15,1.107,4.4258,11,0.6,1.2410526812384155,5,0.3570545026278345,0.55,0.0,2.2,58.0,24.7,0.0,0.0,53.6,0.0,195.3848,14.2,SMH,32.31720401263529,False,rejected_by_pre_entry_checks,,,187.58,-3.0143,188.96,-2.3008
2026-09-28,2026-09-28T13:36:38.993524,INTC,RAPID_DECREASE_CANDIDATE,119.0388,-1.417,-1.267,-0.15,1.215,1.4617,11,0.6,1.683915415417859,5,0.7641607066296857,0.7,0.0,18.3,66.9,29.7,0.0,0.0,57.2,0.0,120.0127,30.3,SMH,37.56702546678064,False,rejected_by_pre_entry_checks,,,117.425,-1.3557,118.72,-0.2678
2026-09-28,2026-09-28T13:36:42.809302,MXL,RAPID_DECREASE_CANDIDATE,91.915,-1.453,-1.303,-0.15,0.58,16.1236,11,0.8,4.09451630603999,5,0.3855761162613768,0.6166666666666667,0.0,17.4,24.6,25.7,0.0,0.0,36.0,0.0,92.818,,,27.211770779641537,False,rejected_by_pre_entry_checks,,,89.285,-2.8613,87.55,-4.749
2026-09-28,2026-09-28T13:36:42.826439,TWST,RAPID_DECREASE_CANDIDATE,181.745,-0.315,-0.165,-0.15,0.287,0.4567,11,0.8,2.5386757223673873,5,0.8627782041442819,0.9,0.0,45.9,11.0,60.0,20.0,0.0,26.2,9.6,181.0199,,,30.65653831605096,False,rejected_by_pre_entry_checks,,,181.6,-0.0798,184.79,1.6754
2026-09-28,2026-09-28T13:36:42.847958,VIAV,RAPID_DECREASE_CANDIDATE,40.185,-3.023,-2.873,-0.15,1.051,8.8341,11,0.6,2.8844733431844105,5,0.8360244868024191,0.8,0.0,0.0,53.7,0.0,0.0,0.0,51.7,0.0,41.1009,,,27.920077947918177,False,rejected_by_pre_entry_checks,,,39.26,-2.3019,39.44,-1.8539
2026-09-28,2026-09-28T13:36:42.865846,META,RAPID_DECREASE_CANDIDATE,725.025,-0.71,-0.56,-0.15,1.091,1.2055,11,0.8,2.599886317737704,5,0.6583951049863919,0.8,0.0,36.0,56.8,36.1,0.0,0.0,53.0,0.0,729.0821,38.4,XLC,39.10453876399912,False,rejected_by_pre_entry_checks,,,723.2,-0.2517,723.0,-0.2793
2026-09-28,2026-09-28T13:36:42.884688,AEHR,RAPID_DECREASE_CANDIDATE,99.775,-0.702,-0.552,-0.15,1.027,15.1441,11,0.6,2.2181261848106475,5,0.7943571234524781,0.75,0.0,36.2,52.0,34.7,0.0,0.0,50.9,0.0,100.3908,,,37.88752345425794,False,rejected_by_pre_entry_checks,,,97.225,-2.5558,97.23,-2.5507
2026-09-28,2026-09-28T13:36:42.902934,RMBS,RAPID_DECREASE_CANDIDATE,102.865,-1.117,-0.967,-0.15,1.38,11.4811,11,1.0,3.5921187079685986,5,0.6391017039001283,0.7333333333333333,0.0,25.8,82.4,57.3,14.6,0.0,62.7,0.0,102.5649,,,43.709581166027064,False,rejected_by_pre_entry_checks,,,101.64,-1.1909,101.98,-0.8604
2026-09-28,2026-09-28T13:36:42.922125,P,RAPID_DECREASE_CANDIDATE,127.5978,-2.126,-1.976,-0.15,0.616,0.4232,11,0.6,4.895076230386623,5,0.5700187605349776,0.7666666666666666,0.0,0.6,26.5,14.5,0.0,0.0,37.2,17.1,129.4365,,,24.18408229768653,False,rejected_by_pre_entry_checks,,,126.98,-0.4842,126.445,-0.9035
2026-09-28,2026-09-28T13:36:42.939854,IONQ,RAPID_DECREASE_CANDIDATE,46.44,-0.707,-0.557,-0.15,0.858,0.0861,11,0.4,1.745455670125286,5,0.5065660697769507,0.7,0.0,36.1,40.4,33.9,0.0,0.0,45.3,92.0,46.7404,43.4,ARKK,38.98120632910826,False,rejected_by_pre_entry_checks,,,47.06,1.3351,46.8214,0.8213
2026-09-28,2026-09-28T13:36:42.957731,AVGO,RAPID_DECREASE_CANDIDATE,352.84,-0.726,-0.576,-0.15,1.233,3.1516,11,0.0,0.2750426898280892,5,0.41849432676739406,0.55,0.0,35.6,68.5,40.0,0.0,0.0,57.8,0.0,354.2522,47.5,SMH,42.07401393531088,False,rejected_by_pre_entry_checks,,,352.165,-0.1913,351.19,-0.4676
2026-09-28,2026-09-28T13:36:42.991196,QCOM,RAPID_DECREASE_CANDIDATE,193.41,-2.062,-1.912,-0.15,1.092,4.4258,11,0.6,1.2410526812384155,5,0.3570545026278345,0.55,0.0,2.2,56.8,25.3,0.0,0.0,53.1,0.0,195.3386,14.2,SMH,32.138877367916265,False,rejected_by_pre_entry_checks,,,187.58,-3.0143,188.96,-2.3008
2026-09-28,2026-09-28T13:36:43.008979,INTC,RAPID_DECREASE_CANDIDATE,118.99,-1.458,-1.308,-0.15,1.183,0.0588,11,0.6,1.683915415417859,5,0.7641607066296857,0.7,0.0,17.3,64.2,29.3,0.0,0.0,56.1,98.0,119.9833,29.2,SMH,40.84439629745775,False,rejected_by_pre_entry_checks,,,117.425,-1.3152,118.72,-0.2269
2026-09-28,2026-09-28T13:36:46.195542,MXL,RAPID_DECREASE_CANDIDATE,91.915,-1.453,-1.303,-0.15,0.589,16.1127,10,0.8,4.09451630603999,5,0.3855761162613768,0.6166666666666667,0.0,17.4,25.0,26.0,0.0,0.0,36.3,0.0,92.8043,,,27.370767547871065,False,rejected_by_pre_entry_checks,,,89.285,-2.8613,87.55,-4.749
2026-09-28,2026-09-28T13:36:46.213651,VIAV,RAPID_DECREASE_CANDIDATE,40.185,-3.023,-2.873,-0.15,1.022,8.8341,10,0.6,2.8844733431844105,5,0.8360244868024191,0.8,0.0,0.0,51.6,0.0,0.0,0.0,50.7,0.0,41.0882,,,27.437301467631684,False,rejected_by_pre_entry_checks,,,39.26,-2.3019,39.44,-1.8539
2026-09-28,2026-09-28T13:36:46.230623,META,RAPID_DECREASE_CANDIDATE,724.61,-0.767,-0.617,-0.15,1.077,1.242,10,0.8,2.599886317737704,5,0.6583951049863919,0.8,0.0,34.6,55.7,34.8,0.0,0.0,52.6,0.0,729.0313,37.0,XLC,38.47247692090801,False,rejected_by_pre_entry_checks,,,723.2,-0.1946,723.0,-0.2222
2026-09-28,2026-09-28T13:36:46.288781,AEHR,RAPID_DECREASE_CANDIDATE,99.775,-0.702,-0.552,-0.15,1.023,0.6314,10,0.6,2.2181261848106475,5,0.7943571234524781,0.75,0.0,36.2,51.7,35.1,0.0,0.0,50.8,0.0,100.3742,,,37.87421874849898,False,rejected_by_pre_entry_checks,,,97.225,-2.5558,97.23,-2.5507
2026-09-28,2026-09-28T13:36:46.306959,RMBS,RAPID_DECREASE_CANDIDATE,103.0232,-0.965,-0.815,-0.15,1.295,5.8142,10,1.0,3.5921187079685986,5,0.6391017039001283,0.7333333333333333,0.0,29.6,74.1,61.6,23.2,0.0,59.8,0.0,102.5464,,,42.06088429647593,False,rejected_by_pre_entry_checks,,,101.64,-1.3426,101.98,-1.0126
2026-09-28,2026-09-28T13:36:46.324162,P,RAPID_DECREASE_CANDIDATE,128.11,-1.734,-1.584,-0.15,0.652,0.4215,10,0.6,4.895076230386623,5,0.5700187605349776,0.7666666666666666,0.0,10.4,28.4,24.6,0.0,0.0,38.4,17.4,129.4252,,,27.56477097083193,False,rejected_by_pre_entry_checks,,,126.98,-0.8821,126.445,-1.2997
2026-09-28,2026-09-28T13:36:46.341464,IONQ,RAPID_DECREASE_CANDIDATE,46.44,-0.707,-0.557,-0.15,0.876,0.1292,10,0.4,1.745455670125286,5,0.5065660697769507,0.7,0.0,36.1,41.6,34.1,0.0,0.0,45.9,82.4,46.7369,43.4,ARKK,38.87020419191527,False,rejected_by_pre_entry_checks,,,47.06,1.3351,46.8214,0.8213
2026-09-28,2026-09-28T13:36:46.372141,AVGO,RAPID_DECREASE_CANDIDATE,352.9488,-0.695,-0.545,-0.15,1.193,3.1506,10,0.0,0.2750426898280892,5,0.41849432676739406,0.55,0.0,36.4,65.1,41.0,0.0,0.0,56.4,0.0,354.2258,48.3,SMH,41.58277768317306,False,rejected_by_pre_entry_checks,,,352.165,-0.2221,351.19,-0.4983
2026-09-28,2026-09-28T13:36:46.390550,QCOM,RAPID_DECREASE_CANDIDATE,193.4675,-2.033,-1.883,-0.15,1.078,4.3883,10,0.6,1.2410526812384155,5,0.3570545026278345,0.55,0.0,2.9,55.8,26.6,0.0,0.0,52.6,0.0,195.2947,14.9,SMH,32.18118296848223,False,rejected_by_pre_entry_checks,,,187.58,-3.0431,188.96,-2.3298
2026-09-28,2026-09-28T13:36:46.406877,INTC,RAPID_DECREASE_CANDIDATE,119.05,-1.408,-1.258,-0.15,1.153,0.0252,10,0.6,1.683915415417859,5,0.7641607066296857,0.7,0.0,18.6,61.7,31.1,0.0,0.0,55.1,100.0,119.9557,30.5,SMH,40.81958812837315,False,rejected_by_pre_entry_checks,,,117.425,-1.365,118.72,-0.2772
2026-09-28,2026-09-28T13:36:49.621309,MXL,RAPID_DECREASE_CANDIDATE,91.92,-1.447,-1.297,-0.15,0.598,16.1118,10,0.8,4.09451630603999,5,0.3855761162613768,0.6166666666666667,0.0,17.6,25.5,26.5,0.0,0.0,36.6,0.0,92.7909,,,27.5734463378066,False,rejected_by_pre_entry_checks,,,89.285,-2.8666,87.55,-4.7541
2026-09-28,2026-09-28T13:36:49.639564,VIAV,RAPID_DECREASE_CANDIDATE,40.18,-3.035,-2.885,-0.15,0.994,8.8352,10,0.6,2.8844733431844105,5,0.8360244868024191,0.8,0.0,0.0,49.6,0.0,0.0,0.0,49.8,0.0,41.0759,,,26.986805296395996,False,rejected_by_pre_entry_checks,,,39.26,-2.2897,39.44,-1.8417
2026-09-28,2026-09-28T13:36:49.661565,META,RAPID_DECREASE_CANDIDATE,724.8395,-0.735,-0.585,-0.15,1.064,1.2417,10,0.8,2.599886317737704,5,0.6583951049863919,0.8,0.0,35.4,54.7,35.8,0.0,0.0,52.1,0.0,728.9824,37.8,XLC,38.49757136797477,False,rejected_by_pre_entry_checks,,,723.2,-0.2262,723.0,-0.2538
2026-09-28,2026-09-28T13:36:49.686110,AEHR,RAPID_DECREASE_CANDIDATE,99.775,-0.702,-0.552,-0.15,1.019,15.1441,10,0.6,2.2181261848106475,5,0.7943571234524781,0.75,0.0,36.2,51.4,35.5,0.0,0.0,50.6,0.0,100.3585,,,37.85867392230497,False,rejected_by_pre_entry_checks,,,97.225,-2.5558,97.23,-2.5507
2026-09-28,2026-09-28T13:36:49.704775,RMBS,RAPID_DECREASE_CANDIDATE,103.0232,-0.965,-0.815,-0.15,1.219,5.8142,10,1.0,3.5921187079685986,5,0.6391017039001283,0.7333333333333333,0.0,29.6,67.3,62.0,24.1,0.0,57.3,0.0,102.5298,,,40.55961034292941,False,rejected_by_pre_entry_checks,,,101.64,-1.3426,101.98,-1.0126
2026-09-28,2026-09-28T13:36:49.724812,P,RAPID_DECREASE_CANDIDATE,128.2045,-1.661,-1.511,-0.15,0.692,4.7034,10,0.6,4.895076230386623,5,0.5700187605349776,0.7666666666666666,0.0,12.2,30.6,26.6,0.0,0.0,39.7,0.0,129.4141,,,27.930968480663903,False,rejected_by_pre_entry_checks,,,126.98,-0.9551,126.445,-1.3724
2026-09-28,2026-09-28T13:36:49.744581,IONQ,RAPID_DECREASE_CANDIDATE,46.4371,-0.713,-0.563,-0.15,0.894,3.3809,10,0.4,1.745455670125286,5,0.5065660697769507,0.7,0.0,35.9,42.8,34.1,0.0,0.0,46.5,0.0,46.7335,43.3,ARKK,35.69093292904831,False,rejected_by_pre_entry_checks,,,47.06,1.3414,46.8214,0.8276
2026-09-28,2026-09-28T13:36:49.776718,AVGO,RAPID_DECREASE_CANDIDATE,352.74,-0.754,-0.604,-0.15,1.156,0.1276,10,0.0,0.2750426898280892,5,0.41849432676739406,0.55,0.0,34.9,61.9,39.7,0.0,0.0,55.2,82.8,354.2006,46.9,SMH,43.95074628407175,False,rejected_by_pre_entry_checks,,,352.165,-0.163,351.19,-0.4394
2026-09-28,2026-09-28T13:36:49.798844,QCOM,RAPID_DECREASE_CANDIDATE,193.26,-2.138,-1.988,-0.15,1.064,4.3982,10,0.6,1.2410526812384155,5,0.3570545026278345,0.55,0.0,0.3,54.7,24.5,0.0,0.0,52.1,0.0,195.2529,12.3,SMH,31.24454284750371,False,rejected_by_pre_entry_checks,,,187.58,-2.939,188.96,-2.225
2026-09-28,2026-09-28T13:36:49.837006,INTC,RAPID_DECREASE_CANDIDATE,119.06,-1.4,-1.25,-0.15,1.124,0.0924,10,0.6,1.683915415417859,5,0.7641607066296857,0.7,0.0,18.8,59.4,31.9,0.0,0.0,54.1,90.6,119.9297,30.7,SMH,40.04674244300623,False,rejected_by_pre_entry_checks,,,117.425,-1.3733,118.72,-0.2856
2026-09-28,2026-09-28T13:36:53.056055,MXL,RAPID_DECREASE_CANDIDATE,91.93,-1.437,-1.287,-0.15,0.608,16.0883,11,0.8,4.09451630603999,5,0.3855761162613768,0.6166666666666667,0.0,17.8,26.0,27.2,0.0,0.0,36.9,0.0,92.7778,,,27.81584644916711,False,rejected_by_pre_entry_checks,,,89.285,-2.8772,87.55,-4.7645
2026-09-28,2026-09-28T13:36:53.073877,VIAV,RAPID_DECREASE_CANDIDATE,40.0895,-3.254,-3.104,-0.15,0.968,8.8552,11,0.6,2.8844733431844105,5,0.8360244868024191,0.8,0.0,0.0,47.7,0.0,0.0,0.0,48.9,0.0,41.064,,,26.569603001323014,False,rejected_by_pre_entry_checks,,,39.26,-2.0691,39.44,-1.6201
2026-09-28,2026-09-28T13:36:53.093894,META,RAPID_DECREASE_CANDIDATE,724.485,-0.784,-0.634,-0.15,1.05,1.2423,11,0.8,2.599886317737704,5,0.6583951049863919,0.8,0.0,34.1,53.7,34.7,0.0,0.0,51.7,0.0,728.9353,36.5,XLC,37.93621989054636,False,rejected_by_pre_entry_checks,,,723.2,-0.1774,723.0,-0.205
2026-09-28,2026-09-28T13:36:53.111825,AEHR,RAPID_DECREASE_CANDIDATE,99.811,-0.666,-0.516,-0.15,1.015,15.1286,11,0.6,2.2181261848106475,5,0.7943571234524781,0.75,0.0,37.1,51.1,36.7,0.0,0.0,50.5,0.0,100.3436,,,38.10321311149337,False,rejected_by_pre_entry_checks,,,97.225,-2.5909,97.23,-2.5859
2026-09-28,2026-09-28T13:36:53.136600,RMBS,RAPID_DECREASE_CANDIDATE,103.0,-0.988,-0.838,-0.15,1.152,5.8155,11,1.0,3.5921187079685986,5,0.6391017039001283,0.7333333333333333,0.0,29.1,61.6,61.8,23.7,0.0,55.1,0.0,102.515,,,39.266651260017724,False,rejected_by_pre_entry_checks,,,101.64,-1.3204,101.98,-0.9903
2026-09-28,2026-09-28T13:36:53.156273,TXG,RAPID_DECREASE_CANDIDATE,86.2605,-0.782,-0.632,-0.15,1.176,4.1386,11,0.6,1.764068263321942,5,0.8088586851744765,0.85,0.0,34.2,63.6,51.9,3.8,0.0,55.9,0.0,86.1947,,,41.79636713418902,False,rejected_by_pre_entry_checks,,,86.595,0.3878,87.77,1.7499
2026-09-28,2026-09-28T13:36:53.173397,P,RAPID_DECREASE_CANDIDATE,128.04,-1.787,-1.637,-0.15,0.738,8.9503,11,0.6,4.895076230386623,5,0.5700187605349776,0.7666666666666666,0.0,9.1,33.2,23.7,0.0,0.0,41.3,0.0,129.403,,,27.655922582618196,False,rejected_by_pre_entry_checks,,,126.98,-0.8279,126.445,-1.2457
2026-09-28,2026-09-28T13:36:53.192644,IONQ,RAPID_DECREASE_CANDIDATE,46.555,-0.461,-0.311,-0.15,0.913,0.1933,11,0.4,1.745455670125286,5,0.5065660697769507,0.7,0.0,42.2,44.0,40.6,0.0,0.0,47.1,68.2,46.7301,49.6,ARKK,40.68319060717083,False,rejected_by_pre_entry_checks,,,47.06,1.0847,46.8214,0.5722
2026-09-28,2026-09-28T13:36:53.219450,AVGO,RAPID_DECREASE_CANDIDATE,352.6646,-0.775,-0.625,-0.15,1.121,0.5302,11,0.0,0.2750426898280892,5,0.41849432676739406,0.55,0.0,34.4,59.1,39.3,0.0,0.0,54.0,0.0,354.1764,46.3,SMH,39.75308555811555,False,rejected_by_pre_entry_checks,,,352.165,-0.1417,351.19,-0.4181
2026-09-28,2026-09-28T13:36:53.238062,QCOM,RAPID_DECREASE_CANDIDATE,192.995,-2.272,-2.122,-0.15,1.051,3.7203,11,0.6,1.2410526812384155,5,0.3570545026278345,0.55,0.0,0.0,53.7,21.6,0.0,0.0,51.7,0.0,195.2132,8.9,SMH,30.61072312259574,False,rejected_by_pre_entry_checks,,,187.58,-2.8058,188.96,-2.0907
2026-09-28,2026-09-28T13:36:53.256177,INTC,RAPID_DECREASE_CANDIDATE,119.025,-1.429,-1.279,-0.15,1.097,0.0504,11,0.6,1.683915415417859,5,0.7641607066296857,0.7,0.0,18.0,57.2,31.6,0.0,0.0,53.2,99.9,119.9053,30.0,SMH,39.81632740155759,False,rejected_by_pre_entry_checks,,,117.425,-1.3443,118.72,-0.2562
2026-09-28,2026-09-28T13:36:56.463516,MXL,RAPID_DECREASE_CANDIDATE,92.235,-1.11,-0.96,-0.15,0.674,16.0243,9,0.8,4.09451630603999,5,0.3855761162613768,0.6166666666666667,0.0,26.0,29.6,35.7,0.0,0.0,39.1,0.0,92.7651,,,31.114371959140737,False,rejected_by_pre_entry_checks,,,89.285,-3.1984,87.55,-5.0794
2026-09-28,2026-09-28T13:36:56.483202,VIAV,RAPID_DECREASE_CANDIDATE,40.275,-2.806,-2.656,-0.15,0.976,8.8144,9,0.6,2.8844733431844105,5,0.8360244868024191,0.8,0.0,0.0,48.3,2.7,0.0,0.0,49.2,0.0,41.0524,,,27.027066057297745,False,rejected_by_pre_entry_checks,,,39.26,-2.5202,39.44,-2.0732
2026-09-28,2026-09-28T13:36:56.514070,META,RAPID_DECREASE_CANDIDATE,723.88,-0.867,-0.717,-0.15,1.037,1.5224,9,0.8,2.599886317737704,5,0.6583951049863919,0.8,0.0,32.1,52.7,32.8,0.0,0.0,51.2,0.0,728.89,34.5,XLC,37.135224461498716,False,rejected_by_pre_entry_checks,,,723.2,-0.0939,723.0,-0.1216
2026-09-28,2026-09-28T13:36:56.535621,AEHR,RAPID_DECREASE_CANDIDATE,99.46,-1.015,-0.865,-0.15,1.011,15.192,9,0.6,2.2181261848106475,5,0.7943571234524781,0.75,0.0,28.4,50.8,28.3,0.0,0.0,50.4,0.0,100.3295,,,35.536370670437485,False,rejected_by_pre_entry_checks,,,97.225,-2.2471,97.23,-2.2421
2026-09-28,2026-09-28T13:36:56.554905,RMBS,RAPID_DECREASE_CANDIDATE,103.1399,-0.853,-0.703,-0.15,1.092,5.8076,9,1.0,3.5921187079685986,5,0.6391017039001283,0.7333333333333333,0.0,32.4,56.8,65.6,31.1,0.0,53.1,0.0,102.5016,,,38.314734702401665,False,rejected_by_pre_entry_checks,,,101.64,-1.4542,101.98,-1.1246
2026-09-28,2026-09-28T13:36:56.572515,P,RAPID_DECREASE_CANDIDATE,128.18,-1.68,-1.53,-0.15,0.79,0.4291,9,0.6,4.895076230386623,5,0.5700187605349776,0.7666666666666666,0.0,11.8,36.2,26.6,0.0,0.0,43.0,15.8,129.3922,,,29.847103758541085,False,rejected_by_pre_entry_checks,,,126.98,-0.9362,126.445,-1.3536
2026-09-28,2026-09-28T13:36:56.589328,AVGO,RAPID_DECREASE_CANDIDATE,352.74,-0.754,-0.604,-0.15,1.088,0.1106,9,0.0,0.2750426898280892,5,0.41849432676739406,0.55,0.0,34.9,56.5,40.0,0.0,0.0,52.9,86.5,354.1532,46.9,SMH,42.96571397236418,False,rejected_by_pre_entry_checks,,,352.165,-0.163,351.19,-0.4394
2026-09-28,2026-09-28T13:36:56.606190,QCOM,RAPID_DECREASE_CANDIDATE,192.66,-2.442,-2.292,-0.15,1.037,3.8929,9,0.6,1.2410526812384155,5,0.3570545026278345,0.55,0.0,0.0,52.7,17.8,0.0,0.0,51.2,0.0,195.1753,4.6,SMH,29.91369685165579,False,rejected_by_pre_entry_checks,,,187.58,-2.6368,188.96,-1.9205
2026-09-28,2026-09-28T13:36:56.633335,INTC,RAPID_DECREASE_CANDIDATE,119.04,-1.416,-1.266,-0.15,1.071,0.0924,9,0.6,1.683915415417859,5,0.7641607066296857,0.7,0.0,18.4,55.2,32.4,0.0,0.0,52.4,90.6,119.8822,30.3,SMH,39.13905496766637,False,rejected_by_pre_entry_checks,,,117.425,-1.3567,118.72,-0.2688
2026-09-28,2026-09-28T13:36:59.870110,MXL,RAPID_DECREASE_CANDIDATE,91.4501,-1.951,-1.801,-0.15,0.756,16.1618,9,0.8,4.09451630603999,5,0.3855761162613768,0.6166666666666667,0.0,5.0,34.2,14.9,0.0,0.0,41.9,0.0,92.7526,,,26.126730469854408,False,rejected_by_pre_entry_checks,,,89.0801,-2.5916,87.88,-3.9039
2026-09-28,2026-09-28T13:36:59.889850,VIAV,RAPID_DECREASE_CANDIDATE,40.3946,-2.517,-2.367,-0.15,0.984,8.7883,9,0.6,2.8844733431844105,5,0.8360244868024191,0.8,0.0,0.0,48.8,10.6,0.0,0.0,49.5,0.0,41.0411,,,28.149129791616854,False,rejected_by_pre_entry_checks,,,39.145,-3.0935,39.59,-1.9919
2026-09-28,2026-09-28T13:36:59.909899,META,RAPID_DECREASE_CANDIDATE,723.3801,-0.935,-0.785,-0.15,1.024,1.5234,9,0.8,2.599886317737704,5,0.6583951049863919,0.8,0.0,30.4,51.8,31.3,0.0,0.0,50.8,0.0,728.8462,32.8,XLC,36.44675485249481,False,rejected_by_pre_entry_checks,,,721.505,-0.2592,722.715,-0.0919
2026-09-28,2026-09-28T13:36:59.926907,AEHR,RAPID_DECREASE_CANDIDATE,99.698,-0.778,-0.628,-0.15,1.008,15.0153,9,0.6,2.2181261848106475,5,0.7943571234524781,0.75,0.0,34.3,50.5,34.6,0.0,0.0,50.3,0.0,100.3161,,,37.248218001525665,False,rejected_by_pre_entry_checks,,,97.44,-2.2648,97.5,-2.2047
2026-09-28,2026-09-28T13:36:59.947907,RMBS,RAPID_DECREASE_CANDIDATE,103.035,-0.954,-0.804,-0.15,1.059,5.8136,9,1.0,3.5921187079685986,5,0.6391017039001283,0.7333333333333333,0.0,29.9,54.4,63.3,26.6,0.0,52.0,0.0,102.4894,,,37.6258088188102,False,rejected_by_pre_entry_checks,,,101.505,-1.4849,102.02,-0.9851
2026-09-28,2026-09-28T13:36:59.966552,P,RAPID_DECREASE_CANDIDATE,127.9701,-1.841,-1.691,-0.15,0.849,0.4298,9,0.6,4.895076230386623,5,0.5700187605349776,0.7666666666666666,0.0,7.7,39.9,22.7,0.0,0.0,45.0,15.6,129.3815,,,29.54529924448977,False,rejected_by_pre_entry_checks,,,127.37,-0.4689,126.825,-0.8948
2026-09-28,2026-09-28T13:36:59.985768,AVGO,RAPID_DECREASE_CANDIDATE,352.7203,-0.759,-0.609,-0.15,1.057,0.5727,9,0.0,0.2750426898280892,5,0.41849432676739406,0.55,0.0,34.8,54.2,40.0,0.0,0.0,51.9,0.0,354.131,46.7,SMH,38.81841939815542,False,rejected_by_pre_entry_checks,,,351.87,-0.2411,351.37,-0.3828
2026-09-28,2026-09-28T13:37:00.004540,QCOM,RAPID_DECREASE_CANDIDATE,192.75,-2.396,-2.246,-0.15,1.025,7.7717,9,0.6,1.2410526812384155,5,0.3570545026278345,0.55,0.0,0.0,51.8,19.4,0.0,0.0,50.8,0.0,195.1391,5.8,SMH,29.908486710116012,False,rejected_by_pre_entry_checks,,,187.32,-2.8171,188.54,-2.1842
2026-09-28,2026-09-28T13:37:00.036012,INTC,RAPID_DECREASE_CANDIDATE,119.09,-1.375,-1.225,-0.15,1.046,0.2015,9,0.6,1.683915415417859,5,0.7641607066296857,0.7,0.0,19.4,53.4,33.9,0.0,0.0,51.5,66.3,119.8604,31.3,SMH,38.07179935801481,False,rejected_by_pre_entry_checks,,,117.35,-1.4611,118.6788,-0.3453
2026-09-28,2026-09-28T13:37:03.348697,VICR,RAPID_DECREASE_CANDIDATE,279.225,-0.882,-0.817,-0.065,0.348,1.8838,11,0.4,1.3557212185800078,5,0.9227008850877633,0.7708333333333334,0.0,29.6,87.1,50.4,0.8,0.0,28.3,0.0,279.1817,,,41.685754395095046,False,rejected_by_pre_entry_checks,,,278.3,-0.3313,279.97,0.2668
2026-09-28,2026-09-28T13:37:03.531566,BE,RAPID_DECREASE_CANDIDATE,271.94,-0.85,-0.785,-0.065,0.518,9.1711,11,1.0,2.9777657977747474,5,0.41786743572907614,0.7,0.0,30.4,63.2,5.4,0.0,0.0,33.9,0.0,276.8808,,,33.015482907990425,True,,,,267.43,-1.6585,269.46,-0.912
2026-09-28,2026-09-28T13:37:03.555707,VIAV,RAPID_DECREASE_CANDIDATE,40.31,-1.479,-1.414,-0.065,1.008,8.8067,11,0.6,2.8844733431844105,5,0.8360244868024191,0.8,0.0,14.6,49.5,6.2,0.0,0.0,50.3,0.0,41.0294,,,30.254099806076926,False,rejected_by_pre_entry_checks,,,39.145,-2.8901,39.59,-1.7862
2026-09-28,2026-09-28T13:37:03.573872,META,RAPID_DECREASE_CANDIDATE,723.46,-0.675,-0.61,-0.065,0.596,0.0871,11,0.8,2.599886317737704,5,0.6583951049863919,0.8,0.0,34.8,47.3,31.7,0.0,0.0,36.5,91.8,728.8031,39.6,XLC,38.520378893028855,False,rejected_by_pre_entry_checks,,,721.505,-0.2702,722.715,-0.103
2026-09-28,2026-09-28T13:37:03.595289,AEHR,RAPID_DECREASE_CANDIDATE,99.61,-1.629,-1.564,-0.065,0.557,15.0286,11,0.6,2.2181261848106475,5,0.7943571234524781,0.75,0.0,10.9,46.4,32.6,0.0,0.0,35.2,0.0,100.3088,,,30.532644906527775,False,rejected_by_pre_entry_checks,,,97.44,-2.1785,97.5,-2.1183
2026-09-28,2026-09-28T13:37:03.628587,RMBS,RAPID_DECREASE_CANDIDATE,102.6293,-1.413,-1.348,-0.065,0.982,5.8365,11,1.0,3.5921187079685986,5,0.6391017039001283,0.7333333333333333,0.0,16.3,51.7,53.1,6.3,0.0,49.4,0.0,102.501,,,35.8632332709731,False,rejected_by_pre_entry_checks,,,101.505,-1.0955,102.02,-0.5937
2026-09-28,2026-09-28T13:37:03.646345,P,RAPID_DECREASE_CANDIDATE,128.155,-0.786,-0.721,-0.065,0.792,0.4292,11,0.6,4.895076230386623,5,0.5700187605349776,0.7666666666666666,0.0,32.0,43.3,26.5,0.0,0.0,43.1,15.7,129.3722,,,34.39600736075477,False,rejected_by_pre_entry_checks,,,127.37,-0.6125,126.825,-1.0378
2026-09-28,2026-09-28T13:37:03.678954,IONQ,RAPID_DECREASE_CANDIDATE,46.69,-0.744,-0.679,-0.065,0.97,0.0643,11,0.4,1.745455670125286,5,0.5065660697769507,0.7,0.0,33.0,48.3,48.3,0.0,0.0,49.0,96.8,46.7217,27.2,ARKK,42.25250895935349,False,rejected_by_pre_entry_checks,,,46.97,0.5997,47.18,1.0495
2026-09-28,2026-09-28T13:37:03.696592,AVGO,RAPID_DECREASE_CANDIDATE,352.6,-0.428,-0.363,-0.065,0.616,0.5048,11,0.0,0.2750426898280892,5,0.41849432676739406,0.55,0.0,40.9,48.4,39.3,0.0,0.0,37.2,0.0,354.112,48.7,SMH,36.95670656859427,False,rejected_by_pre_entry_checks,,,351.87,-0.207,351.37,-0.3488
2026-09-28,2026-09-28T13:37:03.717604,QCOM,RAPID_DECREASE_CANDIDATE,192.755,-1.678,-1.613,-0.065,0.727,7.7715,11,0.6,1.2410526812384155,5,0.3570545026278345,0.55,0.0,9.7,48.4,19.9,0.0,0.0,40.9,0.0,195.1062,17.4,SMH,29.77522707508026,False,rejected_by_pre_entry_checks,,,187.32,-2.8196,188.54,-2.1867
2026-09-28,2026-09-28T13:37:03.736979,INTC,RAPID_DECREASE_CANDIDATE,119.0607,-1.26,-1.195,-0.065,0.77,0.0336,11,0.6,1.683915415417859,5,0.7641607066296857,0.7,0.0,20.1,49.4,33.7,0.0,0.0,42.3,100.0,119.8425,27.9,SMH,37.760586835885654,False,rejected_by_pre_entry_checks,,,117.35,-1.4368,118.6788,-0.3208
2026-09-28,2026-09-28T13:37:07.029046,VICR,RAPID_DECREASE_CANDIDATE,279.225,-0.882,-0.817,-0.065,0.349,1.8838,9,0.4,1.3557212185800078,5,0.9227008850877633,0.7708333333333334,0.0,29.6,66.6,50.4,0.8,0.0,28.3,0.0,279.1801,,,38.262073742967274,False,rejected_by_pre_entry_checks,,,278.3,-0.3313,279.97,0.2668
2026-09-28,2026-09-28T13:37:07.086622,VIAV,RAPID_DECREASE_CANDIDATE,40.31,-1.479,-1.414,-0.065,1.015,8.8067,9,0.6,2.8844733431844105,5,0.8360244868024191,0.8,0.0,14.6,50.3,6.9,0.0,0.0,50.5,0.0,41.0179,,,30.491140734695104,False,rejected_by_pre_entry_checks,,,39.145,-2.8901,39.59,-1.7862
2026-09-28,2026-09-28T13:37:07.112932,META,RAPID_DECREASE_CANDIDATE,723.6,-0.656,-0.591,-0.065,0.602,0.2543,9,0.8,2.599886317737704,5,0.6583951049863919,0.8,0.0,35.2,42.9,32.3,0.0,0.0,36.7,54.6,728.7609,40.1,XLC,36.431981468902165,False,rejected_by_pre_entry_checks,,,721.505,-0.2895,722.715,-0.1223
2026-09-28,2026-09-28T13:37:07.132772,AEHR,RAPID_DECREASE_CANDIDATE,99.85,-1.392,-1.327,-0.065,0.568,14.9925,9,0.6,2.2181261848106475,5,0.7943571234524781,0.75,0.0,16.8,42.4,38.7,0.0,0.0,35.6,0.0,100.3016,,,31.658203830740433,False,rejected_by_pre_entry_checks,,,97.44,-2.4136,97.5,-2.3535
2026-09-28,2026-09-28T13:37:07.152234,RMBS,RAPID_DECREASE_CANDIDATE,103.15,-0.913,-0.848,-0.065,0.957,11.4493,9,1.0,3.5921187079685986,5,0.6391017039001283,0.7333333333333333,0.0,28.8,49.2,65.6,31.1,0.0,48.6,0.0,102.5116,,,35.876007382091295,False,rejected_by_pre_entry_checks,,,101.505,-1.5948,102.02,-1.0955
2026-09-28,2026-09-28T13:37:07.187837,P,RAPID_DECREASE_CANDIDATE,127.847,-1.024,-0.959,-0.065,0.869,4.8183,9,0.6,4.895076230386623,5,0.5700187605349776,0.7666666666666666,0.0,26.0,47.6,20.7,0.0,0.0,45.6,0.0,129.363,,,33.06501751226624,False,rejected_by_pre_entry_checks,,,127.37,-0.3731,126.825,-0.7994
2026-09-28,2026-09-28T13:37:07.207863,IONQ,RAPID_DECREASE_CANDIDATE,46.87,-0.361,-0.296,-0.065,0.994,0.2987,9,0.4,1.745455670125286,5,0.5065660697769507,0.7,0.0,42.6,49.9,58.0,16.1,0.0,49.8,44.7,46.7198,36.8,ARKK,41.24841189949106,False,rejected_by_pre_entry_checks,,,46.97,0.2134,47.18,0.6614
2026-09-28,2026-09-28T13:37:07.228314,QCOM,RAPID_DECREASE_CANDIDATE,192.62,-1.747,-1.682,-0.065,0.729,7.777,9,0.6,1.2410526812384155,5,0.3570545026278345,0.55,0.0,7.9,45.1,18.5,0.0,0.0,41.0,0.0,195.0744,15.7,SMH,28.785500107744102,False,rejected_by_pre_entry_checks,,,187.32,-2.7515,188.54,-2.1182
2026-09-28,2026-09-28T13:37:07.276098,INTC,RAPID_DECREASE_CANDIDATE,119.04,-1.277,-1.212,-0.065,0.763,0.1596,9,0.6,1.683915415417859,5,0.7641607066296857,0.7,0.0,19.7,45.7,33.6,0.0,0.0,42.1,75.6,119.8254,27.5,SMH,36.019031366537156,False,rejected_by_pre_entry_checks,,,117.35,-1.4197,118.6788,-0.3034
2026-09-28,2026-09-28T13:37:10.513485,VICR,RAPID_DECREASE_CANDIDATE,279.69,-0.717,-0.652,-0.065,0.359,1.8807,11,0.4,1.3557212185800078,5,0.9227008850877633,0.7708333333333334,0.0,33.7,51.8,54.6,9.2,0.0,28.6,0.0,279.1787,,,36.012080322904694,False,rejected_by_pre_entry_checks,,,278.3,-0.497,279.97,0.1001
2026-09-28,2026-09-28T13:37:10.530362,MXL,RAPID_DECREASE_CANDIDATE,92.3946,-0.469,-0.404,-0.065,1.31,1.0931,11,0.8,4.09451630603999,5,0.3855761162613768,0.6166666666666667,0.0,39.9,59.7,41.4,0.0,0.0,60.3,0.0,92.7151,,,41.80470194773251,False,rejected_by_pre_entry_checks,,,89.0801,-3.5873,87.88,-4.8862
2026-09-28,2026-09-28T13:37:10.547753,VIAV,RAPID_DECREASE_CANDIDATE,40.31,-1.479,-1.414,-0.065,1.014,8.8067,11,0.6,2.8844733431844105,5,0.8360244868024191,0.8,0.0,14.6,50.4,7.5,0.0,0.0,50.5,0.0,41.0068,,,30.593745491852516,False,rejected_by_pre_entry_checks,,,39.145,-2.8901,39.59,-1.7862
2026-09-28,2026-09-28T13:37:10.567655,META,RAPID_DECREASE_CANDIDATE,723.31,-0.696,-0.631,-0.065,0.616,0.1811,11,0.8,2.599886317737704,5,0.6583951049863919,0.8,0.0,34.2,39.4,31.4,0.0,0.0,37.2,70.9,728.7196,39.1,XLC,36.30678120731317,False,rejected_by_pre_entry_checks,,,721.505,-0.2495,722.715,-0.0823
2026-09-28,2026-09-28T13:37:10.590751,AEHR,RAPID_DECREASE_CANDIDATE,100.0295,-1.215,-1.15,-0.065,0.582,14.9656,11,0.6,2.2181261848106475,5,0.7943571234524781,0.75,0.0,21.2,38.6,43.4,0.0,0.0,36.1,0.0,100.2947,,,32.39881249632964,False,rejected_by_pre_entry_checks,,,97.44,-2.5887,97.5,-2.5288
2026-09-28,2026-09-28T13:37:10.608573,RMBS,RAPID_DECREASE_CANDIDATE,103.15,-0.913,-0.848,-0.065,0.959,5.9913,11,1.0,3.5921187079685986,5,0.6391017039001283,0.7333333333333333,0.0,28.8,48.8,65.3,30.7,0.0,48.6,0.0,102.5214,,,35.84835423964821,False,rejected_by_pre_entry_checks,,,101.505,-1.5948,102.02,-1.0955
2026-09-28,2026-09-28T13:37:10.627313,P,RAPID_DECREASE_CANDIDATE,128.295,-0.677,-0.612,-0.065,0.876,4.8014,11,0.6,4.895076230386623,5,0.5700187605349776,0.7666666666666666,0.0,34.7,46.4,29.5,0.0,0.0,45.9,0.0,129.354,,,35.445081729182476,False,rejected_by_pre_entry_checks,,,127.37,-0.721,126.825,-1.1458
2026-09-28,2026-09-28T13:37:10.647794,IONQ,RAPID_DECREASE_CANDIDATE,46.865,-0.372,-0.307,-0.065,0.994,0.0854,11,0.4,1.745455670125286,5,0.5065660697769507,0.7,0.0,42.3,49.8,57.9,15.7,0.0,49.8,92.1,46.718,36.5,ARKK,43.18903315553397,False,rejected_by_pre_entry_checks,,,46.97,0.224,47.18,0.6721
2026-09-28,2026-09-28T13:37:10.671863,AVGO,RAPID_DECREASE_CANDIDATE,353.0054,-0.314,-0.249,-0.065,0.625,0.6147,11,0.0,0.2750426898280892,5,0.41849432676739406,0.55,0.0,43.8,39.7,42.4,0.0,0.0,37.5,0.0,354.0754,51.5,SMH,36.39910713956061,False,rejected_by_pre_entry_checks,,,351.87,-0.3216,351.37,-0.4633
2026-09-28,2026-09-28T13:37:10.690092,QCOM,RAPID_DECREASE_CANDIDATE,192.56,-1.778,-1.713,-0.065,0.74,7.7794,11,0.6,1.2410526812384155,5,0.3570545026278345,0.55,0.0,7.2,42.7,18.2,0.0,0.0,41.3,0.0,195.0436,14.9,SMH,28.248932197466317,False,rejected_by_pre_entry_checks,,,187.32,-2.7212,188.54,-2.0877
2026-09-28,2026-09-28T13:37:10.708534,INTC,RAPID_DECREASE_CANDIDATE,118.9815,-1.326,-1.261,-0.065,0.773,0.0336,11,0.6,1.683915415417859,5,0.7641607066296857,0.7,0.0,18.5,43.6,32.7,0.0,0.0,42.4,100.0,119.8089,26.2,SMH,36.404600349978885,False,rejected_by_pre_entry_checks,,,117.35,-1.3712,118.6788,-0.2544
2026-09-28,2026-09-28T13:37:13.927076,VICR,RAPID_DECREASE_CANDIDATE,279.69,-0.717,-0.652,-0.065,0.37,1.8807,8,0.4,1.3557212185800078,5,0.9227008850877633,0.7708333333333334,0.0,33.7,38.6,54.6,9.2,0.0,29.0,0.0,279.1772,,,33.84577085613614,False,rejected_by_pre_entry_checks,,,278.3,-0.497,279.97,0.1001
2026-09-28,2026-09-28T13:37:13.945006,VIAV,RAPID_DECREASE_CANDIDATE,40.31,-1.479,-1.414,-0.065,1.014,8.8067,8,0.6,2.8844733431844105,5,0.8360244868024191,0.8,0.0,14.6,50.6,8.2,0.0,0.0,50.5,0.0,40.996,,,30.698258288762464,False,rejected_by_pre_entry_checks,,,39.145,-2.8901,39.59,-1.7862
2026-09-28,2026-09-28T13:37:13.962950,META,RAPID_DECREASE_CANDIDATE,723.79,-0.63,-0.565,-0.065,0.63,0.1271,8,0.8,2.599886317737704,5,0.6583951049863919,0.8,0.0,35.9,35.9,33.2,0.0,0.0,37.7,82.9,728.679,40.8,XLC,36.77532695268758,False,rejected_by_pre_entry_checks,,,721.505,-0.3157,722.715,-0.1485
2026-09-28,2026-09-28T13:37:13.979064,AEHR,RAPID_DECREASE_CANDIDATE,100.0,-1.244,-1.179,-0.065,0.597,14.96,8,0.6,2.2181261848106475,5,0.7943571234524781,0.75,0.0,20.5,34.7,42.8,0.0,0.0,36.6,0.0,100.2879,,,31.633527393801753,False,rejected_by_pre_entry_checks,,,97.44,-2.56,97.5,-2.5
2026-09-28,2026-09-28T13:37:13.997154,RMBS,RAPID_DECREASE_CANDIDATE,102.93,-1.124,-1.059,-0.065,0.962,6.8202,8,1.0,3.5921187079685986,5,0.6391017039001283,0.7333333333333333,0.0,23.5,48.4,59.7,19.5,0.0,48.7,0.0,102.5305,,,35.613970692243065,False,rejected_by_pre_entry_checks,,,101.505,-1.3844,102.02,-0.8841
2026-09-28,2026-09-28T13:37:14.019468,P,RAPID_DECREASE_CANDIDATE,128.43,-0.573,-0.508,-0.065,0.882,4.3837,8,0.6,4.895076230386623,5,0.5700187605349776,0.7666666666666666,0.0,37.3,45.2,32.3,0.0,0.0,46.1,0.0,129.345,,,36.05217537545249,False,rejected_by_pre_entry_checks,,,127.37,-0.8254,126.825,-1.2497
2026-09-28,2026-09-28T13:37:14.038148,QCOM,RAPID_DECREASE_CANDIDATE,192.06,-2.033,-1.968,-0.065,0.752,7.7996,8,0.6,1.2410526812384155,5,0.3570545026278345,0.55,0.0,0.8,40.3,12.1,0.0,0.0,41.7,0.0,195.0137,8.6,SMH,26.07662924851915,False,rejected_by_pre_entry_checks,,,187.32,-2.468,188.54,-1.8328
2026-09-28,2026-09-28T13:37:14.056514,INTC,RAPID_DECREASE_CANDIDATE,118.8487,-1.436,-1.371,-0.065,0.783,0.2524,8,0.6,1.683915415417859,5,0.7641607066296857,0.7,0.0,15.7,41.4,30.3,0.0,0.0,42.8,55.0,119.793,23.5,SMH,33.45164874451556,False,rejected_by_pre_entry_checks,,,117.35,-1.261,118.6788,-0.143
2026-09-28,2026-09-28T13:37:17.337051,VICR,RAPID_DECREASE_CANDIDATE,279.69,-0.717,-0.652,-0.065,0.382,1.8807,9,0.4,1.3557212185800078,5,0.9227008850877633,0.7708333333333334,0.0,33.7,26.6,54.6,9.2,0.0,29.4,0.0,279.1758,,,31.894830650071345,False,rejected_by_pre_entry_checks,,,278.3,-0.497,279.97,0.1001
2026-09-28,2026-09-28T13:37:17.356769,VIAV,RAPID_DECREASE_CANDIDATE,40.5458,-0.902,-0.837,-0.065,1.013,8.7555,9,0.6,2.8844733431844105,5,0.8360244868024191,0.8,0.0,29.1,50.7,23.2,0.0,0.0,50.4,0.0,40.9855,,,34.99849574534495,False,rejected_by_pre_entry_checks,,,39.145,-3.4549,39.59,-2.3573
2026-09-28,2026-09-28T13:37:17.373868,META,RAPID_DECREASE_CANDIDATE,724.8058,-0.491,-0.426,-0.065,0.645,1.2486,9,0.8,2.599886317737704,5,0.6583951049863919,0.8,0.0,39.4,32.4,36.8,0.0,0.0,38.2,0.0,728.6393,44.2,XLC,33.82890605610248,False,rejected_by_pre_entry_checks,,,721.505,-0.4554,722.715,-0.2885
2026-09-28,2026-09-28T13:37:17.391493,AEHR,RAPID_DECREASE_CANDIDATE,100.0888,-1.157,-1.092,-0.065,0.612,14.9267,9,0.6,2.2181261848106475,5,0.7943571234524781,0.75,0.0,22.7,30.9,45.2,0.0,0.0,37.1,0.0,100.2813,,,31.719681184400386,False,rejected_by_pre_entry_checks,,,97.44,-2.6464,97.5,-2.5865
2026-09-28,2026-09-28T13:37:17.410390,RMBS,RAPID_DECREASE_CANDIDATE,102.985,-1.071,-1.006,-0.065,0.964,6.8165,9,1.0,3.5921187079685986,5,0.6391017039001283,0.7333333333333333,0.0,24.9,48.0,60.9,21.8,0.0,48.8,0.0,102.5389,,,35.63519757973805,False,rejected_by_pre_entry_checks,,,101.505,-1.4371,102.02,-0.937
2026-09-28,2026-09-28T13:37:17.429065,P,RAPID_DECREASE_CANDIDATE,128.58,-0.457,-0.392,-0.065,0.889,4.3786,9,0.6,4.895076230386623,5,0.5700187605349776,0.7666666666666666,0.0,40.2,44.0,35.4,0.0,0.0,46.3,0.0,129.3361,,,36.74948643675927,False,rejected_by_pre_entry_checks,,,127.37,-0.941,126.825,-1.3649
2026-09-28,2026-09-28T13:37:17.447034,AVGO,RAPID_DECREASE_CANDIDATE,353.05,-0.301,-0.236,-0.065,0.654,0.1558,9,0.0,0.2750426898280892,5,0.41849432676739406,0.55,0.0,44.1,32.8,43.0,0.0,0.0,38.5,76.5,354.0403,51.9,SMH,38.682485216338506,False,rejected_by_pre_entry_checks,,,351.87,-0.3342,351.37,-0.4759
2026-09-28,2026-09-28T13:37:17.465105,QCOM,RAPID_DECREASE_CANDIDATE,192.0,-2.063,-1.998,-0.065,0.764,7.8021,9,0.6,1.2410526812384155,5,0.3570545026278345,0.55,0.0,0.0,37.8,11.7,0.0,0.0,42.1,0.0,194.9847,7.8,SMH,25.545376327061298,False,rejected_by_pre_entry_checks,,,187.32,-2.4375,188.54,-1.8021
2026-09-28,2026-09-28T13:37:17.481843,INTC,RAPID_DECREASE_CANDIDATE,118.79,-1.484,-1.419,-0.065,0.794,1.3553,9,0.6,1.683915415417859,5,0.7641607066296857,0.7,0.0,14.5,39.3,29.4,0.0,0.0,43.1,0.0,119.7777,22.3,SMH,30.534405448990253,False,rejected_by_pre_entry_checks,,,117.35,-1.2122,118.6788,-0.0936
2026-09-28,2026-09-28T13:37:20.729003,VICR,RAPID_DECREASE_CANDIDATE,279.69,-0.717,-0.652,-0.065,0.395,1.8807,10,0.4,1.3557212185800078,5,0.9227008850877633,0.7708333333333334,0.0,33.7,15.7,54.6,9.2,0.0,29.8,0.0,279.1745,,,30.130381664678097,False,rejected_by_pre_entry_checks,,,278.3,-0.497,279.97,0.1001
2026-09-28,2026-09-28T13:37:20.761527,MXL,RAPID_DECREASE_CANDIDATE,92.495,-0.361,-0.296,-0.065,1.242,7.6977,10,0.8,4.09451630603999,5,0.3855761162613768,0.6166666666666667,0.0,42.6,69.3,45.0,0.0,0.0,58.1,0.0,92.6808,,,44.03522030865186,False,rejected_by_pre_entry_checks,,,89.0801,-3.692,87.88,-4.9895
2026-09-28,2026-09-28T13:37:20.779503,VIAV,RAPID_DECREASE_CANDIDATE,40.385,-1.295,-1.23,-0.065,1.012,8.7904,10,0.6,2.8844733431844105,5,0.8360244868024191,0.8,0.0,19.2,50.8,14.0,0.0,0.0,50.4,0.0,40.9753,,,32.23119086611691,False,rejected_by_pre_entry_checks,,,39.145,-3.0704,39.59,-1.9686
2026-09-28,2026-09-28T13:37:20.799298,META,RAPID_DECREASE_CANDIDATE,725.8599,-0.346,-0.281,-0.065,0.661,1.3983,10,0.8,2.599886317737704,5,0.6583951049863919,0.8,0.0,43.0,28.8,40.6,0.0,0.0,38.7,0.0,728.6003,47.9,XLC,34.38057351124447,False,rejected_by_pre_entry_checks,,,721.505,-0.6,722.715,-0.4333
2026-09-28,2026-09-28T13:37:20.817726,AEHR,RAPID_DECREASE_CANDIDATE,99.995,-1.249,-1.184,-0.065,0.628,17.5709,10,0.6,2.2181261848106475,5,0.7943571234524781,0.75,0.0,20.4,27.1,43.0,0.0,0.0,37.6,0.0,100.2749,,,30.49463056543729,False,rejected_by_pre_entry_checks,,,97.44,-2.5551,97.5,-2.4951
2026-09-28,2026-09-28T13:37:20.835122,RMBS,RAPID_DECREASE_CANDIDATE,102.985,-1.071,-1.006,-0.065,0.966,11.4677,10,1.0,3.5921187079685986,5,0.6391017039001283,0.7333333333333333,0.0,24.9,47.6,60.7,21.4,0.0,48.9,0.0,102.5468,,,35.60142209657116,False,rejected_by_pre_entry_checks,,,101.505,-1.4371,102.02,-0.937
2026-09-28,2026-09-28T13:37:20.875949,P,RAPID_DECREASE_CANDIDATE,128.535,-0.492,-0.427,-0.065,0.895,4.3801,10,0.6,4.895076230386623,5,0.5700187605349776,0.7666666666666666,0.0,39.3,42.8,34.7,0.0,0.0,46.5,0.0,129.3274,,,36.3420922483024,False,rejected_by_pre_entry_checks,,,127.37,-0.9064,126.825,-1.3304
2026-09-28,2026-09-28T13:37:20.893733,AVGO,RAPID_DECREASE_CANDIDATE,353.0,-0.315,-0.25,-0.065,0.669,0.9688,10,0.0,0.2750426898280892,5,0.41849432676739406,0.55,0.0,43.8,29.3,42.8,0.0,0.0,39.0,0.0,354.0234,51.5,SMH,34.89595359415518,False,rejected_by_pre_entry_checks,,,351.87,-0.3201,351.37,-0.4618
2026-09-28,2026-09-28T13:37:20.912767,QCOM,RAPID_DECREASE_CANDIDATE,191.88,-2.125,-2.06,-0.065,0.776,4.5028,10,0.6,1.2410526812384155,5,0.3570545026278345,0.55,0.0,0.0,35.4,10.5,0.0,0.0,42.5,0.0,194.9565,6.3,SMH,25.033256116511925,False,rejected_by_pre_entry_checks,,,187.32,-2.3765,188.54,-1.7407
2026-09-28,2026-09-28T13:37:20.934629,INTC,RAPID_DECREASE_CANDIDATE,118.605,-1.638,-1.573,-0.065,0.805,0.0506,10,0.6,1.683915415417859,5,0.7641607066296857,0.7,0.0,10.7,37.2,25.8,0.0,0.0,43.5,99.9,119.763,18.4,SMH,33.29817605737761,False,rejected_by_pre_entry_checks,,,117.35,-1.0581,118.6788,0.0622
2026-09-28,2026-09-28T13:37:24.196647,VICR,RAPID_DECREASE_CANDIDATE,278.96,-0.976,-0.911,-0.065,0.408,1.8856,8,0.4,1.3557212185800078,5,0.9227008850877633,0.7708333333333334,0.0,27.2,16.3,48.1,0.0,0.0,30.3,0.0,279.1732,,,29.545487942441156,False,rejected_by_pre_entry_checks,,,278.3,-0.2366,279.97,0.3621
2026-09-28,2026-09-28T13:37:24.293969,VIAV,RAPID_DECREASE_CANDIDATE,40.385,-1.295,-1.23,-0.065,1.011,8.7904,8,0.6,2.8844733431844105,5,0.8360244868024191,0.8,0.0,19.2,50.8,14.6,0.0,0.0,50.4,0.0,40.9653,,,32.29166537392848,False,rejected_by_pre_entry_checks,,,39.145,-3.0704,39.59,-1.9686
2026-09-28,2026-09-28T13:37:24.312742,META,RAPID_DECREASE_CANDIDATE,726.125,-0.31,-0.245,-0.065,0.677,1.0219,8,0.8,2.599886317737704,5,0.6583951049863919,0.8,0.0,43.9,29.7,41.6,0.0,0.0,39.2,0.0,728.5621,48.8,XLC,34.877111758026075,False,rejected_by_pre_entry_checks,,,721.505,-0.6363,722.715,-0.4696
2026-09-28,2026-09-28T13:37:24.331664,AEHR,RAPID_DECREASE_CANDIDATE,100.3388,-0.91,-0.845,-0.065,0.645,14.9095,8,0.6,2.2181261848106475,5,0.7943571234524781,0.75,0.0,28.9,28.0,51.7,3.5,0.0,38.2,0.0,100.2686,,,32.78430109336655,False,rejected_by_pre_entry_checks,,,97.44,-2.889,97.5,-2.8292
2026-09-28,2026-09-28T13:37:24.350030,RMBS,RAPID_DECREASE_CANDIDATE,102.995,-1.061,-0.996,-0.065,0.969,11.4666,8,1.0,3.5921187079685986,5,0.6391017039001283,0.7333333333333333,0.0,25.1,47.8,60.7,21.5,0.0,49.0,0.0,102.5541,,,35.67452049994388,False,rejected_by_pre_entry_checks,,,101.505,-1.4467,102.02,-0.9466
2026-09-28,2026-09-28T13:37:24.368893,AVGO,RAPID_DECREASE_CANDIDATE,352.9546,-0.328,-0.263,-0.065,0.686,0.969,8,0.0,0.2750426898280892,5,0.41849432676739406,0.55,0.0,43.4,30.2,42.6,0.0,0.0,39.5,0.0,354.0069,51.2,SMH,35.03585979356732,False,rejected_by_pre_entry_checks,,,351.87,-0.3073,351.37,-0.449
2026-09-28,2026-09-28T13:37:24.387166,QCOM,RAPID_DECREASE_CANDIDATE,191.785,-2.173,-2.108,-0.065,0.788,0.3233,8,0.6,1.2410526812384155,5,0.3570545026278345,0.55,0.0,0.0,36.1,9.7,0.0,0.0,42.9,39.3,194.9292,5.1,SMH,26.735964571636107,False,rejected_by_pre_entry_checks,,,187.32,-2.3281,188.54,-1.692
2026-09-28,2026-09-28T13:37:24.406821,INTC,RAPID_DECREASE_CANDIDATE,118.611,-1.633,-1.568,-0.065,0.816,0.0422,8,0.6,1.683915415417859,5,0.7641607066296857,0.7,0.0,10.8,37.8,26.2,0.0,0.0,43.9,100.0,119.7487,18.6,SMH,33.53855241023904,False,rejected_by_pre_entry_checks,,,117.35,-1.0631,118.6788,0.0572
2026-09-28,2026-09-28T13:37:27.609059,VICR,RAPID_DECREASE_CANDIDATE,279.91,-0.639,-0.574,-0.065,0.423,1.8863,10,0.4,1.3557212185800078,5,0.9227008850877633,0.7708333333333334,0.0,35.6,16.9,56.6,13.2,0.0,30.8,0.0,279.1719,,,30.534544094135825,False,rejected_by_pre_entry_checks,,,278.3,-0.5752,279.97,0.0214
2026-09-28,2026-09-28T13:37:27.626934,MXL,RAPID_DECREASE_CANDIDATE,92.176,-0.705,-0.64,-0.065,1.201,7.7244,10,0.8,4.09451630603999,5,0.3855761162613768,0.6166666666666667,0.0,34.0,65.7,37.0,0.0,0.0,56.7,0.0,92.6595,,,40.82256957594289,False,rejected_by_pre_entry_checks,,,89.0801,-3.3587,87.88,-4.6606
2026-09-28,2026-09-28T13:37:27.656163,VIAV,RAPID_DECREASE_CANDIDATE,40.56,-0.868,-0.803,-0.065,1.01,8.7525,10,0.6,2.8844733431844105,5,0.8360244868024191,0.8,0.0,29.9,50.7,25.9,0.0,0.0,50.3,0.0,40.9556,,,35.46469189360009,False,rejected_by_pre_entry_checks,,,39.145,-3.4887,39.59,-2.3915
2026-09-28,2026-09-28T13:37:27.674672,META,RAPID_DECREASE_CANDIDATE,725.925,-0.337,-0.272,-0.065,0.694,1.0221,10,0.8,2.599886317737704,5,0.6583951049863919,0.8,0.0,43.2,30.7,41.1,0.0,0.0,39.8,0.0,728.5246,48.1,XLC,34.92515592517178,False,rejected_by_pre_entry_checks,,,721.505,-0.6089,722.715,-0.4422
2026-09-28,2026-09-28T13:37:27.696964,AEHR,RAPID_DECREASE_CANDIDATE,100.25,-0.997,-0.932,-0.065,0.664,0.8479,10,0.6,2.2181261848106475,5,0.7943571234524781,0.75,0.0,26.7,29.0,49.7,0.0,0.0,38.8,0.0,100.2625,,,32.84413604592272,False,rejected_by_pre_entry_checks,,,97.44,-2.803,97.5,-2.7431
2026-09-28,2026-09-28T13:37:27.714752,RMBS,RAPID_DECREASE_CANDIDATE,102.6267,-1.415,-1.35,-0.065,0.971,11.5077,10,1.0,3.5921187079685986,5,0.6391017039001283,0.7333333333333333,0.0,16.2,47.9,51.6,3.2,0.0,49.0,0.0,102.5609,,,35.37818316052994,False,rejected_by_pre_entry_checks,,,101.505,-1.093,102.02,-0.5912
2026-09-28,2026-09-28T13:37:27.731453,P,RAPID_DECREASE_CANDIDATE,128.51,-0.511,-0.446,-0.065,0.909,0.2334,10,0.6,4.895076230386623,5,0.5700187605349776,0.7666666666666666,0.0,38.9,43.7,34.5,0.0,0.0,47.0,59.2,129.3101,,,38.91987331856879,False,rejected_by_pre_entry_checks,,,127.37,-0.8871,126.825,-1.3112
2026-09-28,2026-09-28T13:37:27.752688,AVGO,RAPID_DECREASE_CANDIDATE,352.84,-0.361,-0.296,-0.065,0.703,0.9693,10,0.0,0.2750426898280892,5,0.41849432676739406,0.55,0.0,42.6,31.2,41.9,0.0,0.0,40.1,0.0,353.9907,50.4,SMH,35.040363471816384,False,rejected_by_pre_entry_checks,,,351.87,-0.2749,351.37,-0.4166
2026-09-28,2026-09-28T13:37:27.771220,QCOM,RAPID_DECREASE_CANDIDATE,191.8,-2.165,-2.1,-0.065,0.801,4.4891,10,0.6,1.2410526812384155,5,0.3570545026278345,0.55,0.0,0.0,36.9,10.2,0.0,0.0,43.4,0.0,194.9026,5.3,SMH,25.35120578213349,False,rejected_by_pre_entry_checks,,,187.32,-2.3358,,
2026-09-28,2026-09-28T13:37:27.791763,INTC,RAPID_DECREASE_CANDIDATE,118.6688,-1.585,-1.52,-0.065,0.828,1.2303,10,0.6,1.683915415417859,5,0.7641607066296857,0.7,0.0,12.0,38.6,27.7,0.0,0.0,44.3,0.0,119.735,19.8,SMH,29.92837112319769,False,rejected_by_pre_entry_checks,,,117.35,-1.1113,118.6788,0.0084
2026-09-28,2026-09-28T13:37:31.004909,VICR,RAPID_DECREASE_CANDIDATE,279.13,-0.916,-0.851,-0.065,0.438,5.8682,9,0.4,1.3557212185800078,5,0.9227008850877633,0.7708333333333334,0.0,28.7,17.7,49.6,0.0,0.0,31.3,0.0,279.1707,,,30.342780781569008,False,rejected_by_pre_entry_checks,,,278.3,-0.2974,279.97,0.3009
2026-09-28,2026-09-28T13:37:31.026946,VIAV,RAPID_DECREASE_CANDIDATE,40.39,-1.283,-1.218,-0.065,1.009,8.7893,9,0.6,2.8844733431844105,5,0.8360244868024191,0.8,0.0,19.6,50.7,16.0,0.0,0.0,50.3,0.0,40.9461,,,32.49514081369694,False,rejected_by_pre_entry_checks,,,39.145,-3.0824,39.59,-1.9807
2026-09-28,2026-09-28T13:37:31.059274,META,RAPID_DECREASE_CANDIDATE,725.765,-0.359,-0.294,-0.065,0.712,0.1364,9,0.8,2.599886317737704,5,0.6583951049863919,0.8,0.0,42.6,31.7,40.7,0.0,0.0,40.4,80.8,728.4879,47.5,XLC,38.39231944474836,False,rejected_by_pre_entry_checks,,,721.505,-0.587,722.715,-0.4202
2026-09-28,2026-09-28T13:37:31.084253,AEHR,RAPID_DECREASE_CANDIDATE,100.035,-1.21,-1.145,-0.065,0.683,0.8297,9,0.6,2.2181261848106475,5,0.7943571234524781,0.75,0.0,21.4,30.1,44.5,0.0,0.0,39.4,0.0,100.2565,,,31.559560450247158,False,rejected_by_pre_entry_checks,,,97.44,-2.5941,97.5,-2.5341
2026-09-28,2026-09-28T13:37:31.107844,RMBS,RAPID_DECREASE_CANDIDATE,103.035,-1.023,-0.958,-0.065,0.973,6.4735,9,1.0,3.5921187079685986,5,0.6391017039001283,0.7333333333333333,0.0,26.1,48.1,61.4,22.8,0.0,49.1,0.0,102.5673,,,35.822774462563686,False,rejected_by_pre_entry_checks,,,101.505,-1.4849,102.02,-0.9851
2026-09-28,2026-09-28T13:37:31.130936,P,RAPID_DECREASE_CANDIDATE,128.4556,-0.553,-0.488,-0.065,0.916,8.9214,9,0.6,4.895076230386623,5,0.5700187605349776,0.7666666666666666,0.0,37.8,44.2,33.6,0.0,0.0,47.2,0.0,129.3017,,,36.27132341842017,False,rejected_by_pre_entry_checks,,,127.37,-0.8451,126.825,-1.2694
2026-09-28,2026-09-28T13:37:31.149744,AVGO,RAPID_DECREASE_CANDIDATE,352.7,-0.4,-0.335,-0.065,0.721,0.1021,9,0.0,0.2750426898280892,5,0.41849432676739406,0.55,0.0,41.6,32.2,41.0,0.0,0.0,40.7,88.4,353.9749,49.4,SMH,38.69580239565694,False,rejected_by_pre_entry_checks,,,351.87,-0.2353,351.37,-0.3771
2026-09-28,2026-09-28T13:37:31.167250,QCOM,RAPID_DECREASE_CANDIDATE,191.722,-2.205,-2.14,-0.065,0.815,4.5065,9,0.6,1.2410526812384155,5,0.3570545026278345,0.55,0.0,0.0,37.8,9.5,0.0,0.0,43.8,0.0,194.8768,4.3,SMH,25.462275570291663,False,rejected_by_pre_entry_checks,,,187.32,-2.296,188.54,-1.6597
2026-09-28,2026-09-28T13:37:31.183901,INTC,RAPID_DECREASE_CANDIDATE,118.558,-1.677,-1.612,-0.065,0.84,0.0337,9,0.6,1.683915415417859,5,0.7641607066296857,0.7,0.0,9.7,39.3,25.7,0.0,0.0,44.7,100.0,119.7218,17.5,SMH,33.63159651808151,False,rejected_by_pre_entry_checks,,,117.35,-1.0189,118.6788,0.1019
2026-09-28,2026-09-28T13:37:34.401787,VICR,RAPID_DECREASE_CANDIDATE,278.965,-0.974,-0.909,-0.065,0.455,5.8717,10,0.4,1.3557212185800078,5,0.9227008850877633,0.7708333333333334,0.0,27.3,18.4,48.2,0.0,0.0,31.8,0.0,279.1695,,,30.118349662994,False,rejected_by_pre_entry_checks,,,278.3,-0.2384,279.97,0.3603
2026-09-28,2026-09-28T13:37:34.419377,MXL,RAPID_DECREASE_CANDIDATE,92.505,-0.35,-0.285,-0.065,1.162,7.6969,10,0.8,4.09451630603999,5,0.3855761162613768,0.6166666666666667,0.0,42.9,62.4,46.4,0.0,0.0,55.4,0.0,92.6393,,,42.77252476085271,False,rejected_by_pre_entry_checks,,,89.0801,-3.7024,87.88,-4.9997
2026-09-28,2026-09-28T13:37:34.439718,VIAV,RAPID_DECREASE_CANDIDATE,40.39,-1.283,-1.218,-0.065,1.008,8.7893,10,0.6,2.8844733431844105,5,0.8360244868024191,0.8,0.0,19.6,50.6,16.6,0.0,0.0,50.3,0.0,40.9369,,,32.550133464912165,False,rejected_by_pre_entry_checks,,,39.145,-3.0824,39.59,-1.9807
2026-09-28,2026-09-28T13:37:34.455505,META,RAPID_DECREASE_CANDIDATE,725.7,-0.368,-0.303,-0.065,0.732,0.0524,10,0.8,2.599886317737704,5,0.6583951049863919,0.8,0.0,42.4,32.8,40.6,0.0,0.0,41.1,99.5,728.4518,47.3,XLC,39.38524696369062,False,rejected_by_pre_entry_checks,,,721.505,-0.5781,722.715,-0.4113
2026-09-28,2026-09-28T13:37:34.472462,AEHR,RAPID_DECREASE_CANDIDATE,100.235,-1.012,-0.947,-0.065,0.703,14.5358,10,0.6,2.2181261848106475,5,0.7943571234524781,0.75,0.0,26.3,31.2,49.6,0.0,0.0,40.1,0.0,100.2507,,,33.297958169828746,False,rejected_by_pre_entry_checks,,,97.44,-2.7884,97.5,-2.7286
2026-09-28,2026-09-28T13:37:34.490534,RMBS,RAPID_DECREASE_CANDIDATE,103.035,-1.023,-0.958,-0.065,0.976,11.4621,10,1.0,3.5921187079685986,5,0.6391017039001283,0.7333333333333333,0.0,26.1,48.3,61.3,22.5,0.0,49.2,0.0,102.5733,,,35.88126536663267,False,rejected_by_pre_entry_checks,,,101.505,-1.4849,102.02,-0.9851
2026-09-28,2026-09-28T13:37:34.521233,P,RAPID_DECREASE_CANDIDATE,128.53,-0.495,-0.43,-0.065,0.923,0.3346,10,0.6,4.895076230386623,5,0.5700187605349776,0.7666666666666666,0.0,39.2,44.7,35.2,0.0,0.0,47.4,36.8,129.2933,,,38.352152919090095,False,rejected_by_pre_entry_checks,,,127.37,-0.9025,126.825,-1.3265
2026-09-28,2026-09-28T13:37:34.540503,AVGO,RAPID_DECREASE_CANDIDATE,353.0,-0.315,-0.25,-0.065,0.739,2.5949,10,0.0,0.2750426898280892,5,0.41849432676739406,0.55,0.0,43.8,33.3,43.2,0.0,0.0,41.3,0.0,353.9594,51.5,SMH,35.898823513537366,False,rejected_by_pre_entry_checks,,,351.87,-0.3201,351.37,-0.4618
2026-09-28,2026-09-28T13:37:34.587999,QCOM,RAPID_DECREASE_CANDIDATE,191.838,-2.146,-2.081,-0.065,0.829,4.3631,10,0.6,1.2410526812384155,5,0.3570545026278345,0.55,0.0,0.0,38.6,11.3,0.0,0.0,44.3,0.0,194.8517,5.8,SMH,25.889571715512094,False,rejected_by_pre_entry_checks,,,187.32,-2.3551,188.54,-1.7192
2026-09-28,2026-09-28T13:37:34.604695,INTC,RAPID_DECREASE_CANDIDATE,118.66,-1.592,-1.527,-0.065,0.853,1.2304,10,0.6,1.683915415417859,5,0.7641607066296857,0.7,0.0,11.8,40.1,28.1,0.0,0.0,45.1,0.0,119.709,19.6,SMH,30.30240144293776,False,rejected_by_pre_entry_checks,,,117.35,-1.104,118.6788,0.0158
2026-09-28,2026-09-28T13:37:37.853888,MXL,RAPID_DECREASE_CANDIDATE,92.505,-0.35,-0.285,-0.065,1.143,1.0594,9,0.8,4.09451630603999,5,0.3855761162613768,0.6166666666666667,0.0,42.9,60.9,46.6,0.0,0.0,54.8,0.0,92.6296,,,42.47370256345884,False,rejected_by_pre_entry_checks,,,89.0801,-3.7024,87.88,-4.9997
2026-09-28,2026-09-28T13:37:37.869509,VIAV,RAPID_DECREASE_CANDIDATE,40.1137,-1.958,-1.893,-0.065,1.008,8.8498,9,0.6,2.8844733431844105,5,0.8360244868024191,0.8,0.0,2.7,50.5,0.3,0.0,0.0,50.3,0.0,40.928,,,27.685447985725865,False,rejected_by_pre_entry_checks,,,39.145,-2.4149,39.59,-1.3055
2026-09-28,2026-09-28T13:37:37.888891,META,RAPID_DECREASE_CANDIDATE,725.81,-0.353,-0.288,-0.065,0.752,1.0347,9,0.8,2.599886317737704,5,0.6583951049863919,0.8,0.0,42.8,34.0,41.1,0.0,0.0,41.7,0.0,728.4164,47.7,XLC,35.643690754861005,False,rejected_by_pre_entry_checks,,,721.505,-0.5931,722.715,-0.4264
2026-09-28,2026-09-28T13:37:37.910929,AEHR,RAPID_DECREASE_CANDIDATE,100.235,-1.012,-0.947,-0.065,0.725,14.5358,9,0.6,2.2181261848106475,5,0.7943571234524781,0.75,0.0,26.3,32.4,49.8,0.0,0.0,40.8,0.0,100.245,,,33.61060523050113,False,rejected_by_pre_entry_checks,,,97.44,-2.7884,97.5,-2.7286
2026-09-28,2026-09-28T13:37:37.929028,RMBS,RAPID_DECREASE_CANDIDATE,103.03,-1.028,-0.963,-0.065,0.978,11.4627,9,1.0,3.5921187079685986,5,0.6391017039001283,0.7333333333333333,0.0,25.9,48.4,61.0,22.0,0.0,49.3,0.0,102.5789,,,35.92908583005891,False,rejected_by_pre_entry_checks,,,101.505,-1.4802,102.02,-0.9803
2026-09-28,2026-09-28T13:37:37.944636,P,RAPID_DECREASE_CANDIDATE,128.5947,-0.445,-0.38,-0.065,0.93,0.3344,9,0.6,4.895076230386623,5,0.5700187605349776,0.7666666666666666,0.0,40.5,45.1,36.7,0.0,0.0,47.7,36.8,129.285,,,38.84807491084858,False,rejected_by_pre_entry_checks,,,127.37,-0.9524,126.825,-1.3762
2026-09-28,2026-09-28T13:37:37.962893,QCOM,RAPID_DECREASE_CANDIDATE,191.6383,-2.248,-2.183,-0.065,0.843,4.4302,9,0.6,1.2410526812384155,5,0.3570545026278345,0.55,0.0,0.0,39.5,9.1,0.0,0.0,44.8,0.0,194.8272,3.2,SMH,25.81614329662346,False,rejected_by_pre_entry_checks,,,187.32,-2.2534,188.54,-1.6167
2026-09-28,2026-09-28T13:37:37.980199,INTC,RAPID_DECREASE_CANDIDATE,118.6629,-1.59,-1.525,-0.065,0.865,0.7332,9,0.6,1.683915415417859,5,0.7641607066296857,0.7,0.0,11.9,40.9,28.4,0.0,0.0,45.5,0.0,119.6967,19.7,SMH,30.535353550290896,False,rejected_by_pre_entry_checks,,,117.35,-1.1064,118.6788,0.0134
2026-09-28,2026-09-28T13:37:41.202045,VICR,RAPID_DECREASE_CANDIDATE,280.86,-0.302,-0.237,-0.065,0.464,1.8657,8,0.4,1.3557212185800078,5,0.9227008850877633,0.7708333333333334,0.0,44.1,18.9,65.2,30.3,0.0,32.1,0.0,279.1672,,,31.36048933059319,False,rejected_by_pre_entry_checks,,,278.3,-0.9115,279.97,-0.3169
2026-09-28,2026-09-28T13:37:41.218633,VIAV,RAPID_DECREASE_CANDIDATE,40.1137,-1.958,-1.893,-0.065,1.007,8.8498,8,0.6,2.8844733431844105,5,0.8360244868024191,0.8,0.0,2.7,50.5,0.8,0.0,0.0,50.2,0.0,40.9192,,,27.736665931174848,False,rejected_by_pre_entry_checks,,,39.145,-2.4149,39.59,-1.3055
2026-09-28,2026-09-28T13:37:41.236497,META,RAPID_DECREASE_CANDIDATE,726.0,-0.327,-0.262,-0.065,0.773,0.9931,8,0.8,2.599886317737704,5,0.6583951049863919,0.8,0.0,43.5,35.2,41.8,0.0,0.0,42.4,0.0,728.3817,48.3,XLC,36.145012992998126,False,rejected_by_pre_entry_checks,,,721.505,-0.6191,722.715,-0.4525
2026-09-28,2026-09-28T13:37:41.254567,AEHR,RAPID_DECREASE_CANDIDATE,100.24,-1.007,-0.942,-0.065,0.747,14.5351,8,0.6,2.2181261848106475,5,0.7943571234524781,0.75,0.0,26.5,33.7,50.0,0.0,0.0,41.6,0.0,100.2395,,,33.97245479522414,False,rejected_by_pre_entry_checks,,,97.44,-2.7933,97.5,-2.7334
2026-09-28,2026-09-28T13:37:41.272466,RMBS,RAPID_DECREASE_CANDIDATE,103.02,-1.037,-0.972,-0.065,0.98,11.4638,8,1.0,3.5921187079685986,5,0.6391017039001283,0.7333333333333333,0.0,25.7,48.6,60.6,21.2,0.0,49.3,0.0,102.5842,,,35.974663639021685,False,rejected_by_pre_entry_checks,,,101.505,-1.4706,102.02,-0.9707
2026-09-28,2026-09-28T13:37:41.292621,AVGO,RAPID_DECREASE_CANDIDATE,352.925,-0.337,-0.272,-0.065,0.78,3.1508,8,0.0,0.2750426898280892,5,0.41849432676739406,0.55,0.0,43.2,35.6,42.9,0.0,0.0,42.7,0.0,353.9294,51.0,SMH,36.336141560261936,False,rejected_by_pre_entry_checks,,,351.87,-0.2989,351.37,-0.4406
2026-09-28,2026-09-28T13:37:41.308041,QCOM,RAPID_DECREASE_CANDIDATE,191.64,-2.247,-2.182,-0.065,0.858,7.8167,8,0.6,1.2410526812384155,5,0.3570545026278345,0.55,0.0,0.0,40.5,9.4,0.0,0.0,45.3,0.0,194.8035,3.2,SMH,26.076012992538043,False,rejected_by_pre_entry_checks,,,187.32,-2.2542,188.54,-1.6176
2026-09-28,2026-09-28T13:37:41.323880,INTC,RAPID_DECREASE_CANDIDATE,118.71,-1.551,-1.486,-0.065,0.878,0.059,8,0.6,1.683915415417859,5,0.7641607066296857,0.7,0.0,12.9,41.7,29.6,0.0,0.0,45.9,98.0,119.6847,20.6,SMH,35.12991095004899,False,rejected_by_pre_entry_checks,,,117.35,-1.1456,118.6788,-0.0263
2026-09-28,2026-09-28T13:37:44.580637,VICR,RAPID_DECREASE_CANDIDATE,278.97,-0.973,-0.908,-0.065,0.468,1.8783,9,0.4,1.3557212185800078,5,0.9227008850877633,0.7708333333333334,0.0,27.3,19.1,48.2,0.0,0.0,32.3,0.0,279.166,,,30.293438304264775,False,rejected_by_pre_entry_checks,,,278.3,-0.2402,279.97,0.3585
2026-09-28,2026-09-28T13:37:44.599063,MXL,RAPID_DECREASE_CANDIDATE,92.52,-0.334,-0.269,-0.065,1.108,1.0376,9,0.8,4.09451630603999,5,0.3855761162613768,0.6166666666666667,0.0,43.3,58.1,47.5,0.0,0.0,53.6,0.0,92.6109,,,42.038398175024035,False,rejected_by_pre_entry_checks,,,89.0801,-3.718,87.88,-5.0151
2026-09-28,2026-09-28T13:37:44.618437,VIAV,RAPID_DECREASE_CANDIDATE,40.43,-1.185,-1.12,-0.065,1.006,8.7806,9,0.6,2.8844733431844105,5,0.8360244868024191,0.8,0.0,22.0,50.4,20.6,0.0,0.0,50.2,0.0,40.9107,,,33.42324439581537,False,rejected_by_pre_entry_checks,,,39.145,-3.1783,39.59,-2.0777
2026-09-28,2026-09-28T13:37:44.635437,META,RAPID_DECREASE_CANDIDATE,725.95,-0.334,-0.269,-0.065,0.796,1.0331,9,0.8,2.599886317737704,5,0.6583951049863919,0.8,0.0,43.3,36.6,41.8,0.0,0.0,43.2,0.0,728.3476,48.1,XLC,36.42997287530897,False,rejected_by_pre_entry_checks,,,721.505,-0.6123,722.715,-0.4456
2026-09-28,2026-09-28T13:37:44.654408,AEHR,RAPID_DECREASE_CANDIDATE,100.235,-1.012,-0.947,-0.065,0.772,14.5358,9,0.6,2.2181261848106475,5,0.7943571234524781,0.75,0.0,26.3,35.2,50.0,0.0,0.0,42.4,0.0,100.234,,,34.29289197879468,False,rejected_by_pre_entry_checks,,,97.44,-2.7884,97.5,-2.7286
2026-09-28,2026-09-28T13:37:44.673723,RMBS,RAPID_DECREASE_CANDIDATE,102.785,-1.263,-1.198,-0.065,0.983,11.49,9,1.0,3.5921187079685986,5,0.6391017039001283,0.7333333333333333,0.0,20.1,48.8,54.8,9.5,0.0,49.4,0.0,102.5893,,,35.80489762600161,False,rejected_by_pre_entry_checks,,,101.505,-1.2453,102.02,-0.7443
2026-09-28,2026-09-28T13:37:44.698619,AVGO,RAPID_DECREASE_CANDIDATE,352.95,-0.329,-0.264,-0.065,0.802,3.1506,9,0.0,0.2750426898280892,5,0.41849432676739406,0.55,0.0,43.4,37.0,43.2,0.0,0.0,43.4,0.0,353.9149,51.2,SMH,36.71722122311074,False,rejected_by_pre_entry_checks,,,351.87,-0.306,351.37,-0.4477
2026-09-28,2026-09-28T13:37:44.714891,QCOM,RAPID_DECREASE_CANDIDATE,191.62,-2.257,-2.192,-0.065,0.874,7.8176,9,0.6,1.2410526812384155,5,0.3570545026278345,0.55,0.0,0.0,41.4,9.4,0.0,0.0,45.8,0.0,194.7803,3.0,SMH,26.311929515763758,False,rejected_by_pre_entry_checks,,,187.32,-2.244,188.54,-1.6073
2026-09-28,2026-09-28T13:37:44.732432,INTC,RAPID_DECREASE_CANDIDATE,118.56,-1.675,-1.61,-0.065,0.892,0.059,9,0.6,1.683915415417859,5,0.7641607066296857,0.7,0.0,9.8,42.6,26.7,0.0,0.0,46.4,98.0,119.6731,17.5,SMH,34.45640735881832,False,rejected_by_pre_entry_checks,,,117.35,-1.0206,118.6788,0.1002
2026-09-28,2026-09-28T13:37:48.010321,VICR,RAPID_DECREASE_CANDIDATE,278.97,-0.973,-0.908,-0.065,0.473,1.8783,8,0.4,1.3557212185800078,5,0.9227008850877633,0.7708333333333334,0.0,27.3,19.3,48.3,0.0,0.0,32.4,0.0,279.165,,,30.352944774754103,False,rejected_by_pre_entry_checks,,,278.3,-0.2402,279.97,0.3585
2026-09-28,2026-09-28T13:37:48.028496,VIAV,RAPID_DECREASE_CANDIDATE,40.43,-1.185,-1.12,-0.065,1.005,8.7806,8,0.6,2.8844733431844105,5,0.8360244868024191,0.8,0.0,22.0,50.4,21.1,0.0,0.0,50.2,0.0,40.9024,,,33.47189205110271,False,rejected_by_pre_entry_checks,,,39.145,-3.1783,39.59,-2.0777
2026-09-28,2026-09-28T13:37:48.046564,META,RAPID_DECREASE_CANDIDATE,725.34,-0.417,-0.352,-0.065,0.82,1.0754,8,0.8,2.599886317737704,5,0.6583951049863919,0.8,0.0,41.2,38.0,39.8,0.0,0.0,44.0,0.0,728.3141,46.1,XLC,36.17984570971137,False,rejected_by_pre_entry_checks,,,721.505,-0.5287,722.715,-0.3619
2026-09-28,2026-09-28T13:37:48.064751,AEHR,RAPID_DECREASE_CANDIDATE,100.14,-1.106,-1.041,-0.065,0.798,17.5454,8,0.6,2.2181261848106475,5,0.7943571234524781,0.75,0.0,24.0,36.7,47.8,0.0,0.0,43.3,0.0,100.2287,,,33.99549326762795,False,rejected_by_pre_entry_checks,,,97.44,-2.6962,97.5,-2.6363
2026-09-28,2026-09-28T13:37:48.082890,RMBS,RAPID_DECREASE_CANDIDATE,102.5252,-1.513,-1.448,-0.065,0.985,11.5191,8,1.0,3.5921187079685986,5,0.6391017039001283,0.7333333333333333,0.0,13.8,49.0,48.3,0.0,0.0,49.5,0.0,102.594,,,35.186582906108576,False,rejected_by_pre_entry_checks,,,101.505,-0.9951,102.02,-0.4928
2026-09-28,2026-09-28T13:37:48.101255,AVGO,RAPID_DECREASE_CANDIDATE,352.86,-0.355,-0.29,-0.065,0.825,3.1514,8,0.0,0.2750426898280892,5,0.41849432676739406,0.55,0.0,42.8,38.4,42.6,0.0,0.0,44.2,0.0,353.9006,50.5,SMH,36.87610813542858,False,rejected_by_pre_entry_checks,,,351.87,-0.2806,351.37,-0.4223
2026-09-28,2026-09-28T13:37:48.121622,QCOM,RAPID_DECREASE_CANDIDATE,191.5575,-2.289,-2.224,-0.065,0.89,7.8201,8,0.6,1.2410526812384155,5,0.3570545026278345,0.55,0.0,0.0,42.5,8.9,0.0,0.0,46.3,0.0,194.7578,2.2,SMH,26.486955547803323,False,rejected_by_pre_entry_checks,,,187.32,-2.2121,188.54,-1.5752
2026-09-28,2026-09-28T13:37:48.139832,INTC,RAPID_DECREASE_CANDIDATE,118.5921,-1.649,-1.584,-0.065,0.906,0.0422,8,0.6,1.683915415417859,5,0.7641607066296857,0.7,0.0,10.4,43.5,27.6,0.0,0.0,46.9,100.0,119.6619,18.2,SMH,34.97208297695748,False,rejected_by_pre_entry_checks,,,117.35,-1.0474,118.6788,0.0731
2026-09-28,2026-09-28T13:37:51.420630,VICR,RAPID_DECREASE_CANDIDATE,280.055,-0.587,-0.522,-0.065,0.519,1.8711,9,0.4,1.3557212185800078,5,0.9227008850877633,0.7708333333333334,0.0,37.0,21.5,58.0,16.0,0.0,34.0,0.0,279.1639,,,31.74039107809271,False,rejected_by_pre_entry_checks,,,278.3,-0.6267,279.97,-0.0304
2026-09-28,2026-09-28T13:37:51.439069,MXL,RAPID_DECREASE_CANDIDATE,92.46,-0.399,-0.334,-0.065,1.075,15.2715,9,0.8,4.09451630603999,5,0.3855761162613768,0.6166666666666667,0.0,41.6,55.5,46.4,0.0,0.0,52.5,0.0,92.5932,,,41.05927347572686,False,rejected_by_pre_entry_checks,,,89.0801,-3.6555,87.88,-4.9535
2026-09-28,2026-09-28T13:37:51.456510,VIAV,RAPID_DECREASE_CANDIDATE,40.43,-1.185,-1.12,-0.065,1.004,8.7806,9,0.6,2.8844733431844105,5,0.8360244868024191,0.8,0.0,22.0,50.3,21.6,0.0,0.0,50.1,0.0,40.8942,,,33.519079290185026,False,rejected_by_pre_entry_checks,,,39.145,-3.1783,39.59,-2.0777
2026-09-28,2026-09-28T13:37:51.473567,META,RAPID_DECREASE_CANDIDATE,724.21,-0.573,-0.508,-0.065,0.845,1.2262,9,0.8,2.599886317737704,5,0.6583951049863919,0.8,0.0,37.3,39.6,36.0,0.0,0.0,44.8,0.0,728.2812,42.2,XLC,35.42650775373593,False,rejected_by_pre_entry_checks,,,721.505,-0.3735,722.715,-0.2064
2026-09-28,2026-09-28T13:37:51.496336,AEHR,RAPID_DECREASE_CANDIDATE,100.1006,-1.145,-1.08,-0.065,0.826,17.5523,9,0.6,2.2181261848106475,5,0.7943571234524781,0.75,0.0,23.0,38.4,46.9,0.0,0.0,44.2,0.0,100.2235,,,34.12659940715124,False,rejected_by_pre_entry_checks,,,97.44,-2.6579,97.5,-2.598
2026-09-28,2026-09-28T13:37:51.512266,RMBS,RAPID_DECREASE_CANDIDATE,102.78,-1.268,-1.203,-0.065,0.988,11.4906,9,1.0,3.5921187079685986,5,0.6391017039001283,0.7333333333333333,0.0,19.9,49.1,54.4,8.8,0.0,49.6,0.0,102.5985,,,35.90532542442647,False,rejected_by_pre_entry_checks,,,101.505,-1.2405,102.02,-0.7394
2026-09-28,2026-09-28T13:37:51.531218,AVGO,RAPID_DECREASE_CANDIDATE,352.895,-0.345,-0.28,-0.065,0.85,0.1105,9,0.0,0.2750426898280892,5,0.41849432676739406,0.55,0.0,43.0,39.9,43.0,0.0,0.0,45.0,86.6,353.8867,50.8,SMH,40.92911126431807,False,rejected_by_pre_entry_checks,,,351.87,-0.2905,351.37,-0.4321
2026-09-28,2026-09-28T13:37:51.574885,QCOM,RAPID_DECREASE_CANDIDATE,191.6775,-2.228,-2.163,-0.065,0.906,0.3391,9,0.6,1.2410526812384155,5,0.3570545026278345,0.55,0.0,0.0,43.6,10.7,0.0,0.0,46.9,35.8,194.7359,3.7,SMH,28.452622761725006,False,rejected_by_pre_entry_checks,,,187.32,-2.2733,188.54,-1.6369
2026-09-28,2026-09-28T13:37:51.594844,INTC,RAPID_DECREASE_CANDIDATE,118.59,-1.65,-1.585,-0.065,0.92,0.0506,9,0.6,1.683915415417859,5,0.7641607066296857,0.7,0.0,10.4,44.5,27.8,0.0,0.0,47.3,99.9,119.6511,18.1,SMH,35.2028844668871,False,rejected_by_pre_entry_checks,,,117.35,-1.0456,118.6788,0.0749
2026-09-28,2026-09-28T13:37:54.827053,VIAV,RAPID_DECREASE_CANDIDATE,40.43,-1.185,-1.12,-0.065,1.003,8.7806,7,0.6,2.8844733431844105,5,0.8360244868024191,0.8,0.0,22.0,50.2,22.1,0.0,0.0,50.1,0.0,40.8863,,,33.5648579825832,False,rejected_by_pre_entry_checks,,,39.145,-3.1783,39.59,-2.0777
2026-09-28,2026-09-28T13:37:54.844320,META,RAPID_DECREASE_CANDIDATE,724.6726,-0.509,-0.444,-0.065,0.872,1.2102,7,0.8,2.599886317737704,5,0.6583951049863919,0.8,0.0,38.9,41.3,37.7,0.0,0.0,45.7,0.0,728.2489,43.8,XLC,36.30410370821011,False,rejected_by_pre_entry_checks,,,721.505,-0.4371,722.715,-0.2701
2026-09-28,2026-09-28T13:37:54.862783,AEHR,RAPID_DECREASE_CANDIDATE,100.4054,-0.844,-0.779,-0.065,0.855,17.4991,7,0.6,2.2181261848106475,5,0.7943571234524781,0.75,0.0,30.5,40.3,54.7,9.3,0.0,45.2,0.0,100.2185,,,35.61329328778143,False,rejected_by_pre_entry_checks,,,97.44,-2.9534,97.5,-2.8937
2026-09-28,2026-09-28T13:37:54.881814,RMBS,RAPID_DECREASE_CANDIDATE,102.78,-1.268,-1.203,-0.065,0.99,11.4906,7,1.0,3.5921187079685986,5,0.6391017039001283,0.7333333333333333,0.0,19.9,49.3,54.3,8.6,0.0,49.7,0.0,102.6028,,,35.955461949522174,False,rejected_by_pre_entry_checks,,,101.505,-1.2405,102.02,-0.7394
2026-09-28,2026-09-28T13:37:54.899939,AVGO,RAPID_DECREASE_CANDIDATE,352.746,-0.387,-0.322,-0.065,0.876,0.6208,7,0.0,0.2750426898280892,5,0.41849432676739406,0.55,0.0,42.0,41.6,42.0,0.0,0.0,45.9,0.0,353.873,49.7,SMH,37.41551263564653,False,rejected_by_pre_entry_checks,,,351.87,-0.2483,351.37,-0.3901
2026-09-28,2026-09-28T13:37:54.925931,QCOM,RAPID_DECREASE_CANDIDATE,192.195,-1.964,-1.899,-0.065,0.924,3.8242,7,0.6,1.2410526812384155,5,0.3570545026278345,0.55,0.0,2.5,44.7,17.7,0.0,0.0,47.5,0.0,194.7145,10.3,SMH,28.514546183144827,False,rejected_by_pre_entry_checks,,,187.32,-2.5365,188.54,-1.9017
2026-09-28,2026-09-28T13:37:54.971735,INTC,RAPID_DECREASE_CANDIDATE,118.62,-1.625,-1.56,-0.065,0.935,1.1971,7,0.6,1.683915415417859,5,0.7641607066296857,0.7,0.0,11.0,45.5,28.7,0.0,0.0,47.8,0.0,119.6405,18.8,SMH,31.48079053232492,False,rejected_by_pre_entry_checks,,,117.35,-1.0706,118.6788,0.0496
2026-09-28,2026-09-28T13:37:58.290615,MXL,RAPID_DECREASE_CANDIDATE,92.1981,-0.681,-0.616,-0.065,1.044,15.2606,9,0.8,4.09451630603999,5,0.3855761162613768,0.6166666666666667,0.0,34.6,53.2,39.8,0.0,0.0,51.5,0.0,92.5763,,,38.53610374388362,False,rejected_by_pre_entry_checks,,,89.0801,-3.3818,87.65,-4.933
2026-09-28,2026-09-28T13:37:58.334518,VIAV,RAPID_DECREASE_CANDIDATE,40.4197,-1.211,-1.146,-0.065,1.003,8.7828,9,0.6,2.8844733431844105,5,0.8360244868024191,0.8,0.0,21.3,50.2,21.9,0.0,0.0,50.1,0.0,40.8785,,,33.42637157492247,False,rejected_by_pre_entry_checks,,,39.145,-3.1537,39.68,-1.83
2026-09-28,2026-09-28T13:37:58.352230,META,RAPID_DECREASE_CANDIDATE,724.98,-0.467,-0.402,-0.065,0.901,0.1807,9,0.8,2.599886317737704,5,0.6583951049863919,0.8,0.0,40.0,43.2,38.9,0.0,0.0,46.7,71.0,728.2172,44.8,XLC,40.0139467131456,False,rejected_by_pre_entry_checks,,,721.505,-0.4793,721.44,-0.4883
2026-09-28,2026-09-28T13:37:58.368515,AEHR,RAPID_DECREASE_CANDIDATE,100.26,-0.988,-0.923,-0.065,0.888,17.5244,9,0.6,2.2181261848106475,5,0.7943571234524781,0.75,0.0,26.9,42.3,51.2,2.3,0.0,46.3,0.0,100.2135,,,35.93173451692318,False,rejected_by_pre_entry_checks,,,97.44,-2.8127,97.78,-2.4736
2026-09-28,2026-09-28T13:37:58.386781,RMBS,RAPID_DECREASE_CANDIDATE,102.8,-1.249,-1.184,-0.065,0.993,11.4883,9,1.0,3.5921187079685986,5,0.6391017039001283,0.7333333333333333,0.0,20.4,49.5,54.7,9.4,0.0,49.8,0.0,102.6068,,,36.02756607157419,False,rejected_by_pre_entry_checks,,,101.505,-1.2597,102.095,-0.6858
2026-09-28,2026-09-28T13:37:58.403589,IONQ,RAPID_DECREASE_CANDIDATE,46.895,-0.308,-0.243,-0.065,0.999,0.1066,9,0.4,1.745455670125286,5,0.5065660697769507,0.7,0.0,43.9,49.9,60.6,21.3,0.0,50.0,87.4,46.6961,38.1,ARKK,42.94896168373952,False,rejected_by_pre_entry_checks,,,46.97,0.1599,47.4,1.0769
2026-09-28,2026-09-28T13:37:58.423754,AVGO,RAPID_DECREASE_CANDIDATE,352.8269,-0.364,-0.299,-0.065,0.904,0.1899,9,0.0,0.2750426898280892,5,0.41849432676739406,0.55,0.0,42.5,43.4,42.7,0.0,0.0,46.8,68.9,353.8596,50.3,SMH,40.88606603847922,False,rejected_by_pre_entry_checks,,,351.87,-0.2712,351.27,-0.4413
2026-09-28,2026-09-28T13:37:58.442366,QCOM,RAPID_DECREASE_CANDIDATE,192.2025,-1.96,-1.895,-0.065,0.942,3.8241,9,0.6,1.2410526812384155,5,0.3570545026278345,0.55,0.0,2.6,45.9,18.0,0.0,0.0,48.1,0.0,194.6937,10.4,SMH,28.853238506392554,False,rejected_by_pre_entry_checks,,,187.32,-2.5403,188.4,-1.9784
2026-09-28,2026-09-28T13:37:58.459643,INTC,RAPID_DECREASE_CANDIDATE,118.55,-1.684,-1.619,-0.065,0.951,0.0506,9,0.6,1.683915415417859,5,0.7641607066296857,0.7,0.0,9.5,46.6,27.4,0.0,0.0,48.4,99.9,119.6303,17.3,SMH,35.48072756555908,False,rejected_by_pre_entry_checks,,,117.35,-1.0122,118.82,0.2278
2026-09-28,2026-09-28T13:38:02.225768,TWST,RAPID_DECREASE_CANDIDATE,181.734,-0.324,-0.269,-0.055,0.216,14.3066,8,0.8,2.5386757223673873,5,0.8627782041442819,0.9,0.0,43.3,49.5,53.8,7.6,0.0,23.9,0.0,181.4595,,,36.724497332301475,False,rejected_by_pre_entry_checks,,,182.5,0.4215,182.8323,0.6043
2026-09-28,2026-09-28T13:38:02.244182,META,RAPID_DECREASE_CANDIDATE,724.35,-0.343,-0.288,-0.055,1.042,1.4013,8,0.8,2.599886317737704,5,0.6583951049863919,0.8,0.0,42.8,46.2,36.8,0.0,0.0,51.4,0.0,728.1832,44.1,XLC,38.36221698204227,False,rejected_by_pre_entry_checks,,,722.1341,-0.3059,721.44,-0.4017
2026-09-28,2026-09-28T13:38:02.280167,AEHR,RAPID_DECREASE_CANDIDATE,100.0,-0.461,-0.406,-0.055,0.642,0.84,8,0.6,2.2181261848106475,5,0.7943571234524781,0.75,0.0,39.9,42.3,44.7,0.0,0.0,38.1,0.0,100.2128,,,36.53309331472196,False,rejected_by_pre_entry_checks,,,97.79,-2.21,97.78,-2.22
2026-09-28,2026-09-28T13:38:02.303435,RMBS,RAPID_DECREASE_CANDIDATE,102.855,-0.69,-0.635,-0.055,0.352,11.4822,8,1.0,3.5921187079685986,5,0.6391017039001283,0.7333333333333333,0.0,34.1,44.2,56.0,12.0,0.0,28.4,0.0,102.6087,,,34.60428802891569,False,rejected_by_pre_entry_checks,,,101.7,-1.1229,102.095,-0.7389
2026-09-28,2026-09-28T13:38:02.327760,AVGO,RAPID_DECREASE_CANDIDATE,352.408,-0.373,-0.318,-0.055,1.504,0.4852,8,0.0,0.2750426898280892,5,0.41849432676739406,0.55,0.0,42.0,50.4,39.9,0.0,0.0,66.8,3.3,353.8424,45.2,SMH,41.38217833011022,False,rejected_by_pre_entry_checks,,,352.0022,-0.1152,351.27,-0.3229
2026-09-28,2026-09-28T13:38:02.352053,DDOG,RAPID_DECREASE_CANDIDATE,261.32,-1.036,-0.981,-0.055,0.135,5.4416,8,0.6,2.713960659874693,5,0.4853969231764719,0.6666666666666667,0.0,25.5,42.3,39.7,0.0,0.0,21.2,0.0,262.404,26.6,XLK,31.403269901196154,False,rejected_by_pre_entry_checks,,,264.41,1.1825,266.87,2.1238
2026-09-28,2026-09-28T13:38:02.391943,QCOM,RAPID_DECREASE_CANDIDATE,192.2199,-0.974,-0.919,-0.055,1.479,0.4786,8,0.6,1.2410526812384155,5,0.3570545026278345,0.55,0.0,27.0,51.8,18.9,0.0,0.0,66.0,4.8,194.6422,30.2,SMH,36.4435728294003,False,rejected_by_pre_entry_checks,,,187.565,-2.4217,188.4,-1.9873
2026-09-28,2026-09-28T13:38:02.435625,INTC,RAPID_DECREASE_CANDIDATE,118.482,-1.1,-1.045,-0.055,0.554,0.1519,8,0.6,1.683915415417859,5,0.7641607066296857,0.7,0.0,23.9,44.2,26.2,0.0,0.0,35.1,77.4,119.6224,27.0,SMH,34.72528602398846,False,rejected_by_pre_entry_checks,,,117.5901,-0.7528,118.82,0.2853
2026-09-28,2026-09-28T13:38:06.009739,META,RAPID_DECREASE_CANDIDATE,724.2,-0.363,-0.308,-0.055,1.072,1.4015,7,0.8,2.599886317737704,5,0.6583951049863919,0.8,0.0,42.3,49.5,36.4,0.0,0.0,52.4,0.0,728.1499,43.6,XLC,38.901454900873354,False,rejected_by_pre_entry_checks,,,722.1341,-0.2853,721.44,-0.3811
2026-09-28,2026-09-28T13:38:06.026205,AEHR,RAPID_DECREASE_CANDIDATE,100.11,-0.352,-0.297,-0.055,0.679,0.8191,7,0.6,2.2181261848106475,5,0.7943571234524781,0.75,0.0,42.6,42.2,47.5,0.0,0.0,39.3,0.0,100.2121,,,37.47643632456341,False,rejected_by_pre_entry_checks,,,97.79,-2.3175,97.78,-2.3274
2026-09-28,2026-09-28T13:38:06.092208,RMBS,RAPID_DECREASE_CANDIDATE,102.66,-0.878,-0.823,-0.055,0.365,7.0037,7,1.0,3.5921187079685986,5,0.6391017039001283,0.7333333333333333,0.0,29.4,38.9,51.2,2.4,0.0,28.8,0.0,102.6106,,,33.590212049073564,True,,,,101.7,-0.9351,102.095,-0.5504
2026-09-28,2026-09-28T13:38:06.144920,AVGO,RAPID_DECREASE_CANDIDATE,352.544,-0.335,-0.28,-0.055,1.508,0.4765,7,0.0,0.2750426898280892,5,0.41849432676739406,0.55,0.0,43.0,58.1,40.9,0.0,0.0,66.9,5.2,353.8258,46.2,SMH,43.04852508241367,True,,,,352.0022,-0.1537,351.27,-0.3614
2026-09-28,2026-09-28T13:38:06.199697,DDOG,RAPID_DECREASE_CANDIDATE,262.8318,-0.464,-0.409,-0.055,0.142,11.0717,7,0.6,2.713960659874693,5,0.4853969231764719,0.6666666666666667,0.0,39.8,35.3,54.1,8.2,0.0,21.4,0.0,262.4035,41.0,XLK,33.43119062839519,True,,,,264.41,0.6005,266.87,1.5364
2026-09-28,2026-09-28T13:38:06.218316,QCOM,RAPID_DECREASE_CANDIDATE,192.14,-1.015,-0.96,-0.055,1.468,3.8253,7,0.6,1.2410526812384155,5,0.3570545026278345,0.55,0.0,26.0,58.0,18.5,0.0,0.0,65.6,0.0,194.5927,29.2,SMH,37.013507279685754,False,rejected_by_pre_entry_checks,,,187.565,-2.3811,188.4,-1.9465
2026-09-28,2026-09-28T13:38:06.235591,INTC,RAPID_DECREASE_CANDIDATE,118.44,-1.135,-1.08,-0.055,0.577,0.0507,7,0.6,1.683915415417859,5,0.7641607066296857,0.7,0.0,23.0,41.7,25.5,0.0,0.0,35.9,99.8,119.6145,26.2,SMH,35.105717775865216,False,rejected_by_pre_entry_checks,,,117.5901,-0.7176,118.82,0.3208
2026-09-28,2026-09-28T13:38:09.598309,META,RAPID_DECREASE_CANDIDATE,723.735,-0.427,-0.372,-0.055,1.104,0.1672,4,0.8,2.599886317737704,5,0.6583951049863919,0.8,0.0,40.7,53.1,35.0,0.0,0.0,53.5,74.0,728.1172,42.0,XLC,42.269129809431284,False,rejected_by_pre_entry_checks,,,722.1341,-0.2212,721.44,-0.3171
2026-09-28,2026-09-28T13:38:09.621915,AEHR,RAPID_DECREASE_CANDIDATE,99.8775,-0.583,-0.528,-0.055,0.72,0.821,4,0.6,2.2181261848106475,5,0.7943571234524781,0.75,0.0,36.8,42.1,41.7,0.0,0.0,40.7,0.0,100.2114,,,35.95045968931842,False,rejected_by_pre_entry_checks,,,97.79,-2.0901,97.78,-2.1001
2026-09-28,2026-09-28T13:38:09.642195,QCOM,RAPID_DECREASE_CANDIDATE,191.725,-1.229,-1.174,-0.055,1.456,0.5111,4,0.6,1.2410526812384155,5,0.3570545026278345,0.55,0.0,20.6,64.6,13.8,0.0,0.0,65.2,0.0,194.5451,23.8,SMH,36.576357383466245,False,rejected_by_pre_entry_checks,,,187.565,-2.1698,188.4,-1.7343
2026-09-28,2026-09-28T13:38:09.660680,INTC,RAPID_DECREASE_CANDIDATE,118.55,-1.043,-0.988,-0.055,0.601,0.0337,4,0.6,1.683915415417859,5,0.7641607066296857,0.7,0.0,25.3,39.0,27.9,0.0,0.0,36.7,100.0,119.6068,28.5,SMH,35.465104299964615,False,rejected_by_pre_entry_checks,,,117.5901,-0.8097,118.82,0.2278
2026-09-28,2026-09-28T13:38:13.179317,META,RAPID_DECREASE_CANDIDATE,723.44,-0.468,-0.413,-0.055,1.097,0.2184,4,0.8,2.599886317737704,5,0.6583951049863919,0.8,0.0,39.7,54.1,34.1,0.0,0.0,53.2,62.6,728.0851,41.0,XLC,41.65492864264935,False,rejected_by_pre_entry_checks,,,722.1341,-0.1805,721.44,-0.2765
2026-09-28,2026-09-28T13:38:13.197588,AEHR,RAPID_DECREASE_CANDIDATE,99.63,-0.83,-0.775,-0.055,0.732,3.1115,4,0.6,2.2181261848106475,5,0.7943571234524781,0.75,0.0,30.6,39.5,35.5,0.0,0.0,41.1,0.0,100.2107,,,33.76550898744715,False,rejected_by_pre_entry_checks,,,97.79,-1.8468,97.78,-1.8569
2026-09-28,2026-09-28T13:38:13.221968,QCOM,RAPID_DECREASE_CANDIDATE,191.5,-1.345,-1.29,-0.055,1.418,0.1567,4,0.6,1.2410526812384155,5,0.3570545026278345,0.55,0.0,17.8,69.5,11.4,0.0,0.0,63.9,76.3,194.4993,20.9,SMH,39.63492944827513,False,rejected_by_pre_entry_checks,,,187.565,-2.0548,188.4,-1.6188
2026-09-28,2026-09-28T13:38:13.282805,INTC,RAPID_DECREASE_CANDIDATE,118.415,-1.156,-1.101,-0.055,0.615,0.0591,4,0.6,1.683915415417859,5,0.7641607066296857,0.7,0.0,22.5,35.4,25.2,0.0,0.0,37.2,98.0,119.5993,25.7,SMH,34.025946963648394,False,rejected_by_pre_entry_checks,,,117.5901,-0.6966,118.82,0.342
2026-09-28,2026-09-28T13:38:16.654886,VICR,RAPID_DECREASE_CANDIDATE,278.1603,-0.713,-0.658,-0.055,1.558,1.607,5,0.4,1.3557212185800078,5,0.9227008850877633,0.7708333333333334,0.0,33.5,88.1,40.0,0.0,0.0,68.6,0.0,279.274,,,46.35475618569069,False,rejected_by_pre_entry_checks,,,279.0,0.3019,279.76,0.5751
2026-09-28,2026-09-28T13:38:16.671624,META,RAPID_DECREASE_CANDIDATE,723.28,-0.49,-0.435,-0.055,1.091,0.1894,5,0.8,2.599886317737704,5,0.6583951049863919,0.8,0.0,39.1,55.2,33.6,0.0,0.0,53.0,69.0,728.0537,40.4,XLC,41.92433021236944,False,rejected_by_pre_entry_checks,,,722.1341,-0.1584,721.44,-0.2544
2026-09-28,2026-09-28T13:38:16.689464,AEHR,RAPID_DECREASE_CANDIDATE,99.795,-0.665,-0.61,-0.055,0.744,3.1064,5,0.6,2.2181261848106475,5,0.7943571234524781,0.75,0.0,34.8,36.9,39.6,0.0,0.0,41.5,0.0,100.21,,,34.5835441855964,False,rejected_by_pre_entry_checks,,,97.79,-2.0091,97.78,-2.0191
2026-09-28,2026-09-28T13:38:16.707116,QCOM,RAPID_DECREASE_CANDIDATE,191.29,-1.453,-1.398,-0.055,1.382,7.831,5,0.6,1.2410526812384155,5,0.3570545026278345,0.55,0.0,15.0,74.3,9.3,0.0,0.0,62.7,0.0,194.4551,18.2,SMH,36.39909484499535,False,rejected_by_pre_entry_checks,,,187.565,-1.9473,188.4,-1.5108
2026-09-28,2026-09-28T13:38:16.723577,INTC,RAPID_DECREASE_CANDIDATE,118.3426,-1.217,-1.162,-0.055,0.63,0.0423,5,0.6,1.683915415417859,5,0.7641607066296857,0.7,0.0,20.9,31.7,23.9,0.0,0.0,37.7,100.0,119.5918,24.1,SMH,33.13935726714787,False,rejected_by_pre_entry_checks,,,117.5901,-0.6359,118.82,0.4034
2026-09-28,2026-09-28T13:38:20.149961,VIAV,RAPID_DECREASE_CANDIDATE,40.2055,-0.346,-0.291,-0.055,0.475,8.8296,5,0.6,2.8844733431844105,5,0.8360244868024191,0.8,0.0,42.7,19.4,9.6,0.0,0.0,32.5,0.0,40.8656,,,28.116594544671,False,rejected_by_pre_entry_checks,,,39.1,-2.7496,39.68,-1.307
2026-09-28,2026-09-28T13:38:20.167129,META,RAPID_DECREASE_CANDIDATE,722.87,-0.546,-0.491,-0.055,1.084,0.1798,5,0.8,2.599886317737704,5,0.6583951049863919,0.8,0.0,37.7,56.2,32.3,0.0,0.0,52.8,71.2,728.0228,39.0,XLC,41.760701283875584,False,rejected_by_pre_entry_checks,,,722.1341,-0.1018,721.44,-0.1978
2026-09-28,2026-09-28T13:38:20.198935,AEHR,RAPID_DECREASE_CANDIDATE,99.475,-0.984,-0.929,-0.055,0.757,0.9952,5,0.6,2.2181261848106475,5,0.7943571234524781,0.75,0.0,26.8,34.3,31.7,0.0,0.0,41.9,0.0,100.2093,,,31.87659626055576,False,rejected_by_pre_entry_checks,,,97.79,-1.6939,97.78,-1.7039
2026-09-28,2026-09-28T13:38:20.218445,QCOM,RAPID_DECREASE_CANDIDATE,191.29,-1.453,-1.398,-0.055,1.348,7.831,5,0.6,1.2410526812384155,5,0.3570545026278345,0.55,0.0,15.0,79.2,9.8,0.0,0.0,61.6,0.0,194.4125,18.2,SMH,37.13523822315997,False,rejected_by_pre_entry_checks,,,187.565,-1.9473,188.4,-1.5108
2026-09-28,2026-09-28T13:38:20.236533,INTC,RAPID_DECREASE_CANDIDATE,118.24,-1.302,-1.247,-0.055,0.646,0.296,5,0.6,1.683915415417859,5,0.7641607066296857,0.7,0.0,18.8,28.1,21.9,0.0,0.0,38.2,45.3,119.5845,22.0,SMH,29.715645381838243,False,rejected_by_pre_entry_checks,,,117.5901,-0.5496,118.82,0.4905
2026-09-28,2026-09-28T13:38:23.554953,META,RAPID_DECREASE_CANDIDATE,722.01,-0.665,-0.61,-0.055,1.078,0.2548,5,0.8,2.599886317737704,5,0.6583951049863919,0.8,0.0,34.8,55.7,29.5,0.0,0.0,52.6,54.5,727.9925,36.0,XLC,40.106623723208635,False,rejected_by_pre_entry_checks,,,722.1341,0.0172,721.44,-0.0789
2026-09-28,2026-09-28T13:38:23.577491,AEHR,RAPID_DECREASE_CANDIDATE,99.63,-0.83,-0.775,-0.055,0.771,0.7628,5,0.6,2.2181261848106475,5,0.7943571234524781,0.75,0.0,30.6,35.1,35.6,0.0,0.0,42.4,0.0,100.2086,,,33.19318765843998,False,rejected_by_pre_entry_checks,,,97.79,-1.8468,97.78,-1.8569
2026-09-28,2026-09-28T13:38:23.594015,RMBS,RAPID_DECREASE_CANDIDATE,102.51,-1.023,-0.968,-0.055,0.379,11.5208,5,1.0,3.5921187079685986,5,0.6391017039001283,0.7333333333333333,0.0,25.8,33.5,47.5,0.0,0.0,29.3,0.0,102.6125,,,31.991790334618535,False,rejected_by_pre_entry_checks,,,101.7,-0.7902,102.095,-0.4048
2026-09-28,2026-09-28T13:38:23.614612,QCOM,RAPID_DECREASE_CANDIDATE,191.7626,-1.209,-1.154,-0.055,1.315,7.8117,5,0.6,1.2410526812384155,5,0.3570545026278345,0.55,0.0,21.1,76.0,16.4,0.0,0.0,60.5,0.0,194.3714,24.3,SMH,38.31122780783565,False,rejected_by_pre_entry_checks,,,187.565,-2.189,188.4,-1.7535
2026-09-28,2026-09-28T13:38:23.633151,INTC,RAPID_DECREASE_CANDIDATE,118.25,-1.294,-1.239,-0.055,0.663,0.0338,5,0.6,1.683915415417859,5,0.7641607066296857,0.7,0.0,19.0,29.0,22.3,0.0,0.0,38.8,100.0,119.5773,22.2,SMH,32.29367997673036,False,rejected_by_pre_entry_checks,,,117.5901,-0.5581,118.82,0.482
2026-09-28,2026-09-28T13:38:26.894901,META,RAPID_DECREASE_CANDIDATE,722.11,-0.651,-0.596,-0.055,1.071,0.1883,5,0.8,2.599886317737704,5,0.6583951049863919,0.8,0.0,35.1,55.2,29.9,0.0,0.0,52.4,69.3,727.9628,36.4,XLC,40.726015076100275,False,rejected_by_pre_entry_checks,,,722.1341,0.0033,721.44,-0.0928
2026-09-28,2026-09-28T13:38:26.915234,AEHR,RAPID_DECREASE_CANDIDATE,99.785,-0.675,-0.62,-0.055,0.785,0.7717,5,0.6,2.2181261848106475,5,0.7943571234524781,0.75,0.0,34.5,35.9,39.4,0.0,0.0,42.8,0.0,100.208,,,34.52008289297132,False,rejected_by_pre_entry_checks,,,97.79,-1.9993,97.78,-2.0093
2026-09-28,2026-09-28T13:38:26.934124,RMBS,RAPID_DECREASE_CANDIDATE,102.6389,-0.899,-0.844,-0.055,0.394,11.5064,5,1.0,3.5921187079685986,5,0.6391017039001283,0.7333333333333333,0.0,28.9,28.1,50.6,1.2,0.0,29.8,0.0,102.6143,,,31.89418258103809,False,rejected_by_pre_entry_checks,,,101.7,-0.9148,102.095,-0.5299
2026-09-28,2026-09-28T13:38:26.953284,QCOM,RAPID_DECREASE_CANDIDATE,191.918,-1.129,-1.074,-0.055,1.284,4.455,5,0.6,1.2410526812384155,5,0.3570545026278345,0.55,0.0,23.1,73.1,18.9,0.0,0.0,59.5,0.0,194.3318,26.3,SMH,38.34085919213702,False,rejected_by_pre_entry_checks,,,187.565,-2.2682,188.4,-1.8331
2026-09-28,2026-09-28T13:38:26.972229,INTC,RAPID_DECREASE_CANDIDATE,118.3394,-1.219,-1.164,-0.055,0.681,0.0507,5,0.6,1.683915415417859,5,0.7641607066296857,0.7,0.0,20.9,29.9,24.3,0.0,0.0,39.4,99.8,119.5702,24.1,SMH,33.08812796374294,False,rejected_by_pre_entry_checks,,,117.5901,-0.6332,118.82,0.4061
2026-09-28,2026-09-28T13:38:30.203564,META,RAPID_DECREASE_CANDIDATE,721.9699,-0.67,-0.615,-0.055,1.065,0.097,5,0.8,2.599886317737704,5,0.6583951049863919,0.8,0.0,34.6,54.8,29.5,0.0,0.0,52.2,89.6,727.9336,35.9,XLC,41.33980605709549,False,rejected_by_pre_entry_checks,,,722.1341,0.0227,721.44,-0.0734
2026-09-28,2026-09-28T13:38:30.240814,AEHR,RAPID_DECREASE_CANDIDATE,99.5,-0.959,-0.904,-0.055,0.799,0.7739,5,0.6,2.2181261848106475,5,0.7943571234524781,0.75,0.0,27.4,36.8,32.4,0.0,0.0,43.3,0.0,100.2073,,,32.65223855455383,False,rejected_by_pre_entry_checks,,,97.79,-1.7186,97.78,-1.7286
2026-09-28,2026-09-28T13:38:30.289901,RMBS,RAPID_DECREASE_CANDIDATE,102.6389,-0.899,-0.844,-0.055,0.409,11.5064,5,1.0,3.5921187079685986,5,0.6391017039001283,0.7333333333333333,0.0,28.9,22.6,50.6,1.1,0.0,30.3,0.0,102.6161,,,31.04816875672302,False,rejected_by_pre_entry_checks,,,101.7,-0.9148,102.095,-0.5299
2026-09-28,2026-09-28T13:38:30.312520,QCOM,RAPID_DECREASE_CANDIDATE,191.61,-1.288,-1.233,-0.055,1.254,0.2244,5,0.6,1.2410526812384155,5,0.3570545026278345,0.55,0.0,19.2,70.4,15.5,0.0,0.0,58.5,61.2,194.2934,22.3,SMH,39.21944881955435,False,rejected_by_pre_entry_checks,,,187.565,-2.1111,188.4,-1.6753
2026-09-28,2026-09-28T13:38:30.343185,INTC,RAPID_DECREASE_CANDIDATE,118.3696,-1.194,-1.139,-0.055,0.699,0.0507,5,0.6,1.683915415417859,5,0.7641607066296857,0.7,0.0,21.5,31.0,25.0,0.0,0.0,40.0,99.8,119.5632,24.7,SMH,33.536900111594825,False,rejected_by_pre_entry_checks,,,117.5901,-0.6585,118.82,0.3805
2026-09-28,2026-09-28T13:38:33.541170,META,RAPID_DECREASE_CANDIDATE,722.2,-0.638,-0.583,-0.055,1.059,0.378,5,0.8,2.599886317737704,5,0.6583951049863919,0.8,0.0,35.4,54.3,30.4,0.0,0.0,52.0,27.1,727.9049,36.7,XLC,38.8789464527066,False,rejected_by_pre_entry_checks,,,722.1341,-0.0091,721.44,-0.1052
2026-09-28,2026-09-28T13:38:33.559561,AEHR,RAPID_DECREASE_CANDIDATE,99.85,-0.611,-0.556,-0.055,0.814,0.8012,5,0.6,2.2181261848106475,5,0.7943571234524781,0.75,0.0,36.1,37.7,41.1,0.0,0.0,43.8,0.0,100.2067,,,35.40922927994883,False,rejected_by_pre_entry_checks,,,97.79,-2.0631,97.78,-2.0731
2026-09-28,2026-09-28T13:38:33.578337,RMBS,RAPID_DECREASE_CANDIDATE,102.52,-1.013,-0.958,-0.055,0.426,11.5197,5,1.0,3.5921187079685986,5,0.6391017039001283,0.7333333333333333,0.0,26.1,17.1,47.6,0.0,0.0,30.9,0.0,102.6179,,,29.501421256391357,False,rejected_by_pre_entry_checks,,,101.7,-0.7998,102.095,-0.4146
2026-09-28,2026-09-28T13:38:33.598568,QCOM,RAPID_DECREASE_CANDIDATE,191.63,-1.278,-1.223,-0.055,1.226,4.4304,5,0.6,1.2410526812384155,5,0.3570545026278345,0.55,0.0,19.4,67.9,16.2,0.0,0.0,57.5,0.0,194.2564,22.6,SMH,36.26453465574164,False,rejected_by_pre_entry_checks,,,187.565,-2.1213,188.4,-1.6855
2026-09-28,2026-09-28T13:38:33.615388,INTC,RAPID_DECREASE_CANDIDATE,118.38,-1.185,-1.13,-0.055,0.719,0.0676,5,0.6,1.683915415417859,5,0.7641607066296857,0.7,0.0,21.7,32.1,25.4,0.0,0.0,40.6,96.1,119.5563,24.9,SMH,33.73119786173629,False,rejected_by_pre_entry_checks,,,117.5901,-0.6673,118.82,0.3717
2026-09-28,2026-09-28T13:38:36.853341,META,RAPID_DECREASE_CANDIDATE,722.53,-0.593,-0.538,-0.055,1.052,0.3778,5,0.8,2.599886317737704,5,0.6583951049863919,0.8,0.0,36.6,53.8,31.6,0.0,0.0,51.7,27.2,727.8768,37.9,XLC,39.11580367804918,False,rejected_by_pre_entry_checks,,,722.1341,-0.0548,721.44,-0.1509
2026-09-28,2026-09-28T13:38:36.870983,AEHR,RAPID_DECREASE_CANDIDATE,99.85,-0.611,-0.556,-0.055,0.829,0.8012,5,0.6,2.2181261848106475,5,0.7943571234524781,0.75,0.0,36.1,38.6,41.1,0.0,0.0,44.3,0.0,100.2061,,,35.63233585530992,False,rejected_by_pre_entry_checks,,,97.79,-2.0631,97.78,-2.0731
2026-09-28,2026-09-28T13:38:36.890513,RMBS,RAPID_DECREASE_CANDIDATE,102.52,-1.013,-0.958,-0.055,0.444,11.5197,5,1.0,3.5921187079685986,5,0.6391017039001283,0.7333333333333333,0.0,26.1,17.9,47.6,0.0,0.0,31.5,0.0,102.6196,,,29.711682220349612,False,rejected_by_pre_entry_checks,,,101.7,-0.7998,102.095,-0.4146
2026-09-28,2026-09-28T13:38:36.909034,QCOM,RAPID_DECREASE_CANDIDATE,191.65,-1.267,-1.212,-0.055,1.199,4.43,5,0.6,1.2410526812384155,5,0.3570545026278345,0.55,0.0,19.7,65.5,16.9,0.0,0.0,56.6,0.0,194.2205,22.9,SMH,35.896817509327036,False,rejected_by_pre_entry_checks,,,187.565,-2.1315,188.4,-1.6958
2026-09-28,2026-09-28T13:38:36.928413,INTC,RAPID_DECREASE_CANDIDATE,118.41,-1.16,-1.105,-0.055,0.74,0.0507,5,0.6,1.683915415417859,5,0.7641607066296857,0.7,0.0,22.4,33.3,26.2,0.0,0.0,41.3,99.8,119.5495,25.6,SMH,34.37399905898304,False,rejected_by_pre_entry_checks,,,117.5901,-0.6924,118.82,0.3463
2026-09-28,2026-09-28T13:38:40.204832,META,RAPID_DECREASE_CANDIDATE,722.02,-0.663,-0.608,-0.055,1.046,0.2202,5,0.8,2.599886317737704,5,0.6583951049863919,0.8,0.0,34.8,53.4,30.0,0.0,0.0,51.5,62.2,727.8491,36.1,XLC,39.97551471291357,False,rejected_by_pre_entry_checks,,,722.1341,0.0158,721.44,-0.0803
2026-09-28,2026-09-28T13:38:40.223405,AEHR,RAPID_DECREASE_CANDIDATE,99.75,-0.71,-0.655,-0.055,0.845,0.802,5,0.6,2.2181261848106475,5,0.7943571234524781,0.75,0.0,33.6,39.6,38.6,0.0,0.0,44.8,0.0,100.2055,,,35.14344646256196,False,rejected_by_pre_entry_checks,,,97.79,-1.9649,97.78,-1.9749
2026-09-28,2026-09-28T13:38:40.270721,RMBS,RAPID_DECREASE_CANDIDATE,102.53,-1.004,-0.949,-0.055,0.464,5.6081,5,1.0,3.5921187079685986,5,0.6391017039001283,0.7333333333333333,0.0,26.3,18.9,47.8,0.0,0.0,32.1,0.0,102.6213,,,30.01289710545322,False,rejected_by_pre_entry_checks,,,101.7,-0.8095,102.095,-0.4243
2026-09-28,2026-09-28T13:38:40.288132,QCOM,RAPID_DECREASE_CANDIDATE,191.45,-1.37,-1.315,-0.055,1.173,4.5965,5,0.6,1.2410526812384155,5,0.3570545026278345,0.55,0.0,17.1,63.3,14.8,0.0,0.0,55.8,0.0,194.1858,20.3,SMH,34.728435804800796,False,rejected_by_pre_entry_checks,,,187.565,-2.0293,188.4,-1.5931
2026-09-28,2026-09-28T13:38:40.306285,INTC,RAPID_DECREASE_CANDIDATE,118.2866,-1.263,-1.208,-0.055,0.762,0.0338,5,0.6,1.683915415417859,5,0.7641607066296857,0.7,0.0,19.8,34.6,23.7,0.0,0.0,42.1,100.0,119.5429,23.0,SMH,33.95170307323325,False,rejected_by_pre_entry_checks,,,117.5901,-0.5888,118.82,0.4509
2026-09-28,2026-09-28T13:38:43.550940,META,RAPID_DECREASE_CANDIDATE,721.565,-0.726,-0.671,-0.055,1.04,0.1732,6,0.8,2.599886317737704,5,0.6583951049863919,0.8,0.0,33.2,52.9,28.5,0.0,0.0,51.3,72.6,727.822,34.5,XLC,39.86497713600421,False,rejected_by_pre_entry_checks,,,722.1341,0.0789,721.44,-0.0173
2026-09-28,2026-09-28T13:38:43.570604,AEHR,RAPID_DECREASE_CANDIDATE,99.75,-0.71,-0.655,-0.055,0.862,0.802,6,0.6,2.2181261848106475,5,0.7943571234524781,0.75,0.0,33.6,40.7,38.7,0.0,0.0,45.4,0.0,100.2048,,,35.39193476626866,False,rejected_by_pre_entry_checks,,,97.79,-1.9649,97.78,-1.9749
2026-09-28,2026-09-28T13:38:43.599615,RMBS,RAPID_DECREASE_CANDIDATE,102.56,-0.975,-0.92,-0.055,0.486,1.1018,6,1.0,3.5921187079685986,5,0.6391017039001283,0.7333333333333333,0.0,27.0,19.9,48.5,0.0,0.0,32.9,0.0,102.623,,,30.483741024697398,False,rejected_by_pre_entry_checks,,,101.7,-0.8385,102.095,-0.4534
2026-09-28,2026-09-28T13:38:43.619546,TXG,RAPID_DECREASE_CANDIDATE,86.525,-0.725,-0.67,-0.055,1.169,17.729,6,0.6,1.764068263321942,5,0.8088586851744765,0.85,0.0,33.2,63.1,53.2,6.4,0.0,55.6,0.0,86.4137,,,41.35194274109651,False,rejected_by_pre_entry_checks,,,87.1,0.6645,86.76,0.2716
2026-09-28,2026-09-28T13:38:43.636100,QCOM,RAPID_DECREASE_CANDIDATE,191.3167,-1.439,-1.384,-0.055,1.148,3.3139,6,0.6,1.2410526812384155,5,0.3570545026278345,0.55,0.0,15.4,61.3,13.5,0.0,0.0,54.9,0.0,194.1522,18.6,SMH,33.83490055070729,False,rejected_by_pre_entry_checks,,,187.565,-1.961,188.4,-1.5245
2026-09-28,2026-09-28T13:38:43.671259,INTC,RAPID_DECREASE_CANDIDATE,118.23,-1.311,-1.256,-0.055,0.785,0.11,6,0.6,1.683915415417859,5,0.7641607066296857,0.7,0.0,18.6,36.0,22.7,0.0,0.0,42.8,86.7,119.5363,21.8,SMH,33.39222141549585,False,rejected_by_pre_entry_checks,,,117.5901,-0.5412,118.82,0.499
2026-09-28,2026-09-28T13:38:46.943325,META,RAPID_DECREASE_CANDIDATE,721.826,-0.69,-0.635,-0.055,1.034,0.1524,5,0.8,2.599886317737704,5,0.6583951049863919,0.8,0.0,34.1,52.5,29.5,0.0,0.0,51.1,77.2,727.7953,35.4,XLC,40.23280214048593,False,rejected_by_pre_entry_checks,,,722.1341,0.0427,721.44,-0.0535
2026-09-28,2026-09-28T13:38:46.962144,AEHR,RAPID_DECREASE_CANDIDATE,100.0,-0.461,-0.406,-0.055,0.879,0.8,5,0.6,2.2181261848106475,5,0.7943571234524781,0.75,0.0,39.9,41.8,44.9,0.0,0.0,46.0,0.0,100.2042,,,37.46716317649927,False,rejected_by_pre_entry_checks,,,97.79,-2.21,97.78,-2.22
2026-09-28,2026-09-28T13:38:46.988313,RMBS,RAPID_DECREASE_CANDIDATE,102.37,-1.158,-1.103,-0.055,0.51,0.5763,5,1.0,3.5921187079685986,5,0.6391017039001283,0.7333333333333333,0.0,22.4,21.1,43.8,0.0,0.0,33.7,0.0,102.6246,,,29.429672231795667,False,rejected_by_pre_entry_checks,,,101.7,-0.6545,102.095,-0.2686
2026-09-28,2026-09-28T13:38:47.006532,QCOM,RAPID_DECREASE_CANDIDATE,191.4717,-1.359,-1.304,-0.055,1.124,7.8236,5,0.6,1.2410526812384155,5,0.3570545026278345,0.55,0.0,17.4,59.4,15.9,0.0,0.0,54.1,0.0,194.1197,20.6,SMH,34.05005307197888,False,rejected_by_pre_entry_checks,,,187.565,-2.0404,188.4,-1.6043
2026-09-28,2026-09-28T13:38:47.033587,INTC,RAPID_DECREASE_CANDIDATE,118.25,-1.294,-1.239,-0.055,0.81,0.1015,5,0.6,1.683915415417859,5,0.7641607066296857,0.7,0.0,19.0,37.5,23.2,0.0,0.0,43.7,88.6,119.5298,22.2,SMH,33.96549558464592,False,rejected_by_pre_entry_checks,,,117.5901,-0.5581,118.82,0.482
2026-09-28,2026-09-28T13:38:50.331044,META,RAPID_DECREASE_CANDIDATE,721.608,-0.72,-0.665,-0.055,1.028,0.1025,5,0.8,2.599886317737704,5,0.6583951049863919,0.8,0.0,33.4,52.1,28.8,0.0,0.0,50.9,88.3,727.7691,34.7,XLC,40.39040870523456,False,rejected_by_pre_entry_checks,,,723.0799,0.204,721.44,-0.0233
2026-09-28,2026-09-28T13:38:50.347775,AEHR,RAPID_DECREASE_CANDIDATE,99.75,-0.71,-0.655,-0.055,0.897,0.802,5,0.6,2.2181261848106475,5,0.7943571234524781,0.75,0.0,33.6,43.0,38.7,0.0,0.0,46.6,0.0,100.2036,,,35.92263595885572,False,rejected_by_pre_entry_checks,,,97.98,-1.7744,97.78,-1.9749
2026-09-28,2026-09-28T13:38:50.364875,RMBS,RAPID_DECREASE_CANDIDATE,102.27,-1.255,-1.2,-0.055,0.536,0.5769,5,1.0,3.5921187079685986,5,0.6391017039001283,0.7333333333333333,0.0,20.0,22.3,41.3,0.0,0.0,34.5,0.0,102.6263,,,29.040019562141662,False,rejected_by_pre_entry_checks,,,101.9925,-0.2713,102.095,-0.1711
2026-09-28,2026-09-28T13:38:50.390513,QCOM,RAPID_DECREASE_CANDIDATE,191.3,-1.448,-1.393,-0.055,1.101,7.8306,5,0.6,1.2410526812384155,5,0.3570545026278345,0.55,0.0,15.2,57.6,14.1,0.0,0.0,53.4,0.0,194.0882,18.4,SMH,33.057054741134436,False,rejected_by_pre_entry_checks,,,188.1441,-1.6497,188.4,-1.5159
2026-09-28,2026-09-28T13:38:50.407336,INTC,RAPID_DECREASE_CANDIDATE,118.23,-1.311,-1.256,-0.055,0.837,0.9135,5,0.6,1.683915415417859,5,0.7641607066296857,0.7,0.0,18.6,39.1,22.9,0.0,0.0,44.6,0.0,119.5235,21.8,SMH,30.553961300847106,False,rejected_by_pre_entry_checks,,,118.02,-0.1776,118.82,0.499
2026-09-28,2026-09-28T13:38:53.703969,META,RAPID_DECREASE_CANDIDATE,721.0,-0.803,-0.748,-0.055,1.023,0.0791,5,0.8,2.599886317737704,5,0.6583951049863919,0.8,0.0,31.3,51.6,26.8,0.0,0.0,50.8,93.5,727.7433,32.6,XLC,39.91948626274273,False,rejected_by_pre_entry_checks,,,723.0799,0.2885,721.44,0.061
2026-09-28,2026-09-28T13:38:53.722567,AEHR,RAPID_DECREASE_CANDIDATE,99.6365,-0.823,-0.768,-0.055,0.916,0.7026,5,0.6,2.2181261848106475,5,0.7943571234524781,0.75,0.0,30.8,44.2,35.9,0.0,0.0,47.2,0.0,100.2031,,,35.38592831280818,False,rejected_by_pre_entry_checks,,,97.98,-1.6625,97.78,-1.8633
2026-09-28,2026-09-28T13:38:53.740849,RMBS,RAPID_DECREASE_CANDIDATE,102.15,-1.371,-1.316,-0.055,0.565,0.5776,5,1.0,3.5921187079685986,5,0.6391017039001283,0.7333333333333333,0.0,17.1,23.8,38.4,0.0,0.0,35.5,0.0,102.6279,,,28.55112155918692,False,rejected_by_pre_entry_checks,,,101.9925,-0.1542,102.095,-0.0538
2026-09-28,2026-09-28T13:38:53.759702,QCOM,RAPID_DECREASE_CANDIDATE,191.2855,-1.455,-1.4,-0.055,1.08,4.6005,5,0.6,1.2410526812384155,5,0.3570545026278345,0.55,0.0,15.0,55.9,14.3,0.0,0.0,52.7,0.0,194.0576,18.2,SMH,32.683262335373,False,rejected_by_pre_entry_checks,,,188.1441,-1.6423,188.4,-1.5085
2026-09-28,2026-09-28T13:38:53.775704,INTC,RAPID_DECREASE_CANDIDATE,118.275,-1.273,-1.218,-0.055,0.865,0.0761,5,0.6,1.683915415417859,5,0.7641607066296857,0.7,0.0,19.6,40.9,24.0,0.0,0.0,45.5,94.2,119.5172,22.7,SMH,35.185143685769994,False,rejected_by_pre_entry_checks,,,118.02,-0.2156,118.82,0.4608
2026-09-28,2026-09-28T13:38:57.017028,VIAV,RAPID_DECREASE_CANDIDATE,40.21,-0.335,-0.28,-0.055,0.808,8.8286,6,0.6,2.8844733431844105,5,0.8360244868024191,0.8,0.0,43.0,37.4,11.2,0.0,0.0,43.6,0.0,40.8435,,,32.745835614276416,False,rejected_by_pre_entry_checks,,,39.0,-3.0092,39.68,-1.3181
2026-09-28,2026-09-28T13:38:57.036640,META,RAPID_DECREASE_CANDIDATE,721.4488,-0.742,-0.687,-0.055,1.017,1.2087,6,0.8,2.599886317737704,5,0.6583951049863919,0.8,0.0,32.8,51.2,28.5,0.0,0.0,50.6,0.0,727.718,34.1,XLC,36.385266794542396,False,rejected_by_pre_entry_checks,,,723.0799,0.2261,721.44,-0.0012
2026-09-28,2026-09-28T13:38:57.056115,AEHR,RAPID_DECREASE_CANDIDATE,99.67,-0.79,-0.735,-0.055,0.936,0.7023,6,0.6,2.2181261848106475,5,0.7943571234524781,0.75,0.0,31.6,45.5,36.7,0.0,0.0,47.9,0.0,100.2025,,,35.932472591739284,False,rejected_by_pre_entry_checks,,,97.98,-1.6956,97.78,-1.8963
2026-09-28,2026-09-28T13:38:57.075093,RMBS,RAPID_DECREASE_CANDIDATE,102.15,-1.371,-1.316,-0.055,0.598,0.5678,6,1.0,3.5921187079685986,5,0.6391017039001283,0.7333333333333333,0.0,17.1,25.5,38.3,0.0,0.0,36.6,0.0,102.6295,,,28.961870351696618,False,rejected_by_pre_entry_checks,,,101.9925,-0.1542,102.095,-0.0538
2026-09-28,2026-09-28T13:38:57.093883,QCOM,RAPID_DECREASE_CANDIDATE,191.48,-1.355,-1.3,-0.055,1.059,4.5958,6,0.6,1.2410526812384155,5,0.3570545026278345,0.55,0.0,17.5,54.3,17.2,0.0,0.0,52.0,0.0,194.0279,20.7,SMH,33.10661136667656,False,rejected_by_pre_entry_checks,,,188.1441,-1.7422,188.4,-1.6085
2026-09-28,2026-09-28T13:38:57.114637,INTC,RAPID_DECREASE_CANDIDATE,118.18,-1.352,-1.297,-0.055,0.895,0.1692,6,0.6,1.683915415417859,5,0.7641607066296857,0.7,0.0,17.6,42.8,22.2,0.0,0.0,46.5,73.5,119.511,20.7,SMH,34.21225091927924,False,rejected_by_pre_entry_checks,,,118.02,-0.1354,118.82,0.5415
2026-09-28,2026-09-28T13:39:00.824951,META,RAPID_DECREASE_CANDIDATE,721.352,-0.693,-0.715,0.022,1.406,0.4644,2,0.8,2.599886317737704,5,0.6583951049863919,0.8,0.0,32.1,54.4,28.4,0.0,0.0,63.5,7.9,727.6531,35.4,XLC,38.72915983001287,False,rejected_by_pre_entry_checks,,,723.0799,0.2395,721.165,-0.0259
2026-09-28,2026-09-28T13:39:00.846974,QCOM,RAPID_DECREASE_CANDIDATE,191.54,-0.787,-0.809,0.022,0.386,4.4795,2,0.6,1.2410526812384155,5,0.3570545026278345,0.55,0.0,29.8,47.1,18.1,0.0,0.0,29.5,0.0,194.0148,34.0,SMH,31.27585366726582,False,rejected_by_pre_entry_checks,,,188.1441,-1.7729,188.3625,-1.6589
2026-09-28,2026-09-28T13:39:04.159900,META,RAPID_DECREASE_CANDIDATE,723.555,-0.39,-0.412,0.022,1.37,0.5183,2,0.8,2.599886317737704,5,0.6583951049863919,0.8,0.0,39.7,57.5,36.1,0.0,0.0,62.3,0.0,727.5897,43.0,XLC,41.000887821680344,False,rejected_by_pre_entry_checks,,,723.0799,-0.0657,721.165,-0.3303
2026-09-28,2026-09-28T13:39:04.196701,QCOM,RAPID_DECREASE_CANDIDATE,191.415,-0.852,-0.874,0.022,0.392,4.5399,2,0.6,1.2410526812384155,5,0.3570545026278345,0.55,0.0,28.1,40.4,16.7,0.0,0.0,29.7,0.0,194.0019,32.4,SMH,29.72372167164996,False,rejected_by_pre_entry_checks,,,188.1441,-1.7088,188.3625,-1.5947
2026-09-28,2026-09-28T13:39:07.525882,META,RAPID_DECREASE_CANDIDATE,723.14,-0.447,-0.469,0.022,1.336,0.1521,2,0.8,2.599886317737704,5,0.6583951049863919,0.8,0.0,38.3,60.5,34.9,0.0,0.0,61.2,77.3,727.5278,41.5,XLC,44.19873237940128,False,rejected_by_pre_entry_checks,,,723.0799,-0.0083,721.165,-0.2731
2026-09-28,2026-09-28T13:39:07.544956,QCOM,RAPID_DECREASE_CANDIDATE,191.52,-0.798,-0.82,0.022,0.398,7.8216,2,0.6,1.2410526812384155,5,0.3570545026278345,0.55,0.0,29.5,34.0,18.2,0.0,0.0,29.9,0.0,193.9891,33.8,SMH,29.09694292526373,False,rejected_by_pre_entry_checks,,,188.1441,-1.7627,188.3625,-1.6487
2026-09-28,2026-09-28T13:39:10.878558,META,RAPID_DECREASE_CANDIDATE,722.97,-0.47,-0.492,0.022,1.31,0.4744,3,0.8,2.599886317737704,5,0.6583951049863919,0.8,0.0,37.7,64.0,34.5,0.0,0.0,60.3,5.7,727.4673,41.0,XLC,41.54631682376315,False,rejected_by_pre_entry_checks,,,723.0799,0.0152,721.165,-0.2497
2026-09-28,2026-09-28T13:39:10.895948,ILMN,RAPID_DECREASE_CANDIDATE,266.24,-0.48,-0.502,0.022,0.729,1.277,3,1.0,2.08663925691748,5,0.29108473676479374,0.5333333333333333,0.0,37.5,39.4,44.6,0.0,0.0,41.0,0.0,266.8167,,,36.010449984166826,False,rejected_by_pre_entry_checks,,,267.6227,0.5193,272.23,2.2498
2026-09-28,2026-09-28T13:39:10.913836,QCOM,RAPID_DECREASE_CANDIDATE,191.465,-0.826,-0.848,0.022,0.413,3.4314,3,0.6,1.2410526812384155,5,0.3570545026278345,0.55,0.0,28.8,28.7,17.6,0.0,0.0,30.4,0.0,193.9764,33.0,SMH,28.085251017408176,False,rejected_by_pre_entry_checks,,,188.1441,-1.7345,188.3625,-1.6204
2026-09-28,2026-09-28T13:39:14.345269,META,RAPID_DECREASE_CANDIDATE,722.405,-0.548,-0.57,0.022,1.285,0.4443,3,0.8,2.599886317737704,5,0.6583951049863919,0.8,0.0,35.8,67.5,32.8,0.0,0.0,59.5,12.4,727.4082,39.0,XLC,41.76157357376604,False,rejected_by_pre_entry_checks,,,723.0799,0.0934,721.165,-0.1716
2026-09-28,2026-09-28T13:39:14.373021,ILMN,RAPID_DECREASE_CANDIDATE,265.98,-0.578,-0.6,0.022,0.742,0.985,3,1.0,2.08663925691748,5,0.29108473676479374,0.5333333333333333,0.0,35.0,36.8,42.1,0.0,0.0,41.4,0.0,266.8202,,,34.90764304230108,False,rejected_by_pre_entry_checks,,,267.6227,0.6176,272.23,2.3498
2026-09-28,2026-09-28T13:39:14.391304,QCOM,RAPID_DECREASE_CANDIDATE,191.114,-1.008,-1.03,0.022,0.428,7.8383,3,0.6,1.2410526812384155,5,0.3570545026278345,0.55,0.0,24.2,23.3,13.3,0.0,0.0,30.9,0.0,193.9639,28.5,SMH,25.9547798552356,False,rejected_by_pre_entry_checks,,,188.1441,-1.554,188.3625,-1.4397
2026-09-28,2026-09-28T13:39:17.726860,META,RAPID_DECREASE_CANDIDATE,722.68,-0.51,-0.532,0.022,1.261,0.0498,2,0.8,2.599886317737704,5,0.6583951049863919,0.8,0.0,36.7,71.0,33.9,0.0,0.0,58.7,100.0,727.3504,40.0,XLC,46.19684880143876,False,rejected_by_pre_entry_checks,,,723.0799,0.0553,721.165,-0.2096
2026-09-28,2026-09-28T13:39:17.760314,QCOM,RAPID_DECREASE_CANDIDATE,191.1474,-0.991,-1.013,0.022,0.445,4.766,2,0.6,1.2410526812384155,5,0.3570545026278345,0.55,0.0,24.7,18.0,13.9,0.0,0.0,31.5,0.0,193.9515,28.9,SMH,25.280887270677503,False,rejected_by_pre_entry_checks,,,188.1441,-1.5712,188.3625,-1.4569
2026-09-28,2026-09-28T13:39:21.054709,META,RAPID_DECREASE_CANDIDATE,723.265,-0.43,-0.452,0.022,1.238,0.1106,3,0.8,2.599886317737704,5,0.6583951049863919,0.8,0.0,38.7,68.9,36.2,0.0,0.0,57.9,86.5,727.294,42.0,XLC,45.80413795206966,False,rejected_by_pre_entry_checks,,,723.0799,-0.0256,721.165,-0.2904
2026-09-28,2026-09-28T13:39:21.070803,ILMN,RAPID_DECREASE_CANDIDATE,266.365,-0.434,-0.456,0.022,0.768,0.9911,3,1.0,2.08663925691748,5,0.29108473676479374,0.5333333333333333,0.0,38.6,35.0,45.7,0.0,0.0,42.3,0.0,266.8271,,,35.750578703587856,False,rejected_by_pre_entry_checks,,,267.6227,0.4722,272.23,2.2019
2026-09-28,2026-09-28T13:39:21.088512,QCOM,RAPID_DECREASE_CANDIDATE,191.04,-1.046,-1.068,0.022,0.464,7.8413,3,0.6,1.2410526812384155,5,0.3570545026278345,0.55,0.0,23.3,18.9,12.6,0.0,0.0,32.1,0.0,193.9392,27.6,SMH,25.121019693942944,False,rejected_by_pre_entry_checks,,,188.1441,-1.5159,188.3625,-1.4015
2026-09-28,2026-09-28T13:39:24.392975,META,RAPID_DECREASE_CANDIDATE,723.2,-0.438,-0.46,0.022,1.216,0.5185,3,0.8,2.599886317737704,5,0.6583951049863919,0.8,0.0,38.5,67.0,36.1,0.0,0.0,57.2,0.0,727.2387,41.8,XLC,41.74418398432188,False,rejected_by_pre_entry_checks,,,723.0799,-0.0166,721.165,-0.2814
2026-09-28,2026-09-28T13:39:24.410491,ILMN,RAPID_DECREASE_CANDIDATE,266.37,-0.432,-0.454,0.022,0.782,0.9911,3,1.0,2.08663925691748,5,0.29108473676479374,0.5333333333333333,0.0,38.6,35.8,45.7,0.0,0.0,42.7,0.0,266.8306,,,35.95716804319051,False,rejected_by_pre_entry_checks,,,267.6227,0.4703,272.23,2.1999
2026-09-28,2026-09-28T13:39:24.428506,QCOM,RAPID_DECREASE_CANDIDATE,190.8,-1.171,-1.193,0.022,0.484,9.8847,3,0.6,1.2410526812384155,5,0.3570545026278345,0.55,0.0,20.2,19.8,9.7,0.0,0.0,32.8,0.0,193.9271,24.4,SMH,24.474219037049938,False,rejected_by_pre_entry_checks,,,188.1441,-1.392,188.3625,-1.2775
2026-09-28,2026-09-28T13:39:27.676786,META,RAPID_DECREASE_CANDIDATE,723.17,-0.443,-0.465,0.022,1.194,0.5186,3,0.8,2.599886317737704,5,0.6583951049863919,0.8,0.0,38.4,65.1,36.2,0.0,0.0,56.5,0.0,727.1847,41.6,XLC,41.334702253548535,False,rejected_by_pre_entry_checks,,,723.0799,-0.0125,721.165,-0.2773
2026-09-28,2026-09-28T13:39:27.701145,ILMN,RAPID_DECREASE_CANDIDATE,266.37,-0.432,-0.454,0.022,0.797,7.0654,3,1.0,2.08663925691748,5,0.29108473676479374,0.5333333333333333,0.0,38.6,36.6,45.7,0.0,0.0,43.2,0.0,266.8339,,,36.1604817385533,False,rejected_by_pre_entry_checks,,,267.6227,0.4703,272.23,2.1999
2026-09-28,2026-09-28T13:39:27.719463,QCOM,RAPID_DECREASE_CANDIDATE,190.54,-1.305,-1.327,0.022,0.505,5.0908,3,0.6,1.2410526812384155,5,0.3570545026278345,0.55,0.0,16.8,20.9,6.5,0.0,0.0,33.5,0.0,193.915,21.1,SMH,23.77837315073372,False,rejected_by_pre_entry_checks,,,188.1441,-1.2574,188.3625,-1.1428
2026-09-28,2026-09-28T13:39:31.010193,VIAV,RAPID_DECREASE_CANDIDATE,40.05,-0.309,-0.331,0.022,1.418,8.8639,3,0.6,2.8844733431844105,5,0.8360244868024191,0.8,0.0,41.7,86.4,4.5,0.0,0.0,63.9,0.0,40.7916,,,42.4090338056121,False,rejected_by_pre_entry_checks,,,39.0,-2.6217,39.5,-1.3733
2026-09-28,2026-09-28T13:39:31.030532,META,RAPID_DECREASE_CANDIDATE,722.83,-0.489,-0.511,0.022,1.174,0.5188,3,0.8,2.599886317737704,5,0.6583951049863919,0.8,0.0,37.2,63.4,35.2,0.0,0.0,55.8,0.0,727.1318,40.5,XLC,40.645448716980454,False,rejected_by_pre_entry_checks,,,723.0799,0.0346,721.165,-0.2303
2026-09-28,2026-09-28T13:39:31.050594,QCOM,RAPID_DECREASE_CANDIDATE,190.39,-1.383,-1.405,0.022,0.529,4.9898,3,0.6,1.2410526812384155,5,0.3570545026278345,0.55,0.0,14.9,22.0,4.7,0.0,0.0,34.3,0.0,193.9031,19.1,SMH,23.5249721822744,False,rejected_by_pre_entry_checks,,,188.1441,-1.1796,188.3625,-1.0649
2026-09-28,2026-09-28T13:39:34.303696,META,RAPID_DECREASE_CANDIDATE,723.04,-0.46,-0.482,0.022,1.154,0.5186,2,0.8,2.599886317737704,5,0.6583951049863919,0.8,0.0,38.0,61.7,36.1,0.0,0.0,55.1,0.0,727.0801,41.2,XLC,40.51975243703073,False,rejected_by_pre_entry_checks,,,723.0799,0.0055,721.165,-0.2593
2026-09-28,2026-09-28T13:39:34.319833,QCOM,RAPID_DECREASE_CANDIDATE,190.32,-1.419,-1.441,0.022,0.555,4.9916,2,0.6,1.2410526812384155,5,0.3570545026278345,0.55,0.0,14.0,23.3,4.0,0.0,0.0,35.2,0.0,193.8913,18.2,SMH,23.606681373340802,False,rejected_by_pre_entry_checks,,,188.1441,-1.1433,188.3625,-1.0285
2026-09-28,2026-09-28T13:39:37.606869,VICR,RAPID_DECREASE_CANDIDATE,280.0511,-0.338,-0.36,0.022,1.321,1.4676,4,0.4,1.3557212185800078,5,0.9227008850877633,0.7708333333333334,0.0,41.0,76.6,49.2,0.0,0.0,60.7,0.0,280.1448,,,45.83186280842641,False,rejected_by_pre_entry_checks,,,279.1,-0.3396,279.76,-0.1039
2026-09-28,2026-09-28T13:39:37.623982,META,RAPID_DECREASE_CANDIDATE,722.615,-0.519,-0.541,0.022,1.134,0.2768,4,0.8,2.599886317737704,5,0.6583951049863919,0.8,0.0,36.5,60.2,34.8,0.0,0.0,54.5,49.6,727.0294,39.7,XLC,41.83467190670956,False,rejected_by_pre_entry_checks,,,723.0799,0.0643,721.165,-0.2007
2026-09-28,2026-09-28T13:39:37.643035,ILMN,RAPID_DECREASE_CANDIDATE,265.85,-0.626,-0.648,0.022,0.844,0.9893,4,1.0,2.08663925691748,5,0.29108473676479374,0.5333333333333333,0.0,33.8,39.5,40.7,0.0,0.0,44.8,0.0,266.8439,,,35.40719227139111,False,rejected_by_pre_entry_checks,,,267.6227,0.6668,272.23,2.3998
2026-09-28,2026-09-28T13:39:37.659938,QCOM,RAPID_DECREASE_CANDIDATE,189.6981,-1.741,-1.763,0.022,0.584,4.5335,4,0.6,1.2410526812384155,5,0.3570545026278345,0.55,0.0,5.9,24.8,0.0,0.0,0.0,36.1,0.0,193.8797,10.2,SMH,22.136843206157963,False,rejected_by_pre_entry_checks,,,188.1441,-0.8192,188.3625,-0.7041
2026-09-28,2026-09-28T13:39:40.946545,META,RAPID_DECREASE_CANDIDATE,722.785,-0.496,-0.518,0.022,1.115,0.5188,2,0.8,2.599886317737704,5,0.6583951049863919,0.8,0.0,37.0,58.7,35.6,0.0,0.0,53.8,0.0,726.9798,40.3,XLC,39.63035201126893,False,rejected_by_pre_entry_checks,,,723.0799,0.0408,721.165,-0.2241
2026-09-28,2026-09-28T13:39:40.972105,QCOM,RAPID_DECREASE_CANDIDATE,189.43,-1.88,-1.902,0.022,0.616,5.7752,2,0.6,1.2410526812384155,5,0.3570545026278345,0.55,0.0,2.5,26.5,0.0,0.0,0.0,37.2,0.0,193.8681,6.7,SMH,21.968920304717255,False,rejected_by_pre_entry_checks,,,188.1441,-0.6788,188.3625,-0.5635
2026-09-28,2026-09-28T13:39:44.273705,META,RAPID_DECREASE_CANDIDATE,722.865,-0.485,-0.507,0.022,1.097,0.1605,3,0.8,2.599886317737704,5,0.6583951049863919,0.8,0.0,37.3,57.3,36.0,0.0,0.0,53.2,75.4,726.9313,40.6,XLC,42.563295224417935,False,rejected_by_pre_entry_checks,,,723.0799,0.0297,721.165,-0.2352
2026-09-28,2026-09-28T13:39:44.291301,ILMN,RAPID_DECREASE_CANDIDATE,266.205,-0.493,-0.515,0.022,0.878,1.0067,3,1.0,2.08663925691748,5,0.29108473676479374,0.5333333333333333,0.0,37.1,41.7,44.0,0.0,0.0,45.9,0.0,266.8503,,,36.8752839668481,False,rejected_by_pre_entry_checks,,,267.6227,0.5326,272.23,2.2633
2026-09-28,2026-09-28T13:39:44.308156,QCOM,RAPID_DECREASE_CANDIDATE,189.5558,-1.815,-1.837,0.022,0.652,9.9496,3,0.6,1.2410526812384155,5,0.3570545026278345,0.55,0.0,4.1,28.4,0.0,0.0,0.0,38.4,0.0,193.8567,8.3,SMH,22.707736129310188,False,rejected_by_pre_entry_checks,,,188.1441,-0.7447,188.3625,-0.6295
2026-09-28,2026-09-28T13:39:47.590646,META,RAPID_DECREASE_CANDIDATE,722.9535,-0.472,-0.494,0.022,1.08,0.5187,2,0.8,2.599886317737704,5,0.6583951049863919,0.8,0.0,37.6,55.9,36.5,0.0,0.0,52.7,0.0,726.8837,40.9,XLC,39.236112756214695,False,rejected_by_pre_entry_checks,,,723.0799,0.0175,721.165,-0.2474
2026-09-28,2026-09-28T13:39:47.611268,QCOM,RAPID_DECREASE_CANDIDATE,189.79,-1.694,-1.716,0.022,0.692,9.9373,2,0.6,1.2410526812384155,5,0.3570545026278345,0.55,0.0,7.1,30.6,0.0,0.0,0.0,39.7,0.0,193.8454,11.4,SMH,23.745964432064014,False,rejected_by_pre_entry_checks,,,188.1441,-0.8672,188.3625,-0.7521
2026-09-28,2026-09-28T13:39:50.907737,META,RAPID_DECREASE_CANDIDATE,723.152,-0.445,-0.467,0.022,1.063,0.7965,2,0.8,2.599886317737704,5,0.6583951049863919,0.8,0.0,38.3,54.6,37.3,0.0,0.0,52.1,0.0,726.8371,41.6,XLC,39.16807272364506,False,rejected_by_pre_entry_checks,,,722.4596,-0.0957,721.165,-0.2748
2026-09-28,2026-09-28T13:39:50.930558,QCOM,RAPID_DECREASE_CANDIDATE,189.7401,-1.72,-1.742,0.022,0.738,5.4759,2,0.6,1.2410526812384155,5,0.3570545026278345,0.55,0.0,6.5,33.2,0.0,0.0,0.0,41.3,0.0,193.8342,10.7,SMH,24.2585930617895,False,rejected_by_pre_entry_checks,,,189.1,-0.3374,188.3625,-0.726
2026-09-28,2026-09-28T13:39:54.267415,META,RAPID_DECREASE_CANDIDATE,723.2417,-0.433,-0.455,0.022,1.046,0.7964,3,0.8,2.599886317737704,5,0.6583951049863919,0.8,0.0,38.6,53.4,37.8,0.0,0.0,51.5,0.0,726.7914,41.9,XLC,39.00006266544971,False,rejected_by_pre_entry_checks,,,722.4596,-0.1081,721.165,-0.2871
2026-09-28,2026-09-28T13:39:54.286733,ILMN,RAPID_DECREASE_CANDIDATE,266.35,-0.439,-0.461,0.022,0.935,1.0099,3,1.0,2.08663925691748,5,0.29108473676479374,0.5333333333333333,0.0,38.5,45.5,45.2,0.0,0.0,47.8,0.0,266.8597,,,38.12491471550052,False,rejected_by_pre_entry_checks,,,268.72,0.8898,272.23,2.2076
2026-09-28,2026-09-28T13:39:54.304939,QCOM,RAPID_DECREASE_CANDIDATE,189.965,-1.603,-1.625,0.022,0.789,0.2264,3,0.6,1.2410526812384155,5,0.3570545026278345,0.55,0.0,9.4,36.2,0.2,0.0,0.0,43.0,60.8,193.8231,13.6,SMH,28.029846871454907,False,rejected_by_pre_entry_checks,,,189.1,-0.4553,188.3625,-0.8436
2026-09-28,2026-09-28T13:39:57.591573,META,RAPID_DECREASE_CANDIDATE,722.83,-0.489,-0.511,0.022,1.03,0.4704,2,0.8,2.599886317737704,5,0.6583951049863919,0.8,0.0,37.2,52.2,36.5,0.0,0.0,51.0,6.6,726.7466,40.5,XLC,38.62003369840255,False,rejected_by_pre_entry_checks,,,722.4596,-0.0512,721.165,-0.2303
2026-09-28,2026-09-28T13:39:57.610842,QCOM,RAPID_DECREASE_CANDIDATE,189.852,-1.662,-1.684,0.022,0.849,4.6247,2,0.6,1.2410526812384155,5,0.3570545026278345,0.55,0.0,7.9,39.9,0.0,0.0,0.0,45.0,0.0,193.8121,12.1,SMH,26.082305986463194,False,rejected_by_pre_entry_checks,,,189.1,-0.3961,188.3625,-0.7846
2026-09-28,2026-09-28T13:40:00.940248,MXL,RAPID_DECREASE_CANDIDATE,92.0,-0.979,-1.002,0.023,0.606,0.5,6,0.8,4.09451630603999,5,0.3855761162613768,0.6166666666666667,0.0,24.9,48.2,38.0,0.0,0.0,36.9,0.0,92.4446,,,34.043699954893775,False,rejected_by_pre_entry_checks,,,89.755,-2.4402,87.02,-5.413
2026-09-28,2026-09-28T13:40:00.973396,VIAV,RAPID_DECREASE_CANDIDATE,40.11,-0.496,-0.519,0.023,0.37,8.8507,6,0.6,2.8844733431844105,5,0.8360244868024191,0.8,0.0,37.0,46.5,10.4,0.0,0.0,29.0,0.0,40.7549,,,31.35419868294254,False,rejected_by_pre_entry_checks,,,39.29,-2.0444,39.425,-1.7078
2026-09-28,2026-09-28T13:40:00.992581,RMBS,RAPID_DECREASE_CANDIDATE,102.12,-0.496,-0.519,0.023,3.225,5.1214,6,1.0,3.5921187079685986,5,0.6391017039001283,0.7333333333333333,0.0,37.0,68.1,37.9,0.0,0.0,100.0,0.0,102.617,,,47.26130604865966,False,rejected_by_pre_entry_checks,,,102.26,0.1371,102.04,-0.0783
2026-09-28,2026-09-28T13:40:01.014093,ILMN,RAPID_DECREASE_CANDIDATE,267.455,-0.302,-0.325,0.023,0.792,1.0058,6,1.0,2.08663925691748,5,0.29108473676479374,0.5333333333333333,0.0,41.9,46.8,55.6,11.1,0.0,43.1,0.0,266.86,,,38.21636514693376,False,rejected_by_pre_entry_checks,,,268.72,0.473,272.42,1.8564
2026-09-28,2026-09-28T13:40:01.038901,QCOM,RAPID_DECREASE_CANDIDATE,189.5,-1.689,-1.712,0.023,2.815,0.3061,6,0.6,1.2410526812384155,5,0.3570545026278345,0.55,0.0,7.2,62.1,0.0,0.0,0.0,100.0,43.1,193.7523,14.3,SMH,38.351487430214775,False,rejected_by_pre_entry_checks,,,189.1,-0.2111,188.275,-0.6464
2026-09-28,2026-09-28T13:40:01.055737,INTC,RAPID_DECREASE_CANDIDATE,118.25,-0.681,-0.704,0.023,0.715,0.0592,6,0.6,1.683915415417859,5,0.7641607066296857,0.7,0.0,32.4,48.3,27.4,0.0,0.0,40.5,98.0,119.3284,39.5,SMH,38.51170384814784,False,rejected_by_pre_entry_checks,,,118.0899,-0.1354,118.38,0.1099
2026-09-28,2026-09-28T13:40:04.458113,MXL,RAPID_DECREASE_CANDIDATE,91.62,-1.388,-1.411,0.023,0.604,0.5021,6,0.8,4.09451630603999,5,0.3855761162613768,0.6166666666666667,0.0,14.7,43.0,27.8,0.0,0.0,36.8,0.0,92.442,,,30.187469609493306,False,rejected_by_pre_entry_checks,,,89.755,-2.0356,87.02,-5.0207
2026-09-28,2026-09-28T13:40:04.479532,VIAV,RAPID_DECREASE_CANDIDATE,40.0,-0.769,-0.792,0.023,0.371,6.05,6,0.6,2.8844733431844105,5,0.8360244868024191,0.8,0.0,30.2,39.1,3.8,0.0,0.0,29.0,0.0,40.7531,,,28.157145294142854,False,rejected_by_pre_entry_checks,,,39.29,-1.775,39.425,-1.4375
2026-09-28,2026-09-28T13:40:04.518439,RMBS,RAPID_DECREASE_CANDIDATE,102.11,-0.506,-0.529,0.023,3.017,5.1219,6,1.0,3.5921187079685986,5,0.6391017039001283,0.7333333333333333,0.0,36.8,98.1,37.8,0.0,0.0,100.0,0.0,102.6124,,,52.20579187727476,False,rejected_by_pre_entry_checks,,,102.26,0.1469,102.04,-0.0686
2026-09-28,2026-09-28T13:40:04.540108,ILMN,RAPID_DECREASE_CANDIDATE,267.3973,-0.323,-0.346,0.023,0.819,1.0023,6,1.0,2.08663925691748,5,0.29108473676479374,0.5333333333333333,0.0,41.4,46.7,55.1,10.1,0.0,44.0,0.0,266.8572,,,38.28971515641269,False,rejected_by_pre_entry_checks,,,268.72,0.4947,272.42,1.8784
2026-09-28,2026-09-28T13:40:04.563363,QCOM,RAPID_DECREASE_CANDIDATE,189.27,-1.808,-1.831,0.023,2.744,9.9646,6,0.6,1.2410526812384155,5,0.3570545026278345,0.55,0.0,4.2,90.1,0.0,0.0,0.0,100.0,0.0,193.6944,11.3,SMH,40.7146848243283,False,rejected_by_pre_entry_checks,,,189.1,-0.0898,188.275,-0.5257
2026-09-28,2026-09-28T13:40:04.580318,INTC,RAPID_DECREASE_CANDIDATE,118.21,-0.715,-0.738,0.023,0.717,0.1269,6,0.6,1.683915415417859,5,0.7641607066296857,0.7,0.0,31.6,44.9,26.7,0.0,0.0,40.6,82.9,119.3228,38.6,SMH,37.10709246218681,False,rejected_by_pre_entry_checks,,,118.0899,-0.1016,118.38,0.1438
2026-09-28,2026-09-28T13:40:07.873199,MXL,RAPID_DECREASE_CANDIDATE,91.85,-1.141,-1.164,0.023,0.617,0.5008,6,0.8,4.09451630603999,5,0.3855761162613768,0.6166666666666667,0.0,20.9,39.5,34.1,0.0,0.0,37.2,0.0,92.4395,,,31.471171616509277,False,rejected_by_pre_entry_checks,,,89.755,-2.2809,87.02,-5.2586
2026-09-28,2026-09-28T13:40:07.918166,VIAV,RAPID_DECREASE_CANDIDATE,40.075,-0.583,-0.606,0.023,0.385,6.0387,6,0.6,2.8844733431844105,5,0.8360244868024191,0.8,0.0,34.9,33.7,8.5,0.0,0.0,29.5,0.0,40.7514,,,28.67174174443027,False,rejected_by_pre_entry_checks,,,39.29,-1.9588,39.425,-1.622
2026-09-28,2026-09-28T13:40:07.945184,RMBS,RAPID_DECREASE_CANDIDATE,102.08,-0.535,-0.558,0.023,2.713,4.8002,6,1.0,3.5921187079685986,5,0.6391017039001283,0.7333333333333333,0.0,36.0,100.0,37.1,0.0,0.0,100.0,0.0,102.6079,,,52.317324335905596,False,rejected_by_pre_entry_checks,,,102.26,0.1763,102.04,-0.0392
2026-09-28,2026-09-28T13:40:07.986491,ILMN,RAPID_DECREASE_CANDIDATE,266.93,-0.498,-0.521,0.023,0.827,6.9794,6,1.0,2.08663925691748,5,0.29108473676479374,0.5333333333333333,0.0,37.0,45.1,50.7,1.4,0.0,44.2,0.0,266.8545,,,37.8635545355551,False,rejected_by_pre_entry_checks,,,268.72,0.6706,272.42,2.0567
2026-09-28,2026-09-28T13:40:08.009127,QCOM,RAPID_DECREASE_CANDIDATE,189.22,-1.834,-1.857,0.023,2.502,0.111,6,0.6,1.2410526812384155,5,0.3570545026278345,0.55,0.0,3.6,100.0,0.0,0.0,0.0,100.0,86.4,193.6384,10.6,SMH,45.86435185185185,False,rejected_by_pre_entry_checks,,,189.1,-0.0634,188.275,-0.4994
2026-09-28,2026-09-28T13:40:08.026435,INTC,RAPID_DECREASE_CANDIDATE,118.28,-0.656,-0.679,0.023,0.729,0.0761,6,0.6,1.683915415417859,5,0.7641607066296857,0.7,0.0,33.0,42.4,28.3,0.0,0.0,41.0,94.2,119.3173,40.1,SMH,37.6481983235336,False,rejected_by_pre_entry_checks,,,118.0899,-0.1607,118.38,0.0845
2026-09-28,2026-09-28T13:40:11.359195,MXL,RAPID_DECREASE_CANDIDATE,91.76,-1.238,-1.261,0.023,0.632,6.626,5,0.8,4.09451630603999,5,0.3855761162613768,0.6166666666666667,0.0,18.5,35.9,31.7,0.0,0.0,37.7,0.0,92.437,,,30.24802708453492,False,rejected_by_pre_entry_checks,,,89.755,-2.185,87.02,-5.1656
2026-09-28,2026-09-28T13:40:11.383008,VIAV,RAPID_DECREASE_CANDIDATE,40.075,-0.583,-0.606,0.023,0.399,6.0387,5,0.6,2.8844733431844105,5,0.8360244868024191,0.8,0.0,34.9,28.2,8.6,0.0,0.0,30.0,0.0,40.7497,,,27.83615358145425,False,rejected_by_pre_entry_checks,,,39.29,-1.9588,39.425,-1.622
2026-09-28,2026-09-28T13:40:11.403757,RMBS,RAPID_DECREASE_CANDIDATE,102.08,-0.535,-0.558,0.023,2.465,4.8002,5,1.0,3.5921187079685986,5,0.6391017039001283,0.7333333333333333,0.0,36.0,100.0,37.2,0.0,0.0,98.8,0.0,102.6035,,,52.1847848776395,False,rejected_by_pre_entry_checks,,,102.26,0.1763,102.04,-0.0392
2026-09-28,2026-09-28T13:40:11.434065,QCOM,RAPID_DECREASE_CANDIDATE,189.48,-1.699,-1.722,0.023,2.299,9.9536,5,0.6,1.2410526812384155,5,0.3570545026278345,0.55,0.0,7.0,100.0,0.0,0.0,0.0,93.3,0.0,193.5841,14.0,SMH,41.98749999999999,False,rejected_by_pre_entry_checks,,,189.1,-0.2005,188.275,-0.636
2026-09-28,2026-09-28T13:40:11.452337,INTC,RAPID_DECREASE_CANDIDATE,118.38,-0.572,-0.595,0.023,0.741,0.9883,5,0.6,1.683915415417859,5,0.7641607066296857,0.7,0.0,35.1,39.9,30.5,0.0,0.0,41.4,0.0,119.3118,42.2,SMH,33.976533745098884,False,rejected_by_pre_entry_checks,,,118.0899,-0.2451,118.38,0.0
2026-09-28,2026-09-28T13:40:14.656392,MXL,RAPID_DECREASE_CANDIDATE,91.76,-1.238,-1.261,0.023,0.647,6.626,6,0.8,4.09451630603999,5,0.3855761162613768,0.6166666666666667,0.0,18.5,32.4,31.8,0.0,0.0,38.2,0.0,92.4345,,,29.73323232205336,False,rejected_by_pre_entry_checks,,,89.755,-2.185,87.02,-5.1656
2026-09-28,2026-09-28T13:40:14.674752,VIAV,RAPID_DECREASE_CANDIDATE,40.075,-0.583,-0.606,0.023,0.415,6.0387,6,0.6,2.8844733431844105,5,0.8360244868024191,0.8,0.0,34.9,22.8,8.7,0.0,0.0,30.5,0.0,40.748,,,27.008823785397603,False,rejected_by_pre_entry_checks,,,39.29,-1.9588,39.425,-1.622
2026-09-28,2026-09-28T13:40:14.693188,RMBS,RAPID_DECREASE_CANDIDATE,102.08,-0.535,-0.558,0.023,2.258,4.8002,6,1.0,3.5921187079685986,5,0.6391017039001283,0.7333333333333333,0.0,36.0,100.0,37.3,0.0,0.0,91.9,0.0,102.5992,,,51.335260778223535,False,rejected_by_pre_entry_checks,,,102.26,0.1763,102.04,-0.0392
2026-09-28,2026-09-28T13:40:14.716292,ILMN,RAPID_DECREASE_CANDIDATE,267.14,-0.419,-0.442,0.023,0.844,6.9739,6,1.0,2.08663925691748,5,0.29108473676479374,0.5333333333333333,0.0,39.0,41.8,52.7,5.5,0.0,44.8,0.0,266.849,,,37.46260055388674,False,rejected_by_pre_entry_checks,,,268.72,0.5915,272.42,1.9765
2026-09-28,2026-09-28T13:40:14.740653,QCOM,RAPID_DECREASE_CANDIDATE,189.48,-1.699,-1.722,0.023,2.126,9.9536,6,0.6,1.2410526812384155,5,0.3570545026278345,0.55,0.0,7.0,100.0,0.0,0.0,0.0,87.5,0.0,193.5314,14.0,SMH,41.26666666666666,False,rejected_by_pre_entry_checks,,,189.1,-0.2005,188.275,-0.636
2026-09-28,2026-09-28T13:40:14.756548,INTC,RAPID_DECREASE_CANDIDATE,118.38,-0.572,-0.595,0.023,0.753,1.0052,6,0.6,1.683915415417859,5,0.7641607066296857,0.7,0.0,35.1,37.3,30.6,0.0,0.0,41.8,0.0,119.3064,42.2,SMH,33.617805593903796,False,rejected_by_pre_entry_checks,,,118.0899,-0.2451,118.38,0.0
2026-09-28,2026-09-28T13:40:18.001451,GRAL,RAPID_DECREASE_CANDIDATE,133.31,-0.468,-0.491,0.023,0.649,0.9002,6,0.8,4.915730979976147,5,0.5465175439728505,0.7166666666666666,0.0,37.7,28.2,62.0,23.9,0.0,38.3,0.0,132.6749,,,33.03028651217594,False,rejected_by_pre_entry_checks,,,129.0,-3.2331,128.925,-3.2893
2026-09-28,2026-09-28T13:40:18.019982,MXL,RAPID_DECREASE_CANDIDATE,91.685,-1.318,-1.341,0.023,0.662,0.6108,6,0.8,4.09451630603999,5,0.3855761162613768,0.6166666666666667,0.0,16.5,28.9,29.8,0.0,0.0,38.7,0.0,92.4321,,,28.63147059613256,False,rejected_by_pre_entry_checks,,,89.755,-2.105,87.02,-5.0881
2026-09-28,2026-09-28T13:40:18.046114,VIAV,RAPID_DECREASE_CANDIDATE,40.0968,-0.529,-0.552,0.023,0.432,6.0354,6,0.6,2.8844733431844105,5,0.8360244868024191,0.8,0.0,36.2,17.4,10.1,0.0,0.0,31.1,0.0,40.7464,,,26.577779166795885,False,rejected_by_pre_entry_checks,,,39.29,-2.0121,39.425,-1.6754
2026-09-28,2026-09-28T13:40:18.187407,RMBS,RAPID_DECREASE_CANDIDATE,101.802,-0.806,-0.829,0.023,2.083,0.334,6,1.0,3.5921187079685986,5,0.6391017039001283,0.7333333333333333,0.0,29.3,100.0,30.7,0.0,0.0,86.1,36.9,102.595,,,50.179857709796835,False,rejected_by_pre_entry_checks,,,102.26,0.4499,102.04,0.2338
2026-09-28,2026-09-28T13:40:18.252203,QCOM,RAPID_DECREASE_CANDIDATE,189.5101,-1.683,-1.706,0.023,1.978,4.4747,6,0.6,1.2410526812384155,5,0.3570545026278345,0.55,0.0,7.4,100.0,0.0,0.0,0.0,82.6,0.0,193.4804,14.4,SMH,40.71666666666666,False,rejected_by_pre_entry_checks,,,189.1,-0.2164,188.275,-0.6517
2026-09-28,2026-09-28T13:40:18.270814,INTC,RAPID_DECREASE_CANDIDATE,118.3819,-0.57,-0.593,0.023,0.765,0.0338,6,0.6,1.683915415417859,5,0.7641607066296857,0.7,0.0,35.2,34.8,30.7,0.0,0.0,42.2,100.0,119.301,42.2,SMH,37.43890010952355,False,rejected_by_pre_entry_checks,,,118.0899,-0.2467,118.38,-0.0016
2026-09-28,2026-09-28T13:40:21.489532,GRAL,RAPID_DECREASE_CANDIDATE,133.0101,-0.691,-0.714,0.023,0.666,0.8872,6,0.8,4.915730979976147,5,0.5465175439728505,0.7166666666666666,0.0,32.2,29.1,56.2,12.3,0.0,38.9,0.0,132.6824,,,33.047049903854585,False,rejected_by_pre_entry_checks,,,129.0,-3.0149,128.925,-3.0713
2026-09-28,2026-09-28T13:40:21.508155,MXL,RAPID_DECREASE_CANDIDATE,91.6924,-1.311,-1.334,0.023,0.678,0.6216,6,0.8,4.09451630603999,5,0.3855761162613768,0.6166666666666667,0.0,16.7,29.8,30.1,0.0,0.0,39.3,0.0,92.4296,,,28.91014338999537,False,rejected_by_pre_entry_checks,,,89.755,-2.1129,87.02,-5.0957
2026-09-28,2026-09-28T13:40:21.531304,VIAV,RAPID_DECREASE_CANDIDATE,40.07,-0.595,-0.618,0.023,0.45,6.0394,6,0.6,2.8844733431844105,5,0.8360244868024191,0.8,0.0,34.5,18.2,8.6,0.0,0.0,31.7,0.0,40.7447,,,26.32633391193256,False,rejected_by_pre_entry_checks,,,39.29,-1.9466,39.425,-1.6097
2026-09-28,2026-09-28T13:40:21.549268,RMBS,RAPID_DECREASE_CANDIDATE,101.9461,-0.666,-0.689,0.023,1.934,7.3176,6,1.0,3.5921187079685986,5,0.6391017039001283,0.7333333333333333,0.0,32.8,100.0,34.3,0.0,0.0,81.1,0.0,102.5909,,,49.05660005340232,False,rejected_by_pre_entry_checks,,,102.26,0.3079,102.04,0.0921
2026-09-28,2026-09-28T13:40:21.568400,QCOM,RAPID_DECREASE_CANDIDATE,189.73,-1.569,-1.592,0.023,1.849,0.2583,6,0.6,1.2410526812384155,5,0.3570545026278345,0.55,0.0,10.2,100.0,2.2,0.0,0.0,78.3,53.7,193.4309,17.3,SMH,43.163062809570604,False,rejected_by_pre_entry_checks,,,189.1,-0.3321,188.275,-0.7669
2026-09-28,2026-09-28T13:40:21.583980,INTC,RAPID_DECREASE_CANDIDATE,118.36,-0.589,-0.612,0.023,0.779,0.0422,6,0.6,1.683915415417859,5,0.7641607066296857,0.7,0.0,34.7,35.6,30.4,0.0,0.0,42.6,100.0,119.2957,41.8,SMH,37.50332503738099,False,rejected_by_pre_entry_checks,,,118.0899,-0.2282,118.38,0.0169
2026-09-28,2026-09-28T13:40:24.813180,MXL,RAPID_DECREASE_CANDIDATE,91.6924,-1.311,-1.334,0.023,0.696,0.6216,6,0.8,4.09451630603999,5,0.3855761162613768,0.6166666666666667,0.0,16.7,30.8,30.1,0.0,0.0,39.9,0.0,92.4272,,,29.152489460382974,False,rejected_by_pre_entry_checks,,,89.755,-2.1129,87.02,-5.0957
2026-09-28,2026-09-28T13:40:24.830796,VIAV,RAPID_DECREASE_CANDIDATE,40.07,-0.595,-0.618,0.023,0.47,6.0394,6,0.6,2.8844733431844105,5,0.8360244868024191,0.8,0.0,34.5,19.1,8.7,0.0,0.0,32.3,0.0,40.743,,,26.57824322943136,False,rejected_by_pre_entry_checks,,,39.29,-1.9466,39.425,-1.6097
2026-09-28,2026-09-28T13:40:24.847853,RMBS,RAPID_DECREASE_CANDIDATE,101.95,-0.662,-0.685,0.023,1.804,7.3173,6,1.0,3.5921187079685986,5,0.6391017039001283,0.7333333333333333,0.0,32.9,100.0,34.5,0.0,0.0,76.8,0.0,102.587,,,48.55555190585613,False,rejected_by_pre_entry_checks,,,102.26,0.3041,102.04,0.0883
2026-09-28,2026-09-28T13:40:24.865340,ILMN,RAPID_DECREASE_CANDIDATE,266.6502,-0.602,-0.625,0.023,0.871,6.8629,6,1.0,2.08663925691748,5,0.29108473676479374,0.5333333333333333,0.0,34.4,41.3,48.2,0.0,0.0,45.7,0.0,266.841,,,36.84968762464817,False,rejected_by_pre_entry_checks,,,268.72,0.7762,272.42,2.1638
2026-09-28,2026-09-28T13:40:24.886281,QCOM,RAPID_DECREASE_CANDIDATE,189.768,-1.55,-1.573,0.023,1.735,9.9385,6,0.6,1.2410526812384155,5,0.3570545026278345,0.55,0.0,10.7,100.0,3.3,0.0,0.0,74.5,0.0,193.3829,17.8,SMH,40.66682640345261,False,rejected_by_pre_entry_checks,,,189.1,-0.352,188.275,-0.7868
2026-09-28,2026-09-28T13:40:24.903304,INTC,RAPID_DECREASE_CANDIDATE,118.2865,-0.65,-0.673,0.023,0.792,0.0507,6,0.6,1.683915415417859,5,0.7641607066296857,0.7,0.0,33.2,36.4,29.0,0.0,0.0,43.1,99.8,119.2905,40.2,SMH,37.25263141116633,False,rejected_by_pre_entry_checks,,,118.0899,-0.1662,118.38,0.079
2026-09-28,2026-09-28T13:40:28.376610,GRAL,RAPID_DECREASE_CANDIDATE,133.16,-0.58,-0.603,0.023,0.702,2.4407,8,0.8,4.915730979976147,5,0.5465175439728505,0.7166666666666666,0.0,34.9,31.1,58.7,17.4,0.0,40.1,0.0,132.697,,,33.674324483417365,False,rejected_by_pre_entry_checks,,,129.0,-3.1241,128.925,-3.1804
2026-09-28,2026-09-28T13:40:28.395214,MXL,RAPID_DECREASE_CANDIDATE,91.77,-1.227,-1.25,0.023,0.714,0.5993,8,0.8,4.09451630603999,5,0.3855761162613768,0.6166666666666667,0.0,18.8,31.8,32.3,0.0,0.0,40.5,0.0,92.4248,,,30.017689427098205,False,rejected_by_pre_entry_checks,,,89.755,-2.1957,87.02,-5.176
2026-09-28,2026-09-28T13:40:28.416846,VIAV,RAPID_DECREASE_CANDIDATE,40.07,-0.595,-0.618,0.023,0.492,6.0394,8,0.6,2.8844733431844105,5,0.8360244868024191,0.8,0.0,34.5,20.2,8.8,0.0,0.0,33.1,0.0,40.7414,,,26.855335255735962,False,rejected_by_pre_entry_checks,,,39.29,-1.9466,39.425,-1.6097
2026-09-28,2026-09-28T13:40:28.434737,AEHR,RAPID_DECREASE_CANDIDATE,99.29,-0.321,-0.344,0.023,1.421,17.6956,8,0.6,2.2181261848106475,5,0.7943571234524781,0.75,0.0,41.4,86.7,29.4,0.0,0.0,64.0,0.0,100.1141,,,45.525490423763,False,rejected_by_pre_entry_checks,,,98.66,-0.6345,97.9,-1.3999
2026-09-28,2026-09-28T13:40:28.479395,RMBS,RAPID_DECREASE_CANDIDATE,101.92,-0.691,-0.714,0.023,1.691,7.3195,8,1.0,3.5921187079685986,5,0.6391017039001283,0.7333333333333333,0.0,32.2,100.0,33.8,0.0,0.0,73.0,0.0,102.5831,,,47.884292456135896,False,rejected_by_pre_entry_checks,,,102.26,0.3336,102.04,0.1177
2026-09-28,2026-09-28T13:40:28.498590,ILMN,RAPID_DECREASE_CANDIDATE,266.69,-0.587,-0.61,0.023,0.881,6.6932,8,1.0,2.08663925691748,5,0.29108473676479374,0.5333333333333333,0.0,34.8,41.9,48.6,0.0,0.0,46.0,0.0,266.8384,,,37.104909619171295,False,rejected_by_pre_entry_checks,,,268.72,0.7612,272.42,2.1486
2026-09-28,2026-09-28T13:40:28.517231,QCOM,RAPID_DECREASE_CANDIDATE,189.695,-1.588,-1.611,0.023,1.635,5.493,8,0.6,1.2410526812384155,5,0.3570545026278345,0.55,0.0,9.7,100.0,2.9,0.0,0.0,71.2,0.0,193.3362,16.8,SMH,40.047828631519245,False,rejected_by_pre_entry_checks,,,189.1,-0.3137,188.275,-0.7486
2026-09-28,2026-09-28T13:40:28.536401,INTC,RAPID_DECREASE_CANDIDATE,118.31,-0.631,-0.654,0.023,0.806,0.0592,8,0.6,1.683915415417859,5,0.7641607066296857,0.7,0.0,33.6,37.2,29.6,0.0,0.0,43.5,98.0,119.2853,40.7,SMH,37.52743667636972,False,rejected_by_pre_entry_checks,,,118.0899,-0.186,118.38,0.0592
2026-09-28,2026-09-28T13:40:31.799772,GRAL,RAPID_DECREASE_CANDIDATE,133.46,-0.356,-0.379,0.023,0.721,0.6744,7,0.8,4.915730979976147,5,0.5465175439728505,0.7166666666666666,0.0,40.5,32.2,64.2,28.5,0.0,40.7,0.0,132.7042,,,34.18167946586494,False,rejected_by_pre_entry_checks,,,129.0,-3.3418,128.925,-3.398
2026-09-28,2026-09-28T13:40:31.817989,MXL,RAPID_DECREASE_CANDIDATE,92.31,-0.646,-0.669,0.023,0.733,7.139,7,0.8,4.09451630603999,5,0.3855761162613768,0.6166666666666667,0.0,33.3,32.9,47.0,0.0,0.0,41.1,0.0,92.4225,,,34.53293809838183,False,rejected_by_pre_entry_checks,,,89.755,-2.7678,87.02,-5.7307
2026-09-28,2026-09-28T13:40:31.837327,VIAV,RAPID_DECREASE_CANDIDATE,40.17,-0.347,-0.37,0.023,0.515,6.0244,7,0.6,2.8844733431844105,5,0.8360244868024191,0.8,0.0,40.8,21.3,15.0,0.0,0.0,33.8,0.0,40.7397,,,28.95675158599344,False,rejected_by_pre_entry_checks,,,39.29,-2.1907,39.425,-1.8546
2026-09-28,2026-09-28T13:40:31.855616,RMBS,RAPID_DECREASE_CANDIDATE,102.18,-0.438,-0.461,0.023,1.591,0.4698,7,1.0,3.5921187079685986,5,0.6391017039001283,0.7333333333333333,0.0,38.5,100.0,40.3,0.0,0.0,69.7,6.7,102.5792,,,49.605019574026755,False,rejected_by_pre_entry_checks,,,102.26,0.0783,102.04,-0.137
2026-09-28,2026-09-28T13:40:31.874690,ILMN,RAPID_DECREASE_CANDIDATE,266.75,-0.565,-0.588,0.023,0.89,6.6917,7,1.0,2.08663925691748,5,0.29108473676479374,0.5333333333333333,0.0,35.3,42.5,49.2,0.0,0.0,46.3,0.0,266.8358,,,37.41179667482599,False,rejected_by_pre_entry_checks,,,268.72,0.7385,272.42,2.1256
2026-09-28,2026-09-28T13:40:31.893508,QCOM,RAPID_DECREASE_CANDIDATE,189.56,-1.658,-1.681,0.023,1.546,9.9494,7,0.6,1.2410526812384155,5,0.3570545026278345,0.55,0.0,8.0,100.0,1.7,0.0,0.0,68.2,0.0,193.2909,15.1,SMH,39.238957330742416,False,rejected_by_pre_entry_checks,,,189.1,-0.2427,188.275,-0.6779
2026-09-28,2026-09-28T13:40:31.911211,INTC,RAPID_DECREASE_CANDIDATE,118.43,-0.53,-0.553,0.023,0.82,0.0338,7,0.6,1.683915415417859,5,0.7641607066296857,0.7,0.0,36.2,38.1,32.2,0.0,0.0,44.0,100.0,119.2801,43.2,SMH,38.56719186282972,False,rejected_by_pre_entry_checks,,,118.0899,-0.2872,118.38,-0.0422
2026-09-28,2026-09-28T13:40:35.150588,GRAL,RAPID_DECREASE_CANDIDATE,133.2,-0.55,-0.573,0.023,0.742,0.6757,7,0.8,4.915730979976147,5,0.5465175439728505,0.7166666666666666,0.0,35.7,33.4,59.2,18.4,0.0,41.4,0.0,132.7112,,,34.287784004806475,False,rejected_by_pre_entry_checks,,,129.0,-3.1532,128.925,-3.2095
2026-09-28,2026-09-28T13:40:35.175524,MXL,RAPID_DECREASE_CANDIDATE,92.16,-0.807,-0.83,0.023,0.753,7.1506,7,0.8,4.09451630603999,5,0.3855761162613768,0.6166666666666667,0.0,29.2,34.0,43.0,0.0,0.0,41.8,0.0,92.4201,,,33.64048395927169,False,rejected_by_pre_entry_checks,,,89.755,-2.6096,87.02,-5.5773
2026-09-28,2026-09-28T13:40:35.195204,VIAV,RAPID_DECREASE_CANDIDATE,40.15,-0.397,-0.42,0.023,0.542,6.0274,7,0.6,2.8844733431844105,5,0.8360244868024191,0.8,0.0,39.5,22.6,13.9,0.0,0.0,34.7,0.0,40.7381,,,28.936094215778308,False,rejected_by_pre_entry_checks,,,39.29,-2.142,39.425,-1.8057
2026-09-28,2026-09-28T13:40:35.213830,RMBS,RAPID_DECREASE_CANDIDATE,102.11,-0.506,-0.529,0.023,1.502,0.5484,7,1.0,3.5921187079685986,5,0.6391017039001283,0.7333333333333333,0.0,36.8,95.7,38.7,0.0,0.0,66.7,0.0,102.5755,,,47.75243463637696,False,rejected_by_pre_entry_checks,,,102.26,0.1469,102.04,-0.0686
2026-09-28,2026-09-28T13:40:35.231726,ILMN,RAPID_DECREASE_CANDIDATE,266.75,-0.565,-0.588,0.023,0.9,6.6917,7,1.0,2.08663925691748,5,0.29108473676479374,0.5333333333333333,0.0,35.3,43.2,49.2,0.0,0.0,46.7,0.0,266.8332,,,37.56406211080614,False,rejected_by_pre_entry_checks,,,268.72,0.7385,272.42,2.1256
2026-09-28,2026-09-28T13:40:35.249422,QCOM,RAPID_DECREASE_CANDIDATE,189.6,-1.637,-1.66,0.023,1.466,9.9473,7,0.6,1.2410526812384155,5,0.3570545026278345,0.55,0.0,8.5,91.6,2.8,0.0,0.0,65.5,0.0,193.2469,15.6,SMH,37.72327355996865,False,rejected_by_pre_entry_checks,,,189.1,-0.2637,188.275,-0.6988
2026-09-28,2026-09-28T13:40:35.267256,INTC,RAPID_DECREASE_CANDIDATE,118.4558,-0.508,-0.531,0.023,0.835,0.0844,7,0.6,1.683915415417859,5,0.7641607066296857,0.7,0.0,36.7,39.0,32.8,0.0,0.0,44.5,92.4,119.2751,43.8,SMH,38.63853076639352,False,rejected_by_pre_entry_checks,,,118.0899,-0.3089,118.38,-0.064
2026-09-28,2026-09-28T13:40:38.511226,GRAL,RAPID_DECREASE_CANDIDATE,133.46,-0.356,-0.379,0.023,0.764,0.6594,7,0.8,4.915730979976147,5,0.5465175439728505,0.7166666666666666,0.0,40.5,34.7,64.0,27.9,0.0,42.1,0.0,132.7182,,,34.80518098122247,False,rejected_by_pre_entry_checks,,,129.0,-3.3418,128.925,-3.398
2026-09-28,2026-09-28T13:40:38.529437,MXL,RAPID_DECREASE_CANDIDATE,92.16,-0.807,-0.83,0.023,0.774,7.1506,7,0.8,4.09451630603999,5,0.3855761162613768,0.6166666666666667,0.0,29.2,35.3,43.0,0.0,0.0,42.5,0.0,92.4178,,,33.94443111877191,False,rejected_by_pre_entry_checks,,,89.755,-2.6096,87.02,-5.5773
2026-09-28,2026-09-28T13:40:38.546841,VIAV,RAPID_DECREASE_CANDIDATE,40.07,-0.595,-0.618,0.023,0.571,6.0394,7,0.6,2.8844733431844105,5,0.8360244868024191,0.8,0.0,34.5,24.1,9.1,0.0,0.0,35.7,0.0,40.7365,,,27.874750265832414,False,rejected_by_pre_entry_checks,,,39.29,-1.9466,39.425,-1.6097
2026-09-28,2026-09-28T13:40:38.567048,RMBS,RAPID_DECREASE_CANDIDATE,102.085,-0.53,-0.553,0.023,1.423,0.5388,7,1.0,3.5921187079685986,5,0.6391017039001283,0.7333333333333333,0.0,36.2,86.9,38.1,0.0,0.0,64.1,0.0,102.5719,,,45.78771085453469,False,rejected_by_pre_entry_checks,,,102.26,0.1714,102.04,-0.0441
2026-09-28,2026-09-28T13:40:38.588593,ILMN,RAPID_DECREASE_CANDIDATE,266.35,-0.714,-0.737,0.023,0.91,12.0556,7,1.0,2.08663925691748,5,0.29108473676479374,0.5333333333333333,0.0,31.6,43.8,45.5,0.0,0.0,47.0,0.0,266.8307,,,36.63032483221209,False,rejected_by_pre_entry_checks,,,268.72,0.8898,272.42,2.279
2026-09-28,2026-09-28T13:40:38.608955,QCOM,RAPID_DECREASE_CANDIDATE,189.685,-1.593,-1.616,0.023,1.394,9.9428,7,0.6,1.2410526812384155,5,0.3570545026278345,0.55,0.0,9.6,83.8,4.5,0.0,0.0,63.1,0.0,193.204,16.7,SMH,36.521266782045785,False,rejected_by_pre_entry_checks,,,189.1,-0.3084,188.275,-0.7433
2026-09-28,2026-09-28T13:40:38.628461,INTC,RAPID_DECREASE_CANDIDATE,118.4,-0.555,-0.578,0.023,0.851,0.0507,7,0.6,1.683915415417859,5,0.7641607066296857,0.7,0.0,35.5,40.0,31.8,0.0,0.0,45.0,99.8,119.27,42.6,SMH,38.85090391871225,False,rejected_by_pre_entry_checks,,,118.0899,-0.2619,118.38,-0.0169
2026-09-28,2026-09-28T13:40:41.873735,GRAL,RAPID_DECREASE_CANDIDATE,133.46,-0.356,-0.379,0.023,0.787,0.6594,7,0.8,4.915730979976147,5,0.5465175439728505,0.7166666666666666,0.0,40.5,36.1,63.8,27.7,0.0,42.9,0.0,132.7251,,,35.14738053082305,False,rejected_by_pre_entry_checks,,,129.0,-3.3418,128.925,-3.398
2026-09-28,2026-09-28T13:40:41.892374,MXL,RAPID_DECREASE_CANDIDATE,92.59,-0.344,-0.367,0.023,0.797,0.6264,7,0.8,4.09451630603999,5,0.3855761162613768,0.6166666666666667,0.0,40.8,36.6,54.7,9.4,0.0,43.2,0.0,92.4155,,,36.47539206133859,False,rejected_by_pre_entry_checks,,,89.755,-3.0619,87.02,-6.0158
2026-09-28,2026-09-28T13:40:41.949652,VIAV,RAPID_DECREASE_CANDIDATE,40.07,-0.595,-0.618,0.023,0.603,6.0394,7,0.6,2.8844733431844105,5,0.8360244868024191,0.8,0.0,34.5,25.8,9.2,0.0,0.0,36.8,0.0,40.7349,,,28.298333666986295,False,rejected_by_pre_entry_checks,,,39.29,-1.9466,39.425,-1.6097
2026-09-28,2026-09-28T13:40:41.988314,RMBS,RAPID_DECREASE_CANDIDATE,102.085,-0.53,-0.553,0.023,1.351,4.9077,7,1.0,3.5921187079685986,5,0.6391017039001283,0.7333333333333333,0.0,36.2,79.5,38.2,0.0,0.0,61.7,0.0,102.5683,,,44.27631247208622,False,rejected_by_pre_entry_checks,,,102.26,0.1714,102.04,-0.0441
2026-09-28,2026-09-28T13:40:42.006484,ILMN,RAPID_DECREASE_CANDIDATE,265.55,-1.012,-1.035,0.023,0.921,12.0919,7,1.0,2.08663925691748,5,0.29108473676479374,0.5333333333333333,0.0,24.1,44.5,38.0,0.0,0.0,47.4,0.0,266.8282,,,34.61489416460964,False,rejected_by_pre_entry_checks,,,268.72,1.1937,272.42,2.5871
2026-09-28,2026-09-28T13:40:42.024519,QCOM,RAPID_DECREASE_CANDIDATE,191.3511,-0.728,-0.751,0.023,1.328,9.8562,7,0.6,1.2410526812384155,5,0.3570545026278345,0.55,0.0,31.2,77.3,26.6,0.0,0.0,60.9,0.0,193.1624,38.3,SMH,41.52254178419509,False,rejected_by_pre_entry_checks,,,189.1,-1.1764,188.275,-1.6076
2026-09-28,2026-09-28T13:40:42.040345,INTC,RAPID_DECREASE_CANDIDATE,118.365,-0.584,-0.607,0.023,0.867,0.0591,7,0.6,1.683915415417859,5,0.7641607066296857,0.7,0.0,34.8,41.0,31.1,0.0,0.0,45.6,98.0,119.2651,41.9,SMH,38.811155671418206,False,rejected_by_pre_entry_checks,,,118.0899,-0.2324,118.38,0.0127
2026-09-28,2026-09-28T13:40:45.330383,MXL,RAPID_DECREASE_CANDIDATE,92.59,-0.344,-0.367,0.023,0.821,0.6264,6,0.8,4.09451630603999,5,0.3855761162613768,0.6166666666666667,0.0,40.8,38.1,54.8,9.6,0.0,44.0,0.0,92.4132,,,36.80991932328766,False,rejected_by_pre_entry_checks,,,89.755,-3.0619,87.02,-6.0158
2026-09-28,2026-09-28T13:40:45.348880,VIAV,RAPID_DECREASE_CANDIDATE,40.07,-0.595,-0.618,0.023,0.639,6.0394,6,0.6,2.8844733431844105,5,0.8360244868024191,0.8,0.0,34.5,27.7,9.3,0.0,0.0,38.0,0.0,40.7333,,,28.77988274076462,False,rejected_by_pre_entry_checks,,,39.29,-1.9466,39.425,-1.6097
2026-09-28,2026-09-28T13:40:45.366630,RMBS,RAPID_DECREASE_CANDIDATE,101.985,-0.628,-0.651,0.023,1.287,4.9125,6,1.0,3.5921187079685986,5,0.6391017039001283,0.7333333333333333,0.0,33.7,73.4,35.9,0.0,0.0,59.6,0.0,102.5648,,,42.27526455400564,False,rejected_by_pre_entry_checks,,,102.26,0.2696,102.04,0.0539
2026-09-28,2026-09-28T13:40:45.385299,ILMN,RAPID_DECREASE_CANDIDATE,265.91,-0.878,-0.901,0.023,0.931,12.0755,6,1.0,2.08663925691748,5,0.29108473676479374,0.5333333333333333,0.0,27.5,45.2,41.4,0.0,0.0,47.7,0.0,266.8256,,,35.75745873499271,False,rejected_by_pre_entry_checks,,,268.72,1.0567,272.42,2.4482
2026-09-28,2026-09-28T13:40:45.408509,QCOM,RAPID_DECREASE_CANDIDATE,189.76,-1.554,-1.577,0.023,1.269,9.9389,6,0.6,1.2410526812384155,5,0.3570545026278345,0.55,0.0,10.6,71.7,6.5,0.0,0.0,59.0,0.0,193.1219,17.6,SMH,34.3935033271022,False,rejected_by_pre_entry_checks,,,189.1,-0.3478,188.275,-0.7826
2026-09-28,2026-09-28T13:40:45.426655,INTC,RAPID_DECREASE_CANDIDATE,118.3568,-0.591,-0.614,0.023,0.884,0.0676,6,0.6,1.683915415417859,5,0.7641607066296857,0.7,0.0,34.6,42.1,31.1,0.0,0.0,46.1,96.1,119.2602,41.7,SMH,38.9453981384129,False,rejected_by_pre_entry_checks,,,118.0899,-0.2255,118.38,0.0196
2026-09-28,2026-09-28T13:40:48.698044,GRAL,RAPID_DECREASE_CANDIDATE,133.49,-0.333,-0.356,0.023,0.838,0.7192,7,0.8,4.915730979976147,5,0.5465175439728505,0.7166666666666666,0.0,41.1,39.2,64.2,28.3,0.0,44.6,0.0,132.7385,,,35.93686057190559,False,rejected_by_pre_entry_checks,,,129.0,-3.3635,128.925,-3.4197
2026-09-28,2026-09-28T13:40:48.714965,MXL,RAPID_DECREASE_CANDIDATE,91.735,-1.265,-1.288,0.023,0.846,0.5123,7,0.8,4.09451630603999,5,0.3855761162613768,0.6166666666666667,0.0,17.8,39.7,31.7,0.0,0.0,44.9,0.0,92.4109,,,31.65127225613191,False,rejected_by_pre_entry_checks,,,89.755,-2.1584,87.02,-5.1398
2026-09-28,2026-09-28T13:40:48.732588,VIAV,RAPID_DECREASE_CANDIDATE,40.15,-0.397,-0.42,0.023,0.68,6.0274,7,0.6,2.8844733431844105,5,0.8360244868024191,0.8,0.0,39.5,29.9,14.3,0.0,0.0,39.3,0.0,40.7317,,,30.77231032255506,False,rejected_by_pre_entry_checks,,,39.29,-2.142,39.425,-1.8057
2026-09-28,2026-09-28T13:40:48.751432,RMBS,RAPID_DECREASE_CANDIDATE,102.02,-0.594,-0.617,0.023,1.228,0.5293,7,1.0,3.5921187079685986,5,0.6391017039001283,0.7333333333333333,0.0,34.6,68.1,36.8,0.0,0.0,57.6,0.0,102.5614,,,41.40518950111086,False,rejected_by_pre_entry_checks,,,102.26,0.2352,102.04,0.0196
2026-09-28,2026-09-28T13:40:48.772657,ILMN,RAPID_DECREASE_CANDIDATE,265.95,-0.863,-0.886,0.023,0.942,6.5426,7,1.0,2.08663925691748,5,0.29108473676479374,0.5333333333333333,0.0,27.9,46.0,41.8,0.0,0.0,48.1,0.0,266.8231,,,36.037375605453924,False,rejected_by_pre_entry_checks,,,268.72,1.0415,272.42,2.4328
2026-09-28,2026-09-28T13:40:48.800849,QCOM,RAPID_DECREASE_CANDIDATE,189.76,-1.554,-1.577,0.023,1.214,9.9389,7,0.6,1.2410526812384155,5,0.3570545026278345,0.55,0.0,10.6,66.9,7.0,0.0,0.0,57.1,0.0,193.0824,17.6,SMH,33.420923763168545,False,rejected_by_pre_entry_checks,,,189.1,-0.3478,188.275,-0.7826
2026-09-28,2026-09-28T13:40:48.818022,INTC,RAPID_DECREASE_CANDIDATE,118.274,-0.661,-0.684,0.023,0.901,0.0845,7,0.6,1.683915415417859,5,0.7641607066296857,0.7,0.0,32.9,43.2,29.4,0.0,0.0,46.7,92.3,119.2553,40.0,SMH,38.553475614925134,False,rejected_by_pre_entry_checks,,,118.0899,-0.1557,118.38,0.0896
2026-09-28,2026-09-28T13:40:52.068319,MXL,RAPID_DECREASE_CANDIDATE,91.8172,-1.176,-1.199,0.023,0.873,0.5119,7,0.8,4.09451630603999,5,0.3855761162613768,0.6166666666666667,0.0,20.0,41.4,34.0,0.0,0.0,45.8,0.0,92.4086,,,32.70511021582367,False,rejected_by_pre_entry_checks,,,89.965,-2.0173,87.02,-5.2247
2026-09-28,2026-09-28T13:40:52.088040,VIAV,RAPID_DECREASE_CANDIDATE,40.0749,-0.583,-0.606,0.023,0.727,6.0387,7,0.6,2.8844733431844105,5,0.8360244868024191,0.8,0.0,34.9,32.5,9.8,0.0,0.0,40.9,0.0,40.7301,,,30.064518817334996,False,rejected_by_pre_entry_checks,,,39.15,-2.3079,39.425,-1.6217
2026-09-28,2026-09-28T13:40:52.107846,AEHR,RAPID_DECREASE_CANDIDATE,99.14,-0.472,-0.495,0.023,1.121,2.4208,7,0.6,2.2181261848106475,5,0.7943571234524781,0.75,0.0,37.6,59.1,26.5,0.0,0.0,54.0,0.0,100.0818,,,38.68261249571088,False,rejected_by_pre_entry_checks,,,98.25,-0.8977,97.9,-1.2508
2026-09-28,2026-09-28T13:40:52.127672,RMBS,RAPID_DECREASE_CANDIDATE,101.94,-0.672,-0.695,0.023,1.174,11.5852,7,1.0,3.5921187079685986,5,0.6391017039001283,0.7333333333333333,0.0,32.6,63.5,34.9,0.0,0.0,55.8,0.0,102.5581,,,39.8575887682072,False,rejected_by_pre_entry_checks,,,102.12,0.1766,102.04,0.0981
2026-09-28,2026-09-28T13:40:52.149811,ILMN,RAPID_DECREASE_CANDIDATE,266.6073,-0.618,-0.641,0.023,0.953,6.5265,7,1.0,2.08663925691748,5,0.29108473676479374,0.5333333333333333,0.0,34.0,46.7,48.0,0.0,0.0,48.4,0.0,266.8207,,,38.002586973595534,False,rejected_by_pre_entry_checks,,,268.84,0.8374,272.42,2.1802
2026-09-28,2026-09-28T13:40:52.168883,QCOM,RAPID_DECREASE_CANDIDATE,189.5,-1.689,-1.712,0.023,1.164,9.9525,7,0.6,1.2410526812384155,5,0.3570545026278345,0.55,0.0,7.2,62.6,4.1,0.0,0.0,55.5,0.0,193.044,14.3,SMH,31.58604890657303,False,rejected_by_pre_entry_checks,,,189.41,-0.0475,188.275,-0.6464
2026-09-28,2026-09-28T13:40:52.195759,INTC,RAPID_DECREASE_CANDIDATE,118.2018,-0.721,-0.744,0.023,0.92,0.0423,7,0.6,1.683915415417859,5,0.7641607066296857,0.7,0.0,31.4,44.4,28.0,0.0,0.0,47.3,100.0,119.2505,38.5,SMH,38.72565103494193,False,rejected_by_pre_entry_checks,,,118.21,0.0069,118.38,0.1508
2026-09-28,2026-09-28T13:40:55.448141,GRAL,RAPID_DECREASE_CANDIDATE,133.49,-0.333,-0.356,0.023,0.896,0.7042,8,0.8,4.915730979976147,5,0.5465175439728505,0.7166666666666666,0.0,41.1,42.9,63.9,27.8,0.0,46.5,0.0,132.7515,,,36.82791477082146,False,rejected_by_pre_entry_checks,,,130.165,-2.4908,128.925,-3.4197
2026-09-28,2026-09-28T13:40:55.465750,MXL,RAPID_DECREASE_CANDIDATE,91.735,-1.265,-1.288,0.023,0.901,0.5123,8,0.8,4.09451630603999,5,0.3855761162613768,0.6166666666666667,0.0,17.8,43.2,31.8,0.0,0.0,46.7,0.0,92.4064,,,32.49109849756291,False,rejected_by_pre_entry_checks,,,89.965,-1.9295,87.02,-5.1398
2026-09-28,2026-09-28T13:40:55.481038,VIAV,RAPID_DECREASE_CANDIDATE,40.04,-0.67,-0.693,0.023,0.78,2.4226,8,0.6,2.8844733431844105,5,0.8360244868024191,0.8,0.0,32.7,35.6,7.7,0.0,0.0,42.7,0.0,40.7285,,,30.18597217410435,False,rejected_by_pre_entry_checks,,,39.15,-2.2228,39.425,-1.536
2026-09-28,2026-09-28T13:40:55.499382,AEHR,RAPID_DECREASE_CANDIDATE,98.98,-0.632,-0.655,0.023,1.088,2.1621,8,0.6,2.2181261848106475,5,0.7943571234524781,0.75,0.0,33.6,56.5,22.6,0.0,0.0,52.9,0.0,100.0776,,,36.96379109413541,False,rejected_by_pre_entry_checks,,,98.25,-0.7375,97.9,-1.0911
2026-09-28,2026-09-28T13:40:55.519556,RMBS,RAPID_DECREASE_CANDIDATE,101.86,-0.75,-0.773,0.023,1.125,11.5943,8,1.0,3.5921187079685986,5,0.6391017039001283,0.7333333333333333,0.0,30.7,59.5,33.1,0.0,0.0,54.2,0.0,102.5548,,,38.4270098315755,False,rejected_by_pre_entry_checks,,,102.12,0.2553,102.04,0.1767
2026-09-28,2026-09-28T13:40:55.536562,ILMN,RAPID_DECREASE_CANDIDATE,266.11,-0.803,-0.826,0.023,0.964,6.5386,8,1.0,2.08663925691748,5,0.29108473676479374,0.5333333333333333,0.0,29.3,47.5,43.4,0.0,0.0,48.8,0.0,266.8182,,,36.82804752361156,False,rejected_by_pre_entry_checks,,,268.84,1.0259,272.42,2.3712
2026-09-28,2026-09-28T13:40:55.570697,QCOM,RAPID_DECREASE_CANDIDATE,189.6989,-1.585,-1.608,0.023,1.118,4.5282,8,0.6,1.2410526812384155,5,0.3570545026278345,0.55,0.0,9.8,58.9,7.2,0.0,0.0,53.9,0.0,193.0066,16.9,SMH,31.588677311129768,False,rejected_by_pre_entry_checks,,,189.41,-0.1523,188.275,-0.7506
2026-09-28,2026-09-28T13:40:55.589006,INTC,RAPID_DECREASE_CANDIDATE,118.1042,-0.803,-0.826,0.023,0.938,0.0254,8,0.6,1.683915415417859,5,0.7641607066296857,0.7,0.0,29.3,45.7,26.1,0.0,0.0,47.9,100.0,119.2457,36.4,SMH,38.42728733277648,False,rejected_by_pre_entry_checks,,,118.21,0.0896,118.38,0.2335
2026-09-28,2026-09-28T13:40:58.876149,GRAL,RAPID_DECREASE_CANDIDATE,133.424,-0.382,-0.405,0.023,0.928,0.7045,8,0.8,4.915730979976147,5,0.5465175439728505,0.7166666666666666,0.0,39.9,45.0,62.5,25.1,0.0,47.6,0.0,132.7579,,,37.282924621865924,False,rejected_by_pre_entry_checks,,,130.165,-2.4426,128.925,-3.372
2026-09-28,2026-09-28T13:40:58.894834,MXL,RAPID_DECREASE_CANDIDATE,91.735,-1.265,-1.288,0.023,0.932,16.0462,8,0.8,4.09451630603999,5,0.3855761162613768,0.6166666666666667,0.0,17.8,45.3,31.9,0.0,0.0,47.7,0.0,92.4042,,,32.96763412588688,False,rejected_by_pre_entry_checks,,,89.965,-1.9295,87.02,-5.1398
2026-09-28,2026-09-28T13:40:58.913386,VIAV,RAPID_DECREASE_CANDIDATE,40.1499,-0.397,-0.42,0.023,0.842,2.4159,8,0.6,2.8844733431844105,5,0.8360244868024191,0.8,0.0,39.5,39.4,14.6,0.0,0.0,44.7,0.0,40.727,,,33.065803921575935,False,rejected_by_pre_entry_checks,,,39.15,-2.4904,39.425,-1.8055
2026-09-28,2026-09-28T13:40:58.932328,AEHR,RAPID_DECREASE_CANDIDATE,98.96,-0.653,-0.676,0.023,1.057,0.3537,8,0.6,2.2181261848106475,5,0.7943571234524781,0.75,0.0,33.1,54.2,22.2,0.0,0.0,51.9,32.5,100.0734,,,37.659651411585095,False,rejected_by_pre_entry_checks,,,98.25,-0.7175,97.9,-1.0711
2026-09-28,2026-09-28T13:40:58.951540,RMBS,RAPID_DECREASE_CANDIDATE,101.86,-0.75,-0.773,0.023,1.08,11.5943,8,1.0,3.5921187079685986,5,0.6391017039001283,0.7333333333333333,0.0,30.7,55.9,33.1,0.0,0.0,52.7,0.0,102.5516,,,37.66090373786517,False,rejected_by_pre_entry_checks,,,102.12,0.2553,102.04,0.1767
2026-09-28,2026-09-28T13:40:58.970397,ILMN,RAPID_DECREASE_CANDIDATE,266.125,-0.798,-0.821,0.023,0.976,6.5383,8,1.0,2.08663925691748,5,0.29108473676479374,0.5333333333333333,0.0,29.5,48.3,43.5,0.0,0.0,49.2,0.0,266.8158,,,37.05374129580292,False,rejected_by_pre_entry_checks,,,268.84,1.0202,272.42,2.3654
2026-09-28,2026-09-28T13:40:58.988610,QCOM,RAPID_DECREASE_CANDIDATE,189.662,-1.605,-1.628,0.023,1.076,5.5731,8,0.6,1.2410526812384155,5,0.3570545026278345,0.55,0.0,9.3,55.6,7.1,0.0,0.0,52.5,0.0,192.9702,16.4,SMH,30.777692905282642,False,rejected_by_pre_entry_checks,,,189.41,-0.1329,188.275,-0.7313
2026-09-28,2026-09-28T13:40:59.019588,INTC,RAPID_DECREASE_CANDIDATE,118.21,-0.715,-0.738,0.023,0.958,0.0338,8,0.6,1.683915415417859,5,0.7641607066296857,0.7,0.0,31.6,47.1,28.4,0.0,0.0,48.6,100.0,119.241,38.6,SMH,39.3909596182363,False,rejected_by_pre_entry_checks,,,118.21,0.0,118.38,0.1438
2026-09-28,2026-09-28T13:41:02.301076,GRAL,RAPID_DECREASE_CANDIDATE,133.145,-0.348,-0.352,0.004,0.687,2.2081,8,0.8,4.915730979976147,5,0.5465175439728505,0.7166666666666666,0.0,41.2,45.0,57.2,14.5,0.0,39.6,0.0,132.7607,,,37.16429240653961,False,rejected_by_pre_entry_checks,,,130.165,-2.2382,129.24,-2.9329
2026-09-28,2026-09-28T13:41:02.344898,GME,RAPID_DECREASE_CANDIDATE,23.766,-0.373,-0.377,0.004,1.119,0.0842,8,0.4,1.0867770706496627,5,0.6660350086156576,0.6,0.0,40.6,50.0,54.9,9.9,0.0,54.0,92.4,23.7193,41.8,XLY,43.820830832622626,False,rejected_by_pre_entry_checks,,,23.92,0.648,24.11,1.4474
2026-09-28,2026-09-28T13:41:02.370744,MXL,RAPID_DECREASE_CANDIDATE,91.7,-0.315,-0.319,0.004,1.607,16.0632,8,0.8,4.09451630603999,5,0.3855761162613768,0.6166666666666667,0.0,42.0,53.3,31.1,0.0,0.0,70.2,0.0,92.3997,,,41.04373630070947,False,rejected_by_pre_entry_checks,,,89.965,-1.892,86.89,-5.2454
2026-09-28,2026-09-28T13:41:02.390988,VIAV,RAPID_DECREASE_CANDIDATE,40.0174,-1.021,-1.025,0.004,1.518,8.8212,8,0.6,2.8844733431844105,5,0.8360244868024191,0.8,0.0,24.4,49.3,6.6,0.0,0.0,67.3,0.0,40.7237,,,34.023101595840465,False,rejected_by_pre_entry_checks,,,39.15,-2.1676,39.305,-1.7802
2026-09-28,2026-09-28T13:41:02.417127,RMBS,RAPID_DECREASE_CANDIDATE,101.985,-0.846,-0.85,0.004,1.002,11.5801,8,1.0,3.5921187079685986,5,0.6391017039001283,0.7333333333333333,0.0,28.8,52.5,36.3,0.0,0.0,50.1,0.0,102.5472,,,36.8322633813062,False,rejected_by_pre_entry_checks,,,102.12,0.1324,101.72,-0.2598
2026-09-28,2026-09-28T13:41:02.436203,ILMN,RAPID_DECREASE_CANDIDATE,265.44,-1.075,-1.079,0.004,1.098,6.5514,8,1.0,2.08663925691748,5,0.29108473676479374,0.5333333333333333,0.0,23.0,50.1,37.1,0.0,0.0,53.3,0.0,266.8138,,,35.98783561174218,False,rejected_by_pre_entry_checks,,,268.84,1.2809,272.175,2.5373
2026-09-28,2026-09-28T13:41:02.490604,P,RAPID_DECREASE_CANDIDATE,128.8102,-0.302,-0.306,0.004,1.338,1.1567,8,0.6,4.895076230386623,5,0.5700187605349776,0.7666666666666666,0.0,42.4,51.7,43.1,0.0,0.0,61.3,0.0,129.1665,,,41.223628402953565,False,rejected_by_pre_entry_checks,,,128.48,-0.2563,126.98,-1.4209
2026-09-28,2026-09-28T13:41:02.508464,QCOM,RAPID_DECREASE_CANDIDATE,189.6374,-1.344,-1.348,0.004,0.61,5.5843,8,0.6,1.2410526812384155,5,0.3570545026278345,0.55,0.0,16.3,48.9,7.1,0.0,0.0,37.0,0.0,192.9451,18.9,SMH,28.889723188745986,False,rejected_by_pre_entry_checks,,,189.41,-0.1199,188.026,-0.8497
2026-09-28,2026-09-28T13:41:05.774064,GRAL,RAPID_DECREASE_CANDIDATE,132.62,-0.741,-0.745,0.004,0.724,2.0359,9,0.8,4.915730979976147,5,0.5465175439728505,0.7166666666666666,0.0,31.4,45.0,47.3,0.0,0.0,40.8,0.0,132.7634,,,36.249766854913354,False,rejected_by_pre_entry_checks,,,130.165,-1.8512,129.24,-2.5486
2026-09-28,2026-09-28T13:41:05.793790,GME,RAPID_DECREASE_CANDIDATE,23.78,-0.314,-0.318,0.004,1.131,0.2944,9,0.4,1.0867770706496627,5,0.6660350086156576,0.6,0.0,42.0,52.5,56.4,12.8,0.0,54.4,45.7,23.7195,43.3,XLY,42.403293480109824,False,rejected_by_pre_entry_checks,,,23.92,0.5887,24.11,1.3877
2026-09-28,2026-09-28T13:41:05.847672,MXL,RAPID_DECREASE_CANDIDATE,91.46,-0.576,-0.58,0.004,1.608,6.3416,9,0.8,4.09451630603999,5,0.3855761162613768,0.6166666666666667,0.0,35.5,62.1,24.7,0.0,0.0,70.3,0.0,92.3953,,,40.63140522526686,False,rejected_by_pre_entry_checks,,,89.965,-1.6346,86.89,-4.9967
2026-09-28,2026-09-28T13:41:05.867640,VIAV,RAPID_DECREASE_CANDIDATE,40.06,-0.915,-0.919,0.004,1.601,2.5212,9,0.6,2.8844733431844105,5,0.8360244868024191,0.8,0.0,27.0,61.9,9.5,0.0,0.0,70.0,0.0,40.7204,,,37.25963317911112,False,rejected_by_pre_entry_checks,,,39.15,-2.2716,39.305,-1.8847
2026-09-28,2026-09-28T13:41:05.888232,AEHR,RAPID_DECREASE_CANDIDATE,98.89,-1.11,-1.114,0.004,0.367,2.1135,9,0.6,2.2181261848106475,5,0.7943571234524781,0.75,0.0,22.1,39.1,20.6,0.0,0.0,28.9,0.0,100.0671,,,28.886940507928074,False,rejected_by_pre_entry_checks,,,98.25,-0.6472,97.0603,-1.8502
2026-09-28,2026-09-28T13:41:05.952180,RMBS,RAPID_DECREASE_CANDIDATE,101.93,-0.899,-0.903,0.004,0.966,11.5864,9,1.0,3.5921187079685986,5,0.6391017039001283,0.7333333333333333,0.0,27.4,49.4,35.1,0.0,0.0,48.9,0.0,102.5428,,,35.79108840720542,False,rejected_by_pre_entry_checks,,,102.12,0.1864,101.72,-0.206
2026-09-28,2026-09-28T13:41:05.979492,ILMN,RAPID_DECREASE_CANDIDATE,266.12,-0.822,-0.826,0.004,1.105,12.066,9,1.0,2.08663925691748,5,0.29108473676479374,0.5333333333333333,0.0,29.4,52.0,43.5,0.0,0.0,53.5,0.0,266.8119,,,38.18121394805294,False,rejected_by_pre_entry_checks,,,268.84,1.0221,272.175,2.2753
2026-09-28,2026-09-28T13:41:05.999493,INOD,RAPID_DECREASE_CANDIDATE,69.01,-0.356,-0.36,0.004,1.414,15.447,9,0.6,1.5908036341558274,5,0.7116439698246293,0.75,0.0,41.0,58.0,40.1,0.0,0.0,63.8,0.0,69.2838,,,41.99617135815581,False,rejected_by_pre_entry_checks,,,68.95,-0.0869,68.755,-0.3695
2026-09-28,2026-09-28T13:41:06.018393,QCOM,RAPID_DECREASE_CANDIDATE,189.385,-1.475,-1.479,0.004,0.601,9.9586,9,0.6,1.2410526812384155,5,0.3570545026278345,0.55,0.0,13.0,42.9,4.2,0.0,0.0,36.7,0.0,192.9203,15.7,SMH,26.93614131804509,False,rejected_by_pre_entry_checks,,,189.41,0.0132,188.026,-0.7176
2026-09-28,2026-09-28T13:41:09.323183,GRAL,RAPID_DECREASE_CANDIDATE,133.1625,-0.335,-0.339,0.004,0.736,2.0276,6,0.8,4.915730979976147,5,0.5465175439728505,0.7166666666666666,0.0,41.5,42.6,57.5,14.9,0.0,41.2,0.0,132.7661,,,36.983235076116024,False,rejected_by_pre_entry_checks,,,130.165,-2.251,129.24,-2.9456
2026-09-28,2026-09-28T13:41:09.340853,VIAV,RAPID_DECREASE_CANDIDATE,40.06,-0.915,-0.919,0.004,1.549,2.5212,6,0.6,2.8844733431844105,5,0.8360244868024191,0.8,0.0,27.0,67.9,9.6,0.0,0.0,68.3,0.0,40.7172,,,38.06040541238293,False,rejected_by_pre_entry_checks,,,39.15,-2.2716,39.305,-1.8847
2026-09-28,2026-09-28T13:41:09.359579,AEHR,RAPID_DECREASE_CANDIDATE,98.72,-1.28,-1.284,0.004,0.381,2.1171,6,0.6,2.2181261848106475,5,0.7943571234524781,0.75,0.0,17.9,33.6,16.4,0.0,0.0,29.4,0.0,100.064,,,26.80338466796292,False,rejected_by_pre_entry_checks,,,98.25,-0.4761,97.0603,-1.6812
2026-09-28,2026-09-28T13:41:09.379141,RMBS,RAPID_DECREASE_CANDIDATE,101.87,-0.958,-0.962,0.004,0.968,7.3427,6,1.0,3.5921187079685986,5,0.6391017039001283,0.7333333333333333,0.0,25.9,49.1,33.7,0.0,0.0,48.9,0.0,102.5386,,,35.33176367207218,False,rejected_by_pre_entry_checks,,,102.12,0.2454,101.72,-0.1472
2026-09-28,2026-09-28T13:41:09.401832,ILMN,RAPID_DECREASE_CANDIDATE,266.19,-0.796,-0.8,0.004,1.099,6.5367,6,1.0,2.08663925691748,5,0.29108473676479374,0.5333333333333333,0.0,30.0,53.0,44.2,0.0,0.0,53.3,0.0,266.81,,,38.51330456964844,False,rejected_by_pre_entry_checks,,,268.84,0.9955,272.175,2.2484
2026-09-28,2026-09-28T13:41:09.427795,QCOM,RAPID_DECREASE_CANDIDATE,189.374,-1.481,-1.485,0.004,0.615,9.9591,6,0.6,1.2410526812384155,5,0.3570545026278345,0.55,0.0,12.9,39.4,4.4,0.0,0.0,37.2,0.0,192.8958,15.5,SMH,26.401020646684664,False,rejected_by_pre_entry_checks,,,189.41,0.019,188.026,-0.7118
2026-09-28,2026-09-28T13:41:12.747550,GRAL,RAPID_DECREASE_CANDIDATE,132.98,-0.472,-0.476,0.004,0.747,2.0304,8,0.8,4.915730979976147,5,0.5465175439728505,0.7166666666666666,0.0,38.1,40.1,54.0,8.0,0.0,41.6,0.0,132.7687,,,36.481466452184414,False,rejected_by_pre_entry_checks,,,130.165,-2.1169,129.24,-2.8125
2026-09-28,2026-09-28T13:41:12.765846,MXL,RAPID_DECREASE_CANDIDATE,91.56,-0.467,-0.471,0.004,1.506,22.0948,8,0.8,4.09451630603999,5,0.3855761162613768,0.6166666666666667,0.0,38.2,74.1,27.6,0.0,0.0,66.9,0.0,92.3868,,,43.03916141198079,False,rejected_by_pre_entry_checks,,,89.965,-1.742,86.89,-5.1005
2026-09-28,2026-09-28T13:41:12.783686,VIAV,RAPID_DECREASE_CANDIDATE,40.0,-1.064,-1.068,0.004,1.5,2.525,8,0.6,2.8844733431844105,5,0.8360244868024191,0.8,0.0,23.3,73.8,6.2,0.0,0.0,66.7,0.0,40.714,,,37.792085216919,False,rejected_by_pre_entry_checks,,,39.15,-2.125,39.305,-1.7375
2026-09-28,2026-09-28T13:41:12.799953,RMBS,RAPID_DECREASE_CANDIDATE,102.055,-0.778,-0.782,0.004,0.97,11.5722,8,1.0,3.5921187079685986,5,0.6391017039001283,0.7333333333333333,0.0,30.4,48.8,38.3,0.0,0.0,49.0,0.0,102.5344,,,36.61471077631729,False,rejected_by_pre_entry_checks,,,102.12,0.0637,101.72,-0.3283
2026-09-28,2026-09-28T13:41:12.820487,ILMN,RAPID_DECREASE_CANDIDATE,266.71,-0.602,-0.606,0.004,1.093,12.0393,8,1.0,2.08663925691748,5,0.29108473676479374,0.5333333333333333,0.0,34.9,53.9,49.1,0.0,0.0,53.1,0.0,266.8081,,,40.072441671377895,False,rejected_by_pre_entry_checks,,,268.84,0.7986,272.175,2.049
2026-09-28,2026-09-28T13:41:12.839370,P,RAPID_DECREASE_CANDIDATE,128.7352,-0.36,-0.364,0.004,1.291,0.4583,8,0.6,4.895076230386623,5,0.5700187605349776,0.7666666666666666,0.0,40.9,63.1,41.7,0.0,0.0,59.7,9.3,129.1637,,,42.89461841859451,False,rejected_by_pre_entry_checks,,,128.48,-0.1982,126.98,-1.3634
2026-09-28,2026-09-28T13:41:12.863530,INOD,RAPID_DECREASE_CANDIDATE,69.0213,-0.34,-0.344,0.004,1.352,1.4633,8,0.6,1.5908036341558274,5,0.7116439698246293,0.75,0.0,41.4,66.1,40.2,0.0,0.0,61.7,0.0,69.2921,,,43.15804799483763,False,rejected_by_pre_entry_checks,,,68.95,-0.1033,68.755,-0.3858
2026-09-28,2026-09-28T13:41:12.882271,QCOM,RAPID_DECREASE_CANDIDATE,189.505,-1.412,-1.416,0.004,0.629,9.9522,8,0.6,1.2410526812384155,5,0.3570545026278345,0.55,0.0,14.6,35.9,6.4,0.0,0.0,37.6,0.0,192.8718,17.3,SMH,26.407923324994698,False,rejected_by_pre_entry_checks,,,189.41,-0.0501,188.026,-0.7805
2026-09-28,2026-09-28T13:41:16.109343,GRAL,RAPID_DECREASE_CANDIDATE,132.2328,-1.031,-1.035,0.004,0.759,2.0419,7,0.8,4.915730979976147,5,0.5465175439728505,0.7166666666666666,0.0,24.1,37.6,39.9,0.0,0.0,42.0,0.0,132.7714,,,33.01927772876648,False,rejected_by_pre_entry_checks,,,130.165,-1.5638,129.24,-2.2633
2026-09-28,2026-09-28T13:41:16.128425,MXL,RAPID_DECREASE_CANDIDATE,91.56,-0.467,-0.471,0.004,1.46,6.3237,7,0.8,4.09451630603999,5,0.3855761162613768,0.6166666666666667,0.0,38.2,80.2,27.7,0.0,0.0,65.3,0.0,92.3825,,,43.867394399280435,False,rejected_by_pre_entry_checks,,,89.965,-1.742,86.89,-5.1005
2026-09-28,2026-09-28T13:41:16.147818,VIAV,RAPID_DECREASE_CANDIDATE,40.07,-0.89,-0.894,0.004,1.455,6.0394,7,0.6,2.8844733431844105,5,0.8360244868024191,0.8,0.0,27.6,79.8,10.6,0.0,0.0,65.2,0.0,40.7109,,,39.883858074231554,False,rejected_by_pre_entry_checks,,,39.15,-2.296,39.305,-1.9092
2026-09-28,2026-09-28T13:41:16.164797,AEHR,RAPID_DECREASE_CANDIDATE,98.6522,-1.348,-1.352,0.004,0.411,2.1186,7,0.6,2.2181261848106475,5,0.7943571234524781,0.75,0.0,16.2,22.6,14.9,0.0,0.0,30.4,0.0,100.0578,,,24.62777998586223,False,rejected_by_pre_entry_checks,,,98.25,-0.4077,97.0603,-1.6136
2026-09-28,2026-09-28T13:41:16.182374,RMBS,RAPID_DECREASE_CANDIDATE,101.98,-0.851,-0.855,0.004,0.972,11.5807,7,1.0,3.5921187079685986,5,0.6391017039001283,0.7333333333333333,0.0,28.6,48.4,36.6,0.0,0.0,49.1,0.0,102.5303,,,36.05084755647655,False,rejected_by_pre_entry_checks,,,102.12,0.1373,101.72,-0.255
2026-09-28,2026-09-28T13:41:16.201329,ILMN,RAPID_DECREASE_CANDIDATE,267.24,-0.404,-0.408,0.004,1.086,12.0154,7,1.0,2.08663925691748,5,0.29108473676479374,0.5333333333333333,0.0,39.8,54.9,54.1,8.1,0.0,52.9,0.0,266.8062,,,40.63964286578079,False,rejected_by_pre_entry_checks,,,268.84,0.5987,272.175,1.8467
2026-09-28,2026-09-28T13:41:16.218556,QCOM,RAPID_DECREASE_CANDIDATE,189.3922,-1.471,-1.475,0.004,0.644,9.9582,7,0.6,1.2410526812384155,5,0.3570545026278345,0.55,0.0,13.1,32.3,5.2,0.0,0.0,38.1,0.0,192.848,15.8,SMH,25.49011082477547,False,rejected_by_pre_entry_checks,,,189.41,0.0094,188.026,-0.7214
2026-09-28,2026-09-28T13:41:19.448349,GRAL,RAPID_DECREASE_CANDIDATE,132.91,-0.524,-0.528,0.004,0.772,2.0314,8,0.8,4.915730979976147,5,0.5465175439728505,0.7166666666666666,0.0,36.8,35.1,52.6,5.1,0.0,42.4,0.0,132.774,,,35.72088273378732,False,rejected_by_pre_entry_checks,,,130.165,-2.0653,129.24,-2.7613
2026-09-28,2026-09-28T13:41:19.465930,MXL,RAPID_DECREASE_CANDIDATE,91.67,-0.348,-0.352,0.004,1.416,22.0683,8,0.8,4.09451630603999,5,0.3855761162613768,0.6166666666666667,0.0,41.2,86.2,30.8,0.0,0.0,63.9,0.0,92.3784,,,45.57171995412437,False,rejected_by_pre_entry_checks,,,89.965,-1.8599,86.89,-5.2144
2026-09-28,2026-09-28T13:41:19.493845,VIAV,RAPID_DECREASE_CANDIDATE,40.1015,-0.813,-0.817,0.004,1.412,6.0347,8,0.6,2.8844733431844105,5,0.8360244868024191,0.8,0.0,29.6,85.8,12.8,0.0,0.0,63.7,0.0,40.7077,,,41.28410522511753,False,rejected_by_pre_entry_checks,,,39.15,-2.3727,39.305,-1.9862
2026-09-28,2026-09-28T13:41:19.513981,AEHR,RAPID_DECREASE_CANDIDATE,98.795,-1.205,-1.209,0.004,0.427,2.1155,8,0.6,2.2181261848106475,5,0.7943571234524781,0.75,0.0,19.8,17.2,18.5,0.0,0.0,30.9,0.0,100.0547,,,24.83342409836891,False,rejected_by_pre_entry_checks,,,98.25,-0.5516,97.0603,-1.7559
2026-09-28,2026-09-28T13:41:19.531004,RMBS,RAPID_DECREASE_CANDIDATE,101.95,-0.88,-0.884,0.004,0.974,11.5841,8,1.0,3.5921187079685986,5,0.6391017039001283,0.7333333333333333,0.0,27.9,48.1,35.9,0.0,0.0,49.1,0.0,102.5263,,,35.807225974424874,False,rejected_by_pre_entry_checks,,,102.12,0.1667,101.72,-0.2256
2026-09-28,2026-09-28T13:41:19.547337,ILMN,RAPID_DECREASE_CANDIDATE,266.58,-0.65,-0.654,0.004,1.08,12.0452,8,1.0,2.08663925691748,5,0.29108473676479374,0.5333333333333333,0.0,33.6,55.9,47.9,0.0,0.0,52.7,0.0,266.8044,,,39.99946621040903,False,rejected_by_pre_entry_checks,,,268.84,0.8478,272.175,2.0988
2026-09-28,2026-09-28T13:41:19.564563,P,RAPID_DECREASE_CANDIDATE,128.525,-0.522,-0.526,0.004,1.246,0.3657,8,0.6,4.895076230386623,5,0.5700187605349776,0.7666666666666666,0.0,36.9,69.6,37.7,0.0,0.0,58.2,29.8,129.1618,,,43.47673070192138,False,rejected_by_pre_entry_checks,,,128.48,-0.035,126.98,-1.2021
2026-09-28,2026-09-28T13:41:19.583913,QCOM,RAPID_DECREASE_CANDIDATE,189.4658,-1.433,-1.437,0.004,0.66,4.4599,8,0.6,1.2410526812384155,5,0.3570545026278345,0.55,0.0,14.1,28.8,6.5,0.0,0.0,38.7,0.0,192.8247,16.7,SMH,25.282150222974966,False,rejected_by_pre_entry_checks,,,189.41,-0.0295,188.026,-0.7599
2026-09-28,2026-09-28T13:41:22.805070,GRAL,RAPID_DECREASE_CANDIDATE,132.93,-0.509,-0.513,0.004,0.784,2.0311,9,0.8,4.915730979976147,5,0.5465175439728505,0.7166666666666666,0.0,37.2,35.9,52.9,5.8,0.0,42.8,0.0,132.7766,,,35.919413007264595,False,rejected_by_pre_entry_checks,,,130.165,-2.08,129.24,-2.7759
2026-09-28,2026-09-28T13:41:22.885459,MXL,RAPID_DECREASE_CANDIDATE,91.67,-0.348,-0.352,0.004,1.376,22.0683,9,0.8,4.09451630603999,5,0.3855761162613768,0.6166666666666667,0.0,41.2,82.0,30.9,0.0,0.0,62.5,0.0,92.3743,,,44.712151408458595,False,rejected_by_pre_entry_checks,,,89.965,-1.8599,86.89,-5.2144
2026-09-28,2026-09-28T13:41:22.908177,VIAV,RAPID_DECREASE_CANDIDATE,40.055,-0.928,-0.932,0.004,1.372,6.0417,9,0.6,2.8844733431844105,5,0.8360244868024191,0.8,0.0,26.7,81.6,10.1,0.0,0.0,62.4,0.0,40.7046,,,39.610213021059856,False,rejected_by_pre_entry_checks,,,39.15,-2.2594,39.305,-1.8724
2026-09-28,2026-09-28T13:41:22.927422,AEHR,RAPID_DECREASE_CANDIDATE,98.6431,-1.357,-1.361,0.004,0.446,2.1086,9,0.6,2.2181261848106475,5,0.7943571234524781,0.75,0.0,16.0,18.0,14.8,0.0,0.0,31.5,0.0,100.0517,,,23.954966823606643,False,rejected_by_pre_entry_checks,,,98.25,-0.3985,97.0603,-1.6046
2026-09-28,2026-09-28T13:41:22.947006,RMBS,RAPID_DECREASE_CANDIDATE,101.95,-0.88,-0.884,0.004,0.975,11.5841,9,1.0,3.5921187079685986,5,0.6391017039001283,0.7333333333333333,0.0,27.9,48.3,36.0,0.0,0.0,49.2,0.0,102.5223,,,35.84482864805892,False,rejected_by_pre_entry_checks,,,102.12,0.1667,101.72,-0.2256
2026-09-28,2026-09-28T13:41:22.964839,ILMN,RAPID_DECREASE_CANDIDATE,266.695,-0.607,-0.611,0.004,1.074,12.04,9,1.0,2.08663925691748,5,0.29108473676479374,0.5333333333333333,0.0,34.7,55.5,49.0,0.0,0.0,52.5,0.0,266.8025,,,40.21227644307403,False,rejected_by_pre_entry_checks,,,268.84,0.8043,272.175,2.0548
2026-09-28,2026-09-28T13:41:22.999519,P,RAPID_DECREASE_CANDIDATE,128.76,-0.341,-0.345,0.004,1.225,0.6601,9,0.6,4.895076230386623,5,0.5700187605349776,0.7666666666666666,0.0,41.4,67.7,42.2,0.0,0.0,57.5,0.0,129.1609,,,43.15379910932197,False,rejected_by_pre_entry_checks,,,128.48,-0.2175,126.98,-1.3824
2026-09-28,2026-09-28T13:41:23.022319,INOD,RAPID_DECREASE_CANDIDATE,69.035,-0.32,-0.324,0.004,1.268,1.463,9,0.6,1.5908036341558274,5,0.7116439698246293,0.75,0.0,41.9,71.6,40.3,0.0,0.0,58.9,0.0,69.3039,,,43.828481195739585,False,rejected_by_pre_entry_checks,,,68.95,-0.1231,68.755,-0.4056
2026-09-28,2026-09-28T13:41:23.041887,QCOM,RAPID_DECREASE_CANDIDATE,188.99,-1.68,-1.684,0.004,0.676,4.4711,9,0.6,1.2410526812384155,5,0.3570545026278345,0.55,0.0,7.9,29.7,0.6,0.0,0.0,39.2,0.0,192.8016,10.6,SMH,23.735146580792186,False,rejected_by_pre_entry_checks,,,189.41,0.2222,188.026,-0.5101
2026-09-28,2026-09-28T13:41:26.267659,GRAL,RAPID_DECREASE_CANDIDATE,132.505,-0.827,-0.831,0.004,0.798,2.0377,9,0.8,4.915730979976147,5,0.5465175439728505,0.7166666666666666,0.0,29.2,36.7,44.8,0.0,0.0,43.3,0.0,132.7792,,,34.501185960568556,False,rejected_by_pre_entry_checks,,,130.165,-1.766,129.24,-2.4641
2026-09-28,2026-09-28T13:41:26.340959,MXL,RAPID_DECREASE_CANDIDATE,91.67,-0.348,-0.352,0.004,1.337,22.0683,9,0.8,4.09451630603999,5,0.3855761162613768,0.6166666666666667,0.0,41.2,78.1,31.0,0.0,0.0,61.2,0.0,92.3703,,,43.92282351747521,False,rejected_by_pre_entry_checks,,,89.965,-1.8599,86.89,-5.2144
2026-09-28,2026-09-28T13:41:26.362298,VIAV,RAPID_DECREASE_CANDIDATE,40.0399,-0.965,-0.969,0.004,1.334,6.044,9,0.6,2.8844733431844105,5,0.8360244868024191,0.8,0.0,25.8,77.8,9.4,0.0,0.0,61.1,0.0,40.7016,,,38.57483534171155,False,rejected_by_pre_entry_checks,,,39.15,-2.2225,39.305,-1.8354
2026-09-28,2026-09-28T13:41:26.380536,AEHR,RAPID_DECREASE_CANDIDATE,98.8915,-1.109,-1.113,0.004,0.465,2.1033,9,0.6,2.2181261848106475,5,0.7943571234524781,0.75,0.0,22.2,18.9,21.1,0.0,0.0,32.2,0.0,100.0487,,,26.007991226781762,False,rejected_by_pre_entry_checks,,,98.25,-0.6487,97.0603,-1.8517
2026-09-28,2026-09-28T13:41:26.401499,RMBS,RAPID_DECREASE_CANDIDATE,101.96,-0.87,-0.874,0.004,0.977,11.583,9,1.0,3.5921187079685986,5,0.6391017039001283,0.7333333333333333,0.0,28.1,48.4,36.4,0.0,0.0,49.2,0.0,102.5184,,,35.95864144664388,False,rejected_by_pre_entry_checks,,,102.12,0.1569,101.72,-0.2354
2026-09-28,2026-09-28T13:41:26.419791,ILMN,RAPID_DECREASE_CANDIDATE,266.15,-0.811,-0.815,0.004,1.068,6.5302,9,1.0,2.08663925691748,5,0.29108473676479374,0.5333333333333333,0.0,29.6,55.0,43.9,0.0,0.0,52.3,0.0,266.8007,,,38.62415652135929,False,rejected_by_pre_entry_checks,,,268.84,1.0107,272.175,2.2638
2026-09-28,2026-09-28T13:41:26.439644,P,RAPID_DECREASE_CANDIDATE,128.8033,-0.307,-0.311,0.004,1.204,0.6599,9,0.6,4.895076230386623,5,0.5700187605349776,0.7666666666666666,0.0,42.2,65.9,43.1,0.0,0.0,56.8,0.0,129.16,,,43.01490285527398,False,rejected_by_pre_entry_checks,,,128.48,-0.251,126.98,-1.4156
2026-09-28,2026-09-28T13:41:26.456640,INOD,RAPID_DECREASE_CANDIDATE,69.03,-0.327,-0.331,0.004,1.243,1.4631,9,0.6,1.5908036341558274,5,0.7116439698246293,0.75,0.0,41.7,69.3,40.0,0.0,0.0,58.1,0.0,69.3077,,,43.27076181605788,False,rejected_by_pre_entry_checks,,,68.95,-0.1159,68.755,-0.3984
2026-09-28,2026-09-28T13:41:26.477122,QCOM,RAPID_DECREASE_CANDIDATE,189.13,-1.607,-1.611,0.004,0.693,0.3543,9,0.6,1.2410526812384155,5,0.3570545026278345,0.55,0.0,9.7,30.6,2.7,0.0,0.0,39.8,32.4,192.7788,12.4,SMH,25.88193983516508,False,rejected_by_pre_entry_checks,,,189.41,0.148,188.026,-0.5837
2026-09-28,2026-09-28T13:41:29.699231,GRAL,RAPID_DECREASE_CANDIDATE,132.9771,-0.474,-0.478,0.004,0.811,1.113,9,0.8,4.915730979976147,5,0.5465175439728505,0.7166666666666666,0.0,38.0,37.5,53.7,7.4,0.0,43.7,0.0,132.7817,,,36.35020214861607,False,rejected_by_pre_entry_checks,,,130.165,-2.1147,129.24,-2.8103
2026-09-28,2026-09-28T13:41:29.717365,VICR,RAPID_DECREASE_CANDIDATE,280.0426,-0.357,-0.361,0.004,1.027,5.8027,9,0.4,1.3557212185800078,5,0.9227008850877633,0.7708333333333334,0.0,41.0,52.0,41.6,0.0,0.0,50.9,0.0,280.9843,,,39.55707839113335,False,rejected_by_pre_entry_checks,,,279.555,-0.1741,279.435,-0.217
2026-09-28,2026-09-28T13:41:29.735488,VIAV,RAPID_DECREASE_CANDIDATE,40.0399,-0.965,-0.969,0.004,1.298,6.044,9,0.6,2.8844733431844105,5,0.8360244868024191,0.8,0.0,25.8,74.4,9.5,0.0,0.0,59.9,0.0,40.6985,,,37.87348611556103,False,rejected_by_pre_entry_checks,,,39.15,-2.2225,39.305,-1.8354
2026-09-28,2026-09-28T13:41:29.754438,AEHR,RAPID_DECREASE_CANDIDATE,98.54,-1.46,-1.464,0.004,0.487,2.1108,9,0.6,2.2181261848106475,5,0.7943571234524781,0.75,0.0,13.4,20.0,12.4,0.0,0.0,32.9,0.0,100.0457,,,23.7208001152628,False,rejected_by_pre_entry_checks,,,98.25,-0.2943,97.0603,-1.5016
2026-09-28,2026-09-28T13:41:29.772448,RMBS,RAPID_DECREASE_CANDIDATE,101.75,-1.074,-1.078,0.004,0.979,11.6069,9,1.0,3.5921187079685986,5,0.6391017039001283,0.7333333333333333,0.0,23.0,48.5,31.4,0.0,0.0,49.3,0.0,102.5146,,,34.5100553301453,False,rejected_by_pre_entry_checks,,,102.12,0.3636,101.72,-0.0295
2026-09-28,2026-09-28T13:41:29.789650,ILMN,RAPID_DECREASE_CANDIDATE,266.31,-0.751,-0.755,0.004,1.062,6.53,9,1.0,2.08663925691748,5,0.29108473676479374,0.5333333333333333,0.0,31.1,54.5,45.4,0.0,0.0,52.1,0.0,266.7989,,,38.96304202495922,False,rejected_by_pre_entry_checks,,,268.84,0.95,272.175,2.2023
2026-09-28,2026-09-28T13:41:29.807645,P,RAPID_DECREASE_CANDIDATE,128.45,-0.58,-0.584,0.004,1.184,0.6228,9,0.6,4.895076230386623,5,0.5700187605349776,0.7666666666666666,0.0,35.4,64.2,36.3,0.0,0.0,56.1,0.0,129.1591,,,40.65695157703972,False,rejected_by_pre_entry_checks,,,128.48,0.0234,126.98,-1.1444
2026-09-28,2026-09-28T13:41:29.831638,INOD,RAPID_DECREASE_CANDIDATE,69.03,-0.327,-0.331,0.004,1.218,1.4631,9,0.6,1.5908036341558274,5,0.7116439698246293,0.75,0.0,41.7,67.2,39.8,0.0,0.0,57.3,0.0,69.3114,,,42.789104168504984,False,rejected_by_pre_entry_checks,,,68.95,-0.1159,68.755,-0.3984
2026-09-28,2026-09-28T13:41:29.851925,QCOM,RAPID_DECREASE_CANDIDATE,189.23,-1.555,-1.559,0.004,0.711,0.3541,9,0.6,1.2410526812384155,5,0.3570545026278345,0.55,0.0,11.0,31.7,4.3,0.0,0.0,40.4,32.4,192.7564,13.7,SMH,26.543536957275652,False,rejected_by_pre_entry_checks,,,189.41,0.0951,188.026,-0.6363
2026-09-28,2026-09-28T13:41:33.082987,GRAL,RAPID_DECREASE_CANDIDATE,132.51,-0.823,-0.827,0.004,0.826,1.1244,7,0.8,4.915730979976147,5,0.5465175439728505,0.7166666666666666,0.0,29.3,38.4,44.8,0.0,0.0,44.2,0.0,132.7842,,,34.9180891280573,False,rejected_by_pre_entry_checks,,,130.165,-1.7697,129.24,-2.4677
2026-09-28,2026-09-28T13:41:33.103407,VICR,RAPID_DECREASE_CANDIDATE,280.0426,-0.357,-0.361,0.004,1.025,5.8027,7,0.4,1.3557212185800078,5,0.9227008850877633,0.7708333333333334,0.0,41.0,51.8,41.5,0.0,0.0,50.8,0.0,281.0,,,39.50028324965055,False,rejected_by_pre_entry_checks,,,279.555,-0.1741,279.435,-0.217
2026-09-28,2026-09-28T13:41:33.119725,VIAV,RAPID_DECREASE_CANDIDATE,40.055,-0.928,-0.932,0.004,1.263,6.0417,7,0.6,2.8844733431844105,5,0.8360244868024191,0.8,0.0,26.7,71.2,10.7,0.0,0.0,58.8,0.0,40.6955,,,37.494926046688505,False,rejected_by_pre_entry_checks,,,39.15,-2.2594,39.305,-1.8724
2026-09-28,2026-09-28T13:41:33.136467,AEHR,RAPID_DECREASE_CANDIDATE,99.0393,-0.961,-0.965,0.004,0.511,2.1002,7,0.6,2.2181261848106475,5,0.7943571234524781,0.75,0.0,25.9,21.1,24.9,0.0,0.0,33.7,0.0,100.0427,,,27.66100256960002,False,rejected_by_pre_entry_checks,,,98.25,-0.797,97.0603,-1.9982
2026-09-28,2026-09-28T13:41:33.177972,RMBS,RAPID_DECREASE_CANDIDATE,101.96,-0.87,-0.874,0.004,0.981,11.583,7,1.0,3.5921187079685986,5,0.6391017039001283,0.7333333333333333,0.0,28.1,48.7,36.6,0.0,0.0,49.4,0.0,102.5109,,,36.04168241543989,False,rejected_by_pre_entry_checks,,,102.12,0.1569,101.72,-0.2354
2026-09-28,2026-09-28T13:41:33.198819,ILMN,RAPID_DECREASE_CANDIDATE,266.815,-0.563,-0.567,0.004,1.056,6.8025,7,1.0,2.08663925691748,5,0.29108473676479374,0.5333333333333333,0.0,35.8,54.1,50.2,0.3,0.0,51.9,0.0,266.7971,,,40.19860419646049,False,rejected_by_pre_entry_checks,,,268.84,0.759,272.175,2.0089
2026-09-28,2026-09-28T13:41:33.217649,QCOM,RAPID_DECREASE_CANDIDATE,189.06,-1.644,-1.648,0.004,0.731,9.9757,7,0.6,1.2410526812384155,5,0.3570545026278345,0.55,0.0,8.8,32.8,2.3,0.0,0.0,41.0,0.0,192.7343,11.5,SMH,24.84671486145088,False,rejected_by_pre_entry_checks,,,189.41,0.1851,188.026,-0.5469
2026-09-28,2026-09-28T13:41:36.435339,GRAL,RAPID_DECREASE_CANDIDATE,132.92,-0.516,-0.52,0.004,0.84,1.6401,7,0.8,4.915730979976147,5,0.5465175439728505,0.7166666666666666,0.0,37.0,39.3,52.5,5.0,0.0,44.7,0.0,132.7867,,,36.73926119275761,False,rejected_by_pre_entry_checks,,,130.165,-2.0727,129.24,-2.7686
2026-09-28,2026-09-28T13:41:36.461066,MXL,RAPID_DECREASE_CANDIDATE,91.66,-0.359,-0.363,0.004,1.233,16.1794,7,0.8,4.09451630603999,5,0.3855761162613768,0.6166666666666667,0.0,40.9,68.5,31.1,0.0,0.0,57.8,0.0,92.3584,,,41.84413190841157,False,rejected_by_pre_entry_checks,,,89.965,-1.8492,86.89,-5.204
2026-09-28,2026-09-28T13:41:36.482658,VIAV,RAPID_DECREASE_CANDIDATE,40.055,-0.928,-0.932,0.004,1.231,6.0417,7,0.6,2.8844733431844105,5,0.8360244868024191,0.8,0.0,26.7,68.3,10.8,0.0,0.0,57.7,0.0,40.6925,,,36.90131549319789,False,rejected_by_pre_entry_checks,,,39.15,-2.2594,39.305,-1.8724
2026-09-28,2026-09-28T13:41:36.500947,AEHR,RAPID_DECREASE_CANDIDATE,98.795,-1.205,-1.209,0.004,0.537,2.1054,7,0.6,2.2181261848106475,5,0.7943571234524781,0.75,0.0,19.8,22.4,18.9,0.0,0.0,34.6,0.0,100.0397,,,26.21447426511734,False,rejected_by_pre_entry_checks,,,98.25,-0.5516,97.0603,-1.7559
2026-09-28,2026-09-28T13:41:36.518356,RMBS,RAPID_DECREASE_CANDIDATE,101.98,-0.851,-0.855,0.004,0.983,11.5807,7,1.0,3.5921187079685986,5,0.6391017039001283,0.7333333333333333,0.0,28.6,48.8,37.1,0.0,0.0,49.4,0.0,102.5072,,,36.223209732336855,False,rejected_by_pre_entry_checks,,,102.12,0.1373,101.72,-0.255
2026-09-28,2026-09-28T13:41:36.536692,ILMN,RAPID_DECREASE_CANDIDATE,266.495,-0.682,-0.686,0.004,1.05,6.8106,7,1.0,2.08663925691748,5,0.29108473676479374,0.5333333333333333,0.0,32.8,53.7,47.2,0.0,0.0,51.7,0.0,266.7953,,,39.273825935083465,False,rejected_by_pre_entry_checks,,,268.84,0.8799,272.175,2.1314
2026-09-28,2026-09-28T13:41:36.552665,QCOM,RAPID_DECREASE_CANDIDATE,189.13,-1.607,-1.611,0.004,0.751,9.972,7,0.6,1.2410526812384155,5,0.3570545026278345,0.55,0.0,9.7,33.9,3.5,0.0,0.0,41.7,0.0,192.7125,12.4,SMH,25.427472928677997,False,rejected_by_pre_entry_checks,,,189.41,0.148,188.026,-0.5837
2026-09-28,2026-09-28T13:41:39.782857,GRAL,RAPID_DECREASE_CANDIDATE,132.82,-0.591,-0.595,0.004,0.855,1.6413,8,0.8,4.915730979976147,5,0.5465175439728505,0.7166666666666666,0.0,35.1,40.3,50.6,1.2,0.0,45.2,0.0,132.7892,,,36.88977019310498,False,rejected_by_pre_entry_checks,,,130.165,-1.9989,129.24,-2.6954
2026-09-28,2026-09-28T13:41:39.800829,MXL,RAPID_DECREASE_CANDIDATE,91.5587,-0.469,-0.473,0.004,1.202,16.4048,8,0.8,4.09451630603999,5,0.3855761162613768,0.6166666666666667,0.0,38.2,65.8,28.5,0.0,0.0,56.7,0.0,92.3546,,,40.4761288601947,False,rejected_by_pre_entry_checks,,,89.965,-1.7406,86.89,-5.0991
2026-09-28,2026-09-28T13:41:39.818263,VIAV,RAPID_DECREASE_CANDIDATE,40.05,-0.94,-0.944,0.004,1.2,6.0424,8,0.6,2.8844733431844105,5,0.8360244868024191,0.8,0.0,26.4,65.6,10.7,0.0,0.0,56.7,0.0,40.6896,,,36.26101809348909,False,rejected_by_pre_entry_checks,,,39.15,-2.2472,39.305,-1.8602
2026-09-28,2026-09-28T13:41:39.842599,AEHR,RAPID_DECREASE_CANDIDATE,99.0795,-0.921,-0.925,0.004,0.566,0.5652,8,0.6,2.2181261848106475,5,0.7943571234524781,0.75,0.0,26.9,23.9,26.1,0.0,0.0,35.5,0.0,100.0368,,,28.66041465075013,False,rejected_by_pre_entry_checks,,,98.25,-0.8372,97.0603,-2.038
2026-09-28,2026-09-28T13:41:39.860394,RMBS,RAPID_DECREASE_CANDIDATE,102.03,-0.802,-0.806,0.004,0.985,11.575,8,1.0,3.5921187079685986,5,0.6391017039001283,0.7333333333333333,0.0,29.8,48.9,38.4,0.0,0.0,49.5,0.0,102.5036,,,36.62112265606619,False,rejected_by_pre_entry_checks,,,102.12,0.0882,101.72,-0.3038
2026-09-28,2026-09-28T13:41:39.879524,ILMN,RAPID_DECREASE_CANDIDATE,266.495,-0.682,-0.686,0.004,1.044,6.8106,8,1.0,2.08663925691748,5,0.29108473676479374,0.5333333333333333,0.0,32.8,53.2,47.2,0.0,0.0,51.5,0.0,266.7935,,,39.17888032347864,False,rejected_by_pre_entry_checks,,,268.84,0.8799,272.175,2.1314
2026-09-28,2026-09-28T13:41:39.910563,P,RAPID_DECREASE_CANDIDATE,128.75,-0.348,-0.352,0.004,1.127,0.6524,8,0.6,4.895076230386623,5,0.5700187605349776,0.7666666666666666,0.0,41.2,59.6,42.1,0.0,0.0,54.2,0.0,129.1565,,,41.34693910364103,False,rejected_by_pre_entry_checks,,,128.48,-0.2097,126.98,-1.3748
2026-09-28,2026-09-28T13:41:39.929772,QCOM,RAPID_DECREASE_CANDIDATE,189.065,-1.641,-1.645,0.004,0.772,9.9754,8,0.6,1.2410526812384155,5,0.3570545026278345,0.55,0.0,8.9,35.2,3.0,0.0,0.0,42.4,0.0,192.6909,11.5,SMH,25.51164287122069,False,rejected_by_pre_entry_checks,,,189.41,0.1825,188.026,-0.5495
2026-09-28,2026-09-28T13:41:43.142748,GRAL,RAPID_DECREASE_CANDIDATE,132.89,-0.539,-0.543,0.004,0.871,4.7031,8,0.8,4.915730979976147,5,0.5465175439728505,0.7166666666666666,0.0,36.4,41.3,51.9,3.7,0.0,45.7,0.0,132.7917,,,37.18143051560466,False,rejected_by_pre_entry_checks,,,130.165,-2.0506,129.24,-2.7466
2026-09-28,2026-09-28T13:41:43.160509,MXL,RAPID_DECREASE_CANDIDATE,91.435,-0.603,-0.607,0.004,1.172,16.427,8,0.8,4.09451630603999,5,0.3855761162613768,0.6166666666666667,0.0,34.8,63.3,25.2,0.0,0.0,55.7,0.0,92.3508,,,38.97053116856269,False,rejected_by_pre_entry_checks,,,89.965,-1.6077,86.89,-4.9707
2026-09-28,2026-09-28T13:41:43.181563,VIAV,RAPID_DECREASE_CANDIDATE,40.008,-1.044,-1.048,0.004,1.171,6.0488,8,0.6,2.8844733431844105,5,0.8360244868024191,0.8,0.0,23.8,63.2,8.3,0.0,0.0,55.7,0.0,40.6866,,,34.994819595955875,False,rejected_by_pre_entry_checks,,,39.15,-2.1446,39.305,-1.7571
2026-09-28,2026-09-28T13:41:43.200016,AEHR,RAPID_DECREASE_CANDIDATE,98.54,-1.46,-1.464,0.004,0.599,2.0093,8,0.6,2.2181261848106475,5,0.7943571234524781,0.75,0.0,13.4,25.5,12.7,0.0,0.0,36.6,0.0,100.0339,,,25.15380661655876,False,rejected_by_pre_entry_checks,,,98.25,-0.2943,97.0603,-1.5016
2026-09-28,2026-09-28T13:41:43.218501,RMBS,RAPID_DECREASE_CANDIDATE,102.04,-0.792,-0.796,0.004,0.987,11.5739,8,1.0,3.5921187079685986,5,0.6391017039001283,0.7333333333333333,0.0,30.1,49.0,38.8,0.0,0.0,49.6,0.0,102.5001,,,36.73452228836251,False,rejected_by_pre_entry_checks,,,102.12,0.0784,101.72,-0.3136
2026-09-28,2026-09-28T13:41:43.236070,ILMN,RAPID_DECREASE_CANDIDATE,266.495,-0.682,-0.686,0.004,1.038,6.8106,8,1.0,2.08663925691748,5,0.29108473676479374,0.5333333333333333,0.0,32.8,52.8,47.2,0.0,0.0,51.3,0.0,266.7918,,,39.08506844562057,False,rejected_by_pre_entry_checks,,,268.84,0.8799,272.175,2.1314
2026-09-28,2026-09-28T13:41:43.301042,P,RAPID_DECREASE_CANDIDATE,128.705,-0.383,-0.387,0.004,1.11,4.1956,8,0.6,4.895076230386623,5,0.5700187605349776,0.7666666666666666,0.0,40.3,58.2,41.3,0.0,0.0,53.7,0.0,129.1556,,,40.79047959209715,False,rejected_by_pre_entry_checks,,,128.48,-0.1748,126.98,-1.3403
2026-09-28,2026-09-28T13:41:43.386742,QCOM,RAPID_DECREASE_CANDIDATE,189.06,-1.644,-1.648,0.004,0.795,9.9757,8,0.6,1.2410526812384155,5,0.3570545026278345,0.55,0.0,8.8,36.5,3.2,0.0,0.0,43.2,0.0,192.6697,11.5,SMH,25.846276030599295,False,rejected_by_pre_entry_checks,,,189.41,0.1851,188.026,-0.5469
2026-09-28,2026-09-28T13:41:46.608828,GRAL,RAPID_DECREASE_CANDIDATE,132.5,-0.831,-0.835,0.004,0.887,4.717,8,0.8,4.915730979976147,5,0.5465175439728505,0.7166666666666666,0.0,29.1,42.3,44.5,0.0,0.0,46.2,0.0,132.7941,,,35.74665108126223,False,rejected_by_pre_entry_checks,,,130.165,-1.7623,129.24,-2.4604
2026-09-28,2026-09-28T13:41:46.633378,MXL,RAPID_DECREASE_CANDIDATE,91.42,-0.62,-0.624,0.004,1.144,16.4297,8,0.8,4.09451630603999,5,0.3855761162613768,0.6166666666666667,0.0,34.4,61.0,24.9,0.0,0.0,54.8,0.0,92.347,,,38.35888211028044,False,rejected_by_pre_entry_checks,,,89.965,-1.5916,86.89,-4.9552
2026-09-28,2026-09-28T13:41:46.653515,VIAV,RAPID_DECREASE_CANDIDATE,39.935,-1.224,-1.228,0.004,1.143,2.7044,8,0.6,2.8844733431844105,5,0.8360244868024191,0.8,0.0,19.3,60.9,4.0,0.0,0.0,54.8,0.0,40.6837,,,33.20760607734179,False,rejected_by_pre_entry_checks,,,39.15,-1.9657,39.305,-1.5776
2026-09-28,2026-09-28T13:41:46.672451,META,RAPID_DECREASE_CANDIDATE,721.64,-0.374,-0.378,0.004,1.077,0.5252,8,0.8,2.599886317737704,5,0.6583951049863919,0.8,0.0,40.5,55.7,34.1,0.0,0.0,52.6,0.0,726.2697,39.8,XLC,39.36883833050038,False,rejected_by_pre_entry_checks,,,721.58,-0.0083,719.81,-0.2536
2026-09-28,2026-09-28T13:41:46.690032,AEHR,RAPID_DECREASE_CANDIDATE,98.65,-1.35,-1.354,0.004,0.635,1.8145,8,0.6,2.2181261848106475,5,0.7943571234524781,0.75,0.0,16.1,27.5,15.5,0.0,0.0,37.8,0.0,100.0309,,,26.434536593628092,False,rejected_by_pre_entry_checks,,,98.25,-0.4055,97.0603,-1.6115
2026-09-28,2026-09-28T13:41:46.709156,RMBS,RAPID_DECREASE_CANDIDATE,102.03,-0.802,-0.806,0.004,0.988,9.5658,8,1.0,3.5921187079685986,5,0.6391017039001283,0.7333333333333333,0.0,29.8,49.2,38.6,0.0,0.0,49.6,0.0,102.4966,,,36.69937959429318,False,rejected_by_pre_entry_checks,,,102.12,0.0882,101.72,-0.3038
2026-09-28,2026-09-28T13:41:46.741235,ILMN,RAPID_DECREASE_CANDIDATE,266.495,-0.682,-0.686,0.004,1.033,6.8106,8,1.0,2.08663925691748,5,0.29108473676479374,0.5333333333333333,0.0,32.8,52.4,47.2,0.0,0.0,51.1,0.0,266.79,,,38.99652981590825,False,rejected_by_pre_entry_checks,,,268.84,0.8799,272.175,2.1314
2026-09-28,2026-09-28T13:41:46.761855,QCOM,RAPID_DECREASE_CANDIDATE,189.11,-1.618,-1.622,0.004,0.819,9.973,8,0.6,1.2410526812384155,5,0.3570545026278345,0.55,0.0,9.4,38.0,4.1,0.0,0.0,44.0,0.0,192.6488,12.1,SMH,26.412738874740832,False,rejected_by_pre_entry_checks,,,189.41,0.1586,188.026,-0.5732
2026-09-28,2026-09-28T13:41:49.973482,GRAL,RAPID_DECREASE_CANDIDATE,132.89,-0.539,-0.543,0.004,0.904,4.7031,11,0.8,4.915730979976147,5,0.5465175439728505,0.7166666666666666,0.0,36.4,43.4,51.8,3.5,0.0,46.8,0.0,132.7965,,,37.691225259660854,False,rejected_by_pre_entry_checks,,,130.165,-2.0506,129.24,-2.7466
2026-09-28,2026-09-28T13:41:49.993024,MXL,RAPID_DECREASE_CANDIDATE,91.43,-0.609,-0.613,0.004,1.117,22.1262,11,0.8,4.09451630603999,5,0.3855761162613768,0.6166666666666667,0.0,34.7,58.8,25.3,0.0,0.0,53.9,0.0,92.3434,,,37.97975318880049,False,rejected_by_pre_entry_checks,,,89.965,-1.6023,86.89,-4.9655
2026-09-28,2026-09-28T13:41:50.011647,VIAV,RAPID_DECREASE_CANDIDATE,39.67,-1.88,-1.884,0.004,1.116,6.1003,11,0.6,2.8844733431844105,5,0.8360244868024191,0.8,0.0,2.9,58.7,0.0,0.0,0.0,53.9,0.0,40.6809,,,29.507948510014167,False,rejected_by_pre_entry_checks,,,39.15,-1.3108,39.305,-0.9201
2026-09-28,2026-09-28T13:41:50.032288,META,RAPID_DECREASE_CANDIDATE,721.73,-0.362,-0.366,0.004,1.063,0.5251,11,0.8,2.599886317737704,5,0.6583951049863919,0.8,0.0,40.9,54.7,34.4,0.0,0.0,52.1,0.0,726.2613,40.0,XLC,39.230058899083645,False,rejected_by_pre_entry_checks,,,721.58,-0.0208,719.81,-0.266
2026-09-28,2026-09-28T13:41:50.049514,AEHR,RAPID_DECREASE_CANDIDATE,98.65,-1.35,-1.354,0.004,0.676,1.8145,11,0.6,2.2181261848106475,5,0.7943571234524781,0.75,0.0,16.1,29.7,15.6,0.0,0.0,39.2,0.0,100.0281,,,26.986019452499942,False,rejected_by_pre_entry_checks,,,98.25,-0.4055,97.0603,-1.6115
2026-09-28,2026-09-28T13:41:50.070103,RMBS,RAPID_DECREASE_CANDIDATE,101.925,-0.904,-0.908,0.004,0.99,9.5757,11,1.0,3.5921187079685986,5,0.6391017039001283,0.7333333333333333,0.0,27.3,49.3,36.1,0.0,0.0,49.7,0.0,102.4932,,,35.995353884029754,False,rejected_by_pre_entry_checks,,,102.12,0.1913,101.72,-0.2011
2026-09-28,2026-09-28T13:41:50.087559,ILMN,RAPID_DECREASE_CANDIDATE,265.0,-1.239,-1.243,0.004,1.027,6.8491,11,1.0,2.08663925691748,5,0.29108473676479374,0.5333333333333333,0.0,18.9,52.0,33.2,0.0,0.0,50.9,0.0,266.7883,,,34.832917162360765,False,rejected_by_pre_entry_checks,,,268.84,1.4491,272.175,2.7075
2026-09-28,2026-09-28T13:41:50.107197,P,RAPID_DECREASE_CANDIDATE,128.7782,-0.326,-0.33,0.004,1.076,0.4582,11,0.6,4.895076230386623,5,0.5700187605349776,0.7666666666666666,0.0,41.8,55.6,42.7,0.0,0.0,52.5,9.3,129.1539,,,41.01991908185877,False,rejected_by_pre_entry_checks,,,128.48,-0.2316,126.98,-1.3964
2026-09-28,2026-09-28T13:41:50.127466,INOD,RAPID_DECREASE_CANDIDATE,68.98,-0.4,-0.404,0.004,1.089,0.7828,11,0.6,1.5908036341558274,5,0.7116439698246293,0.75,0.0,39.9,56.6,37.3,0.0,0.0,53.0,0.0,69.3323,,,39.8618288613122,False,rejected_by_pre_entry_checks,,,68.95,-0.0435,68.755,-0.3262
2026-09-28,2026-09-28T13:41:50.145258,QCOM,RAPID_DECREASE_CANDIDATE,188.86,-1.748,-1.752,0.004,0.844,9.9862,11,0.6,1.2410526812384155,5,0.3570545026278345,0.55,0.0,6.2,39.6,1.1,0.0,0.0,44.8,0.0,192.6281,8.9,SMH,25.866578829968145,False,rejected_by_pre_entry_checks,,,189.41,0.2912,188.026,-0.4416
2026-09-28,2026-09-28T13:41:50.164722,INTC,RAPID_DECREASE_CANDIDATE,118.095,-0.327,-0.331,0.004,1.056,0.0423,11,0.6,1.683915415417859,5,0.7641607066296857,0.7,0.0,41.7,54.1,27.8,0.0,0.0,51.9,100.0,119.1522,44.4,SMH,42.60147327176438,False,rejected_by_pre_entry_checks,,,118.21,0.0974,117.75,-0.2921
2026-09-28,2026-09-28T13:41:53.402188,GRAL,RAPID_DECREASE_CANDIDATE,132.5,-0.831,-0.835,0.004,0.922,4.717,10,0.8,4.915730979976147,5,0.5465175439728505,0.7166666666666666,0.0,29.1,44.6,44.4,0.0,0.0,47.4,0.0,132.7989,,,36.26130810882083,False,rejected_by_pre_entry_checks,,,130.0,-1.8868,129.24,-2.4604
2026-09-28,2026-09-28T13:41:53.420070,MXL,RAPID_DECREASE_CANDIDATE,90.85,-1.239,-1.243,0.004,1.092,0.5724,10,0.8,4.09451630603999,5,0.3855761162613768,0.6166666666666667,0.0,18.9,56.8,9.7,0.0,0.0,53.1,0.0,92.3397,,,32.96572812313393,False,rejected_by_pre_entry_checks,,,89.87,-1.0787,86.89,-4.3588
2026-09-28,2026-09-28T13:41:53.438209,VIAV,RAPID_DECREASE_CANDIDATE,39.68,-1.855,-1.859,0.004,1.091,6.0988,10,0.6,2.8844733431844105,5,0.8360244868024191,0.8,0.0,3.5,56.8,0.0,0.0,0.0,53.0,0.0,40.678,,,29.17692677877895,False,rejected_by_pre_entry_checks,,,39.08,-1.5121,39.305,-0.9451
2026-09-28,2026-09-28T13:41:53.459671,META,RAPID_DECREASE_CANDIDATE,721.88,-0.341,-0.345,0.004,1.05,0.1524,10,0.8,2.599886317737704,5,0.6583951049863919,0.8,0.0,41.4,53.7,34.9,0.0,0.0,51.7,77.2,726.2529,40.6,XLC,42.38355658905687,False,rejected_by_pre_entry_checks,,,720.7699,-0.1538,719.81,-0.2868
2026-09-28,2026-09-28T13:41:53.478507,AEHR,RAPID_DECREASE_CANDIDATE,98.637,-1.363,-1.367,0.004,0.723,1.8147,10,0.6,2.2181261848106475,5,0.7943571234524781,0.75,0.0,15.8,32.3,15.3,0.0,0.0,40.8,0.0,100.0252,,,27.533381821986374,False,rejected_by_pre_entry_checks,,,98.21,-0.4329,97.0603,-1.5985
2026-09-28,2026-09-28T13:41:53.497974,RMBS,RAPID_DECREASE_CANDIDATE,101.92,-0.909,-0.913,0.004,0.992,9.5761,10,1.0,3.5921187079685986,5,0.6391017039001283,0.7333333333333333,0.0,27.2,49.5,36.1,0.0,0.0,49.7,0.0,102.4898,,,36.00032696957103,False,rejected_by_pre_entry_checks,,,102.44,0.5102,101.72,-0.1962
2026-09-28,2026-09-28T13:41:53.539434,ILMN,RAPID_DECREASE_CANDIDATE,266.7,-0.606,-0.61,0.004,1.022,6.8054,10,1.0,2.08663925691748,5,0.29108473676479374,0.5333333333333333,0.0,34.8,51.6,49.2,0.0,0.0,50.7,0.0,266.7866,,,39.375294323075046,False,rejected_by_pre_entry_checks,,,270.2871,1.345,272.175,2.0529
2026-09-28,2026-09-28T13:41:53.573431,P,RAPID_DECREASE_CANDIDATE,128.44,-0.588,-0.592,0.004,1.06,0.7396,10,0.6,4.895076230386623,5,0.5700187605349776,0.7666666666666666,0.0,35.2,54.4,36.2,0.0,0.0,52.0,0.0,129.153,,,38.45523311752451,False,rejected_by_pre_entry_checks,,,127.74,-0.545,126.98,-1.1367
2026-09-28,2026-09-28T13:41:53.591038,INOD,RAPID_DECREASE_CANDIDATE,68.97,-0.414,-0.418,0.004,1.07,0.7829,10,0.6,1.5908036341558274,5,0.7116439698246293,0.75,0.0,39.5,55.1,36.8,0.0,0.0,52.3,0.0,69.3356,,,39.42299184631546,False,rejected_by_pre_entry_checks,,,68.86,-0.1595,68.755,-0.3117
2026-09-28,2026-09-28T13:41:53.614718,QCOM,RAPID_DECREASE_CANDIDATE,188.71,-1.826,-1.83,0.004,0.871,4.0962,10,0.6,1.2410526812384155,5,0.3570545026278345,0.55,0.0,4.2,41.3,0.0,0.0,0.0,45.7,0.0,192.6077,6.9,SMH,25.8040118486362,False,rejected_by_pre_entry_checks,,,189.77,0.5617,188.026,-0.3625
2026-09-28,2026-09-28T13:41:56.838822,GRAL,RAPID_DECREASE_CANDIDATE,132.5,-0.831,-0.835,0.004,0.94,1.6453,11,0.8,4.915730979976147,5,0.5465175439728505,0.7166666666666666,0.0,29.1,45.8,44.3,0.0,0.0,48.0,0.0,132.8012,,,36.53657734901444,False,rejected_by_pre_entry_checks,,,130.0,-1.8868,129.24,-2.4604
2026-09-28,2026-09-28T13:41:56.855819,MXL,RAPID_DECREASE_CANDIDATE,90.74,-1.359,-1.363,0.004,1.067,0.4298,11,0.8,4.09451630603999,5,0.3855761162613768,0.6166666666666667,0.0,15.9,54.9,6.8,0.0,0.0,52.2,15.6,92.3361,,,32.33909468963804,False,rejected_by_pre_entry_checks,,,89.87,-0.9588,86.89,-4.2429
2026-09-28,2026-09-28T13:41:56.872752,VIAV,RAPID_DECREASE_CANDIDATE,39.68,-1.855,-1.859,0.004,1.067,6.0988,11,0.6,2.8844733431844105,5,0.8360244868024191,0.8,0.0,3.5,54.9,0.0,0.0,0.0,52.2,0.0,40.6752,,,28.767555334109947,False,rejected_by_pre_entry_checks,,,39.08,-1.5121,39.305,-0.9451
2026-09-28,2026-09-28T13:41:56.889970,META,RAPID_DECREASE_CANDIDATE,721.465,-0.398,-0.402,0.004,1.037,0.1746,11,0.8,2.599886317737704,5,0.6583951049863919,0.8,0.0,40.0,52.7,33.5,0.0,0.0,51.2,72.3,726.2447,39.1,XLC,41.550798858503455,False,rejected_by_pre_entry_checks,,,720.7699,-0.0963,719.81,-0.2294
2026-09-28,2026-09-28T13:41:56.911734,AEHR,RAPID_DECREASE_CANDIDATE,98.4924,-1.508,-1.512,0.004,0.777,14.6712,11,0.6,2.2181261848106475,5,0.7943571234524781,0.75,0.0,12.2,35.5,11.8,0.0,0.0,42.6,0.0,100.0224,,,27.23352767465127,False,rejected_by_pre_entry_checks,,,98.21,-0.2867,97.0603,-1.454
2026-09-28,2026-09-28T13:41:56.980660,RMBS,RAPID_DECREASE_CANDIDATE,101.92,-0.909,-0.913,0.004,0.994,9.5761,11,1.0,3.5921187079685986,5,0.6391017039001283,0.7333333333333333,0.0,27.2,49.6,36.2,0.0,0.0,49.8,0.0,102.4865,,,36.04132885875949,False,rejected_by_pre_entry_checks,,,102.44,0.5102,101.72,-0.1962
2026-09-28,2026-09-28T13:41:56.997239,ILMN,RAPID_DECREASE_CANDIDATE,266.83,-0.557,-0.561,0.004,1.016,6.5847,11,1.0,2.08663925691748,5,0.29108473676479374,0.5333333333333333,0.0,36.0,51.2,50.4,0.8,0.0,50.5,0.0,266.7849,,,39.536546250979974,False,rejected_by_pre_entry_checks,,,270.2871,1.2956,272.175,2.0031
2026-09-28,2026-09-28T13:41:57.021485,P,RAPID_DECREASE_CANDIDATE,128.3479,-0.66,-0.664,0.004,1.044,0.7791,11,0.6,4.895076230386623,5,0.5700187605349776,0.7666666666666666,0.0,33.4,53.2,34.4,0.0,0.0,51.5,0.0,129.1522,,,37.673405358464905,False,rejected_by_pre_entry_checks,,,127.74,-0.4736,126.98,-1.0658
2026-09-28,2026-09-28T13:41:57.042027,INOD,RAPID_DECREASE_CANDIDATE,68.97,-0.414,-0.418,0.004,1.051,0.7829,11,0.6,1.5908036341558274,5,0.7116439698246293,0.75,0.0,39.5,53.7,36.7,0.0,0.0,51.7,0.0,69.3388,,,39.09988756801734,False,rejected_by_pre_entry_checks,,,68.86,-0.1595,68.755,-0.3117
2026-09-28,2026-09-28T13:41:57.061318,QCOM,RAPID_DECREASE_CANDIDATE,188.82,-1.769,-1.773,0.004,0.9,5.0736,11,0.6,1.2410526812384155,5,0.3570545026278345,0.55,0.0,5.7,43.2,1.1,0.0,0.0,46.7,0.0,192.5876,8.3,SMH,26.61201941919988,False,rejected_by_pre_entry_checks,,,189.77,0.5031,188.026,-0.4205
2026-09-28,2026-09-28T13:41:57.079582,INTC,RAPID_DECREASE_CANDIDATE,118.12,-0.306,-0.31,0.004,1.033,0.0339,11,0.6,1.683915415417859,5,0.7641607066296857,0.7,0.0,42.2,52.4,28.6,0.0,0.0,51.1,100.0,119.1416,44.9,SMH,42.39851041347323,False,rejected_by_pre_entry_checks,,,117.77,-0.2963,117.75,-0.3132
2026-09-28,2026-09-28T13:42:00.661415,GRAL,RAPID_DECREASE_CANDIDATE,131.745,-1.602,-1.566,-0.036,0.945,1.093,12,0.8,4.915730979976147,5,0.5465175439728505,0.7166666666666666,0.0,10.9,47.0,30.2,0.0,0.0,48.2,0.0,132.7992,,,31.935989763844102,False,rejected_by_pre_entry_checks,,,130.0,-1.3245,129.47,-1.7268
2026-09-28,2026-09-28T13:42:00.680956,VICR,RAPID_DECREASE_CANDIDATE,280.36,-0.327,-0.291,-0.036,2.412,1.2127,12,0.4,1.3557212185800078,5,0.9227008850877633,0.7708333333333334,0.0,42.7,63.7,43.4,0.0,0.0,97.1,0.0,281.0997,,,47.80053380479761,False,rejected_by_pre_entry_checks,,,279.365,-0.3549,278.47,-0.6741
2026-09-28,2026-09-28T13:42:00.704408,GME,RAPID_DECREASE_CANDIDATE,23.78,-0.349,-0.313,-0.036,0.597,0.1682,12,0.4,1.0867770706496627,5,0.6660350086156576,0.6,0.0,42.2,47.3,56.0,12.0,0.0,36.6,73.7,23.723,42.1,XLY,40.5615401100805,False,rejected_by_pre_entry_checks,,,23.94,0.6728,23.985,0.8621
2026-09-28,2026-09-28T13:42:00.731316,MXL,RAPID_DECREASE_CANDIDATE,90.818,-1.171,-1.135,-0.036,2.523,0.4294,12,0.8,4.09451630603999,5,0.3855761162613768,0.6166666666666667,0.0,21.6,67.6,9.5,0.0,0.0,100.0,15.7,92.3151,,,41.70061210369066,False,rejected_by_pre_entry_checks,,,89.87,-1.0438,86.755,-4.4738
2026-09-28,2026-09-28T13:42:00.753478,VIAV,RAPID_DECREASE_CANDIDATE,39.68,-1.563,-1.527,-0.036,6.46,6.0988,12,0.6,2.8844733431844105,5,0.8360244868024191,0.8,0.0,11.8,100.0,0.0,0.0,0.0,100.0,0.0,40.6434,,,43.637499999999996,False,rejected_by_pre_entry_checks,,,39.08,-1.5121,39.265,-1.0459
2026-09-28,2026-09-28T13:42:00.774716,AEHR,RAPID_DECREASE_CANDIDATE,98.22,-1.632,-1.596,-0.036,2.904,0.4887,12,0.6,2.2181261848106475,5,0.7943571234524781,0.75,0.0,10.1,58.1,5.4,0.0,0.0,100.0,2.5,100.003,,,37.14875070906738,False,rejected_by_pre_entry_checks,,,98.21,-0.0102,97.0,-1.2421
2026-09-28,2026-09-28T13:42:00.844964,RMBS,RAPID_DECREASE_CANDIDATE,101.92,-0.391,-0.355,-0.036,0.551,9.5761,12,1.0,3.5921187079685986,5,0.6391017039001283,0.7333333333333333,0.0,41.1,45.9,36.2,0.0,0.0,35.0,0.0,102.484,,,35.91667895778214,False,rejected_by_pre_entry_checks,,,102.44,0.5102,101.55,-0.363
2026-09-28,2026-09-28T13:42:00.883974,ILMN,RAPID_DECREASE_CANDIDATE,266.1956,-0.525,-0.489,-0.036,2.383,6.6004,12,1.0,2.08663925691748,5,0.29108473676479374,0.5333333333333333,0.0,37.8,63.8,44.5,0.0,0.0,96.1,0.0,266.7811,,,47.00823278806112,False,rejected_by_pre_entry_checks,,,270.2871,1.537,272.515,2.374
2026-09-28,2026-09-28T13:42:00.915626,PLTR,RAPID_DECREASE_CANDIDATE,188.0488,-0.435,-0.399,-0.036,1.179,9.6517,12,0.6,1.573986050400486,5,0.39020677611281884,0.6,0.0,40.0,54.3,50.9,1.7,0.0,56.0,0.0,187.9834,38.9,ARKK,41.35656746282918,False,rejected_by_pre_entry_checks,,,188.8489,0.4255,187.77,-0.1483
2026-09-28,2026-09-28T13:42:00.950539,INOD,RAPID_DECREASE_CANDIDATE,69.0265,-0.661,-0.625,-0.036,0.646,0.7823,12,0.6,1.5908036341558274,5,0.7116439698246293,0.75,0.0,34.4,49.1,38.8,0.0,0.0,38.2,0.0,69.3377,,,36.02706181206966,False,rejected_by_pre_entry_checks,,,68.86,-0.2412,68.5,-0.7628
2026-09-28,2026-09-28T13:42:00.981270,QCOM,RAPID_DECREASE_CANDIDATE,188.61,-1.53,-1.494,-0.036,1.14,3.9977,12,0.6,1.2410526812384155,5,0.3570545026278345,0.55,0.0,12.6,47.0,0.0,0.0,0.0,54.7,0.0,192.5583,13.5,SMH,29.279945151706226,False,rejected_by_pre_entry_checks,,,189.77,0.615,187.84,-0.4082
2026-09-28,2026-09-28T13:42:01.002669,INTC,RAPID_DECREASE_CANDIDATE,117.96,-0.397,-0.361,-0.036,1.24,0.0339,12,0.6,1.683915415417859,5,0.7641607066296857,0.7,0.0,41.0,53.5,25.4,0.0,0.0,58.0,100.0,119.1339,41.8,SMH,42.83726310268121,False,rejected_by_pre_entry_checks,,,117.77,-0.1611,117.4259,-0.4528
2026-09-28,2026-09-28T13:42:04.382697,GRAL,RAPID_DECREASE_CANDIDATE,131.745,-1.602,-1.566,-0.036,0.965,1.093,9,0.8,4.915730979976147,5,0.5465175439728505,0.7166666666666666,0.0,10.9,48.3,30.2,0.0,0.0,48.8,0.0,132.7973,,,32.2318248395891,False,rejected_by_pre_entry_checks,,,130.0,-1.3245,129.47,-1.7268
2026-09-28,2026-09-28T13:42:04.404189,VICR,RAPID_DECREASE_CANDIDATE,280.36,-0.327,-0.291,-0.036,2.241,1.0772,9,0.4,1.3557212185800078,5,0.9227008850877633,0.7708333333333334,0.0,42.7,76.8,43.4,0.0,0.0,91.4,0.0,281.0966,,,49.274309712874604,False,rejected_by_pre_entry_checks,,,279.365,-0.3549,278.47,-0.6741
2026-09-28,2026-09-28T13:42:04.424715,GME,RAPID_DECREASE_CANDIDATE,23.79,-0.307,-0.271,-0.036,0.607,4.5397,9,0.4,1.0867770706496627,5,0.6660350086156576,0.6,0.0,43.2,43.3,57.0,14.1,40.0,36.9,0.0,23.7231,43.1,XLY,40.24373361639836,False,rejected_by_pre_entry_checks,,,23.94,0.6305,23.985,0.8197
2026-09-28,2026-09-28T13:42:04.445107,MXL,RAPID_DECREASE_CANDIDATE,90.9,-1.081,-1.045,-0.036,2.297,0.5171,9,0.8,4.09451630603999,5,0.3855761162613768,0.6166666666666667,0.0,23.9,79.4,12.2,0.0,0.0,93.2,0.0,92.2948,,,42.89446826514783,False,rejected_by_pre_entry_checks,,,89.87,-1.1331,86.755,-4.56
2026-09-28,2026-09-28T13:42:04.464778,VIAV,RAPID_DECREASE_CANDIDATE,39.8243,-1.205,-1.169,-0.036,4.964,6.0767,9,0.6,2.8844733431844105,5,0.8360244868024191,0.8,0.0,20.8,100.0,1.4,0.0,0.0,100.0,0.0,40.6139,,,45.30354755810877,False,rejected_by_pre_entry_checks,,,39.08,-1.869,39.265,-1.4044
2026-09-28,2026-09-28T13:42:04.484463,AEHR,RAPID_DECREASE_CANDIDATE,98.3,-1.552,-1.516,-0.036,2.803,14.7609,9,0.6,2.2181261848106475,5,0.7943571234524781,0.75,0.0,12.1,86.2,7.9,0.0,0.0,100.0,0.0,99.9842,,,42.36623027677471,False,rejected_by_pre_entry_checks,,,98.21,-0.0916,97.0,-1.3225
2026-09-28,2026-09-28T13:42:04.504907,RMBS,RAPID_DECREASE_CANDIDATE,101.91,-0.401,-0.365,-0.036,0.566,9.5771,9,1.0,3.5921187079685986,5,0.6391017039001283,0.7333333333333333,0.0,40.9,42.2,36.1,0.0,0.0,35.5,0.0,102.4816,,,35.299753678524546,False,rejected_by_pre_entry_checks,,,102.44,0.5201,101.55,-0.3533
2026-09-28,2026-09-28T13:42:04.534650,INOD,RAPID_DECREASE_CANDIDATE,68.7984,-0.99,-0.954,-0.036,0.648,0.7849,9,0.6,1.5908036341558274,5,0.7116439698246293,0.75,0.0,26.2,44.6,30.6,0.0,0.0,38.3,0.0,69.3366,,,32.89623415852667,False,rejected_by_pre_entry_checks,,,68.86,0.0895,68.5,-0.4337
2026-09-28,2026-09-28T13:42:04.553131,QCOM,RAPID_DECREASE_CANDIDATE,188.55,-1.561,-1.525,-0.036,1.167,9.0904,9,0.6,1.2410526812384155,5,0.3570545026278345,0.55,0.0,11.9,51.3,0.0,0.0,0.0,55.6,0.0,192.5294,12.7,SMH,29.969555991004693,False,rejected_by_pre_entry_checks,,,189.77,0.647,187.84,-0.3766
2026-09-28,2026-09-28T13:42:07.790915,GRAL,RAPID_DECREASE_CANDIDATE,131.74,-1.606,-1.57,-0.036,0.986,0.9412,10,0.8,4.915730979976147,5,0.5465175439728505,0.7166666666666666,0.0,10.8,49.6,30.1,0.0,0.0,49.5,0.0,132.7953,,,32.515904704551964,False,rejected_by_pre_entry_checks,,,130.0,-1.3208,129.47,-1.7231
2026-09-28,2026-09-28T13:42:07.811818,VICR,RAPID_DECREASE_CANDIDATE,280.36,-0.327,-0.291,-0.036,2.093,1.0772,10,0.4,1.3557212185800078,5,0.9227008850877633,0.7708333333333334,0.0,42.7,89.8,43.5,0.0,0.0,86.4,0.0,281.0936,,,50.828690091936735,False,rejected_by_pre_entry_checks,,,279.365,-0.3549,278.47,-0.6741
2026-09-28,2026-09-28T13:42:07.834867,MXL,RAPID_DECREASE_CANDIDATE,90.885,-1.098,-1.062,-0.036,2.108,0.5171,10,0.8,4.09451630603999,5,0.3855761162613768,0.6166666666666667,0.0,23.4,90.5,12.3,0.0,0.0,86.9,0.0,92.2751,,,43.905703500783986,False,rejected_by_pre_entry_checks,,,89.87,-1.1168,86.755,-4.5442
2026-09-28,2026-09-28T13:42:07.887880,VIAV,RAPID_DECREASE_CANDIDATE,39.67,-1.588,-1.552,-0.036,4.031,6.1003,10,0.6,2.8844733431844105,5,0.8360244868024191,0.8,0.0,11.2,100.0,0.0,0.0,0.0,100.0,0.0,40.5865,,,43.533333333333324,False,rejected_by_pre_entry_checks,,,39.08,-1.4873,39.265,-1.0209
2026-09-28,2026-09-28T13:42:07.911574,AEHR,RAPID_DECREASE_CANDIDATE,98.5,-1.352,-1.316,-0.036,2.709,0.5178,10,0.6,2.2181261848106475,5,0.7943571234524781,0.75,0.0,17.1,100.0,13.3,0.0,0.0,100.0,0.0,99.9658,,,46.184479085909686,False,rejected_by_pre_entry_checks,,,98.21,-0.2944,97.0,-1.5228
2026-09-28,2026-09-28T13:42:07.932501,RMBS,RAPID_DECREASE_CANDIDATE,101.91,-0.401,-0.365,-0.036,0.581,4.8572,10,1.0,3.5921187079685986,5,0.6391017039001283,0.7333333333333333,0.0,40.9,38.5,36.1,0.0,0.0,36.0,0.0,102.4791,,,34.75151169771987,False,rejected_by_pre_entry_checks,,,102.44,0.5201,101.55,-0.3533
2026-09-28,2026-09-28T13:42:07.951024,ILMN,RAPID_DECREASE_CANDIDATE,266.2,-0.523,-0.487,-0.036,2.064,6.6003,10,1.0,2.08663925691748,5,0.29108473676479374,0.5333333333333333,0.0,37.8,88.5,44.6,0.0,0.0,85.5,0.0,266.7737,,,49.82317444260573,False,rejected_by_pre_entry_checks,,,270.2871,1.5353,272.515,2.3723
2026-09-28,2026-09-28T13:42:07.970515,INOD,RAPID_DECREASE_CANDIDATE,68.96,-0.757,-0.721,-0.036,0.651,0.7831,10,0.6,1.5908036341558274,5,0.7116439698246293,0.75,0.0,32.0,40.3,36.5,0.0,0.0,38.4,0.0,69.3355,,,33.902199593586175,False,rejected_by_pre_entry_checks,,,68.86,-0.145,68.5,-0.6671
2026-09-28,2026-09-28T13:42:07.988456,QCOM,RAPID_DECREASE_CANDIDATE,188.645,-1.511,-1.475,-0.036,1.195,4.0923,10,0.6,1.2410526812384155,5,0.3570545026278345,0.55,0.0,13.1,56.0,0.0,0.0,0.0,56.5,0.0,192.5011,13.9,SMH,31.07523311669963,False,rejected_by_pre_entry_checks,,,189.77,0.5964,187.84,-0.4267
2026-09-28,2026-09-28T13:42:08.010778,INTC,RAPID_DECREASE_CANDIDATE,118.06,-0.312,-0.276,-0.036,1.187,0.4743,10,0.6,1.683915415417859,5,0.7641607066296857,0.7,0.0,43.1,55.7,27.8,0.0,0.0,56.2,5.7,119.119,43.9,SMH,39.70301080542395,False,rejected_by_pre_entry_checks,,,117.77,-0.2456,117.4259,-0.5371
2026-09-28,2026-09-28T13:42:11.325034,GRAL,RAPID_DECREASE_CANDIDATE,131.95,-1.449,-1.413,-0.036,0.987,0.9322,10,0.8,4.915730979976147,5,0.5465175439728505,0.7166666666666666,0.0,14.7,49.5,34.1,0.0,0.0,49.6,0.0,132.7933,,,33.65051597416911,False,rejected_by_pre_entry_checks,,,130.0,-1.4778,129.47,-1.8795
2026-09-28,2026-09-28T13:42:11.344466,VICR,RAPID_DECREASE_CANDIDATE,280.36,-0.327,-0.291,-0.036,1.966,1.0772,10,0.4,1.3557212185800078,5,0.9227008850877633,0.7708333333333334,0.0,42.7,100.0,43.5,0.0,0.0,82.2,0.0,281.0907,,,52.000124563734865,False,rejected_by_pre_entry_checks,,,279.365,-0.3549,278.47,-0.6741
2026-09-28,2026-09-28T13:42:11.368146,MXL,RAPID_DECREASE_CANDIDATE,91.16,-0.799,-0.763,-0.036,1.979,14.7433,10,0.8,4.09451630603999,5,0.3855761162613768,0.6166666666666667,0.0,30.9,100.0,20.3,0.0,0.0,82.6,0.0,92.256,,,47.18739346717173,False,rejected_by_pre_entry_checks,,,89.87,-1.4151,86.755,-4.8322
2026-09-28,2026-09-28T13:42:11.384963,VIAV,RAPID_DECREASE_CANDIDATE,39.675,-1.575,-1.539,-0.036,3.421,6.0996,10,0.6,2.8844733431844105,5,0.8360244868024191,0.8,0.0,11.5,100.0,0.0,0.0,0.0,100.0,0.0,40.5609,,,43.58749999999999,False,rejected_by_pre_entry_checks,,,39.08,-1.4997,39.265,-1.0334
2026-09-28,2026-09-28T13:42:11.402956,AEHR,RAPID_DECREASE_CANDIDATE,98.305,-1.547,-1.511,-0.036,2.461,0.7731,10,0.6,2.2181261848106475,5,0.7943571234524781,0.75,0.0,12.2,100.0,8.9,0.0,0.0,98.7,0.0,99.9479,,,44.65506561999399,False,rejected_by_pre_entry_checks,,,98.21,-0.0966,97.0,-1.3275
2026-09-28,2026-09-28T13:42:11.421944,RMBS,RAPID_DECREASE_CANDIDATE,101.95,-0.362,-0.326,-0.036,0.596,4.8553,10,1.0,3.5921187079685986,5,0.6391017039001283,0.7333333333333333,0.0,41.9,34.7,37.2,0.0,0.0,36.5,0.0,102.4767,,,34.46817154890846,False,rejected_by_pre_entry_checks,,,102.44,0.4806,101.55,-0.3923
2026-09-28,2026-09-28T13:42:11.439633,ILMN,RAPID_DECREASE_CANDIDATE,266.2,-0.523,-0.487,-0.036,1.943,6.6003,10,1.0,2.08663925691748,5,0.29108473676479374,0.5333333333333333,0.0,37.8,100.0,44.7,0.0,0.0,81.4,0.0,266.7701,,,51.232183019306056,False,rejected_by_pre_entry_checks,,,270.2871,1.5353,272.515,2.3723
2026-09-28,2026-09-28T13:42:11.456471,P,RAPID_DECREASE_CANDIDATE,128.4659,-0.317,-0.281,-0.036,0.725,0.3347,10,0.6,4.895076230386623,5,0.5700187605349776,0.7666666666666666,0.0,43.0,39.3,36.8,0.0,0.0,40.8,36.7,129.1476,,,37.44678179775644,False,rejected_by_pre_entry_checks,,,127.74,-0.5651,126.845,-1.2617
2026-09-28,2026-09-28T13:42:11.474689,INOD,RAPID_DECREASE_CANDIDATE,68.96,-0.757,-0.721,-0.036,0.664,0.7831,10,0.6,1.5908036341558274,5,0.7116439698246293,0.75,0.0,32.0,37.1,36.5,0.0,0.0,38.8,0.0,69.3344,,,33.42329798205103,False,rejected_by_pre_entry_checks,,,68.86,-0.145,68.5,-0.6671
2026-09-28,2026-09-28T13:42:11.494275,QCOM,RAPID_DECREASE_CANDIDATE,188.7057,-1.48,-1.444,-0.036,1.182,4.144,10,0.6,1.2410526812384155,5,0.3570545026278345,0.55,0.0,13.9,57.9,1.1,0.0,0.0,56.1,0.0,192.4731,14.7,SMH,31.614043071532627,False,rejected_by_pre_entry_checks,,,189.77,0.564,187.84,-0.4588
2026-09-28,2026-09-28T13:42:14.676287,GRAL,RAPID_DECREASE_CANDIDATE,131.11,-2.076,-2.04,-0.036,0.988,0.9229,7,0.8,4.915730979976147,5,0.5465175439728505,0.7166666666666666,0.0,0.0,49.3,18.3,0.0,0.0,49.6,0.0,132.7914,,,29.21412239974909,False,rejected_by_pre_entry_checks,,,130.0,-0.8466,129.47,-1.2509
2026-09-28,2026-09-28T13:42:14.699465,VICR,RAPID_DECREASE_CANDIDATE,280.43,-0.302,-0.266,-0.036,1.854,1.0769,7,0.4,1.3557212185800078,5,0.9227008850877633,0.7708333333333334,0.0,43.4,100.0,44.1,0.0,0.0,78.5,0.0,281.088,,,51.71851722256986,False,rejected_by_pre_entry_checks,,,279.365,-0.3798,278.47,-0.6989
2026-09-28,2026-09-28T13:42:14.717562,VKTX,RAPID_DECREASE_CANDIDATE,34.93,-0.484,-0.448,-0.036,0.496,5.2677,7,0.8,3.248332067979104,5,0.6228616102135653,0.75,0.0,38.8,26.0,50.4,0.8,0.0,33.2,0.0,34.9246,,,33.65659594870694,False,rejected_by_pre_entry_checks,,,34.61,-0.9161,34.56,-1.0593
2026-09-28,2026-09-28T13:42:14.743365,VIAV,RAPID_DECREASE_CANDIDATE,39.7906,-1.289,-1.253,-0.036,2.971,8.1678,7,0.6,2.8844733431844105,5,0.8360244868024191,0.8,0.0,18.7,100.0,4.0,0.0,0.0,100.0,0.0,40.5371,,,45.274692963867224,False,rejected_by_pre_entry_checks,,,39.08,-1.7858,39.265,-1.3209
2026-09-28,2026-09-28T13:42:14.773301,AEHR,RAPID_DECREASE_CANDIDATE,98.1001,-1.753,-1.717,-0.036,2.255,0.6932,7,0.6,2.2181261848106475,5,0.7943571234524781,0.75,0.0,7.1,100.0,4.2,0.0,0.0,91.8,0.0,99.9303,,,42.351515513004365,False,rejected_by_pre_entry_checks,,,98.21,0.112,97.0,-1.1214
2026-09-28,2026-09-28T13:42:14.792617,INOD,RAPID_DECREASE_CANDIDATE,69.0876,-0.573,-0.537,-0.036,0.678,0.7816,7,0.6,1.5908036341558274,5,0.7116439698246293,0.75,0.0,36.6,33.9,41.1,0.0,0.0,39.3,0.0,69.3334,,,34.29029983297791,False,rejected_by_pre_entry_checks,,,68.86,-0.3294,68.5,-0.8505
2026-09-28,2026-09-28T13:42:14.813691,QCOM,RAPID_DECREASE_CANDIDATE,188.8,-1.431,-1.395,-0.036,1.169,4.1155,7,0.6,1.2410526812384155,5,0.3570545026278345,0.55,0.0,15.1,59.9,2.6,0.0,0.0,55.6,0.0,192.4456,15.9,SMH,32.29157074654055,False,rejected_by_pre_entry_checks,,,189.77,0.5138,187.84,-0.5085
2026-09-28,2026-09-28T13:42:18.018223,GRAL,RAPID_DECREASE_CANDIDATE,131.725,-1.617,-1.581,-0.036,0.989,4.5018,8,0.8,4.915730979976147,5,0.5465175439728505,0.7166666666666666,0.0,10.5,49.2,30.0,0.0,0.0,49.6,0.0,132.7895,,,32.393422628499806,False,rejected_by_pre_entry_checks,,,130.0,-1.3095,129.47,-1.7119
2026-09-28,2026-09-28T13:42:18.036513,MXL,RAPID_DECREASE_CANDIDATE,91.345,-0.597,-0.561,-0.036,1.764,1.1823,8,0.8,4.09451630603999,5,0.3855761162613768,0.6166666666666667,0.0,36.0,100.0,26.3,0.0,0.0,75.5,0.0,92.2195,,,47.88233535444163,False,rejected_by_pre_entry_checks,,,89.87,-1.6148,86.755,-5.0249
2026-09-28,2026-09-28T13:42:18.074473,VKTX,RAPID_DECREASE_CANDIDATE,34.85,-0.712,-0.676,-0.036,0.513,5.2798,8,0.8,3.248332067979104,5,0.6228616102135653,0.75,0.0,33.1,21.2,44.6,0.0,0.0,33.8,0.0,34.9251,,,31.35432248999664,False,rejected_by_pre_entry_checks,,,34.61,-0.6887,34.56,-0.8321
2026-09-28,2026-09-28T13:42:18.092883,VIAV,RAPID_DECREASE_CANDIDATE,39.7744,-1.329,-1.293,-0.036,2.626,8.1711,8,0.6,2.8844733431844105,5,0.8360244868024191,0.8,0.0,17.7,100.0,4.3,0.0,0.0,100.0,0.0,40.5147,,,45.152416093304566,False,rejected_by_pre_entry_checks,,,39.08,-1.7458,39.265,-1.2807
2026-09-28,2026-09-28T13:42:18.110757,AEHR,RAPID_DECREASE_CANDIDATE,98.1,-1.753,-1.717,-0.036,2.081,0.6932,8,0.6,2.2181261848106475,5,0.7943571234524781,0.75,0.0,7.1,100.0,4.6,0.0,0.0,86.0,0.0,99.9132,,,41.67871890612749,False,rejected_by_pre_entry_checks,,,98.21,0.1121,97.0,-1.1213
2026-09-28,2026-09-28T13:42:18.131497,RMBS,RAPID_DECREASE_CANDIDATE,102.01,-0.303,-0.267,-0.036,0.627,4.9113,8,1.0,3.5921187079685986,5,0.6391017039001283,0.7333333333333333,0.0,43.3,27.0,38.7,0.0,0.0,37.6,0.0,102.4719,,,33.765318823807284,False,rejected_by_pre_entry_checks,,,102.44,0.4215,101.55,-0.4509
2026-09-28,2026-09-28T13:42:18.147175,INOD,RAPID_DECREASE_CANDIDATE,69.015,-0.678,-0.642,-0.036,0.693,0.7824,8,0.6,1.5908036341558274,5,0.7116439698246293,0.75,0.0,34.0,30.6,38.6,0.0,0.0,39.8,0.0,69.3323,,,33.054913100888086,False,rejected_by_pre_entry_checks,,,68.86,-0.2246,68.5,-0.7462
2026-09-28,2026-09-28T13:42:18.169643,QCOM,RAPID_DECREASE_CANDIDATE,188.88,-1.389,-1.353,-0.036,1.156,9.0745,8,0.6,1.2410526812384155,5,0.3570545026278345,0.55,0.0,16.2,61.9,4.0,0.0,0.0,55.2,0.0,192.4186,17.0,SMH,32.916085210315856,False,rejected_by_pre_entry_checks,,,189.77,0.4712,187.84,-0.5506
2026-09-28,2026-09-28T13:42:21.361952,GRAL,RAPID_DECREASE_CANDIDATE,132.2997,-1.188,-1.152,-0.036,0.989,4.4822,9,0.8,4.915730979976147,5,0.5465175439728505,0.7166666666666666,0.0,21.2,49.2,40.8,0.0,0.0,49.6,0.0,132.7876,,,35.547330632081874,False,rejected_by_pre_entry_checks,,,130.0,-1.7383,129.47,-2.1389
2026-09-28,2026-09-28T13:42:21.406493,GME,RAPID_DECREASE_CANDIDATE,23.7908,-0.303,-0.267,-0.036,0.677,0.1681,9,0.4,1.0867770706496627,5,0.6660350086156576,0.6,0.0,43.3,29.8,57.1,14.1,40.0,39.2,73.8,23.7238,43.2,XLY,41.35847809527165,False,rejected_by_pre_entry_checks,,,23.94,0.6271,23.985,0.8163
2026-09-28,2026-09-28T13:42:21.433162,MXL,RAPID_DECREASE_CANDIDATE,91.35,-0.592,-0.556,-0.036,1.672,1.1823,9,0.8,4.09451630603999,5,0.3855761162613768,0.6166666666666667,0.0,36.1,100.0,26.9,0.0,0.0,72.4,0.0,92.2021,,,47.59538215563184,False,rejected_by_pre_entry_checks,,,89.87,-1.6201,86.755,-5.0301
2026-09-28,2026-09-28T13:42:21.451429,VKTX,RAPID_DECREASE_CANDIDATE,34.92,-0.513,-0.477,-0.036,0.532,5.2692,9,0.8,3.248332067979104,5,0.6228616102135653,0.75,0.0,38.1,22.1,49.6,0.0,0.0,34.4,0.0,34.9257,,,33.03582411732637,False,rejected_by_pre_entry_checks,,,34.61,-0.8877,34.56,-1.0309
2026-09-28,2026-09-28T13:42:21.467329,VIAV,RAPID_DECREASE_CANDIDATE,39.92,-0.968,-0.932,-0.036,2.353,8.1162,9,0.6,2.8844733431844105,5,0.8360244868024191,0.8,0.0,26.7,100.0,14.6,0.0,0.0,95.1,0.0,40.4937,,,47.3267501288373,False,rejected_by_pre_entry_checks,,,39.08,-2.1042,39.265,-1.6408
2026-09-28,2026-09-28T13:42:21.484022,AEHR,RAPID_DECREASE_CANDIDATE,98.5768,-1.275,-1.239,-0.036,1.932,14.2224,9,0.6,2.2181261848106475,5,0.7943571234524781,0.75,0.0,19.0,100.0,17.0,0.0,0.0,81.1,0.0,99.8965,,,44.5924075880253,False,rejected_by_pre_entry_checks,,,98.21,-0.3721,97.0,-1.5996
2026-09-28,2026-09-28T13:42:21.501867,INOD,RAPID_DECREASE_CANDIDATE,69.09,-0.57,-0.534,-0.036,0.709,0.579,9,0.6,1.5908036341558274,5,0.7116439698246293,0.75,0.0,36.7,31.5,41.3,0.0,0.0,40.3,0.0,69.3313,,,34.05958131573594,False,rejected_by_pre_entry_checks,,,68.86,-0.3329,68.5,-0.854
2026-09-28,2026-09-28T13:42:21.537561,QCOM,RAPID_DECREASE_CANDIDATE,188.74,-1.462,-1.426,-0.036,1.143,9.0813,9,0.6,1.2410526812384155,5,0.3570545026278345,0.55,0.0,14.4,60.9,2.5,0.0,0.0,54.8,0.0,192.3919,15.2,SMH,32.200342187824006,False,rejected_by_pre_entry_checks,,,189.77,0.5457,187.84,-0.4768
2026-09-28,2026-09-28T13:42:21.555520,INTC,RAPID_DECREASE_CANDIDATE,118.05,-0.321,-0.285,-0.036,1.137,0.449,9,0.6,1.683915415417859,5,0.7641607066296857,0.7,0.0,42.9,60.4,28.2,0.0,0.0,54.6,11.3,119.0902,43.7,SMH,40.52377800197726,False,rejected_by_pre_entry_checks,,,117.77,-0.2372,117.4259,-0.5287
2026-09-28,2026-09-28T13:42:24.743369,GRAL,RAPID_DECREASE_CANDIDATE,132.11,-1.329,-1.293,-0.036,0.99,4.4887,11,0.8,4.915730979976147,5,0.5465175439728505,0.7166666666666666,0.0,17.7,49.3,37.3,0.0,0.0,49.7,0.0,132.7857,,,34.53147733550188,False,rejected_by_pre_entry_checks,,,130.0,-1.5972,129.47,-1.9983
2026-09-28,2026-09-28T13:42:24.761414,VICR,RAPID_DECREASE_CANDIDATE,280.3315,-0.337,-0.301,-0.036,1.584,5.9251,11,0.4,1.3557212185800078,5,0.9227008850877633,0.7708333333333334,0.0,42.5,100.0,43.3,0.0,0.0,69.5,0.0,281.0803,,,50.346716487384164,False,rejected_by_pre_entry_checks,,,279.365,-0.3448,278.47,-0.664
2026-09-28,2026-09-28T13:42:24.780257,GME,RAPID_DECREASE_CANDIDATE,23.785,-0.328,-0.292,-0.036,0.695,0.1682,11,0.4,1.0867770706496627,5,0.6660350086156576,0.6,0.0,42.7,30.7,56.4,12.9,40.0,39.8,73.7,23.724,42.6,XLY,41.56609271333501,False,rejected_by_pre_entry_checks,,,23.94,0.6517,23.985,0.8409
2026-09-28,2026-09-28T13:42:24.800183,MXL,RAPID_DECREASE_CANDIDATE,91.2692,-0.68,-0.644,-0.036,1.59,1.1833,11,0.8,4.09451630603999,5,0.3855761162613768,0.6166666666666667,0.0,33.9,100.0,25.2,0.0,0.0,69.7,0.0,92.1851,,,46.670094016157094,False,rejected_by_pre_entry_checks,,,89.87,-1.533,86.755,-4.946
2026-09-28,2026-09-28T13:42:24.817704,VKTX,RAPID_DECREASE_CANDIDATE,34.8601,-0.683,-0.647,-0.036,0.552,5.2782,11,0.8,3.248332067979104,5,0.6228616102135653,0.75,0.0,33.8,23.1,45.3,0.0,0.0,35.1,0.0,34.9262,,,32.03531963820001,False,rejected_by_pre_entry_checks,,,34.61,-0.7174,34.56,-0.8609
2026-09-28,2026-09-28T13:42:24.841211,VIAV,RAPID_DECREASE_CANDIDATE,39.8161,-1.225,-1.189,-0.036,2.131,8.1374,11,0.6,2.8844733431844105,5,0.8360244868024191,0.8,0.0,20.3,100.0,9.4,0.0,0.0,87.7,0.0,40.474,,,44.678949681236546,False,rejected_by_pre_entry_checks,,,39.08,-1.8487,39.265,-1.3841
2026-09-28,2026-09-28T13:42:24.875683,AEHR,RAPID_DECREASE_CANDIDATE,98.83,-1.022,-0.986,-0.036,1.803,14.4288,11,0.6,2.2181261848106475,5,0.7943571234524781,0.75,0.0,25.4,100.0,23.7,0.0,0.0,76.8,0.0,99.8802,,,45.95166589791607,False,rejected_by_pre_entry_checks,,,98.21,-0.6273,97.0,-1.8517
2026-09-28,2026-09-28T13:42:24.899517,RMBS,RAPID_DECREASE_CANDIDATE,102.0,-0.313,-0.277,-0.036,0.663,4.9118,11,1.0,3.5921187079685986,5,0.6391017039001283,0.7333333333333333,0.0,43.1,28.9,38.6,0.0,0.0,38.8,0.0,102.4672,,,34.173790603014105,False,rejected_by_pre_entry_checks,,,102.44,0.4314,101.55,-0.4412
2026-09-28,2026-09-28T13:42:24.916474,INOD,RAPID_DECREASE_CANDIDATE,69.0566,-0.618,-0.582,-0.036,0.725,0.5792,11,0.6,1.5908036341558274,5,0.7116439698246293,0.75,0.0,35.5,32.4,40.1,0.0,0.0,40.8,0.0,69.3302,,,33.93411620325696,False,rejected_by_pre_entry_checks,,,68.86,-0.2847,68.5,-0.806
2026-09-28,2026-09-28T13:42:24.934808,QCOM,RAPID_DECREASE_CANDIDATE,188.71,-1.477,-1.441,-0.036,1.13,4.0803,11,0.6,1.2410526812384155,5,0.3570545026278345,0.55,0.0,14.0,59.9,2.5,0.0,0.0,54.3,0.0,192.3657,14.8,SMH,31.909936887501527,False,rejected_by_pre_entry_checks,,,189.77,0.5617,187.84,-0.461
2026-09-28,2026-09-28T13:42:24.953535,INTC,RAPID_DECREASE_CANDIDATE,117.99,-0.372,-0.336,-0.036,1.125,0.0254,11,0.6,1.683915415417859,5,0.7641607066296857,0.7,0.0,41.6,59.4,27.0,0.0,0.0,54.2,100.0,119.0833,42.4,SMH,43.657999547003236,False,rejected_by_pre_entry_checks,,,117.77,-0.1865,117.4259,-0.4781
2026-09-28,2026-09-28T13:42:28.209788,GRAL,RAPID_DECREASE_CANDIDATE,131.9276,-1.466,-1.43,-0.036,0.991,4.4949,9,0.8,4.915730979976147,5,0.5465175439728505,0.7166666666666666,0.0,14.2,49.4,33.9,0.0,0.0,49.7,0.0,132.7838,,,33.54944342261357,False,rejected_by_pre_entry_checks,,,130.0,-1.4611,129.47,-1.8628
2026-09-28,2026-09-28T13:42:28.227061,VICR,RAPID_DECREASE_CANDIDATE,280.3315,-0.337,-0.301,-0.036,1.51,5.9251,9,0.4,1.3557212185800078,5,0.9227008850877633,0.7708333333333334,0.0,42.5,96.6,43.4,0.0,0.0,67.0,0.0,281.0779,,,49.48229081340835,False,rejected_by_pre_entry_checks,,,279.365,-0.3448,278.47,-0.664
2026-09-28,2026-09-28T13:42:28.284025,GME,RAPID_DECREASE_CANDIDATE,23.785,-0.328,-0.292,-0.036,0.713,0.1682,9,0.4,1.0867770706496627,5,0.6660350086156576,0.6,0.0,42.7,31.7,56.4,12.8,40.0,40.4,73.7,23.7241,42.6,XLY,41.81298142165941,False,rejected_by_pre_entry_checks,,,23.94,0.6517,23.985,0.8409
2026-09-28,2026-09-28T13:42:28.308091,VKTX,RAPID_DECREASE_CANDIDATE,34.8601,-0.683,-0.647,-0.036,0.573,4.9053,9,0.8,3.248332067979104,5,0.6228616102135653,0.75,0.0,33.8,24.2,45.2,0.0,0.0,35.8,0.0,34.9268,,,32.29880160031152,False,rejected_by_pre_entry_checks,,,34.61,-0.7174,34.56,-0.8609
2026-09-28,2026-09-28T13:42:28.324699,VIAV,RAPID_DECREASE_CANDIDATE,39.8138,-1.231,-1.195,-0.036,1.948,3.014,9,0.6,2.8844733431844105,5,0.8360244868024191,0.8,0.0,20.1,100.0,10.4,0.0,0.0,81.6,0.0,40.4554,,,44.014990466437226,False,rejected_by_pre_entry_checks,,,39.08,-1.8431,39.265,-1.3784
2026-09-28,2026-09-28T13:42:28.343515,AEHR,RAPID_DECREASE_CANDIDATE,98.8395,-1.012,-0.976,-0.036,1.69,14.4274,9,0.6,2.2181261848106475,5,0.7943571234524781,0.75,0.0,25.6,100.0,24.3,0.0,0.0,73.0,0.0,99.8643,,,45.6016167768608,False,rejected_by_pre_entry_checks,,,98.21,-0.6369,97.0,-1.8611
2026-09-28,2026-09-28T13:42:28.366057,INOD,RAPID_DECREASE_CANDIDATE,68.99,-0.714,-0.678,-0.036,0.742,0.5798,9,0.6,1.5908036341558274,5,0.7116439698246293,0.75,0.0,33.0,33.4,37.8,0.0,0.0,41.4,0.0,69.3292,,,33.472395788443,False,rejected_by_pre_entry_checks,,,68.86,-0.1884,68.5,-0.7102
2026-09-28,2026-09-28T13:42:28.382657,QCOM,RAPID_DECREASE_CANDIDATE,189.0,-1.326,-1.29,-0.036,1.118,4.2328,9,0.6,1.2410526812384155,5,0.3570545026278345,0.55,0.0,17.8,58.9,6.6,0.0,0.0,53.9,0.0,192.3398,18.6,SMH,32.84004118081133,False,rejected_by_pre_entry_checks,,,189.77,0.4074,187.84,-0.6138
2026-09-28,2026-09-28T13:42:28.401230,INTC,RAPID_DECREASE_CANDIDATE,118.04,-0.329,-0.293,-0.036,1.113,0.0254,9,0.6,1.683915415417859,5,0.7641607066296857,0.7,0.0,42.7,58.5,28.2,0.0,0.0,53.8,100.0,119.0765,43.5,SMH,43.78276436434347,False,rejected_by_pre_entry_checks,,,117.77,-0.2287,117.4259,-0.5202
2026-09-28,2026-09-28T13:42:31.606490,GRAL,RAPID_DECREASE_CANDIDATE,131.96,-1.441,-1.405,-0.036,0.992,4.4938,8,0.8,4.915730979976147,5,0.5465175439728505,0.7166666666666666,0.0,14.9,49.4,34.5,0.0,0.0,49.7,0.0,132.782,,,33.74791111869779,False,rejected_by_pre_entry_checks,,,130.0,-1.4853,129.47,-1.8869
2026-09-28,2026-09-28T13:42:31.622310,MXL,RAPID_DECREASE_CANDIDATE,91.445,-0.488,-0.452,-0.036,1.448,1.181,8,0.8,4.09451630603999,5,0.3855761162613768,0.6166666666666667,0.0,38.7,89.6,30.8,0.0,0.0,64.9,0.0,92.1526,,,45.84562356829177,False,rejected_by_pre_entry_checks,,,89.87,-1.7223,86.755,-5.1288
2026-09-28,2026-09-28T13:42:31.637770,VKTX,RAPID_DECREASE_CANDIDATE,34.89,-0.598,-0.562,-0.036,0.596,4.9011,8,0.8,3.248332067979104,5,0.6228616102135653,0.75,0.0,36.0,25.4,47.3,0.0,0.0,36.5,0.0,34.9273,,,33.21011553970118,False,rejected_by_pre_entry_checks,,,34.61,-0.8025,34.56,-0.9458
2026-09-28,2026-09-28T13:42:31.652114,VIAV,RAPID_DECREASE_CANDIDATE,39.91,-0.992,-0.956,-0.036,1.793,3.0068,8,0.6,2.8844733431844105,5,0.8360244868024191,0.8,0.0,26.1,100.0,17.4,0.0,0.0,76.4,0.0,40.4378,,,45.241878639811695,False,rejected_by_pre_entry_checks,,,39.08,-2.0797,39.265,-1.6161
2026-09-28,2026-09-28T13:42:31.670339,AEHR,RAPID_DECREASE_CANDIDATE,98.655,-1.197,-1.161,-0.036,1.59,14.4544,8,0.6,2.2181261848106475,5,0.7943571234524781,0.75,0.0,21.0,100.0,20.1,0.0,0.0,69.7,0.0,99.8487,,,43.8849799999053,False,rejected_by_pre_entry_checks,,,98.21,-0.4511,97.0,-1.6776
2026-09-28,2026-09-28T13:42:31.687896,INOD,RAPID_DECREASE_CANDIDATE,68.97,-0.743,-0.707,-0.036,0.76,0.58,8,0.6,1.5908036341558274,5,0.7116439698246293,0.75,0.0,32.3,34.4,37.1,0.0,0.0,42.0,0.0,69.3282,,,33.514148832732474,False,rejected_by_pre_entry_checks,,,68.86,-0.1595,68.5,-0.6815
2026-09-28,2026-09-28T13:42:31.704930,QCOM,RAPID_DECREASE_CANDIDATE,188.934,-1.361,-1.325,-0.036,1.106,4.2237,8,0.6,1.2410526812384155,5,0.3570545026278345,0.55,0.0,16.9,58.0,6.1,0.0,0.0,53.5,0.0,192.3144,17.7,SMH,32.42132266347153,False,rejected_by_pre_entry_checks,,,189.77,0.4425,187.84,-0.579
2026-09-28,2026-09-28T13:42:31.718767,INTC,RAPID_DECREASE_CANDIDATE,118.02,-0.346,-0.31,-0.036,1.102,0.0339,8,0.6,1.683915415417859,5,0.7641607066296857,0.7,0.0,42.2,57.6,28.0,0.0,0.0,53.4,100.0,119.0697,43.0,SMH,43.482434668353605,False,rejected_by_pre_entry_checks,,,117.77,-0.2118,117.4259,-0.5034
2026-09-28,2026-09-28T13:42:34.937690,GRAL,RAPID_DECREASE_CANDIDATE,131.8901,-1.494,-1.458,-0.036,0.993,4.4962,9,0.8,4.915730979976147,5,0.5465175439728505,0.7166666666666666,0.0,13.6,49.5,33.2,0.0,0.0,49.8,0.0,132.7802,,,33.380602678058814,False,rejected_by_pre_entry_checks,,,130.0,-1.4331,129.47,-1.8349
2026-09-28,2026-09-28T13:42:34.958698,GME,RAPID_DECREASE_CANDIDATE,23.775,-0.37,-0.334,-0.036,0.752,1.1777,9,0.4,1.0867770706496627,5,0.6660350086156576,0.6,0.0,41.6,34.0,55.3,10.7,0.0,41.7,0.0,23.7244,41.5,XLY,35.906690468906625,False,rejected_by_pre_entry_checks,,,23.94,0.694,23.985,0.8833
2026-09-28,2026-09-28T13:42:34.974394,MXL,RAPID_DECREASE_CANDIDATE,91.35,-0.592,-0.556,-0.036,1.386,1.1823,9,0.8,4.09451630603999,5,0.3855761162613768,0.6166666666666667,0.0,36.1,83.0,28.6,0.0,0.0,62.9,0.0,92.137,,,43.789347052320274,False,rejected_by_pre_entry_checks,,,89.87,-1.6201,86.755,-5.0301
2026-09-28,2026-09-28T13:42:34.995859,VKTX,RAPID_DECREASE_CANDIDATE,34.835,-0.755,-0.719,-0.036,0.621,4.9089,9,0.8,3.248332067979104,5,0.6228616102135653,0.75,0.0,32.0,26.7,43.4,0.0,0.0,37.4,0.0,34.9278,,,32.38238851863713,False,rejected_by_pre_entry_checks,,,34.61,-0.6459,34.56,-0.7894
2026-09-28,2026-09-28T13:42:35.012974,VIAV,RAPID_DECREASE_CANDIDATE,39.91,-0.992,-0.956,-0.036,1.661,3.0068,9,0.6,2.8844733431844105,5,0.8360244868024191,0.8,0.0,26.1,100.0,18.4,0.0,0.0,72.0,0.0,40.4212,,,44.818444602236596,False,rejected_by_pre_entry_checks,,,39.08,-2.0797,39.265,-1.6161
2026-09-28,2026-09-28T13:42:35.031424,AEHR,RAPID_DECREASE_CANDIDATE,98.65,-1.202,-1.166,-0.036,1.501,14.2017,9,0.6,2.2181261848106475,5,0.7943571234524781,0.75,0.0,20.9,95.6,20.4,0.0,0.0,66.7,0.0,99.8334,,,42.79431334744053,False,rejected_by_pre_entry_checks,,,98.21,-0.446,97.0,-1.6726
2026-09-28,2026-09-28T13:42:35.051339,INOD,RAPID_DECREASE_CANDIDATE,69.15,-0.484,-0.448,-0.036,0.779,14.8373,9,0.6,1.5908036341558274,5,0.7116439698246293,0.75,0.0,38.8,35.6,43.6,0.0,0.0,42.6,0.0,69.3272,,,35.67266300437768,False,rejected_by_pre_entry_checks,,,68.86,-0.4194,68.5,-0.94
2026-09-28,2026-09-28T13:42:35.068049,QCOM,RAPID_DECREASE_CANDIDATE,188.955,-1.35,-1.314,-0.036,1.095,9.0709,9,0.6,1.2410526812384155,5,0.3570545026278345,0.55,0.0,17.1,57.1,6.6,0.0,0.0,53.2,0.0,192.2893,18.0,SMH,32.34410111176246,False,rejected_by_pre_entry_checks,,,189.77,0.4313,187.84,-0.5901
2026-09-28,2026-09-28T13:42:35.086093,INTC,RAPID_DECREASE_CANDIDATE,117.9678,-0.39,-0.354,-0.036,1.091,0.3984,9,0.6,1.683915415417859,5,0.7641607066296857,0.7,0.0,41.1,56.8,27.0,0.0,0.0,53.0,22.6,119.0631,42.0,SMH,39.76339283530502,False,rejected_by_pre_entry_checks,,,117.77,-0.1677,117.4259,-0.4594
2026-09-28,2026-09-28T13:42:38.301489,GRAL,RAPID_DECREASE_CANDIDATE,131.97,-1.434,-1.398,-0.036,0.993,4.2964,10,0.8,4.915730979976147,5,0.5465175439728505,0.7166666666666666,0.0,15.1,49.5,34.8,0.0,0.0,49.8,0.0,132.7783,,,33.83250447198431,False,rejected_by_pre_entry_checks,,,130.0,-1.4928,129.47,-1.8944
2026-09-28,2026-09-28T13:42:38.319505,GME,RAPID_DECREASE_CANDIDATE,23.76,-0.432,-0.396,-0.036,0.773,1.1785,10,0.4,1.0867770706496627,5,0.6660350086156576,0.6,0.0,40.1,35.2,53.7,7.5,0.0,42.4,0.0,23.7245,40.0,XLY,36.144269463256514,False,rejected_by_pre_entry_checks,,,23.94,0.7576,23.985,0.947
2026-09-28,2026-09-28T13:42:38.380452,MXL,RAPID_DECREASE_CANDIDATE,91.35,-0.592,-0.556,-0.036,1.329,1.1823,10,0.8,4.09451630603999,5,0.3855761162613768,0.6166666666666667,0.0,36.1,77.3,29.1,0.0,0.0,61.0,0.0,92.1219,,,42.65761063263938,False,rejected_by_pre_entry_checks,,,89.87,-1.6201,86.755,-5.0301
2026-09-28,2026-09-28T13:42:38.396939,VKTX,RAPID_DECREASE_CANDIDATE,34.835,-0.755,-0.719,-0.036,0.649,4.9089,10,0.8,3.248332067979104,5,0.6228616102135653,0.75,0.0,32.0,28.2,43.3,0.0,0.0,38.3,0.0,34.9283,,,32.737350748174755,False,rejected_by_pre_entry_checks,,,34.61,-0.6459,34.56,-0.7894
2026-09-28,2026-09-28T13:42:38.431074,VIAV,RAPID_DECREASE_CANDIDATE,39.87,-1.092,-1.056,-0.036,1.548,3.0098,10,0.6,2.8844733431844105,5,0.8360244868024191,0.8,0.0,23.6,100.0,16.9,0.0,0.0,68.3,0.0,40.4055,,,43.74149660894234,False,rejected_by_pre_entry_checks,,,39.08,-1.9814,39.265,-1.5174
2026-09-28,2026-09-28T13:42:38.448735,AEHR,RAPID_DECREASE_CANDIDATE,98.65,-1.202,-1.166,-0.036,1.422,14.2017,10,0.6,2.2181261848106475,5,0.7943571234524781,0.75,0.0,20.9,86.8,20.7,0.0,0.0,64.1,0.0,99.8185,,,41.04449680796024,False,rejected_by_pre_entry_checks,,,98.21,-0.446,97.0,-1.6726
2026-09-28,2026-09-28T13:42:38.466125,RMBS,RAPID_DECREASE_CANDIDATE,101.92,-0.391,-0.355,-0.036,0.747,5.0824,10,1.0,3.5921187079685986,5,0.6391017039001283,0.7333333333333333,0.0,41.1,33.7,36.9,0.0,0.0,41.6,0.0,102.4581,,,34.77031809006052,False,rejected_by_pre_entry_checks,,,102.44,0.5102,101.55,-0.363
2026-09-28,2026-09-28T13:42:38.485957,INOD,RAPID_DECREASE_CANDIDATE,69.01,-0.685,-0.649,-0.036,0.798,14.8674,10,0.6,1.5908036341558274,5,0.7116439698246293,0.75,0.0,33.8,36.7,38.6,0.0,0.0,43.3,0.0,69.3262,,,34.48425986739757,False,rejected_by_pre_entry_checks,,,68.86,-0.2174,68.5,-0.739
2026-09-28,2026-09-28T13:42:38.503982,QCOM,RAPID_DECREASE_CANDIDATE,188.9374,-1.359,-1.323,-0.036,1.083,9.0718,10,0.6,1.2410526812384155,5,0.3570545026278345,0.55,0.0,16.9,56.2,6.7,0.0,0.0,52.8,0.0,192.2646,17.7,SMH,32.1207388045013,False,rejected_by_pre_entry_checks,,,189.77,0.4407,187.84,-0.5808
2026-09-28,2026-09-28T13:42:38.523424,INTC,RAPID_DECREASE_CANDIDATE,117.92,-0.431,-0.395,-0.036,1.08,0.0339,10,0.6,1.683915415417859,5,0.7641607066296857,0.7,0.0,40.1,55.9,26.1,0.0,0.0,52.7,100.0,119.0565,40.9,SMH,42.52427691350481,False,rejected_by_pre_entry_checks,,,117.77,-0.1272,117.4259,-0.419
2026-09-28,2026-09-28T13:42:41.714382,GRAL,RAPID_DECREASE_CANDIDATE,131.85,-1.524,-1.488,-0.036,0.994,4.3003,11,0.8,4.915730979976147,5,0.5465175439728505,0.7166666666666666,0.0,12.8,49.6,32.6,0.0,0.0,49.8,0.0,132.7765,,,33.193084984989326,False,rejected_by_pre_entry_checks,,,130.0,-1.4031,129.47,-1.8051
2026-09-28,2026-09-28T13:42:41.734900,VICR,RAPID_DECREASE_CANDIDATE,279.94,-0.476,-0.44,-0.036,1.274,5.937,11,0.4,1.3557212185800078,5,0.9227008850877633,0.7708333333333334,0.0,39.0,72.2,40.0,0.0,0.0,59.1,0.0,281.0691,,,43.41380348793983,False,rejected_by_pre_entry_checks,,,279.365,-0.2054,278.47,-0.5251
2026-09-28,2026-09-28T13:42:41.750745,GME,RAPID_DECREASE_CANDIDATE,23.7347,-0.538,-0.502,-0.036,0.796,4.8031,11,0.4,1.0867770706496627,5,0.6660350086156576,0.6,0.0,37.5,36.6,51.1,2.1,0.0,43.2,0.0,23.7247,37.4,XLY,36.35851829913872,False,rejected_by_pre_entry_checks,,,23.94,0.865,23.985,1.0546
2026-09-28,2026-09-28T13:42:41.774845,MXL,RAPID_DECREASE_CANDIDATE,91.35,-0.592,-0.556,-0.036,1.276,1.1823,11,0.8,4.09451630603999,5,0.3855761162613768,0.6166666666666667,0.0,36.1,72.4,29.4,0.0,0.0,59.2,0.0,92.1071,,,41.66210646575109,False,rejected_by_pre_entry_checks,,,89.87,-1.6201,86.755,-5.0301
2026-09-28,2026-09-28T13:42:41.793844,VKTX,RAPID_DECREASE_CANDIDATE,34.7802,-0.911,-0.875,-0.036,0.678,4.9166,11,0.8,3.248332067979104,5,0.6228616102135653,0.75,0.0,28.1,29.8,39.4,0.0,0.0,39.3,0.0,34.9288,,,31.98426056864159,False,rejected_by_pre_entry_checks,,,34.61,-0.4894,34.56,-0.6331
2026-09-28,2026-09-28T13:42:41.810839,VIAV,RAPID_DECREASE_CANDIDATE,39.86,-1.116,-1.08,-0.036,1.448,3.0105,11,0.6,2.8844733431844105,5,0.8360244868024191,0.8,0.0,23.0,89.7,17.2,0.0,0.0,64.9,0.0,40.3906,,,41.53696327818514,False,rejected_by_pre_entry_checks,,,39.08,-1.9568,39.265,-1.4927
2026-09-28,2026-09-28T13:42:41.828530,AEHR,RAPID_DECREASE_CANDIDATE,98.595,-1.257,-1.221,-0.036,1.351,0.8824,11,0.6,2.2181261848106475,5,0.7943571234524781,0.75,0.0,19.5,79.5,19.7,0.0,0.0,61.7,0.0,99.8039,,,39.17289446450573,False,rejected_by_pre_entry_checks,,,98.21,-0.3905,97.0,-1.6177
2026-09-28,2026-09-28T13:42:41.893185,RMBS,RAPID_DECREASE_CANDIDATE,101.97,-0.342,-0.306,-0.036,0.771,5.0799,11,1.0,3.5921187079685986,5,0.6391017039001283,0.7333333333333333,0.0,42.4,35.1,38.1,0.0,0.0,42.4,0.0,102.4558,,,35.47263086045333,False,rejected_by_pre_entry_checks,,,102.44,0.4609,101.55,-0.4119
2026-09-28,2026-09-28T13:42:41.910781,INOD,RAPID_DECREASE_CANDIDATE,69.13,-0.512,-0.476,-0.036,0.819,14.8416,11,0.6,1.5908036341558274,5,0.7116439698246293,0.75,0.0,38.1,38.0,43.0,0.0,0.0,44.0,0.0,69.3252,,,36.047958773278495,False,rejected_by_pre_entry_checks,,,68.86,-0.3906,68.5,-0.9113
2026-09-28,2026-09-28T13:42:41.929708,QCOM,RAPID_DECREASE_CANDIDATE,188.905,-1.376,-1.34,-0.036,1.072,9.0733,11,0.6,1.2410526812384155,5,0.3570545026278345,0.55,0.0,16.5,55.3,6.6,0.0,0.0,52.4,0.0,192.2403,17.3,SMH,31.848033258296702,False,rejected_by_pre_entry_checks,,,189.77,0.4579,187.84,-0.5638
2026-09-28,2026-09-28T13:42:41.948190,INTC,RAPID_DECREASE_CANDIDATE,117.8399,-0.498,-0.462,-0.036,1.069,0.0255,11,0.6,1.683915415417859,5,0.7641607066296857,0.7,0.0,38.5,55.1,24.6,0.0,0.0,52.3,100.0,119.05,39.2,SMH,41.86996017506371,False,rejected_by_pre_entry_checks,,,117.77,-0.0593,117.4259,-0.3513
2026-09-28,2026-09-28T13:42:45.179971,GRAL,RAPID_DECREASE_CANDIDATE,132.0,-1.412,-1.376,-0.036,0.995,4.2955,9,0.8,4.915730979976147,5,0.5465175439728505,0.7166666666666666,0.0,15.6,49.7,35.4,0.0,0.0,49.8,0.0,132.7747,,,34.03078718675367,False,rejected_by_pre_entry_checks,,,130.0,-1.5152,129.47,-1.9167
2026-09-28,2026-09-28T13:42:45.199142,GME,RAPID_DECREASE_CANDIDATE,23.7174,-0.611,-0.575,-0.036,0.82,4.132,9,0.4,1.0867770706496627,5,0.6660350086156576,0.6,0.0,35.6,38.1,49.2,0.0,0.0,44.0,0.0,23.7248,35.5,XLY,36.43173846340188,False,rejected_by_pre_entry_checks,,,23.94,0.9386,23.985,1.1283
2026-09-28,2026-09-28T13:42:45.217885,MXL,RAPID_DECREASE_CANDIDATE,91.22,-0.733,-0.697,-0.036,1.228,1.184,9,0.8,4.09451630603999,5,0.3855761162613768,0.6166666666666667,0.0,32.6,68.0,26.3,0.0,0.0,57.6,0.0,92.0928,,,39.75661766961176,False,rejected_by_pre_entry_checks,,,89.87,-1.4799,86.755,-4.8948
2026-09-28,2026-09-28T13:42:45.236572,VKTX,RAPID_DECREASE_CANDIDATE,34.785,-0.897,-0.861,-0.036,0.711,4.9159,9,0.8,3.248332067979104,5,0.6228616102135653,0.75,0.0,28.5,31.6,39.7,0.0,0.0,40.4,0.0,34.9294,,,32.52261422740494,False,rejected_by_pre_entry_checks,,,34.61,-0.5031,34.56,-0.6468
2026-09-28,2026-09-28T13:42:45.255514,VIAV,RAPID_DECREASE_CANDIDATE,39.93,-0.943,-0.907,-0.036,1.361,8.1142,9,0.6,2.8844733431844105,5,0.8360244868024191,0.8,0.0,27.3,80.5,22.4,0.0,0.0,62.0,0.0,40.3765,,,41.024339479332085,False,rejected_by_pre_entry_checks,,,39.08,-2.1287,39.265,-1.6654
2026-09-28,2026-09-28T13:42:45.282312,AEHR,RAPID_DECREASE_CANDIDATE,98.495,-1.357,-1.321,-0.036,1.286,0.5787,9,0.6,2.2181261848106475,5,0.7943571234524781,0.75,0.0,17.0,73.3,17.6,0.0,0.0,59.5,0.0,99.7896,,,37.18645561957976,False,rejected_by_pre_entry_checks,,,98.21,-0.2894,97.0,-1.5178
2026-09-28,2026-09-28T13:42:45.299702,INOD,RAPID_DECREASE_CANDIDATE,69.13,-0.512,-0.476,-0.036,0.841,14.8416,9,0.6,1.5908036341558274,5,0.7116439698246293,0.75,0.0,38.1,39.3,43.0,0.0,0.0,44.7,0.0,69.3242,,,36.36894897672527,False,rejected_by_pre_entry_checks,,,68.86,-0.3906,68.5,-0.9113
2026-09-28,2026-09-28T13:42:45.319390,QCOM,RAPID_DECREASE_CANDIDATE,188.98,-1.337,-1.301,-0.036,1.061,9.0697,9,0.6,1.2410526812384155,5,0.3570545026278345,0.55,0.0,17.5,54.5,7.9,0.0,0.0,52.0,0.0,192.2163,18.3,SMH,31.986957101549915,False,rejected_by_pre_entry_checks,,,189.77,0.418,187.84,-0.6032
2026-09-28,2026-09-28T13:42:45.335379,INTC,RAPID_DECREASE_CANDIDATE,117.89,-0.456,-0.42,-0.036,1.059,0.0339,9,0.6,1.683915415417859,5,0.7641607066296857,0.7,0.0,39.5,54.3,25.8,0.0,0.0,52.0,100.0,119.0436,40.3,SMH,42.01942698850759,False,rejected_by_pre_entry_checks,,,117.77,-0.1018,117.4259,-0.3937
2026-09-28,2026-09-28T13:42:48.587317,GRAL,RAPID_DECREASE_CANDIDATE,132.1162,-1.325,-1.289,-0.036,0.996,4.2917,9,0.8,4.915730979976147,5,0.5465175439728505,0.7166666666666666,0.0,17.8,49.7,37.6,0.0,0.0,49.9,0.0,132.773,,,34.68476741889447,False,rejected_by_pre_entry_checks,,,130.0,-1.6018,129.47,-2.0029
2026-09-28,2026-09-28T13:42:48.605213,GME,RAPID_DECREASE_CANDIDATE,23.73,-0.558,-0.522,-0.036,0.845,4.1298,9,0.4,1.0867770706496627,5,0.6660350086156576,0.6,0.0,37.0,39.6,50.5,1.1,0.0,44.8,0.0,23.7249,36.9,XLY,37.05089243630314,False,rejected_by_pre_entry_checks,,,23.94,0.885,23.985,1.0746
2026-09-28,2026-09-28T13:42:48.622781,MXL,RAPID_DECREASE_CANDIDATE,91.0,-0.973,-0.937,-0.036,1.183,1.2308,9,0.8,4.09451630603999,5,0.3855761162613768,0.6166666666666667,0.0,26.6,64.2,20.7,0.0,0.0,56.1,0.0,92.0788,,,37.22655387636824,False,rejected_by_pre_entry_checks,,,89.87,-1.2418,86.755,-4.6648
2026-09-28,2026-09-28T13:42:48.640073,VKTX,RAPID_DECREASE_CANDIDATE,34.785,-0.897,-0.861,-0.036,0.747,4.9159,9,0.8,3.248332067979104,5,0.6228616102135653,0.75,0.0,28.5,33.7,39.6,0.0,0.0,41.6,0.0,34.9299,,,33.01189016148961,False,rejected_by_pre_entry_checks,,,34.61,-0.5031,34.56,-0.6468
2026-09-28,2026-09-28T13:42:48.662441,VIAV,RAPID_DECREASE_CANDIDATE,39.945,-0.905,-0.869,-0.036,1.284,2.929,9,0.6,2.8844733431844105,5,0.8360244868024191,0.8,0.0,28.3,73.1,24.1,0.0,0.0,59.5,0.0,40.3631,,,39.84109288967528,False,rejected_by_pre_entry_checks,,,39.08,-2.1655,39.265,-1.7023
2026-09-28,2026-09-28T13:42:48.678753,AEHR,RAPID_DECREASE_CANDIDATE,98.716,-1.136,-1.1,-0.036,1.228,0.5774,9,0.6,2.2181261848106475,5,0.7943571234524781,0.75,0.0,22.5,68.0,23.4,0.0,0.0,57.6,0.0,99.7757,,,37.71961769694381,False,rejected_by_pre_entry_checks,,,98.21,-0.5126,97.0,-1.7383
2026-09-28,2026-09-28T13:42:48.698471,INOD,RAPID_DECREASE_CANDIDATE,69.13,-0.512,-0.476,-0.036,0.864,14.8416,9,0.6,1.5908036341558274,5,0.7116439698246293,0.75,0.0,38.1,40.8,43.0,0.0,0.0,45.5,0.0,69.3233,,,36.71063442554664,False,rejected_by_pre_entry_checks,,,68.86,-0.3906,68.5,-0.9113
2026-09-28,2026-09-28T13:42:48.716140,QCOM,RAPID_DECREASE_CANDIDATE,189.2,-1.222,-1.186,-0.036,1.05,9.0592,9,0.6,1.2410526812384155,5,0.3570545026278345,0.55,0.0,20.4,53.7,11.1,0.0,0.0,51.7,0.0,192.1926,21.2,SMH,32.681868457300446,False,rejected_by_pre_entry_checks,,,189.77,0.3013,187.84,-0.7188
2026-09-28,2026-09-28T13:42:48.733766,INTC,RAPID_DECREASE_CANDIDATE,118.0317,-0.336,-0.3,-0.036,1.049,0.0847,9,0.6,1.683915415417859,5,0.7641607066296857,0.7,0.0,42.5,53.5,28.9,0.0,0.0,51.6,92.3,119.0373,43.3,SMH,42.4166069865636,False,rejected_by_pre_entry_checks,,,117.77,-0.2217,117.4259,-0.5133
2026-09-28,2026-09-28T13:42:52.003979,GRAL,RAPID_DECREASE_CANDIDATE,131.85,-1.524,-1.488,-0.036,0.997,0.7129,9,0.8,4.915730979976147,5,0.5465175439728505,0.7166666666666666,0.0,12.8,49.8,32.7,0.0,0.0,49.9,0.0,132.7712,,,33.24703238129607,False,rejected_by_pre_entry_checks,,,130.0,-1.4031,129.47,-1.8051
2026-09-28,2026-09-28T13:42:52.021903,GME,RAPID_DECREASE_CANDIDATE,23.7351,-0.537,-0.501,-0.036,0.872,4.5081,9,0.4,1.0867770706496627,5,0.6660350086156576,0.6,0.0,37.5,41.3,51.1,2.1,0.0,45.7,0.0,23.7251,37.4,XLY,37.47136673679649,False,rejected_by_pre_entry_checks,,,23.94,0.8633,23.985,1.0529
2026-09-28,2026-09-28T13:42:52.043466,MXL,RAPID_DECREASE_CANDIDATE,91.37,-0.57,-0.534,-0.036,1.141,1.2148,9,0.8,4.09451630603999,5,0.3855761162613768,0.6166666666666667,0.0,36.7,60.7,31.1,0.0,0.0,54.7,0.0,92.0651,,,39.458406882740434,False,rejected_by_pre_entry_checks,,,89.87,-1.6417,86.755,-5.0509
2026-09-28,2026-09-28T13:42:52.063227,VKTX,RAPID_DECREASE_CANDIDATE,34.775,-0.926,-0.89,-0.036,0.787,4.9173,9,0.8,3.248332067979104,5,0.6228616102135653,0.75,0.0,27.8,36.0,38.9,0.0,0.0,42.9,0.0,34.9304,,,33.355536436992764,False,rejected_by_pre_entry_checks,,,34.61,-0.4745,34.56,-0.6183
2026-09-28,2026-09-28T13:42:52.082946,VIAV,RAPID_DECREASE_CANDIDATE,39.935,-0.93,-0.894,-0.036,1.215,8.1132,9,0.6,2.8844733431844105,5,0.8360244868024191,0.8,0.0,27.6,66.9,24.3,0.0,0.0,57.2,0.0,40.3503,,,38.43990965572952,False,rejected_by_pre_entry_checks,,,39.08,-2.141,39.265,-1.6777
2026-09-28,2026-09-28T13:42:52.100585,AEHR,RAPID_DECREASE_CANDIDATE,98.46,-1.392,-1.356,-0.036,1.174,0.5789,9,0.6,2.2181261848106475,5,0.7943571234524781,0.75,0.0,16.1,63.5,17.4,0.0,0.0,55.8,0.0,99.762,,,34.90564241420145,False,rejected_by_pre_entry_checks,,,98.21,-0.2539,97.0,-1.4828
2026-09-28,2026-09-28T13:42:52.121546,INOD,RAPID_DECREASE_CANDIDATE,69.13,-0.512,-0.476,-0.036,0.888,14.8416,9,0.6,1.5908036341558274,5,0.7116439698246293,0.75,0.0,38.1,42.4,43.1,0.0,0.0,46.3,0.0,69.3223,,,37.0749169419667,False,rejected_by_pre_entry_checks,,,68.86,-0.3906,68.5,-0.9113
2026-09-28,2026-09-28T13:42:52.139936,QCOM,RAPID_DECREASE_CANDIDATE,189.0925,-1.278,-1.242,-0.036,1.04,4.1937,9,0.6,1.2410526812384155,5,0.3570545026278345,0.55,0.0,18.9,52.9,10.0,0.0,0.0,51.3,0.0,192.1693,19.8,SMH,32.13932121300255,False,rejected_by_pre_entry_checks,,,189.77,0.3583,187.84,-0.6624
2026-09-28,2026-09-28T13:42:52.160178,INTC,RAPID_DECREASE_CANDIDATE,117.875,-0.469,-0.433,-0.036,1.038,0.3054,9,0.6,1.683915415417859,5,0.7641607066296857,0.7,0.0,39.2,52.8,25.7,0.0,0.0,51.3,43.2,119.0311,40.0,SMH,39.25323361997263,False,rejected_by_pre_entry_checks,,,117.77,-0.0891,117.4259,-0.381
2026-09-28,2026-09-28T13:42:55.391332,GRAL,RAPID_DECREASE_CANDIDATE,131.76,-1.591,-1.555,-0.036,0.998,0.7134,9,0.8,4.915730979976147,5,0.5465175439728505,0.7166666666666666,0.0,11.1,49.8,31.0,0.0,0.0,49.9,0.0,132.7694,,,32.7739927913954,False,rejected_by_pre_entry_checks,,,130.57,-0.9032,129.47,-1.738
2026-09-28,2026-09-28T13:42:55.409104,GME,RAPID_DECREASE_CANDIDATE,23.74,-0.516,-0.48,-0.036,0.901,0.2527,9,0.4,1.0867770706496627,5,0.6660350086156576,0.6,0.0,38.0,43.2,51.6,3.1,0.0,46.7,55.0,23.7252,37.9,XLY,40.218475633773856,False,rejected_by_pre_entry_checks,,,23.925,0.7793,23.985,1.032
2026-09-28,2026-09-28T13:42:55.428627,MXL,RAPID_DECREASE_CANDIDATE,91.365,-0.575,-0.539,-0.036,1.102,0.9413,9,0.8,4.09451630603999,5,0.3855761162613768,0.6166666666666667,0.0,36.5,57.6,31.3,0.0,0.0,53.4,0.0,92.0518,,,38.787379907806944,False,rejected_by_pre_entry_checks,,,89.502,-2.0391,86.755,-5.0457
2026-09-28,2026-09-28T13:42:55.448722,VKTX,RAPID_DECREASE_CANDIDATE,34.74,-1.026,-0.99,-0.036,0.831,4.9223,9,0.8,3.248332067979104,5,0.6228616102135653,0.75,0.0,25.2,38.8,36.3,0.0,0.0,44.4,0.0,34.9309,,,33.255153879671326,False,rejected_by_pre_entry_checks,,,34.74,0.0,34.56,-0.5181
2026-09-28,2026-09-28T13:42:55.467664,VIAV,RAPID_DECREASE_CANDIDATE,39.9799,-0.819,-0.783,-0.036,1.153,8.1041,9,0.6,2.8844733431844105,5,0.8360244868024191,0.8,0.0,30.4,61.7,27.8,0.0,0.0,55.1,0.0,40.3381,,,38.21589658918899,False,rejected_by_pre_entry_checks,,,39.1,-2.2009,39.265,-1.7881
2026-09-28,2026-09-28T13:42:55.487615,AEHR,RAPID_DECREASE_CANDIDATE,98.545,-1.307,-1.271,-0.036,1.125,0.5784,9,0.6,2.2181261848106475,5,0.7943571234524781,0.75,0.0,18.2,59.5,19.8,0.0,0.0,54.2,0.0,99.7486,,,34.69671793397117,False,rejected_by_pre_entry_checks,,,98.335,-0.2131,97.0,-1.5678
2026-09-28,2026-09-28T13:42:55.505979,INOD,RAPID_DECREASE_CANDIDATE,69.055,-0.62,-0.584,-0.036,0.913,0.6806,9,0.6,1.5908036341558274,5,0.7116439698246293,0.75,0.0,35.4,44.0,40.4,0.0,0.0,47.1,0.0,69.3214,,,36.675901591335325,False,rejected_by_pre_entry_checks,,,68.88,-0.2534,68.5,-0.8037
2026-09-28,2026-09-28T13:42:55.525735,QCOM,RAPID_DECREASE_CANDIDATE,189.025,-1.313,-1.277,-0.036,1.03,0.2169,9,0.6,1.2410526812384155,5,0.3570545026278345,0.55,0.0,18.1,52.1,9.4,0.0,0.0,51.0,62.9,192.1464,18.9,SMH,34.37378506737656,False,rejected_by_pre_entry_checks,,,190.465,0.7618,187.84,-0.6269
2026-09-28,2026-09-28T13:42:55.541813,INTC,RAPID_DECREASE_CANDIDATE,117.765,-0.562,-0.526,-0.036,1.029,0.0425,9,0.6,1.683915415417859,5,0.7641607066296857,0.7,0.0,36.9,52.1,23.5,0.0,0.0,51.0,100.0,119.0249,37.6,SMH,40.7989896652196,False,rejected_by_pre_entry_checks,,,118.165,0.3397,117.4259,-0.2879
2026-09-28,2026-09-28T13:42:58.791034,GRAL,RAPID_DECREASE_CANDIDATE,132.3,-1.188,-1.152,-0.036,0.998,0.8919,9,0.8,4.915730979976147,5,0.5465175439728505,0.7166666666666666,0.0,21.2,49.9,41.2,0.0,0.0,49.9,0.0,132.7677,,,35.737957228166145,False,rejected_by_pre_entry_checks,,,130.57,-1.3076,129.47,-2.1391
2026-09-28,2026-09-28T13:42:58.808510,GME,RAPID_DECREASE_CANDIDATE,23.7785,-0.355,-0.319,-0.036,0.932,4.4999,9,0.4,1.0867770706496627,5,0.6660350086156576,0.6,0.0,42.0,45.3,55.6,11.2,0.0,47.7,0.0,23.7254,41.9,XLY,38.56458482102325,False,rejected_by_pre_entry_checks,,,23.925,0.6161,23.985,0.8684
2026-09-28,2026-09-28T13:42:58.825630,MXL,RAPID_DECREASE_CANDIDATE,91.335,-0.608,-0.572,-0.036,1.066,0.9416,9,0.8,4.09451630603999,5,0.3855761162613768,0.6166666666666667,0.0,35.7,54.8,30.9,0.0,0.0,52.2,0.0,92.0389,,,37.97615481285613,False,rejected_by_pre_entry_checks,,,89.502,-2.0069,86.755,-5.0145
2026-09-28,2026-09-28T13:42:58.843001,VKTX,RAPID_DECREASE_CANDIDATE,34.78,-0.912,-0.876,-0.036,0.881,4.9166,9,0.8,3.248332067979104,5,0.6228616102135653,0.75,0.0,28.1,41.9,39.2,0.0,0.0,46.0,0.0,34.9314,,,34.81548633997527,False,rejected_by_pre_entry_checks,,,34.74,-0.115,34.56,-0.6325
2026-09-28,2026-09-28T13:42:58.860880,VIAV,RAPID_DECREASE_CANDIDATE,39.935,-0.93,-0.894,-0.036,1.097,8.1132,9,0.6,2.8844733431844105,5,0.8360244868024191,0.8,0.0,27.6,57.2,25.7,0.0,0.0,53.2,0.0,40.3265,,,36.51773188608784,False,rejected_by_pre_entry_checks,,,39.1,-2.0909,39.265,-1.6777
2026-09-28,2026-09-28T13:42:58.877412,AEHR,RAPID_DECREASE_CANDIDATE,98.716,-1.136,-1.1,-0.036,1.08,0.5774,9,0.6,2.2181261848106475,5,0.7943571234524781,0.75,0.0,22.5,55.9,24.4,0.0,0.0,52.7,0.0,99.7355,,,35.21053825313344,False,rejected_by_pre_entry_checks,,,98.335,-0.386,97.0,-1.7383
2026-09-28,2026-09-28T13:42:58.898973,INOD,RAPID_DECREASE_CANDIDATE,69.055,-0.62,-0.584,-0.036,0.941,0.6806,9,0.6,1.5908036341558274,5,0.7116439698246293,0.75,0.0,35.4,45.9,40.4,0.0,0.0,48.0,0.0,69.3204,,,37.10068459333454,False,rejected_by_pre_entry_checks,,,68.88,-0.2534,68.5,-0.8037
2026-09-28,2026-09-28T13:42:58.916510,QCOM,RAPID_DECREASE_CANDIDATE,189.145,-1.25,-1.214,-0.036,1.02,0.2062,9,0.6,1.2410526812384155,5,0.3570545026278345,0.55,0.0,19.7,51.4,11.2,0.0,0.0,50.7,65.3,192.1237,20.5,SMH,34.802368844168655,False,rejected_by_pre_entry_checks,,,190.465,0.6979,187.84,-0.6899
2026-09-28,2026-09-28T13:42:58.936815,INTC,RAPID_DECREASE_CANDIDATE,117.795,-0.536,-0.5,-0.036,1.019,0.0764,9,0.6,1.683915415417859,5,0.7641607066296857,0.7,0.0,37.5,51.4,24.3,0.0,0.0,50.6,94.1,119.0189,38.3,SMH,40.59780430844288,False,rejected_by_pre_entry_checks,,,118.165,0.3141,117.4259,-0.3133
2026-09-28,2026-09-28T13:43:02.406818,RKLB,RAPID_DECREASE_CANDIDATE,73.125,-0.454,-0.457,0.003,0.53,0.0957,8,0.6,2.1492297245915246,5,0.4558393724462264,0.65,0.0,38.6,46.7,41.9,0.0,0.0,34.3,89.8,73.3617,38.9,ARKK,39.989663536257474,False,rejected_by_pre_entry_checks,,,72.8771,-0.339,72.562,-0.7699
2026-09-28,2026-09-28T13:43:02.425951,GRAL,RAPID_DECREASE_CANDIDATE,132.3,-1.309,-1.312,0.003,1.813,0.8919,8,0.8,4.915730979976147,5,0.5465175439728505,0.7166666666666666,0.0,17.2,57.4,41.3,0.0,0.0,77.1,0.0,132.7598,,,39.73859502103047,False,rejected_by_pre_entry_checks,,,130.57,-1.3076,129.0,-2.4943
2026-09-28,2026-09-28T13:43:02.442823,MXL,RAPID_DECREASE_CANDIDATE,91.22,-0.848,-0.851,0.003,0.369,0.9428,8,0.8,4.09451630603999,5,0.3855761162613768,0.6166666666666667,0.0,28.7,46.6,27.9,0.0,0.0,29.0,0.0,92.0354,,,32.15762712671244,False,rejected_by_pre_entry_checks,,,89.502,-1.8834,86.1996,-5.5036
2026-09-28,2026-09-28T13:43:02.461690,VKTX,RAPID_DECREASE_CANDIDATE,34.815,-0.868,-0.871,0.003,2.75,4.7106,8,0.8,3.248332067979104,5,0.6228616102135653,0.75,0.0,28.2,62.7,41.7,0.0,0.0,100.0,0.0,34.9304,,,45.36332952677637,False,rejected_by_pre_entry_checks,,,34.74,-0.2154,34.77,-0.1293
2026-09-28,2026-09-28T13:43:02.481646,VIAV,RAPID_DECREASE_CANDIDATE,39.935,-0.436,-0.439,0.003,0.193,8.1132,8,0.6,2.8844733431844105,5,0.8360244868024191,0.8,0.0,39.0,46.1,25.8,0.0,0.0,23.1,0.0,40.3246,,,32.79768267659715,False,rejected_by_pre_entry_checks,,,39.1,-2.0909,39.18,-1.8906
2026-09-28,2026-09-28T13:43:02.500361,AEHR,RAPID_DECREASE_CANDIDATE,98.54,-1.395,-1.398,0.003,0.453,0.7307,8,0.6,2.2181261848106475,5,0.7943571234524781,0.75,0.0,15.1,47.7,20.2,0.0,0.0,31.8,0.0,99.7302,,,29.45411408688201,False,rejected_by_pre_entry_checks,,,98.335,-0.208,96.64,-1.9282
2026-09-28,2026-09-28T13:43:02.519117,INOD,RAPID_DECREASE_CANDIDATE,68.93,-1.119,-1.122,0.003,0.609,0.6819,8,0.6,1.5908036341558274,5,0.7116439698246293,0.75,0.0,22.0,44.8,35.9,0.0,0.0,37.0,0.0,69.3196,,,32.736333892595,False,rejected_by_pre_entry_checks,,,68.88,-0.0725,68.625,-0.4425
2026-09-28,2026-09-28T13:43:02.536922,INTC,RAPID_DECREASE_CANDIDATE,117.76,-0.414,-0.417,0.003,1.223,0.0849,8,0.6,1.683915415417859,5,0.7641607066296857,0.7,0.0,39.6,52.6,23.7,0.0,0.0,57.4,92.2,119.0097,40.5,SMH,41.84984228102008,False,rejected_by_pre_entry_checks,,,118.165,0.3439,117.176,-0.4959
2026-09-28,2026-09-28T13:43:05.775822,RKLB,RAPID_DECREASE_CANDIDATE,73.09,-0.502,-0.505,0.003,0.537,0.2189,8,0.6,2.1492297245915246,5,0.4558393724462264,0.65,0.0,37.4,41.8,40.8,0.0,0.0,34.6,62.5,73.3608,37.7,ARKK,37.724208940297025,False,rejected_by_pre_entry_checks,,,72.8771,-0.2913,72.562,-0.7224
2026-09-28,2026-09-28T13:43:05.793252,GRAL,RAPID_DECREASE_CANDIDATE,131.3855,-1.991,-1.994,0.003,1.74,0.8981,8,0.8,4.915730979976147,5,0.5465175439728505,0.7166666666666666,0.0,0.1,64.9,24.3,0.0,0.0,74.7,0.0,132.752,,,35.71415044964771,False,rejected_by_pre_entry_checks,,,130.57,-0.6207,129.0,-1.8156
2026-09-28,2026-09-28T13:43:05.810599,MXL,RAPID_DECREASE_CANDIDATE,91.1889,-0.882,-0.885,0.003,0.37,0.9431,8,0.8,4.09451630603999,5,0.3855761162613768,0.6166666666666667,0.0,27.9,39.1,27.1,0.0,0.0,29.0,0.0,92.0319,,,30.674355176907255,False,rejected_by_pre_entry_checks,,,89.502,-1.8499,86.1996,-5.4714
2026-09-28,2026-09-28T13:43:05.826918,VKTX,RAPID_DECREASE_CANDIDATE,34.8472,-0.777,-0.78,0.003,2.65,4.7063,8,0.8,3.248332067979104,5,0.6228616102135653,0.75,0.0,30.5,87.4,44.1,0.0,0.0,100.0,0.0,34.9295,,,50.167933860263126,False,rejected_by_pre_entry_checks,,,34.74,-0.3076,34.77,-0.2215
2026-09-28,2026-09-28T13:43:05.842806,VIAV,RAPID_DECREASE_CANDIDATE,39.93,-0.449,-0.452,0.003,0.193,8.1142,8,0.6,2.8844733431844105,5,0.8360244868024191,0.8,0.0,38.7,36.3,25.7,0.0,0.0,23.1,0.0,40.3227,,,31.09095177964776,False,rejected_by_pre_entry_checks,,,39.1,-2.0786,39.18,-1.8783
2026-09-28,2026-09-28T13:43:05.860580,AEHR,RAPID_DECREASE_CANDIDATE,98.7227,-1.212,-1.215,0.003,0.449,0.7293,8,0.6,2.2181261848106475,5,0.7943571234524781,0.75,0.0,19.6,40.4,24.9,0.0,0.0,31.6,0.0,99.725,,,29.56646643410494,False,rejected_by_pre_entry_checks,,,98.335,-0.3927,96.64,-2.1096
2026-09-28,2026-09-28T13:43:05.880158,INOD,RAPID_DECREASE_CANDIDATE,69.0318,-0.973,-0.976,0.003,0.641,0.5794,8,0.6,1.5908036341558274,5,0.7116439698246293,0.75,0.0,25.6,43.6,39.6,0.0,0.0,38.0,0.0,69.3189,,,33.74486239192214,False,rejected_by_pre_entry_checks,,,68.88,-0.2199,68.625,-0.5893
2026-09-28,2026-09-28T13:43:05.896056,INTC,RAPID_DECREASE_CANDIDATE,117.74,-0.431,-0.434,0.003,1.199,0.0595,8,0.6,1.683915415417859,5,0.7641607066296857,0.7,0.0,39.1,53.8,23.5,0.0,0.0,56.6,97.9,119.0007,40.1,SMH,42.08274128048293,False,rejected_by_pre_entry_checks,,,118.165,0.361,117.176,-0.479
2026-09-28,2026-09-28T13:43:09.138576,GRAL,RAPID_DECREASE_CANDIDATE,131.5,-1.906,-1.909,0.003,1.671,1.1407,7,0.8,4.915730979976147,5,0.5465175439728505,0.7166666666666666,0.0,2.3,72.4,26.6,0.0,0.0,72.4,0.0,132.7443,,,37.31287148161594,False,rejected_by_pre_entry_checks,,,130.57,-0.7072,129.0,-1.9011
2026-09-28,2026-09-28T13:43:09.164199,MXL,RAPID_DECREASE_CANDIDATE,91.345,-0.712,-0.715,0.003,0.383,6.2182,7,0.8,4.09451630603999,5,0.3855761162613768,0.6166666666666667,0.0,32.1,33.6,31.4,0.0,0.0,29.4,0.0,92.0285,,,31.069821686821385,False,rejected_by_pre_entry_checks,,,89.502,-2.0176,86.1996,-5.6329
2026-09-28,2026-09-28T13:43:09.204836,VKTX,RAPID_DECREASE_CANDIDATE,34.8636,-0.73,-0.733,0.003,2.428,4.9048,7,0.8,3.248332067979104,5,0.6228616102135653,0.75,0.0,31.7,100.0,45.3,0.0,0.0,97.6,0.0,34.9286,,,52.31404040649909,False,rejected_by_pre_entry_checks,,,34.74,-0.3545,34.77,-0.2685
2026-09-28,2026-09-28T13:43:09.242521,VIAV,RAPID_DECREASE_CANDIDATE,39.88,-0.573,-0.576,0.003,0.202,8.1244,7,0.6,2.8844733431844105,5,0.8360244868024191,0.8,0.0,35.6,29.4,22.7,0.0,0.0,23.4,0.0,40.3209,,,29.095304530419952,False,rejected_by_pre_entry_checks,,,39.1,-1.9559,39.18,-1.7553
2026-09-28,2026-09-28T13:43:09.261258,AEHR,RAPID_DECREASE_CANDIDATE,98.83,-1.105,-1.108,0.003,0.464,1.1434,7,0.6,2.2181261848106475,5,0.7943571234524781,0.75,0.0,22.3,35.6,27.7,0.0,0.0,32.1,0.0,99.7198,,,29.62660743875429,False,rejected_by_pre_entry_checks,,,98.335,-0.5009,96.64,-2.2159
2026-09-28,2026-09-28T13:43:09.290635,INOD,RAPID_DECREASE_CANDIDATE,68.965,-1.069,-1.072,0.003,0.654,0.5365,7,0.6,1.5908036341558274,5,0.7116439698246293,0.75,0.0,23.2,40.4,37.3,0.0,0.0,38.5,0.0,69.3181,,,32.56881905139145,False,rejected_by_pre_entry_checks,,,68.88,-0.1233,68.625,-0.493
2026-09-28,2026-09-28T13:43:09.310147,INTC,RAPID_DECREASE_CANDIDATE,117.795,-0.385,-0.388,0.003,1.186,0.2292,7,0.6,1.683915415417859,5,0.7641607066296857,0.7,0.0,40.3,55.6,24.9,0.0,0.0,56.2,60.2,118.9918,41.3,SMH,41.13004225025392,False,rejected_by_pre_entry_checks,,,118.165,0.3141,117.176,-0.5255
2026-09-28,2026-09-28T13:43:12.524307,GRAL,RAPID_DECREASE_CANDIDATE,131.69,-1.764,-1.767,0.003,1.608,1.1239,9,0.8,4.915730979976147,5,0.5465175439728505,0.7166666666666666,0.0,5.8,79.9,30.3,0.0,0.0,70.3,0.0,132.7367,,,39.35160729718501,False,rejected_by_pre_entry_checks,,,130.57,-0.8505,129.0,-2.0427
2026-09-28,2026-09-28T13:43:12.541402,VICR,RAPID_DECREASE_CANDIDATE,279.7812,-0.381,-0.384,0.003,0.113,5.8188,9,0.4,1.3557212185800078,5,0.9227008850877633,0.7708333333333334,0.0,40.4,19.7,38.7,0.0,0.0,20.4,0.0,281.0544,,,29.912225196664895,False,rejected_by_pre_entry_checks,,,279.25,-0.1899,278.47,-0.4687
2026-09-28,2026-09-28T13:43:12.566077,MXL,RAPID_DECREASE_CANDIDATE,91.35,-0.707,-0.71,0.003,0.398,6.2178,9,0.8,4.09451630603999,5,0.3855761162613768,0.6166666666666667,0.0,32.2,28.2,31.7,0.0,0.0,29.9,0.0,92.025,,,30.272955677863465,False,rejected_by_pre_entry_checks,,,89.502,-2.023,86.1996,-5.6381
2026-09-28,2026-09-28T13:43:12.589447,VKTX,RAPID_DECREASE_CANDIDATE,34.91,-0.598,-0.601,0.003,2.24,4.8983,9,0.8,3.248332067979104,5,0.6228616102135653,0.75,0.0,35.0,100.0,48.7,0.0,0.0,91.3,0.0,34.9278,,,52.503655625813764,False,rejected_by_pre_entry_checks,,,34.74,-0.487,34.77,-0.401
2026-09-28,2026-09-28T13:43:12.608756,TWST,RAPID_DECREASE_CANDIDATE,184.63,-0.337,-0.34,0.003,2.73,1.002,9,0.8,2.5386757223673873,5,0.8627782041442819,0.9,0.0,41.5,100.0,71.1,42.3,40.0,100.0,0.0,183.0823,,,55.52496615605965,False,rejected_by_pre_entry_checks,,,184.99,0.195,182.59,-1.1049
2026-09-28,2026-09-28T13:43:12.634578,VIAV,RAPID_DECREASE_CANDIDATE,39.9185,-0.477,-0.48,0.003,0.212,2.931,9,0.6,2.8844733431844105,5,0.8360244868024191,0.8,0.0,38.0,22.6,25.2,0.0,0.0,23.7,0.0,40.319,,,28.70627837207422,False,rejected_by_pre_entry_checks,,,39.1,-2.0504,39.18,-1.85
2026-09-28,2026-09-28T13:43:12.664640,AEHR,RAPID_DECREASE_CANDIDATE,99.0418,-0.893,-0.896,0.003,0.479,1.464,9,0.6,2.2181261848106475,5,0.7943571234524781,0.75,0.0,27.6,30.8,33.1,0.0,0.0,32.6,0.0,99.7146,,,30.45164353442933,False,rejected_by_pre_entry_checks,,,98.335,-0.7136,96.64,-2.425
2026-09-28,2026-09-28T13:43:12.689731,INOD,RAPID_DECREASE_CANDIDATE,68.965,-1.069,-1.072,0.003,0.668,0.5365,9,0.6,1.5908036341558274,5,0.7116439698246293,0.75,0.0,23.2,37.2,37.3,0.0,0.0,38.9,0.0,69.3173,,,32.098066131665945,False,rejected_by_pre_entry_checks,,,68.88,-0.1233,68.625,-0.493
2026-09-28,2026-09-28T13:43:12.706863,INTC,RAPID_DECREASE_CANDIDATE,117.835,-0.351,-0.354,0.003,1.173,0.0255,9,0.6,1.683915415417859,5,0.7641607066296857,0.7,0.0,41.1,57.5,25.9,0.0,0.0,55.8,100.0,118.9831,42.1,SMH,43.318174947034244,False,rejected_by_pre_entry_checks,,,118.165,0.2801,117.176,-0.5593
2026-09-28,2026-09-28T13:43:15.884668,RKLB,RAPID_DECREASE_CANDIDATE,73.135,-0.44,-0.443,0.003,0.582,0.1231,9,0.6,2.1492297245915246,5,0.4558393724462264,0.65,0.0,38.9,29.6,42.4,0.0,0.0,36.1,83.8,73.358,39.3,ARKK,37.222676616497765,False,rejected_by_pre_entry_checks,,,72.8771,-0.3526,72.562,-0.7835
2026-09-28,2026-09-28T13:43:15.903454,GRAL,RAPID_DECREASE_CANDIDATE,131.2,-2.13,-2.133,0.003,1.549,4.7637,9,0.8,4.915730979976147,5,0.5465175439728505,0.7166666666666666,0.0,0.0,87.3,21.2,0.0,0.0,68.3,0.0,132.7292,,,38.243297127045395,False,rejected_by_pre_entry_checks,,,130.57,-0.4802,129.0,-1.6768
2026-09-28,2026-09-28T13:43:15.921626,VICR,RAPID_DECREASE_CANDIDATE,279.78,-0.381,-0.384,0.003,0.119,5.8189,9,0.4,1.3557212185800078,5,0.9227008850877633,0.7708333333333334,0.0,40.4,12.2,38.7,0.0,0.0,20.6,0.0,281.053,,,28.67661094496544,False,rejected_by_pre_entry_checks,,,279.25,-0.1894,278.47,-0.4682
2026-09-28,2026-09-28T13:43:15.938511,MXL,RAPID_DECREASE_CANDIDATE,91.3501,-0.706,-0.709,0.003,0.413,6.2178,9,0.8,4.09451630603999,5,0.3855761162613768,0.6166666666666667,0.0,32.3,22.7,31.8,0.0,0.0,30.4,0.0,92.0217,,,29.44268766069837,False,rejected_by_pre_entry_checks,,,89.502,-2.0231,86.1996,-5.6382
2026-09-28,2026-09-28T13:43:15.956837,VKTX,RAPID_DECREASE_CANDIDATE,34.85,-0.769,-0.772,0.003,2.079,4.9067,9,0.8,3.248332067979104,5,0.6228616102135653,0.75,0.0,30.7,100.0,44.5,0.0,0.0,86.0,0.0,34.9269,,,50.59112782823452,False,rejected_by_pre_entry_checks,,,34.74,-0.3156,34.77,-0.2296
2026-09-28,2026-09-28T13:43:15.980988,VIAV,RAPID_DECREASE_CANDIDATE,39.92,-0.474,-0.477,0.003,0.223,8.1162,9,0.6,2.8844733431844105,5,0.8360244868024191,0.8,0.0,38.1,15.7,25.4,0.0,0.0,24.1,0.0,40.3172,,,27.647046697047287,False,rejected_by_pre_entry_checks,,,39.1,-2.0541,39.18,-1.8537
2026-09-28,2026-09-28T13:43:16.002029,AEHR,RAPID_DECREASE_CANDIDATE,99.13,-0.805,-0.808,0.003,0.495,14.6373,9,0.6,2.2181261848106475,5,0.7943571234524781,0.75,0.0,29.8,26.0,35.5,0.0,0.0,33.2,0.0,99.7095,,,30.376737058954184,False,rejected_by_pre_entry_checks,,,98.335,-0.802,96.64,-2.5119
2026-09-28,2026-09-28T13:43:16.019527,TXG,RAPID_DECREASE_CANDIDATE,87.3408,-0.421,-0.424,0.003,0.503,15.5368,9,0.6,1.764068263321942,5,0.8088586851744765,0.85,0.0,39.4,26.3,57.3,14.7,0.0,33.4,0.0,87.0849,,,32.963877035885275,False,rejected_by_pre_entry_checks,,,88.005,0.7605,85.91,-1.6382
2026-09-28,2026-09-28T13:43:16.037807,INOD,RAPID_DECREASE_CANDIDATE,68.965,-1.069,-1.072,0.003,0.682,0.5365,9,0.6,1.5908036341558274,5,0.7116439698246293,0.75,0.0,23.2,34.0,37.3,0.0,0.0,39.4,0.0,69.3165,,,31.627292522171985,False,rejected_by_pre_entry_checks,,,68.88,-0.1233,68.625,-0.493
2026-09-28,2026-09-28T13:43:19.226343,RKLB,RAPID_DECREASE_CANDIDATE,73.105,-0.481,-0.484,0.003,0.599,0.0958,11,0.6,2.1492297245915246,5,0.4558393724462264,0.65,0.0,37.9,25.5,41.4,0.0,0.0,36.6,89.8,73.3572,38.2,ARKK,36.57220584427983,False,rejected_by_pre_entry_checks,,,72.8771,-0.3117,72.562,-0.7428
2026-09-28,2026-09-28T13:43:19.249139,GRAL,RAPID_DECREASE_CANDIDATE,131.4477,-1.945,-1.948,0.003,1.494,4.5113,11,0.8,4.915730979976147,5,0.5465175439728505,0.7166666666666666,0.0,1.3,94.8,26.0,0.0,0.0,66.5,0.0,132.7218,,,40.075722255150815,False,rejected_by_pre_entry_checks,,,130.57,-0.6677,129.0,-1.8621
2026-09-28,2026-09-28T13:43:19.267026,VICR,RAPID_DECREASE_CANDIDATE,279.78,-0.381,-0.384,0.003,0.127,5.8189,11,0.4,1.3557212185800078,5,0.9227008850877633,0.7708333333333334,0.0,40.4,4.6,38.7,0.0,0.0,20.9,0.0,281.0517,,,27.45066015947685,False,rejected_by_pre_entry_checks,,,279.25,-0.1894,278.47,-0.4682
2026-09-28,2026-09-28T13:43:19.287023,MXL,RAPID_DECREASE_CANDIDATE,91.35,-0.707,-0.71,0.003,0.43,6.2178,11,0.8,4.09451630603999,5,0.3855761162613768,0.6166666666666667,0.0,32.2,17.3,31.8,0.0,0.0,31.0,0.0,92.0183,,,28.611645173427736,False,rejected_by_pre_entry_checks,,,89.502,-2.023,86.1996,-5.6381
2026-09-28,2026-09-28T13:43:19.306493,VKTX,RAPID_DECREASE_CANDIDATE,34.8505,-0.767,-0.77,0.003,1.939,4.9067,11,0.8,3.248332067979104,5,0.6228616102135653,0.75,0.0,30.8,100.0,44.6,0.0,0.0,81.3,0.0,34.9261,,,50.02806035163748,False,rejected_by_pre_entry_checks,,,34.74,-0.3171,34.77,-0.231
2026-09-28,2026-09-28T13:43:19.324810,TWST,RAPID_DECREASE_CANDIDATE,183.831,-0.768,-0.771,0.003,2.245,0.903,11,0.8,2.5386757223673873,5,0.8627782041442819,0.9,0.0,30.7,100.0,59.9,19.8,0.0,91.5,0.0,183.1051,,,50.73608397794987,False,rejected_by_pre_entry_checks,,,184.99,0.6305,182.59,-0.6751
2026-09-28,2026-09-28T13:43:19.344897,VIAV,RAPID_DECREASE_CANDIDATE,39.88,-0.573,-0.576,0.003,0.235,8.1244,11,0.6,2.8844733431844105,5,0.8360244868024191,0.8,0.0,35.6,8.8,23.0,0.0,0.0,24.5,0.0,40.3154,,,25.845190703203727,False,rejected_by_pre_entry_checks,,,39.1,-1.9559,39.18,-1.7553
2026-09-28,2026-09-28T13:43:19.394840,AEHR,RAPID_DECREASE_CANDIDATE,99.41,-0.524,-0.527,0.003,0.512,14.0026,11,0.6,2.2181261848106475,5,0.7943571234524781,0.75,0.0,36.8,21.2,42.6,0.0,0.0,33.7,0.0,99.7044,,,31.71121005951452,False,rejected_by_pre_entry_checks,,,98.335,-1.0814,96.64,-2.7864
2026-09-28,2026-09-28T13:43:19.419777,INOD,RAPID_DECREASE_CANDIDATE,69.13,-0.832,-0.835,0.003,0.697,0.5352,11,0.6,1.5908036341558274,5,0.7116439698246293,0.75,0.0,29.1,30.8,43.3,0.0,0.0,39.9,0.0,69.3157,,,32.89204399596096,False,rejected_by_pre_entry_checks,,,68.88,-0.3616,68.625,-0.7305
2026-09-28,2026-09-28T13:43:19.495706,QCOM,RAPID_DECREASE_CANDIDATE,188.93,-0.301,-0.304,0.003,0.835,4.2238,11,0.6,1.2410526812384155,5,0.3570545026278345,0.55,0.0,42.4,39.0,9.7,0.0,0.0,44.5,0.0,192.0227,43.4,SMH,32.842172685328265,False,rejected_by_pre_entry_checks,,,190.465,0.8125,187.71,-0.6457
2026-09-28,2026-09-28T13:43:19.515404,INTC,RAPID_DECREASE_CANDIDATE,117.768,-0.408,-0.411,0.003,1.148,0.0255,11,0.6,1.683915415417859,5,0.7641607066296857,0.7,0.0,39.7,61.3,24.8,0.0,0.0,54.9,100.0,118.966,40.7,SMH,43.47214528524409,False,rejected_by_pre_entry_checks,,,118.165,0.3371,117.176,-0.5027
2026-09-28,2026-09-28T13:43:22.707929,RKLB,RAPID_DECREASE_CANDIDATE,73.22,-0.325,-0.328,0.003,0.616,0.3141,9,0.6,2.1492297245915246,5,0.4558393724462264,0.65,0.0,41.8,26.5,45.4,0.0,0.0,37.2,41.3,73.3563,42.1,ARKK,35.91950321364146,False,rejected_by_pre_entry_checks,,,72.8771,-0.4683,72.562,-0.8987
2026-09-28,2026-09-28T13:43:22.725721,GRAL,RAPID_DECREASE_CANDIDATE,131.715,-1.746,-1.749,0.003,1.443,1.1464,9,0.8,4.915730979976147,5,0.5465175439728505,0.7166666666666666,0.0,6.3,89.1,31.2,0.0,0.0,64.8,0.0,132.7146,,,40.38819676050259,False,rejected_by_pre_entry_checks,,,130.57,-0.8693,129.0,-2.0613
2026-09-28,2026-09-28T13:43:22.743019,MXL,RAPID_DECREASE_CANDIDATE,91.35,-0.707,-0.71,0.003,0.448,6.2178,9,0.8,4.09451630603999,5,0.3855761162613768,0.6166666666666667,0.0,32.2,18.1,31.9,0.0,0.0,31.6,0.0,92.015,,,28.839111722321956,False,rejected_by_pre_entry_checks,,,89.502,-2.023,86.1996,-5.6381
2026-09-28,2026-09-28T13:43:22.765702,VKTX,RAPID_DECREASE_CANDIDATE,34.8505,-0.767,-0.77,0.003,1.817,4.9067,9,0.8,3.248332067979104,5,0.6228616102135653,0.75,0.0,30.8,100.0,44.6,0.0,0.0,77.2,0.0,34.9252,,,49.52702234332859,False,rejected_by_pre_entry_checks,,,34.74,-0.3171,34.77,-0.231
2026-09-28,2026-09-28T13:43:22.786451,VIAV,RAPID_DECREASE_CANDIDATE,39.885,-0.561,-0.564,0.003,0.249,8.1234,9,0.6,2.8844733431844105,5,0.8360244868024191,0.8,0.0,35.9,9.4,23.4,0.0,0.0,25.0,0.0,40.3136,,,26.09812417828547,False,rejected_by_pre_entry_checks,,,39.1,-1.9682,39.18,-1.7676
2026-09-28,2026-09-28T13:43:22.803907,AEHR,RAPID_DECREASE_CANDIDATE,99.26,-0.674,-0.677,0.003,0.531,13.8424,9,0.6,2.2181261848106475,5,0.7943571234524781,0.75,0.0,33.1,22.1,39.0,0.0,0.0,34.4,0.0,99.6994,,,30.862495250673,False,rejected_by_pre_entry_checks,,,98.335,-0.9319,96.64,-2.6395
2026-09-28,2026-09-28T13:43:22.824383,P,RAPID_DECREASE_CANDIDATE,128.64,-0.341,-0.344,0.003,1.176,0.412,9,0.6,4.895076230386623,5,0.5700187605349776,0.7666666666666666,0.0,41.4,63.6,40.6,0.0,0.0,55.9,19.6,129.1245,,,42.87514782846992,False,rejected_by_pre_entry_checks,,,127.72,-0.7152,126.195,-1.9007
2026-09-28,2026-09-28T13:43:22.844479,INOD,RAPID_DECREASE_CANDIDATE,69.0247,-0.983,-0.986,0.003,0.712,0.536,9,0.6,1.5908036341558274,5,0.7116439698246293,0.75,0.0,25.4,31.7,39.5,0.0,0.0,40.4,0.0,69.3149,,,31.998808149612852,False,rejected_by_pre_entry_checks,,,68.88,-0.2096,68.625,-0.5791
2026-09-28,2026-09-28T13:43:22.860367,INTC,RAPID_DECREASE_CANDIDATE,117.778,-0.399,-0.402,0.003,1.136,0.0425,9,0.6,1.683915415417859,5,0.7641607066296857,0.7,0.0,40.0,60.3,25.2,0.0,0.0,54.5,100.0,118.9576,40.9,SMH,43.345508363535764,False,rejected_by_pre_entry_checks,,,118.165,0.3286,117.176,-0.5111
2026-09-28,2026-09-28T13:43:26.101776,RKLB,RAPID_DECREASE_CANDIDATE,73.1893,-0.366,-0.369,0.003,0.635,0.4236,8,0.6,2.1492297245915246,5,0.4558393724462264,0.65,0.0,40.8,27.5,44.3,0.0,0.0,37.8,17.0,73.3554,41.1,ARKK,34.852561326803404,False,rejected_by_pre_entry_checks,,,72.8771,-0.4266,72.562,-0.8571
2026-09-28,2026-09-28T13:43:26.119811,GRAL,RAPID_DECREASE_CANDIDATE,131.56,-1.861,-1.864,0.003,1.396,1.1402,8,0.8,4.915730979976147,5,0.5465175439728505,0.7166666666666666,0.0,3.4,84.0,28.4,0.0,0.0,63.2,0.0,132.7074,,,38.52226583642578,False,rejected_by_pre_entry_checks,,,130.57,-0.7525,129.0,-1.9459
2026-09-28,2026-09-28T13:43:26.152045,MXL,RAPID_DECREASE_CANDIDATE,91.35,-0.707,-0.71,0.003,0.468,6.2178,8,0.8,4.09451630603999,5,0.3855761162613768,0.6166666666666667,0.0,32.2,19.1,32.0,0.0,0.0,32.3,0.0,92.0117,,,29.089381407736397,False,rejected_by_pre_entry_checks,,,89.502,-2.023,86.1996,-5.6381
2026-09-28,2026-09-28T13:43:26.170167,VIAV,RAPID_DECREASE_CANDIDATE,39.885,-0.561,-0.564,0.003,0.264,8.1234,8,0.6,2.8844733431844105,5,0.8360244868024191,0.8,0.0,35.9,10.0,23.5,0.0,0.0,25.5,0.0,40.3118,,,26.278631529601192,False,rejected_by_pre_entry_checks,,,39.1,-1.9682,39.18,-1.7676
2026-09-28,2026-09-28T13:43:26.189024,AEHR,RAPID_DECREASE_CANDIDATE,99.356,-0.578,-0.581,0.003,0.551,13.8291,8,0.6,2.2181261848106475,5,0.7943571234524781,0.75,0.0,35.5,23.1,41.5,0.0,0.0,35.0,0.0,99.6944,,,31.827477027202065,False,rejected_by_pre_entry_checks,,,98.335,-1.0276,96.64,-2.7336
2026-09-28,2026-09-28T13:43:26.213584,P,RAPID_DECREASE_CANDIDATE,128.61,-0.364,-0.367,0.003,1.16,0.4121,8,0.6,4.895076230386623,5,0.5700187605349776,0.7666666666666666,0.0,40.8,62.3,40.1,0.0,0.0,55.3,19.5,129.1234,,,42.42459564259281,False,rejected_by_pre_entry_checks,,,127.72,-0.692,126.195,-1.8778
2026-09-28,2026-09-28T13:43:26.231702,INOD,RAPID_DECREASE_CANDIDATE,69.0247,-0.983,-0.986,0.003,0.728,0.536,8,0.6,1.5908036341558274,5,0.7116439698246293,0.75,0.0,25.4,32.6,39.6,0.0,0.0,40.9,0.0,69.3142,,,32.22200155235047,False,rejected_by_pre_entry_checks,,,68.88,-0.2096,68.625,-0.5791
2026-09-28,2026-09-28T13:43:26.249633,INTC,RAPID_DECREASE_CANDIDATE,117.83,-0.355,-0.358,0.003,1.124,0.0424,8,0.6,1.683915415417859,5,0.7641607066296857,0.7,0.0,41.0,59.4,26.5,0.0,0.0,54.1,100.0,118.9494,42.0,SMH,43.47979668828708,False,rejected_by_pre_entry_checks,,,118.165,0.2843,117.176,-0.555
2026-09-28,2026-09-28T13:43:29.482833,RKLB,RAPID_DECREASE_CANDIDATE,73.215,-0.331,-0.334,0.003,0.655,0.1093,11,0.6,2.1492297245915246,5,0.4558393724462264,0.65,0.0,41.6,28.5,45.2,0.0,0.0,38.5,86.8,73.3545,42.0,ARKK,38.28368646760508,False,rejected_by_pre_entry_checks,,,72.8771,-0.4615,72.562,-0.8919
2026-09-28,2026-09-28T13:43:29.503587,GRAL,RAPID_DECREASE_CANDIDATE,131.8625,-1.636,-1.639,0.003,1.351,0.8797,11,0.8,4.915730979976147,5,0.5465175439728505,0.7166666666666666,0.0,9.0,79.5,34.2,0.0,0.0,61.7,0.0,132.7004,,,39.24893143517987,False,rejected_by_pre_entry_checks,,,130.57,-0.9802,129.0,-2.1708
2026-09-28,2026-09-28T13:43:29.522057,MXL,RAPID_DECREASE_CANDIDATE,91.35,-0.707,-0.71,0.003,0.49,6.2178,11,0.8,4.09451630603999,5,0.3855761162613768,0.6166666666666667,0.0,32.2,20.1,32.1,0.0,0.0,33.0,0.0,92.0084,,,29.364829931025838,False,rejected_by_pre_entry_checks,,,89.502,-2.023,86.1996,-5.6381
2026-09-28,2026-09-28T13:43:29.552388,VKTX,RAPID_DECREASE_CANDIDATE,34.91,-0.598,-0.601,0.003,1.614,5.2707,11,0.8,3.248332067979104,5,0.6228616102135653,0.75,0.0,35.0,100.0,49.0,0.0,0.0,70.5,0.0,34.9237,,,49.93188786279401,False,rejected_by_pre_entry_checks,,,34.74,-0.487,34.77,-0.401
2026-09-28,2026-09-28T13:43:29.569492,VIAV,RAPID_DECREASE_CANDIDATE,39.885,-0.561,-0.564,0.003,0.281,8.1234,11,0.6,2.8844733431844105,5,0.8360244868024191,0.8,0.0,35.9,10.7,23.6,0.0,0.0,26.0,0.0,40.3101,,,26.482265394243868,False,rejected_by_pre_entry_checks,,,39.1,-1.9682,39.18,-1.7676
2026-09-28,2026-09-28T13:43:29.586935,AEHR,RAPID_DECREASE_CANDIDATE,98.7165,-1.218,-1.221,0.003,0.572,13.9186,11,0.6,2.2181261848106475,5,0.7943571234524781,0.75,0.0,19.5,24.2,25.6,0.0,0.0,35.7,0.0,99.6895,,,27.43978063775228,False,rejected_by_pre_entry_checks,,,98.335,-0.3865,96.64,-2.1035
2026-09-28,2026-09-28T13:43:29.604337,TXG,RAPID_DECREASE_CANDIDATE,87.3408,-0.421,-0.424,0.003,0.58,15.5368,11,0.6,1.764068263321942,5,0.8088586851744765,0.85,0.0,39.4,24.6,57.1,14.2,0.0,36.0,0.0,87.0942,,,33.0278295475378,False,rejected_by_pre_entry_checks,,,88.005,0.7605,85.91,-1.6382
2026-09-28,2026-09-28T13:43:29.621446,P,RAPID_DECREASE_CANDIDATE,128.43,-0.504,-0.507,0.003,1.145,0.4205,11,0.6,4.895076230386623,5,0.5700187605349776,0.7666666666666666,0.0,37.3,61.0,36.6,0.0,0.0,54.8,17.7,129.1223,,,41.05953568814618,False,rejected_by_pre_entry_checks,,,127.72,-0.5528,126.195,-1.7402
2026-09-28,2026-09-28T13:43:29.638942,INOD,RAPID_DECREASE_CANDIDATE,68.9023,-1.159,-1.162,0.003,0.745,0.9434,11,0.6,1.5908036341558274,5,0.7116439698246293,0.75,0.0,21.0,33.6,35.2,0.0,0.0,41.5,0.0,69.3134,,,31.17330393716364,False,rejected_by_pre_entry_checks,,,68.88,-0.0324,68.625,-0.4025
2026-09-28,2026-09-28T13:43:29.657565,QCOM,RAPID_DECREASE_CANDIDATE,188.73,-0.406,-0.409,0.003,0.865,9.0818,11,0.6,1.2410526812384155,5,0.3570545026278345,0.55,0.0,39.8,40.9,7.7,0.0,0.0,45.5,0.0,191.9746,40.8,SMH,32.60326478259236,False,rejected_by_pre_entry_checks,,,190.465,0.9193,187.71,-0.5405
2026-09-28,2026-09-28T13:43:29.674983,INTC,RAPID_DECREASE_CANDIDATE,117.87,-0.321,-0.324,0.003,1.113,0.0679,11,0.6,1.683915415417859,5,0.7641607066296857,0.7,0.0,41.9,58.5,27.5,0.0,0.0,53.8,96.0,118.9413,42.9,SMH,43.3838551451762,False,rejected_by_pre_entry_checks,,,118.165,0.2503,117.176,-0.5888
2026-09-28,2026-09-28T13:43:32.985106,GRAL,RAPID_DECREASE_CANDIDATE,131.81,-1.675,-1.678,0.003,1.309,0.8801,9,0.8,4.915730979976147,5,0.5465175439728505,0.7166666666666666,0.0,8.1,75.5,33.4,0.0,0.0,60.3,0.0,132.6935,,,38.12855428350033,False,rejected_by_pre_entry_checks,,,130.57,-0.9407,129.0,-2.1319
2026-09-28,2026-09-28T13:43:33.009529,MXL,RAPID_DECREASE_CANDIDATE,91.266,-0.798,-0.801,0.003,0.514,6.2236,9,0.8,4.09451630603999,5,0.3855761162613768,0.6166666666666667,0.0,30.0,21.3,29.9,0.0,0.0,33.8,0.0,92.0052,,,29.003902131505207,False,rejected_by_pre_entry_checks,,,89.502,-1.9328,86.1996,-5.5512
2026-09-28,2026-09-28T13:43:33.028381,VKTX,RAPID_DECREASE_CANDIDATE,34.925,-0.555,-0.558,0.003,1.529,5.2684,9,0.8,3.248332067979104,5,0.6228616102135653,0.75,0.0,36.0,98.9,50.2,0.3,0.0,67.6,0.0,34.9229,,,49.669497945847226,False,rejected_by_pre_entry_checks,,,34.74,-0.5297,34.77,-0.4438
2026-09-28,2026-09-28T13:43:33.046272,VIAV,RAPID_DECREASE_CANDIDATE,39.8925,-0.542,-0.545,0.003,0.301,8.1218,9,0.6,2.8844733431844105,5,0.8360244868024191,0.8,0.0,36.4,11.6,24.2,0.0,0.0,26.7,0.0,40.3083,,,26.85394172382694,False,rejected_by_pre_entry_checks,,,39.1,-1.9866,39.18,-1.7861
2026-09-28,2026-09-28T13:43:33.063553,AEHR,RAPID_DECREASE_CANDIDATE,99.3814,-0.553,-0.556,0.003,0.595,13.8255,9,0.6,2.2181261848106475,5,0.7943571234524781,0.75,0.0,36.1,25.4,42.4,0.0,0.0,36.5,0.0,99.6846,,,32.6045543261316,False,rejected_by_pre_entry_checks,,,98.335,-1.0529,96.64,-2.7585
2026-09-28,2026-09-28T13:43:33.085571,P,RAPID_DECREASE_CANDIDATE,128.43,-0.504,-0.507,0.003,1.13,0.4205,9,0.6,4.895076230386623,5,0.5700187605349776,0.7666666666666666,0.0,37.3,59.8,36.6,0.0,0.0,54.3,17.7,129.1212,,,40.799408541689395,False,rejected_by_pre_entry_checks,,,127.72,-0.5528,126.195,-1.7402
2026-09-28,2026-09-28T13:43:33.107331,INOD,RAPID_DECREASE_CANDIDATE,68.975,-1.054,-1.057,0.003,0.763,0.9279,9,0.6,1.5908036341558274,5,0.7116439698246293,0.75,0.0,23.6,34.6,37.8,0.0,0.0,42.1,0.0,69.3127,,,32.18917388006732,False,rejected_by_pre_entry_checks,,,68.88,-0.1377,68.625,-0.5074
2026-09-28,2026-09-28T13:43:33.130843,QCOM,RAPID_DECREASE_CANDIDATE,188.17,-0.702,-0.705,0.003,0.876,3.6722,9,0.6,1.2410526812384155,5,0.3570545026278345,0.55,0.0,32.4,41.6,0.7,0.0,0.0,45.9,0.0,191.9589,33.4,SMH,30.643825318226135,False,rejected_by_pre_entry_checks,,,190.465,1.2196,187.71,-0.2445
2026-09-28,2026-09-28T13:43:33.162258,INTC,RAPID_DECREASE_CANDIDATE,117.87,-0.321,-0.324,0.003,1.101,0.0255,9,0.6,1.683915415417859,5,0.7641607066296857,0.7,0.0,41.9,57.6,27.6,0.0,0.0,53.4,100.0,118.9333,42.9,SMH,43.37278236825385,False,rejected_by_pre_entry_checks,,,118.165,0.2503,117.176,-0.5888
2026-09-28,2026-09-28T13:43:36.412733,GRAL,RAPID_DECREASE_CANDIDATE,132.019,-1.519,-1.522,0.003,1.27,0.8787,10,0.8,4.915730979976147,5,0.5465175439728505,0.7166666666666666,0.0,12.0,71.8,37.4,0.0,0.0,59.0,0.0,132.6866,,,38.51432163203744,False,rejected_by_pre_entry_checks,,,130.57,-1.0976,129.0,-2.2868
2026-09-28,2026-09-28T13:43:36.430898,MXL,RAPID_DECREASE_CANDIDATE,91.245,-0.821,-0.824,0.003,0.54,6.225,10,0.8,4.09451630603999,5,0.3855761162613768,0.6166666666666667,0.0,29.4,22.6,29.4,0.0,0.0,34.7,0.0,92.0019,,,29.172012164521647,False,rejected_by_pre_entry_checks,,,89.502,-1.9102,86.1996,-5.5295
2026-09-28,2026-09-28T13:43:36.451308,VKTX,RAPID_DECREASE_CANDIDATE,34.965,-0.441,-0.444,0.003,1.452,5.2624,10,0.8,3.248332067979104,5,0.6228616102135653,0.75,0.0,38.9,90.1,53.1,6.1,0.0,65.1,0.0,34.9222,,,47.99247359312419,False,rejected_by_pre_entry_checks,,,34.74,-0.6435,34.77,-0.5577
2026-09-28,2026-09-28T13:43:36.470165,VIAV,RAPID_DECREASE_CANDIDATE,39.8925,-0.542,-0.545,0.003,0.323,8.1218,10,0.6,2.8844733431844105,5,0.8360244868024191,0.8,0.0,36.4,12.5,24.3,0.0,0.0,27.4,0.0,40.3066,,,27.11945327660025,False,rejected_by_pre_entry_checks,,,39.1,-1.9866,39.18,-1.7861
2026-09-28,2026-09-28T13:43:36.516356,META,RAPID_DECREASE_CANDIDATE,720.935,-0.337,-0.34,0.003,0.89,0.1581,10,0.8,2.599886317737704,5,0.6583951049863919,0.8,0.0,41.5,42.5,33.0,0.0,0.0,46.3,76.0,725.8581,41.8,XLC,39.59132225319826,False,rejected_by_pre_entry_checks,,,722.215,0.1775,718.317,-0.3631
2026-09-28,2026-09-28T13:43:36.541109,AEHR,RAPID_DECREASE_CANDIDATE,99.255,-0.679,-0.682,0.003,0.62,13.8431,10,0.6,2.2181261848106475,5,0.7943571234524781,0.75,0.0,33.0,26.7,39.3,0.0,0.0,37.3,0.0,99.6797,,,32.02173139147283,False,rejected_by_pre_entry_checks,,,98.335,-0.9269,96.64,-2.6346
2026-09-28,2026-09-28T13:43:36.561633,P,RAPID_DECREASE_CANDIDATE,128.6123,-0.362,-0.365,0.003,1.116,0.692,10,0.6,4.895076230386623,5,0.5700187605349776,0.7666666666666666,0.0,40.9,58.7,40.2,0.0,0.0,53.9,0.0,129.1201,,,40.84792777550957,False,rejected_by_pre_entry_checks,,,127.72,-0.6938,126.195,-1.8795
2026-09-28,2026-09-28T13:43:36.580454,INOD,RAPID_DECREASE_CANDIDATE,68.975,-1.054,-1.057,0.003,0.781,0.6089,10,0.6,1.5908036341558274,5,0.7116439698246293,0.75,0.0,23.6,35.7,37.8,0.0,0.0,42.7,0.0,69.3119,,,32.45068609795908,False,rejected_by_pre_entry_checks,,,68.88,-0.1377,68.625,-0.5074
2026-09-28,2026-09-28T13:43:36.599335,QCOM,RAPID_DECREASE_CANDIDATE,187.61,-0.997,-1.0,0.003,0.887,4.2162,10,0.6,1.2410526812384155,5,0.3570545026278345,0.55,0.0,25.0,42.3,0.0,0.0,0.0,46.2,0.0,191.9434,26.0,SMH,29.49716665675707,False,rejected_by_pre_entry_checks,,,190.465,1.5218,187.71,0.0533
2026-09-28,2026-09-28T13:43:36.618385,INTC,RAPID_DECREASE_CANDIDATE,117.85,-0.338,-0.341,0.003,1.09,0.297,10,0.6,1.683915415417859,5,0.7641607066296857,0.7,0.0,41.5,56.7,27.4,0.0,0.0,53.0,45.1,118.9254,42.5,SMH,40.793818576442696,False,rejected_by_pre_entry_checks,,,118.165,0.2673,117.176,-0.5719
2026-09-28,2026-09-28T13:43:39.881780,GRAL,RAPID_DECREASE_CANDIDATE,131.7,-1.757,-1.76,0.003,1.233,0.8808,9,0.8,4.915730979976147,5,0.5465175439728505,0.7166666666666666,0.0,6.0,68.5,31.5,0.0,0.0,57.8,0.0,132.6799,,,36.079406548175506,False,rejected_by_pre_entry_checks,,,130.57,-0.858,129.0,-2.0501
2026-09-28,2026-09-28T13:43:39.900265,MXL,RAPID_DECREASE_CANDIDATE,91.3489,-0.708,-0.711,0.003,0.569,6.2179,9,0.8,4.09451630603999,5,0.3855761162613768,0.6166666666666667,0.0,32.2,24.0,32.3,0.0,0.0,35.6,0.0,91.9987,,,30.371521198928786,False,rejected_by_pre_entry_checks,,,89.502,-2.0218,86.1996,-5.637
2026-09-28,2026-09-28T13:43:39.922053,VKTX,RAPID_DECREASE_CANDIDATE,34.91,-0.598,-0.601,0.003,1.383,5.2707,9,0.8,3.248332067979104,5,0.6228616102135653,0.75,0.0,35.0,82.7,49.2,0.0,0.0,62.8,0.0,34.9214,,,46.105276415428,False,rejected_by_pre_entry_checks,,,34.74,-0.487,34.77,-0.401
2026-09-28,2026-09-28T13:43:39.947176,VIAV,RAPID_DECREASE_CANDIDATE,39.885,-0.561,-0.564,0.003,0.35,8.1234,9,0.6,2.8844733431844105,5,0.8360244868024191,0.8,0.0,35.9,13.7,24.0,0.0,0.0,28.3,0.0,40.3048,,,27.29753806950409,False,rejected_by_pre_entry_checks,,,39.1,-1.9682,,
2026-09-28,2026-09-28T13:43:39.964739,META,RAPID_DECREASE_CANDIDATE,720.65,-0.377,-0.38,0.003,0.901,0.2081,9,0.8,2.599886317737704,5,0.6583951049863919,0.8,0.0,40.5,43.2,32.1,0.0,0.0,46.7,64.9,725.8461,40.8,XLC,39.00975951141659,False,rejected_by_pre_entry_checks,,,722.215,0.2172,718.317,-0.3237
2026-09-28,2026-09-28T13:43:39.980989,AEHR,RAPID_DECREASE_CANDIDATE,99.26,-0.674,-0.677,0.003,0.648,13.8424,9,0.6,2.2181261848106475,5,0.7943571234524781,0.75,0.0,33.1,28.1,39.6,0.0,0.0,38.3,0.0,99.6749,,,32.433003455396566,False,rejected_by_pre_entry_checks,,,98.335,-0.9319,96.64,-2.6395
2026-09-28,2026-09-28T13:43:39.999478,P,RAPID_DECREASE_CANDIDATE,127.44,-1.271,-1.274,0.003,1.101,0.6984,9,0.6,4.895076230386623,5,0.5700187605349776,0.7666666666666666,0.0,18.2,57.6,17.5,0.0,0.0,53.4,0.0,129.119,,,33.978042253926,False,rejected_by_pre_entry_checks,,,127.72,0.2197,126.195,-0.9769
2026-09-28,2026-09-28T13:43:40.017463,INOD,RAPID_DECREASE_CANDIDATE,68.965,-1.069,-1.072,0.003,0.801,0.609,9,0.6,1.5908036341558274,5,0.7116439698246293,0.75,0.0,23.2,36.9,37.5,0.0,0.0,43.4,0.0,69.3111,,,32.624930862226634,False,rejected_by_pre_entry_checks,,,68.88,-0.1233,68.625,-0.493
2026-09-28,2026-09-28T13:43:40.034814,QCOM,RAPID_DECREASE_CANDIDATE,187.625,-0.989,-0.992,0.003,0.898,4.2159,9,0.6,1.2410526812384155,5,0.3570545026278345,0.55,0.0,25.2,43.0,0.0,0.0,0.0,46.6,0.0,191.928,26.2,SMH,29.69896021769271,False,rejected_by_pre_entry_checks,,,190.465,1.5137,187.71,0.0453
2026-09-28,2026-09-28T13:43:43.254195,GRAL,RAPID_DECREASE_CANDIDATE,132.0,-1.533,-1.536,0.003,1.198,4.4924,9,0.8,4.915730979976147,5,0.5465175439728505,0.7166666666666666,0.0,11.6,65.5,37.3,0.0,0.0,56.6,0.0,132.6732,,,37.08446783764936,False,rejected_by_pre_entry_checks,,,130.57,-1.0833,129.0,-2.2727
2026-09-28,2026-09-28T13:43:43.293549,MXL,RAPID_DECREASE_CANDIDATE,91.36,-0.696,-0.699,0.003,0.602,6.2172,9,0.8,4.09451630603999,5,0.3855761162613768,0.6166666666666667,0.0,32.5,25.7,32.7,0.0,0.0,36.7,0.0,91.9956,,,30.8854831272839,False,rejected_by_pre_entry_checks,,,89.502,-2.0337,86.1996,-5.6484
2026-09-28,2026-09-28T13:43:43.311041,VKTX,RAPID_DECREASE_CANDIDATE,34.95,-0.484,-0.487,0.003,1.32,5.2647,9,0.8,3.248332067979104,5,0.6228616102135653,0.75,0.0,37.8,76.4,52.1,4.2,0.0,60.7,0.0,34.9207,,,45.1163126129592,False,rejected_by_pre_entry_checks,,,34.74,-0.6009,34.77,-0.515
2026-09-28,2026-09-28T13:43:43.376780,VIAV,RAPID_DECREASE_CANDIDATE,39.875,-0.586,-0.589,0.003,0.38,8.1003,9,0.6,2.8844733431844105,5,0.8360244868024191,0.8,0.0,35.3,15.0,23.4,0.0,0.0,29.3,0.0,40.3031,,,27.48153169763557,False,rejected_by_pre_entry_checks,,,39.1,-1.9436,39.18,-1.7429
2026-09-28,2026-09-28T13:43:43.394270,META,RAPID_DECREASE_CANDIDATE,720.5512,-0.39,-0.393,0.003,0.913,0.2082,9,0.8,2.599886317737704,5,0.6583951049863919,0.8,0.0,40.2,44.0,31.8,0.0,0.0,47.1,64.8,725.8341,40.5,XLC,39.09114842360126,False,rejected_by_pre_entry_checks,,,722.215,0.2309,718.317,-0.3101
2026-09-28,2026-09-28T13:43:43.413230,AEHR,RAPID_DECREASE_CANDIDATE,99.255,-0.679,-0.682,0.003,0.677,13.8431,9,0.6,2.2181261848106475,5,0.7943571234524781,0.75,0.0,33.0,29.8,39.6,0.0,0.0,39.2,0.0,99.6701,,,32.803418790560265,False,rejected_by_pre_entry_checks,,,98.335,-0.9269,96.64,-2.6346
2026-09-28,2026-09-28T13:43:43.431280,P,RAPID_DECREASE_CANDIDATE,127.4,-1.302,-1.305,0.003,1.088,0.6986,9,0.6,4.895076230386623,5,0.5700187605349776,0.7666666666666666,0.0,17.4,56.5,16.7,0.0,0.0,52.9,0.0,129.1179,,,33.52211655506789,False,rejected_by_pre_entry_checks,,,127.72,0.2512,126.195,-0.9458
2026-09-28,2026-09-28T13:43:43.447666,INOD,RAPID_DECREASE_CANDIDATE,68.97,-1.062,-1.065,0.003,0.821,0.609,9,0.6,1.5908036341558274,5,0.7116439698246293,0.75,0.0,23.4,38.1,37.7,0.0,0.0,44.0,0.0,69.3104,,,32.97167834609693,False,rejected_by_pre_entry_checks,,,68.88,-0.1305,68.625,-0.5002
2026-09-28,2026-09-28T13:43:43.466029,QCOM,RAPID_DECREASE_CANDIDATE,187.7002,-0.95,-0.953,0.003,0.91,4.2142,9,0.6,1.2410526812384155,5,0.3570545026278345,0.55,0.0,26.2,43.8,0.0,0.0,0.0,47.0,0.0,191.9128,27.2,SMH,30.038427707237823,False,rejected_by_pre_entry_checks,,,190.465,1.473,187.71,0.0052
2026-09-28,2026-09-28T13:43:46.689996,GRAL,RAPID_DECREASE_CANDIDATE,132.246,-1.349,-1.352,0.003,1.165,4.4841,10,0.8,4.915730979976147,5,0.5465175439728505,0.7166666666666666,0.0,16.2,62.7,42.1,0.0,0.0,55.5,0.0,132.6666,,,37.84657611380521,False,rejected_by_pre_entry_checks,,,130.57,-1.2673,129.0,-2.4545
2026-09-28,2026-09-28T13:43:46.708128,MXL,RAPID_DECREASE_CANDIDATE,91.05,-1.033,-1.036,0.003,0.638,6.2383,10,0.8,4.09451630603999,5,0.3855761162613768,0.6166666666666667,0.0,24.1,27.6,24.4,0.0,0.0,37.9,0.0,91.9924,,,28.908420932279622,False,rejected_by_pre_entry_checks,,,89.502,-1.7002,86.1996,-5.3272
2026-09-28,2026-09-28T13:43:46.728646,VKTX,RAPID_DECREASE_CANDIDATE,34.9001,-0.626,-0.629,0.003,1.262,5.2722,10,0.8,3.248332067979104,5,0.6228616102135653,0.75,0.0,34.3,71.1,48.6,0.0,0.0,58.7,0.0,34.92,,,43.47208011882628,False,rejected_by_pre_entry_checks,,,34.74,-0.4587,34.77,-0.3728
2026-09-28,2026-09-28T13:43:46.746191,VIAV,RAPID_DECREASE_CANDIDATE,39.875,-0.586,-0.589,0.003,0.417,8.1003,10,0.6,2.8844733431844105,5,0.8360244868024191,0.8,0.0,35.3,16.7,23.5,0.0,0.0,30.6,0.0,40.3014,,,27.92681228169461,False,rejected_by_pre_entry_checks,,,39.1,-1.9436,39.18,-1.7429
2026-09-28,2026-09-28T13:43:46.765050,META,RAPID_DECREASE_CANDIDATE,720.53,-0.393,-0.396,0.003,0.924,0.111,10,0.8,2.599886317737704,5,0.6583951049863919,0.8,0.0,40.1,44.8,31.8,0.0,0.0,47.5,86.4,725.8222,40.4,XLC,40.14867432494208,False,rejected_by_pre_entry_checks,,,722.215,0.2339,718.317,-0.3071
2026-09-28,2026-09-28T13:43:46.786728,AEHR,RAPID_DECREASE_CANDIDATE,98.8157,-1.119,-1.122,0.003,0.71,13.9047,10,0.6,2.2181261848106475,5,0.7943571234524781,0.75,0.0,22.0,31.6,28.7,0.0,0.0,40.3,0.0,99.6654,,,30.049430641696446,False,rejected_by_pre_entry_checks,,,98.335,-0.4865,96.64,-2.2018
2026-09-28,2026-09-28T13:43:46.805827,ILMN,RAPID_DECREASE_CANDIDATE,266.6,-0.32,-0.323,0.003,0.854,7.0293,10,1.0,2.08663925691748,5,0.29108473676479374,0.5333333333333333,0.0,41.9,40.2,48.4,0.0,0.0,45.1,0.0,266.774,,,37.86885027446819,False,rejected_by_pre_entry_checks,,,270.345,1.4047,271.67,1.9017
2026-09-28,2026-09-28T13:43:46.825360,P,RAPID_DECREASE_CANDIDATE,128.6061,-0.367,-0.37,0.003,1.074,4.6188,10,0.6,4.895076230386623,5,0.5700187605349776,0.7666666666666666,0.0,40.8,55.5,40.1,0.0,0.0,52.5,0.0,129.1169,,,40.109437669754655,False,rejected_by_pre_entry_checks,,,127.72,-0.689,126.195,-1.8748
2026-09-28,2026-09-28T13:43:46.857858,INOD,RAPID_DECREASE_CANDIDATE,68.97,-1.062,-1.065,0.003,0.843,0.609,10,0.6,1.5908036341558274,5,0.7116439698246293,0.75,0.0,23.4,39.5,37.7,0.0,0.0,44.8,0.0,69.3097,,,33.289647689397064,False,rejected_by_pre_entry_checks,,,68.88,-0.1305,68.625,-0.5002
2026-09-28,2026-09-28T13:43:46.876108,QCOM,RAPID_DECREASE_CANDIDATE,187.85,-0.871,-0.874,0.003,0.922,3.6572,10,0.6,1.2410526812384155,5,0.3570545026278345,0.55,0.0,28.1,44.6,0.0,0.0,0.0,47.4,0.0,191.8977,29.1,SMH,30.54913707560698,False,rejected_by_pre_entry_checks,,,190.465,1.3921,187.71,-0.0745
2026-09-28,2026-09-28T13:43:50.093992,GRAL,RAPID_DECREASE_CANDIDATE,131.705,-1.753,-1.756,0.003,1.134,4.5025,10,0.8,4.915730979976147,5,0.5465175439728505,0.7166666666666666,0.0,6.1,60.2,32.0,0.0,0.0,54.5,0.0,132.6602,,,34.350490684957016,False,rejected_by_pre_entry_checks,,,130.57,-0.8618,129.0,-2.0538
2026-09-28,2026-09-28T13:43:50.110887,MXL,RAPID_DECREASE_CANDIDATE,91.2068,-0.862,-0.865,0.003,0.679,6.2276,10,0.8,4.09451630603999,5,0.3855761162613768,0.6166666666666667,0.0,28.4,29.8,28.7,0.0,0.0,39.3,0.0,91.9893,,,30.706036512300408,False,rejected_by_pre_entry_checks,,,89.502,-1.8692,86.3672,-5.3062
2026-09-28,2026-09-28T13:43:50.128330,VKTX,RAPID_DECREASE_CANDIDATE,34.9902,-0.37,-0.373,0.003,1.209,5.2586,10,0.8,3.248332067979104,5,0.6228616102135653,0.75,0.0,40.7,66.4,55.1,10.2,40.0,57.0,0.0,34.9193,,,46.41724061938409,False,rejected_by_pre_entry_checks,,,34.74,-0.7151,34.77,-0.6293
2026-09-28,2026-09-28T13:43:50.146909,VIAV,RAPID_DECREASE_CANDIDATE,39.88,-0.573,-0.576,0.003,0.462,8.0993,10,0.6,2.8844733431844105,5,0.8360244868024191,0.8,0.0,35.6,18.8,24.0,0.0,0.0,32.1,0.0,40.2998,,,28.567708554093297,False,rejected_by_pre_entry_checks,,,39.1,-1.9559,39.055,-2.0687
2026-09-28,2026-09-28T13:43:50.165583,META,RAPID_DECREASE_CANDIDATE,720.52,-0.395,-0.398,0.003,0.936,0.093,10,0.8,2.599886317737704,5,0.6583951049863919,0.8,0.0,40.0,45.5,31.8,0.0,0.0,47.9,90.4,725.8104,40.4,XLC,40.490556039171636,False,rejected_by_pre_entry_checks,,,722.215,0.2352,718.317,-0.3058
2026-09-28,2026-09-28T13:43:50.184190,AEHR,RAPID_DECREASE_CANDIDATE,99.05,-0.885,-0.888,0.003,0.746,0.6966,10,0.6,2.2181261848106475,5,0.7943571234524781,0.75,0.0,27.8,33.6,34.7,0.0,0.0,41.5,0.0,99.6607,,,32.26802434356143,False,rejected_by_pre_entry_checks,,,98.335,-0.7219,96.52,-2.5543
2026-09-28,2026-09-28T13:43:50.201798,P,RAPID_DECREASE_CANDIDATE,127.79,-0.999,-1.002,0.003,1.061,0.6886,10,0.6,4.895076230386623,5,0.5700187605349776,0.7666666666666666,0.0,24.9,54.5,24.3,0.0,0.0,52.0,0.0,129.1158,,,35.283605243426436,False,rejected_by_pre_entry_checks,,,127.72,-0.0548,126.415,-1.076
2026-09-28,2026-09-28T13:43:50.217840,INOD,RAPID_DECREASE_CANDIDATE,68.965,-1.069,-1.072,0.003,0.865,0.609,10,0.6,1.5908036341558274,5,0.7116439698246293,0.75,0.0,23.2,40.9,37.6,0.0,0.0,45.5,0.0,69.3089,,,33.57209920594829,False,rejected_by_pre_entry_checks,,,68.88,-0.1233,68.645,-0.464
2026-09-28,2026-09-28T13:43:50.235961,QCOM,RAPID_DECREASE_CANDIDATE,187.85,-0.871,-0.874,0.003,0.934,3.6412,10,0.6,1.2410526812384155,5,0.3570545026278345,0.55,0.0,28.1,45.4,0.0,0.0,0.0,47.8,0.0,191.8828,29.1,SMH,30.735506825196506,False,rejected_by_pre_entry_checks,,,190.465,1.3921,187.71,-0.0745
2026-09-28,2026-09-28T13:43:50.255898,INTC,RAPID_DECREASE_CANDIDATE,117.8371,-0.349,-0.352,0.003,1.048,0.0255,10,0.6,1.683915415417859,5,0.7641607066296857,0.7,0.0,41.2,53.5,27.8,0.0,0.0,51.6,100.0,118.8951,42.2,SMH,42.37275384227038,False,rejected_by_pre_entry_checks,,,118.165,0.2783,117.115,-0.6128
2026-09-28,2026-09-28T13:43:53.461759,GRAL,RAPID_DECREASE_CANDIDATE,131.3833,-1.993,-1.996,0.003,1.104,4.5135,9,0.8,4.915730979976147,5,0.5465175439728505,0.7166666666666666,0.0,0.1,57.8,26.1,0.0,0.0,53.5,0.0,132.6538,,,32.09131894674919,False,rejected_by_pre_entry_checks,,,130.6739,-0.5399,129.0,-1.814
2026-09-28,2026-09-28T13:43:53.479486,MXL,RAPID_DECREASE_CANDIDATE,91.0464,-1.037,-1.04,0.003,0.725,6.2386,9,0.8,4.09451630603999,5,0.3855761162613768,0.6166666666666667,0.0,24.0,32.5,24.5,0.0,0.0,40.8,0.0,91.9862,,,30.07028446899139,False,rejected_by_pre_entry_checks,,,89.6601,-1.5226,86.3672,-5.1394
2026-09-28,2026-09-28T13:43:53.499374,VKTX,RAPID_DECREASE_CANDIDATE,34.94,-0.513,-0.516,0.003,1.161,5.2662,9,0.8,3.248332067979104,5,0.6228616102135653,0.75,0.0,37.1,62.3,51.5,3.1,0.0,55.4,0.0,34.9186,,,42.049486887251376,False,rejected_by_pre_entry_checks,,,34.775,-0.4722,34.77,-0.4865
2026-09-28,2026-09-28T13:43:53.516956,VIAV,RAPID_DECREASE_CANDIDATE,39.835,-0.686,-0.689,0.003,0.518,2.9371,9,0.6,2.8844733431844105,5,0.8360244868024191,0.8,0.0,32.8,21.5,21.3,0.0,0.0,33.9,0.0,40.2981,,,28.440772763566994,False,rejected_by_pre_entry_checks,,,38.96,-2.1966,39.055,-1.9581
2026-09-28,2026-09-28T13:43:53.536594,META,RAPID_DECREASE_CANDIDATE,720.78,-0.359,-0.362,0.003,0.948,0.2289,9,0.8,2.599886317737704,5,0.6583951049863919,0.8,0.0,41.0,46.4,32.7,0.0,0.0,48.3,60.2,725.7986,41.2,XLC,39.68680474252393,False,rejected_by_pre_entry_checks,,,721.75,0.1346,718.317,-0.3417
2026-09-28,2026-09-28T13:43:53.555093,AEHR,RAPID_DECREASE_CANDIDATE,99.05,-0.885,-0.888,0.003,0.786,13.791,9,0.6,2.2181261848106475,5,0.7943571234524781,0.75,0.0,27.8,36.0,34.8,0.0,0.0,42.9,0.0,99.656,,,32.84171502991511,False,rejected_by_pre_entry_checks,,,97.735,-1.3276,96.52,-2.5543
2026-09-28,2026-09-28T13:43:53.574665,INOD,RAPID_DECREASE_CANDIDATE,69.1216,-0.844,-0.847,0.003,0.889,0.6076,9,0.6,1.5908036341558274,5,0.7116439698246293,0.75,0.0,28.8,42.5,43.3,0.0,0.0,46.3,0.0,69.3082,,,35.576207670840446,False,rejected_by_pre_entry_checks,,,69.12,-0.0023,68.645,-0.6895
2026-09-28,2026-09-28T13:43:53.592293,QCOM,RAPID_DECREASE_CANDIDATE,187.84,-0.876,-0.879,0.003,0.946,4.211,9,0.6,1.2410526812384155,5,0.3570545026278345,0.55,0.0,28.0,46.3,0.0,0.0,0.0,48.2,0.0,191.8681,29.0,SMH,30.906140953085632,False,rejected_by_pre_entry_checks,,,189.92,1.1073,187.71,-0.0692
2026-09-28,2026-09-28T13:43:53.638824,INTC,RAPID_DECREASE_CANDIDATE,117.85,-0.338,-0.341,0.003,1.038,0.0424,9,0.6,1.683915415417859,5,0.7641607066296857,0.7,0.0,41.5,52.8,28.2,0.0,0.0,51.3,100.0,118.8877,42.5,SMH,42.30604429775796,False,rejected_by_pre_entry_checks,,,117.955,0.0891,117.115,-0.6237
2026-09-28,2026-09-28T13:43:56.844271,GRAL,RAPID_DECREASE_CANDIDATE,132.2747,-1.328,-1.331,0.003,1.076,0.8845,9,0.8,4.915730979976147,5,0.5465175439728505,0.7166666666666666,0.0,16.7,55.6,43.0,0.0,0.0,52.5,0.0,132.6475,,,36.49833742331292,False,rejected_by_pre_entry_checks,,,130.6739,-1.2102,129.0,-2.4757
2026-09-28,2026-09-28T13:43:56.863610,VKTX,RAPID_DECREASE_CANDIDATE,34.912,-0.592,-0.595,0.003,1.116,5.2704,9,0.8,3.248332067979104,5,0.6228616102135653,0.75,0.0,35.1,58.7,49.6,0.0,0.0,53.9,0.0,34.918,,,41.06802868014362,False,rejected_by_pre_entry_checks,,,34.775,-0.3924,34.77,-0.4067
2026-09-28,2026-09-28T13:43:56.882154,VIAV,RAPID_DECREASE_CANDIDATE,39.835,-0.686,-0.689,0.003,0.589,2.9371,9,0.6,2.8844733431844105,5,0.8360244868024191,0.8,0.0,32.8,25.0,21.4,0.0,0.0,36.3,0.0,40.2964,,,29.344692686687022,False,rejected_by_pre_entry_checks,,,38.96,-2.1966,39.055,-1.9581
2026-09-28,2026-09-28T13:43:56.901704,META,RAPID_DECREASE_CANDIDATE,720.815,-0.354,-0.357,0.003,0.961,0.2289,9,0.8,2.599886317737704,5,0.6583951049863919,0.8,0.0,41.1,47.2,32.9,0.0,0.0,48.7,60.2,725.7869,41.4,XLC,39.92456226767724,False,rejected_by_pre_entry_checks,,,721.75,0.1297,718.317,-0.3466
2026-09-28,2026-09-28T13:43:56.920066,AEHR,RAPID_DECREASE_CANDIDATE,99.2057,-0.729,-0.732,0.003,0.83,13.7694,9,0.6,2.2181261848106475,5,0.7943571234524781,0.75,0.0,31.7,38.7,38.8,0.0,0.0,44.3,0.0,99.6514,,,34.62929555053471,False,rejected_by_pre_entry_checks,,,97.735,-1.4825,96.52,-2.7072
2026-09-28,2026-09-28T13:43:56.937613,P,RAPID_DECREASE_CANDIDATE,127.5935,-1.152,-1.155,0.003,1.036,0.674,9,0.6,4.895076230386623,5,0.5700187605349776,0.7666666666666666,0.0,21.1,52.6,20.6,0.0,0.0,51.2,0.0,129.1137,,,33.757225153803056,False,rejected_by_pre_entry_checks,,,127.525,-0.0537,126.415,-0.9236
2026-09-28,2026-09-28T13:43:56.960822,INOD,RAPID_DECREASE_CANDIDATE,69.03,-0.975,-0.978,0.003,0.915,0.6084,9,0.6,1.5908036341558274,5,0.7116439698246293,0.75,0.0,25.6,44.1,40.0,0.0,0.0,47.2,0.0,69.3075,,,35.00637385547167,False,rejected_by_pre_entry_checks,,,69.12,0.1304,68.645,-0.5577
2026-09-28,2026-09-28T13:43:56.982433,QCOM,RAPID_DECREASE_CANDIDATE,187.475,-1.069,-1.072,0.003,0.959,4.2192,9,0.6,1.2410526812384155,5,0.3570545026278345,0.55,0.0,23.2,47.1,0.0,0.0,0.0,48.6,0.0,191.8535,24.2,SMH,30.302997410767638,False,rejected_by_pre_entry_checks,,,189.92,1.3042,187.71,0.1254
2026-09-28,2026-09-28T13:43:57.000651,INTC,RAPID_DECREASE_CANDIDATE,117.87,-0.321,-0.324,0.003,1.028,0.0594,9,0.6,1.683915415417859,5,0.7641607066296857,0.7,0.0,41.9,52.1,28.7,0.0,0.0,50.9,97.9,118.8805,42.9,SMH,42.1990963873139,False,rejected_by_pre_entry_checks,,,117.955,0.0721,117.115,-0.6405
2026-09-28,2026-09-28T13:44:00.312940,RKLB,RAPID_DECREASE_CANDIDATE,73.27,-0.469,-0.517,0.048,1.052,0.1365,12,0.6,2.1492297245915246,5,0.4558393724462264,0.65,0.0,37.1,45.2,47.4,0.0,0.0,51.7,80.8,73.3474,40.8,ARKK,41.95938867152744,False,rejected_by_pre_entry_checks,,,73.04,-0.3139,72.625,-0.8803
2026-09-28,2026-09-28T13:44:00.334016,GRAL,RAPID_DECREASE_CANDIDATE,131.381,-1.325,-1.373,0.048,0.285,0.8829,12,0.8,4.915730979976147,5,0.5465175439728505,0.7166666666666666,0.0,15.7,47.0,26.2,0.0,0.0,26.2,0.0,132.6463,,,29.488617100886685,False,rejected_by_pre_entry_checks,,,130.6739,-0.5382,128.63,-2.0939
2026-09-28,2026-09-28T13:44:00.352572,VICR,RAPID_DECREASE_CANDIDATE,281.385,-0.917,-0.965,0.048,0.545,5.7892,12,0.4,1.3557212185800078,5,0.9227008850877633,0.7708333333333334,0.0,25.9,21.1,53.1,6.2,0.0,34.8,0.0,281.0371,,,30.541830807443638,False,rejected_by_pre_entry_checks,,,279.25,-0.7587,277.46,-1.3949
2026-09-28,2026-09-28T13:44:00.384398,MXL,RAPID_DECREASE_CANDIDATE,91.36,-0.371,-0.419,0.048,0.259,6.2172,12,0.8,4.09451630603999,5,0.3855761162613768,0.6166666666666667,0.0,39.5,34.8,33.1,0.0,0.0,25.3,0.0,91.9823,,,32.17945172060775,False,rejected_by_pre_entry_checks,,,89.6601,-1.8607,86.3672,-5.465
2026-09-28,2026-09-28T13:44:00.417769,VKTX,RAPID_DECREASE_CANDIDATE,34.96,-0.342,-0.39,0.048,0.791,5.2632,12,0.8,3.248332067979104,5,0.6228616102135653,0.75,0.0,40.2,52.9,53.0,6.0,0.0,43.0,0.0,34.9182,,,39.28778785505466,False,rejected_by_pre_entry_checks,,,34.775,-0.5292,34.785,-0.5006
2026-09-28,2026-09-28T13:44:00.562917,VIAV,RAPID_DECREASE_CANDIDATE,39.81,-0.518,-0.566,0.048,1.185,8.1135,12,0.6,2.8844733431844105,5,0.8360244868024191,0.8,0.0,35.8,34.0,20.0,0.0,0.0,56.2,0.0,40.2934,,,33.65625077577887,False,rejected_by_pre_entry_checks,,,38.96,-2.1351,39.055,-1.8965
2026-09-28,2026-09-28T13:44:00.594803,META,RAPID_DECREASE_CANDIDATE,720.75,-0.695,-0.743,0.048,1.155,0.2095,12,0.8,2.599886317737704,5,0.6583951049863919,0.8,0.0,31.4,49.7,32.7,0.0,0.0,55.2,64.6,725.7701,32.9,XLC,39.6966192066315,False,rejected_by_pre_entry_checks,,,721.75,0.1387,720.52,-0.0319
2026-09-28,2026-09-28T13:44:00.613466,AEHR,RAPID_DECREASE_CANDIDATE,99.13,-0.743,-0.791,0.048,0.813,13.7799,12,0.6,2.2181261848106475,5,0.7943571234524781,0.75,0.0,30.2,41.3,37.0,0.0,0.0,43.8,0.0,99.649,,,34.51467617195268,False,rejected_by_pre_entry_checks,,,97.735,-1.4072,96.52,-2.6329
2026-09-28,2026-09-28T13:44:00.633915,PLTR,RAPID_DECREASE_CANDIDATE,188.95,-0.302,-0.35,0.048,0.613,6.4567,12,0.6,1.573986050400486,5,0.39020677611281884,0.6,0.0,41.2,43.4,60.7,21.4,40.0,37.1,0.0,188.1439,45.0,ARKK,39.48637508563416,False,rejected_by_pre_entry_checks,,,188.58,-0.1958,187.76,-0.6298
2026-09-28,2026-09-28T13:44:00.656981,P,RAPID_DECREASE_CANDIDATE,127.8,-0.784,-0.832,0.048,1.213,0.6729,12,0.6,4.895076230386623,5,0.5700187605349776,0.7666666666666666,0.0,29.2,53.4,24.6,0.0,0.0,57.1,0.0,129.1101,,,36.483421489915656,False,rejected_by_pre_entry_checks,,,127.525,-0.2152,126.415,-1.0837
2026-09-28,2026-09-28T13:44:00.682883,INOD,RAPID_DECREASE_CANDIDATE,69.03,-0.583,-0.631,0.048,0.181,0.9271,12,0.6,1.5908036341558274,5,0.7116439698246293,0.75,0.0,34.2,39.7,40.0,0.0,0.0,22.7,0.0,69.3073,,,32.654314412237404,False,rejected_by_pre_entry_checks,,,69.12,0.1304,68.645,-0.5577
2026-09-28,2026-09-28T13:44:00.700420,QCOM,RAPID_DECREASE_CANDIDATE,187.87,-0.932,-0.98,0.048,2.144,0.2555,12,0.6,1.2410526812384155,5,0.3570545026278345,0.55,0.0,25.5,58.9,0.0,0.0,0.0,88.1,54.3,191.8087,26.6,SMH,39.84146932122638,False,rejected_by_pre_entry_checks,,,189.92,1.0912,187.605,-0.1411
2026-09-28,2026-09-28T13:44:03.910576,RKLB,RAPID_DECREASE_CANDIDATE,73.288,-0.444,-0.492,0.048,1.091,0.1501,9,0.6,2.1492297245915246,5,0.4558393724462264,0.65,0.0,37.7,49.3,48.0,0.0,0.0,53.0,77.8,73.3468,41.4,ARKK,42.87015360675456,False,rejected_by_pre_entry_checks,,,73.04,-0.3384,72.625,-0.9047
2026-09-28,2026-09-28T13:44:03.927398,GRAL,RAPID_DECREASE_CANDIDATE,131.7,-1.085,-1.133,0.048,0.289,4.7456,9,0.8,4.915730979976147,5,0.5465175439728505,0.7166666666666666,0.0,21.7,39.0,32.2,0.0,0.0,26.3,0.0,132.6451,,,29.923717264124672,False,rejected_by_pre_entry_checks,,,130.6739,-0.7791,128.63,-2.3311
2026-09-28,2026-09-28T13:44:03.947740,VICR,RAPID_DECREASE_CANDIDATE,281.24,-0.968,-1.016,0.048,0.722,0.8676,9,0.4,1.3557212185800078,5,0.9227008850877633,0.7708333333333334,0.0,24.6,30.2,51.8,3.6,0.0,40.7,0.0,281.0368,,,32.744930405132806,False,rejected_by_pre_entry_checks,,,279.25,-0.7076,277.46,-1.344
2026-09-28,2026-09-28T13:44:03.963496,VIAV,RAPID_DECREASE_CANDIDATE,39.76,-0.643,-0.691,0.048,1.36,3.1187,9,0.6,2.8844733431844105,5,0.8360244868024191,0.8,0.0,32.7,47.3,17.1,0.0,0.0,62.0,0.0,40.2904,,,35.72752311736841,False,rejected_by_pre_entry_checks,,,38.96,-2.0121,39.055,-1.7731
2026-09-28,2026-09-28T13:44:03.980852,META,RAPID_DECREASE_CANDIDATE,720.9993,-0.66,-0.708,0.048,1.16,0.1165,9,0.8,2.599886317737704,5,0.6583951049863919,0.8,0.0,32.3,52.3,33.6,0.0,0.0,55.3,85.2,725.7534,33.7,XLC,41.26794573510681,False,rejected_by_pre_entry_checks,,,721.75,0.1041,720.52,-0.0665
2026-09-28,2026-09-28T13:44:04.002467,PLTR,RAPID_DECREASE_CANDIDATE,188.85,-0.355,-0.403,0.048,0.642,6.4602,9,0.6,1.573986050400486,5,0.39020677611281884,0.6,0.0,39.9,42.2,59.4,18.7,40.0,38.1,0.0,188.1457,43.6,ARKK,39.35963449907204,False,rejected_by_pre_entry_checks,,,188.58,-0.143,187.76,-0.5772
2026-09-28,2026-09-28T13:44:04.021166,P,RAPID_DECREASE_CANDIDATE,127.192,-1.256,-1.304,0.048,1.188,0.3223,9,0.6,4.895076230386623,5,0.5700187605349776,0.7666666666666666,0.0,17.4,54.2,12.9,0.0,0.0,56.3,39.5,129.1065,,,34.724817450031665,False,rejected_by_pre_entry_checks,,,127.525,0.2618,126.415,-0.6109
2026-09-28,2026-09-28T13:44:04.040132,INOD,RAPID_DECREASE_CANDIDATE,68.65,-1.131,-1.179,0.048,0.194,14.9017,9,0.6,1.5908036341558274,5,0.7116439698246293,0.75,0.0,20.5,34.9,26.3,0.0,0.0,23.1,0.0,69.3072,,,27.909222175289013,False,rejected_by_pre_entry_checks,,,69.12,0.6846,68.645,-0.0073
2026-09-28,2026-09-28T13:44:04.059059,QCOM,RAPID_DECREASE_CANDIDATE,187.445,-1.156,-1.204,0.048,2.044,3.4303,9,0.6,1.2410526812384155,5,0.3570545026278345,0.55,0.0,19.9,71.1,0.0,0.0,0.0,84.8,0.0,191.765,21.0,SMH,38.258702761212426,False,rejected_by_pre_entry_checks,,,189.92,1.3204,187.605,0.0854
2026-09-28,2026-09-28T13:44:07.281549,RKLB,RAPID_DECREASE_CANDIDATE,73.3,-0.428,-0.476,0.048,1.133,0.1364,13,0.6,2.1492297245915246,5,0.4558393724462264,0.65,0.0,38.1,54.0,48.4,0.0,0.0,54.4,80.8,73.3462,41.8,ARKK,44.07755371745039,False,rejected_by_pre_entry_checks,,,73.04,-0.3547,72.625,-0.9209
2026-09-28,2026-09-28T13:44:07.300688,GRAL,RAPID_DECREASE_CANDIDATE,131.685,-1.097,-1.145,0.048,0.294,0.8657,13,0.8,4.915730979976147,5,0.5465175439728505,0.7166666666666666,0.0,21.4,31.5,31.9,0.0,0.0,26.5,0.0,132.6439,,,28.616298219390142,False,rejected_by_pre_entry_checks,,,130.6739,-0.7678,128.63,-2.3199
2026-09-28,2026-09-28T13:44:07.319549,VICR,RAPID_DECREASE_CANDIDATE,281.24,-0.968,-1.016,0.048,1.07,0.8676,13,0.4,1.3557212185800078,5,0.9227008850877633,0.7708333333333334,0.0,24.6,52.1,51.8,3.6,0.0,52.3,0.0,281.0366,,,37.84429419575595,False,rejected_by_pre_entry_checks,,,279.25,-0.7076,277.46,-1.344
2026-09-28,2026-09-28T13:44:07.336409,MXL,RAPID_DECREASE_CANDIDATE,91.365,-0.365,-0.413,0.048,0.334,6.2168,13,0.8,4.09451630603999,5,0.3855761162613768,0.6166666666666667,0.0,39.7,32.5,33.3,0.0,0.0,27.8,0.0,91.9806,,,32.15893818323553,False,rejected_by_pre_entry_checks,,,89.6601,-1.866,86.3672,-5.4701
2026-09-28,2026-09-28T13:44:07.354327,VKTX,RAPID_DECREASE_CANDIDATE,34.95,-0.371,-0.419,0.048,0.757,5.0358,13,0.8,3.248332067979104,5,0.6228616102135653,0.75,0.0,39.5,43.1,52.3,4.5,0.0,41.9,0.0,34.9186,,,37.48426790661509,False,rejected_by_pre_entry_checks,,,34.775,-0.5007,34.785,-0.4721
2026-09-28,2026-09-28T13:44:07.372678,VIAV,RAPID_DECREASE_CANDIDATE,39.74,-0.693,-0.741,0.048,1.596,3.1203,13,0.6,2.8844733431844105,5,0.8360244868024191,0.8,0.0,31.5,69.6,16.0,0.0,0.0,69.9,0.0,40.2874,,,40.078459377920936,False,rejected_by_pre_entry_checks,,,38.96,-1.9628,39.055,-1.7237
2026-09-28,2026-09-28T13:44:07.389369,META,RAPID_DECREASE_CANDIDATE,721.41,-0.604,-0.652,0.048,1.164,0.2273,13,0.8,2.599886317737704,5,0.6583951049863919,0.8,0.0,33.7,55.0,35.1,0.0,0.0,55.5,60.6,725.7369,35.1,XLC,41.12179054299048,False,rejected_by_pre_entry_checks,,,721.75,0.0471,720.52,-0.1234
2026-09-28,2026-09-28T13:44:07.430718,AEHR,RAPID_DECREASE_CANDIDATE,98.5901,-1.284,-1.332,0.048,0.931,0.8216,13,0.6,2.2181261848106475,5,0.7943571234524781,0.75,0.0,16.7,48.0,23.6,0.0,0.0,47.7,0.0,99.6442,,,32.18956516601469,False,rejected_by_pre_entry_checks,,,97.735,-0.8673,96.52,-2.0997
2026-09-28,2026-09-28T13:44:07.451846,PLTR,RAPID_DECREASE_CANDIDATE,188.61,-0.481,-0.529,0.048,0.674,6.4684,13,0.6,1.573986050400486,5,0.39020677611281884,0.6,0.0,36.8,40.9,56.1,12.3,40.0,39.1,0.0,188.1475,40.5,ARKK,39.15748867724274,False,rejected_by_pre_entry_checks,,,188.58,-0.0159,187.76,-0.4507
2026-09-28,2026-09-28T13:44:07.468864,P,RAPID_DECREASE_CANDIDATE,127.315,-1.161,-1.209,0.048,1.163,0.322,13,0.6,4.895076230386623,5,0.5700187605349776,0.7666666666666666,0.0,19.8,54.9,15.4,0.0,0.0,55.4,39.6,129.1029,,,35.45113472093837,False,rejected_by_pre_entry_checks,,,127.525,0.1649,126.415,-0.7069
2026-09-28,2026-09-28T13:44:07.487556,INOD,RAPID_DECREASE_CANDIDATE,68.53,-1.303,-1.351,0.048,0.21,0.9339,13,0.6,1.5908036341558274,5,0.7116439698246293,0.75,0.0,16.2,29.6,22.0,0.0,0.0,23.7,0.0,69.307,,,25.84423618392677,False,rejected_by_pre_entry_checks,,,69.12,0.8609,68.645,0.1678
2026-09-28,2026-09-28T13:44:07.504370,QCOM,RAPID_DECREASE_CANDIDATE,187.1229,-1.326,-1.374,0.048,1.954,4.2272,13,0.6,1.2410526812384155,5,0.3570545026278345,0.55,0.0,15.6,83.7,0.0,0.0,0.0,81.8,0.0,191.7223,16.7,SMH,39.28855342671101,False,rejected_by_pre_entry_checks,,,189.92,1.4948,187.605,0.2576
2026-09-28,2026-09-28T13:44:07.522095,INTC,RAPID_DECREASE_CANDIDATE,117.715,-0.38,-0.428,0.048,0.92,0.0255,13,0.6,1.683915415417859,5,0.7641607066296857,0.7,0.0,39.3,47.7,25.9,0.0,0.0,47.3,100.0,118.8618,40.4,SMH,40.315636753513004,False,rejected_by_pre_entry_checks,,,117.955,0.2039,117.115,-0.5097
2026-09-28,2026-09-28T13:44:10.700066,RKLB,RAPID_DECREASE_CANDIDATE,73.16,-0.618,-0.666,0.048,1.125,0.287,13,0.6,2.1492297245915246,5,0.4558393724462264,0.65,0.0,33.3,55.4,43.7,0.0,0.0,54.2,47.3,73.3456,37.0,ARKK,41.48749969841848,False,rejected_by_pre_entry_checks,,,73.04,-0.164,72.625,-0.7313
2026-09-28,2026-09-28T13:44:10.719022,GRAL,RAPID_DECREASE_CANDIDATE,131.87,-0.958,-1.006,0.048,0.306,0.6749,13,0.8,4.915730979976147,5,0.5465175439728505,0.7166666666666666,0.0,24.9,25.4,35.4,0.0,0.0,26.9,0.0,132.6427,,,28.657821190784716,False,rejected_by_pre_entry_checks,,,130.6739,-0.907,128.63,-2.457
2026-09-28,2026-09-28T13:44:10.735044,VICR,RAPID_DECREASE_CANDIDATE,281.24,-0.968,-1.016,0.048,1.065,0.8676,13,0.4,1.3557212185800078,5,0.9227008850877633,0.7708333333333334,0.0,24.6,52.8,51.8,3.6,0.0,52.2,0.0,281.0363,,,37.93834108243603,False,rejected_by_pre_entry_checks,,,279.25,-0.7076,277.46,-1.344
2026-09-28,2026-09-28T13:44:10.755995,MXL,RAPID_DECREASE_CANDIDATE,91.328,-0.406,-0.454,0.048,0.348,6.2193,13,0.8,4.09451630603999,5,0.3855761162613768,0.6166666666666667,0.0,38.6,26.6,32.3,0.0,0.0,28.3,0.0,91.9797,,,30.950135311144464,False,rejected_by_pre_entry_checks,,,89.6601,-1.8263,86.3672,-5.4319
2026-09-28,2026-09-28T13:44:10.786460,VKTX,RAPID_DECREASE_CANDIDATE,34.89,-0.542,-0.59,0.048,0.768,5.0444,13,0.8,3.248332067979104,5,0.6228616102135653,0.75,0.0,35.2,40.9,47.9,0.0,0.0,42.3,0.0,34.9188,,,36.46048707216035,False,rejected_by_pre_entry_checks,,,34.775,-0.3296,34.785,-0.3009
2026-09-28,2026-09-28T13:44:10.802070,VIAV,RAPID_DECREASE_CANDIDATE,39.74,-0.693,-0.741,0.048,1.542,3.1203,13,0.6,2.8844733431844105,5,0.8360244868024191,0.8,0.0,31.5,76.1,16.2,0.0,0.0,68.1,0.0,40.2845,,,40.96319985837308,False,rejected_by_pre_entry_checks,,,38.96,-1.9628,39.055,-1.7237
2026-09-28,2026-09-28T13:44:10.818264,META,RAPID_DECREASE_CANDIDATE,721.23,-0.629,-0.677,0.048,1.153,0.2163,13,0.8,2.599886317737704,5,0.6583951049863919,0.8,0.0,33.1,56.6,34.5,0.0,0.0,55.1,63.0,725.7205,34.5,XLC,41.278698229103284,False,rejected_by_pre_entry_checks,,,721.75,0.0721,720.52,-0.0984
2026-09-28,2026-09-28T13:44:10.835856,AEHR,RAPID_DECREASE_CANDIDATE,98.98,-0.893,-0.941,0.048,0.935,0.8183,13,0.6,2.2181261848106475,5,0.7943571234524781,0.75,0.0,26.5,47.3,33.4,0.0,0.0,47.8,0.0,99.6418,,,34.95427254042199,False,rejected_by_pre_entry_checks,,,97.735,-1.2578,96.52,-2.4854
2026-09-28,2026-09-28T13:44:10.852261,PLTR,RAPID_DECREASE_CANDIDATE,188.72,-0.423,-0.471,0.048,0.687,9.6174,13,0.6,1.573986050400486,5,0.39020677611281884,0.6,0.0,38.2,37.9,57.6,15.2,40.0,39.6,0.0,188.1493,41.9,ARKK,38.76965801919286,False,rejected_by_pre_entry_checks,,,188.58,-0.0742,187.76,-0.5087
2026-09-28,2026-09-28T13:44:10.870807,P,RAPID_DECREASE_CANDIDATE,127.4,-1.095,-1.143,0.048,1.152,4.1444,13,0.6,4.895076230386623,5,0.5700187605349776,0.7666666666666666,0.0,21.4,56.6,17.1,0.0,0.0,55.1,0.0,129.0993,,,34.52051366006784,False,rejected_by_pre_entry_checks,,,127.525,0.0981,126.415,-0.7732
2026-09-28,2026-09-28T13:44:10.889990,INOD,RAPID_DECREASE_CANDIDATE,68.6899,-1.073,-1.121,0.048,0.22,0.9317,13,0.6,1.5908036341558274,5,0.7116439698246293,0.75,0.0,22.0,22.8,27.7,0.0,0.0,24.0,0.0,69.3069,,,26.43317160966549,False,rejected_by_pre_entry_checks,,,69.12,0.6261,68.645,-0.0654
2026-09-28,2026-09-28T13:44:10.907503,QCOM,RAPID_DECREASE_CANDIDATE,187.12,-1.327,-1.375,0.048,1.85,4.2272,13,0.6,1.2410526812384155,5,0.3570545026278345,0.55,0.0,15.6,95.0,0.0,0.0,0.0,78.3,0.0,191.6806,16.7,SMH,40.72501568005912,False,rejected_by_pre_entry_checks,,,189.92,1.4964,187.605,0.2592
2026-09-28,2026-09-28T13:44:10.922100,INTC,RAPID_DECREASE_CANDIDATE,117.555,-0.516,-0.564,0.048,0.924,0.0595,13,0.6,1.683915415417859,5,0.7641607066296857,0.7,0.0,35.9,46.9,22.6,0.0,0.0,47.5,97.9,118.8557,37.0,SMH,39.14417324380276,False,rejected_by_pre_entry_checks,,,117.955,0.3403,117.115,-0.3743
2026-09-28,2026-09-28T13:44:14.115675,RKLB,RAPID_DECREASE_CANDIDATE,73.09,-0.713,-0.761,0.048,1.116,0.1095,14,0.6,2.1492297245915246,5,0.4558393724462264,0.65,0.0,31.0,56.7,41.3,0.0,0.0,53.9,86.8,73.345,34.7,ARKK,42.62528457299233,False,rejected_by_pre_entry_checks,,,73.04,-0.0684,72.625,-0.6362
2026-09-28,2026-09-28T13:44:14.132104,GRAL,RAPID_DECREASE_CANDIDATE,131.815,-0.999,-1.047,0.048,0.32,0.6752,14,0.8,4.915730979976147,5,0.5465175439728505,0.7166666666666666,0.0,23.8,19.2,34.4,0.0,0.0,27.3,0.0,132.6415,,,27.392241700413106,False,rejected_by_pre_entry_checks,,,130.6739,-0.8657,128.63,-2.4163
2026-09-28,2026-09-28T13:44:14.147869,VICR,RAPID_DECREASE_CANDIDATE,280.18,-1.342,-1.39,0.048,1.061,1.1635,14,0.4,1.3557212185800078,5,0.9227008850877633,0.7708333333333334,0.0,15.2,53.5,42.4,0.0,0.0,52.0,0.0,281.0361,,,35.753085991468545,False,rejected_by_pre_entry_checks,,,279.25,-0.3319,277.46,-0.9708
2026-09-28,2026-09-28T13:44:14.162687,MXL,RAPID_DECREASE_CANDIDATE,91.1918,-0.554,-0.602,0.048,0.363,6.2286,14,0.8,4.09451630603999,5,0.3855761162613768,0.6166666666666667,0.0,34.9,20.8,28.6,0.0,0.0,28.8,0.0,91.9788,,,28.96262247153509,False,rejected_by_pre_entry_checks,,,89.6601,-1.6796,86.3672,-5.2906
2026-09-28,2026-09-28T13:44:14.179235,VKTX,RAPID_DECREASE_CANDIDATE,34.84,-0.684,-0.732,0.048,0.779,5.0517,14,0.8,3.248332067979104,5,0.6228616102135653,0.75,0.0,31.7,38.6,44.3,0.0,0.0,42.6,0.0,34.919,,,35.08452645859658,False,rejected_by_pre_entry_checks,,,34.775,-0.1866,34.785,-0.1579
2026-09-28,2026-09-28T13:44:14.198908,VIAV,RAPID_DECREASE_CANDIDATE,39.73,-0.718,-0.766,0.048,1.491,3.1211,14,0.6,2.8844733431844105,5,0.8360244868024191,0.8,0.0,30.9,82.6,15.8,0.0,0.0,66.4,0.0,40.2816,,,41.67840504492064,False,rejected_by_pre_entry_checks,,,38.96,-1.9381,39.055,-1.699
2026-09-28,2026-09-28T13:44:14.216656,META,RAPID_DECREASE_CANDIDATE,722.015,-0.52,-0.568,0.048,1.142,0.3809,14,0.8,2.599886317737704,5,0.6583951049863919,0.8,0.0,35.8,58.3,37.3,0.0,0.0,54.7,26.5,725.7042,37.2,XLC,40.78350246489679,False,rejected_by_pre_entry_checks,,,721.75,-0.0367,720.52,-0.2071
2026-09-28,2026-09-28T13:44:14.236533,AEHR,RAPID_DECREASE_CANDIDATE,98.9993,-0.874,-0.922,0.048,0.939,15.6264,14,0.6,2.2181261848106475,5,0.7943571234524781,0.75,0.0,26.9,46.7,33.9,0.0,0.0,48.0,0.0,99.6395,,,35.00666864987714,False,rejected_by_pre_entry_checks,,,97.735,-1.2771,96.52,-2.5044
2026-09-28,2026-09-28T13:44:14.254028,COIN,RAPID_DECREASE_CANDIDATE,196.6817,-0.379,-0.427,0.048,0.668,3.915,14,0.8,1.9167903330068232,5,0.47078566095030905,0.65,0.0,39.3,33.4,56.9,13.8,40.0,38.9,0.0,196.1405,39.0,WGMI,38.206498020079145,False,rejected_by_pre_entry_checks,,,195.676,-0.5113,195.055,-0.8271
2026-09-28,2026-09-28T13:44:14.271306,PLTR,RAPID_DECREASE_CANDIDATE,188.54,-0.518,-0.566,0.048,0.701,9.6266,14,0.6,1.573986050400486,5,0.39020677611281884,0.6,0.0,35.8,34.9,55.2,10.3,40.0,40.0,0.0,188.1511,39.5,ARKK,38.23014476476147,False,rejected_by_pre_entry_checks,,,188.58,0.0212,187.76,-0.4137
2026-09-28,2026-09-28T13:44:14.287555,P,RAPID_DECREASE_CANDIDATE,127.4,-1.095,-1.143,0.048,1.141,4.1209,14,0.6,4.895076230386623,5,0.5700187605349776,0.7666666666666666,0.0,21.4,58.2,17.2,0.0,0.0,54.7,0.0,129.0958,,,34.75724016746364,False,rejected_by_pre_entry_checks,,,127.525,0.0981,126.415,-0.7732
2026-09-28,2026-09-28T13:44:14.304590,INOD,RAPID_DECREASE_CANDIDATE,68.495,-1.354,-1.402,0.048,0.232,14.9792,14,0.6,1.5908036341558274,5,0.7116439698246293,0.75,0.0,14.9,16.0,20.7,0.0,0.0,24.4,0.0,69.3067,,,23.301503155087975,False,rejected_by_pre_entry_checks,,,69.12,0.9125,68.645,0.219
2026-09-28,2026-09-28T13:44:14.321207,QCOM,RAPID_DECREASE_CANDIDATE,187.0,-1.391,-1.439,0.048,1.757,4.2299,14,0.6,1.2410526812384155,5,0.3570545026278345,0.55,0.0,14.0,100.0,0.0,0.0,0.0,75.2,0.0,191.6398,15.1,SMH,40.90833333333333,False,rejected_by_pre_entry_checks,,,189.92,1.5615,187.605,0.3235
2026-09-28,2026-09-28T13:44:14.342011,INTC,RAPID_DECREASE_CANDIDATE,117.572,-0.501,-0.549,0.048,0.929,0.068,14,0.6,1.683915415417859,5,0.7641607066296857,0.7,0.0,36.3,46.1,23.1,0.0,0.0,47.6,96.0,118.8496,37.4,SMH,39.08046639740488,False,rejected_by_pre_entry_checks,,,117.955,0.3258,117.115,-0.3887
2026-09-28,2026-09-28T13:44:17.537688,RKLB,RAPID_DECREASE_CANDIDATE,73.09,-0.713,-0.761,0.048,1.107,0.1368,13,0.6,2.1492297245915246,5,0.4558393724462264,0.65,0.0,31.0,58.0,41.3,0.0,0.0,53.6,80.7,73.3444,34.7,ARKK,42.56082341652817,False,rejected_by_pre_entry_checks,,,73.04,-0.0684,72.625,-0.6362
2026-09-28,2026-09-28T13:44:17.554766,GRAL,RAPID_DECREASE_CANDIDATE,131.8,-1.01,-1.058,0.048,0.335,0.6753,13,0.8,4.915730979976147,5,0.5465175439728505,0.7166666666666666,0.0,23.5,13.1,34.2,0.0,0.0,27.8,0.0,132.6403,,,26.350056728121512,False,rejected_by_pre_entry_checks,,,130.6739,-0.8544,128.63,-2.4052
2026-09-28,2026-09-28T13:44:17.592678,VICR,RAPID_DECREASE_CANDIDATE,280.78,-1.13,-1.178,0.048,1.057,0.9438,13,0.4,1.3557212185800078,5,0.9227008850877633,0.7708333333333334,0.0,20.6,54.1,47.7,0.0,0.0,51.9,0.0,281.0358,,,37.4023742792554,False,rejected_by_pre_entry_checks,,,279.25,-0.5449,277.46,-1.1824
2026-09-28,2026-09-28T13:44:17.612863,VKTX,RAPID_DECREASE_CANDIDATE,34.855,-0.641,-0.689,0.048,0.791,5.0495,13,0.8,3.248332067979104,5,0.6228616102135653,0.75,0.0,32.8,36.3,45.4,0.0,0.0,43.0,0.0,34.9192,,,35.06529543156819,False,rejected_by_pre_entry_checks,,,34.775,-0.2295,34.785,-0.2008
2026-09-28,2026-09-28T13:44:17.629487,VIAV,RAPID_DECREASE_CANDIDATE,39.7,-0.793,-0.841,0.048,1.444,8.136,13,0.6,2.8844733431844105,5,0.8360244868024191,0.8,0.0,29.0,89.1,14.1,0.0,0.0,64.8,0.0,40.2788,,,42.0464798248132,False,rejected_by_pre_entry_checks,,,38.96,-1.864,39.055,-1.6247
2026-09-28,2026-09-28T13:44:17.646869,META,RAPID_DECREASE_CANDIDATE,722.005,-0.522,-0.57,0.048,1.131,0.3809,13,0.8,2.599886317737704,5,0.6583951049863919,0.8,0.0,35.8,59.9,37.3,0.0,0.0,54.4,26.5,725.688,37.2,XLC,41.00749685365244,False,rejected_by_pre_entry_checks,,,721.75,-0.0353,720.52,-0.2057
2026-09-28,2026-09-28T13:44:17.664426,AEHR,RAPID_DECREASE_CANDIDATE,98.59,-1.284,-1.332,0.048,0.943,15.6912,13,0.6,2.2181261848106475,5,0.7943571234524781,0.75,0.0,16.7,46.0,23.7,0.0,0.0,48.1,0.0,99.6372,,,31.927261966791658,False,rejected_by_pre_entry_checks,,,97.735,-0.8672,96.52,-2.0996
2026-09-28,2026-09-28T13:44:17.679115,COIN,RAPID_DECREASE_CANDIDATE,196.7373,-0.351,-0.399,0.048,0.683,3.9138,13,0.8,1.9167903330068232,5,0.47078566095030905,0.65,0.0,40.0,30.1,57.6,15.1,40.0,39.4,0.0,196.1447,39.7,WGMI,37.75000241438535,False,rejected_by_pre_entry_checks,,,195.676,-0.5395,195.055,-0.8551
2026-09-28,2026-09-28T13:44:17.700822,PLTR,RAPID_DECREASE_CANDIDATE,188.392,-0.596,-0.644,0.048,0.715,9.6342,13,0.6,1.573986050400486,5,0.39020677611281884,0.6,0.0,33.9,31.9,53.2,6.4,40.0,40.5,0.0,188.1528,37.6,ARKK,37.70829742662298,False,rejected_by_pre_entry_checks,,,188.58,0.0998,187.76,-0.3355
2026-09-28,2026-09-28T13:44:17.716546,P,RAPID_DECREASE_CANDIDATE,127.335,-1.145,-1.193,0.048,1.13,0.5183,13,0.6,4.895076230386623,5,0.5700187605349776,0.7666666666666666,0.0,20.2,59.9,16.0,0.0,0.0,54.3,0.0,129.0923,,,34.6282313274532,False,rejected_by_pre_entry_checks,,,127.525,0.1492,126.415,-0.7225
2026-09-28,2026-09-28T13:44:17.735049,INOD,RAPID_DECREASE_CANDIDATE,68.53,-1.303,-1.351,0.048,0.244,14.4316,13,0.6,1.5908036341558274,5,0.7116439698246293,0.75,0.0,16.2,9.2,22.0,0.0,0.0,24.8,0.0,69.3066,,,22.58977177260126,False,rejected_by_pre_entry_checks,,,69.12,0.8609,68.645,0.1678
2026-09-28,2026-09-28T13:44:17.753056,QCOM,RAPID_DECREASE_CANDIDATE,187.17,-1.301,-1.349,0.048,1.672,1.1701,13,0.6,1.2410526812384155,5,0.3570545026278345,0.55,0.0,16.3,100.0,0.0,0.0,0.0,72.4,0.0,191.5999,17.4,SMH,40.92916666666665,False,rejected_by_pre_entry_checks,,,189.92,1.4693,187.605,0.2324
2026-09-28,2026-09-28T13:44:17.770883,INTC,RAPID_DECREASE_CANDIDATE,117.614,-0.466,-0.514,0.048,0.933,0.034,13,0.6,1.683915415417859,5,0.7641607066296857,0.7,0.0,37.1,45.4,24.1,0.0,0.0,47.8,100.0,118.8437,38.2,SMH,39.406850137399815,False,rejected_by_pre_entry_checks,,,117.955,0.2899,117.115,-0.4243
2026-09-28,2026-09-28T13:44:20.955525,RKLB,RAPID_DECREASE_CANDIDATE,73.075,-0.734,-0.782,0.048,1.099,0.1505,14,0.6,2.1492297245915246,5,0.4558393724462264,0.65,0.0,30.4,57.4,40.8,0.0,0.0,53.3,77.7,73.3439,34.1,ARKK,42.14176165043229,False,rejected_by_pre_entry_checks,,,73.04,-0.0479,72.625,-0.6158
2026-09-28,2026-09-28T13:44:20.973866,GRAL,RAPID_DECREASE_CANDIDATE,131.815,-0.999,-1.047,0.048,0.352,0.6752,14,0.8,4.915730979976147,5,0.5465175439728505,0.7166666666666666,0.0,23.8,13.8,34.5,0.0,0.0,28.4,0.0,132.6391,,,26.626046782272606,False,rejected_by_pre_entry_checks,,,130.6739,-0.8657,128.63,-2.4163
2026-09-28,2026-09-28T13:44:20.990374,VICR,RAPID_DECREASE_CANDIDATE,280.84,-1.109,-1.157,0.048,1.052,0.9436,14,0.4,1.3557212185800078,5,0.9227008850877633,0.7708333333333334,0.0,21.1,53.8,48.3,0.0,0.0,51.7,0.0,281.0356,,,37.48290592617869,False,rejected_by_pre_entry_checks,,,279.25,-0.5662,277.46,-1.2035
2026-09-28,2026-09-28T13:44:21.008167,MXL,RAPID_DECREASE_CANDIDATE,90.925,-0.845,-0.893,0.048,0.396,20.0715,14,0.8,4.09451630603999,5,0.3855761162613768,0.6166666666666667,0.0,27.7,15.7,21.4,0.0,0.0,29.9,0.0,91.9771,,,26.144774852566503,False,rejected_by_pre_entry_checks,,,89.6601,-1.3911,86.3672,-5.0127
2026-09-28,2026-09-28T13:44:21.036880,VKTX,RAPID_DECREASE_CANDIDATE,34.86,-0.627,-0.675,0.048,0.803,5.0488,14,0.8,3.248332067979104,5,0.6228616102135653,0.75,0.0,33.1,37.0,45.8,0.0,0.0,43.4,0.0,34.9193,,,35.33754101412984,False,rejected_by_pre_entry_checks,,,34.775,-0.2438,34.785,-0.2151
2026-09-28,2026-09-28T13:44:21.116751,VIAV,RAPID_DECREASE_CANDIDATE,39.7001,-0.793,-0.841,0.048,1.399,8.136,14,0.6,2.8844733431844105,5,0.8360244868024191,0.8,0.0,29.0,84.4,14.3,0.0,0.0,63.3,0.0,40.276,,,41.09433798090652,False,rejected_by_pre_entry_checks,,,38.96,-1.8642,39.055,-1.6249
2026-09-28,2026-09-28T13:44:21.138434,META,RAPID_DECREASE_CANDIDATE,721.9266,-0.533,-0.581,0.048,1.121,0.2161,14,0.8,2.599886317737704,5,0.6583951049863919,0.8,0.0,35.5,59.1,37.1,0.0,0.0,54.0,63.1,725.6719,36.9,XLC,42.279505966790715,False,rejected_by_pre_entry_checks,,,721.75,-0.0245,720.52,-0.1948
2026-09-28,2026-09-28T13:44:21.155816,AEHR,RAPID_DECREASE_CANDIDATE,98.8,-1.073,-1.121,0.048,0.946,15.6579,14,0.6,2.2181261848106475,5,0.7943571234524781,0.75,0.0,22.0,46.3,29.1,0.0,0.0,48.2,0.0,99.6348,,,33.52887213934564,False,rejected_by_pre_entry_checks,,,97.735,-1.0779,96.52,-2.3077
2026-09-28,2026-09-28T13:44:21.172466,COIN,RAPID_DECREASE_CANDIDATE,196.7154,-0.362,-0.41,0.048,0.699,0.671,14,0.8,1.9167903330068232,5,0.47078566095030905,0.65,0.0,39.8,30.9,57.2,14.4,40.0,40.0,0.0,196.1488,39.4,WGMI,37.959211306371614,False,rejected_by_pre_entry_checks,,,195.676,-0.5284,195.055,-0.8441
2026-09-28,2026-09-28T13:44:21.190305,PLTR,RAPID_DECREASE_CANDIDATE,188.235,-0.679,-0.727,0.048,0.73,9.6422,14,0.6,1.573986050400486,5,0.39020677611281884,0.6,0.0,31.8,32.7,51.1,2.1,0.0,41.0,0.0,188.1546,35.5,ARKK,34.4965881378476,False,rejected_by_pre_entry_checks,,,188.58,0.1833,187.76,-0.2523
2026-09-28,2026-09-28T13:44:21.208536,P,RAPID_DECREASE_CANDIDATE,128.2382,-0.444,-0.492,0.048,1.12,0.5147,14,0.6,4.895076230386623,5,0.5700187605349776,0.7666666666666666,0.0,37.7,59.0,33.5,0.0,0.0,54.0,0.0,129.0888,,,39.56352594701286,False,rejected_by_pre_entry_checks,,,127.525,-0.5562,126.415,-1.4217
2026-09-28,2026-09-28T13:44:21.247896,INOD,RAPID_DECREASE_CANDIDATE,68.6,-1.203,-1.251,0.048,0.258,0.9038,14,0.6,1.5908036341558274,5,0.7116439698246293,0.75,0.0,18.7,9.8,24.5,0.0,0.0,25.3,0.0,69.3064,,,23.476142013214226,False,rejected_by_pre_entry_checks,,,69.12,0.758,68.645,0.0656
2026-09-28,2026-09-28T13:44:21.264934,QCOM,RAPID_DECREASE_CANDIDATE,187.115,-1.33,-1.378,0.048,1.596,0.6093,14,0.6,1.2410526812384155,5,0.3570545026278345,0.55,0.0,15.5,100.0,0.0,0.0,0.0,69.9,0.0,191.5609,16.6,SMH,40.49166666666666,False,rejected_by_pre_entry_checks,,,189.92,1.4991,187.605,0.2619
2026-09-28,2026-09-28T13:44:21.286603,INTC,RAPID_DECREASE_CANDIDATE,117.4928,-0.568,-0.616,0.048,0.938,0.0426,14,0.6,1.683915415417859,5,0.7641607066296857,0.7,0.0,34.6,45.7,21.7,0.0,0.0,47.9,100.0,118.8378,35.7,SMH,38.749638550212644,False,rejected_by_pre_entry_checks,,,117.955,0.3934,117.115,-0.3216
2026-09-28,2026-09-28T13:44:24.489793,RKLB,RAPID_DECREASE_CANDIDATE,73.066,-0.746,-0.794,0.048,1.091,0.1095,14,0.6,2.1492297245915246,5,0.4558393724462264,0.65,0.0,30.1,56.7,40.5,0.0,0.0,53.0,86.8,73.3433,33.8,ARKK,42.29468517056035,False,rejected_by_pre_entry_checks,,,73.04,-0.0356,72.625,-0.6036
2026-09-28,2026-09-28T13:44:24.508104,GRAL,RAPID_DECREASE_CANDIDATE,131.82,-0.995,-1.043,0.048,0.371,0.66,14,0.8,4.915730979976147,5,0.5465175439728505,0.7166666666666666,0.0,23.9,14.6,34.6,0.0,0.0,29.0,0.0,132.638,,,26.87194158277724,False,rejected_by_pre_entry_checks,,,130.6739,-0.8694,128.63,-2.42
2026-09-28,2026-09-28T13:44:24.528530,VICR,RAPID_DECREASE_CANDIDATE,280.39,-1.268,-1.316,0.048,1.048,6.0844,14,0.4,1.3557212185800078,5,0.9227008850877633,0.7708333333333334,0.0,17.1,53.5,44.3,0.0,0.0,51.6,0.0,281.0353,,,36.2511259873587,False,rejected_by_pre_entry_checks,,,279.25,-0.4066,277.46,-1.045
2026-09-28,2026-09-28T13:44:24.596901,MXL,RAPID_DECREASE_CANDIDATE,91.0293,-0.731,-0.779,0.048,0.416,5.8992,14,0.8,4.09451630603999,5,0.3855761162613768,0.6166666666666667,0.0,30.5,16.6,24.3,0.0,0.0,30.5,0.0,91.9763,,,27.206323572455137,False,rejected_by_pre_entry_checks,,,89.6601,-1.5041,86.3672,-5.1215
2026-09-28,2026-09-28T13:44:24.689613,TWST,RAPID_DECREASE_CANDIDATE,183.92,-0.309,-0.357,0.048,0.485,14.2779,14,0.8,2.5386757223673873,5,0.8627782041442819,0.9,0.0,41.1,19.9,59.1,18.2,40.0,32.8,0.0,183.2546,,,35.20995103187677,False,rejected_by_pre_entry_checks,,,187.24,1.8051,180.16,-2.0444
2026-09-28,2026-09-28T13:44:24.705439,VIAV,RAPID_DECREASE_CANDIDATE,39.67,-0.868,-0.916,0.048,1.358,8.1422,14,0.6,2.8844733431844105,5,0.8360244868024191,0.8,0.0,27.1,80.2,12.6,0.0,0.0,61.9,0.0,40.2732,,,39.690909879078845,False,rejected_by_pre_entry_checks,,,38.96,-1.7898,39.055,-1.5503
2026-09-28,2026-09-28T13:44:24.724033,META,RAPID_DECREASE_CANDIDATE,722.43,-0.463,-0.511,0.048,1.11,0.101,14,0.8,2.599886317737704,5,0.6583951049863919,0.8,0.0,37.2,58.3,38.9,0.0,0.0,53.7,88.7,725.656,38.6,XLC,43.679006093451505,False,rejected_by_pre_entry_checks,,,721.75,-0.0941,720.52,-0.2644
2026-09-28,2026-09-28T13:44:24.741413,AEHR,RAPID_DECREASE_CANDIDATE,98.8,-1.073,-1.121,0.048,0.95,15.6579,14,0.6,2.2181261848106475,5,0.7943571234524781,0.75,0.0,22.0,46.5,29.1,0.0,0.0,48.3,0.0,99.6326,,,33.59730142840713,False,rejected_by_pre_entry_checks,,,97.735,-1.0779,96.52,-2.3077
2026-09-28,2026-09-28T13:44:24.763597,COIN,RAPID_DECREASE_CANDIDATE,196.75,-0.344,-0.392,0.048,0.715,3.3139,14,0.8,1.9167903330068232,5,0.47078566095030905,0.65,0.0,40.2,31.9,57.6,15.2,40.0,40.5,0.0,196.1529,39.9,WGMI,38.20804703164463,False,rejected_by_pre_entry_checks,,,195.676,-0.5459,195.055,-0.8615
2026-09-28,2026-09-28T13:44:24.779719,PLTR,RAPID_DECREASE_CANDIDATE,188.0799,-0.761,-0.809,0.048,0.745,9.6502,14,0.6,1.573986050400486,5,0.39020677611281884,0.6,0.0,29.8,33.6,49.0,0.0,0.0,41.5,0.0,188.1563,33.5,ARKK,34.373033742239144,False,rejected_by_pre_entry_checks,,,188.58,0.2659,187.76,-0.1701
2026-09-28,2026-09-28T13:44:24.798349,P,RAPID_DECREASE_CANDIDATE,127.28,-1.188,-1.236,0.048,1.11,4.0933,14,0.6,4.895076230386623,5,0.5700187605349776,0.7666666666666666,0.0,19.1,58.2,15.0,0.0,0.0,53.7,0.0,129.0853,,,33.97562961699683,False,rejected_by_pre_entry_checks,,,127.525,0.1925,126.415,-0.6796
2026-09-28,2026-09-28T13:44:24.816058,INOD,RAPID_DECREASE_CANDIDATE,68.54,-1.289,-1.337,0.048,0.274,0.9046,14,0.6,1.5908036341558274,5,0.7116439698246293,0.75,0.0,16.6,10.4,22.4,0.0,0.0,25.8,0.0,69.3063,,,23.02221808909178,False,rejected_by_pre_entry_checks,,,69.12,0.8462,68.645,0.1532
2026-09-28,2026-09-28T13:44:24.840485,QCOM,RAPID_DECREASE_CANDIDATE,187.1157,-1.33,-1.378,0.048,1.526,3.6662,14,0.6,1.2410526812384155,5,0.3570545026278345,0.55,0.0,15.5,98.5,0.0,0.0,0.0,67.5,0.0,191.5227,16.6,SMH,39.94674790932017,False,rejected_by_pre_entry_checks,,,189.92,1.4987,187.605,0.2615
2026-09-28,2026-09-28T13:44:24.856545,INTC,RAPID_DECREASE_CANDIDATE,117.4958,-0.566,-0.614,0.048,0.942,0.1872,14,0.6,1.683915415417859,5,0.7641607066296857,0.7,0.0,34.6,46.0,21.9,0.0,0.0,48.1,69.5,118.832,35.7,SMH,37.57830248292783,False,rejected_by_pre_entry_checks,,,117.955,0.3908,117.115,-0.3241
2026-09-28,2026-09-28T13:44:28.042133,RKLB,RAPID_DECREASE_CANDIDATE,73.04,-0.781,-0.829,0.048,1.082,0.1095,14,0.6,2.1492297245915246,5,0.4558393724462264,0.65,0.0,29.3,56.1,39.7,0.0,0.0,52.7,86.8,73.3428,33.0,ARKK,41.89790295454135,False,rejected_by_pre_entry_checks,,,73.04,0.0,72.625,-0.5682
2026-09-28,2026-09-28T13:44:28.058563,GRAL,RAPID_DECREASE_CANDIDATE,131.9802,-0.875,-0.923,0.048,0.391,0.841,14,0.8,4.915730979976147,5,0.5465175439728505,0.7166666666666666,0.0,26.9,15.5,37.6,0.0,0.0,29.7,0.0,132.6368,,,27.9879862562129,False,rejected_by_pre_entry_checks,,,130.6739,-0.9898,128.63,-2.5384
2026-09-28,2026-09-28T13:44:28.077977,VICR,RAPID_DECREASE_CANDIDATE,280.11,-1.366,-1.414,0.048,1.044,5.4514,14,0.4,1.3557212185800078,5,0.9227008850877633,0.7708333333333334,0.0,14.6,53.2,41.8,0.0,0.0,51.5,0.0,281.0351,,,35.463155522866884,False,rejected_by_pre_entry_checks,,,279.25,-0.307,277.46,-0.9461
2026-09-28,2026-09-28T13:44:28.108152,MXL,RAPID_DECREASE_CANDIDATE,91.2,-0.545,-0.593,0.048,0.437,5.8004,14,0.8,4.09451630603999,5,0.3855761162613768,0.6166666666666667,0.0,35.2,17.6,28.9,0.0,0.0,31.2,0.0,91.9754,,,28.81484240825851,False,rejected_by_pre_entry_checks,,,89.6601,-1.6885,86.3672,-5.2991
2026-09-28,2026-09-28T13:44:28.146011,VKTX,RAPID_DECREASE_CANDIDATE,34.845,-0.67,-0.718,0.048,0.828,5.0509,14,0.8,3.248332067979104,5,0.6228616102135653,0.75,0.0,32.0,38.6,44.7,0.0,0.0,44.3,0.0,34.9197,,,35.38179670924383,False,rejected_by_pre_entry_checks,,,34.775,-0.2009,34.785,-0.1722
2026-09-28,2026-09-28T13:44:28.161966,VIAV,RAPID_DECREASE_CANDIDATE,39.67,-0.868,-0.916,0.048,1.318,8.1422,14,0.6,2.8844733431844105,5,0.8360244868024191,0.8,0.0,27.1,76.3,12.7,0.0,0.0,60.6,0.0,40.2705,,,38.90521049174915,False,rejected_by_pre_entry_checks,,,38.96,-1.7898,39.055,-1.5503
2026-09-28,2026-09-28T13:44:28.178766,META,RAPID_DECREASE_CANDIDATE,722.415,-0.465,-0.513,0.048,1.1,0.0927,14,0.8,2.599886317737704,5,0.6583951049863919,0.8,0.0,37.2,57.5,38.9,0.0,0.0,53.3,90.5,725.6402,38.6,XLC,43.574181237764336,False,rejected_by_pre_entry_checks,,,721.75,-0.0921,720.52,-0.2623
2026-09-28,2026-09-28T13:44:28.193432,AEHR,RAPID_DECREASE_CANDIDATE,98.555,-1.319,-1.367,0.048,0.954,15.6968,14,0.6,2.2181261848106475,5,0.7943571234524781,0.75,0.0,15.8,46.8,23.0,0.0,0.0,48.5,0.0,99.6303,,,31.872732948821223,False,rejected_by_pre_entry_checks,,,97.735,-0.832,96.52,-2.0648
2026-09-28,2026-09-28T13:44:28.219643,COIN,RAPID_DECREASE_CANDIDATE,196.52,-0.461,-0.509,0.048,0.733,3.4806,14,0.8,1.9167903330068232,5,0.47078566095030905,0.65,0.0,37.3,32.9,54.6,9.3,40.0,41.1,0.0,196.1569,36.9,WGMI,38.33389314127133,False,rejected_by_pre_entry_checks,,,195.676,-0.4295,195.055,-0.7455
2026-09-28,2026-09-28T13:44:28.238810,PLTR,RAPID_DECREASE_CANDIDATE,188.1501,-0.724,-0.772,0.048,0.761,9.6466,14,0.6,1.573986050400486,5,0.39020677611281884,0.6,0.0,30.7,34.5,49.9,0.0,0.0,42.0,0.0,188.1581,34.4,ARKK,34.864928562485225,False,rejected_by_pre_entry_checks,,,188.58,0.2285,187.76,-0.2073
2026-09-28,2026-09-28T13:44:28.254576,P,RAPID_DECREASE_CANDIDATE,126.67,-1.662,-1.71,0.048,1.1,5.7551,14,0.6,4.895076230386623,5,0.5700187605349776,0.7666666666666666,0.0,7.2,57.4,3.3,0.0,0.0,53.3,0.0,129.0818,,,30.35917892986102,False,rejected_by_pre_entry_checks,,,127.525,0.675,126.415,-0.2013
2026-09-28,2026-09-28T13:44:28.269453,INOD,RAPID_DECREASE_CANDIDATE,68.4,-1.491,-1.539,0.048,0.291,0.9064,14,0.6,1.5908036341558274,5,0.7116439698246293,0.75,0.0,11.5,11.2,17.3,0.0,0.0,26.4,0.0,69.3061,,,21.74360052543439,False,rejected_by_pre_entry_checks,,,69.12,1.0526,68.645,0.3582
2026-09-28,2026-09-28T13:44:28.283898,QCOM,RAPID_DECREASE_CANDIDATE,186.875,-1.457,-1.505,0.048,1.462,3.1893,14,0.6,1.2410526812384155,5,0.3570545026278345,0.55,0.0,12.4,91.1,0.0,0.0,0.0,65.4,0.0,191.4853,13.5,SMH,37.92384552016726,False,rejected_by_pre_entry_checks,,,189.92,1.6294,187.605,0.3906
2026-09-28,2026-09-28T13:44:28.302645,INTC,RAPID_DECREASE_CANDIDATE,117.4013,-0.646,-0.694,0.048,0.947,0.1704,14,0.6,1.683915415417859,5,0.7641607066296857,0.7,0.0,32.6,46.3,20.0,0.0,0.0,48.2,73.2,118.8263,33.7,SMH,37.239489818685286,False,rejected_by_pre_entry_checks,,,117.955,0.4716,117.115,-0.2439
2026-09-28,2026-09-28T13:44:31.490531,RKLB,RAPID_DECREASE_CANDIDATE,72.9895,-0.85,-0.898,0.048,1.074,0.0822,14,0.6,2.1492297245915246,5,0.4558393724462264,0.65,0.0,27.6,55.5,38.0,0.0,0.0,52.5,92.8,73.3422,31.2,ARKK,41.51428629967437,False,rejected_by_pre_entry_checks,,,73.04,0.0692,72.625,-0.4994
2026-09-28,2026-09-28T13:44:31.505845,GRAL,RAPID_DECREASE_CANDIDATE,131.12,-1.521,-1.569,0.048,0.414,0.8466,14,0.8,4.915730979976147,5,0.5465175439728505,0.7166666666666666,0.0,10.8,16.5,21.4,0.0,0.0,30.5,0.0,132.6356,,,23.541129821836712,False,rejected_by_pre_entry_checks,,,130.6739,-0.3402,128.63,-1.899
2026-09-28,2026-09-28T13:44:31.522769,VICR,RAPID_DECREASE_CANDIDATE,281.09,-1.021,-1.069,0.048,1.04,1.1598,14,0.4,1.3557212185800078,5,0.9227008850877633,0.7708333333333334,0.0,23.3,52.9,50.5,1.0,0.0,51.3,0.0,281.0348,,,37.79992667291505,False,rejected_by_pre_entry_checks,,,279.25,-0.6546,277.46,-1.2914
2026-09-28,2026-09-28T13:44:31.540768,MXL,RAPID_DECREASE_CANDIDATE,90.69,-1.101,-1.149,0.048,0.46,5.822,14,0.8,4.09451630603999,5,0.3855761162613768,0.6166666666666667,0.0,21.3,18.7,15.1,0.0,0.0,32.0,0.0,91.9746,,,25.04766242668016,False,rejected_by_pre_entry_checks,,,89.6601,-1.1356,86.3672,-4.7666
2026-09-28,2026-09-28T13:44:31.556109,VKTX,RAPID_DECREASE_CANDIDATE,34.845,-0.67,-0.718,0.048,0.841,5.0509,14,0.8,3.248332067979104,5,0.6228616102135653,0.75,0.0,32.0,39.4,44.6,0.0,0.0,44.7,0.0,34.9199,,,35.570930943065115,False,rejected_by_pre_entry_checks,,,34.775,-0.2009,34.785,-0.1722
2026-09-28,2026-09-28T13:44:31.605704,VIAV,RAPID_DECREASE_CANDIDATE,39.6,-1.043,-1.091,0.048,1.281,8.1566,14,0.6,2.8844733431844105,5,0.8360244868024191,0.8,0.0,22.7,72.9,8.5,0.0,0.0,59.4,0.0,40.2678,,,36.91783464250464,False,rejected_by_pre_entry_checks,,,38.96,-1.6162,39.055,-1.3763
2026-09-28,2026-09-28T13:44:31.627722,META,RAPID_DECREASE_CANDIDATE,722.21,-0.494,-0.542,0.048,1.09,0.1509,14,0.8,2.599886317737704,5,0.6583951049863919,0.8,0.0,36.5,56.7,38.2,0.0,0.0,53.0,77.6,725.6245,37.9,XLC,42.662780327363,False,rejected_by_pre_entry_checks,,,721.75,-0.0637,720.52,-0.234
2026-09-28,2026-09-28T13:44:31.643169,AEHR,RAPID_DECREASE_CANDIDATE,98.205,-1.669,-1.717,0.048,0.958,15.7528,14,0.6,2.2181261848106475,5,0.7943571234524781,0.75,0.0,7.1,47.1,14.3,0.0,0.0,48.6,0.0,99.628,,,29.385924254270783,False,rejected_by_pre_entry_checks,,,97.735,-0.4786,96.52,-1.7158
2026-09-28,2026-09-28T13:44:31.660188,COIN,RAPID_DECREASE_CANDIDATE,196.7,-0.37,-0.418,0.048,0.751,0.2644,14,0.8,1.9167903330068232,5,0.47078566095030905,0.65,0.0,39.5,33.9,56.9,13.7,40.0,41.7,52.4,196.1609,39.2,WGMI,40.86528320150431,False,rejected_by_pre_entry_checks,,,195.676,-0.5206,195.055,-0.8363
2026-09-28,2026-09-28T13:44:31.677617,PLTR,RAPID_DECREASE_CANDIDATE,188.22,-0.687,-0.735,0.048,0.778,9.643,14,0.6,1.573986050400486,5,0.39020677611281884,0.6,0.0,31.6,35.5,50.8,1.6,0.0,42.6,0.0,188.1598,35.3,ARKK,35.16970063070181,False,rejected_by_pre_entry_checks,,,188.58,0.1913,187.76,-0.2444
2026-09-28,2026-09-28T13:44:31.702337,P,RAPID_DECREASE_CANDIDATE,127.787,-0.794,-0.842,0.048,1.09,8.968,14,0.6,4.895076230386623,5,0.5700187605349776,0.7666666666666666,0.0,28.9,56.7,25.0,0.0,0.0,53.0,0.0,129.0784,,,36.51885079224031,False,rejected_by_pre_entry_checks,,,127.525,-0.205,126.415,-1.0737
2026-09-28,2026-09-28T13:44:31.721315,INOD,RAPID_DECREASE_CANDIDATE,68.37,-1.534,-1.582,0.048,0.311,0.9068,14,0.6,1.5908036341558274,5,0.7116439698246293,0.75,0.0,10.4,12.0,16.2,0.0,0.0,27.0,0.0,69.306,,,21.654623905379417,False,rejected_by_pre_entry_checks,,,69.12,1.097,68.645,0.4022
2026-09-28,2026-09-28T13:44:31.750106,QCOM,RAPID_DECREASE_CANDIDATE,186.945,-1.42,-1.468,0.048,1.403,3.7444,14,0.6,1.2410526812384155,5,0.3570545026278345,0.55,0.0,13.3,84.8,0.0,0.0,0.0,63.4,0.0,191.4488,14.4,SMH,36.77581922936972,False,rejected_by_pre_entry_checks,,,189.92,1.5914,187.605,0.353
2026-09-28,2026-09-28T13:44:31.764879,INTC,RAPID_DECREASE_CANDIDATE,117.28,-0.748,-0.796,0.048,0.951,0.0767,14,0.6,1.683915415417859,5,0.7641607066296857,0.7,0.0,30.1,46.6,17.6,0.0,0.0,48.4,94.1,118.8206,31.2,SMH,37.446900899987945,False,rejected_by_pre_entry_checks,,,117.955,0.5755,117.115,-0.1407
2026-09-28,2026-09-28T13:44:34.957830,RKLB,RAPID_DECREASE_CANDIDATE,73.015,-0.815,-0.863,0.048,1.066,0.1233,14,0.6,2.1492297245915246,5,0.4558393724462264,0.65,0.0,28.4,54.9,38.9,0.0,0.0,52.2,83.7,73.3417,32.1,ARKK,41.25669875898127,False,rejected_by_pre_entry_checks,,,73.04,0.0342,72.625,-0.5341
2026-09-28,2026-09-28T13:44:34.980064,GRAL,RAPID_DECREASE_CANDIDATE,131.9802,-0.875,-0.923,0.048,0.44,0.841,14,0.8,4.915730979976147,5,0.5465175439728505,0.7166666666666666,0.0,26.9,17.7,37.7,0.0,0.0,31.3,0.0,132.6345,,,28.568296229459136,False,rejected_by_pre_entry_checks,,,130.6739,-0.9898,128.63,-2.5384
2026-09-28,2026-09-28T13:44:34.996265,VICR,RAPID_DECREASE_CANDIDATE,279.1,-1.722,-1.77,0.048,1.036,1.168,14,0.4,1.3557212185800078,5,0.9227008850877633,0.7708333333333334,0.0,5.8,52.6,32.8,0.0,0.0,51.2,0.0,281.0345,,,32.72195180416134,False,rejected_by_pre_entry_checks,,,279.25,0.0537,277.46,-0.5876
2026-09-28,2026-09-28T13:44:35.013230,MXL,RAPID_DECREASE_CANDIDATE,90.75,-1.036,-1.084,0.048,0.487,5.8182,14,0.8,4.09451630603999,5,0.3855761162613768,0.6166666666666667,0.0,22.9,19.9,16.7,0.0,0.0,32.9,0.0,91.9737,,,25.845828405491364,False,rejected_by_pre_entry_checks,,,89.6601,-1.201,86.3672,-4.8295
2026-09-28,2026-09-28T13:44:35.029893,VKTX,RAPID_DECREASE_CANDIDATE,34.845,-0.67,-0.718,0.048,0.855,4.6779,14,0.8,3.248332067979104,5,0.6228616102135653,0.75,0.0,32.0,40.2,44.6,0.0,0.0,45.2,0.0,34.9201,,,35.77018594403403,False,rejected_by_pre_entry_checks,,,34.775,-0.2009,34.785,-0.1722
2026-09-28,2026-09-28T13:44:35.050483,VIAV,RAPID_DECREASE_CANDIDATE,39.64,-0.943,-0.991,0.048,1.246,8.1483,14,0.6,2.8844733431844105,5,0.8360244868024191,0.8,0.0,25.2,69.7,11.2,0.0,0.0,58.2,0.0,40.2651,,,36.988835471659115,False,rejected_by_pre_entry_checks,,,38.96,-1.7154,39.055,-1.4758
2026-09-28,2026-09-28T13:44:35.067128,META,RAPID_DECREASE_CANDIDATE,722.39,-0.469,-0.517,0.048,1.08,0.1689,14,0.8,2.599886317737704,5,0.6583951049863919,0.8,0.0,37.1,56.0,38.9,0.0,0.0,52.7,73.6,725.6089,38.5,XLC,42.517757900423206,False,rejected_by_pre_entry_checks,,,721.75,-0.0886,720.52,-0.2589
2026-09-28,2026-09-28T13:44:35.083479,AEHR,RAPID_DECREASE_CANDIDATE,98.2,-1.674,-1.722,0.048,0.962,15.7536,14,0.6,2.2181261848106475,5,0.7943571234524781,0.75,0.0,7.0,47.3,14.2,0.0,0.0,48.7,0.0,99.6258,,,29.419229031145154,False,rejected_by_pre_entry_checks,,,97.735,-0.4735,96.52,-1.7108
2026-09-28,2026-09-28T13:44:35.098849,COIN,RAPID_DECREASE_CANDIDATE,196.8275,-0.305,-0.353,0.048,0.77,0.2642,14,0.8,1.9167903330068232,5,0.47078566095030905,0.65,0.0,41.2,35.1,58.4,16.9,40.0,42.3,52.4,196.1649,40.8,WGMI,41.20815742933298,False,rejected_by_pre_entry_checks,,,195.676,-0.585,195.055,-0.9005
2026-09-28,2026-09-28T13:44:35.117332,PLTR,RAPID_DECREASE_CANDIDATE,188.2744,-0.658,-0.706,0.048,0.796,9.6402,14,0.6,1.573986050400486,5,0.39020677611281884,0.6,0.0,32.3,36.6,51.5,3.0,40.0,43.2,0.0,188.1615,36.0,ARKK,38.787775683542904,False,rejected_by_pre_entry_checks,,,188.58,0.1623,187.76,-0.2732
2026-09-28,2026-09-28T13:44:35.136493,P,RAPID_DECREASE_CANDIDATE,126.68,-1.654,-1.702,0.048,1.08,5.7468,14,0.6,4.895076230386623,5,0.5700187605349776,0.7666666666666666,0.0,7.5,55.9,3.6,0.0,0.0,52.7,0.0,129.075,,,30.09751273718191,False,rejected_by_pre_entry_checks,,,127.525,0.667,126.415,-0.2092
2026-09-28,2026-09-28T13:44:35.153053,INOD,RAPID_DECREASE_CANDIDATE,68.37,-1.534,-1.582,0.048,0.334,0.9068,14,0.6,1.5908036341558274,5,0.7116439698246293,0.75,0.0,10.4,13.0,16.2,0.0,0.0,27.8,0.0,69.3058,,,21.915838071086984,False,rejected_by_pre_entry_checks,,,69.12,1.097,68.645,0.4022
2026-09-28,2026-09-28T13:44:35.168969,QCOM,RAPID_DECREASE_CANDIDATE,187.055,-1.362,-1.41,0.048,1.349,3.7422,14,0.6,1.2410526812384155,5,0.3570545026278345,0.55,0.0,14.8,79.3,0.0,0.0,0.0,61.6,0.0,191.413,15.8,SMH,35.87352895767498,False,rejected_by_pre_entry_checks,,,189.92,1.5316,187.605,0.294
2026-09-28,2026-09-28T13:44:35.188865,INTC,RAPID_DECREASE_CANDIDATE,117.26,-0.765,-0.813,0.048,0.956,0.0256,14,0.6,1.683915415417859,5,0.7641607066296857,0.7,0.0,29.7,46.9,17.3,0.0,0.0,48.5,100.0,118.815,30.8,SMH,37.659223757866364,False,rejected_by_pre_entry_checks,,,117.955,0.5927,117.115,-0.1237
2026-09-28,2026-09-28T13:44:38.363918,RKLB,RAPID_DECREASE_CANDIDATE,73.024,-0.803,-0.851,0.048,1.059,0.4108,14,0.6,2.1492297245915246,5,0.4558393724462264,0.65,0.0,28.7,54.3,39.2,0.0,0.0,52.0,19.8,73.3411,32.4,ARKK,38.557793619974525,False,rejected_by_pre_entry_checks,,,73.04,0.0219,72.625,-0.5464
2026-09-28,2026-09-28T13:44:38.378774,GRAL,RAPID_DECREASE_CANDIDATE,131.68,-1.1,-1.148,0.048,0.469,0.843,14,0.8,4.915730979976147,5,0.5465175439728505,0.7166666666666666,0.0,21.3,19.1,32.0,0.0,0.0,32.3,0.0,132.6333,,,27.27532915348206,False,rejected_by_pre_entry_checks,,,130.6739,-0.764,128.63,-2.3162
2026-09-28,2026-09-28T13:44:38.394538,VICR,RAPID_DECREASE_CANDIDATE,279.77,-1.486,-1.534,0.048,1.032,1.1652,14,0.4,1.3557212185800078,5,0.9227008850877633,0.7708333333333334,0.0,11.6,52.3,38.8,0.0,0.0,51.1,0.0,281.0343,,,34.38378000145712,False,rejected_by_pre_entry_checks,,,279.25,-0.1859,277.46,-0.8257
2026-09-28,2026-09-28T13:44:38.411588,MXL,RAPID_DECREASE_CANDIDATE,90.8833,-0.891,-0.939,0.048,0.516,5.8096,14,0.8,4.09451630603999,5,0.3855761162613768,0.6166666666666667,0.0,26.5,21.4,20.4,0.0,0.0,33.9,0.0,91.9729,,,27.264500997205857,False,rejected_by_pre_entry_checks,,,89.6601,-1.3459,86.3672,-4.9691
2026-09-28,2026-09-28T13:44:38.425879,VKTX,RAPID_DECREASE_CANDIDATE,34.8714,-0.595,-0.643,0.048,0.869,4.6743,14,0.8,3.248332067979104,5,0.6228616102135653,0.75,0.0,33.9,41.1,46.5,0.0,0.0,45.6,0.0,34.9202,,,36.52454238166045,False,rejected_by_pre_entry_checks,,,34.775,-0.2764,34.785,-0.2478
2026-09-28,2026-09-28T13:44:38.443698,VIAV,RAPID_DECREASE_CANDIDATE,39.64,-0.943,-0.991,0.048,1.213,8.1483,14,0.6,2.8844733431844105,5,0.8360244868024191,0.8,0.0,25.2,66.7,11.3,0.0,0.0,57.1,0.0,40.2625,,,36.38526649068935,False,rejected_by_pre_entry_checks,,,38.96,-1.7154,39.055,-1.4758
2026-09-28,2026-09-28T13:44:38.462198,META,RAPID_DECREASE_CANDIDATE,723.055,-0.377,-0.425,0.048,1.071,0.491,14,0.8,2.599886317737704,5,0.6583951049863919,0.8,0.0,39.4,55.2,41.3,0.0,0.0,52.4,2.0,725.5934,40.8,XLC,40.052430503859064,False,rejected_by_pre_entry_checks,,,721.75,-0.1805,720.52,-0.3506
2026-09-28,2026-09-28T13:44:38.478508,AEHR,RAPID_DECREASE_CANDIDATE,98.21,-1.664,-1.712,0.048,0.966,15.752,14,0.6,2.2181261848106475,5,0.7943571234524781,0.75,0.0,7.2,47.6,14.5,0.0,0.0,48.9,0.0,99.6235,,,29.56258364336321,False,rejected_by_pre_entry_checks,,,97.735,-0.4837,96.52,-1.7208
2026-09-28,2026-09-28T13:44:38.494673,TXG,RAPID_DECREASE_CANDIDATE,87.5325,-0.384,-0.432,0.048,1.01,15.5028,14,0.6,1.764068263321942,5,0.8088586851744765,0.85,0.0,39.2,50.7,61.5,23.0,0.0,50.3,0.0,87.1313,,,38.589216769933174,False,rejected_by_pre_entry_checks,,,87.705,0.1971,85.285,-2.5676
2026-09-28,2026-09-28T13:44:38.510928,PLTR,RAPID_DECREASE_CANDIDATE,188.354,-0.616,-0.664,0.048,0.814,9.6361,14,0.6,1.573986050400486,5,0.39020677611281884,0.6,0.0,33.4,37.7,52.5,5.1,40.0,43.8,0.0,188.1633,37.1,ARKK,39.09564678454976,False,rejected_by_pre_entry_checks,,,188.58,0.12,187.76,-0.3154
2026-09-28,2026-09-28T13:44:38.527142,P,RAPID_DECREASE_CANDIDATE,126.7552,-1.595,-1.643,0.048,1.071,9.041,14,0.6,4.895076230386623,5,0.5700187605349776,0.7666666666666666,0.0,8.9,55.2,5.1,0.0,0.0,52.4,0.0,129.0716,,,30.37481779868929,False,rejected_by_pre_entry_checks,,,127.525,0.6073,126.415,-0.2684
2026-09-28,2026-09-28T13:44:38.544693,INOD,RAPID_DECREASE_CANDIDATE,68.37,-1.534,-1.582,0.048,0.361,0.9068,14,0.6,1.5908036341558274,5,0.7116439698246293,0.75,0.0,10.4,14.2,16.2,0.0,0.0,28.7,0.0,69.3057,,,22.223221473359573,False,rejected_by_pre_entry_checks,,,69.12,1.097,68.645,0.4022
2026-09-28,2026-09-28T13:44:38.561029,QCOM,RAPID_DECREASE_CANDIDATE,187.065,-1.356,-1.404,0.048,1.298,3.4213,14,0.6,1.2410526812384155,5,0.3570545026278345,0.55,0.0,14.9,74.4,0.0,0.0,0.0,59.9,0.0,191.3779,16.0,SMH,34.87930340511328,False,rejected_by_pre_entry_checks,,,189.92,1.5262,187.605,0.2887
2026-09-28,2026-09-28T13:44:38.577246,INTC,RAPID_DECREASE_CANDIDATE,117.2116,-0.806,-0.854,0.048,0.961,0.0256,14,0.6,1.683915415417859,5,0.7641607066296857,0.7,0.0,28.6,47.2,16.4,0.0,0.0,48.7,100.0,118.8095,29.7,SMH,37.45018389945543,False,rejected_by_pre_entry_checks,,,117.955,0.6342,117.115,-0.0824
2026-09-28,2026-09-28T13:44:41.773758,RKLB,RAPID_DECREASE_CANDIDATE,73.0425,-0.778,-0.826,0.048,1.051,0.0548,15,0.6,2.1492297245915246,5,0.4558393724462264,0.65,0.0,29.3,53.7,39.8,0.0,0.0,51.7,98.9,73.3406,33.0,ARKK,41.90976681661096,False,rejected_by_pre_entry_checks,,,73.04,-0.0034,72.625,-0.5716
2026-09-28,2026-09-28T13:44:41.790890,GRAL,RAPID_DECREASE_CANDIDATE,131.675,-1.104,-1.152,0.048,0.502,0.843,15,0.8,4.915730979976147,5,0.5465175439728505,0.7166666666666666,0.0,21.2,20.7,32.0,0.0,0.0,33.4,0.0,132.6322,,,27.65359266604676,False,rejected_by_pre_entry_checks,,,130.6739,-0.7603,128.63,-2.3125
2026-09-28,2026-09-28T13:44:41.807745,VICR,RAPID_DECREASE_CANDIDATE,279.77,-1.486,-1.534,0.048,1.028,1.1045,15,0.4,1.3557212185800078,5,0.9227008850877633,0.7708333333333334,0.0,11.6,52.0,38.8,0.0,0.0,50.9,0.0,281.034,,,34.31782906822307,False,rejected_by_pre_entry_checks,,,279.25,-0.1859,277.46,-0.8257
2026-09-28,2026-09-28T13:44:41.823819,MXL,RAPID_DECREASE_CANDIDATE,90.94,-0.829,-0.877,0.048,0.549,5.806,15,0.8,4.09451630603999,5,0.3855761162613768,0.6166666666666667,0.0,28.1,23.0,21.9,0.0,0.0,35.0,0.0,91.972,,,28.130415958501406,False,rejected_by_pre_entry_checks,,,89.6601,-1.4074,86.3672,-5.0284
2026-09-28,2026-09-28T13:44:41.838533,VKTX,RAPID_DECREASE_CANDIDATE,34.8714,-0.595,-0.643,0.048,0.883,4.6743,15,0.8,3.248332067979104,5,0.6228616102135653,0.75,0.0,33.9,42.1,46.5,0.0,0.0,46.1,0.0,34.9204,,,36.73692437353188,False,rejected_by_pre_entry_checks,,,34.775,-0.2764,34.785,-0.2478
2026-09-28,2026-09-28T13:44:41.855476,VIAV,RAPID_DECREASE_CANDIDATE,39.65,-0.918,-0.966,0.048,1.182,8.1463,15,0.6,2.8844733431844105,5,0.8360244868024191,0.8,0.0,25.8,64.1,12.1,0.0,0.0,56.1,0.0,40.2599,,,36.01065049565547,False,rejected_by_pre_entry_checks,,,38.96,-1.7402,39.055,-1.5006
2026-09-28,2026-09-28T13:44:41.874097,META,RAPID_DECREASE_CANDIDATE,722.9953,-0.385,-0.433,0.048,1.062,0.9212,15,0.8,2.599886317737704,5,0.6583951049863919,0.8,0.0,39.2,54.5,41.1,0.0,0.0,52.1,0.0,725.578,40.6,XLC,39.76049333978422,False,rejected_by_pre_entry_checks,,,721.75,-0.1722,720.52,-0.3424
2026-09-28,2026-09-28T13:44:41.890519,AEHR,RAPID_DECREASE_CANDIDATE,98.21,-1.664,-1.712,0.048,0.97,15.752,15,0.6,2.2181261848106475,5,0.7943571234524781,0.75,0.0,7.2,47.9,14.6,0.0,0.0,49.0,0.0,99.6213,,,29.633412928317735,False,rejected_by_pre_entry_checks,,,97.735,-0.4837,96.52,-1.7208
2026-09-28,2026-09-28T13:44:41.905491,TXG,RAPID_DECREASE_CANDIDATE,87.5625,-0.35,-0.398,0.048,1.009,15.4975,15,0.6,1.764068263321942,5,0.8088586851744765,0.85,0.0,40.0,50.6,62.3,24.7,0.0,50.3,0.0,87.1328,,,38.60945949549156,False,rejected_by_pre_entry_checks,,,87.705,0.1627,85.285,-2.601
2026-09-28,2026-09-28T13:44:41.923761,COIN,RAPID_DECREASE_CANDIDATE,196.83,-0.304,-0.352,0.048,0.812,3.4751,15,0.8,1.9167903330068232,5,0.47078566095030905,0.65,0.0,41.2,37.6,58.4,16.8,40.0,43.7,0.0,196.1728,40.9,WGMI,39.62818467403374,False,rejected_by_pre_entry_checks,,,195.676,-0.5863,195.055,-0.9018
2026-09-28,2026-09-28T13:44:41.939388,PLTR,RAPID_DECREASE_CANDIDATE,188.29,-0.65,-0.698,0.048,0.834,9.6394,15,0.6,1.573986050400486,5,0.39020677611281884,0.6,0.0,32.5,38.9,51.7,3.3,40.0,44.5,0.0,188.165,36.2,ARKK,39.34551583784204,False,rejected_by_pre_entry_checks,,,188.58,0.154,187.76,-0.2815
2026-09-28,2026-09-28T13:44:41.955930,P,RAPID_DECREASE_CANDIDATE,126.68,-1.654,-1.702,0.048,1.061,5.7547,15,0.6,4.895076230386623,5,0.5700187605349776,0.7666666666666666,0.0,7.5,54.5,3.7,0.0,0.0,52.0,0.0,129.0682,,,29.79520972447874,False,rejected_by_pre_entry_checks,,,127.525,0.667,126.415,-0.2092
2026-09-28,2026-09-28T13:44:41.983890,INOD,RAPID_DECREASE_CANDIDATE,68.34,-1.577,-1.625,0.048,0.393,0.9219,15,0.6,1.5908036341558274,5,0.7116439698246293,0.75,0.0,9.4,15.6,15.2,0.0,0.0,29.8,0.0,69.3055,,,22.275209679438408,False,rejected_by_pre_entry_checks,,,69.12,1.1414,68.645,0.4463
2026-09-28,2026-09-28T13:44:42.004436,QCOM,RAPID_DECREASE_CANDIDATE,187.7,-1.022,-1.07,0.048,1.252,3.7294,15,0.6,1.2410526812384155,5,0.3570545026278345,0.55,0.0,23.2,70.1,2.4,0.0,0.0,58.4,0.0,191.3436,24.3,SMH,35.664776333297695,False,rejected_by_pre_entry_checks,,,189.92,1.1827,187.605,-0.0506
2026-09-28,2026-09-28T13:44:42.020341,INTC,RAPID_DECREASE_CANDIDATE,117.23,-0.791,-0.839,0.048,0.965,0.1877,15,0.6,1.683915415417859,5,0.7641607066296857,0.7,0.0,29.0,47.6,16.9,0.0,0.0,48.8,69.4,118.804,30.1,SMH,36.371590591080206,False,rejected_by_pre_entry_checks,,,117.955,0.6184,117.115,-0.0981
2026-09-28,2026-09-28T13:44:45.211804,RKLB,RAPID_DECREASE_CANDIDATE,73.09,-0.713,-0.761,0.048,1.043,0.6294,13,0.6,2.1492297245915246,5,0.4558393724462264,0.65,0.0,31.0,53.2,41.5,0.0,0.0,51.4,0.0,73.3401,34.7,ARKK,38.1354573879988,False,rejected_by_pre_entry_checks,,,73.04,-0.0684,72.625,-0.6362
2026-09-28,2026-09-28T13:44:45.253948,GRAL,RAPID_DECREASE_CANDIDATE,131.675,-1.104,-1.152,0.048,0.541,0.843,13,0.8,4.915730979976147,5,0.5465175439728505,0.7166666666666666,0.0,21.2,22.6,32.0,0.0,0.0,34.7,0.0,132.631,,,28.133988165756723,False,rejected_by_pre_entry_checks,,,130.6739,-0.7603,128.63,-2.3125
2026-09-28,2026-09-28T13:44:45.278930,VICR,RAPID_DECREASE_CANDIDATE,279.77,-1.486,-1.534,0.048,1.024,1.1045,13,0.4,1.3557212185800078,5,0.9227008850877633,0.7708333333333334,0.0,11.6,51.7,38.8,0.0,0.0,50.8,0.0,281.0338,,,34.25243783208477,False,rejected_by_pre_entry_checks,,,279.25,-0.1859,277.46,-0.8257
2026-09-28,2026-09-28T13:44:45.294435,MXL,RAPID_DECREASE_CANDIDATE,90.915,-0.856,-0.904,0.048,0.587,20.0737,13,0.8,4.09451630603999,5,0.3855761162613768,0.6166666666666667,0.0,27.4,24.9,21.3,0.0,0.0,36.2,0.0,91.9712,,,28.414593435765113,False,rejected_by_pre_entry_checks,,,89.6601,-1.3803,86.3672,-5.0023
2026-09-28,2026-09-28T13:44:45.310523,VKTX,RAPID_DECREASE_CANDIDATE,34.85,-0.656,-0.704,0.048,0.898,4.6772,13,0.8,3.248332067979104,5,0.6228616102135653,0.75,0.0,32.4,43.0,44.9,0.0,0.0,46.6,0.0,34.9206,,,36.515050468298774,False,rejected_by_pre_entry_checks,,,34.775,-0.2152,34.785,-0.1865
2026-09-28,2026-09-28T13:44:45.340736,VIAV,RAPID_DECREASE_CANDIDATE,39.595,-1.056,-1.104,0.048,1.152,8.1576,13,0.6,2.8844733431844105,5,0.8360244868024191,0.8,0.0,22.4,61.6,8.9,0.0,0.0,55.1,0.0,40.2573,,,34.4907843451233,False,rejected_by_pre_entry_checks,,,38.96,-1.6037,39.055,-1.3638
2026-09-28,2026-09-28T13:44:45.357227,AEHR,RAPID_DECREASE_CANDIDATE,98.1005,-1.774,-1.822,0.048,0.975,15.7695,13,0.6,2.2181261848106475,5,0.7943571234524781,0.75,0.0,4.4,48.2,11.9,0.0,0.0,49.2,0.0,99.6191,,,28.907099069003706,False,rejected_by_pre_entry_checks,,,97.735,-0.3726,96.52,-1.6111
2026-09-28,2026-09-28T13:44:45.375730,TXG,RAPID_DECREASE_CANDIDATE,87.1,-0.876,-0.924,0.048,1.007,15.5798,13,0.6,1.764068263321942,5,0.8088586851744765,0.85,0.0,26.9,50.5,49.0,0.0,0.0,50.2,0.0,87.1344,,,37.812149491303835,False,rejected_by_pre_entry_checks,,,87.705,0.6946,85.285,-2.0838
2026-09-28,2026-09-28T13:44:45.401921,PLTR,RAPID_DECREASE_CANDIDATE,188.33,-0.629,-0.677,0.048,0.854,6.1222,13,0.6,1.573986050400486,5,0.39020677611281884,0.6,0.0,33.1,40.2,52.2,4.3,40.0,45.1,0.0,188.1667,36.8,ARKK,39.664834615494826,False,rejected_by_pre_entry_checks,,,188.58,0.1327,187.76,-0.3027
2026-09-28,2026-09-28T13:44:45.421057,P,RAPID_DECREASE_CANDIDATE,126.7524,-1.598,-1.646,0.048,1.052,0.2525,13,0.6,4.895076230386623,5,0.5700187605349776,0.7666666666666666,0.0,8.8,53.8,5.2,0.0,0.0,51.7,55.0,129.0649,,,32.350912002549364,False,rejected_by_pre_entry_checks,,,127.525,0.6095,126.415,-0.2662
2026-09-28,2026-09-28T13:44:45.437612,INOD,RAPID_DECREASE_CANDIDATE,68.34,-1.577,-1.625,0.048,0.43,0.9219,13,0.6,1.5908036341558274,5,0.7116439698246293,0.75,0.0,9.4,17.3,15.2,0.0,0.0,31.0,0.0,69.3054,,,22.71318232131666,False,rejected_by_pre_entry_checks,,,69.12,1.1414,68.645,0.4463
2026-09-28,2026-09-28T13:44:45.453319,QCOM,RAPID_DECREASE_CANDIDATE,187.75,-0.995,-1.043,0.048,1.208,3.7284,13,0.6,1.2410526812384155,5,0.3570545026278345,0.55,0.0,23.9,66.3,3.5,0.0,0.0,56.9,0.0,191.3099,25.0,SMH,35.09333827896777,False,rejected_by_pre_entry_checks,,,189.92,1.1558,187.605,-0.0772
2026-09-28,2026-09-28T13:44:45.470482,INTC,RAPID_DECREASE_CANDIDATE,117.105,-0.896,-0.944,0.048,0.97,0.1196,13,0.6,1.683915415417859,5,0.7641607066296857,0.7,0.0,26.4,47.9,14.4,0.0,0.0,49.0,84.5,118.7986,27.5,SMH,36.32611053407913,False,rejected_by_pre_entry_checks,,,117.955,0.7258,117.115,0.0085
2026-09-28,2026-09-28T13:44:48.654775,RKLB,RAPID_DECREASE_CANDIDATE,73.055,-0.761,-0.809,0.048,1.036,0.1232,13,0.6,2.1492297245915246,5,0.4558393724462264,0.65,0.0,29.8,52.6,40.3,0.0,0.0,51.2,83.7,73.3396,33.5,ARKK,41.15599974048169,False,rejected_by_pre_entry_checks,,,73.04,-0.0205,72.625,-0.5886
2026-09-28,2026-09-28T13:44:48.674672,GRAL,RAPID_DECREASE_CANDIDATE,131.6499,-1.123,-1.171,0.048,0.586,4.7702,13,0.8,4.915730979976147,5,0.5465175439728505,0.7166666666666666,0.0,20.7,24.9,31.5,0.0,0.0,36.2,0.0,132.6299,,,28.564448182424538,False,rejected_by_pre_entry_checks,,,130.6739,-0.7414,128.63,-2.2939
2026-09-28,2026-09-28T13:44:48.691340,VICR,RAPID_DECREASE_CANDIDATE,278.91,-1.789,-1.837,0.048,1.02,1.0613,13,0.4,1.3557212185800078,5,0.9227008850877633,0.7708333333333334,0.0,4.1,51.4,31.1,0.0,0.0,50.7,0.0,281.0336,,,31.96880533533994,False,rejected_by_pre_entry_checks,,,279.25,0.1219,277.46,-0.5199
2026-09-28,2026-09-28T13:44:48.707981,MXL,RAPID_DECREASE_CANDIDATE,91.058,-0.7,-0.748,0.048,0.631,20.0422,13,0.8,4.09451630603999,5,0.3855761162613768,0.6166666666666667,0.0,31.3,27.2,25.2,0.0,0.0,37.7,0.0,91.9703,,,30.11550420229698,False,rejected_by_pre_entry_checks,,,89.6601,-1.5352,86.3672,-5.1514
2026-09-28,2026-09-28T13:44:48.725538,VKTX,RAPID_DECREASE_CANDIDATE,34.87,-0.599,-0.647,0.048,0.914,4.8466,13,0.8,3.248332067979104,5,0.6228616102135653,0.75,0.0,33.8,44.1,46.4,0.0,0.0,47.1,0.0,34.9208,,,37.167258911605266,False,rejected_by_pre_entry_checks,,,34.775,-0.2724,34.785,-0.2438
2026-09-28,2026-09-28T13:44:48.742286,VIAV,RAPID_DECREASE_CANDIDATE,39.59,-1.068,-1.116,0.048,1.123,8.1586,13,0.6,2.8844733431844105,5,0.8360244868024191,0.8,0.0,22.1,59.3,8.7,0.0,0.0,54.1,0.0,40.2548,,,33.91863940778324,False,rejected_by_pre_entry_checks,,,38.96,-1.5913,39.055,-1.3514
2026-09-28,2026-09-28T13:44:48.759265,AEHR,RAPID_DECREASE_CANDIDATE,98.21,-1.664,-1.712,0.048,0.979,15.752,13,0.6,2.2181261848106475,5,0.7943571234524781,0.75,0.0,7.2,48.5,14.7,0.0,0.0,49.3,0.0,99.617,,,29.78080676806506,False,rejected_by_pre_entry_checks,,,97.735,-0.4837,96.52,-1.7208
2026-09-28,2026-09-28T13:44:48.775566,COIN,RAPID_DECREASE_CANDIDATE,196.62,-0.41,-0.458,0.048,0.858,3.4788,13,0.8,1.9167903330068232,5,0.47078566095030905,0.65,0.0,38.5,40.4,55.6,11.2,40.0,45.3,0.0,196.1805,38.2,WGMI,40.204306070502405,False,rejected_by_pre_entry_checks,,,195.676,-0.4801,195.055,-0.796
2026-09-28,2026-09-28T13:44:48.792519,PLTR,RAPID_DECREASE_CANDIDATE,188.305,-0.642,-0.69,0.048,0.875,6.123,13,0.6,1.573986050400486,5,0.39020677611281884,0.6,0.0,32.8,41.5,51.8,3.6,40.0,45.8,0.0,188.1684,36.5,ARKK,39.968927339769685,False,rejected_by_pre_entry_checks,,,188.58,0.146,187.76,-0.2894
2026-09-28,2026-09-28T13:44:48.808768,P,RAPID_DECREASE_CANDIDATE,126.76,-1.592,-1.64,0.048,1.043,3.6762,13,0.6,4.895076230386623,5,0.5700187605349776,0.7666666666666666,0.0,9.0,53.1,5.4,0.0,0.0,51.4,0.0,129.0616,,,29.96088446958569,False,rejected_by_pre_entry_checks,,,127.525,0.6035,126.415,-0.2722
2026-09-28,2026-09-28T13:44:48.825290,INOD,RAPID_DECREASE_CANDIDATE,68.34,-1.577,-1.625,0.048,0.475,0.9219,13,0.6,1.5908036341558274,5,0.7116439698246293,0.75,0.0,9.4,19.4,15.2,0.0,0.0,32.5,0.0,69.3052,,,23.253833126539607,False,rejected_by_pre_entry_checks,,,69.12,1.1414,68.645,0.4463
2026-09-28,2026-09-28T13:44:48.841639,QCOM,RAPID_DECREASE_CANDIDATE,187.3678,-1.197,-1.245,0.048,1.168,3.736,13,0.6,1.2410526812384155,5,0.3570545026278345,0.55,0.0,18.9,62.9,0.0,0.0,0.0,55.6,0.0,191.277,20.0,SMH,33.07958074970068,False,rejected_by_pre_entry_checks,,,189.92,1.3621,187.605,0.1266
2026-09-28,2026-09-28T13:44:48.864978,INTC,RAPID_DECREASE_CANDIDATE,117.085,-0.913,-0.961,0.048,0.975,0.0683,13,0.6,1.683915415417859,5,0.7641607066296857,0.7,0.0,26.0,48.2,14.0,0.0,0.0,49.2,95.9,118.7933,27.1,SMH,36.76854672815032,False,rejected_by_pre_entry_checks,,,117.955,0.743,117.115,0.0256
2026-09-28,2026-09-28T13:44:52.037290,RKLB,RAPID_DECREASE_CANDIDATE,73.0551,-0.761,-0.809,0.048,1.029,0.1506,14,0.6,2.1492297245915246,5,0.4558393724462264,0.65,0.0,29.8,52.1,40.3,0.0,0.0,51.0,77.6,73.3391,33.5,ARKK,40.78538645295713,False,rejected_by_pre_entry_checks,,,73.04,-0.0207,72.7248,-0.4521
2026-09-28,2026-09-28T13:44:52.054388,GRAL,RAPID_DECREASE_CANDIDATE,130.76,-1.791,-1.839,0.048,0.639,1.0171,14,0.8,4.915730979976147,5,0.5465175439728505,0.7166666666666666,0.0,4.0,27.6,14.8,0.0,0.0,38.0,0.0,132.6288,,,24.371055403352855,False,rejected_by_pre_entry_checks,,,130.6739,-0.0658,128.63,-1.6289
2026-09-28,2026-09-28T13:44:52.070794,VICR,RAPID_DECREASE_CANDIDATE,279.39,-1.62,-1.668,0.048,1.016,1.2778,14,0.4,1.3557212185800078,5,0.9227008850877633,0.7708333333333334,0.0,8.3,51.1,35.4,0.0,0.0,50.5,0.0,281.0333,,,33.14241574159068,False,rejected_by_pre_entry_checks,,,279.25,-0.0501,276.625,-0.9897
2026-09-28,2026-09-28T13:44:52.087852,MXL,RAPID_DECREASE_CANDIDATE,90.995,-0.769,-0.817,0.048,0.681,5.8135,14,0.8,4.09451630603999,5,0.3855761162613768,0.6166666666666667,0.0,29.6,29.9,23.5,0.0,0.0,39.4,0.0,91.9695,,,30.279930273301545,False,rejected_by_pre_entry_checks,,,89.6601,-1.467,86.21,-5.2585
2026-09-28,2026-09-28T13:44:52.103590,VKTX,RAPID_DECREASE_CANDIDATE,34.88,-0.57,-0.618,0.048,0.93,4.9312,14,0.8,3.248332067979104,5,0.6228616102135653,0.75,0.0,34.5,45.1,47.1,0.0,0.0,47.7,0.0,34.9209,,,37.6216423384988,False,rejected_by_pre_entry_checks,,,34.775,-0.301,34.79,-0.258
2026-09-28,2026-09-28T13:44:52.119684,VIAV,RAPID_DECREASE_CANDIDATE,39.6035,-1.034,-1.082,0.048,1.096,8.1558,14,0.6,2.8844733431844105,5,0.8360244868024191,0.8,0.0,22.9,57.2,9.7,0.0,0.0,53.2,0.0,40.2522,,,33.71727260612742,False,correlation_limit,,,38.96,-1.6249,39.05,-1.3976
2026-09-28,2026-09-28T13:44:52.138228,AEHR,RAPID_DECREASE_CANDIDATE,98.425,-1.449,-1.497,0.048,0.983,14.6507,14,0.6,2.2181261848106475,5,0.7943571234524781,0.75,0.0,12.6,48.8,20.1,0.0,0.0,49.4,0.0,99.6148,,,31.42353293498457,False,rejected_by_pre_entry_checks,,,97.735,-0.701,96.195,-2.2657
2026-09-28,2026-09-28T13:44:52.156254,TXG,RAPID_DECREASE_CANDIDATE,87.28,-0.671,-0.719,0.048,1.005,15.5477,14,0.6,1.764068263321942,5,0.8088586851744765,0.85,0.0,32.0,50.4,54.1,8.2,0.0,50.2,0.0,87.1374,,,38.23962610800591,False,rejected_by_pre_entry_checks,,,87.705,0.4869,84.9647,-2.6527
2026-09-28,2026-09-28T13:44:52.179930,COIN,RAPID_DECREASE_CANDIDATE,196.6943,-0.373,-0.421,0.048,0.883,3.4775,14,0.8,1.9167903330068232,5,0.47078566095030905,0.65,0.0,39.5,42.0,56.5,13.0,40.0,46.1,0.0,196.1843,39.1,WGMI,40.618627075541646,False,rejected_by_pre_entry_checks,,,195.676,-0.5177,194.8601,-0.9325
2026-09-28,2026-09-28T13:44:52.201561,PLTR,RAPID_DECREASE_CANDIDATE,188.23,-0.682,-0.73,0.048,0.898,6.1255,14,0.6,1.573986050400486,5,0.39020677611281884,0.6,0.0,31.7,43.0,50.8,1.6,0.0,46.6,0.0,188.1701,35.4,ARKK,36.9343848563129,False,rejected_by_pre_entry_checks,,,188.58,0.1859,187.285,-0.502
2026-09-28,2026-09-28T13:44:52.217357,P,RAPID_DECREASE_CANDIDATE,127.0742,-1.348,-1.396,0.048,1.034,0.4092,14,0.6,4.895076230386623,5,0.5700187605349776,0.7666666666666666,0.0,15.1,52.5,11.6,0.0,0.0,51.1,20.2,129.0583,,,32.440052609128664,False,rejected_by_pre_entry_checks,,,127.525,0.3548,126.245,-0.6525
2026-09-28,2026-09-28T13:44:52.235698,INOD,RAPID_DECREASE_CANDIDATE,68.34,-1.577,-1.625,0.048,0.531,0.9219,14,0.6,1.5908036341558274,5,0.7116439698246293,0.75,0.0,9.4,22.1,15.2,0.0,0.0,34.4,0.0,69.3051,,,23.938691842743676,False,rejected_by_pre_entry_checks,,,69.12,1.1414,68.5,0.2341
2026-09-28,2026-09-28T13:44:52.254485,QCOM,RAPID_DECREASE_CANDIDATE,187.7204,-1.011,-1.059,0.048,1.13,3.729,14,0.6,1.2410526812384155,5,0.3570545026278345,0.55,0.0,23.5,59.8,3.9,0.0,0.0,54.3,0.0,191.2447,24.6,SMH,33.672935395066084,False,rejected_by_pre_entry_checks,,,189.92,1.1717,187.55,-0.0908
2026-09-28,2026-09-28T13:44:52.288867,INTC,RAPID_DECREASE_CANDIDATE,117.065,-0.93,-0.978,0.048,0.98,0.0427,14,0.6,1.683915415417859,5,0.7641607066296857,0.7,0.0,25.5,48.6,13.7,0.0,0.0,49.3,100.0,118.788,26.6,SMH,36.90606172311978,False,rejected_by_pre_entry_checks,,,117.955,0.7603,117.0363,-0.0245
2026-09-28,2026-09-28T13:44:55.464952,RKLB,RAPID_DECREASE_CANDIDATE,73.1056,-0.692,-0.74,0.048,1.021,0.0958,13,0.6,2.1492297245915246,5,0.4558393724462264,0.65,0.0,31.5,51.5,42.1,0.0,0.0,50.7,89.8,73.3386,35.2,ARKK,41.67579414765155,False,rejected_by_pre_entry_checks,,,73.035,-0.0966,72.7248,-0.5209
2026-09-28,2026-09-28T13:44:55.481422,GRAL,RAPID_DECREASE_CANDIDATE,130.765,-1.788,-1.836,0.048,0.702,1.0171,13,0.8,4.915730979976147,5,0.5465175439728505,0.7166666666666666,0.0,4.1,31.1,14.9,0.0,0.0,40.1,0.0,132.6276,,,25.24028392240697,False,rejected_by_pre_entry_checks,,,131.07,0.2332,128.63,-1.6327
2026-09-28,2026-09-28T13:44:55.496678,VICR,RAPID_DECREASE_CANDIDATE,279.085,-1.727,-1.775,0.048,1.012,1.2792,13,0.4,1.3557212185800078,5,0.9227008850877633,0.7708333333333334,0.0,5.6,50.8,32.7,0.0,0.0,50.4,0.0,281.0331,,,32.29366353340838,False,rejected_by_pre_entry_checks,,,280.52,0.5142,276.625,-0.8815
2026-09-28,2026-09-28T13:44:55.512486,MXL,RAPID_DECREASE_CANDIDATE,90.7515,-1.034,-1.082,0.048,0.74,20.1099,13,0.8,4.09451630603999,5,0.3855761162613768,0.6166666666666667,0.0,22.9,33.3,16.9,0.0,0.0,41.3,0.0,91.9687,,,29.153231306755323,False,rejected_by_pre_entry_checks,,,89.58,-1.2909,86.21,-5.0043
2026-09-28,2026-09-28T13:44:55.529699,VKTX,RAPID_DECREASE_CANDIDATE,34.945,-0.385,-0.433,0.048,0.946,4.9793,13,0.8,3.248332067979104,5,0.6228616102135653,0.75,0.0,39.2,46.3,51.7,3.4,0.0,48.2,0.0,34.9211,,,38.799224573394255,False,rejected_by_pre_entry_checks,,,34.92,-0.0715,34.79,-0.4436
2026-09-28,2026-09-28T13:44:55.549143,TWST,RAPID_DECREASE_CANDIDATE,183.6001,-0.482,-0.53,0.048,0.79,1.7102,13,0.8,2.5386757223673873,5,0.8627782041442819,0.9,0.0,36.8,36.3,54.2,8.4,0.0,43.0,0.0,183.2911,,,35.7654800759397,False,rejected_by_pre_entry_checks,,,186.33,1.4869,180.74,-1.5578
2026-09-28,2026-09-28T13:44:55.567833,VIAV,RAPID_DECREASE_CANDIDATE,39.8561,-0.403,-0.451,0.048,1.071,8.1042,13,0.6,2.8844733431844105,5,0.8360244868024191,0.8,0.0,38.7,55.2,25.5,0.0,0.0,52.4,0.0,40.2498,,,37.89244537936222,False,rejected_by_pre_entry_checks,,,38.99,-2.1731,39.05,-2.0225
2026-09-28,2026-09-28T13:44:55.586845,AEHR,RAPID_DECREASE_CANDIDATE,98.5,-1.374,-1.422,0.048,0.987,14.6396,13,0.6,2.2181261848106475,5,0.7943571234524781,0.75,0.0,14.4,49.1,22.1,0.0,0.0,49.6,0.0,99.6126,,,32.04430595290421,False,rejected_by_pre_entry_checks,,,97.74,-0.7716,96.195,-2.3401
2026-09-28,2026-09-28T13:44:55.602685,PLTR,RAPID_DECREASE_CANDIDATE,188.32,-0.634,-0.682,0.048,0.921,6.1226,13,0.6,1.573986050400486,5,0.39020677611281884,0.6,0.0,33.0,44.6,52.0,3.9,40.0,47.4,0.0,188.1718,36.6,ARKK,40.67670709983203,False,rejected_by_pre_entry_checks,,,189.1799,0.4566,187.285,-0.5496
2026-09-28,2026-09-28T13:44:55.619454,P,RAPID_DECREASE_CANDIDATE,127.2216,-1.233,-1.281,0.048,1.025,0.4087,13,0.6,4.895076230386623,5,0.5700187605349776,0.7666666666666666,0.0,18.0,51.8,14.5,0.0,0.0,50.8,20.3,129.055,,,33.144373106252004,False,rejected_by_pre_entry_checks,,,127.285,0.0498,126.245,-0.7676
2026-09-28,2026-09-28T13:44:55.637210,INOD,RAPID_DECREASE_CANDIDATE,68.34,-1.577,-1.625,0.048,0.601,0.9219,13,0.6,1.5908036341558274,5,0.7116439698246293,0.75,0.0,9.4,25.7,15.2,0.0,0.0,36.7,0.0,69.3049,,,24.828119373699472,False,rejected_by_pre_entry_checks,,,69.045,1.0316,68.5,0.2341
2026-09-28,2026-09-28T13:44:55.652801,QCOM,RAPID_DECREASE_CANDIDATE,187.916,-0.908,-0.956,0.048,1.094,3.7144,13,0.6,1.2410526812384155,5,0.3570545026278345,0.55,0.0,26.1,57.0,6.9,0.0,0.0,53.1,0.0,191.213,27.2,SMH,33.856193473934255,False,rejected_by_pre_entry_checks,,,190.25,1.242,187.55,-0.1948
2026-09-28,2026-09-28T13:44:55.686177,INTC,RAPID_DECREASE_CANDIDATE,117.015,-0.973,-1.021,0.048,0.985,0.094,13,0.6,1.683915415417859,5,0.7641607066296857,0.7,0.0,24.5,48.9,12.8,0.0,0.0,49.5,90.2,118.7827,25.6,SMH,36.280120088637666,False,rejected_by_pre_entry_checks,,,118.22,1.0298,117.0363,0.0182
2026-09-28,2026-09-28T13:44:58.872676,RKLB,RAPID_DECREASE_CANDIDATE,73.09,-0.713,-0.761,0.048,1.014,0.1095,13,0.6,2.1492297245915246,5,0.4558393724462264,0.65,0.0,31.0,51.0,41.5,0.0,0.0,50.5,86.8,73.338,34.7,ARKK,41.281217818347926,False,rejected_by_pre_entry_checks,,,73.035,-0.0752,72.7248,-0.4997
2026-09-28,2026-09-28T13:44:58.889156,GRAL,RAPID_DECREASE_CANDIDATE,130.765,-1.788,-1.836,0.048,0.779,0.6959,13,0.8,4.915730979976147,5,0.5465175439728505,0.7166666666666666,0.0,4.1,35.6,14.9,0.0,0.0,42.6,0.0,132.6265,,,26.310488034450266,False,rejected_by_pre_entry_checks,,,131.07,0.2332,128.63,-1.6327
2026-09-28,2026-09-28T13:44:58.905047,VICR,RAPID_DECREASE_CANDIDATE,279.085,-1.727,-1.775,0.048,1.008,1.2792,13,0.4,1.3557212185800078,5,0.9227008850877633,0.7708333333333334,0.0,5.6,50.6,32.7,0.0,0.0,50.3,0.0,281.0328,,,32.230417988864076,False,rejected_by_pre_entry_checks,,,280.52,0.5142,276.625,-0.8815
2026-09-28,2026-09-28T13:44:58.942524,MXL,RAPID_DECREASE_CANDIDATE,90.73,-1.058,-1.106,0.048,0.81,5.6321,13,0.8,4.09451630603999,5,0.3855761162613768,0.6166666666666667,0.0,22.3,37.5,16.4,0.0,0.0,43.7,0.0,91.9678,,,29.97036377528541,False,rejected_by_pre_entry_checks,,,89.58,-1.2675,86.21,-4.9818
2026-09-28,2026-09-28T13:44:58.957492,TWST,RAPID_DECREASE_CANDIDATE,183.416,-0.582,-0.63,0.048,0.85,1.712,13,0.8,2.5386757223673873,5,0.8627782041442819,0.9,0.0,34.2,39.9,51.6,3.3,0.0,45.0,0.0,183.295,,,36.52904664367016,False,rejected_by_pre_entry_checks,,,186.33,1.5887,180.74,-1.459
2026-09-28,2026-09-28T13:44:58.973009,VIAV,RAPID_DECREASE_CANDIDATE,39.5,-1.293,-1.341,0.048,1.046,8.1772,13,0.6,2.8844733431844105,5,0.8360244868024191,0.8,0.0,16.5,53.3,3.6,0.0,0.0,51.5,0.0,40.2473,,,31.025967183800542,False,rejected_by_pre_entry_checks,,,38.99,-1.2911,39.05,-1.1392
2026-09-28,2026-09-28T13:44:58.989359,AEHR,RAPID_DECREASE_CANDIDATE,98.4801,-1.394,-1.442,0.048,0.991,14.5816,13,0.6,2.2181261848106475,5,0.7943571234524781,0.75,0.0,14.0,49.4,21.6,0.0,0.0,49.7,0.0,99.6105,,,31.972097400932505,False,rejected_by_pre_entry_checks,,,97.74,-0.7515,96.195,-2.3204
2026-09-28,2026-09-28T13:44:59.003797,ALAB,RAPID_DECREASE_CANDIDATE,358.24,-0.475,-0.523,0.048,1.003,0.6923,13,0.6,3.4652459674035905,5,0.5743347580489254,0.75,0.0,36.9,50.2,24.4,0.0,0.0,50.1,0.0,361.9474,,,36.33790874705386,False,rejected_by_pre_entry_checks,,,361.49,0.9072,353.515,-1.3189
2026-09-28,2026-09-28T13:44:59.031550,PLTR,RAPID_DECREASE_CANDIDATE,188.27,-0.661,-0.709,0.048,0.946,6.1454,13,0.6,1.573986050400486,5,0.39020677611281884,0.6,0.0,32.3,46.2,51.3,2.6,40.0,48.2,0.0,188.1734,36.0,ARKK,41.03356430374884,False,rejected_by_pre_entry_checks,,,189.1799,0.4833,187.285,-0.5232
2026-09-28,2026-09-28T13:44:59.048404,P,RAPID_DECREASE_CANDIDATE,126.8148,-1.549,-1.597,0.048,1.017,0.4022,13,0.6,4.895076230386623,5,0.5700187605349776,0.7666666666666666,0.0,10.1,51.2,6.7,0.0,0.0,50.6,21.7,129.0517,,,30.77312589865186,False,rejected_by_pre_entry_checks,,,127.285,0.3708,126.245,-0.4493
2026-09-28,2026-09-28T13:44:59.062973,INOD,RAPID_DECREASE_CANDIDATE,68.34,-1.577,-1.625,0.048,0.693,0.9219,13,0.6,1.5908036341558274,5,0.7116439698246293,0.75,0.0,9.4,30.6,15.2,0.0,0.0,39.8,0.0,69.3048,,,26.040366025298713,False,rejected_by_pre_entry_checks,,,69.045,1.0316,68.5,0.2341
2026-09-28,2026-09-28T13:44:59.079599,QCOM,RAPID_DECREASE_CANDIDATE,187.9802,-0.874,-0.922,0.048,1.061,3.7238,13,0.6,1.2410526812384155,5,0.3570545026278345,0.55,0.0,26.9,54.5,8.1,0.0,0.0,52.0,0.0,191.182,28.0,SMH,33.590481405628154,False,rejected_by_pre_entry_checks,,,190.25,1.2075,187.55,-0.2289
2026-09-28,2026-09-28T13:44:59.094794,INTC,RAPID_DECREASE_CANDIDATE,116.92,-1.053,-1.101,0.048,0.99,0.0257,13,0.6,1.683915415417859,5,0.7641607066296857,0.7,0.0,22.5,49.3,10.9,0.0,0.0,49.7,100.0,118.7776,23.6,SMH,36.19710057594621,False,rejected_by_pre_entry_checks,,,118.22,1.1119,117.0363,0.0995
2026-09-28,2026-09-28T13:45:02.433361,GRAL,RAPID_DECREASE_CANDIDATE,130.755,-0.751,-0.824,0.073,1.266,0.696,9,0.8,4.915730979976147,5,0.5465175439728505,0.7166666666666666,0.0,29.4,44.9,14.8,0.0,0.0,58.9,0.0,132.6222,,,34.09011759861648,False,rejected_by_pre_entry_checks,,,131.07,0.2409,128.63,-1.6252
2026-09-28,2026-09-28T13:45:02.456042,VICR,RAPID_DECREASE_CANDIDATE,279.085,-0.455,-0.528,0.073,5.879,1.2792,9,0.4,1.3557212185800078,5,0.9227008850877633,0.7708333333333334,0.0,36.8,100.0,32.8,0.0,0.0,100.0,0.0,281.0202,,,51.89798715963287,False,rejected_by_pre_entry_checks,,,280.52,0.5142,276.625,-0.8815
2026-09-28,2026-09-28T13:45:02.479604,TWST,RAPID_DECREASE_CANDIDATE,183.89,-0.409,-0.482,0.073,1.23,1.3432,9,0.8,2.5386757223673873,5,0.8627782041442819,0.9,0.0,38.0,47.1,58.1,16.2,40.0,57.7,0.0,183.2977,,,42.44992722530352,False,rejected_by_pre_entry_checks,,,186.33,1.3269,180.74,-1.713
2026-09-28,2026-09-28T13:45:02.508091,ALAB,RAPID_DECREASE_CANDIDATE,358.2975,-0.459,-0.532,0.073,2.331,0.6922,9,0.6,3.4652459674035905,5,0.5743347580489254,0.75,0.0,36.7,62.7,25.3,0.0,0.0,94.4,0.0,361.8781,,,44.01476026781633,False,rejected_by_pre_entry_checks,,,361.49,0.891,353.515,-1.3348
2026-09-28,2026-09-28T13:45:02.528634,TXG,RAPID_DECREASE_CANDIDATE,87.5,-0.661,-0.734,0.073,2.28,15.5086,9,0.6,1.764068263321942,5,0.8088586851744765,0.85,0.0,31.6,62.1,60.3,20.6,0.0,92.7,0.0,87.1417,,,44.676945569789176,False,rejected_by_pre_entry_checks,,,88.09,0.6743,84.9647,-2.8975
2026-09-28,2026-09-28T13:45:02.592585,P,RAPID_DECREASE_CANDIDATE,127.2,-1.027,-1.1,0.073,2.17,5.3381,9,0.6,4.895076230386623,5,0.5700187605349776,0.7666666666666666,0.0,22.5,61.5,14.4,0.0,0.0,89.0,0.0,129.0386,,,39.42130751100929,False,rejected_by_pre_entry_checks,,,127.285,0.0668,126.245,-0.7508
2026-09-28,2026-09-28T13:45:02.621060,INOD,RAPID_DECREASE_CANDIDATE,68.34,-0.995,-1.068,0.073,5.094,0.9219,9,0.6,1.5908036341558274,5,0.7116439698246293,0.75,0.0,23.3,82.4,15.3,0.0,0.0,100.0,0.0,69.3017,,,44.52269910390579,False,rejected_by_pre_entry_checks,,,69.045,1.0316,68.5,0.2341
2026-09-28,2026-09-28T13:45:02.638745,QCOM,RAPID_DECREASE_CANDIDATE,187.84,-0.408,-0.481,0.073,0.736,4.5038,9,0.6,1.2410526812384155,5,0.3570545026278345,0.55,0.0,38.0,49.6,6.6,0.0,0.0,41.2,0.0,191.1567,42.8,SMH,33.06838372273308,False,rejected_by_pre_entry_checks,,,190.25,1.283,187.55,-0.1544
2026-09-28,2026-09-28T13:45:02.673304,INTC,RAPID_DECREASE_CANDIDATE,116.8231,-0.964,-1.037,0.073,1.542,2.3882,9,0.6,1.683915415417859,5,0.7641607066296857,0.7,0.0,24.1,54.6,9.2,0.0,0.0,68.1,0.0,118.7603,28.9,SMH,35.26753745513717,False,rejected_by_pre_entry_checks,,,118.22,1.1957,117.0363,0.1825
2026-09-28,2026-09-28T13:45:13.043489,GRAL,RAPID_DECREASE_CANDIDATE,130.12,-1.233,-1.306,0.073,1.409,13.2032,10,0.8,4.915730979976147,5,0.5465175439728505,0.7166666666666666,0.0,17.4,57.9,2.9,0.0,0.0,63.6,0.0,132.6179,,,33.36422068417266,False,rejected_by_pre_entry_checks,,,131.07,0.7301,128.63,-1.1451
2026-09-28,2026-09-28T13:45:13.066298,VICR,RAPID_DECREASE_CANDIDATE,279.4,-0.342,-0.415,0.073,4.668,1.2777,10,0.4,1.3557212185800078,5,0.9227008850877633,0.7708333333333334,0.0,39.6,100.0,35.7,0.0,0.0,100.0,0.0,281.0079,,,52.7327088338892,False,rejected_by_pre_entry_checks,,,280.52,0.4009,276.625,-0.9932
2026-09-28,2026-09-28T13:45:13.083680,VKTX,RAPID_DECREASE_CANDIDATE,34.83,-0.628,-0.701,0.073,2.124,4.9957,10,0.8,3.248332067979104,5,0.6228616102135653,0.75,0.0,32.5,73.8,43.4,0.0,0.0,87.5,0.0,34.9215,,,46.57454072462316,False,rejected_by_pre_entry_checks,,,34.92,0.2584,34.79,-0.1148
2026-09-28,2026-09-28T13:45:13.102738,TWST,RAPID_DECREASE_CANDIDATE,183.8551,-0.428,-0.501,0.073,1.313,0.7995,10,0.8,2.5386757223673873,5,0.8627782041442819,0.9,0.0,37.5,56.0,57.6,15.1,0.0,60.4,0.0,183.3004,,,40.93947254108279,False,rejected_by_pre_entry_checks,,,186.33,1.3461,180.74,-1.6943
2026-09-28,2026-09-28T13:45:13.119036,MRNA,RAPID_DECREASE_CANDIDATE,191.8,-0.343,-0.416,0.073,1.561,0.9124,10,1.0,3.63816316910259,5,0.3542739612420701,0.65,0.0,39.6,61.1,33.5,0.0,0.0,68.7,0.0,193.075,36.1,XLV,42.053424345671296,False,rejected_by_pre_entry_checks,,,196.21,2.2993,193.81,1.048
2026-09-28,2026-09-28T13:45:13.138493,TXG,RAPID_DECREASE_CANDIDATE,87.27,-0.922,-0.995,0.073,2.134,15.5494,10,0.6,1.764068263321942,5,0.8088586851744765,0.85,0.0,25.1,74.0,53.6,7.3,0.0,87.8,0.0,87.143,,,45.79415822188947,False,rejected_by_pre_entry_checks,,,88.09,0.9396,84.9647,-2.6416
2026-09-28,2026-09-28T13:45:13.160285,P,RAPID_DECREASE_CANDIDATE,127.23,-1.004,-1.077,0.073,2.03,5.3368,10,0.6,4.895076230386623,5,0.5700187605349776,0.7666666666666666,0.0,23.1,71.5,15.2,0.0,0.0,84.3,0.0,129.0257,,,40.711637873249565,False,rejected_by_pre_entry_checks,,,127.285,0.0432,126.245,-0.7742
2026-09-28,2026-09-28T13:45:13.196223,INOD,RAPID_DECREASE_CANDIDATE,68.3,-1.052,-1.125,0.073,4.707,0.981,10,0.6,1.5908036341558274,5,0.7116439698246293,0.75,0.0,21.9,100.0,14.0,0.0,0.0,100.0,0.0,69.2985,,,47.05958478212687,False,rejected_by_pre_entry_checks,,,69.045,1.0908,68.5,0.2928
2026-09-28,2026-09-28T13:45:13.215719,QCOM,RAPID_DECREASE_CANDIDATE,187.705,-0.48,-0.553,0.073,0.726,3.6227,10,0.6,1.2410526812384155,5,0.3570545026278345,0.55,0.0,36.2,45.1,5.2,0.0,0.0,40.9,0.0,191.1318,41.0,SMH,31.79620675512293,False,rejected_by_pre_entry_checks,,,190.25,1.3559,187.55,-0.0826
2026-09-28,2026-09-28T13:45:13.247666,INTC,RAPID_DECREASE_CANDIDATE,116.945,-0.86,-0.933,0.073,1.506,0.0342,10,0.6,1.683915415417859,5,0.7641607066296857,0.7,0.0,26.7,59.9,12.1,0.0,0.0,66.9,100.0,118.7433,31.5,SMH,40.975787644792156,False,rejected_by_pre_entry_checks,,,118.22,1.0903,117.0363,0.0781
2026-09-28,2026-09-28T13:45:23.471105,GRAL,RAPID_DECREASE_CANDIDATE,130.2655,-1.123,-1.196,0.073,1.377,13.1808,7,0.8,4.915730979976147,5,0.5465175439728505,0.7166666666666666,0.0,20.1,61.9,5.7,0.0,0.0,62.6,0.0,132.6136,,,34.70248081794058,False,rejected_by_pre_entry_checks,,,131.07,0.6176,128.63,-1.2555
2026-09-28,2026-09-28T13:45:23.490618,VKTX,RAPID_DECREASE_CANDIDATE,34.845,-0.585,-0.658,0.073,1.999,4.9935,7,0.8,3.248332067979104,5,0.6228616102135653,0.75,0.0,33.5,85.7,44.5,0.0,0.0,83.3,0.0,34.9216,,,48.348137531843946,False,rejected_by_pre_entry_checks,,,34.92,0.2152,34.79,-0.1578
2026-09-28,2026-09-28T13:45:23.509136,TXG,RAPID_DECREASE_CANDIDATE,87.49,-0.673,-0.746,0.073,2.007,15.5103,7,0.6,1.764068263321942,5,0.8088586851744765,0.85,0.0,31.4,86.0,59.9,19.8,0.0,83.6,0.0,87.1443,,,47.52010297984995,False,rejected_by_pre_entry_checks,,,88.09,0.6858,84.9647,-2.8864
2026-09-28,2026-09-28T13:45:23.527681,P,RAPID_DECREASE_CANDIDATE,127.425,-0.852,-0.925,0.073,1.92,0.2904,7,0.6,4.895076230386623,5,0.5700187605349776,0.7666666666666666,0.0,26.9,82.3,19.2,0.0,0.0,80.7,46.6,129.0129,,,45.1251368854504,False,rejected_by_pre_entry_checks,,,127.285,-0.1099,126.245,-0.926
2026-09-28,2026-09-28T13:45:23.545549,INOD,RAPID_DECREASE_CANDIDATE,68.5785,-0.649,-0.722,0.073,3.903,0.8312,7,0.6,1.5908036341558274,5,0.7116439698246293,0.75,0.0,31.9,100.0,24.1,0.0,0.0,100.0,0.0,69.2955,,,50.008390350633576,False,rejected_by_pre_entry_checks,,,69.045,0.6802,68.5,-0.1145
2026-09-28,2026-09-28T13:45:23.563785,QCOM,RAPID_DECREASE_CANDIDATE,187.6997,-0.483,-0.556,0.073,0.737,3.6441,7,0.6,1.2410526812384155,5,0.3570545026278345,0.55,0.0,36.1,42.6,5.4,0.0,0.0,41.2,0.0,191.1072,41.0,SMH,31.449441190397067,False,rejected_by_pre_entry_checks,,,190.25,1.3587,187.55,-0.0798
2026-09-28,2026-09-28T13:45:23.580570,INTC,RAPID_DECREASE_CANDIDATE,117.159,-0.679,-0.752,0.073,1.465,0.0683,7,0.6,1.683915415417859,5,0.7641607066296857,0.7,0.0,31.2,64.9,17.0,0.0,0.0,65.5,95.9,118.7266,36.0,SMH,42.823336571312474,False,rejected_by_pre_entry_checks,,,118.22,0.9056,117.0363,-0.1047
2026-09-28,2026-09-28T13:45:34.848897,GRAL,RAPID_DECREASE_CANDIDATE,130.6,-0.869,-0.942,0.073,1.347,13.147,9,0.8,4.915730979976147,5,0.5465175439728505,0.7166666666666666,0.0,26.5,65.9,12.1,0.0,0.0,61.6,0.0,132.6093,,,37.094434579832146,True,,,,131.07,0.3599,128.63,-1.5084
2026-09-28,2026-09-28T13:45:34.866719,VICR,RAPID_DECREASE_CANDIDATE,279.395,-0.344,-0.417,0.073,3.316,6.6143,9,0.4,1.3557212185800078,5,0.9227008850877633,0.7708333333333334,0.0,39.6,100.0,35.9,0.0,0.0,100.0,0.0,280.9841,,,52.74512448192939,False,rejected_by_pre_entry_checks,,,280.52,0.4027,276.625,-0.9914
2026-09-28,2026-09-28T13:45:34.892504,VKTX,RAPID_DECREASE_CANDIDATE,34.79,-0.742,-0.815,0.073,1.888,4.6853,9,0.8,3.248332067979104,5,0.6228616102135653,0.75,0.0,29.6,97.6,40.6,0.0,0.0,79.6,0.0,34.9218,,,48.7203658261928,False,rejected_by_pre_entry_checks,,,34.92,0.3737,34.79,0.0
2026-09-28,2026-09-28T13:45:34.910191,TWST,RAPID_DECREASE_CANDIDATE,183.5311,-0.603,-0.676,0.073,1.269,1.7054,9,0.8,2.5386757223673873,5,0.8627782041442819,0.9,0.0,33.1,62.0,53.1,6.1,0.0,59.0,0.0,183.3057,,,41.59022667027833,False,rejected_by_pre_entry_checks,,,186.33,1.525,180.74,-1.5208
2026-09-28,2026-09-28T13:45:35.077774,TXG,RAPID_DECREASE_CANDIDATE,87.45,-0.718,-0.791,0.073,1.895,15.5174,9,0.6,1.764068263321942,5,0.8088586851744765,0.85,0.0,30.2,98.0,58.7,17.5,0.0,79.8,0.0,87.1456,,,49.01587308631722,True,,,,88.09,0.7318,84.9647,-2.842
2026-09-28,2026-09-28T13:45:35.208820,P,RAPID_DECREASE_CANDIDATE,127.23,-1.004,-1.077,0.073,1.822,9.0073,9,0.6,4.895076230386623,5,0.5700187605349776,0.7666666666666666,0.0,23.1,93.1,15.7,0.0,0.0,77.4,0.0,129.0003,,,43.49540481467117,True,,,,127.285,0.0432,126.245,-0.7742
2026-09-28,2026-09-28T13:45:35.248471,INOD,RAPID_DECREASE_CANDIDATE,68.395,-0.915,-0.988,0.073,3.334,0.7457,9,0.6,1.5908036341558274,5,0.7116439698246293,0.75,0.0,25.3,100.0,17.6,0.0,0.0,100.0,0.0,69.2924,,,48.08613429739941,False,rejected_by_pre_entry_checks,,,69.045,0.9504,68.5,0.1535
2026-09-28,2026-09-28T13:45:35.297866,QCOM,RAPID_DECREASE_CANDIDATE,187.87,-0.392,-0.465,0.073,0.748,5.6316,9,0.6,1.2410526812384155,5,0.3570545026278345,0.55,0.0,38.4,40.1,8.0,0.0,0.0,41.6,0.0,191.083,43.2,SMH,31.781000210909234,True,,,,190.25,1.2668,187.55,-0.1703
2026-09-28,2026-09-28T13:45:35.315543,INTC,RAPID_DECREASE_CANDIDATE,116.75,-1.026,-1.099,0.073,1.426,0.0257,9,0.6,1.683915415417859,5,0.7641607066296857,0.7,0.0,22.5,69.9,8.7,0.0,0.0,64.2,100.0,118.7102,27.4,SMH,41.177497062111705,False,max_daily_entries,,,118.22,1.2591,117.0363,0.2452
