trade_id,symbol,date,timestamp,price,gain_pct
KHC-20260921T13333081444,KHC,2026-09-21,2026-09-21T09:33:43.133187-04:00,24.73,-0.0404
KHC-20260921T13333081444,KHC,2026-09-21,2026-09-21T09:33:46.206661-04:00,24.75,0.0404
KHC-20260921T13333081444,KHC,2026-09-21,2026-09-21T09:33:49.291195-04:00,24.74,0.0
KHC-20260921T13333081444,KHC,2026-09-21,2026-09-21T09:33:52.409013-04:00,24.73,-0.0404
KHC-20260921T13333081444,KHC,2026-09-21,2026-09-21T09:33:55.545802-04:00,24.73,-0.0404
KHC-20260921T13333081444,KHC,2026-09-21,2026-09-21T09:33:58.593295-04:00,24.71,-0.1213
KHC-20260921T13333081444,KHC,2026-09-21,2026-09-21T09:34:01.660239-04:00,24.71,-0.1213
KHC-20260921T13333081444,KHC,2026-09-21,2026-09-21T09:34:04.800489-04:00,24.6656,-0.3007
KHC-20260921T13333081444,KHC,2026-09-21,2026-09-21T09:34:07.963045-04:00,24.7,-0.1617
KHC-20260921T13333081444,KHC,2026-09-21,2026-09-21T09:34:11.145718-04:00,24.71,-0.1213
KHC-20260921T13333081444,KHC,2026-09-21,2026-09-21T09:34:14.240477-04:00,24.725,-0.0606
KHC-20260921T13333081444,KHC,2026-09-21,2026-09-21T09:34:17.412940-04:00,24.72,-0.0808
KHC-20260921T13333081444,KHC,2026-09-21,2026-09-21T09:34:20.560339-04:00,24.72,-0.0808
KHC-20260921T13333081444,KHC,2026-09-21,2026-09-21T09:34:23.809031-04:00,24.75,0.0404
KHC-20260921T13333081444,KHC,2026-09-21,2026-09-21T09:34:26.952430-04:00,24.76,0.0808
KHC-20260921T13333081444,KHC,2026-09-21,2026-09-21T09:34:30.154495-04:00,24.76,0.0808
KHC-20260921T13333081444,KHC,2026-09-21,2026-09-21T09:34:33.488709-04:00,24.76,0.0808
KHC-20260921T13333081444,KHC,2026-09-21,2026-09-21T09:34:36.635188-04:00,24.76,0.0808
KHC-20260921T13333081444,KHC,2026-09-21,2026-09-21T09:34:39.784243-04:00,24.75,0.0404
KHC-20260921T13333081444,KHC,2026-09-21,2026-09-21T09:34:42.926293-04:00,24.75,0.0404
KHC-20260921T13333081444,KHC,2026-09-21,2026-09-21T09:34:46.068164-04:00,24.77,0.0913
KHC-20260921T13333081444,KHC,2026-09-21,2026-09-21T09:34:49.172849-04:00,24.75,0.0104
KHC-20260921T13333081444,KHC,2026-09-21,2026-09-21T09:34:52.363014-04:00,24.75,0.0011
KHC-20260921T13333081444,KHC,2026-09-21,2026-09-21T09:34:55.595743-04:00,24.75,0.0011
KHC-20260921T13333081444,KHC,2026-09-21,2026-09-21T09:34:58.805980-04:00,24.74,-0.0393
KHC-20260921T13333081444,KHC,2026-09-21,2026-09-21T09:35:01.960611-04:00,24.64,-0.4433
KHC-20260921T13333081444,KHC,2026-09-21,2026-09-21T09:35:05.327931-04:00,24.63,-0.4837
KHC-20260921T13333081444,KHC,2026-09-21,2026-09-21T09:35:08.519460-04:00,24.66,-0.3625
KHC-20260921T13333081444,KHC,2026-09-21,2026-09-21T09:35:11.733499-04:00,24.6699,-0.1745
ISRG-20260921T13345580104,ISRG,2026-09-21,2026-09-21T09:35:11.733499-04:00,395.1697,-0.134
KHC-20260921T13333081444,KHC,2026-09-21,2026-09-21T09:35:14.896587-04:00,24.66,-0.2145
ISRG-20260921T13345580104,ISRG,2026-09-21,2026-09-21T09:35:14.896587-04:00,395.1928,-0.1191
KHC-20260921T13333081444,KHC,2026-09-21,2026-09-21T09:35:18.042735-04:00,24.66,-0.2145
LRCX-20260921T13344936232,LRCX,2026-09-21,2026-09-21T09:35:18.042735-04:00,292.416,-0.2402
ISRG-20260921T13345580104,ISRG,2026-09-21,2026-09-21T09:35:18.042735-04:00,394.74,-0.2335
KHC-20260921T13333081444,KHC,2026-09-21,2026-09-21T09:35:21.174631-04:00,24.66,-0.2145
LRCX-20260921T13344936232,LRCX,2026-09-21,2026-09-21T09:35:21.174631-04:00,292.666,-0.1549
ISRG-20260921T13345580104,ISRG,2026-09-21,2026-09-21T09:35:21.174631-04:00,394.59,-0.2714
KHC-20260921T13333081444,KHC,2026-09-21,2026-09-21T09:35:24.286704-04:00,24.65,-0.255
LRCX-20260921T13344936232,LRCX,2026-09-21,2026-09-21T09:35:24.286704-04:00,293.22,0.0341
ISRG-20260921T13345580104,ISRG,2026-09-21,2026-09-21T09:35:24.286704-04:00,394.55,-0.2816
KHC-20260921T13333081444,KHC,2026-09-21,2026-09-21T09:35:27.416230-04:00,24.65,-0.255
LRCX-20260921T13344936232,LRCX,2026-09-21,2026-09-21T09:35:27.416230-04:00,292.41,-0.2388
ISRG-20260921T13345580104,ISRG,2026-09-21,2026-09-21T09:35:27.416230-04:00,393.6065,-0.496
KHC-20260921T13333081444,KHC,2026-09-21,2026-09-21T09:35:30.565637-04:00,24.655,-0.2348
LRCX-20260921T13344936232,LRCX,2026-09-21,2026-09-21T09:35:30.565637-04:00,292.625,-0.1655
ISRG-20260921T13345580104,ISRG,2026-09-21,2026-09-21T09:35:30.565637-04:00,394.55,-0.2574
KHC-20260921T13333081444,KHC,2026-09-21,2026-09-21T09:35:33.684452-04:00,24.66,-0.2145
LRCX-20260921T13344936232,LRCX,2026-09-21,2026-09-21T09:35:33.684452-04:00,292.525,-0.1996
ISRG-20260921T13345580104,ISRG,2026-09-21,2026-09-21T09:35:33.684452-04:00,394.55,-0.2574
KHC-20260921T13333081444,KHC,2026-09-21,2026-09-21T09:35:36.776970-04:00,24.66,-0.2145
LRCX-20260921T13344936232,LRCX,2026-09-21,2026-09-21T09:35:36.776970-04:00,292.38,-0.2491
ISRG-20260921T13345580104,ISRG,2026-09-21,2026-09-21T09:35:36.776970-04:00,394.72,-0.2145
KHC-20260921T13333081444,KHC,2026-09-21,2026-09-21T09:35:39.872273-04:00,24.66,-0.2145
LRCX-20260921T13344936232,LRCX,2026-09-21,2026-09-21T09:35:39.872273-04:00,291.8201,-0.4401
ISRG-20260921T13345580104,ISRG,2026-09-21,2026-09-21T09:35:39.872273-04:00,394.858,-0.1796
NVDA-20260921T13352755707,NVDA,2026-09-21,2026-09-21T09:35:39.872273-04:00,223.14,0.0045
KHC-20260921T13333081444,KHC,2026-09-21,2026-09-21T09:35:43.020477-04:00,24.67,-0.1741
LRCX-20260921T13344936232,LRCX,2026-09-21,2026-09-21T09:35:43.020477-04:00,291.82,-0.4401
ISRG-20260921T13345580104,ISRG,2026-09-21,2026-09-21T09:35:43.020477-04:00,394.71,-0.217
NVDA-20260921T13352755707,NVDA,2026-09-21,2026-09-21T09:35:43.020477-04:00,223.155,0.0085
KHC-20260921T13333081444,KHC,2026-09-21,2026-09-21T09:35:46.117726-04:00,24.6623,-0.2052
LRCX-20260921T13344936232,LRCX,2026-09-21,2026-09-21T09:35:46.117726-04:00,291.91,-0.4094
ISRG-20260921T13345580104,ISRG,2026-09-21,2026-09-21T09:35:46.117726-04:00,394.53,-0.2625
NVDA-20260921T13352755707,NVDA,2026-09-21,2026-09-21T09:35:46.117726-04:00,223.055,-0.0452
KHC-20260921T13333081444,KHC,2026-09-21,2026-09-21T09:35:49.208104-04:00,24.67,-0.1741
LRCX-20260921T13344936232,LRCX,2026-09-21,2026-09-21T09:35:49.208104-04:00,292.1625,-0.3233
ISRG-20260921T13345580104,ISRG,2026-09-21,2026-09-21T09:35:49.208104-04:00,394.7,-0.2195
NVDA-20260921T13352755707,NVDA,2026-09-21,2026-09-21T09:35:49.208104-04:00,223.104,-0.0232
KHC-20260921T13333081444,KHC,2026-09-21,2026-09-21T09:35:52.308953-04:00,24.67,-0.1741
LRCX-20260921T13344936232,LRCX,2026-09-21,2026-09-21T09:35:52.308953-04:00,292.0238,-0.3706
ISRG-20260921T13345580104,ISRG,2026-09-21,2026-09-21T09:35:52.308953-04:00,395.07,-0.126
NVDA-20260921T13352755707,NVDA,2026-09-21,2026-09-21T09:35:52.308953-04:00,223.068,-0.0394
KHC-20260921T13333081444,KHC,2026-09-21,2026-09-21T09:35:55.463115-04:00,24.68,-0.1336
LRCX-20260921T13344936232,LRCX,2026-09-21,2026-09-21T09:35:55.463115-04:00,292.51,-0.2047
ISRG-20260921T13345580104,ISRG,2026-09-21,2026-09-21T09:35:55.463115-04:00,393.6865,-0.4757
NVDA-20260921T13352755707,NVDA,2026-09-21,2026-09-21T09:35:55.463115-04:00,222.4514,-0.3157
KHC-20260921T13333081444,KHC,2026-09-21,2026-09-21T09:35:58.553817-04:00,24.66,-0.2145
LRCX-20260921T13344936232,LRCX,2026-09-21,2026-09-21T09:35:58.553817-04:00,292.51,-0.2047
ISRG-20260921T13345580104,ISRG,2026-09-21,2026-09-21T09:35:58.553817-04:00,394.53,-0.2625
NVDA-20260921T13352755707,NVDA,2026-09-21,2026-09-21T09:35:58.553817-04:00,223.0,-0.0698
NXPI-20260921T13354001412,NXPI,2026-09-21,2026-09-21T09:35:58.553817-04:00,227.63,-0.6156
KHC-20260921T13333081444,KHC,2026-09-21,2026-09-21T09:36:01.720329-04:00,24.65,-0.255
LRCX-20260921T13344936232,LRCX,2026-09-21,2026-09-21T09:36:01.720329-04:00,292.36,-0.2559
ISRG-20260921T13345580104,ISRG,2026-09-21,2026-09-21T09:36:01.720329-04:00,394.53,-0.2625
NVDA-20260921T13352755707,NVDA,2026-09-21,2026-09-21T09:36:01.720329-04:00,223.01,-0.0654
NXPI-20260921T13354001412,NXPI,2026-09-21,2026-09-21T09:36:01.720329-04:00,227.5152,-0.6657
LRCX-20260921T13344936232,LRCX,2026-09-21,2026-09-21T09:36:04.950360-04:00,292.765,-0.1177
ISRG-20260921T13345580104,ISRG,2026-09-21,2026-09-21T09:36:04.950360-04:00,394.53,-0.2625
NVDA-20260921T13352755707,NVDA,2026-09-21,2026-09-21T09:36:04.950360-04:00,223.0305,-0.0562
NXPI-20260921T13354001412,NXPI,2026-09-21,2026-09-21T09:36:04.950360-04:00,227.68,-0.5938
LRCX-20260921T13344936232,LRCX,2026-09-21,2026-09-21T09:36:08.056995-04:00,292.1415,-0.3304
ISRG-20260921T13345580104,ISRG,2026-09-21,2026-09-21T09:36:08.056995-04:00,394.2473,-0.334
NVDA-20260921T13352755707,NVDA,2026-09-21,2026-09-21T09:36:08.056995-04:00,223.03,-0.0564
NXPI-20260921T13354001412,NXPI,2026-09-21,2026-09-21T09:36:08.056995-04:00,227.672,-0.5973
LRCX-20260921T13344936232,LRCX,2026-09-21,2026-09-21T09:36:11.133880-04:00,292.29,-0.2798
ISRG-20260921T13345580104,ISRG,2026-09-21,2026-09-21T09:36:11.133880-04:00,394.35,-0.308
NVDA-20260921T13352755707,NVDA,2026-09-21,2026-09-21T09:36:11.133880-04:00,223.112,-0.0196
NXPI-20260921T13354001412,NXPI,2026-09-21,2026-09-21T09:36:11.133880-04:00,227.2882,-0.7648
LRCX-20260921T13344936232,LRCX,2026-09-21,2026-09-21T09:36:14.259204-04:00,292.5376,-0.1953
ISRG-20260921T13345580104,ISRG,2026-09-21,2026-09-21T09:36:14.259204-04:00,393.7902,-0.4495
NVDA-20260921T13352755707,NVDA,2026-09-21,2026-09-21T09:36:14.259204-04:00,222.5413,-0.2754
NXPI-20260921T13354001412,NXPI,2026-09-21,2026-09-21T09:36:14.259204-04:00,227.28,-0.7684
LRCX-20260921T13344936232,LRCX,2026-09-21,2026-09-21T09:36:17.331839-04:00,291.8825,-0.4188
ISRG-20260921T13345580104,ISRG,2026-09-21,2026-09-21T09:36:17.331839-04:00,394.69,-0.222
NVDA-20260921T13352755707,NVDA,2026-09-21,2026-09-21T09:36:17.331839-04:00,223.21,0.0243
NXPI-20260921T13354001412,NXPI,2026-09-21,2026-09-21T09:36:17.331839-04:00,227.28,-0.7684
LRCX-20260921T13344936232,LRCX,2026-09-21,2026-09-21T09:36:20.415222-04:00,291.58,-0.522
ISRG-20260921T13345580104,ISRG,2026-09-21,2026-09-21T09:36:20.415222-04:00,394.95,-0.1563
NVDA-20260921T13352755707,NVDA,2026-09-21,2026-09-21T09:36:20.415222-04:00,223.212,0.0252
NXPI-20260921T13354001412,NXPI,2026-09-21,2026-09-21T09:36:20.415222-04:00,227.3389,-0.7427
LRCX-20260921T13344936232,LRCX,2026-09-21,2026-09-21T09:36:23.471065-04:00,291.52,-0.5425
ISRG-20260921T13345580104,ISRG,2026-09-21,2026-09-21T09:36:23.471065-04:00,394.38,-0.3004
NVDA-20260921T13352755707,NVDA,2026-09-21,2026-09-21T09:36:23.471065-04:00,223.335,0.0803
NXPI-20260921T13354001412,NXPI,2026-09-21,2026-09-21T09:36:23.471065-04:00,227.3389,-0.7427
LRCX-20260921T13344936232,LRCX,2026-09-21,2026-09-21T09:36:26.540184-04:00,291.5883,-0.5192
ISRG-20260921T13345580104,ISRG,2026-09-21,2026-09-21T09:36:26.540184-04:00,394.68,-0.2246
NVDA-20260921T13352755707,NVDA,2026-09-21,2026-09-21T09:36:26.540184-04:00,223.354,0.0888
NXPI-20260921T13354001412,NXPI,2026-09-21,2026-09-21T09:36:26.540184-04:00,227.28,-0.7684
LRCX-20260921T13344936232,LRCX,2026-09-21,2026-09-21T09:36:29.599143-04:00,291.92,-0.406
ISRG-20260921T13345580104,ISRG,2026-09-21,2026-09-21T09:36:29.599143-04:00,394.445,-0.284
NVDA-20260921T13352755707,NVDA,2026-09-21,2026-09-21T09:36:29.599143-04:00,223.32,0.0736
NXPI-20260921T13354001412,NXPI,2026-09-21,2026-09-21T09:36:29.599143-04:00,227.5978,-0.6297
LRCX-20260921T13344936232,LRCX,2026-09-21,2026-09-21T09:36:32.650702-04:00,291.5,-0.5493
ISRG-20260921T13345580104,ISRG,2026-09-21,2026-09-21T09:36:32.650702-04:00,393.9077,-0.4198
NVDA-20260921T13352755707,NVDA,2026-09-21,2026-09-21T09:36:32.650702-04:00,223.262,0.0476
NXPI-20260921T13354001412,NXPI,2026-09-21,2026-09-21T09:36:32.650702-04:00,227.28,-0.7684
LRCX-20260921T13344936232,LRCX,2026-09-21,2026-09-21T09:36:35.709124-04:00,292.015,-0.3736
ISRG-20260921T13345580104,ISRG,2026-09-21,2026-09-21T09:36:35.709124-04:00,394.85,-0.1816
NVDA-20260921T13352755707,NVDA,2026-09-21,2026-09-21T09:36:35.709124-04:00,223.293,0.0615
NXPI-20260921T13354001412,NXPI,2026-09-21,2026-09-21T09:36:35.709124-04:00,227.28,-0.7684
LRCX-20260921T13344936232,LRCX,2026-09-21,2026-09-21T09:36:38.770929-04:00,291.96,-0.3923
ISRG-20260921T13345580104,ISRG,2026-09-21,2026-09-21T09:36:38.770929-04:00,394.5356,-0.2611
NVDA-20260921T13352755707,NVDA,2026-09-21,2026-09-21T09:36:38.770929-04:00,223.25,0.0422
NXPI-20260921T13354001412,NXPI,2026-09-21,2026-09-21T09:36:38.770929-04:00,227.2775,-0.7695
LRCX-20260921T13344936232,LRCX,2026-09-21,2026-09-21T09:36:41.835807-04:00,292.295,-0.2781
ISRG-20260921T13345580104,ISRG,2026-09-21,2026-09-21T09:36:41.835807-04:00,394.294,-0.3222
NVDA-20260921T13352755707,NVDA,2026-09-21,2026-09-21T09:36:41.835807-04:00,223.302,0.0655
NXPI-20260921T13354001412,NXPI,2026-09-21,2026-09-21T09:36:41.835807-04:00,227.275,-0.7706
LRCX-20260921T13344936232,LRCX,2026-09-21,2026-09-21T09:36:44.889514-04:00,292.2808,-0.2829
ISRG-20260921T13345580104,ISRG,2026-09-21,2026-09-21T09:36:44.889514-04:00,394.44,-0.2852
NVDA-20260921T13352755707,NVDA,2026-09-21,2026-09-21T09:36:44.889514-04:00,223.2402,0.0378
NXPI-20260921T13354001412,NXPI,2026-09-21,2026-09-21T09:36:44.889514-04:00,227.275,-0.7706
LRCX-20260921T13344936232,LRCX,2026-09-21,2026-09-21T09:36:47.939930-04:00,292.225,-0.3019
ISRG-20260921T13345580104,ISRG,2026-09-21,2026-09-21T09:36:47.939930-04:00,394.51,-0.2675
NVDA-20260921T13352755707,NVDA,2026-09-21,2026-09-21T09:36:47.939930-04:00,223.35,0.087
NXPI-20260921T13354001412,NXPI,2026-09-21,2026-09-21T09:36:47.939930-04:00,227.275,-0.7706
LRCX-20260921T13344936232,LRCX,2026-09-21,2026-09-21T09:36:50.990528-04:00,292.405,-0.2405
ISRG-20260921T13345580104,ISRG,2026-09-21,2026-09-21T09:36:50.990528-04:00,394.7141,-0.216
NVDA-20260921T13352755707,NVDA,2026-09-21,2026-09-21T09:36:50.990528-04:00,223.43,0.1229
NXPI-20260921T13354001412,NXPI,2026-09-21,2026-09-21T09:36:50.990528-04:00,228.03,-0.441
LRCX-20260921T13344936232,LRCX,2026-09-21,2026-09-21T09:36:54.043178-04:00,292.7323,-0.1289
ISRG-20260921T13345580104,ISRG,2026-09-21,2026-09-21T09:36:54.043178-04:00,394.98,-0.1487
NVDA-20260921T13352755707,NVDA,2026-09-21,2026-09-21T09:36:54.043178-04:00,223.44,0.1273
NXPI-20260921T13354001412,NXPI,2026-09-21,2026-09-21T09:36:54.043178-04:00,227.27,-0.7728
LRCX-20260921T13344936232,LRCX,2026-09-21,2026-09-21T09:36:57.097057-04:00,293.0685,-0.0142
ISRG-20260921T13345580104,ISRG,2026-09-21,2026-09-21T09:36:57.097057-04:00,394.99,-0.1462
NVDA-20260921T13352755707,NVDA,2026-09-21,2026-09-21T09:36:57.097057-04:00,223.394,0.1067
NXPI-20260921T13354001412,NXPI,2026-09-21,2026-09-21T09:36:57.097057-04:00,227.4084,-0.7124
LRCX-20260921T13344936232,LRCX,2026-09-21,2026-09-21T09:37:00.150999-04:00,292.9538,-0.0533
ISRG-20260921T13345580104,ISRG,2026-09-21,2026-09-21T09:37:00.150999-04:00,394.5585,-0.2553
NVDA-20260921T13352755707,NVDA,2026-09-21,2026-09-21T09:37:00.150999-04:00,223.3812,0.101
NXPI-20260921T13354001412,NXPI,2026-09-21,2026-09-21T09:37:00.150999-04:00,227.265,-0.775
LRCX-20260921T13344936232,LRCX,2026-09-21,2026-09-21T09:37:03.514071-04:00,292.69,-0.1433
ISRG-20260921T13345580104,ISRG,2026-09-21,2026-09-21T09:37:03.514071-04:00,395.285,-0.0716
NVDA-20260921T13352755707,NVDA,2026-09-21,2026-09-21T09:37:03.514071-04:00,223.2334,0.0348
LRCX-20260921T13344936232,LRCX,2026-09-21,2026-09-21T09:37:06.630241-04:00,292.66,-0.1535
ISRG-20260921T13345580104,ISRG,2026-09-21,2026-09-21T09:37:06.630241-04:00,395.0767,-0.1243
NVDA-20260921T13352755707,NVDA,2026-09-21,2026-09-21T09:37:06.630241-04:00,223.265,0.0489
LRCX-20260921T13344936232,LRCX,2026-09-21,2026-09-21T09:37:09.753860-04:00,292.7,-0.1399
ISRG-20260921T13345580104,ISRG,2026-09-21,2026-09-21T09:37:09.753860-04:00,395.564,-0.0011
NVDA-20260921T13352755707,NVDA,2026-09-21,2026-09-21T09:37:09.753860-04:00,223.264,0.0485
LRCX-20260921T13344936232,LRCX,2026-09-21,2026-09-21T09:37:12.861942-04:00,292.73,-0.1296
ISRG-20260921T13345580104,ISRG,2026-09-21,2026-09-21T09:37:12.861942-04:00,395.5,-0.0173
NVDA-20260921T13352755707,NVDA,2026-09-21,2026-09-21T09:37:12.861942-04:00,223.34,0.0825
LRCX-20260921T13344936232,LRCX,2026-09-21,2026-09-21T09:37:15.959260-04:00,292.805,-0.1041
ISRG-20260921T13345580104,ISRG,2026-09-21,2026-09-21T09:37:15.959260-04:00,395.354,-0.0542
NVDA-20260921T13352755707,NVDA,2026-09-21,2026-09-21T09:37:15.959260-04:00,223.35,0.087
LRCX-20260921T13344936232,LRCX,2026-09-21,2026-09-21T09:37:19.306749-04:00,292.718,-0.1337
ISRG-20260921T13345580104,ISRG,2026-09-21,2026-09-21T09:37:19.306749-04:00,395.4799,-0.0224
NVDA-20260921T13352755707,NVDA,2026-09-21,2026-09-21T09:37:19.306749-04:00,223.47,0.1408
LRCX-20260921T13344936232,LRCX,2026-09-21,2026-09-21T09:37:22.386157-04:00,292.715,-0.1348
ISRG-20260921T13345580104,ISRG,2026-09-21,2026-09-21T09:37:22.386157-04:00,394.0612,-0.381
NVDA-20260921T13352755707,NVDA,2026-09-21,2026-09-21T09:37:22.386157-04:00,223.7,0.2439
LRCX-20260921T13344936232,LRCX,2026-09-21,2026-09-21T09:37:25.455731-04:00,292.796,-0.1071
ISRG-20260921T13345580104,ISRG,2026-09-21,2026-09-21T09:37:25.455731-04:00,394.5743,-0.2513
NVDA-20260921T13352755707,NVDA,2026-09-21,2026-09-21T09:37:25.455731-04:00,223.714,0.2501
LRCX-20260921T13344936232,LRCX,2026-09-21,2026-09-21T09:37:28.572833-04:00,292.902,-0.071
ISRG-20260921T13345580104,ISRG,2026-09-21,2026-09-21T09:37:28.572833-04:00,395.1375,-0.1089
NVDA-20260921T13352755707,NVDA,2026-09-21,2026-09-21T09:37:28.572833-04:00,223.7499,0.2662
LRCX-20260921T13344936232,LRCX,2026-09-21,2026-09-21T09:37:31.660244-04:00,292.73,-0.1296
ISRG-20260921T13345580104,ISRG,2026-09-21,2026-09-21T09:37:31.660244-04:00,394.7325,-0.2113
NVDA-20260921T13352755707,NVDA,2026-09-21,2026-09-21T09:37:31.660244-04:00,223.842,0.3075
LRCX-20260921T13344936232,LRCX,2026-09-21,2026-09-21T09:37:34.745200-04:00,292.815,-0.1006
ISRG-20260921T13345580104,ISRG,2026-09-21,2026-09-21T09:37:34.745200-04:00,394.89,-0.1715
NVDA-20260921T13352755707,NVDA,2026-09-21,2026-09-21T09:37:34.745200-04:00,223.826,0.3003
LRCX-20260921T13344936232,LRCX,2026-09-21,2026-09-21T09:37:37.837925-04:00,292.95,-0.0546
ISRG-20260921T13345580104,ISRG,2026-09-21,2026-09-21T09:37:37.837925-04:00,394.9174,-0.1646
NVDA-20260921T13352755707,NVDA,2026-09-21,2026-09-21T09:37:37.837925-04:00,223.825,0.2999
LRCX-20260921T13344936232,LRCX,2026-09-21,2026-09-21T09:37:40.996250-04:00,293.152,0.0143
ISRG-20260921T13345580104,ISRG,2026-09-21,2026-09-21T09:37:40.996250-04:00,394.9,-0.169
NVDA-20260921T13352755707,NVDA,2026-09-21,2026-09-21T09:37:40.996250-04:00,223.858,0.3147
LRCX-20260921T13344936232,LRCX,2026-09-21,2026-09-21T09:37:44.131830-04:00,293.2431,0.0454
ISRG-20260921T13345580104,ISRG,2026-09-21,2026-09-21T09:37:44.131830-04:00,394.38,-0.3004
NVDA-20260921T13352755707,NVDA,2026-09-21,2026-09-21T09:37:44.131830-04:00,223.92,0.3424
IREN-20260921T13373799519,IREN,2026-09-21,2026-09-21T09:37:44.131830-04:00,46.9195,0.0843
LRCX-20260921T13344936232,LRCX,2026-09-21,2026-09-21T09:37:47.221409-04:00,293.69,0.1979
ISRG-20260921T13345580104,ISRG,2026-09-21,2026-09-21T09:37:47.221409-04:00,394.38,-0.3004
NVDA-20260921T13352755707,NVDA,2026-09-21,2026-09-21T09:37:47.221409-04:00,224.072,0.4106
IREN-20260921T13373799519,IREN,2026-09-21,2026-09-21T09:37:47.221409-04:00,46.92,0.0853
LRCX-20260921T13344936232,LRCX,2026-09-21,2026-09-21T09:37:50.318216-04:00,293.5877,0.163
ISRG-20260921T13345580104,ISRG,2026-09-21,2026-09-21T09:37:50.318216-04:00,394.48,-0.2751
NVDA-20260921T13352755707,NVDA,2026-09-21,2026-09-21T09:37:50.318216-04:00,223.93,0.3469
IREN-20260921T13373799519,IREN,2026-09-21,2026-09-21T09:37:50.318216-04:00,46.93,0.1067
LRCX-20260921T13344936232,LRCX,2026-09-21,2026-09-21T09:37:53.415855-04:00,293.49,0.1296
ISRG-20260921T13345580104,ISRG,2026-09-21,2026-09-21T09:37:53.415855-04:00,394.2731,-0.3274
NVDA-20260921T13352755707,NVDA,2026-09-21,2026-09-21T09:37:53.415855-04:00,223.872,0.3209
IREN-20260921T13373799519,IREN,2026-09-21,2026-09-21T09:37:53.415855-04:00,46.93,0.1067
LRCX-20260921T13344936232,LRCX,2026-09-21,2026-09-21T09:37:56.527231-04:00,293.465,0.1211
ISRG-20260921T13345580104,ISRG,2026-09-21,2026-09-21T09:37:56.527231-04:00,394.94,-0.1588
NVDA-20260921T13352755707,NVDA,2026-09-21,2026-09-21T09:37:56.527231-04:00,223.825,0.2999
IREN-20260921T13373799519,IREN,2026-09-21,2026-09-21T09:37:56.527231-04:00,46.97,0.192
LRCX-20260921T13344936232,LRCX,2026-09-21,2026-09-21T09:37:59.684683-04:00,293.5822,0.1611
ISRG-20260921T13345580104,ISRG,2026-09-21,2026-09-21T09:37:59.684683-04:00,394.485,-0.2739
NVDA-20260921T13352755707,NVDA,2026-09-21,2026-09-21T09:37:59.684683-04:00,223.825,0.2999
IREN-20260921T13373799519,IREN,2026-09-21,2026-09-21T09:37:59.684683-04:00,46.94,0.128
LRCX-20260921T13344936232,LRCX,2026-09-21,2026-09-21T09:38:02.788005-04:00,293.475,0.1245
ISRG-20260921T13345580104,ISRG,2026-09-21,2026-09-21T09:38:02.788005-04:00,394.485,-0.2739
NVDA-20260921T13352755707,NVDA,2026-09-21,2026-09-21T09:38:02.788005-04:00,223.7595,0.2705
IREN-20260921T13373799519,IREN,2026-09-21,2026-09-21T09:38:02.788005-04:00,46.87,-0.0213
AXTI-20260921T13375668406,AXTI,2026-09-21,2026-09-21T09:38:02.788005-04:00,74.2848,-0.3092
LRCX-20260921T13344936232,LRCX,2026-09-21,2026-09-21T09:38:05.929218-04:00,293.83,0.2456
ISRG-20260921T13345580104,ISRG,2026-09-21,2026-09-21T09:38:05.929218-04:00,394.93,-0.1614
NVDA-20260921T13352755707,NVDA,2026-09-21,2026-09-21T09:38:05.929218-04:00,223.708,0.2474
IREN-20260921T13373799519,IREN,2026-09-21,2026-09-21T09:38:05.929218-04:00,46.87,-0.0213
AXTI-20260921T13375668406,AXTI,2026-09-21,2026-09-21T09:38:05.929218-04:00,74.33,-0.2486
LRCX-20260921T13344936232,LRCX,2026-09-21,2026-09-21T09:38:09.053597-04:00,294.04,0.3173
ISRG-20260921T13345580104,ISRG,2026-09-21,2026-09-21T09:38:09.053597-04:00,394.48,-0.2751
NVDA-20260921T13352755707,NVDA,2026-09-21,2026-09-21T09:38:09.053597-04:00,223.6608,0.2263
IREN-20260921T13373799519,IREN,2026-09-21,2026-09-21T09:38:09.053597-04:00,46.82,-0.128
AXTI-20260921T13375668406,AXTI,2026-09-21,2026-09-21T09:38:09.053597-04:00,74.24,-0.3693
MRNA-20260921T13380292852,MRNA,2026-09-21,2026-09-21T09:38:09.053597-04:00,162.685,-0.1933
LRCX-20260921T13344936232,LRCX,2026-09-21,2026-09-21T09:38:12.219106-04:00,293.865,0.2576
ISRG-20260921T13345580104,ISRG,2026-09-21,2026-09-21T09:38:12.219106-04:00,394.34,-0.3105
NVDA-20260921T13352755707,NVDA,2026-09-21,2026-09-21T09:38:12.219106-04:00,223.6066,0.202
IREN-20260921T13373799519,IREN,2026-09-21,2026-09-21T09:38:12.219106-04:00,46.795,-0.1813
AXTI-20260921T13375668406,AXTI,2026-09-21,2026-09-21T09:38:12.219106-04:00,74.31,-0.2754
MRNA-20260921T13380292852,MRNA,2026-09-21,2026-09-21T09:38:12.219106-04:00,162.75,-0.1534
LRCX-20260921T13344936232,LRCX,2026-09-21,2026-09-21T09:38:15.358038-04:00,294.11,0.3412
ISRG-20260921T13345580104,ISRG,2026-09-21,2026-09-21T09:38:15.358038-04:00,394.34,-0.3105
NVDA-20260921T13352755707,NVDA,2026-09-21,2026-09-21T09:38:15.358038-04:00,223.64,0.217
IREN-20260921T13373799519,IREN,2026-09-21,2026-09-21T09:38:15.358038-04:00,46.805,-0.16
AXTI-20260921T13375668406,AXTI,2026-09-21,2026-09-21T09:38:15.358038-04:00,74.33,-0.2486
MRNA-20260921T13380292852,MRNA,2026-09-21,2026-09-21T09:38:15.358038-04:00,162.23,-0.4724
COHR-20260921T13380921804,COHR,2026-09-21,2026-09-21T09:38:15.358038-04:00,321.27,0.0561
LRCX-20260921T13344936232,LRCX,2026-09-21,2026-09-21T09:38:18.447908-04:00,294.23,0.3821
ISRG-20260921T13345580104,ISRG,2026-09-21,2026-09-21T09:38:18.447908-04:00,394.33,-0.3131
NVDA-20260921T13352755707,NVDA,2026-09-21,2026-09-21T09:38:18.447908-04:00,223.57,0.1856
IREN-20260921T13373799519,IREN,2026-09-21,2026-09-21T09:38:18.447908-04:00,46.79,-0.192
AXTI-20260921T13375668406,AXTI,2026-09-21,2026-09-21T09:38:18.447908-04:00,74.255,-0.3492
MRNA-20260921T13380292852,MRNA,2026-09-21,2026-09-21T09:38:18.447908-04:00,162.03,-0.5951
COHR-20260921T13380921804,COHR,2026-09-21,2026-09-21T09:38:18.447908-04:00,319.4584,-0.5081
LRCX-20260921T13344936232,LRCX,2026-09-21,2026-09-21T09:38:21.518101-04:00,294.285,0.4009
ISRG-20260921T13345580104,ISRG,2026-09-21,2026-09-21T09:38:21.518101-04:00,394.795,-0.1955
NVDA-20260921T13352755707,NVDA,2026-09-21,2026-09-21T09:38:21.518101-04:00,223.62,0.208
IREN-20260921T13373799519,IREN,2026-09-21,2026-09-21T09:38:21.518101-04:00,46.885,0.0107
AXTI-20260921T13375668406,AXTI,2026-09-21,2026-09-21T09:38:21.518101-04:00,74.44,-0.1009
MRNA-20260921T13380292852,MRNA,2026-09-21,2026-09-21T09:38:21.518101-04:00,162.22,-0.4785
COHR-20260921T13380921804,COHR,2026-09-21,2026-09-21T09:38:21.518101-04:00,321.7826,0.2157
LRCX-20260921T13344936232,LRCX,2026-09-21,2026-09-21T09:38:24.613785-04:00,294.47,0.464
ISRG-20260921T13345580104,ISRG,2026-09-21,2026-09-21T09:38:24.613785-04:00,394.92,-0.1639
NVDA-20260921T13352755707,NVDA,2026-09-21,2026-09-21T09:38:24.613785-04:00,223.525,0.1654
IREN-20260921T13373799519,IREN,2026-09-21,2026-09-21T09:38:24.613785-04:00,46.91,0.064
AXTI-20260921T13375668406,AXTI,2026-09-21,2026-09-21T09:38:24.613785-04:00,74.44,-0.1009
MRNA-20260921T13380292852,MRNA,2026-09-21,2026-09-21T09:38:24.613785-04:00,162.13,-0.5337
COHR-20260921T13380921804,COHR,2026-09-21,2026-09-21T09:38:24.613785-04:00,321.8744,0.2443
LRCX-20260921T13344936232,LRCX,2026-09-21,2026-09-21T09:38:27.685186-04:00,294.396,0.4387
ISRG-20260921T13345580104,ISRG,2026-09-21,2026-09-21T09:38:27.685186-04:00,394.45,-0.2827
NVDA-20260921T13352755707,NVDA,2026-09-21,2026-09-21T09:38:27.685186-04:00,223.582,0.191
IREN-20260921T13373799519,IREN,2026-09-21,2026-09-21T09:38:27.685186-04:00,46.95,0.1493
AXTI-20260921T13375668406,AXTI,2026-09-21,2026-09-21T09:38:27.685186-04:00,74.452,-0.0848
MRNA-20260921T13380292852,MRNA,2026-09-21,2026-09-21T09:38:27.685186-04:00,162.3686,-0.3874
COHR-20260921T13380921804,COHR,2026-09-21,2026-09-21T09:38:27.685186-04:00,321.505,0.1292
LRCX-20260921T13344936232,LRCX,2026-09-21,2026-09-21T09:38:30.758216-04:00,294.54,0.4879
ISRG-20260921T13345580104,ISRG,2026-09-21,2026-09-21T09:38:30.758216-04:00,394.5808,-0.2496
NVDA-20260921T13352755707,NVDA,2026-09-21,2026-09-21T09:38:30.758216-04:00,223.5,0.1542
IREN-20260921T13373799519,IREN,2026-09-21,2026-09-21T09:38:30.758216-04:00,46.905,0.0533
AXTI-20260921T13375668406,AXTI,2026-09-21,2026-09-21T09:38:30.758216-04:00,74.485,-0.0406
MRNA-20260921T13380292852,MRNA,2026-09-21,2026-09-21T09:38:30.758216-04:00,162.092,-0.5571
COHR-20260921T13380921804,COHR,2026-09-21,2026-09-21T09:38:30.758216-04:00,321.8089,0.2239
LRCX-20260921T13344936232,LRCX,2026-09-21,2026-09-21T09:38:33.873930-04:00,294.8954,0.6091
ISRG-20260921T13345580104,ISRG,2026-09-21,2026-09-21T09:38:33.873930-04:00,394.78,-0.1993
NVDA-20260921T13352755707,NVDA,2026-09-21,2026-09-21T09:38:33.873930-04:00,223.61,0.2035
IREN-20260921T13373799519,IREN,2026-09-21,2026-09-21T09:38:33.873930-04:00,46.8919,0.0254
AXTI-20260921T13375668406,AXTI,2026-09-21,2026-09-21T09:38:33.873930-04:00,74.48,-0.0473
MRNA-20260921T13380292852,MRNA,2026-09-21,2026-09-21T09:38:33.873930-04:00,161.895,-0.6779
COHR-20260921T13380921804,COHR,2026-09-21,2026-09-21T09:38:33.873930-04:00,321.7623,0.2094
LRCX-20260921T13344936232,LRCX,2026-09-21,2026-09-21T09:38:36.971101-04:00,294.8475,0.5928
ISRG-20260921T13345580104,ISRG,2026-09-21,2026-09-21T09:38:36.971101-04:00,394.61,-0.2423
NVDA-20260921T13352755707,NVDA,2026-09-21,2026-09-21T09:38:36.971101-04:00,223.5868,0.1931
IREN-20260921T13373799519,IREN,2026-09-21,2026-09-21T09:38:36.971101-04:00,46.925,0.096
AXTI-20260921T13375668406,AXTI,2026-09-21,2026-09-21T09:38:36.971101-04:00,74.49,-0.0338
MRNA-20260921T13380292852,MRNA,2026-09-21,2026-09-21T09:38:36.971101-04:00,161.772,-0.7534
COHR-20260921T13380921804,COHR,2026-09-21,2026-09-21T09:38:36.971101-04:00,322.0,0.2834
LRCX-20260921T13344936232,LRCX,2026-09-21,2026-09-21T09:38:40.045585-04:00,294.918,0.6168
ISRG-20260921T13345580104,ISRG,2026-09-21,2026-09-21T09:38:40.045585-04:00,394.4,-0.2954
NVDA-20260921T13352755707,NVDA,2026-09-21,2026-09-21T09:38:40.045585-04:00,223.6,0.199
IREN-20260921T13373799519,IREN,2026-09-21,2026-09-21T09:38:40.045585-04:00,46.9799,0.2131
AXTI-20260921T13375668406,AXTI,2026-09-21,2026-09-21T09:38:40.045585-04:00,74.4115,-0.1392
MRNA-20260921T13380292852,MRNA,2026-09-21,2026-09-21T09:38:40.045585-04:00,161.87,-0.6933
COHR-20260921T13380921804,COHR,2026-09-21,2026-09-21T09:38:40.045585-04:00,322.0,0.2834
LRCX-20260921T13344936232,LRCX,2026-09-21,2026-09-21T09:38:43.131742-04:00,294.9412,0.6247
ISRG-20260921T13345580104,ISRG,2026-09-21,2026-09-21T09:38:43.131742-04:00,394.3974,-0.296
NVDA-20260921T13352755707,NVDA,2026-09-21,2026-09-21T09:38:43.131742-04:00,223.5802,0.1902
IREN-20260921T13373799519,IREN,2026-09-21,2026-09-21T09:38:43.131742-04:00,47.02,0.2986
AXTI-20260921T13375668406,AXTI,2026-09-21,2026-09-21T09:38:43.131742-04:00,74.425,-0.1211
MRNA-20260921T13380292852,MRNA,2026-09-21,2026-09-21T09:38:43.131742-04:00,161.865,-0.6963
COHR-20260921T13380921804,COHR,2026-09-21,2026-09-21T09:38:43.131742-04:00,322.0779,0.3077
LRCX-20260921T13344936232,LRCX,2026-09-21,2026-09-21T09:38:46.239006-04:00,295.12,0.6857
ISRG-20260921T13345580104,ISRG,2026-09-21,2026-09-21T09:38:46.239006-04:00,394.2812,-0.3254
NVDA-20260921T13352755707,NVDA,2026-09-21,2026-09-21T09:38:46.239006-04:00,223.584,0.1919
IREN-20260921T13373799519,IREN,2026-09-21,2026-09-21T09:38:46.239006-04:00,47.04,0.3413
AXTI-20260921T13375668406,AXTI,2026-09-21,2026-09-21T09:38:46.239006-04:00,74.44,-0.1009
MRNA-20260921T13380292852,MRNA,2026-09-21,2026-09-21T09:38:46.239006-04:00,162.3088,-0.424
COHR-20260921T13380921804,COHR,2026-09-21,2026-09-21T09:38:46.239006-04:00,320.2017,-0.2767
LRCX-20260921T13344936232,LRCX,2026-09-21,2026-09-21T09:38:49.359907-04:00,294.915,0.6158
ISRG-20260921T13345580104,ISRG,2026-09-21,2026-09-21T09:38:49.359907-04:00,394.43,-0.2878
NVDA-20260921T13352755707,NVDA,2026-09-21,2026-09-21T09:38:49.359907-04:00,223.575,0.1878
IREN-20260921T13373799519,IREN,2026-09-21,2026-09-21T09:38:49.359907-04:00,47.05,0.3626
AXTI-20260921T13375668406,AXTI,2026-09-21,2026-09-21T09:38:49.359907-04:00,74.57,0.0735
MRNA-20260921T13380292852,MRNA,2026-09-21,2026-09-21T09:38:49.359907-04:00,162.26,-0.454
COHR-20260921T13380921804,COHR,2026-09-21,2026-09-21T09:38:49.359907-04:00,322.505,0.4407
LRCX-20260921T13344936232,LRCX,2026-09-21,2026-09-21T09:38:52.467456-04:00,295.04,0.6585
ISRG-20260921T13345580104,ISRG,2026-09-21,2026-09-21T09:38:52.467456-04:00,394.74,-0.2094
NVDA-20260921T13352755707,NVDA,2026-09-21,2026-09-21T09:38:52.467456-04:00,223.7505,0.2665
IREN-20260921T13373799519,IREN,2026-09-21,2026-09-21T09:38:52.467456-04:00,47.075,0.416
AXTI-20260921T13375668406,AXTI,2026-09-21,2026-09-21T09:38:52.467456-04:00,74.58,0.0869
MRNA-20260921T13380292852,MRNA,2026-09-21,2026-09-21T09:38:52.467456-04:00,162.4397,-0.3437
COHR-20260921T13380921804,COHR,2026-09-21,2026-09-21T09:38:52.467456-04:00,322.495,0.4376
LRCX-20260921T13344936232,LRCX,2026-09-21,2026-09-21T09:38:55.628643-04:00,294.9862,0.6401
ISRG-20260921T13345580104,ISRG,2026-09-21,2026-09-21T09:38:55.628643-04:00,394.895,-0.1702
NVDA-20260921T13352755707,NVDA,2026-09-21,2026-09-21T09:38:55.628643-04:00,223.77,0.2752
IREN-20260921T13373799519,IREN,2026-09-21,2026-09-21T09:38:55.628643-04:00,47.067,0.3989
AXTI-20260921T13375668406,AXTI,2026-09-21,2026-09-21T09:38:55.628643-04:00,74.585,0.0936
MRNA-20260921T13380292852,MRNA,2026-09-21,2026-09-21T09:38:55.628643-04:00,162.726,-0.1681
COHR-20260921T13380921804,COHR,2026-09-21,2026-09-21T09:38:55.628643-04:00,322.745,0.5154
LRCX-20260921T13344936232,LRCX,2026-09-21,2026-09-21T09:38:58.773371-04:00,293.7591,0.2215
ISRG-20260921T13345580104,ISRG,2026-09-21,2026-09-21T09:38:58.773371-04:00,394.895,-0.1702
NVDA-20260921T13352755707,NVDA,2026-09-21,2026-09-21T09:38:58.773371-04:00,223.7,0.2439
IREN-20260921T13373799519,IREN,2026-09-21,2026-09-21T09:38:58.773371-04:00,47.03,0.32
AXTI-20260921T13375668406,AXTI,2026-09-21,2026-09-21T09:38:58.773371-04:00,74.5575,0.0567
MRNA-20260921T13380292852,MRNA,2026-09-21,2026-09-21T09:38:58.773371-04:00,162.49,-0.3129
COHR-20260921T13380921804,COHR,2026-09-21,2026-09-21T09:38:58.773371-04:00,323.075,0.6182
LRCX-20260921T13344936232,LRCX,2026-09-21,2026-09-21T09:39:01.902945-04:00,294.9416,0.6249
ISRG-20260921T13345580104,ISRG,2026-09-21,2026-09-21T09:39:01.902945-04:00,394.64,-0.2347
NVDA-20260921T13352755707,NVDA,2026-09-21,2026-09-21T09:39:01.902945-04:00,223.635,0.2147
IREN-20260921T13373799519,IREN,2026-09-21,2026-09-21T09:39:01.902945-04:00,46.96,0.1706
AXTI-20260921T13375668406,AXTI,2026-09-21,2026-09-21T09:39:01.902945-04:00,74.628,0.1514
MRNA-20260921T13380292852,MRNA,2026-09-21,2026-09-21T09:39:01.902945-04:00,162.595,-0.2485
COHR-20260921T13380921804,COHR,2026-09-21,2026-09-21T09:39:01.902945-04:00,323.04,0.6073
LRCX-20260921T13344936232,LRCX,2026-09-21,2026-09-21T09:39:05.367615-04:00,295.0246,0.6532
ISRG-20260921T13345580104,ISRG,2026-09-21,2026-09-21T09:39:05.367615-04:00,394.37,-0.3029
NVDA-20260921T13352755707,NVDA,2026-09-21,2026-09-21T09:39:05.367615-04:00,223.652,0.2223
IREN-20260921T13373799519,IREN,2026-09-21,2026-09-21T09:39:05.367615-04:00,46.9461,0.141
AXTI-20260921T13375668406,AXTI,2026-09-21,2026-09-21T09:39:05.367615-04:00,74.6,0.1138
MRNA-20260921T13380292852,MRNA,2026-09-21,2026-09-21T09:39:05.367615-04:00,162.675,-0.1994
COHR-20260921T13380921804,COHR,2026-09-21,2026-09-21T09:39:05.367615-04:00,322.975,0.5871
LRCX-20260921T13344936232,LRCX,2026-09-21,2026-09-21T09:39:08.562451-04:00,294.99,0.6414
ISRG-20260921T13345580104,ISRG,2026-09-21,2026-09-21T09:39:08.562451-04:00,394.36,-0.3055
NVDA-20260921T13352755707,NVDA,2026-09-21,2026-09-21T09:39:08.562451-04:00,223.765,0.273
IREN-20260921T13373799519,IREN,2026-09-21,2026-09-21T09:39:08.562451-04:00,46.975,0.2026
AXTI-20260921T13375668406,AXTI,2026-09-21,2026-09-21T09:39:08.562451-04:00,74.375,-0.1882
MRNA-20260921T13380292852,MRNA,2026-09-21,2026-09-21T09:39:08.562451-04:00,162.75,-0.1534
COHR-20260921T13380921804,COHR,2026-09-21,2026-09-21T09:39:08.562451-04:00,322.9232,0.5709
LRCX-20260921T13344936232,LRCX,2026-09-21,2026-09-21T09:39:11.740167-04:00,295.142,0.6933
ISRG-20260921T13345580104,ISRG,2026-09-21,2026-09-21T09:39:11.740167-04:00,394.02,-0.3914
NVDA-20260921T13352755707,NVDA,2026-09-21,2026-09-21T09:39:11.740167-04:00,223.822,0.2985
IREN-20260921T13373799519,IREN,2026-09-21,2026-09-21T09:39:11.740167-04:00,46.986,0.2261
AXTI-20260921T13375668406,AXTI,2026-09-21,2026-09-21T09:39:11.740167-04:00,74.1701,-0.4631
MRNA-20260921T13380292852,MRNA,2026-09-21,2026-09-21T09:39:11.740167-04:00,162.14,-0.5276
COHR-20260921T13380921804,COHR,2026-09-21,2026-09-21T09:39:11.740167-04:00,322.2422,0.3588
LRCX-20260921T13344936232,LRCX,2026-09-21,2026-09-21T09:39:14.908135-04:00,295.1347,0.6908
ISRG-20260921T13345580104,ISRG,2026-09-21,2026-09-21T09:39:14.908135-04:00,394.4,-0.2954
NVDA-20260921T13352755707,NVDA,2026-09-21,2026-09-21T09:39:14.908135-04:00,223.879,0.3241
IREN-20260921T13373799519,IREN,2026-09-21,2026-09-21T09:39:14.908135-04:00,46.945,0.1387
AXTI-20260921T13375668406,AXTI,2026-09-21,2026-09-21T09:39:14.908135-04:00,74.23,-0.3828
MRNA-20260921T13380292852,MRNA,2026-09-21,2026-09-21T09:39:14.908135-04:00,162.275,-0.4448
COHR-20260921T13380921804,COHR,2026-09-21,2026-09-21T09:39:14.908135-04:00,322.18,0.3395
LRCX-20260921T13344936232,LRCX,2026-09-21,2026-09-21T09:39:18.037114-04:00,294.9415,0.6249
ISRG-20260921T13345580104,ISRG,2026-09-21,2026-09-21T09:39:18.037114-04:00,394.465,-0.2789
NVDA-20260921T13352755707,NVDA,2026-09-21,2026-09-21T09:39:18.037114-04:00,223.4293,0.1225
IREN-20260921T13373799519,IREN,2026-09-21,2026-09-21T09:39:18.037114-04:00,46.93,0.1067
AXTI-20260921T13375668406,AXTI,2026-09-21,2026-09-21T09:39:18.037114-04:00,74.236,-0.3747
MRNA-20260921T13380292852,MRNA,2026-09-21,2026-09-21T09:39:18.037114-04:00,162.28,-0.4417
COHR-20260921T13380921804,COHR,2026-09-21,2026-09-21T09:39:18.037114-04:00,322.9899,0.5917
LRCX-20260921T13344936232,LRCX,2026-09-21,2026-09-21T09:39:21.167094-04:00,295.04,0.6585
ISRG-20260921T13345580104,ISRG,2026-09-21,2026-09-21T09:39:21.167094-04:00,394.4872,-0.2733
NVDA-20260921T13352755707,NVDA,2026-09-21,2026-09-21T09:39:21.167094-04:00,223.775,0.2775
IREN-20260921T13373799519,IREN,2026-09-21,2026-09-21T09:39:21.167094-04:00,46.91,0.064
AXTI-20260921T13375668406,AXTI,2026-09-21,2026-09-21T09:39:21.167094-04:00,74.2,-0.423
MRNA-20260921T13380292852,MRNA,2026-09-21,2026-09-21T09:39:21.167094-04:00,162.71,-0.1779
COHR-20260921T13380921804,COHR,2026-09-21,2026-09-21T09:39:21.167094-04:00,322.32,0.3831
LRCX-20260921T13344936232,LRCX,2026-09-21,2026-09-21T09:39:24.276144-04:00,294.965,0.6329
ISRG-20260921T13345580104,ISRG,2026-09-21,2026-09-21T09:39:24.276144-04:00,394.6472,-0.2329
NVDA-20260921T13352755707,NVDA,2026-09-21,2026-09-21T09:39:24.276144-04:00,223.81,0.2931
IREN-20260921T13373799519,IREN,2026-09-21,2026-09-21T09:39:24.276144-04:00,46.845,-0.0747
AXTI-20260921T13375668406,AXTI,2026-09-21,2026-09-21T09:39:24.276144-04:00,74.1,-0.5572
MRNA-20260921T13380292852,MRNA,2026-09-21,2026-09-21T09:39:24.276144-04:00,162.43,-0.3497
COHR-20260921T13380921804,COHR,2026-09-21,2026-09-21T09:39:24.276144-04:00,322.18,0.3395
LRCX-20260921T13344936232,LRCX,2026-09-21,2026-09-21T09:39:27.435516-04:00,295.07,0.6687
ISRG-20260921T13345580104,ISRG,2026-09-21,2026-09-21T09:39:27.435516-04:00,394.825,-0.1879
NVDA-20260921T13352755707,NVDA,2026-09-21,2026-09-21T09:39:27.435516-04:00,223.73,0.2573
IREN-20260921T13373799519,IREN,2026-09-21,2026-09-21T09:39:27.435516-04:00,46.92,0.0853
AXTI-20260921T13375668406,AXTI,2026-09-21,2026-09-21T09:39:27.435516-04:00,74.1,-0.5572
MRNA-20260921T13380292852,MRNA,2026-09-21,2026-09-21T09:39:27.435516-04:00,162.605,-0.2423
COHR-20260921T13380921804,COHR,2026-09-21,2026-09-21T09:39:27.435516-04:00,322.2,0.3457
LRCX-20260921T13344936232,LRCX,2026-09-21,2026-09-21T09:39:30.561956-04:00,294.995,0.6431
ISRG-20260921T13345580104,ISRG,2026-09-21,2026-09-21T09:39:30.561956-04:00,394.825,-0.1879
NVDA-20260921T13352755707,NVDA,2026-09-21,2026-09-21T09:39:30.561956-04:00,223.7386,0.2611
IREN-20260921T13373799519,IREN,2026-09-21,2026-09-21T09:39:30.561956-04:00,46.98,0.2133
AXTI-20260921T13375668406,AXTI,2026-09-21,2026-09-21T09:39:30.561956-04:00,74.2,-0.423
MRNA-20260921T13380292852,MRNA,2026-09-21,2026-09-21T09:39:30.561956-04:00,162.4836,-0.3168
COHR-20260921T13380921804,COHR,2026-09-21,2026-09-21T09:39:30.561956-04:00,322.99,0.5917
LRCX-20260921T13344936232,LRCX,2026-09-21,2026-09-21T09:39:33.686837-04:00,294.93,0.6209
ISRG-20260921T13345580104,ISRG,2026-09-21,2026-09-21T09:39:33.686837-04:00,394.92,-0.1639
NVDA-20260921T13352755707,NVDA,2026-09-21,2026-09-21T09:39:33.686837-04:00,223.735,0.2595
IREN-20260921T13373799519,IREN,2026-09-21,2026-09-21T09:39:33.686837-04:00,47.0,0.256
AXTI-20260921T13375668406,AXTI,2026-09-21,2026-09-21T09:39:33.686837-04:00,74.15,-0.4901
MRNA-20260921T13380292852,MRNA,2026-09-21,2026-09-21T09:39:33.686837-04:00,162.622,-0.2319
COHR-20260921T13380921804,COHR,2026-09-21,2026-09-21T09:39:33.686837-04:00,322.635,0.4812
LRCX-20260921T13344936232,LRCX,2026-09-21,2026-09-21T09:39:36.834720-04:00,294.83,0.5868
ISRG-20260921T13345580104,ISRG,2026-09-21,2026-09-21T09:39:36.834720-04:00,394.805,-0.193
NVDA-20260921T13352755707,NVDA,2026-09-21,2026-09-21T09:39:36.834720-04:00,223.654,0.2232
IREN-20260921T13373799519,IREN,2026-09-21,2026-09-21T09:39:36.834720-04:00,47.008,0.273
AXTI-20260921T13375668406,AXTI,2026-09-21,2026-09-21T09:39:36.834720-04:00,74.245,-0.3626
MRNA-20260921T13380292852,MRNA,2026-09-21,2026-09-21T09:39:36.834720-04:00,162.385,-0.3773
COHR-20260921T13380921804,COHR,2026-09-21,2026-09-21T09:39:36.834720-04:00,322.75,0.517
LRCX-20260921T13344936232,LRCX,2026-09-21,2026-09-21T09:39:39.955644-04:00,295.07,0.6687
ISRG-20260921T13345580104,ISRG,2026-09-21,2026-09-21T09:39:39.955644-04:00,394.93,-0.1614
NVDA-20260921T13352755707,NVDA,2026-09-21,2026-09-21T09:39:39.955644-04:00,223.666,0.2286
IREN-20260921T13373799519,IREN,2026-09-21,2026-09-21T09:39:39.955644-04:00,46.995,0.2453
AXTI-20260921T13375668406,AXTI,2026-09-21,2026-09-21T09:39:39.955644-04:00,74.2505,-0.3553
MRNA-20260921T13380292852,MRNA,2026-09-21,2026-09-21T09:39:39.955644-04:00,162.49,-0.3129
COHR-20260921T13380921804,COHR,2026-09-21,2026-09-21T09:39:39.955644-04:00,323.5575,0.7685
LRCX-20260921T13344936232,LRCX,2026-09-21,2026-09-21T09:39:43.088540-04:00,294.8621,0.5978
ISRG-20260921T13345580104,ISRG,2026-09-21,2026-09-21T09:39:43.088540-04:00,394.79,-0.1968
NVDA-20260921T13352755707,NVDA,2026-09-21,2026-09-21T09:39:43.088540-04:00,223.7997,0.2885
IREN-20260921T13373799519,IREN,2026-09-21,2026-09-21T09:39:43.088540-04:00,47.015,0.288
AXTI-20260921T13375668406,AXTI,2026-09-21,2026-09-21T09:39:43.088540-04:00,74.285,-0.309
MRNA-20260921T13380292852,MRNA,2026-09-21,2026-09-21T09:39:43.088540-04:00,162.58,-0.2577
COHR-20260921T13380921804,COHR,2026-09-21,2026-09-21T09:39:43.088540-04:00,323.16,0.6447
LRCX-20260921T13344936232,LRCX,2026-09-21,2026-09-21T09:39:46.279488-04:00,294.8621,0.5978
ISRG-20260921T13345580104,ISRG,2026-09-21,2026-09-21T09:39:46.279488-04:00,395.1585,-0.1036
NVDA-20260921T13352755707,NVDA,2026-09-21,2026-09-21T09:39:46.279488-04:00,223.802,0.2896
IREN-20260921T13373799519,IREN,2026-09-21,2026-09-21T09:39:46.279488-04:00,47.035,0.3306
AXTI-20260921T13375668406,AXTI,2026-09-21,2026-09-21T09:39:46.279488-04:00,74.285,-0.309
MRNA-20260921T13380292852,MRNA,2026-09-21,2026-09-21T09:39:46.279488-04:00,162.56,-0.2699
COHR-20260921T13380921804,COHR,2026-09-21,2026-09-21T09:39:46.279488-04:00,323.5,0.7506
LRCX-20260921T13344936232,LRCX,2026-09-21,2026-09-21T09:39:49.397132-04:00,294.5883,0.5043
ISRG-20260921T13345580104,ISRG,2026-09-21,2026-09-21T09:39:49.397132-04:00,394.601,-0.2445
NVDA-20260921T13352755707,NVDA,2026-09-21,2026-09-21T09:39:49.397132-04:00,223.76,0.2707
IREN-20260921T13373799519,IREN,2026-09-21,2026-09-21T09:39:49.397132-04:00,47.04,0.3413
AXTI-20260921T13375668406,AXTI,2026-09-21,2026-09-21T09:39:49.397132-04:00,74.222,-0.3935
MRNA-20260921T13380292852,MRNA,2026-09-21,2026-09-21T09:39:49.397132-04:00,162.525,-0.2914
COHR-20260921T13380921804,COHR,2026-09-21,2026-09-21T09:39:49.397132-04:00,323.3678,0.7094
LRCX-20260921T13344936232,LRCX,2026-09-21,2026-09-21T09:39:52.512251-04:00,294.84,0.5902
ISRG-20260921T13345580104,ISRG,2026-09-21,2026-09-21T09:39:52.512251-04:00,394.8,-0.1942
NVDA-20260921T13352755707,NVDA,2026-09-21,2026-09-21T09:39:52.512251-04:00,223.82,0.2976
IREN-20260921T13373799519,IREN,2026-09-21,2026-09-21T09:39:52.512251-04:00,47.07,0.4053
AXTI-20260921T13375668406,AXTI,2026-09-21,2026-09-21T09:39:52.512251-04:00,74.285,-0.309
MRNA-20260921T13380292852,MRNA,2026-09-21,2026-09-21T09:39:52.512251-04:00,162.3995,-0.3684
COHR-20260921T13380921804,COHR,2026-09-21,2026-09-21T09:39:52.512251-04:00,323.04,0.6073
LRCX-20260921T13344936232,LRCX,2026-09-21,2026-09-21T09:39:55.644291-04:00,294.87,0.6005
ISRG-20260921T13345580104,ISRG,2026-09-21,2026-09-21T09:39:55.644291-04:00,394.8717,-0.1761
NVDA-20260921T13352755707,NVDA,2026-09-21,2026-09-21T09:39:55.644291-04:00,223.7244,0.2548
IREN-20260921T13373799519,IREN,2026-09-21,2026-09-21T09:39:55.644291-04:00,47.1299,0.5331
AXTI-20260921T13375668406,AXTI,2026-09-21,2026-09-21T09:39:55.644291-04:00,74.2171,-0.4001
MRNA-20260921T13380292852,MRNA,2026-09-21,2026-09-21T09:39:55.644291-04:00,162.44,-0.3436
COHR-20260921T13380921804,COHR,2026-09-21,2026-09-21T09:39:55.644291-04:00,323.22,0.6634
LRCX-20260921T13344936232,LRCX,2026-09-21,2026-09-21T09:39:58.749567-04:00,294.7369,0.555
ISRG-20260921T13345580104,ISRG,2026-09-21,2026-09-21T09:39:58.749567-04:00,394.9,-0.169
NVDA-20260921T13352755707,NVDA,2026-09-21,2026-09-21T09:39:58.749567-04:00,223.722,0.2537
IREN-20260921T13373799519,IREN,2026-09-21,2026-09-21T09:39:58.749567-04:00,47.12,0.5119
AXTI-20260921T13375668406,AXTI,2026-09-21,2026-09-21T09:39:58.749567-04:00,74.36,-0.2083
MRNA-20260921T13380292852,MRNA,2026-09-21,2026-09-21T09:39:58.749567-04:00,162.595,-0.2485
COHR-20260921T13380921804,COHR,2026-09-21,2026-09-21T09:39:58.749567-04:00,323.22,0.6634
LRCX-20260921T13344936232,LRCX,2026-09-21,2026-09-21T09:40:01.912969-04:00,294.6924,0.5399
ISRG-20260921T13345580104,ISRG,2026-09-21,2026-09-21T09:40:01.912969-04:00,394.97,-0.1513
NVDA-20260921T13352755707,NVDA,2026-09-21,2026-09-21T09:40:01.912969-04:00,223.78,0.2797
IREN-20260921T13373799519,IREN,2026-09-21,2026-09-21T09:40:01.912969-04:00,47.1606,0.5985
AXTI-20260921T13375668406,AXTI,2026-09-21,2026-09-21T09:40:01.912969-04:00,74.36,-0.2083
MRNA-20260921T13380292852,MRNA,2026-09-21,2026-09-21T09:40:01.912969-04:00,162.55,-0.2761
COHR-20260921T13380921804,COHR,2026-09-21,2026-09-21T09:40:01.912969-04:00,323.41,0.7225
LRCX-20260921T13344936232,LRCX,2026-09-21,2026-09-21T09:40:05.177237-04:00,294.724,0.5506
ISRG-20260921T13345580104,ISRG,2026-09-21,2026-09-21T09:40:05.177237-04:00,394.5204,-0.2649
NVDA-20260921T13352755707,NVDA,2026-09-21,2026-09-21T09:40:05.177237-04:00,223.5323,0.1687
IREN-20260921T13373799519,IREN,2026-09-21,2026-09-21T09:40:05.177237-04:00,47.13,0.5333
AXTI-20260921T13375668406,AXTI,2026-09-21,2026-09-21T09:40:05.177237-04:00,74.36,-0.2083
MRNA-20260921T13380292852,MRNA,2026-09-21,2026-09-21T09:40:05.177237-04:00,162.57,-0.2638
COHR-20260921T13380921804,COHR,2026-09-21,2026-09-21T09:40:05.177237-04:00,320.3106,-0.2427
LRCX-20260921T13344936232,LRCX,2026-09-21,2026-09-21T09:40:08.426917-04:00,294.63,0.5186
ISRG-20260921T13345580104,ISRG,2026-09-21,2026-09-21T09:40:08.426917-04:00,395.2,-0.0931
NVDA-20260921T13352755707,NVDA,2026-09-21,2026-09-21T09:40:08.426917-04:00,223.765,0.273
IREN-20260921T13373799519,IREN,2026-09-21,2026-09-21T09:40:08.426917-04:00,47.0561,0.3756
AXTI-20260921T13375668406,AXTI,2026-09-21,2026-09-21T09:40:08.426917-04:00,74.375,-0.1882
MRNA-20260921T13380292852,MRNA,2026-09-21,2026-09-21T09:40:08.426917-04:00,162.7768,-0.1369
COHR-20260921T13380921804,COHR,2026-09-21,2026-09-21T09:40:08.426917-04:00,322.2325,0.3558
MSTR-20260921T13400217569,MSTR,2026-09-21,2026-09-21T09:40:08.426917-04:00,166.965,-0.2122
LRCX-20260921T13344936232,LRCX,2026-09-21,2026-09-21T09:40:11.585782-04:00,294.6,0.5083
ISRG-20260921T13345580104,ISRG,2026-09-21,2026-09-21T09:40:11.585782-04:00,394.533,-0.2617
NVDA-20260921T13352755707,NVDA,2026-09-21,2026-09-21T09:40:11.585782-04:00,223.855,0.3133
IREN-20260921T13373799519,IREN,2026-09-21,2026-09-21T09:40:11.585782-04:00,47.07,0.4053
AXTI-20260921T13375668406,AXTI,2026-09-21,2026-09-21T09:40:11.585782-04:00,74.365,-0.2016
MRNA-20260921T13380292852,MRNA,2026-09-21,2026-09-21T09:40:11.585782-04:00,163.2,0.1227
COHR-20260921T13380921804,COHR,2026-09-21,2026-09-21T09:40:11.585782-04:00,322.29,0.3737
MSTR-20260921T13400217569,MSTR,2026-09-21,2026-09-21T09:40:11.585782-04:00,167.2,-0.0717
LRCX-20260921T13344936232,LRCX,2026-09-21,2026-09-21T09:40:14.720980-04:00,294.64,0.522
ISRG-20260921T13345580104,ISRG,2026-09-21,2026-09-21T09:40:14.720980-04:00,395.33,-0.0603
NVDA-20260921T13352755707,NVDA,2026-09-21,2026-09-21T09:40:14.720980-04:00,223.832,0.303
IREN-20260921T13373799519,IREN,2026-09-21,2026-09-21T09:40:14.720980-04:00,47.075,0.416
AXTI-20260921T13375668406,AXTI,2026-09-21,2026-09-21T09:40:14.720980-04:00,74.36,-0.2083
MRNA-20260921T13380292852,MRNA,2026-09-21,2026-09-21T09:40:14.720980-04:00,163.252,0.1546
COHR-20260921T13380921804,COHR,2026-09-21,2026-09-21T09:40:14.720980-04:00,322.4982,0.4386
MSTR-20260921T13400217569,MSTR,2026-09-21,2026-09-21T09:40:14.720980-04:00,167.24,-0.0478
LRCX-20260921T13344936232,LRCX,2026-09-21,2026-09-21T09:40:17.896455-04:00,294.418,0.4462
ISRG-20260921T13345580104,ISRG,2026-09-21,2026-09-21T09:40:17.896455-04:00,394.83,-0.1867
NVDA-20260921T13352755707,NVDA,2026-09-21,2026-09-21T09:40:17.896455-04:00,223.92,0.3424
IREN-20260921T13373799519,IREN,2026-09-21,2026-09-21T09:40:17.896455-04:00,47.0448,0.3515
AXTI-20260921T13375668406,AXTI,2026-09-21,2026-09-21T09:40:17.896455-04:00,74.285,-0.309
MRNA-20260921T13380292852,MRNA,2026-09-21,2026-09-21T09:40:17.896455-04:00,163.0,0.0
COHR-20260921T13380921804,COHR,2026-09-21,2026-09-21T09:40:17.896455-04:00,322.44,0.4204
MSTR-20260921T13400217569,MSTR,2026-09-21,2026-09-21T09:40:17.896455-04:00,167.2895,-0.0182
LRCX-20260921T13344936232,LRCX,2026-09-21,2026-09-21T09:40:21.004825-04:00,294.1893,0.3682
ISRG-20260921T13345580104,ISRG,2026-09-21,2026-09-21T09:40:21.004825-04:00,395.33,-0.0603
NVDA-20260921T13352755707,NVDA,2026-09-21,2026-09-21T09:40:21.004825-04:00,223.9297,0.3468
IREN-20260921T13373799519,IREN,2026-09-21,2026-09-21T09:40:21.004825-04:00,47.05,0.3626
AXTI-20260921T13375668406,AXTI,2026-09-21,2026-09-21T09:40:21.004825-04:00,74.29,-0.3022
MRNA-20260921T13380292852,MRNA,2026-09-21,2026-09-21T09:40:21.004825-04:00,163.125,0.0767
COHR-20260921T13380921804,COHR,2026-09-21,2026-09-21T09:40:21.004825-04:00,322.2712,0.3679
MSTR-20260921T13400217569,MSTR,2026-09-21,2026-09-21T09:40:21.004825-04:00,167.3,-0.012
LRCX-20260921T13344936232,LRCX,2026-09-21,2026-09-21T09:40:24.140144-04:00,294.3857,0.4352
ISRG-20260921T13345580104,ISRG,2026-09-21,2026-09-21T09:40:24.140144-04:00,394.98,-0.1487
NVDA-20260921T13352755707,NVDA,2026-09-21,2026-09-21T09:40:24.140144-04:00,223.87,0.32
IREN-20260921T13373799519,IREN,2026-09-21,2026-09-21T09:40:24.140144-04:00,47.053,0.369
AXTI-20260921T13375668406,AXTI,2026-09-21,2026-09-21T09:40:24.140144-04:00,74.325,-0.2553
MRNA-20260921T13380292852,MRNA,2026-09-21,2026-09-21T09:40:24.140144-04:00,163.075,0.046
COHR-20260921T13380921804,COHR,2026-09-21,2026-09-21T09:40:24.140144-04:00,322.3,0.3768
MSTR-20260921T13400217569,MSTR,2026-09-21,2026-09-21T09:40:24.140144-04:00,167.26,-0.0359
LRCX-20260921T13344936232,LRCX,2026-09-21,2026-09-21T09:40:27.251941-04:00,294.36,0.4265
ISRG-20260921T13345580104,ISRG,2026-09-21,2026-09-21T09:40:27.251941-04:00,394.856,-0.1801
NVDA-20260921T13352755707,NVDA,2026-09-21,2026-09-21T09:40:27.251941-04:00,223.898,0.3326
IREN-20260921T13373799519,IREN,2026-09-21,2026-09-21T09:40:27.251941-04:00,47.115,0.5013
AXTI-20260921T13375668406,AXTI,2026-09-21,2026-09-21T09:40:27.251941-04:00,74.325,-0.2553
MRNA-20260921T13380292852,MRNA,2026-09-21,2026-09-21T09:40:27.251941-04:00,162.91,-0.0552
COHR-20260921T13380921804,COHR,2026-09-21,2026-09-21T09:40:27.251941-04:00,320.5967,-0.1536
MSTR-20260921T13400217569,MSTR,2026-09-21,2026-09-21T09:40:27.251941-04:00,166.99,-0.1972
LRCX-20260921T13344936232,LRCX,2026-09-21,2026-09-21T09:40:30.330012-04:00,294.365,0.4282
ISRG-20260921T13345580104,ISRG,2026-09-21,2026-09-21T09:40:30.330012-04:00,395.09,-0.1209
NVDA-20260921T13352755707,NVDA,2026-09-21,2026-09-21T09:40:30.330012-04:00,223.87,0.32
IREN-20260921T13373799519,IREN,2026-09-21,2026-09-21T09:40:30.330012-04:00,47.125,0.5226
AXTI-20260921T13375668406,AXTI,2026-09-21,2026-09-21T09:40:30.330012-04:00,74.37,-0.1949
MRNA-20260921T13380292852,MRNA,2026-09-21,2026-09-21T09:40:30.330012-04:00,163.13,0.0798
COHR-20260921T13380921804,COHR,2026-09-21,2026-09-21T09:40:30.330012-04:00,322.97,0.5855
MSTR-20260921T13400217569,MSTR,2026-09-21,2026-09-21T09:40:30.330012-04:00,167.16,-0.0956
LRCX-20260921T13344936232,LRCX,2026-09-21,2026-09-21T09:40:33.441786-04:00,294.33,0.4162
ISRG-20260921T13345580104,ISRG,2026-09-21,2026-09-21T09:40:33.441786-04:00,394.76,-0.2043
NVDA-20260921T13352755707,NVDA,2026-09-21,2026-09-21T09:40:33.441786-04:00,223.995,0.376
IREN-20260921T13373799519,IREN,2026-09-21,2026-09-21T09:40:33.441786-04:00,47.09,0.448
AXTI-20260921T13375668406,AXTI,2026-09-21,2026-09-21T09:40:33.441786-04:00,74.4425,-0.0976
MRNA-20260921T13380292852,MRNA,2026-09-21,2026-09-21T09:40:33.441786-04:00,163.196,0.1202
COHR-20260921T13380921804,COHR,2026-09-21,2026-09-21T09:40:33.441786-04:00,322.82,0.5388
MSTR-20260921T13400217569,MSTR,2026-09-21,2026-09-21T09:40:33.441786-04:00,166.85,-0.2809
LRCX-20260921T13344936232,LRCX,2026-09-21,2026-09-21T09:40:36.579785-04:00,294.19,0.3685
ISRG-20260921T13345580104,ISRG,2026-09-21,2026-09-21T09:40:36.579785-04:00,394.72,-0.2145
NVDA-20260921T13352755707,NVDA,2026-09-21,2026-09-21T09:40:36.579785-04:00,223.94,0.3514
IREN-20260921T13373799519,IREN,2026-09-21,2026-09-21T09:40:36.579785-04:00,47.16,0.5973
AXTI-20260921T13375668406,AXTI,2026-09-21,2026-09-21T09:40:36.579785-04:00,74.4687,-0.0624
MRNA-20260921T13380292852,MRNA,2026-09-21,2026-09-21T09:40:36.579785-04:00,162.975,-0.0153
COHR-20260921T13380921804,COHR,2026-09-21,2026-09-21T09:40:36.579785-04:00,323.0,0.5948
MSTR-20260921T13400217569,MSTR,2026-09-21,2026-09-21T09:40:36.579785-04:00,166.695,-0.3735
LRCX-20260921T13344936232,LRCX,2026-09-21,2026-09-21T09:40:39.696499-04:00,294.494,0.4722
ISRG-20260921T13345580104,ISRG,2026-09-21,2026-09-21T09:40:39.696499-04:00,394.928,-0.1619
NVDA-20260921T13352755707,NVDA,2026-09-21,2026-09-21T09:40:39.696499-04:00,223.8951,0.3313
IREN-20260921T13373799519,IREN,2026-09-21,2026-09-21T09:40:39.696499-04:00,47.2,0.6826
AXTI-20260921T13375668406,AXTI,2026-09-21,2026-09-21T09:40:39.696499-04:00,74.52,0.0064
MRNA-20260921T13380292852,MRNA,2026-09-21,2026-09-21T09:40:39.696499-04:00,162.98,-0.0123
COHR-20260921T13380921804,COHR,2026-09-21,2026-09-21T09:40:39.696499-04:00,323.0101,0.598
MSTR-20260921T13400217569,MSTR,2026-09-21,2026-09-21T09:40:39.696499-04:00,166.84,-0.2869
LRCX-20260921T13344936232,LRCX,2026-09-21,2026-09-21T09:40:42.774444-04:00,294.2101,0.3753
ISRG-20260921T13345580104,ISRG,2026-09-21,2026-09-21T09:40:42.774444-04:00,395.135,-0.1095
NVDA-20260921T13352755707,NVDA,2026-09-21,2026-09-21T09:40:42.774444-04:00,223.914,0.3397
IREN-20260921T13373799519,IREN,2026-09-21,2026-09-21T09:40:42.774444-04:00,47.215,0.7146
AXTI-20260921T13375668406,AXTI,2026-09-21,2026-09-21T09:40:42.774444-04:00,74.45,-0.0875
MRNA-20260921T13380292852,MRNA,2026-09-21,2026-09-21T09:40:42.774444-04:00,162.922,-0.0479
COHR-20260921T13380921804,COHR,2026-09-21,2026-09-21T09:40:42.774444-04:00,320.8516,-0.0742
MSTR-20260921T13400217569,MSTR,2026-09-21,2026-09-21T09:40:42.774444-04:00,166.79,-0.3168
LRCX-20260921T13344936232,LRCX,2026-09-21,2026-09-21T09:40:45.872155-04:00,294.24,0.3855
ISRG-20260921T13345580104,ISRG,2026-09-21,2026-09-21T09:40:45.872155-04:00,395.14,-0.1083
NVDA-20260921T13352755707,NVDA,2026-09-21,2026-09-21T09:40:45.872155-04:00,223.8704,0.3202
IREN-20260921T13373799519,IREN,2026-09-21,2026-09-21T09:40:45.872155-04:00,47.187,0.6549
AXTI-20260921T13375668406,AXTI,2026-09-21,2026-09-21T09:40:45.872155-04:00,74.4475,-0.0909
MRNA-20260921T13380292852,MRNA,2026-09-21,2026-09-21T09:40:45.872155-04:00,162.97,-0.0184
COHR-20260921T13380921804,COHR,2026-09-21,2026-09-21T09:40:45.872155-04:00,323.065,0.6151
MSTR-20260921T13400217569,MSTR,2026-09-21,2026-09-21T09:40:45.872155-04:00,166.6263,-0.4146
LRCX-20260921T13344936232,LRCX,2026-09-21,2026-09-21T09:40:48.975658-04:00,294.25,0.3889
ISRG-20260921T13345580104,ISRG,2026-09-21,2026-09-21T09:40:48.975658-04:00,395.0015,-0.1433
NVDA-20260921T13352755707,NVDA,2026-09-21,2026-09-21T09:40:48.975658-04:00,223.77,0.2752
IREN-20260921T13373799519,IREN,2026-09-21,2026-09-21T09:40:48.975658-04:00,47.146,0.5674
AXTI-20260921T13375668406,AXTI,2026-09-21,2026-09-21T09:40:48.975658-04:00,74.3801,-0.1813
MRNA-20260921T13380292852,MRNA,2026-09-21,2026-09-21T09:40:48.975658-04:00,162.857,-0.0877
COHR-20260921T13380921804,COHR,2026-09-21,2026-09-21T09:40:48.975658-04:00,323.71,0.816
MSTR-20260921T13400217569,MSTR,2026-09-21,2026-09-21T09:40:48.975658-04:00,166.575,-0.4453
LRCX-20260921T13344936232,LRCX,2026-09-21,2026-09-21T09:40:52.103001-04:00,294.375,0.4316
ISRG-20260921T13345580104,ISRG,2026-09-21,2026-09-21T09:40:52.103001-04:00,394.94,-0.1588
NVDA-20260921T13352755707,NVDA,2026-09-21,2026-09-21T09:40:52.103001-04:00,223.74,0.2618
IREN-20260921T13373799519,IREN,2026-09-21,2026-09-21T09:40:52.103001-04:00,47.16,0.5973
AXTI-20260921T13375668406,AXTI,2026-09-21,2026-09-21T09:40:52.103001-04:00,74.13,-0.517
MRNA-20260921T13380292852,MRNA,2026-09-21,2026-09-21T09:40:52.103001-04:00,162.5701,-0.2637
COHR-20260921T13380921804,COHR,2026-09-21,2026-09-21T09:40:52.103001-04:00,323.3,0.6883
MSTR-20260921T13400217569,MSTR,2026-09-21,2026-09-21T09:40:52.103001-04:00,166.65,-0.4004
LRCX-20260921T13344936232,LRCX,2026-09-21,2026-09-21T09:40:55.232838-04:00,294.715,0.5476
ISRG-20260921T13345580104,ISRG,2026-09-21,2026-09-21T09:40:55.232838-04:00,394.8,-0.1942
NVDA-20260921T13352755707,NVDA,2026-09-21,2026-09-21T09:40:55.232838-04:00,223.73,0.2573
IREN-20260921T13373799519,IREN,2026-09-21,2026-09-21T09:40:55.232838-04:00,47.13,0.5333
AXTI-20260921T13375668406,AXTI,2026-09-21,2026-09-21T09:40:55.232838-04:00,74.0601,-0.6108
MRNA-20260921T13380292852,MRNA,2026-09-21,2026-09-21T09:40:55.232838-04:00,162.79,-0.1288
COHR-20260921T13380921804,COHR,2026-09-21,2026-09-21T09:40:55.232838-04:00,323.8007,0.8442
MSTR-20260921T13400217569,MSTR,2026-09-21,2026-09-21T09:40:55.232838-04:00,166.63,-0.4124
LRCX-20260921T13344936232,LRCX,2026-09-21,2026-09-21T09:40:58.326886-04:00,294.585,0.5032
ISRG-20260921T13345580104,ISRG,2026-09-21,2026-09-21T09:40:58.326886-04:00,394.675,-0.2258
NVDA-20260921T13352755707,NVDA,2026-09-21,2026-09-21T09:40:58.326886-04:00,223.78,0.2797
IREN-20260921T13373799519,IREN,2026-09-21,2026-09-21T09:40:58.326886-04:00,47.165,0.6079
AXTI-20260921T13375668406,AXTI,2026-09-21,2026-09-21T09:40:58.326886-04:00,74.205,-0.4163
MRNA-20260921T13380292852,MRNA,2026-09-21,2026-09-21T09:40:58.326886-04:00,162.705,-0.181
COHR-20260921T13380921804,COHR,2026-09-21,2026-09-21T09:40:58.326886-04:00,323.735,0.8238
MSTR-20260921T13400217569,MSTR,2026-09-21,2026-09-21T09:40:58.326886-04:00,166.8301,-0.2928
LRCX-20260921T13344936232,LRCX,2026-09-21,2026-09-21T09:41:01.403926-04:00,292.8431,-0.0911
ISRG-20260921T13345580104,ISRG,2026-09-21,2026-09-21T09:41:01.403926-04:00,394.49,-0.2726
NVDA-20260921T13352755707,NVDA,2026-09-21,2026-09-21T09:41:01.403926-04:00,223.8,0.2887
IREN-20260921T13373799519,IREN,2026-09-21,2026-09-21T09:41:01.403926-04:00,47.14,0.5546
AXTI-20260921T13375668406,AXTI,2026-09-21,2026-09-21T09:41:01.403926-04:00,74.0298,-0.6514
MRNA-20260921T13380292852,MRNA,2026-09-21,2026-09-21T09:41:01.403926-04:00,162.9988,-0.0007
COHR-20260921T13380921804,COHR,2026-09-21,2026-09-21T09:41:01.403926-04:00,323.945,0.8892
MSTR-20260921T13400217569,MSTR,2026-09-21,2026-09-21T09:41:01.403926-04:00,166.885,-0.26
LRCX-20260921T13344936232,LRCX,2026-09-21,2026-09-21T09:41:05.022447-04:00,294.426,0.449
ISRG-20260921T13345580104,ISRG,2026-09-21,2026-09-21T09:41:05.022447-04:00,394.3865,-0.2988
NVDA-20260921T13352755707,NVDA,2026-09-21,2026-09-21T09:41:05.022447-04:00,223.84,0.3066
IREN-20260921T13373799519,IREN,2026-09-21,2026-09-21T09:41:05.022447-04:00,46.8265,-0.1141
AXTI-20260921T13375668406,AXTI,2026-09-21,2026-09-21T09:41:05.022447-04:00,74.29,-0.3022
MRNA-20260921T13380292852,MRNA,2026-09-21,2026-09-21T09:41:05.022447-04:00,162.795,-0.1258
COHR-20260921T13380921804,COHR,2026-09-21,2026-09-21T09:41:05.022447-04:00,322.9999,0.5948
MSTR-20260921T13400217569,MSTR,2026-09-21,2026-09-21T09:41:05.022447-04:00,166.72,-0.3586
LRCX-20260921T13344936232,LRCX,2026-09-21,2026-09-21T09:41:08.205645-04:00,294.615,0.5135
ISRG-20260921T13345580104,ISRG,2026-09-21,2026-09-21T09:41:08.205645-04:00,394.49,-0.2726
NVDA-20260921T13352755707,NVDA,2026-09-21,2026-09-21T09:41:08.205645-04:00,223.8882,0.3282
IREN-20260921T13373799519,IREN,2026-09-21,2026-09-21T09:41:08.205645-04:00,47.135,0.5439
AXTI-20260921T13375668406,AXTI,2026-09-21,2026-09-21T09:41:08.205645-04:00,74.2251,-0.3893
MRNA-20260921T13380292852,MRNA,2026-09-21,2026-09-21T09:41:08.205645-04:00,162.845,-0.0951
COHR-20260921T13380921804,COHR,2026-09-21,2026-09-21T09:41:08.205645-04:00,324.2598,0.9872
MSTR-20260921T13400217569,MSTR,2026-09-21,2026-09-21T09:41:08.205645-04:00,166.73,-0.3526
ETHU-20260921T13410196657,ETHU,2026-09-21,2026-09-21T09:41:08.205645-04:00,31.57,0.0951
BMNR-20260921T13410201537,BMNR,2026-09-21,2026-09-21T09:41:08.205645-04:00,27.2876,-0.0832
LRCX-20260921T13344936232,LRCX,2026-09-21,2026-09-21T09:41:11.373567-04:00,294.9,0.6107
ISRG-20260921T13345580104,ISRG,2026-09-21,2026-09-21T09:41:11.373567-04:00,394.7154,-0.2156
NVDA-20260921T13352755707,NVDA,2026-09-21,2026-09-21T09:41:11.373567-04:00,223.904,0.3353
IREN-20260921T13373799519,IREN,2026-09-21,2026-09-21T09:41:11.373567-04:00,47.15,0.5759
AXTI-20260921T13375668406,AXTI,2026-09-21,2026-09-21T09:41:11.373567-04:00,74.2,-0.423
MRNA-20260921T13380292852,MRNA,2026-09-21,2026-09-21T09:41:11.373567-04:00,163.29,0.1779
COHR-20260921T13380921804,COHR,2026-09-21,2026-09-21T09:41:11.373567-04:00,324.2,0.9686
MSTR-20260921T13400217569,MSTR,2026-09-21,2026-09-21T09:41:11.373567-04:00,166.88,-0.263
ETHU-20260921T13410196657,ETHU,2026-09-21,2026-09-21T09:41:11.373567-04:00,31.57,0.0951
BMNR-20260921T13410201537,BMNR,2026-09-21,2026-09-21T09:41:11.373567-04:00,27.275,-0.1293
LRCX-20260921T13344936232,LRCX,2026-09-21,2026-09-21T09:41:14.574265-04:00,294.426,0.449
ISRG-20260921T13345580104,ISRG,2026-09-21,2026-09-21T09:41:14.574265-04:00,394.03,-0.3889
NVDA-20260921T13352755707,NVDA,2026-09-21,2026-09-21T09:41:14.574265-04:00,223.9,0.3335
IREN-20260921T13373799519,IREN,2026-09-21,2026-09-21T09:41:14.574265-04:00,47.1758,0.631
AXTI-20260921T13375668406,AXTI,2026-09-21,2026-09-21T09:41:14.574265-04:00,74.18,-0.4499
MRNA-20260921T13380292852,MRNA,2026-09-21,2026-09-21T09:41:14.574265-04:00,163.24,0.1472
COHR-20260921T13380921804,COHR,2026-09-21,2026-09-21T09:41:14.574265-04:00,324.62,1.0994
MSTR-20260921T13400217569,MSTR,2026-09-21,2026-09-21T09:41:14.574265-04:00,166.865,-0.2719
ETHU-20260921T13410196657,ETHU,2026-09-21,2026-09-21T09:41:14.574265-04:00,31.56,0.0634
BMNR-20260921T13410201537,BMNR,2026-09-21,2026-09-21T09:41:14.574265-04:00,27.2682,-0.1542
LRCX-20260921T13344936232,LRCX,2026-09-21,2026-09-21T09:41:17.735209-04:00,294.3,0.406
ISRG-20260921T13345580104,ISRG,2026-09-21,2026-09-21T09:41:17.735209-04:00,393.965,-0.4053
NVDA-20260921T13352755707,NVDA,2026-09-21,2026-09-21T09:41:17.735209-04:00,223.9,0.3335
IREN-20260921T13373799519,IREN,2026-09-21,2026-09-21T09:41:17.735209-04:00,47.1998,0.6822
AXTI-20260921T13375668406,AXTI,2026-09-21,2026-09-21T09:41:17.735209-04:00,74.28,-0.3157
MRNA-20260921T13380292852,MRNA,2026-09-21,2026-09-21T09:41:17.735209-04:00,163.09,0.0552
COHR-20260921T13380921804,COHR,2026-09-21,2026-09-21T09:41:17.735209-04:00,323.91,0.8783
MSTR-20260921T13400217569,MSTR,2026-09-21,2026-09-21T09:41:17.735209-04:00,167.09,-0.1375
ETHU-20260921T13410196657,ETHU,2026-09-21,2026-09-21T09:41:17.735209-04:00,31.565,0.0793
BMNR-20260921T13410201537,BMNR,2026-09-21,2026-09-21T09:41:17.735209-04:00,27.29,-0.0744
LRCX-20260921T13344936232,LRCX,2026-09-21,2026-09-21T09:41:20.904586-04:00,294.495,0.4725
ISRG-20260921T13345580104,ISRG,2026-09-21,2026-09-21T09:41:20.904586-04:00,394.469,-0.2779
NVDA-20260921T13352755707,NVDA,2026-09-21,2026-09-21T09:41:20.904586-04:00,224.032,0.3926
IREN-20260921T13373799519,IREN,2026-09-21,2026-09-21T09:41:20.904586-04:00,47.275,0.8426
AXTI-20260921T13375668406,AXTI,2026-09-21,2026-09-21T09:41:20.904586-04:00,74.27,-0.3291
MRNA-20260921T13380292852,MRNA,2026-09-21,2026-09-21T09:41:20.904586-04:00,163.295,0.181
COHR-20260921T13380921804,COHR,2026-09-21,2026-09-21T09:41:20.904586-04:00,324.0222,0.9132
MSTR-20260921T13400217569,MSTR,2026-09-21,2026-09-21T09:41:20.904586-04:00,167.01,-0.1853
ETHU-20260921T13410196657,ETHU,2026-09-21,2026-09-21T09:41:20.904586-04:00,31.5665,0.084
BMNR-20260921T13410201537,BMNR,2026-09-21,2026-09-21T09:41:20.904586-04:00,27.265,-0.1659
LRCX-20260921T13344936232,LRCX,2026-09-21,2026-09-21T09:41:24.085441-04:00,294.63,0.5186
ISRG-20260921T13345580104,ISRG,2026-09-21,2026-09-21T09:41:24.085441-04:00,394.28,-0.3257
NVDA-20260921T13352755707,NVDA,2026-09-21,2026-09-21T09:41:24.085441-04:00,223.974,0.3666
IREN-20260921T13373799519,IREN,2026-09-21,2026-09-21T09:41:24.085441-04:00,47.3583,1.0203
AXTI-20260921T13375668406,AXTI,2026-09-21,2026-09-21T09:41:24.085441-04:00,74.2202,-0.3959
MRNA-20260921T13380292852,MRNA,2026-09-21,2026-09-21T09:41:24.085441-04:00,163.295,0.181
COHR-20260921T13380921804,COHR,2026-09-21,2026-09-21T09:41:24.085441-04:00,323.91,0.8783
MSTR-20260921T13400217569,MSTR,2026-09-21,2026-09-21T09:41:24.085441-04:00,167.03,-0.1733
ETHU-20260921T13410196657,ETHU,2026-09-21,2026-09-21T09:41:24.085441-04:00,31.5595,0.0618
BMNR-20260921T13410201537,BMNR,2026-09-21,2026-09-21T09:41:24.085441-04:00,27.2696,-0.1491
LRCX-20260921T13344936232,LRCX,2026-09-21,2026-09-21T09:41:27.290474-04:00,294.23,0.3821
ISRG-20260921T13345580104,ISRG,2026-09-21,2026-09-21T09:41:27.290474-04:00,394.18,-0.351
NVDA-20260921T13352755707,NVDA,2026-09-21,2026-09-21T09:41:27.290474-04:00,223.94,0.3514
IREN-20260921T13373799519,IREN,2026-09-21,2026-09-21T09:41:27.290474-04:00,47.3502,1.003
AXTI-20260921T13375668406,AXTI,2026-09-21,2026-09-21T09:41:27.290474-04:00,74.22,-0.3962
MRNA-20260921T13380292852,MRNA,2026-09-21,2026-09-21T09:41:27.290474-04:00,163.2,0.1227
COHR-20260921T13380921804,COHR,2026-09-21,2026-09-21T09:41:27.290474-04:00,324.2,0.9686
MSTR-20260921T13400217569,MSTR,2026-09-21,2026-09-21T09:41:27.290474-04:00,166.82,-0.2988
ETHU-20260921T13410196657,ETHU,2026-09-21,2026-09-21T09:41:27.290474-04:00,31.54,0.0
BMNR-20260921T13410201537,BMNR,2026-09-21,2026-09-21T09:41:27.290474-04:00,27.2699,-0.148
LRCX-20260921T13344936232,LRCX,2026-09-21,2026-09-21T09:41:30.496300-04:00,294.362,0.4271
ISRG-20260921T13345580104,ISRG,2026-09-21,2026-09-21T09:41:30.496300-04:00,393.98,-0.4015
NVDA-20260921T13352755707,NVDA,2026-09-21,2026-09-21T09:41:30.496300-04:00,223.942,0.3523
IREN-20260921T13373799519,IREN,2026-09-21,2026-09-21T09:41:30.496300-04:00,47.295,0.8852
AXTI-20260921T13375668406,AXTI,2026-09-21,2026-09-21T09:41:30.496300-04:00,74.29,-0.3022
MRNA-20260921T13380292852,MRNA,2026-09-21,2026-09-21T09:41:30.496300-04:00,163.38,0.2331
COHR-20260921T13380921804,COHR,2026-09-21,2026-09-21T09:41:30.496300-04:00,324.045,0.9203
MSTR-20260921T13400217569,MSTR,2026-09-21,2026-09-21T09:41:30.496300-04:00,166.8755,-0.2657
ETHU-20260921T13410196657,ETHU,2026-09-21,2026-09-21T09:41:30.496300-04:00,31.47,-0.2219
BMNR-20260921T13410201537,BMNR,2026-09-21,2026-09-21T09:41:30.496300-04:00,27.26,-0.1842
LRCX-20260921T13344936232,LRCX,2026-09-21,2026-09-21T09:41:33.748640-04:00,294.332,0.4169
ISRG-20260921T13345580104,ISRG,2026-09-21,2026-09-21T09:41:33.748640-04:00,394.434,-0.2868
NVDA-20260921T13352755707,NVDA,2026-09-21,2026-09-21T09:41:33.748640-04:00,223.995,0.376
IREN-20260921T13373799519,IREN,2026-09-21,2026-09-21T09:41:33.748640-04:00,47.3,0.8959
AXTI-20260921T13375668406,AXTI,2026-09-21,2026-09-21T09:41:33.748640-04:00,74.13,-0.517
MRNA-20260921T13380292852,MRNA,2026-09-21,2026-09-21T09:41:33.748640-04:00,163.31,0.1902
COHR-20260921T13380921804,COHR,2026-09-21,2026-09-21T09:41:33.748640-04:00,324.1075,0.9398
MSTR-20260921T13400217569,MSTR,2026-09-21,2026-09-21T09:41:33.748640-04:00,166.63,-0.4124
ETHU-20260921T13410196657,ETHU,2026-09-21,2026-09-21T09:41:33.748640-04:00,31.45,-0.2854
BMNR-20260921T13410201537,BMNR,2026-09-21,2026-09-21T09:41:33.748640-04:00,27.225,-0.3124
LRCX-20260921T13344936232,LRCX,2026-09-21,2026-09-21T09:41:36.866789-04:00,293.73,0.2115
ISRG-20260921T13345580104,ISRG,2026-09-21,2026-09-21T09:41:36.866789-04:00,394.17,-0.3535
NVDA-20260921T13352755707,NVDA,2026-09-21,2026-09-21T09:41:36.866789-04:00,224.062,0.4061
IREN-20260921T13373799519,IREN,2026-09-21,2026-09-21T09:41:36.866789-04:00,47.285,0.8639
AXTI-20260921T13375668406,AXTI,2026-09-21,2026-09-21T09:41:36.866789-04:00,74.17,-0.4633
MRNA-20260921T13380292852,MRNA,2026-09-21,2026-09-21T09:41:36.866789-04:00,163.3,0.184
COHR-20260921T13380921804,COHR,2026-09-21,2026-09-21T09:41:36.866789-04:00,324.035,0.9172
MSTR-20260921T13400217569,MSTR,2026-09-21,2026-09-21T09:41:36.866789-04:00,166.58,-0.4423
ETHU-20260921T13410196657,ETHU,2026-09-21,2026-09-21T09:41:36.866789-04:00,31.45,-0.2854
BMNR-20260921T13410201537,BMNR,2026-09-21,2026-09-21T09:41:36.866789-04:00,27.235,-0.2758
LRCX-20260921T13344936232,LRCX,2026-09-21,2026-09-21T09:41:39.974721-04:00,294.19,0.3685
ISRG-20260921T13345580104,ISRG,2026-09-21,2026-09-21T09:41:39.974721-04:00,394.3245,-0.3144
NVDA-20260921T13352755707,NVDA,2026-09-21,2026-09-21T09:41:39.974721-04:00,224.0607,0.4055
IREN-20260921T13373799519,IREN,2026-09-21,2026-09-21T09:41:39.974721-04:00,47.22,0.7253
AXTI-20260921T13375668406,AXTI,2026-09-21,2026-09-21T09:41:39.974721-04:00,74.24,-0.3693
MRNA-20260921T13380292852,MRNA,2026-09-21,2026-09-21T09:41:39.974721-04:00,163.79,0.4847
COHR-20260921T13380921804,COHR,2026-09-21,2026-09-21T09:41:39.974721-04:00,324.3414,1.0126
MSTR-20260921T13400217569,MSTR,2026-09-21,2026-09-21T09:41:39.974721-04:00,166.38,-0.5618
ETHU-20260921T13410196657,ETHU,2026-09-21,2026-09-21T09:41:39.974721-04:00,31.425,-0.3646
BMNR-20260921T13410201537,BMNR,2026-09-21,2026-09-21T09:41:39.974721-04:00,27.225,-0.3124
LRCX-20260921T13344936232,LRCX,2026-09-21,2026-09-21T09:41:43.111249-04:00,294.07,0.3275
ISRG-20260921T13345580104,ISRG,2026-09-21,2026-09-21T09:41:43.111249-04:00,394.16,-0.356
NVDA-20260921T13352755707,NVDA,2026-09-21,2026-09-21T09:41:43.111249-04:00,224.082,0.415
IREN-20260921T13373799519,IREN,2026-09-21,2026-09-21T09:41:43.111249-04:00,47.2499,0.789
AXTI-20260921T13375668406,AXTI,2026-09-21,2026-09-21T09:41:43.111249-04:00,74.0701,-0.5974
MRNA-20260921T13380292852,MRNA,2026-09-21,2026-09-21T09:41:43.111249-04:00,163.725,0.4448
COHR-20260921T13380921804,COHR,2026-09-21,2026-09-21T09:41:43.111249-04:00,324.1295,0.9466
MSTR-20260921T13400217569,MSTR,2026-09-21,2026-09-21T09:41:43.111249-04:00,166.35,-0.5797
ETHU-20260921T13410196657,ETHU,2026-09-21,2026-09-21T09:41:43.111249-04:00,31.4,-0.4439
BMNR-20260921T13410201537,BMNR,2026-09-21,2026-09-21T09:41:43.111249-04:00,27.195,-0.4222
LRCX-20260921T13344936232,LRCX,2026-09-21,2026-09-21T09:41:46.258840-04:00,293.89,0.2661
ISRG-20260921T13345580104,ISRG,2026-09-21,2026-09-21T09:41:46.258840-04:00,393.6901,-0.4748
NVDA-20260921T13352755707,NVDA,2026-09-21,2026-09-21T09:41:46.258840-04:00,224.02,0.3872
IREN-20260921T13373799519,IREN,2026-09-21,2026-09-21T09:41:46.258840-04:00,47.29,0.8746
AXTI-20260921T13375668406,AXTI,2026-09-21,2026-09-21T09:41:46.258840-04:00,74.42,-0.1278
MRNA-20260921T13380292852,MRNA,2026-09-21,2026-09-21T09:41:46.258840-04:00,164.0,0.6135
COHR-20260921T13380921804,COHR,2026-09-21,2026-09-21T09:41:46.258840-04:00,325.19,1.2769
MSTR-20260921T13400217569,MSTR,2026-09-21,2026-09-21T09:41:46.258840-04:00,166.475,-0.505
ETHU-20260921T13410196657,ETHU,2026-09-21,2026-09-21T09:41:46.258840-04:00,31.38,-0.5073
BMNR-20260921T13410201537,BMNR,2026-09-21,2026-09-21T09:41:46.258840-04:00,27.21,-0.3673
LRCX-20260921T13344936232,LRCX,2026-09-21,2026-09-21T09:41:49.438957-04:00,294.154,0.3562
ISRG-20260921T13345580104,ISRG,2026-09-21,2026-09-21T09:41:49.438957-04:00,393.947,-0.4099
NVDA-20260921T13352755707,NVDA,2026-09-21,2026-09-21T09:41:49.438957-04:00,224.061,0.4056
IREN-20260921T13373799519,IREN,2026-09-21,2026-09-21T09:41:49.438957-04:00,47.3,0.8959
AXTI-20260921T13375668406,AXTI,2026-09-21,2026-09-21T09:41:49.438957-04:00,74.65,0.1809
MRNA-20260921T13380292852,MRNA,2026-09-21,2026-09-21T09:41:49.438957-04:00,164.2594,0.7726
COHR-20260921T13380921804,COHR,2026-09-21,2026-09-21T09:41:49.438957-04:00,325.15,1.2644
MSTR-20260921T13400217569,MSTR,2026-09-21,2026-09-21T09:41:49.438957-04:00,166.51,-0.4841
ETHU-20260921T13410196657,ETHU,2026-09-21,2026-09-21T09:41:49.438957-04:00,31.385,-0.4914
BMNR-20260921T13410201537,BMNR,2026-09-21,2026-09-21T09:41:49.438957-04:00,27.2105,-0.3655
LRCX-20260921T13344936232,LRCX,2026-09-21,2026-09-21T09:41:52.591039-04:00,293.68,0.1945
ISRG-20260921T13345580104,ISRG,2026-09-21,2026-09-21T09:41:52.591039-04:00,394.3245,-0.3144
NVDA-20260921T13352755707,NVDA,2026-09-21,2026-09-21T09:41:52.591039-04:00,224.01,0.3828
IREN-20260921T13373799519,IREN,2026-09-21,2026-09-21T09:41:52.591039-04:00,47.285,0.8639
AXTI-20260921T13375668406,AXTI,2026-09-21,2026-09-21T09:41:52.591039-04:00,74.62,0.1406
MRNA-20260921T13380292852,MRNA,2026-09-21,2026-09-21T09:41:52.591039-04:00,164.26,0.773
COHR-20260921T13380921804,COHR,2026-09-21,2026-09-21T09:41:52.591039-04:00,325.565,1.3937
MSTR-20260921T13400217569,MSTR,2026-09-21,2026-09-21T09:41:52.591039-04:00,166.425,-0.5349
ETHU-20260921T13410196657,ETHU,2026-09-21,2026-09-21T09:41:52.591039-04:00,31.3799,-0.5076
BMNR-20260921T13410201537,BMNR,2026-09-21,2026-09-21T09:41:52.591039-04:00,27.205,-0.3856
LRCX-20260921T13344936232,LRCX,2026-09-21,2026-09-21T09:41:55.725938-04:00,293.8592,0.2556
ISRG-20260921T13345580104,ISRG,2026-09-21,2026-09-21T09:41:55.725938-04:00,394.258,-0.3313
NVDA-20260921T13352755707,NVDA,2026-09-21,2026-09-21T09:41:55.725938-04:00,223.99,0.3738
IREN-20260921T13373799519,IREN,2026-09-21,2026-09-21T09:41:55.725938-04:00,47.2919,0.8786
AXTI-20260921T13375668406,AXTI,2026-09-21,2026-09-21T09:41:55.725938-04:00,74.57,0.0735
MRNA-20260921T13380292852,MRNA,2026-09-21,2026-09-21T09:41:55.725938-04:00,164.525,0.9356
COHR-20260921T13380921804,COHR,2026-09-21,2026-09-21T09:41:55.725938-04:00,324.97,1.2084
MSTR-20260921T13400217569,MSTR,2026-09-21,2026-09-21T09:41:55.725938-04:00,166.49,-0.4961
ETHU-20260921T13410196657,ETHU,2026-09-21,2026-09-21T09:41:55.725938-04:00,31.37,-0.539
BMNR-20260921T13410201537,BMNR,2026-09-21,2026-09-21T09:41:55.725938-04:00,27.2,-0.4039
LRCX-20260921T13344936232,LRCX,2026-09-21,2026-09-21T09:41:58.826406-04:00,293.87,0.2593
ISRG-20260921T13345580104,ISRG,2026-09-21,2026-09-21T09:41:58.826406-04:00,394.155,-0.3573
NVDA-20260921T13352755707,NVDA,2026-09-21,2026-09-21T09:41:58.826406-04:00,224.056,0.4034
IREN-20260921T13373799519,IREN,2026-09-21,2026-09-21T09:41:58.826406-04:00,47.2955,0.8863
AXTI-20260921T13375668406,AXTI,2026-09-21,2026-09-21T09:41:58.826406-04:00,74.6455,0.1748
MRNA-20260921T13380292852,MRNA,2026-09-21,2026-09-21T09:41:58.826406-04:00,164.5753,0.9664
COHR-20260921T13380921804,COHR,2026-09-21,2026-09-21T09:41:58.826406-04:00,325.0846,1.2441
MSTR-20260921T13400217569,MSTR,2026-09-21,2026-09-21T09:41:58.826406-04:00,166.43,-0.5319
ETHU-20260921T13410196657,ETHU,2026-09-21,2026-09-21T09:41:58.826406-04:00,31.38,-0.5073
BMNR-20260921T13410201537,BMNR,2026-09-21,2026-09-21T09:41:58.826406-04:00,27.205,-0.3856
LRCX-20260921T13344936232,LRCX,2026-09-21,2026-09-21T09:42:01.939410-04:00,293.7458,0.2169
ISRG-20260921T13345580104,ISRG,2026-09-21,2026-09-21T09:42:01.939410-04:00,393.9923,-0.3984
NVDA-20260921T13352755707,NVDA,2026-09-21,2026-09-21T09:42:01.939410-04:00,224.094,0.4204
IREN-20260921T13373799519,IREN,2026-09-21,2026-09-21T09:42:01.939410-04:00,47.0328,0.3259
AXTI-20260921T13375668406,AXTI,2026-09-21,2026-09-21T09:42:01.939410-04:00,74.725,0.2815
MRNA-20260921T13380292852,MRNA,2026-09-21,2026-09-21T09:42:01.939410-04:00,164.6701,1.0246
COHR-20260921T13380921804,COHR,2026-09-21,2026-09-21T09:42:01.939410-04:00,325.626,1.4127
MSTR-20260921T13400217569,MSTR,2026-09-21,2026-09-21T09:42:01.939410-04:00,166.43,-0.5319
ETHU-20260921T13410196657,ETHU,2026-09-21,2026-09-21T09:42:01.939410-04:00,31.4,-0.4439
BMNR-20260921T13410201537,BMNR,2026-09-21,2026-09-21T09:42:01.939410-04:00,27.18,-0.4772
NVDA-20260921T13352755707,NVDA,2026-09-21,2026-09-21T09:42:05.796709-04:00,224.24,0.4858
IREN-20260921T13373799519,IREN,2026-09-21,2026-09-21T09:42:05.796709-04:00,47.233,0.753
AXTI-20260921T13375668406,AXTI,2026-09-21,2026-09-21T09:42:05.796709-04:00,74.66,0.1943
MRNA-20260921T13380292852,MRNA,2026-09-21,2026-09-21T09:42:05.796709-04:00,164.62,0.9939
MSTR-20260921T13400217569,MSTR,2026-09-21,2026-09-21T09:42:05.796709-04:00,166.44,-0.5259
ETHU-20260921T13410196657,ETHU,2026-09-21,2026-09-21T09:42:05.796709-04:00,31.375,-0.5231
BMNR-20260921T13410201537,BMNR,2026-09-21,2026-09-21T09:42:05.796709-04:00,27.18,-0.4772
NVDA-20260921T13352755707,NVDA,2026-09-21,2026-09-21T09:42:09.058036-04:00,224.262,0.4957
IREN-20260921T13373799519,IREN,2026-09-21,2026-09-21T09:42:09.058036-04:00,47.24,0.7679
AXTI-20260921T13375668406,AXTI,2026-09-21,2026-09-21T09:42:09.058036-04:00,74.62,0.1406
MRNA-20260921T13380292852,MRNA,2026-09-21,2026-09-21T09:42:09.058036-04:00,164.51,0.9264
MSTR-20260921T13400217569,MSTR,2026-09-21,2026-09-21T09:42:09.058036-04:00,166.35,-0.5797
ETHU-20260921T13410196657,ETHU,2026-09-21,2026-09-21T09:42:09.058036-04:00,31.36,-0.5707
BMNR-20260921T13410201537,BMNR,2026-09-21,2026-09-21T09:42:09.058036-04:00,27.195,-0.4222
AVGO-20260921T13420273310,AVGO,2026-09-21,2026-09-21T09:42:09.058036-04:00,356.525,-0.0164
TSLA-20260921T13420278695,TSLA,2026-09-21,2026-09-21T09:42:09.058036-04:00,374.978,0.0021
NVDA-20260921T13352755707,NVDA,2026-09-21,2026-09-21T09:42:12.222846-04:00,224.2708,0.4996
IREN-20260921T13373799519,IREN,2026-09-21,2026-09-21T09:42:12.222846-04:00,47.265,0.8212
AXTI-20260921T13375668406,AXTI,2026-09-21,2026-09-21T09:42:12.222846-04:00,74.6002,0.114
MRNA-20260921T13380292852,MRNA,2026-09-21,2026-09-21T09:42:12.222846-04:00,164.28,0.7853
MSTR-20260921T13400217569,MSTR,2026-09-21,2026-09-21T09:42:12.222846-04:00,166.3109,-0.6031
ETHU-20260921T13410196657,ETHU,2026-09-21,2026-09-21T09:42:12.222846-04:00,31.375,-0.5231
BMNR-20260921T13410201537,BMNR,2026-09-21,2026-09-21T09:42:12.222846-04:00,27.2073,-0.3772
AVGO-20260921T13420273310,AVGO,2026-09-21,2026-09-21T09:42:12.222846-04:00,356.399,-0.0517
TSLA-20260921T13420278695,TSLA,2026-09-21,2026-09-21T09:42:12.222846-04:00,375.315,0.092
NXPI-20260921T13420604629,NXPI,2026-09-21,2026-09-21T09:42:12.222846-04:00,227.5666,-0.0893
NVDA-20260921T13352755707,NVDA,2026-09-21,2026-09-21T09:42:15.386250-04:00,224.275,0.5015
IREN-20260921T13373799519,IREN,2026-09-21,2026-09-21T09:42:15.386250-04:00,47.285,0.8639
AXTI-20260921T13375668406,AXTI,2026-09-21,2026-09-21T09:42:15.386250-04:00,74.61,0.1272
MRNA-20260921T13380292852,MRNA,2026-09-21,2026-09-21T09:42:15.386250-04:00,164.3824,0.8481
MSTR-20260921T13400217569,MSTR,2026-09-21,2026-09-21T09:42:15.386250-04:00,166.15,-0.6993
ETHU-20260921T13410196657,ETHU,2026-09-21,2026-09-21T09:42:15.386250-04:00,31.36,-0.5707
BMNR-20260921T13410201537,BMNR,2026-09-21,2026-09-21T09:42:15.386250-04:00,27.195,-0.4222
AVGO-20260921T13420273310,AVGO,2026-09-21,2026-09-21T09:42:15.386250-04:00,356.6,0.0047
TSLA-20260921T13420278695,TSLA,2026-09-21,2026-09-21T09:42:15.386250-04:00,375.125,0.0413
NXPI-20260921T13420604629,NXPI,2026-09-21,2026-09-21T09:42:15.386250-04:00,227.5666,-0.0893
NVDA-20260921T13352755707,NVDA,2026-09-21,2026-09-21T09:42:18.552884-04:00,224.345,0.5329
IREN-20260921T13373799519,IREN,2026-09-21,2026-09-21T09:42:18.552884-04:00,47.29,0.8746
AXTI-20260921T13375668406,AXTI,2026-09-21,2026-09-21T09:42:18.552884-04:00,74.6489,0.1794
MRNA-20260921T13380292852,MRNA,2026-09-21,2026-09-21T09:42:18.552884-04:00,164.44,0.8834
MSTR-20260921T13400217569,MSTR,2026-09-21,2026-09-21T09:42:18.552884-04:00,166.345,-0.5827
ETHU-20260921T13410196657,ETHU,2026-09-21,2026-09-21T09:42:18.552884-04:00,31.385,-0.4914
BMNR-20260921T13410201537,BMNR,2026-09-21,2026-09-21T09:42:18.552884-04:00,27.21,-0.3673
AVGO-20260921T13420273310,AVGO,2026-09-21,2026-09-21T09:42:18.552884-04:00,356.6321,0.0137
TSLA-20260921T13420278695,TSLA,2026-09-21,2026-09-21T09:42:18.552884-04:00,375.14,0.0453
NXPI-20260921T13420604629,NXPI,2026-09-21,2026-09-21T09:42:18.552884-04:00,227.485,-0.1251
NVDA-20260921T13352755707,NVDA,2026-09-21,2026-09-21T09:42:21.702194-04:00,224.35,0.5351
IREN-20260921T13373799519,IREN,2026-09-21,2026-09-21T09:42:21.702194-04:00,47.305,0.9066
AXTI-20260921T13375668406,AXTI,2026-09-21,2026-09-21T09:42:21.702194-04:00,74.58,0.0869
MRNA-20260921T13380292852,MRNA,2026-09-21,2026-09-21T09:42:21.702194-04:00,164.2764,0.7831
MSTR-20260921T13400217569,MSTR,2026-09-21,2026-09-21T09:42:21.702194-04:00,166.56,-0.4542
ETHU-20260921T13410196657,ETHU,2026-09-21,2026-09-21T09:42:21.702194-04:00,31.42,-0.3805
BMNR-20260921T13410201537,BMNR,2026-09-21,2026-09-21T09:42:21.702194-04:00,27.24,-0.2575
AVGO-20260921T13420273310,AVGO,2026-09-21,2026-09-21T09:42:21.702194-04:00,356.575,-0.0023
TSLA-20260921T13420278695,TSLA,2026-09-21,2026-09-21T09:42:21.702194-04:00,375.05,0.0213
NXPI-20260921T13420604629,NXPI,2026-09-21,2026-09-21T09:42:21.702194-04:00,227.27,-0.2195
NVDA-20260921T13352755707,NVDA,2026-09-21,2026-09-21T09:42:24.847027-04:00,224.41,0.562
IREN-20260921T13373799519,IREN,2026-09-21,2026-09-21T09:42:24.847027-04:00,47.3076,0.9121
AXTI-20260921T13375668406,AXTI,2026-09-21,2026-09-21T09:42:24.847027-04:00,74.5,-0.0204
MRNA-20260921T13380292852,MRNA,2026-09-21,2026-09-21T09:42:24.847027-04:00,164.52,0.9325
MSTR-20260921T13400217569,MSTR,2026-09-21,2026-09-21T09:42:24.847027-04:00,166.58,-0.4423
ETHU-20260921T13410196657,ETHU,2026-09-21,2026-09-21T09:42:24.847027-04:00,31.43,-0.3488
BMNR-20260921T13410201537,BMNR,2026-09-21,2026-09-21T09:42:24.847027-04:00,27.2194,-0.3329
AVGO-20260921T13420273310,AVGO,2026-09-21,2026-09-21T09:42:24.847027-04:00,356.64,0.0159
TSLA-20260921T13420278695,TSLA,2026-09-21,2026-09-21T09:42:24.847027-04:00,375.085,0.0307
NXPI-20260921T13420604629,NXPI,2026-09-21,2026-09-21T09:42:24.847027-04:00,227.48,-0.1273
NVDA-20260921T13352755707,NVDA,2026-09-21,2026-09-21T09:42:27.979175-04:00,224.312,0.5181
IREN-20260921T13373799519,IREN,2026-09-21,2026-09-21T09:42:27.979175-04:00,47.3137,0.9251
AXTI-20260921T13375668406,AXTI,2026-09-21,2026-09-21T09:42:27.979175-04:00,74.4,-0.1546
MRNA-20260921T13380292852,MRNA,2026-09-21,2026-09-21T09:42:27.979175-04:00,164.58,0.9693
MSTR-20260921T13400217569,MSTR,2026-09-21,2026-09-21T09:42:27.979175-04:00,166.83,-0.2929
ETHU-20260921T13410196657,ETHU,2026-09-21,2026-09-21T09:42:27.979175-04:00,31.46,-0.2536
BMNR-20260921T13410201537,BMNR,2026-09-21,2026-09-21T09:42:27.979175-04:00,27.2489,-0.2249
AVGO-20260921T13420273310,AVGO,2026-09-21,2026-09-21T09:42:27.979175-04:00,356.6988,0.0324
TSLA-20260921T13420278695,TSLA,2026-09-21,2026-09-21T09:42:27.979175-04:00,374.82,-0.04
NXPI-20260921T13420604629,NXPI,2026-09-21,2026-09-21T09:42:27.979175-04:00,227.24,-0.2327
NVDA-20260921T13352755707,NVDA,2026-09-21,2026-09-21T09:42:31.124190-04:00,224.345,0.5329
IREN-20260921T13373799519,IREN,2026-09-21,2026-09-21T09:42:31.124190-04:00,47.34,0.9812
AXTI-20260921T13375668406,AXTI,2026-09-21,2026-09-21T09:42:31.124190-04:00,74.4059,-0.1467
MRNA-20260921T13380292852,MRNA,2026-09-21,2026-09-21T09:42:31.124190-04:00,164.8,1.1043
MSTR-20260921T13400217569,MSTR,2026-09-21,2026-09-21T09:42:31.124190-04:00,166.765,-0.3317
ETHU-20260921T13410196657,ETHU,2026-09-21,2026-09-21T09:42:31.124190-04:00,31.475,-0.2061
BMNR-20260921T13410201537,BMNR,2026-09-21,2026-09-21T09:42:31.124190-04:00,27.245,-0.2392
AVGO-20260921T13420273310,AVGO,2026-09-21,2026-09-21T09:42:31.124190-04:00,356.7699,0.0523
TSLA-20260921T13420278695,TSLA,2026-09-21,2026-09-21T09:42:31.124190-04:00,374.92,-0.0133
NXPI-20260921T13420604629,NXPI,2026-09-21,2026-09-21T09:42:31.124190-04:00,227.25,-0.2283
NVDA-20260921T13352755707,NVDA,2026-09-21,2026-09-21T09:42:34.275274-04:00,224.32,0.5217
IREN-20260921T13373799519,IREN,2026-09-21,2026-09-21T09:42:34.275274-04:00,47.36,1.0239
AXTI-20260921T13375668406,AXTI,2026-09-21,2026-09-21T09:42:34.275274-04:00,74.51,-0.007
MRNA-20260921T13380292852,MRNA,2026-09-21,2026-09-21T09:42:34.275274-04:00,164.94,1.1902
MSTR-20260921T13400217569,MSTR,2026-09-21,2026-09-21T09:42:34.275274-04:00,166.67,-0.3885
ETHU-20260921T13410196657,ETHU,2026-09-21,2026-09-21T09:42:34.275274-04:00,31.48,-0.1902
BMNR-20260921T13410201537,BMNR,2026-09-21,2026-09-21T09:42:34.275274-04:00,27.23,-0.2941
AVGO-20260921T13420273310,AVGO,2026-09-21,2026-09-21T09:42:34.275274-04:00,356.734,0.0423
TSLA-20260921T13420278695,TSLA,2026-09-21,2026-09-21T09:42:34.275274-04:00,374.85,-0.032
NXPI-20260921T13420604629,NXPI,2026-09-21,2026-09-21T09:42:34.275274-04:00,227.25,-0.2283
NVDA-20260921T13352755707,NVDA,2026-09-21,2026-09-21T09:42:37.442028-04:00,224.262,0.4957
IREN-20260921T13373799519,IREN,2026-09-21,2026-09-21T09:42:37.442028-04:00,47.36,1.0239
AXTI-20260921T13375668406,AXTI,2026-09-21,2026-09-21T09:42:37.442028-04:00,74.465,-0.0674
MRNA-20260921T13380292852,MRNA,2026-09-21,2026-09-21T09:42:37.442028-04:00,164.8697,1.1471
MSTR-20260921T13400217569,MSTR,2026-09-21,2026-09-21T09:42:37.442028-04:00,166.55,-0.4602
ETHU-20260921T13410196657,ETHU,2026-09-21,2026-09-21T09:42:37.442028-04:00,31.46,-0.2536
BMNR-20260921T13410201537,BMNR,2026-09-21,2026-09-21T09:42:37.442028-04:00,27.225,-0.3124
AVGO-20260921T13420273310,AVGO,2026-09-21,2026-09-21T09:42:37.442028-04:00,356.78,0.0552
TSLA-20260921T13420278695,TSLA,2026-09-21,2026-09-21T09:42:37.442028-04:00,374.65,-0.0853
NXPI-20260921T13420604629,NXPI,2026-09-21,2026-09-21T09:42:37.442028-04:00,227.36,-0.18
NVDA-20260921T13352755707,NVDA,2026-09-21,2026-09-21T09:42:40.570011-04:00,224.205,0.4701
IREN-20260921T13373799519,IREN,2026-09-21,2026-09-21T09:42:40.570011-04:00,47.3391,0.9793
AXTI-20260921T13375668406,AXTI,2026-09-21,2026-09-21T09:42:40.570011-04:00,74.5157,0.0006
MRNA-20260921T13380292852,MRNA,2026-09-21,2026-09-21T09:42:40.570011-04:00,164.845,1.1319
MSTR-20260921T13400217569,MSTR,2026-09-21,2026-09-21T09:42:40.570011-04:00,166.508,-0.4853
ETHU-20260921T13410196657,ETHU,2026-09-21,2026-09-21T09:42:40.570011-04:00,31.4586,-0.2581
BMNR-20260921T13410201537,BMNR,2026-09-21,2026-09-21T09:42:40.570011-04:00,27.2195,-0.3325
AVGO-20260921T13420273310,AVGO,2026-09-21,2026-09-21T09:42:40.570011-04:00,356.73,0.0411
TSLA-20260921T13420278695,TSLA,2026-09-21,2026-09-21T09:42:40.570011-04:00,374.49,-0.128
NXPI-20260921T13420604629,NXPI,2026-09-21,2026-09-21T09:42:40.570011-04:00,227.2658,-0.2214
NVDA-20260921T13352755707,NVDA,2026-09-21,2026-09-21T09:42:43.800026-04:00,224.1788,0.4584
IREN-20260921T13373799519,IREN,2026-09-21,2026-09-21T09:42:43.800026-04:00,47.35,1.0026
AXTI-20260921T13375668406,AXTI,2026-09-21,2026-09-21T09:42:43.800026-04:00,74.465,-0.0674
MRNA-20260921T13380292852,MRNA,2026-09-21,2026-09-21T09:42:43.800026-04:00,164.895,1.1626
MSTR-20260921T13400217569,MSTR,2026-09-21,2026-09-21T09:42:43.800026-04:00,166.2856,-0.6182
ETHU-20260921T13410196657,ETHU,2026-09-21,2026-09-21T09:42:43.800026-04:00,31.45,-0.2854
BMNR-20260921T13410201537,BMNR,2026-09-21,2026-09-21T09:42:43.800026-04:00,27.2099,-0.3677
AVGO-20260921T13420273310,AVGO,2026-09-21,2026-09-21T09:42:43.800026-04:00,356.728,0.0406
TSLA-20260921T13420278695,TSLA,2026-09-21,2026-09-21T09:42:43.800026-04:00,374.65,-0.0853
NXPI-20260921T13420604629,NXPI,2026-09-21,2026-09-21T09:42:43.800026-04:00,227.01,-0.3337
NVDA-20260921T13352755707,NVDA,2026-09-21,2026-09-21T09:42:46.973796-04:00,224.24,0.4858
IREN-20260921T13373799519,IREN,2026-09-21,2026-09-21T09:42:46.973796-04:00,47.44,1.1945
AXTI-20260921T13375668406,AXTI,2026-09-21,2026-09-21T09:42:46.973796-04:00,74.402,-0.1519
MRNA-20260921T13380292852,MRNA,2026-09-21,2026-09-21T09:42:46.973796-04:00,164.2,0.7362
MSTR-20260921T13400217569,MSTR,2026-09-21,2026-09-21T09:42:46.973796-04:00,166.4173,-0.5395
ETHU-20260921T13410196657,ETHU,2026-09-21,2026-09-21T09:42:46.973796-04:00,31.455,-0.2695
BMNR-20260921T13410201537,BMNR,2026-09-21,2026-09-21T09:42:46.973796-04:00,27.1916,-0.4347
AVGO-20260921T13420273310,AVGO,2026-09-21,2026-09-21T09:42:46.973796-04:00,356.835,0.0706
TSLA-20260921T13420278695,TSLA,2026-09-21,2026-09-21T09:42:46.973796-04:00,374.8,-0.0453
NXPI-20260921T13420604629,NXPI,2026-09-21,2026-09-21T09:42:46.973796-04:00,227.01,-0.3337
NVDA-20260921T13352755707,NVDA,2026-09-21,2026-09-21T09:42:50.115672-04:00,224.134,0.4383
IREN-20260921T13373799519,IREN,2026-09-21,2026-09-21T09:42:50.115672-04:00,47.42,1.1519
AXTI-20260921T13375668406,AXTI,2026-09-21,2026-09-21T09:42:50.115672-04:00,74.465,-0.0674
MRNA-20260921T13380292852,MRNA,2026-09-21,2026-09-21T09:42:50.115672-04:00,164.46,0.8957
MSTR-20260921T13400217569,MSTR,2026-09-21,2026-09-21T09:42:50.115672-04:00,166.28,-0.6216
ETHU-20260921T13410196657,ETHU,2026-09-21,2026-09-21T09:42:50.115672-04:00,31.44,-0.3171
BMNR-20260921T13410201537,BMNR,2026-09-21,2026-09-21T09:42:50.115672-04:00,27.175,-0.4955
AVGO-20260921T13420273310,AVGO,2026-09-21,2026-09-21T09:42:50.115672-04:00,356.905,0.0902
TSLA-20260921T13420278695,TSLA,2026-09-21,2026-09-21T09:42:50.115672-04:00,374.92,-0.0133
NXPI-20260921T13420604629,NXPI,2026-09-21,2026-09-21T09:42:50.115672-04:00,227.13,-0.281
NVDA-20260921T13352755707,NVDA,2026-09-21,2026-09-21T09:42:53.268178-04:00,224.13,0.4365
IREN-20260921T13373799519,IREN,2026-09-21,2026-09-21T09:42:53.268178-04:00,47.4,1.1092
AXTI-20260921T13375668406,AXTI,2026-09-21,2026-09-21T09:42:53.268178-04:00,74.4799,-0.0474
MRNA-20260921T13380292852,MRNA,2026-09-21,2026-09-21T09:42:53.268178-04:00,164.4033,0.8609
MSTR-20260921T13400217569,MSTR,2026-09-21,2026-09-21T09:42:53.268178-04:00,166.155,-0.6963
ETHU-20260921T13410196657,ETHU,2026-09-21,2026-09-21T09:42:53.268178-04:00,31.38,-0.5073
BMNR-20260921T13410201537,BMNR,2026-09-21,2026-09-21T09:42:53.268178-04:00,27.165,-0.5321
AVGO-20260921T13420273310,AVGO,2026-09-21,2026-09-21T09:42:53.268178-04:00,356.75,0.0467
TSLA-20260921T13420278695,TSLA,2026-09-21,2026-09-21T09:42:53.268178-04:00,375.068,0.0261
NXPI-20260921T13420604629,NXPI,2026-09-21,2026-09-21T09:42:53.268178-04:00,227.2,-0.2503
NVDA-20260921T13352755707,NVDA,2026-09-21,2026-09-21T09:42:56.400289-04:00,224.062,0.4061
IREN-20260921T13373799519,IREN,2026-09-21,2026-09-21T09:42:56.400289-04:00,47.48,1.2799
AXTI-20260921T13375668406,AXTI,2026-09-21,2026-09-21T09:42:56.400289-04:00,74.28,-0.3157
MRNA-20260921T13380292852,MRNA,2026-09-21,2026-09-21T09:42:56.400289-04:00,164.46,0.8957
MSTR-20260921T13400217569,MSTR,2026-09-21,2026-09-21T09:42:56.400289-04:00,166.18,-0.6813
ETHU-20260921T13410196657,ETHU,2026-09-21,2026-09-21T09:42:56.400289-04:00,31.39,-0.4756
BMNR-20260921T13410201537,BMNR,2026-09-21,2026-09-21T09:42:56.400289-04:00,27.19,-0.4405
AVGO-20260921T13420273310,AVGO,2026-09-21,2026-09-21T09:42:56.400289-04:00,356.9003,0.0889
TSLA-20260921T13420278695,TSLA,2026-09-21,2026-09-21T09:42:56.400289-04:00,375.06,0.024
NXPI-20260921T13420604629,NXPI,2026-09-21,2026-09-21T09:42:56.400289-04:00,227.2,-0.2503
NVDA-20260921T13352755707,NVDA,2026-09-21,2026-09-21T09:42:59.552908-04:00,224.09,0.4186
IREN-20260921T13373799519,IREN,2026-09-21,2026-09-21T09:42:59.552908-04:00,47.54,1.4078
AXTI-20260921T13375668406,AXTI,2026-09-21,2026-09-21T09:42:59.552908-04:00,74.34,-0.2351
MRNA-20260921T13380292852,MRNA,2026-09-21,2026-09-21T09:42:59.552908-04:00,164.363,0.8362
MSTR-20260921T13400217569,MSTR,2026-09-21,2026-09-21T09:42:59.552908-04:00,165.9,-0.8487
ETHU-20260921T13410196657,ETHU,2026-09-21,2026-09-21T09:42:59.552908-04:00,31.38,-0.5073
BMNR-20260921T13410201537,BMNR,2026-09-21,2026-09-21T09:42:59.552908-04:00,27.1799,-0.4775
AVGO-20260921T13420273310,AVGO,2026-09-21,2026-09-21T09:42:59.552908-04:00,356.84,0.072
TSLA-20260921T13420278695,TSLA,2026-09-21,2026-09-21T09:42:59.552908-04:00,375.0,0.008
NXPI-20260921T13420604629,NXPI,2026-09-21,2026-09-21T09:42:59.552908-04:00,227.78,0.0044
NVDA-20260921T13352755707,NVDA,2026-09-21,2026-09-21T09:43:02.697066-04:00,224.062,0.4061
IREN-20260921T13373799519,IREN,2026-09-21,2026-09-21T09:43:02.697066-04:00,47.55,1.4292
AXTI-20260921T13375668406,AXTI,2026-09-21,2026-09-21T09:43:02.697066-04:00,74.35,-0.2217
MRNA-20260921T13380292852,MRNA,2026-09-21,2026-09-21T09:43:02.697066-04:00,164.66,1.0184
MSTR-20260921T13400217569,MSTR,2026-09-21,2026-09-21T09:43:02.697066-04:00,165.985,-0.7979
ETHU-20260921T13410196657,ETHU,2026-09-21,2026-09-21T09:43:02.697066-04:00,31.395,-0.4597
BMNR-20260921T13410201537,BMNR,2026-09-21,2026-09-21T09:43:02.697066-04:00,27.1714,-0.5086
AVGO-20260921T13420273310,AVGO,2026-09-21,2026-09-21T09:43:02.697066-04:00,356.73,0.0411
TSLA-20260921T13420278695,TSLA,2026-09-21,2026-09-21T09:43:02.697066-04:00,375.17,0.0533
NXPI-20260921T13420604629,NXPI,2026-09-21,2026-09-21T09:43:02.697066-04:00,227.78,0.0044
NVDA-20260921T13352755707,NVDA,2026-09-21,2026-09-21T09:43:06.069786-04:00,224.09,0.4186
IREN-20260921T13373799519,IREN,2026-09-21,2026-09-21T09:43:06.069786-04:00,47.6175,1.5732
AXTI-20260921T13375668406,AXTI,2026-09-21,2026-09-21T09:43:06.069786-04:00,74.14,-0.5035
MRNA-20260921T13380292852,MRNA,2026-09-21,2026-09-21T09:43:06.069786-04:00,164.51,0.9264
MSTR-20260921T13400217569,MSTR,2026-09-21,2026-09-21T09:43:06.069786-04:00,166.025,-0.774
ETHU-20260921T13410196657,ETHU,2026-09-21,2026-09-21T09:43:06.069786-04:00,31.3799,-0.5076
BMNR-20260921T13410201537,BMNR,2026-09-21,2026-09-21T09:43:06.069786-04:00,27.165,-0.5321
AVGO-20260921T13420273310,AVGO,2026-09-21,2026-09-21T09:43:06.069786-04:00,356.78,0.0552
TSLA-20260921T13420278695,TSLA,2026-09-21,2026-09-21T09:43:06.069786-04:00,375.11,0.0373
NXPI-20260921T13420604629,NXPI,2026-09-21,2026-09-21T09:43:06.069786-04:00,227.78,0.0044
NVDA-20260921T13352755707,NVDA,2026-09-21,2026-09-21T09:43:09.438617-04:00,224.16,0.45
IREN-20260921T13373799519,IREN,2026-09-21,2026-09-21T09:43:09.438617-04:00,47.62,1.5785
AXTI-20260921T13375668406,AXTI,2026-09-21,2026-09-21T09:43:09.438617-04:00,74.31,-0.2754
MRNA-20260921T13380292852,MRNA,2026-09-21,2026-09-21T09:43:09.438617-04:00,164.56,0.9571
ETHU-20260921T13410196657,ETHU,2026-09-21,2026-09-21T09:43:09.438617-04:00,31.3901,-0.4753
BMNR-20260921T13410201537,BMNR,2026-09-21,2026-09-21T09:43:09.438617-04:00,27.2331,-0.2827
AVGO-20260921T13420273310,AVGO,2026-09-21,2026-09-21T09:43:09.438617-04:00,356.65,0.0187
TSLA-20260921T13420278695,TSLA,2026-09-21,2026-09-21T09:43:09.438617-04:00,374.9201,-0.0133
NXPI-20260921T13420604629,NXPI,2026-09-21,2026-09-21T09:43:09.438617-04:00,227.4625,-0.135
NVDA-20260921T13352755707,NVDA,2026-09-21,2026-09-21T09:43:12.559769-04:00,223.9038,0.3352
IREN-20260921T13373799519,IREN,2026-09-21,2026-09-21T09:43:12.559769-04:00,47.595,1.5252
AXTI-20260921T13375668406,AXTI,2026-09-21,2026-09-21T09:43:12.559769-04:00,74.28,-0.3157
MRNA-20260921T13380292852,MRNA,2026-09-21,2026-09-21T09:43:12.559769-04:00,164.575,0.9663
ETHU-20260921T13410196657,ETHU,2026-09-21,2026-09-21T09:43:12.559769-04:00,31.395,-0.4597
BMNR-20260921T13410201537,BMNR,2026-09-21,2026-09-21T09:43:12.559769-04:00,27.195,-0.4222
AVGO-20260921T13420273310,AVGO,2026-09-21,2026-09-21T09:43:12.559769-04:00,356.595,0.0033
TSLA-20260921T13420278695,TSLA,2026-09-21,2026-09-21T09:43:12.559769-04:00,375.095,0.0333
NXPI-20260921T13420604629,NXPI,2026-09-21,2026-09-21T09:43:12.559769-04:00,227.35,-0.1844
NVDA-20260921T13352755707,NVDA,2026-09-21,2026-09-21T09:43:15.678074-04:00,224.066,0.4079
IREN-20260921T13373799519,IREN,2026-09-21,2026-09-21T09:43:15.678074-04:00,47.6,1.5358
AXTI-20260921T13375668406,AXTI,2026-09-21,2026-09-21T09:43:15.678074-04:00,74.3,-0.2888
MRNA-20260921T13380292852,MRNA,2026-09-21,2026-09-21T09:43:15.678074-04:00,164.505,0.9233
ETHU-20260921T13410196657,ETHU,2026-09-21,2026-09-21T09:43:15.678074-04:00,31.41,-0.4122
BMNR-20260921T13410201537,BMNR,2026-09-21,2026-09-21T09:43:15.678074-04:00,27.1877,-0.449
AVGO-20260921T13420273310,AVGO,2026-09-21,2026-09-21T09:43:15.678074-04:00,356.5604,-0.0064
TSLA-20260921T13420278695,TSLA,2026-09-21,2026-09-21T09:43:15.678074-04:00,375.29,0.0853
NXPI-20260921T13420604629,NXPI,2026-09-21,2026-09-21T09:43:15.678074-04:00,227.38,-0.1712
NVDA-20260921T13352755707,NVDA,2026-09-21,2026-09-21T09:43:18.780826-04:00,224.09,0.4186
IREN-20260921T13373799519,IREN,2026-09-21,2026-09-21T09:43:18.780826-04:00,47.62,1.5785
AXTI-20260921T13375668406,AXTI,2026-09-21,2026-09-21T09:43:18.780826-04:00,74.3566,-0.2129
MRNA-20260921T13380292852,MRNA,2026-09-21,2026-09-21T09:43:18.780826-04:00,164.52,0.9325
ETHU-20260921T13410196657,ETHU,2026-09-21,2026-09-21T09:43:18.780826-04:00,31.415,-0.3963
BMNR-20260921T13410201537,BMNR,2026-09-21,2026-09-21T09:43:18.780826-04:00,27.19,-0.4405
AVGO-20260921T13420273310,AVGO,2026-09-21,2026-09-21T09:43:18.780826-04:00,356.58,-0.0009
TSLA-20260921T13420278695,TSLA,2026-09-21,2026-09-21T09:43:18.780826-04:00,375.424,0.1211
NXPI-20260921T13420604629,NXPI,2026-09-21,2026-09-21T09:43:18.780826-04:00,227.49,-0.1229
NVDA-20260921T13352755707,NVDA,2026-09-21,2026-09-21T09:43:21.883536-04:00,224.0688,0.4091
IREN-20260921T13373799519,IREN,2026-09-21,2026-09-21T09:43:21.883536-04:00,47.605,1.5465
AXTI-20260921T13375668406,AXTI,2026-09-21,2026-09-21T09:43:21.883536-04:00,74.4332,-0.1101
MRNA-20260921T13380292852,MRNA,2026-09-21,2026-09-21T09:43:21.883536-04:00,164.425,0.8742
ETHU-20260921T13410196657,ETHU,2026-09-21,2026-09-21T09:43:21.883536-04:00,31.43,-0.3488
BMNR-20260921T13410201537,BMNR,2026-09-21,2026-09-21T09:43:21.883536-04:00,27.185,-0.4588
AVGO-20260921T13420273310,AVGO,2026-09-21,2026-09-21T09:43:21.883536-04:00,356.8,0.0608
TSLA-20260921T13420278695,TSLA,2026-09-21,2026-09-21T09:43:21.883536-04:00,375.4728,0.1341
NXPI-20260921T13420604629,NXPI,2026-09-21,2026-09-21T09:43:21.883536-04:00,227.66,-0.0483
NVDA-20260921T13352755707,NVDA,2026-09-21,2026-09-21T09:43:25.008360-04:00,223.97,0.3648
IREN-20260921T13373799519,IREN,2026-09-21,2026-09-21T09:43:25.008360-04:00,47.57,1.4718
AXTI-20260921T13375668406,AXTI,2026-09-21,2026-09-21T09:43:25.008360-04:00,74.4242,-0.1221
MRNA-20260921T13380292852,MRNA,2026-09-21,2026-09-21T09:43:25.008360-04:00,164.455,0.8926
ETHU-20260921T13410196657,ETHU,2026-09-21,2026-09-21T09:43:25.008360-04:00,31.42,-0.3805
BMNR-20260921T13410201537,BMNR,2026-09-21,2026-09-21T09:43:25.008360-04:00,27.178,-0.4845
AVGO-20260921T13420273310,AVGO,2026-09-21,2026-09-21T09:43:25.008360-04:00,356.5555,-0.0078
TSLA-20260921T13420278695,TSLA,2026-09-21,2026-09-21T09:43:25.008360-04:00,375.345,0.1
NXPI-20260921T13420604629,NXPI,2026-09-21,2026-09-21T09:43:25.008360-04:00,227.535,-0.1032
NVDA-20260921T13352755707,NVDA,2026-09-21,2026-09-21T09:43:28.143071-04:00,223.962,0.3613
IREN-20260921T13373799519,IREN,2026-09-21,2026-09-21T09:43:28.143071-04:00,47.55,1.4292
AXTI-20260921T13375668406,AXTI,2026-09-21,2026-09-21T09:43:28.143071-04:00,74.5285,0.0178
MRNA-20260921T13380292852,MRNA,2026-09-21,2026-09-21T09:43:28.143071-04:00,164.608,0.9865
ETHU-20260921T13410196657,ETHU,2026-09-21,2026-09-21T09:43:28.143071-04:00,31.41,-0.4122
BMNR-20260921T13410201537,BMNR,2026-09-21,2026-09-21T09:43:28.143071-04:00,27.155,-0.5687
AVGO-20260921T13420273310,AVGO,2026-09-21,2026-09-21T09:43:28.143071-04:00,356.71,0.0355
TSLA-20260921T13420278695,TSLA,2026-09-21,2026-09-21T09:43:28.143071-04:00,375.522,0.1472
NXPI-20260921T13420604629,NXPI,2026-09-21,2026-09-21T09:43:28.143071-04:00,227.3101,-0.2019
NVDA-20260921T13352755707,NVDA,2026-09-21,2026-09-21T09:43:31.266389-04:00,223.94,0.3514
IREN-20260921T13373799519,IREN,2026-09-21,2026-09-21T09:43:31.266389-04:00,47.535,1.3972
AXTI-20260921T13375668406,AXTI,2026-09-21,2026-09-21T09:43:31.266389-04:00,74.515,-0.0003
MRNA-20260921T13380292852,MRNA,2026-09-21,2026-09-21T09:43:31.266389-04:00,164.15,0.7055
ETHU-20260921T13410196657,ETHU,2026-09-21,2026-09-21T09:43:31.266389-04:00,31.4199,-0.3808
BMNR-20260921T13410201537,BMNR,2026-09-21,2026-09-21T09:43:31.266389-04:00,27.155,-0.5687
AVGO-20260921T13420273310,AVGO,2026-09-21,2026-09-21T09:43:31.266389-04:00,356.68,0.0271
TSLA-20260921T13420278695,TSLA,2026-09-21,2026-09-21T09:43:31.266389-04:00,375.385,0.1107
NXPI-20260921T13420604629,NXPI,2026-09-21,2026-09-21T09:43:31.266389-04:00,227.54,-0.101
NVDA-20260921T13352755707,NVDA,2026-09-21,2026-09-21T09:43:34.374825-04:00,223.895,0.3312
IREN-20260921T13373799519,IREN,2026-09-21,2026-09-21T09:43:34.374825-04:00,47.5199,1.365
AXTI-20260921T13375668406,AXTI,2026-09-21,2026-09-21T09:43:34.374825-04:00,74.515,-0.0003
MRNA-20260921T13380292852,MRNA,2026-09-21,2026-09-21T09:43:34.374825-04:00,164.11,0.681
ETHU-20260921T13410196657,ETHU,2026-09-21,2026-09-21T09:43:34.374825-04:00,31.41,-0.4122
BMNR-20260921T13410201537,BMNR,2026-09-21,2026-09-21T09:43:34.374825-04:00,27.1375,-0.6328
AVGO-20260921T13420273310,AVGO,2026-09-21,2026-09-21T09:43:34.374825-04:00,356.56,-0.0065
TSLA-20260921T13420278695,TSLA,2026-09-21,2026-09-21T09:43:34.374825-04:00,375.29,0.0853
NXPI-20260921T13420604629,NXPI,2026-09-21,2026-09-21T09:43:34.374825-04:00,227.31,-0.202
NVDA-20260921T13352755707,NVDA,2026-09-21,2026-09-21T09:43:37.456479-04:00,223.94,0.3514
IREN-20260921T13373799519,IREN,2026-09-21,2026-09-21T09:43:37.456479-04:00,47.494,1.3097
AXTI-20260921T13375668406,AXTI,2026-09-21,2026-09-21T09:43:37.456479-04:00,74.4807,-0.0463
MRNA-20260921T13380292852,MRNA,2026-09-21,2026-09-21T09:43:37.456479-04:00,163.981,0.6018
ETHU-20260921T13410196657,ETHU,2026-09-21,2026-09-21T09:43:37.456479-04:00,31.385,-0.4914
BMNR-20260921T13410201537,BMNR,2026-09-21,2026-09-21T09:43:37.456479-04:00,27.12,-0.6969
AVGO-20260921T13420273310,AVGO,2026-09-21,2026-09-21T09:43:37.456479-04:00,356.73,0.0411
TSLA-20260921T13420278695,TSLA,2026-09-21,2026-09-21T09:43:37.456479-04:00,375.2718,0.0805
NXPI-20260921T13420604629,NXPI,2026-09-21,2026-09-21T09:43:37.456479-04:00,227.32,-0.1976
NVDA-20260921T13352755707,NVDA,2026-09-21,2026-09-21T09:43:40.523459-04:00,223.926,0.3451
IREN-20260921T13373799519,IREN,2026-09-21,2026-09-21T09:43:40.523459-04:00,47.4257,1.164
AXTI-20260921T13375668406,AXTI,2026-09-21,2026-09-21T09:43:40.523459-04:00,74.42,-0.1278
MRNA-20260921T13380292852,MRNA,2026-09-21,2026-09-21T09:43:40.523459-04:00,164.2,0.7362
ETHU-20260921T13410196657,ETHU,2026-09-21,2026-09-21T09:43:40.523459-04:00,31.42,-0.3805
BMNR-20260921T13410201537,BMNR,2026-09-21,2026-09-21T09:43:40.523459-04:00,27.1477,-0.5954
AVGO-20260921T13420273310,AVGO,2026-09-21,2026-09-21T09:43:40.523459-04:00,356.8588,0.0773
TSLA-20260921T13420278695,TSLA,2026-09-21,2026-09-21T09:43:40.523459-04:00,375.31,0.0907
NXPI-20260921T13420604629,NXPI,2026-09-21,2026-09-21T09:43:40.523459-04:00,227.11,-0.2898
NVDA-20260921T13352755707,NVDA,2026-09-21,2026-09-21T09:43:43.587993-04:00,223.982,0.3702
IREN-20260921T13373799519,IREN,2026-09-21,2026-09-21T09:43:43.587993-04:00,47.544,1.4164
AXTI-20260921T13375668406,AXTI,2026-09-21,2026-09-21T09:43:43.587993-04:00,74.455,-0.0808
MRNA-20260921T13380292852,MRNA,2026-09-21,2026-09-21T09:43:43.587993-04:00,164.285,0.7883
ETHU-20260921T13410196657,ETHU,2026-09-21,2026-09-21T09:43:43.587993-04:00,31.44,-0.3171
BMNR-20260921T13410201537,BMNR,2026-09-21,2026-09-21T09:43:43.587993-04:00,27.14,-0.6236
AVGO-20260921T13420273310,AVGO,2026-09-21,2026-09-21T09:43:43.587993-04:00,356.78,0.0552
TSLA-20260921T13420278695,TSLA,2026-09-21,2026-09-21T09:43:43.587993-04:00,375.34,0.0987
NXPI-20260921T13420604629,NXPI,2026-09-21,2026-09-21T09:43:43.587993-04:00,227.2621,-0.223
NVDA-20260921T13352755707,NVDA,2026-09-21,2026-09-21T09:43:46.681729-04:00,223.9701,0.3649
IREN-20260921T13373799519,IREN,2026-09-21,2026-09-21T09:43:46.681729-04:00,47.526,1.378
AXTI-20260921T13375668406,AXTI,2026-09-21,2026-09-21T09:43:46.681729-04:00,74.49,-0.0338
MRNA-20260921T13380292852,MRNA,2026-09-21,2026-09-21T09:43:46.681729-04:00,164.4,0.8589
ETHU-20260921T13410196657,ETHU,2026-09-21,2026-09-21T09:43:46.681729-04:00,31.42,-0.3805
BMNR-20260921T13410201537,BMNR,2026-09-21,2026-09-21T09:43:46.681729-04:00,27.13,-0.6602
AVGO-20260921T13420273310,AVGO,2026-09-21,2026-09-21T09:43:46.681729-04:00,356.825,0.0678
TSLA-20260921T13420278695,TSLA,2026-09-21,2026-09-21T09:43:46.681729-04:00,375.42,0.12
NXPI-20260921T13420604629,NXPI,2026-09-21,2026-09-21T09:43:46.681729-04:00,227.24,-0.2327
NVDA-20260921T13352755707,NVDA,2026-09-21,2026-09-21T09:43:49.834816-04:00,223.94,0.3514
IREN-20260921T13373799519,IREN,2026-09-21,2026-09-21T09:43:49.834816-04:00,47.5368,1.401
AXTI-20260921T13375668406,AXTI,2026-09-21,2026-09-21T09:43:49.834816-04:00,74.5147,-0.0007
MRNA-20260921T13380292852,MRNA,2026-09-21,2026-09-21T09:43:49.834816-04:00,164.9415,1.1911
ETHU-20260921T13410196657,ETHU,2026-09-21,2026-09-21T09:43:49.834816-04:00,31.415,-0.3963
BMNR-20260921T13410201537,BMNR,2026-09-21,2026-09-21T09:43:49.834816-04:00,27.1273,-0.6701
AVGO-20260921T13420273310,AVGO,2026-09-21,2026-09-21T09:43:49.834816-04:00,356.82,0.0664
TSLA-20260921T13420278695,TSLA,2026-09-21,2026-09-21T09:43:49.834816-04:00,375.3654,0.1054
NXPI-20260921T13420604629,NXPI,2026-09-21,2026-09-21T09:43:49.834816-04:00,227.23,-0.2371
NVDA-20260921T13352755707,NVDA,2026-09-21,2026-09-21T09:43:52.989636-04:00,223.9599,0.3603
IREN-20260921T13373799519,IREN,2026-09-21,2026-09-21T09:43:52.989636-04:00,47.64,1.6212
AXTI-20260921T13375668406,AXTI,2026-09-21,2026-09-21T09:43:52.989636-04:00,74.411,-0.1399
MRNA-20260921T13380292852,MRNA,2026-09-21,2026-09-21T09:43:52.989636-04:00,164.98,1.2147
ETHU-20260921T13410196657,ETHU,2026-09-21,2026-09-21T09:43:52.989636-04:00,31.44,-0.3171
BMNR-20260921T13410201537,BMNR,2026-09-21,2026-09-21T09:43:52.989636-04:00,27.165,-0.5321
AVGO-20260921T13420273310,AVGO,2026-09-21,2026-09-21T09:43:52.989636-04:00,356.716,0.0372
TSLA-20260921T13420278695,TSLA,2026-09-21,2026-09-21T09:43:52.989636-04:00,375.275,0.0813
NXPI-20260921T13420604629,NXPI,2026-09-21,2026-09-21T09:43:52.989636-04:00,227.27,-0.2195
COHR-20260921T13434683332,COHR,2026-09-21,2026-09-21T09:43:52.989636-04:00,325.895,-0.0721
NVDA-20260921T13352755707,NVDA,2026-09-21,2026-09-21T09:43:56.070452-04:00,223.934,0.3487
IREN-20260921T13373799519,IREN,2026-09-21,2026-09-21T09:43:56.070452-04:00,47.6099,1.557
AXTI-20260921T13375668406,AXTI,2026-09-21,2026-09-21T09:43:56.070452-04:00,74.3519,-0.2192
MRNA-20260921T13380292852,MRNA,2026-09-21,2026-09-21T09:43:56.070452-04:00,164.835,1.1258
ETHU-20260921T13410196657,ETHU,2026-09-21,2026-09-21T09:43:56.070452-04:00,31.46,-0.2536
BMNR-20260921T13410201537,BMNR,2026-09-21,2026-09-21T09:43:56.070452-04:00,27.19,-0.4405
AVGO-20260921T13420273310,AVGO,2026-09-21,2026-09-21T09:43:56.070452-04:00,356.75,0.0467
TSLA-20260921T13420278695,TSLA,2026-09-21,2026-09-21T09:43:56.070452-04:00,375.316,0.0923
NXPI-20260921T13420604629,NXPI,2026-09-21,2026-09-21T09:43:56.070452-04:00,227.125,-0.2832
COHR-20260921T13434683332,COHR,2026-09-21,2026-09-21T09:43:56.070452-04:00,325.5,-0.1932
NVDA-20260921T13352755707,NVDA,2026-09-21,2026-09-21T09:43:59.159328-04:00,223.84,0.3066
IREN-20260921T13373799519,IREN,2026-09-21,2026-09-21T09:43:59.159328-04:00,47.59,1.5145
AXTI-20260921T13375668406,AXTI,2026-09-21,2026-09-21T09:43:59.159328-04:00,74.28,-0.3157
MRNA-20260921T13380292852,MRNA,2026-09-21,2026-09-21T09:43:59.159328-04:00,164.67,1.0245
ETHU-20260921T13410196657,ETHU,2026-09-21,2026-09-21T09:43:59.159328-04:00,31.45,-0.2854
BMNR-20260921T13410201537,BMNR,2026-09-21,2026-09-21T09:43:59.159328-04:00,27.165,-0.5321
AVGO-20260921T13420273310,AVGO,2026-09-21,2026-09-21T09:43:59.159328-04:00,356.73,0.0411
TSLA-20260921T13420278695,TSLA,2026-09-21,2026-09-21T09:43:59.159328-04:00,375.36,0.104
NXPI-20260921T13420604629,NXPI,2026-09-21,2026-09-21T09:43:59.159328-04:00,227.276,-0.2169
COHR-20260921T13434683332,COHR,2026-09-21,2026-09-21T09:43:59.159328-04:00,325.51,-0.1901
NVDA-20260921T13352755707,NVDA,2026-09-21,2026-09-21T09:44:02.241603-04:00,223.87,0.32
IREN-20260921T13373799519,IREN,2026-09-21,2026-09-21T09:44:02.241603-04:00,47.59,1.5145
AXTI-20260921T13375668406,AXTI,2026-09-21,2026-09-21T09:44:02.241603-04:00,74.254,-0.3506
MRNA-20260921T13380292852,MRNA,2026-09-21,2026-09-21T09:44:02.241603-04:00,164.53,0.9387
ETHU-20260921T13410196657,ETHU,2026-09-21,2026-09-21T09:44:02.241603-04:00,31.4595,-0.2552
BMNR-20260921T13410201537,BMNR,2026-09-21,2026-09-21T09:44:02.241603-04:00,27.175,-0.4955
AVGO-20260921T13420273310,AVGO,2026-09-21,2026-09-21T09:44:02.241603-04:00,356.7575,0.0488
TSLA-20260921T13420278695,TSLA,2026-09-21,2026-09-21T09:44:02.241603-04:00,374.9,-0.0187
NXPI-20260921T13420604629,NXPI,2026-09-21,2026-09-21T09:44:02.241603-04:00,227.28,-0.2151
COHR-20260921T13434683332,COHR,2026-09-21,2026-09-21T09:44:02.241603-04:00,325.34,-0.2422
NVDA-20260921T13352755707,NVDA,2026-09-21,2026-09-21T09:44:05.599325-04:00,223.25,0.0422
AXTI-20260921T13375668406,AXTI,2026-09-21,2026-09-21T09:44:05.599325-04:00,74.3374,-0.2386
ETHU-20260921T13410196657,ETHU,2026-09-21,2026-09-21T09:44:05.599325-04:00,31.43,-0.3488
BMNR-20260921T13410201537,BMNR,2026-09-21,2026-09-21T09:44:05.599325-04:00,27.135,-0.6419
AVGO-20260921T13420273310,AVGO,2026-09-21,2026-09-21T09:44:05.599325-04:00,357.05,0.1309
TSLA-20260921T13420278695,TSLA,2026-09-21,2026-09-21T09:44:05.599325-04:00,374.6525,-0.0847
NXPI-20260921T13420604629,NXPI,2026-09-21,2026-09-21T09:44:05.599325-04:00,227.045,-0.3183
COHR-20260921T13434683332,COHR,2026-09-21,2026-09-21T09:44:05.599325-04:00,325.3033,-0.2535
NVDA-20260921T13352755707,NVDA,2026-09-21,2026-09-21T09:44:08.774291-04:00,223.83,0.3021
AXTI-20260921T13375668406,AXTI,2026-09-21,2026-09-21T09:44:08.774291-04:00,74.23,-0.3828
ETHU-20260921T13410196657,ETHU,2026-09-21,2026-09-21T09:44:08.774291-04:00,31.445,-0.3012
BMNR-20260921T13410201537,BMNR,2026-09-21,2026-09-21T09:44:08.774291-04:00,27.135,-0.6419
AVGO-20260921T13420273310,AVGO,2026-09-21,2026-09-21T09:44:08.774291-04:00,357.075,0.1379
TSLA-20260921T13420278695,TSLA,2026-09-21,2026-09-21T09:44:08.774291-04:00,374.81,-0.0427
NXPI-20260921T13420604629,NXPI,2026-09-21,2026-09-21T09:44:08.774291-04:00,227.13,-0.281
COHR-20260921T13434683332,COHR,2026-09-21,2026-09-21T09:44:08.774291-04:00,325.34,-0.2422
NVDA-20260921T13352755707,NVDA,2026-09-21,2026-09-21T09:44:11.942162-04:00,223.814,0.2949
AXTI-20260921T13375668406,AXTI,2026-09-21,2026-09-21T09:44:11.942162-04:00,74.3023,-0.2857
ETHU-20260921T13410196657,ETHU,2026-09-21,2026-09-21T09:44:11.942162-04:00,31.39,-0.4756
BMNR-20260921T13410201537,BMNR,2026-09-21,2026-09-21T09:44:11.942162-04:00,27.095,-0.7884
AVGO-20260921T13420273310,AVGO,2026-09-21,2026-09-21T09:44:11.942162-04:00,357.09,0.1421
TSLA-20260921T13420278695,TSLA,2026-09-21,2026-09-21T09:44:11.942162-04:00,374.785,-0.0493
NXPI-20260921T13420604629,NXPI,2026-09-21,2026-09-21T09:44:11.942162-04:00,227.13,-0.281
COHR-20260921T13434683332,COHR,2026-09-21,2026-09-21T09:44:11.942162-04:00,325.81,-0.0981
NVDA-20260921T13352755707,NVDA,2026-09-21,2026-09-21T09:44:15.177868-04:00,223.835,0.3043
AXTI-20260921T13375668406,AXTI,2026-09-21,2026-09-21T09:44:15.177868-04:00,74.26,-0.3425
ETHU-20260921T13410196657,ETHU,2026-09-21,2026-09-21T09:44:15.177868-04:00,31.3901,-0.4753
BMNR-20260921T13410201537,BMNR,2026-09-21,2026-09-21T09:44:15.177868-04:00,27.095,-0.7884
AVGO-20260921T13420273310,AVGO,2026-09-21,2026-09-21T09:44:15.177868-04:00,357.005,0.1183
TSLA-20260921T13420278695,TSLA,2026-09-21,2026-09-21T09:44:15.177868-04:00,374.79,-0.048
NXPI-20260921T13420604629,NXPI,2026-09-21,2026-09-21T09:44:15.177868-04:00,227.06,-0.3117
COHR-20260921T13434683332,COHR,2026-09-21,2026-09-21T09:44:15.177868-04:00,325.6087,-0.1598
NVDA-20260921T13352755707,NVDA,2026-09-21,2026-09-21T09:44:18.337903-04:00,223.9056,0.336
AXTI-20260921T13375668406,AXTI,2026-09-21,2026-09-21T09:44:18.337903-04:00,74.27,-0.3291
ETHU-20260921T13410196657,ETHU,2026-09-21,2026-09-21T09:44:18.337903-04:00,31.385,-0.4914
BMNR-20260921T13410201537,BMNR,2026-09-21,2026-09-21T09:44:18.337903-04:00,27.1124,-0.7247
AVGO-20260921T13420273310,AVGO,2026-09-21,2026-09-21T09:44:18.337903-04:00,356.995,0.1154
TSLA-20260921T13420278695,TSLA,2026-09-21,2026-09-21T09:44:18.337903-04:00,375.105,0.036
NXPI-20260921T13420604629,NXPI,2026-09-21,2026-09-21T09:44:18.337903-04:00,227.17,-0.2634
COHR-20260921T13434683332,COHR,2026-09-21,2026-09-21T09:44:18.337903-04:00,325.48,-0.1993
NVDA-20260921T13352755707,NVDA,2026-09-21,2026-09-21T09:44:21.478619-04:00,223.895,0.3312
AXTI-20260921T13375668406,AXTI,2026-09-21,2026-09-21T09:44:21.478619-04:00,74.23,-0.3828
ETHU-20260921T13410196657,ETHU,2026-09-21,2026-09-21T09:44:21.478619-04:00,31.375,-0.5231
BMNR-20260921T13410201537,BMNR,2026-09-21,2026-09-21T09:44:21.478619-04:00,27.122,-0.6895
AVGO-20260921T13420273310,AVGO,2026-09-21,2026-09-21T09:44:21.478619-04:00,356.99,0.114
TSLA-20260921T13420278695,TSLA,2026-09-21,2026-09-21T09:44:21.478619-04:00,374.98,0.0027
NXPI-20260921T13420604629,NXPI,2026-09-21,2026-09-21T09:44:21.478619-04:00,227.17,-0.2634
COHR-20260921T13434683332,COHR,2026-09-21,2026-09-21T09:44:21.478619-04:00,325.341,-0.2419
NVDA-20260921T13352755707,NVDA,2026-09-21,2026-09-21T09:44:24.651092-04:00,223.9766,0.3678
AXTI-20260921T13375668406,AXTI,2026-09-21,2026-09-21T09:44:24.651092-04:00,74.25,-0.3559
ETHU-20260921T13410196657,ETHU,2026-09-21,2026-09-21T09:44:24.651092-04:00,31.36,-0.5707
BMNR-20260921T13410201537,BMNR,2026-09-21,2026-09-21T09:44:24.651092-04:00,27.135,-0.6419
AVGO-20260921T13420273310,AVGO,2026-09-21,2026-09-21T09:44:24.651092-04:00,357.0,0.1168
TSLA-20260921T13420278695,TSLA,2026-09-21,2026-09-21T09:44:24.651092-04:00,375.195,0.06
NXPI-20260921T13420604629,NXPI,2026-09-21,2026-09-21T09:44:24.651092-04:00,227.45,-0.1405
COHR-20260921T13434683332,COHR,2026-09-21,2026-09-21T09:44:24.651092-04:00,324.5001,-0.4998
NVDA-20260921T13352755707,NVDA,2026-09-21,2026-09-21T09:44:27.800124-04:00,223.914,0.3397
AXTI-20260921T13375668406,AXTI,2026-09-21,2026-09-21T09:44:27.800124-04:00,74.1519,-0.4876
ETHU-20260921T13410196657,ETHU,2026-09-21,2026-09-21T09:44:27.800124-04:00,31.41,-0.4122
BMNR-20260921T13410201537,BMNR,2026-09-21,2026-09-21T09:44:27.800124-04:00,27.16,-0.5504
AVGO-20260921T13420273310,AVGO,2026-09-21,2026-09-21T09:44:27.800124-04:00,356.9013,0.0892
TSLA-20260921T13420278695,TSLA,2026-09-21,2026-09-21T09:44:27.800124-04:00,375.105,0.036
NXPI-20260921T13420604629,NXPI,2026-09-21,2026-09-21T09:44:27.800124-04:00,227.49,-0.1229
COHR-20260921T13434683332,COHR,2026-09-21,2026-09-21T09:44:27.800124-04:00,325.1262,-0.3078
NVDA-20260921T13352755707,NVDA,2026-09-21,2026-09-21T09:44:30.948003-04:00,223.954,0.3577
AXTI-20260921T13375668406,AXTI,2026-09-21,2026-09-21T09:44:30.948003-04:00,74.13,-0.517
ETHU-20260921T13410196657,ETHU,2026-09-21,2026-09-21T09:44:30.948003-04:00,31.42,-0.3805
BMNR-20260921T13410201537,BMNR,2026-09-21,2026-09-21T09:44:30.948003-04:00,27.2099,-0.3677
AVGO-20260921T13420273310,AVGO,2026-09-21,2026-09-21T09:44:30.948003-04:00,357.07,0.1365
TSLA-20260921T13420278695,TSLA,2026-09-21,2026-09-21T09:44:30.948003-04:00,375.375,0.108
NXPI-20260921T13420604629,NXPI,2026-09-21,2026-09-21T09:44:30.948003-04:00,227.465,-0.1339
COHR-20260921T13434683332,COHR,2026-09-21,2026-09-21T09:44:30.948003-04:00,325.4187,-0.2181
NVDA-20260921T13352755707,NVDA,2026-09-21,2026-09-21T09:44:34.175799-04:00,223.866,0.3182
AXTI-20260921T13375668406,AXTI,2026-09-21,2026-09-21T09:44:34.175799-04:00,74.1472,-0.4939
ETHU-20260921T13410196657,ETHU,2026-09-21,2026-09-21T09:44:34.175799-04:00,31.42,-0.3805
BMNR-20260921T13410201537,BMNR,2026-09-21,2026-09-21T09:44:34.175799-04:00,27.1888,-0.4449
AVGO-20260921T13420273310,AVGO,2026-09-21,2026-09-21T09:44:34.175799-04:00,356.865,0.079
TSLA-20260921T13420278695,TSLA,2026-09-21,2026-09-21T09:44:34.175799-04:00,375.3,0.088
NXPI-20260921T13420604629,NXPI,2026-09-21,2026-09-21T09:44:34.175799-04:00,227.25,-0.2283
COHR-20260921T13434683332,COHR,2026-09-21,2026-09-21T09:44:34.175799-04:00,325.2,-0.2852
NVDA-20260921T13352755707,NVDA,2026-09-21,2026-09-21T09:44:37.339429-04:00,223.864,0.3173
AXTI-20260921T13375668406,AXTI,2026-09-21,2026-09-21T09:44:37.339429-04:00,74.195,-0.4297
ETHU-20260921T13410196657,ETHU,2026-09-21,2026-09-21T09:44:37.339429-04:00,31.4415,-0.3123
BMNR-20260921T13410201537,BMNR,2026-09-21,2026-09-21T09:44:37.339429-04:00,27.2,-0.4039
AVGO-20260921T13420273310,AVGO,2026-09-21,2026-09-21T09:44:37.339429-04:00,356.84,0.072
TSLA-20260921T13420278695,TSLA,2026-09-21,2026-09-21T09:44:37.339429-04:00,375.045,0.02
NXPI-20260921T13420604629,NXPI,2026-09-21,2026-09-21T09:44:37.339429-04:00,227.32,-0.1976
COHR-20260921T13434683332,COHR,2026-09-21,2026-09-21T09:44:37.339429-04:00,325.2324,-0.2752
NVDA-20260921T13352755707,NVDA,2026-09-21,2026-09-21T09:44:40.510841-04:00,223.85,0.3111
AXTI-20260921T13375668406,AXTI,2026-09-21,2026-09-21T09:44:40.510841-04:00,74.108,-0.5465
ETHU-20260921T13410196657,ETHU,2026-09-21,2026-09-21T09:44:40.510841-04:00,31.4367,-0.3275
BMNR-20260921T13410201537,BMNR,2026-09-21,2026-09-21T09:44:40.510841-04:00,27.225,-0.3124
AVGO-20260921T13420273310,AVGO,2026-09-21,2026-09-21T09:44:40.510841-04:00,356.74,0.0439
TSLA-20260921T13420278695,TSLA,2026-09-21,2026-09-21T09:44:40.510841-04:00,374.99,0.0053
NXPI-20260921T13420604629,NXPI,2026-09-21,2026-09-21T09:44:40.510841-04:00,227.15,-0.2722
COHR-20260921T13434683332,COHR,2026-09-21,2026-09-21T09:44:40.510841-04:00,325.41,-0.2208
NVDA-20260921T13352755707,NVDA,2026-09-21,2026-09-21T09:44:43.688733-04:00,223.8902,0.3291
AXTI-20260921T13375668406,AXTI,2026-09-21,2026-09-21T09:44:43.688733-04:00,74.015,-0.6713
ETHU-20260921T13410196657,ETHU,2026-09-21,2026-09-21T09:44:43.688733-04:00,31.439,-0.3202
BMNR-20260921T13410201537,BMNR,2026-09-21,2026-09-21T09:44:43.688733-04:00,27.24,-0.2575
AVGO-20260921T13420273310,AVGO,2026-09-21,2026-09-21T09:44:43.688733-04:00,356.83,0.0692
TSLA-20260921T13420278695,TSLA,2026-09-21,2026-09-21T09:44:43.688733-04:00,375.09,0.032
NXPI-20260921T13420604629,NXPI,2026-09-21,2026-09-21T09:44:43.688733-04:00,227.14,-0.2766
COHR-20260921T13434683332,COHR,2026-09-21,2026-09-21T09:44:43.688733-04:00,324.8,-0.4078
NVDA-20260921T13352755707,NVDA,2026-09-21,2026-09-21T09:44:46.863337-04:00,223.992,0.3747
AXTI-20260921T13375668406,AXTI,2026-09-21,2026-09-21T09:44:46.863337-04:00,73.9101,-0.8121
ETHU-20260921T13410196657,ETHU,2026-09-21,2026-09-21T09:44:46.863337-04:00,31.425,-0.3646
BMNR-20260921T13410201537,BMNR,2026-09-21,2026-09-21T09:44:46.863337-04:00,27.245,-0.2392
AVGO-20260921T13420273310,AVGO,2026-09-21,2026-09-21T09:44:46.863337-04:00,356.8885,0.0856
TSLA-20260921T13420278695,TSLA,2026-09-21,2026-09-21T09:44:46.863337-04:00,375.03,0.016
NXPI-20260921T13420604629,NXPI,2026-09-21,2026-09-21T09:44:46.863337-04:00,227.14,-0.2766
COHR-20260921T13434683332,COHR,2026-09-21,2026-09-21T09:44:46.863337-04:00,324.67,-0.4477
NVDA-20260921T13352755707,NVDA,2026-09-21,2026-09-21T09:44:49.997036-04:00,223.95,0.3559
AXTI-20260921T13375668406,AXTI,2026-09-21,2026-09-21T09:44:49.997036-04:00,74.0,-0.6914
ETHU-20260921T13410196657,ETHU,2026-09-21,2026-09-21T09:44:49.997036-04:00,31.4266,-0.3595
BMNR-20260921T13410201537,BMNR,2026-09-21,2026-09-21T09:44:49.997036-04:00,27.2419,-0.2505
AVGO-20260921T13420273310,AVGO,2026-09-21,2026-09-21T09:44:49.997036-04:00,356.88,0.0832
TSLA-20260921T13420278695,TSLA,2026-09-21,2026-09-21T09:44:49.997036-04:00,375.055,0.0227
NXPI-20260921T13420604629,NXPI,2026-09-21,2026-09-21T09:44:49.997036-04:00,227.345,-0.1866
COHR-20260921T13434683332,COHR,2026-09-21,2026-09-21T09:44:49.997036-04:00,324.845,-0.394
NVDA-20260921T13352755707,NVDA,2026-09-21,2026-09-21T09:44:53.141074-04:00,223.986,0.372
AXTI-20260921T13375668406,AXTI,2026-09-21,2026-09-21T09:44:53.141074-04:00,73.942,-0.7693
ETHU-20260921T13410196657,ETHU,2026-09-21,2026-09-21T09:44:53.141074-04:00,31.42,-0.3805
BMNR-20260921T13410201537,BMNR,2026-09-21,2026-09-21T09:44:53.141074-04:00,27.255,-0.2025
AVGO-20260921T13420273310,AVGO,2026-09-21,2026-09-21T09:44:53.141074-04:00,356.91,0.0916
TSLA-20260921T13420278695,TSLA,2026-09-21,2026-09-21T09:44:53.141074-04:00,375.216,0.0656
NXPI-20260921T13420604629,NXPI,2026-09-21,2026-09-21T09:44:53.141074-04:00,227.28,-0.2151
COHR-20260921T13434683332,COHR,2026-09-21,2026-09-21T09:44:53.141074-04:00,324.7725,-0.4162
NVDA-20260921T13352755707,NVDA,2026-09-21,2026-09-21T09:44:56.310585-04:00,224.05,0.4007
AXTI-20260921T13375668406,AXTI,2026-09-21,2026-09-21T09:44:56.310585-04:00,73.954,-0.7532
ETHU-20260921T13410196657,ETHU,2026-09-21,2026-09-21T09:44:56.310585-04:00,31.4171,-0.3897
BMNR-20260921T13410201537,BMNR,2026-09-21,2026-09-21T09:44:56.310585-04:00,27.2584,-0.1901
AVGO-20260921T13420273310,AVGO,2026-09-21,2026-09-21T09:44:56.310585-04:00,356.91,0.0916
TSLA-20260921T13420278695,TSLA,2026-09-21,2026-09-21T09:44:56.310585-04:00,375.21,0.064
NXPI-20260921T13420604629,NXPI,2026-09-21,2026-09-21T09:44:56.310585-04:00,227.3,-0.2063
COHR-20260921T13434683332,COHR,2026-09-21,2026-09-21T09:44:56.310585-04:00,324.98,-0.3526
NVDA-20260921T13352755707,NVDA,2026-09-21,2026-09-21T09:44:59.475400-04:00,224.1198,0.432
AXTI-20260921T13375668406,AXTI,2026-09-21,2026-09-21T09:44:59.475400-04:00,74.0,-0.6914
ETHU-20260921T13410196657,ETHU,2026-09-21,2026-09-21T09:44:59.475400-04:00,31.4112,-0.4084
BMNR-20260921T13410201537,BMNR,2026-09-21,2026-09-21T09:44:59.475400-04:00,27.265,-0.1659
AVGO-20260921T13420273310,AVGO,2026-09-21,2026-09-21T09:44:59.475400-04:00,357.135,0.1547
TSLA-20260921T13420278695,TSLA,2026-09-21,2026-09-21T09:44:59.475400-04:00,375.3758,0.1082
NXPI-20260921T13420604629,NXPI,2026-09-21,2026-09-21T09:44:59.475400-04:00,227.31,-0.202
COHR-20260921T13434683332,COHR,2026-09-21,2026-09-21T09:44:59.475400-04:00,325.155,-0.299
NVDA-20260921T13352755707,NVDA,2026-09-21,2026-09-21T09:45:02.636758-04:00,224.1801,0.459
AXTI-20260921T13375668406,AXTI,2026-09-21,2026-09-21T09:45:02.636758-04:00,74.195,-0.4297
ETHU-20260921T13410196657,ETHU,2026-09-21,2026-09-21T09:45:02.636758-04:00,31.4,-0.4439
BMNR-20260921T13410201537,BMNR,2026-09-21,2026-09-21T09:45:02.636758-04:00,27.26,-0.1842
AVGO-20260921T13420273310,AVGO,2026-09-21,2026-09-21T09:45:02.636758-04:00,357.145,0.1575
TSLA-20260921T13420278695,TSLA,2026-09-21,2026-09-21T09:45:02.636758-04:00,375.365,0.1053
NXPI-20260921T13420604629,NXPI,2026-09-21,2026-09-21T09:45:02.636758-04:00,227.76,-0.0044
COHR-20260921T13434683332,COHR,2026-09-21,2026-09-21T09:45:02.636758-04:00,325.1214,-0.3093
NVDA-20260921T13352755707,NVDA,2026-09-21,2026-09-21T09:45:13.304116-04:00,224.415,0.5643
AXTI-20260921T13375668406,AXTI,2026-09-21,2026-09-21T09:45:13.304116-04:00,74.365,-0.2016
ETHU-20260921T13410196657,ETHU,2026-09-21,2026-09-21T09:45:13.304116-04:00,31.415,-0.3963
BMNR-20260921T13410201537,BMNR,2026-09-21,2026-09-21T09:45:13.304116-04:00,27.3,-0.0378
AVGO-20260921T13420273310,AVGO,2026-09-21,2026-09-21T09:45:13.304116-04:00,357.4919,0.2548
TSLA-20260921T13420278695,TSLA,2026-09-21,2026-09-21T09:45:13.304116-04:00,376.16,0.3174
NXPI-20260921T13420604629,NXPI,2026-09-21,2026-09-21T09:45:13.304116-04:00,227.9101,0.0615
COHR-20260921T13434683332,COHR,2026-09-21,2026-09-21T09:45:13.304116-04:00,325.4645,-0.2041
NVDA-20260921T13352755707,NVDA,2026-09-21,2026-09-21T09:45:23.561999-04:00,224.375,0.5463
ETHU-20260921T13410196657,ETHU,2026-09-21,2026-09-21T09:45:23.561999-04:00,31.45,-0.2854
BMNR-20260921T13410201537,BMNR,2026-09-21,2026-09-21T09:45:23.561999-04:00,27.27,-0.1476
AVGO-20260921T13420273310,AVGO,2026-09-21,2026-09-21T09:45:23.561999-04:00,357.28,0.1954
TSLA-20260921T13420278695,TSLA,2026-09-21,2026-09-21T09:45:23.561999-04:00,376.05,0.288
NXPI-20260921T13420604629,NXPI,2026-09-21,2026-09-21T09:45:23.561999-04:00,227.94,0.0746
COHR-20260921T13434683332,COHR,2026-09-21,2026-09-21T09:45:23.561999-04:00,325.1018,-0.3153
NVDA-20260921T13352755707,NVDA,2026-09-21,2026-09-21T09:45:33.753572-04:00,224.6,0.6472
ETHU-20260921T13410196657,ETHU,2026-09-21,2026-09-21T09:45:33.753572-04:00,31.49,-0.1585
BMNR-20260921T13410201537,BMNR,2026-09-21,2026-09-21T09:45:33.753572-04:00,27.3199,0.0351
AVGO-20260921T13420273310,AVGO,2026-09-21,2026-09-21T09:45:33.753572-04:00,357.34,0.2122
TSLA-20260921T13420278695,TSLA,2026-09-21,2026-09-21T09:45:33.753572-04:00,376.0572,0.2899
NXPI-20260921T13420604629,NXPI,2026-09-21,2026-09-21T09:45:33.753572-04:00,228.0397,0.1184
COHR-20260921T13434683332,COHR,2026-09-21,2026-09-21T09:45:33.753572-04:00,325.06,-0.3281
NVDA-20260921T13352755707,NVDA,2026-09-21,2026-09-21T09:45:43.899758-04:00,224.612,0.6525
ETHU-20260921T13410196657,ETHU,2026-09-21,2026-09-21T09:45:43.899758-04:00,31.5485,0.0269
BMNR-20260921T13410201537,BMNR,2026-09-21,2026-09-21T09:45:43.899758-04:00,27.34,0.1087
AVGO-20260921T13420273310,AVGO,2026-09-21,2026-09-21T09:45:43.899758-04:00,357.368,0.2201
TSLA-20260921T13420278695,TSLA,2026-09-21,2026-09-21T09:45:43.899758-04:00,376.095,0.3
NXPI-20260921T13420604629,NXPI,2026-09-21,2026-09-21T09:45:43.899758-04:00,227.93,0.0702
COHR-20260921T13434683332,COHR,2026-09-21,2026-09-21T09:45:43.899758-04:00,324.99,-0.3496
NVDA-20260921T13352755707,NVDA,2026-09-21,2026-09-21T09:45:54.082897-04:00,224.824,0.7475
ETHU-20260921T13410196657,ETHU,2026-09-21,2026-09-21T09:45:54.082897-04:00,31.55,0.0317
BMNR-20260921T13410201537,BMNR,2026-09-21,2026-09-21T09:45:54.082897-04:00,27.329,0.0684
AVGO-20260921T13420273310,AVGO,2026-09-21,2026-09-21T09:45:54.082897-04:00,357.3768,0.2225
TSLA-20260921T13420278695,TSLA,2026-09-21,2026-09-21T09:45:54.082897-04:00,376.29,0.352
NXPI-20260921T13420604629,NXPI,2026-09-21,2026-09-21T09:45:54.082897-04:00,227.92,0.0659
COHR-20260921T13434683332,COHR,2026-09-21,2026-09-21T09:45:54.082897-04:00,325.222,-0.2784
NVDA-20260921T13352755707,NVDA,2026-09-21,2026-09-21T09:46:04.269012-04:00,224.781,0.7283
ETHU-20260921T13410196657,ETHU,2026-09-21,2026-09-21T09:46:04.269012-04:00,31.6,0.1902
BMNR-20260921T13410201537,BMNR,2026-09-21,2026-09-21T09:46:04.269012-04:00,27.325,0.0538
AVGO-20260921T13420273310,AVGO,2026-09-21,2026-09-21T09:46:04.269012-04:00,357.54,0.2683
TSLA-20260921T13420278695,TSLA,2026-09-21,2026-09-21T09:46:04.269012-04:00,376.365,0.372
NXPI-20260921T13420604629,NXPI,2026-09-21,2026-09-21T09:46:04.269012-04:00,227.93,0.0702
COHR-20260921T13434683332,COHR,2026-09-21,2026-09-21T09:46:04.269012-04:00,325.225,-0.2775
ETHU-20260921T13410196657,ETHU,2026-09-21,2026-09-21T09:46:14.577699-04:00,31.56,0.0634
BMNR-20260921T13410201537,BMNR,2026-09-21,2026-09-21T09:46:14.577699-04:00,27.29,-0.0744
AVGO-20260921T13420273310,AVGO,2026-09-21,2026-09-21T09:46:14.577699-04:00,357.545,0.2697
TSLA-20260921T13420278695,TSLA,2026-09-21,2026-09-21T09:46:14.577699-04:00,375.15,0.048
NXPI-20260921T13420604629,NXPI,2026-09-21,2026-09-21T09:46:14.577699-04:00,227.92,0.0659
COHR-20260921T13434683332,COHR,2026-09-21,2026-09-21T09:46:14.577699-04:00,325.325,-0.2468
ETHU-20260921T13410196657,ETHU,2026-09-21,2026-09-21T09:46:24.839171-04:00,31.6,0.1902
BMNR-20260921T13410201537,BMNR,2026-09-21,2026-09-21T09:46:24.839171-04:00,27.325,0.0538
AVGO-20260921T13420273310,AVGO,2026-09-21,2026-09-21T09:46:24.839171-04:00,357.145,0.1575
TSLA-20260921T13420278695,TSLA,2026-09-21,2026-09-21T09:46:24.839171-04:00,375.93,0.256
NXPI-20260921T13420604629,NXPI,2026-09-21,2026-09-21T09:46:24.839171-04:00,228.04,0.1185
COHR-20260921T13434683332,COHR,2026-09-21,2026-09-21T09:46:24.839171-04:00,324.745,-0.4247
ETHU-20260921T13410196657,ETHU,2026-09-21,2026-09-21T09:46:35.052688-04:00,31.57,0.0951
BMNR-20260921T13410201537,BMNR,2026-09-21,2026-09-21T09:46:35.052688-04:00,27.335,0.0904
AVGO-20260921T13420273310,AVGO,2026-09-21,2026-09-21T09:46:35.052688-04:00,357.02,0.1225
TSLA-20260921T13420278695,TSLA,2026-09-21,2026-09-21T09:46:35.052688-04:00,376.06,0.2907
NXPI-20260921T13420604629,NXPI,2026-09-21,2026-09-21T09:46:35.052688-04:00,227.955,0.0812
COHR-20260921T13434683332,COHR,2026-09-21,2026-09-21T09:46:35.052688-04:00,324.6256,-0.4613
LRCX-20260921T13461483568,LRCX,2026-09-21,2026-09-21T09:46:35.052688-04:00,293.55,-0.1497
ETHU-20260921T13410196657,ETHU,2026-09-21,2026-09-21T09:46:45.257532-04:00,31.575,0.111
BMNR-20260921T13410201537,BMNR,2026-09-21,2026-09-21T09:46:45.257532-04:00,27.3553,0.1647
AVGO-20260921T13420273310,AVGO,2026-09-21,2026-09-21T09:46:45.257532-04:00,357.02,0.1225
TSLA-20260921T13420278695,TSLA,2026-09-21,2026-09-21T09:46:45.257532-04:00,375.954,0.2624
NXPI-20260921T13420604629,NXPI,2026-09-21,2026-09-21T09:46:45.257532-04:00,227.99,0.0966
COHR-20260921T13434683332,COHR,2026-09-21,2026-09-21T09:46:45.257532-04:00,324.24,-0.5795
LRCX-20260921T13461483568,LRCX,2026-09-21,2026-09-21T09:46:45.257532-04:00,293.235,-0.2568
IBIT-20260921T13462503901,IBIT,2026-09-21,2026-09-21T09:46:45.257532-04:00,48.3,-0.0241
ETHU-20260921T13410196657,ETHU,2026-09-21,2026-09-21T09:46:55.502128-04:00,31.605,0.2061
BMNR-20260921T13410201537,BMNR,2026-09-21,2026-09-21T09:46:55.502128-04:00,27.36,0.1819
AVGO-20260921T13420273310,AVGO,2026-09-21,2026-09-21T09:46:55.502128-04:00,357.4499,0.243
TSLA-20260921T13420278695,TSLA,2026-09-21,2026-09-21T09:46:55.502128-04:00,375.64,0.1787
NXPI-20260921T13420604629,NXPI,2026-09-21,2026-09-21T09:46:55.502128-04:00,228.495,0.3183
COHR-20260921T13434683332,COHR,2026-09-21,2026-09-21T09:46:55.502128-04:00,323.705,-0.7436
LRCX-20260921T13461483568,LRCX,2026-09-21,2026-09-21T09:46:55.502128-04:00,293.385,-0.2058
IBIT-20260921T13462503901,IBIT,2026-09-21,2026-09-21T09:46:55.502128-04:00,48.3385,0.0555
ETHU-20260921T13410196657,ETHU,2026-09-21,2026-09-21T09:47:05.654440-04:00,31.5987,0.1861
BMNR-20260921T13410201537,BMNR,2026-09-21,2026-09-21T09:47:05.654440-04:00,27.365,0.2002
AVGO-20260921T13420273310,AVGO,2026-09-21,2026-09-21T09:47:05.654440-04:00,357.59,0.2823
TSLA-20260921T13420278695,TSLA,2026-09-21,2026-09-21T09:47:05.654440-04:00,375.685,0.1907
NXPI-20260921T13420604629,NXPI,2026-09-21,2026-09-21T09:47:05.654440-04:00,228.415,0.2832
COHR-20260921T13434683332,COHR,2026-09-21,2026-09-21T09:47:05.654440-04:00,324.271,-0.57
LRCX-20260921T13461483568,LRCX,2026-09-21,2026-09-21T09:47:05.654440-04:00,293.49,-0.1701
IBIT-20260921T13462503901,IBIT,2026-09-21,2026-09-21T09:47:05.654440-04:00,48.335,0.0483
ETHU-20260921T13410196657,ETHU,2026-09-21,2026-09-21T09:47:15.980040-04:00,31.6,0.1902
BMNR-20260921T13410201537,BMNR,2026-09-21,2026-09-21T09:47:15.980040-04:00,27.375,0.2369
AVGO-20260921T13420273310,AVGO,2026-09-21,2026-09-21T09:47:15.980040-04:00,357.5,0.2571
TSLA-20260921T13420278695,TSLA,2026-09-21,2026-09-21T09:47:15.980040-04:00,375.535,0.1507
NXPI-20260921T13420604629,NXPI,2026-09-21,2026-09-21T09:47:15.980040-04:00,228.2,0.1888
COHR-20260921T13434683332,COHR,2026-09-21,2026-09-21T09:47:15.980040-04:00,322.92,-0.9843
LRCX-20260921T13461483568,LRCX,2026-09-21,2026-09-21T09:47:15.980040-04:00,293.9638,-0.0089
IBIT-20260921T13462503901,IBIT,2026-09-21,2026-09-21T09:47:15.980040-04:00,48.34,0.0586
ETHU-20260921T13410196657,ETHU,2026-09-21,2026-09-21T09:47:26.197200-04:00,31.6385,0.3123
BMNR-20260921T13410201537,BMNR,2026-09-21,2026-09-21T09:47:26.197200-04:00,27.385,0.2735
AVGO-20260921T13420273310,AVGO,2026-09-21,2026-09-21T09:47:26.197200-04:00,357.04,0.1281
TSLA-20260921T13420278695,TSLA,2026-09-21,2026-09-21T09:47:26.197200-04:00,375.104,0.0357
NXPI-20260921T13420604629,NXPI,2026-09-21,2026-09-21T09:47:26.197200-04:00,228.24,0.2063
COHR-20260921T13434683332,COHR,2026-09-21,2026-09-21T09:47:26.197200-04:00,322.735,-1.041
LRCX-20260921T13461483568,LRCX,2026-09-21,2026-09-21T09:47:26.197200-04:00,294.26,0.0918
IBIT-20260921T13462503901,IBIT,2026-09-21,2026-09-21T09:47:26.197200-04:00,48.3587,0.0974
ETHU-20260921T13410196657,ETHU,2026-09-21,2026-09-21T09:47:36.376177-04:00,31.62,0.2536
BMNR-20260921T13410201537,BMNR,2026-09-21,2026-09-21T09:47:36.376177-04:00,27.395,0.3101
AVGO-20260921T13420273310,AVGO,2026-09-21,2026-09-21T09:47:36.376177-04:00,357.135,0.1547
TSLA-20260921T13420278695,TSLA,2026-09-21,2026-09-21T09:47:36.376177-04:00,374.8458,-0.0331
NXPI-20260921T13420604629,NXPI,2026-09-21,2026-09-21T09:47:36.376177-04:00,228.15,0.1668
COHR-20260921T13434683332,COHR,2026-09-21,2026-09-21T09:47:36.376177-04:00,323.0,-0.9597
LRCX-20260921T13461483568,LRCX,2026-09-21,2026-09-21T09:47:36.376177-04:00,294.1512,0.0548
IBIT-20260921T13462503901,IBIT,2026-09-21,2026-09-21T09:47:36.376177-04:00,48.35,0.0793
ETHU-20260921T13410196657,ETHU,2026-09-21,2026-09-21T09:47:46.686316-04:00,31.675,0.428
BMNR-20260921T13410201537,BMNR,2026-09-21,2026-09-21T09:47:46.686316-04:00,27.41,0.365
AVGO-20260921T13420273310,AVGO,2026-09-21,2026-09-21T09:47:46.686316-04:00,357.28,0.1954
TSLA-20260921T13420278695,TSLA,2026-09-21,2026-09-21T09:47:46.686316-04:00,375.07,0.0267
NXPI-20260921T13420604629,NXPI,2026-09-21,2026-09-21T09:47:46.686316-04:00,228.31,0.2371
COHR-20260921T13434683332,COHR,2026-09-21,2026-09-21T09:47:46.686316-04:00,323.49,-0.8095
LRCX-20260921T13461483568,LRCX,2026-09-21,2026-09-21T09:47:46.686316-04:00,293.83,-0.0544
IBIT-20260921T13462503901,IBIT,2026-09-21,2026-09-21T09:47:46.686316-04:00,48.385,0.1518
ETHU-20260921T13410196657,ETHU,2026-09-21,2026-09-21T09:47:56.901783-04:00,31.68,0.4439
BMNR-20260921T13410201537,BMNR,2026-09-21,2026-09-21T09:47:56.901783-04:00,27.435,0.4566
AVGO-20260921T13420273310,AVGO,2026-09-21,2026-09-21T09:47:56.901783-04:00,357.29,0.1982
TSLA-20260921T13420278695,TSLA,2026-09-21,2026-09-21T09:47:56.901783-04:00,375.28,0.0827
NXPI-20260921T13420604629,NXPI,2026-09-21,2026-09-21T09:47:56.901783-04:00,228.335,0.2481
COHR-20260921T13434683332,COHR,2026-09-21,2026-09-21T09:47:56.901783-04:00,323.1782,-0.9051
LRCX-20260921T13461483568,LRCX,2026-09-21,2026-09-21T09:47:56.901783-04:00,294.15,0.0544
IBIT-20260921T13462503901,IBIT,2026-09-21,2026-09-21T09:47:56.901783-04:00,48.405,0.1932
ETHU-20260921T13410196657,ETHU,2026-09-21,2026-09-21T09:48:07.106503-04:00,31.73,0.6024
BMNR-20260921T13410201537,BMNR,2026-09-21,2026-09-21T09:48:07.106503-04:00,27.48,0.6213
AVGO-20260921T13420273310,AVGO,2026-09-21,2026-09-21T09:48:07.106503-04:00,357.35,0.215
TSLA-20260921T13420278695,TSLA,2026-09-21,2026-09-21T09:48:07.106503-04:00,375.29,0.0853
NXPI-20260921T13420604629,NXPI,2026-09-21,2026-09-21T09:48:07.106503-04:00,228.4401,0.2942
COHR-20260921T13434683332,COHR,2026-09-21,2026-09-21T09:48:07.106503-04:00,323.9652,-0.6638
LRCX-20260921T13461483568,LRCX,2026-09-21,2026-09-21T09:48:07.106503-04:00,294.4211,0.1466
IBIT-20260921T13462503901,IBIT,2026-09-21,2026-09-21T09:48:07.106503-04:00,48.42,0.2242
ETHU-20260921T13410196657,ETHU,2026-09-21,2026-09-21T09:48:17.848524-04:00,31.675,0.428
BMNR-20260921T13410201537,BMNR,2026-09-21,2026-09-21T09:48:17.848524-04:00,27.485,0.6396
AVGO-20260921T13420273310,AVGO,2026-09-21,2026-09-21T09:48:17.848524-04:00,357.31,0.2038
TSLA-20260921T13420278695,TSLA,2026-09-21,2026-09-21T09:48:17.848524-04:00,375.4001,0.1147
NXPI-20260921T13420604629,NXPI,2026-09-21,2026-09-21T09:48:17.848524-04:00,228.39,0.2722
LRCX-20260921T13461483568,LRCX,2026-09-21,2026-09-21T09:48:17.848524-04:00,294.16,0.0578
IBIT-20260921T13462503901,IBIT,2026-09-21,2026-09-21T09:48:17.848524-04:00,48.395,0.1725
ETHU-20260921T13410196657,ETHU,2026-09-21,2026-09-21T09:48:28.033596-04:00,31.5985,0.1855
BMNR-20260921T13410201537,BMNR,2026-09-21,2026-09-21T09:48:28.033596-04:00,27.48,0.6213
AVGO-20260921T13420273310,AVGO,2026-09-21,2026-09-21T09:48:28.033596-04:00,357.235,0.1828
TSLA-20260921T13420278695,TSLA,2026-09-21,2026-09-21T09:48:28.033596-04:00,375.43,0.1227
NXPI-20260921T13420604629,NXPI,2026-09-21,2026-09-21T09:48:28.033596-04:00,228.355,0.2568
LRCX-20260921T13461483568,LRCX,2026-09-21,2026-09-21T09:48:28.033596-04:00,293.314,-0.2299
IBIT-20260921T13462503901,IBIT,2026-09-21,2026-09-21T09:48:28.033596-04:00,48.32,0.0172
ETHU-20260921T13410196657,ETHU,2026-09-21,2026-09-21T09:48:38.252303-04:00,31.59,0.1585
BMNR-20260921T13410201537,BMNR,2026-09-21,2026-09-21T09:48:38.252303-04:00,27.445,0.4932
AVGO-20260921T13420273310,AVGO,2026-09-21,2026-09-21T09:48:38.252303-04:00,357.43,0.2374
TSLA-20260921T13420278695,TSLA,2026-09-21,2026-09-21T09:48:38.252303-04:00,375.27,0.08
NXPI-20260921T13420604629,NXPI,2026-09-21,2026-09-21T09:48:38.252303-04:00,228.73,0.4215
LRCX-20260921T13461483568,LRCX,2026-09-21,2026-09-21T09:48:38.252303-04:00,294.34,0.1191
IBIT-20260921T13462503901,IBIT,2026-09-21,2026-09-21T09:48:38.252303-04:00,48.325,0.0276
ETHU-20260921T13410196657,ETHU,2026-09-21,2026-09-21T09:48:48.486763-04:00,31.645,0.3329
BMNR-20260921T13410201537,BMNR,2026-09-21,2026-09-21T09:48:48.486763-04:00,27.475,0.603
AVGO-20260921T13420273310,AVGO,2026-09-21,2026-09-21T09:48:48.486763-04:00,357.7,0.3132
TSLA-20260921T13420278695,TSLA,2026-09-21,2026-09-21T09:48:48.486763-04:00,375.42,0.12
NXPI-20260921T13420604629,NXPI,2026-09-21,2026-09-21T09:48:48.486763-04:00,228.685,0.4017
LRCX-20260921T13461483568,LRCX,2026-09-21,2026-09-21T09:48:48.486763-04:00,294.595,0.2058
IBIT-20260921T13462503901,IBIT,2026-09-21,2026-09-21T09:48:48.486763-04:00,48.38,0.1414
ETHU-20260921T13410196657,ETHU,2026-09-21,2026-09-21T09:48:58.760115-04:00,31.6,0.1902
BMNR-20260921T13410201537,BMNR,2026-09-21,2026-09-21T09:48:58.760115-04:00,27.4767,0.6092
AVGO-20260921T13420273310,AVGO,2026-09-21,2026-09-21T09:48:58.760115-04:00,357.57,0.2767
TSLA-20260921T13420278695,TSLA,2026-09-21,2026-09-21T09:48:58.760115-04:00,375.31,0.0907
NXPI-20260921T13420604629,NXPI,2026-09-21,2026-09-21T09:48:58.760115-04:00,228.59,0.36
LRCX-20260921T13461483568,LRCX,2026-09-21,2026-09-21T09:48:58.760115-04:00,294.2475,0.0876
IBIT-20260921T13462503901,IBIT,2026-09-21,2026-09-21T09:48:58.760115-04:00,48.355,0.0897
ETHU-20260921T13410196657,ETHU,2026-09-21,2026-09-21T09:49:08.999931-04:00,31.59,0.1585
BMNR-20260921T13410201537,BMNR,2026-09-21,2026-09-21T09:49:08.999931-04:00,27.435,0.4566
AVGO-20260921T13420273310,AVGO,2026-09-21,2026-09-21T09:49:08.999931-04:00,357.26,0.1898
TSLA-20260921T13420278695,TSLA,2026-09-21,2026-09-21T09:49:08.999931-04:00,375.41,0.1173
NXPI-20260921T13420604629,NXPI,2026-09-21,2026-09-21T09:49:08.999931-04:00,228.67,0.3951
LRCX-20260921T13461483568,LRCX,2026-09-21,2026-09-21T09:49:08.999931-04:00,294.32,0.1122
IBIT-20260921T13462503901,IBIT,2026-09-21,2026-09-21T09:49:08.999931-04:00,48.36,0.1
ETHU-20260921T13410196657,ETHU,2026-09-21,2026-09-21T09:49:19.161799-04:00,31.54,0.0
BMNR-20260921T13410201537,BMNR,2026-09-21,2026-09-21T09:49:19.161799-04:00,27.4005,0.3302
AVGO-20260921T13420273310,AVGO,2026-09-21,2026-09-21T09:49:19.161799-04:00,357.53,0.2655
TSLA-20260921T13420278695,TSLA,2026-09-21,2026-09-21T09:49:19.161799-04:00,375.13,0.0427
NXPI-20260921T13420604629,NXPI,2026-09-21,2026-09-21T09:49:19.161799-04:00,228.685,0.4017
LRCX-20260921T13461483568,LRCX,2026-09-21,2026-09-21T09:49:19.161799-04:00,294.2505,0.0886
IBIT-20260921T13462503901,IBIT,2026-09-21,2026-09-21T09:49:19.161799-04:00,48.32,0.0172
ETHU-20260921T13410196657,ETHU,2026-09-21,2026-09-21T09:49:29.427943-04:00,31.565,0.0793
BMNR-20260921T13410201537,BMNR,2026-09-21,2026-09-21T09:49:29.427943-04:00,27.42,0.4016
AVGO-20260921T13420273310,AVGO,2026-09-21,2026-09-21T09:49:29.427943-04:00,357.5,0.2571
TSLA-20260921T13420278695,TSLA,2026-09-21,2026-09-21T09:49:29.427943-04:00,375.23,0.0693
NXPI-20260921T13420604629,NXPI,2026-09-21,2026-09-21T09:49:29.427943-04:00,228.46,0.3029
LRCX-20260921T13461483568,LRCX,2026-09-21,2026-09-21T09:49:29.427943-04:00,294.2008,0.0717
IBIT-20260921T13462503901,IBIT,2026-09-21,2026-09-21T09:49:29.427943-04:00,48.325,0.0276
ETHU-20260921T13410196657,ETHU,2026-09-21,2026-09-21T09:49:39.584530-04:00,31.585,0.1427
BMNR-20260921T13410201537,BMNR,2026-09-21,2026-09-21T09:49:39.584530-04:00,27.43,0.4382
AVGO-20260921T13420273310,AVGO,2026-09-21,2026-09-21T09:49:39.584530-04:00,357.485,0.2529
TSLA-20260921T13420278695,TSLA,2026-09-21,2026-09-21T09:49:39.584530-04:00,375.41,0.1173
NXPI-20260921T13420604629,NXPI,2026-09-21,2026-09-21T09:49:39.584530-04:00,228.57,0.3512
LRCX-20260921T13461483568,LRCX,2026-09-21,2026-09-21T09:49:39.584530-04:00,294.465,0.1616
IBIT-20260921T13462503901,IBIT,2026-09-21,2026-09-21T09:49:39.584530-04:00,48.3515,0.0825
ETHU-20260921T13410196657,ETHU,2026-09-21,2026-09-21T09:49:49.722855-04:00,31.63,0.2854
BMNR-20260921T13410201537,BMNR,2026-09-21,2026-09-21T09:49:49.722855-04:00,27.445,0.4932
AVGO-20260921T13420273310,AVGO,2026-09-21,2026-09-21T09:49:49.722855-04:00,357.37,0.2206
TSLA-20260921T13420278695,TSLA,2026-09-21,2026-09-21T09:49:49.722855-04:00,375.111,0.0376
NXPI-20260921T13420604629,NXPI,2026-09-21,2026-09-21T09:49:49.722855-04:00,228.35,0.2546
LRCX-20260921T13461483568,LRCX,2026-09-21,2026-09-21T09:49:49.722855-04:00,294.66,0.2279
IBIT-20260921T13462503901,IBIT,2026-09-21,2026-09-21T09:49:49.722855-04:00,48.3877,0.1574
ETHU-20260921T13410196657,ETHU,2026-09-21,2026-09-21T09:49:59.873313-04:00,31.615,0.2378
BMNR-20260921T13410201537,BMNR,2026-09-21,2026-09-21T09:49:59.873313-04:00,27.4676,0.5759
AVGO-20260921T13420273310,AVGO,2026-09-21,2026-09-21T09:49:59.873313-04:00,357.165,0.1631
TSLA-20260921T13420278695,TSLA,2026-09-21,2026-09-21T09:49:59.873313-04:00,375.188,0.0581
NXPI-20260921T13420604629,NXPI,2026-09-21,2026-09-21T09:49:59.873313-04:00,228.52,0.3293
LRCX-20260921T13461483568,LRCX,2026-09-21,2026-09-21T09:49:59.873313-04:00,294.645,0.2228
IBIT-20260921T13462503901,IBIT,2026-09-21,2026-09-21T09:49:59.873313-04:00,48.395,0.1725
ETHU-20260921T13410196657,ETHU,2026-09-21,2026-09-21T09:50:10.034094-04:00,31.67,0.4122
BMNR-20260921T13410201537,BMNR,2026-09-21,2026-09-21T09:50:10.034094-04:00,27.5222,0.7758
AVGO-20260921T13420273310,AVGO,2026-09-21,2026-09-21T09:50:10.034094-04:00,357.11,0.1477
TSLA-20260921T13420278695,TSLA,2026-09-21,2026-09-21T09:50:10.034094-04:00,374.9501,-0.0053
NXPI-20260921T13420604629,NXPI,2026-09-21,2026-09-21T09:50:10.034094-04:00,228.4966,0.319
LRCX-20260921T13461483568,LRCX,2026-09-21,2026-09-21T09:50:10.034094-04:00,294.7955,0.274
IBIT-20260921T13462503901,IBIT,2026-09-21,2026-09-21T09:50:10.034094-04:00,48.43,0.2449
ETHU-20260921T13410196657,ETHU,2026-09-21,2026-09-21T09:50:20.473935-04:00,31.735,0.6183
BMNR-20260921T13410201537,BMNR,2026-09-21,2026-09-21T09:50:20.473935-04:00,27.5925,1.0333
AVGO-20260921T13420273310,AVGO,2026-09-21,2026-09-21T09:50:20.473935-04:00,356.79,0.058
NXPI-20260921T13420604629,NXPI,2026-09-21,2026-09-21T09:50:20.473935-04:00,228.3025,0.2338
LRCX-20260921T13461483568,LRCX,2026-09-21,2026-09-21T09:50:20.473935-04:00,294.845,0.2908
IBIT-20260921T13462503901,IBIT,2026-09-21,2026-09-21T09:50:20.473935-04:00,48.485,0.3588
ETHU-20260921T13410196657,ETHU,2026-09-21,2026-09-21T09:50:30.691052-04:00,31.725,0.5866
BMNR-20260921T13410201537,BMNR,2026-09-21,2026-09-21T09:50:30.691052-04:00,27.5967,1.0486
AVGO-20260921T13420273310,AVGO,2026-09-21,2026-09-21T09:50:30.691052-04:00,357.29,0.1982
NXPI-20260921T13420604629,NXPI,2026-09-21,2026-09-21T09:50:30.691052-04:00,228.1,0.1449
LRCX-20260921T13461483568,LRCX,2026-09-21,2026-09-21T09:50:30.691052-04:00,294.73,0.2517
IBIT-20260921T13462503901,IBIT,2026-09-21,2026-09-21T09:50:30.691052-04:00,48.495,0.3795
ETHU-20260921T13410196657,ETHU,2026-09-21,2026-09-21T09:50:40.891169-04:00,31.71,0.539
BMNR-20260921T13410201537,BMNR,2026-09-21,2026-09-21T09:50:40.891169-04:00,27.585,1.0058
AVGO-20260921T13420273310,AVGO,2026-09-21,2026-09-21T09:50:40.891169-04:00,357.2628,0.1905
NXPI-20260921T13420604629,NXPI,2026-09-21,2026-09-21T09:50:40.891169-04:00,228.4402,0.2942
LRCX-20260921T13461483568,LRCX,2026-09-21,2026-09-21T09:50:40.891169-04:00,294.88,0.3027
IBIT-20260921T13462503901,IBIT,2026-09-21,2026-09-21T09:50:40.891169-04:00,48.4781,0.3445
ETHU-20260921T13410196657,ETHU,2026-09-21,2026-09-21T09:50:51.085850-04:00,31.7499,0.6655
BMNR-20260921T13410201537,BMNR,2026-09-21,2026-09-21T09:50:51.085850-04:00,27.59,1.0241
AVGO-20260921T13420273310,AVGO,2026-09-21,2026-09-21T09:50:51.085850-04:00,356.514,-0.0194
NXPI-20260921T13420604629,NXPI,2026-09-21,2026-09-21T09:50:51.085850-04:00,228.2146,0.1952
LRCX-20260921T13461483568,LRCX,2026-09-21,2026-09-21T09:50:51.085850-04:00,294.766,0.264
IBIT-20260921T13462503901,IBIT,2026-09-21,2026-09-21T09:50:51.085850-04:00,48.5077,0.4058
ETHU-20260921T13410196657,ETHU,2026-09-21,2026-09-21T09:51:01.347139-04:00,31.765,0.7134
BMNR-20260921T13410201537,BMNR,2026-09-21,2026-09-21T09:51:01.347139-04:00,27.565,0.9326
AVGO-20260921T13420273310,AVGO,2026-09-21,2026-09-21T09:51:01.347139-04:00,356.35,-0.0654
NXPI-20260921T13420604629,NXPI,2026-09-21,2026-09-21T09:51:01.347139-04:00,228.35,0.2546
LRCX-20260921T13461483568,LRCX,2026-09-21,2026-09-21T09:51:01.347139-04:00,294.5801,0.2007
IBIT-20260921T13462503901,IBIT,2026-09-21,2026-09-21T09:51:01.347139-04:00,48.52,0.4312
ETHU-20260921T13410196657,ETHU,2026-09-21,2026-09-21T09:51:11.974447-04:00,31.83,0.9195
AVGO-20260921T13420273310,AVGO,2026-09-21,2026-09-21T09:51:11.974447-04:00,356.4142,-0.0474
NXPI-20260921T13420604629,NXPI,2026-09-21,2026-09-21T09:51:11.974447-04:00,228.64,0.382
LRCX-20260921T13461483568,LRCX,2026-09-21,2026-09-21T09:51:11.974447-04:00,294.94,0.3231
IBIT-20260921T13462503901,IBIT,2026-09-21,2026-09-21T09:51:11.974447-04:00,48.545,0.483
TSLA-20260921T13505133518,TSLA,2026-09-21,2026-09-21T09:51:11.974447-04:00,376.95,0.2153
ETHU-20260921T13410196657,ETHU,2026-09-21,2026-09-21T09:51:22.183114-04:00,31.78,0.7609
AVGO-20260921T13420273310,AVGO,2026-09-21,2026-09-21T09:51:22.183114-04:00,356.61,0.0075
NXPI-20260921T13420604629,NXPI,2026-09-21,2026-09-21T09:51:22.183114-04:00,228.315,0.2393
LRCX-20260921T13461483568,LRCX,2026-09-21,2026-09-21T09:51:22.183114-04:00,294.7282,0.2511
IBIT-20260921T13462503901,IBIT,2026-09-21,2026-09-21T09:51:22.183114-04:00,48.53,0.4519
TSLA-20260921T13505133518,TSLA,2026-09-21,2026-09-21T09:51:22.183114-04:00,377.01,0.2313
ETHU-20260921T13410196657,ETHU,2026-09-21,2026-09-21T09:51:32.404037-04:00,31.805,0.8402
AVGO-20260921T13420273310,AVGO,2026-09-21,2026-09-21T09:51:32.404037-04:00,356.63,0.0131
NXPI-20260921T13420604629,NXPI,2026-09-21,2026-09-21T09:51:32.404037-04:00,228.22,0.1976
LRCX-20260921T13461483568,LRCX,2026-09-21,2026-09-21T09:51:32.404037-04:00,294.685,0.2364
IBIT-20260921T13462503901,IBIT,2026-09-21,2026-09-21T09:51:32.404037-04:00,48.545,0.483
TSLA-20260921T13505133518,TSLA,2026-09-21,2026-09-21T09:51:32.404037-04:00,376.915,0.206
ETHU-20260921T13410196657,ETHU,2026-09-21,2026-09-21T09:51:42.627460-04:00,31.81,0.8561
AVGO-20260921T13420273310,AVGO,2026-09-21,2026-09-21T09:51:42.627460-04:00,356.405,-0.05
NXPI-20260921T13420604629,NXPI,2026-09-21,2026-09-21T09:51:42.627460-04:00,228.215,0.1954
LRCX-20260921T13461483568,LRCX,2026-09-21,2026-09-21T09:51:42.627460-04:00,294.8,0.2755
IBIT-20260921T13462503901,IBIT,2026-09-21,2026-09-21T09:51:42.627460-04:00,48.55,0.4933
TSLA-20260921T13505133518,TSLA,2026-09-21,2026-09-21T09:51:42.627460-04:00,376.03,-0.0292
ETHU-20260921T13410196657,ETHU,2026-09-21,2026-09-21T09:51:52.806432-04:00,31.845,0.967
AVGO-20260921T13420273310,AVGO,2026-09-21,2026-09-21T09:51:52.806432-04:00,356.7388,0.0436
NXPI-20260921T13420604629,NXPI,2026-09-21,2026-09-21T09:51:52.806432-04:00,228.07,0.1317
LRCX-20260921T13461483568,LRCX,2026-09-21,2026-09-21T09:51:52.806432-04:00,294.665,0.2296
IBIT-20260921T13462503901,IBIT,2026-09-21,2026-09-21T09:51:52.806432-04:00,48.569,0.5327
TSLA-20260921T13505133518,TSLA,2026-09-21,2026-09-21T09:51:52.806432-04:00,376.085,-0.0146
ETHU-20260921T13410196657,ETHU,2026-09-21,2026-09-21T09:52:02.960329-04:00,31.86,1.0146
AVGO-20260921T13420273310,AVGO,2026-09-21,2026-09-21T09:52:02.960329-04:00,356.76,0.0495
NXPI-20260921T13420604629,NXPI,2026-09-21,2026-09-21T09:52:02.960329-04:00,227.915,0.0637
LRCX-20260921T13461483568,LRCX,2026-09-21,2026-09-21T09:52:02.960329-04:00,294.68,0.2347
IBIT-20260921T13462503901,IBIT,2026-09-21,2026-09-21T09:52:02.960329-04:00,48.56,0.514
TSLA-20260921T13505133518,TSLA,2026-09-21,2026-09-21T09:52:02.960329-04:00,376.15,0.0027
ETHU-20260921T13410196657,ETHU,2026-09-21,2026-09-21T09:52:13.169464-04:00,31.915,1.189
AVGO-20260921T13420273310,AVGO,2026-09-21,2026-09-21T09:52:13.169464-04:00,356.82,0.0664
NXPI-20260921T13420604629,NXPI,2026-09-21,2026-09-21T09:52:13.169464-04:00,228.0712,0.1322
LRCX-20260921T13461483568,LRCX,2026-09-21,2026-09-21T09:52:13.169464-04:00,294.375,0.131
IBIT-20260921T13462503901,IBIT,2026-09-21,2026-09-21T09:52:13.169464-04:00,48.6001,0.597
TSLA-20260921T13505133518,TSLA,2026-09-21,2026-09-21T09:52:13.169464-04:00,376.9115,0.2051
ETHU-20260921T13410196657,ETHU,2026-09-21,2026-09-21T09:52:23.344064-04:00,31.88,1.078
AVGO-20260921T13420273310,AVGO,2026-09-21,2026-09-21T09:52:23.344064-04:00,356.61,0.0075
NXPI-20260921T13420604629,NXPI,2026-09-21,2026-09-21T09:52:23.344064-04:00,228.02,0.1098
LRCX-20260921T13461483568,LRCX,2026-09-21,2026-09-21T09:52:23.344064-04:00,294.33,0.1157
IBIT-20260921T13462503901,IBIT,2026-09-21,2026-09-21T09:52:23.344064-04:00,48.5786,0.5525
TSLA-20260921T13505133518,TSLA,2026-09-21,2026-09-21T09:52:23.344064-04:00,377.195,0.2805
ETHU-20260921T13410196657,ETHU,2026-09-21,2026-09-21T09:52:33.507773-04:00,31.87,1.0463
AVGO-20260921T13420273310,AVGO,2026-09-21,2026-09-21T09:52:33.507773-04:00,357.0315,0.1257
NXPI-20260921T13420604629,NXPI,2026-09-21,2026-09-21T09:52:33.507773-04:00,228.3804,0.268
LRCX-20260921T13461483568,LRCX,2026-09-21,2026-09-21T09:52:33.507773-04:00,294.4372,0.1521
IBIT-20260921T13462503901,IBIT,2026-09-21,2026-09-21T09:52:33.507773-04:00,48.5677,0.53
TSLA-20260921T13505133518,TSLA,2026-09-21,2026-09-21T09:52:33.507773-04:00,377.07,0.2472
ETHU-20260921T13410196657,ETHU,2026-09-21,2026-09-21T09:52:43.678892-04:00,31.84,0.9512
AVGO-20260921T13420273310,AVGO,2026-09-21,2026-09-21T09:52:43.678892-04:00,356.8,0.0608
NXPI-20260921T13420604629,NXPI,2026-09-21,2026-09-21T09:52:43.678892-04:00,227.995,0.0988
LRCX-20260921T13461483568,LRCX,2026-09-21,2026-09-21T09:52:43.678892-04:00,294.88,0.3027
IBIT-20260921T13462503901,IBIT,2026-09-21,2026-09-21T09:52:43.678892-04:00,48.58,0.5554
TSLA-20260921T13505133518,TSLA,2026-09-21,2026-09-21T09:52:43.678892-04:00,376.9188,0.2071
ETHU-20260921T13410196657,ETHU,2026-09-21,2026-09-21T09:52:53.839150-04:00,31.795,0.8085
AVGO-20260921T13420273310,AVGO,2026-09-21,2026-09-21T09:52:53.839150-04:00,356.9695,0.1083
NXPI-20260921T13420604629,NXPI,2026-09-21,2026-09-21T09:52:53.839150-04:00,228.0771,0.1348
LRCX-20260921T13461483568,LRCX,2026-09-21,2026-09-21T09:52:53.839150-04:00,294.815,0.2806
IBIT-20260921T13462503901,IBIT,2026-09-21,2026-09-21T09:52:53.839150-04:00,48.5485,0.4902
TSLA-20260921T13505133518,TSLA,2026-09-21,2026-09-21T09:52:53.839150-04:00,377.14,0.2659
ETHU-20260921T13410196657,ETHU,2026-09-21,2026-09-21T09:53:04.078148-04:00,31.78,0.7609
AVGO-20260921T13420273310,AVGO,2026-09-21,2026-09-21T09:53:04.078148-04:00,356.785,0.0566
NXPI-20260921T13420604629,NXPI,2026-09-21,2026-09-21T09:53:04.078148-04:00,227.766,-0.0018
LRCX-20260921T13461483568,LRCX,2026-09-21,2026-09-21T09:53:04.078148-04:00,294.5,0.1735
IBIT-20260921T13462503901,IBIT,2026-09-21,2026-09-21T09:53:04.078148-04:00,48.515,0.4209
TSLA-20260921T13505133518,TSLA,2026-09-21,2026-09-21T09:53:04.078148-04:00,377.28,0.3031
ETHU-20260921T13410196657,ETHU,2026-09-21,2026-09-21T09:53:14.410112-04:00,31.735,0.6183
AVGO-20260921T13420273310,AVGO,2026-09-21,2026-09-21T09:53:14.410112-04:00,356.874,0.0815
LRCX-20260921T13461483568,LRCX,2026-09-21,2026-09-21T09:53:14.410112-04:00,294.78,0.2687
IBIT-20260921T13462503901,IBIT,2026-09-21,2026-09-21T09:53:14.410112-04:00,48.4901,0.3693
TSLA-20260921T13505133518,TSLA,2026-09-21,2026-09-21T09:53:14.410112-04:00,377.22,0.2871
AXTI-20260921T13525407421,AXTI,2026-09-21,2026-09-21T09:53:14.410112-04:00,76.0,-0.507
ETHU-20260921T13410196657,ETHU,2026-09-21,2026-09-21T09:53:24.628074-04:00,31.6775,0.436
AVGO-20260921T13420273310,AVGO,2026-09-21,2026-09-21T09:53:24.628074-04:00,356.8988,0.0885
LRCX-20260921T13461483568,LRCX,2026-09-21,2026-09-21T09:53:24.628074-04:00,294.67,0.2313
IBIT-20260921T13462503901,IBIT,2026-09-21,2026-09-21T09:53:24.628074-04:00,48.435,0.2553
TSLA-20260921T13505133518,TSLA,2026-09-21,2026-09-21T09:53:24.628074-04:00,377.365,0.3257
AXTI-20260921T13525407421,AXTI,2026-09-21,2026-09-21T09:53:24.628074-04:00,76.2099,-0.2322
MSTR-20260921T13530440342,MSTR,2026-09-21,2026-09-21T09:53:24.628074-04:00,167.855,-0.0548
ETHU-20260921T13410196657,ETHU,2026-09-21,2026-09-21T09:53:34.785620-04:00,31.7,0.5073
AVGO-20260921T13420273310,AVGO,2026-09-21,2026-09-21T09:53:34.785620-04:00,356.71,0.0355
LRCX-20260921T13461483568,LRCX,2026-09-21,2026-09-21T09:53:34.785620-04:00,294.5717,0.1979
IBIT-20260921T13462503901,IBIT,2026-09-21,2026-09-21T09:53:34.785620-04:00,48.45,0.2863
TSLA-20260921T13505133518,TSLA,2026-09-21,2026-09-21T09:53:34.785620-04:00,377.6001,0.3882
AXTI-20260921T13525407421,AXTI,2026-09-21,2026-09-21T09:53:34.785620-04:00,76.105,-0.3695
MSTR-20260921T13530440342,MSTR,2026-09-21,2026-09-21T09:53:34.785620-04:00,168.055,0.0643
COHR-20260921T13531462272,COHR,2026-09-21,2026-09-21T09:53:34.785620-04:00,328.61,-0.1094
ETHU-20260921T13410196657,ETHU,2026-09-21,2026-09-21T09:53:44.902020-04:00,31.73,0.6024
AVGO-20260921T13420273310,AVGO,2026-09-21,2026-09-21T09:53:44.902020-04:00,356.65,0.0187
LRCX-20260921T13461483568,LRCX,2026-09-21,2026-09-21T09:53:44.902020-04:00,294.1,0.0374
IBIT-20260921T13462503901,IBIT,2026-09-21,2026-09-21T09:53:44.902020-04:00,48.465,0.3174
TSLA-20260921T13505133518,TSLA,2026-09-21,2026-09-21T09:53:44.902020-04:00,377.4,0.335
AXTI-20260921T13525407421,AXTI,2026-09-21,2026-09-21T09:53:44.902020-04:00,75.975,-0.5397
MSTR-20260921T13530440342,MSTR,2026-09-21,2026-09-21T09:53:44.902020-04:00,168.154,0.1233
COHR-20260921T13531462272,COHR,2026-09-21,2026-09-21T09:53:44.902020-04:00,328.48,-0.1489
ETHU-20260921T13410196657,ETHU,2026-09-21,2026-09-21T09:53:55.028629-04:00,31.635,0.3012
AVGO-20260921T13420273310,AVGO,2026-09-21,2026-09-21T09:53:55.028629-04:00,356.4925,-0.0255
LRCX-20260921T13461483568,LRCX,2026-09-21,2026-09-21T09:53:55.028629-04:00,294.345,0.1208
IBIT-20260921T13462503901,IBIT,2026-09-21,2026-09-21T09:53:55.028629-04:00,48.415,0.2139
TSLA-20260921T13505133518,TSLA,2026-09-21,2026-09-21T09:53:55.028629-04:00,377.2172,0.2864
AXTI-20260921T13525407421,AXTI,2026-09-21,2026-09-21T09:53:55.028629-04:00,75.95,-0.5724
MSTR-20260921T13530440342,MSTR,2026-09-21,2026-09-21T09:53:55.028629-04:00,167.59,-0.2126
COHR-20260921T13531462272,COHR,2026-09-21,2026-09-21T09:53:55.028629-04:00,328.6082,-0.11
ETHU-20260921T13410196657,ETHU,2026-09-21,2026-09-21T09:54:05.166256-04:00,31.6815,0.4486
AVGO-20260921T13420273310,AVGO,2026-09-21,2026-09-21T09:54:05.166256-04:00,356.62,0.0103
LRCX-20260921T13461483568,LRCX,2026-09-21,2026-09-21T09:54:05.166256-04:00,294.325,0.1139
IBIT-20260921T13462503901,IBIT,2026-09-21,2026-09-21T09:54:05.166256-04:00,48.435,0.2553
TSLA-20260921T13505133518,TSLA,2026-09-21,2026-09-21T09:54:05.166256-04:00,377.295,0.3071
AXTI-20260921T13525407421,AXTI,2026-09-21,2026-09-21T09:54:05.166256-04:00,75.95,-0.5724
MSTR-20260921T13530440342,MSTR,2026-09-21,2026-09-21T09:54:05.166256-04:00,167.8799,-0.04
COHR-20260921T13531462272,COHR,2026-09-21,2026-09-21T09:54:05.166256-04:00,328.086,-0.2687
AVGO-20260921T13420273310,AVGO,2026-09-21,2026-09-21T09:54:15.531500-04:00,356.41,-0.0486
LRCX-20260921T13461483568,LRCX,2026-09-21,2026-09-21T09:54:15.531500-04:00,294.2539,0.0898
IBIT-20260921T13462503901,IBIT,2026-09-21,2026-09-21T09:54:15.531500-04:00,48.4,0.1828
TSLA-20260921T13505133518,TSLA,2026-09-21,2026-09-21T09:54:15.531500-04:00,377.2134,0.2854
AXTI-20260921T13525407421,AXTI,2026-09-21,2026-09-21T09:54:15.531500-04:00,75.7,-0.8997
MSTR-20260921T13530440342,MSTR,2026-09-21,2026-09-21T09:54:15.531500-04:00,167.705,-0.1441
COHR-20260921T13531462272,COHR,2026-09-21,2026-09-21T09:54:15.531500-04:00,327.608,-0.414
AVGO-20260921T13420273310,AVGO,2026-09-21,2026-09-21T09:54:25.756733-04:00,356.4031,-0.0505
LRCX-20260921T13461483568,LRCX,2026-09-21,2026-09-21T09:54:25.756733-04:00,293.965,-0.0085
IBIT-20260921T13462503901,IBIT,2026-09-21,2026-09-21T09:54:25.756733-04:00,48.385,0.1518
TSLA-20260921T13505133518,TSLA,2026-09-21,2026-09-21T09:54:25.756733-04:00,377.3888,0.332
AXTI-20260921T13525407421,AXTI,2026-09-21,2026-09-21T09:54:25.756733-04:00,76.0,-0.507
MSTR-20260921T13530440342,MSTR,2026-09-21,2026-09-21T09:54:25.756733-04:00,167.675,-0.162
COHR-20260921T13531462272,COHR,2026-09-21,2026-09-21T09:54:25.756733-04:00,327.045,-0.5852
AVGO-20260921T13420273310,AVGO,2026-09-21,2026-09-21T09:54:35.905888-04:00,356.4446,-0.0389
LRCX-20260921T13461483568,LRCX,2026-09-21,2026-09-21T09:54:35.905888-04:00,293.8189,-0.0582
IBIT-20260921T13462503901,IBIT,2026-09-21,2026-09-21T09:54:35.905888-04:00,48.365,0.1104
TSLA-20260921T13505133518,TSLA,2026-09-21,2026-09-21T09:54:35.905888-04:00,377.38,0.3297
AXTI-20260921T13525407421,AXTI,2026-09-21,2026-09-21T09:54:35.905888-04:00,76.0859,-0.3945
MSTR-20260921T13530440342,MSTR,2026-09-21,2026-09-21T09:54:35.905888-04:00,167.495,-0.2691
COHR-20260921T13531462272,COHR,2026-09-21,2026-09-21T09:54:35.905888-04:00,327.23,-0.5289
AVGO-20260921T13420273310,AVGO,2026-09-21,2026-09-21T09:54:46.063128-04:00,356.54,-0.0122
LRCX-20260921T13461483568,LRCX,2026-09-21,2026-09-21T09:54:46.063128-04:00,293.8687,-0.0413
IBIT-20260921T13462503901,IBIT,2026-09-21,2026-09-21T09:54:46.063128-04:00,48.375,0.1311
TSLA-20260921T13505133518,TSLA,2026-09-21,2026-09-21T09:54:46.063128-04:00,377.3256,0.3152
AXTI-20260921T13525407421,AXTI,2026-09-21,2026-09-21T09:54:46.063128-04:00,76.0969,-0.3801
MSTR-20260921T13530440342,MSTR,2026-09-21,2026-09-21T09:54:46.063128-04:00,167.57,-0.2245
COHR-20260921T13531462272,COHR,2026-09-21,2026-09-21T09:54:46.063128-04:00,327.0,-0.5988
AVGO-20260921T13420273310,AVGO,2026-09-21,2026-09-21T09:54:56.254478-04:00,356.4999,-0.0234
LRCX-20260921T13461483568,LRCX,2026-09-21,2026-09-21T09:54:56.254478-04:00,293.88,-0.0374
IBIT-20260921T13462503901,IBIT,2026-09-21,2026-09-21T09:54:56.254478-04:00,48.355,0.0897
TSLA-20260921T13505133518,TSLA,2026-09-21,2026-09-21T09:54:56.254478-04:00,377.5651,0.3789
AXTI-20260921T13525407421,AXTI,2026-09-21,2026-09-21T09:54:56.254478-04:00,76.18,-0.2713
MSTR-20260921T13530440342,MSTR,2026-09-21,2026-09-21T09:54:56.254478-04:00,167.625,-0.1917
COHR-20260921T13531462272,COHR,2026-09-21,2026-09-21T09:54:56.254478-04:00,327.24,-0.5259
AVGO-20260921T13420273310,AVGO,2026-09-21,2026-09-21T09:55:06.461340-04:00,356.385,-0.0556
LRCX-20260921T13461483568,LRCX,2026-09-21,2026-09-21T09:55:06.461340-04:00,293.56,-0.1463
IBIT-20260921T13462503901,IBIT,2026-09-21,2026-09-21T09:55:06.461340-04:00,48.355,0.0897
TSLA-20260921T13505133518,TSLA,2026-09-21,2026-09-21T09:55:06.461340-04:00,377.95,0.4812
AXTI-20260921T13525407421,AXTI,2026-09-21,2026-09-21T09:55:06.461340-04:00,76.22,-0.219
MSTR-20260921T13530440342,MSTR,2026-09-21,2026-09-21T09:55:06.461340-04:00,167.64,-0.1828
COHR-20260921T13531462272,COHR,2026-09-21,2026-09-21T09:55:06.461340-04:00,328.165,-0.2447
AVGO-20260921T13420273310,AVGO,2026-09-21,2026-09-21T09:55:16.693184-04:00,356.13,-0.1271
LRCX-20260921T13461483568,LRCX,2026-09-21,2026-09-21T09:55:16.693184-04:00,293.14,-0.2891
IBIT-20260921T13462503901,IBIT,2026-09-21,2026-09-21T09:55:16.693184-04:00,48.3199,0.017
TSLA-20260921T13505133518,TSLA,2026-09-21,2026-09-21T09:55:16.693184-04:00,377.88,0.4626
AXTI-20260921T13525407421,AXTI,2026-09-21,2026-09-21T09:55:16.693184-04:00,76.4125,0.033
MSTR-20260921T13530440342,MSTR,2026-09-21,2026-09-21T09:55:16.693184-04:00,167.0,-0.5639
COHR-20260921T13531462272,COHR,2026-09-21,2026-09-21T09:55:16.693184-04:00,327.2117,-0.5345
AVGO-20260921T13420273310,AVGO,2026-09-21,2026-09-21T09:55:26.852618-04:00,356.06,-0.1468
LRCX-20260921T13461483568,LRCX,2026-09-21,2026-09-21T09:55:26.852618-04:00,293.32,-0.2279
IBIT-20260921T13462503901,IBIT,2026-09-21,2026-09-21T09:55:26.852618-04:00,48.35,0.0793
TSLA-20260921T13505133518,TSLA,2026-09-21,2026-09-21T09:55:26.852618-04:00,377.845,0.4533
AXTI-20260921T13525407421,AXTI,2026-09-21,2026-09-21T09:55:26.852618-04:00,76.495,0.141
MSTR-20260921T13530440342,MSTR,2026-09-21,2026-09-21T09:55:26.852618-04:00,167.29,-0.3912
COHR-20260921T13531462272,COHR,2026-09-21,2026-09-21T09:55:26.852618-04:00,327.595,-0.418
AVGO-20260921T13420273310,AVGO,2026-09-21,2026-09-21T09:55:37.003422-04:00,356.155,-0.1201
LRCX-20260921T13461483568,LRCX,2026-09-21,2026-09-21T09:55:37.003422-04:00,293.37,-0.2109
IBIT-20260921T13462503901,IBIT,2026-09-21,2026-09-21T09:55:37.003422-04:00,48.3999,0.1826
TSLA-20260921T13505133518,TSLA,2026-09-21,2026-09-21T09:55:37.003422-04:00,378.005,0.4958
AXTI-20260921T13525407421,AXTI,2026-09-21,2026-09-21T09:55:37.003422-04:00,76.3101,-0.101
MSTR-20260921T13530440342,MSTR,2026-09-21,2026-09-21T09:55:37.003422-04:00,167.649,-0.1774
COHR-20260921T13531462272,COHR,2026-09-21,2026-09-21T09:55:37.003422-04:00,327.35,-0.4924
AVGO-20260921T13420273310,AVGO,2026-09-21,2026-09-21T09:55:47.169834-04:00,356.15,-0.1215
LRCX-20260921T13461483568,LRCX,2026-09-21,2026-09-21T09:55:47.169834-04:00,293.49,-0.1701
IBIT-20260921T13462503901,IBIT,2026-09-21,2026-09-21T09:55:47.169834-04:00,48.375,0.1311
TSLA-20260921T13505133518,TSLA,2026-09-21,2026-09-21T09:55:47.169834-04:00,377.63,0.3961
AXTI-20260921T13525407421,AXTI,2026-09-21,2026-09-21T09:55:47.169834-04:00,76.265,-0.1601
MSTR-20260921T13530440342,MSTR,2026-09-21,2026-09-21T09:55:47.169834-04:00,167.49,-0.2721
COHR-20260921T13531462272,COHR,2026-09-21,2026-09-21T09:55:47.169834-04:00,326.891,-0.632
AVGO-20260921T13420273310,AVGO,2026-09-21,2026-09-21T09:55:57.333904-04:00,356.38,-0.057
LRCX-20260921T13461483568,LRCX,2026-09-21,2026-09-21T09:55:57.333904-04:00,293.565,-0.1446
IBIT-20260921T13462503901,IBIT,2026-09-21,2026-09-21T09:55:57.333904-04:00,48.375,0.1311
TSLA-20260921T13505133518,TSLA,2026-09-21,2026-09-21T09:55:57.333904-04:00,377.4363,0.3446
AXTI-20260921T13525407421,AXTI,2026-09-21,2026-09-21T09:55:57.333904-04:00,76.19,-0.2583
MSTR-20260921T13530440342,MSTR,2026-09-21,2026-09-21T09:55:57.333904-04:00,167.255,-0.412
COHR-20260921T13531462272,COHR,2026-09-21,2026-09-21T09:55:57.333904-04:00,326.9399,-0.6171
AVGO-20260921T13420273310,AVGO,2026-09-21,2026-09-21T09:56:07.478333-04:00,356.295,-0.0809
LRCX-20260921T13461483568,LRCX,2026-09-21,2026-09-21T09:56:07.478333-04:00,294.0946,0.0356
IBIT-20260921T13462503901,IBIT,2026-09-21,2026-09-21T09:56:07.478333-04:00,48.4167,0.2174
TSLA-20260921T13505133518,TSLA,2026-09-21,2026-09-21T09:56:07.478333-04:00,377.535,0.3709
AXTI-20260921T13525407421,AXTI,2026-09-21,2026-09-21T09:56:07.478333-04:00,76.13,-0.3368
MSTR-20260921T13530440342,MSTR,2026-09-21,2026-09-21T09:56:07.478333-04:00,167.54,-0.2423
COHR-20260921T13531462272,COHR,2026-09-21,2026-09-21T09:56:07.478333-04:00,326.305,-0.8101
LRCX-20260921T13461483568,LRCX,2026-09-21,2026-09-21T09:56:17.732790-04:00,293.06,-0.3163
IBIT-20260921T13462503901,IBIT,2026-09-21,2026-09-21T09:56:17.732790-04:00,48.425,0.2346
TSLA-20260921T13505133518,TSLA,2026-09-21,2026-09-21T09:56:17.732790-04:00,377.38,0.3297
AXTI-20260921T13525407421,AXTI,2026-09-21,2026-09-21T09:56:17.732790-04:00,76.12,-0.3499
MSTR-20260921T13530440342,MSTR,2026-09-21,2026-09-21T09:56:17.732790-04:00,167.81,-0.0816
COHR-20260921T13531462272,COHR,2026-09-21,2026-09-21T09:56:17.732790-04:00,327.8632,-0.3364
LRCX-20260921T13461483568,LRCX,2026-09-21,2026-09-21T09:56:27.872422-04:00,293.39,-0.2041
IBIT-20260921T13462503901,IBIT,2026-09-21,2026-09-21T09:56:27.872422-04:00,48.425,0.2346
TSLA-20260921T13505133518,TSLA,2026-09-21,2026-09-21T09:56:27.872422-04:00,376.925,0.2087
AXTI-20260921T13525407421,AXTI,2026-09-21,2026-09-21T09:56:27.872422-04:00,76.2485,-0.1817
MSTR-20260921T13530440342,MSTR,2026-09-21,2026-09-21T09:56:27.872422-04:00,167.7401,-0.1232
COHR-20260921T13531462272,COHR,2026-09-21,2026-09-21T09:56:27.872422-04:00,325.6599,-1.0062
INTC-20260921T13560772875,INTC,2026-09-21,2026-09-21T09:56:27.872422-04:00,117.86,0.0884
LRCX-20260921T13461483568,LRCX,2026-09-21,2026-09-21T09:56:38.048935-04:00,293.24,-0.2551
IBIT-20260921T13462503901,IBIT,2026-09-21,2026-09-21T09:56:38.048935-04:00,48.4416,0.2689
TSLA-20260921T13505133518,TSLA,2026-09-21,2026-09-21T09:56:38.048935-04:00,376.4776,0.0898
AXTI-20260921T13525407421,AXTI,2026-09-21,2026-09-21T09:56:38.048935-04:00,75.97,-0.5463
MSTR-20260921T13530440342,MSTR,2026-09-21,2026-09-21T09:56:38.048935-04:00,167.8401,-0.0637
INTC-20260921T13560772875,INTC,2026-09-21,2026-09-21T09:56:38.048935-04:00,118.0,0.2073
LRCX-20260921T13461483568,LRCX,2026-09-21,2026-09-21T09:56:48.284693-04:00,293.3567,-0.2154
IBIT-20260921T13462503901,IBIT,2026-09-21,2026-09-21T09:56:48.284693-04:00,48.4682,0.324
TSLA-20260921T13505133518,TSLA,2026-09-21,2026-09-21T09:56:48.284693-04:00,375.8889,-0.0668
AXTI-20260921T13525407421,AXTI,2026-09-21,2026-09-21T09:56:48.284693-04:00,76.17,-0.2844
MSTR-20260921T13530440342,MSTR,2026-09-21,2026-09-21T09:56:48.284693-04:00,168.0,0.0316
INTC-20260921T13560772875,INTC,2026-09-21,2026-09-21T09:56:48.284693-04:00,117.975,0.1861
LRCX-20260921T13461483568,LRCX,2026-09-21,2026-09-21T09:56:58.721716-04:00,293.02,-0.3299
IBIT-20260921T13462503901,IBIT,2026-09-21,2026-09-21T09:56:58.721716-04:00,48.4619,0.311
TSLA-20260921T13505133518,TSLA,2026-09-21,2026-09-21T09:56:58.721716-04:00,375.8288,-0.0827
AXTI-20260921T13525407421,AXTI,2026-09-21,2026-09-21T09:56:58.721716-04:00,76.17,-0.2844
MSTR-20260921T13530440342,MSTR,2026-09-21,2026-09-21T09:56:58.721716-04:00,167.85,-0.0578
INTC-20260921T13560772875,INTC,2026-09-21,2026-09-21T09:56:58.721716-04:00,118.05,0.2498
LRCX-20260921T13461483568,LRCX,2026-09-21,2026-09-21T09:57:08.830587-04:00,293.055,-0.318
IBIT-20260921T13462503901,IBIT,2026-09-21,2026-09-21T09:57:08.830587-04:00,48.495,0.3795
TSLA-20260921T13505133518,TSLA,2026-09-21,2026-09-21T09:57:08.830587-04:00,375.65,-0.1303
AXTI-20260921T13525407421,AXTI,2026-09-21,2026-09-21T09:57:08.830587-04:00,76.25,-0.1797
MSTR-20260921T13530440342,MSTR,2026-09-21,2026-09-21T09:57:08.830587-04:00,167.955,0.0048
INTC-20260921T13560772875,INTC,2026-09-21,2026-09-21T09:57:08.830587-04:00,118.0967,0.2894
LRCX-20260921T13461483568,LRCX,2026-09-21,2026-09-21T09:57:19.062626-04:00,293.09,-0.3061
IBIT-20260921T13462503901,IBIT,2026-09-21,2026-09-21T09:57:19.062626-04:00,48.51,0.4105
AXTI-20260921T13525407421,AXTI,2026-09-21,2026-09-21T09:57:19.062626-04:00,76.352,-0.0462
MSTR-20260921T13530440342,MSTR,2026-09-21,2026-09-21T09:57:19.062626-04:00,168.47,0.3114
INTC-20260921T13560772875,INTC,2026-09-21,2026-09-21T09:57:19.062626-04:00,118.265,0.4324
LRCX-20260921T13461483568,LRCX,2026-09-21,2026-09-21T09:57:29.201197-04:00,293.06,-0.3163
IBIT-20260921T13462503901,IBIT,2026-09-21,2026-09-21T09:57:29.201197-04:00,48.465,0.3174
AXTI-20260921T13525407421,AXTI,2026-09-21,2026-09-21T09:57:29.201197-04:00,76.7,0.4094
MSTR-20260921T13530440342,MSTR,2026-09-21,2026-09-21T09:57:29.201197-04:00,168.4586,0.3046
INTC-20260921T13560772875,INTC,2026-09-21,2026-09-21T09:57:29.201197-04:00,118.245,0.4154
LRCX-20260921T13461483568,LRCX,2026-09-21,2026-09-21T09:57:39.375373-04:00,292.9225,-0.3631
IBIT-20260921T13462503901,IBIT,2026-09-21,2026-09-21T09:57:39.375373-04:00,48.47,0.3277
AXTI-20260921T13525407421,AXTI,2026-09-21,2026-09-21T09:57:39.375373-04:00,76.86,0.6189
MSTR-20260921T13530440342,MSTR,2026-09-21,2026-09-21T09:57:39.375373-04:00,168.55,0.359
INTC-20260921T13560772875,INTC,2026-09-21,2026-09-21T09:57:39.375373-04:00,118.3586,0.5119
LRCX-20260921T13461483568,LRCX,2026-09-21,2026-09-21T09:57:49.706432-04:00,292.89,-0.3742
IBIT-20260921T13462503901,IBIT,2026-09-21,2026-09-21T09:57:49.706432-04:00,48.465,0.3174
AXTI-20260921T13525407421,AXTI,2026-09-21,2026-09-21T09:57:49.706432-04:00,76.82,0.5665
MSTR-20260921T13530440342,MSTR,2026-09-21,2026-09-21T09:57:49.706432-04:00,168.32,0.2221
INTC-20260921T13560772875,INTC,2026-09-21,2026-09-21T09:57:49.706432-04:00,118.33,0.4876
LRCX-20260921T13461483568,LRCX,2026-09-21,2026-09-21T09:57:59.891883-04:00,292.855,-0.3861
IBIT-20260921T13462503901,IBIT,2026-09-21,2026-09-21T09:57:59.891883-04:00,48.4766,0.3414
AXTI-20260921T13525407421,AXTI,2026-09-21,2026-09-21T09:57:59.891883-04:00,76.815,0.5599
MSTR-20260921T13530440342,MSTR,2026-09-21,2026-09-21T09:57:59.891883-04:00,168.47,0.3114
INTC-20260921T13560772875,INTC,2026-09-21,2026-09-21T09:57:59.891883-04:00,118.3,0.4621
BMNR-20260921T13573970336,BMNR,2026-09-21,2026-09-21T09:57:59.891883-04:00,27.6,-0.0931
LRCX-20260921T13461483568,LRCX,2026-09-21,2026-09-21T09:58:10.211140-04:00,292.65,-0.4558
IBIT-20260921T13462503901,IBIT,2026-09-21,2026-09-21T09:58:10.211140-04:00,48.42,0.2242
AXTI-20260921T13525407421,AXTI,2026-09-21,2026-09-21T09:58:10.211140-04:00,76.7782,0.5118
MSTR-20260921T13530440342,MSTR,2026-09-21,2026-09-21T09:58:10.211140-04:00,168.1731,0.1346
INTC-20260921T13560772875,INTC,2026-09-21,2026-09-21T09:58:10.211140-04:00,118.3804,0.5304
BMNR-20260921T13573970336,BMNR,2026-09-21,2026-09-21T09:58:10.211140-04:00,27.57,-0.2017
LRCX-20260921T13461483568,LRCX,2026-09-21,2026-09-21T09:58:20.569016-04:00,292.35,-0.5578
IBIT-20260921T13462503901,IBIT,2026-09-21,2026-09-21T09:58:20.569016-04:00,48.395,0.1725
AXTI-20260921T13525407421,AXTI,2026-09-21,2026-09-21T09:58:20.569016-04:00,76.7201,0.4357
MSTR-20260921T13530440342,MSTR,2026-09-21,2026-09-21T09:58:20.569016-04:00,167.9,-0.028
INTC-20260921T13560772875,INTC,2026-09-21,2026-09-21T09:58:20.569016-04:00,118.38,0.53
BMNR-20260921T13573970336,BMNR,2026-09-21,2026-09-21T09:58:20.569016-04:00,27.545,-0.2922
HOOD-20260921T13580020250,HOOD,2026-09-21,2026-09-21T09:58:20.569016-04:00,121.84,-0.1721
LRCX-20260921T13461483568,LRCX,2026-09-21,2026-09-21T09:58:30.780478-04:00,292.08,-0.6497
IBIT-20260921T13462503901,IBIT,2026-09-21,2026-09-21T09:58:30.780478-04:00,48.3999,0.1826
AXTI-20260921T13525407421,AXTI,2026-09-21,2026-09-21T09:58:30.780478-04:00,76.7972,0.5366
MSTR-20260921T13530440342,MSTR,2026-09-21,2026-09-21T09:58:30.780478-04:00,167.8035,-0.0854
INTC-20260921T13560772875,INTC,2026-09-21,2026-09-21T09:58:30.780478-04:00,118.47,0.6065
BMNR-20260921T13573970336,BMNR,2026-09-21,2026-09-21T09:58:30.780478-04:00,27.505,-0.437
HOOD-20260921T13580020250,HOOD,2026-09-21,2026-09-21T09:58:30.780478-04:00,121.73,-0.2622
ETHU-20260921T13581056324,ETHU,2026-09-21,2026-09-21T09:58:30.780478-04:00,31.655,-0.1734
LRCX-20260921T13461483568,LRCX,2026-09-21,2026-09-21T09:58:40.947175-04:00,291.8775,-0.7186
IBIT-20260921T13462503901,IBIT,2026-09-21,2026-09-21T09:58:40.947175-04:00,48.39,0.1621
AXTI-20260921T13525407421,AXTI,2026-09-21,2026-09-21T09:58:40.947175-04:00,76.8896,0.6576
MSTR-20260921T13530440342,MSTR,2026-09-21,2026-09-21T09:58:40.947175-04:00,167.64,-0.1828
INTC-20260921T13560772875,INTC,2026-09-21,2026-09-21T09:58:40.947175-04:00,118.5302,0.6576
BMNR-20260921T13573970336,BMNR,2026-09-21,2026-09-21T09:58:40.947175-04:00,27.495,-0.4732
HOOD-20260921T13580020250,HOOD,2026-09-21,2026-09-21T09:58:40.947175-04:00,121.7542,-0.2424
ETHU-20260921T13581056324,ETHU,2026-09-21,2026-09-21T09:58:40.947175-04:00,31.635,-0.2365
LRCX-20260921T13461483568,LRCX,2026-09-21,2026-09-21T09:58:51.101154-04:00,291.76,-0.7585
IBIT-20260921T13462503901,IBIT,2026-09-21,2026-09-21T09:58:51.101154-04:00,48.3933,0.169
AXTI-20260921T13525407421,AXTI,2026-09-21,2026-09-21T09:58:51.101154-04:00,76.855,0.6123
MSTR-20260921T13530440342,MSTR,2026-09-21,2026-09-21T09:58:51.101154-04:00,167.646,-0.1792
INTC-20260921T13560772875,INTC,2026-09-21,2026-09-21T09:58:51.101154-04:00,118.535,0.6617
BMNR-20260921T13573970336,BMNR,2026-09-21,2026-09-21T09:58:51.101154-04:00,27.515,-0.4008
HOOD-20260921T13580020250,HOOD,2026-09-21,2026-09-21T09:58:51.101154-04:00,121.79,-0.213
ETHU-20260921T13581056324,ETHU,2026-09-21,2026-09-21T09:58:51.101154-04:00,31.66,-0.1577
LRCX-20260921T13461483568,LRCX,2026-09-21,2026-09-21T09:59:01.260848-04:00,291.91,-0.7075
IBIT-20260921T13462503901,IBIT,2026-09-21,2026-09-21T09:59:01.260848-04:00,48.39,0.1621
AXTI-20260921T13525407421,AXTI,2026-09-21,2026-09-21T09:59:01.260848-04:00,77.09,0.92
MSTR-20260921T13530440342,MSTR,2026-09-21,2026-09-21T09:59:01.260848-04:00,167.415,-0.3168
INTC-20260921T13560772875,INTC,2026-09-21,2026-09-21T09:59:01.260848-04:00,118.4935,0.6264
BMNR-20260921T13573970336,BMNR,2026-09-21,2026-09-21T09:59:01.260848-04:00,27.485,-0.5094
HOOD-20260921T13580020250,HOOD,2026-09-21,2026-09-21T09:59:01.260848-04:00,121.7432,-0.2514
ETHU-20260921T13581056324,ETHU,2026-09-21,2026-09-21T09:59:01.260848-04:00,31.685,-0.0788
IBIT-20260921T13462503901,IBIT,2026-09-21,2026-09-21T09:59:11.731030-04:00,48.3799,0.1412
INTC-20260921T13560772875,INTC,2026-09-21,2026-09-21T09:59:11.731030-04:00,118.5033,0.6347
BMNR-20260921T13573970336,BMNR,2026-09-21,2026-09-21T09:59:11.731030-04:00,27.475,-0.5456
HOOD-20260921T13580020250,HOOD,2026-09-21,2026-09-21T09:59:11.731030-04:00,121.62,-0.3523
ETHU-20260921T13581056324,ETHU,2026-09-21,2026-09-21T09:59:11.731030-04:00,31.62,-0.2838
IBIT-20260921T13462503901,IBIT,2026-09-21,2026-09-21T09:59:21.935158-04:00,48.375,0.1311
INTC-20260921T13560772875,INTC,2026-09-21,2026-09-21T09:59:21.935158-04:00,118.43,0.5725
BMNR-20260921T13573970336,BMNR,2026-09-21,2026-09-21T09:59:21.935158-04:00,27.465,-0.5818
HOOD-20260921T13580020250,HOOD,2026-09-21,2026-09-21T09:59:21.935158-04:00,121.74,-0.254
ETHU-20260921T13581056324,ETHU,2026-09-21,2026-09-21T09:59:21.935158-04:00,31.6229,-0.2747
IBIT-20260921T13462503901,IBIT,2026-09-21,2026-09-21T09:59:32.045667-04:00,48.365,0.1104
INTC-20260921T13560772875,INTC,2026-09-21,2026-09-21T09:59:32.045667-04:00,118.44,0.581
BMNR-20260921T13573970336,BMNR,2026-09-21,2026-09-21T09:59:32.045667-04:00,27.45,-0.6361
HOOD-20260921T13580020250,HOOD,2026-09-21,2026-09-21T09:59:32.045667-04:00,121.67,-0.3113
ETHU-20260921T13581056324,ETHU,2026-09-21,2026-09-21T09:59:32.045667-04:00,31.6,-0.3469
ARM-20260921T13591193453,ARM,2026-09-21,2026-09-21T09:59:32.045667-04:00,308.1533,-0.0962
IBIT-20260921T13462503901,IBIT,2026-09-21,2026-09-21T09:59:42.245581-04:00,48.38,0.1414
INTC-20260921T13560772875,INTC,2026-09-21,2026-09-21T09:59:42.245581-04:00,118.5215,0.6502
BMNR-20260921T13573970336,BMNR,2026-09-21,2026-09-21T09:59:42.245581-04:00,27.475,-0.5456
HOOD-20260921T13580020250,HOOD,2026-09-21,2026-09-21T09:59:42.245581-04:00,121.8267,-0.183
ETHU-20260921T13581056324,ETHU,2026-09-21,2026-09-21T09:59:42.245581-04:00,31.605,-0.3311
ARM-20260921T13591193453,ARM,2026-09-21,2026-09-21T09:59:42.245581-04:00,308.3794,-0.0229
IBIT-20260921T13462503901,IBIT,2026-09-21,2026-09-21T09:59:52.347552-04:00,48.38,0.1414
INTC-20260921T13560772875,INTC,2026-09-21,2026-09-21T09:59:52.347552-04:00,118.5733,0.6942
BMNR-20260921T13573970336,BMNR,2026-09-21,2026-09-21T09:59:52.347552-04:00,27.435,-0.6904
HOOD-20260921T13580020250,HOOD,2026-09-21,2026-09-21T09:59:52.347552-04:00,121.87,-0.1475
ETHU-20260921T13581056324,ETHU,2026-09-21,2026-09-21T09:59:52.347552-04:00,31.6223,-0.2766
ARM-20260921T13591193453,ARM,2026-09-21,2026-09-21T09:59:52.347552-04:00,308.595,0.047
IBIT-20260921T13462503901,IBIT,2026-09-21,2026-09-21T10:00:02.445065-04:00,48.375,0.1311
INTC-20260921T13560772875,INTC,2026-09-21,2026-09-21T10:00:02.445065-04:00,118.61,0.7253
BMNR-20260921T13573970336,BMNR,2026-09-21,2026-09-21T10:00:02.445065-04:00,27.48,-0.5275
HOOD-20260921T13580020250,HOOD,2026-09-21,2026-09-21T10:00:02.445065-04:00,121.86,-0.1557
ETHU-20260921T13581056324,ETHU,2026-09-21,2026-09-21T10:00:02.445065-04:00,31.625,-0.2681
ARM-20260921T13591193453,ARM,2026-09-21,2026-09-21T10:00:02.445065-04:00,308.8272,0.1223
IBIT-20260921T13462503901,IBIT,2026-09-21,2026-09-21T10:00:12.662478-04:00,48.405,0.1932
INTC-20260921T13560772875,INTC,2026-09-21,2026-09-21T10:00:12.662478-04:00,118.76,0.8527
BMNR-20260921T13573970336,BMNR,2026-09-21,2026-09-21T10:00:12.662478-04:00,27.535,-0.3284
HOOD-20260921T13580020250,HOOD,2026-09-21,2026-09-21T10:00:12.662478-04:00,122.01,-0.0328
ETHU-20260921T13581056324,ETHU,2026-09-21,2026-09-21T10:00:12.662478-04:00,31.66,-0.1577
ARM-20260921T13591193453,ARM,2026-09-21,2026-09-21T10:00:12.662478-04:00,309.43,0.3177
INTC-20260921T13560772875,INTC,2026-09-21,2026-09-21T10:00:22.927335-04:00,118.8,0.8867
BMNR-20260921T13573970336,BMNR,2026-09-21,2026-09-21T10:00:22.927335-04:00,27.575,-0.1836
HOOD-20260921T13580020250,HOOD,2026-09-21,2026-09-21T10:00:22.927335-04:00,122.21,0.1311
ETHU-20260921T13581056324,ETHU,2026-09-21,2026-09-21T10:00:22.927335-04:00,31.665,-0.1419
ARM-20260921T13591193453,ARM,2026-09-21,2026-09-21T10:00:22.927335-04:00,310.29,0.5965
INTC-20260921T13560772875,INTC,2026-09-21,2026-09-21T10:00:33.053752-04:00,118.76,0.8527
BMNR-20260921T13573970336,BMNR,2026-09-21,2026-09-21T10:00:33.053752-04:00,27.56,-0.2379
HOOD-20260921T13580020250,HOOD,2026-09-21,2026-09-21T10:00:33.053752-04:00,122.3,0.2048
ETHU-20260921T13581056324,ETHU,2026-09-21,2026-09-21T10:00:33.053752-04:00,31.6699,-0.1265
ARM-20260921T13591193453,ARM,2026-09-21,2026-09-21T10:00:33.053752-04:00,309.8523,0.4546
INTC-20260921T13560772875,INTC,2026-09-21,2026-09-21T10:00:43.173310-04:00,118.81,0.8952
BMNR-20260921T13573970336,BMNR,2026-09-21,2026-09-21T10:00:43.173310-04:00,27.56,-0.2379
HOOD-20260921T13580020250,HOOD,2026-09-21,2026-09-21T10:00:43.173310-04:00,122.3599,0.2539
ETHU-20260921T13581056324,ETHU,2026-09-21,2026-09-21T10:00:43.173310-04:00,31.63,-0.2523
ARM-20260921T13591193453,ARM,2026-09-21,2026-09-21T10:00:43.173310-04:00,309.5,0.3404
INTC-20260921T13560772875,INTC,2026-09-21,2026-09-21T10:00:53.452825-04:00,118.89,0.9631
HOOD-20260921T13580020250,HOOD,2026-09-21,2026-09-21T10:00:53.452825-04:00,122.17,0.0983
ETHU-20260921T13581056324,ETHU,2026-09-21,2026-09-21T10:00:53.452825-04:00,31.6,-0.3469
ARM-20260921T13591193453,ARM,2026-09-21,2026-09-21T10:00:53.452825-04:00,309.765,0.4263
INTC-20260921T13560772875,INTC,2026-09-21,2026-09-21T10:01:03.610456-04:00,119.05,1.099
HOOD-20260921T13580020250,HOOD,2026-09-21,2026-09-21T10:01:03.610456-04:00,122.32,0.2212
ETHU-20260921T13581056324,ETHU,2026-09-21,2026-09-21T10:01:03.610456-04:00,31.6701,-0.1258
ARM-20260921T13591193453,ARM,2026-09-21,2026-09-21T10:01:03.610456-04:00,309.93,0.4798
INTC-20260921T13560772875,INTC,2026-09-21,2026-09-21T10:01:13.995975-04:00,118.89,0.9631
HOOD-20260921T13580020250,HOOD,2026-09-21,2026-09-21T10:01:13.995975-04:00,122.37,0.2622
ETHU-20260921T13581056324,ETHU,2026-09-21,2026-09-21T10:01:13.995975-04:00,31.67,-0.1261
ARM-20260921T13591193453,ARM,2026-09-21,2026-09-21T10:01:13.995975-04:00,309.71,0.4085
INTC-20260921T13560772875,INTC,2026-09-21,2026-09-21T10:01:24.260702-04:00,118.9984,1.0552
HOOD-20260921T13580020250,HOOD,2026-09-21,2026-09-21T10:01:24.260702-04:00,122.445,0.3236
ETHU-20260921T13581056324,ETHU,2026-09-21,2026-09-21T10:01:24.260702-04:00,31.7273,0.0546
ARM-20260921T13591193453,ARM,2026-09-21,2026-09-21T10:01:24.260702-04:00,309.7825,0.432
IREN-20260921T14010398503,IREN,2026-09-21,2026-09-21T10:01:24.260702-04:00,47.21,-0.1652
INTC-20260921T13560772875,INTC,2026-09-21,2026-09-21T10:01:34.472206-04:00,118.97,1.0311
HOOD-20260921T13580020250,HOOD,2026-09-21,2026-09-21T10:01:34.472206-04:00,122.52,0.3851
ETHU-20260921T13581056324,ETHU,2026-09-21,2026-09-21T10:01:34.472206-04:00,31.71,0.0
ARM-20260921T13591193453,ARM,2026-09-21,2026-09-21T10:01:34.472206-04:00,309.4781,0.3333
IREN-20260921T14010398503,IREN,2026-09-21,2026-09-21T10:01:34.472206-04:00,47.186,-0.2159
INTC-20260921T13560772875,INTC,2026-09-21,2026-09-21T10:01:44.682910-04:00,118.66,0.7678
HOOD-20260921T13580020250,HOOD,2026-09-21,2026-09-21T10:01:44.682910-04:00,122.62,0.467
ETHU-20260921T13581056324,ETHU,2026-09-21,2026-09-21T10:01:44.682910-04:00,31.69,-0.0631
ARM-20260921T13591193453,ARM,2026-09-21,2026-09-21T10:01:44.682910-04:00,309.7118,0.4091
IREN-20260921T14010398503,IREN,2026-09-21,2026-09-21T10:01:44.682910-04:00,47.23,-0.1229
KHC-20260921T14012445819,KHC,2026-09-21,2026-09-21T10:01:44.682910-04:00,24.3885,-0.0062
INTC-20260921T13560772875,INTC,2026-09-21,2026-09-21T10:01:54.769915-04:00,118.69,0.7933
HOOD-20260921T13580020250,HOOD,2026-09-21,2026-09-21T10:01:54.769915-04:00,122.53,0.3933
ETHU-20260921T13581056324,ETHU,2026-09-21,2026-09-21T10:01:54.769915-04:00,31.66,-0.1577
ARM-20260921T13591193453,ARM,2026-09-21,2026-09-21T10:01:54.769915-04:00,309.95,0.4863
IREN-20260921T14010398503,IREN,2026-09-21,2026-09-21T10:01:54.769915-04:00,47.2188,-0.1466
KHC-20260921T14012445819,KHC,2026-09-21,2026-09-21T10:01:54.769915-04:00,24.375,-0.0615
INTC-20260921T13560772875,INTC,2026-09-21,2026-09-21T10:02:04.943774-04:00,118.715,0.8145
HOOD-20260921T13580020250,HOOD,2026-09-21,2026-09-21T10:02:04.943774-04:00,122.49,0.3605
ETHU-20260921T13581056324,ETHU,2026-09-21,2026-09-21T10:02:04.943774-04:00,31.68,-0.0946
ARM-20260921T13591193453,ARM,2026-09-21,2026-09-21T10:02:04.943774-04:00,309.79,0.4344
IREN-20260921T14010398503,IREN,2026-09-21,2026-09-21T10:02:04.943774-04:00,47.14,-0.3132
KHC-20260921T14012445819,KHC,2026-09-21,2026-09-21T10:02:04.943774-04:00,24.331,-0.2419
INTC-20260921T13560772875,INTC,2026-09-21,2026-09-21T10:02:15.144840-04:00,118.675,0.7805
HOOD-20260921T13580020250,HOOD,2026-09-21,2026-09-21T10:02:15.144840-04:00,122.4697,0.3439
ETHU-20260921T13581056324,ETHU,2026-09-21,2026-09-21T10:02:15.144840-04:00,31.69,-0.0631
ARM-20260921T13591193453,ARM,2026-09-21,2026-09-21T10:02:15.144840-04:00,310.045,0.5171
IREN-20260921T14010398503,IREN,2026-09-21,2026-09-21T10:02:15.144840-04:00,47.08,-0.4401
KHC-20260921T14012445819,KHC,2026-09-21,2026-09-21T10:02:15.144840-04:00,24.3397,-0.2062
INTC-20260921T13560772875,INTC,2026-09-21,2026-09-21T10:02:25.292776-04:00,118.67,0.7763
HOOD-20260921T13580020250,HOOD,2026-09-21,2026-09-21T10:02:25.292776-04:00,122.5812,0.4352
ETHU-20260921T13581056324,ETHU,2026-09-21,2026-09-21T10:02:25.292776-04:00,31.7,-0.0315
ARM-20260921T13591193453,ARM,2026-09-21,2026-09-21T10:02:25.292776-04:00,310.11,0.5382
IREN-20260921T14010398503,IREN,2026-09-21,2026-09-21T10:02:25.292776-04:00,47.0,-0.6093
KHC-20260921T14012445819,KHC,2026-09-21,2026-09-21T10:02:25.292776-04:00,24.37,-0.082
INTC-20260921T13560772875,INTC,2026-09-21,2026-09-21T10:02:35.392559-04:00,118.56,0.6829
HOOD-20260921T13580020250,HOOD,2026-09-21,2026-09-21T10:02:35.392559-04:00,122.525,0.3892
ETHU-20260921T13581056324,ETHU,2026-09-21,2026-09-21T10:02:35.392559-04:00,31.7,-0.0315
ARM-20260921T13591193453,ARM,2026-09-21,2026-09-21T10:02:35.392559-04:00,310.15,0.5511
IREN-20260921T14010398503,IREN,2026-09-21,2026-09-21T10:02:35.392559-04:00,47.03,-0.5458
KHC-20260921T14012445819,KHC,2026-09-21,2026-09-21T10:02:35.392559-04:00,24.38,-0.041
INTC-20260921T13560772875,INTC,2026-09-21,2026-09-21T10:02:45.530039-04:00,118.42,0.564
HOOD-20260921T13580020250,HOOD,2026-09-21,2026-09-21T10:02:45.530039-04:00,122.51,0.3769
ETHU-20260921T13581056324,ETHU,2026-09-21,2026-09-21T10:02:45.530039-04:00,31.7318,0.0687
ARM-20260921T13591193453,ARM,2026-09-21,2026-09-21T10:02:45.530039-04:00,309.7,0.4053
IREN-20260921T14010398503,IREN,2026-09-21,2026-09-21T10:02:45.530039-04:00,47.135,-0.3238
KHC-20260921T14012445819,KHC,2026-09-21,2026-09-21T10:02:45.530039-04:00,24.415,0.1025
INTC-20260921T13560772875,INTC,2026-09-21,2026-09-21T10:02:55.712471-04:00,118.6762,0.7816
HOOD-20260921T13580020250,HOOD,2026-09-21,2026-09-21T10:02:55.712471-04:00,122.675,0.5121
ETHU-20260921T13581056324,ETHU,2026-09-21,2026-09-21T10:02:55.712471-04:00,31.725,0.0473
ARM-20260921T13591193453,ARM,2026-09-21,2026-09-21T10:02:55.712471-04:00,309.695,0.4036
IREN-20260921T14010398503,IREN,2026-09-21,2026-09-21T10:02:55.712471-04:00,47.14,-0.3132
KHC-20260921T14012445819,KHC,2026-09-21,2026-09-21T10:02:55.712471-04:00,24.4024,0.0508
INTC-20260921T13560772875,INTC,2026-09-21,2026-09-21T10:03:05.913898-04:00,118.6032,0.7196
HOOD-20260921T13580020250,HOOD,2026-09-21,2026-09-21T10:03:05.913898-04:00,122.1513,0.083
ETHU-20260921T13581056324,ETHU,2026-09-21,2026-09-21T10:03:05.913898-04:00,31.69,-0.0631
ARM-20260921T13591193453,ARM,2026-09-21,2026-09-21T10:03:05.913898-04:00,310.24,0.5803
IREN-20260921T14010398503,IREN,2026-09-21,2026-09-21T10:03:05.913898-04:00,47.09,-0.4189
KHC-20260921T14012445819,KHC,2026-09-21,2026-09-21T10:03:05.913898-04:00,24.415,0.1025
INTC-20260921T13560772875,INTC,2026-09-21,2026-09-21T10:03:16.128622-04:00,118.7,0.8018
HOOD-20260921T13580020250,HOOD,2026-09-21,2026-09-21T10:03:16.128622-04:00,122.8,0.6145
ETHU-20260921T13581056324,ETHU,2026-09-21,2026-09-21T10:03:16.128622-04:00,31.645,-0.205
ARM-20260921T13591193453,ARM,2026-09-21,2026-09-21T10:03:16.128622-04:00,310.19,0.5641
IREN-20260921T14010398503,IREN,2026-09-21,2026-09-21T10:03:16.128622-04:00,47.06,-0.4824
KHC-20260921T14012445819,KHC,2026-09-21,2026-09-21T10:03:16.128622-04:00,24.405,0.0615
INTC-20260921T13560772875,INTC,2026-09-21,2026-09-21T10:03:26.248592-04:00,118.69,0.7933
HOOD-20260921T13580020250,HOOD,2026-09-21,2026-09-21T10:03:26.248592-04:00,122.81,0.6227
ETHU-20260921T13581056324,ETHU,2026-09-21,2026-09-21T10:03:26.248592-04:00,31.6436,-0.2094
ARM-20260921T13591193453,ARM,2026-09-21,2026-09-21T10:03:26.248592-04:00,310.235,0.5787
IREN-20260921T14010398503,IREN,2026-09-21,2026-09-21T10:03:26.248592-04:00,47.06,-0.4824
KHC-20260921T14012445819,KHC,2026-09-21,2026-09-21T10:03:26.248592-04:00,24.4,0.041
INTC-20260921T13560772875,INTC,2026-09-21,2026-09-21T10:03:36.446250-04:00,118.704,0.8052
HOOD-20260921T13580020250,HOOD,2026-09-21,2026-09-21T10:03:36.446250-04:00,122.7,0.5326
ETHU-20260921T13581056324,ETHU,2026-09-21,2026-09-21T10:03:36.446250-04:00,31.58,-0.41
ARM-20260921T13591193453,ARM,2026-09-21,2026-09-21T10:03:36.446250-04:00,310.345,0.6144
IREN-20260921T14010398503,IREN,2026-09-21,2026-09-21T10:03:36.446250-04:00,47.0427,-0.519
KHC-20260921T14012445819,KHC,2026-09-21,2026-09-21T10:03:36.446250-04:00,24.405,0.0615
INTC-20260921T13560772875,INTC,2026-09-21,2026-09-21T10:03:46.589594-04:00,118.65,0.7593
HOOD-20260921T13580020250,HOOD,2026-09-21,2026-09-21T10:03:46.589594-04:00,122.7,0.5326
ETHU-20260921T13581056324,ETHU,2026-09-21,2026-09-21T10:03:46.589594-04:00,31.525,-0.5834
ARM-20260921T13591193453,ARM,2026-09-21,2026-09-21T10:03:46.589594-04:00,309.6564,0.3911
IREN-20260921T14010398503,IREN,2026-09-21,2026-09-21T10:03:46.589594-04:00,46.98,-0.6516
KHC-20260921T14012445819,KHC,2026-09-21,2026-09-21T10:03:46.589594-04:00,24.41,0.082
INTC-20260921T13560772875,INTC,2026-09-21,2026-09-21T10:03:56.807505-04:00,118.6352,0.7467
HOOD-20260921T13580020250,HOOD,2026-09-21,2026-09-21T10:03:56.807505-04:00,122.67,0.508
ETHU-20260921T13581056324,ETHU,2026-09-21,2026-09-21T10:03:56.807505-04:00,31.55,-0.5046
ARM-20260921T13591193453,ARM,2026-09-21,2026-09-21T10:03:56.807505-04:00,309.9988,0.5021
IREN-20260921T14010398503,IREN,2026-09-21,2026-09-21T10:03:56.807505-04:00,46.9573,-0.6996
KHC-20260921T14012445819,KHC,2026-09-21,2026-09-21T10:03:56.807505-04:00,24.415,0.1025
INTC-20260921T13560772875,INTC,2026-09-21,2026-09-21T10:04:06.998114-04:00,118.805,0.8909
HOOD-20260921T13580020250,HOOD,2026-09-21,2026-09-21T10:04:06.998114-04:00,122.75,0.5735
ETHU-20260921T13581056324,ETHU,2026-09-21,2026-09-21T10:04:06.998114-04:00,31.54,-0.5361
ARM-20260921T13591193453,ARM,2026-09-21,2026-09-21T10:04:06.998114-04:00,309.3799,0.3015
IREN-20260921T14010398503,IREN,2026-09-21,2026-09-21T10:04:06.998114-04:00,46.98,-0.6516
KHC-20260921T14012445819,KHC,2026-09-21,2026-09-21T10:04:06.998114-04:00,24.385,-0.0205
INTC-20260921T13560772875,INTC,2026-09-21,2026-09-21T10:04:17.118006-04:00,118.69,0.7933
HOOD-20260921T13580020250,HOOD,2026-09-21,2026-09-21T10:04:17.118006-04:00,122.88,0.68
ETHU-20260921T13581056324,ETHU,2026-09-21,2026-09-21T10:04:17.118006-04:00,31.5514,-0.5002
ARM-20260921T13591193453,ARM,2026-09-21,2026-09-21T10:04:17.118006-04:00,308.9401,0.1589
IREN-20260921T14010398503,IREN,2026-09-21,2026-09-21T10:04:17.118006-04:00,47.0201,-0.5668
KHC-20260921T14012445819,KHC,2026-09-21,2026-09-21T10:04:17.118006-04:00,24.37,-0.082
INTC-20260921T13560772875,INTC,2026-09-21,2026-09-21T10:04:27.252431-04:00,118.57,0.6914
HOOD-20260921T13580020250,HOOD,2026-09-21,2026-09-21T10:04:27.252431-04:00,122.73,0.5571
ETHU-20260921T13581056324,ETHU,2026-09-21,2026-09-21T10:04:27.252431-04:00,31.515,-0.6149
ARM-20260921T13591193453,ARM,2026-09-21,2026-09-21T10:04:27.252431-04:00,309.365,0.2966
IREN-20260921T14010398503,IREN,2026-09-21,2026-09-21T10:04:27.252431-04:00,46.97,-0.6727
KHC-20260921T14012445819,KHC,2026-09-21,2026-09-21T10:04:27.252431-04:00,24.355,-0.1435
INTC-20260921T13560772875,INTC,2026-09-21,2026-09-21T10:04:37.396915-04:00,118.6733,0.7791
HOOD-20260921T13580020250,HOOD,2026-09-21,2026-09-21T10:04:37.396915-04:00,122.75,0.5735
ETHU-20260921T13581056324,ETHU,2026-09-21,2026-09-21T10:04:37.396915-04:00,31.525,-0.5834
ARM-20260921T13591193453,ARM,2026-09-21,2026-09-21T10:04:37.396915-04:00,309.425,0.3161
IREN-20260921T14010398503,IREN,2026-09-21,2026-09-21T10:04:37.396915-04:00,46.96,-0.6938
KHC-20260921T14012445819,KHC,2026-09-21,2026-09-21T10:04:37.396915-04:00,24.3501,-0.1636
INTC-20260921T13560772875,INTC,2026-09-21,2026-09-21T10:04:47.522493-04:00,118.51,0.6404
HOOD-20260921T13580020250,HOOD,2026-09-21,2026-09-21T10:04:47.522493-04:00,122.505,0.3728
ETHU-20260921T13581056324,ETHU,2026-09-21,2026-09-21T10:04:47.522493-04:00,31.49,-0.6938
ARM-20260921T13591193453,ARM,2026-09-21,2026-09-21T10:04:47.522493-04:00,308.85,0.1297
IREN-20260921T14010398503,IREN,2026-09-21,2026-09-21T10:04:47.522493-04:00,46.95,-0.715
KHC-20260921T14012445819,KHC,2026-09-21,2026-09-21T10:04:47.522493-04:00,24.355,-0.1435
INTC-20260921T13560772875,INTC,2026-09-21,2026-09-21T10:04:57.641891-04:00,118.39,0.5385
HOOD-20260921T13580020250,HOOD,2026-09-21,2026-09-21T10:04:57.641891-04:00,122.6494,0.4911
ETHU-20260921T13581056324,ETHU,2026-09-21,2026-09-21T10:04:57.641891-04:00,31.495,-0.678
ARM-20260921T13591193453,ARM,2026-09-21,2026-09-21T10:04:57.641891-04:00,307.745,-0.2286
IREN-20260921T14010398503,IREN,2026-09-21,2026-09-21T10:04:57.641891-04:00,46.94,-0.7361
KHC-20260921T14012445819,KHC,2026-09-21,2026-09-21T10:04:57.641891-04:00,24.355,-0.1435
INTC-20260921T13560772875,INTC,2026-09-21,2026-09-21T10:05:07.830522-04:00,118.462,0.5997
HOOD-20260921T13580020250,HOOD,2026-09-21,2026-09-21T10:05:07.830522-04:00,122.54,0.4015
ETHU-20260921T13581056324,ETHU,2026-09-21,2026-09-21T10:05:07.830522-04:00,31.51,-0.6307
ARM-20260921T13591193453,ARM,2026-09-21,2026-09-21T10:05:07.830522-04:00,307.695,-0.2448
IREN-20260921T14010398503,IREN,2026-09-21,2026-09-21T10:05:07.830522-04:00,46.975,-0.6621
KHC-20260921T14012445819,KHC,2026-09-21,2026-09-21T10:05:07.830522-04:00,24.355,-0.1435
INTC-20260921T13560772875,INTC,2026-09-21,2026-09-21T10:05:18.354000-04:00,118.7023,0.8037
HOOD-20260921T13580020250,HOOD,2026-09-21,2026-09-21T10:05:18.354000-04:00,122.455,0.3318
IREN-20260921T14010398503,IREN,2026-09-21,2026-09-21T10:05:18.354000-04:00,46.955,-0.7044
KHC-20260921T14012445819,KHC,2026-09-21,2026-09-21T10:05:18.354000-04:00,24.345,-0.1845
INTC-20260921T13560772875,INTC,2026-09-21,2026-09-21T10:05:28.529524-04:00,118.2101,0.3857
HOOD-20260921T13580020250,HOOD,2026-09-21,2026-09-21T10:05:28.529524-04:00,122.4,0.2868
IREN-20260921T14010398503,IREN,2026-09-21,2026-09-21T10:05:28.529524-04:00,46.93,-0.7573
KHC-20260921T14012445819,KHC,2026-09-21,2026-09-21T10:05:28.529524-04:00,24.355,-0.1435
INTC-20260921T13560772875,INTC,2026-09-21,2026-09-21T10:05:38.662002-04:00,118.1213,0.3103
HOOD-20260921T13580020250,HOOD,2026-09-21,2026-09-21T10:05:38.662002-04:00,122.24,0.1557
IREN-20260921T14010398503,IREN,2026-09-21,2026-09-21T10:05:38.662002-04:00,46.9155,-0.788
KHC-20260921T14012445819,KHC,2026-09-21,2026-09-21T10:05:38.662002-04:00,24.34,-0.205
INTC-20260921T13560772875,INTC,2026-09-21,2026-09-21T10:05:48.798169-04:00,118.155,0.339
HOOD-20260921T13580020250,HOOD,2026-09-21,2026-09-21T10:05:48.798169-04:00,122.37,0.2622
IREN-20260921T14010398503,IREN,2026-09-21,2026-09-21T10:05:48.798169-04:00,46.94,-0.7361
KHC-20260921T14012445819,KHC,2026-09-21,2026-09-21T10:05:48.798169-04:00,24.345,-0.1845
INTC-20260921T13560772875,INTC,2026-09-21,2026-09-21T10:05:58.909021-04:00,118.15,0.3347
HOOD-20260921T13580020250,HOOD,2026-09-21,2026-09-21T10:05:58.909021-04:00,122.115,0.0533
IREN-20260921T14010398503,IREN,2026-09-21,2026-09-21T10:05:58.909021-04:00,46.92,-0.7784
KHC-20260921T14012445819,KHC,2026-09-21,2026-09-21T10:05:58.909021-04:00,24.358,-0.1312
INTC-20260921T13560772875,INTC,2026-09-21,2026-09-21T10:06:09.064308-04:00,118.22,0.3942
HOOD-20260921T13580020250,HOOD,2026-09-21,2026-09-21T10:06:09.064308-04:00,121.885,-0.1352
IREN-20260921T14010398503,IREN,2026-09-21,2026-09-21T10:06:09.064308-04:00,46.97,-0.6727
KHC-20260921T14012445819,KHC,2026-09-21,2026-09-21T10:06:09.064308-04:00,24.35,-0.164
HOOD-20260921T13580020250,HOOD,2026-09-21,2026-09-21T10:06:19.470509-04:00,121.82,-0.1884
IREN-20260921T14010398503,IREN,2026-09-21,2026-09-21T10:06:19.470509-04:00,47.03,-0.5458
KHC-20260921T14012445819,KHC,2026-09-21,2026-09-21T10:06:19.470509-04:00,24.3623,-0.1136
BKR-20260921T14055905874,BKR,2026-09-21,2026-09-21T10:06:19.470509-04:00,57.04,-0.0515
HOOD-20260921T13580020250,HOOD,2026-09-21,2026-09-21T10:06:29.665412-04:00,121.695,-0.2909
KHC-20260921T14012445819,KHC,2026-09-21,2026-09-21T10:06:29.665412-04:00,24.3648,-0.1033
BKR-20260921T14055905874,BKR,2026-09-21,2026-09-21T10:06:29.665412-04:00,56.98,-0.1566
HOOD-20260921T13580020250,HOOD,2026-09-21,2026-09-21T10:06:39.777933-04:00,121.9187,-0.1076
KHC-20260921T14012445819,KHC,2026-09-21,2026-09-21T10:06:39.777933-04:00,24.375,-0.0615
BKR-20260921T14055905874,BKR,2026-09-21,2026-09-21T10:06:39.777933-04:00,57.0,-0.1216
HOOD-20260921T13580020250,HOOD,2026-09-21,2026-09-21T10:06:49.902105-04:00,121.85,-0.1639
KHC-20260921T14012445819,KHC,2026-09-21,2026-09-21T10:06:49.902105-04:00,24.375,-0.0615
BKR-20260921T14055905874,BKR,2026-09-21,2026-09-21T10:06:49.902105-04:00,56.9928,-0.1342
HOOD-20260921T13580020250,HOOD,2026-09-21,2026-09-21T10:06:59.979155-04:00,121.77,-0.2294
KHC-20260921T14012445819,KHC,2026-09-21,2026-09-21T10:06:59.979155-04:00,24.3538,-0.1484
BKR-20260921T14055905874,BKR,2026-09-21,2026-09-21T10:06:59.979155-04:00,56.9489,-0.2111
KHC-20260921T14012445819,KHC,2026-09-21,2026-09-21T10:07:10.403108-04:00,24.355,-0.1435
BKR-20260921T14055905874,BKR,2026-09-21,2026-09-21T10:07:10.403108-04:00,57.0048,-0.1131
KHC-20260921T14012445819,KHC,2026-09-21,2026-09-21T10:07:20.593808-04:00,24.3714,-0.0763
BKR-20260921T14055905874,BKR,2026-09-21,2026-09-21T10:07:20.593808-04:00,56.9523,-0.2051
KHC-20260921T14012445819,KHC,2026-09-21,2026-09-21T10:07:30.792176-04:00,24.35,-0.164
BKR-20260921T14055905874,BKR,2026-09-21,2026-09-21T10:07:30.792176-04:00,56.98,-0.1566
KHC-20260921T14012445819,KHC,2026-09-21,2026-09-21T10:07:40.927535-04:00,24.34,-0.205
BKR-20260921T14055905874,BKR,2026-09-21,2026-09-21T10:07:40.927535-04:00,56.99,-0.1391
AXTI-20260921T14072079056,AXTI,2026-09-21,2026-09-21T10:07:40.927535-04:00,76.34,-0.0916
KHC-20260921T14012445819,KHC,2026-09-21,2026-09-21T10:07:51.023149-04:00,24.345,-0.1845
BKR-20260921T14055905874,BKR,2026-09-21,2026-09-21T10:07:51.023149-04:00,57.05,-0.0339
AXTI-20260921T14072079056,AXTI,2026-09-21,2026-09-21T10:07:51.023149-04:00,76.2156,-0.2544
KHC-20260921T14012445819,KHC,2026-09-21,2026-09-21T10:08:01.122902-04:00,24.345,-0.1845
BKR-20260921T14055905874,BKR,2026-09-21,2026-09-21T10:08:01.122902-04:00,57.025,-0.0778
AXTI-20260921T14072079056,AXTI,2026-09-21,2026-09-21T10:08:01.122902-04:00,76.13,-0.3664
KHC-20260921T14012445819,KHC,2026-09-21,2026-09-21T10:08:11.243612-04:00,24.34,-0.205
BKR-20260921T14055905874,BKR,2026-09-21,2026-09-21T10:08:11.243612-04:00,57.03,-0.069
AXTI-20260921T14072079056,AXTI,2026-09-21,2026-09-21T10:08:11.243612-04:00,76.13,-0.3664
KHC-20260921T14012445819,KHC,2026-09-21,2026-09-21T10:08:21.354567-04:00,24.335,-0.2255
BKR-20260921T14055905874,BKR,2026-09-21,2026-09-21T10:08:21.354567-04:00,57.04,-0.0515
AXTI-20260921T14072079056,AXTI,2026-09-21,2026-09-21T10:08:21.354567-04:00,76.065,-0.4515
KHC-20260921T14012445819,KHC,2026-09-21,2026-09-21T10:08:31.465908-04:00,24.34,-0.205
BKR-20260921T14055905874,BKR,2026-09-21,2026-09-21T10:08:31.465908-04:00,57.03,-0.069
AXTI-20260921T14072079056,AXTI,2026-09-21,2026-09-21T10:08:31.465908-04:00,76.1535,-0.3357
KHC-20260921T14012445819,KHC,2026-09-21,2026-09-21T10:08:41.601008-04:00,24.35,-0.164
BKR-20260921T14055905874,BKR,2026-09-21,2026-09-21T10:08:41.601008-04:00,57.015,-0.0953
AXTI-20260921T14072079056,AXTI,2026-09-21,2026-09-21T10:08:41.601008-04:00,76.0938,-0.4138
KHC-20260921T14012445819,KHC,2026-09-21,2026-09-21T10:08:51.719608-04:00,24.35,-0.164
BKR-20260921T14055905874,BKR,2026-09-21,2026-09-21T10:08:51.719608-04:00,57.045,-0.0427
AXTI-20260921T14072079056,AXTI,2026-09-21,2026-09-21T10:08:51.719608-04:00,76.4,-0.0131
KHC-20260921T14012445819,KHC,2026-09-21,2026-09-21T10:09:01.812301-04:00,24.34,-0.205
BKR-20260921T14055905874,BKR,2026-09-21,2026-09-21T10:09:01.812301-04:00,57.04,-0.0515
AXTI-20260921T14072079056,AXTI,2026-09-21,2026-09-21T10:09:01.812301-04:00,76.4101,0.0001
KHC-20260921T14012445819,KHC,2026-09-21,2026-09-21T10:09:12.167001-04:00,24.33,-0.246
BKR-20260921T14055905874,BKR,2026-09-21,2026-09-21T10:09:12.167001-04:00,57.05,-0.0339
AXTI-20260921T14072079056,AXTI,2026-09-21,2026-09-21T10:09:12.167001-04:00,76.2486,-0.2112
KHC-20260921T14012445819,KHC,2026-09-21,2026-09-21T10:09:22.316434-04:00,24.335,-0.2255
BKR-20260921T14055905874,BKR,2026-09-21,2026-09-21T10:09:22.316434-04:00,57.0051,-0.1126
AXTI-20260921T14072079056,AXTI,2026-09-21,2026-09-21T10:09:22.316434-04:00,76.59,0.2356
KHC-20260921T14012445819,KHC,2026-09-21,2026-09-21T10:09:32.527223-04:00,24.33,-0.246
BKR-20260921T14055905874,BKR,2026-09-21,2026-09-21T10:09:32.527223-04:00,57.0304,-0.0683
AXTI-20260921T14072079056,AXTI,2026-09-21,2026-09-21T10:09:32.527223-04:00,76.615,0.2683
KHC-20260921T14012445819,KHC,2026-09-21,2026-09-21T10:09:42.719362-04:00,24.34,-0.205
BKR-20260921T14055905874,BKR,2026-09-21,2026-09-21T10:09:42.719362-04:00,57.02,-0.0865
AXTI-20260921T14072079056,AXTI,2026-09-21,2026-09-21T10:09:42.719362-04:00,76.475,0.0851
INTC-20260921T14092251672,INTC,2026-09-21,2026-09-21T10:09:42.719362-04:00,118.7351,0.1055
KHC-20260921T14012445819,KHC,2026-09-21,2026-09-21T10:09:52.885116-04:00,24.36,-0.123
BKR-20260921T14055905874,BKR,2026-09-21,2026-09-21T10:09:52.885116-04:00,57.0341,-0.0618
AXTI-20260921T14072079056,AXTI,2026-09-21,2026-09-21T10:09:52.885116-04:00,76.49,0.1047
INTC-20260921T14092251672,INTC,2026-09-21,2026-09-21T10:09:52.885116-04:00,118.79,0.1518
KHC-20260921T14012445819,KHC,2026-09-21,2026-09-21T10:10:03.047675-04:00,24.36,-0.123
BKR-20260921T14055905874,BKR,2026-09-21,2026-09-21T10:10:03.047675-04:00,56.99,-0.1391
AXTI-20260921T14072079056,AXTI,2026-09-21,2026-09-21T10:10:03.047675-04:00,76.95,0.7067
INTC-20260921T14092251672,INTC,2026-09-21,2026-09-21T10:10:03.047675-04:00,118.9,0.2445
KHC-20260921T14012445819,KHC,2026-09-21,2026-09-21T10:10:13.243076-04:00,24.355,-0.1435
BKR-20260921T14055905874,BKR,2026-09-21,2026-09-21T10:10:13.243076-04:00,57.0062,-0.1107
AXTI-20260921T14072079056,AXTI,2026-09-21,2026-09-21T10:10:13.243076-04:00,77.38,1.2695
INTC-20260921T14092251672,INTC,2026-09-21,2026-09-21T10:10:13.243076-04:00,119.11,0.4215
KHC-20260921T14012445819,KHC,2026-09-21,2026-09-21T10:10:23.436537-04:00,24.355,-0.1435
BKR-20260921T14055905874,BKR,2026-09-21,2026-09-21T10:10:23.436537-04:00,56.9936,-0.1328
AXTI-20260921T14072079056,AXTI,2026-09-21,2026-09-21T10:10:23.436537-04:00,77.5106,1.4404
INTC-20260921T14092251672,INTC,2026-09-21,2026-09-21T10:10:23.436537-04:00,119.04,0.3625
KHC-20260921T14012445819,KHC,2026-09-21,2026-09-21T10:10:33.698797-04:00,24.355,-0.1435
BKR-20260921T14055905874,BKR,2026-09-21,2026-09-21T10:10:33.698797-04:00,56.98,-0.1566
AXTI-20260921T14072079056,AXTI,2026-09-21,2026-09-21T10:10:33.698797-04:00,77.48,1.4003
INTC-20260921T14092251672,INTC,2026-09-21,2026-09-21T10:10:33.698797-04:00,118.9301,0.2699
ARM-20260921T14101342430,ARM,2026-09-21,2026-09-21T10:10:33.698797-04:00,308.18,-0.0811
KHC-20260921T14012445819,KHC,2026-09-21,2026-09-21T10:10:43.882585-04:00,24.34,-0.205
BKR-20260921T14055905874,BKR,2026-09-21,2026-09-21T10:10:43.882585-04:00,57.0187,-0.0888
AXTI-20260921T14072079056,AXTI,2026-09-21,2026-09-21T10:10:43.882585-04:00,77.4836,1.4051
INTC-20260921T14092251672,INTC,2026-09-21,2026-09-21T10:10:43.882585-04:00,118.93,0.2698
ARM-20260921T14101342430,ARM,2026-09-21,2026-09-21T10:10:43.882585-04:00,308.882,0.1465
ETHU-20260921T14102369546,ETHU,2026-09-21,2026-09-21T10:10:43.882585-04:00,31.4,-0.096
KHC-20260921T14012445819,KHC,2026-09-21,2026-09-21T10:10:54.102051-04:00,24.348,-0.1722
BKR-20260921T14055905874,BKR,2026-09-21,2026-09-21T10:10:54.102051-04:00,57.019,-0.0883
AXTI-20260921T14072079056,AXTI,2026-09-21,2026-09-21T10:10:54.102051-04:00,77.67,1.649
INTC-20260921T14092251672,INTC,2026-09-21,2026-09-21T10:10:54.102051-04:00,119.2801,0.565
ARM-20260921T14101342430,ARM,2026-09-21,2026-09-21T10:10:54.102051-04:00,308.92,0.1589
ETHU-20260921T14102369546,ETHU,2026-09-21,2026-09-21T10:10:54.102051-04:00,31.3999,-0.0964
KHC-20260921T14012445819,KHC,2026-09-21,2026-09-21T10:11:04.243914-04:00,24.35,-0.164
BKR-20260921T14055905874,BKR,2026-09-21,2026-09-21T10:11:04.243914-04:00,56.99,-0.1391
AXTI-20260921T14072079056,AXTI,2026-09-21,2026-09-21T10:11:04.243914-04:00,77.1614,0.9834
INTC-20260921T14092251672,INTC,2026-09-21,2026-09-21T10:11:04.243914-04:00,119.42,0.6829
ARM-20260921T14101342430,ARM,2026-09-21,2026-09-21T10:11:04.243914-04:00,309.5,0.3469
ETHU-20260921T14102369546,ETHU,2026-09-21,2026-09-21T10:11:04.243914-04:00,31.4471,0.0538
KHC-20260921T14012445819,KHC,2026-09-21,2026-09-21T10:11:14.595123-04:00,24.35,-0.164
BKR-20260921T14055905874,BKR,2026-09-21,2026-09-21T10:11:14.595123-04:00,56.87,-0.3494
AXTI-20260921T14072079056,AXTI,2026-09-21,2026-09-21T10:11:14.595123-04:00,77.6969,1.6842
INTC-20260921T14092251672,INTC,2026-09-21,2026-09-21T10:11:14.595123-04:00,119.34,0.6155
ARM-20260921T14101342430,ARM,2026-09-21,2026-09-21T10:11:14.595123-04:00,309.455,0.3323
ETHU-20260921T14102369546,ETHU,2026-09-21,2026-09-21T10:11:14.595123-04:00,31.49,0.1903
KHC-20260921T14012445819,KHC,2026-09-21,2026-09-21T10:11:24.876382-04:00,24.355,-0.1435
BKR-20260921T14055905874,BKR,2026-09-21,2026-09-21T10:11:24.876382-04:00,56.8308,-0.418
AXTI-20260921T14072079056,AXTI,2026-09-21,2026-09-21T10:11:24.876382-04:00,77.7051,1.6949
INTC-20260921T14092251672,INTC,2026-09-21,2026-09-21T10:11:24.876382-04:00,119.3914,0.6588
ARM-20260921T14101342430,ARM,2026-09-21,2026-09-21T10:11:24.876382-04:00,309.6,0.3793
ETHU-20260921T14102369546,ETHU,2026-09-21,2026-09-21T10:11:24.876382-04:00,31.5262,0.3055
KHC-20260921T14012445819,KHC,2026-09-21,2026-09-21T10:11:35.152142-04:00,24.355,-0.1435
BKR-20260921T14055905874,BKR,2026-09-21,2026-09-21T10:11:35.152142-04:00,56.9159,-0.2689
AXTI-20260921T14072079056,AXTI,2026-09-21,2026-09-21T10:11:35.152142-04:00,77.82,1.8453
INTC-20260921T14092251672,INTC,2026-09-21,2026-09-21T10:11:35.152142-04:00,119.42,0.6829
ARM-20260921T14101342430,ARM,2026-09-21,2026-09-21T10:11:35.152142-04:00,309.805,0.4458
ETHU-20260921T14102369546,ETHU,2026-09-21,2026-09-21T10:11:35.152142-04:00,31.49,0.1903
IBIT-20260921T14111486460,IBIT,2026-09-21,2026-09-21T10:11:35.152142-04:00,48.365,-0.0517
KHC-20260921T14012445819,KHC,2026-09-21,2026-09-21T10:11:45.360159-04:00,24.355,-0.1435
BKR-20260921T14055905874,BKR,2026-09-21,2026-09-21T10:11:45.360159-04:00,56.885,-0.3231
AXTI-20260921T14072079056,AXTI,2026-09-21,2026-09-21T10:11:45.360159-04:00,77.935,1.9958
INTC-20260921T14092251672,INTC,2026-09-21,2026-09-21T10:11:45.360159-04:00,119.335,0.6112
ARM-20260921T14101342430,ARM,2026-09-21,2026-09-21T10:11:45.360159-04:00,309.915,0.4815
ETHU-20260921T14102369546,ETHU,2026-09-21,2026-09-21T10:11:45.360159-04:00,31.5,0.2221
IBIT-20260921T14111486460,IBIT,2026-09-21,2026-09-21T10:11:45.360159-04:00,48.37,-0.0413
TSLA-20260921T14112514206,TSLA,2026-09-21,2026-09-21T10:11:45.360159-04:00,375.66,-0.0346
KHC-20260921T14012445819,KHC,2026-09-21,2026-09-21T10:11:55.534808-04:00,24.361,-0.1189
BKR-20260921T14055905874,BKR,2026-09-21,2026-09-21T10:11:55.534808-04:00,56.88,-0.3318
AXTI-20260921T14072079056,AXTI,2026-09-21,2026-09-21T10:11:55.534808-04:00,78.0,2.0809
INTC-20260921T14092251672,INTC,2026-09-21,2026-09-21T10:11:55.534808-04:00,119.5,0.7504
ARM-20260921T14101342430,ARM,2026-09-21,2026-09-21T10:11:55.534808-04:00,309.69,0.4085
ETHU-20260921T14102369546,ETHU,2026-09-21,2026-09-21T10:11:55.534808-04:00,31.5001,0.2225
IBIT-20260921T14111486460,IBIT,2026-09-21,2026-09-21T10:11:55.534808-04:00,48.365,-0.0517
TSLA-20260921T14112514206,TSLA,2026-09-21,2026-09-21T10:11:55.534808-04:00,375.99,0.0532
KHC-20260921T14012445819,KHC,2026-09-21,2026-09-21T10:12:05.738566-04:00,24.3299,-0.2464
BKR-20260921T14055905874,BKR,2026-09-21,2026-09-21T10:12:05.738566-04:00,56.87,-0.3494
AXTI-20260921T14072079056,AXTI,2026-09-21,2026-09-21T10:12:05.738566-04:00,78.125,2.2445
INTC-20260921T14092251672,INTC,2026-09-21,2026-09-21T10:12:05.738566-04:00,119.545,0.7883
ARM-20260921T14101342430,ARM,2026-09-21,2026-09-21T10:12:05.738566-04:00,310.11,0.5447
ETHU-20260921T14102369546,ETHU,2026-09-21,2026-09-21T10:12:05.738566-04:00,31.475,0.1426
IBIT-20260921T14111486460,IBIT,2026-09-21,2026-09-21T10:12:05.738566-04:00,48.35,-0.0827
TSLA-20260921T14112514206,TSLA,2026-09-21,2026-09-21T10:12:05.738566-04:00,376.0301,0.0639
KHC-20260921T14012445819,KHC,2026-09-21,2026-09-21T10:12:16.095472-04:00,24.345,-0.1845
BKR-20260921T14055905874,BKR,2026-09-21,2026-09-21T10:12:16.095472-04:00,56.87,-0.3494
INTC-20260921T14092251672,INTC,2026-09-21,2026-09-21T10:12:16.095472-04:00,119.45,0.7082
ARM-20260921T14101342430,ARM,2026-09-21,2026-09-21T10:12:16.095472-04:00,310.125,0.5496
ETHU-20260921T14102369546,ETHU,2026-09-21,2026-09-21T10:12:16.095472-04:00,31.45,0.0631
IBIT-20260921T14111486460,IBIT,2026-09-21,2026-09-21T10:12:16.095472-04:00,48.3405,-0.1023
TSLA-20260921T14112514206,TSLA,2026-09-21,2026-09-21T10:12:16.095472-04:00,375.96,0.0452
KHC-20260921T14012445819,KHC,2026-09-21,2026-09-21T10:12:26.334658-04:00,24.345,-0.1845
BKR-20260921T14055905874,BKR,2026-09-21,2026-09-21T10:12:26.334658-04:00,56.875,-0.3406
INTC-20260921T14092251672,INTC,2026-09-21,2026-09-21T10:12:26.334658-04:00,118.9252,0.2657
ARM-20260921T14101342430,ARM,2026-09-21,2026-09-21T10:12:26.334658-04:00,310.5245,0.6791
ETHU-20260921T14102369546,ETHU,2026-09-21,2026-09-21T10:12:26.334658-04:00,31.45,0.0631
IBIT-20260921T14111486460,IBIT,2026-09-21,2026-09-21T10:12:26.334658-04:00,48.33,-0.124
TSLA-20260921T14112514206,TSLA,2026-09-21,2026-09-21T10:12:26.334658-04:00,375.875,0.0226
KHC-20260921T14012445819,KHC,2026-09-21,2026-09-21T10:12:36.476877-04:00,24.3473,-0.1751
BKR-20260921T14055905874,BKR,2026-09-21,2026-09-21T10:12:36.476877-04:00,56.89,-0.3143
INTC-20260921T14092251672,INTC,2026-09-21,2026-09-21T10:12:36.476877-04:00,119.39,0.6576
ARM-20260921T14101342430,ARM,2026-09-21,2026-09-21T10:12:36.476877-04:00,310.105,0.5431
ETHU-20260921T14102369546,ETHU,2026-09-21,2026-09-21T10:12:36.476877-04:00,31.37,-0.1915
IBIT-20260921T14111486460,IBIT,2026-09-21,2026-09-21T10:12:36.476877-04:00,48.2905,-0.2056
TSLA-20260921T14112514206,TSLA,2026-09-21,2026-09-21T10:12:36.476877-04:00,376.07,0.0745
KHC-20260921T14012445819,KHC,2026-09-21,2026-09-21T10:12:46.635881-04:00,24.355,-0.1435
BKR-20260921T14055905874,BKR,2026-09-21,2026-09-21T10:12:46.635881-04:00,56.8888,-0.3164
INTC-20260921T14092251672,INTC,2026-09-21,2026-09-21T10:12:46.635881-04:00,119.221,0.5151
ARM-20260921T14101342430,ARM,2026-09-21,2026-09-21T10:12:46.635881-04:00,309.72,0.4182
ETHU-20260921T14102369546,ETHU,2026-09-21,2026-09-21T10:12:46.635881-04:00,31.395,-0.1119
IBIT-20260921T14111486460,IBIT,2026-09-21,2026-09-21T10:12:46.635881-04:00,48.295,-0.1963
TSLA-20260921T14112514206,TSLA,2026-09-21,2026-09-21T10:12:46.635881-04:00,375.7912,0.0003
KHC-20260921T14012445819,KHC,2026-09-21,2026-09-21T10:12:56.781151-04:00,24.355,-0.1435
BKR-20260921T14055905874,BKR,2026-09-21,2026-09-21T10:12:56.781151-04:00,56.87,-0.3494
INTC-20260921T14092251672,INTC,2026-09-21,2026-09-21T10:12:56.781151-04:00,119.31,0.5902
ARM-20260921T14101342430,ARM,2026-09-21,2026-09-21T10:12:56.781151-04:00,310.1,0.5415
ETHU-20260921T14102369546,ETHU,2026-09-21,2026-09-21T10:12:56.781151-04:00,31.34,-0.2869
IBIT-20260921T14111486460,IBIT,2026-09-21,2026-09-21T10:12:56.781151-04:00,48.2688,-0.2505
TSLA-20260921T14112514206,TSLA,2026-09-21,2026-09-21T10:12:56.781151-04:00,375.875,0.0226
KHC-20260921T14012445819,KHC,2026-09-21,2026-09-21T10:13:06.940741-04:00,24.355,-0.1435
BKR-20260921T14055905874,BKR,2026-09-21,2026-09-21T10:13:06.940741-04:00,56.8082,-0.4576
INTC-20260921T14092251672,INTC,2026-09-21,2026-09-21T10:13:06.940741-04:00,119.255,0.5438
ARM-20260921T14101342430,ARM,2026-09-21,2026-09-21T10:13:06.940741-04:00,310.26,0.5933
ETHU-20260921T14102369546,ETHU,2026-09-21,2026-09-21T10:13:06.940741-04:00,31.35,-0.2551
IBIT-20260921T14111486460,IBIT,2026-09-21,2026-09-21T10:13:06.940741-04:00,48.2599,-0.2689
TSLA-20260921T14112514206,TSLA,2026-09-21,2026-09-21T10:13:06.940741-04:00,375.86,0.0186
KHC-20260921T14012445819,KHC,2026-09-21,2026-09-21T10:13:17.081865-04:00,24.36,-0.123
BKR-20260921T14055905874,BKR,2026-09-21,2026-09-21T10:13:17.081865-04:00,56.8805,-0.331
INTC-20260921T14092251672,INTC,2026-09-21,2026-09-21T10:13:17.081865-04:00,119.3616,0.6337
ARM-20260921T14101342430,ARM,2026-09-21,2026-09-21T10:13:17.081865-04:00,310.7,0.736
ETHU-20260921T14102369546,ETHU,2026-09-21,2026-09-21T10:13:17.081865-04:00,31.37,-0.1915
IBIT-20260921T14111486460,IBIT,2026-09-21,2026-09-21T10:13:17.081865-04:00,48.2597,-0.2693
TSLA-20260921T14112514206,TSLA,2026-09-21,2026-09-21T10:13:17.081865-04:00,375.795,0.0013
KHC-20260921T14012445819,KHC,2026-09-21,2026-09-21T10:13:27.252131-04:00,24.35,-0.164
BKR-20260921T14055905874,BKR,2026-09-21,2026-09-21T10:13:27.252131-04:00,56.8307,-0.4182
INTC-20260921T14092251672,INTC,2026-09-21,2026-09-21T10:13:27.252131-04:00,119.495,0.7461
ARM-20260921T14101342430,ARM,2026-09-21,2026-09-21T10:13:27.252131-04:00,311.0,0.8333
ETHU-20260921T14102369546,ETHU,2026-09-21,2026-09-21T10:13:27.252131-04:00,31.38,-0.1597
IBIT-20260921T14111486460,IBIT,2026-09-21,2026-09-21T10:13:27.252131-04:00,48.295,-0.1963
TSLA-20260921T14112514206,TSLA,2026-09-21,2026-09-21T10:13:27.252131-04:00,375.99,0.0532
KHC-20260921T14012445819,KHC,2026-09-21,2026-09-21T10:13:37.390985-04:00,24.35,-0.164
BKR-20260921T14055905874,BKR,2026-09-21,2026-09-21T10:13:37.390985-04:00,56.9676,-0.1783
INTC-20260921T14092251672,INTC,2026-09-21,2026-09-21T10:13:37.390985-04:00,119.7,0.919
ARM-20260921T14101342430,ARM,2026-09-21,2026-09-21T10:13:37.390985-04:00,311.25,0.9143
ETHU-20260921T14102369546,ETHU,2026-09-21,2026-09-21T10:13:37.390985-04:00,31.35,-0.2551
IBIT-20260921T14111486460,IBIT,2026-09-21,2026-09-21T10:13:37.390985-04:00,48.275,-0.2377
TSLA-20260921T14112514206,TSLA,2026-09-21,2026-09-21T10:13:37.390985-04:00,376.05,0.0692
KHC-20260921T14012445819,KHC,2026-09-21,2026-09-21T10:13:47.557180-04:00,24.355,-0.1435
BKR-20260921T14055905874,BKR,2026-09-21,2026-09-21T10:13:47.557180-04:00,56.8782,-0.335
INTC-20260921T14092251672,INTC,2026-09-21,2026-09-21T10:13:47.557180-04:00,119.69,0.9105
ARM-20260921T14101342430,ARM,2026-09-21,2026-09-21T10:13:47.557180-04:00,310.5678,0.6931
ETHU-20260921T14102369546,ETHU,2026-09-21,2026-09-21T10:13:47.557180-04:00,31.37,-0.1915
IBIT-20260921T14111486460,IBIT,2026-09-21,2026-09-21T10:13:47.557180-04:00,48.3,-0.186
TSLA-20260921T14112514206,TSLA,2026-09-21,2026-09-21T10:13:47.557180-04:00,376.31,0.1384
KHC-20260921T14012445819,KHC,2026-09-21,2026-09-21T10:13:57.748987-04:00,24.355,-0.1435
BKR-20260921T14055905874,BKR,2026-09-21,2026-09-21T10:13:57.748987-04:00,56.8761,-0.3387
INTC-20260921T14092251672,INTC,2026-09-21,2026-09-21T10:13:57.748987-04:00,119.79,0.9949
ARM-20260921T14101342430,ARM,2026-09-21,2026-09-21T10:13:57.748987-04:00,310.16,0.5609
ETHU-20260921T14102369546,ETHU,2026-09-21,2026-09-21T10:13:57.748987-04:00,31.35,-0.2551
IBIT-20260921T14111486460,IBIT,2026-09-21,2026-09-21T10:13:57.748987-04:00,48.28,-0.2273
TSLA-20260921T14112514206,TSLA,2026-09-21,2026-09-21T10:13:57.748987-04:00,375.7348,-0.0147
KHC-20260921T14012445819,KHC,2026-09-21,2026-09-21T10:14:07.898762-04:00,24.365,-0.1025
BKR-20260921T14055905874,BKR,2026-09-21,2026-09-21T10:14:07.898762-04:00,56.815,-0.4457
INTC-20260921T14092251672,INTC,2026-09-21,2026-09-21T10:14:07.898762-04:00,119.64,0.8684
ARM-20260921T14101342430,ARM,2026-09-21,2026-09-21T10:14:07.898762-04:00,309.845,0.4588
ETHU-20260921T14102369546,ETHU,2026-09-21,2026-09-21T10:14:07.898762-04:00,31.3801,-0.1593
IBIT-20260921T14111486460,IBIT,2026-09-21,2026-09-21T10:14:07.898762-04:00,48.315,-0.155
TSLA-20260921T14112514206,TSLA,2026-09-21,2026-09-21T10:14:07.898762-04:00,376.3236,0.142
KHC-20260921T14012445819,KHC,2026-09-21,2026-09-21T10:14:18.040230-04:00,24.365,-0.1025
BKR-20260921T14055905874,BKR,2026-09-21,2026-09-21T10:14:18.040230-04:00,56.8204,-0.4363
INTC-20260921T14092251672,INTC,2026-09-21,2026-09-21T10:14:18.040230-04:00,119.59,0.8262
ARM-20260921T14101342430,ARM,2026-09-21,2026-09-21T10:14:18.040230-04:00,309.3101,0.2853
ETHU-20260921T14102369546,ETHU,2026-09-21,2026-09-21T10:14:18.040230-04:00,31.42,-0.0324
IBIT-20260921T14111486460,IBIT,2026-09-21,2026-09-21T10:14:18.040230-04:00,48.335,-0.1137
TSLA-20260921T14112514206,TSLA,2026-09-21,2026-09-21T10:14:18.040230-04:00,376.5499,0.2022
KHC-20260921T14012445819,KHC,2026-09-21,2026-09-21T10:14:28.167103-04:00,24.3491,-0.1677
BKR-20260921T14055905874,BKR,2026-09-21,2026-09-21T10:14:28.167103-04:00,56.82,-0.437
INTC-20260921T14092251672,INTC,2026-09-21,2026-09-21T10:14:28.167103-04:00,119.66,0.8853
ARM-20260921T14101342430,ARM,2026-09-21,2026-09-21T10:14:28.167103-04:00,309.76,0.4312
ETHU-20260921T14102369546,ETHU,2026-09-21,2026-09-21T10:14:28.167103-04:00,31.41,-0.0642
IBIT-20260921T14111486460,IBIT,2026-09-21,2026-09-21T10:14:28.167103-04:00,48.3226,-0.1393
TSLA-20260921T14112514206,TSLA,2026-09-21,2026-09-21T10:14:28.167103-04:00,376.07,0.0745
KHC-20260921T14012445819,KHC,2026-09-21,2026-09-21T10:14:38.425510-04:00,24.3574,-0.1337
INTC-20260921T14092251672,INTC,2026-09-21,2026-09-21T10:14:38.425510-04:00,119.59,0.8262
ARM-20260921T14101342430,ARM,2026-09-21,2026-09-21T10:14:38.425510-04:00,310.115,0.5463
ETHU-20260921T14102369546,ETHU,2026-09-21,2026-09-21T10:14:38.425510-04:00,31.425,-0.0165
IBIT-20260921T14111486460,IBIT,2026-09-21,2026-09-21T10:14:38.425510-04:00,48.335,-0.1137
TSLA-20260921T14112514206,TSLA,2026-09-21,2026-09-21T10:14:38.425510-04:00,376.05,0.0692
KHC-20260921T14012445819,KHC,2026-09-21,2026-09-21T10:14:48.655150-04:00,24.385,-0.0205
INTC-20260921T14092251672,INTC,2026-09-21,2026-09-21T10:14:48.655150-04:00,119.615,0.8473
ARM-20260921T14101342430,ARM,2026-09-21,2026-09-21T10:14:48.655150-04:00,310.101,0.5418
ETHU-20260921T14102369546,ETHU,2026-09-21,2026-09-21T10:14:48.655150-04:00,31.4,-0.096
IBIT-20260921T14111486460,IBIT,2026-09-21,2026-09-21T10:14:48.655150-04:00,48.32,-0.1447
TSLA-20260921T14112514206,TSLA,2026-09-21,2026-09-21T10:14:48.655150-04:00,375.865,0.02
KHC-20260921T14012445819,KHC,2026-09-21,2026-09-21T10:14:58.828120-04:00,24.385,-0.0205
INTC-20260921T14092251672,INTC,2026-09-21,2026-09-21T10:14:58.828120-04:00,119.335,0.6112
ARM-20260921T14101342430,ARM,2026-09-21,2026-09-21T10:14:58.828120-04:00,311.71,1.0635
ETHU-20260921T14102369546,ETHU,2026-09-21,2026-09-21T10:14:58.828120-04:00,31.38,-0.1597
IBIT-20260921T14111486460,IBIT,2026-09-21,2026-09-21T10:14:58.828120-04:00,48.315,-0.155
TSLA-20260921T14112514206,TSLA,2026-09-21,2026-09-21T10:14:58.828120-04:00,375.84,0.0133
IREN-20260921T14143865282,IREN,2026-09-21,2026-09-21T10:14:58.828120-04:00,47.1681,-0.2504
KHC-20260921T14012445819,KHC,2026-09-21,2026-09-21T10:15:08.991217-04:00,24.385,-0.0205
INTC-20260921T14092251672,INTC,2026-09-21,2026-09-21T10:15:08.991217-04:00,119.37,0.6408
ARM-20260921T14101342430,ARM,2026-09-21,2026-09-21T10:15:08.991217-04:00,311.74,1.0732
ETHU-20260921T14102369546,ETHU,2026-09-21,2026-09-21T10:15:08.991217-04:00,31.345,-0.271
IBIT-20260921T14111486460,IBIT,2026-09-21,2026-09-21T10:15:08.991217-04:00,48.27,-0.248
TSLA-20260921T14112514206,TSLA,2026-09-21,2026-09-21T10:15:08.991217-04:00,376.0,0.0559
IREN-20260921T14143865282,IREN,2026-09-21,2026-09-21T10:15:08.991217-04:00,47.1379,-0.3142
KHC-20260921T14012445819,KHC,2026-09-21,2026-09-21T10:15:19.162980-04:00,24.3506,-0.1615
INTC-20260921T14092251672,INTC,2026-09-21,2026-09-21T10:15:19.162980-04:00,119.35,0.6239
ARM-20260921T14101342430,ARM,2026-09-21,2026-09-21T10:15:19.162980-04:00,311.385,0.9581
ETHU-20260921T14102369546,ETHU,2026-09-21,2026-09-21T10:15:19.162980-04:00,31.35,-0.2551
IBIT-20260921T14111486460,IBIT,2026-09-21,2026-09-21T10:15:19.162980-04:00,48.275,-0.2377
TSLA-20260921T14112514206,TSLA,2026-09-21,2026-09-21T10:15:19.162980-04:00,376.09,0.0798
IREN-20260921T14143865282,IREN,2026-09-21,2026-09-21T10:15:19.162980-04:00,47.16,-0.2675
KHC-20260921T14012445819,KHC,2026-09-21,2026-09-21T10:15:29.227391-04:00,24.375,-0.0615
INTC-20260921T14092251672,INTC,2026-09-21,2026-09-21T10:15:29.227391-04:00,119.355,0.6281
ARM-20260921T14101342430,ARM,2026-09-21,2026-09-21T10:15:29.227391-04:00,310.7,0.736
ETHU-20260921T14102369546,ETHU,2026-09-21,2026-09-21T10:15:29.227391-04:00,31.4,-0.096
IBIT-20260921T14111486460,IBIT,2026-09-21,2026-09-21T10:15:29.227391-04:00,48.315,-0.155
TSLA-20260921T14112514206,TSLA,2026-09-21,2026-09-21T10:15:29.227391-04:00,375.865,0.02
IREN-20260921T14143865282,IREN,2026-09-21,2026-09-21T10:15:29.227391-04:00,47.0938,-0.4075
KHC-20260921T14012445819,KHC,2026-09-21,2026-09-21T10:15:39.279992-04:00,24.3751,-0.0611
INTC-20260921T14092251672,INTC,2026-09-21,2026-09-21T10:15:39.279992-04:00,119.35,0.6239
ARM-20260921T14101342430,ARM,2026-09-21,2026-09-21T10:15:39.279992-04:00,311.275,0.9224
ETHU-20260921T14102369546,ETHU,2026-09-21,2026-09-21T10:15:39.279992-04:00,31.4829,0.1677
IBIT-20260921T14111486460,IBIT,2026-09-21,2026-09-21T10:15:39.279992-04:00,48.345,-0.093
TSLA-20260921T14112514206,TSLA,2026-09-21,2026-09-21T10:15:39.279992-04:00,375.64,-0.0399
IREN-20260921T14143865282,IREN,2026-09-21,2026-09-21T10:15:39.279992-04:00,47.13,-0.3309
KHC-20260921T14012445819,KHC,2026-09-21,2026-09-21T10:15:49.347047-04:00,24.38,-0.041
INTC-20260921T14092251672,INTC,2026-09-21,2026-09-21T10:15:49.347047-04:00,119.43,0.6913
ARM-20260921T14101342430,ARM,2026-09-21,2026-09-21T10:15:49.347047-04:00,311.376,0.9552
ETHU-20260921T14102369546,ETHU,2026-09-21,2026-09-21T10:15:49.347047-04:00,31.45,0.0631
IBIT-20260921T14111486460,IBIT,2026-09-21,2026-09-21T10:15:49.347047-04:00,48.32,-0.1447
TSLA-20260921T14112514206,TSLA,2026-09-21,2026-09-21T10:15:49.347047-04:00,375.76,-0.008
IREN-20260921T14143865282,IREN,2026-09-21,2026-09-21T10:15:49.347047-04:00,47.12,-0.3521
KHC-20260921T14012445819,KHC,2026-09-21,2026-09-21T10:15:59.467862-04:00,24.3877,-0.0094
INTC-20260921T14092251672,INTC,2026-09-21,2026-09-21T10:15:59.467862-04:00,119.63,0.86
ARM-20260921T14101342430,ARM,2026-09-21,2026-09-21T10:15:59.467862-04:00,311.31,0.9338
ETHU-20260921T14102369546,ETHU,2026-09-21,2026-09-21T10:15:59.467862-04:00,31.4599,0.0945
IBIT-20260921T14111486460,IBIT,2026-09-21,2026-09-21T10:15:59.467862-04:00,48.325,-0.1343
TSLA-20260921T14112514206,TSLA,2026-09-21,2026-09-21T10:15:59.467862-04:00,375.705,-0.0226
IREN-20260921T14143865282,IREN,2026-09-21,2026-09-21T10:15:59.467862-04:00,47.1488,-0.2912
KHC-20260921T14012445819,KHC,2026-09-21,2026-09-21T10:16:09.526115-04:00,24.385,-0.0205
INTC-20260921T14092251672,INTC,2026-09-21,2026-09-21T10:16:09.526115-04:00,119.72,0.9358
ARM-20260921T14101342430,ARM,2026-09-21,2026-09-21T10:16:09.526115-04:00,311.32,0.937
ETHU-20260921T14102369546,ETHU,2026-09-21,2026-09-21T10:16:09.526115-04:00,31.44,0.0312
IBIT-20260921T14111486460,IBIT,2026-09-21,2026-09-21T10:16:09.526115-04:00,48.325,-0.1343
TSLA-20260921T14112514206,TSLA,2026-09-21,2026-09-21T10:16:09.526115-04:00,375.2001,-0.157
IREN-20260921T14143865282,IREN,2026-09-21,2026-09-21T10:16:09.526115-04:00,47.16,-0.2675
KHC-20260921T14012445819,KHC,2026-09-21,2026-09-21T10:16:19.595268-04:00,24.4,0.041
INTC-20260921T14092251672,INTC,2026-09-21,2026-09-21T10:16:19.595268-04:00,119.81,1.0117
ARM-20260921T14101342430,ARM,2026-09-21,2026-09-21T10:16:19.595268-04:00,311.66,1.0472
ETHU-20260921T14102369546,ETHU,2026-09-21,2026-09-21T10:16:19.595268-04:00,31.4519,0.0691
IBIT-20260921T14111486460,IBIT,2026-09-21,2026-09-21T10:16:19.595268-04:00,48.325,-0.1343
TSLA-20260921T14112514206,TSLA,2026-09-21,2026-09-21T10:16:19.595268-04:00,375.32,-0.1251
IREN-20260921T14143865282,IREN,2026-09-21,2026-09-21T10:16:19.595268-04:00,47.1424,-0.3047
KHC-20260921T14012445819,KHC,2026-09-21,2026-09-21T10:16:29.641979-04:00,24.395,0.0205
INTC-20260921T14092251672,INTC,2026-09-21,2026-09-21T10:16:29.641979-04:00,119.8567,1.0511
ARM-20260921T14101342430,ARM,2026-09-21,2026-09-21T10:16:29.641979-04:00,311.58,1.0213
ETHU-20260921T14102369546,ETHU,2026-09-21,2026-09-21T10:16:29.641979-04:00,31.475,0.1426
IBIT-20260921T14111486460,IBIT,2026-09-21,2026-09-21T10:16:29.641979-04:00,48.3277,-0.1287
TSLA-20260921T14112514206,TSLA,2026-09-21,2026-09-21T10:16:29.641979-04:00,375.355,-0.1158
IREN-20260921T14143865282,IREN,2026-09-21,2026-09-21T10:16:29.641979-04:00,47.16,-0.2675
KHC-20260921T14012445819,KHC,2026-09-21,2026-09-21T10:16:39.696427-04:00,24.385,-0.0205
INTC-20260921T14092251672,INTC,2026-09-21,2026-09-21T10:16:39.696427-04:00,119.845,1.0412
ARM-20260921T14101342430,ARM,2026-09-21,2026-09-21T10:16:39.696427-04:00,311.71,1.0635
ETHU-20260921T14102369546,ETHU,2026-09-21,2026-09-21T10:16:39.696427-04:00,31.48,0.1585
IBIT-20260921T14111486460,IBIT,2026-09-21,2026-09-21T10:16:39.696427-04:00,48.34,-0.1033
TSLA-20260921T14112514206,TSLA,2026-09-21,2026-09-21T10:16:39.696427-04:00,375.58,-0.0559
IREN-20260921T14143865282,IREN,2026-09-21,2026-09-21T10:16:39.696427-04:00,47.135,-0.3204
KHC-20260921T14012445819,KHC,2026-09-21,2026-09-21T10:16:49.743785-04:00,24.3817,-0.034
INTC-20260921T14092251672,INTC,2026-09-21,2026-09-21T10:16:49.743785-04:00,119.87,1.0623
ARM-20260921T14101342430,ARM,2026-09-21,2026-09-21T10:16:49.743785-04:00,311.165,0.8867
ETHU-20260921T14102369546,ETHU,2026-09-21,2026-09-21T10:16:49.743785-04:00,31.5,0.2221
IBIT-20260921T14111486460,IBIT,2026-09-21,2026-09-21T10:16:49.743785-04:00,48.365,-0.0517
TSLA-20260921T14112514206,TSLA,2026-09-21,2026-09-21T10:16:49.743785-04:00,375.6601,-0.0346
IREN-20260921T14143865282,IREN,2026-09-21,2026-09-21T10:16:49.743785-04:00,47.14,-0.3098
KHC-20260921T14012445819,KHC,2026-09-21,2026-09-21T10:16:59.803134-04:00,24.39,0.0
INTC-20260921T14092251672,INTC,2026-09-21,2026-09-21T10:16:59.803134-04:00,120.0019,1.1735
ARM-20260921T14101342430,ARM,2026-09-21,2026-09-21T10:16:59.803134-04:00,311.02,0.8397
ETHU-20260921T14102369546,ETHU,2026-09-21,2026-09-21T10:16:59.803134-04:00,31.54,0.3494
IBIT-20260921T14111486460,IBIT,2026-09-21,2026-09-21T10:16:59.803134-04:00,48.3799,-0.0209
TSLA-20260921T14112514206,TSLA,2026-09-21,2026-09-21T10:16:59.803134-04:00,375.82,0.008
IREN-20260921T14143865282,IREN,2026-09-21,2026-09-21T10:16:59.803134-04:00,47.18,-0.2252
KHC-20260921T14012445819,KHC,2026-09-21,2026-09-21T10:17:09.865601-04:00,24.3933,0.0135
INTC-20260921T14092251672,INTC,2026-09-21,2026-09-21T10:17:09.865601-04:00,120.05,1.2141
ARM-20260921T14101342430,ARM,2026-09-21,2026-09-21T10:17:09.865601-04:00,310.59,0.7003
ETHU-20260921T14102369546,ETHU,2026-09-21,2026-09-21T10:17:09.865601-04:00,31.55,0.3812
IBIT-20260921T14111486460,IBIT,2026-09-21,2026-09-21T10:17:09.865601-04:00,48.39,0.0
TSLA-20260921T14112514206,TSLA,2026-09-21,2026-09-21T10:17:09.865601-04:00,375.75,-0.0106
IREN-20260921T14143865282,IREN,2026-09-21,2026-09-21T10:17:09.865601-04:00,47.18,-0.2252
KHC-20260921T14012445819,KHC,2026-09-21,2026-09-21T10:17:20.231482-04:00,24.395,0.0205
INTC-20260921T14092251672,INTC,2026-09-21,2026-09-21T10:17:20.231482-04:00,120.15,1.2984
ARM-20260921T14101342430,ARM,2026-09-21,2026-09-21T10:17:20.231482-04:00,310.5496,0.6872
ETHU-20260921T14102369546,ETHU,2026-09-21,2026-09-21T10:17:20.231482-04:00,31.545,0.3653
IBIT-20260921T14111486460,IBIT,2026-09-21,2026-09-21T10:17:20.231482-04:00,48.385,-0.0103
TSLA-20260921T14112514206,TSLA,2026-09-21,2026-09-21T10:17:20.231482-04:00,375.645,-0.0386
IREN-20260921T14143865282,IREN,2026-09-21,2026-09-21T10:17:20.231482-04:00,47.27,-0.0349
KHC-20260921T14012445819,KHC,2026-09-21,2026-09-21T10:17:30.304132-04:00,24.395,0.0205
INTC-20260921T14092251672,INTC,2026-09-21,2026-09-21T10:17:30.304132-04:00,120.1334,1.2844
ARM-20260921T14101342430,ARM,2026-09-21,2026-09-21T10:17:30.304132-04:00,310.83,0.7781
ETHU-20260921T14102369546,ETHU,2026-09-21,2026-09-21T10:17:30.304132-04:00,31.561,0.4162
IBIT-20260921T14111486460,IBIT,2026-09-21,2026-09-21T10:17:30.304132-04:00,48.3966,0.0136
TSLA-20260921T14112514206,TSLA,2026-09-21,2026-09-21T10:17:30.304132-04:00,375.67,-0.0319
IREN-20260921T14143865282,IREN,2026-09-21,2026-09-21T10:17:30.304132-04:00,47.1923,-0.1992
KHC-20260921T14012445819,KHC,2026-09-21,2026-09-21T10:17:40.378774-04:00,24.395,0.0205
INTC-20260921T14092251672,INTC,2026-09-21,2026-09-21T10:17:40.378774-04:00,120.33,1.4501
ARM-20260921T14101342430,ARM,2026-09-21,2026-09-21T10:17:40.378774-04:00,310.845,0.783
ETHU-20260921T14102369546,ETHU,2026-09-21,2026-09-21T10:17:40.378774-04:00,31.5215,0.2905
IBIT-20260921T14111486460,IBIT,2026-09-21,2026-09-21T10:17:40.378774-04:00,48.37,-0.0413
TSLA-20260921T14112514206,TSLA,2026-09-21,2026-09-21T10:17:40.378774-04:00,375.6,-0.0506
IREN-20260921T14143865282,IREN,2026-09-21,2026-09-21T10:17:40.378774-04:00,47.1801,-0.225
KHC-20260921T14012445819,KHC,2026-09-21,2026-09-21T10:17:50.427432-04:00,24.395,0.0205
INTC-20260921T14092251672,INTC,2026-09-21,2026-09-21T10:17:50.427432-04:00,120.1613,1.3079
ARM-20260921T14101342430,ARM,2026-09-21,2026-09-21T10:17:50.427432-04:00,311.355,0.9484
ETHU-20260921T14102369546,ETHU,2026-09-21,2026-09-21T10:17:50.427432-04:00,31.48,0.1585
IBIT-20260921T14111486460,IBIT,2026-09-21,2026-09-21T10:17:50.427432-04:00,48.3501,-0.0825
TSLA-20260921T14112514206,TSLA,2026-09-21,2026-09-21T10:17:50.427432-04:00,375.616,-0.0463
IREN-20260921T14143865282,IREN,2026-09-21,2026-09-21T10:17:50.427432-04:00,47.111,-0.3711
KHC-20260921T14012445819,KHC,2026-09-21,2026-09-21T10:18:00.474045-04:00,24.405,0.0615
INTC-20260921T14092251672,INTC,2026-09-21,2026-09-21T10:18:00.474045-04:00,120.13,1.2815
ARM-20260921T14101342430,ARM,2026-09-21,2026-09-21T10:18:00.474045-04:00,310.83,0.7781
ETHU-20260921T14102369546,ETHU,2026-09-21,2026-09-21T10:18:00.474045-04:00,31.475,0.1426
IBIT-20260921T14111486460,IBIT,2026-09-21,2026-09-21T10:18:00.474045-04:00,48.3551,-0.0721
TSLA-20260921T14112514206,TSLA,2026-09-21,2026-09-21T10:18:00.474045-04:00,375.73,-0.016
IREN-20260921T14143865282,IREN,2026-09-21,2026-09-21T10:18:00.474045-04:00,47.1655,-0.2559
KHC-20260921T14012445819,KHC,2026-09-21,2026-09-21T10:18:10.665801-04:00,24.405,0.0615
INTC-20260921T14092251672,INTC,2026-09-21,2026-09-21T10:18:10.665801-04:00,120.2331,1.3684
ARM-20260921T14101342430,ARM,2026-09-21,2026-09-21T10:18:10.665801-04:00,310.81,0.7716
ETHU-20260921T14102369546,ETHU,2026-09-21,2026-09-21T10:18:10.665801-04:00,31.48,0.1585
IBIT-20260921T14111486460,IBIT,2026-09-21,2026-09-21T10:18:10.665801-04:00,48.355,-0.0723
TSLA-20260921T14112514206,TSLA,2026-09-21,2026-09-21T10:18:10.665801-04:00,376.02,0.0612
IREN-20260921T14143865282,IREN,2026-09-21,2026-09-21T10:18:10.665801-04:00,47.1683,-0.2499
KHC-20260921T14012445819,KHC,2026-09-21,2026-09-21T10:18:20.742052-04:00,24.397,0.0287
INTC-20260921T14092251672,INTC,2026-09-21,2026-09-21T10:18:20.742052-04:00,120.385,1.4965
ARM-20260921T14101342430,ARM,2026-09-21,2026-09-21T10:18:20.742052-04:00,310.425,0.6468
ETHU-20260921T14102369546,ETHU,2026-09-21,2026-09-21T10:18:20.742052-04:00,31.5317,0.323
IBIT-20260921T14111486460,IBIT,2026-09-21,2026-09-21T10:18:20.742052-04:00,48.375,-0.031
TSLA-20260921T14112514206,TSLA,2026-09-21,2026-09-21T10:18:20.742052-04:00,375.955,0.0439
IREN-20260921T14143865282,IREN,2026-09-21,2026-09-21T10:18:20.742052-04:00,47.14,-0.3098
KHC-20260921T14012445819,KHC,2026-09-21,2026-09-21T10:18:30.800011-04:00,24.405,0.0615
INTC-20260921T14092251672,INTC,2026-09-21,2026-09-21T10:18:30.800011-04:00,120.4832,1.5793
ARM-20260921T14101342430,ARM,2026-09-21,2026-09-21T10:18:30.800011-04:00,309.71,0.415
ETHU-20260921T14102369546,ETHU,2026-09-21,2026-09-21T10:18:30.800011-04:00,31.525,0.3017
IBIT-20260921T14111486460,IBIT,2026-09-21,2026-09-21T10:18:30.800011-04:00,48.365,-0.0517
TSLA-20260921T14112514206,TSLA,2026-09-21,2026-09-21T10:18:30.800011-04:00,375.7825,-0.002
IREN-20260921T14143865282,IREN,2026-09-21,2026-09-21T10:18:30.800011-04:00,47.125,-0.3415
KHC-20260921T14012445819,KHC,2026-09-21,2026-09-21T10:18:40.869850-04:00,24.4001,0.0414
INTC-20260921T14092251672,INTC,2026-09-21,2026-09-21T10:18:40.869850-04:00,120.41,1.5176
ARM-20260921T14101342430,ARM,2026-09-21,2026-09-21T10:18:40.869850-04:00,310.145,0.556
ETHU-20260921T14102369546,ETHU,2026-09-21,2026-09-21T10:18:40.869850-04:00,31.51,0.254
IBIT-20260921T14111486460,IBIT,2026-09-21,2026-09-21T10:18:40.869850-04:00,48.3519,-0.0787
TSLA-20260921T14112514206,TSLA,2026-09-21,2026-09-21T10:18:40.869850-04:00,375.7449,-0.012
IREN-20260921T14143865282,IREN,2026-09-21,2026-09-21T10:18:40.869850-04:00,47.11,-0.3732
KHC-20260921T14012445819,KHC,2026-09-21,2026-09-21T10:18:50.943458-04:00,24.41,0.082
INTC-20260921T14092251672,INTC,2026-09-21,2026-09-21T10:18:50.943458-04:00,120.51,1.6019
ARM-20260921T14101342430,ARM,2026-09-21,2026-09-21T10:18:50.943458-04:00,310.076,0.5337
ETHU-20260921T14102369546,ETHU,2026-09-21,2026-09-21T10:18:50.943458-04:00,31.505,0.238
IBIT-20260921T14111486460,IBIT,2026-09-21,2026-09-21T10:18:50.943458-04:00,48.3477,-0.0874
TSLA-20260921T14112514206,TSLA,2026-09-21,2026-09-21T10:18:50.943458-04:00,375.74,-0.0133
IREN-20260921T14143865282,IREN,2026-09-21,2026-09-21T10:18:50.943458-04:00,47.1498,-0.2891
KHC-20260921T14012445819,KHC,2026-09-21,2026-09-21T10:19:00.989105-04:00,24.39,0.0
INTC-20260921T14092251672,INTC,2026-09-21,2026-09-21T10:19:00.989105-04:00,120.5,1.5935
ARM-20260921T14101342430,ARM,2026-09-21,2026-09-21T10:19:00.989105-04:00,309.9223,0.4838
ETHU-20260921T14102369546,ETHU,2026-09-21,2026-09-21T10:19:00.989105-04:00,31.5,0.2221
IBIT-20260921T14111486460,IBIT,2026-09-21,2026-09-21T10:19:00.989105-04:00,48.345,-0.093
TSLA-20260921T14112514206,TSLA,2026-09-21,2026-09-21T10:19:00.989105-04:00,375.825,0.0093
IREN-20260921T14143865282,IREN,2026-09-21,2026-09-21T10:19:00.989105-04:00,47.1564,-0.2751
KHC-20260921T14012445819,KHC,2026-09-21,2026-09-21T10:19:11.117199-04:00,24.3999,0.0406
ARM-20260921T14101342430,ARM,2026-09-21,2026-09-21T10:19:11.117199-04:00,309.48,0.3404
ETHU-20260921T14102369546,ETHU,2026-09-21,2026-09-21T10:19:11.117199-04:00,31.53,0.3176
IBIT-20260921T14111486460,IBIT,2026-09-21,2026-09-21T10:19:11.117199-04:00,48.365,-0.0517
TSLA-20260921T14112514206,TSLA,2026-09-21,2026-09-21T10:19:11.117199-04:00,375.9,0.0293
IREN-20260921T14143865282,IREN,2026-09-21,2026-09-21T10:19:11.117199-04:00,47.145,-0.2992
KHC-20260921T14012445819,KHC,2026-09-21,2026-09-21T10:19:21.174117-04:00,24.41,0.082
ARM-20260921T14101342430,ARM,2026-09-21,2026-09-21T10:19:21.174117-04:00,309.4931,0.3447
ETHU-20260921T14102369546,ETHU,2026-09-21,2026-09-21T10:19:21.174117-04:00,31.53,0.3176
IBIT-20260921T14111486460,IBIT,2026-09-21,2026-09-21T10:19:21.174117-04:00,48.355,-0.0723
TSLA-20260921T14112514206,TSLA,2026-09-21,2026-09-21T10:19:21.174117-04:00,375.885,0.0253
IREN-20260921T14143865282,IREN,2026-09-21,2026-09-21T10:19:21.174117-04:00,47.11,-0.3732
KHC-20260921T14012445819,KHC,2026-09-21,2026-09-21T10:19:31.217680-04:00,24.3919,0.0078
ARM-20260921T14101342430,ARM,2026-09-21,2026-09-21T10:19:31.217680-04:00,309.51,0.3502
ETHU-20260921T14102369546,ETHU,2026-09-21,2026-09-21T10:19:31.217680-04:00,31.505,0.238
IBIT-20260921T14111486460,IBIT,2026-09-21,2026-09-21T10:19:31.217680-04:00,48.35,-0.0827
TSLA-20260921T14112514206,TSLA,2026-09-21,2026-09-21T10:19:31.217680-04:00,375.7612,-0.0077
IREN-20260921T14143865282,IREN,2026-09-21,2026-09-21T10:19:31.217680-04:00,47.14,-0.3098
KHC-20260921T14012445819,KHC,2026-09-21,2026-09-21T10:19:41.265628-04:00,24.3964,0.0262
ARM-20260921T14101342430,ARM,2026-09-21,2026-09-21T10:19:41.265628-04:00,309.4767,0.3394
ETHU-20260921T14102369546,ETHU,2026-09-21,2026-09-21T10:19:41.265628-04:00,31.518,0.2794
IBIT-20260921T14111486460,IBIT,2026-09-21,2026-09-21T10:19:41.265628-04:00,48.36,-0.062
TSLA-20260921T14112514206,TSLA,2026-09-21,2026-09-21T10:19:41.265628-04:00,375.74,-0.0133
IREN-20260921T14143865282,IREN,2026-09-21,2026-09-21T10:19:41.265628-04:00,47.11,-0.3732
KHC-20260921T14012445819,KHC,2026-09-21,2026-09-21T10:19:51.309653-04:00,24.405,0.0615
ARM-20260921T14101342430,ARM,2026-09-21,2026-09-21T10:19:51.309653-04:00,308.9,0.1524
ETHU-20260921T14102369546,ETHU,2026-09-21,2026-09-21T10:19:51.309653-04:00,31.52,0.2858
IBIT-20260921T14111486460,IBIT,2026-09-21,2026-09-21T10:19:51.309653-04:00,48.365,-0.0517
TSLA-20260921T14112514206,TSLA,2026-09-21,2026-09-21T10:19:51.309653-04:00,375.57,-0.0585
IREN-20260921T14143865282,IREN,2026-09-21,2026-09-21T10:19:51.309653-04:00,47.12,-0.3521
KHC-20260921T14012445819,KHC,2026-09-21,2026-09-21T10:20:01.364789-04:00,24.385,-0.0205
ARM-20260921T14101342430,ARM,2026-09-21,2026-09-21T10:20:01.364789-04:00,309.36,0.3015
ETHU-20260921T14102369546,ETHU,2026-09-21,2026-09-21T10:20:01.364789-04:00,31.52,0.2858
IBIT-20260921T14111486460,IBIT,2026-09-21,2026-09-21T10:20:01.364789-04:00,48.37,-0.0413
TSLA-20260921T14112514206,TSLA,2026-09-21,2026-09-21T10:20:01.364789-04:00,375.73,-0.016
IREN-20260921T14143865282,IREN,2026-09-21,2026-09-21T10:20:01.364789-04:00,47.12,-0.3521
KHC-20260921T14012445819,KHC,2026-09-21,2026-09-21T10:20:11.609772-04:00,24.3683,-0.089
ETHU-20260921T14102369546,ETHU,2026-09-21,2026-09-21T10:20:11.609772-04:00,31.56,0.413
IBIT-20260921T14111486460,IBIT,2026-09-21,2026-09-21T10:20:11.609772-04:00,48.38,-0.0207
TSLA-20260921T14112514206,TSLA,2026-09-21,2026-09-21T10:20:11.609772-04:00,375.8701,0.0213
IREN-20260921T14143865282,IREN,2026-09-21,2026-09-21T10:20:11.609772-04:00,47.1603,-0.2669
KHC-20260921T14012445819,KHC,2026-09-21,2026-09-21T10:20:21.699910-04:00,24.405,0.0615
ETHU-20260921T14102369546,ETHU,2026-09-21,2026-09-21T10:20:21.699910-04:00,31.55,0.3812
IBIT-20260921T14111486460,IBIT,2026-09-21,2026-09-21T10:20:21.699910-04:00,48.385,-0.0103
TSLA-20260921T14112514206,TSLA,2026-09-21,2026-09-21T10:20:21.699910-04:00,375.86,0.0186
IREN-20260921T14143865282,IREN,2026-09-21,2026-09-21T10:20:21.699910-04:00,47.16,-0.2675
KHC-20260921T14012445819,KHC,2026-09-21,2026-09-21T10:20:31.751819-04:00,24.405,0.0615
ETHU-20260921T14102369546,ETHU,2026-09-21,2026-09-21T10:20:31.751819-04:00,31.57,0.4448
IBIT-20260921T14111486460,IBIT,2026-09-21,2026-09-21T10:20:31.751819-04:00,48.3952,0.0107
TSLA-20260921T14112514206,TSLA,2026-09-21,2026-09-21T10:20:31.751819-04:00,375.8523,0.0166
IREN-20260921T14143865282,IREN,2026-09-21,2026-09-21T10:20:31.751819-04:00,47.1361,-0.318
KHC-20260921T14012445819,KHC,2026-09-21,2026-09-21T10:20:41.868165-04:00,24.42,0.123
ETHU-20260921T14102369546,ETHU,2026-09-21,2026-09-21T10:20:41.868165-04:00,31.5571,0.4038
IBIT-20260921T14111486460,IBIT,2026-09-21,2026-09-21T10:20:41.868165-04:00,48.375,-0.031
TSLA-20260921T14112514206,TSLA,2026-09-21,2026-09-21T10:20:41.868165-04:00,375.805,0.004
IREN-20260921T14143865282,IREN,2026-09-21,2026-09-21T10:20:41.868165-04:00,47.1,-0.3944
KHC-20260921T14012445819,KHC,2026-09-21,2026-09-21T10:20:51.908212-04:00,24.42,0.123
ETHU-20260921T14102369546,ETHU,2026-09-21,2026-09-21T10:20:51.908212-04:00,31.51,0.254
IBIT-20260921T14111486460,IBIT,2026-09-21,2026-09-21T10:20:51.908212-04:00,48.345,-0.093
TSLA-20260921T14112514206,TSLA,2026-09-21,2026-09-21T10:20:51.908212-04:00,375.82,0.008
IREN-20260921T14143865282,IREN,2026-09-21,2026-09-21T10:20:51.908212-04:00,47.035,-0.5318
KHC-20260921T14012445819,KHC,2026-09-21,2026-09-21T10:21:01.961295-04:00,24.4259,0.1472
ETHU-20260921T14102369546,ETHU,2026-09-21,2026-09-21T10:21:01.961295-04:00,31.4818,0.1642
IBIT-20260921T14111486460,IBIT,2026-09-21,2026-09-21T10:21:01.961295-04:00,48.3217,-0.1411
TSLA-20260921T14112514206,TSLA,2026-09-21,2026-09-21T10:21:01.961295-04:00,375.886,0.0255
IREN-20260921T14143865282,IREN,2026-09-21,2026-09-21T10:21:01.961295-04:00,47.01,-0.5847
KHC-20260921T14012445819,KHC,2026-09-21,2026-09-21T10:21:12.040166-04:00,24.435,0.1845
ETHU-20260921T14102369546,ETHU,2026-09-21,2026-09-21T10:21:12.040166-04:00,31.5,0.2221
IBIT-20260921T14111486460,IBIT,2026-09-21,2026-09-21T10:21:12.040166-04:00,48.3452,-0.0926
TSLA-20260921T14112514206,TSLA,2026-09-21,2026-09-21T10:21:12.040166-04:00,375.92,0.0346
IREN-20260921T14143865282,IREN,2026-09-21,2026-09-21T10:21:12.040166-04:00,47.06,-0.479
KHC-20260921T14012445819,KHC,2026-09-21,2026-09-21T10:21:22.084196-04:00,24.4234,0.1369
ETHU-20260921T14102369546,ETHU,2026-09-21,2026-09-21T10:21:22.084196-04:00,31.52,0.2858
IBIT-20260921T14111486460,IBIT,2026-09-21,2026-09-21T10:21:22.084196-04:00,48.36,-0.062
TSLA-20260921T14112514206,TSLA,2026-09-21,2026-09-21T10:21:22.084196-04:00,375.65,-0.0373
IREN-20260921T14143865282,IREN,2026-09-21,2026-09-21T10:21:22.084196-04:00,47.0835,-0.4293
KHC-20260921T14012445819,KHC,2026-09-21,2026-09-21T10:21:32.132366-04:00,24.4239,0.139
ETHU-20260921T14102369546,ETHU,2026-09-21,2026-09-21T10:21:32.132366-04:00,31.54,0.3494
IBIT-20260921T14111486460,IBIT,2026-09-21,2026-09-21T10:21:32.132366-04:00,48.37,-0.0413
TSLA-20260921T14112514206,TSLA,2026-09-21,2026-09-21T10:21:32.132366-04:00,375.46,-0.0878
IREN-20260921T14143865282,IREN,2026-09-21,2026-09-21T10:21:32.132366-04:00,47.03,-0.5424
KHC-20260921T14012445819,KHC,2026-09-21,2026-09-21T10:21:42.182125-04:00,24.435,0.1845
ETHU-20260921T14102369546,ETHU,2026-09-21,2026-09-21T10:21:42.182125-04:00,31.57,0.4448
IBIT-20260921T14111486460,IBIT,2026-09-21,2026-09-21T10:21:42.182125-04:00,48.388,-0.0041
TSLA-20260921T14112514206,TSLA,2026-09-21,2026-09-21T10:21:42.182125-04:00,375.64,-0.0399
IREN-20260921T14143865282,IREN,2026-09-21,2026-09-21T10:21:42.182125-04:00,47.064,-0.4705
KHC-20260921T14012445819,KHC,2026-09-21,2026-09-21T10:21:52.229175-04:00,24.44,0.205
ETHU-20260921T14102369546,ETHU,2026-09-21,2026-09-21T10:21:52.229175-04:00,31.545,0.3653
IBIT-20260921T14111486460,IBIT,2026-09-21,2026-09-21T10:21:52.229175-04:00,48.375,-0.031
TSLA-20260921T14112514206,TSLA,2026-09-21,2026-09-21T10:21:52.229175-04:00,375.52,-0.0718
IREN-20260921T14143865282,IREN,2026-09-21,2026-09-21T10:21:52.229175-04:00,47.0828,-0.4308
KHC-20260921T14012445819,KHC,2026-09-21,2026-09-21T10:22:02.277986-04:00,24.435,0.1845
ETHU-20260921T14102369546,ETHU,2026-09-21,2026-09-21T10:22:02.277986-04:00,31.575,0.4608
IBIT-20260921T14111486460,IBIT,2026-09-21,2026-09-21T10:22:02.277986-04:00,48.385,-0.0103
TSLA-20260921T14112514206,TSLA,2026-09-21,2026-09-21T10:22:02.277986-04:00,375.39,-0.1064
IREN-20260921T14143865282,IREN,2026-09-21,2026-09-21T10:22:02.277986-04:00,47.0782,-0.4405
KHC-20260921T14012445819,KHC,2026-09-21,2026-09-21T10:22:12.329429-04:00,24.435,0.1845
ETHU-20260921T14102369546,ETHU,2026-09-21,2026-09-21T10:22:12.329429-04:00,31.62,0.6039
IBIT-20260921T14111486460,IBIT,2026-09-21,2026-09-21T10:22:12.329429-04:00,48.415,0.0517
TSLA-20260921T14112514206,TSLA,2026-09-21,2026-09-21T10:22:12.329429-04:00,375.585,-0.0546
IREN-20260921T14143865282,IREN,2026-09-21,2026-09-21T10:22:12.329429-04:00,47.07,-0.4578
KHC-20260921T14012445819,KHC,2026-09-21,2026-09-21T10:22:22.369954-04:00,24.4301,0.1644
ETHU-20260921T14102369546,ETHU,2026-09-21,2026-09-21T10:22:22.369954-04:00,31.67,0.763
IBIT-20260921T14111486460,IBIT,2026-09-21,2026-09-21T10:22:22.369954-04:00,48.445,0.1137
TSLA-20260921T14112514206,TSLA,2026-09-21,2026-09-21T10:22:22.369954-04:00,375.64,-0.0399
IREN-20260921T14143865282,IREN,2026-09-21,2026-09-21T10:22:22.369954-04:00,47.135,-0.3204
KHC-20260921T14012445819,KHC,2026-09-21,2026-09-21T10:22:32.414287-04:00,24.433,0.1763
ETHU-20260921T14102369546,ETHU,2026-09-21,2026-09-21T10:22:32.414287-04:00,31.68,0.7948
IBIT-20260921T14111486460,IBIT,2026-09-21,2026-09-21T10:22:32.414287-04:00,48.465,0.155
TSLA-20260921T14112514206,TSLA,2026-09-21,2026-09-21T10:22:32.414287-04:00,375.795,0.0013
IREN-20260921T14143865282,IREN,2026-09-21,2026-09-21T10:22:32.414287-04:00,47.145,-0.2992
KHC-20260921T14012445819,KHC,2026-09-21,2026-09-21T10:22:42.459435-04:00,24.3984,0.0344
ETHU-20260921T14102369546,ETHU,2026-09-21,2026-09-21T10:22:42.459435-04:00,31.7016,0.8636
IBIT-20260921T14111486460,IBIT,2026-09-21,2026-09-21T10:22:42.459435-04:00,48.49,0.2067
TSLA-20260921T14112514206,TSLA,2026-09-21,2026-09-21T10:22:42.459435-04:00,375.82,0.008
IREN-20260921T14143865282,IREN,2026-09-21,2026-09-21T10:22:42.459435-04:00,47.16,-0.2675
KHC-20260921T14012445819,KHC,2026-09-21,2026-09-21T10:22:52.693832-04:00,24.435,0.1845
ETHU-20260921T14102369546,ETHU,2026-09-21,2026-09-21T10:22:52.693832-04:00,31.72,0.9221
IBIT-20260921T14111486460,IBIT,2026-09-21,2026-09-21T10:22:52.693832-04:00,48.5061,0.2399
TSLA-20260921T14112514206,TSLA,2026-09-21,2026-09-21T10:22:52.693832-04:00,375.715,-0.02
KHC-20260921T14012445819,KHC,2026-09-21,2026-09-21T10:23:02.752449-04:00,24.4385,0.1989
ETHU-20260921T14102369546,ETHU,2026-09-21,2026-09-21T10:23:02.752449-04:00,31.705,0.8744
IBIT-20260921T14111486460,IBIT,2026-09-21,2026-09-21T10:23:02.752449-04:00,48.505,0.2377
TSLA-20260921T14112514206,TSLA,2026-09-21,2026-09-21T10:23:02.752449-04:00,375.82,0.008
KHC-20260921T14012445819,KHC,2026-09-21,2026-09-21T10:23:12.804166-04:00,24.435,0.1845
ETHU-20260921T14102369546,ETHU,2026-09-21,2026-09-21T10:23:12.804166-04:00,31.735,0.9698
IBIT-20260921T14111486460,IBIT,2026-09-21,2026-09-21T10:23:12.804166-04:00,48.53,0.2893
TSLA-20260921T14112514206,TSLA,2026-09-21,2026-09-21T10:23:12.804166-04:00,375.805,0.004
KHC-20260921T14012445819,KHC,2026-09-21,2026-09-21T10:23:22.852569-04:00,24.435,0.1845
ETHU-20260921T14102369546,ETHU,2026-09-21,2026-09-21T10:23:22.852569-04:00,31.73,0.9539
IBIT-20260921T14111486460,IBIT,2026-09-21,2026-09-21T10:23:22.852569-04:00,48.52,0.2687
TSLA-20260921T14112514206,TSLA,2026-09-21,2026-09-21T10:23:22.852569-04:00,375.805,0.004
KHC-20260921T14012445819,KHC,2026-09-21,2026-09-21T10:23:32.891624-04:00,24.435,0.1845
ETHU-20260921T14102369546,ETHU,2026-09-21,2026-09-21T10:23:32.891624-04:00,31.7199,0.9218
IBIT-20260921T14111486460,IBIT,2026-09-21,2026-09-21T10:23:32.891624-04:00,48.515,0.2583
TSLA-20260921T14112514206,TSLA,2026-09-21,2026-09-21T10:23:32.891624-04:00,375.84,0.0133
KHC-20260921T14012445819,KHC,2026-09-21,2026-09-21T10:23:42.936564-04:00,24.435,0.1845
ETHU-20260921T14102369546,ETHU,2026-09-21,2026-09-21T10:23:42.936564-04:00,31.75,1.0175
IBIT-20260921T14111486460,IBIT,2026-09-21,2026-09-21T10:23:42.936564-04:00,48.5499,0.3304
TSLA-20260921T14112514206,TSLA,2026-09-21,2026-09-21T10:23:42.936564-04:00,375.9195,0.0345
KHC-20260921T14012445819,KHC,2026-09-21,2026-09-21T10:23:52.991340-04:00,24.4335,0.1784
ETHU-20260921T14102369546,ETHU,2026-09-21,2026-09-21T10:23:52.991340-04:00,31.75,1.0175
IBIT-20260921T14111486460,IBIT,2026-09-21,2026-09-21T10:23:52.991340-04:00,48.555,0.341
TSLA-20260921T14112514206,TSLA,2026-09-21,2026-09-21T10:23:52.991340-04:00,375.87,0.0213
KHC-20260921T14012445819,KHC,2026-09-21,2026-09-21T10:24:03.034623-04:00,24.4067,0.0685
ETHU-20260921T14102369546,ETHU,2026-09-21,2026-09-21T10:24:03.034623-04:00,31.76,1.0494
IBIT-20260921T14111486460,IBIT,2026-09-21,2026-09-21T10:24:03.034623-04:00,48.5651,0.3619
TSLA-20260921T14112514206,TSLA,2026-09-21,2026-09-21T10:24:03.034623-04:00,375.92,0.0346
KHC-20260921T14012445819,KHC,2026-09-21,2026-09-21T10:24:13.302972-04:00,24.4275,0.1538
ETHU-20260921T14102369546,ETHU,2026-09-21,2026-09-21T10:24:13.302972-04:00,31.745,1.0016
IBIT-20260921T14111486460,IBIT,2026-09-21,2026-09-21T10:24:13.302972-04:00,48.545,0.3203
TSLA-20260921T14112514206,TSLA,2026-09-21,2026-09-21T10:24:13.302972-04:00,376.0155,0.06
KHC-20260921T14012445819,KHC,2026-09-21,2026-09-21T10:24:23.373712-04:00,24.425,0.1435
ETHU-20260921T14102369546,ETHU,2026-09-21,2026-09-21T10:24:23.373712-04:00,31.78,1.113
IBIT-20260921T14111486460,IBIT,2026-09-21,2026-09-21T10:24:23.373712-04:00,48.585,0.403
TSLA-20260921T14112514206,TSLA,2026-09-21,2026-09-21T10:24:23.373712-04:00,375.772,-0.0048
KHC-20260921T14012445819,KHC,2026-09-21,2026-09-21T10:24:33.418770-04:00,24.405,0.0615
ETHU-20260921T14102369546,ETHU,2026-09-21,2026-09-21T10:24:33.418770-04:00,31.779,1.1098
IBIT-20260921T14111486460,IBIT,2026-09-21,2026-09-21T10:24:33.418770-04:00,48.565,0.3616
TSLA-20260921T14112514206,TSLA,2026-09-21,2026-09-21T10:24:33.418770-04:00,375.77,-0.0053
KHC-20260921T14012445819,KHC,2026-09-21,2026-09-21T10:24:43.467233-04:00,24.4,0.041
ETHU-20260921T14102369546,ETHU,2026-09-21,2026-09-21T10:24:43.467233-04:00,31.7501,1.0179
IBIT-20260921T14111486460,IBIT,2026-09-21,2026-09-21T10:24:43.467233-04:00,48.53,0.2893
TSLA-20260921T14112514206,TSLA,2026-09-21,2026-09-21T10:24:43.467233-04:00,375.66,-0.0346
KHC-20260921T14012445819,KHC,2026-09-21,2026-09-21T10:24:53.517597-04:00,24.4,0.041
ETHU-20260921T14102369546,ETHU,2026-09-21,2026-09-21T10:24:53.517597-04:00,31.73,0.9539
IBIT-20260921T14111486460,IBIT,2026-09-21,2026-09-21T10:24:53.517597-04:00,48.53,0.2893
TSLA-20260921T14112514206,TSLA,2026-09-21,2026-09-21T10:24:53.517597-04:00,375.57,-0.0585
KHC-20260921T14012445819,KHC,2026-09-21,2026-09-21T10:25:03.555284-04:00,24.4141,0.0988
ETHU-20260921T14102369546,ETHU,2026-09-21,2026-09-21T10:25:03.555284-04:00,31.7405,0.9873
IBIT-20260921T14111486460,IBIT,2026-09-21,2026-09-21T10:25:03.555284-04:00,48.55,0.3306
TSLA-20260921T14112514206,TSLA,2026-09-21,2026-09-21T10:25:03.555284-04:00,375.89,0.0266
KHC-20260921T14012445819,KHC,2026-09-21,2026-09-21T10:25:13.622112-04:00,24.42,0.123
ETHU-20260921T14102369546,ETHU,2026-09-21,2026-09-21T10:25:13.622112-04:00,31.77,1.0812
IBIT-20260921T14111486460,IBIT,2026-09-21,2026-09-21T10:25:13.622112-04:00,48.565,0.3616
TSLA-20260921T14112514206,TSLA,2026-09-21,2026-09-21T10:25:13.622112-04:00,376.0335,0.0648
KHC-20260921T14012445819,KHC,2026-09-21,2026-09-21T10:25:23.662203-04:00,24.42,0.123
ETHU-20260921T14102369546,ETHU,2026-09-21,2026-09-21T10:25:23.662203-04:00,31.74,0.9857
IBIT-20260921T14111486460,IBIT,2026-09-21,2026-09-21T10:25:23.662203-04:00,48.555,0.341
TSLA-20260921T14112514206,TSLA,2026-09-21,2026-09-21T10:25:23.662203-04:00,376.0563,0.0709
KHC-20260921T14012445819,KHC,2026-09-21,2026-09-21T10:25:33.702578-04:00,24.44,0.205
ETHU-20260921T14102369546,ETHU,2026-09-21,2026-09-21T10:25:33.702578-04:00,31.7172,0.9132
IBIT-20260921T14111486460,IBIT,2026-09-21,2026-09-21T10:25:33.702578-04:00,48.525,0.279
TSLA-20260921T14112514206,TSLA,2026-09-21,2026-09-21T10:25:33.702578-04:00,375.96,0.0452
KHC-20260921T14012445819,KHC,2026-09-21,2026-09-21T10:25:43.743694-04:00,24.4351,0.1849
ETHU-20260921T14102369546,ETHU,2026-09-21,2026-09-21T10:25:43.743694-04:00,31.72,0.9221
IBIT-20260921T14111486460,IBIT,2026-09-21,2026-09-21T10:25:43.743694-04:00,48.525,0.279
TSLA-20260921T14112514206,TSLA,2026-09-21,2026-09-21T10:25:43.743694-04:00,375.87,0.0213
KHC-20260921T14012445819,KHC,2026-09-21,2026-09-21T10:25:53.787880-04:00,24.4299,0.1636
ETHU-20260921T14102369546,ETHU,2026-09-21,2026-09-21T10:25:53.787880-04:00,31.72,0.9221
IBIT-20260921T14111486460,IBIT,2026-09-21,2026-09-21T10:25:53.787880-04:00,48.508,0.2439
TSLA-20260921T14112514206,TSLA,2026-09-21,2026-09-21T10:25:53.787880-04:00,375.845,0.0146
KHC-20260921T14012445819,KHC,2026-09-21,2026-09-21T10:26:03.831000-04:00,24.4256,0.146
ETHU-20260921T14102369546,ETHU,2026-09-21,2026-09-21T10:26:03.831000-04:00,31.82,1.2403
IBIT-20260921T14111486460,IBIT,2026-09-21,2026-09-21T10:26:03.831000-04:00,48.56,0.3513
TSLA-20260921T14112514206,TSLA,2026-09-21,2026-09-21T10:26:03.831000-04:00,376.105,0.0838
KHC-20260921T14012445819,KHC,2026-09-21,2026-09-21T10:26:13.874441-04:00,24.43,0.164
ETHU-20260921T14102369546,ETHU,2026-09-21,2026-09-21T10:26:13.874441-04:00,31.795,1.1607
IBIT-20260921T14111486460,IBIT,2026-09-21,2026-09-21T10:26:13.874441-04:00,48.5401,0.3102
TSLA-20260921T14112514206,TSLA,2026-09-21,2026-09-21T10:26:13.874441-04:00,376.17,0.1011
KHC-20260921T14012445819,KHC,2026-09-21,2026-09-21T10:26:23.912910-04:00,24.42,0.123
ETHU-20260921T14102369546,ETHU,2026-09-21,2026-09-21T10:26:23.912910-04:00,31.7605,1.051
IBIT-20260921T14111486460,IBIT,2026-09-21,2026-09-21T10:26:23.912910-04:00,48.52,0.2687
TSLA-20260921T14112514206,TSLA,2026-09-21,2026-09-21T10:26:23.912910-04:00,376.225,0.1158
KHC-20260921T14012445819,KHC,2026-09-21,2026-09-21T10:26:33.954262-04:00,24.425,0.1435
ETHU-20260921T14102369546,ETHU,2026-09-21,2026-09-21T10:26:33.954262-04:00,31.7597,1.0484
IBIT-20260921T14111486460,IBIT,2026-09-21,2026-09-21T10:26:33.954262-04:00,48.52,0.2687
TSLA-20260921T14112514206,TSLA,2026-09-21,2026-09-21T10:26:33.954262-04:00,376.46,0.1783
KHC-20260921T14012445819,KHC,2026-09-21,2026-09-21T10:26:43.992286-04:00,24.42,0.123
ETHU-20260921T14102369546,ETHU,2026-09-21,2026-09-21T10:26:43.992286-04:00,31.75,1.0175
IBIT-20260921T14111486460,IBIT,2026-09-21,2026-09-21T10:26:43.992286-04:00,48.5139,0.256
TSLA-20260921T14112514206,TSLA,2026-09-21,2026-09-21T10:26:43.992286-04:00,375.9338,0.0383
KHC-20260921T14012445819,KHC,2026-09-21,2026-09-21T10:26:54.034157-04:00,24.415,0.1025
ETHU-20260921T14102369546,ETHU,2026-09-21,2026-09-21T10:26:54.034157-04:00,31.7801,1.1133
IBIT-20260921T14111486460,IBIT,2026-09-21,2026-09-21T10:26:54.034157-04:00,48.54,0.31
TSLA-20260921T14112514206,TSLA,2026-09-21,2026-09-21T10:26:54.034157-04:00,376.575,0.2089
KHC-20260921T14012445819,KHC,2026-09-21,2026-09-21T10:27:04.082581-04:00,24.4224,0.1328
ETHU-20260921T14102369546,ETHU,2026-09-21,2026-09-21T10:27:04.082581-04:00,31.7567,1.0389
IBIT-20260921T14111486460,IBIT,2026-09-21,2026-09-21T10:27:04.082581-04:00,48.53,0.2893
TSLA-20260921T14112514206,TSLA,2026-09-21,2026-09-21T10:27:04.082581-04:00,376.58,0.2102
KHC-20260921T14012445819,KHC,2026-09-21,2026-09-21T10:27:14.123663-04:00,24.405,0.0615
ETHU-20260921T14102369546,ETHU,2026-09-21,2026-09-21T10:27:14.123663-04:00,31.7784,1.1079
IBIT-20260921T14111486460,IBIT,2026-09-21,2026-09-21T10:27:14.123663-04:00,48.5501,0.3309
TSLA-20260921T14112514206,TSLA,2026-09-21,2026-09-21T10:27:14.123663-04:00,376.65,0.2289
KHC-20260921T14012445819,KHC,2026-09-21,2026-09-21T10:27:24.174114-04:00,24.405,0.0615
ETHU-20260921T14102369546,ETHU,2026-09-21,2026-09-21T10:27:24.174114-04:00,31.78,1.113
IBIT-20260921T14111486460,IBIT,2026-09-21,2026-09-21T10:27:24.174114-04:00,48.575,0.3823
TSLA-20260921T14112514206,TSLA,2026-09-21,2026-09-21T10:27:24.174114-04:00,377.155,0.3632
KHC-20260921T14012445819,KHC,2026-09-21,2026-09-21T10:27:34.218381-04:00,24.418,0.1148
ETHU-20260921T14102369546,ETHU,2026-09-21,2026-09-21T10:27:34.218381-04:00,31.77,1.0812
IBIT-20260921T14111486460,IBIT,2026-09-21,2026-09-21T10:27:34.218381-04:00,48.56,0.3513
TSLA-20260921T14112514206,TSLA,2026-09-21,2026-09-21T10:27:34.218381-04:00,377.02,0.3273
KHC-20260921T14012445819,KHC,2026-09-21,2026-09-21T10:27:44.258522-04:00,24.405,0.0615
ETHU-20260921T14102369546,ETHU,2026-09-21,2026-09-21T10:27:44.258522-04:00,31.77,1.0812
IBIT-20260921T14111486460,IBIT,2026-09-21,2026-09-21T10:27:44.258522-04:00,48.57,0.372
TSLA-20260921T14112514206,TSLA,2026-09-21,2026-09-21T10:27:44.258522-04:00,376.8808,0.2903
KHC-20260921T14012445819,KHC,2026-09-21,2026-09-21T10:27:54.310940-04:00,24.405,0.0615
ETHU-20260921T14102369546,ETHU,2026-09-21,2026-09-21T10:27:54.310940-04:00,31.76,1.0494
IBIT-20260921T14111486460,IBIT,2026-09-21,2026-09-21T10:27:54.310940-04:00,48.5699,0.3718
TSLA-20260921T14112514206,TSLA,2026-09-21,2026-09-21T10:27:54.310940-04:00,377.1799,0.3699
KHC-20260921T14012445819,KHC,2026-09-21,2026-09-21T10:28:04.350199-04:00,24.405,0.0615
ETHU-20260921T14102369546,ETHU,2026-09-21,2026-09-21T10:28:04.350199-04:00,31.76,1.0494
IBIT-20260921T14111486460,IBIT,2026-09-21,2026-09-21T10:28:04.350199-04:00,48.575,0.3823
TSLA-20260921T14112514206,TSLA,2026-09-21,2026-09-21T10:28:04.350199-04:00,377.445,0.4404
KHC-20260921T14012445819,KHC,2026-09-21,2026-09-21T10:28:14.393428-04:00,24.405,0.0615
ETHU-20260921T14102369546,ETHU,2026-09-21,2026-09-21T10:28:14.393428-04:00,31.765,1.0653
IBIT-20260921T14111486460,IBIT,2026-09-21,2026-09-21T10:28:14.393428-04:00,48.58,0.3926
TSLA-20260921T14112514206,TSLA,2026-09-21,2026-09-21T10:28:14.393428-04:00,377.335,0.4111
KHC-20260921T14012445819,KHC,2026-09-21,2026-09-21T10:28:24.436138-04:00,24.405,0.0615
ETHU-20260921T14102369546,ETHU,2026-09-21,2026-09-21T10:28:24.436138-04:00,31.76,1.0494
IBIT-20260921T14111486460,IBIT,2026-09-21,2026-09-21T10:28:24.436138-04:00,48.585,0.403
TSLA-20260921T14112514206,TSLA,2026-09-21,2026-09-21T10:28:24.436138-04:00,377.36,0.4178
KHC-20260921T14012445819,KHC,2026-09-21,2026-09-21T10:28:34.475769-04:00,24.415,0.1025
ETHU-20260921T14102369546,ETHU,2026-09-21,2026-09-21T10:28:34.475769-04:00,31.75,1.0175
IBIT-20260921T14111486460,IBIT,2026-09-21,2026-09-21T10:28:34.475769-04:00,48.585,0.403
TSLA-20260921T14112514206,TSLA,2026-09-21,2026-09-21T10:28:34.475769-04:00,377.44,0.4391
KHC-20260921T14012445819,KHC,2026-09-21,2026-09-21T10:28:44.514142-04:00,24.41,0.082
ETHU-20260921T14102369546,ETHU,2026-09-21,2026-09-21T10:28:44.514142-04:00,31.74,0.9857
IBIT-20260921T14111486460,IBIT,2026-09-21,2026-09-21T10:28:44.514142-04:00,48.57,0.372
TSLA-20260921T14112514206,TSLA,2026-09-21,2026-09-21T10:28:44.514142-04:00,377.56,0.471
KHC-20260921T14012445819,KHC,2026-09-21,2026-09-21T10:28:54.564158-04:00,24.408,0.0738
ETHU-20260921T14102369546,ETHU,2026-09-21,2026-09-21T10:28:54.564158-04:00,31.715,0.9062
IBIT-20260921T14111486460,IBIT,2026-09-21,2026-09-21T10:28:54.564158-04:00,48.555,0.341
TSLA-20260921T14112514206,TSLA,2026-09-21,2026-09-21T10:28:54.564158-04:00,377.5,0.455
KHC-20260921T14012445819,KHC,2026-09-21,2026-09-21T10:29:04.604751-04:00,24.41,0.082
ETHU-20260921T14102369546,ETHU,2026-09-21,2026-09-21T10:29:04.604751-04:00,31.715,0.9062
IBIT-20260921T14111486460,IBIT,2026-09-21,2026-09-21T10:29:04.604751-04:00,48.57,0.372
TSLA-20260921T14112514206,TSLA,2026-09-21,2026-09-21T10:29:04.604751-04:00,377.56,0.471
KHC-20260921T14012445819,KHC,2026-09-21,2026-09-21T10:29:14.646363-04:00,24.405,0.0615
ETHU-20260921T14102369546,ETHU,2026-09-21,2026-09-21T10:29:14.646363-04:00,31.73,0.9539
IBIT-20260921T14111486460,IBIT,2026-09-21,2026-09-21T10:29:14.646363-04:00,48.575,0.3823
TSLA-20260921T14112514206,TSLA,2026-09-21,2026-09-21T10:29:14.646363-04:00,377.45,0.4417
KHC-20260921T14012445819,KHC,2026-09-21,2026-09-21T10:29:24.683808-04:00,24.405,0.0615
ETHU-20260921T14102369546,ETHU,2026-09-21,2026-09-21T10:29:24.683808-04:00,31.72,0.9221
IBIT-20260921T14111486460,IBIT,2026-09-21,2026-09-21T10:29:24.683808-04:00,48.57,0.372
TSLA-20260921T14112514206,TSLA,2026-09-21,2026-09-21T10:29:24.683808-04:00,377.445,0.4404
KHC-20260921T14012445819,KHC,2026-09-21,2026-09-21T10:29:34.722049-04:00,24.4099,0.0816
ETHU-20260921T14102369546,ETHU,2026-09-21,2026-09-21T10:29:34.722049-04:00,31.7,0.8585
IBIT-20260921T14111486460,IBIT,2026-09-21,2026-09-21T10:29:34.722049-04:00,48.555,0.341
TSLA-20260921T14112514206,TSLA,2026-09-21,2026-09-21T10:29:34.722049-04:00,377.4451,0.4404
KHC-20260921T14012445819,KHC,2026-09-21,2026-09-21T10:29:44.761420-04:00,24.405,0.0615
ETHU-20260921T14102369546,ETHU,2026-09-21,2026-09-21T10:29:44.761420-04:00,31.695,0.8426
IBIT-20260921T14111486460,IBIT,2026-09-21,2026-09-21T10:29:44.761420-04:00,48.555,0.341
TSLA-20260921T14112514206,TSLA,2026-09-21,2026-09-21T10:29:44.761420-04:00,377.204,0.3763
KHC-20260921T14012445819,KHC,2026-09-21,2026-09-21T10:29:54.800371-04:00,24.385,-0.0205
ETHU-20260921T14102369546,ETHU,2026-09-21,2026-09-21T10:29:54.800371-04:00,31.69,0.8266
IBIT-20260921T14111486460,IBIT,2026-09-21,2026-09-21T10:29:54.800371-04:00,48.555,0.341
TSLA-20260921T14112514206,TSLA,2026-09-21,2026-09-21T10:29:54.800371-04:00,377.3962,0.4274
KHC-20260921T14012445819,KHC,2026-09-21,2026-09-21T10:30:04.837531-04:00,24.38,-0.041
ETHU-20260921T14102369546,ETHU,2026-09-21,2026-09-21T10:30:04.837531-04:00,31.68,0.7948
IBIT-20260921T14111486460,IBIT,2026-09-21,2026-09-21T10:30:04.837531-04:00,48.5583,0.3478
TSLA-20260921T14112514206,TSLA,2026-09-21,2026-09-21T10:30:04.837531-04:00,377.195,0.3739
KHC-20260921T14012445819,KHC,2026-09-21,2026-09-21T10:30:14.921138-04:00,24.38,-0.041
ETHU-20260921T14102369546,ETHU,2026-09-21,2026-09-21T10:30:14.921138-04:00,31.675,0.7789
IBIT-20260921T14111486460,IBIT,2026-09-21,2026-09-21T10:30:14.921138-04:00,48.55,0.3306
TSLA-20260921T14112514206,TSLA,2026-09-21,2026-09-21T10:30:14.921138-04:00,377.58,0.4763
KHC-20260921T14012445819,KHC,2026-09-21,2026-09-21T10:30:24.959932-04:00,24.36,-0.123
ETHU-20260921T14102369546,ETHU,2026-09-21,2026-09-21T10:30:24.959932-04:00,31.655,0.7153
IBIT-20260921T14111486460,IBIT,2026-09-21,2026-09-21T10:30:24.959932-04:00,48.5188,0.2662
TSLA-20260921T14112514206,TSLA,2026-09-21,2026-09-21T10:30:24.959932-04:00,377.488,0.4518
KHC-20260921T14012445819,KHC,2026-09-21,2026-09-21T10:30:35.011550-04:00,24.3683,-0.089
ETHU-20260921T14102369546,ETHU,2026-09-21,2026-09-21T10:30:35.011550-04:00,31.62,0.6039
IBIT-20260921T14111486460,IBIT,2026-09-21,2026-09-21T10:30:35.011550-04:00,48.52,0.2687
TSLA-20260921T14112514206,TSLA,2026-09-21,2026-09-21T10:30:35.011550-04:00,377.415,0.4324
KHC-20260921T14012445819,KHC,2026-09-21,2026-09-21T10:30:45.120837-04:00,24.3877,-0.0094
ETHU-20260921T14102369546,ETHU,2026-09-21,2026-09-21T10:30:45.120837-04:00,31.595,0.5244
IBIT-20260921T14111486460,IBIT,2026-09-21,2026-09-21T10:30:45.120837-04:00,48.49,0.2067
TSLA-20260921T14112514206,TSLA,2026-09-21,2026-09-21T10:30:45.120837-04:00,377.4188,0.4334
KHC-20260921T14012445819,KHC,2026-09-21,2026-09-21T10:30:55.165011-04:00,24.355,-0.1435
ETHU-20260921T14102369546,ETHU,2026-09-21,2026-09-21T10:30:55.165011-04:00,31.62,0.6039
IBIT-20260921T14111486460,IBIT,2026-09-21,2026-09-21T10:30:55.165011-04:00,48.5014,0.2302
TSLA-20260921T14112514206,TSLA,2026-09-21,2026-09-21T10:30:55.165011-04:00,377.6,0.4817
KHC-20260921T14012445819,KHC,2026-09-21,2026-09-21T10:31:05.206230-04:00,24.355,-0.1435
ETHU-20260921T14102369546,ETHU,2026-09-21,2026-09-21T10:31:05.206230-04:00,31.665,0.7471
IBIT-20260921T14111486460,IBIT,2026-09-21,2026-09-21T10:31:05.206230-04:00,48.505,0.2377
TSLA-20260921T14112514206,TSLA,2026-09-21,2026-09-21T10:31:05.206230-04:00,377.83,0.5429
ETHU-20260921T14102369546,ETHU,2026-09-21,2026-09-21T10:31:15.611993-04:00,31.6601,0.7315
IBIT-20260921T14111486460,IBIT,2026-09-21,2026-09-21T10:31:15.611993-04:00,48.525,0.279
TSLA-20260921T14112514206,TSLA,2026-09-21,2026-09-21T10:31:15.611993-04:00,377.6725,0.5009
ETHU-20260921T14102369546,ETHU,2026-09-21,2026-09-21T10:31:25.666206-04:00,31.64,0.6676
IBIT-20260921T14111486460,IBIT,2026-09-21,2026-09-21T10:31:25.666206-04:00,48.51,0.248
TSLA-20260921T14112514206,TSLA,2026-09-21,2026-09-21T10:31:25.666206-04:00,377.4,0.4284
ETHU-20260921T14102369546,ETHU,2026-09-21,2026-09-21T10:31:35.711722-04:00,31.67,0.763
IBIT-20260921T14111486460,IBIT,2026-09-21,2026-09-21T10:31:35.711722-04:00,48.54,0.31
TSLA-20260921T14112514206,TSLA,2026-09-21,2026-09-21T10:31:35.711722-04:00,377.56,0.471
ETHU-20260921T14102369546,ETHU,2026-09-21,2026-09-21T10:31:45.749437-04:00,31.685,0.8107
IBIT-20260921T14111486460,IBIT,2026-09-21,2026-09-21T10:31:45.749437-04:00,48.55,0.3306
TSLA-20260921T14112514206,TSLA,2026-09-21,2026-09-21T10:31:45.749437-04:00,377.74,0.5189
ETHU-20260921T14102369546,ETHU,2026-09-21,2026-09-21T10:31:55.793606-04:00,31.67,0.763
IBIT-20260921T14111486460,IBIT,2026-09-21,2026-09-21T10:31:55.793606-04:00,48.54,0.31
TSLA-20260921T14112514206,TSLA,2026-09-21,2026-09-21T10:31:55.793606-04:00,377.8801,0.5562
ETHU-20260921T14102369546,ETHU,2026-09-21,2026-09-21T10:32:05.842600-04:00,31.68,0.7948
IBIT-20260921T14111486460,IBIT,2026-09-21,2026-09-21T10:32:05.842600-04:00,48.535,0.2996
TSLA-20260921T14112514206,TSLA,2026-09-21,2026-09-21T10:32:05.842600-04:00,377.95,0.5748
ETHU-20260921T14102369546,ETHU,2026-09-21,2026-09-21T10:32:15.884656-04:00,31.7,0.8585
IBIT-20260921T14111486460,IBIT,2026-09-21,2026-09-21T10:32:15.884656-04:00,48.56,0.3513
TSLA-20260921T14112514206,TSLA,2026-09-21,2026-09-21T10:32:15.884656-04:00,377.87,0.5535
ETHU-20260921T14102369546,ETHU,2026-09-21,2026-09-21T10:32:25.925564-04:00,31.725,0.938
IBIT-20260921T14111486460,IBIT,2026-09-21,2026-09-21T10:32:25.925564-04:00,48.57,0.372
TSLA-20260921T14112514206,TSLA,2026-09-21,2026-09-21T10:32:25.925564-04:00,378.255,0.656
ETHU-20260921T14102369546,ETHU,2026-09-21,2026-09-21T10:32:35.966756-04:00,31.71,0.8903
IBIT-20260921T14111486460,IBIT,2026-09-21,2026-09-21T10:32:35.966756-04:00,48.55,0.3306
TSLA-20260921T14112514206,TSLA,2026-09-21,2026-09-21T10:32:35.966756-04:00,378.01,0.5908
ETHU-20260921T14102369546,ETHU,2026-09-21,2026-09-21T10:32:46.008481-04:00,31.74,0.9857
IBIT-20260921T14111486460,IBIT,2026-09-21,2026-09-21T10:32:46.008481-04:00,48.58,0.3926
TSLA-20260921T14112514206,TSLA,2026-09-21,2026-09-21T10:32:46.008481-04:00,378.05,0.6014
ETHU-20260921T14102369546,ETHU,2026-09-21,2026-09-21T10:32:56.047661-04:00,31.755,1.0335
IBIT-20260921T14111486460,IBIT,2026-09-21,2026-09-21T10:32:56.047661-04:00,48.585,0.403
TSLA-20260921T14112514206,TSLA,2026-09-21,2026-09-21T10:32:56.047661-04:00,377.88,0.5562
ETHU-20260921T14102369546,ETHU,2026-09-21,2026-09-21T10:33:06.096575-04:00,31.77,1.0812
IBIT-20260921T14111486460,IBIT,2026-09-21,2026-09-21T10:33:06.096575-04:00,48.6016,0.4373
TSLA-20260921T14112514206,TSLA,2026-09-21,2026-09-21T10:33:06.096575-04:00,377.9265,0.5685
ETHU-20260921T14102369546,ETHU,2026-09-21,2026-09-21T10:33:16.140568-04:00,31.7699,1.0809
IBIT-20260921T14111486460,IBIT,2026-09-21,2026-09-21T10:33:16.140568-04:00,48.6101,0.4548
TSLA-20260921T14112514206,TSLA,2026-09-21,2026-09-21T10:33:16.140568-04:00,377.77,0.5269
ETHU-20260921T14102369546,ETHU,2026-09-21,2026-09-21T10:33:26.186901-04:00,31.8,1.1766
IBIT-20260921T14111486460,IBIT,2026-09-21,2026-09-21T10:33:26.186901-04:00,48.6529,0.5433
TSLA-20260921T14112514206,TSLA,2026-09-21,2026-09-21T10:33:26.186901-04:00,377.8794,0.556
ETHU-20260921T14102369546,ETHU,2026-09-21,2026-09-21T10:33:36.231542-04:00,31.82,1.2403
IBIT-20260921T14111486460,IBIT,2026-09-21,2026-09-21T10:33:36.231542-04:00,48.685,0.6096
TSLA-20260921T14112514206,TSLA,2026-09-21,2026-09-21T10:33:36.231542-04:00,377.725,0.5149
ETHU-20260921T14102369546,ETHU,2026-09-21,2026-09-21T10:33:46.272769-04:00,31.79,1.1448
IBIT-20260921T14111486460,IBIT,2026-09-21,2026-09-21T10:33:46.272769-04:00,48.6605,0.559
TSLA-20260921T14112514206,TSLA,2026-09-21,2026-09-21T10:33:46.272769-04:00,377.82,0.5402
ETHU-20260921T14102369546,ETHU,2026-09-21,2026-09-21T10:33:56.340205-04:00,31.83,1.2721
IBIT-20260921T14111486460,IBIT,2026-09-21,2026-09-21T10:33:56.340205-04:00,48.685,0.6096
TSLA-20260921T14112514206,TSLA,2026-09-21,2026-09-21T10:33:56.340205-04:00,377.7601,0.5243
ETHU-20260921T14102369546,ETHU,2026-09-21,2026-09-21T10:34:06.379948-04:00,31.81,1.2084
IBIT-20260921T14111486460,IBIT,2026-09-21,2026-09-21T10:34:06.379948-04:00,48.665,0.5683
TSLA-20260921T14112514206,TSLA,2026-09-21,2026-09-21T10:34:06.379948-04:00,377.59,0.479
ETHU-20260921T14102369546,ETHU,2026-09-21,2026-09-21T10:34:16.431802-04:00,31.83,1.2721
IBIT-20260921T14111486460,IBIT,2026-09-21,2026-09-21T10:34:16.431802-04:00,48.685,0.6096
TSLA-20260921T14112514206,TSLA,2026-09-21,2026-09-21T10:34:16.431802-04:00,377.4858,0.4513
ETHU-20260921T14102369546,ETHU,2026-09-21,2026-09-21T10:34:26.478786-04:00,31.84,1.3039
IBIT-20260921T14111486460,IBIT,2026-09-21,2026-09-21T10:34:26.478786-04:00,48.705,0.651
TSLA-20260921T14112514206,TSLA,2026-09-21,2026-09-21T10:34:26.478786-04:00,377.5,0.455
ETHU-20260921T14102369546,ETHU,2026-09-21,2026-09-21T10:34:36.516433-04:00,31.84,1.3039
IBIT-20260921T14111486460,IBIT,2026-09-21,2026-09-21T10:34:36.516433-04:00,48.6996,0.6398
TSLA-20260921T14112514206,TSLA,2026-09-21,2026-09-21T10:34:36.516433-04:00,377.39,0.4258
ETHU-20260921T14102369546,ETHU,2026-09-21,2026-09-21T10:34:46.561351-04:00,31.84,1.3039
IBIT-20260921T14111486460,IBIT,2026-09-21,2026-09-21T10:34:46.561351-04:00,48.7051,0.6512
TSLA-20260921T14112514206,TSLA,2026-09-21,2026-09-21T10:34:46.561351-04:00,377.2301,0.3832
ETHU-20260921T14102369546,ETHU,2026-09-21,2026-09-21T10:34:56.599911-04:00,31.865,1.3834
IBIT-20260921T14111486460,IBIT,2026-09-21,2026-09-21T10:34:56.599911-04:00,48.719,0.6799
TSLA-20260921T14112514206,TSLA,2026-09-21,2026-09-21T10:34:56.599911-04:00,377.11,0.3513
ETHU-20260921T14102369546,ETHU,2026-09-21,2026-09-21T10:35:06.636425-04:00,31.855,1.3516
IBIT-20260921T14111486460,IBIT,2026-09-21,2026-09-21T10:35:06.636425-04:00,48.71,0.6613
TSLA-20260921T14112514206,TSLA,2026-09-21,2026-09-21T10:35:06.636425-04:00,377.2401,0.3859
ETHU-20260921T14102369546,ETHU,2026-09-21,2026-09-21T10:35:17.174722-04:00,31.87,1.3993
IBIT-20260921T14111486460,IBIT,2026-09-21,2026-09-21T10:35:17.174722-04:00,48.7055,0.652
TSLA-20260921T14112514206,TSLA,2026-09-21,2026-09-21T10:35:17.174722-04:00,377.34,0.4125
ETHU-20260921T14102369546,ETHU,2026-09-21,2026-09-21T10:35:27.233469-04:00,31.86,1.3675
IBIT-20260921T14111486460,IBIT,2026-09-21,2026-09-21T10:35:27.233469-04:00,48.6877,0.6152
TSLA-20260921T14112514206,TSLA,2026-09-21,2026-09-21T10:35:27.233469-04:00,376.99,0.3193
ETHU-20260921T14102369546,ETHU,2026-09-21,2026-09-21T10:35:37.272583-04:00,31.82,1.2403
IBIT-20260921T14111486460,IBIT,2026-09-21,2026-09-21T10:35:37.272583-04:00,48.685,0.6096
TSLA-20260921T14112514206,TSLA,2026-09-21,2026-09-21T10:35:37.272583-04:00,376.535,0.1982
ETHU-20260921T14102369546,ETHU,2026-09-21,2026-09-21T10:35:47.309658-04:00,31.86,1.3675
IBIT-20260921T14111486460,IBIT,2026-09-21,2026-09-21T10:35:47.309658-04:00,48.695,0.6303
TSLA-20260921T14112514206,TSLA,2026-09-21,2026-09-21T10:35:47.309658-04:00,376.34,0.1464
ETHU-20260921T14102369546,ETHU,2026-09-21,2026-09-21T10:35:57.349829-04:00,31.87,1.3993
IBIT-20260921T14111486460,IBIT,2026-09-21,2026-09-21T10:35:57.349829-04:00,48.698,0.6365
TSLA-20260921T14112514206,TSLA,2026-09-21,2026-09-21T10:35:57.349829-04:00,376.2001,0.1091
ETHU-20260921T14102369546,ETHU,2026-09-21,2026-09-21T10:36:07.385547-04:00,31.89,1.463
IBIT-20260921T14111486460,IBIT,2026-09-21,2026-09-21T10:36:07.385547-04:00,48.685,0.6096
TSLA-20260921T14112514206,TSLA,2026-09-21,2026-09-21T10:36:07.385547-04:00,375.99,0.0532
ETHU-20260921T14102369546,ETHU,2026-09-21,2026-09-21T10:36:17.425915-04:00,31.895,1.4789
IBIT-20260921T14111486460,IBIT,2026-09-21,2026-09-21T10:36:17.425915-04:00,48.705,0.651
TSLA-20260921T14112514206,TSLA,2026-09-21,2026-09-21T10:36:17.425915-04:00,376.085,0.0785
ETHU-20260921T14102369546,ETHU,2026-09-21,2026-09-21T10:36:27.462610-04:00,31.95,1.6539
IBIT-20260921T14111486460,IBIT,2026-09-21,2026-09-21T10:36:27.462610-04:00,48.715,0.6716
TSLA-20260921T14112514206,TSLA,2026-09-21,2026-09-21T10:36:27.462610-04:00,376.07,0.0745
ETHU-20260921T14102369546,ETHU,2026-09-21,2026-09-21T10:36:37.498040-04:00,31.94,1.6221
IBIT-20260921T14111486460,IBIT,2026-09-21,2026-09-21T10:36:37.498040-04:00,48.72,0.682
TSLA-20260921T14112514206,TSLA,2026-09-21,2026-09-21T10:36:37.498040-04:00,375.87,0.0213
ETHU-20260921T14102369546,ETHU,2026-09-21,2026-09-21T10:36:47.534066-04:00,31.94,1.6221
IBIT-20260921T14111486460,IBIT,2026-09-21,2026-09-21T10:36:47.534066-04:00,48.7,0.6406
TSLA-20260921T14112514206,TSLA,2026-09-21,2026-09-21T10:36:47.534066-04:00,375.75,-0.0106
ETHU-20260921T14102369546,ETHU,2026-09-21,2026-09-21T10:36:57.570733-04:00,31.94,1.6221
IBIT-20260921T14111486460,IBIT,2026-09-21,2026-09-21T10:36:57.570733-04:00,48.7138,0.6691
TSLA-20260921T14112514206,TSLA,2026-09-21,2026-09-21T10:36:57.570733-04:00,375.7,-0.0239
ETHU-20260921T14102369546,ETHU,2026-09-21,2026-09-21T10:37:07.608604-04:00,31.85,1.3357
IBIT-20260921T14111486460,IBIT,2026-09-21,2026-09-21T10:37:07.608604-04:00,48.675,0.589
TSLA-20260921T14112514206,TSLA,2026-09-21,2026-09-21T10:37:07.608604-04:00,376.04,0.0665
IBIT-20260921T14111486460,IBIT,2026-09-21,2026-09-21T10:37:17.934822-04:00,48.695,0.6303
IBIT-20260921T14111486460,IBIT,2026-09-21,2026-09-21T10:37:27.985819-04:00,48.715,0.6716
IBIT-20260921T14111486460,IBIT,2026-09-21,2026-09-21T10:37:38.021699-04:00,48.705,0.651
IBIT-20260921T14111486460,IBIT,2026-09-21,2026-09-21T10:37:48.058898-04:00,48.715,0.6716
IBIT-20260921T14111486460,IBIT,2026-09-21,2026-09-21T10:37:58.116261-04:00,48.713,0.6675
IBIT-20260921T14111486460,IBIT,2026-09-21,2026-09-21T10:38:08.151417-04:00,48.7199,0.6818
IBIT-20260921T14111486460,IBIT,2026-09-21,2026-09-21T10:38:18.195489-04:00,48.71,0.6613
IBIT-20260921T14111486460,IBIT,2026-09-21,2026-09-21T10:38:28.232470-04:00,48.6948,0.6299
IBIT-20260921T14111486460,IBIT,2026-09-21,2026-09-21T10:38:38.275982-04:00,48.7017,0.6441
IBIT-20260921T14111486460,IBIT,2026-09-21,2026-09-21T10:38:48.315453-04:00,48.6799,0.5991
IBIT-20260921T14111486460,IBIT,2026-09-21,2026-09-21T10:38:58.373303-04:00,48.665,0.5683
IBIT-20260921T14111486460,IBIT,2026-09-21,2026-09-21T10:39:08.410891-04:00,48.64,0.5166
IBIT-20260921T14111486460,IBIT,2026-09-21,2026-09-21T10:39:18.450854-04:00,48.639,0.5146
IBIT-20260921T14111486460,IBIT,2026-09-21,2026-09-21T10:39:28.487444-04:00,48.6033,0.4408
IBIT-20260921T14111486460,IBIT,2026-09-21,2026-09-21T10:39:38.524597-04:00,48.602,0.4381
IBIT-20260921T14111486460,IBIT,2026-09-21,2026-09-21T10:39:48.564522-04:00,48.6,0.434
IBIT-20260921T14111486460,IBIT,2026-09-21,2026-09-21T10:39:58.597918-04:00,48.6122,0.4592
IBIT-20260921T14111486460,IBIT,2026-09-21,2026-09-21T10:40:08.655599-04:00,48.56,0.3513
IBIT-20260921T14111486460,IBIT,2026-09-21,2026-09-21T10:40:18.696989-04:00,48.495,0.217
IBIT-20260921T14111486460,IBIT,2026-09-21,2026-09-21T10:40:28.742159-04:00,48.4901,0.2069
IBIT-20260921T14111486460,IBIT,2026-09-21,2026-09-21T10:40:38.778509-04:00,48.5132,0.2546
IBIT-20260921T14111486460,IBIT,2026-09-21,2026-09-21T10:40:48.821822-04:00,48.5223,0.2734
IBIT-20260921T14111486460,IBIT,2026-09-21,2026-09-21T10:40:58.860344-04:00,48.525,0.279
IBIT-20260921T14111486460,IBIT,2026-09-21,2026-09-21T10:41:08.902937-04:00,48.575,0.3823
IBIT-20260921T14111486460,IBIT,2026-09-21,2026-09-21T10:41:18.955773-04:00,48.585,0.403
IBIT-20260921T14111486460,IBIT,2026-09-21,2026-09-21T10:41:28.990837-04:00,48.5876,0.4083
IBIT-20260921T14111486460,IBIT,2026-09-21,2026-09-21T10:41:39.034247-04:00,48.6086,0.4517
IBIT-20260921T14111486460,IBIT,2026-09-21,2026-09-21T10:41:49.070185-04:00,48.6019,0.4379
IBIT-20260921T14111486460,IBIT,2026-09-21,2026-09-21T10:41:59.102988-04:00,48.63,0.496
IBIT-20260921T14111486460,IBIT,2026-09-21,2026-09-21T10:42:09.141630-04:00,48.61,0.4546
IBIT-20260921T14111486460,IBIT,2026-09-21,2026-09-21T10:42:19.237114-04:00,48.625,0.4856
IBIT-20260921T14111486460,IBIT,2026-09-21,2026-09-21T10:42:29.366475-04:00,48.6217,0.4788
IBIT-20260921T14111486460,IBIT,2026-09-21,2026-09-21T10:42:39.405360-04:00,48.625,0.4856
IBIT-20260921T14111486460,IBIT,2026-09-21,2026-09-21T10:42:49.456337-04:00,48.6043,0.4429
IBIT-20260921T14111486460,IBIT,2026-09-21,2026-09-21T10:42:59.494206-04:00,48.619,0.4732
IBIT-20260921T14111486460,IBIT,2026-09-21,2026-09-21T10:43:09.533104-04:00,48.62,0.4753
IBIT-20260921T14111486460,IBIT,2026-09-21,2026-09-21T10:43:19.579807-04:00,48.595,0.4236
IBIT-20260921T14111486460,IBIT,2026-09-21,2026-09-21T10:43:29.618906-04:00,48.605,0.4443
IBIT-20260921T14111486460,IBIT,2026-09-21,2026-09-21T10:43:39.656187-04:00,48.5901,0.4135
IBIT-20260921T14111486460,IBIT,2026-09-21,2026-09-21T10:43:49.695892-04:00,48.6081,0.4507
IBIT-20260921T14111486460,IBIT,2026-09-21,2026-09-21T10:43:59.778674-04:00,48.5723,0.3767
IBIT-20260921T14111486460,IBIT,2026-09-21,2026-09-21T10:44:09.817385-04:00,48.58,0.3926
IBIT-20260921T14111486460,IBIT,2026-09-21,2026-09-21T10:44:19.855797-04:00,48.5749,0.3821
IBIT-20260921T14111486460,IBIT,2026-09-21,2026-09-21T10:44:29.891467-04:00,48.605,0.4443
IBIT-20260921T14111486460,IBIT,2026-09-21,2026-09-21T10:44:39.937393-04:00,48.605,0.4443
IBIT-20260921T14111486460,IBIT,2026-09-21,2026-09-21T10:44:49.975024-04:00,48.595,0.4236
IBIT-20260921T14111486460,IBIT,2026-09-21,2026-09-21T10:45:00.025450-04:00,48.605,0.4443
IBIT-20260921T14111486460,IBIT,2026-09-21,2026-09-21T10:45:10.099351-04:00,48.5999,0.4338
IBIT-20260921T14111486460,IBIT,2026-09-21,2026-09-21T10:45:20.140523-04:00,48.575,0.3823
IBIT-20260921T14111486460,IBIT,2026-09-21,2026-09-21T10:45:30.177897-04:00,48.595,0.4236
IBIT-20260921T14111486460,IBIT,2026-09-21,2026-09-21T10:45:40.238975-04:00,48.565,0.3616
IBIT-20260921T14111486460,IBIT,2026-09-21,2026-09-21T10:45:50.276938-04:00,48.56,0.3513
IBIT-20260921T14111486460,IBIT,2026-09-21,2026-09-21T10:46:00.324791-04:00,48.5584,0.348
