trade_id,symbol,date,timestamp,price,gain_pct
RBLX-20261007T13331219275,RBLX,2026-10-07,2026-10-07T09:33:37.802633-04:00,45.48,-0.2632
TTMI-20261007T13331226623,TTMI,2026-10-07,2026-10-07T09:33:37.802633-04:00,129.17,0.1395
TTMI-20261007T13331226623,TTMI,2026-10-07,2026-10-07T09:33:42.007273-04:00,128.9657,-0.0188
TTMI-20261007T13331226623,TTMI,2026-10-07,2026-10-07T09:33:45.881559-04:00,129.12,0.1008
TTMI-20261007T13331226623,TTMI,2026-10-07,2026-10-07T09:33:49.807558-04:00,129.35,0.2791
TTMI-20261007T13331226623,TTMI,2026-10-07,2026-10-07T09:33:53.547950-04:00,129.12,0.1008
TTMI-20261007T13331226623,TTMI,2026-10-07,2026-10-07T09:33:57.629781-04:00,129.345,0.2752
TTMI-20261007T13331226623,TTMI,2026-10-07,2026-10-07T09:34:01.536535-04:00,128.943,-0.0364
TTMI-20261007T13331226623,TTMI,2026-10-07,2026-10-07T09:34:05.279521-04:00,129.0468,0.044
TTMI-20261007T13331226623,TTMI,2026-10-07,2026-10-07T09:34:09.138593-04:00,129.1,0.0853
TTMI-20261007T13331226623,TTMI,2026-10-07,2026-10-07T09:34:12.892669-04:00,129.174,0.1426
TTMI-20261007T13331226623,TTMI,2026-10-07,2026-10-07T09:34:16.586003-04:00,129.0,0.0078
TTMI-20261007T13331226623,TTMI,2026-10-07,2026-10-07T09:34:20.241319-04:00,129.04,0.0388
TTMI-20261007T13331226623,TTMI,2026-10-07,2026-10-07T09:34:23.799707-04:00,129.2896,0.2323
TTMI-20261007T13331226623,TTMI,2026-10-07,2026-10-07T09:34:27.387859-04:00,129.15,0.124
TTMI-20261007T13331226623,TTMI,2026-10-07,2026-10-07T09:34:30.969124-04:00,129.15,0.124
TTMI-20261007T13331226623,TTMI,2026-10-07,2026-10-07T09:34:34.373956-04:00,129.0522,0.0482
TTMI-20261007T13331226623,TTMI,2026-10-07,2026-10-07T09:34:37.956438-04:00,129.12,0.1008
TTMI-20261007T13331226623,TTMI,2026-10-07,2026-10-07T09:34:41.503590-04:00,129.115,0.0969
TTMI-20261007T13331226623,TTMI,2026-10-07,2026-10-07T09:34:45.085569-04:00,129.115,0.0969
TTMI-20261007T13331226623,TTMI,2026-10-07,2026-10-07T09:34:48.673729-04:00,129.43,0.3411
TTMI-20261007T13331226623,TTMI,2026-10-07,2026-10-07T09:34:52.182844-04:00,129.115,0.0969
TTMI-20261007T13331226623,TTMI,2026-10-07,2026-10-07T09:34:55.690129-04:00,129.1025,0.0872
TTMI-20261007T13331226623,TTMI,2026-10-07,2026-10-07T09:34:59.160504-04:00,128.91,-0.062
TTMI-20261007T13331226623,TTMI,2026-10-07,2026-10-07T09:35:02.614572-04:00,128.9,-0.0698
TTMI-20261007T13331226623,TTMI,2026-10-07,2026-10-07T09:35:07.164003-04:00,129.0675,0.0601
TTMI-20261007T13331226623,TTMI,2026-10-07,2026-10-07T09:35:11.491781-04:00,129.31,0.2481
TTMI-20261007T13331226623,TTMI,2026-10-07,2026-10-07T09:35:15.590364-04:00,129.4,0.3179
U-20261007T13350386646,U,2026-10-07,2026-10-07T09:35:15.590364-04:00,45.755,-0.1132
FPS-20261007T13350401204,FPS,2026-10-07,2026-10-07T09:35:15.590364-04:00,40.2428,-0.5614
MTSI-20261007T13350415928,MTSI,2026-10-07,2026-10-07T09:35:15.590364-04:00,341.44,-0.1497
TTMI-20261007T13331226623,TTMI,2026-10-07,2026-10-07T09:35:19.695583-04:00,129.59,0.4652
U-20261007T13350386646,U,2026-10-07,2026-10-07T09:35:19.695583-04:00,45.4194,-0.8458
FPS-20261007T13350401204,FPS,2026-10-07,2026-10-07T09:35:19.695583-04:00,40.635,0.4077
MTSI-20261007T13350415928,MTSI,2026-10-07,2026-10-07T09:35:19.695583-04:00,341.68,-0.0795
NTAP-20261007T13350848453,NTAP,2026-10-07,2026-10-07T09:35:19.695583-04:00,234.84,-0.2077
TTMI-20261007T13331226623,TTMI,2026-10-07,2026-10-07T09:35:23.583809-04:00,129.51,0.4031
U-20261007T13350386646,U,2026-10-07,2026-10-07T09:35:23.583809-04:00,45.5749,-0.5063
FPS-20261007T13350401204,FPS,2026-10-07,2026-10-07T09:35:23.583809-04:00,40.69,0.5436
MTSI-20261007T13350415928,MTSI,2026-10-07,2026-10-07T09:35:23.583809-04:00,341.93,-0.0064
NTAP-20261007T13350848453,NTAP,2026-10-07,2026-10-07T09:35:23.583809-04:00,234.5115,-0.3473
TTMI-20261007T13331226623,TTMI,2026-10-07,2026-10-07T09:35:27.476933-04:00,129.31,0.2481
U-20261007T13350386646,U,2026-10-07,2026-10-07T09:35:27.476933-04:00,45.77,-0.0804
FPS-20261007T13350401204,FPS,2026-10-07,2026-10-07T09:35:27.476933-04:00,40.2658,-0.5046
MTSI-20261007T13350415928,MTSI,2026-10-07,2026-10-07T09:35:27.476933-04:00,341.435,-0.1512
NTAP-20261007T13350848453,NTAP,2026-10-07,2026-10-07T09:35:27.476933-04:00,234.6995,-0.2675
NBIS-20261007T13351250616,NBIS,2026-10-07,2026-10-07T09:35:27.476933-04:00,240.13,-0.1414
TSEM-20261007T13351258658,TSEM,2026-10-07,2026-10-07T09:35:27.476933-04:00,248.68,-0.1558
MTZ-20261007T13351652074,MTZ,2026-10-07,2026-10-07T09:35:27.476933-04:00,224.08,-0.1826
TTMI-20261007T13331226623,TTMI,2026-10-07,2026-10-07T09:35:31.724721-04:00,129.19,0.1551
U-20261007T13350386646,U,2026-10-07,2026-10-07T09:35:31.724721-04:00,45.4071,-0.8727
FPS-20261007T13350401204,FPS,2026-10-07,2026-10-07T09:35:31.724721-04:00,40.694,0.5535
MTSI-20261007T13350415928,MTSI,2026-10-07,2026-10-07T09:35:31.724721-04:00,340.785,-0.3413
NTAP-20261007T13350848453,NTAP,2026-10-07,2026-10-07T09:35:31.724721-04:00,234.265,-0.4521
NBIS-20261007T13351250616,NBIS,2026-10-07,2026-10-07T09:35:31.724721-04:00,239.84,-0.262
TSEM-20261007T13351258658,TSEM,2026-10-07,2026-10-07T09:35:31.724721-04:00,248.585,-0.2233
AXTI-20261007T13351669300,AXTI,2026-10-07,2026-10-07T09:35:31.724721-04:00,81.18,-1.0575
TTMI-20261007T13331226623,TTMI,2026-10-07,2026-10-07T09:35:36.199791-04:00,129.19,0.1551
FPS-20261007T13350401204,FPS,2026-10-07,2026-10-07T09:35:36.199791-04:00,40.7,0.5683
MTSI-20261007T13350415928,MTSI,2026-10-07,2026-10-07T09:35:36.199791-04:00,341.03,-0.2696
MRVL-20261007T13350837588,MRVL,2026-10-07,2026-10-07T09:35:36.199791-04:00,280.0364,-0.0934
NTAP-20261007T13350848453,NTAP,2026-10-07,2026-10-07T09:35:36.199791-04:00,234.495,-0.3544
NBIS-20261007T13351250616,NBIS,2026-10-07,2026-10-07T09:35:36.199791-04:00,239.62,-0.3535
MXL-20261007T13351660507,MXL,2026-10-07,2026-10-07T09:35:36.199791-04:00,108.86,-0.6661
TTMI-20261007T13331226623,TTMI,2026-10-07,2026-10-07T09:35:40.402124-04:00,129.19,0.1551
FPS-20261007T13350401204,FPS,2026-10-07,2026-10-07T09:35:40.402124-04:00,40.306,-0.4052
MTSI-20261007T13350415928,MTSI,2026-10-07,2026-10-07T09:35:40.402124-04:00,340.785,-0.3413
MRVL-20261007T13350837588,MRVL,2026-10-07,2026-10-07T09:35:40.402124-04:00,280.29,-0.003
NTAP-20261007T13350848453,NTAP,2026-10-07,2026-10-07T09:35:40.402124-04:00,234.5,-0.3522
NBIS-20261007T13351250616,NBIS,2026-10-07,2026-10-07T09:35:40.402124-04:00,239.58,-0.3701
TTMI-20261007T13331226623,TTMI,2026-10-07,2026-10-07T09:35:44.182606-04:00,129.19,0.1551
FPS-20261007T13350401204,FPS,2026-10-07,2026-10-07T09:35:44.182606-04:00,40.49,-0.0476
MTSI-20261007T13350415928,MTSI,2026-10-07,2026-10-07T09:35:44.182606-04:00,340.785,-0.3413
MRVL-20261007T13350837588,MRVL,2026-10-07,2026-10-07T09:35:44.182606-04:00,280.335,0.0131
NTAP-20261007T13350848453,NTAP,2026-10-07,2026-10-07T09:35:44.182606-04:00,234.715,-0.2609
NBIS-20261007T13351250616,NBIS,2026-10-07,2026-10-07T09:35:44.182606-04:00,239.39,-0.4491
TTMI-20261007T13331226623,TTMI,2026-10-07,2026-10-07T09:35:48.007174-04:00,128.575,-0.3217
FPS-20261007T13350401204,FPS,2026-10-07,2026-10-07T09:35:48.007174-04:00,40.445,-0.1587
MTSI-20261007T13350415928,MTSI,2026-10-07,2026-10-07T09:35:48.007174-04:00,341.394,-0.1632
MRVL-20261007T13350837588,MRVL,2026-10-07,2026-10-07T09:35:48.007174-04:00,280.12,-0.0636
NTAP-20261007T13350848453,NTAP,2026-10-07,2026-10-07T09:35:48.007174-04:00,234.345,-0.4181
NBIS-20261007T13351250616,NBIS,2026-10-07,2026-10-07T09:35:48.007174-04:00,239.405,-0.4429
TTMI-20261007T13331226623,TTMI,2026-10-07,2026-10-07T09:35:51.881919-04:00,128.5815,-0.3167
FPS-20261007T13350401204,FPS,2026-10-07,2026-10-07T09:35:51.881919-04:00,40.48,-0.0723
MTSI-20261007T13350415928,MTSI,2026-10-07,2026-10-07T09:35:51.881919-04:00,340.8,-0.3369
MRVL-20261007T13350837588,MRVL,2026-10-07,2026-10-07T09:35:51.881919-04:00,280.67,0.1326
NTAP-20261007T13350848453,NTAP,2026-10-07,2026-10-07T09:35:51.881919-04:00,234.34,-0.4202
NBIS-20261007T13351250616,NBIS,2026-10-07,2026-10-07T09:35:51.881919-04:00,239.5,-0.4034
TTMI-20261007T13331226623,TTMI,2026-10-07,2026-10-07T09:35:55.759177-04:00,128.6,-0.3023
FPS-20261007T13350401204,FPS,2026-10-07,2026-10-07T09:35:55.759177-04:00,40.5405,0.077
MTSI-20261007T13350415928,MTSI,2026-10-07,2026-10-07T09:35:55.759177-04:00,340.795,-0.3384
MRVL-20261007T13350837588,MRVL,2026-10-07,2026-10-07T09:35:55.759177-04:00,280.5701,0.097
NTAP-20261007T13350848453,NTAP,2026-10-07,2026-10-07T09:35:55.759177-04:00,234.41,-0.3905
NBIS-20261007T13351250616,NBIS,2026-10-07,2026-10-07T09:35:55.759177-04:00,239.39,-0.4491
TTMI-20261007T13331226623,TTMI,2026-10-07,2026-10-07T09:35:59.513957-04:00,128.6579,-0.2575
FPS-20261007T13350401204,FPS,2026-10-07,2026-10-07T09:35:59.513957-04:00,40.525,0.0388
MTSI-20261007T13350415928,MTSI,2026-10-07,2026-10-07T09:35:59.513957-04:00,340.88,-0.3135
MRVL-20261007T13350837588,MRVL,2026-10-07,2026-10-07T09:35:59.513957-04:00,280.9705,0.2398
NTAP-20261007T13350848453,NTAP,2026-10-07,2026-10-07T09:35:59.513957-04:00,234.2878,-0.4424
NBIS-20261007T13351250616,NBIS,2026-10-07,2026-10-07T09:35:59.513957-04:00,239.315,-0.4803
TTMI-20261007T13331226623,TTMI,2026-10-07,2026-10-07T09:36:03.673002-04:00,128.6,-0.3023
FPS-20261007T13350401204,FPS,2026-10-07,2026-10-07T09:36:03.673002-04:00,40.56,0.1252
MTSI-20261007T13350415928,MTSI,2026-10-07,2026-10-07T09:36:03.673002-04:00,340.8,-0.3369
MRVL-20261007T13350837588,MRVL,2026-10-07,2026-10-07T09:36:03.673002-04:00,281.03,0.261
NTAP-20261007T13350848453,NTAP,2026-10-07,2026-10-07T09:36:03.673002-04:00,234.68,-0.2757
NBIS-20261007T13351250616,NBIS,2026-10-07,2026-10-07T09:36:03.673002-04:00,239.0901,-0.5738
FPS-20261007T13350401204,FPS,2026-10-07,2026-10-07T09:36:07.867989-04:00,40.48,-0.0723
MTSI-20261007T13350415928,MTSI,2026-10-07,2026-10-07T09:36:07.867989-04:00,340.382,-0.4591
MRVL-20261007T13350837588,MRVL,2026-10-07,2026-10-07T09:36:07.867989-04:00,280.635,0.1201
FPS-20261007T13350401204,FPS,2026-10-07,2026-10-07T09:36:11.757732-04:00,40.52,0.0264
MTSI-20261007T13350415928,MTSI,2026-10-07,2026-10-07T09:36:11.757732-04:00,340.94,-0.2959
MRVL-20261007T13350837588,MRVL,2026-10-07,2026-10-07T09:36:11.757732-04:00,280.83,0.1897
FPS-20261007T13350401204,FPS,2026-10-07,2026-10-07T09:36:15.813662-04:00,40.43,-0.1958
MTSI-20261007T13350415928,MTSI,2026-10-07,2026-10-07T09:36:15.813662-04:00,340.68,-0.372
MRVL-20261007T13350837588,MRVL,2026-10-07,2026-10-07T09:36:15.813662-04:00,280.99,0.2468
FPS-20261007T13350401204,FPS,2026-10-07,2026-10-07T09:36:19.923848-04:00,40.45,-0.1464
MTSI-20261007T13350415928,MTSI,2026-10-07,2026-10-07T09:36:19.923848-04:00,340.68,-0.372
MRVL-20261007T13350837588,MRVL,2026-10-07,2026-10-07T09:36:19.923848-04:00,280.845,0.195
TENB-20261007T13361274702,TENB,2026-10-07,2026-10-07T09:36:19.923848-04:00,39.26,-0.5378
FPS-20261007T13350401204,FPS,2026-10-07,2026-10-07T09:36:23.764096-04:00,40.4982,-0.0274
MTSI-20261007T13350415928,MTSI,2026-10-07,2026-10-07T09:36:23.764096-04:00,340.68,-0.372
MRVL-20261007T13350837588,MRVL,2026-10-07,2026-10-07T09:36:23.764096-04:00,280.85,0.1968
TENB-20261007T13361274702,TENB,2026-10-07,2026-10-07T09:36:23.764096-04:00,39.26,-0.5378
CDNA-20261007T13361674905,CDNA,2026-10-07,2026-10-07T09:36:23.764096-04:00,64.14,-1.1832
MSTR-20261007T13361680858,MSTR,2026-10-07,2026-10-07T09:36:23.764096-04:00,156.6075,0.0068
APLD-20261007T13361687740,APLD,2026-10-07,2026-10-07T09:36:23.764096-04:00,24.245,-0.0206
FPS-20261007T13350401204,FPS,2026-10-07,2026-10-07T09:36:27.667684-04:00,40.445,-0.1587
MTSI-20261007T13350415928,MTSI,2026-10-07,2026-10-07T09:36:27.667684-04:00,340.785,-0.3413
MRVL-20261007T13350837588,MRVL,2026-10-07,2026-10-07T09:36:27.667684-04:00,280.72,0.1504
TENB-20261007T13361274702,TENB,2026-10-07,2026-10-07T09:36:27.667684-04:00,39.26,-0.5378
CDNA-20261007T13361674905,CDNA,2026-10-07,2026-10-07T09:36:27.667684-04:00,63.94,-0.8676
MSTR-20261007T13361680858,MSTR,2026-10-07,2026-10-07T09:36:27.667684-04:00,156.62,-0.0012
APLD-20261007T13361687740,APLD,2026-10-07,2026-10-07T09:36:27.667684-04:00,24.25,-0.0413
FPS-20261007T13350401204,FPS,2026-10-07,2026-10-07T09:36:31.631384-04:00,40.465,-0.1094
MTSI-20261007T13350415928,MTSI,2026-10-07,2026-10-07T09:36:31.631384-04:00,341.26,-0.2024
MRVL-20261007T13350837588,MRVL,2026-10-07,2026-10-07T09:36:31.631384-04:00,280.4501,0.0541
TENB-20261007T13361274702,TENB,2026-10-07,2026-10-07T09:36:31.631384-04:00,39.2689,-0.5606
CDNA-20261007T13361674905,CDNA,2026-10-07,2026-10-07T09:36:31.631384-04:00,63.8665,-0.7517
MSTR-20261007T13361680858,MSTR,2026-10-07,2026-10-07T09:36:31.631384-04:00,156.82,-0.1289
APLD-20261007T13361687740,APLD,2026-10-07,2026-10-07T09:36:31.631384-04:00,24.245,-0.0206
FPS-20261007T13350401204,FPS,2026-10-07,2026-10-07T09:36:36.127446-04:00,40.505,-0.0106
MTSI-20261007T13350415928,MTSI,2026-10-07,2026-10-07T09:36:36.127446-04:00,341.16,-0.2316
MRVL-20261007T13350837588,MRVL,2026-10-07,2026-10-07T09:36:36.127446-04:00,280.6,0.1076
TENB-20261007T13361274702,TENB,2026-10-07,2026-10-07T09:36:36.127446-04:00,39.19,-0.3585
CDNA-20261007T13361674905,CDNA,2026-10-07,2026-10-07T09:36:36.127446-04:00,63.81,-0.6626
MSTR-20261007T13361680858,MSTR,2026-10-07,2026-10-07T09:36:36.127446-04:00,156.875,-0.164
APLD-20261007T13361687740,APLD,2026-10-07,2026-10-07T09:36:36.127446-04:00,24.275,-0.1444
FPS-20261007T13350401204,FPS,2026-10-07,2026-10-07T09:36:39.816261-04:00,40.505,-0.0106
MTSI-20261007T13350415928,MTSI,2026-10-07,2026-10-07T09:36:39.816261-04:00,341.16,-0.2316
MRVL-20261007T13350837588,MRVL,2026-10-07,2026-10-07T09:36:39.816261-04:00,280.7406,0.1578
TENB-20261007T13361274702,TENB,2026-10-07,2026-10-07T09:36:39.816261-04:00,39.19,-0.3585
CDNA-20261007T13361674905,CDNA,2026-10-07,2026-10-07T09:36:39.816261-04:00,64.1,-1.1201
MSTR-20261007T13361680858,MSTR,2026-10-07,2026-10-07T09:36:39.816261-04:00,156.89,-0.1736
APLD-20261007T13361687740,APLD,2026-10-07,2026-10-07T09:36:39.816261-04:00,24.27,-0.1238
RBRK-20261007T13363284541,RBRK,2026-10-07,2026-10-07T09:36:39.816261-04:00,124.835,-0.2047
COHR-20261007T13363291528,COHR,2026-10-07,2026-10-07T09:36:39.816261-04:00,327.04,0.1286
HUT-20261007T13363309767,HUT,2026-10-07,2026-10-07T09:36:39.816261-04:00,88.18,-0.2156
FPS-20261007T13350401204,FPS,2026-10-07,2026-10-07T09:36:43.650275-04:00,40.55,0.1005
MTSI-20261007T13350415928,MTSI,2026-10-07,2026-10-07T09:36:43.650275-04:00,340.81,-0.334
MRVL-20261007T13350837588,MRVL,2026-10-07,2026-10-07T09:36:43.650275-04:00,280.76,0.1647
TENB-20261007T13361274702,TENB,2026-10-07,2026-10-07T09:36:43.650275-04:00,39.16,-0.2817
CDNA-20261007T13361674905,CDNA,2026-10-07,2026-10-07T09:36:43.650275-04:00,64.0,-0.9623
MSTR-20261007T13361680858,MSTR,2026-10-07,2026-10-07T09:36:43.650275-04:00,156.96,-0.2182
APLD-20261007T13361687740,APLD,2026-10-07,2026-10-07T09:36:43.650275-04:00,24.3,-0.2475
RBRK-20261007T13363284541,RBRK,2026-10-07,2026-10-07T09:36:43.650275-04:00,124.6542,-0.0596
COHR-20261007T13363291528,COHR,2026-10-07,2026-10-07T09:36:43.650275-04:00,327.4,0.0186
HUT-20261007T13363309767,HUT,2026-10-07,2026-10-07T09:36:43.650275-04:00,88.3181,-0.3726
FPS-20261007T13350401204,FPS,2026-10-07,2026-10-07T09:36:47.380962-04:00,40.55,0.1005
MTSI-20261007T13350415928,MTSI,2026-10-07,2026-10-07T09:36:47.380962-04:00,340.33,-0.4743
MRVL-20261007T13350837588,MRVL,2026-10-07,2026-10-07T09:36:47.380962-04:00,280.63,0.1183
TENB-20261007T13361274702,TENB,2026-10-07,2026-10-07T09:36:47.380962-04:00,39.12,-0.1793
CDNA-20261007T13361674905,CDNA,2026-10-07,2026-10-07T09:36:47.380962-04:00,63.81,-0.6626
MSTR-20261007T13361680858,MSTR,2026-10-07,2026-10-07T09:36:47.380962-04:00,156.94,-0.2055
APLD-20261007T13361687740,APLD,2026-10-07,2026-10-07T09:36:47.380962-04:00,24.3098,-0.288
RBRK-20261007T13363284541,RBRK,2026-10-07,2026-10-07T09:36:47.380962-04:00,124.5013,0.0632
COHR-20261007T13363291528,COHR,2026-10-07,2026-10-07T09:36:47.380962-04:00,327.17,0.0889
HUT-20261007T13363309767,HUT,2026-10-07,2026-10-07T09:36:47.380962-04:00,88.34,-0.3975
FPS-20261007T13350401204,FPS,2026-10-07,2026-10-07T09:36:50.919185-04:00,40.505,-0.0106
MTSI-20261007T13350415928,MTSI,2026-10-07,2026-10-07T09:36:50.919185-04:00,340.8,-0.3369
MRVL-20261007T13350837588,MRVL,2026-10-07,2026-10-07T09:36:50.919185-04:00,280.425,0.0452
TENB-20261007T13361274702,TENB,2026-10-07,2026-10-07T09:36:50.919185-04:00,39.16,-0.2817
CDNA-20261007T13361674905,CDNA,2026-10-07,2026-10-07T09:36:50.919185-04:00,64.1,-1.1201
MSTR-20261007T13361680858,MSTR,2026-10-07,2026-10-07T09:36:50.919185-04:00,156.8374,-0.14
APLD-20261007T13361687740,APLD,2026-10-07,2026-10-07T09:36:50.919185-04:00,24.28,-0.165
RBRK-20261007T13363284541,RBRK,2026-10-07,2026-10-07T09:36:50.919185-04:00,124.835,-0.2047
COHR-20261007T13363291528,COHR,2026-10-07,2026-10-07T09:36:50.919185-04:00,327.425,0.011
HUT-20261007T13363309767,HUT,2026-10-07,2026-10-07T09:36:50.919185-04:00,88.18,-0.2156
FPS-20261007T13350401204,FPS,2026-10-07,2026-10-07T09:36:54.453809-04:00,40.6,0.2239
MTSI-20261007T13350415928,MTSI,2026-10-07,2026-10-07T09:36:54.453809-04:00,340.81,-0.334
MRVL-20261007T13350837588,MRVL,2026-10-07,2026-10-07T09:36:54.453809-04:00,280.375,0.0274
TENB-20261007T13361274702,TENB,2026-10-07,2026-10-07T09:36:54.453809-04:00,39.16,-0.2817
CDNA-20261007T13361674905,CDNA,2026-10-07,2026-10-07T09:36:54.453809-04:00,64.09,-1.1043
MSTR-20261007T13361680858,MSTR,2026-10-07,2026-10-07T09:36:54.453809-04:00,156.908,-0.185
APLD-20261007T13361687740,APLD,2026-10-07,2026-10-07T09:36:54.453809-04:00,24.285,-0.1856
RBRK-20261007T13363284541,RBRK,2026-10-07,2026-10-07T09:36:54.453809-04:00,124.835,-0.2047
COHR-20261007T13363291528,COHR,2026-10-07,2026-10-07T09:36:54.453809-04:00,326.695,0.2339
HUT-20261007T13363309767,HUT,2026-10-07,2026-10-07T09:36:54.453809-04:00,88.175,-0.21
FPS-20261007T13350401204,FPS,2026-10-07,2026-10-07T09:36:57.878849-04:00,40.4303,-0.195
MTSI-20261007T13350415928,MTSI,2026-10-07,2026-10-07T09:36:57.878849-04:00,340.68,-0.372
MRVL-20261007T13350837588,MRVL,2026-10-07,2026-10-07T09:36:57.878849-04:00,280.22,-0.0279
TENB-20261007T13361274702,TENB,2026-10-07,2026-10-07T09:36:57.878849-04:00,39.16,-0.2817
CDNA-20261007T13361674905,CDNA,2026-10-07,2026-10-07T09:36:57.878849-04:00,63.965,-0.9071
MSTR-20261007T13361680858,MSTR,2026-10-07,2026-10-07T09:36:57.878849-04:00,156.9056,-0.1835
APLD-20261007T13361687740,APLD,2026-10-07,2026-10-07T09:36:57.878849-04:00,24.3,-0.2475
RBRK-20261007T13363284541,RBRK,2026-10-07,2026-10-07T09:36:57.878849-04:00,124.6542,-0.0596
COHR-20261007T13363291528,COHR,2026-10-07,2026-10-07T09:36:57.878849-04:00,328.9247,-0.447
HUT-20261007T13363309767,HUT,2026-10-07,2026-10-07T09:36:57.878849-04:00,88.175,-0.21
FPS-20261007T13350401204,FPS,2026-10-07,2026-10-07T09:37:01.354996-04:00,40.33,-0.4426
MTSI-20261007T13350415928,MTSI,2026-10-07,2026-10-07T09:37:01.354996-04:00,340.58,-0.4012
MRVL-20261007T13350837588,MRVL,2026-10-07,2026-10-07T09:37:01.354996-04:00,280.16,-0.0494
TENB-20261007T13361274702,TENB,2026-10-07,2026-10-07T09:37:01.354996-04:00,39.12,-0.1793
CDNA-20261007T13361674905,CDNA,2026-10-07,2026-10-07T09:37:01.354996-04:00,63.9708,-0.9162
MSTR-20261007T13361680858,MSTR,2026-10-07,2026-10-07T09:37:01.354996-04:00,156.9,-0.1799
APLD-20261007T13361687740,APLD,2026-10-07,2026-10-07T09:37:01.354996-04:00,24.305,-0.2682
RBRK-20261007T13363284541,RBRK,2026-10-07,2026-10-07T09:37:01.354996-04:00,124.67,-0.0722
COHR-20261007T13363291528,COHR,2026-10-07,2026-10-07T09:37:01.354996-04:00,326.8931,0.1734
HUT-20261007T13363309767,HUT,2026-10-07,2026-10-07T09:37:01.354996-04:00,88.21,-0.2497
FPS-20261007T13350401204,FPS,2026-10-07,2026-10-07T09:37:05.268850-04:00,40.32,-0.4673
MTSI-20261007T13350415928,MTSI,2026-10-07,2026-10-07T09:37:05.268850-04:00,340.3755,-0.461
TENB-20261007T13361274702,TENB,2026-10-07,2026-10-07T09:37:05.268850-04:00,39.16,-0.2817
CDNA-20261007T13361674905,CDNA,2026-10-07,2026-10-07T09:37:05.268850-04:00,64.15,-1.1989
MSTR-20261007T13361680858,MSTR,2026-10-07,2026-10-07T09:37:05.268850-04:00,156.87,-0.1608
APLD-20261007T13361687740,APLD,2026-10-07,2026-10-07T09:37:05.268850-04:00,24.29,-0.2063
RBRK-20261007T13363284541,RBRK,2026-10-07,2026-10-07T09:37:05.268850-04:00,124.69,-0.0883
COHR-20261007T13363291528,COHR,2026-10-07,2026-10-07T09:37:05.268850-04:00,326.47,0.3026
HUT-20261007T13363309767,HUT,2026-10-07,2026-10-07T09:37:05.268850-04:00,88.22,-0.2611
FPS-20261007T13350401204,FPS,2026-10-07,2026-10-07T09:37:08.931545-04:00,40.3898,-0.295
MTSI-20261007T13350415928,MTSI,2026-10-07,2026-10-07T09:37:08.931545-04:00,340.7,-0.3661
TENB-20261007T13361274702,TENB,2026-10-07,2026-10-07T09:37:08.931545-04:00,39.12,-0.1793
CDNA-20261007T13361674905,CDNA,2026-10-07,2026-10-07T09:37:08.931545-04:00,64.1152,-1.144
MSTR-20261007T13361680858,MSTR,2026-10-07,2026-10-07T09:37:08.931545-04:00,156.96,-0.2182
APLD-20261007T13361687740,APLD,2026-10-07,2026-10-07T09:37:08.931545-04:00,24.31,-0.2888
RBRK-20261007T13363284541,RBRK,2026-10-07,2026-10-07T09:37:08.931545-04:00,124.8921,-0.2505
COHR-20261007T13363291528,COHR,2026-10-07,2026-10-07T09:37:08.931545-04:00,326.61,0.2599
HUT-20261007T13363309767,HUT,2026-10-07,2026-10-07T09:37:08.931545-04:00,88.34,-0.3975
FPS-20261007T13350401204,FPS,2026-10-07,2026-10-07T09:37:12.589124-04:00,40.4455,-0.1575
MTSI-20261007T13350415928,MTSI,2026-10-07,2026-10-07T09:37:12.589124-04:00,340.81,-0.334
TENB-20261007T13361274702,TENB,2026-10-07,2026-10-07T09:37:12.589124-04:00,39.05,-0.0
CDNA-20261007T13361674905,CDNA,2026-10-07,2026-10-07T09:37:12.589124-04:00,64.2588,-1.3706
MSTR-20261007T13361680858,MSTR,2026-10-07,2026-10-07T09:37:12.589124-04:00,156.97,-0.2246
APLD-20261007T13361687740,APLD,2026-10-07,2026-10-07T09:37:12.589124-04:00,24.31,-0.2888
RBRK-20261007T13363284541,RBRK,2026-10-07,2026-10-07T09:37:12.589124-04:00,124.38,0.1605
COHR-20261007T13363291528,COHR,2026-10-07,2026-10-07T09:37:12.589124-04:00,326.7895,0.2051
HUT-20261007T13363309767,HUT,2026-10-07,2026-10-07T09:37:12.589124-04:00,88.345,-0.4032
AAOI-20261007T13370591404,AAOI,2026-10-07,2026-10-07T09:37:12.589124-04:00,124.6,-0.008
FPS-20261007T13350401204,FPS,2026-10-07,2026-10-07T09:37:16.151549-04:00,40.38,-0.3192
MTSI-20261007T13350415928,MTSI,2026-10-07,2026-10-07T09:37:16.151549-04:00,341.0,-0.2784
TENB-20261007T13361274702,TENB,2026-10-07,2026-10-07T09:37:16.151549-04:00,39.11,-0.1536
CDNA-20261007T13361674905,CDNA,2026-10-07,2026-10-07T09:37:16.151549-04:00,64.2588,-1.3706
MSTR-20261007T13361680858,MSTR,2026-10-07,2026-10-07T09:37:16.151549-04:00,157.0073,-0.2485
APLD-20261007T13361687740,APLD,2026-10-07,2026-10-07T09:37:16.151549-04:00,24.305,-0.2682
RBRK-20261007T13363284541,RBRK,2026-10-07,2026-10-07T09:37:16.151549-04:00,124.4,0.1445
COHR-20261007T13363291528,COHR,2026-10-07,2026-10-07T09:37:16.151549-04:00,325.87,0.4859
HUT-20261007T13363309767,HUT,2026-10-07,2026-10-07T09:37:16.151549-04:00,88.34,-0.3975
AAOI-20261007T13370591404,AAOI,2026-10-07,2026-10-07T09:37:16.151549-04:00,124.5142,0.0608
FPS-20261007T13350401204,FPS,2026-10-07,2026-10-07T09:37:19.708126-04:00,40.4295,-0.197
MTSI-20261007T13350415928,MTSI,2026-10-07,2026-10-07T09:37:19.708126-04:00,340.55,-0.41
TENB-20261007T13361274702,TENB,2026-10-07,2026-10-07T09:37:19.708126-04:00,39.14,-0.2305
CDNA-20261007T13361674905,CDNA,2026-10-07,2026-10-07T09:37:19.708126-04:00,64.2588,-1.3706
MSTR-20261007T13361680858,MSTR,2026-10-07,2026-10-07T09:37:19.708126-04:00,157.055,-0.2789
APLD-20261007T13361687740,APLD,2026-10-07,2026-10-07T09:37:19.708126-04:00,24.315,-0.3094
RBRK-20261007T13363284541,RBRK,2026-10-07,2026-10-07T09:37:19.708126-04:00,124.4,0.1445
COHR-20261007T13363291528,COHR,2026-10-07,2026-10-07T09:37:19.708126-04:00,325.22,0.6844
HUT-20261007T13363309767,HUT,2026-10-07,2026-10-07T09:37:19.708126-04:00,88.1451,-0.176
AAOI-20261007T13370591404,AAOI,2026-10-07,2026-10-07T09:37:19.708126-04:00,124.0698,0.4175
CRWD-20261007T13371313257,CRWD,2026-10-07,2026-10-07T09:37:19.708126-04:00,274.8,-0.2152
FPS-20261007T13350401204,FPS,2026-10-07,2026-10-07T09:37:23.205184-04:00,40.365,-0.3562
MTSI-20261007T13350415928,MTSI,2026-10-07,2026-10-07T09:37:23.205184-04:00,340.34,-0.4714
TENB-20261007T13361274702,TENB,2026-10-07,2026-10-07T09:37:23.205184-04:00,39.14,-0.2305
CDNA-20261007T13361674905,CDNA,2026-10-07,2026-10-07T09:37:23.205184-04:00,64.01,-0.9781
MSTR-20261007T13361680858,MSTR,2026-10-07,2026-10-07T09:37:23.205184-04:00,157.38,-0.4864
APLD-20261007T13361687740,APLD,2026-10-07,2026-10-07T09:37:23.205184-04:00,24.32,-0.33
RBRK-20261007T13363284541,RBRK,2026-10-07,2026-10-07T09:37:23.205184-04:00,124.0813,0.4003
COHR-20261007T13363291528,COHR,2026-10-07,2026-10-07T09:37:23.205184-04:00,324.185,1.0004
HUT-20261007T13363309767,HUT,2026-10-07,2026-10-07T09:37:23.205184-04:00,88.34,-0.3975
AAOI-20261007T13370591404,AAOI,2026-10-07,2026-10-07T09:37:23.205184-04:00,124.01,0.4655
CRWD-20261007T13371313257,CRWD,2026-10-07,2026-10-07T09:37:23.205184-04:00,275.01,-0.2917
FPS-20261007T13350401204,FPS,2026-10-07,2026-10-07T09:37:26.708399-04:00,40.32,-0.4673
MTSI-20261007T13350415928,MTSI,2026-10-07,2026-10-07T09:37:26.708399-04:00,340.57,-0.4042
TENB-20261007T13361274702,TENB,2026-10-07,2026-10-07T09:37:26.708399-04:00,39.14,-0.2305
CDNA-20261007T13361674905,CDNA,2026-10-07,2026-10-07T09:37:26.708399-04:00,63.905,-0.8124
MSTR-20261007T13361680858,MSTR,2026-10-07,2026-10-07T09:37:26.708399-04:00,157.28,-0.4226
APLD-20261007T13361687740,APLD,2026-10-07,2026-10-07T09:37:26.708399-04:00,24.265,-0.1031
RBRK-20261007T13363284541,RBRK,2026-10-07,2026-10-07T09:37:26.708399-04:00,124.405,0.1405
COHR-20261007T13363291528,COHR,2026-10-07,2026-10-07T09:37:26.708399-04:00,324.31,0.9623
HUT-20261007T13363309767,HUT,2026-10-07,2026-10-07T09:37:26.708399-04:00,88.3965,-0.4617
AAOI-20261007T13370591404,AAOI,2026-10-07,2026-10-07T09:37:26.708399-04:00,124.05,0.4334
CRWD-20261007T13371313257,CRWD,2026-10-07,2026-10-07T09:37:26.708399-04:00,275.005,-0.2899
FPS-20261007T13350401204,FPS,2026-10-07,2026-10-07T09:37:30.209994-04:00,40.28,-0.566
MTSI-20261007T13350415928,MTSI,2026-10-07,2026-10-07T09:37:30.209994-04:00,340.27,-0.4919
TENB-20261007T13361274702,TENB,2026-10-07,2026-10-07T09:37:30.209994-04:00,39.16,-0.2817
CDNA-20261007T13361674905,CDNA,2026-10-07,2026-10-07T09:37:30.209994-04:00,63.905,-0.8124
MSTR-20261007T13361680858,MSTR,2026-10-07,2026-10-07T09:37:30.209994-04:00,157.26,-0.4098
APLD-20261007T13361687740,APLD,2026-10-07,2026-10-07T09:37:30.209994-04:00,24.26,-0.0825
RBRK-20261007T13363284541,RBRK,2026-10-07,2026-10-07T09:37:30.209994-04:00,124.1988,0.306
COHR-20261007T13363291528,COHR,2026-10-07,2026-10-07T09:37:30.209994-04:00,324.26,0.9775
HUT-20261007T13363309767,HUT,2026-10-07,2026-10-07T09:37:30.209994-04:00,88.5,-0.5793
AAOI-20261007T13370591404,AAOI,2026-10-07,2026-10-07T09:37:30.209994-04:00,123.98,0.4896
CRWD-20261007T13371313257,CRWD,2026-10-07,2026-10-07T09:37:30.209994-04:00,275.184,-0.3552
FPS-20261007T13350401204,FPS,2026-10-07,2026-10-07T09:37:33.747015-04:00,40.33,-0.4426
MTSI-20261007T13350415928,MTSI,2026-10-07,2026-10-07T09:37:33.747015-04:00,340.11,-0.5387
TENB-20261007T13361274702,TENB,2026-10-07,2026-10-07T09:37:33.747015-04:00,39.165,-0.2945
CDNA-20261007T13361674905,CDNA,2026-10-07,2026-10-07T09:37:33.747015-04:00,63.905,-0.8124
MSTR-20261007T13361680858,MSTR,2026-10-07,2026-10-07T09:37:33.747015-04:00,157.35,-0.4673
APLD-20261007T13361687740,APLD,2026-10-07,2026-10-07T09:37:33.747015-04:00,24.27,-0.1238
RBRK-20261007T13363284541,RBRK,2026-10-07,2026-10-07T09:37:33.747015-04:00,124.4136,0.1336
COHR-20261007T13363291528,COHR,2026-10-07,2026-10-07T09:37:33.747015-04:00,323.955,1.0707
HUT-20261007T13363309767,HUT,2026-10-07,2026-10-07T09:37:33.747015-04:00,88.34,-0.3975
AAOI-20261007T13370591404,AAOI,2026-10-07,2026-10-07T09:37:33.747015-04:00,124.063,0.423
CRWD-20261007T13371313257,CRWD,2026-10-07,2026-10-07T09:37:33.747015-04:00,274.7982,-0.2145
FPS-20261007T13350401204,FPS,2026-10-07,2026-10-07T09:37:37.255103-04:00,40.405,-0.2575
MTSI-20261007T13350415928,MTSI,2026-10-07,2026-10-07T09:37:37.255103-04:00,339.83,-0.6206
TENB-20261007T13361274702,TENB,2026-10-07,2026-10-07T09:37:37.255103-04:00,39.155,-0.2689
CDNA-20261007T13361674905,CDNA,2026-10-07,2026-10-07T09:37:37.255103-04:00,63.6881,-0.4703
MSTR-20261007T13361680858,MSTR,2026-10-07,2026-10-07T09:37:37.255103-04:00,157.435,-0.5215
APLD-20261007T13361687740,APLD,2026-10-07,2026-10-07T09:37:37.255103-04:00,24.3,-0.2475
RBRK-20261007T13363284541,RBRK,2026-10-07,2026-10-07T09:37:37.255103-04:00,124.405,0.1405
COHR-20261007T13363291528,COHR,2026-10-07,2026-10-07T09:37:37.255103-04:00,324.15,1.0111
HUT-20261007T13363309767,HUT,2026-10-07,2026-10-07T09:37:37.255103-04:00,88.71,-0.818
AAOI-20261007T13370591404,AAOI,2026-10-07,2026-10-07T09:37:37.255103-04:00,124.13,0.3692
CRWD-20261007T13371313257,CRWD,2026-10-07,2026-10-07T09:37:37.255103-04:00,275.21,-0.3647
FPS-20261007T13350401204,FPS,2026-10-07,2026-10-07T09:37:40.793207-04:00,40.45,-0.1464
MTSI-20261007T13350415928,MTSI,2026-10-07,2026-10-07T09:37:40.793207-04:00,340.3288,-0.4747
TENB-20261007T13361274702,TENB,2026-10-07,2026-10-07T09:37:40.793207-04:00,39.155,-0.2689
CDNA-20261007T13361674905,CDNA,2026-10-07,2026-10-07T09:37:40.793207-04:00,63.596,-0.325
MSTR-20261007T13361680858,MSTR,2026-10-07,2026-10-07T09:37:40.793207-04:00,157.27,-0.4162
APLD-20261007T13361687740,APLD,2026-10-07,2026-10-07T09:37:40.793207-04:00,24.32,-0.33
RBRK-20261007T13363284541,RBRK,2026-10-07,2026-10-07T09:37:40.793207-04:00,124.15,0.3452
COHR-20261007T13363291528,COHR,2026-10-07,2026-10-07T09:37:40.793207-04:00,323.9588,1.0695
HUT-20261007T13363309767,HUT,2026-10-07,2026-10-07T09:37:40.793207-04:00,88.3548,-0.4143
AAOI-20261007T13370591404,AAOI,2026-10-07,2026-10-07T09:37:40.793207-04:00,123.905,0.5498
CRWD-20261007T13371313257,CRWD,2026-10-07,2026-10-07T09:37:40.793207-04:00,275.125,-0.3337
FPS-20261007T13350401204,FPS,2026-10-07,2026-10-07T09:37:44.300480-04:00,40.39,-0.2945
MTSI-20261007T13350415928,MTSI,2026-10-07,2026-10-07T09:37:44.300480-04:00,339.78,-0.6352
TENB-20261007T13361274702,TENB,2026-10-07,2026-10-07T09:37:44.300480-04:00,39.155,-0.2689
CDNA-20261007T13361674905,CDNA,2026-10-07,2026-10-07T09:37:44.300480-04:00,63.596,-0.325
MSTR-20261007T13361680858,MSTR,2026-10-07,2026-10-07T09:37:44.300480-04:00,157.2,-0.3715
APLD-20261007T13361687740,APLD,2026-10-07,2026-10-07T09:37:44.300480-04:00,24.32,-0.33
RBRK-20261007T13363284541,RBRK,2026-10-07,2026-10-07T09:37:44.300480-04:00,124.29,0.2328
COHR-20261007T13363291528,COHR,2026-10-07,2026-10-07T09:37:44.300480-04:00,323.65,1.1638
HUT-20261007T13363309767,HUT,2026-10-07,2026-10-07T09:37:44.300480-04:00,88.445,-0.5168
AAOI-20261007T13370591404,AAOI,2026-10-07,2026-10-07T09:37:44.300480-04:00,123.82,0.618
CRWD-20261007T13371313257,CRWD,2026-10-07,2026-10-07T09:37:44.300480-04:00,275.45,-0.4522
FPS-20261007T13350401204,FPS,2026-10-07,2026-10-07T09:37:47.868250-04:00,40.379,-0.3217
MTSI-20261007T13350415928,MTSI,2026-10-07,2026-10-07T09:37:47.868250-04:00,339.68,-0.6644
TENB-20261007T13361274702,TENB,2026-10-07,2026-10-07T09:37:47.868250-04:00,39.155,-0.2689
CDNA-20261007T13361674905,CDNA,2026-10-07,2026-10-07T09:37:47.868250-04:00,63.596,-0.325
MSTR-20261007T13361680858,MSTR,2026-10-07,2026-10-07T09:37:47.868250-04:00,157.07,-0.2885
APLD-20261007T13361687740,APLD,2026-10-07,2026-10-07T09:37:47.868250-04:00,24.29,-0.2063
RBRK-20261007T13363284541,RBRK,2026-10-07,2026-10-07T09:37:47.868250-04:00,124.3,0.2248
COHR-20261007T13363291528,COHR,2026-10-07,2026-10-07T09:37:47.868250-04:00,323.55,1.1943
HUT-20261007T13363309767,HUT,2026-10-07,2026-10-07T09:37:47.868250-04:00,88.41,-0.477
AAOI-20261007T13370591404,AAOI,2026-10-07,2026-10-07T09:37:47.868250-04:00,123.67,0.7384
CRWD-20261007T13371313257,CRWD,2026-10-07,2026-10-07T09:37:47.868250-04:00,275.08,-0.3173
FPS-20261007T13350401204,FPS,2026-10-07,2026-10-07T09:37:51.437175-04:00,40.38,-0.3192
MTSI-20261007T13350415928,MTSI,2026-10-07,2026-10-07T09:37:51.437175-04:00,339.68,-0.6644
TENB-20261007T13361274702,TENB,2026-10-07,2026-10-07T09:37:51.437175-04:00,39.138,-0.2254
CDNA-20261007T13361674905,CDNA,2026-10-07,2026-10-07T09:37:51.437175-04:00,63.596,-0.325
MSTR-20261007T13361680858,MSTR,2026-10-07,2026-10-07T09:37:51.437175-04:00,157.1189,-0.3197
APLD-20261007T13361687740,APLD,2026-10-07,2026-10-07T09:37:51.437175-04:00,24.25,-0.0413
RBRK-20261007T13363284541,RBRK,2026-10-07,2026-10-07T09:37:51.437175-04:00,124.0912,0.3924
COHR-20261007T13363291528,COHR,2026-10-07,2026-10-07T09:37:51.437175-04:00,323.6274,1.1707
HUT-20261007T13363309767,HUT,2026-10-07,2026-10-07T09:37:51.437175-04:00,88.42,-0.4884
AAOI-20261007T13370591404,AAOI,2026-10-07,2026-10-07T09:37:51.437175-04:00,123.6085,0.7878
CRWD-20261007T13371313257,CRWD,2026-10-07,2026-10-07T09:37:51.437175-04:00,275.08,-0.3173
FPS-20261007T13350401204,FPS,2026-10-07,2026-10-07T09:37:55.014755-04:00,40.3935,-0.2859
MTSI-20261007T13350415928,MTSI,2026-10-07,2026-10-07T09:37:55.014755-04:00,339.505,-0.7156
TENB-20261007T13361274702,TENB,2026-10-07,2026-10-07T09:37:55.014755-04:00,39.12,-0.1793
CDNA-20261007T13361674905,CDNA,2026-10-07,2026-10-07T09:37:55.014755-04:00,63.625,-0.3707
MSTR-20261007T13361680858,MSTR,2026-10-07,2026-10-07T09:37:55.014755-04:00,156.92,-0.1927
APLD-20261007T13361687740,APLD,2026-10-07,2026-10-07T09:37:55.014755-04:00,24.245,-0.0206
RBRK-20261007T13363284541,RBRK,2026-10-07,2026-10-07T09:37:55.014755-04:00,124.27,0.2488
COHR-20261007T13363291528,COHR,2026-10-07,2026-10-07T09:37:55.014755-04:00,323.82,1.1119
HUT-20261007T13363309767,HUT,2026-10-07,2026-10-07T09:37:55.014755-04:00,88.37,-0.4316
AAOI-20261007T13370591404,AAOI,2026-10-07,2026-10-07T09:37:55.014755-04:00,123.56,0.8267
CRWD-20261007T13371313257,CRWD,2026-10-07,2026-10-07T09:37:55.014755-04:00,274.955,-0.2717
FPS-20261007T13350401204,FPS,2026-10-07,2026-10-07T09:37:58.538200-04:00,40.37,-0.3439
MTSI-20261007T13350415928,MTSI,2026-10-07,2026-10-07T09:37:58.538200-04:00,339.68,-0.6644
TENB-20261007T13361274702,TENB,2026-10-07,2026-10-07T09:37:58.538200-04:00,39.15,-0.2561
CDNA-20261007T13361674905,CDNA,2026-10-07,2026-10-07T09:37:58.538200-04:00,63.625,-0.3707
MSTR-20261007T13361680858,MSTR,2026-10-07,2026-10-07T09:37:58.538200-04:00,156.94,-0.2055
APLD-20261007T13361687740,APLD,2026-10-07,2026-10-07T09:37:58.538200-04:00,24.18,0.2475
RBRK-20261007T13363284541,RBRK,2026-10-07,2026-10-07T09:37:58.538200-04:00,124.27,0.2488
COHR-20261007T13363291528,COHR,2026-10-07,2026-10-07T09:37:58.538200-04:00,323.18,1.3073
HUT-20261007T13363309767,HUT,2026-10-07,2026-10-07T09:37:58.538200-04:00,88.32,-0.3748
AAOI-20261007T13370591404,AAOI,2026-10-07,2026-10-07T09:37:58.538200-04:00,123.576,0.8139
CRWD-20261007T13371313257,CRWD,2026-10-07,2026-10-07T09:37:58.538200-04:00,274.82,-0.2225
FPS-20261007T13350401204,FPS,2026-10-07,2026-10-07T09:38:02.031182-04:00,40.3,-0.5167
MTSI-20261007T13350415928,MTSI,2026-10-07,2026-10-07T09:38:02.031182-04:00,339.84,-0.6176
TENB-20261007T13361274702,TENB,2026-10-07,2026-10-07T09:38:02.031182-04:00,39.2536,-0.5214
CDNA-20261007T13361674905,CDNA,2026-10-07,2026-10-07T09:38:02.031182-04:00,63.335,0.0868
MSTR-20261007T13361680858,MSTR,2026-10-07,2026-10-07T09:38:02.031182-04:00,156.72,-0.065
APLD-20261007T13361687740,APLD,2026-10-07,2026-10-07T09:38:02.031182-04:00,24.165,0.3094
RBRK-20261007T13363284541,RBRK,2026-10-07,2026-10-07T09:38:02.031182-04:00,123.765,0.6542
COHR-20261007T13363291528,COHR,2026-10-07,2026-10-07T09:38:02.031182-04:00,322.585,1.489
HUT-20261007T13363309767,HUT,2026-10-07,2026-10-07T09:38:02.031182-04:00,87.98,0.0117
AAOI-20261007T13370591404,AAOI,2026-10-07,2026-10-07T09:38:02.031182-04:00,122.9,1.3564
CRWD-20261007T13371313257,CRWD,2026-10-07,2026-10-07T09:38:02.031182-04:00,274.38,-0.062
TENB-20261007T13361274702,TENB,2026-10-07,2026-10-07T09:38:06.368510-04:00,39.075,-0.064
CDNA-20261007T13361674905,CDNA,2026-10-07,2026-10-07T09:38:06.368510-04:00,63.37,0.0316
MSTR-20261007T13361680858,MSTR,2026-10-07,2026-10-07T09:38:06.368510-04:00,156.69,-0.0459
APLD-20261007T13361687740,APLD,2026-10-07,2026-10-07T09:38:06.368510-04:00,24.18,0.2475
RBRK-20261007T13363284541,RBRK,2026-10-07,2026-10-07T09:38:06.368510-04:00,123.5,0.8669
COHR-20261007T13363291528,COHR,2026-10-07,2026-10-07T09:38:06.368510-04:00,322.8118,1.4198
HUT-20261007T13363309767,HUT,2026-10-07,2026-10-07T09:38:06.368510-04:00,87.935,0.0628
AAOI-20261007T13370591404,AAOI,2026-10-07,2026-10-07T09:38:06.368510-04:00,122.77,1.4608
CRWD-20261007T13371313257,CRWD,2026-10-07,2026-10-07T09:38:06.368510-04:00,274.3095,-0.0363
TENB-20261007T13361274702,TENB,2026-10-07,2026-10-07T09:38:09.992911-04:00,39.075,-0.064
CDNA-20261007T13361674905,CDNA,2026-10-07,2026-10-07T09:38:09.992911-04:00,63.3,0.142
MSTR-20261007T13361680858,MSTR,2026-10-07,2026-10-07T09:38:09.992911-04:00,156.71,-0.0586
APLD-20261007T13361687740,APLD,2026-10-07,2026-10-07T09:38:09.992911-04:00,24.185,0.2269
RBRK-20261007T13363284541,RBRK,2026-10-07,2026-10-07T09:38:09.992911-04:00,123.98,0.4816
COHR-20261007T13363291528,COHR,2026-10-07,2026-10-07T09:38:09.992911-04:00,322.315,1.5715
HUT-20261007T13363309767,HUT,2026-10-07,2026-10-07T09:38:09.992911-04:00,87.935,0.0628
AAOI-20261007T13370591404,AAOI,2026-10-07,2026-10-07T09:38:09.992911-04:00,122.75,1.4768
CRWD-20261007T13371313257,CRWD,2026-10-07,2026-10-07T09:38:09.992911-04:00,274.01,0.0729
TENB-20261007T13361274702,TENB,2026-10-07,2026-10-07T09:38:13.654939-04:00,39.075,-0.064
CDNA-20261007T13361674905,CDNA,2026-10-07,2026-10-07T09:38:13.654939-04:00,63.24,0.2366
MSTR-20261007T13361680858,MSTR,2026-10-07,2026-10-07T09:38:13.654939-04:00,156.31,0.1968
APLD-20261007T13361687740,APLD,2026-10-07,2026-10-07T09:38:13.654939-04:00,24.16,0.33
RBRK-20261007T13363284541,RBRK,2026-10-07,2026-10-07T09:38:13.654939-04:00,124.0,0.4656
COHR-20261007T13363291528,COHR,2026-10-07,2026-10-07T09:38:13.654939-04:00,322.23,1.5974
HUT-20261007T13363309767,HUT,2026-10-07,2026-10-07T09:38:13.654939-04:00,87.925,0.0742
AAOI-20261007T13370591404,AAOI,2026-10-07,2026-10-07T09:38:13.654939-04:00,122.79,1.4447
CRWD-20261007T13371313257,CRWD,2026-10-07,2026-10-07T09:38:13.654939-04:00,273.815,0.1441
TENB-20261007T13361274702,TENB,2026-10-07,2026-10-07T09:38:17.280525-04:00,38.985,0.1665
CDNA-20261007T13361674905,CDNA,2026-10-07,2026-10-07T09:38:17.280525-04:00,63.17,0.3471
MSTR-20261007T13361680858,MSTR,2026-10-07,2026-10-07T09:38:17.280525-04:00,156.225,0.251
APLD-20261007T13361687740,APLD,2026-10-07,2026-10-07T09:38:17.280525-04:00,24.135,0.4332
RBRK-20261007T13363284541,RBRK,2026-10-07,2026-10-07T09:38:17.280525-04:00,123.98,0.4816
COHR-20261007T13363291528,COHR,2026-10-07,2026-10-07T09:38:17.280525-04:00,322.225,1.599
HUT-20261007T13363309767,HUT,2026-10-07,2026-10-07T09:38:17.280525-04:00,87.925,0.0742
AAOI-20261007T13370591404,AAOI,2026-10-07,2026-10-07T09:38:17.280525-04:00,122.86,1.3886
CRWD-20261007T13371313257,CRWD,2026-10-07,2026-10-07T09:38:17.280525-04:00,273.51,0.2553
TENB-20261007T13361274702,TENB,2026-10-07,2026-10-07T09:38:21.018641-04:00,38.96,0.2305
CDNA-20261007T13361674905,CDNA,2026-10-07,2026-10-07T09:38:21.018641-04:00,63.4819,-0.145
MSTR-20261007T13361680858,MSTR,2026-10-07,2026-10-07T09:38:21.018641-04:00,156.18,0.2798
APLD-20261007T13361687740,APLD,2026-10-07,2026-10-07T09:38:21.018641-04:00,24.115,0.5157
RBRK-20261007T13363284541,RBRK,2026-10-07,2026-10-07T09:38:21.018641-04:00,123.98,0.4816
COHR-20261007T13363291528,COHR,2026-10-07,2026-10-07T09:38:21.018641-04:00,322.17,1.6158
HUT-20261007T13363309767,HUT,2026-10-07,2026-10-07T09:38:21.018641-04:00,87.63,0.4094
AAOI-20261007T13370591404,AAOI,2026-10-07,2026-10-07T09:38:21.018641-04:00,122.865,1.3845
CRWD-20261007T13371313257,CRWD,2026-10-07,2026-10-07T09:38:21.018641-04:00,273.46,0.2735
TENB-20261007T13361274702,TENB,2026-10-07,2026-10-07T09:38:24.597853-04:00,38.96,0.2305
CDNA-20261007T13361674905,CDNA,2026-10-07,2026-10-07T09:38:24.597853-04:00,63.4341,-0.0696
MSTR-20261007T13361680858,MSTR,2026-10-07,2026-10-07T09:38:24.597853-04:00,156.15,0.2989
APLD-20261007T13361687740,APLD,2026-10-07,2026-10-07T09:38:24.597853-04:00,24.11,0.5363
RBRK-20261007T13363284541,RBRK,2026-10-07,2026-10-07T09:38:24.597853-04:00,123.727,0.6847
COHR-20261007T13363291528,COHR,2026-10-07,2026-10-07T09:38:24.597853-04:00,322.12,1.631
HUT-20261007T13363309767,HUT,2026-10-07,2026-10-07T09:38:24.597853-04:00,87.62,0.4208
AAOI-20261007T13370591404,AAOI,2026-10-07,2026-10-07T09:38:24.597853-04:00,122.79,1.4447
CRWD-20261007T13371313257,CRWD,2026-10-07,2026-10-07T09:38:24.597853-04:00,273.5,0.2589
TENB-20261007T13361274702,TENB,2026-10-07,2026-10-07T09:38:28.080847-04:00,38.96,0.2305
CDNA-20261007T13361674905,CDNA,2026-10-07,2026-10-07T09:38:28.080847-04:00,63.405,-0.0237
MSTR-20261007T13361680858,MSTR,2026-10-07,2026-10-07T09:38:28.080847-04:00,156.2093,0.2611
APLD-20261007T13361687740,APLD,2026-10-07,2026-10-07T09:38:28.080847-04:00,24.065,0.7219
RBRK-20261007T13363284541,RBRK,2026-10-07,2026-10-07T09:38:28.080847-04:00,123.98,0.4816
COHR-20261007T13363291528,COHR,2026-10-07,2026-10-07T09:38:28.080847-04:00,321.62,1.7837
HUT-20261007T13363309767,HUT,2026-10-07,2026-10-07T09:38:28.080847-04:00,87.63,0.4094
AAOI-20261007T13370591404,AAOI,2026-10-07,2026-10-07T09:38:28.080847-04:00,122.675,1.537
CRWD-20261007T13371313257,CRWD,2026-10-07,2026-10-07T09:38:28.080847-04:00,273.415,0.2899
TENB-20261007T13361274702,TENB,2026-10-07,2026-10-07T09:38:31.525204-04:00,38.92,0.3329
CDNA-20261007T13361674905,CDNA,2026-10-07,2026-10-07T09:38:31.525204-04:00,63.04,0.5521
MSTR-20261007T13361680858,MSTR,2026-10-07,2026-10-07T09:38:31.525204-04:00,156.2,0.267
APLD-20261007T13361687740,APLD,2026-10-07,2026-10-07T09:38:31.525204-04:00,24.065,0.7219
RBRK-20261007T13363284541,RBRK,2026-10-07,2026-10-07T09:38:31.525204-04:00,123.98,0.4816
COHR-20261007T13363291528,COHR,2026-10-07,2026-10-07T09:38:31.525204-04:00,321.6351,1.7791
HUT-20261007T13363309767,HUT,2026-10-07,2026-10-07T09:38:31.525204-04:00,87.48,0.5799
AAOI-20261007T13370591404,AAOI,2026-10-07,2026-10-07T09:38:31.525204-04:00,122.75,1.4768
CRWD-20261007T13371313257,CRWD,2026-10-07,2026-10-07T09:38:31.525204-04:00,273.655,0.2024
TENB-20261007T13361274702,TENB,2026-10-07,2026-10-07T09:38:35.053173-04:00,38.92,0.3329
CDNA-20261007T13361674905,CDNA,2026-10-07,2026-10-07T09:38:35.053173-04:00,63.2701,0.1891
MSTR-20261007T13361680858,MSTR,2026-10-07,2026-10-07T09:38:35.053173-04:00,156.2,0.267
APLD-20261007T13361687740,APLD,2026-10-07,2026-10-07T09:38:35.053173-04:00,24.04,0.8251
RBRK-20261007T13363284541,RBRK,2026-10-07,2026-10-07T09:38:35.053173-04:00,123.98,0.4816
COHR-20261007T13363291528,COHR,2026-10-07,2026-10-07T09:38:35.053173-04:00,321.63,1.7807
HUT-20261007T13363309767,HUT,2026-10-07,2026-10-07T09:38:35.053173-04:00,87.5315,0.5214
AAOI-20261007T13370591404,AAOI,2026-10-07,2026-10-07T09:38:35.053173-04:00,122.665,1.5451
CRWD-20261007T13371313257,CRWD,2026-10-07,2026-10-07T09:38:35.053173-04:00,273.7369,0.1725
TENB-20261007T13361274702,TENB,2026-10-07,2026-10-07T09:38:38.697409-04:00,38.96,0.2305
CDNA-20261007T13361674905,CDNA,2026-10-07,2026-10-07T09:38:38.697409-04:00,63.31,0.1262
MSTR-20261007T13361680858,MSTR,2026-10-07,2026-10-07T09:38:38.697409-04:00,156.1299,0.3118
APLD-20261007T13361687740,APLD,2026-10-07,2026-10-07T09:38:38.697409-04:00,24.02,0.9076
RBRK-20261007T13363284541,RBRK,2026-10-07,2026-10-07T09:38:38.697409-04:00,123.985,0.4776
COHR-20261007T13363291528,COHR,2026-10-07,2026-10-07T09:38:38.697409-04:00,321.7,1.7593
HUT-20261007T13363309767,HUT,2026-10-07,2026-10-07T09:38:38.697409-04:00,87.39,0.6822
AAOI-20261007T13370591404,AAOI,2026-10-07,2026-10-07T09:38:38.697409-04:00,122.7417,1.4835
CRWD-20261007T13371313257,CRWD,2026-10-07,2026-10-07T09:38:38.697409-04:00,273.33,0.3209
TENB-20261007T13361274702,TENB,2026-10-07,2026-10-07T09:38:42.241168-04:00,38.96,0.2305
CDNA-20261007T13361674905,CDNA,2026-10-07,2026-10-07T09:38:42.241168-04:00,63.31,0.1262
MSTR-20261007T13361680858,MSTR,2026-10-07,2026-10-07T09:38:42.241168-04:00,156.08,0.3436
APLD-20261007T13361687740,APLD,2026-10-07,2026-10-07T09:38:42.241168-04:00,24.01,0.9488
RBRK-20261007T13363284541,RBRK,2026-10-07,2026-10-07T09:38:42.241168-04:00,123.6696,0.7308
COHR-20261007T13363291528,COHR,2026-10-07,2026-10-07T09:38:42.241168-04:00,321.2148,1.9075
HUT-20261007T13363309767,HUT,2026-10-07,2026-10-07T09:38:42.241168-04:00,87.225,0.8697
AAOI-20261007T13370591404,AAOI,2026-10-07,2026-10-07T09:38:42.241168-04:00,122.3932,1.7632
CRWD-20261007T13371313257,CRWD,2026-10-07,2026-10-07T09:38:42.241168-04:00,273.655,0.2024
TENB-20261007T13361274702,TENB,2026-10-07,2026-10-07T09:38:45.717937-04:00,38.96,0.2305
CDNA-20261007T13361674905,CDNA,2026-10-07,2026-10-07T09:38:45.717937-04:00,63.31,0.1262
MSTR-20261007T13361680858,MSTR,2026-10-07,2026-10-07T09:38:45.717937-04:00,156.0,0.3947
APLD-20261007T13361687740,APLD,2026-10-07,2026-10-07T09:38:45.717937-04:00,24.01,0.9488
RBRK-20261007T13363284541,RBRK,2026-10-07,2026-10-07T09:38:45.717937-04:00,123.54,0.8348
COHR-20261007T13363291528,COHR,2026-10-07,2026-10-07T09:38:45.717937-04:00,321.1036,1.9414
HUT-20261007T13363309767,HUT,2026-10-07,2026-10-07T09:38:45.717937-04:00,87.259,0.8311
AAOI-20261007T13370591404,AAOI,2026-10-07,2026-10-07T09:38:45.717937-04:00,122.215,1.9063
CRWD-20261007T13371313257,CRWD,2026-10-07,2026-10-07T09:38:45.717937-04:00,273.7212,0.1783
RBLX-20261007T13383921301,RBLX,2026-10-07,2026-10-07T09:38:45.717937-04:00,44.97,-0.1336
TENB-20261007T13361274702,TENB,2026-10-07,2026-10-07T09:38:49.323694-04:00,38.96,0.2305
CDNA-20261007T13361674905,CDNA,2026-10-07,2026-10-07T09:38:49.323694-04:00,63.045,0.5442
MSTR-20261007T13361680858,MSTR,2026-10-07,2026-10-07T09:38:49.323694-04:00,155.98,0.4075
APLD-20261007T13361687740,APLD,2026-10-07,2026-10-07T09:38:49.323694-04:00,24.0198,0.9084
RBRK-20261007T13363284541,RBRK,2026-10-07,2026-10-07T09:38:49.323694-04:00,123.77,0.6502
COHR-20261007T13363291528,COHR,2026-10-07,2026-10-07T09:38:49.323694-04:00,321.36,1.8631
HUT-20261007T13363309767,HUT,2026-10-07,2026-10-07T09:38:49.323694-04:00,87.21,0.8868
AAOI-20261007T13370591404,AAOI,2026-10-07,2026-10-07T09:38:49.323694-04:00,122.0446,2.043
CRWD-20261007T13371313257,CRWD,2026-10-07,2026-10-07T09:38:49.323694-04:00,273.29,0.3355
TENB-20261007T13361274702,TENB,2026-10-07,2026-10-07T09:38:52.831150-04:00,39.126,-0.1946
CDNA-20261007T13361674905,CDNA,2026-10-07,2026-10-07T09:38:52.831150-04:00,63.045,0.5442
MSTR-20261007T13361680858,MSTR,2026-10-07,2026-10-07T09:38:52.831150-04:00,155.9558,0.4229
APLD-20261007T13361687740,APLD,2026-10-07,2026-10-07T09:38:52.831150-04:00,24.01,0.9488
RBRK-20261007T13363284541,RBRK,2026-10-07,2026-10-07T09:38:52.831150-04:00,123.77,0.6502
COHR-20261007T13363291528,COHR,2026-10-07,2026-10-07T09:38:52.831150-04:00,321.1995,1.9121
HUT-20261007T13363309767,HUT,2026-10-07,2026-10-07T09:38:52.831150-04:00,87.9766,0.0155
AAOI-20261007T13370591404,AAOI,2026-10-07,2026-10-07T09:38:52.831150-04:00,122.09,2.0066
CRWD-20261007T13371313257,CRWD,2026-10-07,2026-10-07T09:38:52.831150-04:00,273.0902,0.4084
TENB-20261007T13361274702,TENB,2026-10-07,2026-10-07T09:38:56.352919-04:00,38.845,0.525
CDNA-20261007T13361674905,CDNA,2026-10-07,2026-10-07T09:38:56.352919-04:00,63.045,0.5442
MSTR-20261007T13361680858,MSTR,2026-10-07,2026-10-07T09:38:56.352919-04:00,155.905,0.4554
APLD-20261007T13361687740,APLD,2026-10-07,2026-10-07T09:38:56.352919-04:00,23.9837,1.0573
RBRK-20261007T13363284541,RBRK,2026-10-07,2026-10-07T09:38:56.352919-04:00,123.295,1.0315
COHR-20261007T13363291528,COHR,2026-10-07,2026-10-07T09:38:56.352919-04:00,321.116,1.9376
HUT-20261007T13363309767,HUT,2026-10-07,2026-10-07T09:38:56.352919-04:00,87.103,1.0084
AAOI-20261007T13370591404,AAOI,2026-10-07,2026-10-07T09:38:56.352919-04:00,121.59,2.4079
CRWD-20261007T13371313257,CRWD,2026-10-07,2026-10-07T09:38:56.352919-04:00,272.46,0.6382
TENB-20261007T13361274702,TENB,2026-10-07,2026-10-07T09:38:59.880951-04:00,38.728,0.8246
CDNA-20261007T13361674905,CDNA,2026-10-07,2026-10-07T09:38:59.880951-04:00,63.045,0.5442
MSTR-20261007T13361680858,MSTR,2026-10-07,2026-10-07T09:38:59.880951-04:00,155.845,0.4937
APLD-20261007T13361687740,APLD,2026-10-07,2026-10-07T09:38:59.880951-04:00,23.975,1.0932
RBRK-20261007T13363284541,RBRK,2026-10-07,2026-10-07T09:38:59.880951-04:00,123.3,1.0275
COHR-20261007T13363291528,COHR,2026-10-07,2026-10-07T09:38:59.880951-04:00,320.8,2.0341
HUT-20261007T13363309767,HUT,2026-10-07,2026-10-07T09:38:59.880951-04:00,87.06,1.0572
AAOI-20261007T13370591404,AAOI,2026-10-07,2026-10-07T09:38:59.880951-04:00,121.56,2.432
CRWD-20261007T13371313257,CRWD,2026-10-07,2026-10-07T09:38:59.880951-04:00,271.4437,1.0088
TENB-20261007T13361274702,TENB,2026-10-07,2026-10-07T09:39:03.744944-04:00,38.65,1.0243
CDNA-20261007T13361674905,CDNA,2026-10-07,2026-10-07T09:39:03.744944-04:00,62.53,1.3567
MSTR-20261007T13361680858,MSTR,2026-10-07,2026-10-07T09:39:03.744944-04:00,155.7,0.5863
APLD-20261007T13361687740,APLD,2026-10-07,2026-10-07T09:39:03.744944-04:00,23.955,1.1757
RBRK-20261007T13363284541,RBRK,2026-10-07,2026-10-07T09:39:03.744944-04:00,122.93,1.3245
COHR-20261007T13363291528,COHR,2026-10-07,2026-10-07T09:39:03.744944-04:00,320.97,1.9822
HUT-20261007T13363309767,HUT,2026-10-07,2026-10-07T09:39:03.744944-04:00,86.9,1.2391
AAOI-20261007T13370591404,AAOI,2026-10-07,2026-10-07T09:39:03.744944-04:00,121.7825,2.2534
CRWD-20261007T13371313257,CRWD,2026-10-07,2026-10-07T09:39:03.744944-04:00,271.42,1.0175
TENB-20261007T13361274702,TENB,2026-10-07,2026-10-07T09:39:08.216072-04:00,38.65,1.0243
CDNA-20261007T13361674905,CDNA,2026-10-07,2026-10-07T09:39:08.216072-04:00,62.685,1.1122
MSTR-20261007T13361680858,MSTR,2026-10-07,2026-10-07T09:39:08.216072-04:00,155.75,0.5543
APLD-20261007T13361687740,APLD,2026-10-07,2026-10-07T09:39:08.216072-04:00,23.98,1.0726
RBRK-20261007T13363284541,RBRK,2026-10-07,2026-10-07T09:39:08.216072-04:00,122.95,1.3084
HUT-20261007T13363309767,HUT,2026-10-07,2026-10-07T09:39:08.216072-04:00,87.01,1.1141
CRWD-20261007T13371313257,CRWD,2026-10-07,2026-10-07T09:39:08.216072-04:00,271.48,0.9956
ENPH-20261007T13390070395,ENPH,2026-10-07,2026-10-07T09:39:08.216072-04:00,32.54,0.0614
TENB-20261007T13361274702,TENB,2026-10-07,2026-10-07T09:39:11.820521-04:00,38.6029,1.1449
CDNA-20261007T13361674905,CDNA,2026-10-07,2026-10-07T09:39:11.820521-04:00,62.685,1.1122
MSTR-20261007T13361680858,MSTR,2026-10-07,2026-10-07T09:39:11.820521-04:00,155.72,0.5735
APLD-20261007T13361687740,APLD,2026-10-07,2026-10-07T09:39:11.820521-04:00,23.9957,1.0078
RBRK-20261007T13363284541,RBRK,2026-10-07,2026-10-07T09:39:11.820521-04:00,123.35,0.9873
HUT-20261007T13363309767,HUT,2026-10-07,2026-10-07T09:39:11.820521-04:00,87.16,0.9436
CRWD-20261007T13371313257,CRWD,2026-10-07,2026-10-07T09:39:11.820521-04:00,271.735,0.9026
ENPH-20261007T13390070395,ENPH,2026-10-07,2026-10-07T09:39:11.820521-04:00,32.5592,0.0025
TENB-20261007T13361274702,TENB,2026-10-07,2026-10-07T09:39:15.484843-04:00,38.695,0.9091
CDNA-20261007T13361674905,CDNA,2026-10-07,2026-10-07T09:39:15.484843-04:00,62.68,1.1201
MSTR-20261007T13361680858,MSTR,2026-10-07,2026-10-07T09:39:15.484843-04:00,155.85,0.4905
APLD-20261007T13361687740,APLD,2026-10-07,2026-10-07T09:39:15.484843-04:00,23.99,1.0314
RBRK-20261007T13363284541,RBRK,2026-10-07,2026-10-07T09:39:15.484843-04:00,123.38,0.9632
HUT-20261007T13363309767,HUT,2026-10-07,2026-10-07T09:39:15.484843-04:00,87.2137,0.8825
CRWD-20261007T13371313257,CRWD,2026-10-07,2026-10-07T09:39:15.484843-04:00,272.1,0.7695
ENPH-20261007T13390070395,ENPH,2026-10-07,2026-10-07T09:39:15.484843-04:00,32.56,-0.0
TENB-20261007T13361274702,TENB,2026-10-07,2026-10-07T09:39:19.071891-04:00,38.74,0.7939
CDNA-20261007T13361674905,CDNA,2026-10-07,2026-10-07T09:39:19.071891-04:00,62.68,1.1201
MSTR-20261007T13361680858,MSTR,2026-10-07,2026-10-07T09:39:19.071891-04:00,155.82,0.5096
APLD-20261007T13361687740,APLD,2026-10-07,2026-10-07T09:39:19.071891-04:00,24.015,0.9282
RBRK-20261007T13363284541,RBRK,2026-10-07,2026-10-07T09:39:19.071891-04:00,123.38,0.9632
HUT-20261007T13363309767,HUT,2026-10-07,2026-10-07T09:39:19.071891-04:00,87.1935,0.9055
CRWD-20261007T13371313257,CRWD,2026-10-07,2026-10-07T09:39:19.071891-04:00,272.29,0.7002
ENPH-20261007T13390070395,ENPH,2026-10-07,2026-10-07T09:39:19.071891-04:00,32.55,0.0307
TENB-20261007T13361274702,TENB,2026-10-07,2026-10-07T09:39:22.606727-04:00,38.74,0.7939
CDNA-20261007T13361674905,CDNA,2026-10-07,2026-10-07T09:39:22.606727-04:00,62.68,1.1201
MSTR-20261007T13361680858,MSTR,2026-10-07,2026-10-07T09:39:22.606727-04:00,155.91,0.4522
APLD-20261007T13361687740,APLD,2026-10-07,2026-10-07T09:39:22.606727-04:00,24.03,0.8663
RBRK-20261007T13363284541,RBRK,2026-10-07,2026-10-07T09:39:22.606727-04:00,123.38,0.9632
HUT-20261007T13363309767,HUT,2026-10-07,2026-10-07T09:39:22.606727-04:00,87.2,0.8981
CRWD-20261007T13371313257,CRWD,2026-10-07,2026-10-07T09:39:22.606727-04:00,272.41,0.6564
ENPH-20261007T13390070395,ENPH,2026-10-07,2026-10-07T09:39:22.606727-04:00,32.53,0.0921
CEG-20261007T13391605949,CEG,2026-10-07,2026-10-07T09:39:22.606727-04:00,289.2951,-0.0467
TENB-20261007T13361274702,TENB,2026-10-07,2026-10-07T09:39:26.140379-04:00,38.72,0.8451
CDNA-20261007T13361674905,CDNA,2026-10-07,2026-10-07T09:39:26.140379-04:00,62.825,0.8913
MSTR-20261007T13361680858,MSTR,2026-10-07,2026-10-07T09:39:26.140379-04:00,155.845,0.4937
APLD-20261007T13361687740,APLD,2026-10-07,2026-10-07T09:39:26.140379-04:00,24.0,0.9901
RBRK-20261007T13363284541,RBRK,2026-10-07,2026-10-07T09:39:26.140379-04:00,123.385,0.9592
HUT-20261007T13363309767,HUT,2026-10-07,2026-10-07T09:39:26.140379-04:00,87.095,1.0174
CRWD-20261007T13371313257,CRWD,2026-10-07,2026-10-07T09:39:26.140379-04:00,272.58,0.5944
ENPH-20261007T13390070395,ENPH,2026-10-07,2026-10-07T09:39:26.140379-04:00,32.56,-0.0
CEG-20261007T13391605949,CEG,2026-10-07,2026-10-07T09:39:26.140379-04:00,289.0,0.0553
TENB-20261007T13361274702,TENB,2026-10-07,2026-10-07T09:39:29.668134-04:00,38.72,0.8451
CDNA-20261007T13361674905,CDNA,2026-10-07,2026-10-07T09:39:29.668134-04:00,62.4158,1.5368
MSTR-20261007T13361680858,MSTR,2026-10-07,2026-10-07T09:39:29.668134-04:00,155.99,0.4011
APLD-20261007T13361687740,APLD,2026-10-07,2026-10-07T09:39:29.668134-04:00,24.035,0.8457
RBRK-20261007T13363284541,RBRK,2026-10-07,2026-10-07T09:39:29.668134-04:00,123.39,0.9552
HUT-20261007T13363309767,HUT,2026-10-07,2026-10-07T09:39:29.668134-04:00,87.11,1.0004
CRWD-20261007T13371313257,CRWD,2026-10-07,2026-10-07T09:39:29.668134-04:00,272.3555,0.6763
ENPH-20261007T13390070395,ENPH,2026-10-07,2026-10-07T09:39:29.668134-04:00,32.575,-0.0461
CEG-20261007T13391605949,CEG,2026-10-07,2026-10-07T09:39:29.668134-04:00,289.24,-0.0277
TENB-20261007T13361274702,TENB,2026-10-07,2026-10-07T09:39:33.207608-04:00,38.72,0.8451
CDNA-20261007T13361674905,CDNA,2026-10-07,2026-10-07T09:39:33.207608-04:00,62.68,1.1201
MSTR-20261007T13361680858,MSTR,2026-10-07,2026-10-07T09:39:33.207608-04:00,156.0002,0.3946
APLD-20261007T13361687740,APLD,2026-10-07,2026-10-07T09:39:33.207608-04:00,24.025,0.887
RBRK-20261007T13363284541,RBRK,2026-10-07,2026-10-07T09:39:33.207608-04:00,123.39,0.9552
HUT-20261007T13363309767,HUT,2026-10-07,2026-10-07T09:39:33.207608-04:00,87.14,0.9663
CRWD-20261007T13371313257,CRWD,2026-10-07,2026-10-07T09:39:33.207608-04:00,272.62,0.5798
ENPH-20261007T13390070395,ENPH,2026-10-07,2026-10-07T09:39:33.207608-04:00,32.56,-0.0
CEG-20261007T13391605949,CEG,2026-10-07,2026-10-07T09:39:33.207608-04:00,289.3,-0.0484
KLAC-20261007T13392663273,KLAC,2026-10-07,2026-10-07T09:39:33.207608-04:00,192.36,-0.0416
TENB-20261007T13361274702,TENB,2026-10-07,2026-10-07T09:39:36.836170-04:00,38.755,0.7554
CDNA-20261007T13361674905,CDNA,2026-10-07,2026-10-07T09:39:36.836170-04:00,62.52,1.3725
MSTR-20261007T13361680858,MSTR,2026-10-07,2026-10-07T09:39:36.836170-04:00,155.955,0.4234
APLD-20261007T13361687740,APLD,2026-10-07,2026-10-07T09:39:36.836170-04:00,24.035,0.8457
RBRK-20261007T13363284541,RBRK,2026-10-07,2026-10-07T09:39:36.836170-04:00,123.39,0.9552
HUT-20261007T13363309767,HUT,2026-10-07,2026-10-07T09:39:36.836170-04:00,87.175,0.9265
CRWD-20261007T13371313257,CRWD,2026-10-07,2026-10-07T09:39:36.836170-04:00,272.5301,0.6126
ENPH-20261007T13390070395,ENPH,2026-10-07,2026-10-07T09:39:36.836170-04:00,32.565,-0.0154
CEG-20261007T13391605949,CEG,2026-10-07,2026-10-07T09:39:36.836170-04:00,289.5485,-0.1344
KLAC-20261007T13392663273,KLAC,2026-10-07,2026-10-07T09:39:36.836170-04:00,192.32,-0.0208
TENB-20261007T13361274702,TENB,2026-10-07,2026-10-07T09:39:40.470925-04:00,38.755,0.7554
CDNA-20261007T13361674905,CDNA,2026-10-07,2026-10-07T09:39:40.470925-04:00,62.685,1.1122
MSTR-20261007T13361680858,MSTR,2026-10-07,2026-10-07T09:39:40.470925-04:00,155.84,0.4969
APLD-20261007T13361687740,APLD,2026-10-07,2026-10-07T09:39:40.470925-04:00,24.0546,0.7649
RBRK-20261007T13363284541,RBRK,2026-10-07,2026-10-07T09:39:40.470925-04:00,123.39,0.9552
HUT-20261007T13363309767,HUT,2026-10-07,2026-10-07T09:39:40.470925-04:00,87.4703,0.5909
CRWD-20261007T13371313257,CRWD,2026-10-07,2026-10-07T09:39:40.470925-04:00,273.095,0.4066
ENPH-20261007T13390070395,ENPH,2026-10-07,2026-10-07T09:39:40.470925-04:00,32.565,-0.0154
CEG-20261007T13391605949,CEG,2026-10-07,2026-10-07T09:39:40.470925-04:00,289.385,-0.0778
KLAC-20261007T13392663273,KLAC,2026-10-07,2026-10-07T09:39:40.470925-04:00,192.38,-0.052
TENB-20261007T13361274702,TENB,2026-10-07,2026-10-07T09:39:44.164097-04:00,38.755,0.7554
CDNA-20261007T13361674905,CDNA,2026-10-07,2026-10-07T09:39:44.164097-04:00,62.685,1.1122
MSTR-20261007T13361680858,MSTR,2026-10-07,2026-10-07T09:39:44.164097-04:00,155.819,0.5103
APLD-20261007T13361687740,APLD,2026-10-07,2026-10-07T09:39:44.164097-04:00,24.045,0.8045
RBRK-20261007T13363284541,RBRK,2026-10-07,2026-10-07T09:39:44.164097-04:00,122.8301,1.4046
HUT-20261007T13363309767,HUT,2026-10-07,2026-10-07T09:39:44.164097-04:00,87.395,0.6765
CRWD-20261007T13371313257,CRWD,2026-10-07,2026-10-07T09:39:44.164097-04:00,272.9363,0.4645
ENPH-20261007T13390070395,ENPH,2026-10-07,2026-10-07T09:39:44.164097-04:00,32.596,-0.1106
CEG-20261007T13391605949,CEG,2026-10-07,2026-10-07T09:39:44.164097-04:00,289.73,-0.1971
KLAC-20261007T13392663273,KLAC,2026-10-07,2026-10-07T09:39:44.164097-04:00,192.36,-0.0416
PRIM-20261007T13393746098,PRIM,2026-10-07,2026-10-07T09:39:44.164097-04:00,82.6,-0.0
TENB-20261007T13361274702,TENB,2026-10-07,2026-10-07T09:39:47.698502-04:00,38.755,0.7554
CDNA-20261007T13361674905,CDNA,2026-10-07,2026-10-07T09:39:47.698502-04:00,62.4701,1.4512
MSTR-20261007T13361680858,MSTR,2026-10-07,2026-10-07T09:39:47.698502-04:00,155.7074,0.5815
APLD-20261007T13361687740,APLD,2026-10-07,2026-10-07T09:39:47.698502-04:00,24.0421,0.8164
RBRK-20261007T13363284541,RBRK,2026-10-07,2026-10-07T09:39:47.698502-04:00,123.415,0.9351
HUT-20261007T13363309767,HUT,2026-10-07,2026-10-07T09:39:47.698502-04:00,87.351,0.7265
CRWD-20261007T13371313257,CRWD,2026-10-07,2026-10-07T09:39:47.698502-04:00,273.07,0.4157
ENPH-20261007T13390070395,ENPH,2026-10-07,2026-10-07T09:39:47.698502-04:00,32.58,-0.0614
CEG-20261007T13391605949,CEG,2026-10-07,2026-10-07T09:39:47.698502-04:00,289.5702,-0.1419
KLAC-20261007T13392663273,KLAC,2026-10-07,2026-10-07T09:39:47.698502-04:00,192.385,-0.0546
PRIM-20261007T13393746098,PRIM,2026-10-07,2026-10-07T09:39:47.698502-04:00,82.79,-0.23
TENB-20261007T13361274702,TENB,2026-10-07,2026-10-07T09:39:51.305056-04:00,38.755,0.7554
CDNA-20261007T13361674905,CDNA,2026-10-07,2026-10-07T09:39:51.305056-04:00,62.4701,1.4512
MSTR-20261007T13361680858,MSTR,2026-10-07,2026-10-07T09:39:51.305056-04:00,155.73,0.5671
APLD-20261007T13361687740,APLD,2026-10-07,2026-10-07T09:39:51.305056-04:00,24.035,0.8457
RBRK-20261007T13363284541,RBRK,2026-10-07,2026-10-07T09:39:51.305056-04:00,123.334,1.0002
HUT-20261007T13363309767,HUT,2026-10-07,2026-10-07T09:39:51.305056-04:00,87.24,0.8527
CRWD-20261007T13371313257,CRWD,2026-10-07,2026-10-07T09:39:51.305056-04:00,273.0,0.4413
ENPH-20261007T13390070395,ENPH,2026-10-07,2026-10-07T09:39:51.305056-04:00,32.57,-0.0307
CEG-20261007T13391605949,CEG,2026-10-07,2026-10-07T09:39:51.305056-04:00,289.35,-0.0657
KLAC-20261007T13392663273,KLAC,2026-10-07,2026-10-07T09:39:51.305056-04:00,192.44,-0.0832
PRIM-20261007T13393746098,PRIM,2026-10-07,2026-10-07T09:39:51.305056-04:00,82.79,-0.23
TENB-20261007T13361274702,TENB,2026-10-07,2026-10-07T09:39:54.857492-04:00,38.74,0.7939
CDNA-20261007T13361674905,CDNA,2026-10-07,2026-10-07T09:39:54.857492-04:00,62.685,1.1122
MSTR-20261007T13361680858,MSTR,2026-10-07,2026-10-07T09:39:54.857492-04:00,155.7,0.5863
APLD-20261007T13361687740,APLD,2026-10-07,2026-10-07T09:39:54.857492-04:00,24.0286,0.8721
RBRK-20261007T13363284541,RBRK,2026-10-07,2026-10-07T09:39:54.857492-04:00,123.664,0.7353
HUT-20261007T13363309767,HUT,2026-10-07,2026-10-07T09:39:54.857492-04:00,87.3799,0.6937
CRWD-20261007T13371313257,CRWD,2026-10-07,2026-10-07T09:39:54.857492-04:00,272.895,0.4796
ENPH-20261007T13390070395,ENPH,2026-10-07,2026-10-07T09:39:54.857492-04:00,32.535,0.0768
CEG-20261007T13391605949,CEG,2026-10-07,2026-10-07T09:39:54.857492-04:00,289.68,-0.1798
KLAC-20261007T13392663273,KLAC,2026-10-07,2026-10-07T09:39:54.857492-04:00,192.39,-0.0572
PRIM-20261007T13393746098,PRIM,2026-10-07,2026-10-07T09:39:54.857492-04:00,82.8098,-0.254
TENB-20261007T13361274702,TENB,2026-10-07,2026-10-07T09:39:58.340397-04:00,38.79,0.6658
CDNA-20261007T13361674905,CDNA,2026-10-07,2026-10-07T09:39:58.340397-04:00,62.685,1.1122
MSTR-20261007T13361680858,MSTR,2026-10-07,2026-10-07T09:39:58.340397-04:00,155.74,0.5607
APLD-20261007T13361687740,APLD,2026-10-07,2026-10-07T09:39:58.340397-04:00,24.01,0.9488
RBRK-20261007T13363284541,RBRK,2026-10-07,2026-10-07T09:39:58.340397-04:00,123.23,1.0836
HUT-20261007T13363309767,HUT,2026-10-07,2026-10-07T09:39:58.340397-04:00,87.25,0.8413
CRWD-20261007T13371313257,CRWD,2026-10-07,2026-10-07T09:39:58.340397-04:00,273.12,0.3975
ENPH-20261007T13390070395,ENPH,2026-10-07,2026-10-07T09:39:58.340397-04:00,32.57,-0.0307
CEG-20261007T13391605949,CEG,2026-10-07,2026-10-07T09:39:58.340397-04:00,289.4264,-0.0921
KLAC-20261007T13392663273,KLAC,2026-10-07,2026-10-07T09:39:58.340397-04:00,192.48,-0.104
PRIM-20261007T13393746098,PRIM,2026-10-07,2026-10-07T09:39:58.340397-04:00,82.8098,-0.254
TENB-20261007T13361274702,TENB,2026-10-07,2026-10-07T09:40:01.832006-04:00,38.8,0.6402
CDNA-20261007T13361674905,CDNA,2026-10-07,2026-10-07T09:40:01.832006-04:00,62.685,1.1122
MSTR-20261007T13361680858,MSTR,2026-10-07,2026-10-07T09:40:01.832006-04:00,155.86,0.4841
APLD-20261007T13361687740,APLD,2026-10-07,2026-10-07T09:40:01.832006-04:00,24.015,0.9282
RBRK-20261007T13363284541,RBRK,2026-10-07,2026-10-07T09:40:01.832006-04:00,123.45,0.907
HUT-20261007T13363309767,HUT,2026-10-07,2026-10-07T09:40:01.832006-04:00,87.2967,0.7882
CRWD-20261007T13371313257,CRWD,2026-10-07,2026-10-07T09:40:01.832006-04:00,273.1912,0.3715
ENPH-20261007T13390070395,ENPH,2026-10-07,2026-10-07T09:40:01.832006-04:00,32.52,0.1229
CEG-20261007T13391605949,CEG,2026-10-07,2026-10-07T09:40:01.832006-04:00,288.7013,0.1586
KLAC-20261007T13392663273,KLAC,2026-10-07,2026-10-07T09:40:01.832006-04:00,192.4,-0.0624
PRIM-20261007T13393746098,PRIM,2026-10-07,2026-10-07T09:40:01.832006-04:00,82.7544,-0.1869
TENB-20261007T13361274702,TENB,2026-10-07,2026-10-07T09:40:05.518888-04:00,39.1482,-0.2515
CDNA-20261007T13361674905,CDNA,2026-10-07,2026-10-07T09:40:05.518888-04:00,62.685,1.1122
MSTR-20261007T13361680858,MSTR,2026-10-07,2026-10-07T09:40:05.518888-04:00,155.913,0.4503
APLD-20261007T13361687740,APLD,2026-10-07,2026-10-07T09:40:05.518888-04:00,24.03,0.8663
RBRK-20261007T13363284541,RBRK,2026-10-07,2026-10-07T09:40:05.518888-04:00,123.47,0.891
HUT-20261007T13363309767,HUT,2026-10-07,2026-10-07T09:40:05.518888-04:00,87.605,0.4378
CRWD-20261007T13371313257,CRWD,2026-10-07,2026-10-07T09:40:05.518888-04:00,272.88,0.485
ENPH-20261007T13390070395,ENPH,2026-10-07,2026-10-07T09:40:05.518888-04:00,32.52,0.1229
CEG-20261007T13391605949,CEG,2026-10-07,2026-10-07T09:40:05.518888-04:00,288.5,0.2282
KLAC-20261007T13392663273,KLAC,2026-10-07,2026-10-07T09:40:05.518888-04:00,192.35,-0.0364
PRIM-20261007T13393746098,PRIM,2026-10-07,2026-10-07T09:40:05.518888-04:00,82.8075,-0.2512
TENB-20261007T13361274702,TENB,2026-10-07,2026-10-07T09:40:09.356039-04:00,38.73,0.8195
CDNA-20261007T13361674905,CDNA,2026-10-07,2026-10-07T09:40:09.356039-04:00,62.69,1.1043
MSTR-20261007T13361680858,MSTR,2026-10-07,2026-10-07T09:40:09.356039-04:00,156.1358,0.308
APLD-20261007T13361687740,APLD,2026-10-07,2026-10-07T09:40:09.356039-04:00,24.045,0.8045
RBRK-20261007T13363284541,RBRK,2026-10-07,2026-10-07T09:40:09.356039-04:00,123.47,0.891
HUT-20261007T13363309767,HUT,2026-10-07,2026-10-07T09:40:09.356039-04:00,87.7595,0.2623
ENPH-20261007T13390070395,ENPH,2026-10-07,2026-10-07T09:40:09.356039-04:00,32.56,-0.0
CEG-20261007T13391605949,CEG,2026-10-07,2026-10-07T09:40:09.356039-04:00,288.52,0.2213
KLAC-20261007T13392663273,KLAC,2026-10-07,2026-10-07T09:40:09.356039-04:00,192.6631,-0.1992
PRIM-20261007T13393746098,PRIM,2026-10-07,2026-10-07T09:40:09.356039-04:00,82.61,-0.0121
TENB-20261007T13361274702,TENB,2026-10-07,2026-10-07T09:40:13.192538-04:00,38.74,0.7939
CDNA-20261007T13361674905,CDNA,2026-10-07,2026-10-07T09:40:13.192538-04:00,62.9688,0.6645
MSTR-20261007T13361680858,MSTR,2026-10-07,2026-10-07T09:40:13.192538-04:00,156.0616,0.3554
APLD-20261007T13361687740,APLD,2026-10-07,2026-10-07T09:40:13.192538-04:00,24.0598,0.7434
RBRK-20261007T13363284541,RBRK,2026-10-07,2026-10-07T09:40:13.192538-04:00,123.595,0.7907
HUT-20261007T13363309767,HUT,2026-10-07,2026-10-07T09:40:13.192538-04:00,87.76,0.2617
ENPH-20261007T13390070395,ENPH,2026-10-07,2026-10-07T09:40:13.192538-04:00,32.575,-0.0461
CEG-20261007T13391605949,CEG,2026-10-07,2026-10-07T09:40:13.192538-04:00,288.692,0.1618
KLAC-20261007T13392663273,KLAC,2026-10-07,2026-10-07T09:40:13.192538-04:00,192.4,-0.0624
PRIM-20261007T13393746098,PRIM,2026-10-07,2026-10-07T09:40:13.192538-04:00,82.68,-0.0969
TENB-20261007T13361274702,TENB,2026-10-07,2026-10-07T09:40:16.919762-04:00,38.705,0.8835
CDNA-20261007T13361674905,CDNA,2026-10-07,2026-10-07T09:40:16.919762-04:00,62.44,1.4987
MSTR-20261007T13361680858,MSTR,2026-10-07,2026-10-07T09:40:16.919762-04:00,155.87,0.4777
APLD-20261007T13361687740,APLD,2026-10-07,2026-10-07T09:40:16.919762-04:00,24.03,0.8663
RBRK-20261007T13363284541,RBRK,2026-10-07,2026-10-07T09:40:16.919762-04:00,123.5,0.8669
HUT-20261007T13363309767,HUT,2026-10-07,2026-10-07T09:40:16.919762-04:00,87.6638,0.371
ENPH-20261007T13390070395,ENPH,2026-10-07,2026-10-07T09:40:16.919762-04:00,32.61,-0.1536
CEG-20261007T13391605949,CEG,2026-10-07,2026-10-07T09:40:16.919762-04:00,289.02,0.0484
KLAC-20261007T13392663273,KLAC,2026-10-07,2026-10-07T09:40:16.919762-04:00,192.34,-0.0312
PRIM-20261007T13393746098,PRIM,2026-10-07,2026-10-07T09:40:16.919762-04:00,82.68,-0.0969
TENB-20261007T13361274702,TENB,2026-10-07,2026-10-07T09:40:20.606020-04:00,38.705,0.8835
CDNA-20261007T13361674905,CDNA,2026-10-07,2026-10-07T09:40:20.606020-04:00,62.52,1.3725
MSTR-20261007T13361680858,MSTR,2026-10-07,2026-10-07T09:40:20.606020-04:00,155.94,0.433
APLD-20261007T13361687740,APLD,2026-10-07,2026-10-07T09:40:20.606020-04:00,24.005,0.9695
RBRK-20261007T13363284541,RBRK,2026-10-07,2026-10-07T09:40:20.606020-04:00,123.38,0.9632
HUT-20261007T13363309767,HUT,2026-10-07,2026-10-07T09:40:20.606020-04:00,87.44,0.6254
ENPH-20261007T13390070395,ENPH,2026-10-07,2026-10-07T09:40:20.606020-04:00,32.6399,-0.2454
CEG-20261007T13391605949,CEG,2026-10-07,2026-10-07T09:40:20.606020-04:00,288.8772,0.0978
KLAC-20261007T13392663273,KLAC,2026-10-07,2026-10-07T09:40:20.606020-04:00,192.39,-0.0572
PRIM-20261007T13393746098,PRIM,2026-10-07,2026-10-07T09:40:20.606020-04:00,82.952,-0.4262
TENB-20261007T13361274702,TENB,2026-10-07,2026-10-07T09:40:24.325134-04:00,38.72,0.8451
CDNA-20261007T13361674905,CDNA,2026-10-07,2026-10-07T09:40:24.325134-04:00,62.7075,1.0767
MSTR-20261007T13361680858,MSTR,2026-10-07,2026-10-07T09:40:24.325134-04:00,155.9347,0.4364
APLD-20261007T13361687740,APLD,2026-10-07,2026-10-07T09:40:24.325134-04:00,24.0199,0.908
RBRK-20261007T13363284541,RBRK,2026-10-07,2026-10-07T09:40:24.325134-04:00,123.92,0.5298
HUT-20261007T13363309767,HUT,2026-10-07,2026-10-07T09:40:24.325134-04:00,87.2733,0.8148
ENPH-20261007T13390070395,ENPH,2026-10-07,2026-10-07T09:40:24.325134-04:00,32.592,-0.0983
CEG-20261007T13391605949,CEG,2026-10-07,2026-10-07T09:40:24.325134-04:00,289.4181,-0.0893
KLAC-20261007T13392663273,KLAC,2026-10-07,2026-10-07T09:40:24.325134-04:00,192.5102,-0.1197
PRIM-20261007T13393746098,PRIM,2026-10-07,2026-10-07T09:40:24.325134-04:00,82.952,-0.4262
TENB-20261007T13361274702,TENB,2026-10-07,2026-10-07T09:40:27.930986-04:00,38.72,0.8451
CDNA-20261007T13361674905,CDNA,2026-10-07,2026-10-07T09:40:27.930986-04:00,62.745,1.0175
MSTR-20261007T13361680858,MSTR,2026-10-07,2026-10-07T09:40:27.930986-04:00,155.9252,0.4425
APLD-20261007T13361687740,APLD,2026-10-07,2026-10-07T09:40:27.930986-04:00,24.0199,0.908
RBRK-20261007T13363284541,RBRK,2026-10-07,2026-10-07T09:40:27.930986-04:00,123.78,0.6422
HUT-20261007T13363309767,HUT,2026-10-07,2026-10-07T09:40:27.930986-04:00,87.19,0.9095
ENPH-20261007T13390070395,ENPH,2026-10-07,2026-10-07T09:40:27.930986-04:00,32.63,-0.215
CEG-20261007T13391605949,CEG,2026-10-07,2026-10-07T09:40:27.930986-04:00,288.96,0.0692
KLAC-20261007T13392663273,KLAC,2026-10-07,2026-10-07T09:40:27.930986-04:00,192.4246,-0.0752
PRIM-20261007T13393746098,PRIM,2026-10-07,2026-10-07T09:40:27.930986-04:00,82.952,-0.4262
TENB-20261007T13361274702,TENB,2026-10-07,2026-10-07T09:40:31.765891-04:00,38.6742,0.9624
CDNA-20261007T13361674905,CDNA,2026-10-07,2026-10-07T09:40:31.765891-04:00,62.74,1.0254
MSTR-20261007T13361680858,MSTR,2026-10-07,2026-10-07T09:40:31.765891-04:00,155.9375,0.4346
APLD-20261007T13361687740,APLD,2026-10-07,2026-10-07T09:40:31.765891-04:00,24.02,0.9076
RBRK-20261007T13363284541,RBRK,2026-10-07,2026-10-07T09:40:31.765891-04:00,123.78,0.6422
HUT-20261007T13363309767,HUT,2026-10-07,2026-10-07T09:40:31.765891-04:00,87.1675,0.9351
ENPH-20261007T13390070395,ENPH,2026-10-07,2026-10-07T09:40:31.765891-04:00,32.68,-0.3686
CEG-20261007T13391605949,CEG,2026-10-07,2026-10-07T09:40:31.765891-04:00,288.78,0.1314
KLAC-20261007T13392663273,KLAC,2026-10-07,2026-10-07T09:40:31.765891-04:00,192.355,-0.039
PRIM-20261007T13393746098,PRIM,2026-10-07,2026-10-07T09:40:31.765891-04:00,82.76,-0.1937
TENB-20261007T13361274702,TENB,2026-10-07,2026-10-07T09:40:35.587091-04:00,38.79,0.6658
CDNA-20261007T13361674905,CDNA,2026-10-07,2026-10-07T09:40:35.587091-04:00,62.74,1.0254
MSTR-20261007T13361680858,MSTR,2026-10-07,2026-10-07T09:40:35.587091-04:00,155.905,0.4554
APLD-20261007T13361687740,APLD,2026-10-07,2026-10-07T09:40:35.587091-04:00,24.0,0.9901
RBRK-20261007T13363284541,RBRK,2026-10-07,2026-10-07T09:40:35.587091-04:00,123.9,0.5458
HUT-20261007T13363309767,HUT,2026-10-07,2026-10-07T09:40:35.587091-04:00,87.16,0.9436
ENPH-20261007T13390070395,ENPH,2026-10-07,2026-10-07T09:40:35.587091-04:00,32.675,-0.3532
CEG-20261007T13391605949,CEG,2026-10-07,2026-10-07T09:40:35.587091-04:00,288.593,0.1961
KLAC-20261007T13392663273,KLAC,2026-10-07,2026-10-07T09:40:35.587091-04:00,192.52,-0.1248
PRIM-20261007T13393746098,PRIM,2026-10-07,2026-10-07T09:40:35.587091-04:00,82.76,-0.1937
MTZ-20261007T13402871035,MTZ,2026-10-07,2026-10-07T09:40:35.587091-04:00,221.985,-0.2642
TENB-20261007T13361274702,TENB,2026-10-07,2026-10-07T09:40:39.171935-04:00,38.825,0.5762
CDNA-20261007T13361674905,CDNA,2026-10-07,2026-10-07T09:40:39.171935-04:00,62.75,1.0096
MSTR-20261007T13361680858,MSTR,2026-10-07,2026-10-07T09:40:39.171935-04:00,155.755,0.5511
APLD-20261007T13361687740,APLD,2026-10-07,2026-10-07T09:40:39.171935-04:00,23.9699,1.1143
RBRK-20261007T13363284541,RBRK,2026-10-07,2026-10-07T09:40:39.171935-04:00,123.78,0.6422
HUT-20261007T13363309767,HUT,2026-10-07,2026-10-07T09:40:39.171935-04:00,87.1,1.0118
ENPH-20261007T13390070395,ENPH,2026-10-07,2026-10-07T09:40:39.171935-04:00,32.63,-0.215
CEG-20261007T13391605949,CEG,2026-10-07,2026-10-07T09:40:39.171935-04:00,287.845,0.4548
KLAC-20261007T13392663273,KLAC,2026-10-07,2026-10-07T09:40:39.171935-04:00,192.695,-0.2158
PRIM-20261007T13393746098,PRIM,2026-10-07,2026-10-07T09:40:39.171935-04:00,82.78,-0.2179
MTZ-20261007T13402871035,MTZ,2026-10-07,2026-10-07T09:40:39.171935-04:00,222.5699,-0.5284
TENB-20261007T13361274702,TENB,2026-10-07,2026-10-07T09:40:42.846668-04:00,38.85,0.5122
CDNA-20261007T13361674905,CDNA,2026-10-07,2026-10-07T09:40:42.846668-04:00,63.07,0.5048
MSTR-20261007T13361680858,MSTR,2026-10-07,2026-10-07T09:40:42.846668-04:00,155.88,0.4713
APLD-20261007T13361687740,APLD,2026-10-07,2026-10-07T09:40:42.846668-04:00,23.965,1.1345
RBRK-20261007T13363284541,RBRK,2026-10-07,2026-10-07T09:40:42.846668-04:00,124.0014,0.4644
HUT-20261007T13363309767,HUT,2026-10-07,2026-10-07T09:40:42.846668-04:00,87.06,1.0572
ENPH-20261007T13390070395,ENPH,2026-10-07,2026-10-07T09:40:42.846668-04:00,32.675,-0.3532
CEG-20261007T13391605949,CEG,2026-10-07,2026-10-07T09:40:42.846668-04:00,287.65,0.5222
KLAC-20261007T13392663273,KLAC,2026-10-07,2026-10-07T09:40:42.846668-04:00,192.7075,-0.2223
PRIM-20261007T13393746098,PRIM,2026-10-07,2026-10-07T09:40:42.846668-04:00,82.78,-0.2179
MTZ-20261007T13402871035,MTZ,2026-10-07,2026-10-07T09:40:42.846668-04:00,222.205,-0.3636
TENB-20261007T13361274702,TENB,2026-10-07,2026-10-07T09:40:46.585192-04:00,38.85,0.5122
CDNA-20261007T13361674905,CDNA,2026-10-07,2026-10-07T09:40:46.585192-04:00,62.85,0.8519
MSTR-20261007T13361680858,MSTR,2026-10-07,2026-10-07T09:40:46.585192-04:00,155.9999,0.3948
APLD-20261007T13361687740,APLD,2026-10-07,2026-10-07T09:40:46.585192-04:00,23.97,1.1139
RBRK-20261007T13363284541,RBRK,2026-10-07,2026-10-07T09:40:46.585192-04:00,123.8996,0.5462
HUT-20261007T13363309767,HUT,2026-10-07,2026-10-07T09:40:46.585192-04:00,86.835,1.3129
ENPH-20261007T13390070395,ENPH,2026-10-07,2026-10-07T09:40:46.585192-04:00,32.675,-0.3532
CEG-20261007T13391605949,CEG,2026-10-07,2026-10-07T09:40:46.585192-04:00,287.87,0.4461
KLAC-20261007T13392663273,KLAC,2026-10-07,2026-10-07T09:40:46.585192-04:00,192.79,-0.2652
PRIM-20261007T13393746098,PRIM,2026-10-07,2026-10-07T09:40:46.585192-04:00,82.78,-0.2179
MTZ-20261007T13402871035,MTZ,2026-10-07,2026-10-07T09:40:46.585192-04:00,222.985,-0.7159
TENB-20261007T13361274702,TENB,2026-10-07,2026-10-07T09:40:50.269482-04:00,38.8,0.6402
CDNA-20261007T13361674905,CDNA,2026-10-07,2026-10-07T09:40:50.269482-04:00,63.222,0.265
MSTR-20261007T13361680858,MSTR,2026-10-07,2026-10-07T09:40:50.269482-04:00,156.05,0.3628
APLD-20261007T13361687740,APLD,2026-10-07,2026-10-07T09:40:50.269482-04:00,23.965,1.1345
RBRK-20261007T13363284541,RBRK,2026-10-07,2026-10-07T09:40:50.269482-04:00,124.065,0.4134
HUT-20261007T13363309767,HUT,2026-10-07,2026-10-07T09:40:50.269482-04:00,86.66,1.5118
ENPH-20261007T13390070395,ENPH,2026-10-07,2026-10-07T09:40:50.269482-04:00,32.6458,-0.2635
CEG-20261007T13391605949,CEG,2026-10-07,2026-10-07T09:40:50.269482-04:00,287.31,0.6398
KLAC-20261007T13392663273,KLAC,2026-10-07,2026-10-07T09:40:50.269482-04:00,192.5944,-0.1635
PRIM-20261007T13393746098,PRIM,2026-10-07,2026-10-07T09:40:50.269482-04:00,82.78,-0.2179
MTZ-20261007T13402871035,MTZ,2026-10-07,2026-10-07T09:40:50.269482-04:00,222.8425,-0.6515
TENB-20261007T13361274702,TENB,2026-10-07,2026-10-07T09:40:53.967618-04:00,38.78,0.6914
CDNA-20261007T13361674905,CDNA,2026-10-07,2026-10-07T09:40:53.967618-04:00,63.1,0.4575
MSTR-20261007T13361680858,MSTR,2026-10-07,2026-10-07T09:40:53.967618-04:00,156.15,0.2989
APLD-20261007T13361687740,APLD,2026-10-07,2026-10-07T09:40:53.967618-04:00,23.955,1.1757
RBRK-20261007T13363284541,RBRK,2026-10-07,2026-10-07T09:40:53.967618-04:00,124.21,0.297
HUT-20261007T13363309767,HUT,2026-10-07,2026-10-07T09:40:53.967618-04:00,86.66,1.5118
ENPH-20261007T13390070395,ENPH,2026-10-07,2026-10-07T09:40:53.967618-04:00,32.615,-0.1689
CEG-20261007T13391605949,CEG,2026-10-07,2026-10-07T09:40:53.967618-04:00,286.63,0.8749
KLAC-20261007T13392663273,KLAC,2026-10-07,2026-10-07T09:40:53.967618-04:00,192.8,-0.2704
PRIM-20261007T13393746098,PRIM,2026-10-07,2026-10-07T09:40:53.967618-04:00,82.6192,-0.0232
MTZ-20261007T13402871035,MTZ,2026-10-07,2026-10-07T09:40:53.967618-04:00,222.8425,-0.6515
TENB-20261007T13361274702,TENB,2026-10-07,2026-10-07T09:40:57.852468-04:00,38.78,0.6914
CDNA-20261007T13361674905,CDNA,2026-10-07,2026-10-07T09:40:57.852468-04:00,63.1,0.4575
MSTR-20261007T13361680858,MSTR,2026-10-07,2026-10-07T09:40:57.852468-04:00,156.11,0.3245
APLD-20261007T13361687740,APLD,2026-10-07,2026-10-07T09:40:57.852468-04:00,23.97,1.1139
RBRK-20261007T13363284541,RBRK,2026-10-07,2026-10-07T09:40:57.852468-04:00,124.0605,0.417
HUT-20261007T13363309767,HUT,2026-10-07,2026-10-07T09:40:57.852468-04:00,86.73,1.4323
ENPH-20261007T13390070395,ENPH,2026-10-07,2026-10-07T09:40:57.852468-04:00,32.62,-0.1843
CEG-20261007T13391605949,CEG,2026-10-07,2026-10-07T09:40:57.852468-04:00,287.3539,0.6246
KLAC-20261007T13392663273,KLAC,2026-10-07,2026-10-07T09:40:57.852468-04:00,192.8,-0.2704
PRIM-20261007T13393746098,PRIM,2026-10-07,2026-10-07T09:40:57.852468-04:00,82.6192,-0.0232
MTZ-20261007T13402871035,MTZ,2026-10-07,2026-10-07T09:40:57.852468-04:00,222.5745,-0.5305
TENB-20261007T13361274702,TENB,2026-10-07,2026-10-07T09:41:01.672748-04:00,39.1387,-0.2271
CDNA-20261007T13361674905,CDNA,2026-10-07,2026-10-07T09:41:01.672748-04:00,63.1,0.4575
MSTR-20261007T13361680858,MSTR,2026-10-07,2026-10-07T09:41:01.672748-04:00,156.1101,0.3244
APLD-20261007T13361687740,APLD,2026-10-07,2026-10-07T09:41:01.672748-04:00,23.975,1.0932
RBRK-20261007T13363284541,RBRK,2026-10-07,2026-10-07T09:41:01.672748-04:00,123.6573,0.7406
HUT-20261007T13363309767,HUT,2026-10-07,2026-10-07T09:41:01.672748-04:00,87.9589,0.0356
ENPH-20261007T13390070395,ENPH,2026-10-07,2026-10-07T09:41:01.672748-04:00,32.61,-0.1536
CEG-20261007T13391605949,CEG,2026-10-07,2026-10-07T09:41:01.672748-04:00,287.67,0.5153
KLAC-20261007T13392663273,KLAC,2026-10-07,2026-10-07T09:41:01.672748-04:00,192.5851,-0.1587
PRIM-20261007T13393746098,PRIM,2026-10-07,2026-10-07T09:41:01.672748-04:00,82.6192,-0.0232
MTZ-20261007T13402871035,MTZ,2026-10-07,2026-10-07T09:41:01.672748-04:00,222.7184,-0.5955
TENB-20261007T13361274702,TENB,2026-10-07,2026-10-07T09:41:06.515947-04:00,38.785,0.6786
CDNA-20261007T13361674905,CDNA,2026-10-07,2026-10-07T09:41:06.515947-04:00,63.095,0.4654
MSTR-20261007T13361680858,MSTR,2026-10-07,2026-10-07T09:41:06.515947-04:00,156.042,0.3679
APLD-20261007T13361687740,APLD,2026-10-07,2026-10-07T09:41:06.515947-04:00,23.995,1.0107
HUT-20261007T13363309767,HUT,2026-10-07,2026-10-07T09:41:06.515947-04:00,87.0482,1.0706
ENPH-20261007T13390070395,ENPH,2026-10-07,2026-10-07T09:41:06.515947-04:00,32.68,-0.3686
CEG-20261007T13391605949,CEG,2026-10-07,2026-10-07T09:41:06.515947-04:00,287.51,0.5706
KLAC-20261007T13392663273,KLAC,2026-10-07,2026-10-07T09:41:06.515947-04:00,193.1198,-0.4368
PRIM-20261007T13393746098,PRIM,2026-10-07,2026-10-07T09:41:06.515947-04:00,82.78,-0.2179
MTZ-20261007T13402871035,MTZ,2026-10-07,2026-10-07T09:41:06.515947-04:00,222.7184,-0.5955
TENB-20261007T13361274702,TENB,2026-10-07,2026-10-07T09:41:10.745631-04:00,38.83,0.5634
CDNA-20261007T13361674905,CDNA,2026-10-07,2026-10-07T09:41:10.745631-04:00,63.095,0.4654
MSTR-20261007T13361680858,MSTR,2026-10-07,2026-10-07T09:41:10.745631-04:00,156.01,0.3883
APLD-20261007T13361687740,APLD,2026-10-07,2026-10-07T09:41:10.745631-04:00,23.985,1.052
HUT-20261007T13363309767,HUT,2026-10-07,2026-10-07T09:41:10.745631-04:00,87.14,0.9663
ENPH-20261007T13390070395,ENPH,2026-10-07,2026-10-07T09:41:10.745631-04:00,32.66,-0.3071
CEG-20261007T13391605949,CEG,2026-10-07,2026-10-07T09:41:10.745631-04:00,287.33,0.6329
KLAC-20261007T13392663273,KLAC,2026-10-07,2026-10-07T09:41:10.745631-04:00,193.03,-0.3901
PRIM-20261007T13393746098,PRIM,2026-10-07,2026-10-07T09:41:10.745631-04:00,82.64,-0.0484
TSEM-20261007T13410347229,TSEM,2026-10-07,2026-10-07T09:41:10.745631-04:00,244.94,-0.1305
TENB-20261007T13361274702,TENB,2026-10-07,2026-10-07T09:41:14.378329-04:00,38.83,0.5634
CDNA-20261007T13361674905,CDNA,2026-10-07,2026-10-07T09:41:14.378329-04:00,63.095,0.4654
MSTR-20261007T13361680858,MSTR,2026-10-07,2026-10-07T09:41:14.378329-04:00,156.0707,0.3496
APLD-20261007T13361687740,APLD,2026-10-07,2026-10-07T09:41:14.378329-04:00,23.99,1.0314
HUT-20261007T13363309767,HUT,2026-10-07,2026-10-07T09:41:14.378329-04:00,87.4396,0.6258
ENPH-20261007T13390070395,ENPH,2026-10-07,2026-10-07T09:41:14.378329-04:00,32.77,-0.645
CEG-20261007T13391605949,CEG,2026-10-07,2026-10-07T09:41:14.378329-04:00,287.455,0.5896
KLAC-20261007T13392663273,KLAC,2026-10-07,2026-10-07T09:41:14.378329-04:00,193.025,-0.3875
PRIM-20261007T13393746098,PRIM,2026-10-07,2026-10-07T09:41:14.378329-04:00,82.64,-0.0484
TSEM-20261007T13410347229,TSEM,2026-10-07,2026-10-07T09:41:14.378329-04:00,244.62,0.0003
TENB-20261007T13361274702,TENB,2026-10-07,2026-10-07T09:41:17.983166-04:00,38.82,0.589
CDNA-20261007T13361674905,CDNA,2026-10-07,2026-10-07T09:41:17.983166-04:00,63.095,0.4654
MSTR-20261007T13361680858,MSTR,2026-10-07,2026-10-07T09:41:17.983166-04:00,156.135,0.3085
APLD-20261007T13361687740,APLD,2026-10-07,2026-10-07T09:41:17.983166-04:00,23.985,1.052
HUT-20261007T13363309767,HUT,2026-10-07,2026-10-07T09:41:17.983166-04:00,86.9261,1.2094
ENPH-20261007T13390070395,ENPH,2026-10-07,2026-10-07T09:41:17.983166-04:00,32.755,-0.5989
CEG-20261007T13391605949,CEG,2026-10-07,2026-10-07T09:41:17.983166-04:00,287.46,0.5879
KLAC-20261007T13392663273,KLAC,2026-10-07,2026-10-07T09:41:17.983166-04:00,192.92,-0.3328
PRIM-20261007T13393746098,PRIM,2026-10-07,2026-10-07T09:41:17.983166-04:00,82.78,-0.2179
TSEM-20261007T13410347229,TSEM,2026-10-07,2026-10-07T09:41:17.983166-04:00,244.665,-0.0181
TTMI-20261007T13411136086,TTMI,2026-10-07,2026-10-07T09:41:17.983166-04:00,126.9256,-0.1306
TENB-20261007T13361274702,TENB,2026-10-07,2026-10-07T09:41:21.702693-04:00,38.85,0.5122
CDNA-20261007T13361674905,CDNA,2026-10-07,2026-10-07T09:41:21.702693-04:00,63.095,0.4654
MSTR-20261007T13361680858,MSTR,2026-10-07,2026-10-07T09:41:21.702693-04:00,156.27,0.2223
APLD-20261007T13361687740,APLD,2026-10-07,2026-10-07T09:41:21.702693-04:00,24.015,0.9282
HUT-20261007T13363309767,HUT,2026-10-07,2026-10-07T09:41:21.702693-04:00,86.825,1.3243
ENPH-20261007T13390070395,ENPH,2026-10-07,2026-10-07T09:41:21.702693-04:00,32.7326,-0.5301
CEG-20261007T13391605949,CEG,2026-10-07,2026-10-07T09:41:21.702693-04:00,287.69,0.5084
KLAC-20261007T13392663273,KLAC,2026-10-07,2026-10-07T09:41:21.702693-04:00,193.005,-0.3771
PRIM-20261007T13393746098,PRIM,2026-10-07,2026-10-07T09:41:21.702693-04:00,82.78,-0.2179
TSEM-20261007T13410347229,TSEM,2026-10-07,2026-10-07T09:41:21.702693-04:00,244.6068,0.0057
TTMI-20261007T13411136086,TTMI,2026-10-07,2026-10-07T09:41:21.702693-04:00,126.75,0.0079
TENB-20261007T13361274702,TENB,2026-10-07,2026-10-07T09:41:25.244311-04:00,38.895,0.3969
CDNA-20261007T13361674905,CDNA,2026-10-07,2026-10-07T09:41:25.244311-04:00,63.2591,0.2065
MSTR-20261007T13361680858,MSTR,2026-10-07,2026-10-07T09:41:25.244311-04:00,156.2088,0.2614
APLD-20261007T13361687740,APLD,2026-10-07,2026-10-07T09:41:25.244311-04:00,24.04,0.8251
HUT-20261007T13363309767,HUT,2026-10-07,2026-10-07T09:41:25.244311-04:00,86.6889,1.479
ENPH-20261007T13390070395,ENPH,2026-10-07,2026-10-07T09:41:25.244311-04:00,32.81,-0.7678
CEG-20261007T13391605949,CEG,2026-10-07,2026-10-07T09:41:25.244311-04:00,288.06,0.3804
KLAC-20261007T13392663273,KLAC,2026-10-07,2026-10-07T09:41:25.244311-04:00,192.574,-0.1529
PRIM-20261007T13393746098,PRIM,2026-10-07,2026-10-07T09:41:25.244311-04:00,82.78,-0.2179
TSEM-20261007T13410347229,TSEM,2026-10-07,2026-10-07T09:41:25.244311-04:00,244.7001,-0.0325
TTMI-20261007T13411136086,TTMI,2026-10-07,2026-10-07T09:41:25.244311-04:00,126.75,0.0079
TENB-20261007T13361274702,TENB,2026-10-07,2026-10-07T09:41:28.660584-04:00,38.895,0.3969
CDNA-20261007T13361674905,CDNA,2026-10-07,2026-10-07T09:41:28.660584-04:00,63.2591,0.2065
MSTR-20261007T13361680858,MSTR,2026-10-07,2026-10-07T09:41:28.660584-04:00,156.28,0.2159
APLD-20261007T13361687740,APLD,2026-10-07,2026-10-07T09:41:28.660584-04:00,24.065,0.7219
HUT-20261007T13363309767,HUT,2026-10-07,2026-10-07T09:41:28.660584-04:00,87.05,1.0686
ENPH-20261007T13390070395,ENPH,2026-10-07,2026-10-07T09:41:28.660584-04:00,32.785,-0.691
CEG-20261007T13391605949,CEG,2026-10-07,2026-10-07T09:41:28.660584-04:00,287.9601,0.415
KLAC-20261007T13392663273,KLAC,2026-10-07,2026-10-07T09:41:28.660584-04:00,192.88,-0.312
PRIM-20261007T13393746098,PRIM,2026-10-07,2026-10-07T09:41:28.660584-04:00,82.699,-0.1199
TSEM-20261007T13410347229,TSEM,2026-10-07,2026-10-07T09:41:28.660584-04:00,244.42,0.0821
TTMI-20261007T13411136086,TTMI,2026-10-07,2026-10-07T09:41:28.660584-04:00,126.65,0.0868
TENB-20261007T13361274702,TENB,2026-10-07,2026-10-07T09:41:32.022872-04:00,38.86,0.4866
CDNA-20261007T13361674905,CDNA,2026-10-07,2026-10-07T09:41:32.022872-04:00,63.25,0.2209
MSTR-20261007T13361680858,MSTR,2026-10-07,2026-10-07T09:41:32.022872-04:00,156.4,0.1393
APLD-20261007T13361687740,APLD,2026-10-07,2026-10-07T09:41:32.022872-04:00,24.055,0.7632
HUT-20261007T13363309767,HUT,2026-10-07,2026-10-07T09:41:32.022872-04:00,86.9,1.2391
ENPH-20261007T13390070395,ENPH,2026-10-07,2026-10-07T09:41:32.022872-04:00,32.785,-0.691
CEG-20261007T13391605949,CEG,2026-10-07,2026-10-07T09:41:32.022872-04:00,287.75,0.4876
KLAC-20261007T13392663273,KLAC,2026-10-07,2026-10-07T09:41:32.022872-04:00,192.81,-0.2756
PRIM-20261007T13393746098,PRIM,2026-10-07,2026-10-07T09:41:32.022872-04:00,82.78,-0.2179
TSEM-20261007T13410347229,TSEM,2026-10-07,2026-10-07T09:41:32.022872-04:00,244.38,0.0984
TTMI-20261007T13411136086,TTMI,2026-10-07,2026-10-07T09:41:32.022872-04:00,126.935,-0.1381
TENB-20261007T13361274702,TENB,2026-10-07,2026-10-07T09:41:35.391861-04:00,38.87,0.4609
CDNA-20261007T13361674905,CDNA,2026-10-07,2026-10-07T09:41:35.391861-04:00,63.03,0.5679
MSTR-20261007T13361680858,MSTR,2026-10-07,2026-10-07T09:41:35.391861-04:00,156.27,0.2223
APLD-20261007T13361687740,APLD,2026-10-07,2026-10-07T09:41:35.391861-04:00,24.06,0.7426
HUT-20261007T13363309767,HUT,2026-10-07,2026-10-07T09:41:35.391861-04:00,87.0386,1.0815
ENPH-20261007T13390070395,ENPH,2026-10-07,2026-10-07T09:41:35.391861-04:00,32.82,-0.7985
CEG-20261007T13391605949,CEG,2026-10-07,2026-10-07T09:41:35.391861-04:00,288.56,0.2075
KLAC-20261007T13392663273,KLAC,2026-10-07,2026-10-07T09:41:35.391861-04:00,192.82,-0.2808
PRIM-20261007T13393746098,PRIM,2026-10-07,2026-10-07T09:41:35.391861-04:00,82.78,-0.2179
TSEM-20261007T13410347229,TSEM,2026-10-07,2026-10-07T09:41:35.391861-04:00,244.355,0.1086
TTMI-20261007T13411136086,TTMI,2026-10-07,2026-10-07T09:41:35.391861-04:00,126.8245,-0.0509
TENB-20261007T13361274702,TENB,2026-10-07,2026-10-07T09:41:38.788715-04:00,38.87,0.4609
CDNA-20261007T13361674905,CDNA,2026-10-07,2026-10-07T09:41:38.788715-04:00,63.03,0.5679
MSTR-20261007T13361680858,MSTR,2026-10-07,2026-10-07T09:41:38.788715-04:00,156.24,0.2415
APLD-20261007T13361687740,APLD,2026-10-07,2026-10-07T09:41:38.788715-04:00,24.06,0.7426
HUT-20261007T13363309767,HUT,2026-10-07,2026-10-07T09:41:38.788715-04:00,87.0386,1.0815
ENPH-20261007T13390070395,ENPH,2026-10-07,2026-10-07T09:41:38.788715-04:00,32.82,-0.7985
CEG-20261007T13391605949,CEG,2026-10-07,2026-10-07T09:41:38.788715-04:00,288.4933,0.2306
KLAC-20261007T13392663273,KLAC,2026-10-07,2026-10-07T09:41:38.788715-04:00,192.6228,-0.1783
PRIM-20261007T13393746098,PRIM,2026-10-07,2026-10-07T09:41:38.788715-04:00,82.78,-0.2179
TSEM-20261007T13410347229,TSEM,2026-10-07,2026-10-07T09:41:38.788715-04:00,244.42,0.0821
TTMI-20261007T13411136086,TTMI,2026-10-07,2026-10-07T09:41:38.788715-04:00,126.8245,-0.0509
TENB-20261007T13361274702,TENB,2026-10-07,2026-10-07T09:41:42.056121-04:00,38.87,0.4609
CDNA-20261007T13361674905,CDNA,2026-10-07,2026-10-07T09:41:42.056121-04:00,63.035,0.56
MSTR-20261007T13361680858,MSTR,2026-10-07,2026-10-07T09:41:42.056121-04:00,156.28,0.2159
APLD-20261007T13361687740,APLD,2026-10-07,2026-10-07T09:41:42.056121-04:00,24.0497,0.7851
HUT-20261007T13363309767,HUT,2026-10-07,2026-10-07T09:41:42.056121-04:00,87.01,1.1141
ENPH-20261007T13390070395,ENPH,2026-10-07,2026-10-07T09:41:42.056121-04:00,32.81,-0.7678
CEG-20261007T13391605949,CEG,2026-10-07,2026-10-07T09:41:42.056121-04:00,288.731,0.1484
KLAC-20261007T13392663273,KLAC,2026-10-07,2026-10-07T09:41:42.056121-04:00,192.85,-0.2964
PRIM-20261007T13393746098,PRIM,2026-10-07,2026-10-07T09:41:42.056121-04:00,82.78,-0.2179
TSEM-20261007T13410347229,TSEM,2026-10-07,2026-10-07T09:41:42.056121-04:00,244.4,0.0902
TTMI-20261007T13411136086,TTMI,2026-10-07,2026-10-07T09:41:42.056121-04:00,127.07,-0.2446
TENB-20261007T13361274702,TENB,2026-10-07,2026-10-07T09:41:45.386143-04:00,38.9575,0.2369
CDNA-20261007T13361674905,CDNA,2026-10-07,2026-10-07T09:41:45.386143-04:00,63.03,0.5679
MSTR-20261007T13361680858,MSTR,2026-10-07,2026-10-07T09:41:45.386143-04:00,156.232,0.2466
APLD-20261007T13361687740,APLD,2026-10-07,2026-10-07T09:41:45.386143-04:00,24.04,0.8251
HUT-20261007T13363309767,HUT,2026-10-07,2026-10-07T09:41:45.386143-04:00,87.035,1.0856
ENPH-20261007T13390070395,ENPH,2026-10-07,2026-10-07T09:41:45.386143-04:00,32.775,-0.6603
CEG-20261007T13391605949,CEG,2026-10-07,2026-10-07T09:41:45.386143-04:00,288.92,0.083
KLAC-20261007T13392663273,KLAC,2026-10-07,2026-10-07T09:41:45.386143-04:00,192.86,-0.3016
PRIM-20261007T13393746098,PRIM,2026-10-07,2026-10-07T09:41:45.386143-04:00,82.78,-0.2179
TSEM-20261007T13410347229,TSEM,2026-10-07,2026-10-07T09:41:45.386143-04:00,244.36,0.1066
TTMI-20261007T13411136086,TTMI,2026-10-07,2026-10-07T09:41:45.386143-04:00,127.01,-0.1972
TENB-20261007T13361274702,TENB,2026-10-07,2026-10-07T09:41:48.677982-04:00,38.96,0.2305
CDNA-20261007T13361674905,CDNA,2026-10-07,2026-10-07T09:41:48.677982-04:00,63.03,0.5679
MSTR-20261007T13361680858,MSTR,2026-10-07,2026-10-07T09:41:48.677982-04:00,156.145,0.3021
APLD-20261007T13361687740,APLD,2026-10-07,2026-10-07T09:41:48.677982-04:00,24.0399,0.8255
HUT-20261007T13363309767,HUT,2026-10-07,2026-10-07T09:41:48.677982-04:00,87.0,1.1254
ENPH-20261007T13390070395,ENPH,2026-10-07,2026-10-07T09:41:48.677982-04:00,32.804,-0.7494
CEG-20261007T13391605949,CEG,2026-10-07,2026-10-07T09:41:48.677982-04:00,288.92,0.083
KLAC-20261007T13392663273,KLAC,2026-10-07,2026-10-07T09:41:48.677982-04:00,192.73,-0.234
PRIM-20261007T13393746098,PRIM,2026-10-07,2026-10-07T09:41:48.677982-04:00,82.785,-0.224
TSEM-20261007T13410347229,TSEM,2026-10-07,2026-10-07T09:41:48.677982-04:00,244.36,0.1066
TTMI-20261007T13411136086,TTMI,2026-10-07,2026-10-07T09:41:48.677982-04:00,127.005,-0.1933
TENB-20261007T13361274702,TENB,2026-10-07,2026-10-07T09:41:52.049321-04:00,38.96,0.2305
CDNA-20261007T13361674905,CDNA,2026-10-07,2026-10-07T09:41:52.049321-04:00,63.3879,0.0033
MSTR-20261007T13361680858,MSTR,2026-10-07,2026-10-07T09:41:52.049321-04:00,156.18,0.2798
APLD-20261007T13361687740,APLD,2026-10-07,2026-10-07T09:41:52.049321-04:00,24.03,0.8663
HUT-20261007T13363309767,HUT,2026-10-07,2026-10-07T09:41:52.049321-04:00,86.77,1.3868
ENPH-20261007T13390070395,ENPH,2026-10-07,2026-10-07T09:41:52.049321-04:00,32.83,-0.8292
CEG-20261007T13391605949,CEG,2026-10-07,2026-10-07T09:41:52.049321-04:00,288.975,0.064
KLAC-20261007T13392663273,KLAC,2026-10-07,2026-10-07T09:41:52.049321-04:00,192.72,-0.2288
PRIM-20261007T13393746098,PRIM,2026-10-07,2026-10-07T09:41:52.049321-04:00,82.785,-0.224
TSEM-20261007T13410347229,TSEM,2026-10-07,2026-10-07T09:41:52.049321-04:00,244.365,0.1045
TTMI-20261007T13411136086,TTMI,2026-10-07,2026-10-07T09:41:52.049321-04:00,127.005,-0.1933
TENB-20261007T13361274702,TENB,2026-10-07,2026-10-07T09:41:55.380219-04:00,38.96,0.2305
CDNA-20261007T13361674905,CDNA,2026-10-07,2026-10-07T09:41:55.380219-04:00,63.3879,0.0033
MSTR-20261007T13361680858,MSTR,2026-10-07,2026-10-07T09:41:55.380219-04:00,156.162,0.2913
APLD-20261007T13361687740,APLD,2026-10-07,2026-10-07T09:41:55.380219-04:00,24.045,0.8045
HUT-20261007T13363309767,HUT,2026-10-07,2026-10-07T09:41:55.380219-04:00,86.93,1.205
ENPH-20261007T13390070395,ENPH,2026-10-07,2026-10-07T09:41:55.380219-04:00,32.78,-0.6757
CEG-20261007T13391605949,CEG,2026-10-07,2026-10-07T09:41:55.380219-04:00,289.225,-0.0225
KLAC-20261007T13392663273,KLAC,2026-10-07,2026-10-07T09:41:55.380219-04:00,192.705,-0.221
PRIM-20261007T13393746098,PRIM,2026-10-07,2026-10-07T09:41:55.380219-04:00,82.785,-0.224
TSEM-20261007T13410347229,TSEM,2026-10-07,2026-10-07T09:41:55.380219-04:00,244.6948,-0.0303
TTMI-20261007T13411136086,TTMI,2026-10-07,2026-10-07T09:41:55.380219-04:00,126.8452,-0.0672
TENB-20261007T13361274702,TENB,2026-10-07,2026-10-07T09:41:58.746224-04:00,38.96,0.2305
CDNA-20261007T13361674905,CDNA,2026-10-07,2026-10-07T09:41:58.746224-04:00,63.03,0.5679
MSTR-20261007T13361680858,MSTR,2026-10-07,2026-10-07T09:41:58.746224-04:00,156.13,0.3117
APLD-20261007T13361687740,APLD,2026-10-07,2026-10-07T09:41:58.746224-04:00,24.065,0.7219
HUT-20261007T13363309767,HUT,2026-10-07,2026-10-07T09:41:58.746224-04:00,86.96,1.1709
ENPH-20261007T13390070395,ENPH,2026-10-07,2026-10-07T09:41:58.746224-04:00,32.7997,-0.7362
CEG-20261007T13391605949,CEG,2026-10-07,2026-10-07T09:41:58.746224-04:00,289.43,-0.0934
KLAC-20261007T13392663273,KLAC,2026-10-07,2026-10-07T09:41:58.746224-04:00,192.58,-0.156
PRIM-20261007T13393746098,PRIM,2026-10-07,2026-10-07T09:41:58.746224-04:00,82.785,-0.224
TSEM-20261007T13410347229,TSEM,2026-10-07,2026-10-07T09:41:58.746224-04:00,244.04,0.2374
TTMI-20261007T13411136086,TTMI,2026-10-07,2026-10-07T09:41:58.746224-04:00,127.005,-0.1933
TENB-20261007T13361274702,TENB,2026-10-07,2026-10-07T09:42:02.095194-04:00,38.96,0.2305
CDNA-20261007T13361674905,CDNA,2026-10-07,2026-10-07T09:42:02.095194-04:00,63.1,0.4575
MSTR-20261007T13361680858,MSTR,2026-10-07,2026-10-07T09:42:02.095194-04:00,156.095,0.334
APLD-20261007T13361687740,APLD,2026-10-07,2026-10-07T09:42:02.095194-04:00,24.0699,0.7017
HUT-20261007T13363309767,HUT,2026-10-07,2026-10-07T09:42:02.095194-04:00,86.945,1.1879
ENPH-20261007T13390070395,ENPH,2026-10-07,2026-10-07T09:42:02.095194-04:00,32.775,-0.6603
CEG-20261007T13391605949,CEG,2026-10-07,2026-10-07T09:42:02.095194-04:00,289.35,-0.0657
KLAC-20261007T13392663273,KLAC,2026-10-07,2026-10-07T09:42:02.095194-04:00,192.51,-0.1196
PRIM-20261007T13393746098,PRIM,2026-10-07,2026-10-07T09:42:02.095194-04:00,82.775,-0.2119
TSEM-20261007T13410347229,TSEM,2026-10-07,2026-10-07T09:42:02.095194-04:00,244.0,0.2537
TTMI-20261007T13411136086,TTMI,2026-10-07,2026-10-07T09:42:02.095194-04:00,126.8724,-0.0887
TENB-20261007T13361274702,TENB,2026-10-07,2026-10-07T09:42:05.780766-04:00,39.05,-0.0
CDNA-20261007T13361674905,CDNA,2026-10-07,2026-10-07T09:42:05.780766-04:00,63.386,0.0063
MSTR-20261007T13361680858,MSTR,2026-10-07,2026-10-07T09:42:05.780766-04:00,156.1101,0.3244
APLD-20261007T13361687740,APLD,2026-10-07,2026-10-07T09:42:05.780766-04:00,24.0679,0.71
HUT-20261007T13363309767,HUT,2026-10-07,2026-10-07T09:42:05.780766-04:00,87.2567,0.8337
ENPH-20261007T13390070395,ENPH,2026-10-07,2026-10-07T09:42:05.780766-04:00,32.7575,-0.6066
KLAC-20261007T13392663273,KLAC,2026-10-07,2026-10-07T09:42:05.780766-04:00,192.81,-0.2756
PRIM-20261007T13393746098,PRIM,2026-10-07,2026-10-07T09:42:05.780766-04:00,82.775,-0.2119
TSEM-20261007T13410347229,TSEM,2026-10-07,2026-10-07T09:42:05.780766-04:00,243.945,0.2762
TTMI-20261007T13411136086,TTMI,2026-10-07,2026-10-07T09:42:05.780766-04:00,126.89,-0.1026
TENB-20261007T13361274702,TENB,2026-10-07,2026-10-07T09:42:09.279136-04:00,39.09,-0.1024
CDNA-20261007T13361674905,CDNA,2026-10-07,2026-10-07T09:42:09.279136-04:00,63.386,0.0063
MSTR-20261007T13361680858,MSTR,2026-10-07,2026-10-07T09:42:09.279136-04:00,156.3,0.2032
APLD-20261007T13361687740,APLD,2026-10-07,2026-10-07T09:42:09.279136-04:00,24.1,0.5776
HUT-20261007T13363309767,HUT,2026-10-07,2026-10-07T09:42:09.279136-04:00,87.2,0.8981
ENPH-20261007T13390070395,ENPH,2026-10-07,2026-10-07T09:42:09.279136-04:00,32.77,-0.645
KLAC-20261007T13392663273,KLAC,2026-10-07,2026-10-07T09:42:09.279136-04:00,192.93,-0.338
PRIM-20261007T13393746098,PRIM,2026-10-07,2026-10-07T09:42:09.279136-04:00,82.775,-0.2119
TSEM-20261007T13410347229,TSEM,2026-10-07,2026-10-07T09:42:09.279136-04:00,244.22,0.1638
TTMI-20261007T13411136086,TTMI,2026-10-07,2026-10-07T09:42:09.279136-04:00,127.0,-0.1893
MRVL-20261007T13420275264,MRVL,2026-10-07,2026-10-07T09:42:09.279136-04:00,278.8833,-0.0442
TENB-20261007T13361274702,TENB,2026-10-07,2026-10-07T09:42:12.675752-04:00,39.085,-0.0896
CDNA-20261007T13361674905,CDNA,2026-10-07,2026-10-07T09:42:12.675752-04:00,63.34,0.0789
MSTR-20261007T13361680858,MSTR,2026-10-07,2026-10-07T09:42:12.675752-04:00,156.2282,0.249
APLD-20261007T13361687740,APLD,2026-10-07,2026-10-07T09:42:12.675752-04:00,24.1199,0.4955
HUT-20261007T13363309767,HUT,2026-10-07,2026-10-07T09:42:12.675752-04:00,87.38,0.6935
ENPH-20261007T13390070395,ENPH,2026-10-07,2026-10-07T09:42:12.675752-04:00,32.78,-0.6757
KLAC-20261007T13392663273,KLAC,2026-10-07,2026-10-07T09:42:12.675752-04:00,192.775,-0.2574
PRIM-20261007T13393746098,PRIM,2026-10-07,2026-10-07T09:42:12.675752-04:00,82.775,-0.2119
TSEM-20261007T13410347229,TSEM,2026-10-07,2026-10-07T09:42:12.675752-04:00,243.87,0.3069
TTMI-20261007T13411136086,TTMI,2026-10-07,2026-10-07T09:42:12.675752-04:00,127.0,-0.1893
MRVL-20261007T13420275264,MRVL,2026-10-07,2026-10-07T09:42:12.675752-04:00,278.71,0.0179
TENB-20261007T13361274702,TENB,2026-10-07,2026-10-07T09:42:16.076040-04:00,39.09,-0.1024
CDNA-20261007T13361674905,CDNA,2026-10-07,2026-10-07T09:42:16.076040-04:00,63.3611,0.0456
MSTR-20261007T13361680858,MSTR,2026-10-07,2026-10-07T09:42:16.076040-04:00,156.145,0.3021
APLD-20261007T13361687740,APLD,2026-10-07,2026-10-07T09:42:16.076040-04:00,24.12,0.495
HUT-20261007T13363309767,HUT,2026-10-07,2026-10-07T09:42:16.076040-04:00,87.37,0.7049
ENPH-20261007T13390070395,ENPH,2026-10-07,2026-10-07T09:42:16.076040-04:00,32.69,-0.3993
KLAC-20261007T13392663273,KLAC,2026-10-07,2026-10-07T09:42:16.076040-04:00,192.835,-0.2886
PRIM-20261007T13393746098,PRIM,2026-10-07,2026-10-07T09:42:16.076040-04:00,82.7275,-0.1544
TSEM-20261007T13410347229,TSEM,2026-10-07,2026-10-07T09:42:16.076040-04:00,244.304,0.1295
TTMI-20261007T13411136086,TTMI,2026-10-07,2026-10-07T09:42:16.076040-04:00,127.0,-0.1893
MRVL-20261007T13420275264,MRVL,2026-10-07,2026-10-07T09:42:16.076040-04:00,279.27,-0.183
TENB-20261007T13361274702,TENB,2026-10-07,2026-10-07T09:42:19.450123-04:00,39.085,-0.0896
CDNA-20261007T13361674905,CDNA,2026-10-07,2026-10-07T09:42:19.450123-04:00,63.4723,-0.1298
MSTR-20261007T13361680858,MSTR,2026-10-07,2026-10-07T09:42:19.450123-04:00,156.27,0.2223
APLD-20261007T13361687740,APLD,2026-10-07,2026-10-07T09:42:19.450123-04:00,24.1379,0.4212
HUT-20261007T13363309767,HUT,2026-10-07,2026-10-07T09:42:19.450123-04:00,86.9602,1.1706
ENPH-20261007T13390070395,ENPH,2026-10-07,2026-10-07T09:42:19.450123-04:00,32.6484,-0.2715
KLAC-20261007T13392663273,KLAC,2026-10-07,2026-10-07T09:42:19.450123-04:00,192.91,-0.3276
PRIM-20261007T13393746098,PRIM,2026-10-07,2026-10-07T09:42:19.450123-04:00,82.7275,-0.1544
TSEM-20261007T13410347229,TSEM,2026-10-07,2026-10-07T09:42:19.450123-04:00,244.39,0.0943
TTMI-20261007T13411136086,TTMI,2026-10-07,2026-10-07T09:42:19.450123-04:00,127.0,-0.1893
MRVL-20261007T13420275264,MRVL,2026-10-07,2026-10-07T09:42:19.450123-04:00,279.7704,-0.3625
TENB-20261007T13361274702,TENB,2026-10-07,2026-10-07T09:42:22.795833-04:00,39.085,-0.0896
CDNA-20261007T13361674905,CDNA,2026-10-07,2026-10-07T09:42:22.795833-04:00,63.3448,0.0713
MSTR-20261007T13361680858,MSTR,2026-10-07,2026-10-07T09:42:22.795833-04:00,156.11,0.3245
APLD-20261007T13361687740,APLD,2026-10-07,2026-10-07T09:42:22.795833-04:00,24.11,0.5363
HUT-20261007T13363309767,HUT,2026-10-07,2026-10-07T09:42:22.795833-04:00,87.38,0.6935
ENPH-20261007T13390070395,ENPH,2026-10-07,2026-10-07T09:42:22.795833-04:00,32.695,-0.4146
KLAC-20261007T13392663273,KLAC,2026-10-07,2026-10-07T09:42:22.795833-04:00,192.895,-0.3198
PRIM-20261007T13393746098,PRIM,2026-10-07,2026-10-07T09:42:22.795833-04:00,82.7275,-0.1544
TSEM-20261007T13410347229,TSEM,2026-10-07,2026-10-07T09:42:22.795833-04:00,244.26,0.1475
TTMI-20261007T13411136086,TTMI,2026-10-07,2026-10-07T09:42:22.795833-04:00,126.8616,-0.0802
MRVL-20261007T13420275264,MRVL,2026-10-07,2026-10-07T09:42:22.795833-04:00,279.88,-0.4018
TENB-20261007T13361274702,TENB,2026-10-07,2026-10-07T09:42:26.154094-04:00,39.09,-0.1024
CDNA-20261007T13361674905,CDNA,2026-10-07,2026-10-07T09:42:26.154094-04:00,63.34,0.0789
MSTR-20261007T13361680858,MSTR,2026-10-07,2026-10-07T09:42:26.154094-04:00,156.1101,0.3244
APLD-20261007T13361687740,APLD,2026-10-07,2026-10-07T09:42:26.154094-04:00,24.1291,0.4575
HUT-20261007T13363309767,HUT,2026-10-07,2026-10-07T09:42:26.154094-04:00,87.37,0.7049
ENPH-20261007T13390070395,ENPH,2026-10-07,2026-10-07T09:42:26.154094-04:00,32.705,-0.4453
KLAC-20261007T13392663273,KLAC,2026-10-07,2026-10-07T09:42:26.154094-04:00,193.03,-0.3901
PRIM-20261007T13393746098,PRIM,2026-10-07,2026-10-07T09:42:26.154094-04:00,82.775,-0.2119
TSEM-20261007T13410347229,TSEM,2026-10-07,2026-10-07T09:42:26.154094-04:00,244.27,0.1434
TTMI-20261007T13411136086,TTMI,2026-10-07,2026-10-07T09:42:26.154094-04:00,127.115,-0.2801
MRVL-20261007T13420275264,MRVL,2026-10-07,2026-10-07T09:42:26.154094-04:00,280.06,-0.4664
TENB-20261007T13361274702,TENB,2026-10-07,2026-10-07T09:42:29.476899-04:00,39.09,-0.1024
CDNA-20261007T13361674905,CDNA,2026-10-07,2026-10-07T09:42:29.476899-04:00,63.34,0.0789
MSTR-20261007T13361680858,MSTR,2026-10-07,2026-10-07T09:42:29.476899-04:00,156.26,0.2287
APLD-20261007T13361687740,APLD,2026-10-07,2026-10-07T09:42:29.476899-04:00,24.15,0.3713
HUT-20261007T13363309767,HUT,2026-10-07,2026-10-07T09:42:29.476899-04:00,87.5,0.5572
ENPH-20261007T13390070395,ENPH,2026-10-07,2026-10-07T09:42:29.476899-04:00,32.7407,-0.555
KLAC-20261007T13392663273,KLAC,2026-10-07,2026-10-07T09:42:29.476899-04:00,192.8,-0.2704
PRIM-20261007T13393746098,PRIM,2026-10-07,2026-10-07T09:42:29.476899-04:00,82.775,-0.2119
TSEM-20261007T13410347229,TSEM,2026-10-07,2026-10-07T09:42:29.476899-04:00,244.275,0.1413
TTMI-20261007T13411136086,TTMI,2026-10-07,2026-10-07T09:42:29.476899-04:00,127.06,-0.2367
MRVL-20261007T13420275264,MRVL,2026-10-07,2026-10-07T09:42:29.476899-04:00,280.11,-0.4843
TENB-20261007T13361274702,TENB,2026-10-07,2026-10-07T09:42:32.819630-04:00,39.16,-0.2817
CDNA-20261007T13361674905,CDNA,2026-10-07,2026-10-07T09:42:32.819630-04:00,63.49,-0.1578
MSTR-20261007T13361680858,MSTR,2026-10-07,2026-10-07T09:42:32.819630-04:00,156.09,0.3372
APLD-20261007T13361687740,APLD,2026-10-07,2026-10-07T09:42:32.819630-04:00,24.1599,0.3304
HUT-20261007T13363309767,HUT,2026-10-07,2026-10-07T09:42:32.819630-04:00,87.435,0.631
ENPH-20261007T13390070395,ENPH,2026-10-07,2026-10-07T09:42:32.819630-04:00,32.705,-0.4453
KLAC-20261007T13392663273,KLAC,2026-10-07,2026-10-07T09:42:32.819630-04:00,192.82,-0.2808
PRIM-20261007T13393746098,PRIM,2026-10-07,2026-10-07T09:42:32.819630-04:00,82.7775,-0.2149
TSEM-20261007T13410347229,TSEM,2026-10-07,2026-10-07T09:42:32.819630-04:00,244.045,0.2353
TTMI-20261007T13411136086,TTMI,2026-10-07,2026-10-07T09:42:32.819630-04:00,127.23,-0.3708
MRVL-20261007T13420275264,MRVL,2026-10-07,2026-10-07T09:42:32.819630-04:00,280.23,-0.5273
TENB-20261007T13361274702,TENB,2026-10-07,2026-10-07T09:42:36.198487-04:00,39.16,-0.2817
CDNA-20261007T13361674905,CDNA,2026-10-07,2026-10-07T09:42:36.198487-04:00,63.35,0.0631
MSTR-20261007T13361680858,MSTR,2026-10-07,2026-10-07T09:42:36.198487-04:00,156.105,0.3277
APLD-20261007T13361687740,APLD,2026-10-07,2026-10-07T09:42:36.198487-04:00,24.195,0.1856
HUT-20261007T13363309767,HUT,2026-10-07,2026-10-07T09:42:36.198487-04:00,87.62,0.4208
ENPH-20261007T13390070395,ENPH,2026-10-07,2026-10-07T09:42:36.198487-04:00,32.6676,-0.3305
KLAC-20261007T13392663273,KLAC,2026-10-07,2026-10-07T09:42:36.198487-04:00,192.9,-0.3224
PRIM-20261007T13393746098,PRIM,2026-10-07,2026-10-07T09:42:36.198487-04:00,82.775,-0.2119
TSEM-20261007T13410347229,TSEM,2026-10-07,2026-10-07T09:42:36.198487-04:00,244.18,0.1802
TTMI-20261007T13411136086,TTMI,2026-10-07,2026-10-07T09:42:36.198487-04:00,127.115,-0.2801
MRVL-20261007T13420275264,MRVL,2026-10-07,2026-10-07T09:42:36.198487-04:00,280.24,-0.5309
TENB-20261007T13361274702,TENB,2026-10-07,2026-10-07T09:42:39.643142-04:00,39.15,-0.2561
CDNA-20261007T13361674905,CDNA,2026-10-07,2026-10-07T09:42:39.643142-04:00,63.4019,-0.0188
MSTR-20261007T13361680858,MSTR,2026-10-07,2026-10-07T09:42:39.643142-04:00,156.02,0.3819
APLD-20261007T13361687740,APLD,2026-10-07,2026-10-07T09:42:39.643142-04:00,24.21,0.1238
HUT-20261007T13363309767,HUT,2026-10-07,2026-10-07T09:42:39.643142-04:00,87.68,0.3526
ENPH-20261007T13390070395,ENPH,2026-10-07,2026-10-07T09:42:39.643142-04:00,32.7314,-0.5264
KLAC-20261007T13392663273,KLAC,2026-10-07,2026-10-07T09:42:39.643142-04:00,192.6584,-0.1968
PRIM-20261007T13393746098,PRIM,2026-10-07,2026-10-07T09:42:39.643142-04:00,82.78,-0.2179
TSEM-20261007T13410347229,TSEM,2026-10-07,2026-10-07T09:42:39.643142-04:00,244.51,0.0453
TTMI-20261007T13411136086,TTMI,2026-10-07,2026-10-07T09:42:39.643142-04:00,127.23,-0.3708
MRVL-20261007T13420275264,MRVL,2026-10-07,2026-10-07T09:42:39.643142-04:00,280.3965,-0.5871
TENB-20261007T13361274702,TENB,2026-10-07,2026-10-07T09:42:43.039993-04:00,39.15,-0.2561
CDNA-20261007T13361674905,CDNA,2026-10-07,2026-10-07T09:42:43.039993-04:00,63.4019,-0.0188
MSTR-20261007T13361680858,MSTR,2026-10-07,2026-10-07T09:42:43.039993-04:00,156.1224,0.3166
APLD-20261007T13361687740,APLD,2026-10-07,2026-10-07T09:42:43.039993-04:00,24.215,0.1031
HUT-20261007T13363309767,HUT,2026-10-07,2026-10-07T09:42:43.039993-04:00,87.7139,0.3141
ENPH-20261007T13390070395,ENPH,2026-10-07,2026-10-07T09:42:43.039993-04:00,32.775,-0.6603
KLAC-20261007T13392663273,KLAC,2026-10-07,2026-10-07T09:42:43.039993-04:00,192.92,-0.3328
PRIM-20261007T13393746098,PRIM,2026-10-07,2026-10-07T09:42:43.039993-04:00,82.775,-0.2119
TSEM-20261007T13410347229,TSEM,2026-10-07,2026-10-07T09:42:43.039993-04:00,244.12,0.2047
TTMI-20261007T13411136086,TTMI,2026-10-07,2026-10-07T09:42:43.039993-04:00,127.1925,-0.3412
MRVL-20261007T13420275264,MRVL,2026-10-07,2026-10-07T09:42:43.039993-04:00,280.79,-0.7282
TENB-20261007T13361274702,TENB,2026-10-07,2026-10-07T09:42:46.372114-04:00,39.2788,-0.5859
CDNA-20261007T13361674905,CDNA,2026-10-07,2026-10-07T09:42:46.372114-04:00,63.55,-0.2524
MSTR-20261007T13361680858,MSTR,2026-10-07,2026-10-07T09:42:46.372114-04:00,155.905,0.4554
APLD-20261007T13361687740,APLD,2026-10-07,2026-10-07T09:42:46.372114-04:00,24.23,0.0413
HUT-20261007T13363309767,HUT,2026-10-07,2026-10-07T09:42:46.372114-04:00,87.865,0.1424
ENPH-20261007T13390070395,ENPH,2026-10-07,2026-10-07T09:42:46.372114-04:00,32.775,-0.6603
KLAC-20261007T13392663273,KLAC,2026-10-07,2026-10-07T09:42:46.372114-04:00,192.9421,-0.3443
PRIM-20261007T13393746098,PRIM,2026-10-07,2026-10-07T09:42:46.372114-04:00,82.775,-0.2119
TSEM-20261007T13410347229,TSEM,2026-10-07,2026-10-07T09:42:46.372114-04:00,244.2142,0.1662
TTMI-20261007T13411136086,TTMI,2026-10-07,2026-10-07T09:42:46.372114-04:00,127.5193,-0.599
MRVL-20261007T13420275264,MRVL,2026-10-07,2026-10-07T09:42:46.372114-04:00,280.55,-0.6421
TENB-20261007T13361274702,TENB,2026-10-07,2026-10-07T09:42:49.723436-04:00,39.15,-0.2561
CDNA-20261007T13361674905,CDNA,2026-10-07,2026-10-07T09:42:49.723436-04:00,63.3294,0.0956
MSTR-20261007T13361680858,MSTR,2026-10-07,2026-10-07T09:42:49.723436-04:00,156.1402,0.3052
APLD-20261007T13361687740,APLD,2026-10-07,2026-10-07T09:42:49.723436-04:00,24.235,0.0206
HUT-20261007T13363309767,HUT,2026-10-07,2026-10-07T09:42:49.723436-04:00,87.9,0.1026
ENPH-20261007T13390070395,ENPH,2026-10-07,2026-10-07T09:42:49.723436-04:00,32.83,-0.8292
KLAC-20261007T13392663273,KLAC,2026-10-07,2026-10-07T09:42:49.723436-04:00,192.95,-0.3485
PRIM-20261007T13393746098,PRIM,2026-10-07,2026-10-07T09:42:49.723436-04:00,83.0725,-0.572
TSEM-20261007T13410347229,TSEM,2026-10-07,2026-10-07T09:42:49.723436-04:00,244.0926,0.2159
TTMI-20261007T13411136086,TTMI,2026-10-07,2026-10-07T09:42:49.723436-04:00,127.35,-0.4654
MRVL-20261007T13420275264,MRVL,2026-10-07,2026-10-07T09:42:49.723436-04:00,281.059,-0.8247
TENB-20261007T13361274702,TENB,2026-10-07,2026-10-07T09:42:53.100353-04:00,39.15,-0.2561
CDNA-20261007T13361674905,CDNA,2026-10-07,2026-10-07T09:42:53.100353-04:00,63.5,-0.1735
MSTR-20261007T13361680858,MSTR,2026-10-07,2026-10-07T09:42:53.100353-04:00,156.09,0.3372
APLD-20261007T13361687740,APLD,2026-10-07,2026-10-07T09:42:53.100353-04:00,24.26,-0.0825
HUT-20261007T13363309767,HUT,2026-10-07,2026-10-07T09:42:53.100353-04:00,87.91,0.0912
ENPH-20261007T13390070395,ENPH,2026-10-07,2026-10-07T09:42:53.100353-04:00,32.81,-0.7678
KLAC-20261007T13392663273,KLAC,2026-10-07,2026-10-07T09:42:53.100353-04:00,192.965,-0.3563
PRIM-20261007T13393746098,PRIM,2026-10-07,2026-10-07T09:42:53.100353-04:00,83.06,-0.5569
TSEM-20261007T13410347229,TSEM,2026-10-07,2026-10-07T09:42:53.100353-04:00,244.1449,0.1945
TTMI-20261007T13411136086,TTMI,2026-10-07,2026-10-07T09:42:53.100353-04:00,127.38,-0.4891
MRVL-20261007T13420275264,MRVL,2026-10-07,2026-10-07T09:42:53.100353-04:00,281.17,-0.8645
TENB-20261007T13361274702,TENB,2026-10-07,2026-10-07T09:42:56.421794-04:00,39.25,-0.5122
CDNA-20261007T13361674905,CDNA,2026-10-07,2026-10-07T09:42:56.421794-04:00,63.5,-0.1735
MSTR-20261007T13361680858,MSTR,2026-10-07,2026-10-07T09:42:56.421794-04:00,156.0525,0.3612
APLD-20261007T13361687740,APLD,2026-10-07,2026-10-07T09:42:56.421794-04:00,24.235,0.0206
HUT-20261007T13363309767,HUT,2026-10-07,2026-10-07T09:42:56.421794-04:00,87.83,0.1821
ENPH-20261007T13390070395,ENPH,2026-10-07,2026-10-07T09:42:56.421794-04:00,32.81,-0.7678
KLAC-20261007T13392663273,KLAC,2026-10-07,2026-10-07T09:42:56.421794-04:00,192.98,-0.3641
PRIM-20261007T13393746098,PRIM,2026-10-07,2026-10-07T09:42:56.421794-04:00,83.065,-0.563
TSEM-20261007T13410347229,TSEM,2026-10-07,2026-10-07T09:42:56.421794-04:00,244.15,0.1924
TTMI-20261007T13411136086,TTMI,2026-10-07,2026-10-07T09:42:56.421794-04:00,127.39,-0.497
MRVL-20261007T13420275264,MRVL,2026-10-07,2026-10-07T09:42:56.421794-04:00,281.2176,-0.8816
TENB-20261007T13361274702,TENB,2026-10-07,2026-10-07T09:42:59.760856-04:00,38.93,0.3073
CDNA-20261007T13361674905,CDNA,2026-10-07,2026-10-07T09:42:59.760856-04:00,63.35,0.0631
MSTR-20261007T13361680858,MSTR,2026-10-07,2026-10-07T09:42:59.760856-04:00,156.03,0.3756
APLD-20261007T13361687740,APLD,2026-10-07,2026-10-07T09:42:59.760856-04:00,24.22,0.0825
HUT-20261007T13363309767,HUT,2026-10-07,2026-10-07T09:42:59.760856-04:00,87.62,0.4208
ENPH-20261007T13390070395,ENPH,2026-10-07,2026-10-07T09:42:59.760856-04:00,32.796,-0.7248
KLAC-20261007T13392663273,KLAC,2026-10-07,2026-10-07T09:42:59.760856-04:00,192.95,-0.3485
PRIM-20261007T13393746098,PRIM,2026-10-07,2026-10-07T09:42:59.760856-04:00,83.11,-0.6174
TSEM-20261007T13410347229,TSEM,2026-10-07,2026-10-07T09:42:59.760856-04:00,245.0546,-0.1774
TTMI-20261007T13411136086,TTMI,2026-10-07,2026-10-07T09:42:59.760856-04:00,127.1914,-0.3403
MRVL-20261007T13420275264,MRVL,2026-10-07,2026-10-07T09:42:59.760856-04:00,281.24,-0.8897
TENB-20261007T13361274702,TENB,2026-10-07,2026-10-07T09:43:03.192852-04:00,38.9801,0.179
CDNA-20261007T13361674905,CDNA,2026-10-07,2026-10-07T09:43:03.192852-04:00,63.35,0.0631
MSTR-20261007T13361680858,MSTR,2026-10-07,2026-10-07T09:43:03.192852-04:00,155.725,0.5703
APLD-20261007T13361687740,APLD,2026-10-07,2026-10-07T09:43:03.192852-04:00,24.2,0.165
HUT-20261007T13363309767,HUT,2026-10-07,2026-10-07T09:43:03.192852-04:00,87.535,0.5174
ENPH-20261007T13390070395,ENPH,2026-10-07,2026-10-07T09:43:03.192852-04:00,32.84,-0.86
KLAC-20261007T13392663273,KLAC,2026-10-07,2026-10-07T09:43:03.192852-04:00,193.2517,-0.5054
PRIM-20261007T13393746098,PRIM,2026-10-07,2026-10-07T09:43:03.192852-04:00,83.06,-0.5569
TSEM-20261007T13410347229,TSEM,2026-10-07,2026-10-07T09:43:03.192852-04:00,243.7,0.3764
TTMI-20261007T13411136086,TTMI,2026-10-07,2026-10-07T09:43:03.192852-04:00,127.08,-0.2524
MRVL-20261007T13420275264,MRVL,2026-10-07,2026-10-07T09:43:03.192852-04:00,282.1,-1.1982
CDNA-20261007T13361674905,CDNA,2026-10-07,2026-10-07T09:43:07.450872-04:00,63.55,-0.2524
MSTR-20261007T13361680858,MSTR,2026-10-07,2026-10-07T09:43:07.450872-04:00,155.79,0.5288
ENPH-20261007T13390070395,ENPH,2026-10-07,2026-10-07T09:43:07.450872-04:00,32.79,-0.7064
KLAC-20261007T13392663273,KLAC,2026-10-07,2026-10-07T09:43:07.450872-04:00,193.1245,-0.4392
PRIM-20261007T13393746098,PRIM,2026-10-07,2026-10-07T09:43:07.450872-04:00,82.885,-0.345
TSEM-20261007T13410347229,TSEM,2026-10-07,2026-10-07T09:43:07.450872-04:00,243.88,0.3028
TTMI-20261007T13411136086,TTMI,2026-10-07,2026-10-07T09:43:07.450872-04:00,127.08,-0.2524
MRVL-20261007T13420275264,MRVL,2026-10-07,2026-10-07T09:43:07.450872-04:00,281.45,-0.965
CDNA-20261007T13361674905,CDNA,2026-10-07,2026-10-07T09:43:11.205018-04:00,63.36,0.0473
MSTR-20261007T13361680858,MSTR,2026-10-07,2026-10-07T09:43:11.205018-04:00,155.93,0.4394
KLAC-20261007T13392663273,KLAC,2026-10-07,2026-10-07T09:43:11.205018-04:00,193.0,-0.3745
PRIM-20261007T13393746098,PRIM,2026-10-07,2026-10-07T09:43:11.205018-04:00,82.87,-0.3269
TSEM-20261007T13410347229,TSEM,2026-10-07,2026-10-07T09:43:11.205018-04:00,243.57,0.4295
TTMI-20261007T13411136086,TTMI,2026-10-07,2026-10-07T09:43:11.205018-04:00,127.2,-0.3471
U-20261007T13430443233,U,2026-10-07,2026-10-07T09:43:11.205018-04:00,44.68,-0.1345
CDNA-20261007T13361674905,CDNA,2026-10-07,2026-10-07T09:43:14.593258-04:00,63.36,0.0473
MSTR-20261007T13361680858,MSTR,2026-10-07,2026-10-07T09:43:14.593258-04:00,155.87,0.4777
KLAC-20261007T13392663273,KLAC,2026-10-07,2026-10-07T09:43:14.593258-04:00,193.0023,-0.3757
PRIM-20261007T13393746098,PRIM,2026-10-07,2026-10-07T09:43:14.593258-04:00,82.87,-0.3269
TSEM-20261007T13410347229,TSEM,2026-10-07,2026-10-07T09:43:14.593258-04:00,243.41,0.4949
TTMI-20261007T13411136086,TTMI,2026-10-07,2026-10-07T09:43:14.593258-04:00,127.39,-0.497
U-20261007T13430443233,U,2026-10-07,2026-10-07T09:43:14.593258-04:00,44.59,0.0672
CDNA-20261007T13361674905,CDNA,2026-10-07,2026-10-07T09:43:17.989705-04:00,63.56,-0.2682
MSTR-20261007T13361680858,MSTR,2026-10-07,2026-10-07T09:43:17.989705-04:00,155.85,0.4905
KLAC-20261007T13392663273,KLAC,2026-10-07,2026-10-07T09:43:17.989705-04:00,193.01,-0.3797
PRIM-20261007T13393746098,PRIM,2026-10-07,2026-10-07T09:43:17.989705-04:00,82.87,-0.3269
TSEM-20261007T13410347229,TSEM,2026-10-07,2026-10-07T09:43:17.989705-04:00,243.59,0.4214
TTMI-20261007T13411136086,TTMI,2026-10-07,2026-10-07T09:43:17.989705-04:00,127.39,-0.497
U-20261007T13430443233,U,2026-10-07,2026-10-07T09:43:17.989705-04:00,44.55,0.1569
CDNA-20261007T13361674905,CDNA,2026-10-07,2026-10-07T09:43:21.441468-04:00,63.51,-0.1893
MSTR-20261007T13361680858,MSTR,2026-10-07,2026-10-07T09:43:21.441468-04:00,155.8401,0.4968
KLAC-20261007T13392663273,KLAC,2026-10-07,2026-10-07T09:43:21.441468-04:00,193.005,-0.3771
PRIM-20261007T13393746098,PRIM,2026-10-07,2026-10-07T09:43:21.441468-04:00,82.8815,-0.3408
TSEM-20261007T13410347229,TSEM,2026-10-07,2026-10-07T09:43:21.441468-04:00,243.5,0.4581
TTMI-20261007T13411136086,TTMI,2026-10-07,2026-10-07T09:43:21.441468-04:00,127.67,-0.7179
U-20261007T13430443233,U,2026-10-07,2026-10-07T09:43:21.441468-04:00,44.615,0.0112
CDNA-20261007T13361674905,CDNA,2026-10-07,2026-10-07T09:43:24.833013-04:00,63.51,-0.1893
MSTR-20261007T13361680858,MSTR,2026-10-07,2026-10-07T09:43:24.833013-04:00,155.91,0.4522
KLAC-20261007T13392663273,KLAC,2026-10-07,2026-10-07T09:43:24.833013-04:00,192.7309,-0.2345
PRIM-20261007T13393746098,PRIM,2026-10-07,2026-10-07T09:43:24.833013-04:00,83.0185,-0.5067
TSEM-20261007T13410347229,TSEM,2026-10-07,2026-10-07T09:43:24.833013-04:00,243.535,0.4438
TTMI-20261007T13411136086,TTMI,2026-10-07,2026-10-07T09:43:24.833013-04:00,127.3,-0.426
U-20261007T13430443233,U,2026-10-07,2026-10-07T09:43:24.833013-04:00,45.0208,-0.8983
CDNA-20261007T13361674905,CDNA,2026-10-07,2026-10-07T09:43:28.205830-04:00,63.57,-0.284
MSTR-20261007T13361680858,MSTR,2026-10-07,2026-10-07T09:43:28.205830-04:00,155.8,0.5224
KLAC-20261007T13392663273,KLAC,2026-10-07,2026-10-07T09:43:28.205830-04:00,192.9,-0.3224
PRIM-20261007T13393746098,PRIM,2026-10-07,2026-10-07T09:43:28.205830-04:00,82.71,-0.1332
TSEM-20261007T13410347229,TSEM,2026-10-07,2026-10-07T09:43:28.205830-04:00,243.45,0.4786
TTMI-20261007T13411136086,TTMI,2026-10-07,2026-10-07T09:43:28.205830-04:00,127.76,-0.7889
U-20261007T13430443233,U,2026-10-07,2026-10-07T09:43:28.205830-04:00,44.63,-0.0224
CDNA-20261007T13361674905,CDNA,2026-10-07,2026-10-07T09:43:31.535460-04:00,63.56,-0.2682
MSTR-20261007T13361680858,MSTR,2026-10-07,2026-10-07T09:43:31.535460-04:00,155.915,0.449
KLAC-20261007T13392663273,KLAC,2026-10-07,2026-10-07T09:43:31.535460-04:00,192.99,-0.3693
PRIM-20261007T13393746098,PRIM,2026-10-07,2026-10-07T09:43:31.535460-04:00,82.71,-0.1332
TSEM-20261007T13410347229,TSEM,2026-10-07,2026-10-07T09:43:31.535460-04:00,243.45,0.4786
TTMI-20261007T13411136086,TTMI,2026-10-07,2026-10-07T09:43:31.535460-04:00,127.66,-0.71
U-20261007T13430443233,U,2026-10-07,2026-10-07T09:43:31.535460-04:00,45.0136,-0.8821
CDNA-20261007T13361674905,CDNA,2026-10-07,2026-10-07T09:43:34.918247-04:00,63.3,0.142
MSTR-20261007T13361680858,MSTR,2026-10-07,2026-10-07T09:43:34.918247-04:00,155.92,0.4458
KLAC-20261007T13392663273,KLAC,2026-10-07,2026-10-07T09:43:34.918247-04:00,192.99,-0.3693
PRIM-20261007T13393746098,PRIM,2026-10-07,2026-10-07T09:43:34.918247-04:00,82.71,-0.1332
TSEM-20261007T13410347229,TSEM,2026-10-07,2026-10-07T09:43:34.918247-04:00,243.7,0.3764
TTMI-20261007T13411136086,TTMI,2026-10-07,2026-10-07T09:43:34.918247-04:00,127.53,-0.6074
U-20261007T13430443233,U,2026-10-07,2026-10-07T09:43:34.918247-04:00,44.64,-0.0448
CDNA-20261007T13361674905,CDNA,2026-10-07,2026-10-07T09:43:38.301210-04:00,63.57,-0.284
MSTR-20261007T13361680858,MSTR,2026-10-07,2026-10-07T09:43:38.301210-04:00,155.85,0.4905
KLAC-20261007T13392663273,KLAC,2026-10-07,2026-10-07T09:43:38.301210-04:00,193.245,-0.5019
PRIM-20261007T13393746098,PRIM,2026-10-07,2026-10-07T09:43:38.301210-04:00,82.71,-0.1332
TSEM-20261007T13410347229,TSEM,2026-10-07,2026-10-07T09:43:38.301210-04:00,243.61,0.4132
TTMI-20261007T13411136086,TTMI,2026-10-07,2026-10-07T09:43:38.301210-04:00,127.66,-0.71
U-20261007T13430443233,U,2026-10-07,2026-10-07T09:43:38.301210-04:00,44.6713,-0.115
CDNA-20261007T13361674905,CDNA,2026-10-07,2026-10-07T09:43:41.727568-04:00,63.56,-0.2682
MSTR-20261007T13361680858,MSTR,2026-10-07,2026-10-07T09:43:41.727568-04:00,155.881,0.4707
KLAC-20261007T13392663273,KLAC,2026-10-07,2026-10-07T09:43:41.727568-04:00,192.8705,-0.3071
PRIM-20261007T13393746098,PRIM,2026-10-07,2026-10-07T09:43:41.727568-04:00,83.02,-0.5085
TSEM-20261007T13410347229,TSEM,2026-10-07,2026-10-07T09:43:41.727568-04:00,243.78,0.3437
TTMI-20261007T13411136086,TTMI,2026-10-07,2026-10-07T09:43:41.727568-04:00,127.85,-0.8599
U-20261007T13430443233,U,2026-10-07,2026-10-07T09:43:41.727568-04:00,44.9911,-0.8317
CDNA-20261007T13361674905,CDNA,2026-10-07,2026-10-07T09:43:45.180745-04:00,63.55,-0.2524
MSTR-20261007T13361680858,MSTR,2026-10-07,2026-10-07T09:43:45.180745-04:00,155.89,0.4649
KLAC-20261007T13392663273,KLAC,2026-10-07,2026-10-07T09:43:45.180745-04:00,192.7313,-0.2347
PRIM-20261007T13393746098,PRIM,2026-10-07,2026-10-07T09:43:45.180745-04:00,82.975,-0.454
TSEM-20261007T13410347229,TSEM,2026-10-07,2026-10-07T09:43:45.180745-04:00,244.15,0.1924
TTMI-20261007T13411136086,TTMI,2026-10-07,2026-10-07T09:43:45.180745-04:00,127.84,-0.852
U-20261007T13430443233,U,2026-10-07,2026-10-07T09:43:45.180745-04:00,44.68,-0.1345
CDNA-20261007T13361674905,CDNA,2026-10-07,2026-10-07T09:43:48.596340-04:00,63.4797,-0.1415
MSTR-20261007T13361680858,MSTR,2026-10-07,2026-10-07T09:43:48.596340-04:00,155.9,0.4586
KLAC-20261007T13392663273,KLAC,2026-10-07,2026-10-07T09:43:48.596340-04:00,193.28,-0.5201
PRIM-20261007T13393746098,PRIM,2026-10-07,2026-10-07T09:43:48.596340-04:00,82.975,-0.454
TSEM-20261007T13410347229,TSEM,2026-10-07,2026-10-07T09:43:48.596340-04:00,243.46,0.4745
TTMI-20261007T13411136086,TTMI,2026-10-07,2026-10-07T09:43:48.596340-04:00,127.659,-0.7092
U-20261007T13430443233,U,2026-10-07,2026-10-07T09:43:48.596340-04:00,44.645,-0.056
CDNA-20261007T13361674905,CDNA,2026-10-07,2026-10-07T09:43:52.164941-04:00,63.365,0.0394
MSTR-20261007T13361680858,MSTR,2026-10-07,2026-10-07T09:43:52.164941-04:00,155.97,0.4139
KLAC-20261007T13392663273,KLAC,2026-10-07,2026-10-07T09:43:52.164941-04:00,193.325,-0.5435
PRIM-20261007T13393746098,PRIM,2026-10-07,2026-10-07T09:43:52.164941-04:00,82.975,-0.454
TSEM-20261007T13410347229,TSEM,2026-10-07,2026-10-07T09:43:52.164941-04:00,243.68,0.3846
TTMI-20261007T13411136086,TTMI,2026-10-07,2026-10-07T09:43:52.164941-04:00,127.85,-0.8599
U-20261007T13430443233,U,2026-10-07,2026-10-07T09:43:52.164941-04:00,44.6436,-0.0529
CDNA-20261007T13361674905,CDNA,2026-10-07,2026-10-07T09:43:55.694255-04:00,63.365,0.0394
MSTR-20261007T13361680858,MSTR,2026-10-07,2026-10-07T09:43:55.694255-04:00,155.91,0.4522
KLAC-20261007T13392663273,KLAC,2026-10-07,2026-10-07T09:43:55.694255-04:00,193.256,-0.5076
PRIM-20261007T13393746098,PRIM,2026-10-07,2026-10-07T09:43:55.694255-04:00,82.975,-0.454
TSEM-20261007T13410347229,TSEM,2026-10-07,2026-10-07T09:43:55.694255-04:00,243.35,0.5195
TTMI-20261007T13411136086,TTMI,2026-10-07,2026-10-07T09:43:55.694255-04:00,127.8499,-0.8598
U-20261007T13430443233,U,2026-10-07,2026-10-07T09:43:55.694255-04:00,44.72,-0.2241
CDNA-20261007T13361674905,CDNA,2026-10-07,2026-10-07T09:43:59.133340-04:00,63.44,-0.0789
MSTR-20261007T13361680858,MSTR,2026-10-07,2026-10-07T09:43:59.133340-04:00,155.99,0.4011
KLAC-20261007T13392663273,KLAC,2026-10-07,2026-10-07T09:43:59.133340-04:00,192.7516,-0.2453
PRIM-20261007T13393746098,PRIM,2026-10-07,2026-10-07T09:43:59.133340-04:00,82.91,-0.3753
TSEM-20261007T13410347229,TSEM,2026-10-07,2026-10-07T09:43:59.133340-04:00,243.7,0.3764
TTMI-20261007T13411136086,TTMI,2026-10-07,2026-10-07T09:43:59.133340-04:00,128.01,-0.9861
U-20261007T13430443233,U,2026-10-07,2026-10-07T09:43:59.133340-04:00,44.69,-0.1569
CDNA-20261007T13361674905,CDNA,2026-10-07,2026-10-07T09:44:02.604276-04:00,63.55,-0.2524
MSTR-20261007T13361680858,MSTR,2026-10-07,2026-10-07T09:44:02.604276-04:00,156.0375,0.3708
KLAC-20261007T13392663273,KLAC,2026-10-07,2026-10-07T09:44:02.604276-04:00,193.22,-0.4889
PRIM-20261007T13393746098,PRIM,2026-10-07,2026-10-07T09:44:02.604276-04:00,83.12,-0.6295
TSEM-20261007T13410347229,TSEM,2026-10-07,2026-10-07T09:44:02.604276-04:00,243.68,0.3846
TTMI-20261007T13411136086,TTMI,2026-10-07,2026-10-07T09:44:02.604276-04:00,127.77,-0.7968
U-20261007T13430443233,U,2026-10-07,2026-10-07T09:44:02.604276-04:00,44.9743,-0.794
CDNA-20261007T13361674905,CDNA,2026-10-07,2026-10-07T09:44:06.147431-04:00,63.33,0.0947
MSTR-20261007T13361680858,MSTR,2026-10-07,2026-10-07T09:44:06.147431-04:00,156.19,0.2734
KLAC-20261007T13392663273,KLAC,2026-10-07,2026-10-07T09:44:06.147431-04:00,193.4124,-0.5889
PRIM-20261007T13393746098,PRIM,2026-10-07,2026-10-07T09:44:06.147431-04:00,83.0,-0.4843
TSEM-20261007T13410347229,TSEM,2026-10-07,2026-10-07T09:44:06.147431-04:00,244.805,-0.0753
TTMI-20261007T13411136086,TTMI,2026-10-07,2026-10-07T09:44:06.147431-04:00,127.785,-0.8086
U-20261007T13430443233,U,2026-10-07,2026-10-07T09:44:06.147431-04:00,44.9664,-0.7763
CDNA-20261007T13361674905,CDNA,2026-10-07,2026-10-07T09:44:09.844745-04:00,63.315,0.1183
MSTR-20261007T13361680858,MSTR,2026-10-07,2026-10-07T09:44:09.844745-04:00,156.0451,0.3659
KLAC-20261007T13392663273,KLAC,2026-10-07,2026-10-07T09:44:09.844745-04:00,193.3581,-0.5607
PRIM-20261007T13393746098,PRIM,2026-10-07,2026-10-07T09:44:09.844745-04:00,83.12,-0.6295
TSEM-20261007T13410347229,TSEM,2026-10-07,2026-10-07T09:44:09.844745-04:00,244.47,0.0616
U-20261007T13430443233,U,2026-10-07,2026-10-07T09:44:09.844745-04:00,44.7356,-0.2591
CDNA-20261007T13361674905,CDNA,2026-10-07,2026-10-07T09:44:13.283669-04:00,63.315,0.1183
MSTR-20261007T13361680858,MSTR,2026-10-07,2026-10-07T09:44:13.283669-04:00,156.01,0.3883
KLAC-20261007T13392663273,KLAC,2026-10-07,2026-10-07T09:44:13.283669-04:00,193.33,-0.5461
PRIM-20261007T13393746098,PRIM,2026-10-07,2026-10-07T09:44:13.283669-04:00,83.12,-0.6295
TSEM-20261007T13410347229,TSEM,2026-10-07,2026-10-07T09:44:13.283669-04:00,244.63,-0.0038
U-20261007T13430443233,U,2026-10-07,2026-10-07T09:44:13.283669-04:00,44.865,-0.5491
CDNA-20261007T13361674905,CDNA,2026-10-07,2026-10-07T09:44:16.808796-04:00,63.5,-0.1735
MSTR-20261007T13361680858,MSTR,2026-10-07,2026-10-07T09:44:16.808796-04:00,156.09,0.3372
KLAC-20261007T13392663273,KLAC,2026-10-07,2026-10-07T09:44:16.808796-04:00,193.41,-0.5877
PRIM-20261007T13393746098,PRIM,2026-10-07,2026-10-07T09:44:16.808796-04:00,83.12,-0.6295
TSEM-20261007T13410347229,TSEM,2026-10-07,2026-10-07T09:44:16.808796-04:00,244.265,0.1454
U-20261007T13430443233,U,2026-10-07,2026-10-07T09:44:16.808796-04:00,44.7556,-0.3039
CDNA-20261007T13361674905,CDNA,2026-10-07,2026-10-07T09:44:20.329092-04:00,63.44,-0.0789
MSTR-20261007T13361680858,MSTR,2026-10-07,2026-10-07T09:44:20.329092-04:00,155.975,0.4107
KLAC-20261007T13392663273,KLAC,2026-10-07,2026-10-07T09:44:20.329092-04:00,193.4013,-0.5832
PRIM-20261007T13393746098,PRIM,2026-10-07,2026-10-07T09:44:20.329092-04:00,83.12,-0.6295
TSEM-20261007T13410347229,TSEM,2026-10-07,2026-10-07T09:44:20.329092-04:00,244.11,0.2088
U-20261007T13430443233,U,2026-10-07,2026-10-07T09:44:20.329092-04:00,44.89,-0.6051
CDNA-20261007T13361674905,CDNA,2026-10-07,2026-10-07T09:44:23.803024-04:00,63.315,0.1183
MSTR-20261007T13361680858,MSTR,2026-10-07,2026-10-07T09:44:23.803024-04:00,155.98,0.4075
KLAC-20261007T13392663273,KLAC,2026-10-07,2026-10-07T09:44:23.803024-04:00,193.43,-0.5981
PRIM-20261007T13393746098,PRIM,2026-10-07,2026-10-07T09:44:23.803024-04:00,83.12,-0.6295
TSEM-20261007T13410347229,TSEM,2026-10-07,2026-10-07T09:44:23.803024-04:00,244.255,0.1495
U-20261007T13430443233,U,2026-10-07,2026-10-07T09:44:23.803024-04:00,44.9404,-0.7181
CDNA-20261007T13361674905,CDNA,2026-10-07,2026-10-07T09:44:27.322185-04:00,63.315,0.1183
MSTR-20261007T13361680858,MSTR,2026-10-07,2026-10-07T09:44:27.322185-04:00,156.035,0.3724
KLAC-20261007T13392663273,KLAC,2026-10-07,2026-10-07T09:44:27.322185-04:00,193.31,-0.5357
PRIM-20261007T13393746098,PRIM,2026-10-07,2026-10-07T09:44:27.322185-04:00,83.12,-0.6295
TSEM-20261007T13410347229,TSEM,2026-10-07,2026-10-07T09:44:27.322185-04:00,244.4,0.0902
U-20261007T13430443233,U,2026-10-07,2026-10-07T09:44:27.322185-04:00,44.9403,-0.7178
CDNA-20261007T13361674905,CDNA,2026-10-07,2026-10-07T09:44:30.804692-04:00,63.315,0.1183
MSTR-20261007T13361680858,MSTR,2026-10-07,2026-10-07T09:44:30.804692-04:00,156.09,0.3372
KLAC-20261007T13392663273,KLAC,2026-10-07,2026-10-07T09:44:30.804692-04:00,193.18,-0.4681
PRIM-20261007T13393746098,PRIM,2026-10-07,2026-10-07T09:44:30.804692-04:00,83.12,-0.6295
TSEM-20261007T13410347229,TSEM,2026-10-07,2026-10-07T09:44:30.804692-04:00,244.11,0.2088
U-20261007T13430443233,U,2026-10-07,2026-10-07T09:44:30.804692-04:00,44.955,-0.7508
CDNA-20261007T13361674905,CDNA,2026-10-07,2026-10-07T09:44:34.306829-04:00,63.315,0.1183
MSTR-20261007T13361680858,MSTR,2026-10-07,2026-10-07T09:44:34.306829-04:00,156.25,0.2351
KLAC-20261007T13392663273,KLAC,2026-10-07,2026-10-07T09:44:34.306829-04:00,193.2815,-0.5209
PRIM-20261007T13393746098,PRIM,2026-10-07,2026-10-07T09:44:34.306829-04:00,83.12,-0.6295
TSEM-20261007T13410347229,TSEM,2026-10-07,2026-10-07T09:44:34.306829-04:00,244.11,0.2088
U-20261007T13430443233,U,2026-10-07,2026-10-07T09:44:34.306829-04:00,44.945,-0.7284
CDNA-20261007T13361674905,CDNA,2026-10-07,2026-10-07T09:44:37.781268-04:00,63.315,0.1183
MSTR-20261007T13361680858,MSTR,2026-10-07,2026-10-07T09:44:37.781268-04:00,156.215,0.2574
KLAC-20261007T13392663273,KLAC,2026-10-07,2026-10-07T09:44:37.781268-04:00,193.235,-0.4967
PRIM-20261007T13393746098,PRIM,2026-10-07,2026-10-07T09:44:37.781268-04:00,82.955,-0.4298
TSEM-20261007T13410347229,TSEM,2026-10-07,2026-10-07T09:44:37.781268-04:00,244.6251,-0.0018
U-20261007T13430443233,U,2026-10-07,2026-10-07T09:44:37.781268-04:00,44.955,-0.7508
CDNA-20261007T13361674905,CDNA,2026-10-07,2026-10-07T09:44:41.194479-04:00,63.315,0.1183
MSTR-20261007T13361680858,MSTR,2026-10-07,2026-10-07T09:44:41.194479-04:00,156.2366,0.2436
KLAC-20261007T13392663273,KLAC,2026-10-07,2026-10-07T09:44:41.194479-04:00,193.22,-0.4889
PRIM-20261007T13393746098,PRIM,2026-10-07,2026-10-07T09:44:41.194479-04:00,82.955,-0.4298
TSEM-20261007T13410347229,TSEM,2026-10-07,2026-10-07T09:44:41.194479-04:00,244.12,0.2047
U-20261007T13430443233,U,2026-10-07,2026-10-07T09:44:41.194479-04:00,44.955,-0.7508
CDNA-20261007T13361674905,CDNA,2026-10-07,2026-10-07T09:44:44.622108-04:00,63.315,0.1183
MSTR-20261007T13361680858,MSTR,2026-10-07,2026-10-07T09:44:44.622108-04:00,156.185,0.2766
KLAC-20261007T13392663273,KLAC,2026-10-07,2026-10-07T09:44:44.622108-04:00,193.1322,-0.4432
PRIM-20261007T13393746098,PRIM,2026-10-07,2026-10-07T09:44:44.622108-04:00,82.955,-0.4298
TSEM-20261007T13410347229,TSEM,2026-10-07,2026-10-07T09:44:44.622108-04:00,244.6299,-0.0038
U-20261007T13430443233,U,2026-10-07,2026-10-07T09:44:44.622108-04:00,44.96,-0.762
CDNA-20261007T13361674905,CDNA,2026-10-07,2026-10-07T09:44:47.999404-04:00,63.16,0.3628
MSTR-20261007T13361680858,MSTR,2026-10-07,2026-10-07T09:44:47.999404-04:00,156.07,0.35
KLAC-20261007T13392663273,KLAC,2026-10-07,2026-10-07T09:44:47.999404-04:00,193.22,-0.4889
PRIM-20261007T13393746098,PRIM,2026-10-07,2026-10-07T09:44:47.999404-04:00,82.95,-0.4237
TSEM-20261007T13410347229,TSEM,2026-10-07,2026-10-07T09:44:47.999404-04:00,244.33,0.1188
U-20261007T13430443233,U,2026-10-07,2026-10-07T09:44:47.999404-04:00,44.925,-0.6835
CDNA-20261007T13361674905,CDNA,2026-10-07,2026-10-07T09:44:51.408676-04:00,63.3125,0.1223
MSTR-20261007T13361680858,MSTR,2026-10-07,2026-10-07T09:44:51.408676-04:00,156.07,0.35
KLAC-20261007T13392663273,KLAC,2026-10-07,2026-10-07T09:44:51.408676-04:00,193.26,-0.5097
PRIM-20261007T13393746098,PRIM,2026-10-07,2026-10-07T09:44:51.408676-04:00,82.95,-0.4237
TSEM-20261007T13410347229,TSEM,2026-10-07,2026-10-07T09:44:51.408676-04:00,244.405,0.0882
U-20261007T13430443233,U,2026-10-07,2026-10-07T09:44:51.408676-04:00,44.9179,-0.6676
CDNA-20261007T13361674905,CDNA,2026-10-07,2026-10-07T09:44:54.827270-04:00,63.325,0.1025
MSTR-20261007T13361680858,MSTR,2026-10-07,2026-10-07T09:44:54.827270-04:00,156.03,0.3756
KLAC-20261007T13392663273,KLAC,2026-10-07,2026-10-07T09:44:54.827270-04:00,193.33,-0.5461
PRIM-20261007T13393746098,PRIM,2026-10-07,2026-10-07T09:44:54.827270-04:00,83.09,-0.5932
TSEM-20261007T13410347229,TSEM,2026-10-07,2026-10-07T09:44:54.827270-04:00,244.51,0.0453
U-20261007T13430443233,U,2026-10-07,2026-10-07T09:44:54.827270-04:00,44.88,-0.5827
CDNA-20261007T13361674905,CDNA,2026-10-07,2026-10-07T09:44:58.360359-04:00,63.0,0.6152
MSTR-20261007T13361680858,MSTR,2026-10-07,2026-10-07T09:44:58.360359-04:00,156.06,0.3564
KLAC-20261007T13392663273,KLAC,2026-10-07,2026-10-07T09:44:58.360359-04:00,193.33,-0.5461
PRIM-20261007T13393746098,PRIM,2026-10-07,2026-10-07T09:44:58.360359-04:00,82.72,-0.1453
TSEM-20261007T13410347229,TSEM,2026-10-07,2026-10-07T09:44:58.360359-04:00,244.26,0.1475
U-20261007T13430443233,U,2026-10-07,2026-10-07T09:44:58.360359-04:00,44.835,-0.4818
CDNA-20261007T13361674905,CDNA,2026-10-07,2026-10-07T09:45:01.883348-04:00,63.0627,0.5163
MSTR-20261007T13361680858,MSTR,2026-10-07,2026-10-07T09:45:01.883348-04:00,156.045,0.366
KLAC-20261007T13392663273,KLAC,2026-10-07,2026-10-07T09:45:01.883348-04:00,193.275,-0.5175
PRIM-20261007T13393746098,PRIM,2026-10-07,2026-10-07T09:45:01.883348-04:00,82.95,-0.4237
TSEM-20261007T13410347229,TSEM,2026-10-07,2026-10-07T09:45:01.883348-04:00,244.07,0.2251
U-20261007T13430443233,U,2026-10-07,2026-10-07T09:45:01.883348-04:00,44.88,-0.5827
CDNA-20261007T13361674905,CDNA,2026-10-07,2026-10-07T09:45:13.283994-04:00,63.2,0.2997
MSTR-20261007T13361680858,MSTR,2026-10-07,2026-10-07T09:45:13.283994-04:00,156.01,0.3883
KLAC-20261007T13392663273,KLAC,2026-10-07,2026-10-07T09:45:13.283994-04:00,192.95,-0.3485
PRIM-20261007T13393746098,PRIM,2026-10-07,2026-10-07T09:45:13.283994-04:00,82.721,-0.1465
TSEM-20261007T13410347229,TSEM,2026-10-07,2026-10-07T09:45:13.283994-04:00,243.5,0.4581
U-20261007T13430443233,U,2026-10-07,2026-10-07T09:45:13.283994-04:00,45.005,-0.8628
CDNA-20261007T13361674905,CDNA,2026-10-07,2026-10-07T09:45:24.282427-04:00,63.1617,0.3602
MSTR-20261007T13361680858,MSTR,2026-10-07,2026-10-07T09:45:24.282427-04:00,156.33,0.184
KLAC-20261007T13392663273,KLAC,2026-10-07,2026-10-07T09:45:24.282427-04:00,193.205,-0.4811
PRIM-20261007T13393746098,PRIM,2026-10-07,2026-10-07T09:45:24.282427-04:00,82.95,-0.4237
TSEM-20261007T13410347229,TSEM,2026-10-07,2026-10-07T09:45:24.282427-04:00,243.15,0.6012
U-20261007T13430443233,U,2026-10-07,2026-10-07T09:45:24.282427-04:00,44.99,-0.8292
AXTI-20261007T13450282755,AXTI,2026-10-07,2026-10-07T09:45:24.282427-04:00,79.952,-0.0651
COHR-20261007T13450298887,COHR,2026-10-07,2026-10-07T09:45:24.282427-04:00,318.875,0.4294
NTAP-20261007T13450325735,NTAP,2026-10-07,2026-10-07T09:45:24.282427-04:00,234.566,-0.2119
CDNA-20261007T13361674905,CDNA,2026-10-07,2026-10-07T09:45:35.392274-04:00,62.97,0.6626
MSTR-20261007T13361680858,MSTR,2026-10-07,2026-10-07T09:45:35.392274-04:00,156.18,0.2798
KLAC-20261007T13392663273,KLAC,2026-10-07,2026-10-07T09:45:35.392274-04:00,193.15,-0.4525
PRIM-20261007T13393746098,PRIM,2026-10-07,2026-10-07T09:45:35.392274-04:00,83.15,-0.6659
TSEM-20261007T13410347229,TSEM,2026-10-07,2026-10-07T09:45:35.392274-04:00,242.31,0.9446
U-20261007T13430443233,U,2026-10-07,2026-10-07T09:45:35.392274-04:00,44.86,-0.5379
AXTI-20261007T13450282755,AXTI,2026-10-07,2026-10-07T09:45:35.392274-04:00,79.355,0.6821
COHR-20261007T13450298887,COHR,2026-10-07,2026-10-07T09:45:35.392274-04:00,317.39,0.8931
NTAP-20261007T13450325735,NTAP,2026-10-07,2026-10-07T09:45:35.392274-04:00,235.0076,-0.4006
MXL-20261007T13451419197,MXL,2026-10-07,2026-10-07T09:45:35.392274-04:00,107.595,0.2087
AAOI-20261007T13451426947,AAOI,2026-10-07,2026-10-07T09:45:35.392274-04:00,121.23,0.4715
CDNA-20261007T13361674905,CDNA,2026-10-07,2026-10-07T09:45:46.586516-04:00,63.0951,0.4652
MSTR-20261007T13361680858,MSTR,2026-10-07,2026-10-07T09:45:46.586516-04:00,155.96,0.4202
KLAC-20261007T13392663273,KLAC,2026-10-07,2026-10-07T09:45:46.586516-04:00,193.0,-0.3745
PRIM-20261007T13393746098,PRIM,2026-10-07,2026-10-07T09:45:46.586516-04:00,82.955,-0.4298
TSEM-20261007T13410347229,TSEM,2026-10-07,2026-10-07T09:45:46.586516-04:00,242.3755,0.9178
U-20261007T13430443233,U,2026-10-07,2026-10-07T09:45:46.586516-04:00,44.91,-0.6499
AXTI-20261007T13450282755,AXTI,2026-10-07,2026-10-07T09:45:46.586516-04:00,79.5245,0.47
COHR-20261007T13450298887,COHR,2026-10-07,2026-10-07T09:45:46.586516-04:00,318.13,0.662
NTAP-20261007T13450325735,NTAP,2026-10-07,2026-10-07T09:45:46.586516-04:00,234.55,-0.2051
MXL-20261007T13451419197,MXL,2026-10-07,2026-10-07T09:45:46.586516-04:00,107.62,0.1855
AAOI-20261007T13451426947,AAOI,2026-10-07,2026-10-07T09:45:46.586516-04:00,121.57,0.1923
CDNA-20261007T13361674905,CDNA,2026-10-07,2026-10-07T09:45:57.855309-04:00,63.0,0.6152
MSTR-20261007T13361680858,MSTR,2026-10-07,2026-10-07T09:45:57.855309-04:00,155.83,0.5033
KLAC-20261007T13392663273,KLAC,2026-10-07,2026-10-07T09:45:57.855309-04:00,192.87,-0.3068
PRIM-20261007T13393746098,PRIM,2026-10-07,2026-10-07T09:45:57.855309-04:00,82.955,-0.4298
TSEM-20261007T13410347229,TSEM,2026-10-07,2026-10-07T09:45:57.855309-04:00,242.468,0.88
U-20261007T13430443233,U,2026-10-07,2026-10-07T09:45:57.855309-04:00,44.8565,-0.53
AXTI-20261007T13450282755,AXTI,2026-10-07,2026-10-07T09:45:57.855309-04:00,79.4,0.6258
COHR-20261007T13450298887,COHR,2026-10-07,2026-10-07T09:45:57.855309-04:00,317.89,0.7369
NTAP-20261007T13450325735,NTAP,2026-10-07,2026-10-07T09:45:57.855309-04:00,234.5801,-0.2179
CDNA-20261007T13361674905,CDNA,2026-10-07,2026-10-07T09:46:08.792296-04:00,62.875,0.8124
MSTR-20261007T13361680858,MSTR,2026-10-07,2026-10-07T09:46:08.792296-04:00,155.7694,0.5419
KLAC-20261007T13392663273,KLAC,2026-10-07,2026-10-07T09:46:08.792296-04:00,192.85,-0.2964
PRIM-20261007T13393746098,PRIM,2026-10-07,2026-10-07T09:46:08.792296-04:00,82.89,-0.3511
TSEM-20261007T13410347229,TSEM,2026-10-07,2026-10-07T09:46:08.792296-04:00,242.69,0.7893
U-20261007T13430443233,U,2026-10-07,2026-10-07T09:46:08.792296-04:00,44.85,-0.5155
AXTI-20261007T13450282755,AXTI,2026-10-07,2026-10-07T09:46:08.792296-04:00,79.55,0.438
COHR-20261007T13450298887,COHR,2026-10-07,2026-10-07T09:46:08.792296-04:00,318.21,0.637
NTAP-20261007T13450325735,NTAP,2026-10-07,2026-10-07T09:46:08.792296-04:00,234.2003,-0.0557
FPS-20261007T13454774512,FPS,2026-10-07,2026-10-07T09:46:08.792296-04:00,40.57,-0.1481
MTSI-20261007T13454783464,MTSI,2026-10-07,2026-10-07T09:46:08.792296-04:00,332.73,0.1261
CDNA-20261007T13361674905,CDNA,2026-10-07,2026-10-07T09:46:19.960480-04:00,62.715,1.0648
MSTR-20261007T13361680858,MSTR,2026-10-07,2026-10-07T09:46:19.960480-04:00,155.78,0.5352
KLAC-20261007T13392663273,KLAC,2026-10-07,2026-10-07T09:46:19.960480-04:00,192.5,-0.1144
PRIM-20261007T13393746098,PRIM,2026-10-07,2026-10-07T09:46:19.960480-04:00,82.95,-0.4237
TSEM-20261007T13410347229,TSEM,2026-10-07,2026-10-07T09:46:19.960480-04:00,242.5006,0.8667
U-20261007T13430443233,U,2026-10-07,2026-10-07T09:46:19.960480-04:00,44.77,-0.3362
AXTI-20261007T13450282755,AXTI,2026-10-07,2026-10-07T09:46:19.960480-04:00,79.43,0.5882
COHR-20261007T13450298887,COHR,2026-10-07,2026-10-07T09:46:19.960480-04:00,317.85,0.7494
NTAP-20261007T13450325735,NTAP,2026-10-07,2026-10-07T09:46:19.960480-04:00,233.7,0.1581
FPS-20261007T13454774512,FPS,2026-10-07,2026-10-07T09:46:19.960480-04:00,40.4,0.2715
MTSI-20261007T13454783464,MTSI,2026-10-07,2026-10-07T09:46:19.960480-04:00,332.11,0.3122
CDNA-20261007T13361674905,CDNA,2026-10-07,2026-10-07T09:46:31.163735-04:00,62.84,0.8676
MSTR-20261007T13361680858,MSTR,2026-10-07,2026-10-07T09:46:31.163735-04:00,155.63,0.6309
KLAC-20261007T13392663273,KLAC,2026-10-07,2026-10-07T09:46:31.163735-04:00,192.57,-0.1508
PRIM-20261007T13393746098,PRIM,2026-10-07,2026-10-07T09:46:31.163735-04:00,82.955,-0.4298
TSEM-20261007T13410347229,TSEM,2026-10-07,2026-10-07T09:46:31.163735-04:00,243.24,0.5644
U-20261007T13430443233,U,2026-10-07,2026-10-07T09:46:31.163735-04:00,44.72,-0.2241
AXTI-20261007T13450282755,AXTI,2026-10-07,2026-10-07T09:46:31.163735-04:00,79.65,0.3129
COHR-20261007T13450298887,COHR,2026-10-07,2026-10-07T09:46:31.163735-04:00,318.26,0.6214
NTAP-20261007T13450325735,NTAP,2026-10-07,2026-10-07T09:46:31.163735-04:00,233.59,0.2051
FPS-20261007T13454774512,FPS,2026-10-07,2026-10-07T09:46:31.163735-04:00,40.385,0.3086
MTSI-20261007T13454783464,MTSI,2026-10-07,2026-10-07T09:46:31.163735-04:00,332.745,0.1216
CDNA-20261007T13361674905,CDNA,2026-10-07,2026-10-07T09:46:42.295159-04:00,62.83,0.8834
MSTR-20261007T13361680858,MSTR,2026-10-07,2026-10-07T09:46:42.295159-04:00,155.4835,0.7245
KLAC-20261007T13392663273,KLAC,2026-10-07,2026-10-07T09:46:42.295159-04:00,192.52,-0.1248
PRIM-20261007T13393746098,PRIM,2026-10-07,2026-10-07T09:46:42.295159-04:00,82.955,-0.4298
TSEM-20261007T13410347229,TSEM,2026-10-07,2026-10-07T09:46:42.295159-04:00,243.12,0.6135
U-20261007T13430443233,U,2026-10-07,2026-10-07T09:46:42.295159-04:00,44.695,-0.1681
AXTI-20261007T13450282755,AXTI,2026-10-07,2026-10-07T09:46:42.295159-04:00,79.6484,0.3149
COHR-20261007T13450298887,COHR,2026-10-07,2026-10-07T09:46:42.295159-04:00,318.1374,0.6597
NTAP-20261007T13450325735,NTAP,2026-10-07,2026-10-07T09:46:42.295159-04:00,232.88,0.5084
FPS-20261007T13454774512,FPS,2026-10-07,2026-10-07T09:46:42.295159-04:00,40.32,0.469
MTSI-20261007T13454783464,MTSI,2026-10-07,2026-10-07T09:46:42.295159-04:00,332.6,0.1651
CDNA-20261007T13361674905,CDNA,2026-10-07,2026-10-07T09:46:53.449884-04:00,62.66,1.1516
MSTR-20261007T13361680858,MSTR,2026-10-07,2026-10-07T09:46:53.449884-04:00,155.35,0.8097
KLAC-20261007T13392663273,KLAC,2026-10-07,2026-10-07T09:46:53.449884-04:00,192.415,-0.0702
PRIM-20261007T13393746098,PRIM,2026-10-07,2026-10-07T09:46:53.449884-04:00,82.885,-0.345
TSEM-20261007T13410347229,TSEM,2026-10-07,2026-10-07T09:46:53.449884-04:00,242.515,0.8608
U-20261007T13430443233,U,2026-10-07,2026-10-07T09:46:53.449884-04:00,44.6798,-0.134
AXTI-20261007T13450282755,AXTI,2026-10-07,2026-10-07T09:46:53.449884-04:00,79.42,0.6008
COHR-20261007T13450298887,COHR,2026-10-07,2026-10-07T09:46:53.449884-04:00,317.95,0.7182
NTAP-20261007T13450325735,NTAP,2026-10-07,2026-10-07T09:46:53.449884-04:00,232.56,0.6451
FPS-20261007T13454774512,FPS,2026-10-07,2026-10-07T09:46:53.449884-04:00,40.1605,0.8627
MTSI-20261007T13454783464,MTSI,2026-10-07,2026-10-07T09:46:53.449884-04:00,331.95,0.3602
CDNA-20261007T13361674905,CDNA,2026-10-07,2026-10-07T09:47:04.392898-04:00,62.66,1.1516
MSTR-20261007T13361680858,MSTR,2026-10-07,2026-10-07T09:47:04.392898-04:00,155.053,0.9994
KLAC-20261007T13392663273,KLAC,2026-10-07,2026-10-07T09:47:04.392898-04:00,192.315,-0.0182
PRIM-20261007T13393746098,PRIM,2026-10-07,2026-10-07T09:47:04.392898-04:00,82.88,-0.339
TSEM-20261007T13410347229,TSEM,2026-10-07,2026-10-07T09:47:04.392898-04:00,242.5,0.8669
U-20261007T13430443233,U,2026-10-07,2026-10-07T09:47:04.392898-04:00,44.68,-0.1345
AXTI-20261007T13450282755,AXTI,2026-10-07,2026-10-07T09:47:04.392898-04:00,79.36,0.6758
COHR-20261007T13450298887,COHR,2026-10-07,2026-10-07T09:47:04.392898-04:00,318.5738,0.5234
NTAP-20261007T13450325735,NTAP,2026-10-07,2026-10-07T09:47:04.392898-04:00,234.559,-0.2089
FPS-20261007T13454774512,FPS,2026-10-07,2026-10-07T09:47:04.392898-04:00,40.13,0.938
MTSI-20261007T13454783464,MTSI,2026-10-07,2026-10-07T09:47:04.392898-04:00,331.75,0.4202
CDNA-20261007T13361674905,CDNA,2026-10-07,2026-10-07T09:47:15.456569-04:00,62.87,0.8203
MSTR-20261007T13361680858,MSTR,2026-10-07,2026-10-07T09:47:15.456569-04:00,155.04,1.0077
KLAC-20261007T13392663273,KLAC,2026-10-07,2026-10-07T09:47:15.456569-04:00,192.25,0.0156
PRIM-20261007T13393746098,PRIM,2026-10-07,2026-10-07T09:47:15.456569-04:00,83.0261,-0.5159
TSEM-20261007T13410347229,TSEM,2026-10-07,2026-10-07T09:47:15.456569-04:00,242.485,0.8731
U-20261007T13430443233,U,2026-10-07,2026-10-07T09:47:15.456569-04:00,44.63,-0.0224
AXTI-20261007T13450282755,AXTI,2026-10-07,2026-10-07T09:47:15.456569-04:00,79.54,0.4506
COHR-20261007T13450298887,COHR,2026-10-07,2026-10-07T09:47:15.456569-04:00,318.3,0.6089
NTAP-20261007T13450325735,NTAP,2026-10-07,2026-10-07T09:47:15.456569-04:00,231.94,0.91
FPS-20261007T13454774512,FPS,2026-10-07,2026-10-07T09:47:15.456569-04:00,40.21,0.7406
MTSI-20261007T13454783464,MTSI,2026-10-07,2026-10-07T09:47:15.456569-04:00,331.39,0.5283
CDNA-20261007T13361674905,CDNA,2026-10-07,2026-10-07T09:47:26.283706-04:00,62.865,0.8282
MSTR-20261007T13361680858,MSTR,2026-10-07,2026-10-07T09:47:26.283706-04:00,155.06,0.9949
KLAC-20261007T13392663273,KLAC,2026-10-07,2026-10-07T09:47:26.283706-04:00,192.26,0.0104
PRIM-20261007T13393746098,PRIM,2026-10-07,2026-10-07T09:47:26.283706-04:00,82.88,-0.339
TSEM-20261007T13410347229,TSEM,2026-10-07,2026-10-07T09:47:26.283706-04:00,242.47,0.8792
U-20261007T13430443233,U,2026-10-07,2026-10-07T09:47:26.283706-04:00,44.535,0.1905
AXTI-20261007T13450282755,AXTI,2026-10-07,2026-10-07T09:47:26.283706-04:00,79.5,0.5006
COHR-20261007T13450298887,COHR,2026-10-07,2026-10-07T09:47:26.283706-04:00,318.1,0.6714
NTAP-20261007T13450325735,NTAP,2026-10-07,2026-10-07T09:47:26.283706-04:00,232.6249,0.6174
FPS-20261007T13454774512,FPS,2026-10-07,2026-10-07T09:47:26.283706-04:00,40.24,0.6665
MTSI-20261007T13454783464,MTSI,2026-10-07,2026-10-07T09:47:26.283706-04:00,332.42,0.2191
CDNA-20261007T13361674905,CDNA,2026-10-07,2026-10-07T09:47:37.243504-04:00,62.86,0.8361
MSTR-20261007T13361680858,MSTR,2026-10-07,2026-10-07T09:47:37.243504-04:00,155.19,0.9119
KLAC-20261007T13392663273,KLAC,2026-10-07,2026-10-07T09:47:37.243504-04:00,192.12,0.0832
PRIM-20261007T13393746098,PRIM,2026-10-07,2026-10-07T09:47:37.243504-04:00,82.88,-0.339
TSEM-20261007T13410347229,TSEM,2026-10-07,2026-10-07T09:47:37.243504-04:00,242.52,0.8588
U-20261007T13430443233,U,2026-10-07,2026-10-07T09:47:37.243504-04:00,44.52,0.2241
AXTI-20261007T13450282755,AXTI,2026-10-07,2026-10-07T09:47:37.243504-04:00,79.35,0.6884
COHR-20261007T13450298887,COHR,2026-10-07,2026-10-07T09:47:37.243504-04:00,317.77,0.7744
NTAP-20261007T13450325735,NTAP,2026-10-07,2026-10-07T09:47:37.243504-04:00,231.815,0.9634
FPS-20261007T13454774512,FPS,2026-10-07,2026-10-07T09:47:37.243504-04:00,40.15,0.8887
MTSI-20261007T13454783464,MTSI,2026-10-07,2026-10-07T09:47:37.243504-04:00,331.48,0.5013
CDNA-20261007T13361674905,CDNA,2026-10-07,2026-10-07T09:47:47.924827-04:00,62.86,0.8361
MSTR-20261007T13361680858,MSTR,2026-10-07,2026-10-07T09:47:47.924827-04:00,155.15,0.9374
KLAC-20261007T13392663273,KLAC,2026-10-07,2026-10-07T09:47:47.924827-04:00,191.96,0.1664
PRIM-20261007T13393746098,PRIM,2026-10-07,2026-10-07T09:47:47.924827-04:00,83.0936,-0.5976
TSEM-20261007T13410347229,TSEM,2026-10-07,2026-10-07T09:47:47.924827-04:00,242.6897,0.7894
U-20261007T13430443233,U,2026-10-07,2026-10-07T09:47:47.924827-04:00,44.695,-0.1681
AXTI-20261007T13450282755,AXTI,2026-10-07,2026-10-07T09:47:47.924827-04:00,79.0004,1.1259
COHR-20261007T13450298887,COHR,2026-10-07,2026-10-07T09:47:47.924827-04:00,317.305,0.9196
NTAP-20261007T13450325735,NTAP,2026-10-07,2026-10-07T09:47:47.924827-04:00,231.28,1.192
FPS-20261007T13454774512,FPS,2026-10-07,2026-10-07T09:47:47.924827-04:00,40.12,0.9627
MTSI-20261007T13454783464,MTSI,2026-10-07,2026-10-07T09:47:47.924827-04:00,331.86,0.3872
CDNA-20261007T13361674905,CDNA,2026-10-07,2026-10-07T09:47:58.651410-04:00,62.865,0.8282
MSTR-20261007T13361680858,MSTR,2026-10-07,2026-10-07T09:47:58.651410-04:00,154.9301,1.0778
KLAC-20261007T13392663273,KLAC,2026-10-07,2026-10-07T09:47:58.651410-04:00,191.99,0.1508
TSEM-20261007T13410347229,TSEM,2026-10-07,2026-10-07T09:47:58.651410-04:00,242.5955,0.8279
U-20261007T13430443233,U,2026-10-07,2026-10-07T09:47:58.651410-04:00,44.68,-0.1345
AXTI-20261007T13450282755,AXTI,2026-10-07,2026-10-07T09:47:58.651410-04:00,79.155,0.9324
COHR-20261007T13450298887,COHR,2026-10-07,2026-10-07T09:47:58.651410-04:00,317.3,0.9212
NTAP-20261007T13450325735,NTAP,2026-10-07,2026-10-07T09:47:58.651410-04:00,231.185,1.2325
FPS-20261007T13454774512,FPS,2026-10-07,2026-10-07T09:47:58.651410-04:00,40.09,1.0368
MTSI-20261007T13454783464,MTSI,2026-10-07,2026-10-07T09:47:58.651410-04:00,331.525,0.4878
CDNA-20261007T13361674905,CDNA,2026-10-07,2026-10-07T09:48:09.285921-04:00,62.6659,1.1423
MSTR-20261007T13361680858,MSTR,2026-10-07,2026-10-07T09:48:09.285921-04:00,154.93,1.0779
KLAC-20261007T13392663273,KLAC,2026-10-07,2026-10-07T09:48:09.285921-04:00,192.0891,0.0993
TSEM-20261007T13410347229,TSEM,2026-10-07,2026-10-07T09:48:09.285921-04:00,242.62,0.8179
U-20261007T13430443233,U,2026-10-07,2026-10-07T09:48:09.285921-04:00,44.6775,-0.1289
AXTI-20261007T13450282755,AXTI,2026-10-07,2026-10-07T09:48:09.285921-04:00,79.1655,0.9193
COHR-20261007T13450298887,COHR,2026-10-07,2026-10-07T09:48:09.285921-04:00,318.1799,0.6464
NTAP-20261007T13450325735,NTAP,2026-10-07,2026-10-07T09:48:09.285921-04:00,231.36,1.1578
FPS-20261007T13454774512,FPS,2026-10-07,2026-10-07T09:48:09.285921-04:00,40.13,0.938
MTSI-20261007T13454783464,MTSI,2026-10-07,2026-10-07T09:48:09.285921-04:00,331.89,0.3782
CRWD-20261007T13474860946,CRWD,2026-10-07,2026-10-07T09:48:09.285921-04:00,271.1545,-0.113
CDNA-20261007T13361674905,CDNA,2026-10-07,2026-10-07T09:48:20.486527-04:00,62.87,0.8203
MSTR-20261007T13361680858,MSTR,2026-10-07,2026-10-07T09:48:20.486527-04:00,155.03,1.014
KLAC-20261007T13392663273,KLAC,2026-10-07,2026-10-07T09:48:20.486527-04:00,192.29,-0.0052
TSEM-20261007T13410347229,TSEM,2026-10-07,2026-10-07T09:48:20.486527-04:00,242.8143,0.7385
U-20261007T13430443233,U,2026-10-07,2026-10-07T09:48:20.486527-04:00,44.5636,0.1264
AXTI-20261007T13450282755,AXTI,2026-10-07,2026-10-07T09:48:20.486527-04:00,79.5499,0.4382
COHR-20261007T13450298887,COHR,2026-10-07,2026-10-07T09:48:20.486527-04:00,317.92,0.7276
NTAP-20261007T13450325735,NTAP,2026-10-07,2026-10-07T09:48:20.486527-04:00,231.275,1.1941
FPS-20261007T13454774512,FPS,2026-10-07,2026-10-07T09:48:20.486527-04:00,40.15,0.8887
MTSI-20261007T13454783464,MTSI,2026-10-07,2026-10-07T09:48:20.486527-04:00,332.07,0.3242
CRWD-20261007T13474860946,CRWD,2026-10-07,2026-10-07T09:48:20.486527-04:00,270.81,0.0142
CDNA-20261007T13361674905,CDNA,2026-10-07,2026-10-07T09:48:31.466910-04:00,62.87,0.8203
MSTR-20261007T13361680858,MSTR,2026-10-07,2026-10-07T09:48:31.466910-04:00,155.04,1.0077
KLAC-20261007T13392663273,KLAC,2026-10-07,2026-10-07T09:48:31.466910-04:00,192.3,-0.0104
TSEM-20261007T13410347229,TSEM,2026-10-07,2026-10-07T09:48:31.466910-04:00,243.42,0.4908
U-20261007T13430443233,U,2026-10-07,2026-10-07T09:48:31.466910-04:00,44.745,-0.2801
AXTI-20261007T13450282755,AXTI,2026-10-07,2026-10-07T09:48:31.466910-04:00,79.74,0.2003
COHR-20261007T13450298887,COHR,2026-10-07,2026-10-07T09:48:31.466910-04:00,318.545,0.5324
NTAP-20261007T13450325735,NTAP,2026-10-07,2026-10-07T09:48:31.466910-04:00,231.7617,0.9862
FPS-20261007T13454774512,FPS,2026-10-07,2026-10-07T09:48:31.466910-04:00,40.18,0.8146
MTSI-20261007T13454783464,MTSI,2026-10-07,2026-10-07T09:48:31.466910-04:00,332.08,0.3212
CRWD-20261007T13474860946,CRWD,2026-10-07,2026-10-07T09:48:31.466910-04:00,270.57,0.1028
CDNA-20261007T13361674905,CDNA,2026-10-07,2026-10-07T09:48:42.306758-04:00,62.87,0.8203
MSTR-20261007T13361680858,MSTR,2026-10-07,2026-10-07T09:48:42.306758-04:00,155.3501,0.8097
KLAC-20261007T13392663273,KLAC,2026-10-07,2026-10-07T09:48:42.306758-04:00,192.3,-0.0104
TSEM-20261007T13410347229,TSEM,2026-10-07,2026-10-07T09:48:42.306758-04:00,243.13,0.6094
U-20261007T13430443233,U,2026-10-07,2026-10-07T09:48:42.306758-04:00,44.69,-0.1569
AXTI-20261007T13450282755,AXTI,2026-10-07,2026-10-07T09:48:42.306758-04:00,79.86,0.0501
COHR-20261007T13450298887,COHR,2026-10-07,2026-10-07T09:48:42.306758-04:00,318.39,0.5808
NTAP-20261007T13450325735,NTAP,2026-10-07,2026-10-07T09:48:42.306758-04:00,231.12,1.2603
FPS-20261007T13454774512,FPS,2026-10-07,2026-10-07T09:48:42.306758-04:00,40.22,0.7159
MTSI-20261007T13454783464,MTSI,2026-10-07,2026-10-07T09:48:42.306758-04:00,331.81,0.4022
CRWD-20261007T13474860946,CRWD,2026-10-07,2026-10-07T09:48:42.306758-04:00,269.772,0.3974
CDNA-20261007T13361674905,CDNA,2026-10-07,2026-10-07T09:48:52.909889-04:00,62.67,1.1358
MSTR-20261007T13361680858,MSTR,2026-10-07,2026-10-07T09:48:52.909889-04:00,155.36,0.8033
KLAC-20261007T13392663273,KLAC,2026-10-07,2026-10-07T09:48:52.909889-04:00,192.19,0.0468
TSEM-20261007T13410347229,TSEM,2026-10-07,2026-10-07T09:48:52.909889-04:00,243.13,0.6094
U-20261007T13430443233,U,2026-10-07,2026-10-07T09:48:52.909889-04:00,44.725,-0.2353
AXTI-20261007T13450282755,AXTI,2026-10-07,2026-10-07T09:48:52.909889-04:00,79.7401,0.2001
COHR-20261007T13450298887,COHR,2026-10-07,2026-10-07T09:48:52.909889-04:00,318.3162,0.6038
NTAP-20261007T13450325735,NTAP,2026-10-07,2026-10-07T09:48:52.909889-04:00,231.115,1.2624
FPS-20261007T13454774512,FPS,2026-10-07,2026-10-07T09:48:52.909889-04:00,40.1348,0.9262
MTSI-20261007T13454783464,MTSI,2026-10-07,2026-10-07T09:48:52.909889-04:00,331.6263,0.4574
CRWD-20261007T13474860946,CRWD,2026-10-07,2026-10-07T09:48:52.909889-04:00,270.2874,0.2071
CDNA-20261007T13361674905,CDNA,2026-10-07,2026-10-07T09:49:03.523851-04:00,62.785,0.9544
MSTR-20261007T13361680858,MSTR,2026-10-07,2026-10-07T09:49:03.523851-04:00,155.34,0.8161
KLAC-20261007T13392663273,KLAC,2026-10-07,2026-10-07T09:49:03.523851-04:00,192.25,0.0156
TSEM-20261007T13410347229,TSEM,2026-10-07,2026-10-07T09:49:03.523851-04:00,243.1,0.6217
U-20261007T13430443233,U,2026-10-07,2026-10-07T09:49:03.523851-04:00,44.75,-0.2913
AXTI-20261007T13450282755,AXTI,2026-10-07,2026-10-07T09:49:03.523851-04:00,79.72,0.2253
COHR-20261007T13450298887,COHR,2026-10-07,2026-10-07T09:49:03.523851-04:00,317.95,0.7182
NTAP-20261007T13450325735,NTAP,2026-10-07,2026-10-07T09:49:03.523851-04:00,232.8348,0.5277
FPS-20261007T13454774512,FPS,2026-10-07,2026-10-07T09:49:03.523851-04:00,39.97,1.333
MTSI-20261007T13454783464,MTSI,2026-10-07,2026-10-07T09:49:03.523851-04:00,331.8835,0.3802
CRWD-20261007T13474860946,CRWD,2026-10-07,2026-10-07T09:49:03.523851-04:00,270.09,0.28
CDNA-20261007T13361674905,CDNA,2026-10-07,2026-10-07T09:49:14.365867-04:00,62.785,0.9544
MSTR-20261007T13361680858,MSTR,2026-10-07,2026-10-07T09:49:14.365867-04:00,155.2925,0.8464
KLAC-20261007T13392663273,KLAC,2026-10-07,2026-10-07T09:49:14.365867-04:00,192.24,0.0208
TSEM-20261007T13410347229,TSEM,2026-10-07,2026-10-07T09:49:14.365867-04:00,242.7201,0.777
U-20261007T13430443233,U,2026-10-07,2026-10-07T09:49:14.365867-04:00,44.7605,-0.3149
COHR-20261007T13450298887,COHR,2026-10-07,2026-10-07T09:49:14.365867-04:00,318.2199,0.6339
NTAP-20261007T13450325735,NTAP,2026-10-07,2026-10-07T09:49:14.365867-04:00,231.3435,1.1648
FPS-20261007T13454774512,FPS,2026-10-07,2026-10-07T09:49:14.365867-04:00,40.3893,0.298
MTSI-20261007T13454783464,MTSI,2026-10-07,2026-10-07T09:49:14.365867-04:00,330.57,0.7744
CRWD-20261007T13474860946,CRWD,2026-10-07,2026-10-07T09:49:14.365867-04:00,270.17,0.2505
CDNA-20261007T13361674905,CDNA,2026-10-07,2026-10-07T09:49:24.998353-04:00,62.7981,0.9337
MSTR-20261007T13361680858,MSTR,2026-10-07,2026-10-07T09:49:24.998353-04:00,155.4287,0.7595
KLAC-20261007T13392663273,KLAC,2026-10-07,2026-10-07T09:49:24.998353-04:00,192.436,-0.0811
TSEM-20261007T13410347229,TSEM,2026-10-07,2026-10-07T09:49:24.998353-04:00,243.38,0.5072
U-20261007T13430443233,U,2026-10-07,2026-10-07T09:49:24.998353-04:00,44.84,-0.4931
COHR-20261007T13450298887,COHR,2026-10-07,2026-10-07T09:49:24.998353-04:00,318.655,0.498
NTAP-20261007T13450325735,NTAP,2026-10-07,2026-10-07T09:49:24.998353-04:00,231.1,1.2689
FPS-20261007T13454774512,FPS,2026-10-07,2026-10-07T09:49:24.998353-04:00,40.02,1.2096
MTSI-20261007T13454783464,MTSI,2026-10-07,2026-10-07T09:49:24.998353-04:00,331.25,0.5703
CRWD-20261007T13474860946,CRWD,2026-10-07,2026-10-07T09:49:24.998353-04:00,270.23,0.2283
NXT-20261007T13490434021,NXT,2026-10-07,2026-10-07T09:49:24.998353-04:00,85.0174,-0.2327
CDNA-20261007T13361674905,CDNA,2026-10-07,2026-10-07T09:49:35.598504-04:00,63.0,0.6152
MSTR-20261007T13361680858,MSTR,2026-10-07,2026-10-07T09:49:35.598504-04:00,155.1959,0.9081
KLAC-20261007T13392663273,KLAC,2026-10-07,2026-10-07T09:49:35.598504-04:00,192.56,-0.1456
TSEM-20261007T13410347229,TSEM,2026-10-07,2026-10-07T09:49:35.598504-04:00,243.905,0.2926
U-20261007T13430443233,U,2026-10-07,2026-10-07T09:49:35.598504-04:00,44.875,-0.5715
COHR-20261007T13450298887,COHR,2026-10-07,2026-10-07T09:49:35.598504-04:00,318.45,0.5621
NTAP-20261007T13450325735,NTAP,2026-10-07,2026-10-07T09:49:35.598504-04:00,231.4993,1.0983
FPS-20261007T13454774512,FPS,2026-10-07,2026-10-07T09:49:35.598504-04:00,40.0261,1.1945
MTSI-20261007T13454783464,MTSI,2026-10-07,2026-10-07T09:49:35.598504-04:00,331.8,0.4052
CRWD-20261007T13474860946,CRWD,2026-10-07,2026-10-07T09:49:35.598504-04:00,270.2925,0.2053
NXT-20261007T13490434021,NXT,2026-10-07,2026-10-07T09:49:35.598504-04:00,84.99,-0.2004
CDNA-20261007T13361674905,CDNA,2026-10-07,2026-10-07T09:49:46.120678-04:00,63.005,0.6074
MSTR-20261007T13361680858,MSTR,2026-10-07,2026-10-07T09:49:46.120678-04:00,155.22,0.8927
KLAC-20261007T13392663273,KLAC,2026-10-07,2026-10-07T09:49:46.120678-04:00,192.565,-0.1482
TSEM-20261007T13410347229,TSEM,2026-10-07,2026-10-07T09:49:46.120678-04:00,243.8965,0.2961
U-20261007T13430443233,U,2026-10-07,2026-10-07T09:49:46.120678-04:00,44.7304,-0.2474
COHR-20261007T13450298887,COHR,2026-10-07,2026-10-07T09:49:46.120678-04:00,319.0901,0.3622
NTAP-20261007T13450325735,NTAP,2026-10-07,2026-10-07T09:49:46.120678-04:00,231.79,0.9741
FPS-20261007T13454774512,FPS,2026-10-07,2026-10-07T09:49:46.120678-04:00,40.0901,1.0365
MTSI-20261007T13454783464,MTSI,2026-10-07,2026-10-07T09:49:46.120678-04:00,332.06,0.3272
CRWD-20261007T13474860946,CRWD,2026-10-07,2026-10-07T09:49:46.120678-04:00,270.205,0.2376
NXT-20261007T13490434021,NXT,2026-10-07,2026-10-07T09:49:46.120678-04:00,85.3032,-0.5697
CDNA-20261007T13361674905,CDNA,2026-10-07,2026-10-07T09:49:56.574814-04:00,62.9009,0.7716
MSTR-20261007T13361680858,MSTR,2026-10-07,2026-10-07T09:49:56.574814-04:00,155.1823,0.9168
KLAC-20261007T13392663273,KLAC,2026-10-07,2026-10-07T09:49:56.574814-04:00,192.58,-0.156
TSEM-20261007T13410347229,TSEM,2026-10-07,2026-10-07T09:49:56.574814-04:00,244.09,0.217
U-20261007T13430443233,U,2026-10-07,2026-10-07T09:49:56.574814-04:00,44.79,-0.381
COHR-20261007T13450298887,COHR,2026-10-07,2026-10-07T09:49:56.574814-04:00,319.0032,0.3893
NTAP-20261007T13450325735,NTAP,2026-10-07,2026-10-07T09:49:56.574814-04:00,231.8,0.9698
FPS-20261007T13454774512,FPS,2026-10-07,2026-10-07T09:49:56.574814-04:00,40.1138,0.978
MTSI-20261007T13454783464,MTSI,2026-10-07,2026-10-07T09:49:56.574814-04:00,332.25,0.2701
CRWD-20261007T13474860946,CRWD,2026-10-07,2026-10-07T09:49:56.574814-04:00,270.37,0.1767
NXT-20261007T13490434021,NXT,2026-10-07,2026-10-07T09:49:56.574814-04:00,85.0043,-0.2173
CDNA-20261007T13361674905,CDNA,2026-10-07,2026-10-07T09:50:07.041177-04:00,63.135,0.4023
MSTR-20261007T13361680858,MSTR,2026-10-07,2026-10-07T09:50:07.041177-04:00,155.0873,0.9775
KLAC-20261007T13392663273,KLAC,2026-10-07,2026-10-07T09:50:07.041177-04:00,192.5148,-0.1221
TSEM-20261007T13410347229,TSEM,2026-10-07,2026-10-07T09:50:07.041177-04:00,244.205,0.1699
U-20261007T13430443233,U,2026-10-07,2026-10-07T09:50:07.041177-04:00,44.74,-0.2689
COHR-20261007T13450298887,COHR,2026-10-07,2026-10-07T09:50:07.041177-04:00,318.68,0.4902
NTAP-20261007T13450325735,NTAP,2026-10-07,2026-10-07T09:50:07.041177-04:00,231.94,0.91
FPS-20261007T13454774512,FPS,2026-10-07,2026-10-07T09:50:07.041177-04:00,40.12,0.9627
MTSI-20261007T13454783464,MTSI,2026-10-07,2026-10-07T09:50:07.041177-04:00,332.12,0.3092
CRWD-20261007T13474860946,CRWD,2026-10-07,2026-10-07T09:50:07.041177-04:00,270.4064,0.1632
NXT-20261007T13490434021,NXT,2026-10-07,2026-10-07T09:50:07.041177-04:00,84.9433,-0.1454
CDNA-20261007T13361674905,CDNA,2026-10-07,2026-10-07T09:50:18.166447-04:00,63.135,0.4023
MSTR-20261007T13361680858,MSTR,2026-10-07,2026-10-07T09:50:18.166447-04:00,155.02,1.0204
KLAC-20261007T13392663273,KLAC,2026-10-07,2026-10-07T09:50:18.166447-04:00,192.645,-0.1898
U-20261007T13430443233,U,2026-10-07,2026-10-07T09:50:18.166447-04:00,44.75,-0.2913
COHR-20261007T13450298887,COHR,2026-10-07,2026-10-07T09:50:18.166447-04:00,319.17,0.3372
NTAP-20261007T13450325735,NTAP,2026-10-07,2026-10-07T09:50:18.166447-04:00,232.03,0.8715
FPS-20261007T13454774512,FPS,2026-10-07,2026-10-07T09:50:18.166447-04:00,40.135,0.9257
MTSI-20261007T13454783464,MTSI,2026-10-07,2026-10-07T09:50:18.166447-04:00,331.995,0.3467
CRWD-20261007T13474860946,CRWD,2026-10-07,2026-10-07T09:50:18.166447-04:00,270.46,0.1434
NXT-20261007T13490434021,NXT,2026-10-07,2026-10-07T09:50:18.166447-04:00,85.03,-0.2476
CDNA-20261007T13361674905,CDNA,2026-10-07,2026-10-07T09:50:29.088212-04:00,63.1075,0.4457
MSTR-20261007T13361680858,MSTR,2026-10-07,2026-10-07T09:50:29.088212-04:00,155.315,0.8321
KLAC-20261007T13392663273,KLAC,2026-10-07,2026-10-07T09:50:29.088212-04:00,192.715,-0.2262
U-20261007T13430443233,U,2026-10-07,2026-10-07T09:50:29.088212-04:00,44.7789,-0.3561
COHR-20261007T13450298887,COHR,2026-10-07,2026-10-07T09:50:29.088212-04:00,319.47,0.2436
NTAP-20261007T13450325735,NTAP,2026-10-07,2026-10-07T09:50:29.088212-04:00,232.315,0.7498
FPS-20261007T13454774512,FPS,2026-10-07,2026-10-07T09:50:29.088212-04:00,40.05,1.1355
MTSI-20261007T13454783464,MTSI,2026-10-07,2026-10-07T09:50:29.088212-04:00,332.0,0.3452
CRWD-20261007T13474860946,CRWD,2026-10-07,2026-10-07T09:50:29.088212-04:00,270.51,0.125
NXT-20261007T13490434021,NXT,2026-10-07,2026-10-07T09:50:29.088212-04:00,84.987,-0.1969
CEG-20261007T13500815226,CEG,2026-10-07,2026-10-07T09:50:29.088212-04:00,291.5785,-0.1334
CDNA-20261007T13361674905,CDNA,2026-10-07,2026-10-07T09:50:39.810809-04:00,63.165,0.3549
MSTR-20261007T13361680858,MSTR,2026-10-07,2026-10-07T09:50:39.810809-04:00,155.23,0.8863
KLAC-20261007T13392663273,KLAC,2026-10-07,2026-10-07T09:50:39.810809-04:00,192.68,-0.208
U-20261007T13430443233,U,2026-10-07,2026-10-07T09:50:39.810809-04:00,44.712,-0.2062
COHR-20261007T13450298887,COHR,2026-10-07,2026-10-07T09:50:39.810809-04:00,320.48,-0.0718
NTAP-20261007T13450325735,NTAP,2026-10-07,2026-10-07T09:50:39.810809-04:00,232.318,0.7485
FPS-20261007T13454774512,FPS,2026-10-07,2026-10-07T09:50:39.810809-04:00,40.0545,1.1244
MTSI-20261007T13454783464,MTSI,2026-10-07,2026-10-07T09:50:39.810809-04:00,332.0,0.3452
CRWD-20261007T13474860946,CRWD,2026-10-07,2026-10-07T09:50:39.810809-04:00,270.6745,0.0642
NXT-20261007T13490434021,NXT,2026-10-07,2026-10-07T09:50:39.810809-04:00,84.99,-0.2004
CEG-20261007T13500815226,CEG,2026-10-07,2026-10-07T09:50:39.810809-04:00,291.7334,-0.1866
CDNA-20261007T13361674905,CDNA,2026-10-07,2026-10-07T09:50:50.536233-04:00,63.165,0.3549
MSTR-20261007T13361680858,MSTR,2026-10-07,2026-10-07T09:50:50.536233-04:00,155.635,0.6278
KLAC-20261007T13392663273,KLAC,2026-10-07,2026-10-07T09:50:50.536233-04:00,192.775,-0.2574
U-20261007T13430443233,U,2026-10-07,2026-10-07T09:50:50.536233-04:00,44.6901,-0.1571
COHR-20261007T13450298887,COHR,2026-10-07,2026-10-07T09:50:50.536233-04:00,320.3595,-0.0342
NTAP-20261007T13450325735,NTAP,2026-10-07,2026-10-07T09:50:50.536233-04:00,232.48,0.6793
FPS-20261007T13454774512,FPS,2026-10-07,2026-10-07T09:50:50.536233-04:00,40.1535,0.88
MTSI-20261007T13454783464,MTSI,2026-10-07,2026-10-07T09:50:50.536233-04:00,331.53,0.4863
CRWD-20261007T13474860946,CRWD,2026-10-07,2026-10-07T09:50:50.536233-04:00,270.39,0.1693
NXT-20261007T13490434021,NXT,2026-10-07,2026-10-07T09:50:50.536233-04:00,85.02,-0.2358
CEG-20261007T13500815226,CEG,2026-10-07,2026-10-07T09:50:50.536233-04:00,291.445,-0.0876
CDNA-20261007T13361674905,CDNA,2026-10-07,2026-10-07T09:51:01.183585-04:00,63.17,0.3471
MSTR-20261007T13361680858,MSTR,2026-10-07,2026-10-07T09:51:01.183585-04:00,155.805,0.5192
KLAC-20261007T13392663273,KLAC,2026-10-07,2026-10-07T09:51:01.183585-04:00,192.97,-0.3589
U-20261007T13430443233,U,2026-10-07,2026-10-07T09:51:01.183585-04:00,44.68,-0.1345
COHR-20261007T13450298887,COHR,2026-10-07,2026-10-07T09:51:01.183585-04:00,320.38,-0.0406
NTAP-20261007T13450325735,NTAP,2026-10-07,2026-10-07T09:51:01.183585-04:00,232.53,0.6579
FPS-20261007T13454774512,FPS,2026-10-07,2026-10-07T09:51:01.183585-04:00,40.1877,0.7956
MTSI-20261007T13454783464,MTSI,2026-10-07,2026-10-07T09:51:01.183585-04:00,332.08,0.3212
CRWD-20261007T13474860946,CRWD,2026-10-07,2026-10-07T09:51:01.183585-04:00,270.51,0.125
NXT-20261007T13490434021,NXT,2026-10-07,2026-10-07T09:51:01.183585-04:00,85.1307,-0.3663
CEG-20261007T13500815226,CEG,2026-10-07,2026-10-07T09:51:01.183585-04:00,292.4899,-0.4464
CDNA-20261007T13361674905,CDNA,2026-10-07,2026-10-07T09:51:12.411848-04:00,63.6199,-0.3627
MSTR-20261007T13361680858,MSTR,2026-10-07,2026-10-07T09:51:12.411848-04:00,155.865,0.4809
KLAC-20261007T13392663273,KLAC,2026-10-07,2026-10-07T09:51:12.411848-04:00,192.79,-0.2652
U-20261007T13430443233,U,2026-10-07,2026-10-07T09:51:12.411848-04:00,44.52,0.2241
FPS-20261007T13454774512,FPS,2026-10-07,2026-10-07T09:51:12.411848-04:00,40.02,1.2096
MTSI-20261007T13454783464,MTSI,2026-10-07,2026-10-07T09:51:12.411848-04:00,331.93,0.3662
CRWD-20261007T13474860946,CRWD,2026-10-07,2026-10-07T09:51:12.411848-04:00,270.73,0.0437
NXT-20261007T13490434021,NXT,2026-10-07,2026-10-07T09:51:12.411848-04:00,85.225,-0.4775
CEG-20261007T13500815226,CEG,2026-10-07,2026-10-07T09:51:12.411848-04:00,292.19,-0.3434
CDNA-20261007T13361674905,CDNA,2026-10-07,2026-10-07T09:51:23.337837-04:00,63.17,0.3471
KLAC-20261007T13392663273,KLAC,2026-10-07,2026-10-07T09:51:23.337837-04:00,192.81,-0.2756
U-20261007T13430443233,U,2026-10-07,2026-10-07T09:51:23.337837-04:00,44.585,0.0784
FPS-20261007T13454774512,FPS,2026-10-07,2026-10-07T09:51:23.337837-04:00,40.1975,0.7714
MTSI-20261007T13454783464,MTSI,2026-10-07,2026-10-07T09:51:23.337837-04:00,331.93,0.3662
CRWD-20261007T13474860946,CRWD,2026-10-07,2026-10-07T09:51:23.337837-04:00,270.88,-0.0116
NXT-20261007T13490434021,NXT,2026-10-07,2026-10-07T09:51:23.337837-04:00,85.48,-0.7781
CEG-20261007T13500815226,CEG,2026-10-07,2026-10-07T09:51:23.337837-04:00,292.055,-0.2971
CDNA-20261007T13361674905,CDNA,2026-10-07,2026-10-07T09:51:34.123362-04:00,63.31,0.1262
KLAC-20261007T13392663273,KLAC,2026-10-07,2026-10-07T09:51:34.123362-04:00,192.68,-0.208
U-20261007T13430443233,U,2026-10-07,2026-10-07T09:51:34.123362-04:00,44.545,0.1681
FPS-20261007T13454774512,FPS,2026-10-07,2026-10-07T09:51:34.123362-04:00,40.1,1.0121
MTSI-20261007T13454783464,MTSI,2026-10-07,2026-10-07T09:51:34.123362-04:00,332.1126,0.3114
CRWD-20261007T13474860946,CRWD,2026-10-07,2026-10-07T09:51:34.123362-04:00,270.865,-0.0061
NXT-20261007T13490434021,NXT,2026-10-07,2026-10-07T09:51:34.123362-04:00,85.54,-0.8489
CEG-20261007T13500815226,CEG,2026-10-07,2026-10-07T09:51:34.123362-04:00,292.805,-0.5546
CDNA-20261007T13361674905,CDNA,2026-10-07,2026-10-07T09:51:44.709237-04:00,63.16,0.3628
KLAC-20261007T13392663273,KLAC,2026-10-07,2026-10-07T09:51:44.709237-04:00,192.67,-0.2028
U-20261007T13430443233,U,2026-10-07,2026-10-07T09:51:44.709237-04:00,44.62,-0.0
FPS-20261007T13454774512,FPS,2026-10-07,2026-10-07T09:51:44.709237-04:00,40.08,1.0615
MTSI-20261007T13454783464,MTSI,2026-10-07,2026-10-07T09:51:44.709237-04:00,331.8,0.4052
CRWD-20261007T13474860946,CRWD,2026-10-07,2026-10-07T09:51:44.709237-04:00,270.34,0.1877
NXT-20261007T13490434021,NXT,2026-10-07,2026-10-07T09:51:44.709237-04:00,85.61,-0.9314
CEG-20261007T13500815226,CEG,2026-10-07,2026-10-07T09:51:44.709237-04:00,292.755,-0.5374
CDNA-20261007T13361674905,CDNA,2026-10-07,2026-10-07T09:51:55.266049-04:00,63.285,0.1656
KLAC-20261007T13392663273,KLAC,2026-10-07,2026-10-07T09:51:55.266049-04:00,192.71,-0.2236
U-20261007T13430443233,U,2026-10-07,2026-10-07T09:51:55.266049-04:00,44.615,0.0112
FPS-20261007T13454774512,FPS,2026-10-07,2026-10-07T09:51:55.266049-04:00,40.085,1.0491
MTSI-20261007T13454783464,MTSI,2026-10-07,2026-10-07T09:51:55.266049-04:00,332.785,0.1096
CRWD-20261007T13474860946,CRWD,2026-10-07,2026-10-07T09:51:55.266049-04:00,270.0228,0.3048
NXT-20261007T13490434021,NXT,2026-10-07,2026-10-07T09:51:55.266049-04:00,85.51,-0.8135
CEG-20261007T13500815226,CEG,2026-10-07,2026-10-07T09:51:55.266049-04:00,292.73,-0.5289
CDNA-20261007T13361674905,CDNA,2026-10-07,2026-10-07T09:52:05.682188-04:00,63.26,0.2051
KLAC-20261007T13392663273,KLAC,2026-10-07,2026-10-07T09:52:05.682188-04:00,192.4484,-0.0876
U-20261007T13430443233,U,2026-10-07,2026-10-07T09:52:05.682188-04:00,44.6,0.0448
FPS-20261007T13454774512,FPS,2026-10-07,2026-10-07T09:52:05.682188-04:00,40.08,1.0615
MTSI-20261007T13454783464,MTSI,2026-10-07,2026-10-07T09:52:05.682188-04:00,333.165,-0.0045
CRWD-20261007T13474860946,CRWD,2026-10-07,2026-10-07T09:52:05.682188-04:00,270.4136,0.1606
NXT-20261007T13490434021,NXT,2026-10-07,2026-10-07T09:52:05.682188-04:00,85.565,-0.8783
CEG-20261007T13500815226,CEG,2026-10-07,2026-10-07T09:52:05.682188-04:00,293.035,-0.6336
CDNA-20261007T13361674905,CDNA,2026-10-07,2026-10-07T09:52:16.597588-04:00,63.173,0.3423
KLAC-20261007T13392663273,KLAC,2026-10-07,2026-10-07T09:52:16.597588-04:00,192.91,-0.3276
U-20261007T13430443233,U,2026-10-07,2026-10-07T09:52:16.597588-04:00,44.61,0.0224
FPS-20261007T13454774512,FPS,2026-10-07,2026-10-07T09:52:16.597588-04:00,40.085,1.0491
CRWD-20261007T13474860946,CRWD,2026-10-07,2026-10-07T09:52:16.597588-04:00,270.11,0.2726
NXT-20261007T13490434021,NXT,2026-10-07,2026-10-07T09:52:16.597588-04:00,85.5656,-0.879
CEG-20261007T13500815226,CEG,2026-10-07,2026-10-07T09:52:16.597588-04:00,293.305,-0.7263
CDNA-20261007T13361674905,CDNA,2026-10-07,2026-10-07T09:52:27.302366-04:00,63.265,0.1972
KLAC-20261007T13392663273,KLAC,2026-10-07,2026-10-07T09:52:27.302366-04:00,192.76,-0.2496
U-20261007T13430443233,U,2026-10-07,2026-10-07T09:52:27.302366-04:00,44.52,0.2241
FPS-20261007T13454774512,FPS,2026-10-07,2026-10-07T09:52:27.302366-04:00,40.12,0.9627
CRWD-20261007T13474860946,CRWD,2026-10-07,2026-10-07T09:52:27.302366-04:00,270.5091,0.1253
CEG-20261007T13500815226,CEG,2026-10-07,2026-10-07T09:52:27.302366-04:00,293.16,-0.6765
CDNA-20261007T13361674905,CDNA,2026-10-07,2026-10-07T09:52:37.759117-04:00,63.275,0.1814
KLAC-20261007T13392663273,KLAC,2026-10-07,2026-10-07T09:52:37.759117-04:00,192.8038,-0.2724
U-20261007T13430443233,U,2026-10-07,2026-10-07T09:52:37.759117-04:00,44.56,0.1345
FPS-20261007T13454774512,FPS,2026-10-07,2026-10-07T09:52:37.759117-04:00,40.085,1.0491
CRWD-20261007T13474860946,CRWD,2026-10-07,2026-10-07T09:52:37.759117-04:00,270.2,0.2394
CEG-20261007T13500815226,CEG,2026-10-07,2026-10-07T09:52:37.759117-04:00,293.85,-0.9135
CDNA-20261007T13361674905,CDNA,2026-10-07,2026-10-07T09:52:48.192736-04:00,63.2,0.2997
KLAC-20261007T13392663273,KLAC,2026-10-07,2026-10-07T09:52:48.192736-04:00,192.64,-0.1872
U-20261007T13430443233,U,2026-10-07,2026-10-07T09:52:48.192736-04:00,44.58,0.0896
FPS-20261007T13454774512,FPS,2026-10-07,2026-10-07T09:52:48.192736-04:00,40.16,0.864
CRWD-20261007T13474860946,CRWD,2026-10-07,2026-10-07T09:52:48.192736-04:00,269.75,0.4056
CEG-20261007T13500815226,CEG,2026-10-07,2026-10-07T09:52:48.192736-04:00,293.98,-0.9581
CDNA-20261007T13361674905,CDNA,2026-10-07,2026-10-07T09:52:58.778487-04:00,63.2577,0.2087
KLAC-20261007T13392663273,KLAC,2026-10-07,2026-10-07T09:52:58.778487-04:00,192.6,-0.1664
U-20261007T13430443233,U,2026-10-07,2026-10-07T09:52:58.778487-04:00,44.565,0.1233
FPS-20261007T13454774512,FPS,2026-10-07,2026-10-07T09:52:58.778487-04:00,40.185,0.8023
CRWD-20261007T13474860946,CRWD,2026-10-07,2026-10-07T09:52:58.778487-04:00,269.56,0.4757
CEG-20261007T13500815226,CEG,2026-10-07,2026-10-07T09:52:58.778487-04:00,294.01,-0.9684
CDNA-20261007T13361674905,CDNA,2026-10-07,2026-10-07T09:53:09.238270-04:00,63.23,0.2524
KLAC-20261007T13392663273,KLAC,2026-10-07,2026-10-07T09:53:09.238270-04:00,192.7243,-0.2311
U-20261007T13430443233,U,2026-10-07,2026-10-07T09:53:09.238270-04:00,44.56,0.1345
FPS-20261007T13454774512,FPS,2026-10-07,2026-10-07T09:53:09.238270-04:00,40.17,0.8393
CRWD-20261007T13474860946,CRWD,2026-10-07,2026-10-07T09:53:09.238270-04:00,269.3827,0.5412
CEG-20261007T13500815226,CEG,2026-10-07,2026-10-07T09:53:09.238270-04:00,293.65,-0.8448
PRIM-20261007T13524866368,PRIM,2026-10-07,2026-10-07T09:53:09.238270-04:00,82.47,-0.1092
AAOI-20261007T13524875529,AAOI,2026-10-07,2026-10-07T09:53:09.238270-04:00,121.4896,-0.3134
CDNA-20261007T13361674905,CDNA,2026-10-07,2026-10-07T09:53:19.806961-04:00,63.2192,0.2694
KLAC-20261007T13392663273,KLAC,2026-10-07,2026-10-07T09:53:19.806961-04:00,192.495,-0.1118
U-20261007T13430443233,U,2026-10-07,2026-10-07T09:53:19.806961-04:00,44.694,-0.1658
FPS-20261007T13454774512,FPS,2026-10-07,2026-10-07T09:53:19.806961-04:00,40.195,0.7776
CRWD-20261007T13474860946,CRWD,2026-10-07,2026-10-07T09:53:19.806961-04:00,269.445,0.5182
CEG-20261007T13500815226,CEG,2026-10-07,2026-10-07T09:53:19.806961-04:00,293.57,-0.8173
PRIM-20261007T13524866368,PRIM,2026-10-07,2026-10-07T09:53:19.806961-04:00,82.465,-0.1032
AAOI-20261007T13524875529,AAOI,2026-10-07,2026-10-07T09:53:19.806961-04:00,121.6667,-0.4597
CDNA-20261007T13361674905,CDNA,2026-10-07,2026-10-07T09:53:30.706458-04:00,63.23,0.2524
KLAC-20261007T13392663273,KLAC,2026-10-07,2026-10-07T09:53:30.706458-04:00,192.62,-0.1768
U-20261007T13430443233,U,2026-10-07,2026-10-07T09:53:30.706458-04:00,44.68,-0.1345
FPS-20261007T13454774512,FPS,2026-10-07,2026-10-07T09:53:30.706458-04:00,40.27,0.5924
CRWD-20261007T13474860946,CRWD,2026-10-07,2026-10-07T09:53:30.706458-04:00,269.3112,0.5676
PRIM-20261007T13524866368,PRIM,2026-10-07,2026-10-07T09:53:30.706458-04:00,82.4431,-0.0766
AAOI-20261007T13524875529,AAOI,2026-10-07,2026-10-07T09:53:30.706458-04:00,121.67,-0.4624
CDNA-20261007T13361674905,CDNA,2026-10-07,2026-10-07T09:53:41.199536-04:00,63.25,0.2209
KLAC-20261007T13392663273,KLAC,2026-10-07,2026-10-07T09:53:41.199536-04:00,192.6145,-0.174
U-20261007T13430443233,U,2026-10-07,2026-10-07T09:53:41.199536-04:00,44.68,-0.1345
FPS-20261007T13454774512,FPS,2026-10-07,2026-10-07T09:53:41.199536-04:00,40.31,0.4937
CRWD-20261007T13474860946,CRWD,2026-10-07,2026-10-07T09:53:41.199536-04:00,269.81,0.3834
PRIM-20261007T13524866368,PRIM,2026-10-07,2026-10-07T09:53:41.199536-04:00,82.54,-0.1942
AAOI-20261007T13524875529,AAOI,2026-10-07,2026-10-07T09:53:41.199536-04:00,122.07,-0.7927
TENB-20261007T13532069151,TENB,2026-10-07,2026-10-07T09:53:41.199536-04:00,38.735,-0.4278
CDNA-20261007T13361674905,CDNA,2026-10-07,2026-10-07T09:53:51.817752-04:00,63.3,0.142
KLAC-20261007T13392663273,KLAC,2026-10-07,2026-10-07T09:53:51.817752-04:00,192.92,-0.3328
U-20261007T13430443233,U,2026-10-07,2026-10-07T09:53:51.817752-04:00,44.7904,-0.3819
FPS-20261007T13454774512,FPS,2026-10-07,2026-10-07T09:53:51.817752-04:00,40.32,0.469
CRWD-20261007T13474860946,CRWD,2026-10-07,2026-10-07T09:53:51.817752-04:00,269.81,0.3834
PRIM-20261007T13524866368,PRIM,2026-10-07,2026-10-07T09:53:51.817752-04:00,82.53,-0.1821
AAOI-20261007T13524875529,AAOI,2026-10-07,2026-10-07T09:53:51.817752-04:00,122.205,-0.9041
TENB-20261007T13532069151,TENB,2026-10-07,2026-10-07T09:53:51.817752-04:00,38.598,-0.0726
CDNA-20261007T13361674905,CDNA,2026-10-07,2026-10-07T09:54:02.479350-04:00,63.18,0.3313
KLAC-20261007T13392663273,KLAC,2026-10-07,2026-10-07T09:54:02.479350-04:00,192.905,-0.325
U-20261007T13430443233,U,2026-10-07,2026-10-07T09:54:02.479350-04:00,44.745,-0.2801
FPS-20261007T13454774512,FPS,2026-10-07,2026-10-07T09:54:02.479350-04:00,40.31,0.4937
CRWD-20261007T13474860946,CRWD,2026-10-07,2026-10-07T09:54:02.479350-04:00,270.15,0.2579
PRIM-20261007T13524866368,PRIM,2026-10-07,2026-10-07T09:54:02.479350-04:00,82.53,-0.1821
AAOI-20261007T13524875529,AAOI,2026-10-07,2026-10-07T09:54:02.479350-04:00,122.175,-0.8794
TENB-20261007T13532069151,TENB,2026-10-07,2026-10-07T09:54:02.479350-04:00,38.5976,-0.0716
MRVL-20261007T13534179984,MRVL,2026-10-07,2026-10-07T09:54:02.479350-04:00,280.875,0.2681
CDNA-20261007T13361674905,CDNA,2026-10-07,2026-10-07T09:54:13.234189-04:00,63.15,0.3786
KLAC-20261007T13392663273,KLAC,2026-10-07,2026-10-07T09:54:13.234189-04:00,192.91,-0.3276
U-20261007T13430443233,U,2026-10-07,2026-10-07T09:54:13.234189-04:00,44.83,-0.4706
CRWD-20261007T13474860946,CRWD,2026-10-07,2026-10-07T09:54:13.234189-04:00,270.224,0.2306
PRIM-20261007T13524866368,PRIM,2026-10-07,2026-10-07T09:54:13.234189-04:00,82.6048,-0.2729
AAOI-20261007T13524875529,AAOI,2026-10-07,2026-10-07T09:54:13.234189-04:00,122.0432,-0.7705
TENB-20261007T13532069151,TENB,2026-10-07,2026-10-07T09:54:13.234189-04:00,38.79,-0.5704
MRVL-20261007T13534179984,MRVL,2026-10-07,2026-10-07T09:54:13.234189-04:00,281.005,0.2219
CDNA-20261007T13361674905,CDNA,2026-10-07,2026-10-07T09:54:23.737256-04:00,63.12,0.4259
KLAC-20261007T13392663273,KLAC,2026-10-07,2026-10-07T09:54:23.737256-04:00,192.93,-0.338
U-20261007T13430443233,U,2026-10-07,2026-10-07T09:54:23.737256-04:00,44.8275,-0.465
CRWD-20261007T13474860946,CRWD,2026-10-07,2026-10-07T09:54:23.737256-04:00,270.0,0.3133
PRIM-20261007T13524866368,PRIM,2026-10-07,2026-10-07T09:54:23.737256-04:00,82.64,-0.3156
TENB-20261007T13532069151,TENB,2026-10-07,2026-10-07T09:54:23.737256-04:00,38.89,-0.8297
MRVL-20261007T13534179984,MRVL,2026-10-07,2026-10-07T09:54:23.737256-04:00,281.255,0.1332
CDNA-20261007T13361674905,CDNA,2026-10-07,2026-10-07T09:54:34.139150-04:00,63.1788,0.3332
KLAC-20261007T13392663273,KLAC,2026-10-07,2026-10-07T09:54:34.139150-04:00,193.105,-0.4291
U-20261007T13430443233,U,2026-10-07,2026-10-07T09:54:34.139150-04:00,44.85,-0.5155
CRWD-20261007T13474860946,CRWD,2026-10-07,2026-10-07T09:54:34.139150-04:00,270.0347,0.3004
PRIM-20261007T13524866368,PRIM,2026-10-07,2026-10-07T09:54:34.139150-04:00,82.445,-0.0789
TENB-20261007T13532069151,TENB,2026-10-07,2026-10-07T09:54:34.139150-04:00,38.85,-0.726
MRVL-20261007T13534179984,MRVL,2026-10-07,2026-10-07T09:54:34.139150-04:00,281.36,0.0959
CDNA-20261007T13361674905,CDNA,2026-10-07,2026-10-07T09:54:44.612000-04:00,63.1412,0.3925
KLAC-20261007T13392663273,KLAC,2026-10-07,2026-10-07T09:54:44.612000-04:00,192.7548,-0.2469
U-20261007T13430443233,U,2026-10-07,2026-10-07T09:54:44.612000-04:00,44.84,-0.4931
CRWD-20261007T13474860946,CRWD,2026-10-07,2026-10-07T09:54:44.612000-04:00,269.905,0.3483
PRIM-20261007T13524866368,PRIM,2026-10-07,2026-10-07T09:54:44.612000-04:00,82.6205,-0.2919
TENB-20261007T13532069151,TENB,2026-10-07,2026-10-07T09:54:44.612000-04:00,38.78,-0.5445
MRVL-20261007T13534179984,MRVL,2026-10-07,2026-10-07T09:54:44.612000-04:00,281.9425,-0.111
CDNA-20261007T13361674905,CDNA,2026-10-07,2026-10-07T09:54:55.067907-04:00,63.0,0.6152
KLAC-20261007T13392663273,KLAC,2026-10-07,2026-10-07T09:54:55.067907-04:00,193.175,-0.4655
U-20261007T13430443233,U,2026-10-07,2026-10-07T09:54:55.067907-04:00,44.85,-0.5155
CRWD-20261007T13474860946,CRWD,2026-10-07,2026-10-07T09:54:55.067907-04:00,269.745,0.4074
PRIM-20261007T13524866368,PRIM,2026-10-07,2026-10-07T09:54:55.067907-04:00,82.515,-0.1639
TENB-20261007T13532069151,TENB,2026-10-07,2026-10-07T09:54:55.067907-04:00,38.71,-0.363
MRVL-20261007T13534179984,MRVL,2026-10-07,2026-10-07T09:54:55.067907-04:00,281.73,-0.0355
CDNA-20261007T13361674905,CDNA,2026-10-07,2026-10-07T09:55:05.547172-04:00,63.0182,0.5865
KLAC-20261007T13392663273,KLAC,2026-10-07,2026-10-07T09:55:05.547172-04:00,192.7913,-0.2659
U-20261007T13430443233,U,2026-10-07,2026-10-07T09:55:05.547172-04:00,44.825,-0.4594
CRWD-20261007T13474860946,CRWD,2026-10-07,2026-10-07T09:55:05.547172-04:00,269.865,0.3631
PRIM-20261007T13524866368,PRIM,2026-10-07,2026-10-07T09:55:05.547172-04:00,82.4575,-0.0941
TENB-20261007T13532069151,TENB,2026-10-07,2026-10-07T09:55:05.547172-04:00,38.75,-0.4667
MRVL-20261007T13534179984,MRVL,2026-10-07,2026-10-07T09:55:05.547172-04:00,282.205,-0.2042
CDNA-20261007T13361674905,CDNA,2026-10-07,2026-10-07T09:55:16.325419-04:00,63.1224,0.4221
KLAC-20261007T13392663273,KLAC,2026-10-07,2026-10-07T09:55:16.325419-04:00,192.831,-0.2866
U-20261007T13430443233,U,2026-10-07,2026-10-07T09:55:16.325419-04:00,44.845,-0.5043
CRWD-20261007T13474860946,CRWD,2026-10-07,2026-10-07T09:55:16.325419-04:00,269.895,0.352
PRIM-20261007T13524866368,PRIM,2026-10-07,2026-10-07T09:55:16.325419-04:00,82.5154,-0.1644
TENB-20261007T13532069151,TENB,2026-10-07,2026-10-07T09:55:16.325419-04:00,38.6401,-0.1817
MRVL-20261007T13534179984,MRVL,2026-10-07,2026-10-07T09:55:16.325419-04:00,282.435,-0.2858
CDNA-20261007T13361674905,CDNA,2026-10-07,2026-10-07T09:55:26.990834-04:00,63.0307,0.5668
KLAC-20261007T13392663273,KLAC,2026-10-07,2026-10-07T09:55:26.990834-04:00,193.375,-0.5695
U-20261007T13430443233,U,2026-10-07,2026-10-07T09:55:26.990834-04:00,44.7912,-0.3837
CRWD-20261007T13474860946,CRWD,2026-10-07,2026-10-07T09:55:26.990834-04:00,269.7645,0.4002
PRIM-20261007T13524866368,PRIM,2026-10-07,2026-10-07T09:55:26.990834-04:00,82.6161,-0.2866
TENB-20261007T13532069151,TENB,2026-10-07,2026-10-07T09:55:26.990834-04:00,38.735,-0.4278
MRVL-20261007T13534179984,MRVL,2026-10-07,2026-10-07T09:55:26.990834-04:00,281.935,-0.1083
CDNA-20261007T13361674905,CDNA,2026-10-07,2026-10-07T09:55:37.458466-04:00,62.9619,0.6753
KLAC-20261007T13392663273,KLAC,2026-10-07,2026-10-07T09:55:37.458466-04:00,193.34,-0.5513
U-20261007T13430443233,U,2026-10-07,2026-10-07T09:55:37.458466-04:00,44.855,-0.5267
CRWD-20261007T13474860946,CRWD,2026-10-07,2026-10-07T09:55:37.458466-04:00,270.09,0.28
PRIM-20261007T13524866368,PRIM,2026-10-07,2026-10-07T09:55:37.458466-04:00,82.67,-0.352
TENB-20261007T13532069151,TENB,2026-10-07,2026-10-07T09:55:37.458466-04:00,38.7337,-0.4244
MRVL-20261007T13534179984,MRVL,2026-10-07,2026-10-07T09:55:37.458466-04:00,281.145,0.1722
CDNA-20261007T13361674905,CDNA,2026-10-07,2026-10-07T09:55:47.829006-04:00,62.93,0.7257
KLAC-20261007T13392663273,KLAC,2026-10-07,2026-10-07T09:55:47.829006-04:00,193.31,-0.5357
U-20261007T13430443233,U,2026-10-07,2026-10-07T09:55:47.829006-04:00,44.89,-0.6051
CRWD-20261007T13474860946,CRWD,2026-10-07,2026-10-07T09:55:47.829006-04:00,270.095,0.2782
PRIM-20261007T13524866368,PRIM,2026-10-07,2026-10-07T09:55:47.829006-04:00,82.6632,-0.3438
TENB-20261007T13532069151,TENB,2026-10-07,2026-10-07T09:55:47.829006-04:00,38.7337,-0.4244
MRVL-20261007T13534179984,MRVL,2026-10-07,2026-10-07T09:55:47.829006-04:00,281.6182,0.0042
CDNA-20261007T13361674905,CDNA,2026-10-07,2026-10-07T09:55:58.319346-04:00,62.975,0.6547
KLAC-20261007T13392663273,KLAC,2026-10-07,2026-10-07T09:55:58.319346-04:00,193.3,-0.5305
U-20261007T13430443233,U,2026-10-07,2026-10-07T09:55:58.319346-04:00,44.7636,-0.3218
CRWD-20261007T13474860946,CRWD,2026-10-07,2026-10-07T09:55:58.319346-04:00,270.0,0.3133
PRIM-20261007T13524866368,PRIM,2026-10-07,2026-10-07T09:55:58.319346-04:00,82.67,-0.352
TENB-20261007T13532069151,TENB,2026-10-07,2026-10-07T09:55:58.319346-04:00,38.735,-0.4278
MRVL-20261007T13534179984,MRVL,2026-10-07,2026-10-07T09:55:58.319346-04:00,281.53,0.0355
CDNA-20261007T13361674905,CDNA,2026-10-07,2026-10-07T09:56:08.761333-04:00,62.86,0.8361
KLAC-20261007T13392663273,KLAC,2026-10-07,2026-10-07T09:56:08.761333-04:00,193.19,-0.4733
U-20261007T13430443233,U,2026-10-07,2026-10-07T09:56:08.761333-04:00,44.78,-0.3586
CRWD-20261007T13474860946,CRWD,2026-10-07,2026-10-07T09:56:08.761333-04:00,270.255,0.2191
PRIM-20261007T13524866368,PRIM,2026-10-07,2026-10-07T09:56:08.761333-04:00,82.55,-0.2064
TENB-20261007T13532069151,TENB,2026-10-07,2026-10-07T09:56:08.761333-04:00,38.7481,-0.4618
MRVL-20261007T13534179984,MRVL,2026-10-07,2026-10-07T09:56:08.761333-04:00,281.9469,-0.1125
CDNA-20261007T13361674905,CDNA,2026-10-07,2026-10-07T09:56:19.520691-04:00,62.9597,0.6788
KLAC-20261007T13392663273,KLAC,2026-10-07,2026-10-07T09:56:19.520691-04:00,192.6192,-0.1764
U-20261007T13430443233,U,2026-10-07,2026-10-07T09:56:19.520691-04:00,44.775,-0.3474
CRWD-20261007T13474860946,CRWD,2026-10-07,2026-10-07T09:56:19.520691-04:00,270.4388,0.1513
PRIM-20261007T13524866368,PRIM,2026-10-07,2026-10-07T09:56:19.520691-04:00,82.48,-0.1214
TENB-20261007T13532069151,TENB,2026-10-07,2026-10-07T09:56:19.520691-04:00,38.5956,-0.0664
MRVL-20261007T13534179984,MRVL,2026-10-07,2026-10-07T09:56:19.520691-04:00,282.39,-0.2699
CDNA-20261007T13361674905,CDNA,2026-10-07,2026-10-07T09:56:30.188174-04:00,63.08,0.489
U-20261007T13430443233,U,2026-10-07,2026-10-07T09:56:30.188174-04:00,44.8,-0.4034
CRWD-20261007T13474860946,CRWD,2026-10-07,2026-10-07T09:56:30.188174-04:00,270.225,0.2302
PRIM-20261007T13524866368,PRIM,2026-10-07,2026-10-07T09:56:30.188174-04:00,82.67,-0.352
TENB-20261007T13532069151,TENB,2026-10-07,2026-10-07T09:56:30.188174-04:00,38.5945,-0.0635
MRVL-20261007T13534179984,MRVL,2026-10-07,2026-10-07T09:56:30.188174-04:00,282.18,-0.1953
AXTI-20261007T13560951234,AXTI,2026-10-07,2026-10-07T09:56:30.188174-04:00,80.285,-0.1966
CDNA-20261007T13361674905,CDNA,2026-10-07,2026-10-07T09:56:40.856673-04:00,62.895,0.7809
U-20261007T13430443233,U,2026-10-07,2026-10-07T09:56:40.856673-04:00,44.83,-0.4706
CRWD-20261007T13474860946,CRWD,2026-10-07,2026-10-07T09:56:40.856673-04:00,270.33,0.1914
PRIM-20261007T13524866368,PRIM,2026-10-07,2026-10-07T09:56:40.856673-04:00,82.475,-0.1153
MRVL-20261007T13534179984,MRVL,2026-10-07,2026-10-07T09:56:40.856673-04:00,282.4599,-0.2947
AXTI-20261007T13560951234,AXTI,2026-10-07,2026-10-07T09:56:40.856673-04:00,80.26,-0.1654
CDNA-20261007T13361674905,CDNA,2026-10-07,2026-10-07T09:56:51.240178-04:00,62.985,0.6389
U-20261007T13430443233,U,2026-10-07,2026-10-07T09:56:51.240178-04:00,44.82,-0.4482
CRWD-20261007T13474860946,CRWD,2026-10-07,2026-10-07T09:56:51.240178-04:00,270.245,0.2228
PRIM-20261007T13524866368,PRIM,2026-10-07,2026-10-07T09:56:51.240178-04:00,82.475,-0.1153
MRVL-20261007T13534179984,MRVL,2026-10-07,2026-10-07T09:56:51.240178-04:00,281.89,-0.0923
AXTI-20261007T13560951234,AXTI,2026-10-07,2026-10-07T09:56:51.240178-04:00,80.2,-0.0906
CDNA-20261007T13361674905,CDNA,2026-10-07,2026-10-07T09:57:01.661187-04:00,62.9,0.773
U-20261007T13430443233,U,2026-10-07,2026-10-07T09:57:01.661187-04:00,44.81,-0.4258
CRWD-20261007T13474860946,CRWD,2026-10-07,2026-10-07T09:57:01.661187-04:00,270.35,0.184
PRIM-20261007T13524866368,PRIM,2026-10-07,2026-10-07T09:57:01.661187-04:00,82.475,-0.1153
MRVL-20261007T13534179984,MRVL,2026-10-07,2026-10-07T09:57:01.661187-04:00,281.9,-0.0959
AXTI-20261007T13560951234,AXTI,2026-10-07,2026-10-07T09:57:01.661187-04:00,80.1405,-0.0163
CDNA-20261007T13361674905,CDNA,2026-10-07,2026-10-07T09:57:12.339783-04:00,62.935,0.7178
U-20261007T13430443233,U,2026-10-07,2026-10-07T09:57:12.339783-04:00,44.83,-0.4706
CRWD-20261007T13474860946,CRWD,2026-10-07,2026-10-07T09:57:12.339783-04:00,269.9,0.3502
PRIM-20261007T13524866368,PRIM,2026-10-07,2026-10-07T09:57:12.339783-04:00,82.475,-0.1153
MRVL-20261007T13534179984,MRVL,2026-10-07,2026-10-07T09:57:12.339783-04:00,281.65,-0.0071
AXTI-20261007T13560951234,AXTI,2026-10-07,2026-10-07T09:57:12.339783-04:00,80.07,0.0717
CDNA-20261007T13361674905,CDNA,2026-10-07,2026-10-07T09:57:23.090966-04:00,62.9928,0.6266
U-20261007T13430443233,U,2026-10-07,2026-10-07T09:57:23.090966-04:00,44.88,-0.5827
CRWD-20261007T13474860946,CRWD,2026-10-07,2026-10-07T09:57:23.090966-04:00,270.248,0.2217
PRIM-20261007T13524866368,PRIM,2026-10-07,2026-10-07T09:57:23.090966-04:00,82.5692,-0.2297
MRVL-20261007T13534179984,MRVL,2026-10-07,2026-10-07T09:57:23.090966-04:00,281.67,-0.0142
AXTI-20261007T13560951234,AXTI,2026-10-07,2026-10-07T09:57:23.090966-04:00,80.2587,-0.1638
CDNA-20261007T13361674905,CDNA,2026-10-07,2026-10-07T09:57:33.549235-04:00,63.0,0.6152
U-20261007T13430443233,U,2026-10-07,2026-10-07T09:57:33.549235-04:00,44.71,-0.2017
CRWD-20261007T13474860946,CRWD,2026-10-07,2026-10-07T09:57:33.549235-04:00,270.115,0.2708
PRIM-20261007T13524866368,PRIM,2026-10-07,2026-10-07T09:57:33.549235-04:00,82.5692,-0.2297
MRVL-20261007T13534179984,MRVL,2026-10-07,2026-10-07T09:57:33.549235-04:00,282.0823,-0.1606
AXTI-20261007T13560951234,AXTI,2026-10-07,2026-10-07T09:57:33.549235-04:00,80.2615,-0.1673
COHR-20261007T13571300497,COHR,2026-10-07,2026-10-07T09:57:33.549235-04:00,322.055,-0.1415
NBIS-20261007T13571306509,NBIS,2026-10-07,2026-10-07T09:57:33.549235-04:00,239.72,-0.1546
CDNA-20261007T13361674905,CDNA,2026-10-07,2026-10-07T09:57:43.980520-04:00,62.87,0.8203
U-20261007T13430443233,U,2026-10-07,2026-10-07T09:57:43.980520-04:00,44.725,-0.2353
CRWD-20261007T13474860946,CRWD,2026-10-07,2026-10-07T09:57:43.980520-04:00,270.03,0.3022
PRIM-20261007T13524866368,PRIM,2026-10-07,2026-10-07T09:57:43.980520-04:00,82.485,-0.1275
MRVL-20261007T13534179984,MRVL,2026-10-07,2026-10-07T09:57:43.980520-04:00,282.135,-0.1793
AXTI-20261007T13560951234,AXTI,2026-10-07,2026-10-07T09:57:43.980520-04:00,80.23,-0.128
COHR-20261007T13571300497,COHR,2026-10-07,2026-10-07T09:57:43.980520-04:00,322.3,-0.2177
NBIS-20261007T13571306509,NBIS,2026-10-07,2026-10-07T09:57:43.980520-04:00,240.1757,-0.345
NXT-20261007T13572353910,NXT,2026-10-07,2026-10-07T09:57:43.980520-04:00,85.2449,-0.3235
CDNA-20261007T13361674905,CDNA,2026-10-07,2026-10-07T09:57:54.683204-04:00,63.093,0.4685
U-20261007T13430443233,U,2026-10-07,2026-10-07T09:57:54.683204-04:00,44.675,-0.1233
CRWD-20261007T13474860946,CRWD,2026-10-07,2026-10-07T09:57:54.683204-04:00,270.032,0.3014
PRIM-20261007T13524866368,PRIM,2026-10-07,2026-10-07T09:57:54.683204-04:00,82.05,0.4006
MRVL-20261007T13534179984,MRVL,2026-10-07,2026-10-07T09:57:54.683204-04:00,282.985,-0.4811
AXTI-20261007T13560951234,AXTI,2026-10-07,2026-10-07T09:57:54.683204-04:00,80.21,-0.103
COHR-20261007T13571300497,COHR,2026-10-07,2026-10-07T09:57:54.683204-04:00,322.3339,-0.2282
NBIS-20261007T13571306509,NBIS,2026-10-07,2026-10-07T09:57:54.683204-04:00,240.16,-0.3384
NXT-20261007T13572353910,NXT,2026-10-07,2026-10-07T09:57:54.683204-04:00,85.2935,-0.3807
CDNA-20261007T13361674905,CDNA,2026-10-07,2026-10-07T09:58:05.180592-04:00,62.995,0.6231
U-20261007T13430443233,U,2026-10-07,2026-10-07T09:58:05.180592-04:00,44.665,-0.1009
CRWD-20261007T13474860946,CRWD,2026-10-07,2026-10-07T09:58:05.180592-04:00,269.97,0.3243
PRIM-20261007T13524866368,PRIM,2026-10-07,2026-10-07T09:58:05.180592-04:00,82.0,0.4613
MRVL-20261007T13534179984,MRVL,2026-10-07,2026-10-07T09:58:05.180592-04:00,282.86,-0.4367
AXTI-20261007T13560951234,AXTI,2026-10-07,2026-10-07T09:58:05.180592-04:00,80.12,0.0093
COHR-20261007T13571300497,COHR,2026-10-07,2026-10-07T09:58:05.180592-04:00,321.89,-0.0902
NBIS-20261007T13571306509,NBIS,2026-10-07,2026-10-07T09:58:05.180592-04:00,240.095,-0.3113
NXT-20261007T13572353910,NXT,2026-10-07,2026-10-07T09:58:05.180592-04:00,84.96,0.0118
ENPH-20261007T13574464677,ENPH,2026-10-07,2026-10-07T09:58:05.180592-04:00,32.83,0.0913
CDNA-20261007T13361674905,CDNA,2026-10-07,2026-10-07T09:58:15.609020-04:00,62.98,0.6468
U-20261007T13430443233,U,2026-10-07,2026-10-07T09:58:15.609020-04:00,44.81,-0.4258
CRWD-20261007T13474860946,CRWD,2026-10-07,2026-10-07T09:58:15.609020-04:00,270.13,0.2653
PRIM-20261007T13524866368,PRIM,2026-10-07,2026-10-07T09:58:15.609020-04:00,82.0,0.4613
MRVL-20261007T13534179984,MRVL,2026-10-07,2026-10-07T09:58:15.609020-04:00,283.01,-0.49
AXTI-20261007T13560951234,AXTI,2026-10-07,2026-10-07T09:58:15.609020-04:00,80.18,-0.0656
COHR-20261007T13571300497,COHR,2026-10-07,2026-10-07T09:58:15.609020-04:00,322.26,-0.2052
NBIS-20261007T13571306509,NBIS,2026-10-07,2026-10-07T09:58:15.609020-04:00,240.19,-0.351
NXT-20261007T13572353910,NXT,2026-10-07,2026-10-07T09:58:15.609020-04:00,85.0121,-0.0495
ENPH-20261007T13574464677,ENPH,2026-10-07,2026-10-07T09:58:15.609020-04:00,32.971,-0.3378
CDNA-20261007T13361674905,CDNA,2026-10-07,2026-10-07T09:58:25.979765-04:00,62.99,0.631
U-20261007T13430443233,U,2026-10-07,2026-10-07T09:58:25.979765-04:00,44.81,-0.4258
CRWD-20261007T13474860946,CRWD,2026-10-07,2026-10-07T09:58:25.979765-04:00,270.3516,0.1834
PRIM-20261007T13524866368,PRIM,2026-10-07,2026-10-07T09:58:25.979765-04:00,81.89,0.5948
MRVL-20261007T13534179984,MRVL,2026-10-07,2026-10-07T09:58:25.979765-04:00,284.16,-0.8983
AXTI-20261007T13560951234,AXTI,2026-10-07,2026-10-07T09:58:25.979765-04:00,80.42,-0.3651
COHR-20261007T13571300497,COHR,2026-10-07,2026-10-07T09:58:25.979765-04:00,322.525,-0.2876
NBIS-20261007T13571306509,NBIS,2026-10-07,2026-10-07T09:58:25.979765-04:00,240.6,-0.5222
NXT-20261007T13572353910,NXT,2026-10-07,2026-10-07T09:58:25.979765-04:00,85.1999,-0.2706
ENPH-20261007T13574464677,ENPH,2026-10-07,2026-10-07T09:58:25.979765-04:00,32.88,-0.0609
CDNA-20261007T13361674905,CDNA,2026-10-07,2026-10-07T09:58:36.585075-04:00,63.02,0.5837
U-20261007T13430443233,U,2026-10-07,2026-10-07T09:58:36.585075-04:00,44.818,-0.4437
CRWD-20261007T13474860946,CRWD,2026-10-07,2026-10-07T09:58:36.585075-04:00,270.29,0.2062
PRIM-20261007T13524866368,PRIM,2026-10-07,2026-10-07T09:58:36.585075-04:00,82.3056,0.0903
MRVL-20261007T13534179984,MRVL,2026-10-07,2026-10-07T09:58:36.585075-04:00,284.35,-0.9658
AXTI-20261007T13560951234,AXTI,2026-10-07,2026-10-07T09:58:36.585075-04:00,80.44,-0.3901
COHR-20261007T13571300497,COHR,2026-10-07,2026-10-07T09:58:36.585075-04:00,322.55,-0.2954
NBIS-20261007T13571306509,NBIS,2026-10-07,2026-10-07T09:58:36.585075-04:00,240.8,-0.6058
NXT-20261007T13572353910,NXT,2026-10-07,2026-10-07T09:58:36.585075-04:00,85.045,-0.0883
ENPH-20261007T13574464677,ENPH,2026-10-07,2026-10-07T09:58:36.585075-04:00,32.8865,-0.0806
CDNA-20261007T13361674905,CDNA,2026-10-07,2026-10-07T09:58:46.899495-04:00,62.87,0.8203
U-20261007T13430443233,U,2026-10-07,2026-10-07T09:58:46.899495-04:00,44.76,-0.3138
CRWD-20261007T13474860946,CRWD,2026-10-07,2026-10-07T09:58:46.899495-04:00,270.255,0.2191
PRIM-20261007T13524866368,PRIM,2026-10-07,2026-10-07T09:58:46.899495-04:00,82.1886,0.2323
MRVL-20261007T13534179984,MRVL,2026-10-07,2026-10-07T09:58:46.899495-04:00,284.418,-0.99
AXTI-20261007T13560951234,AXTI,2026-10-07,2026-10-07T09:58:46.899495-04:00,80.54,-0.5149
COHR-20261007T13571300497,COHR,2026-10-07,2026-10-07T09:58:46.899495-04:00,322.633,-0.3212
NBIS-20261007T13571306509,NBIS,2026-10-07,2026-10-07T09:58:46.899495-04:00,241.385,-0.8502
NXT-20261007T13572353910,NXT,2026-10-07,2026-10-07T09:58:46.899495-04:00,85.0585,-0.1042
ENPH-20261007T13574464677,ENPH,2026-10-07,2026-10-07T09:58:46.899495-04:00,32.9,-0.1217
CDNA-20261007T13361674905,CDNA,2026-10-07,2026-10-07T09:58:57.437182-04:00,63.005,0.6074
U-20261007T13430443233,U,2026-10-07,2026-10-07T09:58:57.437182-04:00,44.791,-0.3832
CRWD-20261007T13474860946,CRWD,2026-10-07,2026-10-07T09:58:57.437182-04:00,270.205,0.2376
PRIM-20261007T13524866368,PRIM,2026-10-07,2026-10-07T09:58:57.437182-04:00,81.9352,0.5399
MRVL-20261007T13534179984,MRVL,2026-10-07,2026-10-07T09:58:57.437182-04:00,284.71,-1.0936
AXTI-20261007T13560951234,AXTI,2026-10-07,2026-10-07T09:58:57.437182-04:00,80.48,-0.44
COHR-20261007T13571300497,COHR,2026-10-07,2026-10-07T09:58:57.437182-04:00,322.755,-0.3591
NBIS-20261007T13571306509,NBIS,2026-10-07,2026-10-07T09:58:57.437182-04:00,241.708,-0.9852
NXT-20261007T13572353910,NXT,2026-10-07,2026-10-07T09:58:57.437182-04:00,85.121,-0.1777
ENPH-20261007T13574464677,ENPH,2026-10-07,2026-10-07T09:58:57.437182-04:00,32.935,-0.2282
CDNA-20261007T13361674905,CDNA,2026-10-07,2026-10-07T09:59:07.745302-04:00,62.9,0.773
U-20261007T13430443233,U,2026-10-07,2026-10-07T09:59:07.745302-04:00,44.8229,-0.4547
CRWD-20261007T13474860946,CRWD,2026-10-07,2026-10-07T09:59:07.745302-04:00,270.22,0.232
PRIM-20261007T13524866368,PRIM,2026-10-07,2026-10-07T09:59:07.745302-04:00,81.48,1.0925
MRVL-20261007T13534179984,MRVL,2026-10-07,2026-10-07T09:59:07.745302-04:00,284.65,-1.0723
AXTI-20261007T13560951234,AXTI,2026-10-07,2026-10-07T09:59:07.745302-04:00,80.5483,-0.5252
COHR-20261007T13571300497,COHR,2026-10-07,2026-10-07T09:59:07.745302-04:00,322.8,-0.3731
NBIS-20261007T13571306509,NBIS,2026-10-07,2026-10-07T09:59:07.745302-04:00,241.84,-1.0403
NXT-20261007T13572353910,NXT,2026-10-07,2026-10-07T09:59:07.745302-04:00,85.13,-0.1883
ENPH-20261007T13574464677,ENPH,2026-10-07,2026-10-07T09:59:07.745302-04:00,32.96,-0.3043
HUT-20261007T13584742392,HUT,2026-10-07,2026-10-07T09:59:07.745302-04:00,89.365,-0.3988
CDNA-20261007T13361674905,CDNA,2026-10-07,2026-10-07T09:59:18.618794-04:00,62.9934,0.6257
U-20261007T13430443233,U,2026-10-07,2026-10-07T09:59:18.618794-04:00,44.75,-0.2913
CRWD-20261007T13474860946,CRWD,2026-10-07,2026-10-07T09:59:18.618794-04:00,270.4705,0.1395
PRIM-20261007T13524866368,PRIM,2026-10-07,2026-10-07T09:59:18.618794-04:00,81.47,1.1046
AXTI-20261007T13560951234,AXTI,2026-10-07,2026-10-07T09:59:18.618794-04:00,80.445,-0.3963
COHR-20261007T13571300497,COHR,2026-10-07,2026-10-07T09:59:18.618794-04:00,322.5945,-0.3092
NXT-20261007T13572353910,NXT,2026-10-07,2026-10-07T09:59:18.618794-04:00,85.1084,-0.1629
ENPH-20261007T13574464677,ENPH,2026-10-07,2026-10-07T09:59:18.618794-04:00,32.94,-0.2435
CDNA-20261007T13361674905,CDNA,2026-10-07,2026-10-07T09:59:28.927357-04:00,62.98,0.6468
U-20261007T13430443233,U,2026-10-07,2026-10-07T09:59:28.927357-04:00,44.8,-0.4034
CRWD-20261007T13474860946,CRWD,2026-10-07,2026-10-07T09:59:28.927357-04:00,270.745,0.0382
PRIM-20261007T13524866368,PRIM,2026-10-07,2026-10-07T09:59:28.927357-04:00,81.605,0.9408
AXTI-20261007T13560951234,AXTI,2026-10-07,2026-10-07T09:59:28.927357-04:00,80.44,-0.3901
COHR-20261007T13571300497,COHR,2026-10-07,2026-10-07T09:59:28.927357-04:00,322.556,-0.2973
NXT-20261007T13572353910,NXT,2026-10-07,2026-10-07T09:59:28.927357-04:00,85.11,-0.1648
ENPH-20261007T13574464677,ENPH,2026-10-07,2026-10-07T09:59:28.927357-04:00,32.93,-0.213
RBRK-20261007T13590852636,RBRK,2026-10-07,2026-10-07T09:59:28.927357-04:00,124.4513,-0.3397
FPS-20261007T13590859499,FPS,2026-10-07,2026-10-07T09:59:28.927357-04:00,40.02,-0.0
CDNA-20261007T13361674905,CDNA,2026-10-07,2026-10-07T09:59:39.271284-04:00,62.98,0.6468
U-20261007T13430443233,U,2026-10-07,2026-10-07T09:59:39.271284-04:00,44.8,-0.4034
CRWD-20261007T13474860946,CRWD,2026-10-07,2026-10-07T09:59:39.271284-04:00,270.655,0.0714
PRIM-20261007T13524866368,PRIM,2026-10-07,2026-10-07T09:59:39.271284-04:00,81.605,0.9408
AXTI-20261007T13560951234,AXTI,2026-10-07,2026-10-07T09:59:39.271284-04:00,80.98,-1.064
COHR-20261007T13571300497,COHR,2026-10-07,2026-10-07T09:59:39.271284-04:00,322.41,-0.2519
NXT-20261007T13572353910,NXT,2026-10-07,2026-10-07T09:59:39.271284-04:00,85.0828,-0.1328
ENPH-20261007T13574464677,ENPH,2026-10-07,2026-10-07T09:59:39.271284-04:00,32.955,-0.2891
RBRK-20261007T13590852636,RBRK,2026-10-07,2026-10-07T09:59:39.271284-04:00,124.44,-0.3306
FPS-20261007T13590859499,FPS,2026-10-07,2026-10-07T09:59:39.271284-04:00,40.0,0.05
CDNA-20261007T13361674905,CDNA,2026-10-07,2026-10-07T09:59:49.552182-04:00,62.9764,0.6525
U-20261007T13430443233,U,2026-10-07,2026-10-07T09:59:49.552182-04:00,44.84,-0.4931
CRWD-20261007T13474860946,CRWD,2026-10-07,2026-10-07T09:59:49.552182-04:00,270.77,0.029
PRIM-20261007T13524866368,PRIM,2026-10-07,2026-10-07T09:59:49.552182-04:00,81.595,0.9529
AXTI-20261007T13560951234,AXTI,2026-10-07,2026-10-07T09:59:49.552182-04:00,81.06,-1.1638
COHR-20261007T13571300497,COHR,2026-10-07,2026-10-07T09:59:49.552182-04:00,322.6219,-0.3178
NXT-20261007T13572353910,NXT,2026-10-07,2026-10-07T09:59:49.552182-04:00,85.0686,-0.116
ENPH-20261007T13574464677,ENPH,2026-10-07,2026-10-07T09:59:49.552182-04:00,32.95,-0.2739
RBRK-20261007T13590852636,RBRK,2026-10-07,2026-10-07T09:59:49.552182-04:00,124.3346,-0.2456
FPS-20261007T13590859499,FPS,2026-10-07,2026-10-07T09:59:49.552182-04:00,40.07,-0.1249
CDNA-20261007T13361674905,CDNA,2026-10-07,2026-10-07T09:59:59.804712-04:00,62.985,0.6389
U-20261007T13430443233,U,2026-10-07,2026-10-07T09:59:59.804712-04:00,44.8061,-0.4171
CRWD-20261007T13474860946,CRWD,2026-10-07,2026-10-07T09:59:59.804712-04:00,270.24,0.2247
PRIM-20261007T13524866368,PRIM,2026-10-07,2026-10-07T09:59:59.804712-04:00,81.595,0.9529
AXTI-20261007T13560951234,AXTI,2026-10-07,2026-10-07T09:59:59.804712-04:00,81.105,-1.22
COHR-20261007T13571300497,COHR,2026-10-07,2026-10-07T09:59:59.804712-04:00,322.36,-0.2363
NXT-20261007T13572353910,NXT,2026-10-07,2026-10-07T09:59:59.804712-04:00,85.0626,-0.109
ENPH-20261007T13574464677,ENPH,2026-10-07,2026-10-07T09:59:59.804712-04:00,32.93,-0.213
RBRK-20261007T13590852636,RBRK,2026-10-07,2026-10-07T09:59:59.804712-04:00,124.03,-0.0
FPS-20261007T13590859499,FPS,2026-10-07,2026-10-07T09:59:59.804712-04:00,40.04,-0.05
CDNA-20261007T13361674905,CDNA,2026-10-07,2026-10-07T10:00:10.428731-04:00,62.985,0.6389
U-20261007T13430443233,U,2026-10-07,2026-10-07T10:00:10.428731-04:00,44.79,-0.381
CRWD-20261007T13474860946,CRWD,2026-10-07,2026-10-07T10:00:10.428731-04:00,270.11,0.2726
PRIM-20261007T13524866368,PRIM,2026-10-07,2026-10-07T10:00:10.428731-04:00,81.37,1.226
AXTI-20261007T13560951234,AXTI,2026-10-07,2026-10-07T10:00:10.428731-04:00,81.1,-1.2138
COHR-20261007T13571300497,COHR,2026-10-07,2026-10-07T10:00:10.428731-04:00,322.495,-0.2783
NXT-20261007T13572353910,NXT,2026-10-07,2026-10-07T10:00:10.428731-04:00,85.1114,-0.1664
ENPH-20261007T13574464677,ENPH,2026-10-07,2026-10-07T10:00:10.428731-04:00,33.0539,-0.5901
RBRK-20261007T13590852636,RBRK,2026-10-07,2026-10-07T10:00:10.428731-04:00,124.0405,-0.0085
FPS-20261007T13590859499,FPS,2026-10-07,2026-10-07T10:00:10.428731-04:00,40.01,0.025
CDNA-20261007T13361674905,CDNA,2026-10-07,2026-10-07T10:00:21.963679-04:00,62.9785,0.6492
U-20261007T13430443233,U,2026-10-07,2026-10-07T10:00:21.963679-04:00,44.73,-0.2465
CRWD-20261007T13474860946,CRWD,2026-10-07,2026-10-07T10:00:21.963679-04:00,269.625,0.4517
PRIM-20261007T13524866368,PRIM,2026-10-07,2026-10-07T10:00:21.963679-04:00,81.552,1.0051
COHR-20261007T13571300497,COHR,2026-10-07,2026-10-07T10:00:21.963679-04:00,322.505,-0.2814
NXT-20261007T13572353910,NXT,2026-10-07,2026-10-07T10:00:21.963679-04:00,85.0407,-0.0832
ENPH-20261007T13574464677,ENPH,2026-10-07,2026-10-07T10:00:21.963679-04:00,33.108,-0.7547
RBRK-20261007T13590852636,RBRK,2026-10-07,2026-10-07T10:00:21.963679-04:00,124.279,-0.2008
FPS-20261007T13590859499,FPS,2026-10-07,2026-10-07T10:00:21.963679-04:00,39.95,0.1749
CDNA-20261007T13361674905,CDNA,2026-10-07,2026-10-07T10:00:32.732625-04:00,63.08,0.489
U-20261007T13430443233,U,2026-10-07,2026-10-07T10:00:32.732625-04:00,44.735,-0.2577
CRWD-20261007T13474860946,CRWD,2026-10-07,2026-10-07T10:00:32.732625-04:00,269.8,0.3871
PRIM-20261007T13524866368,PRIM,2026-10-07,2026-10-07T10:00:32.732625-04:00,81.385,1.2078
COHR-20261007T13571300497,COHR,2026-10-07,2026-10-07T10:00:32.732625-04:00,322.68,-0.3358
NXT-20261007T13572353910,NXT,2026-10-07,2026-10-07T10:00:32.732625-04:00,84.87,0.1177
ENPH-20261007T13574464677,ENPH,2026-10-07,2026-10-07T10:00:32.732625-04:00,33.02,-0.4869
RBRK-20261007T13590852636,RBRK,2026-10-07,2026-10-07T10:00:32.732625-04:00,123.915,0.0927
FPS-20261007T13590859499,FPS,2026-10-07,2026-10-07T10:00:32.732625-04:00,39.95,0.1749
TSEM-20261007T14001193147,TSEM,2026-10-07,2026-10-07T10:00:32.732625-04:00,245.2,-0.1307
CDNA-20261007T13361674905,CDNA,2026-10-07,2026-10-07T10:00:44.073812-04:00,63.47,-0.1262
U-20261007T13430443233,U,2026-10-07,2026-10-07T10:00:44.073812-04:00,44.67,-0.1121
CRWD-20261007T13474860946,CRWD,2026-10-07,2026-10-07T10:00:44.073812-04:00,269.37,0.5459
PRIM-20261007T13524866368,PRIM,2026-10-07,2026-10-07T10:00:44.073812-04:00,81.3645,1.2327
COHR-20261007T13571300497,COHR,2026-10-07,2026-10-07T10:00:44.073812-04:00,322.04,-0.1368
NXT-20261007T13572353910,NXT,2026-10-07,2026-10-07T10:00:44.073812-04:00,84.655,0.3707
ENPH-20261007T13574464677,ENPH,2026-10-07,2026-10-07T10:00:44.073812-04:00,33.015,-0.4717
RBRK-20261007T13590852636,RBRK,2026-10-07,2026-10-07T10:00:44.073812-04:00,123.8163,0.1723
FPS-20261007T13590859499,FPS,2026-10-07,2026-10-07T10:00:44.073812-04:00,39.8568,0.4078
TSEM-20261007T14001193147,TSEM,2026-10-07,2026-10-07T10:00:44.073812-04:00,244.55,0.1348
CDNA-20261007T13361674905,CDNA,2026-10-07,2026-10-07T10:00:54.845644-04:00,63.45,-0.0947
U-20261007T13430443233,U,2026-10-07,2026-10-07T10:00:54.845644-04:00,44.7032,-0.1865
CRWD-20261007T13474860946,CRWD,2026-10-07,2026-10-07T10:00:54.845644-04:00,269.3888,0.5389
PRIM-20261007T13524866368,PRIM,2026-10-07,2026-10-07T10:00:54.845644-04:00,81.3645,1.2327
COHR-20261007T13571300497,COHR,2026-10-07,2026-10-07T10:00:54.845644-04:00,322.09,-0.1524
NXT-20261007T13572353910,NXT,2026-10-07,2026-10-07T10:00:54.845644-04:00,84.9569,0.0154
ENPH-20261007T13574464677,ENPH,2026-10-07,2026-10-07T10:00:54.845644-04:00,33.0574,-0.6007
RBRK-20261007T13590852636,RBRK,2026-10-07,2026-10-07T10:00:54.845644-04:00,123.915,0.0927
FPS-20261007T13590859499,FPS,2026-10-07,2026-10-07T10:00:54.845644-04:00,39.9803,0.0992
TSEM-20261007T14001193147,TSEM,2026-10-07,2026-10-07T10:00:54.845644-04:00,244.955,-0.0306
NTAP-20261007T14003405654,NTAP,2026-10-07,2026-10-07T10:00:54.845644-04:00,232.52,-0.2371
CDNA-20261007T13361674905,CDNA,2026-10-07,2026-10-07T10:01:06.088764-04:00,63.1881,0.3185
U-20261007T13430443233,U,2026-10-07,2026-10-07T10:01:06.088764-04:00,44.662,-0.0941
CRWD-20261007T13474860946,CRWD,2026-10-07,2026-10-07T10:01:06.088764-04:00,269.425,0.5256
PRIM-20261007T13524866368,PRIM,2026-10-07,2026-10-07T10:01:06.088764-04:00,81.29,1.3231
COHR-20261007T13571300497,COHR,2026-10-07,2026-10-07T10:01:06.088764-04:00,322.14,-0.1679
NXT-20261007T13572353910,NXT,2026-10-07,2026-10-07T10:01:06.088764-04:00,84.85,0.1412
ENPH-20261007T13574464677,ENPH,2026-10-07,2026-10-07T10:01:06.088764-04:00,33.04,-0.5478
RBRK-20261007T13590852636,RBRK,2026-10-07,2026-10-07T10:01:06.088764-04:00,123.68,0.2822
FPS-20261007T13590859499,FPS,2026-10-07,2026-10-07T10:01:06.088764-04:00,39.85,0.4248
TSEM-20261007T14001193147,TSEM,2026-10-07,2026-10-07T10:01:06.088764-04:00,245.7,-0.3349
NTAP-20261007T14003405654,NTAP,2026-10-07,2026-10-07T10:01:06.088764-04:00,232.515,-0.2349
CDNA-20261007T13361674905,CDNA,2026-10-07,2026-10-07T10:01:17.238465-04:00,63.355,0.0552
U-20261007T13430443233,U,2026-10-07,2026-10-07T10:01:17.238465-04:00,44.6325,-0.028
CRWD-20261007T13474860946,CRWD,2026-10-07,2026-10-07T10:01:17.238465-04:00,269.25,0.5902
PRIM-20261007T13524866368,PRIM,2026-10-07,2026-10-07T10:01:17.238465-04:00,81.01,1.663
COHR-20261007T13571300497,COHR,2026-10-07,2026-10-07T10:01:17.238465-04:00,322.0075,-0.1267
NXT-20261007T13572353910,NXT,2026-10-07,2026-10-07T10:01:17.238465-04:00,84.73,0.2825
ENPH-20261007T13574464677,ENPH,2026-10-07,2026-10-07T10:01:17.238465-04:00,33.04,-0.5478
RBRK-20261007T13590852636,RBRK,2026-10-07,2026-10-07T10:01:17.238465-04:00,124.1179,-0.0709
FPS-20261007T13590859499,FPS,2026-10-07,2026-10-07T10:01:17.238465-04:00,39.7,0.7996
TSEM-20261007T14001193147,TSEM,2026-10-07,2026-10-07T10:01:17.238465-04:00,245.12,-0.098
NTAP-20261007T14003405654,NTAP,2026-10-07,2026-10-07T10:01:17.238465-04:00,232.602,-0.2724
CDNA-20261007T13361674905,CDNA,2026-10-07,2026-10-07T10:01:28.140548-04:00,63.355,0.0552
U-20261007T13430443233,U,2026-10-07,2026-10-07T10:01:28.140548-04:00,44.6321,-0.0271
CRWD-20261007T13474860946,CRWD,2026-10-07,2026-10-07T10:01:28.140548-04:00,269.11,0.6419
PRIM-20261007T13524866368,PRIM,2026-10-07,2026-10-07T10:01:28.140548-04:00,81.065,1.5963
COHR-20261007T13571300497,COHR,2026-10-07,2026-10-07T10:01:28.140548-04:00,321.61,-0.0031
NXT-20261007T13572353910,NXT,2026-10-07,2026-10-07T10:01:28.140548-04:00,84.73,0.2825
ENPH-20261007T13574464677,ENPH,2026-10-07,2026-10-07T10:01:28.140548-04:00,33.04,-0.5478
RBRK-20261007T13590852636,RBRK,2026-10-07,2026-10-07T10:01:28.140548-04:00,123.41,0.4999
FPS-20261007T13590859499,FPS,2026-10-07,2026-10-07T10:01:28.140548-04:00,39.7723,0.6189
TSEM-20261007T14001193147,TSEM,2026-10-07,2026-10-07T10:01:28.140548-04:00,245.28,-0.1633
NTAP-20261007T14003405654,NTAP,2026-10-07,2026-10-07T10:01:28.140548-04:00,232.53,-0.2414
CDNA-20261007T13361674905,CDNA,2026-10-07,2026-10-07T10:01:39.063585-04:00,63.33,0.0947
U-20261007T13430443233,U,2026-10-07,2026-10-07T10:01:39.063585-04:00,44.645,-0.056
CRWD-20261007T13474860946,CRWD,2026-10-07,2026-10-07T10:01:39.063585-04:00,269.0001,0.6824
PRIM-20261007T13524866368,PRIM,2026-10-07,2026-10-07T10:01:39.063585-04:00,81.0725,1.5872
COHR-20261007T13571300497,COHR,2026-10-07,2026-10-07T10:01:39.063585-04:00,321.35,0.0777
NXT-20261007T13572353910,NXT,2026-10-07,2026-10-07T10:01:39.063585-04:00,84.7539,0.2543
ENPH-20261007T13574464677,ENPH,2026-10-07,2026-10-07T10:01:39.063585-04:00,33.035,-0.5326
RBRK-20261007T13590852636,RBRK,2026-10-07,2026-10-07T10:01:39.063585-04:00,123.23,0.645
FPS-20261007T13590859499,FPS,2026-10-07,2026-10-07T10:01:39.063585-04:00,39.73,0.7246
TSEM-20261007T14001193147,TSEM,2026-10-07,2026-10-07T10:01:39.063585-04:00,245.35,-0.1919
NTAP-20261007T14003405654,NTAP,2026-10-07,2026-10-07T10:01:39.063585-04:00,232.5354,-0.2437
CDNA-20261007T13361674905,CDNA,2026-10-07,2026-10-07T10:01:49.811538-04:00,63.45,-0.0947
U-20261007T13430443233,U,2026-10-07,2026-10-07T10:01:49.811538-04:00,44.61,0.0224
CRWD-20261007T13474860946,CRWD,2026-10-07,2026-10-07T10:01:49.811538-04:00,269.24,0.5939
PRIM-20261007T13524866368,PRIM,2026-10-07,2026-10-07T10:01:49.811538-04:00,81.13,1.5174
COHR-20261007T13571300497,COHR,2026-10-07,2026-10-07T10:01:49.811538-04:00,321.35,0.0777
NXT-20261007T13572353910,NXT,2026-10-07,2026-10-07T10:01:49.811538-04:00,84.8037,0.1957
ENPH-20261007T13574464677,ENPH,2026-10-07,2026-10-07T10:01:49.811538-04:00,33.0357,-0.5347
RBRK-20261007T13590852636,RBRK,2026-10-07,2026-10-07T10:01:49.811538-04:00,123.35,0.5483
FPS-20261007T13590859499,FPS,2026-10-07,2026-10-07T10:01:49.811538-04:00,39.73,0.7246
TSEM-20261007T14001193147,TSEM,2026-10-07,2026-10-07T10:01:49.811538-04:00,245.375,-0.2021
NTAP-20261007T14003405654,NTAP,2026-10-07,2026-10-07T10:01:49.811538-04:00,232.58,-0.263
CDNA-20261007T13361674905,CDNA,2026-10-07,2026-10-07T10:02:00.509740-04:00,63.51,-0.1893
U-20261007T13430443233,U,2026-10-07,2026-10-07T10:02:00.509740-04:00,44.604,0.0359
CRWD-20261007T13474860946,CRWD,2026-10-07,2026-10-07T10:02:00.509740-04:00,269.9594,0.3283
PRIM-20261007T13524866368,PRIM,2026-10-07,2026-10-07T10:02:00.509740-04:00,81.13,1.5174
COHR-20261007T13571300497,COHR,2026-10-07,2026-10-07T10:02:00.509740-04:00,321.03,0.1772
NXT-20261007T13572353910,NXT,2026-10-07,2026-10-07T10:02:00.509740-04:00,84.72,0.2942
ENPH-20261007T13574464677,ENPH,2026-10-07,2026-10-07T10:02:00.509740-04:00,33.0411,-0.5511
RBRK-20261007T13590852636,RBRK,2026-10-07,2026-10-07T10:02:00.509740-04:00,123.465,0.4555
FPS-20261007T13590859499,FPS,2026-10-07,2026-10-07T10:02:00.509740-04:00,39.7,0.7996
TSEM-20261007T14001193147,TSEM,2026-10-07,2026-10-07T10:02:00.509740-04:00,245.1,-0.0898
NTAP-20261007T14003405654,NTAP,2026-10-07,2026-10-07T10:02:00.509740-04:00,233.17,-0.5173
CDNA-20261007T13361674905,CDNA,2026-10-07,2026-10-07T10:02:11.756391-04:00,63.535,-0.2287
U-20261007T13430443233,U,2026-10-07,2026-10-07T10:02:11.756391-04:00,44.57,0.1121
CRWD-20261007T13474860946,CRWD,2026-10-07,2026-10-07T10:02:11.756391-04:00,269.5038,0.4965
COHR-20261007T13571300497,COHR,2026-10-07,2026-10-07T10:02:11.756391-04:00,321.05,0.171
NXT-20261007T13572353910,NXT,2026-10-07,2026-10-07T10:02:11.756391-04:00,84.78,0.2236
RBRK-20261007T13590852636,RBRK,2026-10-07,2026-10-07T10:02:11.756391-04:00,123.415,0.4958
FPS-20261007T13590859499,FPS,2026-10-07,2026-10-07T10:02:11.756391-04:00,39.8944,0.3138
TSEM-20261007T14001193147,TSEM,2026-10-07,2026-10-07T10:02:11.756391-04:00,245.7299,-0.3471
NTAP-20261007T14003405654,NTAP,2026-10-07,2026-10-07T10:02:11.756391-04:00,233.69,-0.7415
CDNA-20261007T13361674905,CDNA,2026-10-07,2026-10-07T10:02:22.568139-04:00,63.3552,0.0549
U-20261007T13430443233,U,2026-10-07,2026-10-07T10:02:22.568139-04:00,44.66,-0.0896
CRWD-20261007T13474860946,CRWD,2026-10-07,2026-10-07T10:02:22.568139-04:00,269.9589,0.3284
COHR-20261007T13571300497,COHR,2026-10-07,2026-10-07T10:02:22.568139-04:00,320.46,0.3545
NXT-20261007T13572353910,NXT,2026-10-07,2026-10-07T10:02:22.568139-04:00,84.72,0.2942
RBRK-20261007T13590852636,RBRK,2026-10-07,2026-10-07T10:02:22.568139-04:00,123.33,0.5644
FPS-20261007T13590859499,FPS,2026-10-07,2026-10-07T10:02:22.568139-04:00,39.54,1.1994
TSEM-20261007T14001193147,TSEM,2026-10-07,2026-10-07T10:02:22.568139-04:00,244.7789,0.0413
NTAP-20261007T14003405654,NTAP,2026-10-07,2026-10-07T10:02:22.568139-04:00,233.205,-0.5324
MSTR-20261007T14020173073,MSTR,2026-10-07,2026-10-07T10:02:22.568139-04:00,156.24,0.0064
CDNA-20261007T13361674905,CDNA,2026-10-07,2026-10-07T10:02:33.549856-04:00,63.6488,-0.4083
U-20261007T13430443233,U,2026-10-07,2026-10-07T10:02:33.549856-04:00,44.64,-0.0448
CRWD-20261007T13474860946,CRWD,2026-10-07,2026-10-07T10:02:33.549856-04:00,269.7375,0.4102
COHR-20261007T13571300497,COHR,2026-10-07,2026-10-07T10:02:33.549856-04:00,320.18,0.4415
NXT-20261007T13572353910,NXT,2026-10-07,2026-10-07T10:02:33.549856-04:00,84.675,0.3472
RBRK-20261007T13590852636,RBRK,2026-10-07,2026-10-07T10:02:33.549856-04:00,123.41,0.4999
FPS-20261007T13590859499,FPS,2026-10-07,2026-10-07T10:02:33.549856-04:00,39.48,1.3493
TSEM-20261007T14001193147,TSEM,2026-10-07,2026-10-07T10:02:33.549856-04:00,245.05,-0.0694
NTAP-20261007T14003405654,NTAP,2026-10-07,2026-10-07T10:02:33.549856-04:00,233.6799,-0.7371
MSTR-20261007T14020173073,MSTR,2026-10-07,2026-10-07T10:02:33.549856-04:00,156.31,-0.0384
CDNA-20261007T13361674905,CDNA,2026-10-07,2026-10-07T10:02:44.365554-04:00,63.56,-0.2682
U-20261007T13430443233,U,2026-10-07,2026-10-07T10:02:44.365554-04:00,44.6,0.0448
CRWD-20261007T13474860946,CRWD,2026-10-07,2026-10-07T10:02:44.365554-04:00,269.8468,0.3698
COHR-20261007T13571300497,COHR,2026-10-07,2026-10-07T10:02:44.365554-04:00,320.1599,0.4478
NXT-20261007T13572353910,NXT,2026-10-07,2026-10-07T10:02:44.365554-04:00,84.635,0.3943
RBRK-20261007T13590852636,RBRK,2026-10-07,2026-10-07T10:02:44.365554-04:00,123.405,0.5039
FPS-20261007T13590859499,FPS,2026-10-07,2026-10-07T10:02:44.365554-04:00,39.5032,1.2914
TSEM-20261007T14001193147,TSEM,2026-10-07,2026-10-07T10:02:44.365554-04:00,244.965,-0.0347
NTAP-20261007T14003405654,NTAP,2026-10-07,2026-10-07T10:02:44.365554-04:00,233.08,-0.4785
MSTR-20261007T14020173073,MSTR,2026-10-07,2026-10-07T10:02:44.365554-04:00,156.198,0.0333
CDNA-20261007T13361674905,CDNA,2026-10-07,2026-10-07T10:02:55.057812-04:00,63.57,-0.284
U-20261007T13430443233,U,2026-10-07,2026-10-07T10:02:55.057812-04:00,44.575,0.1009
CRWD-20261007T13474860946,CRWD,2026-10-07,2026-10-07T10:02:55.057812-04:00,269.6305,0.4497
COHR-20261007T13571300497,COHR,2026-10-07,2026-10-07T10:02:55.057812-04:00,320.6895,0.2831
NXT-20261007T13572353910,NXT,2026-10-07,2026-10-07T10:02:55.057812-04:00,84.51,0.5414
RBRK-20261007T13590852636,RBRK,2026-10-07,2026-10-07T10:02:55.057812-04:00,123.405,0.5039
FPS-20261007T13590859499,FPS,2026-10-07,2026-10-07T10:02:55.057812-04:00,39.505,1.2869
TSEM-20261007T14001193147,TSEM,2026-10-07,2026-10-07T10:02:55.057812-04:00,244.97,-0.0368
NTAP-20261007T14003405654,NTAP,2026-10-07,2026-10-07T10:02:55.057812-04:00,233.4045,-0.6184
MSTR-20261007T14020173073,MSTR,2026-10-07,2026-10-07T10:02:55.057812-04:00,156.38,-0.0832
KLAC-20261007T14023432222,KLAC,2026-10-07,2026-10-07T10:02:55.057812-04:00,193.35,-0.0367
CDNA-20261007T13361674905,CDNA,2026-10-07,2026-10-07T10:03:05.791050-04:00,63.6274,-0.3745
U-20261007T13430443233,U,2026-10-07,2026-10-07T10:03:05.791050-04:00,44.5592,0.1363
CRWD-20261007T13474860946,CRWD,2026-10-07,2026-10-07T10:03:05.791050-04:00,269.5,0.4979
COHR-20261007T13571300497,COHR,2026-10-07,2026-10-07T10:03:05.791050-04:00,321.0075,0.1842
NXT-20261007T13572353910,NXT,2026-10-07,2026-10-07T10:03:05.791050-04:00,84.673,0.3495
RBRK-20261007T13590852636,RBRK,2026-10-07,2026-10-07T10:03:05.791050-04:00,123.405,0.5039
FPS-20261007T13590859499,FPS,2026-10-07,2026-10-07T10:03:05.791050-04:00,39.565,1.1369
TSEM-20261007T14001193147,TSEM,2026-10-07,2026-10-07T10:03:05.791050-04:00,245.065,-0.0755
NTAP-20261007T14003405654,NTAP,2026-10-07,2026-10-07T10:03:05.791050-04:00,232.65,-0.2931
MSTR-20261007T14020173073,MSTR,2026-10-07,2026-10-07T10:03:05.791050-04:00,156.48,-0.1472
KLAC-20261007T14023432222,KLAC,2026-10-07,2026-10-07T10:03:05.791050-04:00,193.415,-0.0704
CDNA-20261007T13361674905,CDNA,2026-10-07,2026-10-07T10:03:16.870750-04:00,63.49,-0.1578
U-20261007T13430443233,U,2026-10-07,2026-10-07T10:03:16.870750-04:00,44.54,0.1793
CRWD-20261007T13474860946,CRWD,2026-10-07,2026-10-07T10:03:16.870750-04:00,269.76,0.4019
COHR-20261007T13571300497,COHR,2026-10-07,2026-10-07T10:03:16.870750-04:00,321.08,0.1617
NXT-20261007T13572353910,NXT,2026-10-07,2026-10-07T10:03:16.870750-04:00,84.5695,0.4713
RBRK-20261007T13590852636,RBRK,2026-10-07,2026-10-07T10:03:16.870750-04:00,123.41,0.4999
FPS-20261007T13590859499,FPS,2026-10-07,2026-10-07T10:03:16.870750-04:00,39.55,1.1744
TSEM-20261007T14001193147,TSEM,2026-10-07,2026-10-07T10:03:16.870750-04:00,245.17,-0.1184
NTAP-20261007T14003405654,NTAP,2026-10-07,2026-10-07T10:03:16.870750-04:00,232.9246,-0.4115
MSTR-20261007T14020173073,MSTR,2026-10-07,2026-10-07T10:03:16.870750-04:00,156.492,-0.1549
KLAC-20261007T14023432222,KLAC,2026-10-07,2026-10-07T10:03:16.870750-04:00,193.31,-0.016
CDNA-20261007T13361674905,CDNA,2026-10-07,2026-10-07T10:03:27.572717-04:00,63.42,-0.0473
U-20261007T13430443233,U,2026-10-07,2026-10-07T10:03:27.572717-04:00,44.525,0.2129
CRWD-20261007T13474860946,CRWD,2026-10-07,2026-10-07T10:03:27.572717-04:00,269.72,0.4166
COHR-20261007T13571300497,COHR,2026-10-07,2026-10-07T10:03:27.572717-04:00,320.5219,0.3352
NXT-20261007T13572353910,NXT,2026-10-07,2026-10-07T10:03:27.572717-04:00,84.5503,0.4939
RBRK-20261007T13590852636,RBRK,2026-10-07,2026-10-07T10:03:27.572717-04:00,123.415,0.4958
FPS-20261007T13590859499,FPS,2026-10-07,2026-10-07T10:03:27.572717-04:00,39.7787,0.6029
TSEM-20261007T14001193147,TSEM,2026-10-07,2026-10-07T10:03:27.572717-04:00,245.35,-0.1919
NTAP-20261007T14003405654,NTAP,2026-10-07,2026-10-07T10:03:27.572717-04:00,232.9553,-0.4248
MSTR-20261007T14020173073,MSTR,2026-10-07,2026-10-07T10:03:27.572717-04:00,156.5542,-0.1947
KLAC-20261007T14023432222,KLAC,2026-10-07,2026-10-07T10:03:27.572717-04:00,193.27,0.0047
CDNA-20261007T13361674905,CDNA,2026-10-07,2026-10-07T10:03:38.267648-04:00,63.45,-0.0947
U-20261007T13430443233,U,2026-10-07,2026-10-07T10:03:38.267648-04:00,44.565,0.1233
CRWD-20261007T13474860946,CRWD,2026-10-07,2026-10-07T10:03:38.267648-04:00,270.11,0.2726
COHR-20261007T13571300497,COHR,2026-10-07,2026-10-07T10:03:38.267648-04:00,322.1987,-0.1862
NXT-20261007T13572353910,NXT,2026-10-07,2026-10-07T10:03:38.267648-04:00,84.59,0.4472
RBRK-20261007T13590852636,RBRK,2026-10-07,2026-10-07T10:03:38.267648-04:00,123.57,0.3709
FPS-20261007T13590859499,FPS,2026-10-07,2026-10-07T10:03:38.267648-04:00,39.51,1.2744
TSEM-20261007T14001193147,TSEM,2026-10-07,2026-10-07T10:03:38.267648-04:00,244.905,-0.0102
NTAP-20261007T14003405654,NTAP,2026-10-07,2026-10-07T10:03:38.267648-04:00,233.175,-0.5195
MSTR-20261007T14020173073,MSTR,2026-10-07,2026-10-07T10:03:38.267648-04:00,156.65,-0.256
KLAC-20261007T14023432222,KLAC,2026-10-07,2026-10-07T10:03:38.267648-04:00,193.185,0.0486
CDNA-20261007T13361674905,CDNA,2026-10-07,2026-10-07T10:03:48.768603-04:00,63.42,-0.0473
U-20261007T13430443233,U,2026-10-07,2026-10-07T10:03:48.768603-04:00,44.5216,0.2205
CRWD-20261007T13474860946,CRWD,2026-10-07,2026-10-07T10:03:48.768603-04:00,270.07,0.2874
COHR-20261007T13571300497,COHR,2026-10-07,2026-10-07T10:03:48.768603-04:00,321.175,0.1322
NXT-20261007T13572353910,NXT,2026-10-07,2026-10-07T10:03:48.768603-04:00,84.6186,0.4136
RBRK-20261007T13590852636,RBRK,2026-10-07,2026-10-07T10:03:48.768603-04:00,123.49,0.4354
FPS-20261007T13590859499,FPS,2026-10-07,2026-10-07T10:03:48.768603-04:00,39.525,1.2369
TSEM-20261007T14001193147,TSEM,2026-10-07,2026-10-07T10:03:48.768603-04:00,244.79,0.0368
NTAP-20261007T14003405654,NTAP,2026-10-07,2026-10-07T10:03:48.768603-04:00,233.16,-0.513
MSTR-20261007T14020173073,MSTR,2026-10-07,2026-10-07T10:03:48.768603-04:00,156.4932,-0.1556
KLAC-20261007T14023432222,KLAC,2026-10-07,2026-10-07T10:03:48.768603-04:00,193.25,0.015
CDNA-20261007T13361674905,CDNA,2026-10-07,2026-10-07T10:03:59.434096-04:00,63.37,0.0316
U-20261007T13430443233,U,2026-10-07,2026-10-07T10:03:59.434096-04:00,44.55,0.1569
CRWD-20261007T13474860946,CRWD,2026-10-07,2026-10-07T10:03:59.434096-04:00,269.9043,0.3486
COHR-20261007T13571300497,COHR,2026-10-07,2026-10-07T10:03:59.434096-04:00,321.125,0.1477
NXT-20261007T13572353910,NXT,2026-10-07,2026-10-07T10:03:59.434096-04:00,84.8,0.2001
RBRK-20261007T13590852636,RBRK,2026-10-07,2026-10-07T10:03:59.434096-04:00,123.565,0.3749
FPS-20261007T13590859499,FPS,2026-10-07,2026-10-07T10:03:59.434096-04:00,39.58,1.0995
TSEM-20261007T14001193147,TSEM,2026-10-07,2026-10-07T10:03:59.434096-04:00,244.95,-0.0286
NTAP-20261007T14003405654,NTAP,2026-10-07,2026-10-07T10:03:59.434096-04:00,232.99,-0.4397
MSTR-20261007T14020173073,MSTR,2026-10-07,2026-10-07T10:03:59.434096-04:00,156.64,-0.2496
KLAC-20261007T14023432222,KLAC,2026-10-07,2026-10-07T10:03:59.434096-04:00,193.36,-0.0419
CDNA-20261007T13361674905,CDNA,2026-10-07,2026-10-07T10:04:10.009949-04:00,63.42,-0.0473
U-20261007T13430443233,U,2026-10-07,2026-10-07T10:04:10.009949-04:00,44.5722,0.1071
CRWD-20261007T13474860946,CRWD,2026-10-07,2026-10-07T10:04:10.009949-04:00,269.9814,0.3201
COHR-20261007T13571300497,COHR,2026-10-07,2026-10-07T10:04:10.009949-04:00,321.0575,0.1687
NXT-20261007T13572353910,NXT,2026-10-07,2026-10-07T10:04:10.009949-04:00,84.61,0.4237
RBRK-20261007T13590852636,RBRK,2026-10-07,2026-10-07T10:04:10.009949-04:00,123.565,0.3749
FPS-20261007T13590859499,FPS,2026-10-07,2026-10-07T10:04:10.009949-04:00,39.6022,1.044
TSEM-20261007T14001193147,TSEM,2026-10-07,2026-10-07T10:04:10.009949-04:00,244.0,0.3594
NTAP-20261007T14003405654,NTAP,2026-10-07,2026-10-07T10:04:10.009949-04:00,233.11,-0.4914
MSTR-20261007T14020173073,MSTR,2026-10-07,2026-10-07T10:04:10.009949-04:00,156.59,-0.2176
KLAC-20261007T14023432222,KLAC,2026-10-07,2026-10-07T10:04:10.009949-04:00,193.21,0.0357
CDNA-20261007T13361674905,CDNA,2026-10-07,2026-10-07T10:04:20.648029-04:00,63.41,-0.0316
U-20261007T13430443233,U,2026-10-07,2026-10-07T10:04:20.648029-04:00,44.555,0.1457
CRWD-20261007T13474860946,CRWD,2026-10-07,2026-10-07T10:04:20.648029-04:00,270.285,0.208
COHR-20261007T13571300497,COHR,2026-10-07,2026-10-07T10:04:20.648029-04:00,320.7,0.2799
NXT-20261007T13572353910,NXT,2026-10-07,2026-10-07T10:04:20.648029-04:00,84.6789,0.3426
RBRK-20261007T13590852636,RBRK,2026-10-07,2026-10-07T10:04:20.648029-04:00,123.6704,0.2899
FPS-20261007T13590859499,FPS,2026-10-07,2026-10-07T10:04:20.648029-04:00,39.565,1.1369
TSEM-20261007T14001193147,TSEM,2026-10-07,2026-10-07T10:04:20.648029-04:00,244.115,0.3124
NTAP-20261007T14003405654,NTAP,2026-10-07,2026-10-07T10:04:20.648029-04:00,232.817,-0.3651
MSTR-20261007T14020173073,MSTR,2026-10-07,2026-10-07T10:04:20.648029-04:00,156.56,-0.1984
KLAC-20261007T14023432222,KLAC,2026-10-07,2026-10-07T10:04:20.648029-04:00,193.175,0.0538
CDNA-20261007T13361674905,CDNA,2026-10-07,2026-10-07T10:04:31.285616-04:00,63.31,0.1262
U-20261007T13430443233,U,2026-10-07,2026-10-07T10:04:31.285616-04:00,44.5532,0.1497
CRWD-20261007T13474860946,CRWD,2026-10-07,2026-10-07T10:04:31.285616-04:00,270.27,0.2136
COHR-20261007T13571300497,COHR,2026-10-07,2026-10-07T10:04:31.285616-04:00,320.41,0.37
NXT-20261007T13572353910,NXT,2026-10-07,2026-10-07T10:04:31.285616-04:00,84.54,0.5061
RBRK-20261007T13590852636,RBRK,2026-10-07,2026-10-07T10:04:31.285616-04:00,123.515,0.4152
FPS-20261007T13590859499,FPS,2026-10-07,2026-10-07T10:04:31.285616-04:00,39.56,1.1494
TSEM-20261007T14001193147,TSEM,2026-10-07,2026-10-07T10:04:31.285616-04:00,244.15,0.2981
NTAP-20261007T14003405654,NTAP,2026-10-07,2026-10-07T10:04:31.285616-04:00,233.2458,-0.55
MSTR-20261007T14020173073,MSTR,2026-10-07,2026-10-07T10:04:31.285616-04:00,156.384,-0.0858
KLAC-20261007T14023432222,KLAC,2026-10-07,2026-10-07T10:04:31.285616-04:00,193.18,0.0512
CDNA-20261007T13361674905,CDNA,2026-10-07,2026-10-07T10:04:41.827696-04:00,63.17,0.3471
U-20261007T13430443233,U,2026-10-07,2026-10-07T10:04:41.827696-04:00,44.54,0.1793
CRWD-20261007T13474860946,CRWD,2026-10-07,2026-10-07T10:04:41.827696-04:00,269.95,0.3317
COHR-20261007T13571300497,COHR,2026-10-07,2026-10-07T10:04:41.827696-04:00,320.14,0.454
NXT-20261007T13572353910,NXT,2026-10-07,2026-10-07T10:04:41.827696-04:00,84.625,0.406
RBRK-20261007T13590852636,RBRK,2026-10-07,2026-10-07T10:04:41.827696-04:00,123.515,0.4152
FPS-20261007T13590859499,FPS,2026-10-07,2026-10-07T10:04:41.827696-04:00,39.51,1.2744
TSEM-20261007T14001193147,TSEM,2026-10-07,2026-10-07T10:04:41.827696-04:00,244.14,0.3022
NTAP-20261007T14003405654,NTAP,2026-10-07,2026-10-07T10:04:41.827696-04:00,233.0998,-0.487
MSTR-20261007T14020173073,MSTR,2026-10-07,2026-10-07T10:04:41.827696-04:00,156.265,-0.0096
KLAC-20261007T14023432222,KLAC,2026-10-07,2026-10-07T10:04:41.827696-04:00,193.24,0.0202
CDNA-20261007T13361674905,CDNA,2026-10-07,2026-10-07T10:04:52.438589-04:00,63.15,0.3786
U-20261007T13430443233,U,2026-10-07,2026-10-07T10:04:52.438589-04:00,44.519,0.2264
CRWD-20261007T13474860946,CRWD,2026-10-07,2026-10-07T10:04:52.438589-04:00,270.0351,0.3003
COHR-20261007T13571300497,COHR,2026-10-07,2026-10-07T10:04:52.438589-04:00,320.2635,0.4156
NXT-20261007T13572353910,NXT,2026-10-07,2026-10-07T10:04:52.438589-04:00,84.6101,0.4236
RBRK-20261007T13590852636,RBRK,2026-10-07,2026-10-07T10:04:52.438589-04:00,123.77,0.2096
FPS-20261007T13590859499,FPS,2026-10-07,2026-10-07T10:04:52.438589-04:00,39.5077,1.2801
TSEM-20261007T14001193147,TSEM,2026-10-07,2026-10-07T10:04:52.438589-04:00,244.3123,0.2318
NTAP-20261007T14003405654,NTAP,2026-10-07,2026-10-07T10:04:52.438589-04:00,233.307,-0.5764
MSTR-20261007T14020173073,MSTR,2026-10-07,2026-10-07T10:04:52.438589-04:00,156.08,0.1088
KLAC-20261007T14023432222,KLAC,2026-10-07,2026-10-07T10:04:52.438589-04:00,193.34,-0.0316
CDNA-20261007T13361674905,CDNA,2026-10-07,2026-10-07T10:05:03.080035-04:00,63.17,0.3471
U-20261007T13430443233,U,2026-10-07,2026-10-07T10:05:03.080035-04:00,44.545,0.1681
CRWD-20261007T13474860946,CRWD,2026-10-07,2026-10-07T10:05:03.080035-04:00,270.24,0.2247
COHR-20261007T13571300497,COHR,2026-10-07,2026-10-07T10:05:03.080035-04:00,320.2564,0.4178
NXT-20261007T13572353910,NXT,2026-10-07,2026-10-07T10:05:03.080035-04:00,84.595,0.4413
RBRK-20261007T13590852636,RBRK,2026-10-07,2026-10-07T10:05:03.080035-04:00,123.745,0.2298
FPS-20261007T13590859499,FPS,2026-10-07,2026-10-07T10:05:03.080035-04:00,39.515,1.2619
TSEM-20261007T14001193147,TSEM,2026-10-07,2026-10-07T10:05:03.080035-04:00,244.115,0.3124
NTAP-20261007T14003405654,NTAP,2026-10-07,2026-10-07T10:05:03.080035-04:00,234.5,-1.0907
MSTR-20261007T14020173073,MSTR,2026-10-07,2026-10-07T10:05:03.080035-04:00,156.16,0.0576
KLAC-20261007T14023432222,KLAC,2026-10-07,2026-10-07T10:05:03.080035-04:00,193.47,-0.0988
CDNA-20261007T13361674905,CDNA,2026-10-07,2026-10-07T10:05:14.047500-04:00,63.22,0.2682
U-20261007T13430443233,U,2026-10-07,2026-10-07T10:05:14.047500-04:00,44.6002,0.0444
CRWD-20261007T13474860946,CRWD,2026-10-07,2026-10-07T10:05:14.047500-04:00,270.26,0.2173
COHR-20261007T13571300497,COHR,2026-10-07,2026-10-07T10:05:14.047500-04:00,319.89,0.5317
NXT-20261007T13572353910,NXT,2026-10-07,2026-10-07T10:05:14.047500-04:00,84.6392,0.3893
RBRK-20261007T13590852636,RBRK,2026-10-07,2026-10-07T10:05:14.047500-04:00,123.86,0.1371
FPS-20261007T13590859499,FPS,2026-10-07,2026-10-07T10:05:14.047500-04:00,39.505,1.2869
TSEM-20261007T14001193147,TSEM,2026-10-07,2026-10-07T10:05:14.047500-04:00,244.4147,0.19
MSTR-20261007T14020173073,MSTR,2026-10-07,2026-10-07T10:05:14.047500-04:00,156.27,-0.0128
KLAC-20261007T14023432222,KLAC,2026-10-07,2026-10-07T10:05:14.047500-04:00,193.595,-0.1635
CDNA-20261007T13361674905,CDNA,2026-10-07,2026-10-07T10:05:24.902706-04:00,63.2053,0.2914
U-20261007T13430443233,U,2026-10-07,2026-10-07T10:05:24.902706-04:00,44.5878,0.0722
CRWD-20261007T13474860946,CRWD,2026-10-07,2026-10-07T10:05:24.902706-04:00,270.1,0.2763
COHR-20261007T13571300497,COHR,2026-10-07,2026-10-07T10:05:24.902706-04:00,319.92,0.5224
NXT-20261007T13572353910,NXT,2026-10-07,2026-10-07T10:05:24.902706-04:00,84.545,0.5002
RBRK-20261007T13590852636,RBRK,2026-10-07,2026-10-07T10:05:24.902706-04:00,123.905,0.1008
FPS-20261007T13590859499,FPS,2026-10-07,2026-10-07T10:05:24.902706-04:00,39.45,1.4243
TSEM-20261007T14001193147,TSEM,2026-10-07,2026-10-07T10:05:24.902706-04:00,244.1,0.3185
MSTR-20261007T14020173073,MSTR,2026-10-07,2026-10-07T10:05:24.902706-04:00,156.34,-0.0576
KLAC-20261007T14023432222,KLAC,2026-10-07,2026-10-07T10:05:24.902706-04:00,193.54,-0.135
CDNA-20261007T13361674905,CDNA,2026-10-07,2026-10-07T10:05:35.845888-04:00,63.16,0.3628
U-20261007T13430443233,U,2026-10-07,2026-10-07T10:05:35.845888-04:00,44.5846,0.0793
CRWD-20261007T13474860946,CRWD,2026-10-07,2026-10-07T10:05:35.845888-04:00,269.965,0.3262
COHR-20261007T13571300497,COHR,2026-10-07,2026-10-07T10:05:35.845888-04:00,320.165,0.4462
NXT-20261007T13572353910,NXT,2026-10-07,2026-10-07T10:05:35.845888-04:00,84.61,0.4237
RBRK-20261007T13590852636,RBRK,2026-10-07,2026-10-07T10:05:35.845888-04:00,123.85,0.1451
FPS-20261007T13590859499,FPS,2026-10-07,2026-10-07T10:05:35.845888-04:00,39.495,1.3118
TSEM-20261007T14001193147,TSEM,2026-10-07,2026-10-07T10:05:35.845888-04:00,244.57,0.1266
MSTR-20261007T14020173073,MSTR,2026-10-07,2026-10-07T10:05:35.845888-04:00,156.43,-0.1152
KLAC-20261007T14023432222,KLAC,2026-10-07,2026-10-07T10:05:35.845888-04:00,193.685,-0.21
CDNA-20261007T13361674905,CDNA,2026-10-07,2026-10-07T10:05:46.616126-04:00,63.17,0.3471
U-20261007T13430443233,U,2026-10-07,2026-10-07T10:05:46.616126-04:00,44.595,0.056
CRWD-20261007T13474860946,CRWD,2026-10-07,2026-10-07T10:05:46.616126-04:00,269.98,0.3206
COHR-20261007T13571300497,COHR,2026-10-07,2026-10-07T10:05:46.616126-04:00,320.47,0.3514
NXT-20261007T13572353910,NXT,2026-10-07,2026-10-07T10:05:46.616126-04:00,84.57,0.4708
RBRK-20261007T13590852636,RBRK,2026-10-07,2026-10-07T10:05:46.616126-04:00,123.725,0.2459
FPS-20261007T13590859499,FPS,2026-10-07,2026-10-07T10:05:46.616126-04:00,39.5399,1.1997
TSEM-20261007T14001193147,TSEM,2026-10-07,2026-10-07T10:05:46.616126-04:00,244.31,0.2328
MSTR-20261007T14020173073,MSTR,2026-10-07,2026-10-07T10:05:46.616126-04:00,156.4,-0.096
KLAC-20261007T14023432222,KLAC,2026-10-07,2026-10-07T10:05:46.616126-04:00,193.79,-0.2644
CDNA-20261007T13361674905,CDNA,2026-10-07,2026-10-07T10:05:57.358246-04:00,63.225,0.2603
U-20261007T13430443233,U,2026-10-07,2026-10-07T10:05:57.358246-04:00,44.606,0.0314
CRWD-20261007T13474860946,CRWD,2026-10-07,2026-10-07T10:05:57.358246-04:00,270.08,0.2837
COHR-20261007T13571300497,COHR,2026-10-07,2026-10-07T10:05:57.358246-04:00,320.18,0.4415
NXT-20261007T13572353910,NXT,2026-10-07,2026-10-07T10:05:57.358246-04:00,84.55,0.4943
RBRK-20261007T13590852636,RBRK,2026-10-07,2026-10-07T10:05:57.358246-04:00,123.725,0.2459
FPS-20261007T13590859499,FPS,2026-10-07,2026-10-07T10:05:57.358246-04:00,39.6411,0.9468
TSEM-20261007T14001193147,TSEM,2026-10-07,2026-10-07T10:05:57.358246-04:00,244.32,0.2287
MSTR-20261007T14020173073,MSTR,2026-10-07,2026-10-07T10:05:57.358246-04:00,156.26,-0.0064
KLAC-20261007T14023432222,KLAC,2026-10-07,2026-10-07T10:05:57.358246-04:00,193.89,-0.3161
CDNA-20261007T13361674905,CDNA,2026-10-07,2026-10-07T10:06:08.124534-04:00,63.19,0.3155
U-20261007T13430443233,U,2026-10-07,2026-10-07T10:06:08.124534-04:00,44.5742,0.1026
CRWD-20261007T13474860946,CRWD,2026-10-07,2026-10-07T10:06:08.124534-04:00,270.0,0.3133
COHR-20261007T13571300497,COHR,2026-10-07,2026-10-07T10:06:08.124534-04:00,320.495,0.3436
NXT-20261007T13572353910,NXT,2026-10-07,2026-10-07T10:06:08.124534-04:00,84.67,0.3531
RBRK-20261007T13590852636,RBRK,2026-10-07,2026-10-07T10:06:08.124534-04:00,123.73,0.2419
FPS-20261007T13590859499,FPS,2026-10-07,2026-10-07T10:06:08.124534-04:00,39.5871,1.0817
TSEM-20261007T14001193147,TSEM,2026-10-07,2026-10-07T10:06:08.124534-04:00,244.31,0.2328
MSTR-20261007T14020173073,MSTR,2026-10-07,2026-10-07T10:06:08.124534-04:00,156.3,-0.032
KLAC-20261007T14023432222,KLAC,2026-10-07,2026-10-07T10:06:08.124534-04:00,193.86,-0.3006
CDNA-20261007T13361674905,CDNA,2026-10-07,2026-10-07T10:06:19.044196-04:00,63.19,0.3155
U-20261007T13430443233,U,2026-10-07,2026-10-07T10:06:19.044196-04:00,44.5719,0.1078
CRWD-20261007T13474860946,CRWD,2026-10-07,2026-10-07T10:06:19.044196-04:00,270.1818,0.2461
COHR-20261007T13571300497,COHR,2026-10-07,2026-10-07T10:06:19.044196-04:00,320.49,0.3451
NXT-20261007T13572353910,NXT,2026-10-07,2026-10-07T10:06:19.044196-04:00,84.585,0.4531
RBRK-20261007T13590852636,RBRK,2026-10-07,2026-10-07T10:06:19.044196-04:00,123.74,0.2338
FPS-20261007T13590859499,FPS,2026-10-07,2026-10-07T10:06:19.044196-04:00,39.475,1.3618
TSEM-20261007T14001193147,TSEM,2026-10-07,2026-10-07T10:06:19.044196-04:00,244.31,0.2328
MSTR-20261007T14020173073,MSTR,2026-10-07,2026-10-07T10:06:19.044196-04:00,156.165,0.0544
KLAC-20261007T14023432222,KLAC,2026-10-07,2026-10-07T10:06:19.044196-04:00,193.7,-0.2178
APLD-20261007T14055810206,APLD,2026-10-07,2026-10-07T10:06:19.044196-04:00,24.175,-0.0207
CDNA-20261007T13361674905,CDNA,2026-10-07,2026-10-07T10:06:29.822347-04:00,63.2,0.2997
U-20261007T13430443233,U,2026-10-07,2026-10-07T10:06:29.822347-04:00,44.5908,0.0654
CRWD-20261007T13474860946,CRWD,2026-10-07,2026-10-07T10:06:29.822347-04:00,270.625,0.0825
COHR-20261007T13571300497,COHR,2026-10-07,2026-10-07T10:06:29.822347-04:00,320.075,0.4742
NXT-20261007T13572353910,NXT,2026-10-07,2026-10-07T10:06:29.822347-04:00,84.49,0.5649
RBRK-20261007T13590852636,RBRK,2026-10-07,2026-10-07T10:06:29.822347-04:00,123.6734,0.2875
FPS-20261007T13590859499,FPS,2026-10-07,2026-10-07T10:06:29.822347-04:00,39.5581,1.1542
TSEM-20261007T14001193147,TSEM,2026-10-07,2026-10-07T10:06:29.822347-04:00,244.6099,0.1103
MSTR-20261007T14020173073,MSTR,2026-10-07,2026-10-07T10:06:29.822347-04:00,156.05,0.128
KLAC-20261007T14023432222,KLAC,2026-10-07,2026-10-07T10:06:29.822347-04:00,193.735,-0.2359
APLD-20261007T14055810206,APLD,2026-10-07,2026-10-07T10:06:29.822347-04:00,24.1678,0.0091
CDNA-20261007T13361674905,CDNA,2026-10-07,2026-10-07T10:06:40.401862-04:00,63.01,0.5995
U-20261007T13430443233,U,2026-10-07,2026-10-07T10:06:40.401862-04:00,44.5778,0.0946
CRWD-20261007T13474860946,CRWD,2026-10-07,2026-10-07T10:06:40.401862-04:00,270.41,0.1619
COHR-20261007T13571300497,COHR,2026-10-07,2026-10-07T10:06:40.401862-04:00,319.9819,0.5031
NXT-20261007T13572353910,NXT,2026-10-07,2026-10-07T10:06:40.401862-04:00,84.561,0.4813
RBRK-20261007T13590852636,RBRK,2026-10-07,2026-10-07T10:06:40.401862-04:00,123.64,0.3144
FPS-20261007T13590859499,FPS,2026-10-07,2026-10-07T10:06:40.401862-04:00,39.49,1.3243
TSEM-20261007T14001193147,TSEM,2026-10-07,2026-10-07T10:06:40.401862-04:00,244.45,0.1756
MSTR-20261007T14020173073,MSTR,2026-10-07,2026-10-07T10:06:40.401862-04:00,156.11,0.0896
KLAC-20261007T14023432222,KLAC,2026-10-07,2026-10-07T10:06:40.401862-04:00,193.81,-0.2747
APLD-20261007T14055810206,APLD,2026-10-07,2026-10-07T10:06:40.401862-04:00,24.1785,-0.0352
CDNA-20261007T13361674905,CDNA,2026-10-07,2026-10-07T10:06:51.046926-04:00,63.08,0.489
U-20261007T13430443233,U,2026-10-07,2026-10-07T10:06:51.046926-04:00,44.555,0.1457
CRWD-20261007T13474860946,CRWD,2026-10-07,2026-10-07T10:06:51.046926-04:00,270.515,0.1231
COHR-20261007T13571300497,COHR,2026-10-07,2026-10-07T10:06:51.046926-04:00,319.99,0.5006
NXT-20261007T13572353910,NXT,2026-10-07,2026-10-07T10:06:51.046926-04:00,84.59,0.4472
RBRK-20261007T13590852636,RBRK,2026-10-07,2026-10-07T10:06:51.046926-04:00,123.58,0.3628
FPS-20261007T13590859499,FPS,2026-10-07,2026-10-07T10:06:51.046926-04:00,39.5,1.2994
TSEM-20261007T14001193147,TSEM,2026-10-07,2026-10-07T10:06:51.046926-04:00,244.455,0.1736
MSTR-20261007T14020173073,MSTR,2026-10-07,2026-10-07T10:06:51.046926-04:00,156.29,-0.0256
KLAC-20261007T14023432222,KLAC,2026-10-07,2026-10-07T10:06:51.046926-04:00,193.84,-0.2902
APLD-20261007T14055810206,APLD,2026-10-07,2026-10-07T10:06:51.046926-04:00,24.18,-0.0414
CDNA-20261007T13361674905,CDNA,2026-10-07,2026-10-07T10:07:01.598474-04:00,63.02,0.5837
U-20261007T13430443233,U,2026-10-07,2026-10-07T10:07:01.598474-04:00,44.58,0.0896
CRWD-20261007T13474860946,CRWD,2026-10-07,2026-10-07T10:07:01.598474-04:00,270.2701,0.2135
COHR-20261007T13571300497,COHR,2026-10-07,2026-10-07T10:07:01.598474-04:00,320.055,0.4804
NXT-20261007T13572353910,NXT,2026-10-07,2026-10-07T10:07:01.598474-04:00,84.5602,0.4823
RBRK-20261007T13590852636,RBRK,2026-10-07,2026-10-07T10:07:01.598474-04:00,123.51,0.4193
FPS-20261007T13590859499,FPS,2026-10-07,2026-10-07T10:07:01.598474-04:00,39.5346,1.2129
TSEM-20261007T14001193147,TSEM,2026-10-07,2026-10-07T10:07:01.598474-04:00,244.5995,0.1145
MSTR-20261007T14020173073,MSTR,2026-10-07,2026-10-07T10:07:01.598474-04:00,156.3565,-0.0682
KLAC-20261007T14023432222,KLAC,2026-10-07,2026-10-07T10:07:01.598474-04:00,193.96,-0.3523
APLD-20261007T14055810206,APLD,2026-10-07,2026-10-07T10:07:01.598474-04:00,24.2,-0.1241
CDNA-20261007T13361674905,CDNA,2026-10-07,2026-10-07T10:07:12.366231-04:00,63.16,0.3628
U-20261007T13430443233,U,2026-10-07,2026-10-07T10:07:12.366231-04:00,44.5538,0.1484
COHR-20261007T13571300497,COHR,2026-10-07,2026-10-07T10:07:12.366231-04:00,320.2,0.4353
NXT-20261007T13572353910,NXT,2026-10-07,2026-10-07T10:07:12.366231-04:00,84.585,0.4531
RBRK-20261007T13590852636,RBRK,2026-10-07,2026-10-07T10:07:12.366231-04:00,123.645,0.3104
FPS-20261007T13590859499,FPS,2026-10-07,2026-10-07T10:07:12.366231-04:00,39.48,1.3493
TSEM-20261007T14001193147,TSEM,2026-10-07,2026-10-07T10:07:12.366231-04:00,244.31,0.2328
MSTR-20261007T14020173073,MSTR,2026-10-07,2026-10-07T10:07:12.366231-04:00,156.37,-0.0768
KLAC-20261007T14023432222,KLAC,2026-10-07,2026-10-07T10:07:12.366231-04:00,193.91,-0.3265
APLD-20261007T14055810206,APLD,2026-10-07,2026-10-07T10:07:12.366231-04:00,24.195,-0.1034
CDNA-20261007T13361674905,CDNA,2026-10-07,2026-10-07T10:07:22.857770-04:00,63.155,0.3707
U-20261007T13430443233,U,2026-10-07,2026-10-07T10:07:22.857770-04:00,44.5321,0.197
COHR-20261007T13571300497,COHR,2026-10-07,2026-10-07T10:07:22.857770-04:00,320.66,0.2923
NXT-20261007T13572353910,NXT,2026-10-07,2026-10-07T10:07:22.857770-04:00,84.6852,0.3352
RBRK-20261007T13590852636,RBRK,2026-10-07,2026-10-07T10:07:22.857770-04:00,123.645,0.3104
FPS-20261007T13590859499,FPS,2026-10-07,2026-10-07T10:07:22.857770-04:00,39.5058,1.2849
TSEM-20261007T14001193147,TSEM,2026-10-07,2026-10-07T10:07:22.857770-04:00,244.68,0.0817
MSTR-20261007T14020173073,MSTR,2026-10-07,2026-10-07T10:07:22.857770-04:00,156.43,-0.1152
KLAC-20261007T14023432222,KLAC,2026-10-07,2026-10-07T10:07:22.857770-04:00,194.265,-0.5101
APLD-20261007T14055810206,APLD,2026-10-07,2026-10-07T10:07:22.857770-04:00,24.205,-0.1448
PRIM-20261007T14070235974,PRIM,2026-10-07,2026-10-07T10:07:22.857770-04:00,80.83,-0.2978
CDNA-20261007T13361674905,CDNA,2026-10-07,2026-10-07T10:07:33.305846-04:00,63.16,0.3628
U-20261007T13430443233,U,2026-10-07,2026-10-07T10:07:33.305846-04:00,44.5543,0.1472
COHR-20261007T13571300497,COHR,2026-10-07,2026-10-07T10:07:33.305846-04:00,320.5728,0.3194
NXT-20261007T13572353910,NXT,2026-10-07,2026-10-07T10:07:33.305846-04:00,84.79,0.2118
RBRK-20261007T13590852636,RBRK,2026-10-07,2026-10-07T10:07:33.305846-04:00,123.645,0.3104
FPS-20261007T13590859499,FPS,2026-10-07,2026-10-07T10:07:33.305846-04:00,39.46,1.3993
TSEM-20261007T14001193147,TSEM,2026-10-07,2026-10-07T10:07:33.305846-04:00,244.655,0.0919
MSTR-20261007T14020173073,MSTR,2026-10-07,2026-10-07T10:07:33.305846-04:00,156.475,-0.144
KLAC-20261007T14023432222,KLAC,2026-10-07,2026-10-07T10:07:33.305846-04:00,194.1985,-0.4757
APLD-20261007T14055810206,APLD,2026-10-07,2026-10-07T10:07:33.305846-04:00,24.195,-0.1034
PRIM-20261007T14070235974,PRIM,2026-10-07,2026-10-07T10:07:33.305846-04:00,80.9024,-0.3876
CDNA-20261007T13361674905,CDNA,2026-10-07,2026-10-07T10:07:43.677307-04:00,63.18,0.3313
U-20261007T13430443233,U,2026-10-07,2026-10-07T10:07:43.677307-04:00,44.5343,0.1921
COHR-20261007T13571300497,COHR,2026-10-07,2026-10-07T10:07:43.677307-04:00,320.225,0.4275
NXT-20261007T13572353910,NXT,2026-10-07,2026-10-07T10:07:43.677307-04:00,84.79,0.2118
RBRK-20261007T13590852636,RBRK,2026-10-07,2026-10-07T10:07:43.677307-04:00,123.54,0.3951
FPS-20261007T13590859499,FPS,2026-10-07,2026-10-07T10:07:43.677307-04:00,39.425,1.4868
TSEM-20261007T14001193147,TSEM,2026-10-07,2026-10-07T10:07:43.677307-04:00,244.92,-0.0163
MSTR-20261007T14020173073,MSTR,2026-10-07,2026-10-07T10:07:43.677307-04:00,156.31,-0.0384
KLAC-20261007T14023432222,KLAC,2026-10-07,2026-10-07T10:07:43.677307-04:00,193.5845,-0.1581
APLD-20261007T14055810206,APLD,2026-10-07,2026-10-07T10:07:43.677307-04:00,24.1979,-0.1154
PRIM-20261007T14070235974,PRIM,2026-10-07,2026-10-07T10:07:43.677307-04:00,80.835,-0.304
CDNA-20261007T13361674905,CDNA,2026-10-07,2026-10-07T10:07:54.035936-04:00,63.17,0.3471
U-20261007T13430443233,U,2026-10-07,2026-10-07T10:07:54.035936-04:00,44.54,0.1793
COHR-20261007T13571300497,COHR,2026-10-07,2026-10-07T10:07:54.035936-04:00,320.58,0.3172
NXT-20261007T13572353910,NXT,2026-10-07,2026-10-07T10:07:54.035936-04:00,84.87,0.1177
RBRK-20261007T13590852636,RBRK,2026-10-07,2026-10-07T10:07:54.035936-04:00,123.71,0.258
FPS-20261007T13590859499,FPS,2026-10-07,2026-10-07T10:07:54.035936-04:00,39.4444,1.4383
TSEM-20261007T14001193147,TSEM,2026-10-07,2026-10-07T10:07:54.035936-04:00,244.5032,0.1539
MSTR-20261007T14020173073,MSTR,2026-10-07,2026-10-07T10:07:54.035936-04:00,156.3472,-0.0622
KLAC-20261007T14023432222,KLAC,2026-10-07,2026-10-07T10:07:54.035936-04:00,193.6063,-0.1693
APLD-20261007T14055810206,APLD,2026-10-07,2026-10-07T10:07:54.035936-04:00,24.1879,-0.0741
PRIM-20261007T14070235974,PRIM,2026-10-07,2026-10-07T10:07:54.035936-04:00,81.005,-0.515
CDNA-20261007T13361674905,CDNA,2026-10-07,2026-10-07T10:08:04.397071-04:00,63.1454,0.3859
U-20261007T13430443233,U,2026-10-07,2026-10-07T10:08:04.397071-04:00,44.5517,0.1531
COHR-20261007T13571300497,COHR,2026-10-07,2026-10-07T10:08:04.397071-04:00,320.345,0.3902
NXT-20261007T13572353910,NXT,2026-10-07,2026-10-07T10:08:04.397071-04:00,84.85,0.1412
RBRK-20261007T13590852636,RBRK,2026-10-07,2026-10-07T10:08:04.397071-04:00,123.42,0.4918
FPS-20261007T13590859499,FPS,2026-10-07,2026-10-07T10:08:04.397071-04:00,39.425,1.4868
TSEM-20261007T14001193147,TSEM,2026-10-07,2026-10-07T10:08:04.397071-04:00,244.5182,0.1477
MSTR-20261007T14020173073,MSTR,2026-10-07,2026-10-07T10:08:04.397071-04:00,156.42,-0.1088
KLAC-20261007T14023432222,KLAC,2026-10-07,2026-10-07T10:08:04.397071-04:00,194.285,-0.5205
APLD-20261007T14055810206,APLD,2026-10-07,2026-10-07T10:08:04.397071-04:00,24.18,-0.0414
PRIM-20261007T14070235974,PRIM,2026-10-07,2026-10-07T10:08:04.397071-04:00,81.005,-0.515
CDNA-20261007T13361674905,CDNA,2026-10-07,2026-10-07T10:08:14.820247-04:00,63.17,0.3471
U-20261007T13430443233,U,2026-10-07,2026-10-07T10:08:14.820247-04:00,44.51,0.2465
COHR-20261007T13571300497,COHR,2026-10-07,2026-10-07T10:08:14.820247-04:00,320.4248,0.3654
NXT-20261007T13572353910,NXT,2026-10-07,2026-10-07T10:08:14.820247-04:00,84.7623,0.2444
RBRK-20261007T13590852636,RBRK,2026-10-07,2026-10-07T10:08:14.820247-04:00,123.7566,0.2204
FPS-20261007T13590859499,FPS,2026-10-07,2026-10-07T10:08:14.820247-04:00,39.44,1.4493
TSEM-20261007T14001193147,TSEM,2026-10-07,2026-10-07T10:08:14.820247-04:00,244.96,-0.0327
MSTR-20261007T14020173073,MSTR,2026-10-07,2026-10-07T10:08:14.820247-04:00,156.44,-0.1216
KLAC-20261007T14023432222,KLAC,2026-10-07,2026-10-07T10:08:14.820247-04:00,194.355,-0.5567
APLD-20261007T14055810206,APLD,2026-10-07,2026-10-07T10:08:14.820247-04:00,24.1714,-0.0058
PRIM-20261007T14070235974,PRIM,2026-10-07,2026-10-07T10:08:14.820247-04:00,81.0542,-0.576
CDNA-20261007T13361674905,CDNA,2026-10-07,2026-10-07T10:08:25.090453-04:00,63.17,0.3471
U-20261007T13430443233,U,2026-10-07,2026-10-07T10:08:25.090453-04:00,44.5,0.2689
COHR-20261007T13571300497,COHR,2026-10-07,2026-10-07T10:08:25.090453-04:00,320.3,0.4042
NXT-20261007T13572353910,NXT,2026-10-07,2026-10-07T10:08:25.090453-04:00,84.76,0.2471
RBRK-20261007T13590852636,RBRK,2026-10-07,2026-10-07T10:08:25.090453-04:00,123.2683,0.6141
FPS-20261007T13590859499,FPS,2026-10-07,2026-10-07T10:08:25.090453-04:00,39.4,1.5492
TSEM-20261007T14001193147,TSEM,2026-10-07,2026-10-07T10:08:25.090453-04:00,244.99,-0.0449
MSTR-20261007T14020173073,MSTR,2026-10-07,2026-10-07T10:08:25.090453-04:00,156.3052,-0.0353
KLAC-20261007T14023432222,KLAC,2026-10-07,2026-10-07T10:08:25.090453-04:00,194.3,-0.5282
APLD-20261007T14055810206,APLD,2026-10-07,2026-10-07T10:08:25.090453-04:00,24.17,-0.0
PRIM-20261007T14070235974,PRIM,2026-10-07,2026-10-07T10:08:25.090453-04:00,80.83,-0.2978
CDNA-20261007T13361674905,CDNA,2026-10-07,2026-10-07T10:08:35.378827-04:00,63.18,0.3313
U-20261007T13430443233,U,2026-10-07,2026-10-07T10:08:35.378827-04:00,44.5494,0.1582
COHR-20261007T13571300497,COHR,2026-10-07,2026-10-07T10:08:35.378827-04:00,320.32,0.398
NXT-20261007T13572353910,NXT,2026-10-07,2026-10-07T10:08:35.378827-04:00,84.91,0.0706
RBRK-20261007T13590852636,RBRK,2026-10-07,2026-10-07T10:08:35.378827-04:00,123.355,0.5442
FPS-20261007T13590859499,FPS,2026-10-07,2026-10-07T10:08:35.378827-04:00,39.4,1.5492
TSEM-20261007T14001193147,TSEM,2026-10-07,2026-10-07T10:08:35.378827-04:00,245.045,-0.0674
MSTR-20261007T14020173073,MSTR,2026-10-07,2026-10-07T10:08:35.378827-04:00,156.3925,-0.0912
KLAC-20261007T14023432222,KLAC,2026-10-07,2026-10-07T10:08:35.378827-04:00,194.2685,-0.5119
APLD-20261007T14055810206,APLD,2026-10-07,2026-10-07T10:08:35.378827-04:00,24.185,-0.0621
PRIM-20261007T14070235974,PRIM,2026-10-07,2026-10-07T10:08:35.378827-04:00,81.02,-0.5336
CDNA-20261007T13361674905,CDNA,2026-10-07,2026-10-07T10:08:45.633715-04:00,63.17,0.3471
U-20261007T13430443233,U,2026-10-07,2026-10-07T10:08:45.633715-04:00,44.5453,0.1674
COHR-20261007T13571300497,COHR,2026-10-07,2026-10-07T10:08:45.633715-04:00,320.535,0.3312
NXT-20261007T13572353910,NXT,2026-10-07,2026-10-07T10:08:45.633715-04:00,84.83,0.1648
RBRK-20261007T13590852636,RBRK,2026-10-07,2026-10-07T10:08:45.633715-04:00,123.365,0.5362
FPS-20261007T13590859499,FPS,2026-10-07,2026-10-07T10:08:45.633715-04:00,39.36,1.6492
TSEM-20261007T14001193147,TSEM,2026-10-07,2026-10-07T10:08:45.633715-04:00,244.5506,0.1345
MSTR-20261007T14020173073,MSTR,2026-10-07,2026-10-07T10:08:45.633715-04:00,156.4987,-0.1592
KLAC-20261007T14023432222,KLAC,2026-10-07,2026-10-07T10:08:45.633715-04:00,194.35,-0.5541
APLD-20261007T14055810206,APLD,2026-10-07,2026-10-07T10:08:45.633715-04:00,24.23,-0.2482
PRIM-20261007T14070235974,PRIM,2026-10-07,2026-10-07T10:08:45.633715-04:00,80.73,-0.1737
CDNA-20261007T13361674905,CDNA,2026-10-07,2026-10-07T10:08:55.903662-04:00,63.29,0.1578
U-20261007T13430443233,U,2026-10-07,2026-10-07T10:08:55.903662-04:00,44.5,0.2689
COHR-20261007T13571300497,COHR,2026-10-07,2026-10-07T10:08:55.903662-04:00,320.63,0.3016
NXT-20261007T13572353910,NXT,2026-10-07,2026-10-07T10:08:55.903662-04:00,84.811,0.1871
RBRK-20261007T13590852636,RBRK,2026-10-07,2026-10-07T10:08:55.903662-04:00,123.2692,0.6134
FPS-20261007T13590859499,FPS,2026-10-07,2026-10-07T10:08:55.903662-04:00,39.4,1.5492
TSEM-20261007T14001193147,TSEM,2026-10-07,2026-10-07T10:08:55.903662-04:00,245.045,-0.0674
MSTR-20261007T14020173073,MSTR,2026-10-07,2026-10-07T10:08:55.903662-04:00,156.49,-0.1536
KLAC-20261007T14023432222,KLAC,2026-10-07,2026-10-07T10:08:55.903662-04:00,194.345,-0.5515
APLD-20261007T14055810206,APLD,2026-10-07,2026-10-07T10:08:55.903662-04:00,24.245,-0.3103
PRIM-20261007T14070235974,PRIM,2026-10-07,2026-10-07T10:08:55.903662-04:00,80.825,-0.2916
CDNA-20261007T13361674905,CDNA,2026-10-07,2026-10-07T10:09:06.186192-04:00,63.1674,0.3512
U-20261007T13430443233,U,2026-10-07,2026-10-07T10:09:06.186192-04:00,44.5355,0.1894
COHR-20261007T13571300497,COHR,2026-10-07,2026-10-07T10:09:06.186192-04:00,320.59,0.3141
NXT-20261007T13572353910,NXT,2026-10-07,2026-10-07T10:09:06.186192-04:00,84.794,0.2071
RBRK-20261007T13590852636,RBRK,2026-10-07,2026-10-07T10:09:06.186192-04:00,123.355,0.5442
FPS-20261007T13590859499,FPS,2026-10-07,2026-10-07T10:09:06.186192-04:00,39.3601,1.6489
TSEM-20261007T14001193147,TSEM,2026-10-07,2026-10-07T10:09:06.186192-04:00,245.045,-0.0674
MSTR-20261007T14020173073,MSTR,2026-10-07,2026-10-07T10:09:06.186192-04:00,156.605,-0.2272
KLAC-20261007T14023432222,KLAC,2026-10-07,2026-10-07T10:09:06.186192-04:00,194.33,-0.5438
APLD-20261007T14055810206,APLD,2026-10-07,2026-10-07T10:09:06.186192-04:00,24.26,-0.3724
PRIM-20261007T14070235974,PRIM,2026-10-07,2026-10-07T10:09:06.186192-04:00,80.82,-0.2854
CDNA-20261007T13361674905,CDNA,2026-10-07,2026-10-07T10:09:16.903696-04:00,63.18,0.3313
U-20261007T13430443233,U,2026-10-07,2026-10-07T10:09:16.903696-04:00,44.4517,0.3772
COHR-20261007T13571300497,COHR,2026-10-07,2026-10-07T10:09:16.903696-04:00,320.6,0.3109
RBRK-20261007T13590852636,RBRK,2026-10-07,2026-10-07T10:09:16.903696-04:00,123.2351,0.6409
TSEM-20261007T14001193147,TSEM,2026-10-07,2026-10-07T10:09:16.903696-04:00,245.3099,-0.1756
MSTR-20261007T14020173073,MSTR,2026-10-07,2026-10-07T10:09:16.903696-04:00,156.566,-0.2022
KLAC-20261007T14023432222,KLAC,2026-10-07,2026-10-07T10:09:16.903696-04:00,194.3253,-0.5413
APLD-20261007T14055810206,APLD,2026-10-07,2026-10-07T10:09:16.903696-04:00,24.245,-0.3103
PRIM-20261007T14070235974,PRIM,2026-10-07,2026-10-07T10:09:16.903696-04:00,80.8711,-0.3488
CDNA-20261007T13361674905,CDNA,2026-10-07,2026-10-07T10:09:27.301006-04:00,63.18,0.3313
U-20261007T13430443233,U,2026-10-07,2026-10-07T10:09:27.301006-04:00,44.445,0.3922
COHR-20261007T13571300497,COHR,2026-10-07,2026-10-07T10:09:27.301006-04:00,321.0042,0.1853
RBRK-20261007T13590852636,RBRK,2026-10-07,2026-10-07T10:09:27.301006-04:00,123.4143,0.4964
TSEM-20261007T14001193147,TSEM,2026-10-07,2026-10-07T10:09:27.301006-04:00,244.835,0.0184
MSTR-20261007T14020173073,MSTR,2026-10-07,2026-10-07T10:09:27.301006-04:00,156.4,-0.096
KLAC-20261007T14023432222,KLAC,2026-10-07,2026-10-07T10:09:27.301006-04:00,194.21,-0.4817
APLD-20261007T14055810206,APLD,2026-10-07,2026-10-07T10:09:27.301006-04:00,24.245,-0.3103
PRIM-20261007T14070235974,PRIM,2026-10-07,2026-10-07T10:09:27.301006-04:00,80.82,-0.2854
TENB-20261007T14090689192,TENB,2026-10-07,2026-10-07T10:09:27.301006-04:00,38.45,0.1039
CDNA-20261007T13361674905,CDNA,2026-10-07,2026-10-07T10:09:37.599645-04:00,63.18,0.3313
U-20261007T13430443233,U,2026-10-07,2026-10-07T10:09:37.599645-04:00,44.4361,0.4121
COHR-20261007T13571300497,COHR,2026-10-07,2026-10-07T10:09:37.599645-04:00,320.5,0.342
RBRK-20261007T13590852636,RBRK,2026-10-07,2026-10-07T10:09:37.599645-04:00,123.25,0.6289
TSEM-20261007T14001193147,TSEM,2026-10-07,2026-10-07T10:09:37.599645-04:00,244.6376,0.099
MSTR-20261007T14020173073,MSTR,2026-10-07,2026-10-07T10:09:37.599645-04:00,156.38,-0.0832
KLAC-20261007T14023432222,KLAC,2026-10-07,2026-10-07T10:09:37.599645-04:00,194.165,-0.4584
APLD-20261007T14055810206,APLD,2026-10-07,2026-10-07T10:09:37.599645-04:00,24.235,-0.2689
PRIM-20261007T14070235974,PRIM,2026-10-07,2026-10-07T10:09:37.599645-04:00,80.77,-0.2234
TENB-20261007T14090689192,TENB,2026-10-07,2026-10-07T10:09:37.599645-04:00,38.45,0.1039
CDNA-20261007T13361674905,CDNA,2026-10-07,2026-10-07T10:09:47.896553-04:00,63.18,0.3313
U-20261007T13430443233,U,2026-10-07,2026-10-07T10:09:47.896553-04:00,44.5237,0.2158
COHR-20261007T13571300497,COHR,2026-10-07,2026-10-07T10:09:47.896553-04:00,320.72,0.2736
RBRK-20261007T13590852636,RBRK,2026-10-07,2026-10-07T10:09:47.896553-04:00,123.19,0.6773
TSEM-20261007T14001193147,TSEM,2026-10-07,2026-10-07T10:09:47.896553-04:00,244.5455,0.1366
MSTR-20261007T14020173073,MSTR,2026-10-07,2026-10-07T10:09:47.896553-04:00,156.4,-0.096
KLAC-20261007T14023432222,KLAC,2026-10-07,2026-10-07T10:09:47.896553-04:00,194.325,-0.5412
APLD-20261007T14055810206,APLD,2026-10-07,2026-10-07T10:09:47.896553-04:00,24.25,-0.331
PRIM-20261007T14070235974,PRIM,2026-10-07,2026-10-07T10:09:47.896553-04:00,80.77,-0.2234
TENB-20261007T14090689192,TENB,2026-10-07,2026-10-07T10:09:47.896553-04:00,38.48,0.026
CDNA-20261007T13361674905,CDNA,2026-10-07,2026-10-07T10:09:58.185931-04:00,63.19,0.3155
U-20261007T13430443233,U,2026-10-07,2026-10-07T10:09:58.185931-04:00,44.5291,0.2037
COHR-20261007T13571300497,COHR,2026-10-07,2026-10-07T10:09:58.185931-04:00,320.663,0.2914
RBRK-20261007T13590852636,RBRK,2026-10-07,2026-10-07T10:09:58.185931-04:00,123.33,0.5644
TSEM-20261007T14001193147,TSEM,2026-10-07,2026-10-07T10:09:58.185931-04:00,245.0799,-0.0816
MSTR-20261007T14020173073,MSTR,2026-10-07,2026-10-07T10:09:58.185931-04:00,156.59,-0.2176
KLAC-20261007T14023432222,KLAC,2026-10-07,2026-10-07T10:09:58.185931-04:00,194.38,-0.5696
APLD-20261007T14055810206,APLD,2026-10-07,2026-10-07T10:09:58.185931-04:00,24.275,-0.4344
PRIM-20261007T14070235974,PRIM,2026-10-07,2026-10-07T10:09:58.185931-04:00,80.8008,-0.2616
TENB-20261007T14090689192,TENB,2026-10-07,2026-10-07T10:09:58.185931-04:00,38.4939,-0.0101
CDNA-20261007T13361674905,CDNA,2026-10-07,2026-10-07T10:10:08.494931-04:00,63.31,0.1262
U-20261007T13430443233,U,2026-10-07,2026-10-07T10:10:08.494931-04:00,44.5015,0.2656
COHR-20261007T13571300497,COHR,2026-10-07,2026-10-07T10:10:08.494931-04:00,321.165,0.1353
RBRK-20261007T13590852636,RBRK,2026-10-07,2026-10-07T10:10:08.494931-04:00,123.47,0.4515
TSEM-20261007T14001193147,TSEM,2026-10-07,2026-10-07T10:10:08.494931-04:00,245.13,-0.1021
MSTR-20261007T14020173073,MSTR,2026-10-07,2026-10-07T10:10:08.494931-04:00,156.6,-0.224
KLAC-20261007T14023432222,KLAC,2026-10-07,2026-10-07T10:10:08.494931-04:00,194.43,-0.5955
APLD-20261007T14055810206,APLD,2026-10-07,2026-10-07T10:10:08.494931-04:00,24.28,-0.4551
PRIM-20261007T14070235974,PRIM,2026-10-07,2026-10-07T10:10:08.494931-04:00,80.8039,-0.2654
TENB-20261007T14090689192,TENB,2026-10-07,2026-10-07T10:10:08.494931-04:00,38.6491,-0.4134
CDNA-20261007T13361674905,CDNA,2026-10-07,2026-10-07T10:10:19.039181-04:00,63.21,0.284
U-20261007T13430443233,U,2026-10-07,2026-10-07T10:10:19.039181-04:00,44.64,-0.0448
COHR-20261007T13571300497,COHR,2026-10-07,2026-10-07T10:10:19.039181-04:00,321.5,0.0311
RBRK-20261007T13590852636,RBRK,2026-10-07,2026-10-07T10:10:19.039181-04:00,123.395,0.512
TSEM-20261007T14001193147,TSEM,2026-10-07,2026-10-07T10:10:19.039181-04:00,245.28,-0.1633
MSTR-20261007T14020173073,MSTR,2026-10-07,2026-10-07T10:10:19.039181-04:00,156.58,-0.2112
KLAC-20261007T14023432222,KLAC,2026-10-07,2026-10-07T10:10:19.039181-04:00,194.0547,-0.4013
APLD-20261007T14055810206,APLD,2026-10-07,2026-10-07T10:10:19.039181-04:00,24.255,-0.3517
PRIM-20261007T14070235974,PRIM,2026-10-07,2026-10-07T10:10:19.039181-04:00,80.8,-0.2606
TENB-20261007T14090689192,TENB,2026-10-07,2026-10-07T10:10:19.039181-04:00,38.475,0.039
CDNA-20261007T13361674905,CDNA,2026-10-07,2026-10-07T10:10:29.588194-04:00,63.32,0.1104
U-20261007T13430443233,U,2026-10-07,2026-10-07T10:10:29.588194-04:00,44.5577,0.1396
COHR-20261007T13571300497,COHR,2026-10-07,2026-10-07T10:10:29.588194-04:00,321.72,-0.0373
RBRK-20261007T13590852636,RBRK,2026-10-07,2026-10-07T10:10:29.588194-04:00,123.395,0.512
TSEM-20261007T14001193147,TSEM,2026-10-07,2026-10-07T10:10:29.588194-04:00,245.1,-0.0898
MSTR-20261007T14020173073,MSTR,2026-10-07,2026-10-07T10:10:29.588194-04:00,156.5,-0.16
KLAC-20261007T14023432222,KLAC,2026-10-07,2026-10-07T10:10:29.588194-04:00,194.34,-0.5489
APLD-20261007T14055810206,APLD,2026-10-07,2026-10-07T10:10:29.588194-04:00,24.2651,-0.3935
PRIM-20261007T14070235974,PRIM,2026-10-07,2026-10-07T10:10:29.588194-04:00,80.8,-0.2606
TENB-20261007T14090689192,TENB,2026-10-07,2026-10-07T10:10:29.588194-04:00,38.6372,-0.3824
CDNA-20261007T13361674905,CDNA,2026-10-07,2026-10-07T10:10:40.049946-04:00,63.236,0.2429
U-20261007T13430443233,U,2026-10-07,2026-10-07T10:10:40.049946-04:00,44.556,0.1434
COHR-20261007T13571300497,COHR,2026-10-07,2026-10-07T10:10:40.049946-04:00,321.5837,0.0051
RBRK-20261007T13590852636,RBRK,2026-10-07,2026-10-07T10:10:40.049946-04:00,123.34,0.5563
TSEM-20261007T14001193147,TSEM,2026-10-07,2026-10-07T10:10:40.049946-04:00,245.0915,-0.0864
MSTR-20261007T14020173073,MSTR,2026-10-07,2026-10-07T10:10:40.049946-04:00,156.265,-0.0096
KLAC-20261007T14023432222,KLAC,2026-10-07,2026-10-07T10:10:40.049946-04:00,194.2901,-0.5231
APLD-20261007T14055810206,APLD,2026-10-07,2026-10-07T10:10:40.049946-04:00,24.25,-0.331
PRIM-20261007T14070235974,PRIM,2026-10-07,2026-10-07T10:10:40.049946-04:00,80.76,-0.2109
TENB-20261007T14090689192,TENB,2026-10-07,2026-10-07T10:10:40.049946-04:00,38.435,0.1429
CDNA-20261007T13361674905,CDNA,2026-10-07,2026-10-07T10:10:50.688271-04:00,63.1205,0.4251
U-20261007T13430443233,U,2026-10-07,2026-10-07T10:10:50.688271-04:00,44.5304,0.2008
COHR-20261007T13571300497,COHR,2026-10-07,2026-10-07T10:10:50.688271-04:00,320.5319,0.3321
RBRK-20261007T13590852636,RBRK,2026-10-07,2026-10-07T10:10:50.688271-04:00,123.405,0.5039
TSEM-20261007T14001193147,TSEM,2026-10-07,2026-10-07T10:10:50.688271-04:00,245.22,-0.1388
MSTR-20261007T14020173073,MSTR,2026-10-07,2026-10-07T10:10:50.688271-04:00,156.32,-0.0448
APLD-20261007T14055810206,APLD,2026-10-07,2026-10-07T10:10:50.688271-04:00,24.25,-0.331
PRIM-20261007T14070235974,PRIM,2026-10-07,2026-10-07T10:10:50.688271-04:00,80.809,-0.2717
TENB-20261007T14090689192,TENB,2026-10-07,2026-10-07T10:10:50.688271-04:00,38.41,0.2078
CDNA-20261007T13361674905,CDNA,2026-10-07,2026-10-07T10:11:01.138775-04:00,63.1614,0.3606
U-20261007T13430443233,U,2026-10-07,2026-10-07T10:11:01.138775-04:00,44.49,0.2913
COHR-20261007T13571300497,COHR,2026-10-07,2026-10-07T10:11:01.138775-04:00,320.77,0.2581
RBRK-20261007T13590852636,RBRK,2026-10-07,2026-10-07T10:11:01.138775-04:00,123.43,0.4838
TSEM-20261007T14001193147,TSEM,2026-10-07,2026-10-07T10:11:01.138775-04:00,244.8371,0.0175
MSTR-20261007T14020173073,MSTR,2026-10-07,2026-10-07T10:11:01.138775-04:00,156.3929,-0.0915
APLD-20261007T14055810206,APLD,2026-10-07,2026-10-07T10:11:01.138775-04:00,24.255,-0.3517
PRIM-20261007T14070235974,PRIM,2026-10-07,2026-10-07T10:11:01.138775-04:00,80.7519,-0.2009
TENB-20261007T14090689192,TENB,2026-10-07,2026-10-07T10:11:01.138775-04:00,38.4111,0.205
CDNA-20261007T13361674905,CDNA,2026-10-07,2026-10-07T10:11:11.625977-04:00,63.2218,0.2653
U-20261007T13430443233,U,2026-10-07,2026-10-07T10:11:11.625977-04:00,44.5147,0.236
COHR-20261007T13571300497,COHR,2026-10-07,2026-10-07T10:11:11.625977-04:00,320.9,0.2177
RBRK-20261007T13590852636,RBRK,2026-10-07,2026-10-07T10:11:11.625977-04:00,123.63,0.3225
TSEM-20261007T14001193147,TSEM,2026-10-07,2026-10-07T10:11:11.625977-04:00,245.14,-0.1062
MSTR-20261007T14020173073,MSTR,2026-10-07,2026-10-07T10:11:11.625977-04:00,156.33,-0.0512
APLD-20261007T14055810206,APLD,2026-10-07,2026-10-07T10:11:11.625977-04:00,24.255,-0.3517
PRIM-20261007T14070235974,PRIM,2026-10-07,2026-10-07T10:11:11.625977-04:00,80.75,-0.1985
TENB-20261007T14090689192,TENB,2026-10-07,2026-10-07T10:11:11.625977-04:00,38.4525,0.0974
CDNA-20261007T13361674905,CDNA,2026-10-07,2026-10-07T10:11:21.978728-04:00,63.1001,0.4573
U-20261007T13430443233,U,2026-10-07,2026-10-07T10:11:21.978728-04:00,44.49,0.2913
COHR-20261007T13571300497,COHR,2026-10-07,2026-10-07T10:11:21.978728-04:00,320.6281,0.3022
RBRK-20261007T13590852636,RBRK,2026-10-07,2026-10-07T10:11:21.978728-04:00,123.525,0.4072
TSEM-20261007T14001193147,TSEM,2026-10-07,2026-10-07T10:11:21.978728-04:00,244.8558,0.0099
MSTR-20261007T14020173073,MSTR,2026-10-07,2026-10-07T10:11:21.978728-04:00,156.3,-0.032
APLD-20261007T14055810206,APLD,2026-10-07,2026-10-07T10:11:21.978728-04:00,24.255,-0.3517
PRIM-20261007T14070235974,PRIM,2026-10-07,2026-10-07T10:11:21.978728-04:00,80.7618,-0.2132
TENB-20261007T14090689192,TENB,2026-10-07,2026-10-07T10:11:21.978728-04:00,38.43,0.1559
CDNA-20261007T13361674905,CDNA,2026-10-07,2026-10-07T10:11:32.310956-04:00,63.22,0.2682
U-20261007T13430443233,U,2026-10-07,2026-10-07T10:11:32.310956-04:00,44.51,0.2465
COHR-20261007T13571300497,COHR,2026-10-07,2026-10-07T10:11:32.310956-04:00,320.37,0.3825
RBRK-20261007T13590852636,RBRK,2026-10-07,2026-10-07T10:11:32.310956-04:00,123.525,0.4072
TSEM-20261007T14001193147,TSEM,2026-10-07,2026-10-07T10:11:32.310956-04:00,244.68,0.0817
MSTR-20261007T14020173073,MSTR,2026-10-07,2026-10-07T10:11:32.310956-04:00,156.51,-0.1664
APLD-20261007T14055810206,APLD,2026-10-07,2026-10-07T10:11:32.310956-04:00,24.245,-0.3103
PRIM-20261007T14070235974,PRIM,2026-10-07,2026-10-07T10:11:32.310956-04:00,80.475,0.1427
TENB-20261007T14090689192,TENB,2026-10-07,2026-10-07T10:11:32.310956-04:00,38.45,0.1039
CDNA-20261007T13361674905,CDNA,2026-10-07,2026-10-07T10:11:42.648867-04:00,63.4488,-0.0928
U-20261007T13430443233,U,2026-10-07,2026-10-07T10:11:42.648867-04:00,44.5108,0.2447
COHR-20261007T13571300497,COHR,2026-10-07,2026-10-07T10:11:42.648867-04:00,320.1501,0.4508
RBRK-20261007T13590852636,RBRK,2026-10-07,2026-10-07T10:11:42.648867-04:00,123.32,0.5724
TSEM-20261007T14001193147,TSEM,2026-10-07,2026-10-07T10:11:42.648867-04:00,244.844,0.0147
MSTR-20261007T14020173073,MSTR,2026-10-07,2026-10-07T10:11:42.648867-04:00,156.5255,-0.1763
APLD-20261007T14055810206,APLD,2026-10-07,2026-10-07T10:11:42.648867-04:00,24.235,-0.2689
PRIM-20261007T14070235974,PRIM,2026-10-07,2026-10-07T10:11:42.648867-04:00,80.49,0.1241
TENB-20261007T14090689192,TENB,2026-10-07,2026-10-07T10:11:42.648867-04:00,38.5,-0.026
CDNA-20261007T13361674905,CDNA,2026-10-07,2026-10-07T10:11:52.929777-04:00,63.1876,0.3193
U-20261007T13430443233,U,2026-10-07,2026-10-07T10:11:52.929777-04:00,44.535,0.1905
COHR-20261007T13571300497,COHR,2026-10-07,2026-10-07T10:11:52.929777-04:00,320.34,0.3918
RBRK-20261007T13590852636,RBRK,2026-10-07,2026-10-07T10:11:52.929777-04:00,123.925,0.0847
TSEM-20261007T14001193147,TSEM,2026-10-07,2026-10-07T10:11:52.929777-04:00,244.9573,-0.0316
MSTR-20261007T14020173073,MSTR,2026-10-07,2026-10-07T10:11:52.929777-04:00,156.56,-0.1984
APLD-20261007T14055810206,APLD,2026-10-07,2026-10-07T10:11:52.929777-04:00,24.245,-0.3103
PRIM-20261007T14070235974,PRIM,2026-10-07,2026-10-07T10:11:52.929777-04:00,80.7995,-0.26
TENB-20261007T14090689192,TENB,2026-10-07,2026-10-07T10:11:52.929777-04:00,38.53,-0.1039
CDNA-20261007T13361674905,CDNA,2026-10-07,2026-10-07T10:12:03.362629-04:00,63.1748,0.3395
U-20261007T13430443233,U,2026-10-07,2026-10-07T10:12:03.362629-04:00,44.525,0.2129
COHR-20261007T13571300497,COHR,2026-10-07,2026-10-07T10:12:03.362629-04:00,320.613,0.3069
RBRK-20261007T13590852636,RBRK,2026-10-07,2026-10-07T10:12:03.362629-04:00,123.755,0.2217
TSEM-20261007T14001193147,TSEM,2026-10-07,2026-10-07T10:12:03.362629-04:00,245.52,-0.2614
MSTR-20261007T14020173073,MSTR,2026-10-07,2026-10-07T10:12:03.362629-04:00,156.6311,-0.2439
APLD-20261007T14055810206,APLD,2026-10-07,2026-10-07T10:12:03.362629-04:00,24.245,-0.3103
PRIM-20261007T14070235974,PRIM,2026-10-07,2026-10-07T10:12:03.362629-04:00,80.47,0.1489
TENB-20261007T14090689192,TENB,2026-10-07,2026-10-07T10:12:03.362629-04:00,38.54,-0.1299
CDNA-20261007T13361674905,CDNA,2026-10-07,2026-10-07T10:12:13.913249-04:00,63.33,0.0947
U-20261007T13430443233,U,2026-10-07,2026-10-07T10:12:13.913249-04:00,44.5189,0.2266
COHR-20261007T13571300497,COHR,2026-10-07,2026-10-07T10:12:13.913249-04:00,320.46,0.3545
TSEM-20261007T14001193147,TSEM,2026-10-07,2026-10-07T10:12:13.913249-04:00,245.075,-0.0796
MSTR-20261007T14020173073,MSTR,2026-10-07,2026-10-07T10:12:13.913249-04:00,156.55,-0.192
APLD-20261007T14055810206,APLD,2026-10-07,2026-10-07T10:12:13.913249-04:00,24.25,-0.331
PRIM-20261007T14070235974,PRIM,2026-10-07,2026-10-07T10:12:13.913249-04:00,80.48,0.1365
TENB-20261007T14090689192,TENB,2026-10-07,2026-10-07T10:12:13.913249-04:00,38.51,-0.052
CDNA-20261007T13361674905,CDNA,2026-10-07,2026-10-07T10:12:24.353538-04:00,63.24,0.2366
U-20261007T13430443233,U,2026-10-07,2026-10-07T10:12:24.353538-04:00,44.5,0.2689
COHR-20261007T13571300497,COHR,2026-10-07,2026-10-07T10:12:24.353538-04:00,320.5495,0.3266
TSEM-20261007T14001193147,TSEM,2026-10-07,2026-10-07T10:12:24.353538-04:00,244.969,-0.0363
MSTR-20261007T14020173073,MSTR,2026-10-07,2026-10-07T10:12:24.353538-04:00,156.5252,-0.1761
APLD-20261007T14055810206,APLD,2026-10-07,2026-10-07T10:12:24.353538-04:00,24.2472,-0.3194
PRIM-20261007T14070235974,PRIM,2026-10-07,2026-10-07T10:12:24.353538-04:00,80.81,-0.273
TENB-20261007T14090689192,TENB,2026-10-07,2026-10-07T10:12:24.353538-04:00,38.54,-0.1299
CDNA-20261007T13361674905,CDNA,2026-10-07,2026-10-07T10:12:34.615476-04:00,63.24,0.2366
U-20261007T13430443233,U,2026-10-07,2026-10-07T10:12:34.615476-04:00,44.5168,0.2313
COHR-20261007T13571300497,COHR,2026-10-07,2026-10-07T10:12:34.615476-04:00,320.5502,0.3264
TSEM-20261007T14001193147,TSEM,2026-10-07,2026-10-07T10:12:34.615476-04:00,244.9848,-0.0428
MSTR-20261007T14020173073,MSTR,2026-10-07,2026-10-07T10:12:34.615476-04:00,156.4499,-0.1279
APLD-20261007T14055810206,APLD,2026-10-07,2026-10-07T10:12:34.615476-04:00,24.245,-0.3103
PRIM-20261007T14070235974,PRIM,2026-10-07,2026-10-07T10:12:34.615476-04:00,80.7261,-0.1689
TENB-20261007T14090689192,TENB,2026-10-07,2026-10-07T10:12:34.615476-04:00,38.47,0.052
CDNA-20261007T13361674905,CDNA,2026-10-07,2026-10-07T10:12:44.897037-04:00,63.18,0.3313
U-20261007T13430443233,U,2026-10-07,2026-10-07T10:12:44.897037-04:00,44.465,0.3474
COHR-20261007T13571300497,COHR,2026-10-07,2026-10-07T10:12:44.897037-04:00,320.2943,0.406
TSEM-20261007T14001193147,TSEM,2026-10-07,2026-10-07T10:12:44.897037-04:00,245.07,-0.0776
MSTR-20261007T14020173073,MSTR,2026-10-07,2026-10-07T10:12:44.897037-04:00,156.39,-0.0896
APLD-20261007T14055810206,APLD,2026-10-07,2026-10-07T10:12:44.897037-04:00,24.225,-0.2276
PRIM-20261007T14070235974,PRIM,2026-10-07,2026-10-07T10:12:44.897037-04:00,80.85,-0.3226
TENB-20261007T14090689192,TENB,2026-10-07,2026-10-07T10:12:44.897037-04:00,38.52,-0.0779
CDNA-20261007T13361674905,CDNA,2026-10-07,2026-10-07T10:12:55.338003-04:00,63.1829,0.3267
U-20261007T13430443233,U,2026-10-07,2026-10-07T10:12:55.338003-04:00,44.5156,0.234
COHR-20261007T13571300497,COHR,2026-10-07,2026-10-07T10:12:55.338003-04:00,320.16,0.4478
TSEM-20261007T14001193147,TSEM,2026-10-07,2026-10-07T10:12:55.338003-04:00,245.135,-0.1041
MSTR-20261007T14020173073,MSTR,2026-10-07,2026-10-07T10:12:55.338003-04:00,156.365,-0.0736
APLD-20261007T14055810206,APLD,2026-10-07,2026-10-07T10:12:55.338003-04:00,24.21,-0.1655
PRIM-20261007T14070235974,PRIM,2026-10-07,2026-10-07T10:12:55.338003-04:00,80.745,-0.1923
TENB-20261007T14090689192,TENB,2026-10-07,2026-10-07T10:12:55.338003-04:00,38.52,-0.0779
CDNA-20261007T13361674905,CDNA,2026-10-07,2026-10-07T10:13:05.633946-04:00,63.22,0.2682
U-20261007T13430443233,U,2026-10-07,2026-10-07T10:13:05.633946-04:00,44.5152,0.2349
COHR-20261007T13571300497,COHR,2026-10-07,2026-10-07T10:13:05.633946-04:00,320.2575,0.4174
TSEM-20261007T14001193147,TSEM,2026-10-07,2026-10-07T10:13:05.633946-04:00,244.9958,-0.0473
MSTR-20261007T14020173073,MSTR,2026-10-07,2026-10-07T10:13:05.633946-04:00,156.375,-0.08
APLD-20261007T14055810206,APLD,2026-10-07,2026-10-07T10:13:05.633946-04:00,24.235,-0.2689
PRIM-20261007T14070235974,PRIM,2026-10-07,2026-10-07T10:13:05.633946-04:00,80.745,-0.1923
TENB-20261007T14090689192,TENB,2026-10-07,2026-10-07T10:13:05.633946-04:00,38.5561,-0.1717
CDNA-20261007T13361674905,CDNA,2026-10-07,2026-10-07T10:13:16.025674-04:00,63.12,0.4259
U-20261007T13430443233,U,2026-10-07,2026-10-07T10:13:16.025674-04:00,44.4756,0.3236
COHR-20261007T13571300497,COHR,2026-10-07,2026-10-07T10:13:16.025674-04:00,320.33,0.3949
MSTR-20261007T14020173073,MSTR,2026-10-07,2026-10-07T10:13:16.025674-04:00,156.37,-0.0768
APLD-20261007T14055810206,APLD,2026-10-07,2026-10-07T10:13:16.025674-04:00,24.24,-0.2896
PRIM-20261007T14070235974,PRIM,2026-10-07,2026-10-07T10:13:16.025674-04:00,80.85,-0.3226
TENB-20261007T14090689192,TENB,2026-10-07,2026-10-07T10:13:16.025674-04:00,38.57,-0.2078
CDNA-20261007T13361674905,CDNA,2026-10-07,2026-10-07T10:13:26.277892-04:00,63.17,0.3471
U-20261007T13430443233,U,2026-10-07,2026-10-07T10:13:26.277892-04:00,44.4853,0.3019
COHR-20261007T13571300497,COHR,2026-10-07,2026-10-07T10:13:26.277892-04:00,320.36,0.3856
MSTR-20261007T14020173073,MSTR,2026-10-07,2026-10-07T10:13:26.277892-04:00,156.31,-0.0384
APLD-20261007T14055810206,APLD,2026-10-07,2026-10-07T10:13:26.277892-04:00,24.255,-0.3517
PRIM-20261007T14070235974,PRIM,2026-10-07,2026-10-07T10:13:26.277892-04:00,80.7024,-0.1395
TENB-20261007T14090689192,TENB,2026-10-07,2026-10-07T10:13:26.277892-04:00,38.52,-0.0779
CDNA-20261007T13361674905,CDNA,2026-10-07,2026-10-07T10:13:36.501326-04:00,63.21,0.284
U-20261007T13430443233,U,2026-10-07,2026-10-07T10:13:36.501326-04:00,44.45,0.381
COHR-20261007T13571300497,COHR,2026-10-07,2026-10-07T10:13:36.501326-04:00,320.4099,0.3701
MSTR-20261007T14020173073,MSTR,2026-10-07,2026-10-07T10:13:36.501326-04:00,156.355,-0.0672
APLD-20261007T14055810206,APLD,2026-10-07,2026-10-07T10:13:36.501326-04:00,24.275,-0.4344
PRIM-20261007T14070235974,PRIM,2026-10-07,2026-10-07T10:13:36.501326-04:00,80.7024,-0.1395
TENB-20261007T14090689192,TENB,2026-10-07,2026-10-07T10:13:36.501326-04:00,38.53,-0.1039
CDNA-20261007T13361674905,CDNA,2026-10-07,2026-10-07T10:13:46.814893-04:00,63.34,0.0789
U-20261007T13430443233,U,2026-10-07,2026-10-07T10:13:46.814893-04:00,44.42,0.4482
COHR-20261007T13571300497,COHR,2026-10-07,2026-10-07T10:13:46.814893-04:00,319.885,0.5333
MSTR-20261007T14020173073,MSTR,2026-10-07,2026-10-07T10:13:46.814893-04:00,156.18,0.0448
APLD-20261007T14055810206,APLD,2026-10-07,2026-10-07T10:13:46.814893-04:00,24.2488,-0.326
PRIM-20261007T14070235974,PRIM,2026-10-07,2026-10-07T10:13:46.814893-04:00,80.7675,-0.2203
TENB-20261007T14090689192,TENB,2026-10-07,2026-10-07T10:13:46.814893-04:00,38.54,-0.1299
CDNA-20261007T13361674905,CDNA,2026-10-07,2026-10-07T10:13:57.034877-04:00,63.23,0.2524
U-20261007T13430443233,U,2026-10-07,2026-10-07T10:13:57.034877-04:00,44.5131,0.2396
COHR-20261007T13571300497,COHR,2026-10-07,2026-10-07T10:13:57.034877-04:00,319.835,0.5488
MSTR-20261007T14020173073,MSTR,2026-10-07,2026-10-07T10:13:57.034877-04:00,156.19,0.0384
APLD-20261007T14055810206,APLD,2026-10-07,2026-10-07T10:13:57.034877-04:00,24.2351,-0.2693
PRIM-20261007T14070235974,PRIM,2026-10-07,2026-10-07T10:13:57.034877-04:00,80.745,-0.1923
TENB-20261007T14090689192,TENB,2026-10-07,2026-10-07T10:13:57.034877-04:00,38.4963,-0.0164
CDNA-20261007T13361674905,CDNA,2026-10-07,2026-10-07T10:14:07.280983-04:00,63.335,0.0868
U-20261007T13430443233,U,2026-10-07,2026-10-07T10:14:07.280983-04:00,44.37,0.5603
COHR-20261007T13571300497,COHR,2026-10-07,2026-10-07T10:14:07.280983-04:00,319.67,0.6001
MSTR-20261007T14020173073,MSTR,2026-10-07,2026-10-07T10:14:07.280983-04:00,156.045,0.1312
APLD-20261007T14055810206,APLD,2026-10-07,2026-10-07T10:14:07.280983-04:00,24.2509,-0.3347
PRIM-20261007T14070235974,PRIM,2026-10-07,2026-10-07T10:14:07.280983-04:00,80.745,-0.1923
TENB-20261007T14090689192,TENB,2026-10-07,2026-10-07T10:14:07.280983-04:00,38.5453,-0.1437
CDNA-20261007T13361674905,CDNA,2026-10-07,2026-10-07T10:14:17.641955-04:00,63.4388,-0.077
U-20261007T13430443233,U,2026-10-07,2026-10-07T10:14:17.641955-04:00,44.4964,0.277
COHR-20261007T13571300497,COHR,2026-10-07,2026-10-07T10:14:17.641955-04:00,319.725,0.583
MSTR-20261007T14020173073,MSTR,2026-10-07,2026-10-07T10:14:17.641955-04:00,155.9,0.224
APLD-20261007T14055810206,APLD,2026-10-07,2026-10-07T10:14:17.641955-04:00,24.22,-0.2069
PRIM-20261007T14070235974,PRIM,2026-10-07,2026-10-07T10:14:17.641955-04:00,80.755,-0.2047
TENB-20261007T14090689192,TENB,2026-10-07,2026-10-07T10:14:17.641955-04:00,38.505,-0.039
CDNA-20261007T13361674905,CDNA,2026-10-07,2026-10-07T10:14:27.963651-04:00,63.35,0.0631
U-20261007T13430443233,U,2026-10-07,2026-10-07T10:14:27.963651-04:00,44.45,0.381
COHR-20261007T13571300497,COHR,2026-10-07,2026-10-07T10:14:27.963651-04:00,319.735,0.5799
MSTR-20261007T14020173073,MSTR,2026-10-07,2026-10-07T10:14:27.963651-04:00,155.92,0.2112
APLD-20261007T14055810206,APLD,2026-10-07,2026-10-07T10:14:27.963651-04:00,24.21,-0.1655
PRIM-20261007T14070235974,PRIM,2026-10-07,2026-10-07T10:14:27.963651-04:00,80.88,-0.3598
TENB-20261007T14090689192,TENB,2026-10-07,2026-10-07T10:14:27.963651-04:00,38.5304,-0.105
HUT-20261007T14140763403,HUT,2026-10-07,2026-10-07T10:14:27.963651-04:00,89.6301,-0.0113
CDNA-20261007T13361674905,CDNA,2026-10-07,2026-10-07T10:14:38.202545-04:00,63.24,0.2366
U-20261007T13430443233,U,2026-10-07,2026-10-07T10:14:38.202545-04:00,44.4958,0.2784
COHR-20261007T13571300497,COHR,2026-10-07,2026-10-07T10:14:38.202545-04:00,320.3372,0.3927
MSTR-20261007T14020173073,MSTR,2026-10-07,2026-10-07T10:14:38.202545-04:00,155.9,0.224
APLD-20261007T14055810206,APLD,2026-10-07,2026-10-07T10:14:38.202545-04:00,24.22,-0.2069
PRIM-20261007T14070235974,PRIM,2026-10-07,2026-10-07T10:14:38.202545-04:00,80.694,-0.129
TENB-20261007T14090689192,TENB,2026-10-07,2026-10-07T10:14:38.202545-04:00,38.51,-0.052
HUT-20261007T14140763403,HUT,2026-10-07,2026-10-07T10:14:38.202545-04:00,89.73,-0.1227
NXT-20261007T14141795435,NXT,2026-10-07,2026-10-07T10:14:38.202545-04:00,84.79,-0.2118
CDNA-20261007T13361674905,CDNA,2026-10-07,2026-10-07T10:14:48.440667-04:00,63.26,0.2051
U-20261007T13430443233,U,2026-10-07,2026-10-07T10:14:48.440667-04:00,44.44,0.4034
COHR-20261007T13571300497,COHR,2026-10-07,2026-10-07T10:14:48.440667-04:00,319.735,0.5799
MSTR-20261007T14020173073,MSTR,2026-10-07,2026-10-07T10:14:48.440667-04:00,155.9728,0.1774
APLD-20261007T14055810206,APLD,2026-10-07,2026-10-07T10:14:48.440667-04:00,24.22,-0.2069
PRIM-20261007T14070235974,PRIM,2026-10-07,2026-10-07T10:14:48.440667-04:00,80.8404,-0.3107
TENB-20261007T14090689192,TENB,2026-10-07,2026-10-07T10:14:48.440667-04:00,38.54,-0.1299
HUT-20261007T14140763403,HUT,2026-10-07,2026-10-07T10:14:48.440667-04:00,89.76,-0.1562
NXT-20261007T14141795435,NXT,2026-10-07,2026-10-07T10:14:48.440667-04:00,84.76,-0.2471
CDNA-20261007T13361674905,CDNA,2026-10-07,2026-10-07T10:14:58.752805-04:00,63.38,0.0158
U-20261007T13430443233,U,2026-10-07,2026-10-07T10:14:58.752805-04:00,44.47,0.3362
COHR-20261007T13571300497,COHR,2026-10-07,2026-10-07T10:14:58.752805-04:00,320.2677,0.4143
MSTR-20261007T14020173073,MSTR,2026-10-07,2026-10-07T10:14:58.752805-04:00,155.93,0.2048
APLD-20261007T14055810206,APLD,2026-10-07,2026-10-07T10:14:58.752805-04:00,24.225,-0.2276
PRIM-20261007T14070235974,PRIM,2026-10-07,2026-10-07T10:14:58.752805-04:00,80.7911,-0.2495
TENB-20261007T14090689192,TENB,2026-10-07,2026-10-07T10:14:58.752805-04:00,38.58,-0.2338
HUT-20261007T14140763403,HUT,2026-10-07,2026-10-07T10:14:58.752805-04:00,89.7588,-0.1549
NXT-20261007T14141795435,NXT,2026-10-07,2026-10-07T10:14:58.752805-04:00,84.8223,-0.1738
CDNA-20261007T13361674905,CDNA,2026-10-07,2026-10-07T10:15:08.993883-04:00,63.1764,0.337
U-20261007T13430443233,U,2026-10-07,2026-10-07T10:15:08.993883-04:00,44.475,0.325
COHR-20261007T13571300497,COHR,2026-10-07,2026-10-07T10:15:08.993883-04:00,319.65,0.6063
MSTR-20261007T14020173073,MSTR,2026-10-07,2026-10-07T10:15:08.993883-04:00,155.97,0.1792
APLD-20261007T14055810206,APLD,2026-10-07,2026-10-07T10:15:08.993883-04:00,24.215,-0.1862
PRIM-20261007T14070235974,PRIM,2026-10-07,2026-10-07T10:15:08.993883-04:00,80.8391,-0.3091
TENB-20261007T14090689192,TENB,2026-10-07,2026-10-07T10:15:08.993883-04:00,38.58,-0.2338
HUT-20261007T14140763403,HUT,2026-10-07,2026-10-07T10:15:08.993883-04:00,89.9189,-0.3335
NXT-20261007T14141795435,NXT,2026-10-07,2026-10-07T10:15:08.993883-04:00,84.84,-0.153
CDNA-20261007T13361674905,CDNA,2026-10-07,2026-10-07T10:15:19.744942-04:00,63.31,0.1262
U-20261007T13430443233,U,2026-10-07,2026-10-07T10:15:19.744942-04:00,44.455,0.3698
COHR-20261007T13571300497,COHR,2026-10-07,2026-10-07T10:15:19.744942-04:00,319.48,0.6592
MSTR-20261007T14020173073,MSTR,2026-10-07,2026-10-07T10:15:19.744942-04:00,155.75,0.32
APLD-20261007T14055810206,APLD,2026-10-07,2026-10-07T10:15:19.744942-04:00,24.1977,-0.1146
PRIM-20261007T14070235974,PRIM,2026-10-07,2026-10-07T10:15:19.744942-04:00,80.76,-0.2109
TENB-20261007T14090689192,TENB,2026-10-07,2026-10-07T10:15:19.744942-04:00,38.57,-0.2078
HUT-20261007T14140763403,HUT,2026-10-07,2026-10-07T10:15:19.744942-04:00,89.74,-0.1339
NXT-20261007T14141795435,NXT,2026-10-07,2026-10-07T10:15:19.744942-04:00,84.81,-0.1883
CDNA-20261007T13361674905,CDNA,2026-10-07,2026-10-07T10:15:30.326531-04:00,63.3373,0.0831
U-20261007T13430443233,U,2026-10-07,2026-10-07T10:15:30.326531-04:00,44.4601,0.3584
COHR-20261007T13571300497,COHR,2026-10-07,2026-10-07T10:15:30.326531-04:00,319.42,0.6779
MSTR-20261007T14020173073,MSTR,2026-10-07,2026-10-07T10:15:30.326531-04:00,155.9913,0.1656
APLD-20261007T14055810206,APLD,2026-10-07,2026-10-07T10:15:30.326531-04:00,24.205,-0.1448
PRIM-20261007T14070235974,PRIM,2026-10-07,2026-10-07T10:15:30.326531-04:00,80.76,-0.2109
TENB-20261007T14090689192,TENB,2026-10-07,2026-10-07T10:15:30.326531-04:00,38.5029,-0.0335
HUT-20261007T14140763403,HUT,2026-10-07,2026-10-07T10:15:30.326531-04:00,89.67,-0.0558
NXT-20261007T14141795435,NXT,2026-10-07,2026-10-07T10:15:30.326531-04:00,84.82,-0.1765
CDNA-20261007T13361674905,CDNA,2026-10-07,2026-10-07T10:15:40.866611-04:00,63.375,0.0237
U-20261007T13430443233,U,2026-10-07,2026-10-07T10:15:40.866611-04:00,44.47,0.3362
COHR-20261007T13571300497,COHR,2026-10-07,2026-10-07T10:15:40.866611-04:00,319.41,0.681
MSTR-20261007T14020173073,MSTR,2026-10-07,2026-10-07T10:15:40.866611-04:00,155.65,0.384
APLD-20261007T14055810206,APLD,2026-10-07,2026-10-07T10:15:40.866611-04:00,24.175,-0.0207
PRIM-20261007T14070235974,PRIM,2026-10-07,2026-10-07T10:15:40.866611-04:00,80.75,-0.1985
TENB-20261007T14090689192,TENB,2026-10-07,2026-10-07T10:15:40.866611-04:00,38.5988,-0.2827
HUT-20261007T14140763403,HUT,2026-10-07,2026-10-07T10:15:40.866611-04:00,89.5105,0.1222
NXT-20261007T14141795435,NXT,2026-10-07,2026-10-07T10:15:40.866611-04:00,84.8112,-0.1869
CDNA-20261007T13361674905,CDNA,2026-10-07,2026-10-07T10:15:51.311861-04:00,63.1746,0.3398
U-20261007T13430443233,U,2026-10-07,2026-10-07T10:15:51.311861-04:00,44.4576,0.364
COHR-20261007T13571300497,COHR,2026-10-07,2026-10-07T10:15:51.311861-04:00,319.575,0.6297
MSTR-20261007T14020173073,MSTR,2026-10-07,2026-10-07T10:15:51.311861-04:00,155.6,0.416
APLD-20261007T14055810206,APLD,2026-10-07,2026-10-07T10:15:51.311861-04:00,24.17,-0.0
PRIM-20261007T14070235974,PRIM,2026-10-07,2026-10-07T10:15:51.311861-04:00,80.75,-0.1985
TENB-20261007T14090689192,TENB,2026-10-07,2026-10-07T10:15:51.311861-04:00,38.62,-0.3378
HUT-20261007T14140763403,HUT,2026-10-07,2026-10-07T10:15:51.311861-04:00,89.8962,-0.3082
NXT-20261007T14141795435,NXT,2026-10-07,2026-10-07T10:15:51.311861-04:00,84.8204,-0.1761
CDNA-20261007T13361674905,CDNA,2026-10-07,2026-10-07T10:16:01.788574-04:00,63.455,-0.1025
U-20261007T13430443233,U,2026-10-07,2026-10-07T10:16:01.788574-04:00,44.4567,0.366
COHR-20261007T13571300497,COHR,2026-10-07,2026-10-07T10:16:01.788574-04:00,319.28,0.7214
MSTR-20261007T14020173073,MSTR,2026-10-07,2026-10-07T10:16:01.788574-04:00,156.0568,0.1236
APLD-20261007T14055810206,APLD,2026-10-07,2026-10-07T10:16:01.788574-04:00,24.165,0.0207
PRIM-20261007T14070235974,PRIM,2026-10-07,2026-10-07T10:16:01.788574-04:00,80.705,-0.1427
TENB-20261007T14090689192,TENB,2026-10-07,2026-10-07T10:16:01.788574-04:00,38.5265,-0.0948
HUT-20261007T14140763403,HUT,2026-10-07,2026-10-07T10:16:01.788574-04:00,89.52,0.1116
NXT-20261007T14141795435,NXT,2026-10-07,2026-10-07T10:16:01.788574-04:00,84.7303,-0.2821
CDNA-20261007T13361674905,CDNA,2026-10-07,2026-10-07T10:16:12.416806-04:00,63.465,-0.1183
U-20261007T13430443233,U,2026-10-07,2026-10-07T10:16:12.416806-04:00,44.4725,0.3306
COHR-20261007T13571300497,COHR,2026-10-07,2026-10-07T10:16:12.416806-04:00,319.15,0.7618
MSTR-20261007T14020173073,MSTR,2026-10-07,2026-10-07T10:16:12.416806-04:00,155.5,0.48
APLD-20261007T14055810206,APLD,2026-10-07,2026-10-07T10:16:12.416806-04:00,24.165,0.0207
PRIM-20261007T14070235974,PRIM,2026-10-07,2026-10-07T10:16:12.416806-04:00,80.705,-0.1427
TENB-20261007T14090689192,TENB,2026-10-07,2026-10-07T10:16:12.416806-04:00,38.64,-0.3897
HUT-20261007T14140763403,HUT,2026-10-07,2026-10-07T10:16:12.416806-04:00,89.51,0.1227
NXT-20261007T14141795435,NXT,2026-10-07,2026-10-07T10:16:12.416806-04:00,84.725,-0.2883
CDNA-20261007T13361674905,CDNA,2026-10-07,2026-10-07T10:16:22.889211-04:00,63.465,-0.1183
U-20261007T13430443233,U,2026-10-07,2026-10-07T10:16:22.889211-04:00,44.4391,0.4054
COHR-20261007T13571300497,COHR,2026-10-07,2026-10-07T10:16:22.889211-04:00,319.5187,0.6472
MSTR-20261007T14020173073,MSTR,2026-10-07,2026-10-07T10:16:22.889211-04:00,155.55,0.448
APLD-20261007T14055810206,APLD,2026-10-07,2026-10-07T10:16:22.889211-04:00,24.165,0.0207
PRIM-20261007T14070235974,PRIM,2026-10-07,2026-10-07T10:16:22.889211-04:00,80.67,-0.0993
TENB-20261007T14090689192,TENB,2026-10-07,2026-10-07T10:16:22.889211-04:00,38.511,-0.0546
HUT-20261007T14140763403,HUT,2026-10-07,2026-10-07T10:16:22.889211-04:00,89.545,0.0837
NXT-20261007T14141795435,NXT,2026-10-07,2026-10-07T10:16:22.889211-04:00,84.74,-0.2707
CDNA-20261007T13361674905,CDNA,2026-10-07,2026-10-07T10:16:33.394956-04:00,63.4271,-0.0585
U-20261007T13430443233,U,2026-10-07,2026-10-07T10:16:33.394956-04:00,44.451,0.3788
COHR-20261007T13571300497,COHR,2026-10-07,2026-10-07T10:16:33.394956-04:00,319.8751,0.5363
MSTR-20261007T14020173073,MSTR,2026-10-07,2026-10-07T10:16:33.394956-04:00,155.3401,0.5823
APLD-20261007T14055810206,APLD,2026-10-07,2026-10-07T10:16:33.394956-04:00,24.165,0.0207
PRIM-20261007T14070235974,PRIM,2026-10-07,2026-10-07T10:16:33.394956-04:00,80.65,-0.0745
TENB-20261007T14090689192,TENB,2026-10-07,2026-10-07T10:16:33.394956-04:00,38.745,-0.6625
HUT-20261007T14140763403,HUT,2026-10-07,2026-10-07T10:16:33.394956-04:00,89.6403,-0.0227
NXT-20261007T14141795435,NXT,2026-10-07,2026-10-07T10:16:33.394956-04:00,84.7433,-0.2668
CDNA-20261007T13361674905,CDNA,2026-10-07,2026-10-07T10:16:43.904723-04:00,63.47,-0.1262
U-20261007T13430443233,U,2026-10-07,2026-10-07T10:16:43.904723-04:00,44.465,0.3474
COHR-20261007T13571300497,COHR,2026-10-07,2026-10-07T10:16:43.904723-04:00,319.445,0.6701
MSTR-20261007T14020173073,MSTR,2026-10-07,2026-10-07T10:16:43.904723-04:00,155.425,0.528
APLD-20261007T14055810206,APLD,2026-10-07,2026-10-07T10:16:43.904723-04:00,24.17,-0.0
PRIM-20261007T14070235974,PRIM,2026-10-07,2026-10-07T10:16:43.904723-04:00,80.7819,-0.2381
TENB-20261007T14090689192,TENB,2026-10-07,2026-10-07T10:16:43.904723-04:00,38.735,-0.6365
HUT-20261007T14140763403,HUT,2026-10-07,2026-10-07T10:16:43.904723-04:00,89.5158,0.1163
NXT-20261007T14141795435,NXT,2026-10-07,2026-10-07T10:16:43.904723-04:00,84.74,-0.2707
CDNA-20261007T13361674905,CDNA,2026-10-07,2026-10-07T10:16:54.260214-04:00,63.47,-0.1262
U-20261007T13430443233,U,2026-10-07,2026-10-07T10:16:54.260214-04:00,44.4481,0.3853
COHR-20261007T13571300497,COHR,2026-10-07,2026-10-07T10:16:54.260214-04:00,319.35,0.6996
MSTR-20261007T14020173073,MSTR,2026-10-07,2026-10-07T10:16:54.260214-04:00,155.49,0.4864
APLD-20261007T14055810206,APLD,2026-10-07,2026-10-07T10:16:54.260214-04:00,24.2174,-0.1961
PRIM-20261007T14070235974,PRIM,2026-10-07,2026-10-07T10:16:54.260214-04:00,80.535,0.0682
TENB-20261007T14090689192,TENB,2026-10-07,2026-10-07T10:16:54.260214-04:00,38.74,-0.6495
HUT-20261007T14140763403,HUT,2026-10-07,2026-10-07T10:16:54.260214-04:00,89.485,0.1506
NXT-20261007T14141795435,NXT,2026-10-07,2026-10-07T10:16:54.260214-04:00,84.735,-0.2766
CDNA-20261007T13361674905,CDNA,2026-10-07,2026-10-07T10:17:04.621848-04:00,63.3879,0.0033
U-20261007T13430443233,U,2026-10-07,2026-10-07T10:17:04.621848-04:00,44.4893,0.2929
COHR-20261007T13571300497,COHR,2026-10-07,2026-10-07T10:17:04.621848-04:00,319.335,0.7043
MSTR-20261007T14020173073,MSTR,2026-10-07,2026-10-07T10:17:04.621848-04:00,155.58,0.4288
APLD-20261007T14055810206,APLD,2026-10-07,2026-10-07T10:17:04.621848-04:00,24.165,0.0207
PRIM-20261007T14070235974,PRIM,2026-10-07,2026-10-07T10:17:04.621848-04:00,80.56,0.0372
TENB-20261007T14090689192,TENB,2026-10-07,2026-10-07T10:17:04.621848-04:00,38.7425,-0.656
HUT-20261007T14140763403,HUT,2026-10-07,2026-10-07T10:17:04.621848-04:00,89.49,0.1451
NXT-20261007T14141795435,NXT,2026-10-07,2026-10-07T10:17:04.621848-04:00,84.735,-0.2766
CDNA-20261007T13361674905,CDNA,2026-10-07,2026-10-07T10:17:15.166464-04:00,63.469,-0.1246
U-20261007T13430443233,U,2026-10-07,2026-10-07T10:17:15.166464-04:00,44.4424,0.398
COHR-20261007T13571300497,COHR,2026-10-07,2026-10-07T10:17:15.166464-04:00,319.5,0.653
MSTR-20261007T14020173073,MSTR,2026-10-07,2026-10-07T10:17:15.166464-04:00,155.755,0.3168
APLD-20261007T14055810206,APLD,2026-10-07,2026-10-07T10:17:15.166464-04:00,24.178,-0.0331
PRIM-20261007T14070235974,PRIM,2026-10-07,2026-10-07T10:17:15.166464-04:00,80.5,0.1117
HUT-20261007T14140763403,HUT,2026-10-07,2026-10-07T10:17:15.166464-04:00,89.495,0.1395
NXT-20261007T14141795435,NXT,2026-10-07,2026-10-07T10:17:15.166464-04:00,84.735,-0.2766
CDNA-20261007T13361674905,CDNA,2026-10-07,2026-10-07T10:17:25.475304-04:00,63.4,-0.0158
U-20261007T13430443233,U,2026-10-07,2026-10-07T10:17:25.475304-04:00,44.52,0.2241
COHR-20261007T13571300497,COHR,2026-10-07,2026-10-07T10:17:25.475304-04:00,319.655,0.6048
MSTR-20261007T14020173073,MSTR,2026-10-07,2026-10-07T10:17:25.475304-04:00,155.7651,0.3103
APLD-20261007T14055810206,APLD,2026-10-07,2026-10-07T10:17:25.475304-04:00,24.16,0.0414
PRIM-20261007T14070235974,PRIM,2026-10-07,2026-10-07T10:17:25.475304-04:00,80.49,0.1241
HUT-20261007T14140763403,HUT,2026-10-07,2026-10-07T10:17:25.475304-04:00,89.51,0.1227
NXT-20261007T14141795435,NXT,2026-10-07,2026-10-07T10:17:25.475304-04:00,84.7141,-0.3012
CDNA-20261007T13361674905,CDNA,2026-10-07,2026-10-07T10:17:35.738408-04:00,63.445,-0.0868
U-20261007T13430443233,U,2026-10-07,2026-10-07T10:17:35.738408-04:00,44.493,0.2846
COHR-20261007T13571300497,COHR,2026-10-07,2026-10-07T10:17:35.738408-04:00,319.575,0.6297
MSTR-20261007T14020173073,MSTR,2026-10-07,2026-10-07T10:17:35.738408-04:00,155.82,0.2752
APLD-20261007T14055810206,APLD,2026-10-07,2026-10-07T10:17:35.738408-04:00,24.16,0.0414
PRIM-20261007T14070235974,PRIM,2026-10-07,2026-10-07T10:17:35.738408-04:00,80.5,0.1117
HUT-20261007T14140763403,HUT,2026-10-07,2026-10-07T10:17:35.738408-04:00,89.6807,-0.0677
NXT-20261007T14141795435,NXT,2026-10-07,2026-10-07T10:17:35.738408-04:00,84.745,-0.2648
CDNA-20261007T13361674905,CDNA,2026-10-07,2026-10-07T10:17:46.162236-04:00,63.44,-0.0789
U-20261007T13430443233,U,2026-10-07,2026-10-07T10:17:46.162236-04:00,44.4477,0.3861
COHR-20261007T13571300497,COHR,2026-10-07,2026-10-07T10:17:46.162236-04:00,319.95,0.5131
MSTR-20261007T14020173073,MSTR,2026-10-07,2026-10-07T10:17:46.162236-04:00,155.6699,0.3713
APLD-20261007T14055810206,APLD,2026-10-07,2026-10-07T10:17:46.162236-04:00,24.1623,0.0319
PRIM-20261007T14070235974,PRIM,2026-10-07,2026-10-07T10:17:46.162236-04:00,80.54,0.062
HUT-20261007T14140763403,HUT,2026-10-07,2026-10-07T10:17:46.162236-04:00,89.49,0.1451
NXT-20261007T14141795435,NXT,2026-10-07,2026-10-07T10:17:46.162236-04:00,84.731,-0.2813
CDNA-20261007T13361674905,CDNA,2026-10-07,2026-10-07T10:17:56.460761-04:00,63.4434,-0.0842
U-20261007T13430443233,U,2026-10-07,2026-10-07T10:17:56.460761-04:00,44.4961,0.2777
COHR-20261007T13571300497,COHR,2026-10-07,2026-10-07T10:17:56.460761-04:00,320.31,0.4011
MSTR-20261007T14020173073,MSTR,2026-10-07,2026-10-07T10:17:56.460761-04:00,155.71,0.3456
APLD-20261007T14055810206,APLD,2026-10-07,2026-10-07T10:17:56.460761-04:00,24.16,0.0414
PRIM-20261007T14070235974,PRIM,2026-10-07,2026-10-07T10:17:56.460761-04:00,80.46,0.1613
HUT-20261007T14140763403,HUT,2026-10-07,2026-10-07T10:17:56.460761-04:00,89.43,0.212
NXT-20261007T14141795435,NXT,2026-10-07,2026-10-07T10:17:56.460761-04:00,84.86,-0.1295
RBRK-20261007T14173616157,RBRK,2026-10-07,2026-10-07T10:17:56.460761-04:00,124.255,-0.0362
CDNA-20261007T13361674905,CDNA,2026-10-07,2026-10-07T10:18:06.678606-04:00,63.435,-0.071
U-20261007T13430443233,U,2026-10-07,2026-10-07T10:18:06.678606-04:00,44.495,0.2801
COHR-20261007T13571300497,COHR,2026-10-07,2026-10-07T10:18:06.678606-04:00,320.5347,0.3313
MSTR-20261007T14020173073,MSTR,2026-10-07,2026-10-07T10:18:06.678606-04:00,155.69,0.3584
APLD-20261007T14055810206,APLD,2026-10-07,2026-10-07T10:18:06.678606-04:00,24.125,0.1862
PRIM-20261007T14070235974,PRIM,2026-10-07,2026-10-07T10:18:06.678606-04:00,80.69,-0.1241
HUT-20261007T14140763403,HUT,2026-10-07,2026-10-07T10:18:06.678606-04:00,89.23,0.4352
NXT-20261007T14141795435,NXT,2026-10-07,2026-10-07T10:18:06.678606-04:00,84.7854,-0.2173
RBRK-20261007T14173616157,RBRK,2026-10-07,2026-10-07T10:18:06.678606-04:00,124.255,-0.0362
CDNA-20261007T13361674905,CDNA,2026-10-07,2026-10-07T10:18:16.946501-04:00,63.4387,-0.0768
U-20261007T13430443233,U,2026-10-07,2026-10-07T10:18:16.946501-04:00,44.4491,0.383
COHR-20261007T13571300497,COHR,2026-10-07,2026-10-07T10:18:16.946501-04:00,320.44,0.3607
MSTR-20261007T14020173073,MSTR,2026-10-07,2026-10-07T10:18:16.946501-04:00,155.5077,0.4751
APLD-20261007T14055810206,APLD,2026-10-07,2026-10-07T10:18:16.946501-04:00,24.125,0.1862
PRIM-20261007T14070235974,PRIM,2026-10-07,2026-10-07T10:18:16.946501-04:00,80.67,-0.0993
HUT-20261007T14140763403,HUT,2026-10-07,2026-10-07T10:18:16.946501-04:00,89.23,0.4352
NXT-20261007T14141795435,NXT,2026-10-07,2026-10-07T10:18:16.946501-04:00,84.94,-0.0353
RBRK-20261007T14173616157,RBRK,2026-10-07,2026-10-07T10:18:16.946501-04:00,123.8032,-0.3997
CDNA-20261007T13361674905,CDNA,2026-10-07,2026-10-07T10:18:27.109189-04:00,63.38,0.0158
U-20261007T13430443233,U,2026-10-07,2026-10-07T10:18:27.109189-04:00,44.4852,0.3021
COHR-20261007T13571300497,COHR,2026-10-07,2026-10-07T10:18:27.109189-04:00,320.45,0.3576
MSTR-20261007T14020173073,MSTR,2026-10-07,2026-10-07T10:18:27.109189-04:00,155.61,0.4096
APLD-20261007T14055810206,APLD,2026-10-07,2026-10-07T10:18:27.109189-04:00,24.145,0.1034
PRIM-20261007T14070235974,PRIM,2026-10-07,2026-10-07T10:18:27.109189-04:00,80.66,-0.0869
HUT-20261007T14140763403,HUT,2026-10-07,2026-10-07T10:18:27.109189-04:00,89.315,0.3403
NXT-20261007T14141795435,NXT,2026-10-07,2026-10-07T10:18:27.109189-04:00,85.005,0.0412
RBRK-20261007T14173616157,RBRK,2026-10-07,2026-10-07T10:18:27.109189-04:00,124.165,-0.1086
CDNA-20261007T13361674905,CDNA,2026-10-07,2026-10-07T10:18:37.295356-04:00,63.38,0.0158
U-20261007T13430443233,U,2026-10-07,2026-10-07T10:18:37.295356-04:00,44.4482,0.385
COHR-20261007T13571300497,COHR,2026-10-07,2026-10-07T10:18:37.295356-04:00,320.6,0.3109
MSTR-20261007T14020173073,MSTR,2026-10-07,2026-10-07T10:18:37.295356-04:00,155.53,0.4608
APLD-20261007T14055810206,APLD,2026-10-07,2026-10-07T10:18:37.295356-04:00,24.145,0.1034
PRIM-20261007T14070235974,PRIM,2026-10-07,2026-10-07T10:18:37.295356-04:00,80.68,-0.1117
HUT-20261007T14140763403,HUT,2026-10-07,2026-10-07T10:18:37.295356-04:00,89.31,0.3459
NXT-20261007T14141795435,NXT,2026-10-07,2026-10-07T10:18:37.295356-04:00,85.01,0.0471
RBRK-20261007T14173616157,RBRK,2026-10-07,2026-10-07T10:18:37.295356-04:00,124.165,-0.1086
CDNA-20261007T13361674905,CDNA,2026-10-07,2026-10-07T10:18:47.734191-04:00,63.39,-0.0
U-20261007T13430443233,U,2026-10-07,2026-10-07T10:18:47.734191-04:00,44.5,0.2689
COHR-20261007T13571300497,COHR,2026-10-07,2026-10-07T10:18:47.734191-04:00,320.47,0.3514
MSTR-20261007T14020173073,MSTR,2026-10-07,2026-10-07T10:18:47.734191-04:00,155.54,0.4544
APLD-20261007T14055810206,APLD,2026-10-07,2026-10-07T10:18:47.734191-04:00,24.155,0.0621
PRIM-20261007T14070235974,PRIM,2026-10-07,2026-10-07T10:18:47.734191-04:00,80.7125,-0.152
HUT-20261007T14140763403,HUT,2026-10-07,2026-10-07T10:18:47.734191-04:00,89.35,0.3013
NXT-20261007T14141795435,NXT,2026-10-07,2026-10-07T10:18:47.734191-04:00,84.98,0.0118
RBRK-20261007T14173616157,RBRK,2026-10-07,2026-10-07T10:18:47.734191-04:00,124.16,-0.1126
CDNA-20261007T13361674905,CDNA,2026-10-07,2026-10-07T10:18:57.965403-04:00,63.33,0.0947
U-20261007T13430443233,U,2026-10-07,2026-10-07T10:18:57.965403-04:00,44.49,0.2913
COHR-20261007T13571300497,COHR,2026-10-07,2026-10-07T10:18:57.965403-04:00,320.415,0.3685
MSTR-20261007T14020173073,MSTR,2026-10-07,2026-10-07T10:18:57.965403-04:00,155.5728,0.4334
APLD-20261007T14055810206,APLD,2026-10-07,2026-10-07T10:18:57.965403-04:00,24.14,0.1241
PRIM-20261007T14070235974,PRIM,2026-10-07,2026-10-07T10:18:57.965403-04:00,80.6505,-0.0751
HUT-20261007T14140763403,HUT,2026-10-07,2026-10-07T10:18:57.965403-04:00,89.374,0.2745
NXT-20261007T14141795435,NXT,2026-10-07,2026-10-07T10:18:57.965403-04:00,85.08,0.1295
RBRK-20261007T14173616157,RBRK,2026-10-07,2026-10-07T10:18:57.965403-04:00,124.25,-0.0402
CDNA-20261007T13361674905,CDNA,2026-10-07,2026-10-07T10:19:08.125166-04:00,63.41,-0.0316
U-20261007T13430443233,U,2026-10-07,2026-10-07T10:19:08.125166-04:00,44.525,0.2129
COHR-20261007T13571300497,COHR,2026-10-07,2026-10-07T10:19:08.125166-04:00,320.17,0.4447
MSTR-20261007T14020173073,MSTR,2026-10-07,2026-10-07T10:19:08.125166-04:00,155.61,0.4096
APLD-20261007T14055810206,APLD,2026-10-07,2026-10-07T10:19:08.125166-04:00,24.145,0.1034
PRIM-20261007T14070235974,PRIM,2026-10-07,2026-10-07T10:19:08.125166-04:00,80.6515,-0.0763
HUT-20261007T14140763403,HUT,2026-10-07,2026-10-07T10:19:08.125166-04:00,89.32,0.3347
NXT-20261007T14141795435,NXT,2026-10-07,2026-10-07T10:19:08.125166-04:00,84.9917,0.0255
RBRK-20261007T14173616157,RBRK,2026-10-07,2026-10-07T10:19:08.125166-04:00,124.3,0.0
CDNA-20261007T13361674905,CDNA,2026-10-07,2026-10-07T10:19:18.406236-04:00,63.41,-0.0316
U-20261007T13430443233,U,2026-10-07,2026-10-07T10:19:18.406236-04:00,44.4928,0.2851
COHR-20261007T13571300497,COHR,2026-10-07,2026-10-07T10:19:18.406236-04:00,320.255,0.4182
MSTR-20261007T14020173073,MSTR,2026-10-07,2026-10-07T10:19:18.406236-04:00,155.64,0.3904
APLD-20261007T14055810206,APLD,2026-10-07,2026-10-07T10:19:18.406236-04:00,24.145,0.1034
PRIM-20261007T14070235974,PRIM,2026-10-07,2026-10-07T10:19:18.406236-04:00,80.66,-0.0869
HUT-20261007T14140763403,HUT,2026-10-07,2026-10-07T10:19:18.406236-04:00,89.32,0.3347
NXT-20261007T14141795435,NXT,2026-10-07,2026-10-07T10:19:18.406236-04:00,85.11,0.1648
RBRK-20261007T14173616157,RBRK,2026-10-07,2026-10-07T10:19:18.406236-04:00,124.155,-0.1167
CDNA-20261007T13361674905,CDNA,2026-10-07,2026-10-07T10:19:28.674595-04:00,63.41,-0.0316
U-20261007T13430443233,U,2026-10-07,2026-10-07T10:19:28.674595-04:00,44.52,0.2241
COHR-20261007T13571300497,COHR,2026-10-07,2026-10-07T10:19:28.674595-04:00,320.24,0.4229
MSTR-20261007T14020173073,MSTR,2026-10-07,2026-10-07T10:19:28.674595-04:00,155.545,0.4512
APLD-20261007T14055810206,APLD,2026-10-07,2026-10-07T10:19:28.674595-04:00,24.145,0.1034
PRIM-20261007T14070235974,PRIM,2026-10-07,2026-10-07T10:19:28.674595-04:00,80.61,-0.0248
HUT-20261007T14140763403,HUT,2026-10-07,2026-10-07T10:19:28.674595-04:00,89.3666,0.2827
NXT-20261007T14141795435,NXT,2026-10-07,2026-10-07T10:19:28.674595-04:00,85.0201,0.059
RBRK-20261007T14173616157,RBRK,2026-10-07,2026-10-07T10:19:28.674595-04:00,124.3,0.0
CDNA-20261007T13361674905,CDNA,2026-10-07,2026-10-07T10:19:38.880761-04:00,63.4242,-0.054
U-20261007T13430443233,U,2026-10-07,2026-10-07T10:19:38.880761-04:00,44.535,0.1905
COHR-20261007T13571300497,COHR,2026-10-07,2026-10-07T10:19:38.880761-04:00,320.37,0.3825
MSTR-20261007T14020173073,MSTR,2026-10-07,2026-10-07T10:19:38.880761-04:00,155.52,0.4672
APLD-20261007T14055810206,APLD,2026-10-07,2026-10-07T10:19:38.880761-04:00,24.146,0.0993
PRIM-20261007T14070235974,PRIM,2026-10-07,2026-10-07T10:19:38.880761-04:00,80.6739,-0.1041
HUT-20261007T14140763403,HUT,2026-10-07,2026-10-07T10:19:38.880761-04:00,89.3,0.3571
NXT-20261007T14141795435,NXT,2026-10-07,2026-10-07T10:19:38.880761-04:00,84.9705,0.0006
RBRK-20261007T14173616157,RBRK,2026-10-07,2026-10-07T10:19:38.880761-04:00,124.16,-0.1126
CDNA-20261007T13361674905,CDNA,2026-10-07,2026-10-07T10:19:49.035981-04:00,63.665,-0.4338
U-20261007T13430443233,U,2026-10-07,2026-10-07T10:19:49.035981-04:00,44.5363,0.1876
COHR-20261007T13571300497,COHR,2026-10-07,2026-10-07T10:19:49.035981-04:00,320.6673,0.29
MSTR-20261007T14020173073,MSTR,2026-10-07,2026-10-07T10:19:49.035981-04:00,155.585,0.4256
APLD-20261007T14055810206,APLD,2026-10-07,2026-10-07T10:19:49.035981-04:00,24.15,0.0827
PRIM-20261007T14070235974,PRIM,2026-10-07,2026-10-07T10:19:49.035981-04:00,80.705,-0.1427
HUT-20261007T14140763403,HUT,2026-10-07,2026-10-07T10:19:49.035981-04:00,89.355,0.2957
NXT-20261007T14141795435,NXT,2026-10-07,2026-10-07T10:19:49.035981-04:00,84.7905,-0.2113
RBRK-20261007T14173616157,RBRK,2026-10-07,2026-10-07T10:19:49.035981-04:00,124.165,-0.1086
CDNA-20261007T13361674905,CDNA,2026-10-07,2026-10-07T10:19:59.256659-04:00,63.65,-0.4102
U-20261007T13430443233,U,2026-10-07,2026-10-07T10:19:59.256659-04:00,44.4897,0.292
COHR-20261007T13571300497,COHR,2026-10-07,2026-10-07T10:19:59.256659-04:00,320.8,0.2488
MSTR-20261007T14020173073,MSTR,2026-10-07,2026-10-07T10:19:59.256659-04:00,155.58,0.4288
APLD-20261007T14055810206,APLD,2026-10-07,2026-10-07T10:19:59.256659-04:00,24.15,0.0827
PRIM-20261007T14070235974,PRIM,2026-10-07,2026-10-07T10:19:59.256659-04:00,80.765,-0.2171
HUT-20261007T14140763403,HUT,2026-10-07,2026-10-07T10:19:59.256659-04:00,89.355,0.2957
NXT-20261007T14141795435,NXT,2026-10-07,2026-10-07T10:19:59.256659-04:00,84.815,-0.1824
RBRK-20261007T14173616157,RBRK,2026-10-07,2026-10-07T10:19:59.256659-04:00,124.49,0.1529
CDNA-20261007T13361674905,CDNA,2026-10-07,2026-10-07T10:20:09.485259-04:00,63.8,-0.6468
U-20261007T13430443233,U,2026-10-07,2026-10-07T10:20:09.485259-04:00,44.504,0.26
COHR-20261007T13571300497,COHR,2026-10-07,2026-10-07T10:20:09.485259-04:00,320.67,0.2892
MSTR-20261007T14020173073,MSTR,2026-10-07,2026-10-07T10:20:09.485259-04:00,155.5811,0.4281
APLD-20261007T14055810206,APLD,2026-10-07,2026-10-07T10:20:09.485259-04:00,24.13,0.1655
PRIM-20261007T14070235974,PRIM,2026-10-07,2026-10-07T10:20:09.485259-04:00,80.78,-0.2358
HUT-20261007T14140763403,HUT,2026-10-07,2026-10-07T10:20:09.485259-04:00,89.25,0.4129
NXT-20261007T14141795435,NXT,2026-10-07,2026-10-07T10:20:09.485259-04:00,84.8162,-0.181
RBRK-20261007T14173616157,RBRK,2026-10-07,2026-10-07T10:20:09.485259-04:00,123.8906,-0.3294
CDNA-20261007T13361674905,CDNA,2026-10-07,2026-10-07T10:20:19.891694-04:00,63.665,-0.4338
U-20261007T13430443233,U,2026-10-07,2026-10-07T10:20:19.891694-04:00,44.584,0.0807
COHR-20261007T13571300497,COHR,2026-10-07,2026-10-07T10:20:19.891694-04:00,320.7599,0.2612
MSTR-20261007T14020173073,MSTR,2026-10-07,2026-10-07T10:20:19.891694-04:00,155.7405,0.3261
APLD-20261007T14055810206,APLD,2026-10-07,2026-10-07T10:20:19.891694-04:00,24.145,0.1034
PRIM-20261007T14070235974,PRIM,2026-10-07,2026-10-07T10:20:19.891694-04:00,80.695,-0.1303
HUT-20261007T14140763403,HUT,2026-10-07,2026-10-07T10:20:19.891694-04:00,89.4616,0.1767
NXT-20261007T14141795435,NXT,2026-10-07,2026-10-07T10:20:19.891694-04:00,84.9254,-0.0525
RBRK-20261007T14173616157,RBRK,2026-10-07,2026-10-07T10:20:19.891694-04:00,124.46,0.1287
CDNA-20261007T13361674905,CDNA,2026-10-07,2026-10-07T10:20:30.268633-04:00,63.6,-0.3313
U-20261007T13430443233,U,2026-10-07,2026-10-07T10:20:30.268633-04:00,44.56,0.1345
COHR-20261007T13571300497,COHR,2026-10-07,2026-10-07T10:20:30.268633-04:00,319.9666,0.5079
MSTR-20261007T14020173073,MSTR,2026-10-07,2026-10-07T10:20:30.268633-04:00,155.828,0.2701
APLD-20261007T14055810206,APLD,2026-10-07,2026-10-07T10:20:30.268633-04:00,24.145,0.1034
PRIM-20261007T14070235974,PRIM,2026-10-07,2026-10-07T10:20:30.268633-04:00,80.515,0.0931
HUT-20261007T14140763403,HUT,2026-10-07,2026-10-07T10:20:30.268633-04:00,89.305,0.3515
NXT-20261007T14141795435,NXT,2026-10-07,2026-10-07T10:20:30.268633-04:00,84.655,-0.3707
RBRK-20261007T14173616157,RBRK,2026-10-07,2026-10-07T10:20:30.268633-04:00,124.47,0.1368
CDNA-20261007T13361674905,CDNA,2026-10-07,2026-10-07T10:20:40.678305-04:00,63.6,-0.3313
U-20261007T13430443233,U,2026-10-07,2026-10-07T10:20:40.678305-04:00,44.5672,0.1183
COHR-20261007T13571300497,COHR,2026-10-07,2026-10-07T10:20:40.678305-04:00,321.375,0.07
MSTR-20261007T14020173073,MSTR,2026-10-07,2026-10-07T10:20:40.678305-04:00,155.71,0.3456
APLD-20261007T14055810206,APLD,2026-10-07,2026-10-07T10:20:40.678305-04:00,24.13,0.1655
PRIM-20261007T14070235974,PRIM,2026-10-07,2026-10-07T10:20:40.678305-04:00,80.515,0.0931
HUT-20261007T14140763403,HUT,2026-10-07,2026-10-07T10:20:40.678305-04:00,89.265,0.3961
NXT-20261007T14141795435,NXT,2026-10-07,2026-10-07T10:20:40.678305-04:00,84.8055,-0.1936
RBRK-20261007T14173616157,RBRK,2026-10-07,2026-10-07T10:20:40.678305-04:00,124.495,0.1569
CDNA-20261007T13361674905,CDNA,2026-10-07,2026-10-07T10:20:51.113629-04:00,63.74,-0.5521
U-20261007T13430443233,U,2026-10-07,2026-10-07T10:20:51.113629-04:00,44.59,0.0672
COHR-20261007T13571300497,COHR,2026-10-07,2026-10-07T10:20:51.113629-04:00,321.37,0.0715
MSTR-20261007T14020173073,MSTR,2026-10-07,2026-10-07T10:20:51.113629-04:00,155.72,0.3392
APLD-20261007T14055810206,APLD,2026-10-07,2026-10-07T10:20:51.113629-04:00,24.135,0.1448
PRIM-20261007T14070235974,PRIM,2026-10-07,2026-10-07T10:20:51.113629-04:00,80.505,0.1055
HUT-20261007T14140763403,HUT,2026-10-07,2026-10-07T10:20:51.113629-04:00,89.275,0.385
NXT-20261007T14141795435,NXT,2026-10-07,2026-10-07T10:20:51.113629-04:00,84.71,-0.306
RBRK-20261007T14173616157,RBRK,2026-10-07,2026-10-07T10:20:51.113629-04:00,124.5,0.1609
CDNA-20261007T13361674905,CDNA,2026-10-07,2026-10-07T10:21:01.663898-04:00,63.69,-0.4733
U-20261007T13430443233,U,2026-10-07,2026-10-07T10:21:01.663898-04:00,44.5894,0.0686
COHR-20261007T13571300497,COHR,2026-10-07,2026-10-07T10:21:01.663898-04:00,321.56,0.0124
MSTR-20261007T14020173073,MSTR,2026-10-07,2026-10-07T10:21:01.663898-04:00,155.825,0.272
APLD-20261007T14055810206,APLD,2026-10-07,2026-10-07T10:21:01.663898-04:00,24.135,0.1448
PRIM-20261007T14070235974,PRIM,2026-10-07,2026-10-07T10:21:01.663898-04:00,80.535,0.0682
HUT-20261007T14140763403,HUT,2026-10-07,2026-10-07T10:21:01.663898-04:00,89.35,0.3013
NXT-20261007T14141795435,NXT,2026-10-07,2026-10-07T10:21:01.663898-04:00,84.66,-0.3648
RBRK-20261007T14173616157,RBRK,2026-10-07,2026-10-07T10:21:01.663898-04:00,124.585,0.2293
CDNA-20261007T13361674905,CDNA,2026-10-07,2026-10-07T10:21:12.364925-04:00,63.915,-0.8282
U-20261007T13430443233,U,2026-10-07,2026-10-07T10:21:12.364925-04:00,44.5301,0.2015
MSTR-20261007T14020173073,MSTR,2026-10-07,2026-10-07T10:21:12.364925-04:00,155.815,0.2784
APLD-20261007T14055810206,APLD,2026-10-07,2026-10-07T10:21:12.364925-04:00,24.145,0.1034
PRIM-20261007T14070235974,PRIM,2026-10-07,2026-10-07T10:21:12.364925-04:00,80.535,0.0682
HUT-20261007T14140763403,HUT,2026-10-07,2026-10-07T10:21:12.364925-04:00,89.35,0.3013
NXT-20261007T14141795435,NXT,2026-10-07,2026-10-07T10:21:12.364925-04:00,84.775,-0.2295
RBRK-20261007T14173616157,RBRK,2026-10-07,2026-10-07T10:21:12.364925-04:00,124.75,0.362
CDNA-20261007T13361674905,CDNA,2026-10-07,2026-10-07T10:21:22.915456-04:00,63.5446,-0.2439
U-20261007T13430443233,U,2026-10-07,2026-10-07T10:21:22.915456-04:00,44.5323,0.1965
MSTR-20261007T14020173073,MSTR,2026-10-07,2026-10-07T10:21:22.915456-04:00,155.7597,0.3138
APLD-20261007T14055810206,APLD,2026-10-07,2026-10-07T10:21:22.915456-04:00,24.1378,0.1332
PRIM-20261007T14070235974,PRIM,2026-10-07,2026-10-07T10:21:22.915456-04:00,80.535,0.0682
HUT-20261007T14140763403,HUT,2026-10-07,2026-10-07T10:21:22.915456-04:00,89.3771,0.271
NXT-20261007T14141795435,NXT,2026-10-07,2026-10-07T10:21:22.915456-04:00,84.82,-0.1765
RBRK-20261007T14173616157,RBRK,2026-10-07,2026-10-07T10:21:22.915456-04:00,124.625,0.2615
CDNA-20261007T13361674905,CDNA,2026-10-07,2026-10-07T10:21:33.372005-04:00,64.0051,-0.9703
U-20261007T13430443233,U,2026-10-07,2026-10-07T10:21:33.372005-04:00,44.62,-0.0
MSTR-20261007T14020173073,MSTR,2026-10-07,2026-10-07T10:21:33.372005-04:00,155.64,0.3904
APLD-20261007T14055810206,APLD,2026-10-07,2026-10-07T10:21:33.372005-04:00,24.13,0.1655
PRIM-20261007T14070235974,PRIM,2026-10-07,2026-10-07T10:21:33.372005-04:00,80.46,0.1613
HUT-20261007T14140763403,HUT,2026-10-07,2026-10-07T10:21:33.372005-04:00,89.355,0.2957
NXT-20261007T14141795435,NXT,2026-10-07,2026-10-07T10:21:33.372005-04:00,84.86,-0.1295
RBRK-20261007T14173616157,RBRK,2026-10-07,2026-10-07T10:21:33.372005-04:00,124.635,0.2695
CDNA-20261007T13361674905,CDNA,2026-10-07,2026-10-07T10:21:43.785180-04:00,63.9,-0.8045
U-20261007T13430443233,U,2026-10-07,2026-10-07T10:21:43.785180-04:00,44.63,-0.0224
MSTR-20261007T14020173073,MSTR,2026-10-07,2026-10-07T10:21:43.785180-04:00,155.6,0.416
APLD-20261007T14055810206,APLD,2026-10-07,2026-10-07T10:21:43.785180-04:00,24.125,0.1862
PRIM-20261007T14070235974,PRIM,2026-10-07,2026-10-07T10:21:43.785180-04:00,80.34,0.3102
HUT-20261007T14140763403,HUT,2026-10-07,2026-10-07T10:21:43.785180-04:00,89.36,0.2901
NXT-20261007T14141795435,NXT,2026-10-07,2026-10-07T10:21:43.785180-04:00,84.765,-0.2413
RBRK-20261007T14173616157,RBRK,2026-10-07,2026-10-07T10:21:43.785180-04:00,124.71,0.3298
CDNA-20261007T13361674905,CDNA,2026-10-07,2026-10-07T10:21:54.277021-04:00,63.5021,-0.1768
U-20261007T13430443233,U,2026-10-07,2026-10-07T10:21:54.277021-04:00,44.542,0.1748
MSTR-20261007T14020173073,MSTR,2026-10-07,2026-10-07T10:21:54.277021-04:00,155.73,0.3328
APLD-20261007T14055810206,APLD,2026-10-07,2026-10-07T10:21:54.277021-04:00,24.125,0.1862
PRIM-20261007T14070235974,PRIM,2026-10-07,2026-10-07T10:21:54.277021-04:00,80.5899,0.0001
HUT-20261007T14140763403,HUT,2026-10-07,2026-10-07T10:21:54.277021-04:00,89.42,0.2232
NXT-20261007T14141795435,NXT,2026-10-07,2026-10-07T10:21:54.277021-04:00,84.83,-0.1648
RBRK-20261007T14173616157,RBRK,2026-10-07,2026-10-07T10:21:54.277021-04:00,124.7499,0.3619
CDNA-20261007T13361674905,CDNA,2026-10-07,2026-10-07T10:22:04.830784-04:00,64.19,-1.262
U-20261007T13430443233,U,2026-10-07,2026-10-07T10:22:04.830784-04:00,44.61,0.0224
MSTR-20261007T14020173073,MSTR,2026-10-07,2026-10-07T10:22:04.830784-04:00,155.7,0.352
APLD-20261007T14055810206,APLD,2026-10-07,2026-10-07T10:22:04.830784-04:00,24.125,0.1862
PRIM-20261007T14070235974,PRIM,2026-10-07,2026-10-07T10:22:04.830784-04:00,80.5899,0.0001
HUT-20261007T14140763403,HUT,2026-10-07,2026-10-07T10:22:04.830784-04:00,89.355,0.2957
NXT-20261007T14141795435,NXT,2026-10-07,2026-10-07T10:22:04.830784-04:00,84.7421,-0.2682
RBRK-20261007T14173616157,RBRK,2026-10-07,2026-10-07T10:22:04.830784-04:00,124.735,0.35
CDNA-20261007T13361674905,CDNA,2026-10-07,2026-10-07T10:22:15.408118-04:00,64.22,-1.3094
MSTR-20261007T14020173073,MSTR,2026-10-07,2026-10-07T10:22:15.408118-04:00,155.68,0.3648
APLD-20261007T14055810206,APLD,2026-10-07,2026-10-07T10:22:15.408118-04:00,24.1179,0.2156
PRIM-20261007T14070235974,PRIM,2026-10-07,2026-10-07T10:22:15.408118-04:00,80.45,0.1737
HUT-20261007T14140763403,HUT,2026-10-07,2026-10-07T10:22:15.408118-04:00,89.325,0.3292
NXT-20261007T14141795435,NXT,2026-10-07,2026-10-07T10:22:15.408118-04:00,84.7263,-0.2868
RBRK-20261007T14173616157,RBRK,2026-10-07,2026-10-07T10:22:15.408118-04:00,124.94,0.5149
CDNA-20261007T13361674905,CDNA,2026-10-07,2026-10-07T10:22:25.874673-04:00,64.185,-1.2541
MSTR-20261007T14020173073,MSTR,2026-10-07,2026-10-07T10:22:25.874673-04:00,155.71,0.3456
APLD-20261007T14055810206,APLD,2026-10-07,2026-10-07T10:22:25.874673-04:00,24.115,0.2276
PRIM-20261007T14070235974,PRIM,2026-10-07,2026-10-07T10:22:25.874673-04:00,80.445,0.1799
HUT-20261007T14140763403,HUT,2026-10-07,2026-10-07T10:22:25.874673-04:00,89.33,0.3236
NXT-20261007T14141795435,NXT,2026-10-07,2026-10-07T10:22:25.874673-04:00,84.76,-0.2471
RBRK-20261007T14173616157,RBRK,2026-10-07,2026-10-07T10:22:25.874673-04:00,124.785,0.3902
CDNA-20261007T13361674905,CDNA,2026-10-07,2026-10-07T10:22:36.285270-04:00,64.16,-1.2147
MSTR-20261007T14020173073,MSTR,2026-10-07,2026-10-07T10:22:36.285270-04:00,155.65,0.384
APLD-20261007T14055810206,APLD,2026-10-07,2026-10-07T10:22:36.285270-04:00,24.1114,0.2424
PRIM-20261007T14070235974,PRIM,2026-10-07,2026-10-07T10:22:36.285270-04:00,80.42,0.2109
HUT-20261007T14140763403,HUT,2026-10-07,2026-10-07T10:22:36.285270-04:00,89.34,0.3124
NXT-20261007T14141795435,NXT,2026-10-07,2026-10-07T10:22:36.285270-04:00,84.755,-0.253
RBRK-20261007T14173616157,RBRK,2026-10-07,2026-10-07T10:22:36.285270-04:00,124.785,0.3902
CDNA-20261007T13361674905,CDNA,2026-10-07,2026-10-07T10:22:46.805223-04:00,64.19,-1.262
MSTR-20261007T14020173073,MSTR,2026-10-07,2026-10-07T10:22:46.805223-04:00,155.48,0.4928
APLD-20261007T14055810206,APLD,2026-10-07,2026-10-07T10:22:46.805223-04:00,24.115,0.2276
PRIM-20261007T14070235974,PRIM,2026-10-07,2026-10-07T10:22:46.805223-04:00,80.445,0.1799
HUT-20261007T14140763403,HUT,2026-10-07,2026-10-07T10:22:46.805223-04:00,89.34,0.3124
NXT-20261007T14141795435,NXT,2026-10-07,2026-10-07T10:22:46.805223-04:00,84.7,-0.3178
RBRK-20261007T14173616157,RBRK,2026-10-07,2026-10-07T10:22:46.805223-04:00,124.775,0.3821
CDNA-20261007T13361674905,CDNA,2026-10-07,2026-10-07T10:22:57.142906-04:00,64.025,-1.0017
MSTR-20261007T14020173073,MSTR,2026-10-07,2026-10-07T10:22:57.142906-04:00,155.44,0.5184
APLD-20261007T14055810206,APLD,2026-10-07,2026-10-07T10:22:57.142906-04:00,24.12,0.2069
PRIM-20261007T14070235974,PRIM,2026-10-07,2026-10-07T10:22:57.142906-04:00,80.5014,0.1099
HUT-20261007T14140763403,HUT,2026-10-07,2026-10-07T10:22:57.142906-04:00,89.365,0.2845
NXT-20261007T14141795435,NXT,2026-10-07,2026-10-07T10:22:57.142906-04:00,84.775,-0.2295
RBRK-20261007T14173616157,RBRK,2026-10-07,2026-10-07T10:22:57.142906-04:00,124.58,0.2253
CRWD-20261007T14223679544,CRWD,2026-10-07,2026-10-07T10:22:57.142906-04:00,271.8292,-0.1729
CDNA-20261007T13361674905,CDNA,2026-10-07,2026-10-07T10:23:07.540954-04:00,64.03,-1.0096
MSTR-20261007T14020173073,MSTR,2026-10-07,2026-10-07T10:23:07.540954-04:00,155.305,0.6048
APLD-20261007T14055810206,APLD,2026-10-07,2026-10-07T10:23:07.540954-04:00,24.095,0.3103
PRIM-20261007T14070235974,PRIM,2026-10-07,2026-10-07T10:23:07.540954-04:00,80.6333,-0.0537
HUT-20261007T14140763403,HUT,2026-10-07,2026-10-07T10:23:07.540954-04:00,89.12,0.5579
NXT-20261007T14141795435,NXT,2026-10-07,2026-10-07T10:23:07.540954-04:00,84.72,-0.2942
RBRK-20261007T14173616157,RBRK,2026-10-07,2026-10-07T10:23:07.540954-04:00,124.635,0.2695
CRWD-20261007T14223679544,CRWD,2026-10-07,2026-10-07T10:23:07.540954-04:00,271.8464,-0.1666
CDNA-20261007T13361674905,CDNA,2026-10-07,2026-10-07T10:23:17.982699-04:00,63.9,-0.8045
MSTR-20261007T14020173073,MSTR,2026-10-07,2026-10-07T10:23:17.982699-04:00,155.482,0.4915
APLD-20261007T14055810206,APLD,2026-10-07,2026-10-07T10:23:17.982699-04:00,24.1099,0.2487
PRIM-20261007T14070235974,PRIM,2026-10-07,2026-10-07T10:23:17.982699-04:00,80.24,0.4343
HUT-20261007T14140763403,HUT,2026-10-07,2026-10-07T10:23:17.982699-04:00,89.145,0.53
NXT-20261007T14141795435,NXT,2026-10-07,2026-10-07T10:23:17.982699-04:00,84.725,-0.2883
RBRK-20261007T14173616157,RBRK,2026-10-07,2026-10-07T10:23:17.982699-04:00,124.64,0.2735
CRWD-20261007T14223679544,CRWD,2026-10-07,2026-10-07T10:23:17.982699-04:00,272.1166,-0.0674
CDNA-20261007T13361674905,CDNA,2026-10-07,2026-10-07T10:23:28.369767-04:00,63.73,-0.5364
MSTR-20261007T14020173073,MSTR,2026-10-07,2026-10-07T10:23:28.369767-04:00,155.4701,0.4991
APLD-20261007T14055810206,APLD,2026-10-07,2026-10-07T10:23:28.369767-04:00,24.095,0.3103
PRIM-20261007T14070235974,PRIM,2026-10-07,2026-10-07T10:23:28.369767-04:00,80.403,0.232
HUT-20261007T14140763403,HUT,2026-10-07,2026-10-07T10:23:28.369767-04:00,89.1274,0.5497
NXT-20261007T14141795435,NXT,2026-10-07,2026-10-07T10:23:28.369767-04:00,84.7,-0.3178
RBRK-20261007T14173616157,RBRK,2026-10-07,2026-10-07T10:23:28.369767-04:00,124.56,0.2092
CRWD-20261007T14223679544,CRWD,2026-10-07,2026-10-07T10:23:28.369767-04:00,271.96,-0.1249
CDNA-20261007T13361674905,CDNA,2026-10-07,2026-10-07T10:23:38.668101-04:00,63.73,-0.5364
MSTR-20261007T14020173073,MSTR,2026-10-07,2026-10-07T10:23:38.668101-04:00,155.31,0.6016
APLD-20261007T14055810206,APLD,2026-10-07,2026-10-07T10:23:38.668101-04:00,24.095,0.3103
PRIM-20261007T14070235974,PRIM,2026-10-07,2026-10-07T10:23:38.668101-04:00,80.22,0.4591
HUT-20261007T14140763403,HUT,2026-10-07,2026-10-07T10:23:38.668101-04:00,89.1,0.5802
NXT-20261007T14141795435,NXT,2026-10-07,2026-10-07T10:23:38.668101-04:00,84.71,-0.306
RBRK-20261007T14173616157,RBRK,2026-10-07,2026-10-07T10:23:38.668101-04:00,124.64,0.2735
CRWD-20261007T14223679544,CRWD,2026-10-07,2026-10-07T10:23:38.668101-04:00,271.945,-0.1304
CDNA-20261007T13361674905,CDNA,2026-10-07,2026-10-07T10:23:48.991761-04:00,63.9906,-0.9475
MSTR-20261007T14020173073,MSTR,2026-10-07,2026-10-07T10:23:48.991761-04:00,155.32,0.5952
APLD-20261007T14055810206,APLD,2026-10-07,2026-10-07T10:23:48.991761-04:00,24.11,0.2482
PRIM-20261007T14070235974,PRIM,2026-10-07,2026-10-07T10:23:48.991761-04:00,80.2325,0.4436
HUT-20261007T14140763403,HUT,2026-10-07,2026-10-07T10:23:48.991761-04:00,89.0,0.6918
NXT-20261007T14141795435,NXT,2026-10-07,2026-10-07T10:23:48.991761-04:00,84.76,-0.2471
RBRK-20261007T14173616157,RBRK,2026-10-07,2026-10-07T10:23:48.991761-04:00,124.53,0.185
CRWD-20261007T14223679544,CRWD,2026-10-07,2026-10-07T10:23:48.991761-04:00,271.5,-0.2938
CDNA-20261007T13361674905,CDNA,2026-10-07,2026-10-07T10:23:59.432566-04:00,63.9925,-0.9505
MSTR-20261007T14020173073,MSTR,2026-10-07,2026-10-07T10:23:59.432566-04:00,155.34,0.5824
APLD-20261007T14055810206,APLD,2026-10-07,2026-10-07T10:23:59.432566-04:00,24.105,0.2689
PRIM-20261007T14070235974,PRIM,2026-10-07,2026-10-07T10:23:59.432566-04:00,80.3378,0.3129
HUT-20261007T14140763403,HUT,2026-10-07,2026-10-07T10:23:59.432566-04:00,89.11,0.5691
NXT-20261007T14141795435,NXT,2026-10-07,2026-10-07T10:23:59.432566-04:00,84.79,-0.2118
RBRK-20261007T14173616157,RBRK,2026-10-07,2026-10-07T10:23:59.432566-04:00,124.62,0.2574
CRWD-20261007T14223679544,CRWD,2026-10-07,2026-10-07T10:23:59.432566-04:00,271.6936,-0.2227
CDNA-20261007T13361674905,CDNA,2026-10-07,2026-10-07T10:24:09.770473-04:00,63.91,-0.8203
MSTR-20261007T14020173073,MSTR,2026-10-07,2026-10-07T10:24:09.770473-04:00,155.41,0.5376
APLD-20261007T14055810206,APLD,2026-10-07,2026-10-07T10:24:09.770473-04:00,24.11,0.2482
PRIM-20261007T14070235974,PRIM,2026-10-07,2026-10-07T10:24:09.770473-04:00,80.22,0.4591
HUT-20261007T14140763403,HUT,2026-10-07,2026-10-07T10:24:09.770473-04:00,89.1325,0.544
NXT-20261007T14141795435,NXT,2026-10-07,2026-10-07T10:24:09.770473-04:00,84.71,-0.306
RBRK-20261007T14173616157,RBRK,2026-10-07,2026-10-07T10:24:09.770473-04:00,124.53,0.185
CRWD-20261007T14223679544,CRWD,2026-10-07,2026-10-07T10:24:09.770473-04:00,271.66,-0.235
CDNA-20261007T13361674905,CDNA,2026-10-07,2026-10-07T10:24:20.111204-04:00,63.815,-0.6705
MSTR-20261007T14020173073,MSTR,2026-10-07,2026-10-07T10:24:20.111204-04:00,155.364,0.567
APLD-20261007T14055810206,APLD,2026-10-07,2026-10-07T10:24:20.111204-04:00,24.095,0.3103
PRIM-20261007T14070235974,PRIM,2026-10-07,2026-10-07T10:24:20.111204-04:00,80.25,0.4219
HUT-20261007T14140763403,HUT,2026-10-07,2026-10-07T10:24:20.111204-04:00,89.1992,0.4695
NXT-20261007T14141795435,NXT,2026-10-07,2026-10-07T10:24:20.111204-04:00,84.85,-0.1412
RBRK-20261007T14173616157,RBRK,2026-10-07,2026-10-07T10:24:20.111204-04:00,124.385,0.0684
CRWD-20261007T14223679544,CRWD,2026-10-07,2026-10-07T10:24:20.111204-04:00,271.7432,-0.2045
CDNA-20261007T13361674905,CDNA,2026-10-07,2026-10-07T10:24:30.404552-04:00,63.64,-0.3944
MSTR-20261007T14020173073,MSTR,2026-10-07,2026-10-07T10:24:30.404552-04:00,155.37,0.5632
APLD-20261007T14055810206,APLD,2026-10-07,2026-10-07T10:24:30.404552-04:00,24.11,0.2482
PRIM-20261007T14070235974,PRIM,2026-10-07,2026-10-07T10:24:30.404552-04:00,80.5904,-0.0005
HUT-20261007T14140763403,HUT,2026-10-07,2026-10-07T10:24:30.404552-04:00,89.1986,0.4702
NXT-20261007T14141795435,NXT,2026-10-07,2026-10-07T10:24:30.404552-04:00,84.94,-0.0353
RBRK-20261007T14173616157,RBRK,2026-10-07,2026-10-07T10:24:30.404552-04:00,124.385,0.0684
CRWD-20261007T14223679544,CRWD,2026-10-07,2026-10-07T10:24:30.404552-04:00,271.3515,-0.3483
CDNA-20261007T13361674905,CDNA,2026-10-07,2026-10-07T10:24:40.690972-04:00,63.8219,-0.6813
MSTR-20261007T14020173073,MSTR,2026-10-07,2026-10-07T10:24:40.690972-04:00,155.385,0.5536
APLD-20261007T14055810206,APLD,2026-10-07,2026-10-07T10:24:40.690972-04:00,24.105,0.2689
PRIM-20261007T14070235974,PRIM,2026-10-07,2026-10-07T10:24:40.690972-04:00,80.25,0.4219
HUT-20261007T14140763403,HUT,2026-10-07,2026-10-07T10:24:40.690972-04:00,89.15,0.5244
NXT-20261007T14141795435,NXT,2026-10-07,2026-10-07T10:24:40.690972-04:00,84.8015,-0.1983
RBRK-20261007T14173616157,RBRK,2026-10-07,2026-10-07T10:24:40.690972-04:00,124.36,0.0483
CRWD-20261007T14223679544,CRWD,2026-10-07,2026-10-07T10:24:40.690972-04:00,271.315,-0.3617
CDNA-20261007T13361674905,CDNA,2026-10-07,2026-10-07T10:24:51.042603-04:00,63.69,-0.4733
MSTR-20261007T14020173073,MSTR,2026-10-07,2026-10-07T10:24:51.042603-04:00,155.4625,0.504
APLD-20261007T14055810206,APLD,2026-10-07,2026-10-07T10:24:51.042603-04:00,24.105,0.2689
PRIM-20261007T14070235974,PRIM,2026-10-07,2026-10-07T10:24:51.042603-04:00,80.25,0.4219
HUT-20261007T14140763403,HUT,2026-10-07,2026-10-07T10:24:51.042603-04:00,89.125,0.5523
NXT-20261007T14141795435,NXT,2026-10-07,2026-10-07T10:24:51.042603-04:00,84.9607,-0.0109
RBRK-20261007T14173616157,RBRK,2026-10-07,2026-10-07T10:24:51.042603-04:00,124.345,0.0362
CRWD-20261007T14223679544,CRWD,2026-10-07,2026-10-07T10:24:51.042603-04:00,271.3675,-0.3425
CDNA-20261007T13361674905,CDNA,2026-10-07,2026-10-07T10:25:01.332026-04:00,63.72,-0.5206
MSTR-20261007T14020173073,MSTR,2026-10-07,2026-10-07T10:25:01.332026-04:00,155.465,0.5024
APLD-20261007T14055810206,APLD,2026-10-07,2026-10-07T10:25:01.332026-04:00,24.115,0.2276
PRIM-20261007T14070235974,PRIM,2026-10-07,2026-10-07T10:25:01.332026-04:00,80.245,0.4281
HUT-20261007T14140763403,HUT,2026-10-07,2026-10-07T10:25:01.332026-04:00,89.06,0.6249
NXT-20261007T14141795435,NXT,2026-10-07,2026-10-07T10:25:01.332026-04:00,84.8093,-0.1891
RBRK-20261007T14173616157,RBRK,2026-10-07,2026-10-07T10:25:01.332026-04:00,124.34,0.0322
CRWD-20261007T14223679544,CRWD,2026-10-07,2026-10-07T10:25:01.332026-04:00,271.6792,-0.228
CDNA-20261007T13361674905,CDNA,2026-10-07,2026-10-07T10:25:11.739513-04:00,63.6634,-0.4313
MSTR-20261007T14020173073,MSTR,2026-10-07,2026-10-07T10:25:11.739513-04:00,155.53,0.4608
APLD-20261007T14055810206,APLD,2026-10-07,2026-10-07T10:25:11.739513-04:00,24.12,0.2069
PRIM-20261007T14070235974,PRIM,2026-10-07,2026-10-07T10:25:11.739513-04:00,80.5843,0.0071
HUT-20261007T14140763403,HUT,2026-10-07,2026-10-07T10:25:11.739513-04:00,89.125,0.5523
NXT-20261007T14141795435,NXT,2026-10-07,2026-10-07T10:25:11.739513-04:00,85.0019,0.0375
RBRK-20261007T14173616157,RBRK,2026-10-07,2026-10-07T10:25:11.739513-04:00,124.345,0.0362
CRWD-20261007T14223679544,CRWD,2026-10-07,2026-10-07T10:25:11.739513-04:00,271.25,-0.3856
CDNA-20261007T13361674905,CDNA,2026-10-07,2026-10-07T10:25:22.170105-04:00,63.775,-0.6074
MSTR-20261007T14020173073,MSTR,2026-10-07,2026-10-07T10:25:22.170105-04:00,155.4006,0.5436
APLD-20261007T14055810206,APLD,2026-10-07,2026-10-07T10:25:22.170105-04:00,24.135,0.1448
PRIM-20261007T14070235974,PRIM,2026-10-07,2026-10-07T10:25:22.170105-04:00,80.25,0.4219
HUT-20261007T14140763403,HUT,2026-10-07,2026-10-07T10:25:22.170105-04:00,89.125,0.5523
NXT-20261007T14141795435,NXT,2026-10-07,2026-10-07T10:25:22.170105-04:00,85.0499,0.094
RBRK-20261007T14173616157,RBRK,2026-10-07,2026-10-07T10:25:22.170105-04:00,124.27,-0.0241
CRWD-20261007T14223679544,CRWD,2026-10-07,2026-10-07T10:25:22.170105-04:00,271.155,-0.4205
CDNA-20261007T13361674905,CDNA,2026-10-07,2026-10-07T10:25:32.646782-04:00,63.75,-0.5679
MSTR-20261007T14020173073,MSTR,2026-10-07,2026-10-07T10:25:32.646782-04:00,155.595,0.4192
APLD-20261007T14055810206,APLD,2026-10-07,2026-10-07T10:25:32.646782-04:00,24.155,0.0621
PRIM-20261007T14070235974,PRIM,2026-10-07,2026-10-07T10:25:32.646782-04:00,80.25,0.4219
HUT-20261007T14140763403,HUT,2026-10-07,2026-10-07T10:25:32.646782-04:00,89.125,0.5523
NXT-20261007T14141795435,NXT,2026-10-07,2026-10-07T10:25:32.646782-04:00,84.9033,-0.0785
RBRK-20261007T14173616157,RBRK,2026-10-07,2026-10-07T10:25:32.646782-04:00,124.43,0.1046
CRWD-20261007T14223679544,CRWD,2026-10-07,2026-10-07T10:25:32.646782-04:00,271.155,-0.4205
CDNA-20261007T13361674905,CDNA,2026-10-07,2026-10-07T10:25:43.084488-04:00,63.84,-0.7099
MSTR-20261007T14020173073,MSTR,2026-10-07,2026-10-07T10:25:43.084488-04:00,155.4098,0.5377
APLD-20261007T14055810206,APLD,2026-10-07,2026-10-07T10:25:43.084488-04:00,24.145,0.1034
PRIM-20261007T14070235974,PRIM,2026-10-07,2026-10-07T10:25:43.084488-04:00,80.4,0.2358
HUT-20261007T14140763403,HUT,2026-10-07,2026-10-07T10:25:43.084488-04:00,89.2489,0.4141
NXT-20261007T14141795435,NXT,2026-10-07,2026-10-07T10:25:43.084488-04:00,85.0009,0.0364
RBRK-20261007T14173616157,RBRK,2026-10-07,2026-10-07T10:25:43.084488-04:00,124.5763,0.2223
CRWD-20261007T14223679544,CRWD,2026-10-07,2026-10-07T10:25:43.084488-04:00,270.6569,-0.6034
CDNA-20261007T13361674905,CDNA,2026-10-07,2026-10-07T10:25:53.586215-04:00,63.78,-0.6152
MSTR-20261007T14020173073,MSTR,2026-10-07,2026-10-07T10:25:53.586215-04:00,155.445,0.5152
APLD-20261007T14055810206,APLD,2026-10-07,2026-10-07T10:25:53.586215-04:00,24.135,0.1448
PRIM-20261007T14070235974,PRIM,2026-10-07,2026-10-07T10:25:53.586215-04:00,80.44,0.1861
HUT-20261007T14140763403,HUT,2026-10-07,2026-10-07T10:25:53.586215-04:00,89.2427,0.421
NXT-20261007T14141795435,NXT,2026-10-07,2026-10-07T10:25:53.586215-04:00,85.0,0.0353
RBRK-20261007T14173616157,RBRK,2026-10-07,2026-10-07T10:25:53.586215-04:00,124.35,0.0402
CRWD-20261007T14223679544,CRWD,2026-10-07,2026-10-07T10:25:53.586215-04:00,270.8162,-0.5449
CDNA-20261007T13361674905,CDNA,2026-10-07,2026-10-07T10:26:04.222126-04:00,63.78,-0.6152
MSTR-20261007T14020173073,MSTR,2026-10-07,2026-10-07T10:26:04.222126-04:00,155.39,0.5504
APLD-20261007T14055810206,APLD,2026-10-07,2026-10-07T10:26:04.222126-04:00,24.135,0.1448
PRIM-20261007T14070235974,PRIM,2026-10-07,2026-10-07T10:26:04.222126-04:00,80.3923,0.2453
HUT-20261007T14140763403,HUT,2026-10-07,2026-10-07T10:26:04.222126-04:00,89.14,0.5356
NXT-20261007T14141795435,NXT,2026-10-07,2026-10-07T10:26:04.222126-04:00,85.0,0.0353
RBRK-20261007T14173616157,RBRK,2026-10-07,2026-10-07T10:26:04.222126-04:00,124.26,-0.0322
CRWD-20261007T14223679544,CRWD,2026-10-07,2026-10-07T10:26:04.222126-04:00,271.5426,-0.2781
CDNA-20261007T13361674905,CDNA,2026-10-07,2026-10-07T10:26:14.849889-04:00,63.78,-0.6152
MSTR-20261007T14020173073,MSTR,2026-10-07,2026-10-07T10:26:14.849889-04:00,155.4187,0.532
APLD-20261007T14055810206,APLD,2026-10-07,2026-10-07T10:26:14.849889-04:00,24.115,0.2276
PRIM-20261007T14070235974,PRIM,2026-10-07,2026-10-07T10:26:14.849889-04:00,80.5534,0.0454
HUT-20261007T14140763403,HUT,2026-10-07,2026-10-07T10:26:14.849889-04:00,89.135,0.5412
NXT-20261007T14141795435,NXT,2026-10-07,2026-10-07T10:26:14.849889-04:00,84.8978,-0.085
RBRK-20261007T14173616157,RBRK,2026-10-07,2026-10-07T10:26:14.849889-04:00,124.565,0.2132
CRWD-20261007T14223679544,CRWD,2026-10-07,2026-10-07T10:26:14.849889-04:00,270.6,-0.6243
CDNA-20261007T13361674905,CDNA,2026-10-07,2026-10-07T10:26:25.373011-04:00,63.88,-0.773
MSTR-20261007T14020173073,MSTR,2026-10-07,2026-10-07T10:26:25.373011-04:00,155.414,0.535
APLD-20261007T14055810206,APLD,2026-10-07,2026-10-07T10:26:25.373011-04:00,24.125,0.1862
PRIM-20261007T14070235974,PRIM,2026-10-07,2026-10-07T10:26:25.373011-04:00,80.4799,0.1366
HUT-20261007T14140763403,HUT,2026-10-07,2026-10-07T10:26:25.373011-04:00,89.1329,0.5435
NXT-20261007T14141795435,NXT,2026-10-07,2026-10-07T10:26:25.373011-04:00,84.98,0.0118
RBRK-20261007T14173616157,RBRK,2026-10-07,2026-10-07T10:26:25.373011-04:00,124.315,0.0121
CRWD-20261007T14223679544,CRWD,2026-10-07,2026-10-07T10:26:25.373011-04:00,270.905,-0.5123
COHR-20261007T14260483831,COHR,2026-10-07,2026-10-07T10:26:25.373011-04:00,323.18,-0.0958
CDNA-20261007T13361674905,CDNA,2026-10-07,2026-10-07T10:26:35.764709-04:00,63.9,-0.8045
MSTR-20261007T14020173073,MSTR,2026-10-07,2026-10-07T10:26:35.764709-04:00,155.4652,0.5023
APLD-20261007T14055810206,APLD,2026-10-07,2026-10-07T10:26:35.764709-04:00,24.1244,0.1887
PRIM-20261007T14070235974,PRIM,2026-10-07,2026-10-07T10:26:35.764709-04:00,80.395,0.242
HUT-20261007T14140763403,HUT,2026-10-07,2026-10-07T10:26:35.764709-04:00,89.2039,0.4643
NXT-20261007T14141795435,NXT,2026-10-07,2026-10-07T10:26:35.764709-04:00,84.985,0.0177
RBRK-20261007T14173616157,RBRK,2026-10-07,2026-10-07T10:26:35.764709-04:00,124.31,0.008
CRWD-20261007T14223679544,CRWD,2026-10-07,2026-10-07T10:26:35.764709-04:00,270.8799,-0.5215
COHR-20261007T14260483831,COHR,2026-10-07,2026-10-07T10:26:35.764709-04:00,323.2,-0.0896
CDNA-20261007T13361674905,CDNA,2026-10-07,2026-10-07T10:26:46.084125-04:00,63.7632,-0.5887
MSTR-20261007T14020173073,MSTR,2026-10-07,2026-10-07T10:26:46.084125-04:00,155.32,0.5952
APLD-20261007T14055810206,APLD,2026-10-07,2026-10-07T10:26:46.084125-04:00,24.125,0.1862
PRIM-20261007T14070235974,PRIM,2026-10-07,2026-10-07T10:26:46.084125-04:00,80.406,0.2283
HUT-20261007T14140763403,HUT,2026-10-07,2026-10-07T10:26:46.084125-04:00,89.14,0.5356
NXT-20261007T14141795435,NXT,2026-10-07,2026-10-07T10:26:46.084125-04:00,84.9898,0.0233
RBRK-20261007T14173616157,RBRK,2026-10-07,2026-10-07T10:26:46.084125-04:00,124.21,-0.0724
CRWD-20261007T14223679544,CRWD,2026-10-07,2026-10-07T10:26:46.084125-04:00,270.58,-0.6317
COHR-20261007T14260483831,COHR,2026-10-07,2026-10-07T10:26:46.084125-04:00,323.0801,-0.1267
CDNA-20261007T13361674905,CDNA,2026-10-07,2026-10-07T10:26:56.475863-04:00,63.905,-0.8124
MSTR-20261007T14020173073,MSTR,2026-10-07,2026-10-07T10:26:56.475863-04:00,155.355,0.5728
APLD-20261007T14055810206,APLD,2026-10-07,2026-10-07T10:26:56.475863-04:00,24.135,0.1448
PRIM-20261007T14070235974,PRIM,2026-10-07,2026-10-07T10:26:56.475863-04:00,80.5473,0.053
HUT-20261007T14140763403,HUT,2026-10-07,2026-10-07T10:26:56.475863-04:00,89.14,0.5356
NXT-20261007T14141795435,NXT,2026-10-07,2026-10-07T10:26:56.475863-04:00,84.985,0.0177
RBRK-20261007T14173616157,RBRK,2026-10-07,2026-10-07T10:26:56.475863-04:00,124.2,-0.0805
CRWD-20261007T14223679544,CRWD,2026-10-07,2026-10-07T10:26:56.475863-04:00,271.4269,-0.3206
COHR-20261007T14260483831,COHR,2026-10-07,2026-10-07T10:26:56.475863-04:00,323.1859,-0.094
CDNA-20261007T13361674905,CDNA,2026-10-07,2026-10-07T10:27:06.849708-04:00,63.865,-0.7493
MSTR-20261007T14020173073,MSTR,2026-10-07,2026-10-07T10:27:06.849708-04:00,155.294,0.6118
APLD-20261007T14055810206,APLD,2026-10-07,2026-10-07T10:27:06.849708-04:00,24.1345,0.1469
PRIM-20261007T14070235974,PRIM,2026-10-07,2026-10-07T10:27:06.849708-04:00,80.4,0.2358
HUT-20261007T14140763403,HUT,2026-10-07,2026-10-07T10:27:06.849708-04:00,89.09,0.5914
NXT-20261007T14141795435,NXT,2026-10-07,2026-10-07T10:27:06.849708-04:00,85.06,0.1059
RBRK-20261007T14173616157,RBRK,2026-10-07,2026-10-07T10:27:06.849708-04:00,124.12,-0.1448
CRWD-20261007T14223679544,CRWD,2026-10-07,2026-10-07T10:27:06.849708-04:00,270.61,-0.6206
COHR-20261007T14260483831,COHR,2026-10-07,2026-10-07T10:27:06.849708-04:00,323.8999,0.1267
CDNA-20261007T13361674905,CDNA,2026-10-07,2026-10-07T10:27:17.183340-04:00,63.91,-0.8203
MSTR-20261007T14020173073,MSTR,2026-10-07,2026-10-07T10:27:17.183340-04:00,155.2901,0.6143
APLD-20261007T14055810206,APLD,2026-10-07,2026-10-07T10:27:17.183340-04:00,24.1288,0.1705
PRIM-20261007T14070235974,PRIM,2026-10-07,2026-10-07T10:27:17.183340-04:00,80.31,0.3474
HUT-20261007T14140763403,HUT,2026-10-07,2026-10-07T10:27:17.183340-04:00,89.135,0.5412
NXT-20261007T14141795435,NXT,2026-10-07,2026-10-07T10:27:17.183340-04:00,85.005,0.0412
RBRK-20261007T14173616157,RBRK,2026-10-07,2026-10-07T10:27:17.183340-04:00,124.4455,0.1171
CRWD-20261007T14223679544,CRWD,2026-10-07,2026-10-07T10:27:17.183340-04:00,270.48,-0.6684
COHR-20261007T14260483831,COHR,2026-10-07,2026-10-07T10:27:17.183340-04:00,323.705,0.0665
CDNA-20261007T13361674905,CDNA,2026-10-07,2026-10-07T10:27:27.534625-04:00,63.915,-0.8282
MSTR-20261007T14020173073,MSTR,2026-10-07,2026-10-07T10:27:27.534625-04:00,155.26,0.6336
APLD-20261007T14055810206,APLD,2026-10-07,2026-10-07T10:27:27.534625-04:00,24.0999,0.29
PRIM-20261007T14070235974,PRIM,2026-10-07,2026-10-07T10:27:27.534625-04:00,80.4617,0.1592
HUT-20261007T14140763403,HUT,2026-10-07,2026-10-07T10:27:27.534625-04:00,88.895,0.809
NXT-20261007T14141795435,NXT,2026-10-07,2026-10-07T10:27:27.534625-04:00,84.9958,0.0304
RBRK-20261007T14173616157,RBRK,2026-10-07,2026-10-07T10:27:27.534625-04:00,123.88,-0.3379
CRWD-20261007T14223679544,CRWD,2026-10-07,2026-10-07T10:27:27.534625-04:00,270.35,-0.7161
COHR-20261007T14260483831,COHR,2026-10-07,2026-10-07T10:27:27.534625-04:00,323.5894,0.0307
CDNA-20261007T13361674905,CDNA,2026-10-07,2026-10-07T10:27:37.922779-04:00,63.7444,-0.5591
MSTR-20261007T14020173073,MSTR,2026-10-07,2026-10-07T10:27:37.922779-04:00,155.32,0.5952
APLD-20261007T14055810206,APLD,2026-10-07,2026-10-07T10:27:37.922779-04:00,24.095,0.3103
PRIM-20261007T14070235974,PRIM,2026-10-07,2026-10-07T10:27:37.922779-04:00,80.5464,0.0541
HUT-20261007T14140763403,HUT,2026-10-07,2026-10-07T10:27:37.922779-04:00,88.85,0.8592
NXT-20261007T14141795435,NXT,2026-10-07,2026-10-07T10:27:37.922779-04:00,85.0,0.0353
RBRK-20261007T14173616157,RBRK,2026-10-07,2026-10-07T10:27:37.922779-04:00,123.7702,-0.4262
CRWD-20261007T14223679544,CRWD,2026-10-07,2026-10-07T10:27:37.922779-04:00,270.2888,-0.7386
COHR-20261007T14260483831,COHR,2026-10-07,2026-10-07T10:27:37.922779-04:00,323.68,0.0587
CDNA-20261007T13361674905,CDNA,2026-10-07,2026-10-07T10:27:48.258908-04:00,63.89,-0.7888
MSTR-20261007T14020173073,MSTR,2026-10-07,2026-10-07T10:27:48.258908-04:00,155.2169,0.6612
APLD-20261007T14055810206,APLD,2026-10-07,2026-10-07T10:27:48.258908-04:00,24.065,0.4344
PRIM-20261007T14070235974,PRIM,2026-10-07,2026-10-07T10:27:48.258908-04:00,80.395,0.242
HUT-20261007T14140763403,HUT,2026-10-07,2026-10-07T10:27:48.258908-04:00,88.83,0.8815
NXT-20261007T14141795435,NXT,2026-10-07,2026-10-07T10:27:48.258908-04:00,84.9953,0.0298
RBRK-20261007T14173616157,RBRK,2026-10-07,2026-10-07T10:27:48.258908-04:00,123.78,-0.4183
CRWD-20261007T14223679544,CRWD,2026-10-07,2026-10-07T10:27:48.258908-04:00,270.18,-0.7786
COHR-20261007T14260483831,COHR,2026-10-07,2026-10-07T10:27:48.258908-04:00,323.47,-0.0062
CDNA-20261007T13361674905,CDNA,2026-10-07,2026-10-07T10:27:58.638500-04:00,63.735,-0.5442
MSTR-20261007T14020173073,MSTR,2026-10-07,2026-10-07T10:27:58.638500-04:00,155.2536,0.6377
APLD-20261007T14055810206,APLD,2026-10-07,2026-10-07T10:27:58.638500-04:00,24.065,0.4344
PRIM-20261007T14070235974,PRIM,2026-10-07,2026-10-07T10:27:58.638500-04:00,80.495,0.1179
HUT-20261007T14140763403,HUT,2026-10-07,2026-10-07T10:27:58.638500-04:00,88.84,0.8703
NXT-20261007T14141795435,NXT,2026-10-07,2026-10-07T10:27:58.638500-04:00,85.0099,0.047
RBRK-20261007T14173616157,RBRK,2026-10-07,2026-10-07T10:27:58.638500-04:00,123.685,-0.4948
CRWD-20261007T14223679544,CRWD,2026-10-07,2026-10-07T10:27:58.638500-04:00,269.93,-0.8704
COHR-20261007T14260483831,COHR,2026-10-07,2026-10-07T10:27:58.638500-04:00,323.5751,0.0263
CDNA-20261007T13361674905,CDNA,2026-10-07,2026-10-07T10:28:08.956112-04:00,63.7544,-0.5749
MSTR-20261007T14020173073,MSTR,2026-10-07,2026-10-07T10:28:08.956112-04:00,155.135,0.7136
APLD-20261007T14055810206,APLD,2026-10-07,2026-10-07T10:28:08.956112-04:00,24.065,0.4344
PRIM-20261007T14070235974,PRIM,2026-10-07,2026-10-07T10:28:08.956112-04:00,80.4625,0.1582
HUT-20261007T14140763403,HUT,2026-10-07,2026-10-07T10:28:08.956112-04:00,88.845,0.8648
NXT-20261007T14141795435,NXT,2026-10-07,2026-10-07T10:28:08.956112-04:00,84.92,-0.0588
RBRK-20261007T14173616157,RBRK,2026-10-07,2026-10-07T10:28:08.956112-04:00,123.705,-0.4787
CRWD-20261007T14223679544,CRWD,2026-10-07,2026-10-07T10:28:08.956112-04:00,270.1588,-0.7863
COHR-20261007T14260483831,COHR,2026-10-07,2026-10-07T10:28:08.956112-04:00,323.27,-0.068
CDNA-20261007T13361674905,CDNA,2026-10-07,2026-10-07T10:28:19.739807-04:00,63.7794,-0.6143
MSTR-20261007T14020173073,MSTR,2026-10-07,2026-10-07T10:28:19.739807-04:00,155.23,0.6528
APLD-20261007T14055810206,APLD,2026-10-07,2026-10-07T10:28:19.739807-04:00,24.085,0.3517
PRIM-20261007T14070235974,PRIM,2026-10-07,2026-10-07T10:28:19.739807-04:00,80.4895,0.1247
HUT-20261007T14140763403,HUT,2026-10-07,2026-10-07T10:28:19.739807-04:00,88.9343,0.7651
NXT-20261007T14141795435,NXT,2026-10-07,2026-10-07T10:28:19.739807-04:00,84.95,-0.0235
COHR-20261007T14260483831,COHR,2026-10-07,2026-10-07T10:28:19.739807-04:00,323.384,-0.0328
CDNA-20261007T13361674905,CDNA,2026-10-07,2026-10-07T10:28:30.128509-04:00,63.7131,-0.5097
MSTR-20261007T14020173073,MSTR,2026-10-07,2026-10-07T10:28:30.128509-04:00,155.22,0.6592
APLD-20261007T14055810206,APLD,2026-10-07,2026-10-07T10:28:30.128509-04:00,24.095,0.3103
PRIM-20261007T14070235974,PRIM,2026-10-07,2026-10-07T10:28:30.128509-04:00,80.4895,0.1247
HUT-20261007T14140763403,HUT,2026-10-07,2026-10-07T10:28:30.128509-04:00,88.98,0.7141
NXT-20261007T14141795435,NXT,2026-10-07,2026-10-07T10:28:30.128509-04:00,84.9656,-0.0052
COHR-20261007T14260483831,COHR,2026-10-07,2026-10-07T10:28:30.128509-04:00,323.25,-0.0742
CDNA-20261007T13361674905,CDNA,2026-10-07,2026-10-07T10:28:40.514658-04:00,63.6752,-0.4499
MSTR-20261007T14020173073,MSTR,2026-10-07,2026-10-07T10:28:40.514658-04:00,155.2,0.672
APLD-20261007T14055810206,APLD,2026-10-07,2026-10-07T10:28:40.514658-04:00,24.075,0.393
PRIM-20261007T14070235974,PRIM,2026-10-07,2026-10-07T10:28:40.514658-04:00,80.48,0.1365
HUT-20261007T14140763403,HUT,2026-10-07,2026-10-07T10:28:40.514658-04:00,88.94,0.7588
NXT-20261007T14141795435,NXT,2026-10-07,2026-10-07T10:28:40.514658-04:00,84.985,0.0177
COHR-20261007T14260483831,COHR,2026-10-07,2026-10-07T10:28:40.514658-04:00,323.25,-0.0742
CDNA-20261007T13361674905,CDNA,2026-10-07,2026-10-07T10:28:50.833748-04:00,63.6752,-0.4499
MSTR-20261007T14020173073,MSTR,2026-10-07,2026-10-07T10:28:50.833748-04:00,155.28,0.6208
APLD-20261007T14055810206,APLD,2026-10-07,2026-10-07T10:28:50.833748-04:00,24.085,0.3517
PRIM-20261007T14070235974,PRIM,2026-10-07,2026-10-07T10:28:50.833748-04:00,80.54,0.062
HUT-20261007T14140763403,HUT,2026-10-07,2026-10-07T10:28:50.833748-04:00,88.9,0.8034
NXT-20261007T14141795435,NXT,2026-10-07,2026-10-07T10:28:50.833748-04:00,84.985,0.0177
COHR-20261007T14260483831,COHR,2026-10-07,2026-10-07T10:28:50.833748-04:00,323.4868,-0.001
CDNA-20261007T13361674905,CDNA,2026-10-07,2026-10-07T10:29:01.176235-04:00,63.7622,-0.5872
MSTR-20261007T14020173073,MSTR,2026-10-07,2026-10-07T10:29:01.176235-04:00,155.17,0.6912
APLD-20261007T14055810206,APLD,2026-10-07,2026-10-07T10:29:01.176235-04:00,24.085,0.3517
PRIM-20261007T14070235974,PRIM,2026-10-07,2026-10-07T10:29:01.176235-04:00,80.43,0.1985
HUT-20261007T14140763403,HUT,2026-10-07,2026-10-07T10:29:01.176235-04:00,88.945,0.7532
NXT-20261007T14141795435,NXT,2026-10-07,2026-10-07T10:29:01.176235-04:00,85.0,0.0353
COHR-20261007T14260483831,COHR,2026-10-07,2026-10-07T10:29:01.176235-04:00,323.69,0.0618
CDNA-20261007T13361674905,CDNA,2026-10-07,2026-10-07T10:29:11.601957-04:00,63.63,-0.3786
MSTR-20261007T14020173073,MSTR,2026-10-07,2026-10-07T10:29:11.601957-04:00,155.41,0.5376
APLD-20261007T14055810206,APLD,2026-10-07,2026-10-07T10:29:11.601957-04:00,24.0796,0.374
PRIM-20261007T14070235974,PRIM,2026-10-07,2026-10-07T10:29:11.601957-04:00,80.43,0.1985
HUT-20261007T14140763403,HUT,2026-10-07,2026-10-07T10:29:11.601957-04:00,89.0188,0.6708
NXT-20261007T14141795435,NXT,2026-10-07,2026-10-07T10:29:11.601957-04:00,84.98,0.0118
COHR-20261007T14260483831,COHR,2026-10-07,2026-10-07T10:29:11.601957-04:00,323.305,-0.0572
CDNA-20261007T13361674905,CDNA,2026-10-07,2026-10-07T10:29:21.920436-04:00,63.63,-0.3786
MSTR-20261007T14020173073,MSTR,2026-10-07,2026-10-07T10:29:21.920436-04:00,155.27,0.6272
APLD-20261007T14055810206,APLD,2026-10-07,2026-10-07T10:29:21.920436-04:00,24.07,0.4137
PRIM-20261007T14070235974,PRIM,2026-10-07,2026-10-07T10:29:21.920436-04:00,80.43,0.1985
HUT-20261007T14140763403,HUT,2026-10-07,2026-10-07T10:29:21.920436-04:00,88.97,0.7253
NXT-20261007T14141795435,NXT,2026-10-07,2026-10-07T10:29:21.920436-04:00,85.01,0.0471
COHR-20261007T14260483831,COHR,2026-10-07,2026-10-07T10:29:21.920436-04:00,323.26,-0.0711
CDNA-20261007T13361674905,CDNA,2026-10-07,2026-10-07T10:29:32.234200-04:00,63.6606,-0.4269
MSTR-20261007T14020173073,MSTR,2026-10-07,2026-10-07T10:29:32.234200-04:00,155.265,0.6304
APLD-20261007T14055810206,APLD,2026-10-07,2026-10-07T10:29:32.234200-04:00,24.065,0.4344
PRIM-20261007T14070235974,PRIM,2026-10-07,2026-10-07T10:29:32.234200-04:00,80.52,0.0869
HUT-20261007T14140763403,HUT,2026-10-07,2026-10-07T10:29:32.234200-04:00,88.875,0.8313
NXT-20261007T14141795435,NXT,2026-10-07,2026-10-07T10:29:32.234200-04:00,84.9608,-0.0108
COHR-20261007T14260483831,COHR,2026-10-07,2026-10-07T10:29:32.234200-04:00,323.4378,-0.0161
CDNA-20261007T13361674905,CDNA,2026-10-07,2026-10-07T10:29:42.571540-04:00,63.66,-0.4259
MSTR-20261007T14020173073,MSTR,2026-10-07,2026-10-07T10:29:42.571540-04:00,155.24,0.6464
APLD-20261007T14055810206,APLD,2026-10-07,2026-10-07T10:29:42.571540-04:00,24.0571,0.4671
PRIM-20261007T14070235974,PRIM,2026-10-07,2026-10-07T10:29:42.571540-04:00,80.47,0.1489
HUT-20261007T14140763403,HUT,2026-10-07,2026-10-07T10:29:42.571540-04:00,88.89,0.8146
NXT-20261007T14141795435,NXT,2026-10-07,2026-10-07T10:29:42.571540-04:00,85.03,0.0706
COHR-20261007T14260483831,COHR,2026-10-07,2026-10-07T10:29:42.571540-04:00,323.155,-0.1036
CDNA-20261007T13361674905,CDNA,2026-10-07,2026-10-07T10:29:52.866428-04:00,63.72,-0.5206
MSTR-20261007T14020173073,MSTR,2026-10-07,2026-10-07T10:29:52.866428-04:00,155.32,0.5952
APLD-20261007T14055810206,APLD,2026-10-07,2026-10-07T10:29:52.866428-04:00,24.085,0.3517
PRIM-20261007T14070235974,PRIM,2026-10-07,2026-10-07T10:29:52.866428-04:00,80.47,0.1489
HUT-20261007T14140763403,HUT,2026-10-07,2026-10-07T10:29:52.866428-04:00,88.84,0.8703
NXT-20261007T14141795435,NXT,2026-10-07,2026-10-07T10:29:52.866428-04:00,85.0,0.0353
COHR-20261007T14260483831,COHR,2026-10-07,2026-10-07T10:29:52.866428-04:00,322.4885,-0.3096
CDNA-20261007T13361674905,CDNA,2026-10-07,2026-10-07T10:30:03.144594-04:00,63.71,-0.5048
MSTR-20261007T14020173073,MSTR,2026-10-07,2026-10-07T10:30:03.144594-04:00,155.2687,0.628
APLD-20261007T14055810206,APLD,2026-10-07,2026-10-07T10:30:03.144594-04:00,24.0853,0.3504
PRIM-20261007T14070235974,PRIM,2026-10-07,2026-10-07T10:30:03.144594-04:00,80.4995,0.1123
HUT-20261007T14140763403,HUT,2026-10-07,2026-10-07T10:30:03.144594-04:00,88.84,0.8703
NXT-20261007T14141795435,NXT,2026-10-07,2026-10-07T10:30:03.144594-04:00,85.0,0.0353
COHR-20261007T14260483831,COHR,2026-10-07,2026-10-07T10:30:03.144594-04:00,323.3294,-0.0496
CDNA-20261007T13361674905,CDNA,2026-10-07,2026-10-07T10:30:13.877714-04:00,63.69,-0.4733
MSTR-20261007T14020173073,MSTR,2026-10-07,2026-10-07T10:30:13.877714-04:00,155.295,0.6112
APLD-20261007T14055810206,APLD,2026-10-07,2026-10-07T10:30:13.877714-04:00,24.09,0.331
PRIM-20261007T14070235974,PRIM,2026-10-07,2026-10-07T10:30:13.877714-04:00,80.465,0.1551
HUT-20261007T14140763403,HUT,2026-10-07,2026-10-07T10:30:13.877714-04:00,88.84,0.8703
NXT-20261007T14141795435,NXT,2026-10-07,2026-10-07T10:30:13.877714-04:00,85.0,0.0353
COHR-20261007T14260483831,COHR,2026-10-07,2026-10-07T10:30:13.877714-04:00,323.28,-0.0649
CDNA-20261007T13361674905,CDNA,2026-10-07,2026-10-07T10:30:24.511406-04:00,63.809,-0.661
MSTR-20261007T14020173073,MSTR,2026-10-07,2026-10-07T10:30:24.511406-04:00,155.244,0.6438
APLD-20261007T14055810206,APLD,2026-10-07,2026-10-07T10:30:24.511406-04:00,24.075,0.393
PRIM-20261007T14070235974,PRIM,2026-10-07,2026-10-07T10:30:24.511406-04:00,80.45,0.1737
HUT-20261007T14140763403,HUT,2026-10-07,2026-10-07T10:30:24.511406-04:00,88.9715,0.7236
NXT-20261007T14141795435,NXT,2026-10-07,2026-10-07T10:30:24.511406-04:00,84.98,0.0118
COHR-20261007T14260483831,COHR,2026-10-07,2026-10-07T10:30:24.511406-04:00,323.49,0.0
CDNA-20261007T13361674905,CDNA,2026-10-07,2026-10-07T10:30:35.143541-04:00,63.7,-0.489
MSTR-20261007T14020173073,MSTR,2026-10-07,2026-10-07T10:30:35.143541-04:00,155.3,0.608
APLD-20261007T14055810206,APLD,2026-10-07,2026-10-07T10:30:35.143541-04:00,24.07,0.4137
PRIM-20261007T14070235974,PRIM,2026-10-07,2026-10-07T10:30:35.143541-04:00,80.4822,0.1338
HUT-20261007T14140763403,HUT,2026-10-07,2026-10-07T10:30:35.143541-04:00,88.63,1.1047
NXT-20261007T14141795435,NXT,2026-10-07,2026-10-07T10:30:35.143541-04:00,84.974,0.0047
COHR-20261007T14260483831,COHR,2026-10-07,2026-10-07T10:30:35.143541-04:00,323.5,0.0031
CDNA-20261007T13361674905,CDNA,2026-10-07,2026-10-07T10:30:45.765211-04:00,63.6563,-0.4201
MSTR-20261007T14020173073,MSTR,2026-10-07,2026-10-07T10:30:45.765211-04:00,155.355,0.5728
APLD-20261007T14055810206,APLD,2026-10-07,2026-10-07T10:30:45.765211-04:00,24.08,0.3724
PRIM-20261007T14070235974,PRIM,2026-10-07,2026-10-07T10:30:45.765211-04:00,80.4822,0.1338
HUT-20261007T14140763403,HUT,2026-10-07,2026-10-07T10:30:45.765211-04:00,88.585,1.1549
NXT-20261007T14141795435,NXT,2026-10-07,2026-10-07T10:30:45.765211-04:00,84.9118,-0.0685
COHR-20261007T14260483831,COHR,2026-10-07,2026-10-07T10:30:45.765211-04:00,323.3,-0.0587
CDNA-20261007T13361674905,CDNA,2026-10-07,2026-10-07T10:30:56.404825-04:00,63.825,-0.6862
MSTR-20261007T14020173073,MSTR,2026-10-07,2026-10-07T10:30:56.404825-04:00,155.29,0.6144
APLD-20261007T14055810206,APLD,2026-10-07,2026-10-07T10:30:56.404825-04:00,24.055,0.4758
PRIM-20261007T14070235974,PRIM,2026-10-07,2026-10-07T10:30:56.404825-04:00,80.4822,0.1338
HUT-20261007T14140763403,HUT,2026-10-07,2026-10-07T10:30:56.404825-04:00,88.505,1.2441
NXT-20261007T14141795435,NXT,2026-10-07,2026-10-07T10:30:56.404825-04:00,84.995,0.0294
COHR-20261007T14260483831,COHR,2026-10-07,2026-10-07T10:30:56.404825-04:00,323.15,-0.1051
CDNA-20261007T13361674905,CDNA,2026-10-07,2026-10-07T10:31:07.115336-04:00,63.79,-0.631
MSTR-20261007T14020173073,MSTR,2026-10-07,2026-10-07T10:31:07.115336-04:00,155.245,0.6432
APLD-20261007T14055810206,APLD,2026-10-07,2026-10-07T10:31:07.115336-04:00,24.05,0.4965
PRIM-20261007T14070235974,PRIM,2026-10-07,2026-10-07T10:31:07.115336-04:00,80.43,0.1985
HUT-20261007T14140763403,HUT,2026-10-07,2026-10-07T10:31:07.115336-04:00,88.505,1.2441
NXT-20261007T14141795435,NXT,2026-10-07,2026-10-07T10:31:07.115336-04:00,84.93,-0.0471
COHR-20261007T14260483831,COHR,2026-10-07,2026-10-07T10:31:07.115336-04:00,323.3596,-0.0403
CDNA-20261007T13361674905,CDNA,2026-10-07,2026-10-07T10:31:18.073592-04:00,63.785,-0.6231
MSTR-20261007T14020173073,MSTR,2026-10-07,2026-10-07T10:31:18.073592-04:00,155.275,0.624
APLD-20261007T14055810206,APLD,2026-10-07,2026-10-07T10:31:18.073592-04:00,24.0626,0.4444
PRIM-20261007T14070235974,PRIM,2026-10-07,2026-10-07T10:31:18.073592-04:00,80.34,0.3102
HUT-20261007T14140763403,HUT,2026-10-07,2026-10-07T10:31:18.073592-04:00,88.44,1.3167
NXT-20261007T14141795435,NXT,2026-10-07,2026-10-07T10:31:18.073592-04:00,85.0,0.0353
COHR-20261007T14260483831,COHR,2026-10-07,2026-10-07T10:31:18.073592-04:00,322.82,-0.2071
CDNA-20261007T13361674905,CDNA,2026-10-07,2026-10-07T10:31:29.067399-04:00,63.9788,-0.9289
MSTR-20261007T14020173073,MSTR,2026-10-07,2026-10-07T10:31:29.067399-04:00,155.308,0.6029
APLD-20261007T14055810206,APLD,2026-10-07,2026-10-07T10:31:29.067399-04:00,24.065,0.4344
PRIM-20261007T14070235974,PRIM,2026-10-07,2026-10-07T10:31:29.067399-04:00,80.34,0.3102
HUT-20261007T14140763403,HUT,2026-10-07,2026-10-07T10:31:29.067399-04:00,88.8241,0.8881
NXT-20261007T14141795435,NXT,2026-10-07,2026-10-07T10:31:29.067399-04:00,84.9417,-0.0333
COHR-20261007T14260483831,COHR,2026-10-07,2026-10-07T10:31:29.067399-04:00,323.08,-0.1267
CDNA-20261007T13361674905,CDNA,2026-10-07,2026-10-07T10:31:39.979547-04:00,63.795,-0.6389
MSTR-20261007T14020173073,MSTR,2026-10-07,2026-10-07T10:31:39.979547-04:00,155.4186,0.5321
APLD-20261007T14055810206,APLD,2026-10-07,2026-10-07T10:31:39.979547-04:00,24.05,0.4965
PRIM-20261007T14070235974,PRIM,2026-10-07,2026-10-07T10:31:39.979547-04:00,80.5,0.1117
HUT-20261007T14140763403,HUT,2026-10-07,2026-10-07T10:31:39.979547-04:00,88.51,1.2386
NXT-20261007T14141795435,NXT,2026-10-07,2026-10-07T10:31:39.979547-04:00,84.985,0.0177
COHR-20261007T14260483831,COHR,2026-10-07,2026-10-07T10:31:39.979547-04:00,323.1,-0.1206
CDNA-20261007T13361674905,CDNA,2026-10-07,2026-10-07T10:31:50.803583-04:00,63.79,-0.631
MSTR-20261007T14020173073,MSTR,2026-10-07,2026-10-07T10:31:50.803583-04:00,155.285,0.6176
APLD-20261007T14055810206,APLD,2026-10-07,2026-10-07T10:31:50.803583-04:00,24.0679,0.4224
PRIM-20261007T14070235974,PRIM,2026-10-07,2026-10-07T10:31:50.803583-04:00,80.315,0.3412
HUT-20261007T14140763403,HUT,2026-10-07,2026-10-07T10:31:50.803583-04:00,88.7838,0.9331
NXT-20261007T14141795435,NXT,2026-10-07,2026-10-07T10:31:50.803583-04:00,85.015,0.053
COHR-20261007T14260483831,COHR,2026-10-07,2026-10-07T10:31:50.803583-04:00,323.12,-0.1144
CDNA-20261007T13361674905,CDNA,2026-10-07,2026-10-07T10:32:01.470744-04:00,63.7639,-0.5898
MSTR-20261007T14020173073,MSTR,2026-10-07,2026-10-07T10:32:01.470744-04:00,155.34,0.5824
APLD-20261007T14055810206,APLD,2026-10-07,2026-10-07T10:32:01.470744-04:00,24.095,0.3103
PRIM-20261007T14070235974,PRIM,2026-10-07,2026-10-07T10:32:01.470744-04:00,80.36,0.2854
HUT-20261007T14140763403,HUT,2026-10-07,2026-10-07T10:32:01.470744-04:00,88.6,1.1381
NXT-20261007T14141795435,NXT,2026-10-07,2026-10-07T10:32:01.470744-04:00,85.015,0.053
COHR-20261007T14260483831,COHR,2026-10-07,2026-10-07T10:32:01.470744-04:00,322.9001,-0.1824
CDNA-20261007T13361674905,CDNA,2026-10-07,2026-10-07T10:32:12.145117-04:00,63.87,-0.7572
MSTR-20261007T14020173073,MSTR,2026-10-07,2026-10-07T10:32:12.145117-04:00,155.284,0.6182
APLD-20261007T14055810206,APLD,2026-10-07,2026-10-07T10:32:12.145117-04:00,24.115,0.2276
PRIM-20261007T14070235974,PRIM,2026-10-07,2026-10-07T10:32:12.145117-04:00,80.4023,0.2329
HUT-20261007T14140763403,HUT,2026-10-07,2026-10-07T10:32:12.145117-04:00,88.695,1.0321
NXT-20261007T14141795435,NXT,2026-10-07,2026-10-07T10:32:12.145117-04:00,84.944,-0.0306
COHR-20261007T14260483831,COHR,2026-10-07,2026-10-07T10:32:12.145117-04:00,323.31,-0.0556
CDNA-20261007T13361674905,CDNA,2026-10-07,2026-10-07T10:32:22.834153-04:00,63.79,-0.631
MSTR-20261007T14020173073,MSTR,2026-10-07,2026-10-07T10:32:22.834153-04:00,155.2796,0.6211
APLD-20261007T14055810206,APLD,2026-10-07,2026-10-07T10:32:22.834153-04:00,24.1199,0.2073
PRIM-20261007T14070235974,PRIM,2026-10-07,2026-10-07T10:32:22.834153-04:00,80.4023,0.2329
HUT-20261007T14140763403,HUT,2026-10-07,2026-10-07T10:32:22.834153-04:00,88.61,1.127
NXT-20261007T14141795435,NXT,2026-10-07,2026-10-07T10:32:22.834153-04:00,85.17,0.2354
COHR-20261007T14260483831,COHR,2026-10-07,2026-10-07T10:32:22.834153-04:00,323.4,-0.0278
CDNA-20261007T13361674905,CDNA,2026-10-07,2026-10-07T10:32:33.542805-04:00,63.825,-0.6862
MSTR-20261007T14020173073,MSTR,2026-10-07,2026-10-07T10:32:33.542805-04:00,155.2716,0.6262
APLD-20261007T14055810206,APLD,2026-10-07,2026-10-07T10:32:33.542805-04:00,24.11,0.2482
PRIM-20261007T14070235974,PRIM,2026-10-07,2026-10-07T10:32:33.542805-04:00,80.4258,0.2037
HUT-20261007T14140763403,HUT,2026-10-07,2026-10-07T10:32:33.542805-04:00,88.7111,1.0142
NXT-20261007T14141795435,NXT,2026-10-07,2026-10-07T10:32:33.542805-04:00,84.9757,0.0067
COHR-20261007T14260483831,COHR,2026-10-07,2026-10-07T10:32:33.542805-04:00,323.375,-0.0355
CDNA-20261007T13361674905,CDNA,2026-10-07,2026-10-07T10:32:44.229161-04:00,63.92,-0.8361
MSTR-20261007T14020173073,MSTR,2026-10-07,2026-10-07T10:32:44.229161-04:00,155.31,0.6016
APLD-20261007T14055810206,APLD,2026-10-07,2026-10-07T10:32:44.229161-04:00,24.115,0.2276
PRIM-20261007T14070235974,PRIM,2026-10-07,2026-10-07T10:32:44.229161-04:00,80.31,0.3474
HUT-20261007T14140763403,HUT,2026-10-07,2026-10-07T10:32:44.229161-04:00,88.82,0.8927
NXT-20261007T14141795435,NXT,2026-10-07,2026-10-07T10:32:44.229161-04:00,85.21,0.2825
COHR-20261007T14260483831,COHR,2026-10-07,2026-10-07T10:32:44.229161-04:00,323.375,-0.0355
CDNA-20261007T13361674905,CDNA,2026-10-07,2026-10-07T10:32:54.842508-04:00,63.8171,-0.6738
MSTR-20261007T14020173073,MSTR,2026-10-07,2026-10-07T10:32:54.842508-04:00,155.33,0.5888
APLD-20261007T14055810206,APLD,2026-10-07,2026-10-07T10:32:54.842508-04:00,24.115,0.2276
PRIM-20261007T14070235974,PRIM,2026-10-07,2026-10-07T10:32:54.842508-04:00,80.4,0.2358
HUT-20261007T14140763403,HUT,2026-10-07,2026-10-07T10:32:54.842508-04:00,88.9,0.8034
NXT-20261007T14141795435,NXT,2026-10-07,2026-10-07T10:32:54.842508-04:00,85.21,0.2825
COHR-20261007T14260483831,COHR,2026-10-07,2026-10-07T10:32:54.842508-04:00,323.1978,-0.0903
CDNA-20261007T13361674905,CDNA,2026-10-07,2026-10-07T10:33:05.346720-04:00,63.86,-0.7414
MSTR-20261007T14020173073,MSTR,2026-10-07,2026-10-07T10:33:05.346720-04:00,155.382,0.5555
APLD-20261007T14055810206,APLD,2026-10-07,2026-10-07T10:33:05.346720-04:00,24.12,0.2069
PRIM-20261007T14070235974,PRIM,2026-10-07,2026-10-07T10:33:05.346720-04:00,80.3705,0.2724
HUT-20261007T14140763403,HUT,2026-10-07,2026-10-07T10:33:05.346720-04:00,88.79,0.9261
NXT-20261007T14141795435,NXT,2026-10-07,2026-10-07T10:33:05.346720-04:00,85.0446,0.0878
COHR-20261007T14260483831,COHR,2026-10-07,2026-10-07T10:33:05.346720-04:00,323.13,-0.1113
CDNA-20261007T13361674905,CDNA,2026-10-07,2026-10-07T10:33:16.105451-04:00,63.86,-0.7414
MSTR-20261007T14020173073,MSTR,2026-10-07,2026-10-07T10:33:16.105451-04:00,155.3136,0.5993
APLD-20261007T14055810206,APLD,2026-10-07,2026-10-07T10:33:16.105451-04:00,24.145,0.1034
PRIM-20261007T14070235974,PRIM,2026-10-07,2026-10-07T10:33:16.105451-04:00,80.3581,0.2878
NXT-20261007T14141795435,NXT,2026-10-07,2026-10-07T10:33:16.105451-04:00,85.1003,0.1533
COHR-20261007T14260483831,COHR,2026-10-07,2026-10-07T10:33:16.105451-04:00,323.04,-0.1391
CDNA-20261007T13361674905,CDNA,2026-10-07,2026-10-07T10:33:26.706728-04:00,63.87,-0.7572
MSTR-20261007T14020173073,MSTR,2026-10-07,2026-10-07T10:33:26.706728-04:00,155.495,0.4832
APLD-20261007T14055810206,APLD,2026-10-07,2026-10-07T10:33:26.706728-04:00,24.145,0.1034
PRIM-20261007T14070235974,PRIM,2026-10-07,2026-10-07T10:33:26.706728-04:00,80.43,0.1985
NXT-20261007T14141795435,NXT,2026-10-07,2026-10-07T10:33:26.706728-04:00,85.25,0.3295
COHR-20261007T14260483831,COHR,2026-10-07,2026-10-07T10:33:26.706728-04:00,323.205,-0.0881
CDNA-20261007T13361674905,CDNA,2026-10-07,2026-10-07T10:33:37.141090-04:00,63.71,-0.5048
MSTR-20261007T14020173073,MSTR,2026-10-07,2026-10-07T10:33:37.141090-04:00,155.4401,0.5183
APLD-20261007T14055810206,APLD,2026-10-07,2026-10-07T10:33:37.141090-04:00,24.1487,0.0881
PRIM-20261007T14070235974,PRIM,2026-10-07,2026-10-07T10:33:37.141090-04:00,80.3859,0.2533
NXT-20261007T14141795435,NXT,2026-10-07,2026-10-07T10:33:37.141090-04:00,85.2638,0.3458
COHR-20261007T14260483831,COHR,2026-10-07,2026-10-07T10:33:37.141090-04:00,323.15,-0.1051
CDNA-20261007T13361674905,CDNA,2026-10-07,2026-10-07T10:33:47.537765-04:00,63.8275,-0.6902
MSTR-20261007T14020173073,MSTR,2026-10-07,2026-10-07T10:33:47.537765-04:00,155.415,0.5344
APLD-20261007T14055810206,APLD,2026-10-07,2026-10-07T10:33:47.537765-04:00,24.14,0.1241
PRIM-20261007T14070235974,PRIM,2026-10-07,2026-10-07T10:33:47.537765-04:00,80.39,0.2482
NXT-20261007T14141795435,NXT,2026-10-07,2026-10-07T10:33:47.537765-04:00,85.0167,0.055
COHR-20261007T14260483831,COHR,2026-10-07,2026-10-07T10:33:47.537765-04:00,323.14,-0.1082
CDNA-20261007T13361674905,CDNA,2026-10-07,2026-10-07T10:33:57.919655-04:00,63.72,-0.5206
MSTR-20261007T14020173073,MSTR,2026-10-07,2026-10-07T10:33:57.919655-04:00,155.405,0.5408
APLD-20261007T14055810206,APLD,2026-10-07,2026-10-07T10:33:57.919655-04:00,24.15,0.0827
PRIM-20261007T14070235974,PRIM,2026-10-07,2026-10-07T10:33:57.919655-04:00,80.6,-0.0124
NXT-20261007T14141795435,NXT,2026-10-07,2026-10-07T10:33:57.919655-04:00,85.235,0.3119
COHR-20261007T14260483831,COHR,2026-10-07,2026-10-07T10:33:57.919655-04:00,322.42,-0.3308
CDNA-20261007T13361674905,CDNA,2026-10-07,2026-10-07T10:34:08.147409-04:00,63.68,-0.4575
MSTR-20261007T14020173073,MSTR,2026-10-07,2026-10-07T10:34:08.147409-04:00,155.46,0.5056
APLD-20261007T14055810206,APLD,2026-10-07,2026-10-07T10:34:08.147409-04:00,24.145,0.1034
PRIM-20261007T14070235974,PRIM,2026-10-07,2026-10-07T10:34:08.147409-04:00,80.4673,0.1523
NXT-20261007T14141795435,NXT,2026-10-07,2026-10-07T10:34:08.147409-04:00,85.2459,0.3247
COHR-20261007T14260483831,COHR,2026-10-07,2026-10-07T10:34:08.147409-04:00,322.19,-0.4019
CDNA-20261007T13361674905,CDNA,2026-10-07,2026-10-07T10:34:18.882617-04:00,63.69,-0.4733
MSTR-20261007T14020173073,MSTR,2026-10-07,2026-10-07T10:34:18.882617-04:00,155.6537,0.3816
APLD-20261007T14055810206,APLD,2026-10-07,2026-10-07T10:34:18.882617-04:00,24.1389,0.1287
NXT-20261007T14141795435,NXT,2026-10-07,2026-10-07T10:34:18.882617-04:00,85.2442,0.3227
COHR-20261007T14260483831,COHR,2026-10-07,2026-10-07T10:34:18.882617-04:00,322.12,-0.4235
CDNA-20261007T13361674905,CDNA,2026-10-07,2026-10-07T10:34:29.189570-04:00,63.74,-0.5521
MSTR-20261007T14020173073,MSTR,2026-10-07,2026-10-07T10:34:29.189570-04:00,155.63,0.3968
APLD-20261007T14055810206,APLD,2026-10-07,2026-10-07T10:34:29.189570-04:00,24.14,0.1241
NXT-20261007T14141795435,NXT,2026-10-07,2026-10-07T10:34:29.189570-04:00,85.1067,0.1609
COHR-20261007T14260483831,COHR,2026-10-07,2026-10-07T10:34:29.189570-04:00,322.4533,-0.3205
CDNA-20261007T13361674905,CDNA,2026-10-07,2026-10-07T10:34:39.510641-04:00,63.7595,-0.5829
MSTR-20261007T14020173073,MSTR,2026-10-07,2026-10-07T10:34:39.510641-04:00,155.67,0.3712
APLD-20261007T14055810206,APLD,2026-10-07,2026-10-07T10:34:39.510641-04:00,24.145,0.1034
NXT-20261007T14141795435,NXT,2026-10-07,2026-10-07T10:34:39.510641-04:00,85.21,0.2825
COHR-20261007T14260483831,COHR,2026-10-07,2026-10-07T10:34:39.510641-04:00,322.77,-0.2226
CDNA-20261007T13361674905,CDNA,2026-10-07,2026-10-07T10:34:49.856849-04:00,63.73,-0.5364
MSTR-20261007T14020173073,MSTR,2026-10-07,2026-10-07T10:34:49.856849-04:00,155.6,0.416
APLD-20261007T14055810206,APLD,2026-10-07,2026-10-07T10:34:49.856849-04:00,24.13,0.1655
NXT-20261007T14141795435,NXT,2026-10-07,2026-10-07T10:34:49.856849-04:00,85.21,0.2825
COHR-20261007T14260483831,COHR,2026-10-07,2026-10-07T10:34:49.856849-04:00,322.42,-0.3308
CDNA-20261007T13361674905,CDNA,2026-10-07,2026-10-07T10:35:00.115760-04:00,63.71,-0.5048
MSTR-20261007T14020173073,MSTR,2026-10-07,2026-10-07T10:35:00.115760-04:00,155.6,0.416
APLD-20261007T14055810206,APLD,2026-10-07,2026-10-07T10:35:00.115760-04:00,24.135,0.1448
NXT-20261007T14141795435,NXT,2026-10-07,2026-10-07T10:35:00.115760-04:00,85.215,0.2883
COHR-20261007T14260483831,COHR,2026-10-07,2026-10-07T10:35:00.115760-04:00,322.9879,-0.1552
CDNA-20261007T13361674905,CDNA,2026-10-07,2026-10-07T10:35:10.760883-04:00,63.7419,-0.5551
MSTR-20261007T14020173073,MSTR,2026-10-07,2026-10-07T10:35:10.760883-04:00,155.56,0.4416
APLD-20261007T14055810206,APLD,2026-10-07,2026-10-07T10:35:10.760883-04:00,24.145,0.1034
NXT-20261007T14141795435,NXT,2026-10-07,2026-10-07T10:35:10.760883-04:00,85.193,0.2624
COHR-20261007T14260483831,COHR,2026-10-07,2026-10-07T10:35:10.760883-04:00,322.9367,-0.171
CDNA-20261007T13361674905,CDNA,2026-10-07,2026-10-07T10:35:21.377123-04:00,63.7685,-0.5971
MSTR-20261007T14020173073,MSTR,2026-10-07,2026-10-07T10:35:21.377123-04:00,155.46,0.5056
APLD-20261007T14055810206,APLD,2026-10-07,2026-10-07T10:35:21.377123-04:00,24.145,0.1034
NXT-20261007T14141795435,NXT,2026-10-07,2026-10-07T10:35:21.377123-04:00,85.15,0.2118
CDNA-20261007T13361674905,CDNA,2026-10-07,2026-10-07T10:35:31.926913-04:00,63.7676,-0.5957
MSTR-20261007T14020173073,MSTR,2026-10-07,2026-10-07T10:35:31.926913-04:00,155.48,0.4928
APLD-20261007T14055810206,APLD,2026-10-07,2026-10-07T10:35:31.926913-04:00,24.155,0.0621
NXT-20261007T14141795435,NXT,2026-10-07,2026-10-07T10:35:31.926913-04:00,85.155,0.2177
CDNA-20261007T13361674905,CDNA,2026-10-07,2026-10-07T10:35:42.454025-04:00,63.75,-0.5679
MSTR-20261007T14020173073,MSTR,2026-10-07,2026-10-07T10:35:42.454025-04:00,155.5526,0.4463
APLD-20261007T14055810206,APLD,2026-10-07,2026-10-07T10:35:42.454025-04:00,24.1779,-0.0327
NXT-20261007T14141795435,NXT,2026-10-07,2026-10-07T10:35:42.454025-04:00,85.205,0.2766
CDNA-20261007T13361674905,CDNA,2026-10-07,2026-10-07T10:35:52.865568-04:00,63.62,-0.3628
MSTR-20261007T14020173073,MSTR,2026-10-07,2026-10-07T10:35:52.865568-04:00,155.455,0.5088
APLD-20261007T14055810206,APLD,2026-10-07,2026-10-07T10:35:52.865568-04:00,24.18,-0.0414
NXT-20261007T14141795435,NXT,2026-10-07,2026-10-07T10:35:52.865568-04:00,85.25,0.3295
CDNA-20261007T13361674905,CDNA,2026-10-07,2026-10-07T10:36:03.276981-04:00,63.51,-0.1893
MSTR-20261007T14020173073,MSTR,2026-10-07,2026-10-07T10:36:03.276981-04:00,155.45,0.512
APLD-20261007T14055810206,APLD,2026-10-07,2026-10-07T10:36:03.276981-04:00,24.195,-0.1034
NXT-20261007T14141795435,NXT,2026-10-07,2026-10-07T10:36:03.276981-04:00,85.183,0.2507
CDNA-20261007T13361674905,CDNA,2026-10-07,2026-10-07T10:36:13.766178-04:00,63.6729,-0.4463
MSTR-20261007T14020173073,MSTR,2026-10-07,2026-10-07T10:36:13.766178-04:00,155.476,0.4954
NXT-20261007T14141795435,NXT,2026-10-07,2026-10-07T10:36:13.766178-04:00,85.195,0.2648
CDNA-20261007T13361674905,CDNA,2026-10-07,2026-10-07T10:36:24.051917-04:00,63.66,-0.4259
MSTR-20261007T14020173073,MSTR,2026-10-07,2026-10-07T10:36:24.051917-04:00,155.48,0.4928
NXT-20261007T14141795435,NXT,2026-10-07,2026-10-07T10:36:24.051917-04:00,85.154,0.2165
CDNA-20261007T13361674905,CDNA,2026-10-07,2026-10-07T10:36:34.362191-04:00,63.66,-0.4259
MSTR-20261007T14020173073,MSTR,2026-10-07,2026-10-07T10:36:34.362191-04:00,155.5,0.48
NXT-20261007T14141795435,NXT,2026-10-07,2026-10-07T10:36:34.362191-04:00,85.185,0.253
CDNA-20261007T13361674905,CDNA,2026-10-07,2026-10-07T10:36:44.621645-04:00,63.66,-0.4259
MSTR-20261007T14020173073,MSTR,2026-10-07,2026-10-07T10:36:44.621645-04:00,155.59,0.4224
NXT-20261007T14141795435,NXT,2026-10-07,2026-10-07T10:36:44.621645-04:00,85.1791,0.2461
CDNA-20261007T13361674905,CDNA,2026-10-07,2026-10-07T10:36:54.913255-04:00,63.7365,-0.5466
MSTR-20261007T14020173073,MSTR,2026-10-07,2026-10-07T10:36:54.913255-04:00,155.5002,0.4799
NXT-20261007T14141795435,NXT,2026-10-07,2026-10-07T10:36:54.913255-04:00,85.1715,0.2371
CDNA-20261007T13361674905,CDNA,2026-10-07,2026-10-07T10:37:05.203340-04:00,63.81,-0.6626
MSTR-20261007T14020173073,MSTR,2026-10-07,2026-10-07T10:37:05.203340-04:00,155.515,0.4704
NXT-20261007T14141795435,NXT,2026-10-07,2026-10-07T10:37:05.203340-04:00,85.162,0.226
CDNA-20261007T13361674905,CDNA,2026-10-07,2026-10-07T10:37:15.549884-04:00,63.68,-0.4575
MSTR-20261007T14020173073,MSTR,2026-10-07,2026-10-07T10:37:15.549884-04:00,155.55,0.448
NXT-20261007T14141795435,NXT,2026-10-07,2026-10-07T10:37:15.549884-04:00,85.103,0.1565
CDNA-20261007T13361674905,CDNA,2026-10-07,2026-10-07T10:37:25.898621-04:00,63.68,-0.4575
MSTR-20261007T14020173073,MSTR,2026-10-07,2026-10-07T10:37:25.898621-04:00,155.4509,0.5114
NXT-20261007T14141795435,NXT,2026-10-07,2026-10-07T10:37:25.898621-04:00,85.02,0.0588
CDNA-20261007T13361674905,CDNA,2026-10-07,2026-10-07T10:37:36.393705-04:00,63.7115,-0.5072
MSTR-20261007T14020173073,MSTR,2026-10-07,2026-10-07T10:37:36.393705-04:00,155.3571,0.5715
NXT-20261007T14141795435,NXT,2026-10-07,2026-10-07T10:37:36.393705-04:00,84.98,0.0118
CDNA-20261007T13361674905,CDNA,2026-10-07,2026-10-07T10:37:46.909178-04:00,63.7115,-0.5072
MSTR-20261007T14020173073,MSTR,2026-10-07,2026-10-07T10:37:46.909178-04:00,155.33,0.5888
NXT-20261007T14141795435,NXT,2026-10-07,2026-10-07T10:37:46.909178-04:00,85.005,0.0412
CDNA-20261007T13361674905,CDNA,2026-10-07,2026-10-07T10:37:57.311068-04:00,63.7516,-0.5704
MSTR-20261007T14020173073,MSTR,2026-10-07,2026-10-07T10:37:57.311068-04:00,155.285,0.6176
NXT-20261007T14141795435,NXT,2026-10-07,2026-10-07T10:37:57.311068-04:00,85.1356,0.1949
CDNA-20261007T13361674905,CDNA,2026-10-07,2026-10-07T10:38:07.708500-04:00,63.8119,-0.6656
MSTR-20261007T14020173073,MSTR,2026-10-07,2026-10-07T10:38:07.708500-04:00,155.26,0.6336
NXT-20261007T14141795435,NXT,2026-10-07,2026-10-07T10:38:07.708500-04:00,84.94,-0.0353
CDNA-20261007T13361674905,CDNA,2026-10-07,2026-10-07T10:38:18.137870-04:00,63.721,-0.5222
MSTR-20261007T14020173073,MSTR,2026-10-07,2026-10-07T10:38:18.137870-04:00,155.29,0.6144
CDNA-20261007T13361674905,CDNA,2026-10-07,2026-10-07T10:38:28.458063-04:00,63.85,-0.7257
MSTR-20261007T14020173073,MSTR,2026-10-07,2026-10-07T10:38:28.458063-04:00,155.3,0.608
CDNA-20261007T13361674905,CDNA,2026-10-07,2026-10-07T10:38:38.850627-04:00,63.8085,-0.6602
MSTR-20261007T14020173073,MSTR,2026-10-07,2026-10-07T10:38:38.850627-04:00,155.16,0.6976
CDNA-20261007T13361674905,CDNA,2026-10-07,2026-10-07T10:38:49.284826-04:00,63.85,-0.7257
MSTR-20261007T14020173073,MSTR,2026-10-07,2026-10-07T10:38:49.284826-04:00,155.12,0.7232
CDNA-20261007T13361674905,CDNA,2026-10-07,2026-10-07T10:38:59.704515-04:00,63.87,-0.7572
MSTR-20261007T14020173073,MSTR,2026-10-07,2026-10-07T10:38:59.704515-04:00,155.11,0.7296
CDNA-20261007T13361674905,CDNA,2026-10-07,2026-10-07T10:39:10.110437-04:00,63.8537,-0.7315
MSTR-20261007T14020173073,MSTR,2026-10-07,2026-10-07T10:39:10.110437-04:00,155.079,0.7494
CDNA-20261007T13361674905,CDNA,2026-10-07,2026-10-07T10:39:20.428160-04:00,63.8161,-0.6722
MSTR-20261007T14020173073,MSTR,2026-10-07,2026-10-07T10:39:20.428160-04:00,155.07,0.7552
CDNA-20261007T13361674905,CDNA,2026-10-07,2026-10-07T10:39:30.822768-04:00,63.75,-0.5679
MSTR-20261007T14020173073,MSTR,2026-10-07,2026-10-07T10:39:30.822768-04:00,155.105,0.7328
CDNA-20261007T13361674905,CDNA,2026-10-07,2026-10-07T10:39:41.106569-04:00,63.81,-0.6626
MSTR-20261007T14020173073,MSTR,2026-10-07,2026-10-07T10:39:41.106569-04:00,155.14,0.7104
CDNA-20261007T13361674905,CDNA,2026-10-07,2026-10-07T10:39:51.409683-04:00,63.88,-0.773
MSTR-20261007T14020173073,MSTR,2026-10-07,2026-10-07T10:39:51.409683-04:00,155.1608,0.6971
CDNA-20261007T13361674905,CDNA,2026-10-07,2026-10-07T10:40:01.667694-04:00,63.875,-0.7651
MSTR-20261007T14020173073,MSTR,2026-10-07,2026-10-07T10:40:01.667694-04:00,155.175,0.688
CDNA-20261007T13361674905,CDNA,2026-10-07,2026-10-07T10:40:12.037412-04:00,63.7612,-0.5856
MSTR-20261007T14020173073,MSTR,2026-10-07,2026-10-07T10:40:12.037412-04:00,155.24,0.6464
CDNA-20261007T13361674905,CDNA,2026-10-07,2026-10-07T10:40:22.458728-04:00,63.826,-0.6878
MSTR-20261007T14020173073,MSTR,2026-10-07,2026-10-07T10:40:22.458728-04:00,155.23,0.6528
CDNA-20261007T13361674905,CDNA,2026-10-07,2026-10-07T10:40:32.998935-04:00,63.88,-0.773
MSTR-20261007T14020173073,MSTR,2026-10-07,2026-10-07T10:40:32.998935-04:00,155.29,0.6144
CDNA-20261007T13361674905,CDNA,2026-10-07,2026-10-07T10:40:43.479785-04:00,63.95,-0.8834
MSTR-20261007T14020173073,MSTR,2026-10-07,2026-10-07T10:40:43.479785-04:00,155.195,0.6752
CDNA-20261007T13361674905,CDNA,2026-10-07,2026-10-07T10:40:53.852385-04:00,63.99,-0.9465
MSTR-20261007T14020173073,MSTR,2026-10-07,2026-10-07T10:40:53.852385-04:00,155.215,0.6624
CDNA-20261007T13361674905,CDNA,2026-10-07,2026-10-07T10:41:04.207607-04:00,63.8503,-0.7261
MSTR-20261007T14020173073,MSTR,2026-10-07,2026-10-07T10:41:04.207607-04:00,155.16,0.6976
CDNA-20261007T13361674905,CDNA,2026-10-07,2026-10-07T10:41:14.609477-04:00,63.96,-0.8992
MSTR-20261007T14020173073,MSTR,2026-10-07,2026-10-07T10:41:14.609477-04:00,155.13,0.7168
CDNA-20261007T13361674905,CDNA,2026-10-07,2026-10-07T10:41:24.981819-04:00,63.96,-0.8992
MSTR-20261007T14020173073,MSTR,2026-10-07,2026-10-07T10:41:24.981819-04:00,155.105,0.7328
CDNA-20261007T13361674905,CDNA,2026-10-07,2026-10-07T10:41:35.280846-04:00,63.87,-0.7572
MSTR-20261007T14020173073,MSTR,2026-10-07,2026-10-07T10:41:35.280846-04:00,155.1,0.736
CDNA-20261007T13361674905,CDNA,2026-10-07,2026-10-07T10:41:45.622120-04:00,63.95,-0.8834
MSTR-20261007T14020173073,MSTR,2026-10-07,2026-10-07T10:41:45.622120-04:00,155.16,0.6976
CDNA-20261007T13361674905,CDNA,2026-10-07,2026-10-07T10:41:55.935648-04:00,63.93,-0.8519
MSTR-20261007T14020173073,MSTR,2026-10-07,2026-10-07T10:41:55.935648-04:00,155.105,0.7328
CDNA-20261007T13361674905,CDNA,2026-10-07,2026-10-07T10:42:06.191444-04:00,63.7746,-0.6067
MSTR-20261007T14020173073,MSTR,2026-10-07,2026-10-07T10:42:06.191444-04:00,155.1308,0.7163
CDNA-20261007T13361674905,CDNA,2026-10-07,2026-10-07T10:42:16.470501-04:00,63.98,-0.9307
MSTR-20261007T14020173073,MSTR,2026-10-07,2026-10-07T10:42:16.470501-04:00,155.21,0.6656
CDNA-20261007T13361674905,CDNA,2026-10-07,2026-10-07T10:42:26.835386-04:00,64.07,-1.0727
MSTR-20261007T14020173073,MSTR,2026-10-07,2026-10-07T10:42:26.835386-04:00,155.15,0.704
CDNA-20261007T13361674905,CDNA,2026-10-07,2026-10-07T10:42:37.337124-04:00,64.1236,-1.1573
MSTR-20261007T14020173073,MSTR,2026-10-07,2026-10-07T10:42:37.337124-04:00,155.1654,0.6941
CDNA-20261007T13361674905,CDNA,2026-10-07,2026-10-07T10:42:47.630415-04:00,64.03,-1.0096
MSTR-20261007T14020173073,MSTR,2026-10-07,2026-10-07T10:42:47.630415-04:00,155.135,0.7136
CDNA-20261007T13361674905,CDNA,2026-10-07,2026-10-07T10:42:57.948420-04:00,64.16,-1.2147
MSTR-20261007T14020173073,MSTR,2026-10-07,2026-10-07T10:42:57.948420-04:00,155.13,0.7168
CDNA-20261007T13361674905,CDNA,2026-10-07,2026-10-07T10:43:08.265871-04:00,63.9307,-0.853
MSTR-20261007T14020173073,MSTR,2026-10-07,2026-10-07T10:43:08.265871-04:00,155.11,0.7296
CDNA-20261007T13361674905,CDNA,2026-10-07,2026-10-07T10:43:18.568650-04:00,64.2,-1.2778
MSTR-20261007T14020173073,MSTR,2026-10-07,2026-10-07T10:43:18.568650-04:00,155.13,0.7168
CDNA-20261007T13361674905,CDNA,2026-10-07,2026-10-07T10:43:28.795059-04:00,64.1925,-1.266
MSTR-20261007T14020173073,MSTR,2026-10-07,2026-10-07T10:43:28.795059-04:00,155.12,0.7232
CDNA-20261007T13361674905,CDNA,2026-10-07,2026-10-07T10:43:39.060644-04:00,64.16,-1.2147
MSTR-20261007T14020173073,MSTR,2026-10-07,2026-10-07T10:43:39.060644-04:00,155.14,0.7104
CDNA-20261007T13361674905,CDNA,2026-10-07,2026-10-07T10:43:49.286704-04:00,64.0157,-0.9871
MSTR-20261007T14020173073,MSTR,2026-10-07,2026-10-07T10:43:49.286704-04:00,155.125,0.72
CDNA-20261007T13361674905,CDNA,2026-10-07,2026-10-07T10:43:59.662627-04:00,64.18,-1.2463
MSTR-20261007T14020173073,MSTR,2026-10-07,2026-10-07T10:43:59.662627-04:00,155.11,0.7296
CDNA-20261007T13361674905,CDNA,2026-10-07,2026-10-07T10:44:10.087916-04:00,64.165,-1.2226
MSTR-20261007T14020173073,MSTR,2026-10-07,2026-10-07T10:44:10.087916-04:00,155.11,0.7296
CDNA-20261007T13361674905,CDNA,2026-10-07,2026-10-07T10:44:20.548894-04:00,64.285,-1.4119
MSTR-20261007T14020173073,MSTR,2026-10-07,2026-10-07T10:44:20.548894-04:00,154.9589,0.8263
CDNA-20261007T13361674905,CDNA,2026-10-07,2026-10-07T10:44:31.102072-04:00,64.3786,-1.5596
MSTR-20261007T14020173073,MSTR,2026-10-07,2026-10-07T10:44:31.102072-04:00,155.14,0.7104
CDNA-20261007T13361674905,CDNA,2026-10-07,2026-10-07T10:44:41.542024-04:00,64.41,-1.6091
MSTR-20261007T14020173073,MSTR,2026-10-07,2026-10-07T10:44:41.542024-04:00,155.23,0.6528
CDNA-20261007T13361674905,CDNA,2026-10-07,2026-10-07T10:44:52.029920-04:00,64.41,-1.6091
MSTR-20261007T14020173073,MSTR,2026-10-07,2026-10-07T10:44:52.029920-04:00,155.19,0.6784
CDNA-20261007T13361674905,CDNA,2026-10-07,2026-10-07T10:45:02.354669-04:00,64.4,-1.5933
MSTR-20261007T14020173073,MSTR,2026-10-07,2026-10-07T10:45:02.354669-04:00,155.17,0.6912
CDNA-20261007T13361674905,CDNA,2026-10-07,2026-10-07T10:45:12.922718-04:00,64.255,-1.3646
MSTR-20261007T14020173073,MSTR,2026-10-07,2026-10-07T10:45:12.922718-04:00,155.31,0.6016
CDNA-20261007T13361674905,CDNA,2026-10-07,2026-10-07T10:45:23.610159-04:00,64.26,-1.3725
MSTR-20261007T14020173073,MSTR,2026-10-07,2026-10-07T10:45:23.610159-04:00,155.35,0.576
CDNA-20261007T13361674905,CDNA,2026-10-07,2026-10-07T10:45:34.559926-04:00,64.22,-1.3094
MSTR-20261007T14020173073,MSTR,2026-10-07,2026-10-07T10:45:34.559926-04:00,155.515,0.4704
CDNA-20261007T13361674905,CDNA,2026-10-07,2026-10-07T10:45:45.346041-04:00,64.2,-1.2778
MSTR-20261007T14020173073,MSTR,2026-10-07,2026-10-07T10:45:45.346041-04:00,155.49,0.4864
CDNA-20261007T13361674905,CDNA,2026-10-07,2026-10-07T10:45:56.010157-04:00,64.21,-1.2936
MSTR-20261007T14020173073,MSTR,2026-10-07,2026-10-07T10:45:56.010157-04:00,155.405,0.5408
CDNA-20261007T13361674905,CDNA,2026-10-07,2026-10-07T10:46:06.654684-04:00,64.215,-1.3015
MSTR-20261007T14020173073,MSTR,2026-10-07,2026-10-07T10:46:06.654684-04:00,155.34,0.5824
CDNA-20261007T13361674905,CDNA,2026-10-07,2026-10-07T10:46:17.375968-04:00,64.2114,-1.2958
MSTR-20261007T14020173073,MSTR,2026-10-07,2026-10-07T10:46:17.375968-04:00,155.485,0.4896
CDNA-20261007T13361674905,CDNA,2026-10-07,2026-10-07T10:46:27.895651-04:00,64.2,-1.2778
MSTR-20261007T14020173073,MSTR,2026-10-07,2026-10-07T10:46:27.895651-04:00,155.485,0.4896
CDNA-20261007T13361674905,CDNA,2026-10-07,2026-10-07T10:46:38.326373-04:00,64.23,-1.3251
MSTR-20261007T14020173073,MSTR,2026-10-07,2026-10-07T10:46:38.326373-04:00,155.4723,0.4977
CDNA-20261007T13361674905,CDNA,2026-10-07,2026-10-07T10:46:48.762890-04:00,64.18,-1.2463
MSTR-20261007T14020173073,MSTR,2026-10-07,2026-10-07T10:46:48.762890-04:00,155.4,0.544
CDNA-20261007T13361674905,CDNA,2026-10-07,2026-10-07T10:46:59.437926-04:00,64.16,-1.2147
MSTR-20261007T14020173073,MSTR,2026-10-07,2026-10-07T10:46:59.437926-04:00,155.47,0.4992
CDNA-20261007T13361674905,CDNA,2026-10-07,2026-10-07T10:47:09.851178-04:00,64.135,-1.1753
MSTR-20261007T14020173073,MSTR,2026-10-07,2026-10-07T10:47:09.851178-04:00,155.523,0.4653
PRIM-20261007T14464943670,PRIM,2026-10-07,2026-10-07T10:47:09.851178-04:00,80.36,-0.0746
CDNA-20261007T13361674905,CDNA,2026-10-07,2026-10-07T10:47:20.272786-04:00,64.185,-1.2541
MSTR-20261007T14020173073,MSTR,2026-10-07,2026-10-07T10:47:20.272786-04:00,155.41,0.5376
PRIM-20261007T14464943670,PRIM,2026-10-07,2026-10-07T10:47:20.272786-04:00,80.31,-0.1368
CDNA-20261007T13361674905,CDNA,2026-10-07,2026-10-07T10:47:30.801261-04:00,64.205,-1.2857
MSTR-20261007T14020173073,MSTR,2026-10-07,2026-10-07T10:47:30.801261-04:00,155.44,0.5184
PRIM-20261007T14464943670,PRIM,2026-10-07,2026-10-07T10:47:30.801261-04:00,80.3,-0.1492
CDNA-20261007T13361674905,CDNA,2026-10-07,2026-10-07T10:47:41.271418-04:00,64.305,-1.4434
MSTR-20261007T14020173073,MSTR,2026-10-07,2026-10-07T10:47:41.271418-04:00,155.375,0.56
PRIM-20261007T14464943670,PRIM,2026-10-07,2026-10-07T10:47:41.271418-04:00,80.37,-0.0622
CDNA-20261007T13361674905,CDNA,2026-10-07,2026-10-07T10:47:51.652282-04:00,64.28,-1.404
MSTR-20261007T14020173073,MSTR,2026-10-07,2026-10-07T10:47:51.652282-04:00,155.3551,0.5727
PRIM-20261007T14464943670,PRIM,2026-10-07,2026-10-07T10:47:51.652282-04:00,80.305,-0.143
CDNA-20261007T13361674905,CDNA,2026-10-07,2026-10-07T10:48:02.021756-04:00,64.3,-1.4356
MSTR-20261007T14020173073,MSTR,2026-10-07,2026-10-07T10:48:02.021756-04:00,155.4,0.544
PRIM-20261007T14464943670,PRIM,2026-10-07,2026-10-07T10:48:02.021756-04:00,80.0365,-0.4769
CDNA-20261007T13361674905,CDNA,2026-10-07,2026-10-07T10:48:12.406730-04:00,64.236,-1.3346
MSTR-20261007T14020173073,MSTR,2026-10-07,2026-10-07T10:48:12.406730-04:00,155.47,0.4992
PRIM-20261007T14464943670,PRIM,2026-10-07,2026-10-07T10:48:12.406730-04:00,80.3,-0.1492
APLD-20261007T14475202104,APLD,2026-10-07,2026-10-07T10:48:12.406730-04:00,24.1621,0.0455
CDNA-20261007T13361674905,CDNA,2026-10-07,2026-10-07T10:48:22.794054-04:00,64.3,-1.4356
MSTR-20261007T14020173073,MSTR,2026-10-07,2026-10-07T10:48:22.794054-04:00,155.44,0.5184
PRIM-20261007T14464943670,PRIM,2026-10-07,2026-10-07T10:48:22.794054-04:00,80.345,-0.0933
APLD-20261007T14475202104,APLD,2026-10-07,2026-10-07T10:48:22.794054-04:00,24.15,-0.0046
CDNA-20261007T13361674905,CDNA,2026-10-07,2026-10-07T10:48:33.220201-04:00,64.3,-1.4356
MSTR-20261007T14020173073,MSTR,2026-10-07,2026-10-07T10:48:33.220201-04:00,155.51,0.4736
PRIM-20261007T14464943670,PRIM,2026-10-07,2026-10-07T10:48:33.220201-04:00,80.043,-0.4688
APLD-20261007T14475202104,APLD,2026-10-07,2026-10-07T10:48:33.220201-04:00,24.155,0.0161
CDNA-20261007T13361674905,CDNA,2026-10-07,2026-10-07T10:48:43.614567-04:00,64.3,-1.4356
MSTR-20261007T14020173073,MSTR,2026-10-07,2026-10-07T10:48:43.614567-04:00,155.455,0.5088
PRIM-20261007T14464943670,PRIM,2026-10-07,2026-10-07T10:48:43.614567-04:00,80.32,-0.1243
APLD-20261007T14475202104,APLD,2026-10-07,2026-10-07T10:48:43.614567-04:00,24.153,0.0078
CDNA-20261007T13361674905,CDNA,2026-10-07,2026-10-07T10:48:53.913714-04:00,64.28,-1.404
MSTR-20261007T14020173073,MSTR,2026-10-07,2026-10-07T10:48:53.913714-04:00,155.5,0.48
PRIM-20261007T14464943670,PRIM,2026-10-07,2026-10-07T10:48:53.913714-04:00,80.31,-0.1368
APLD-20261007T14475202104,APLD,2026-10-07,2026-10-07T10:48:53.913714-04:00,24.15,-0.0046
CDNA-20261007T13361674905,CDNA,2026-10-07,2026-10-07T10:49:04.283731-04:00,64.28,-1.404
MSTR-20261007T14020173073,MSTR,2026-10-07,2026-10-07T10:49:04.283731-04:00,155.38,0.5568
PRIM-20261007T14464943670,PRIM,2026-10-07,2026-10-07T10:49:04.283731-04:00,80.3038,-0.1445
APLD-20261007T14475202104,APLD,2026-10-07,2026-10-07T10:49:04.283731-04:00,24.145,-0.0253
CDNA-20261007T13361674905,CDNA,2026-10-07,2026-10-07T10:49:14.609054-04:00,64.28,-1.404
MSTR-20261007T14020173073,MSTR,2026-10-07,2026-10-07T10:49:14.609054-04:00,155.429,0.5254
PRIM-20261007T14464943670,PRIM,2026-10-07,2026-10-07T10:49:14.609054-04:00,80.0491,-0.4612
APLD-20261007T14475202104,APLD,2026-10-07,2026-10-07T10:49:14.609054-04:00,24.145,-0.0253
CDNA-20261007T13361674905,CDNA,2026-10-07,2026-10-07T10:49:24.985688-04:00,64.28,-1.404
MSTR-20261007T14020173073,MSTR,2026-10-07,2026-10-07T10:49:24.985688-04:00,155.43,0.5248
PRIM-20261007T14464943670,PRIM,2026-10-07,2026-10-07T10:49:24.985688-04:00,80.305,-0.143
APLD-20261007T14475202104,APLD,2026-10-07,2026-10-07T10:49:24.985688-04:00,24.1462,-0.0203
CDNA-20261007T13361674905,CDNA,2026-10-07,2026-10-07T10:49:35.360458-04:00,64.28,-1.404
MSTR-20261007T14020173073,MSTR,2026-10-07,2026-10-07T10:49:35.360458-04:00,155.44,0.5184
PRIM-20261007T14464943670,PRIM,2026-10-07,2026-10-07T10:49:35.360458-04:00,80.305,-0.143
APLD-20261007T14475202104,APLD,2026-10-07,2026-10-07T10:49:35.360458-04:00,24.155,0.0161
CDNA-20261007T13361674905,CDNA,2026-10-07,2026-10-07T10:49:45.730690-04:00,64.32,-1.4671
MSTR-20261007T14020173073,MSTR,2026-10-07,2026-10-07T10:49:45.730690-04:00,155.3665,0.5654
PRIM-20261007T14464943670,PRIM,2026-10-07,2026-10-07T10:49:45.730690-04:00,80.2,-0.2736
APLD-20261007T14475202104,APLD,2026-10-07,2026-10-07T10:49:45.730690-04:00,24.145,-0.0253
CDNA-20261007T13361674905,CDNA,2026-10-07,2026-10-07T10:49:56.196994-04:00,64.2775,-1.4001
MSTR-20261007T14020173073,MSTR,2026-10-07,2026-10-07T10:49:56.196994-04:00,155.36,0.5696
PRIM-20261007T14464943670,PRIM,2026-10-07,2026-10-07T10:49:56.196994-04:00,80.26,-0.199
APLD-20261007T14475202104,APLD,2026-10-07,2026-10-07T10:49:56.196994-04:00,24.145,-0.0253
CDNA-20261007T13361674905,CDNA,2026-10-07,2026-10-07T10:50:06.524983-04:00,64.33,-1.4829
MSTR-20261007T14020173073,MSTR,2026-10-07,2026-10-07T10:50:06.524983-04:00,155.42,0.5312
PRIM-20261007T14464943670,PRIM,2026-10-07,2026-10-07T10:50:06.524983-04:00,80.18,-0.2984
APLD-20261007T14475202104,APLD,2026-10-07,2026-10-07T10:50:06.524983-04:00,24.155,0.0161
CDNA-20261007T13361674905,CDNA,2026-10-07,2026-10-07T10:50:17.005065-04:00,64.2143,-1.3004
MSTR-20261007T14020173073,MSTR,2026-10-07,2026-10-07T10:50:17.005065-04:00,155.355,0.5728
PRIM-20261007T14464943670,PRIM,2026-10-07,2026-10-07T10:50:17.005065-04:00,80.2478,-0.2141
APLD-20261007T14475202104,APLD,2026-10-07,2026-10-07T10:50:17.005065-04:00,24.15,-0.0046
CDNA-20261007T13361674905,CDNA,2026-10-07,2026-10-07T10:50:27.424723-04:00,64.325,-1.475
MSTR-20261007T14020173073,MSTR,2026-10-07,2026-10-07T10:50:27.424723-04:00,155.23,0.6528
PRIM-20261007T14464943670,PRIM,2026-10-07,2026-10-07T10:50:27.424723-04:00,80.072,-0.4327
APLD-20261007T14475202104,APLD,2026-10-07,2026-10-07T10:50:27.424723-04:00,24.13,-0.0874
CDNA-20261007T13361674905,CDNA,2026-10-07,2026-10-07T10:50:37.949878-04:00,64.42,-1.6249
MSTR-20261007T14020173073,MSTR,2026-10-07,2026-10-07T10:50:37.949878-04:00,155.3869,0.5524
PRIM-20261007T14464943670,PRIM,2026-10-07,2026-10-07T10:50:37.949878-04:00,80.24,-0.2238
APLD-20261007T14475202104,APLD,2026-10-07,2026-10-07T10:50:37.949878-04:00,24.135,-0.0667
CDNA-20261007T13361674905,CDNA,2026-10-07,2026-10-07T10:50:48.393123-04:00,64.4766,-1.7142
MSTR-20261007T14020173073,MSTR,2026-10-07,2026-10-07T10:50:48.393123-04:00,155.33,0.5888
PRIM-20261007T14464943670,PRIM,2026-10-07,2026-10-07T10:50:48.393123-04:00,80.185,-0.2922
APLD-20261007T14475202104,APLD,2026-10-07,2026-10-07T10:50:48.393123-04:00,24.13,-0.0874
CDNA-20261007T13361674905,CDNA,2026-10-07,2026-10-07T10:50:58.786501-04:00,64.47,-1.7037
MSTR-20261007T14020173073,MSTR,2026-10-07,2026-10-07T10:50:58.786501-04:00,155.36,0.5696
PRIM-20261007T14464943670,PRIM,2026-10-07,2026-10-07T10:50:58.786501-04:00,80.07,-0.4352
APLD-20261007T14475202104,APLD,2026-10-07,2026-10-07T10:50:58.786501-04:00,24.135,-0.0667
CDNA-20261007T13361674905,CDNA,2026-10-07,2026-10-07T10:51:09.151041-04:00,64.4138,-1.6151
MSTR-20261007T14020173073,MSTR,2026-10-07,2026-10-07T10:51:09.151041-04:00,155.3,0.608
PRIM-20261007T14464943670,PRIM,2026-10-07,2026-10-07T10:51:09.151041-04:00,80.1,-0.3979
APLD-20261007T14475202104,APLD,2026-10-07,2026-10-07T10:51:09.151041-04:00,24.135,-0.0667
CDNA-20261007T13361674905,CDNA,2026-10-07,2026-10-07T10:51:19.509155-04:00,64.5135,-1.7724
MSTR-20261007T14020173073,MSTR,2026-10-07,2026-10-07T10:51:19.509155-04:00,155.358,0.5709
PRIM-20261007T14464943670,PRIM,2026-10-07,2026-10-07T10:51:19.509155-04:00,80.1,-0.3979
APLD-20261007T14475202104,APLD,2026-10-07,2026-10-07T10:51:19.509155-04:00,24.145,-0.0253
CDNA-20261007T13361674905,CDNA,2026-10-07,2026-10-07T10:51:29.885947-04:00,64.33,-1.4829
MSTR-20261007T14020173073,MSTR,2026-10-07,2026-10-07T10:51:29.885947-04:00,155.32,0.5952
PRIM-20261007T14464943670,PRIM,2026-10-07,2026-10-07T10:51:29.885947-04:00,80.1,-0.3979
APLD-20261007T14475202104,APLD,2026-10-07,2026-10-07T10:51:29.885947-04:00,24.105,-0.1909
CDNA-20261007T13361674905,CDNA,2026-10-07,2026-10-07T10:51:40.218119-04:00,64.3467,-1.5092
MSTR-20261007T14020173073,MSTR,2026-10-07,2026-10-07T10:51:40.218119-04:00,155.335,0.5856
PRIM-20261007T14464943670,PRIM,2026-10-07,2026-10-07T10:51:40.218119-04:00,80.06,-0.4476
APLD-20261007T14475202104,APLD,2026-10-07,2026-10-07T10:51:40.218119-04:00,24.09,-0.253
CDNA-20261007T13361674905,CDNA,2026-10-07,2026-10-07T10:51:50.507179-04:00,64.47,-1.7037
MSTR-20261007T14020173073,MSTR,2026-10-07,2026-10-07T10:51:50.507179-04:00,155.31,0.6016
PRIM-20261007T14464943670,PRIM,2026-10-07,2026-10-07T10:51:50.507179-04:00,80.105,-0.3917
APLD-20261007T14475202104,APLD,2026-10-07,2026-10-07T10:51:50.507179-04:00,24.09,-0.253
CDNA-20261007T13361674905,CDNA,2026-10-07,2026-10-07T10:52:00.781954-04:00,64.4,-1.5933
MSTR-20261007T14020173073,MSTR,2026-10-07,2026-10-07T10:52:00.781954-04:00,155.3694,0.5636
PRIM-20261007T14464943670,PRIM,2026-10-07,2026-10-07T10:52:00.781954-04:00,80.105,-0.3917
APLD-20261007T14475202104,APLD,2026-10-07,2026-10-07T10:52:00.781954-04:00,24.085,-0.2737
CDNA-20261007T13361674905,CDNA,2026-10-07,2026-10-07T10:52:11.138409-04:00,64.42,-1.6249
MSTR-20261007T14020173073,MSTR,2026-10-07,2026-10-07T10:52:11.138409-04:00,155.32,0.5952
PRIM-20261007T14464943670,PRIM,2026-10-07,2026-10-07T10:52:11.138409-04:00,80.091,-0.4091
APLD-20261007T14475202104,APLD,2026-10-07,2026-10-07T10:52:11.138409-04:00,24.0899,-0.2535
CDNA-20261007T13361674905,CDNA,2026-10-07,2026-10-07T10:52:21.519196-04:00,64.55,-1.8299
MSTR-20261007T14020173073,MSTR,2026-10-07,2026-10-07T10:52:21.519196-04:00,155.24,0.6464
PRIM-20261007T14464943670,PRIM,2026-10-07,2026-10-07T10:52:21.519196-04:00,80.08,-0.4228
APLD-20261007T14475202104,APLD,2026-10-07,2026-10-07T10:52:21.519196-04:00,24.095,-0.2323
CDNA-20261007T13361674905,CDNA,2026-10-07,2026-10-07T10:52:31.946483-04:00,64.71,-2.0823
MSTR-20261007T14020173073,MSTR,2026-10-07,2026-10-07T10:52:31.946483-04:00,155.28,0.6208
PRIM-20261007T14464943670,PRIM,2026-10-07,2026-10-07T10:52:31.946483-04:00,79.98,-0.5471
APLD-20261007T14475202104,APLD,2026-10-07,2026-10-07T10:52:31.946483-04:00,24.085,-0.2737
CDNA-20261007T13361674905,CDNA,2026-10-07,2026-10-07T10:52:42.389560-04:00,64.64,-1.9719
MSTR-20261007T14020173073,MSTR,2026-10-07,2026-10-07T10:52:42.389560-04:00,155.237,0.6483
PRIM-20261007T14464943670,PRIM,2026-10-07,2026-10-07T10:52:42.389560-04:00,79.97,-0.5596
APLD-20261007T14475202104,APLD,2026-10-07,2026-10-07T10:52:42.389560-04:00,24.085,-0.2737
CDNA-20261007T13361674905,CDNA,2026-10-07,2026-10-07T10:52:52.723741-04:00,64.69,-2.0508
MSTR-20261007T14020173073,MSTR,2026-10-07,2026-10-07T10:52:52.723741-04:00,155.0997,0.7362
PRIM-20261007T14464943670,PRIM,2026-10-07,2026-10-07T10:52:52.723741-04:00,79.97,-0.5596
APLD-20261007T14475202104,APLD,2026-10-07,2026-10-07T10:52:52.723741-04:00,24.07,-0.3358
CDNA-20261007T13361674905,CDNA,2026-10-07,2026-10-07T10:53:03.091920-04:00,64.71,-2.0823
MSTR-20261007T14020173073,MSTR,2026-10-07,2026-10-07T10:53:03.091920-04:00,155.12,0.7232
PRIM-20261007T14464943670,PRIM,2026-10-07,2026-10-07T10:53:03.091920-04:00,79.97,-0.5596
APLD-20261007T14475202104,APLD,2026-10-07,2026-10-07T10:53:03.091920-04:00,24.065,-0.3566
CDNA-20261007T13361674905,CDNA,2026-10-07,2026-10-07T10:53:13.375980-04:00,64.74,-2.1297
MSTR-20261007T14020173073,MSTR,2026-10-07,2026-10-07T10:53:13.375980-04:00,155.06,0.7616
PRIM-20261007T14464943670,PRIM,2026-10-07,2026-10-07T10:53:13.375980-04:00,80.0686,-0.437
APLD-20261007T14475202104,APLD,2026-10-07,2026-10-07T10:53:13.375980-04:00,24.065,-0.3566
CDNA-20261007T13361674905,CDNA,2026-10-07,2026-10-07T10:53:23.781977-04:00,64.74,-2.1297
MSTR-20261007T14020173073,MSTR,2026-10-07,2026-10-07T10:53:23.781977-04:00,155.11,0.7296
PRIM-20261007T14464943670,PRIM,2026-10-07,2026-10-07T10:53:23.781977-04:00,80.12,-0.373
APLD-20261007T14475202104,APLD,2026-10-07,2026-10-07T10:53:23.781977-04:00,24.065,-0.3566
CDNA-20261007T13361674905,CDNA,2026-10-07,2026-10-07T10:53:34.083738-04:00,64.735,-2.1218
MSTR-20261007T14020173073,MSTR,2026-10-07,2026-10-07T10:53:34.083738-04:00,155.1307,0.7164
PRIM-20261007T14464943670,PRIM,2026-10-07,2026-10-07T10:53:34.083738-04:00,80.28,-0.1741
APLD-20261007T14475202104,APLD,2026-10-07,2026-10-07T10:53:34.083738-04:00,24.0699,-0.3363
CDNA-20261007T13361674905,CDNA,2026-10-07,2026-10-07T10:53:44.301959-04:00,64.66,-2.0035
MSTR-20261007T14020173073,MSTR,2026-10-07,2026-10-07T10:53:44.301959-04:00,155.1799,0.6849
PRIM-20261007T14464943670,PRIM,2026-10-07,2026-10-07T10:53:44.301959-04:00,80.2775,-0.1772
APLD-20261007T14475202104,APLD,2026-10-07,2026-10-07T10:53:44.301959-04:00,24.07,-0.3358
CDNA-20261007T13361674905,CDNA,2026-10-07,2026-10-07T10:53:54.490821-04:00,64.74,-2.1297
MSTR-20261007T14020173073,MSTR,2026-10-07,2026-10-07T10:53:54.490821-04:00,155.13,0.7168
PRIM-20261007T14464943670,PRIM,2026-10-07,2026-10-07T10:53:54.490821-04:00,80.285,-0.1679
APLD-20261007T14475202104,APLD,2026-10-07,2026-10-07T10:53:54.490821-04:00,24.065,-0.3566
CDNA-20261007T13361674905,CDNA,2026-10-07,2026-10-07T10:54:04.803271-04:00,64.65,-1.9877
MSTR-20261007T14020173073,MSTR,2026-10-07,2026-10-07T10:54:04.803271-04:00,155.25,0.64
PRIM-20261007T14464943670,PRIM,2026-10-07,2026-10-07T10:54:04.803271-04:00,80.0914,-0.4086
APLD-20261007T14475202104,APLD,2026-10-07,2026-10-07T10:54:04.803271-04:00,24.0779,-0.3031
CDNA-20261007T13361674905,CDNA,2026-10-07,2026-10-07T10:54:15.150896-04:00,64.67,-2.0192
MSTR-20261007T14020173073,MSTR,2026-10-07,2026-10-07T10:54:15.150896-04:00,155.2,0.672
PRIM-20261007T14464943670,PRIM,2026-10-07,2026-10-07T10:54:15.150896-04:00,80.1735,-0.3065
APLD-20261007T14475202104,APLD,2026-10-07,2026-10-07T10:54:15.150896-04:00,24.095,-0.2323
CDNA-20261007T13361674905,CDNA,2026-10-07,2026-10-07T10:54:25.463894-04:00,64.705,-2.0745
MSTR-20261007T14020173073,MSTR,2026-10-07,2026-10-07T10:54:25.463894-04:00,155.2,0.672
PRIM-20261007T14464943670,PRIM,2026-10-07,2026-10-07T10:54:25.463894-04:00,80.305,-0.143
APLD-20261007T14475202104,APLD,2026-10-07,2026-10-07T10:54:25.463894-04:00,24.085,-0.2737
CDNA-20261007T13361674905,CDNA,2026-10-07,2026-10-07T10:54:35.685875-04:00,64.56,-1.8457
MSTR-20261007T14020173073,MSTR,2026-10-07,2026-10-07T10:54:35.685875-04:00,155.2324,0.6513
PRIM-20261007T14464943670,PRIM,2026-10-07,2026-10-07T10:54:35.685875-04:00,80.1516,-0.3337
APLD-20261007T14475202104,APLD,2026-10-07,2026-10-07T10:54:35.685875-04:00,24.1048,-0.1918
CDNA-20261007T13361674905,CDNA,2026-10-07,2026-10-07T10:54:45.951860-04:00,64.7,-2.0666
MSTR-20261007T14020173073,MSTR,2026-10-07,2026-10-07T10:54:45.951860-04:00,155.11,0.7296
PRIM-20261007T14464943670,PRIM,2026-10-07,2026-10-07T10:54:45.951860-04:00,80.31,-0.1368
APLD-20261007T14475202104,APLD,2026-10-07,2026-10-07T10:54:45.951860-04:00,24.105,-0.1909
CDNA-20261007T13361674905,CDNA,2026-10-07,2026-10-07T10:54:56.217330-04:00,64.705,-2.0745
MSTR-20261007T14020173073,MSTR,2026-10-07,2026-10-07T10:54:56.217330-04:00,155.19,0.6784
PRIM-20261007T14464943670,PRIM,2026-10-07,2026-10-07T10:54:56.217330-04:00,80.325,-0.1181
APLD-20261007T14475202104,APLD,2026-10-07,2026-10-07T10:54:56.217330-04:00,24.11,-0.1702
CDNA-20261007T13361674905,CDNA,2026-10-07,2026-10-07T10:55:06.505374-04:00,64.71,-2.0823
MSTR-20261007T14020173073,MSTR,2026-10-07,2026-10-07T10:55:06.505374-04:00,155.3269,0.5908
PRIM-20261007T14464943670,PRIM,2026-10-07,2026-10-07T10:55:06.505374-04:00,80.3131,-0.1329
APLD-20261007T14475202104,APLD,2026-10-07,2026-10-07T10:55:06.505374-04:00,24.0988,-0.2166
CDNA-20261007T13361674905,CDNA,2026-10-07,2026-10-07T10:55:16.895492-04:00,64.705,-2.0745
MSTR-20261007T14020173073,MSTR,2026-10-07,2026-10-07T10:55:16.895492-04:00,155.155,0.7008
PRIM-20261007T14464943670,PRIM,2026-10-07,2026-10-07T10:55:16.895492-04:00,80.27,-0.1865
APLD-20261007T14475202104,APLD,2026-10-07,2026-10-07T10:55:16.895492-04:00,24.105,-0.1909
CDNA-20261007T13361674905,CDNA,2026-10-07,2026-10-07T10:55:27.399501-04:00,64.61,-1.9246
MSTR-20261007T14020173073,MSTR,2026-10-07,2026-10-07T10:55:27.399501-04:00,155.12,0.7232
PRIM-20261007T14464943670,PRIM,2026-10-07,2026-10-07T10:55:27.399501-04:00,80.23,-0.2363
APLD-20261007T14475202104,APLD,2026-10-07,2026-10-07T10:55:27.399501-04:00,24.12,-0.1288
CDNA-20261007T13361674905,CDNA,2026-10-07,2026-10-07T10:55:37.767568-04:00,64.6551,-1.9957
MSTR-20261007T14020173073,MSTR,2026-10-07,2026-10-07T10:55:37.767568-04:00,155.19,0.6784
PRIM-20261007T14464943670,PRIM,2026-10-07,2026-10-07T10:55:37.767568-04:00,80.23,-0.2363
APLD-20261007T14475202104,APLD,2026-10-07,2026-10-07T10:55:37.767568-04:00,24.115,-0.1495
CDNA-20261007T13361674905,CDNA,2026-10-07,2026-10-07T10:55:48.064631-04:00,64.6202,-1.9407
MSTR-20261007T14020173073,MSTR,2026-10-07,2026-10-07T10:55:48.064631-04:00,155.19,0.6784
PRIM-20261007T14464943670,PRIM,2026-10-07,2026-10-07T10:55:48.064631-04:00,80.23,-0.2363
APLD-20261007T14475202104,APLD,2026-10-07,2026-10-07T10:55:48.064631-04:00,24.115,-0.1495
CDNA-20261007T13361674905,CDNA,2026-10-07,2026-10-07T10:55:58.344793-04:00,64.7908,-2.2098
MSTR-20261007T14020173073,MSTR,2026-10-07,2026-10-07T10:55:58.344793-04:00,155.18,0.6848
PRIM-20261007T14464943670,PRIM,2026-10-07,2026-10-07T10:55:58.344793-04:00,80.11,-0.3855
APLD-20261007T14475202104,APLD,2026-10-07,2026-10-07T10:55:58.344793-04:00,24.12,-0.1288
CDNA-20261007T13361674905,CDNA,2026-10-07,2026-10-07T10:56:08.817068-04:00,64.5121,-1.7702
MSTR-20261007T14020173073,MSTR,2026-10-07,2026-10-07T10:56:08.817068-04:00,155.2,0.672
PRIM-20261007T14464943670,PRIM,2026-10-07,2026-10-07T10:56:08.817068-04:00,80.23,-0.2363
APLD-20261007T14475202104,APLD,2026-10-07,2026-10-07T10:56:08.817068-04:00,24.0858,-0.2704
CDNA-20261007T13361674905,CDNA,2026-10-07,2026-10-07T10:56:19.116962-04:00,64.63,-1.9561
MSTR-20261007T14020173073,MSTR,2026-10-07,2026-10-07T10:56:19.116962-04:00,155.1899,0.6785
PRIM-20261007T14464943670,PRIM,2026-10-07,2026-10-07T10:56:19.116962-04:00,80.22,-0.2487
APLD-20261007T14475202104,APLD,2026-10-07,2026-10-07T10:56:19.116962-04:00,24.1202,-0.128
HUT-20261007T14555881179,HUT,2026-10-07,2026-10-07T10:56:19.116962-04:00,88.48,-0.0565
CDNA-20261007T13361674905,CDNA,2026-10-07,2026-10-07T10:56:29.450127-04:00,64.74,-2.1297
MSTR-20261007T14020173073,MSTR,2026-10-07,2026-10-07T10:56:29.450127-04:00,155.1499,0.7041
PRIM-20261007T14464943670,PRIM,2026-10-07,2026-10-07T10:56:29.450127-04:00,80.2262,-0.241
APLD-20261007T14475202104,APLD,2026-10-07,2026-10-07T10:56:29.450127-04:00,24.085,-0.2737
HUT-20261007T14555881179,HUT,2026-10-07,2026-10-07T10:56:29.450127-04:00,88.41,-0.1355
CDNA-20261007T13361674905,CDNA,2026-10-07,2026-10-07T10:56:39.789460-04:00,64.5536,-1.8356
MSTR-20261007T14020173073,MSTR,2026-10-07,2026-10-07T10:56:39.789460-04:00,155.261,0.633
PRIM-20261007T14464943670,PRIM,2026-10-07,2026-10-07T10:56:39.789460-04:00,80.2245,-0.2431
APLD-20261007T14475202104,APLD,2026-10-07,2026-10-07T10:56:39.789460-04:00,24.1099,-0.1706
HUT-20261007T14555881179,HUT,2026-10-07,2026-10-07T10:56:39.789460-04:00,88.52,-0.0113
CDNA-20261007T13361674905,CDNA,2026-10-07,2026-10-07T10:56:50.071794-04:00,64.86,-2.319
MSTR-20261007T14020173073,MSTR,2026-10-07,2026-10-07T10:56:50.071794-04:00,155.16,0.6976
PRIM-20261007T14464943670,PRIM,2026-10-07,2026-10-07T10:56:50.071794-04:00,80.13,-0.3606
APLD-20261007T14475202104,APLD,2026-10-07,2026-10-07T10:56:50.071794-04:00,24.105,-0.1909
HUT-20261007T14555881179,HUT,2026-10-07,2026-10-07T10:56:50.071794-04:00,88.3553,-0.1973
CDNA-20261007T13361674905,CDNA,2026-10-07,2026-10-07T10:57:00.391723-04:00,64.705,-2.0745
MSTR-20261007T14020173073,MSTR,2026-10-07,2026-10-07T10:57:00.391723-04:00,155.11,0.7296
PRIM-20261007T14464943670,PRIM,2026-10-07,2026-10-07T10:57:00.391723-04:00,80.2844,-0.1686
APLD-20261007T14475202104,APLD,2026-10-07,2026-10-07T10:57:00.391723-04:00,24.105,-0.1909
HUT-20261007T14555881179,HUT,2026-10-07,2026-10-07T10:57:00.391723-04:00,88.545,0.0169
CDNA-20261007T13361674905,CDNA,2026-10-07,2026-10-07T10:57:10.671511-04:00,64.705,-2.0745
MSTR-20261007T14020173073,MSTR,2026-10-07,2026-10-07T10:57:10.671511-04:00,155.255,0.6368
PRIM-20261007T14464943670,PRIM,2026-10-07,2026-10-07T10:57:10.671511-04:00,80.26,-0.199
APLD-20261007T14475202104,APLD,2026-10-07,2026-10-07T10:57:10.671511-04:00,24.105,-0.1909
HUT-20261007T14555881179,HUT,2026-10-07,2026-10-07T10:57:10.671511-04:00,88.4375,-0.1045
NXT-20261007T14565038542,NXT,2026-10-07,2026-10-07T10:57:10.671511-04:00,84.9036,-0.1369
CDNA-20261007T13361674905,CDNA,2026-10-07,2026-10-07T10:57:21.012746-04:00,64.705,-2.0745
MSTR-20261007T14020173073,MSTR,2026-10-07,2026-10-07T10:57:21.012746-04:00,155.04,0.7744
PRIM-20261007T14464943670,PRIM,2026-10-07,2026-10-07T10:57:21.012746-04:00,80.2875,-0.1648
APLD-20261007T14475202104,APLD,2026-10-07,2026-10-07T10:57:21.012746-04:00,24.11,-0.1702
HUT-20261007T14555881179,HUT,2026-10-07,2026-10-07T10:57:21.012746-04:00,88.395,-0.1525
NXT-20261007T14565038542,NXT,2026-10-07,2026-10-07T10:57:21.012746-04:00,84.9015,-0.1394
CDNA-20261007T13361674905,CDNA,2026-10-07,2026-10-07T10:57:31.245677-04:00,64.8,-2.2243
MSTR-20261007T14020173073,MSTR,2026-10-07,2026-10-07T10:57:31.245677-04:00,155.07,0.7552
PRIM-20261007T14464943670,PRIM,2026-10-07,2026-10-07T10:57:31.245677-04:00,80.325,-0.1181
APLD-20261007T14475202104,APLD,2026-10-07,2026-10-07T10:57:31.245677-04:00,24.105,-0.1909
HUT-20261007T14555881179,HUT,2026-10-07,2026-10-07T10:57:31.245677-04:00,88.36,-0.192
NXT-20261007T14565038542,NXT,2026-10-07,2026-10-07T10:57:31.245677-04:00,84.95,-0.0823
CDNA-20261007T13361674905,CDNA,2026-10-07,2026-10-07T10:57:41.502540-04:00,64.6886,-2.0486
MSTR-20261007T14020173073,MSTR,2026-10-07,2026-10-07T10:57:41.502540-04:00,155.1031,0.734
PRIM-20261007T14464943670,PRIM,2026-10-07,2026-10-07T10:57:41.502540-04:00,80.325,-0.1181
APLD-20261007T14475202104,APLD,2026-10-07,2026-10-07T10:57:41.502540-04:00,24.1099,-0.1706
HUT-20261007T14555881179,HUT,2026-10-07,2026-10-07T10:57:41.502540-04:00,88.35,-0.2033
NXT-20261007T14565038542,NXT,2026-10-07,2026-10-07T10:57:41.502540-04:00,84.9107,-0.1286
CDNA-20261007T13361674905,CDNA,2026-10-07,2026-10-07T10:57:51.738882-04:00,64.75,-2.1454
MSTR-20261007T14020173073,MSTR,2026-10-07,2026-10-07T10:57:51.738882-04:00,155.0561,0.7641
PRIM-20261007T14464943670,PRIM,2026-10-07,2026-10-07T10:57:51.738882-04:00,80.325,-0.1181
APLD-20261007T14475202104,APLD,2026-10-07,2026-10-07T10:57:51.738882-04:00,24.1103,-0.169
HUT-20261007T14555881179,HUT,2026-10-07,2026-10-07T10:57:51.738882-04:00,88.325,-0.2316
NXT-20261007T14565038542,NXT,2026-10-07,2026-10-07T10:57:51.738882-04:00,84.9119,-0.1271
CDNA-20261007T13361674905,CDNA,2026-10-07,2026-10-07T10:58:01.974716-04:00,64.81,-2.2401
MSTR-20261007T14020173073,MSTR,2026-10-07,2026-10-07T10:58:01.974716-04:00,155.16,0.6976
PRIM-20261007T14464943670,PRIM,2026-10-07,2026-10-07T10:58:01.974716-04:00,80.38,-0.0497
APLD-20261007T14475202104,APLD,2026-10-07,2026-10-07T10:58:01.974716-04:00,24.11,-0.1702
HUT-20261007T14555881179,HUT,2026-10-07,2026-10-07T10:58:01.974716-04:00,88.335,-0.2203
NXT-20261007T14565038542,NXT,2026-10-07,2026-10-07T10:58:01.974716-04:00,85.01,-0.0118
CDNA-20261007T13361674905,CDNA,2026-10-07,2026-10-07T10:58:12.295398-04:00,64.8,-2.2243
MSTR-20261007T14020173073,MSTR,2026-10-07,2026-10-07T10:58:12.295398-04:00,155.185,0.6816
PRIM-20261007T14464943670,PRIM,2026-10-07,2026-10-07T10:58:12.295398-04:00,80.385,-0.0435
APLD-20261007T14475202104,APLD,2026-10-07,2026-10-07T10:58:12.295398-04:00,24.1297,-0.0887
HUT-20261007T14555881179,HUT,2026-10-07,2026-10-07T10:58:12.295398-04:00,88.4216,-0.1224
NXT-20261007T14565038542,NXT,2026-10-07,2026-10-07T10:58:12.295398-04:00,85.04,0.0235
CDNA-20261007T13361674905,CDNA,2026-10-07,2026-10-07T10:58:22.664686-04:00,64.6963,-2.0607
MSTR-20261007T14020173073,MSTR,2026-10-07,2026-10-07T10:58:22.664686-04:00,155.1383,0.7115
PRIM-20261007T14464943670,PRIM,2026-10-07,2026-10-07T10:58:22.664686-04:00,80.3609,-0.0735
APLD-20261007T14475202104,APLD,2026-10-07,2026-10-07T10:58:22.664686-04:00,24.135,-0.0667
HUT-20261007T14555881179,HUT,2026-10-07,2026-10-07T10:58:22.664686-04:00,88.325,-0.2316
NXT-20261007T14565038542,NXT,2026-10-07,2026-10-07T10:58:22.664686-04:00,85.04,0.0235
CDNA-20261007T13361674905,CDNA,2026-10-07,2026-10-07T10:58:32.893014-04:00,64.74,-2.1297
MSTR-20261007T14020173073,MSTR,2026-10-07,2026-10-07T10:58:32.893014-04:00,155.14,0.7104
PRIM-20261007T14464943670,PRIM,2026-10-07,2026-10-07T10:58:32.893014-04:00,80.36,-0.0746
APLD-20261007T14475202104,APLD,2026-10-07,2026-10-07T10:58:32.893014-04:00,24.1272,-0.099
HUT-20261007T14555881179,HUT,2026-10-07,2026-10-07T10:58:32.893014-04:00,88.305,-0.2542
NXT-20261007T14565038542,NXT,2026-10-07,2026-10-07T10:58:32.893014-04:00,85.04,0.0235
CDNA-20261007T13361674905,CDNA,2026-10-07,2026-10-07T10:58:43.111225-04:00,64.7678,-2.1735
MSTR-20261007T14020173073,MSTR,2026-10-07,2026-10-07T10:58:43.111225-04:00,155.07,0.7552
PRIM-20261007T14464943670,PRIM,2026-10-07,2026-10-07T10:58:43.111225-04:00,80.3625,-0.0715
APLD-20261007T14475202104,APLD,2026-10-07,2026-10-07T10:58:43.111225-04:00,24.114,-0.1537
HUT-20261007T14555881179,HUT,2026-10-07,2026-10-07T10:58:43.111225-04:00,88.2603,-0.3046
NXT-20261007T14565038542,NXT,2026-10-07,2026-10-07T10:58:43.111225-04:00,84.91,-0.1294
CDNA-20261007T13361674905,CDNA,2026-10-07,2026-10-07T10:58:53.356922-04:00,64.76,-2.1612
MSTR-20261007T14020173073,MSTR,2026-10-07,2026-10-07T10:58:53.356922-04:00,155.05,0.768
PRIM-20261007T14464943670,PRIM,2026-10-07,2026-10-07T10:58:53.356922-04:00,80.365,-0.0684
APLD-20261007T14475202104,APLD,2026-10-07,2026-10-07T10:58:53.356922-04:00,24.11,-0.1702
HUT-20261007T14555881179,HUT,2026-10-07,2026-10-07T10:58:53.356922-04:00,88.245,-0.3219
NXT-20261007T14565038542,NXT,2026-10-07,2026-10-07T10:58:53.356922-04:00,84.92,-0.1176
CDNA-20261007T13361674905,CDNA,2026-10-07,2026-10-07T10:59:03.551629-04:00,64.81,-2.2401
MSTR-20261007T14020173073,MSTR,2026-10-07,2026-10-07T10:59:03.551629-04:00,155.08,0.7488
PRIM-20261007T14464943670,PRIM,2026-10-07,2026-10-07T10:59:03.551629-04:00,80.2027,-0.2702
APLD-20261007T14475202104,APLD,2026-10-07,2026-10-07T10:59:03.551629-04:00,24.095,-0.2323
HUT-20261007T14555881179,HUT,2026-10-07,2026-10-07T10:59:03.551629-04:00,88.245,-0.3219
NXT-20261007T14565038542,NXT,2026-10-07,2026-10-07T10:59:03.551629-04:00,84.93,-0.1059
CDNA-20261007T13361674905,CDNA,2026-10-07,2026-10-07T10:59:13.852788-04:00,64.775,-2.1849
MSTR-20261007T14020173073,MSTR,2026-10-07,2026-10-07T10:59:13.852788-04:00,155.095,0.7392
PRIM-20261007T14464943670,PRIM,2026-10-07,2026-10-07T10:59:13.852788-04:00,80.3649,-0.0685
APLD-20261007T14475202104,APLD,2026-10-07,2026-10-07T10:59:13.852788-04:00,24.11,-0.1702
HUT-20261007T14555881179,HUT,2026-10-07,2026-10-07T10:59:13.852788-04:00,88.245,-0.3219
NXT-20261007T14565038542,NXT,2026-10-07,2026-10-07T10:59:13.852788-04:00,84.9257,-0.1109
CDNA-20261007T13361674905,CDNA,2026-10-07,2026-10-07T10:59:24.055656-04:00,64.775,-2.1849
MSTR-20261007T14020173073,MSTR,2026-10-07,2026-10-07T10:59:24.055656-04:00,155.1,0.736
PRIM-20261007T14464943670,PRIM,2026-10-07,2026-10-07T10:59:24.055656-04:00,80.3553,-0.0805
APLD-20261007T14475202104,APLD,2026-10-07,2026-10-07T10:59:24.055656-04:00,24.115,-0.1495
HUT-20261007T14555881179,HUT,2026-10-07,2026-10-07T10:59:24.055656-04:00,88.28,-0.2824
NXT-20261007T14565038542,NXT,2026-10-07,2026-10-07T10:59:24.055656-04:00,84.9817,-0.045
CDNA-20261007T13361674905,CDNA,2026-10-07,2026-10-07T10:59:34.241278-04:00,64.7215,-2.1005
MSTR-20261007T14020173073,MSTR,2026-10-07,2026-10-07T10:59:34.241278-04:00,155.15,0.704
PRIM-20261007T14464943670,PRIM,2026-10-07,2026-10-07T10:59:34.241278-04:00,80.385,-0.0435
APLD-20261007T14475202104,APLD,2026-10-07,2026-10-07T10:59:34.241278-04:00,24.12,-0.1288
HUT-20261007T14555881179,HUT,2026-10-07,2026-10-07T10:59:34.241278-04:00,88.31,-0.2485
NXT-20261007T14565038542,NXT,2026-10-07,2026-10-07T10:59:34.241278-04:00,84.96,-0.0706
CDNA-20261007T13361674905,CDNA,2026-10-07,2026-10-07T10:59:44.397422-04:00,64.765,-2.1691
MSTR-20261007T14020173073,MSTR,2026-10-07,2026-10-07T10:59:44.397422-04:00,155.2258,0.6555
PRIM-20261007T14464943670,PRIM,2026-10-07,2026-10-07T10:59:44.397422-04:00,80.5,0.0995
APLD-20261007T14475202104,APLD,2026-10-07,2026-10-07T10:59:44.397422-04:00,24.135,-0.0667
HUT-20261007T14555881179,HUT,2026-10-07,2026-10-07T10:59:44.397422-04:00,88.325,-0.2316
NXT-20261007T14565038542,NXT,2026-10-07,2026-10-07T10:59:44.397422-04:00,84.9538,-0.0779
CDNA-20261007T13361674905,CDNA,2026-10-07,2026-10-07T10:59:54.584107-04:00,64.77,-2.177
MSTR-20261007T14020173073,MSTR,2026-10-07,2026-10-07T10:59:54.584107-04:00,155.37,0.5632
PRIM-20261007T14464943670,PRIM,2026-10-07,2026-10-07T10:59:54.584107-04:00,80.37,-0.0622
APLD-20261007T14475202104,APLD,2026-10-07,2026-10-07T10:59:54.584107-04:00,24.145,-0.0253
HUT-20261007T14555881179,HUT,2026-10-07,2026-10-07T10:59:54.584107-04:00,88.34,-0.2146
NXT-20261007T14565038542,NXT,2026-10-07,2026-10-07T10:59:54.584107-04:00,84.9543,-0.0773
CDNA-20261007T13361674905,CDNA,2026-10-07,2026-10-07T11:00:04.773252-04:00,64.72,-2.0981
MSTR-20261007T14020173073,MSTR,2026-10-07,2026-10-07T11:00:04.773252-04:00,155.2115,0.6646
PRIM-20261007T14464943670,PRIM,2026-10-07,2026-10-07T11:00:04.773252-04:00,80.3695,-0.0628
APLD-20261007T14475202104,APLD,2026-10-07,2026-10-07T11:00:04.773252-04:00,24.125,-0.1081
HUT-20261007T14555881179,HUT,2026-10-07,2026-10-07T11:00:04.773252-04:00,88.32,-0.2372
NXT-20261007T14565038542,NXT,2026-10-07,2026-10-07T11:00:04.773252-04:00,84.9428,-0.0908
CDNA-20261007T13361674905,CDNA,2026-10-07,2026-10-07T11:00:15.728165-04:00,64.8188,-2.254
MSTR-20261007T14020173073,MSTR,2026-10-07,2026-10-07T11:00:15.728165-04:00,155.22,0.6592
PRIM-20261007T14464943670,PRIM,2026-10-07,2026-10-07T11:00:15.728165-04:00,80.4742,0.0674
APLD-20261007T14475202104,APLD,2026-10-07,2026-10-07T11:00:15.728165-04:00,24.115,-0.1495
HUT-20261007T14555881179,HUT,2026-10-07,2026-10-07T11:00:15.728165-04:00,88.3888,-0.1595
NXT-20261007T14565038542,NXT,2026-10-07,2026-10-07T11:00:15.728165-04:00,85.07,0.0588
CDNA-20261007T13361674905,CDNA,2026-10-07,2026-10-07T11:00:26.352618-04:00,64.8188,-2.254
MSTR-20261007T14020173073,MSTR,2026-10-07,2026-10-07T11:00:26.352618-04:00,155.215,0.6624
PRIM-20261007T14464943670,PRIM,2026-10-07,2026-10-07T11:00:26.352618-04:00,80.3641,-0.0695
APLD-20261007T14475202104,APLD,2026-10-07,2026-10-07T11:00:26.352618-04:00,24.115,-0.1495
HUT-20261007T14555881179,HUT,2026-10-07,2026-10-07T11:00:26.352618-04:00,88.335,-0.2203
NXT-20261007T14565038542,NXT,2026-10-07,2026-10-07T11:00:26.352618-04:00,85.05,0.0353
CDNA-20261007T13361674905,CDNA,2026-10-07,2026-10-07T11:00:36.824580-04:00,64.7825,-2.1967
MSTR-20261007T14020173073,MSTR,2026-10-07,2026-10-07T11:00:36.824580-04:00,155.06,0.7616
PRIM-20261007T14464943670,PRIM,2026-10-07,2026-10-07T11:00:36.824580-04:00,80.46,0.0497
APLD-20261007T14475202104,APLD,2026-10-07,2026-10-07T11:00:36.824580-04:00,24.055,-0.398
HUT-20261007T14555881179,HUT,2026-10-07,2026-10-07T11:00:36.824580-04:00,87.825,-0.7963
NXT-20261007T14565038542,NXT,2026-10-07,2026-10-07T11:00:36.824580-04:00,85.0154,-0.0054
CDNA-20261007T13361674905,CDNA,2026-10-07,2026-10-07T11:00:47.292377-04:00,64.74,-2.1297
MSTR-20261007T14020173073,MSTR,2026-10-07,2026-10-07T11:00:47.292377-04:00,155.1926,0.6767
PRIM-20261007T14464943670,PRIM,2026-10-07,2026-10-07T11:00:47.292377-04:00,80.4635,0.0541
APLD-20261007T14475202104,APLD,2026-10-07,2026-10-07T11:00:47.292377-04:00,24.05,-0.4187
HUT-20261007T14555881179,HUT,2026-10-07,2026-10-07T11:00:47.292377-04:00,87.8,-0.8246
NXT-20261007T14565038542,NXT,2026-10-07,2026-10-07T11:00:47.292377-04:00,85.045,0.0294
CDNA-20261007T13361674905,CDNA,2026-10-07,2026-10-07T11:00:57.680657-04:00,64.69,-2.0508
MSTR-20261007T14020173073,MSTR,2026-10-07,2026-10-07T11:00:57.680657-04:00,154.98,0.8128
PRIM-20261007T14464943670,PRIM,2026-10-07,2026-10-07T11:00:57.680657-04:00,80.425,0.0062
APLD-20261007T14475202104,APLD,2026-10-07,2026-10-07T11:00:57.680657-04:00,24.0132,-0.571
HUT-20261007T14555881179,HUT,2026-10-07,2026-10-07T11:00:57.680657-04:00,87.67,-0.9714
NXT-20261007T14565038542,NXT,2026-10-07,2026-10-07T11:00:57.680657-04:00,85.045,0.0294
CDNA-20261007T13361674905,CDNA,2026-10-07,2026-10-07T11:01:08.093691-04:00,64.69,-2.0508
MSTR-20261007T14020173073,MSTR,2026-10-07,2026-10-07T11:01:08.093691-04:00,154.9295,0.8451
PRIM-20261007T14464943670,PRIM,2026-10-07,2026-10-07T11:01:08.093691-04:00,80.425,0.0062
APLD-20261007T14475202104,APLD,2026-10-07,2026-10-07T11:01:08.093691-04:00,24.0088,-0.5893
HUT-20261007T14555881179,HUT,2026-10-07,2026-10-07T11:01:08.093691-04:00,87.45,-1.2199
NXT-20261007T14565038542,NXT,2026-10-07,2026-10-07T11:01:08.093691-04:00,85.0474,0.0322
CDNA-20261007T13361674905,CDNA,2026-10-07,2026-10-07T11:01:18.688146-04:00,64.675,-2.0271
MSTR-20261007T14020173073,MSTR,2026-10-07,2026-10-07T11:01:18.688146-04:00,154.9025,0.8624
PRIM-20261007T14464943670,PRIM,2026-10-07,2026-10-07T11:01:18.688146-04:00,80.425,0.0062
HUT-20261007T14555881179,HUT,2026-10-07,2026-10-07T11:01:18.688146-04:00,87.445,-1.2256
NXT-20261007T14565038542,NXT,2026-10-07,2026-10-07T11:01:18.688146-04:00,84.96,-0.0706
CDNA-20261007T13361674905,CDNA,2026-10-07,2026-10-07T11:01:29.342953-04:00,64.7321,-2.1172
MSTR-20261007T14020173073,MSTR,2026-10-07,2026-10-07T11:01:29.342953-04:00,154.91,0.8576
PRIM-20261007T14464943670,PRIM,2026-10-07,2026-10-07T11:01:29.342953-04:00,80.3,-0.1492
HUT-20261007T14555881179,HUT,2026-10-07,2026-10-07T11:01:29.342953-04:00,87.435,-1.2369
NXT-20261007T14565038542,NXT,2026-10-07,2026-10-07T11:01:29.342953-04:00,84.92,-0.1176
CDNA-20261007T13361674905,CDNA,2026-10-07,2026-10-07T11:01:39.981198-04:00,64.62,-1.9404
MSTR-20261007T14020173073,MSTR,2026-10-07,2026-10-07T11:01:39.981198-04:00,154.89,0.8704
PRIM-20261007T14464943670,PRIM,2026-10-07,2026-10-07T11:01:39.981198-04:00,80.1475,-0.3388
HUT-20261007T14555881179,HUT,2026-10-07,2026-10-07T11:01:39.981198-04:00,87.415,-1.2595
NXT-20261007T14565038542,NXT,2026-10-07,2026-10-07T11:01:39.981198-04:00,84.915,-0.1235
CDNA-20261007T13361674905,CDNA,2026-10-07,2026-10-07T11:01:50.617571-04:00,64.63,-1.9561
MSTR-20261007T14020173073,MSTR,2026-10-07,2026-10-07T11:01:50.617571-04:00,154.9,0.864
PRIM-20261007T14464943670,PRIM,2026-10-07,2026-10-07T11:01:50.617571-04:00,80.195,-0.2798
HUT-20261007T14555881179,HUT,2026-10-07,2026-10-07T11:01:50.617571-04:00,87.44,-1.2312
NXT-20261007T14565038542,NXT,2026-10-07,2026-10-07T11:01:50.617571-04:00,84.9091,-0.1304
CDNA-20261007T13361674905,CDNA,2026-10-07,2026-10-07T11:02:00.962143-04:00,64.655,-1.9956
MSTR-20261007T14020173073,MSTR,2026-10-07,2026-10-07T11:02:00.962143-04:00,154.88,0.8768
PRIM-20261007T14464943670,PRIM,2026-10-07,2026-10-07T11:02:00.962143-04:00,80.2,-0.2736
HUT-20261007T14555881179,HUT,2026-10-07,2026-10-07T11:02:00.962143-04:00,87.43,-1.2425
NXT-20261007T14565038542,NXT,2026-10-07,2026-10-07T11:02:00.962143-04:00,84.915,-0.1235
CDNA-20261007T13361674905,CDNA,2026-10-07,2026-10-07T11:02:11.311871-04:00,64.66,-2.0035
MSTR-20261007T14020173073,MSTR,2026-10-07,2026-10-07T11:02:11.311871-04:00,154.9,0.864
PRIM-20261007T14464943670,PRIM,2026-10-07,2026-10-07T11:02:11.311871-04:00,80.2981,-0.1516
HUT-20261007T14555881179,HUT,2026-10-07,2026-10-07T11:02:11.311871-04:00,87.4347,-1.2372
NXT-20261007T14565038542,NXT,2026-10-07,2026-10-07T11:02:11.311871-04:00,84.915,-0.1235
CDNA-20261007T13361674905,CDNA,2026-10-07,2026-10-07T11:02:21.649208-04:00,64.7588,-2.1593
MSTR-20261007T14020173073,MSTR,2026-10-07,2026-10-07T11:02:21.649208-04:00,154.9899,0.8065
PRIM-20261007T14464943670,PRIM,2026-10-07,2026-10-07T11:02:21.649208-04:00,80.2359,-0.2289
HUT-20261007T14555881179,HUT,2026-10-07,2026-10-07T11:02:21.649208-04:00,87.45,-1.2199
NXT-20261007T14565038542,NXT,2026-10-07,2026-10-07T11:02:21.649208-04:00,84.9588,-0.072
CDNA-20261007T13361674905,CDNA,2026-10-07,2026-10-07T11:02:31.989389-04:00,64.6647,-2.0109
MSTR-20261007T14020173073,MSTR,2026-10-07,2026-10-07T11:02:31.989389-04:00,154.935,0.8416
PRIM-20261007T14464943670,PRIM,2026-10-07,2026-10-07T11:02:31.989389-04:00,80.2394,-0.2246
HUT-20261007T14555881179,HUT,2026-10-07,2026-10-07T11:02:31.989389-04:00,87.42,-1.2538
NXT-20261007T14565038542,NXT,2026-10-07,2026-10-07T11:02:31.989389-04:00,84.855,-0.1941
CDNA-20261007T13361674905,CDNA,2026-10-07,2026-10-07T11:02:42.331495-04:00,64.66,-2.0035
MSTR-20261007T14020173073,MSTR,2026-10-07,2026-10-07T11:02:42.331495-04:00,154.89,0.8704
PRIM-20261007T14464943670,PRIM,2026-10-07,2026-10-07T11:02:42.331495-04:00,80.2125,-0.258
HUT-20261007T14555881179,HUT,2026-10-07,2026-10-07T11:02:42.331495-04:00,87.49,-1.1747
NXT-20261007T14565038542,NXT,2026-10-07,2026-10-07T11:02:42.331495-04:00,84.9263,-0.1102
CDNA-20261007T13361674905,CDNA,2026-10-07,2026-10-07T11:02:52.589190-04:00,64.76,-2.1612
MSTR-20261007T14020173073,MSTR,2026-10-07,2026-10-07T11:02:52.589190-04:00,155.05,0.768
PRIM-20261007T14464943670,PRIM,2026-10-07,2026-10-07T11:02:52.589190-04:00,80.215,-0.2549
HUT-20261007T14555881179,HUT,2026-10-07,2026-10-07T11:02:52.589190-04:00,87.54,-1.1183
NXT-20261007T14565038542,NXT,2026-10-07,2026-10-07T11:02:52.589190-04:00,84.8688,-0.1778
CDNA-20261007T13361674905,CDNA,2026-10-07,2026-10-07T11:03:02.903767-04:00,64.735,-2.1218
MSTR-20261007T14020173073,MSTR,2026-10-07,2026-10-07T11:03:02.903767-04:00,154.86,0.8896
PRIM-20261007T14464943670,PRIM,2026-10-07,2026-10-07T11:03:02.903767-04:00,80.19,-0.286
HUT-20261007T14555881179,HUT,2026-10-07,2026-10-07T11:03:02.903767-04:00,87.495,-1.1691
NXT-20261007T14565038542,NXT,2026-10-07,2026-10-07T11:03:02.903767-04:00,84.9132,-0.1256
CDNA-20261007T13361674905,CDNA,2026-10-07,2026-10-07T11:03:13.423725-04:00,64.735,-2.1218
MSTR-20261007T14020173073,MSTR,2026-10-07,2026-10-07T11:03:13.423725-04:00,155.0682,0.7564
PRIM-20261007T14464943670,PRIM,2026-10-07,2026-10-07T11:03:13.423725-04:00,80.19,-0.286
HUT-20261007T14555881179,HUT,2026-10-07,2026-10-07T11:03:13.423725-04:00,87.57,-1.0844
NXT-20261007T14565038542,NXT,2026-10-07,2026-10-07T11:03:13.423725-04:00,84.85,-0.2
CDNA-20261007T13361674905,CDNA,2026-10-07,2026-10-07T11:03:23.780236-04:00,64.71,-2.0823
MSTR-20261007T14020173073,MSTR,2026-10-07,2026-10-07T11:03:23.780236-04:00,154.89,0.8704
PRIM-20261007T14464943670,PRIM,2026-10-07,2026-10-07T11:03:23.780236-04:00,80.1932,-0.282
HUT-20261007T14555881179,HUT,2026-10-07,2026-10-07T11:03:23.780236-04:00,87.62,-1.0279
NXT-20261007T14565038542,NXT,2026-10-07,2026-10-07T11:03:23.780236-04:00,84.9019,-0.1389
CDNA-20261007T13361674905,CDNA,2026-10-07,2026-10-07T11:03:34.163214-04:00,64.71,-2.0823
MSTR-20261007T14020173073,MSTR,2026-10-07,2026-10-07T11:03:34.163214-04:00,154.8,0.928
PRIM-20261007T14464943670,PRIM,2026-10-07,2026-10-07T11:03:34.163214-04:00,80.185,-0.2922
HUT-20261007T14555881179,HUT,2026-10-07,2026-10-07T11:03:34.163214-04:00,87.49,-1.1747
NXT-20261007T14565038542,NXT,2026-10-07,2026-10-07T11:03:34.163214-04:00,84.81,-0.247
CDNA-20261007T13361674905,CDNA,2026-10-07,2026-10-07T11:03:44.544703-04:00,64.6267,-1.9509
MSTR-20261007T14020173073,MSTR,2026-10-07,2026-10-07T11:03:44.544703-04:00,154.85,0.896
PRIM-20261007T14464943670,PRIM,2026-10-07,2026-10-07T11:03:44.544703-04:00,80.1866,-0.2902
HUT-20261007T14555881179,HUT,2026-10-07,2026-10-07T11:03:44.544703-04:00,87.49,-1.1747
NXT-20261007T14565038542,NXT,2026-10-07,2026-10-07T11:03:44.544703-04:00,84.85,-0.2
CDNA-20261007T13361674905,CDNA,2026-10-07,2026-10-07T11:03:54.887884-04:00,64.66,-2.0035
MSTR-20261007T14020173073,MSTR,2026-10-07,2026-10-07T11:03:54.887884-04:00,154.89,0.8704
PRIM-20261007T14464943670,PRIM,2026-10-07,2026-10-07T11:03:54.887884-04:00,80.14,-0.3482
HUT-20261007T14555881179,HUT,2026-10-07,2026-10-07T11:03:54.887884-04:00,87.515,-1.1465
NXT-20261007T14565038542,NXT,2026-10-07,2026-10-07T11:03:54.887884-04:00,84.87,-0.1764
CDNA-20261007T13361674905,CDNA,2026-10-07,2026-10-07T11:04:05.315353-04:00,64.6725,-2.0232
MSTR-20261007T14020173073,MSTR,2026-10-07,2026-10-07T11:04:05.315353-04:00,154.85,0.896
PRIM-20261007T14464943670,PRIM,2026-10-07,2026-10-07T11:04:05.315353-04:00,80.135,-0.3544
HUT-20261007T14555881179,HUT,2026-10-07,2026-10-07T11:04:05.315353-04:00,87.51,-1.1522
NXT-20261007T14565038542,NXT,2026-10-07,2026-10-07T11:04:05.315353-04:00,84.81,-0.247
CDNA-20261007T13361674905,CDNA,2026-10-07,2026-10-07T11:04:15.800955-04:00,64.6975,-2.0626
MSTR-20261007T14020173073,MSTR,2026-10-07,2026-10-07T11:04:15.800955-04:00,154.835,0.9056
PRIM-20261007T14464943670,PRIM,2026-10-07,2026-10-07T11:04:15.800955-04:00,80.1877,-0.2889
HUT-20261007T14555881179,HUT,2026-10-07,2026-10-07T11:04:15.800955-04:00,87.49,-1.1747
NXT-20261007T14565038542,NXT,2026-10-07,2026-10-07T11:04:15.800955-04:00,84.8375,-0.2147
CDNA-20261007T13361674905,CDNA,2026-10-07,2026-10-07T11:04:26.001650-04:00,64.67,-2.0192
MSTR-20261007T14020173073,MSTR,2026-10-07,2026-10-07T11:04:26.001650-04:00,154.8514,0.8951
PRIM-20261007T14464943670,PRIM,2026-10-07,2026-10-07T11:04:26.001650-04:00,80.15,-0.3357
HUT-20261007T14555881179,HUT,2026-10-07,2026-10-07T11:04:26.001650-04:00,87.525,-1.1352
NXT-20261007T14565038542,NXT,2026-10-07,2026-10-07T11:04:26.001650-04:00,84.86,-0.1882
CDNA-20261007T13361674905,CDNA,2026-10-07,2026-10-07T11:04:36.217661-04:00,64.66,-2.0035
MSTR-20261007T14020173073,MSTR,2026-10-07,2026-10-07T11:04:36.217661-04:00,154.829,0.9094
PRIM-20261007T14464943670,PRIM,2026-10-07,2026-10-07T11:04:36.217661-04:00,80.1485,-0.3376
HUT-20261007T14555881179,HUT,2026-10-07,2026-10-07T11:04:36.217661-04:00,87.54,-1.1183
NXT-20261007T14565038542,NXT,2026-10-07,2026-10-07T11:04:36.217661-04:00,84.9168,-0.1214
CDNA-20261007T13361674905,CDNA,2026-10-07,2026-10-07T11:04:46.369769-04:00,64.71,-2.0823
MSTR-20261007T14020173073,MSTR,2026-10-07,2026-10-07T11:04:46.369769-04:00,154.81,0.9216
PRIM-20261007T14464943670,PRIM,2026-10-07,2026-10-07T11:04:46.369769-04:00,80.19,-0.286
HUT-20261007T14555881179,HUT,2026-10-07,2026-10-07T11:04:46.369769-04:00,87.51,-1.1522
NXT-20261007T14565038542,NXT,2026-10-07,2026-10-07T11:04:46.369769-04:00,85.03,0.0118
CDNA-20261007T13361674905,CDNA,2026-10-07,2026-10-07T11:04:56.572535-04:00,64.73,-2.1139
MSTR-20261007T14020173073,MSTR,2026-10-07,2026-10-07T11:04:56.572535-04:00,154.83,0.9088
PRIM-20261007T14464943670,PRIM,2026-10-07,2026-10-07T11:04:56.572535-04:00,80.18,-0.2984
HUT-20261007T14555881179,HUT,2026-10-07,2026-10-07T11:04:56.572535-04:00,87.51,-1.1522
NXT-20261007T14565038542,NXT,2026-10-07,2026-10-07T11:04:56.572535-04:00,85.065,0.0529
CDNA-20261007T13361674905,CDNA,2026-10-07,2026-10-07T11:05:06.759373-04:00,64.71,-2.0823
MSTR-20261007T14020173073,MSTR,2026-10-07,2026-10-07T11:05:06.759373-04:00,154.7,0.992
PRIM-20261007T14464943670,PRIM,2026-10-07,2026-10-07T11:05:06.759373-04:00,80.195,-0.2798
HUT-20261007T14555881179,HUT,2026-10-07,2026-10-07T11:05:06.759373-04:00,87.47,-1.1973
NXT-20261007T14565038542,NXT,2026-10-07,2026-10-07T11:05:06.759373-04:00,85.1043,0.0992
CDNA-20261007T13361674905,CDNA,2026-10-07,2026-10-07T11:05:17.152435-04:00,64.69,-2.0508
MSTR-20261007T14020173073,MSTR,2026-10-07,2026-10-07T11:05:17.152435-04:00,154.72,0.9792
PRIM-20261007T14464943670,PRIM,2026-10-07,2026-10-07T11:05:17.152435-04:00,80.195,-0.2798
HUT-20261007T14555881179,HUT,2026-10-07,2026-10-07T11:05:17.152435-04:00,87.47,-1.1973
NXT-20261007T14565038542,NXT,2026-10-07,2026-10-07T11:05:17.152435-04:00,84.981,-0.0459
CDNA-20261007T13361674905,CDNA,2026-10-07,2026-10-07T11:05:27.661375-04:00,64.6845,-2.0421
MSTR-20261007T14020173073,MSTR,2026-10-07,2026-10-07T11:05:27.661375-04:00,154.81,0.9216
PRIM-20261007T14464943670,PRIM,2026-10-07,2026-10-07T11:05:27.661375-04:00,80.185,-0.2922
HUT-20261007T14555881179,HUT,2026-10-07,2026-10-07T11:05:27.661375-04:00,87.495,-1.1691
NXT-20261007T14565038542,NXT,2026-10-07,2026-10-07T11:05:27.661375-04:00,85.12,0.1176
CDNA-20261007T13361674905,CDNA,2026-10-07,2026-10-07T11:05:38.025733-04:00,64.7,-2.0666
MSTR-20261007T14020173073,MSTR,2026-10-07,2026-10-07T11:05:38.025733-04:00,154.915,0.8544
PRIM-20261007T14464943670,PRIM,2026-10-07,2026-10-07T11:05:38.025733-04:00,80.31,-0.1368
HUT-20261007T14555881179,HUT,2026-10-07,2026-10-07T11:05:38.025733-04:00,87.51,-1.1522
NXT-20261007T14565038542,NXT,2026-10-07,2026-10-07T11:05:38.025733-04:00,85.12,0.1176
CDNA-20261007T13361674905,CDNA,2026-10-07,2026-10-07T11:05:48.390269-04:00,64.6,-1.9088
MSTR-20261007T14020173073,MSTR,2026-10-07,2026-10-07T11:05:48.390269-04:00,154.83,0.9088
PRIM-20261007T14464943670,PRIM,2026-10-07,2026-10-07T11:05:48.390269-04:00,80.34,-0.0995
HUT-20261007T14555881179,HUT,2026-10-07,2026-10-07T11:05:48.390269-04:00,87.51,-1.1522
NXT-20261007T14565038542,NXT,2026-10-07,2026-10-07T11:05:48.390269-04:00,85.12,0.1176
CDNA-20261007T13361674905,CDNA,2026-10-07,2026-10-07T11:05:58.775631-04:00,64.7988,-2.2224
MSTR-20261007T14020173073,MSTR,2026-10-07,2026-10-07T11:05:58.775631-04:00,154.675,1.008
PRIM-20261007T14464943670,PRIM,2026-10-07,2026-10-07T11:05:58.775631-04:00,80.34,-0.0995
HUT-20261007T14555881179,HUT,2026-10-07,2026-10-07T11:05:58.775631-04:00,87.485,-1.1804
NXT-20261007T14565038542,NXT,2026-10-07,2026-10-07T11:05:58.775631-04:00,85.12,0.1176
CDNA-20261007T13361674905,CDNA,2026-10-07,2026-10-07T11:06:09.059181-04:00,64.6093,-1.9235
MSTR-20261007T14020173073,MSTR,2026-10-07,2026-10-07T11:06:09.059181-04:00,154.68,1.0048
PRIM-20261007T14464943670,PRIM,2026-10-07,2026-10-07T11:06:09.059181-04:00,80.3551,-0.0807
HUT-20261007T14555881179,HUT,2026-10-07,2026-10-07T11:06:09.059181-04:00,87.49,-1.1747
NXT-20261007T14565038542,NXT,2026-10-07,2026-10-07T11:06:09.059181-04:00,85.1196,0.1171
CDNA-20261007T13361674905,CDNA,2026-10-07,2026-10-07T11:06:19.603943-04:00,64.6588,-2.0016
MSTR-20261007T14020173073,MSTR,2026-10-07,2026-10-07T11:06:19.603943-04:00,154.6562,1.02
PRIM-20261007T14464943670,PRIM,2026-10-07,2026-10-07T11:06:19.603943-04:00,80.37,-0.0622
HUT-20261007T14555881179,HUT,2026-10-07,2026-10-07T11:06:19.603943-04:00,87.45,-1.2199
NXT-20261007T14565038542,NXT,2026-10-07,2026-10-07T11:06:19.603943-04:00,84.9536,-0.0781
CDNA-20261007T13361674905,CDNA,2026-10-07,2026-10-07T11:06:30.069947-04:00,64.58,-1.8773
MSTR-20261007T14020173073,MSTR,2026-10-07,2026-10-07T11:06:30.069947-04:00,154.63,1.0368
PRIM-20261007T14464943670,PRIM,2026-10-07,2026-10-07T11:06:30.069947-04:00,80.3144,-0.1313
HUT-20261007T14555881179,HUT,2026-10-07,2026-10-07T11:06:30.069947-04:00,87.435,-1.2369
NXT-20261007T14565038542,NXT,2026-10-07,2026-10-07T11:06:30.069947-04:00,85.09,0.0823
CDNA-20261007T13361674905,CDNA,2026-10-07,2026-10-07T11:06:40.577771-04:00,64.62,-1.9404
MSTR-20261007T14020173073,MSTR,2026-10-07,2026-10-07T11:06:40.577771-04:00,154.6,1.056
PRIM-20261007T14464943670,PRIM,2026-10-07,2026-10-07T11:06:40.577771-04:00,80.3873,-0.0407
HUT-20261007T14555881179,HUT,2026-10-07,2026-10-07T11:06:40.577771-04:00,87.44,-1.2312
NXT-20261007T14565038542,NXT,2026-10-07,2026-10-07T11:06:40.577771-04:00,85.0716,0.0607
CDNA-20261007T13361674905,CDNA,2026-10-07,2026-10-07T11:06:50.921059-04:00,64.54,-1.8142
MSTR-20261007T14020173073,MSTR,2026-10-07,2026-10-07T11:06:50.921059-04:00,154.6099,1.0497
PRIM-20261007T14464943670,PRIM,2026-10-07,2026-10-07T11:06:50.921059-04:00,80.365,-0.0684
HUT-20261007T14555881179,HUT,2026-10-07,2026-10-07T11:06:50.921059-04:00,87.48,-1.186
NXT-20261007T14565038542,NXT,2026-10-07,2026-10-07T11:06:50.921059-04:00,85.0772,0.0673
CDNA-20261007T13361674905,CDNA,2026-10-07,2026-10-07T11:07:01.235408-04:00,64.695,-2.0587
MSTR-20261007T14020173073,MSTR,2026-10-07,2026-10-07T11:07:01.235408-04:00,154.58,1.0688
PRIM-20261007T14464943670,PRIM,2026-10-07,2026-10-07T11:07:01.235408-04:00,80.45,0.0373
HUT-20261007T14555881179,HUT,2026-10-07,2026-10-07T11:07:01.235408-04:00,87.485,-1.1804
NXT-20261007T14565038542,NXT,2026-10-07,2026-10-07T11:07:01.235408-04:00,85.09,0.0823
CDNA-20261007T13361674905,CDNA,2026-10-07,2026-10-07T11:07:11.747208-04:00,64.6,-1.9088
MSTR-20261007T14020173073,MSTR,2026-10-07,2026-10-07T11:07:11.747208-04:00,154.51,1.1136
PRIM-20261007T14464943670,PRIM,2026-10-07,2026-10-07T11:07:11.747208-04:00,80.4236,0.0045
HUT-20261007T14555881179,HUT,2026-10-07,2026-10-07T11:07:11.747208-04:00,87.21,-1.491
NXT-20261007T14565038542,NXT,2026-10-07,2026-10-07T11:07:11.747208-04:00,85.12,0.1176
CDNA-20261007T13361674905,CDNA,2026-10-07,2026-10-07T11:07:22.133183-04:00,64.61,-1.9246
MSTR-20261007T14020173073,MSTR,2026-10-07,2026-10-07T11:07:22.133183-04:00,154.5452,1.0911
PRIM-20261007T14464943670,PRIM,2026-10-07,2026-10-07T11:07:22.133183-04:00,80.4983,0.0974
HUT-20261007T14555881179,HUT,2026-10-07,2026-10-07T11:07:22.133183-04:00,87.125,-1.587
NXT-20261007T14565038542,NXT,2026-10-07,2026-10-07T11:07:22.133183-04:00,85.0855,0.077
CDNA-20261007T13361674905,CDNA,2026-10-07,2026-10-07T11:07:32.465690-04:00,64.69,-2.0508
MSTR-20261007T14020173073,MSTR,2026-10-07,2026-10-07T11:07:32.465690-04:00,154.23,1.2928
PRIM-20261007T14464943670,PRIM,2026-10-07,2026-10-07T11:07:32.465690-04:00,80.3089,-0.1381
HUT-20261007T14555881179,HUT,2026-10-07,2026-10-07T11:07:32.465690-04:00,86.82,-1.9315
NXT-20261007T14565038542,NXT,2026-10-07,2026-10-07T11:07:32.465690-04:00,85.2,0.2117
CDNA-20261007T13361674905,CDNA,2026-10-07,2026-10-07T11:07:42.694217-04:00,64.76,-2.1612
MSTR-20261007T14020173073,MSTR,2026-10-07,2026-10-07T11:07:42.694217-04:00,154.1,1.376
PRIM-20261007T14464943670,PRIM,2026-10-07,2026-10-07T11:07:42.694217-04:00,80.5679,0.1839
HUT-20261007T14555881179,HUT,2026-10-07,2026-10-07T11:07:42.694217-04:00,87.3014,-1.3878
NXT-20261007T14565038542,NXT,2026-10-07,2026-10-07T11:07:42.694217-04:00,85.195,0.2058
CDNA-20261007T13361674905,CDNA,2026-10-07,2026-10-07T11:07:53.081008-04:00,64.6388,-1.97
MSTR-20261007T14020173073,MSTR,2026-10-07,2026-10-07T11:07:53.081008-04:00,154.1,1.376
PRIM-20261007T14464943670,PRIM,2026-10-07,2026-10-07T11:07:53.081008-04:00,80.555,0.1679
HUT-20261007T14555881179,HUT,2026-10-07,2026-10-07T11:07:53.081008-04:00,86.705,-2.0614
NXT-20261007T14565038542,NXT,2026-10-07,2026-10-07T11:07:53.081008-04:00,85.205,0.2176
CDNA-20261007T13361674905,CDNA,2026-10-07,2026-10-07T11:08:03.326583-04:00,64.61,-1.9246
MSTR-20261007T14020173073,MSTR,2026-10-07,2026-10-07T11:08:03.326583-04:00,154.285,1.2576
PRIM-20261007T14464943670,PRIM,2026-10-07,2026-10-07T11:08:03.326583-04:00,80.555,0.1679
HUT-20261007T14555881179,HUT,2026-10-07,2026-10-07T11:08:03.326583-04:00,86.83,-1.9203
NXT-20261007T14565038542,NXT,2026-10-07,2026-10-07T11:08:03.326583-04:00,85.315,0.347
CDNA-20261007T13361674905,CDNA,2026-10-07,2026-10-07T11:08:13.745369-04:00,64.6615,-2.0058
MSTR-20261007T14020173073,MSTR,2026-10-07,2026-10-07T11:08:13.745369-04:00,154.15,1.344
PRIM-20261007T14464943670,PRIM,2026-10-07,2026-10-07T11:08:13.745369-04:00,80.5065,0.1076
HUT-20261007T14555881179,HUT,2026-10-07,2026-10-07T11:08:13.745369-04:00,86.8,-1.9541
NXT-20261007T14565038542,NXT,2026-10-07,2026-10-07T11:08:13.745369-04:00,85.1658,0.1715
CDNA-20261007T13361674905,CDNA,2026-10-07,2026-10-07T11:08:23.979987-04:00,64.6655,-2.0121
MSTR-20261007T14020173073,MSTR,2026-10-07,2026-10-07T11:08:23.979987-04:00,153.99,1.4464
PRIM-20261007T14464943670,PRIM,2026-10-07,2026-10-07T11:08:23.979987-04:00,80.555,0.1679
HUT-20261007T14555881179,HUT,2026-10-07,2026-10-07T11:08:23.979987-04:00,86.68,-2.0897
NXT-20261007T14565038542,NXT,2026-10-07,2026-10-07T11:08:23.979987-04:00,85.32,0.3529
CDNA-20261007T13361674905,CDNA,2026-10-07,2026-10-07T11:08:34.234502-04:00,64.6365,-1.9664
MSTR-20261007T14020173073,MSTR,2026-10-07,2026-10-07T11:08:34.234502-04:00,154.0198,1.4273
PRIM-20261007T14464943670,PRIM,2026-10-07,2026-10-07T11:08:34.234502-04:00,80.555,0.1679
HUT-20261007T14555881179,HUT,2026-10-07,2026-10-07T11:08:34.234502-04:00,86.72,-2.0445
NXT-20261007T14565038542,NXT,2026-10-07,2026-10-07T11:08:34.234502-04:00,85.325,0.3587
CDNA-20261007T13361674905,CDNA,2026-10-07,2026-10-07T11:08:44.456363-04:00,64.6478,-1.9842
MSTR-20261007T14020173073,MSTR,2026-10-07,2026-10-07T11:08:44.456363-04:00,154.0899,1.3825
PRIM-20261007T14464943670,PRIM,2026-10-07,2026-10-07T11:08:44.456363-04:00,80.364,-0.0696
HUT-20261007T14555881179,HUT,2026-10-07,2026-10-07T11:08:44.456363-04:00,86.61,-2.1688
NXT-20261007T14565038542,NXT,2026-10-07,2026-10-07T11:08:44.456363-04:00,85.29,0.3176
CDNA-20261007T13361674905,CDNA,2026-10-07,2026-10-07T11:08:54.772898-04:00,64.64,-1.9719
MSTR-20261007T14020173073,MSTR,2026-10-07,2026-10-07T11:08:54.772898-04:00,154.29,1.2544
PRIM-20261007T14464943670,PRIM,2026-10-07,2026-10-07T11:08:54.772898-04:00,80.5431,0.1531
HUT-20261007T14555881179,HUT,2026-10-07,2026-10-07T11:08:54.772898-04:00,86.68,-2.0897
NXT-20261007T14565038542,NXT,2026-10-07,2026-10-07T11:08:54.772898-04:00,85.2805,0.3064
CDNA-20261007T13361674905,CDNA,2026-10-07,2026-10-07T11:09:05.034532-04:00,64.6332,-1.9612
MSTR-20261007T14020173073,MSTR,2026-10-07,2026-10-07T11:09:05.034532-04:00,154.39,1.1904
PRIM-20261007T14464943670,PRIM,2026-10-07,2026-10-07T11:09:05.034532-04:00,80.55,0.1617
HUT-20261007T14555881179,HUT,2026-10-07,2026-10-07T11:09:05.034532-04:00,86.6619,-2.1101
NXT-20261007T14565038542,NXT,2026-10-07,2026-10-07T11:09:05.034532-04:00,85.27,0.294
CDNA-20261007T13361674905,CDNA,2026-10-07,2026-10-07T11:09:15.549712-04:00,64.651,-1.9893
MSTR-20261007T14020173073,MSTR,2026-10-07,2026-10-07T11:09:15.549712-04:00,154.46,1.1456
PRIM-20261007T14464943670,PRIM,2026-10-07,2026-10-07T11:09:15.549712-04:00,80.62,0.2487
HUT-20261007T14555881179,HUT,2026-10-07,2026-10-07T11:09:15.549712-04:00,86.725,-2.0389
NXT-20261007T14565038542,NXT,2026-10-07,2026-10-07T11:09:15.549712-04:00,85.27,0.294
CDNA-20261007T13361674905,CDNA,2026-10-07,2026-10-07T11:09:25.963612-04:00,64.6503,-1.9882
MSTR-20261007T14020173073,MSTR,2026-10-07,2026-10-07T11:09:25.963612-04:00,154.58,1.0688
PRIM-20261007T14464943670,PRIM,2026-10-07,2026-10-07T11:09:25.963612-04:00,80.5625,0.1772
HUT-20261007T14555881179,HUT,2026-10-07,2026-10-07T11:09:25.963612-04:00,86.82,-1.9315
NXT-20261007T14565038542,NXT,2026-10-07,2026-10-07T11:09:25.963612-04:00,85.29,0.3176
CDNA-20261007T13361674905,CDNA,2026-10-07,2026-10-07T11:09:36.341970-04:00,64.6433,-1.9771
MSTR-20261007T14020173073,MSTR,2026-10-07,2026-10-07T11:09:36.341970-04:00,154.71,0.9856
PRIM-20261007T14464943670,PRIM,2026-10-07,2026-10-07T11:09:36.341970-04:00,80.57,0.1865
HUT-20261007T14555881179,HUT,2026-10-07,2026-10-07T11:09:36.341970-04:00,86.885,-1.8581
NXT-20261007T14565038542,NXT,2026-10-07,2026-10-07T11:09:36.341970-04:00,85.29,0.3176
CDNA-20261007T13361674905,CDNA,2026-10-07,2026-10-07T11:09:46.712068-04:00,64.645,-1.9798
MSTR-20261007T14020173073,MSTR,2026-10-07,2026-10-07T11:09:46.712068-04:00,154.685,1.0016
PRIM-20261007T14464943670,PRIM,2026-10-07,2026-10-07T11:09:46.712068-04:00,80.57,0.1865
HUT-20261007T14555881179,HUT,2026-10-07,2026-10-07T11:09:46.712068-04:00,86.805,-1.9485
NXT-20261007T14565038542,NXT,2026-10-07,2026-10-07T11:09:46.712068-04:00,85.2783,0.3038
CDNA-20261007T13361674905,CDNA,2026-10-07,2026-10-07T11:09:57.017744-04:00,64.52,-1.7826
MSTR-20261007T14020173073,MSTR,2026-10-07,2026-10-07T11:09:57.017744-04:00,154.66,1.0176
PRIM-20261007T14464943670,PRIM,2026-10-07,2026-10-07T11:09:57.017744-04:00,80.835,0.516
HUT-20261007T14555881179,HUT,2026-10-07,2026-10-07T11:09:57.017744-04:00,86.8,-1.9541
NXT-20261007T14565038542,NXT,2026-10-07,2026-10-07T11:09:57.017744-04:00,85.2856,0.3124
CDNA-20261007T13361674905,CDNA,2026-10-07,2026-10-07T11:10:07.356891-04:00,64.6,-1.9088
MSTR-20261007T14020173073,MSTR,2026-10-07,2026-10-07T11:10:07.356891-04:00,154.76,0.9536
PRIM-20261007T14464943670,PRIM,2026-10-07,2026-10-07T11:10:07.356891-04:00,80.835,0.516
HUT-20261007T14555881179,HUT,2026-10-07,2026-10-07T11:10:07.356891-04:00,86.6722,-2.0985
NXT-20261007T14565038542,NXT,2026-10-07,2026-10-07T11:10:07.356891-04:00,85.2767,0.3019
CDNA-20261007T13361674905,CDNA,2026-10-07,2026-10-07T11:10:17.915869-04:00,64.64,-1.9719
MSTR-20261007T14020173073,MSTR,2026-10-07,2026-10-07T11:10:17.915869-04:00,154.7832,0.9388
PRIM-20261007T14464943670,PRIM,2026-10-07,2026-10-07T11:10:17.915869-04:00,80.6882,0.3335
HUT-20261007T14555881179,HUT,2026-10-07,2026-10-07T11:10:17.915869-04:00,86.645,-2.1292
NXT-20261007T14565038542,NXT,2026-10-07,2026-10-07T11:10:17.915869-04:00,85.2758,0.3009
CDNA-20261007T13361674905,CDNA,2026-10-07,2026-10-07T11:10:28.354582-04:00,64.6,-1.9088
MSTR-20261007T14020173073,MSTR,2026-10-07,2026-10-07T11:10:28.354582-04:00,154.6709,1.0106
PRIM-20261007T14464943670,PRIM,2026-10-07,2026-10-07T11:10:28.354582-04:00,80.88,0.572
HUT-20261007T14555881179,HUT,2026-10-07,2026-10-07T11:10:28.354582-04:00,87.3093,-1.3789
NXT-20261007T14565038542,NXT,2026-10-07,2026-10-07T11:10:28.354582-04:00,85.32,0.3529
CDNA-20261007T13361674905,CDNA,2026-10-07,2026-10-07T11:10:38.836330-04:00,64.635,-1.964
MSTR-20261007T14020173073,MSTR,2026-10-07,2026-10-07T11:10:38.836330-04:00,154.76,0.9536
PRIM-20261007T14464943670,PRIM,2026-10-07,2026-10-07T11:10:38.836330-04:00,80.83,0.5098
HUT-20261007T14555881179,HUT,2026-10-07,2026-10-07T11:10:38.836330-04:00,86.67,-2.101
NXT-20261007T14565038542,NXT,2026-10-07,2026-10-07T11:10:38.836330-04:00,85.33,0.3646
CDNA-20261007T13361674905,CDNA,2026-10-07,2026-10-07T11:10:49.295765-04:00,64.61,-1.9246
MSTR-20261007T14020173073,MSTR,2026-10-07,2026-10-07T11:10:49.295765-04:00,154.85,0.896
PRIM-20261007T14464943670,PRIM,2026-10-07,2026-10-07T11:10:49.295765-04:00,80.83,0.5098
HUT-20261007T14555881179,HUT,2026-10-07,2026-10-07T11:10:49.295765-04:00,86.63,-2.1462
NXT-20261007T14565038542,NXT,2026-10-07,2026-10-07T11:10:49.295765-04:00,85.2669,0.2904
CDNA-20261007T13361674905,CDNA,2026-10-07,2026-10-07T11:10:59.859215-04:00,64.64,-1.9719
MSTR-20261007T14020173073,MSTR,2026-10-07,2026-10-07T11:10:59.859215-04:00,154.855,0.8928
PRIM-20261007T14464943670,PRIM,2026-10-07,2026-10-07T11:10:59.859215-04:00,80.84,0.5223
HUT-20261007T14555881179,HUT,2026-10-07,2026-10-07T11:10:59.859215-04:00,86.9553,-1.7787
NXT-20261007T14565038542,NXT,2026-10-07,2026-10-07T11:10:59.859215-04:00,85.351,0.3893
CDNA-20261007T13361674905,CDNA,2026-10-07,2026-10-07T11:11:10.483659-04:00,64.62,-1.9404
MSTR-20261007T14020173073,MSTR,2026-10-07,2026-10-07T11:11:10.483659-04:00,154.85,0.896
PRIM-20261007T14464943670,PRIM,2026-10-07,2026-10-07T11:11:10.483659-04:00,80.6389,0.2722
HUT-20261007T14555881179,HUT,2026-10-07,2026-10-07T11:11:10.483659-04:00,86.7,-2.0671
NXT-20261007T14565038542,NXT,2026-10-07,2026-10-07T11:11:10.483659-04:00,85.3183,0.3509
CDNA-20261007T13361674905,CDNA,2026-10-07,2026-10-07T11:11:21.160404-04:00,64.64,-1.9719
MSTR-20261007T14020173073,MSTR,2026-10-07,2026-10-07T11:11:21.160404-04:00,154.9,0.864
PRIM-20261007T14464943670,PRIM,2026-10-07,2026-10-07T11:11:21.160404-04:00,80.82,0.4974
HUT-20261007T14555881179,HUT,2026-10-07,2026-10-07T11:11:21.160404-04:00,86.71,-2.0558
NXT-20261007T14565038542,NXT,2026-10-07,2026-10-07T11:11:21.160404-04:00,85.2348,0.2526
CDNA-20261007T13361674905,CDNA,2026-10-07,2026-10-07T11:11:31.878230-04:00,64.59,-1.893
MSTR-20261007T14020173073,MSTR,2026-10-07,2026-10-07T11:11:31.878230-04:00,154.955,0.8288
PRIM-20261007T14464943670,PRIM,2026-10-07,2026-10-07T11:11:31.878230-04:00,80.6505,0.2866
HUT-20261007T14555881179,HUT,2026-10-07,2026-10-07T11:11:31.878230-04:00,87.13,-1.5814
NXT-20261007T14565038542,NXT,2026-10-07,2026-10-07T11:11:31.878230-04:00,85.335,0.3705
CDNA-20261007T13361674905,CDNA,2026-10-07,2026-10-07T11:11:42.467552-04:00,64.6344,-1.9631
MSTR-20261007T14020173073,MSTR,2026-10-07,2026-10-07T11:11:42.467552-04:00,154.9,0.864
PRIM-20261007T14464943670,PRIM,2026-10-07,2026-10-07T11:11:42.467552-04:00,80.84,0.5223
HUT-20261007T14555881179,HUT,2026-10-07,2026-10-07T11:11:42.467552-04:00,87.07,-1.6492
NXT-20261007T14565038542,NXT,2026-10-07,2026-10-07T11:11:42.467552-04:00,85.104,0.0988
CDNA-20261007T13361674905,CDNA,2026-10-07,2026-10-07T11:11:53.080048-04:00,64.635,-1.964
MSTR-20261007T14020173073,MSTR,2026-10-07,2026-10-07T11:11:53.080048-04:00,154.98,0.8128
PRIM-20261007T14464943670,PRIM,2026-10-07,2026-10-07T11:11:53.080048-04:00,80.84,0.5223
HUT-20261007T14555881179,HUT,2026-10-07,2026-10-07T11:11:53.080048-04:00,87.165,-1.5419
NXT-20261007T14565038542,NXT,2026-10-07,2026-10-07T11:11:53.080048-04:00,85.35,0.3881
CDNA-20261007T13361674905,CDNA,2026-10-07,2026-10-07T11:12:03.514890-04:00,64.6377,-1.9683
MSTR-20261007T14020173073,MSTR,2026-10-07,2026-10-07T11:12:03.514890-04:00,155.03,0.7808
PRIM-20261007T14464943670,PRIM,2026-10-07,2026-10-07T11:12:03.514890-04:00,80.825,0.5036
HUT-20261007T14555881179,HUT,2026-10-07,2026-10-07T11:12:03.514890-04:00,87.1771,-1.5282
NXT-20261007T14565038542,NXT,2026-10-07,2026-10-07T11:12:03.514890-04:00,85.3264,0.3604
CDNA-20261007T13361674905,CDNA,2026-10-07,2026-10-07T11:12:14.006393-04:00,64.6416,-1.9744
PRIM-20261007T14464943670,PRIM,2026-10-07,2026-10-07T11:12:14.006393-04:00,80.8156,0.4919
HUT-20261007T14555881179,HUT,2026-10-07,2026-10-07T11:12:14.006393-04:00,86.7695,-1.9886
NXT-20261007T14565038542,NXT,2026-10-07,2026-10-07T11:12:14.006393-04:00,85.3262,0.3602
CDNA-20261007T13361674905,CDNA,2026-10-07,2026-10-07T11:12:24.448091-04:00,64.58,-1.8773
PRIM-20261007T14464943670,PRIM,2026-10-07,2026-10-07T11:12:24.448091-04:00,80.835,0.516
HUT-20261007T14555881179,HUT,2026-10-07,2026-10-07T11:12:24.448091-04:00,87.26,-1.4345
NXT-20261007T14565038542,NXT,2026-10-07,2026-10-07T11:12:24.448091-04:00,85.325,0.3587
CDNA-20261007T13361674905,CDNA,2026-10-07,2026-10-07T11:12:34.723627-04:00,64.6356,-1.965
PRIM-20261007T14464943670,PRIM,2026-10-07,2026-10-07T11:12:34.723627-04:00,80.835,0.516
HUT-20261007T14555881179,HUT,2026-10-07,2026-10-07T11:12:34.723627-04:00,87.3088,-1.3794
NXT-20261007T14565038542,NXT,2026-10-07,2026-10-07T11:12:34.723627-04:00,85.3265,0.3605
CDNA-20261007T13361674905,CDNA,2026-10-07,2026-10-07T11:12:45.004985-04:00,64.6046,-1.9161
PRIM-20261007T14464943670,PRIM,2026-10-07,2026-10-07T11:12:45.004985-04:00,80.7449,0.404
HUT-20261007T14555881179,HUT,2026-10-07,2026-10-07T11:12:45.004985-04:00,87.15,-1.5588
NXT-20261007T14565038542,NXT,2026-10-07,2026-10-07T11:12:45.004985-04:00,85.325,0.3587
CDNA-20261007T13361674905,CDNA,2026-10-07,2026-10-07T11:12:55.250417-04:00,64.65,-1.9877
PRIM-20261007T14464943670,PRIM,2026-10-07,2026-10-07T11:12:55.250417-04:00,80.74,0.3979
HUT-20261007T14555881179,HUT,2026-10-07,2026-10-07T11:12:55.250417-04:00,87.17,-1.5362
NXT-20261007T14565038542,NXT,2026-10-07,2026-10-07T11:12:55.250417-04:00,85.3627,0.4031
CDNA-20261007T13361674905,CDNA,2026-10-07,2026-10-07T11:13:05.537409-04:00,64.68,-2.035
PRIM-20261007T14464943670,PRIM,2026-10-07,2026-10-07T11:13:05.537409-04:00,80.65,0.286
HUT-20261007T14555881179,HUT,2026-10-07,2026-10-07T11:13:05.537409-04:00,87.2,-1.5023
NXT-20261007T14565038542,NXT,2026-10-07,2026-10-07T11:13:05.537409-04:00,85.337,0.3729
CDNA-20261007T13361674905,CDNA,2026-10-07,2026-10-07T11:13:15.856337-04:00,64.82,-2.2559
PRIM-20261007T14464943670,PRIM,2026-10-07,2026-10-07T11:13:15.856337-04:00,80.68,0.3233
HUT-20261007T14555881179,HUT,2026-10-07,2026-10-07T11:13:15.856337-04:00,87.35,-1.3329
NXT-20261007T14565038542,NXT,2026-10-07,2026-10-07T11:13:15.856337-04:00,85.59,0.6704
CDNA-20261007T13361674905,CDNA,2026-10-07,2026-10-07T11:13:26.228784-04:00,64.6561,-1.9973
PRIM-20261007T14464943670,PRIM,2026-10-07,2026-10-07T11:13:26.228784-04:00,80.76,0.4228
HUT-20261007T14555881179,HUT,2026-10-07,2026-10-07T11:13:26.228784-04:00,87.46,-1.2086
NXT-20261007T14565038542,NXT,2026-10-07,2026-10-07T11:13:26.228784-04:00,85.54,0.6116
CDNA-20261007T13361674905,CDNA,2026-10-07,2026-10-07T11:13:36.619094-04:00,64.8,-2.2243
PRIM-20261007T14464943670,PRIM,2026-10-07,2026-10-07T11:13:36.619094-04:00,80.7384,0.3959
HUT-20261007T14555881179,HUT,2026-10-07,2026-10-07T11:13:36.619094-04:00,87.435,-1.2369
NXT-20261007T14565038542,NXT,2026-10-07,2026-10-07T11:13:36.619094-04:00,85.565,0.641
CDNA-20261007T13361674905,CDNA,2026-10-07,2026-10-07T11:13:46.954132-04:00,64.7325,-2.1178
PRIM-20261007T14464943670,PRIM,2026-10-07,2026-10-07T11:13:46.954132-04:00,80.75,0.4103
HUT-20261007T14555881179,HUT,2026-10-07,2026-10-07T11:13:46.954132-04:00,87.52,-1.1409
NXT-20261007T14565038542,NXT,2026-10-07,2026-10-07T11:13:46.954132-04:00,85.62,0.7057
CDNA-20261007T13361674905,CDNA,2026-10-07,2026-10-07T11:13:57.328049-04:00,64.72,-2.0981
PRIM-20261007T14464943670,PRIM,2026-10-07,2026-10-07T11:13:57.328049-04:00,80.7318,0.3877
HUT-20261007T14555881179,HUT,2026-10-07,2026-10-07T11:13:57.328049-04:00,87.24,-1.4571
NXT-20261007T14565038542,NXT,2026-10-07,2026-10-07T11:13:57.328049-04:00,85.6258,0.7125
CDNA-20261007T13361674905,CDNA,2026-10-07,2026-10-07T11:14:07.656371-04:00,64.8304,-2.2723
PRIM-20261007T14464943670,PRIM,2026-10-07,2026-10-07T11:14:07.656371-04:00,80.71,0.3606
HUT-20261007T14555881179,HUT,2026-10-07,2026-10-07T11:14:07.656371-04:00,87.18,-1.5249
NXT-20261007T14565038542,NXT,2026-10-07,2026-10-07T11:14:07.656371-04:00,85.57,0.6469
CDNA-20261007T13361674905,CDNA,2026-10-07,2026-10-07T11:14:18.107900-04:00,64.83,-2.2717
PRIM-20261007T14464943670,PRIM,2026-10-07,2026-10-07T11:14:18.107900-04:00,80.71,0.3606
HUT-20261007T14555881179,HUT,2026-10-07,2026-10-07T11:14:18.107900-04:00,87.0468,-1.6754
NXT-20261007T14565038542,NXT,2026-10-07,2026-10-07T11:14:18.107900-04:00,85.5825,0.6616
CDNA-20261007T13361674905,CDNA,2026-10-07,2026-10-07T11:14:28.499690-04:00,64.7039,-2.0727
PRIM-20261007T14464943670,PRIM,2026-10-07,2026-10-07T11:14:28.499690-04:00,80.7401,0.398
HUT-20261007T14555881179,HUT,2026-10-07,2026-10-07T11:14:28.499690-04:00,87.3872,-1.2909
NXT-20261007T14565038542,NXT,2026-10-07,2026-10-07T11:14:28.499690-04:00,85.555,0.6293
CDNA-20261007T13361674905,CDNA,2026-10-07,2026-10-07T11:14:38.807455-04:00,64.795,-2.2164
PRIM-20261007T14464943670,PRIM,2026-10-07,2026-10-07T11:14:38.807455-04:00,80.71,0.3606
HUT-20261007T14555881179,HUT,2026-10-07,2026-10-07T11:14:38.807455-04:00,87.3255,-1.3606
NXT-20261007T14565038542,NXT,2026-10-07,2026-10-07T11:14:38.807455-04:00,85.54,0.6116
CDNA-20261007T13361674905,CDNA,2026-10-07,2026-10-07T11:14:49.148303-04:00,64.84,-2.2874
PRIM-20261007T14464943670,PRIM,2026-10-07,2026-10-07T11:14:49.148303-04:00,80.7222,0.3758
HUT-20261007T14555881179,HUT,2026-10-07,2026-10-07T11:14:49.148303-04:00,87.3818,-1.297
NXT-20261007T14565038542,NXT,2026-10-07,2026-10-07T11:14:49.148303-04:00,85.55,0.6234
CDNA-20261007T13361674905,CDNA,2026-10-07,2026-10-07T11:14:59.441184-04:00,64.82,-2.2559
PRIM-20261007T14464943670,PRIM,2026-10-07,2026-10-07T11:14:59.441184-04:00,80.6933,0.3398
HUT-20261007T14555881179,HUT,2026-10-07,2026-10-07T11:14:59.441184-04:00,87.15,-1.5588
NXT-20261007T14565038542,NXT,2026-10-07,2026-10-07T11:14:59.441184-04:00,85.52,0.5881
CDNA-20261007T13361674905,CDNA,2026-10-07,2026-10-07T11:15:09.779493-04:00,64.87,-2.3348
PRIM-20261007T14464943670,PRIM,2026-10-07,2026-10-07T11:15:09.779493-04:00,80.685,0.3295
HUT-20261007T14555881179,HUT,2026-10-07,2026-10-07T11:15:09.779493-04:00,87.125,-1.587
NXT-20261007T14565038542,NXT,2026-10-07,2026-10-07T11:15:09.779493-04:00,85.565,0.641
CDNA-20261007T13361674905,CDNA,2026-10-07,2026-10-07T11:15:20.252159-04:00,64.6714,-2.0215
PRIM-20261007T14464943670,PRIM,2026-10-07,2026-10-07T11:15:20.252159-04:00,80.78,0.4476
HUT-20261007T14555881179,HUT,2026-10-07,2026-10-07T11:15:20.252159-04:00,87.05,-1.6717
NXT-20261007T14565038542,NXT,2026-10-07,2026-10-07T11:15:20.252159-04:00,85.56,0.6351
CDNA-20261007T13361674905,CDNA,2026-10-07,2026-10-07T11:15:30.740644-04:00,64.6715,-2.0216
PRIM-20261007T14464943670,PRIM,2026-10-07,2026-10-07T11:15:30.740644-04:00,80.75,0.4103
HUT-20261007T14555881179,HUT,2026-10-07,2026-10-07T11:15:30.740644-04:00,87.08,-1.6379
NXT-20261007T14565038542,NXT,2026-10-07,2026-10-07T11:15:30.740644-04:00,85.535,0.6057
CDNA-20261007T13361674905,CDNA,2026-10-07,2026-10-07T11:15:41.158619-04:00,64.83,-2.2717
PRIM-20261007T14464943670,PRIM,2026-10-07,2026-10-07T11:15:41.158619-04:00,80.63,0.2611
HUT-20261007T14555881179,HUT,2026-10-07,2026-10-07T11:15:41.158619-04:00,87.01,-1.7169
NXT-20261007T14565038542,NXT,2026-10-07,2026-10-07T11:15:41.158619-04:00,85.53,0.5999
CDNA-20261007T13361674905,CDNA,2026-10-07,2026-10-07T11:15:51.805311-04:00,64.9,-2.3821
PRIM-20261007T14464943670,PRIM,2026-10-07,2026-10-07T11:15:51.805311-04:00,80.69,0.3357
HUT-20261007T14555881179,HUT,2026-10-07,2026-10-07T11:15:51.805311-04:00,86.93,-1.8073
NXT-20261007T14565038542,NXT,2026-10-07,2026-10-07T11:15:51.805311-04:00,85.51,0.5763
CDNA-20261007T13361674905,CDNA,2026-10-07,2026-10-07T11:16:02.554558-04:00,64.8615,-2.3213
PRIM-20261007T14464943670,PRIM,2026-10-07,2026-10-07T11:16:02.554558-04:00,80.69,0.3357
HUT-20261007T14555881179,HUT,2026-10-07,2026-10-07T11:16:02.554558-04:00,86.925,-1.8129
NXT-20261007T14565038542,NXT,2026-10-07,2026-10-07T11:16:02.554558-04:00,85.4232,0.4742
CDNA-20261007T13361674905,CDNA,2026-10-07,2026-10-07T11:16:13.165774-04:00,64.6821,-2.0383
PRIM-20261007T14464943670,PRIM,2026-10-07,2026-10-07T11:16:13.165774-04:00,80.76,0.4228
HUT-20261007T14555881179,HUT,2026-10-07,2026-10-07T11:16:13.165774-04:00,87.0,-1.7282
NXT-20261007T14565038542,NXT,2026-10-07,2026-10-07T11:16:13.165774-04:00,85.515,0.5822
CDNA-20261007T13361674905,CDNA,2026-10-07,2026-10-07T11:16:23.880073-04:00,64.86,-2.319
PRIM-20261007T14464943670,PRIM,2026-10-07,2026-10-07T11:16:23.880073-04:00,80.69,0.3357
HUT-20261007T14555881179,HUT,2026-10-07,2026-10-07T11:16:23.880073-04:00,87.09,-1.6266
NXT-20261007T14565038542,NXT,2026-10-07,2026-10-07T11:16:23.880073-04:00,85.5111,0.5776
CDNA-20261007T13361674905,CDNA,2026-10-07,2026-10-07T11:16:34.439869-04:00,64.7427,-2.1339
PRIM-20261007T14464943670,PRIM,2026-10-07,2026-10-07T11:16:34.439869-04:00,80.765,0.429
HUT-20261007T14555881179,HUT,2026-10-07,2026-10-07T11:16:34.439869-04:00,87.3,-1.3894
NXT-20261007T14565038542,NXT,2026-10-07,2026-10-07T11:16:34.439869-04:00,85.53,0.5999
CDNA-20261007T13361674905,CDNA,2026-10-07,2026-10-07T11:16:44.804813-04:00,64.803,-2.2291
PRIM-20261007T14464943670,PRIM,2026-10-07,2026-10-07T11:16:44.804813-04:00,80.735,0.3917
HUT-20261007T14555881179,HUT,2026-10-07,2026-10-07T11:16:44.804813-04:00,87.39,-1.2877
NXT-20261007T14565038542,NXT,2026-10-07,2026-10-07T11:16:44.804813-04:00,85.53,0.5999
CDNA-20261007T13361674905,CDNA,2026-10-07,2026-10-07T11:16:55.184592-04:00,64.84,-2.2874
PRIM-20261007T14464943670,PRIM,2026-10-07,2026-10-07T11:16:55.184592-04:00,80.772,0.4377
HUT-20261007T14555881179,HUT,2026-10-07,2026-10-07T11:16:55.184592-04:00,87.2514,-1.4443
NXT-20261007T14565038542,NXT,2026-10-07,2026-10-07T11:16:55.184592-04:00,85.53,0.5999
CDNA-20261007T13361674905,CDNA,2026-10-07,2026-10-07T11:17:05.600826-04:00,64.88,-2.3505
PRIM-20261007T14464943670,PRIM,2026-10-07,2026-10-07T11:17:05.600826-04:00,80.85,0.5347
HUT-20261007T14555881179,HUT,2026-10-07,2026-10-07T11:17:05.600826-04:00,87.33,-1.3555
NXT-20261007T14565038542,NXT,2026-10-07,2026-10-07T11:17:05.600826-04:00,85.505,0.5705
CDNA-20261007T13361674905,CDNA,2026-10-07,2026-10-07T11:17:16.008637-04:00,64.9184,-2.4111
PRIM-20261007T14464943670,PRIM,2026-10-07,2026-10-07T11:17:16.008637-04:00,80.7907,0.461
HUT-20261007T14555881179,HUT,2026-10-07,2026-10-07T11:17:16.008637-04:00,87.2182,-1.4818
NXT-20261007T14565038542,NXT,2026-10-07,2026-10-07T11:17:16.008637-04:00,85.448,0.5034
CDNA-20261007T13361674905,CDNA,2026-10-07,2026-10-07T11:17:26.423837-04:00,64.92,-2.4136
PRIM-20261007T14464943670,PRIM,2026-10-07,2026-10-07T11:17:26.423837-04:00,80.7085,0.3587
HUT-20261007T14555881179,HUT,2026-10-07,2026-10-07T11:17:26.423837-04:00,87.36,-1.3216
NXT-20261007T14565038542,NXT,2026-10-07,2026-10-07T11:17:26.423837-04:00,85.4783,0.539
CDNA-20261007T13361674905,CDNA,2026-10-07,2026-10-07T11:17:36.813534-04:00,64.96,-2.4767
PRIM-20261007T14464943670,PRIM,2026-10-07,2026-10-07T11:17:36.813534-04:00,80.735,0.3917
HUT-20261007T14555881179,HUT,2026-10-07,2026-10-07T11:17:36.813534-04:00,87.26,-1.4345
NXT-20261007T14565038542,NXT,2026-10-07,2026-10-07T11:17:36.813534-04:00,85.37,0.4117
CDNA-20261007T13361674905,CDNA,2026-10-07,2026-10-07T11:17:47.140093-04:00,64.8987,-2.38
PRIM-20261007T14464943670,PRIM,2026-10-07,2026-10-07T11:17:47.140093-04:00,80.735,0.3917
HUT-20261007T14555881179,HUT,2026-10-07,2026-10-07T11:17:47.140093-04:00,87.21,-1.491
NXT-20261007T14565038542,NXT,2026-10-07,2026-10-07T11:17:47.140093-04:00,85.452,0.5081
CDNA-20261007T13361674905,CDNA,2026-10-07,2026-10-07T11:17:57.520497-04:00,64.88,-2.3505
PRIM-20261007T14464943670,PRIM,2026-10-07,2026-10-07T11:17:57.520497-04:00,80.735,0.3917
HUT-20261007T14555881179,HUT,2026-10-07,2026-10-07T11:17:57.520497-04:00,87.12,-1.5927
NXT-20261007T14565038542,NXT,2026-10-07,2026-10-07T11:17:57.520497-04:00,85.455,0.5116
CDNA-20261007T13361674905,CDNA,2026-10-07,2026-10-07T11:18:07.906772-04:00,64.955,-2.4688
PRIM-20261007T14464943670,PRIM,2026-10-07,2026-10-07T11:18:07.906772-04:00,80.83,0.5098
HUT-20261007T14555881179,HUT,2026-10-07,2026-10-07T11:18:07.906772-04:00,87.02,-1.7056
NXT-20261007T14565038542,NXT,2026-10-07,2026-10-07T11:18:07.906772-04:00,85.47,0.5293
CDNA-20261007T13361674905,CDNA,2026-10-07,2026-10-07T11:18:18.282264-04:00,64.955,-2.4688
PRIM-20261007T14464943670,PRIM,2026-10-07,2026-10-07T11:18:18.282264-04:00,80.7657,0.4299
HUT-20261007T14555881179,HUT,2026-10-07,2026-10-07T11:18:18.282264-04:00,87.1658,-1.5409
NXT-20261007T14565038542,NXT,2026-10-07,2026-10-07T11:18:18.282264-04:00,85.455,0.5116
CDNA-20261007T13361674905,CDNA,2026-10-07,2026-10-07T11:18:28.772526-04:00,64.9523,-2.4646
PRIM-20261007T14464943670,PRIM,2026-10-07,2026-10-07T11:18:28.772526-04:00,80.735,0.3917
HUT-20261007T14555881179,HUT,2026-10-07,2026-10-07T11:18:28.772526-04:00,86.92,-1.8186
NXT-20261007T14565038542,NXT,2026-10-07,2026-10-07T11:18:28.772526-04:00,85.476,0.5363
CDNA-20261007T13361674905,CDNA,2026-10-07,2026-10-07T11:18:39.225769-04:00,64.8066,-2.2347
PRIM-20261007T14464943670,PRIM,2026-10-07,2026-10-07T11:18:39.225769-04:00,80.7272,0.382
HUT-20261007T14555881179,HUT,2026-10-07,2026-10-07T11:18:39.225769-04:00,86.84,-1.909
NXT-20261007T14565038542,NXT,2026-10-07,2026-10-07T11:18:39.225769-04:00,85.39,0.4352
CDNA-20261007T13361674905,CDNA,2026-10-07,2026-10-07T11:18:49.669887-04:00,64.823,-2.2606
PRIM-20261007T14464943670,PRIM,2026-10-07,2026-10-07T11:18:49.669887-04:00,80.73,0.3855
HUT-20261007T14555881179,HUT,2026-10-07,2026-10-07T11:18:49.669887-04:00,86.83,-1.9203
NXT-20261007T14565038542,NXT,2026-10-07,2026-10-07T11:18:49.669887-04:00,85.43,0.4822
CDNA-20261007T13361674905,CDNA,2026-10-07,2026-10-07T11:19:00.074547-04:00,65.01,-2.5556
PRIM-20261007T14464943670,PRIM,2026-10-07,2026-10-07T11:19:00.074547-04:00,80.74,0.3979
HUT-20261007T14555881179,HUT,2026-10-07,2026-10-07T11:19:00.074547-04:00,86.88,-1.8638
NXT-20261007T14565038542,NXT,2026-10-07,2026-10-07T11:19:00.074547-04:00,85.435,0.4881
CDNA-20261007T13361674905,CDNA,2026-10-07,2026-10-07T11:19:10.565404-04:00,65.02,-2.5714
PRIM-20261007T14464943670,PRIM,2026-10-07,2026-10-07T11:19:10.565404-04:00,80.76,0.4228
HUT-20261007T14555881179,HUT,2026-10-07,2026-10-07T11:19:10.565404-04:00,87.104,-1.6108
NXT-20261007T14565038542,NXT,2026-10-07,2026-10-07T11:19:10.565404-04:00,85.39,0.4352
CDNA-20261007T13361674905,CDNA,2026-10-07,2026-10-07T11:19:21.128899-04:00,64.99,-2.5241
PRIM-20261007T14464943670,PRIM,2026-10-07,2026-10-07T11:19:21.128899-04:00,80.74,0.3979
HUT-20261007T14555881179,HUT,2026-10-07,2026-10-07T11:19:21.128899-04:00,86.82,-1.9315
NXT-20261007T14565038542,NXT,2026-10-07,2026-10-07T11:19:21.128899-04:00,85.32,0.3529
CDNA-20261007T13361674905,CDNA,2026-10-07,2026-10-07T11:19:31.699514-04:00,65.01,-2.5556
PRIM-20261007T14464943670,PRIM,2026-10-07,2026-10-07T11:19:31.699514-04:00,80.81,0.485
HUT-20261007T14555881179,HUT,2026-10-07,2026-10-07T11:19:31.699514-04:00,86.81,-1.9428
NXT-20261007T14565038542,NXT,2026-10-07,2026-10-07T11:19:31.699514-04:00,85.32,0.3529
CDNA-20261007T13361674905,CDNA,2026-10-07,2026-10-07T11:19:42.190942-04:00,65.0088,-2.5537
PRIM-20261007T14464943670,PRIM,2026-10-07,2026-10-07T11:19:42.190942-04:00,80.74,0.3979
HUT-20261007T14555881179,HUT,2026-10-07,2026-10-07T11:19:42.190942-04:00,86.76,-1.9993
NXT-20261007T14565038542,NXT,2026-10-07,2026-10-07T11:19:42.190942-04:00,85.32,0.3529
CDNA-20261007T13361674905,CDNA,2026-10-07,2026-10-07T11:19:52.731687-04:00,65.04,-2.6029
PRIM-20261007T14464943670,PRIM,2026-10-07,2026-10-07T11:19:52.731687-04:00,80.7455,0.4048
HUT-20261007T14555881179,HUT,2026-10-07,2026-10-07T11:19:52.731687-04:00,86.71,-2.0558
NXT-20261007T14565038542,NXT,2026-10-07,2026-10-07T11:19:52.731687-04:00,85.31,0.3411
CDNA-20261007T13361674905,CDNA,2026-10-07,2026-10-07T11:20:03.633252-04:00,64.9681,-2.4895
PRIM-20261007T14464943670,PRIM,2026-10-07,2026-10-07T11:20:03.633252-04:00,80.74,0.3979
HUT-20261007T14555881179,HUT,2026-10-07,2026-10-07T11:20:03.633252-04:00,86.705,-2.0614
NXT-20261007T14565038542,NXT,2026-10-07,2026-10-07T11:20:03.633252-04:00,85.31,0.3411
CDNA-20261007T13361674905,CDNA,2026-10-07,2026-10-07T11:20:14.429029-04:00,64.945,-2.4531
PRIM-20261007T14464943670,PRIM,2026-10-07,2026-10-07T11:20:14.429029-04:00,80.74,0.3979
HUT-20261007T14555881179,HUT,2026-10-07,2026-10-07T11:20:14.429029-04:00,86.7117,-2.0539
NXT-20261007T14565038542,NXT,2026-10-07,2026-10-07T11:20:14.429029-04:00,85.319,0.3517
CDNA-20261007T13361674905,CDNA,2026-10-07,2026-10-07T11:20:25.176949-04:00,64.9714,-2.4947
PRIM-20261007T14464943670,PRIM,2026-10-07,2026-10-07T11:20:25.176949-04:00,80.695,0.342
HUT-20261007T14555881179,HUT,2026-10-07,2026-10-07T11:20:25.176949-04:00,86.52,-2.2704
NXT-20261007T14565038542,NXT,2026-10-07,2026-10-07T11:20:25.176949-04:00,85.31,0.3411
CDNA-20261007T13361674905,CDNA,2026-10-07,2026-10-07T11:20:36.065814-04:00,64.945,-2.4531
PRIM-20261007T14464943670,PRIM,2026-10-07,2026-10-07T11:20:36.065814-04:00,80.685,0.3295
HUT-20261007T14555881179,HUT,2026-10-07,2026-10-07T11:20:36.065814-04:00,86.57,-2.2139
NXT-20261007T14565038542,NXT,2026-10-07,2026-10-07T11:20:36.065814-04:00,85.275,0.2999
CDNA-20261007T13361674905,CDNA,2026-10-07,2026-10-07T11:20:47.040365-04:00,64.85,-2.3032
PRIM-20261007T14464943670,PRIM,2026-10-07,2026-10-07T11:20:47.040365-04:00,80.73,0.3855
HUT-20261007T14555881179,HUT,2026-10-07,2026-10-07T11:20:47.040365-04:00,86.66,-2.1123
NXT-20261007T14565038542,NXT,2026-10-07,2026-10-07T11:20:47.040365-04:00,85.275,0.2999
CDNA-20261007T13361674905,CDNA,2026-10-07,2026-10-07T11:20:57.869975-04:00,64.77,-2.177
PRIM-20261007T14464943670,PRIM,2026-10-07,2026-10-07T11:20:57.869975-04:00,80.6925,0.3388
HUT-20261007T14555881179,HUT,2026-10-07,2026-10-07T11:20:57.869975-04:00,86.7021,-2.0647
NXT-20261007T14565038542,NXT,2026-10-07,2026-10-07T11:20:57.869975-04:00,85.4159,0.4657
CDNA-20261007T13361674905,CDNA,2026-10-07,2026-10-07T11:21:08.675854-04:00,64.835,-2.2795
PRIM-20261007T14464943670,PRIM,2026-10-07,2026-10-07T11:21:08.675854-04:00,80.7296,0.385
HUT-20261007T14555881179,HUT,2026-10-07,2026-10-07T11:21:08.675854-04:00,86.67,-2.101
NXT-20261007T14565038542,NXT,2026-10-07,2026-10-07T11:21:08.675854-04:00,85.285,0.3117
CDNA-20261007T13361674905,CDNA,2026-10-07,2026-10-07T11:21:19.218665-04:00,64.835,-2.2795
PRIM-20261007T14464943670,PRIM,2026-10-07,2026-10-07T11:21:19.218665-04:00,80.7369,0.3941
HUT-20261007T14555881179,HUT,2026-10-07,2026-10-07T11:21:19.218665-04:00,86.625,-2.1518
NXT-20261007T14565038542,NXT,2026-10-07,2026-10-07T11:21:19.218665-04:00,85.2804,0.3063
CDNA-20261007T13361674905,CDNA,2026-10-07,2026-10-07T11:21:29.712853-04:00,64.835,-2.2795
PRIM-20261007T14464943670,PRIM,2026-10-07,2026-10-07T11:21:29.712853-04:00,80.71,0.3606
HUT-20261007T14555881179,HUT,2026-10-07,2026-10-07T11:21:29.712853-04:00,86.53,-2.2591
NXT-20261007T14565038542,NXT,2026-10-07,2026-10-07T11:21:29.712853-04:00,85.3006,0.33
CDNA-20261007T13361674905,CDNA,2026-10-07,2026-10-07T11:21:40.169915-04:00,64.835,-2.2795
PRIM-20261007T14464943670,PRIM,2026-10-07,2026-10-07T11:21:40.169915-04:00,80.7446,0.4036
HUT-20261007T14555881179,HUT,2026-10-07,2026-10-07T11:21:40.169915-04:00,86.5,-2.293
NXT-20261007T14565038542,NXT,2026-10-07,2026-10-07T11:21:40.169915-04:00,85.29,0.3176
CDNA-20261007T13361674905,CDNA,2026-10-07,2026-10-07T11:21:50.457156-04:00,64.825,-2.2638
PRIM-20261007T14464943670,PRIM,2026-10-07,2026-10-07T11:21:50.457156-04:00,80.71,0.3606
HUT-20261007T14555881179,HUT,2026-10-07,2026-10-07T11:21:50.457156-04:00,86.35,-2.4624
NXT-20261007T14565038542,NXT,2026-10-07,2026-10-07T11:21:50.457156-04:00,85.2768,0.302
CDNA-20261007T13361674905,CDNA,2026-10-07,2026-10-07T11:22:00.768191-04:00,64.77,-2.177
PRIM-20261007T14464943670,PRIM,2026-10-07,2026-10-07T11:22:00.768191-04:00,80.705,0.3544
HUT-20261007T14555881179,HUT,2026-10-07,2026-10-07T11:22:00.768191-04:00,86.3602,-2.4509
NXT-20261007T14565038542,NXT,2026-10-07,2026-10-07T11:22:00.768191-04:00,85.3,0.3293
CDNA-20261007T13361674905,CDNA,2026-10-07,2026-10-07T11:22:11.101812-04:00,64.825,-2.2638
PRIM-20261007T14464943670,PRIM,2026-10-07,2026-10-07T11:22:11.101812-04:00,80.7445,0.4035
HUT-20261007T14555881179,HUT,2026-10-07,2026-10-07T11:22:11.101812-04:00,86.34,-2.4737
NXT-20261007T14565038542,NXT,2026-10-07,2026-10-07T11:22:11.101812-04:00,85.305,0.3352
CDNA-20261007T13361674905,CDNA,2026-10-07,2026-10-07T11:22:21.383685-04:00,64.765,-2.1691
PRIM-20261007T14464943670,PRIM,2026-10-07,2026-10-07T11:22:21.383685-04:00,80.705,0.3544
HUT-20261007T14555881179,HUT,2026-10-07,2026-10-07T11:22:21.383685-04:00,86.3272,-2.4882
NXT-20261007T14565038542,NXT,2026-10-07,2026-10-07T11:22:21.383685-04:00,85.2989,0.328
CDNA-20261007T13361674905,CDNA,2026-10-07,2026-10-07T11:22:31.822815-04:00,64.79,-2.2086
PRIM-20261007T14464943670,PRIM,2026-10-07,2026-10-07T11:22:31.822815-04:00,80.705,0.3544
HUT-20261007T14555881179,HUT,2026-10-07,2026-10-07T11:22:31.822815-04:00,86.28,-2.5415
CDNA-20261007T13361674905,CDNA,2026-10-07,2026-10-07T11:22:42.145924-04:00,64.9535,-2.4665
PRIM-20261007T14464943670,PRIM,2026-10-07,2026-10-07T11:22:42.145924-04:00,80.7366,0.3937
HUT-20261007T14555881179,HUT,2026-10-07,2026-10-07T11:22:42.145924-04:00,86.4174,-2.3863
CDNA-20261007T13361674905,CDNA,2026-10-07,2026-10-07T11:22:52.404121-04:00,64.82,-2.2559
PRIM-20261007T14464943670,PRIM,2026-10-07,2026-10-07T11:22:52.404121-04:00,80.7368,0.3939
HUT-20261007T14555881179,HUT,2026-10-07,2026-10-07T11:22:52.404121-04:00,86.325,-2.4907
CDNA-20261007T13361674905,CDNA,2026-10-07,2026-10-07T11:23:02.622489-04:00,64.76,-2.1612
PRIM-20261007T14464943670,PRIM,2026-10-07,2026-10-07T11:23:02.622489-04:00,80.87,0.5596
HUT-20261007T14555881179,HUT,2026-10-07,2026-10-07T11:23:02.622489-04:00,86.3455,-2.4675
CDNA-20261007T13361674905,CDNA,2026-10-07,2026-10-07T11:23:12.901560-04:00,64.7,-2.0666
PRIM-20261007T14464943670,PRIM,2026-10-07,2026-10-07T11:23:12.901560-04:00,80.7487,0.4087
HUT-20261007T14555881179,HUT,2026-10-07,2026-10-07T11:23:12.901560-04:00,86.36,-2.4511
CDNA-20261007T13361674905,CDNA,2026-10-07,2026-10-07T11:23:23.389704-04:00,64.7,-2.0666
PRIM-20261007T14464943670,PRIM,2026-10-07,2026-10-07T11:23:23.389704-04:00,80.9095,0.6087
HUT-20261007T14555881179,HUT,2026-10-07,2026-10-07T11:23:23.389704-04:00,86.34,-2.4737
CDNA-20261007T13361674905,CDNA,2026-10-07,2026-10-07T11:23:33.612425-04:00,64.715,-2.0902
PRIM-20261007T14464943670,PRIM,2026-10-07,2026-10-07T11:23:33.612425-04:00,80.85,0.5347
HUT-20261007T14555881179,HUT,2026-10-07,2026-10-07T11:23:33.612425-04:00,86.32,-2.4963
CDNA-20261007T13361674905,CDNA,2026-10-07,2026-10-07T11:23:43.992596-04:00,64.76,-2.1612
PRIM-20261007T14464943670,PRIM,2026-10-07,2026-10-07T11:23:43.992596-04:00,80.91,0.6093
HUT-20261007T14555881179,HUT,2026-10-07,2026-10-07T11:23:43.992596-04:00,86.34,-2.4737
CDNA-20261007T13361674905,CDNA,2026-10-07,2026-10-07T11:23:54.261805-04:00,64.72,-2.0981
PRIM-20261007T14464943670,PRIM,2026-10-07,2026-10-07T11:23:54.261805-04:00,80.8414,0.524
HUT-20261007T14555881179,HUT,2026-10-07,2026-10-07T11:23:54.261805-04:00,86.36,-2.4511
CDNA-20261007T13361674905,CDNA,2026-10-07,2026-10-07T11:24:04.531620-04:00,64.72,-2.0981
PRIM-20261007T14464943670,PRIM,2026-10-07,2026-10-07T11:24:04.531620-04:00,80.86,0.5471
HUT-20261007T14555881179,HUT,2026-10-07,2026-10-07T11:24:04.531620-04:00,86.375,-2.4342
CDNA-20261007T13361674905,CDNA,2026-10-07,2026-10-07T11:24:14.836022-04:00,64.7,-2.0666
PRIM-20261007T14464943670,PRIM,2026-10-07,2026-10-07T11:24:14.836022-04:00,80.87,0.5596
HUT-20261007T14555881179,HUT,2026-10-07,2026-10-07T11:24:14.836022-04:00,86.3706,-2.4392
CDNA-20261007T13361674905,CDNA,2026-10-07,2026-10-07T11:24:24.999784-04:00,64.7,-2.0666
PRIM-20261007T14464943670,PRIM,2026-10-07,2026-10-07T11:24:24.999784-04:00,80.85,0.5347
HUT-20261007T14555881179,HUT,2026-10-07,2026-10-07T11:24:24.999784-04:00,86.5042,-2.2883
CDNA-20261007T13361674905,CDNA,2026-10-07,2026-10-07T11:24:35.270917-04:00,64.9334,-2.4348
PRIM-20261007T14464943670,PRIM,2026-10-07,2026-10-07T11:24:35.270917-04:00,80.8542,0.5399
HUT-20261007T14555881179,HUT,2026-10-07,2026-10-07T11:24:35.270917-04:00,86.5021,-2.2906
CDNA-20261007T13361674905,CDNA,2026-10-07,2026-10-07T11:24:45.477286-04:00,64.76,-2.1612
PRIM-20261007T14464943670,PRIM,2026-10-07,2026-10-07T11:24:45.477286-04:00,80.96,0.6715
HUT-20261007T14555881179,HUT,2026-10-07,2026-10-07T11:24:45.477286-04:00,86.36,-2.4511
CDNA-20261007T13361674905,CDNA,2026-10-07,2026-10-07T11:24:55.672028-04:00,64.77,-2.177
PRIM-20261007T14464943670,PRIM,2026-10-07,2026-10-07T11:24:55.672028-04:00,80.9073,0.6059
HUT-20261007T14555881179,HUT,2026-10-07,2026-10-07T11:24:55.672028-04:00,86.36,-2.4511
CDNA-20261007T13361674905,CDNA,2026-10-07,2026-10-07T11:25:05.893508-04:00,64.76,-2.1612
PRIM-20261007T14464943670,PRIM,2026-10-07,2026-10-07T11:25:05.893508-04:00,81.0425,0.7741
HUT-20261007T14555881179,HUT,2026-10-07,2026-10-07T11:25:05.893508-04:00,86.21,-2.6206
CDNA-20261007T13361674905,CDNA,2026-10-07,2026-10-07T11:25:16.179341-04:00,64.7585,-2.1589
PRIM-20261007T14464943670,PRIM,2026-10-07,2026-10-07T11:25:16.179341-04:00,81.0425,0.7741
HUT-20261007T14555881179,HUT,2026-10-07,2026-10-07T11:25:16.179341-04:00,86.313,-2.5042
CDNA-20261007T13361674905,CDNA,2026-10-07,2026-10-07T11:25:26.468183-04:00,64.9161,-2.4075
PRIM-20261007T14464943670,PRIM,2026-10-07,2026-10-07T11:25:26.468183-04:00,81.02,0.7461
HUT-20261007T14555881179,HUT,2026-10-07,2026-10-07T11:25:26.468183-04:00,86.11,-2.7335
CDNA-20261007T13361674905,CDNA,2026-10-07,2026-10-07T11:25:36.749451-04:00,64.71,-2.0823
PRIM-20261007T14464943670,PRIM,2026-10-07,2026-10-07T11:25:36.749451-04:00,80.983,0.7001
HUT-20261007T14555881179,HUT,2026-10-07,2026-10-07T11:25:36.749451-04:00,86.04,-2.8126
CDNA-20261007T13361674905,CDNA,2026-10-07,2026-10-07T11:25:47.116861-04:00,64.76,-2.1612
PRIM-20261007T14464943670,PRIM,2026-10-07,2026-10-07T11:25:47.116861-04:00,80.8315,0.5117
HUT-20261007T14555881179,HUT,2026-10-07,2026-10-07T11:25:47.116861-04:00,86.06,-2.79
CDNA-20261007T13361674905,CDNA,2026-10-07,2026-10-07T11:25:57.393073-04:00,64.76,-2.1612
PRIM-20261007T14464943670,PRIM,2026-10-07,2026-10-07T11:25:57.393073-04:00,80.7841,0.4527
HUT-20261007T14555881179,HUT,2026-10-07,2026-10-07T11:25:57.393073-04:00,85.835,-3.0442
CDNA-20261007T13361674905,CDNA,2026-10-07,2026-10-07T11:26:07.640451-04:00,64.7209,-2.0995
PRIM-20261007T14464943670,PRIM,2026-10-07,2026-10-07T11:26:07.640451-04:00,80.9376,0.6436
HUT-20261007T14555881179,HUT,2026-10-07,2026-10-07T11:26:07.640451-04:00,86.1731,-2.6623
CDNA-20261007T13361674905,CDNA,2026-10-07,2026-10-07T11:26:18.139960-04:00,64.82,-2.2559
PRIM-20261007T14464943670,PRIM,2026-10-07,2026-10-07T11:26:18.139960-04:00,81.035,0.7647
HUT-20261007T14555881179,HUT,2026-10-07,2026-10-07T11:26:18.139960-04:00,85.78,-3.1063
CDNA-20261007T13361674905,CDNA,2026-10-07,2026-10-07T11:26:28.486193-04:00,64.83,-2.2717
PRIM-20261007T14464943670,PRIM,2026-10-07,2026-10-07T11:26:28.486193-04:00,81.035,0.7647
HUT-20261007T14555881179,HUT,2026-10-07,2026-10-07T11:26:28.486193-04:00,85.8438,-3.0342
CDNA-20261007T13361674905,CDNA,2026-10-07,2026-10-07T11:26:38.695444-04:00,64.76,-2.1612
PRIM-20261007T14464943670,PRIM,2026-10-07,2026-10-07T11:26:38.695444-04:00,81.145,0.9015
HUT-20261007T14555881179,HUT,2026-10-07,2026-10-07T11:26:38.695444-04:00,85.86,-3.0159
CDNA-20261007T13361674905,CDNA,2026-10-07,2026-10-07T11:26:48.979698-04:00,64.86,-2.319
PRIM-20261007T14464943670,PRIM,2026-10-07,2026-10-07T11:26:48.979698-04:00,81.155,0.914
HUT-20261007T14555881179,HUT,2026-10-07,2026-10-07T11:26:48.979698-04:00,85.8517,-3.0253
CDNA-20261007T13361674905,CDNA,2026-10-07,2026-10-07T11:26:59.213060-04:00,64.8,-2.2243
PRIM-20261007T14464943670,PRIM,2026-10-07,2026-10-07T11:26:59.213060-04:00,81.165,0.9264
HUT-20261007T14555881179,HUT,2026-10-07,2026-10-07T11:26:59.213060-04:00,85.97,-2.8917
CDNA-20261007T13361674905,CDNA,2026-10-07,2026-10-07T11:27:09.423291-04:00,64.67,-2.0192
PRIM-20261007T14464943670,PRIM,2026-10-07,2026-10-07T11:27:09.423291-04:00,81.155,0.914
HUT-20261007T14555881179,HUT,2026-10-07,2026-10-07T11:27:09.423291-04:00,85.8959,-2.9754
CDNA-20261007T13361674905,CDNA,2026-10-07,2026-10-07T11:27:19.643745-04:00,64.88,-2.3505
PRIM-20261007T14464943670,PRIM,2026-10-07,2026-10-07T11:27:19.643745-04:00,81.1152,0.8645
HUT-20261007T14555881179,HUT,2026-10-07,2026-10-07T11:27:19.643745-04:00,85.9446,-2.9204
CDNA-20261007T13361674905,CDNA,2026-10-07,2026-10-07T11:27:29.895945-04:00,64.825,-2.2638
PRIM-20261007T14464943670,PRIM,2026-10-07,2026-10-07T11:27:29.895945-04:00,81.2,0.9699
HUT-20261007T14555881179,HUT,2026-10-07,2026-10-07T11:27:29.895945-04:00,86.0388,-2.814
CDNA-20261007T13361674905,CDNA,2026-10-07,2026-10-07T11:27:40.161763-04:00,64.771,-2.1786
PRIM-20261007T14464943670,PRIM,2026-10-07,2026-10-07T11:27:40.161763-04:00,81.1242,0.8757
HUT-20261007T14555881179,HUT,2026-10-07,2026-10-07T11:27:40.161763-04:00,86.1459,-2.693
CDNA-20261007T13361674905,CDNA,2026-10-07,2026-10-07T11:27:50.436666-04:00,64.78,-2.1928
PRIM-20261007T14464943670,PRIM,2026-10-07,2026-10-07T11:27:50.436666-04:00,81.1208,0.8714
HUT-20261007T14555881179,HUT,2026-10-07,2026-10-07T11:27:50.436666-04:00,85.9902,-2.8689
CDNA-20261007T13361674905,CDNA,2026-10-07,2026-10-07T11:28:00.696309-04:00,64.83,-2.2717
PRIM-20261007T14464943670,PRIM,2026-10-07,2026-10-07T11:28:00.696309-04:00,81.2,0.9699
HUT-20261007T14555881179,HUT,2026-10-07,2026-10-07T11:28:00.696309-04:00,86.0,-2.8578
CDNA-20261007T13361674905,CDNA,2026-10-07,2026-10-07T11:28:10.981568-04:00,64.75,-2.1454
PRIM-20261007T14464943670,PRIM,2026-10-07,2026-10-07T11:28:10.981568-04:00,81.2,0.9699
HUT-20261007T14555881179,HUT,2026-10-07,2026-10-07T11:28:10.981568-04:00,85.95,-2.9143
CDNA-20261007T13361674905,CDNA,2026-10-07,2026-10-07T11:28:21.184117-04:00,64.7204,-2.0988
PRIM-20261007T14464943670,PRIM,2026-10-07,2026-10-07T11:28:21.184117-04:00,80.903,0.6006
HUT-20261007T14555881179,HUT,2026-10-07,2026-10-07T11:28:21.184117-04:00,86.015,-2.8408
CDNA-20261007T13361674905,CDNA,2026-10-07,2026-10-07T11:28:31.434498-04:00,64.67,-2.0192
PRIM-20261007T14464943670,PRIM,2026-10-07,2026-10-07T11:28:31.434498-04:00,81.2,0.9699
HUT-20261007T14555881179,HUT,2026-10-07,2026-10-07T11:28:31.434498-04:00,85.96,-2.903
CDNA-20261007T13361674905,CDNA,2026-10-07,2026-10-07T11:28:41.649155-04:00,64.69,-2.0508
PRIM-20261007T14464943670,PRIM,2026-10-07,2026-10-07T11:28:41.649155-04:00,81.02,0.7461
HUT-20261007T14555881179,HUT,2026-10-07,2026-10-07T11:28:41.649155-04:00,86.07,-2.7787
CDNA-20261007T13361674905,CDNA,2026-10-07,2026-10-07T11:28:51.868008-04:00,64.75,-2.1454
PRIM-20261007T14464943670,PRIM,2026-10-07,2026-10-07T11:28:51.868008-04:00,81.2,0.9699
HUT-20261007T14555881179,HUT,2026-10-07,2026-10-07T11:28:51.868008-04:00,86.015,-2.8408
CDNA-20261007T13361674905,CDNA,2026-10-07,2026-10-07T11:29:02.107014-04:00,64.71,-2.0823
PRIM-20261007T14464943670,PRIM,2026-10-07,2026-10-07T11:29:02.107014-04:00,81.215,0.9886
HUT-20261007T14555881179,HUT,2026-10-07,2026-10-07T11:29:02.107014-04:00,86.02,-2.8352
CDNA-20261007T13361674905,CDNA,2026-10-07,2026-10-07T11:29:12.318050-04:00,64.73,-2.1139
PRIM-20261007T14464943670,PRIM,2026-10-07,2026-10-07T11:29:12.318050-04:00,81.37,1.1813
HUT-20261007T14555881179,HUT,2026-10-07,2026-10-07T11:29:12.318050-04:00,86.0654,-2.7839
CDNA-20261007T13361674905,CDNA,2026-10-07,2026-10-07T11:29:22.522576-04:00,64.78,-2.1928
PRIM-20261007T14464943670,PRIM,2026-10-07,2026-10-07T11:29:22.522576-04:00,81.21,0.9823
HUT-20261007T14555881179,HUT,2026-10-07,2026-10-07T11:29:22.522576-04:00,86.15,-2.6884
CDNA-20261007T13361674905,CDNA,2026-10-07,2026-10-07T11:29:32.799738-04:00,64.7396,-2.129
PRIM-20261007T14464943670,PRIM,2026-10-07,2026-10-07T11:29:32.799738-04:00,81.21,0.9823
HUT-20261007T14555881179,HUT,2026-10-07,2026-10-07T11:29:32.799738-04:00,86.16,-2.6771
CDNA-20261007T13361674905,CDNA,2026-10-07,2026-10-07T11:29:43.060584-04:00,64.73,-2.1139
PRIM-20261007T14464943670,PRIM,2026-10-07,2026-10-07T11:29:43.060584-04:00,81.1841,0.9501
HUT-20261007T14555881179,HUT,2026-10-07,2026-10-07T11:29:43.060584-04:00,86.505,-2.2874
CDNA-20261007T13361674905,CDNA,2026-10-07,2026-10-07T11:29:53.282300-04:00,64.8007,-2.2254
PRIM-20261007T14464943670,PRIM,2026-10-07,2026-10-07T11:29:53.282300-04:00,81.12,0.8704
HUT-20261007T14555881179,HUT,2026-10-07,2026-10-07T11:29:53.282300-04:00,86.5,-2.293
CDNA-20261007T13361674905,CDNA,2026-10-07,2026-10-07T11:30:03.520589-04:00,64.82,-2.2559
PRIM-20261007T14464943670,PRIM,2026-10-07,2026-10-07T11:30:03.520589-04:00,81.37,1.1813
HUT-20261007T14555881179,HUT,2026-10-07,2026-10-07T11:30:03.520589-04:00,86.5,-2.293
CDNA-20261007T13361674905,CDNA,2026-10-07,2026-10-07T11:30:14.055601-04:00,64.9388,-2.4433
PRIM-20261007T14464943670,PRIM,2026-10-07,2026-10-07T11:30:14.055601-04:00,81.21,0.9823
HUT-20261007T14555881179,HUT,2026-10-07,2026-10-07T11:30:14.055601-04:00,86.54,-2.2478
CDNA-20261007T13361674905,CDNA,2026-10-07,2026-10-07T11:30:24.443644-04:00,64.86,-2.319
PRIM-20261007T14464943670,PRIM,2026-10-07,2026-10-07T11:30:24.443644-04:00,81.1264,0.8784
HUT-20261007T14555881179,HUT,2026-10-07,2026-10-07T11:30:24.443644-04:00,86.56,-2.2252
CDNA-20261007T13361674905,CDNA,2026-10-07,2026-10-07T11:30:34.990275-04:00,64.94,-2.4452
PRIM-20261007T14464943670,PRIM,2026-10-07,2026-10-07T11:30:34.990275-04:00,81.19,0.9575
HUT-20261007T14555881179,HUT,2026-10-07,2026-10-07T11:30:34.990275-04:00,86.585,-2.197
CDNA-20261007T13361674905,CDNA,2026-10-07,2026-10-07T11:30:45.637391-04:00,64.8336,-2.2773
PRIM-20261007T14464943670,PRIM,2026-10-07,2026-10-07T11:30:45.637391-04:00,81.1803,0.9454
HUT-20261007T14555881179,HUT,2026-10-07,2026-10-07T11:30:45.637391-04:00,86.79,-1.9654
CDNA-20261007T13361674905,CDNA,2026-10-07,2026-10-07T11:30:56.461171-04:00,64.865,-2.3269
PRIM-20261007T14464943670,PRIM,2026-10-07,2026-10-07T11:30:56.461171-04:00,81.1677,0.9297
HUT-20261007T14555881179,HUT,2026-10-07,2026-10-07T11:30:56.461171-04:00,86.785,-1.9711
CDNA-20261007T13361674905,CDNA,2026-10-07,2026-10-07T11:31:07.188616-04:00,64.84,-2.2874
PRIM-20261007T14464943670,PRIM,2026-10-07,2026-10-07T11:31:07.188616-04:00,81.23,1.0072
HUT-20261007T14555881179,HUT,2026-10-07,2026-10-07T11:31:07.188616-04:00,86.82,-1.9315
CDNA-20261007T13361674905,CDNA,2026-10-07,2026-10-07T11:31:18.257711-04:00,64.855,-2.3111
PRIM-20261007T14464943670,PRIM,2026-10-07,2026-10-07T11:31:18.257711-04:00,81.05,0.7834
HUT-20261007T14555881179,HUT,2026-10-07,2026-10-07T11:31:18.257711-04:00,86.82,-1.9315
CDNA-20261007T13361674905,CDNA,2026-10-07,2026-10-07T11:31:29.395174-04:00,64.76,-2.1612
PRIM-20261007T14464943670,PRIM,2026-10-07,2026-10-07T11:31:29.395174-04:00,81.185,0.9513
HUT-20261007T14555881179,HUT,2026-10-07,2026-10-07T11:31:29.395174-04:00,86.87,-1.8751
CDNA-20261007T13361674905,CDNA,2026-10-07,2026-10-07T11:31:40.450477-04:00,64.855,-2.3111
PRIM-20261007T14464943670,PRIM,2026-10-07,2026-10-07T11:31:40.450477-04:00,81.17,0.9326
HUT-20261007T14555881179,HUT,2026-10-07,2026-10-07T11:31:40.450477-04:00,86.86,-1.8864
CDNA-20261007T13361674905,CDNA,2026-10-07,2026-10-07T11:31:51.577074-04:00,64.87,-2.3348
PRIM-20261007T14464943670,PRIM,2026-10-07,2026-10-07T11:31:51.577074-04:00,81.255,1.0383
HUT-20261007T14555881179,HUT,2026-10-07,2026-10-07T11:31:51.577074-04:00,86.472,-2.3246
CDNA-20261007T13361674905,CDNA,2026-10-07,2026-10-07T11:32:02.733017-04:00,64.94,-2.4452
PRIM-20261007T14464943670,PRIM,2026-10-07,2026-10-07T11:32:02.733017-04:00,81.2291,1.0061
HUT-20261007T14555881179,HUT,2026-10-07,2026-10-07T11:32:02.733017-04:00,86.91,-1.8299
CDNA-20261007T13361674905,CDNA,2026-10-07,2026-10-07T11:32:13.946299-04:00,64.87,-2.3348
PRIM-20261007T14464943670,PRIM,2026-10-07,2026-10-07T11:32:13.946299-04:00,81.26,1.0445
HUT-20261007T14555881179,HUT,2026-10-07,2026-10-07T11:32:13.946299-04:00,86.9,-1.8412
CDNA-20261007T13361674905,CDNA,2026-10-07,2026-10-07T11:32:25.120074-04:00,64.8049,-2.2321
PRIM-20261007T14464943670,PRIM,2026-10-07,2026-10-07T11:32:25.120074-04:00,81.2822,1.0721
HUT-20261007T14555881179,HUT,2026-10-07,2026-10-07T11:32:25.120074-04:00,87.02,-1.7056
CDNA-20261007T13361674905,CDNA,2026-10-07,2026-10-07T11:32:36.364206-04:00,64.895,-2.3742
PRIM-20261007T14464943670,PRIM,2026-10-07,2026-10-07T11:32:36.364206-04:00,81.36,1.1689
HUT-20261007T14555881179,HUT,2026-10-07,2026-10-07T11:32:36.364206-04:00,87.28,-1.412
CDNA-20261007T13361674905,CDNA,2026-10-07,2026-10-07T11:32:47.388803-04:00,64.8205,-2.2567
PRIM-20261007T14464943670,PRIM,2026-10-07,2026-10-07T11:32:47.388803-04:00,81.265,1.0507
HUT-20261007T14555881179,HUT,2026-10-07,2026-10-07T11:32:47.388803-04:00,87.5,-1.1634
CDNA-20261007T13361674905,CDNA,2026-10-07,2026-10-07T11:32:58.519844-04:00,64.86,-2.319
PRIM-20261007T14464943670,PRIM,2026-10-07,2026-10-07T11:32:58.519844-04:00,81.17,0.9326
HUT-20261007T14555881179,HUT,2026-10-07,2026-10-07T11:32:58.519844-04:00,86.6863,-2.0826
CDNA-20261007T13361674905,CDNA,2026-10-07,2026-10-07T11:33:09.445135-04:00,64.75,-2.1454
PRIM-20261007T14464943670,PRIM,2026-10-07,2026-10-07T11:33:09.445135-04:00,81.19,0.9575
HUT-20261007T14555881179,HUT,2026-10-07,2026-10-07T11:33:09.445135-04:00,87.52,-1.1409
MSTR-20261007T15324851729,MSTR,2026-10-07,2026-10-07T11:33:09.445135-04:00,154.93,-0.0516
CDNA-20261007T13361674905,CDNA,2026-10-07,2026-10-07T11:33:20.519124-04:00,64.71,-2.0823
PRIM-20261007T14464943670,PRIM,2026-10-07,2026-10-07T11:33:20.519124-04:00,81.17,0.9326
HUT-20261007T14555881179,HUT,2026-10-07,2026-10-07T11:33:20.519124-04:00,87.44,-1.2312
MSTR-20261007T15324851729,MSTR,2026-10-07,2026-10-07T11:33:20.519124-04:00,154.83,-0.1161
CDNA-20261007T13361674905,CDNA,2026-10-07,2026-10-07T11:33:31.478800-04:00,64.775,-2.1849
PRIM-20261007T14464943670,PRIM,2026-10-07,2026-10-07T11:33:31.478800-04:00,81.2736,1.0614
HUT-20261007T14555881179,HUT,2026-10-07,2026-10-07T11:33:31.478800-04:00,87.56,-1.0957
MSTR-20261007T15324851729,MSTR,2026-10-07,2026-10-07T11:33:31.478800-04:00,154.9,-0.071
CDNA-20261007T13361674905,CDNA,2026-10-07,2026-10-07T11:33:42.369679-04:00,64.775,-2.1849
PRIM-20261007T14464943670,PRIM,2026-10-07,2026-10-07T11:33:42.369679-04:00,81.245,1.0259
HUT-20261007T14555881179,HUT,2026-10-07,2026-10-07T11:33:42.369679-04:00,87.63,-1.0166
MSTR-20261007T15324851729,MSTR,2026-10-07,2026-10-07T11:33:42.369679-04:00,154.91,-0.0645
CDNA-20261007T13361674905,CDNA,2026-10-07,2026-10-07T11:33:53.158408-04:00,64.73,-2.1139
PRIM-20261007T14464943670,PRIM,2026-10-07,2026-10-07T11:33:53.158408-04:00,81.245,1.0259
HUT-20261007T14555881179,HUT,2026-10-07,2026-10-07T11:33:53.158408-04:00,87.51,-1.1522
MSTR-20261007T15324851729,MSTR,2026-10-07,2026-10-07T11:33:53.158408-04:00,155.0273,0.0112
CDNA-20261007T13361674905,CDNA,2026-10-07,2026-10-07T11:34:03.835205-04:00,64.75,-2.1454
PRIM-20261007T14464943670,PRIM,2026-10-07,2026-10-07T11:34:03.835205-04:00,81.245,1.0259
HUT-20261007T14555881179,HUT,2026-10-07,2026-10-07T11:34:03.835205-04:00,87.63,-1.0166
MSTR-20261007T15324851729,MSTR,2026-10-07,2026-10-07T11:34:03.835205-04:00,154.996,-0.009
CDNA-20261007T13361674905,CDNA,2026-10-07,2026-10-07T11:34:14.684854-04:00,64.6605,-2.0043
PRIM-20261007T14464943670,PRIM,2026-10-07,2026-10-07T11:34:14.684854-04:00,81.165,0.9264
HUT-20261007T14555881179,HUT,2026-10-07,2026-10-07T11:34:14.684854-04:00,87.7,-0.9375
MSTR-20261007T15324851729,MSTR,2026-10-07,2026-10-07T11:34:14.684854-04:00,154.93,-0.0516
CDNA-20261007T13361674905,CDNA,2026-10-07,2026-10-07T11:34:25.251254-04:00,64.7752,-2.1852
PRIM-20261007T14464943670,PRIM,2026-10-07,2026-10-07T11:34:25.251254-04:00,81.105,0.8518
HUT-20261007T14555881179,HUT,2026-10-07,2026-10-07T11:34:25.251254-04:00,87.75,-0.8811
MSTR-20261007T15324851729,MSTR,2026-10-07,2026-10-07T11:34:25.251254-04:00,154.7183,-0.1882
CDNA-20261007T13361674905,CDNA,2026-10-07,2026-10-07T11:34:35.859476-04:00,64.7133,-2.0876
PRIM-20261007T14464943670,PRIM,2026-10-07,2026-10-07T11:34:35.859476-04:00,81.1593,0.9193
HUT-20261007T14555881179,HUT,2026-10-07,2026-10-07T11:34:35.859476-04:00,87.745,-0.8867
MSTR-20261007T15324851729,MSTR,2026-10-07,2026-10-07T11:34:35.859476-04:00,154.95,-0.0387
CDNA-20261007T13361674905,CDNA,2026-10-07,2026-10-07T11:34:46.420174-04:00,64.7518,-2.1483
PRIM-20261007T14464943670,PRIM,2026-10-07,2026-10-07T11:34:46.420174-04:00,81.1,0.8456
HUT-20261007T14555881179,HUT,2026-10-07,2026-10-07T11:34:46.420174-04:00,87.61,-1.0392
MSTR-20261007T15324851729,MSTR,2026-10-07,2026-10-07T11:34:46.420174-04:00,154.9962,-0.0089
CDNA-20261007T13361674905,CDNA,2026-10-07,2026-10-07T11:34:56.944683-04:00,64.74,-2.1297
PRIM-20261007T14464943670,PRIM,2026-10-07,2026-10-07T11:34:56.944683-04:00,81.075,0.8145
HUT-20261007T14555881179,HUT,2026-10-07,2026-10-07T11:34:56.944683-04:00,87.1322,-1.5789
MSTR-20261007T15324851729,MSTR,2026-10-07,2026-10-07T11:34:56.944683-04:00,154.95,-0.0387
CDNA-20261007T13361674905,CDNA,2026-10-07,2026-10-07T11:35:07.465841-04:00,64.75,-2.1454
PRIM-20261007T14464943670,PRIM,2026-10-07,2026-10-07T11:35:07.465841-04:00,81.045,0.7772
HUT-20261007T14555881179,HUT,2026-10-07,2026-10-07T11:35:07.465841-04:00,87.725,-0.9093
MSTR-20261007T15324851729,MSTR,2026-10-07,2026-10-07T11:35:07.465841-04:00,155.0412,0.0201
CDNA-20261007T13361674905,CDNA,2026-10-07,2026-10-07T11:35:18.108996-04:00,64.75,-2.1454
PRIM-20261007T14464943670,PRIM,2026-10-07,2026-10-07T11:35:18.108996-04:00,81.05,0.7834
HUT-20261007T14555881179,HUT,2026-10-07,2026-10-07T11:35:18.108996-04:00,87.72,-0.9149
MSTR-20261007T15324851729,MSTR,2026-10-07,2026-10-07T11:35:18.108996-04:00,155.085,0.0484
CDNA-20261007T13361674905,CDNA,2026-10-07,2026-10-07T11:35:28.677672-04:00,64.57,-1.8615
PRIM-20261007T14464943670,PRIM,2026-10-07,2026-10-07T11:35:28.677672-04:00,81.05,0.7834
HUT-20261007T14555881179,HUT,2026-10-07,2026-10-07T11:35:28.677672-04:00,87.2014,-1.5007
MSTR-20261007T15324851729,MSTR,2026-10-07,2026-10-07T11:35:28.677672-04:00,155.08,0.0452
CDNA-20261007T13361674905,CDNA,2026-10-07,2026-10-07T11:35:39.245476-04:00,64.7024,-2.0704
PRIM-20261007T14464943670,PRIM,2026-10-07,2026-10-07T11:35:39.245476-04:00,81.055,0.7896
HUT-20261007T14555881179,HUT,2026-10-07,2026-10-07T11:35:39.245476-04:00,87.3246,-1.3616
MSTR-20261007T15324851729,MSTR,2026-10-07,2026-10-07T11:35:39.245476-04:00,155.1425,0.0855
CDNA-20261007T13361674905,CDNA,2026-10-07,2026-10-07T11:35:49.821154-04:00,64.57,-1.8615
PRIM-20261007T14464943670,PRIM,2026-10-07,2026-10-07T11:35:49.821154-04:00,81.055,0.7896
HUT-20261007T14555881179,HUT,2026-10-07,2026-10-07T11:35:49.821154-04:00,87.5718,-1.0823
MSTR-20261007T15324851729,MSTR,2026-10-07,2026-10-07T11:35:49.821154-04:00,155.115,0.0677
CDNA-20261007T13361674905,CDNA,2026-10-07,2026-10-07T11:36:00.346822-04:00,64.72,-2.0981
PRIM-20261007T14464943670,PRIM,2026-10-07,2026-10-07T11:36:00.346822-04:00,81.1693,0.9317
HUT-20261007T14555881179,HUT,2026-10-07,2026-10-07T11:36:00.346822-04:00,87.46,-1.2086
MSTR-20261007T15324851729,MSTR,2026-10-07,2026-10-07T11:36:00.346822-04:00,155.0458,0.0231
CDNA-20261007T13361674905,CDNA,2026-10-07,2026-10-07T11:36:10.801662-04:00,64.6289,-1.9544
PRIM-20261007T14464943670,PRIM,2026-10-07,2026-10-07T11:36:10.801662-04:00,81.065,0.802
HUT-20261007T14555881179,HUT,2026-10-07,2026-10-07T11:36:10.801662-04:00,87.52,-1.1409
MSTR-20261007T15324851729,MSTR,2026-10-07,2026-10-07T11:36:10.801662-04:00,155.11,0.0645
CDNA-20261007T13361674905,CDNA,2026-10-07,2026-10-07T11:36:21.260302-04:00,64.68,-2.035
PRIM-20261007T14464943670,PRIM,2026-10-07,2026-10-07T11:36:21.260302-04:00,81.0503,0.7838
HUT-20261007T14555881179,HUT,2026-10-07,2026-10-07T11:36:21.260302-04:00,87.54,-1.1183
MSTR-20261007T15324851729,MSTR,2026-10-07,2026-10-07T11:36:21.260302-04:00,155.06,0.0323
CDNA-20261007T13361674905,CDNA,2026-10-07,2026-10-07T11:36:31.700147-04:00,64.69,-2.0508
PRIM-20261007T14464943670,PRIM,2026-10-07,2026-10-07T11:36:31.700147-04:00,81.0445,0.7765
HUT-20261007T14555881179,HUT,2026-10-07,2026-10-07T11:36:31.700147-04:00,87.51,-1.1522
MSTR-20261007T15324851729,MSTR,2026-10-07,2026-10-07T11:36:31.700147-04:00,155.1,0.0581
CDNA-20261007T13361674905,CDNA,2026-10-07,2026-10-07T11:36:42.117802-04:00,64.69,-2.0508
PRIM-20261007T14464943670,PRIM,2026-10-07,2026-10-07T11:36:42.117802-04:00,80.98,0.6963
HUT-20261007T14555881179,HUT,2026-10-07,2026-10-07T11:36:42.117802-04:00,87.53,-1.1296
MSTR-20261007T15324851729,MSTR,2026-10-07,2026-10-07T11:36:42.117802-04:00,155.1525,0.0919
CDNA-20261007T13361674905,CDNA,2026-10-07,2026-10-07T11:36:52.360960-04:00,64.6596,-2.0028
PRIM-20261007T14464943670,PRIM,2026-10-07,2026-10-07T11:36:52.360960-04:00,81.1084,0.856
HUT-20261007T14555881179,HUT,2026-10-07,2026-10-07T11:36:52.360960-04:00,87.55,-1.107
MSTR-20261007T15324851729,MSTR,2026-10-07,2026-10-07T11:36:52.360960-04:00,155.15,0.0903
CDNA-20261007T13361674905,CDNA,2026-10-07,2026-10-07T11:37:02.661501-04:00,64.71,-2.0823
PRIM-20261007T14464943670,PRIM,2026-10-07,2026-10-07T11:37:02.661501-04:00,81.0968,0.8416
HUT-20261007T14555881179,HUT,2026-10-07,2026-10-07T11:37:02.661501-04:00,87.55,-1.107
MSTR-20261007T15324851729,MSTR,2026-10-07,2026-10-07T11:37:02.661501-04:00,155.155,0.0935
CDNA-20261007T13361674905,CDNA,2026-10-07,2026-10-07T11:37:13.017554-04:00,64.7711,-2.1787
HUT-20261007T14555881179,HUT,2026-10-07,2026-10-07T11:37:13.017554-04:00,87.54,-1.1183
MSTR-20261007T15324851729,MSTR,2026-10-07,2026-10-07T11:37:13.017554-04:00,155.19,0.1161
CDNA-20261007T13361674905,CDNA,2026-10-07,2026-10-07T11:37:23.332093-04:00,64.7006,-2.0675
HUT-20261007T14555881179,HUT,2026-10-07,2026-10-07T11:37:23.332093-04:00,87.5803,-1.0727
MSTR-20261007T15324851729,MSTR,2026-10-07,2026-10-07T11:37:23.332093-04:00,155.17,0.1032
CDNA-20261007T13361674905,CDNA,2026-10-07,2026-10-07T11:37:33.568628-04:00,64.72,-2.0981
HUT-20261007T14555881179,HUT,2026-10-07,2026-10-07T11:37:33.568628-04:00,87.51,-1.1522
MSTR-20261007T15324851729,MSTR,2026-10-07,2026-10-07T11:37:33.568628-04:00,155.17,0.1032
CDNA-20261007T13361674905,CDNA,2026-10-07,2026-10-07T11:37:43.768757-04:00,64.6857,-2.044
HUT-20261007T14555881179,HUT,2026-10-07,2026-10-07T11:37:43.768757-04:00,87.51,-1.1522
MSTR-20261007T15324851729,MSTR,2026-10-07,2026-10-07T11:37:43.768757-04:00,155.17,0.1032
CDNA-20261007T13361674905,CDNA,2026-10-07,2026-10-07T11:37:53.975054-04:00,64.65,-1.9877
HUT-20261007T14555881179,HUT,2026-10-07,2026-10-07T11:37:53.975054-04:00,87.67,-0.9714
MSTR-20261007T15324851729,MSTR,2026-10-07,2026-10-07T11:37:53.975054-04:00,155.1696,0.103
CDNA-20261007T13361674905,CDNA,2026-10-07,2026-10-07T11:38:04.178047-04:00,64.71,-2.0823
HUT-20261007T14555881179,HUT,2026-10-07,2026-10-07T11:38:04.178047-04:00,87.67,-0.9714
MSTR-20261007T15324851729,MSTR,2026-10-07,2026-10-07T11:38:04.178047-04:00,155.12,0.071
CDNA-20261007T13361674905,CDNA,2026-10-07,2026-10-07T11:38:14.432399-04:00,64.655,-1.9956
HUT-20261007T14555881179,HUT,2026-10-07,2026-10-07T11:38:14.432399-04:00,87.67,-0.9714
MSTR-20261007T15324851729,MSTR,2026-10-07,2026-10-07T11:38:14.432399-04:00,155.12,0.071
CDNA-20261007T13361674905,CDNA,2026-10-07,2026-10-07T11:38:24.664782-04:00,64.8,-2.2243
HUT-20261007T14555881179,HUT,2026-10-07,2026-10-07T11:38:24.664782-04:00,87.6585,-0.9844
MSTR-20261007T15324851729,MSTR,2026-10-07,2026-10-07T11:38:24.664782-04:00,155.14,0.0839
CDNA-20261007T13361674905,CDNA,2026-10-07,2026-10-07T11:38:34.871339-04:00,64.805,-2.2322
HUT-20261007T14555881179,HUT,2026-10-07,2026-10-07T11:38:34.871339-04:00,87.78,-0.8472
MSTR-20261007T15324851729,MSTR,2026-10-07,2026-10-07T11:38:34.871339-04:00,155.11,0.0645
CDNA-20261007T13361674905,CDNA,2026-10-07,2026-10-07T11:38:45.091467-04:00,64.7,-2.0666
HUT-20261007T14555881179,HUT,2026-10-07,2026-10-07T11:38:45.091467-04:00,87.765,-0.8641
MSTR-20261007T15324851729,MSTR,2026-10-07,2026-10-07T11:38:45.091467-04:00,155.0,-0.0065
CDNA-20261007T13361674905,CDNA,2026-10-07,2026-10-07T11:38:55.316995-04:00,64.805,-2.2322
HUT-20261007T14555881179,HUT,2026-10-07,2026-10-07T11:38:55.316995-04:00,87.6373,-1.0084
MSTR-20261007T15324851729,MSTR,2026-10-07,2026-10-07T11:38:55.316995-04:00,155.0,-0.0065
CDNA-20261007T13361674905,CDNA,2026-10-07,2026-10-07T11:39:05.655129-04:00,64.7468,-2.1404
HUT-20261007T14555881179,HUT,2026-10-07,2026-10-07T11:39:05.655129-04:00,87.765,-0.8641
MSTR-20261007T15324851729,MSTR,2026-10-07,2026-10-07T11:39:05.655129-04:00,155.09,0.0516
CDNA-20261007T13361674905,CDNA,2026-10-07,2026-10-07T11:39:15.854821-04:00,64.805,-2.2322
HUT-20261007T14555881179,HUT,2026-10-07,2026-10-07T11:39:15.854821-04:00,88.0,-0.5987
MSTR-20261007T15324851729,MSTR,2026-10-07,2026-10-07T11:39:15.854821-04:00,155.11,0.0645
CDNA-20261007T13361674905,CDNA,2026-10-07,2026-10-07T11:39:26.071181-04:00,64.84,-2.2874
HUT-20261007T14555881179,HUT,2026-10-07,2026-10-07T11:39:26.071181-04:00,87.8,-0.8246
MSTR-20261007T15324851729,MSTR,2026-10-07,2026-10-07T11:39:26.071181-04:00,155.12,0.071
CDNA-20261007T13361674905,CDNA,2026-10-07,2026-10-07T11:39:36.289169-04:00,64.75,-2.1454
HUT-20261007T14555881179,HUT,2026-10-07,2026-10-07T11:39:36.289169-04:00,87.71,-0.9262
MSTR-20261007T15324851729,MSTR,2026-10-07,2026-10-07T11:39:36.289169-04:00,155.0785,0.0442
CDNA-20261007T13361674905,CDNA,2026-10-07,2026-10-07T11:39:46.489537-04:00,64.7425,-2.1336
HUT-20261007T14555881179,HUT,2026-10-07,2026-10-07T11:39:46.489537-04:00,87.61,-1.0392
MSTR-20261007T15324851729,MSTR,2026-10-07,2026-10-07T11:39:46.489537-04:00,155.1784,0.1086
CDNA-20261007T13361674905,CDNA,2026-10-07,2026-10-07T11:39:56.683650-04:00,64.7467,-2.1402
HUT-20261007T14555881179,HUT,2026-10-07,2026-10-07T11:39:56.683650-04:00,87.6777,-0.9627
MSTR-20261007T15324851729,MSTR,2026-10-07,2026-10-07T11:39:56.683650-04:00,155.045,0.0226
CDNA-20261007T13361674905,CDNA,2026-10-07,2026-10-07T11:40:06.853356-04:00,64.76,-2.1612
HUT-20261007T14555881179,HUT,2026-10-07,2026-10-07T11:40:06.853356-04:00,87.6601,-0.9826
MSTR-20261007T15324851729,MSTR,2026-10-07,2026-10-07T11:40:06.853356-04:00,155.0199,0.0064
CDNA-20261007T13361674905,CDNA,2026-10-07,2026-10-07T11:40:17.236745-04:00,64.7416,-2.1322
HUT-20261007T14555881179,HUT,2026-10-07,2026-10-07T11:40:17.236745-04:00,87.58,-1.0731
MSTR-20261007T15324851729,MSTR,2026-10-07,2026-10-07T11:40:17.236745-04:00,155.0361,0.0168
CDNA-20261007T13361674905,CDNA,2026-10-07,2026-10-07T11:40:27.479642-04:00,64.68,-2.035
HUT-20261007T14555881179,HUT,2026-10-07,2026-10-07T11:40:27.479642-04:00,87.694,-0.9443
MSTR-20261007T15324851729,MSTR,2026-10-07,2026-10-07T11:40:27.479642-04:00,155.0177,0.005
CDNA-20261007T13361674905,CDNA,2026-10-07,2026-10-07T11:40:37.765797-04:00,64.6875,-2.0469
HUT-20261007T14555881179,HUT,2026-10-07,2026-10-07T11:40:37.765797-04:00,87.51,-1.1522
MSTR-20261007T15324851729,MSTR,2026-10-07,2026-10-07T11:40:37.765797-04:00,155.1034,0.0603
CDNA-20261007T13361674905,CDNA,2026-10-07,2026-10-07T11:40:48.131178-04:00,64.72,-2.0981
HUT-20261007T14555881179,HUT,2026-10-07,2026-10-07T11:40:48.131178-04:00,87.41,-1.2651
MSTR-20261007T15324851729,MSTR,2026-10-07,2026-10-07T11:40:48.131178-04:00,155.07,0.0387
CDNA-20261007T13361674905,CDNA,2026-10-07,2026-10-07T11:40:58.443955-04:00,64.7,-2.0666
HUT-20261007T14555881179,HUT,2026-10-07,2026-10-07T11:40:58.443955-04:00,87.39,-1.2877
MSTR-20261007T15324851729,MSTR,2026-10-07,2026-10-07T11:40:58.443955-04:00,155.0485,0.0248
CDNA-20261007T13361674905,CDNA,2026-10-07,2026-10-07T11:41:08.795694-04:00,64.685,-2.0429
HUT-20261007T14555881179,HUT,2026-10-07,2026-10-07T11:41:08.795694-04:00,87.6556,-0.9877
MSTR-20261007T15324851729,MSTR,2026-10-07,2026-10-07T11:41:08.795694-04:00,155.2,0.1226
CDNA-20261007T13361674905,CDNA,2026-10-07,2026-10-07T11:41:19.211377-04:00,64.6854,-2.0435
HUT-20261007T14555881179,HUT,2026-10-07,2026-10-07T11:41:19.211377-04:00,87.5739,-1.08
MSTR-20261007T15324851729,MSTR,2026-10-07,2026-10-07T11:41:19.211377-04:00,155.13,0.0774
CDNA-20261007T13361674905,CDNA,2026-10-07,2026-10-07T11:41:29.494215-04:00,64.75,-2.1454
HUT-20261007T14555881179,HUT,2026-10-07,2026-10-07T11:41:29.494215-04:00,87.46,-1.2086
MSTR-20261007T15324851729,MSTR,2026-10-07,2026-10-07T11:41:29.494215-04:00,155.075,0.0419
CDNA-20261007T13361674905,CDNA,2026-10-07,2026-10-07T11:41:39.679295-04:00,64.83,-2.2717
HUT-20261007T14555881179,HUT,2026-10-07,2026-10-07T11:41:39.679295-04:00,87.47,-1.1973
MSTR-20261007T15324851729,MSTR,2026-10-07,2026-10-07T11:41:39.679295-04:00,155.15,0.0903
CDNA-20261007T13361674905,CDNA,2026-10-07,2026-10-07T11:41:49.934866-04:00,64.74,-2.1297
HUT-20261007T14555881179,HUT,2026-10-07,2026-10-07T11:41:49.934866-04:00,87.5,-1.1634
MSTR-20261007T15324851729,MSTR,2026-10-07,2026-10-07T11:41:49.934866-04:00,155.31,0.1935
CDNA-20261007T13361674905,CDNA,2026-10-07,2026-10-07T11:42:00.119305-04:00,64.74,-2.1297
HUT-20261007T14555881179,HUT,2026-10-07,2026-10-07T11:42:00.119305-04:00,87.59,-1.0618
MSTR-20261007T15324851729,MSTR,2026-10-07,2026-10-07T11:42:00.119305-04:00,155.4,0.2516
CDNA-20261007T13361674905,CDNA,2026-10-07,2026-10-07T11:42:10.289770-04:00,64.74,-2.1297
HUT-20261007T14555881179,HUT,2026-10-07,2026-10-07T11:42:10.289770-04:00,87.65,-0.994
MSTR-20261007T15324851729,MSTR,2026-10-07,2026-10-07T11:42:10.289770-04:00,155.42,0.2645
CDNA-20261007T13361674905,CDNA,2026-10-07,2026-10-07T11:42:20.444377-04:00,64.7455,-2.1383
HUT-20261007T14555881179,HUT,2026-10-07,2026-10-07T11:42:20.444377-04:00,87.62,-1.0279
MSTR-20261007T15324851729,MSTR,2026-10-07,2026-10-07T11:42:20.444377-04:00,155.45,0.2839
CDNA-20261007T13361674905,CDNA,2026-10-07,2026-10-07T11:42:30.618736-04:00,64.84,-2.2874
HUT-20261007T14555881179,HUT,2026-10-07,2026-10-07T11:42:30.618736-04:00,87.59,-1.0618
MSTR-20261007T15324851729,MSTR,2026-10-07,2026-10-07T11:42:30.618736-04:00,155.3204,0.2002
CDNA-20261007T13361674905,CDNA,2026-10-07,2026-10-07T11:42:40.792138-04:00,64.73,-2.1139
HUT-20261007T14555881179,HUT,2026-10-07,2026-10-07T11:42:40.792138-04:00,87.59,-1.0618
MSTR-20261007T15324851729,MSTR,2026-10-07,2026-10-07T11:42:40.792138-04:00,155.355,0.2226
CDNA-20261007T13361674905,CDNA,2026-10-07,2026-10-07T11:42:51.018749-04:00,64.795,-2.2164
HUT-20261007T14555881179,HUT,2026-10-07,2026-10-07T11:42:51.018749-04:00,87.58,-1.0731
MSTR-20261007T15324851729,MSTR,2026-10-07,2026-10-07T11:42:51.018749-04:00,155.36,0.2258
CDNA-20261007T13361674905,CDNA,2026-10-07,2026-10-07T11:43:01.177930-04:00,64.785,-2.2007
HUT-20261007T14555881179,HUT,2026-10-07,2026-10-07T11:43:01.177930-04:00,87.52,-1.1409
MSTR-20261007T15324851729,MSTR,2026-10-07,2026-10-07T11:43:01.177930-04:00,155.3918,0.2463
CDNA-20261007T13361674905,CDNA,2026-10-07,2026-10-07T11:43:11.401159-04:00,64.78,-2.1928
HUT-20261007T14555881179,HUT,2026-10-07,2026-10-07T11:43:11.401159-04:00,87.6817,-0.9582
MSTR-20261007T15324851729,MSTR,2026-10-07,2026-10-07T11:43:11.401159-04:00,155.396,0.249
CDNA-20261007T13361674905,CDNA,2026-10-07,2026-10-07T11:43:21.595451-04:00,64.73,-2.1139
HUT-20261007T14555881179,HUT,2026-10-07,2026-10-07T11:43:21.595451-04:00,87.615,-1.0335
MSTR-20261007T15324851729,MSTR,2026-10-07,2026-10-07T11:43:21.595451-04:00,155.4,0.2516
CDNA-20261007T13361674905,CDNA,2026-10-07,2026-10-07T11:43:31.840893-04:00,64.73,-2.1139
HUT-20261007T14555881179,HUT,2026-10-07,2026-10-07T11:43:31.840893-04:00,87.58,-1.0731
MSTR-20261007T15324851729,MSTR,2026-10-07,2026-10-07T11:43:31.840893-04:00,155.4,0.2516
CDNA-20261007T13361674905,CDNA,2026-10-07,2026-10-07T11:43:42.025729-04:00,64.76,-2.1612
HUT-20261007T14555881179,HUT,2026-10-07,2026-10-07T11:43:42.025729-04:00,87.53,-1.1296
MSTR-20261007T15324851729,MSTR,2026-10-07,2026-10-07T11:43:42.025729-04:00,155.3,0.1871
CDNA-20261007T13361674905,CDNA,2026-10-07,2026-10-07T11:43:52.244740-04:00,64.71,-2.0823
HUT-20261007T14555881179,HUT,2026-10-07,2026-10-07T11:43:52.244740-04:00,87.61,-1.0392
MSTR-20261007T15324851729,MSTR,2026-10-07,2026-10-07T11:43:52.244740-04:00,155.33,0.2064
CDNA-20261007T13361674905,CDNA,2026-10-07,2026-10-07T11:44:02.423911-04:00,64.7,-2.0666
HUT-20261007T14555881179,HUT,2026-10-07,2026-10-07T11:44:02.423911-04:00,87.53,-1.1296
MSTR-20261007T15324851729,MSTR,2026-10-07,2026-10-07T11:44:02.423911-04:00,155.36,0.2258
CDNA-20261007T13361674905,CDNA,2026-10-07,2026-10-07T11:44:12.616804-04:00,64.735,-2.1218
HUT-20261007T14555881179,HUT,2026-10-07,2026-10-07T11:44:12.616804-04:00,87.62,-1.0279
MSTR-20261007T15324851729,MSTR,2026-10-07,2026-10-07T11:44:12.616804-04:00,155.33,0.2064
CDNA-20261007T13361674905,CDNA,2026-10-07,2026-10-07T11:44:22.921968-04:00,64.65,-1.9877
HUT-20261007T14555881179,HUT,2026-10-07,2026-10-07T11:44:22.921968-04:00,87.76,-0.8698
MSTR-20261007T15324851729,MSTR,2026-10-07,2026-10-07T11:44:22.921968-04:00,155.29,0.1806
CDNA-20261007T13361674905,CDNA,2026-10-07,2026-10-07T11:44:33.185026-04:00,64.6615,-2.0058
HUT-20261007T14555881179,HUT,2026-10-07,2026-10-07T11:44:33.185026-04:00,87.9288,-0.6791
MSTR-20261007T15324851729,MSTR,2026-10-07,2026-10-07T11:44:33.185026-04:00,155.27,0.1677
CDNA-20261007T13361674905,CDNA,2026-10-07,2026-10-07T11:44:43.633888-04:00,64.705,-2.0745
HUT-20261007T14555881179,HUT,2026-10-07,2026-10-07T11:44:43.633888-04:00,87.855,-0.7625
MSTR-20261007T15324851729,MSTR,2026-10-07,2026-10-07T11:44:43.633888-04:00,155.28,0.1742
CDNA-20261007T13361674905,CDNA,2026-10-07,2026-10-07T11:44:54.132577-04:00,64.705,-2.0745
HUT-20261007T14555881179,HUT,2026-10-07,2026-10-07T11:44:54.132577-04:00,87.835,-0.785
MSTR-20261007T15324851729,MSTR,2026-10-07,2026-10-07T11:44:54.132577-04:00,155.22,0.1355
CDNA-20261007T13361674905,CDNA,2026-10-07,2026-10-07T11:45:04.601334-04:00,64.6995,-2.0658
HUT-20261007T14555881179,HUT,2026-10-07,2026-10-07T11:45:04.601334-04:00,87.78,-0.8472
MSTR-20261007T15324851729,MSTR,2026-10-07,2026-10-07T11:45:04.601334-04:00,155.21,0.129
CDNA-20261007T13361674905,CDNA,2026-10-07,2026-10-07T11:45:15.487194-04:00,64.63,-1.9561
HUT-20261007T14555881179,HUT,2026-10-07,2026-10-07T11:45:15.487194-04:00,87.74,-0.8924
MSTR-20261007T15324851729,MSTR,2026-10-07,2026-10-07T11:45:15.487194-04:00,155.16,0.0968
CDNA-20261007T13361674905,CDNA,2026-10-07,2026-10-07T11:45:26.256652-04:00,64.7,-2.0666
HUT-20261007T14555881179,HUT,2026-10-07,2026-10-07T11:45:26.256652-04:00,87.72,-0.9149
MSTR-20261007T15324851729,MSTR,2026-10-07,2026-10-07T11:45:26.256652-04:00,155.2,0.1226
CDNA-20261007T13361674905,CDNA,2026-10-07,2026-10-07T11:45:37.149434-04:00,64.67,-2.0192
HUT-20261007T14555881179,HUT,2026-10-07,2026-10-07T11:45:37.149434-04:00,87.8,-0.8246
MSTR-20261007T15324851729,MSTR,2026-10-07,2026-10-07T11:45:37.149434-04:00,155.21,0.129
CDNA-20261007T13361674905,CDNA,2026-10-07,2026-10-07T11:45:47.913988-04:00,64.6433,-1.9771
HUT-20261007T14555881179,HUT,2026-10-07,2026-10-07T11:45:47.913988-04:00,87.815,-0.8076
MSTR-20261007T15324851729,MSTR,2026-10-07,2026-10-07T11:45:47.913988-04:00,155.23,0.1419
CDNA-20261007T13361674905,CDNA,2026-10-07,2026-10-07T11:45:58.664198-04:00,64.695,-2.0587
HUT-20261007T14555881179,HUT,2026-10-07,2026-10-07T11:45:58.664198-04:00,87.815,-0.8076
MSTR-20261007T15324851729,MSTR,2026-10-07,2026-10-07T11:45:58.664198-04:00,155.2573,0.1595
CDNA-20261007T13361674905,CDNA,2026-10-07,2026-10-07T11:46:09.481394-04:00,64.69,-2.0508
HUT-20261007T14555881179,HUT,2026-10-07,2026-10-07T11:46:09.481394-04:00,87.815,-0.8076
MSTR-20261007T15324851729,MSTR,2026-10-07,2026-10-07T11:46:09.481394-04:00,155.2337,0.1443
CDNA-20261007T13361674905,CDNA,2026-10-07,2026-10-07T11:46:20.716779-04:00,64.69,-2.0508
HUT-20261007T14555881179,HUT,2026-10-07,2026-10-07T11:46:20.716779-04:00,87.835,-0.785
MSTR-20261007T15324851729,MSTR,2026-10-07,2026-10-07T11:46:20.716779-04:00,155.25,0.1548
CDNA-20261007T13361674905,CDNA,2026-10-07,2026-10-07T11:46:31.642675-04:00,64.65,-1.9877
HUT-20261007T14555881179,HUT,2026-10-07,2026-10-07T11:46:31.642675-04:00,87.81,-0.8133
MSTR-20261007T15324851729,MSTR,2026-10-07,2026-10-07T11:46:31.642675-04:00,155.1899,0.1161
CDNA-20261007T13361674905,CDNA,2026-10-07,2026-10-07T11:46:42.466353-04:00,64.6698,-2.0189
HUT-20261007T14555881179,HUT,2026-10-07,2026-10-07T11:46:42.466353-04:00,87.81,-0.8133
MSTR-20261007T15324851729,MSTR,2026-10-07,2026-10-07T11:46:42.466353-04:00,155.1401,0.0839
CDNA-20261007T13361674905,CDNA,2026-10-07,2026-10-07T11:46:53.192568-04:00,64.69,-2.0508
HUT-20261007T14555881179,HUT,2026-10-07,2026-10-07T11:46:53.192568-04:00,87.7529,-0.8778
MSTR-20261007T15324851729,MSTR,2026-10-07,2026-10-07T11:46:53.192568-04:00,155.245,0.1516
CDNA-20261007T13361674905,CDNA,2026-10-07,2026-10-07T11:47:03.797016-04:00,64.7,-2.0666
HUT-20261007T14555881179,HUT,2026-10-07,2026-10-07T11:47:03.797016-04:00,87.87,-0.7455
MSTR-20261007T15324851729,MSTR,2026-10-07,2026-10-07T11:47:03.797016-04:00,155.16,0.0968
CDNA-20261007T13361674905,CDNA,2026-10-07,2026-10-07T11:47:14.522478-04:00,64.7,-2.0666
HUT-20261007T14555881179,HUT,2026-10-07,2026-10-07T11:47:14.522478-04:00,87.98,-0.6213
MSTR-20261007T15324851729,MSTR,2026-10-07,2026-10-07T11:47:14.522478-04:00,155.2287,0.1411
CDNA-20261007T13361674905,CDNA,2026-10-07,2026-10-07T11:47:25.157900-04:00,64.675,-2.0271
HUT-20261007T14555881179,HUT,2026-10-07,2026-10-07T11:47:25.157900-04:00,87.8114,-0.8117
MSTR-20261007T15324851729,MSTR,2026-10-07,2026-10-07T11:47:25.157900-04:00,155.21,0.129
CDNA-20261007T13361674905,CDNA,2026-10-07,2026-10-07T11:47:35.818584-04:00,64.675,-2.0271
HUT-20261007T14555881179,HUT,2026-10-07,2026-10-07T11:47:35.818584-04:00,88.12,-0.4631
MSTR-20261007T15324851729,MSTR,2026-10-07,2026-10-07T11:47:35.818584-04:00,155.19,0.1161
CDNA-20261007T13361674905,CDNA,2026-10-07,2026-10-07T11:47:46.354141-04:00,64.675,-2.0271
HUT-20261007T14555881179,HUT,2026-10-07,2026-10-07T11:47:46.354141-04:00,88.02,-0.5761
MSTR-20261007T15324851729,MSTR,2026-10-07,2026-10-07T11:47:46.354141-04:00,155.15,0.0903
CDNA-20261007T13361674905,CDNA,2026-10-07,2026-10-07T11:47:56.815790-04:00,64.64,-1.9719
HUT-20261007T14555881179,HUT,2026-10-07,2026-10-07T11:47:56.815790-04:00,88.15,-0.4292
MSTR-20261007T15324851729,MSTR,2026-10-07,2026-10-07T11:47:56.815790-04:00,155.2001,0.1226
CDNA-20261007T13361674905,CDNA,2026-10-07,2026-10-07T11:48:07.230725-04:00,64.7324,-2.1177
HUT-20261007T14555881179,HUT,2026-10-07,2026-10-07T11:48:07.230725-04:00,88.1,-0.4857
MSTR-20261007T15324851729,MSTR,2026-10-07,2026-10-07T11:48:07.230725-04:00,155.21,0.129
CDNA-20261007T13361674905,CDNA,2026-10-07,2026-10-07T11:48:17.703676-04:00,64.66,-2.0035
HUT-20261007T14555881179,HUT,2026-10-07,2026-10-07T11:48:17.703676-04:00,88.09,-0.497
MSTR-20261007T15324851729,MSTR,2026-10-07,2026-10-07T11:48:17.703676-04:00,155.2198,0.1353
CDNA-20261007T13361674905,CDNA,2026-10-07,2026-10-07T11:48:28.122112-04:00,64.66,-2.0035
HUT-20261007T14555881179,HUT,2026-10-07,2026-10-07T11:48:28.122112-04:00,88.09,-0.497
MSTR-20261007T15324851729,MSTR,2026-10-07,2026-10-07T11:48:28.122112-04:00,155.2349,0.1451
CDNA-20261007T13361674905,CDNA,2026-10-07,2026-10-07T11:48:38.580782-04:00,64.655,-1.9956
HUT-20261007T14555881179,HUT,2026-10-07,2026-10-07T11:48:38.580782-04:00,88.08,-0.5083
MSTR-20261007T15324851729,MSTR,2026-10-07,2026-10-07T11:48:38.580782-04:00,155.18,0.1097
CDNA-20261007T13361674905,CDNA,2026-10-07,2026-10-07T11:48:48.999204-04:00,64.64,-1.9719
HUT-20261007T14555881179,HUT,2026-10-07,2026-10-07T11:48:48.999204-04:00,88.102,-0.4835
MSTR-20261007T15324851729,MSTR,2026-10-07,2026-10-07T11:48:48.999204-04:00,155.24,0.1484
CDNA-20261007T13361674905,CDNA,2026-10-07,2026-10-07T11:48:59.514107-04:00,64.635,-1.964
HUT-20261007T14555881179,HUT,2026-10-07,2026-10-07T11:48:59.514107-04:00,87.84,-0.7794
MSTR-20261007T15324851729,MSTR,2026-10-07,2026-10-07T11:48:59.514107-04:00,155.235,0.1452
CDNA-20261007T13361674905,CDNA,2026-10-07,2026-10-07T11:49:09.893968-04:00,64.635,-1.964
HUT-20261007T14555881179,HUT,2026-10-07,2026-10-07T11:49:09.893968-04:00,87.99,-0.61
MSTR-20261007T15324851729,MSTR,2026-10-07,2026-10-07T11:49:09.893968-04:00,155.252,0.1561
CDNA-20261007T13361674905,CDNA,2026-10-07,2026-10-07T11:49:20.316856-04:00,64.6317,-1.9588
HUT-20261007T14555881179,HUT,2026-10-07,2026-10-07T11:49:20.316856-04:00,88.02,-0.5761
MSTR-20261007T15324851729,MSTR,2026-10-07,2026-10-07T11:49:20.316856-04:00,155.32,0.2
CDNA-20261007T13361674905,CDNA,2026-10-07,2026-10-07T11:49:30.745467-04:00,64.635,-1.964
HUT-20261007T14555881179,HUT,2026-10-07,2026-10-07T11:49:30.745467-04:00,88.025,-0.5704
MSTR-20261007T15324851729,MSTR,2026-10-07,2026-10-07T11:49:30.745467-04:00,155.3,0.1871
CDNA-20261007T13361674905,CDNA,2026-10-07,2026-10-07T11:49:41.133839-04:00,64.56,-1.8457
HUT-20261007T14555881179,HUT,2026-10-07,2026-10-07T11:49:41.133839-04:00,88.11,-0.4744
MSTR-20261007T15324851729,MSTR,2026-10-07,2026-10-07T11:49:41.133839-04:00,155.22,0.1355
CDNA-20261007T13361674905,CDNA,2026-10-07,2026-10-07T11:49:51.498213-04:00,64.635,-1.964
HUT-20261007T14555881179,HUT,2026-10-07,2026-10-07T11:49:51.498213-04:00,88.025,-0.5704
MSTR-20261007T15324851729,MSTR,2026-10-07,2026-10-07T11:49:51.498213-04:00,155.24,0.1484
CDNA-20261007T13361674905,CDNA,2026-10-07,2026-10-07T11:50:01.843883-04:00,64.6375,-1.968
HUT-20261007T14555881179,HUT,2026-10-07,2026-10-07T11:50:01.843883-04:00,87.94,-0.6664
MSTR-20261007T15324851729,MSTR,2026-10-07,2026-10-07T11:50:01.843883-04:00,155.23,0.1419
CDNA-20261007T13361674905,CDNA,2026-10-07,2026-10-07T11:50:12.437883-04:00,64.635,-1.964
HUT-20261007T14555881179,HUT,2026-10-07,2026-10-07T11:50:12.437883-04:00,87.96,-0.6438
MSTR-20261007T15324851729,MSTR,2026-10-07,2026-10-07T11:50:12.437883-04:00,155.2299,0.1419
CDNA-20261007T13361674905,CDNA,2026-10-07,2026-10-07T11:50:23.117851-04:00,64.57,-1.8615
HUT-20261007T14555881179,HUT,2026-10-07,2026-10-07T11:50:23.117851-04:00,87.935,-0.6721
MSTR-20261007T15324851729,MSTR,2026-10-07,2026-10-07T11:50:23.117851-04:00,155.28,0.1742
CDNA-20261007T13361674905,CDNA,2026-10-07,2026-10-07T11:50:33.749441-04:00,64.635,-1.964
HUT-20261007T14555881179,HUT,2026-10-07,2026-10-07T11:50:33.749441-04:00,87.92,-0.689
MSTR-20261007T15324851729,MSTR,2026-10-07,2026-10-07T11:50:33.749441-04:00,155.275,0.171
CDNA-20261007T13361674905,CDNA,2026-10-07,2026-10-07T11:50:44.288134-04:00,64.635,-1.964
HUT-20261007T14555881179,HUT,2026-10-07,2026-10-07T11:50:44.288134-04:00,87.99,-0.61
MSTR-20261007T15324851729,MSTR,2026-10-07,2026-10-07T11:50:44.288134-04:00,155.34,0.2129
CDNA-20261007T13361674905,CDNA,2026-10-07,2026-10-07T11:50:54.906444-04:00,64.57,-1.8615
HUT-20261007T14555881179,HUT,2026-10-07,2026-10-07T11:50:54.906444-04:00,88.01,-0.5874
MSTR-20261007T15324851729,MSTR,2026-10-07,2026-10-07T11:50:54.906444-04:00,155.4387,0.2766
CDNA-20261007T13361674905,CDNA,2026-10-07,2026-10-07T11:51:05.705773-04:00,64.635,-1.964
HUT-20261007T14555881179,HUT,2026-10-07,2026-10-07T11:51:05.705773-04:00,88.01,-0.5874
MSTR-20261007T15324851729,MSTR,2026-10-07,2026-10-07T11:51:05.705773-04:00,155.47,0.2968
CDNA-20261007T13361674905,CDNA,2026-10-07,2026-10-07T11:51:16.447801-04:00,64.635,-1.964
HUT-20261007T14555881179,HUT,2026-10-07,2026-10-07T11:51:16.447801-04:00,88.06,-0.5309
MSTR-20261007T15324851729,MSTR,2026-10-07,2026-10-07T11:51:16.447801-04:00,155.525,0.3322
CDNA-20261007T13361674905,CDNA,2026-10-07,2026-10-07T11:51:27.131173-04:00,64.635,-1.964
HUT-20261007T14555881179,HUT,2026-10-07,2026-10-07T11:51:27.131173-04:00,88.095,-0.4914
MSTR-20261007T15324851729,MSTR,2026-10-07,2026-10-07T11:51:27.131173-04:00,155.555,0.3516
CDNA-20261007T13361674905,CDNA,2026-10-07,2026-10-07T11:51:37.727982-04:00,64.635,-1.964
HUT-20261007T14555881179,HUT,2026-10-07,2026-10-07T11:51:37.727982-04:00,88.155,-0.4236
MSTR-20261007T15324851729,MSTR,2026-10-07,2026-10-07T11:51:37.727982-04:00,155.51,0.3226
CDNA-20261007T13361674905,CDNA,2026-10-07,2026-10-07T11:51:48.139806-04:00,64.62,-1.9404
HUT-20261007T14555881179,HUT,2026-10-07,2026-10-07T11:51:48.139806-04:00,88.1154,-0.4683
MSTR-20261007T15324851729,MSTR,2026-10-07,2026-10-07T11:51:48.139806-04:00,155.57,0.3613
CDNA-20261007T13361674905,CDNA,2026-10-07,2026-10-07T11:51:58.536335-04:00,64.6125,-1.9285
HUT-20261007T14555881179,HUT,2026-10-07,2026-10-07T11:51:58.536335-04:00,88.135,-0.4462
MSTR-20261007T15324851729,MSTR,2026-10-07,2026-10-07T11:51:58.536335-04:00,155.4,0.2516
CDNA-20261007T13361674905,CDNA,2026-10-07,2026-10-07T11:52:08.858604-04:00,64.53,-1.7984
HUT-20261007T14555881179,HUT,2026-10-07,2026-10-07T11:52:08.858604-04:00,87.92,-0.689
MSTR-20261007T15324851729,MSTR,2026-10-07,2026-10-07T11:52:08.858604-04:00,155.32,0.2
CDNA-20261007T13361674905,CDNA,2026-10-07,2026-10-07T11:52:19.225556-04:00,64.53,-1.7984
HUT-20261007T14555881179,HUT,2026-10-07,2026-10-07T11:52:19.225556-04:00,87.9336,-0.6737
MSTR-20261007T15324851729,MSTR,2026-10-07,2026-10-07T11:52:19.225556-04:00,155.305,0.1903
CDNA-20261007T13361674905,CDNA,2026-10-07,2026-10-07T11:52:29.578138-04:00,64.44,-1.6564
HUT-20261007T14555881179,HUT,2026-10-07,2026-10-07T11:52:29.578138-04:00,87.86,-0.7568
MSTR-20261007T15324851729,MSTR,2026-10-07,2026-10-07T11:52:29.578138-04:00,155.338,0.2116
CDNA-20261007T13361674905,CDNA,2026-10-07,2026-10-07T11:52:39.891840-04:00,64.47,-1.7037
HUT-20261007T14555881179,HUT,2026-10-07,2026-10-07T11:52:39.891840-04:00,87.885,-0.7286
MSTR-20261007T15324851729,MSTR,2026-10-07,2026-10-07T11:52:39.891840-04:00,155.2999,0.187
CDNA-20261007T13361674905,CDNA,2026-10-07,2026-10-07T11:52:50.226966-04:00,64.5,-1.7511
HUT-20261007T14555881179,HUT,2026-10-07,2026-10-07T11:52:50.226966-04:00,87.86,-0.7568
MSTR-20261007T15324851729,MSTR,2026-10-07,2026-10-07T11:52:50.226966-04:00,155.25,0.1548
CDNA-20261007T13361674905,CDNA,2026-10-07,2026-10-07T11:53:00.576957-04:00,64.4838,-1.7255
HUT-20261007T14555881179,HUT,2026-10-07,2026-10-07T11:53:00.576957-04:00,87.75,-0.8811
MSTR-20261007T15324851729,MSTR,2026-10-07,2026-10-07T11:53:00.576957-04:00,155.33,0.2064
CDNA-20261007T13361674905,CDNA,2026-10-07,2026-10-07T11:53:10.887682-04:00,64.495,-1.7432
HUT-20261007T14555881179,HUT,2026-10-07,2026-10-07T11:53:10.887682-04:00,87.79,-0.8359
MSTR-20261007T15324851729,MSTR,2026-10-07,2026-10-07T11:53:10.887682-04:00,155.365,0.229
CDNA-20261007T13361674905,CDNA,2026-10-07,2026-10-07T11:53:21.169141-04:00,64.5068,-1.7618
HUT-20261007T14555881179,HUT,2026-10-07,2026-10-07T11:53:21.169141-04:00,87.715,-0.9206
MSTR-20261007T15324851729,MSTR,2026-10-07,2026-10-07T11:53:21.169141-04:00,155.3709,0.2328
CDNA-20261007T13361674905,CDNA,2026-10-07,2026-10-07T11:53:31.442505-04:00,64.5119,-1.7698
HUT-20261007T14555881179,HUT,2026-10-07,2026-10-07T11:53:31.442505-04:00,87.7,-0.9375
MSTR-20261007T15324851729,MSTR,2026-10-07,2026-10-07T11:53:31.442505-04:00,155.405,0.2548
CDNA-20261007T13361674905,CDNA,2026-10-07,2026-10-07T11:53:41.720166-04:00,64.49,-1.7353
HUT-20261007T14555881179,HUT,2026-10-07,2026-10-07T11:53:41.720166-04:00,87.77,-0.8585
MSTR-20261007T15324851729,MSTR,2026-10-07,2026-10-07T11:53:41.720166-04:00,155.395,0.2484
CDNA-20261007T13361674905,CDNA,2026-10-07,2026-10-07T11:53:51.994092-04:00,64.53,-1.7984
HUT-20261007T14555881179,HUT,2026-10-07,2026-10-07T11:53:51.994092-04:00,87.905,-0.706
MSTR-20261007T15324851729,MSTR,2026-10-07,2026-10-07T11:53:51.994092-04:00,155.35,0.2193
CDNA-20261007T13361674905,CDNA,2026-10-07,2026-10-07T11:54:02.252793-04:00,64.52,-1.7826
HUT-20261007T14555881179,HUT,2026-10-07,2026-10-07T11:54:02.252793-04:00,87.905,-0.706
MSTR-20261007T15324851729,MSTR,2026-10-07,2026-10-07T11:54:02.252793-04:00,155.4,0.2516
CDNA-20261007T13361674905,CDNA,2026-10-07,2026-10-07T11:54:12.581002-04:00,64.485,-1.7274
HUT-20261007T14555881179,HUT,2026-10-07,2026-10-07T11:54:12.581002-04:00,87.94,-0.6664
MSTR-20261007T15324851729,MSTR,2026-10-07,2026-10-07T11:54:12.581002-04:00,155.36,0.2258
CDNA-20261007T13361674905,CDNA,2026-10-07,2026-10-07T11:54:22.834111-04:00,64.485,-1.7274
HUT-20261007T14555881179,HUT,2026-10-07,2026-10-07T11:54:22.834111-04:00,87.7958,-0.8293
MSTR-20261007T15324851729,MSTR,2026-10-07,2026-10-07T11:54:22.834111-04:00,155.35,0.2193
CDNA-20261007T13361674905,CDNA,2026-10-07,2026-10-07T11:54:33.101343-04:00,64.63,-1.9561
HUT-20261007T14555881179,HUT,2026-10-07,2026-10-07T11:54:33.101343-04:00,88.0,-0.5987
MSTR-20261007T15324851729,MSTR,2026-10-07,2026-10-07T11:54:33.101343-04:00,155.295,0.1839
CDNA-20261007T13361674905,CDNA,2026-10-07,2026-10-07T11:54:43.340349-04:00,64.4875,-1.7313
HUT-20261007T14555881179,HUT,2026-10-07,2026-10-07T11:54:43.340349-04:00,87.94,-0.6664
MSTR-20261007T15324851729,MSTR,2026-10-07,2026-10-07T11:54:43.340349-04:00,155.32,0.2
CDNA-20261007T13361674905,CDNA,2026-10-07,2026-10-07T11:54:53.514340-04:00,64.54,-1.8142
HUT-20261007T14555881179,HUT,2026-10-07,2026-10-07T11:54:53.514340-04:00,87.97,-0.6326
MSTR-20261007T15324851729,MSTR,2026-10-07,2026-10-07T11:54:53.514340-04:00,155.4,0.2516
CDNA-20261007T13361674905,CDNA,2026-10-07,2026-10-07T11:55:03.705602-04:00,64.53,-1.7984
HUT-20261007T14555881179,HUT,2026-10-07,2026-10-07T11:55:03.705602-04:00,87.8799,-0.7343
MSTR-20261007T15324851729,MSTR,2026-10-07,2026-10-07T11:55:03.705602-04:00,155.4,0.2516
CDNA-20261007T13361674905,CDNA,2026-10-07,2026-10-07T11:55:14.035990-04:00,64.5281,-1.7954
HUT-20261007T14555881179,HUT,2026-10-07,2026-10-07T11:55:14.035990-04:00,87.874,-0.741
MSTR-20261007T15324851729,MSTR,2026-10-07,2026-10-07T11:55:14.035990-04:00,155.3456,0.2165
CDNA-20261007T13361674905,CDNA,2026-10-07,2026-10-07T11:55:24.754528-04:00,64.53,-1.7984
HUT-20261007T14555881179,HUT,2026-10-07,2026-10-07T11:55:24.754528-04:00,87.905,-0.706
MSTR-20261007T15324851729,MSTR,2026-10-07,2026-10-07T11:55:24.754528-04:00,155.38,0.2387
CDNA-20261007T13361674905,CDNA,2026-10-07,2026-10-07T11:55:35.052151-04:00,64.47,-1.7037
HUT-20261007T14555881179,HUT,2026-10-07,2026-10-07T11:55:35.052151-04:00,87.905,-0.706
MSTR-20261007T15324851729,MSTR,2026-10-07,2026-10-07T11:55:35.052151-04:00,155.405,0.2548
CDNA-20261007T13361674905,CDNA,2026-10-07,2026-10-07T11:55:45.354348-04:00,64.51,-1.7668
HUT-20261007T14555881179,HUT,2026-10-07,2026-10-07T11:55:45.354348-04:00,87.9178,-0.6915
MSTR-20261007T15324851729,MSTR,2026-10-07,2026-10-07T11:55:45.354348-04:00,155.4075,0.2564
CDNA-20261007T13361674905,CDNA,2026-10-07,2026-10-07T11:55:55.715588-04:00,64.4975,-1.7471
HUT-20261007T14555881179,HUT,2026-10-07,2026-10-07T11:55:55.715588-04:00,87.855,-0.7625
MSTR-20261007T15324851729,MSTR,2026-10-07,2026-10-07T11:55:55.715588-04:00,155.445,0.2806
CDNA-20261007T13361674905,CDNA,2026-10-07,2026-10-07T11:56:05.986383-04:00,64.495,-1.7432
HUT-20261007T14555881179,HUT,2026-10-07,2026-10-07T11:56:05.986383-04:00,87.85,-0.7681
MSTR-20261007T15324851729,MSTR,2026-10-07,2026-10-07T11:56:05.986383-04:00,155.3725,0.2339
CDNA-20261007T13361674905,CDNA,2026-10-07,2026-10-07T11:56:16.287775-04:00,64.4875,-1.7313
HUT-20261007T14555881179,HUT,2026-10-07,2026-10-07T11:56:16.287775-04:00,87.9118,-0.6983
MSTR-20261007T15324851729,MSTR,2026-10-07,2026-10-07T11:56:16.287775-04:00,155.375,0.2355
CDNA-20261007T13361674905,CDNA,2026-10-07,2026-10-07T11:56:26.563766-04:00,64.4875,-1.7313
HUT-20261007T14555881179,HUT,2026-10-07,2026-10-07T11:56:26.563766-04:00,87.81,-0.8133
MSTR-20261007T15324851729,MSTR,2026-10-07,2026-10-07T11:56:26.563766-04:00,155.36,0.2258
CDNA-20261007T13361674905,CDNA,2026-10-07,2026-10-07T11:56:36.869672-04:00,64.42,-1.6249
HUT-20261007T14555881179,HUT,2026-10-07,2026-10-07T11:56:36.869672-04:00,87.805,-0.8189
MSTR-20261007T15324851729,MSTR,2026-10-07,2026-10-07T11:56:36.869672-04:00,155.42,0.2645
CDNA-20261007T13361674905,CDNA,2026-10-07,2026-10-07T11:56:47.399516-04:00,64.42,-1.6249
HUT-20261007T14555881179,HUT,2026-10-07,2026-10-07T11:56:47.399516-04:00,87.83,-0.7907
MSTR-20261007T15324851729,MSTR,2026-10-07,2026-10-07T11:56:47.399516-04:00,155.3252,0.2033
CDNA-20261007T13361674905,CDNA,2026-10-07,2026-10-07T11:56:57.700526-04:00,64.37,-1.546
HUT-20261007T14555881179,HUT,2026-10-07,2026-10-07T11:56:57.700526-04:00,87.83,-0.7907
MSTR-20261007T15324851729,MSTR,2026-10-07,2026-10-07T11:56:57.700526-04:00,155.445,0.2806
CDNA-20261007T13361674905,CDNA,2026-10-07,2026-10-07T11:57:08.024182-04:00,64.3,-1.4356
HUT-20261007T14555881179,HUT,2026-10-07,2026-10-07T11:57:08.024182-04:00,87.83,-0.7907
MSTR-20261007T15324851729,MSTR,2026-10-07,2026-10-07T11:57:08.024182-04:00,155.507,0.3206
CDNA-20261007T13361674905,CDNA,2026-10-07,2026-10-07T11:57:18.431729-04:00,64.305,-1.4434
HUT-20261007T14555881179,HUT,2026-10-07,2026-10-07T11:57:18.431729-04:00,87.865,-0.7512
MSTR-20261007T15324851729,MSTR,2026-10-07,2026-10-07T11:57:18.431729-04:00,155.4862,0.3072
CDNA-20261007T13361674905,CDNA,2026-10-07,2026-10-07T11:57:28.749578-04:00,64.25,-1.3567
HUT-20261007T14555881179,HUT,2026-10-07,2026-10-07T11:57:28.749578-04:00,87.9599,-0.644
MSTR-20261007T15324851729,MSTR,2026-10-07,2026-10-07T11:57:28.749578-04:00,155.5,0.3161
CDNA-20261007T13361674905,CDNA,2026-10-07,2026-10-07T11:57:39.032133-04:00,64.3,-1.4356
HUT-20261007T14555881179,HUT,2026-10-07,2026-10-07T11:57:39.032133-04:00,87.8,-0.8246
MSTR-20261007T15324851729,MSTR,2026-10-07,2026-10-07T11:57:39.032133-04:00,155.4,0.2516
CDNA-20261007T13361674905,CDNA,2026-10-07,2026-10-07T11:57:49.243565-04:00,64.26,-1.3725
HUT-20261007T14555881179,HUT,2026-10-07,2026-10-07T11:57:49.243565-04:00,87.75,-0.8811
MSTR-20261007T15324851729,MSTR,2026-10-07,2026-10-07T11:57:49.243565-04:00,155.38,0.2387
CDNA-20261007T13361674905,CDNA,2026-10-07,2026-10-07T11:57:59.430452-04:00,64.23,-1.3251
HUT-20261007T14555881179,HUT,2026-10-07,2026-10-07T11:57:59.430452-04:00,87.75,-0.8811
MSTR-20261007T15324851729,MSTR,2026-10-07,2026-10-07T11:57:59.430452-04:00,155.585,0.3709
CDNA-20261007T13361674905,CDNA,2026-10-07,2026-10-07T11:58:09.637444-04:00,64.25,-1.3567
HUT-20261007T14555881179,HUT,2026-10-07,2026-10-07T11:58:09.637444-04:00,87.8524,-0.7654
MSTR-20261007T15324851729,MSTR,2026-10-07,2026-10-07T11:58:09.637444-04:00,155.65,0.4129
CDNA-20261007T13361674905,CDNA,2026-10-07,2026-10-07T11:58:19.969014-04:00,64.195,-1.2699
HUT-20261007T14555881179,HUT,2026-10-07,2026-10-07T11:58:19.969014-04:00,87.675,-0.9658
MSTR-20261007T15324851729,MSTR,2026-10-07,2026-10-07T11:58:19.969014-04:00,155.76,0.4838
CDNA-20261007T13361674905,CDNA,2026-10-07,2026-10-07T11:58:30.324592-04:00,64.15,-1.1989
HUT-20261007T14555881179,HUT,2026-10-07,2026-10-07T11:58:30.324592-04:00,87.675,-0.9658
MSTR-20261007T15324851729,MSTR,2026-10-07,2026-10-07T11:58:30.324592-04:00,155.72,0.458
CDNA-20261007T13361674905,CDNA,2026-10-07,2026-10-07T11:58:40.595469-04:00,64.21,-1.2936
HUT-20261007T14555881179,HUT,2026-10-07,2026-10-07T11:58:40.595469-04:00,87.765,-0.8641
MSTR-20261007T15324851729,MSTR,2026-10-07,2026-10-07T11:58:40.595469-04:00,155.73,0.4645
CDNA-20261007T13361674905,CDNA,2026-10-07,2026-10-07T11:58:50.815066-04:00,64.3639,-1.5364
HUT-20261007T14555881179,HUT,2026-10-07,2026-10-07T11:58:50.815066-04:00,87.87,-0.7455
MSTR-20261007T15324851729,MSTR,2026-10-07,2026-10-07T11:58:50.815066-04:00,155.735,0.4677
CDNA-20261007T13361674905,CDNA,2026-10-07,2026-10-07T11:59:01.017752-04:00,64.2,-1.2778
HUT-20261007T14555881179,HUT,2026-10-07,2026-10-07T11:59:01.017752-04:00,87.85,-0.7681
MSTR-20261007T15324851729,MSTR,2026-10-07,2026-10-07T11:59:01.017752-04:00,155.89,0.5677
CDNA-20261007T13361674905,CDNA,2026-10-07,2026-10-07T11:59:11.235063-04:00,64.17,-1.2305
HUT-20261007T14555881179,HUT,2026-10-07,2026-10-07T11:59:11.235063-04:00,87.915,-0.6947
MSTR-20261007T15324851729,MSTR,2026-10-07,2026-10-07T11:59:11.235063-04:00,155.805,0.5129
CDNA-20261007T13361674905,CDNA,2026-10-07,2026-10-07T11:59:21.475885-04:00,64.2065,-1.2881
HUT-20261007T14555881179,HUT,2026-10-07,2026-10-07T11:59:21.475885-04:00,87.93,-0.6777
MSTR-20261007T15324851729,MSTR,2026-10-07,2026-10-07T11:59:21.475885-04:00,155.84,0.5354
CDNA-20261007T13361674905,CDNA,2026-10-07,2026-10-07T11:59:31.661142-04:00,64.19,-1.262
HUT-20261007T14555881179,HUT,2026-10-07,2026-10-07T11:59:31.661142-04:00,87.93,-0.6777
MSTR-20261007T15324851729,MSTR,2026-10-07,2026-10-07T11:59:31.661142-04:00,155.77,0.4903
CDNA-20261007T13361674905,CDNA,2026-10-07,2026-10-07T11:59:41.835947-04:00,64.25,-1.3567
HUT-20261007T14555881179,HUT,2026-10-07,2026-10-07T11:59:41.835947-04:00,87.829,-0.7918
MSTR-20261007T15324851729,MSTR,2026-10-07,2026-10-07T11:59:41.835947-04:00,155.79,0.5032
CDNA-20261007T13361674905,CDNA,2026-10-07,2026-10-07T11:59:52.036536-04:00,64.19,-1.262
HUT-20261007T14555881179,HUT,2026-10-07,2026-10-07T11:59:52.036536-04:00,87.78,-0.8472
MSTR-20261007T15324851729,MSTR,2026-10-07,2026-10-07T11:59:52.036536-04:00,155.76,0.4838
CDNA-20261007T13361674905,CDNA,2026-10-07,2026-10-07T12:00:02.196953-04:00,64.31,-1.4513
HUT-20261007T14555881179,HUT,2026-10-07,2026-10-07T12:00:02.196953-04:00,87.88,-0.7342
MSTR-20261007T15324851729,MSTR,2026-10-07,2026-10-07T12:00:02.196953-04:00,155.7442,0.4736
CDNA-20261007T13361674905,CDNA,2026-10-07,2026-10-07T12:00:12.853323-04:00,64.32,-1.4671
HUT-20261007T14555881179,HUT,2026-10-07,2026-10-07T12:00:12.853323-04:00,87.9288,-0.6791
MSTR-20261007T15324851729,MSTR,2026-10-07,2026-10-07T12:00:12.853323-04:00,155.805,0.5129
CDNA-20261007T13361674905,CDNA,2026-10-07,2026-10-07T12:00:23.340778-04:00,64.4066,-1.6037
HUT-20261007T14555881179,HUT,2026-10-07,2026-10-07T12:00:23.340778-04:00,87.94,-0.6664
MSTR-20261007T15324851729,MSTR,2026-10-07,2026-10-07T12:00:23.340778-04:00,155.785,0.5
CDNA-20261007T13361674905,CDNA,2026-10-07,2026-10-07T12:00:33.872946-04:00,64.4037,-1.5991
HUT-20261007T14555881179,HUT,2026-10-07,2026-10-07T12:00:33.872946-04:00,87.98,-0.6213
MSTR-20261007T15324851729,MSTR,2026-10-07,2026-10-07T12:00:33.872946-04:00,155.745,0.4742
CDNA-20261007T13361674905,CDNA,2026-10-07,2026-10-07T12:00:44.233643-04:00,64.31,-1.4513
HUT-20261007T14555881179,HUT,2026-10-07,2026-10-07T12:00:44.233643-04:00,87.9893,-0.6108
MSTR-20261007T15324851729,MSTR,2026-10-07,2026-10-07T12:00:44.233643-04:00,155.73,0.4645
CDNA-20261007T13361674905,CDNA,2026-10-07,2026-10-07T12:00:54.591870-04:00,64.34,-1.4987
HUT-20261007T14555881179,HUT,2026-10-07,2026-10-07T12:00:54.591870-04:00,87.74,-0.8924
MSTR-20261007T15324851729,MSTR,2026-10-07,2026-10-07T12:00:54.591870-04:00,155.78,0.4967
CDNA-20261007T13361674905,CDNA,2026-10-07,2026-10-07T12:01:04.900555-04:00,64.41,-1.6091
HUT-20261007T14555881179,HUT,2026-10-07,2026-10-07T12:01:04.900555-04:00,87.91,-0.7003
MSTR-20261007T15324851729,MSTR,2026-10-07,2026-10-07T12:01:04.900555-04:00,156.045,0.6677
CDNA-20261007T13361674905,CDNA,2026-10-07,2026-10-07T12:01:15.322950-04:00,64.3541,-1.5209
HUT-20261007T14555881179,HUT,2026-10-07,2026-10-07T12:01:15.322950-04:00,88.02,-0.5761
MSTR-20261007T15324851729,MSTR,2026-10-07,2026-10-07T12:01:15.322950-04:00,156.095,0.7
CDNA-20261007T13361674905,CDNA,2026-10-07,2026-10-07T12:01:25.741422-04:00,64.2902,-1.4201
HUT-20261007T14555881179,HUT,2026-10-07,2026-10-07T12:01:25.741422-04:00,87.93,-0.6777
MSTR-20261007T15324851729,MSTR,2026-10-07,2026-10-07T12:01:25.741422-04:00,156.065,0.6806
CDNA-20261007T13361674905,CDNA,2026-10-07,2026-10-07T12:01:36.085771-04:00,64.38,-1.5618
HUT-20261007T14555881179,HUT,2026-10-07,2026-10-07T12:01:36.085771-04:00,87.99,-0.61
MSTR-20261007T15324851729,MSTR,2026-10-07,2026-10-07T12:01:36.085771-04:00,156.0665,0.6816
CDNA-20261007T13361674905,CDNA,2026-10-07,2026-10-07T12:01:46.418490-04:00,64.321,-1.4687
HUT-20261007T14555881179,HUT,2026-10-07,2026-10-07T12:01:46.418490-04:00,87.9025,-0.7088
MSTR-20261007T15324851729,MSTR,2026-10-07,2026-10-07T12:01:46.418490-04:00,155.8507,0.5424
CDNA-20261007T13361674905,CDNA,2026-10-07,2026-10-07T12:01:56.668471-04:00,64.32,-1.4671
HUT-20261007T14555881179,HUT,2026-10-07,2026-10-07T12:01:56.668471-04:00,87.755,-0.8754
MSTR-20261007T15324851729,MSTR,2026-10-07,2026-10-07T12:01:56.668471-04:00,155.75,0.4774
CDNA-20261007T13361674905,CDNA,2026-10-07,2026-10-07T12:02:06.918891-04:00,64.345,-1.5065
HUT-20261007T14555881179,HUT,2026-10-07,2026-10-07T12:02:06.918891-04:00,87.69,-0.9488
MSTR-20261007T15324851729,MSTR,2026-10-07,2026-10-07T12:02:06.918891-04:00,155.701,0.4458
CDNA-20261007T13361674905,CDNA,2026-10-07,2026-10-07T12:02:17.220734-04:00,64.345,-1.5065
HUT-20261007T14555881179,HUT,2026-10-07,2026-10-07T12:02:17.220734-04:00,87.8551,-0.7623
MSTR-20261007T15324851729,MSTR,2026-10-07,2026-10-07T12:02:17.220734-04:00,155.76,0.4838
CDNA-20261007T13361674905,CDNA,2026-10-07,2026-10-07T12:02:27.559152-04:00,64.345,-1.5065
HUT-20261007T14555881179,HUT,2026-10-07,2026-10-07T12:02:27.559152-04:00,87.675,-0.9658
MSTR-20261007T15324851729,MSTR,2026-10-07,2026-10-07T12:02:27.559152-04:00,155.44,0.2774
CDNA-20261007T13361674905,CDNA,2026-10-07,2026-10-07T12:02:37.814633-04:00,64.2868,-1.4147
HUT-20261007T14555881179,HUT,2026-10-07,2026-10-07T12:02:37.814633-04:00,87.8387,-0.7809
MSTR-20261007T15324851729,MSTR,2026-10-07,2026-10-07T12:02:37.814633-04:00,155.41,0.258
CDNA-20261007T13361674905,CDNA,2026-10-07,2026-10-07T12:02:48.277689-04:00,64.345,-1.5065
HUT-20261007T14555881179,HUT,2026-10-07,2026-10-07T12:02:48.277689-04:00,87.69,-0.9488
MSTR-20261007T15324851729,MSTR,2026-10-07,2026-10-07T12:02:48.277689-04:00,155.4725,0.2984
CDNA-20261007T13361674905,CDNA,2026-10-07,2026-10-07T12:02:58.791219-04:00,64.39,-1.5775
HUT-20261007T14555881179,HUT,2026-10-07,2026-10-07T12:02:58.791219-04:00,87.75,-0.8811
MSTR-20261007T15324851729,MSTR,2026-10-07,2026-10-07T12:02:58.791219-04:00,155.52,0.329
CDNA-20261007T13361674905,CDNA,2026-10-07,2026-10-07T12:03:09.415578-04:00,64.42,-1.6249
HUT-20261007T14555881179,HUT,2026-10-07,2026-10-07T12:03:09.415578-04:00,87.8688,-0.7469
MSTR-20261007T15324851729,MSTR,2026-10-07,2026-10-07T12:03:09.415578-04:00,155.525,0.3322
CDNA-20261007T13361674905,CDNA,2026-10-07,2026-10-07T12:03:20.094103-04:00,64.3847,-1.5692
HUT-20261007T14555881179,HUT,2026-10-07,2026-10-07T12:03:20.094103-04:00,87.75,-0.8811
MSTR-20261007T15324851729,MSTR,2026-10-07,2026-10-07T12:03:20.094103-04:00,155.514,0.3251
CDNA-20261007T13361674905,CDNA,2026-10-07,2026-10-07T12:03:30.721873-04:00,64.33,-1.4829
HUT-20261007T14555881179,HUT,2026-10-07,2026-10-07T12:03:30.721873-04:00,87.7556,-0.8747
MSTR-20261007T15324851729,MSTR,2026-10-07,2026-10-07T12:03:30.721873-04:00,155.655,0.4161
CDNA-20261007T13361674905,CDNA,2026-10-07,2026-10-07T12:03:41.399184-04:00,64.37,-1.546
HUT-20261007T14555881179,HUT,2026-10-07,2026-10-07T12:03:41.399184-04:00,87.8502,-0.7679
MSTR-20261007T15324851729,MSTR,2026-10-07,2026-10-07T12:03:41.399184-04:00,155.63,0.4
CDNA-20261007T13361674905,CDNA,2026-10-07,2026-10-07T12:03:52.049947-04:00,64.3697,-1.5455
HUT-20261007T14555881179,HUT,2026-10-07,2026-10-07T12:03:52.049947-04:00,87.8434,-0.7756
MSTR-20261007T15324851729,MSTR,2026-10-07,2026-10-07T12:03:52.049947-04:00,155.63,0.4
CDNA-20261007T13361674905,CDNA,2026-10-07,2026-10-07T12:04:02.828758-04:00,64.37,-1.546
HUT-20261007T14555881179,HUT,2026-10-07,2026-10-07T12:04:02.828758-04:00,87.745,-0.8867
MSTR-20261007T15324851729,MSTR,2026-10-07,2026-10-07T12:04:02.828758-04:00,155.615,0.3903
CDNA-20261007T13361674905,CDNA,2026-10-07,2026-10-07T12:04:13.696676-04:00,64.36,-1.5302
HUT-20261007T14555881179,HUT,2026-10-07,2026-10-07T12:04:13.696676-04:00,87.85,-0.7681
MSTR-20261007T15324851729,MSTR,2026-10-07,2026-10-07T12:04:13.696676-04:00,155.63,0.4
CDNA-20261007T13361674905,CDNA,2026-10-07,2026-10-07T12:04:24.404648-04:00,64.365,-1.5381
HUT-20261007T14555881179,HUT,2026-10-07,2026-10-07T12:04:24.404648-04:00,87.8564,-0.7609
MSTR-20261007T15324851729,MSTR,2026-10-07,2026-10-07T12:04:24.404648-04:00,155.66,0.4193
CDNA-20261007T13361674905,CDNA,2026-10-07,2026-10-07T12:04:35.060974-04:00,64.3284,-1.4804
HUT-20261007T14555881179,HUT,2026-10-07,2026-10-07T12:04:35.060974-04:00,87.87,-0.7455
MSTR-20261007T15324851729,MSTR,2026-10-07,2026-10-07T12:04:35.060974-04:00,155.7523,0.4789
CDNA-20261007T13361674905,CDNA,2026-10-07,2026-10-07T12:04:45.615242-04:00,64.36,-1.5302
HUT-20261007T14555881179,HUT,2026-10-07,2026-10-07T12:04:45.615242-04:00,87.87,-0.7455
MSTR-20261007T15324851729,MSTR,2026-10-07,2026-10-07T12:04:45.615242-04:00,155.6,0.3806
CDNA-20261007T13361674905,CDNA,2026-10-07,2026-10-07T12:04:56.131935-04:00,64.3537,-1.5203
HUT-20261007T14555881179,HUT,2026-10-07,2026-10-07T12:04:56.131935-04:00,87.74,-0.8924
MSTR-20261007T15324851729,MSTR,2026-10-07,2026-10-07T12:04:56.131935-04:00,155.656,0.4167
CDNA-20261007T13361674905,CDNA,2026-10-07,2026-10-07T12:05:06.733458-04:00,64.36,-1.5302
HUT-20261007T14555881179,HUT,2026-10-07,2026-10-07T12:05:06.733458-04:00,87.8391,-0.7804
MSTR-20261007T15324851729,MSTR,2026-10-07,2026-10-07T12:05:06.733458-04:00,155.6475,0.4113
CDNA-20261007T13361674905,CDNA,2026-10-07,2026-10-07T12:05:17.411761-04:00,64.3543,-1.5212
HUT-20261007T14555881179,HUT,2026-10-07,2026-10-07T12:05:17.411761-04:00,87.72,-0.9149
MSTR-20261007T15324851729,MSTR,2026-10-07,2026-10-07T12:05:17.411761-04:00,155.71,0.4516
CDNA-20261007T13361674905,CDNA,2026-10-07,2026-10-07T12:05:27.969678-04:00,64.4299,-1.6405
HUT-20261007T14555881179,HUT,2026-10-07,2026-10-07T12:05:27.969678-04:00,87.78,-0.8472
MSTR-20261007T15324851729,MSTR,2026-10-07,2026-10-07T12:05:27.969678-04:00,155.7,0.4451
CDNA-20261007T13361674905,CDNA,2026-10-07,2026-10-07T12:05:38.483655-04:00,64.3557,-1.5234
HUT-20261007T14555881179,HUT,2026-10-07,2026-10-07T12:05:38.483655-04:00,87.71,-0.9262
MSTR-20261007T15324851729,MSTR,2026-10-07,2026-10-07T12:05:38.483655-04:00,155.79,0.5032
CDNA-20261007T13361674905,CDNA,2026-10-07,2026-10-07T12:05:48.972814-04:00,64.365,-1.5381
HUT-20261007T14555881179,HUT,2026-10-07,2026-10-07T12:05:48.972814-04:00,87.71,-0.9262
MSTR-20261007T15324851729,MSTR,2026-10-07,2026-10-07T12:05:48.972814-04:00,155.81,0.5161
CDNA-20261007T13361674905,CDNA,2026-10-07,2026-10-07T12:05:59.451501-04:00,64.3669,-1.5411
HUT-20261007T14555881179,HUT,2026-10-07,2026-10-07T12:05:59.451501-04:00,87.7988,-0.8259
MSTR-20261007T15324851729,MSTR,2026-10-07,2026-10-07T12:05:59.451501-04:00,155.8,0.5096
CDNA-20261007T13361674905,CDNA,2026-10-07,2026-10-07T12:06:09.861754-04:00,64.42,-1.6249
HUT-20261007T14555881179,HUT,2026-10-07,2026-10-07T12:06:09.861754-04:00,87.77,-0.8585
MSTR-20261007T15324851729,MSTR,2026-10-07,2026-10-07T12:06:09.861754-04:00,155.87,0.5548
CDNA-20261007T13361674905,CDNA,2026-10-07,2026-10-07T12:06:20.191823-04:00,64.36,-1.5302
HUT-20261007T14555881179,HUT,2026-10-07,2026-10-07T12:06:20.191823-04:00,87.78,-0.8472
MSTR-20261007T15324851729,MSTR,2026-10-07,2026-10-07T12:06:20.191823-04:00,155.84,0.5354
CDNA-20261007T13361674905,CDNA,2026-10-07,2026-10-07T12:06:30.543701-04:00,64.44,-1.6564
HUT-20261007T14555881179,HUT,2026-10-07,2026-10-07T12:06:30.543701-04:00,87.78,-0.8472
MSTR-20261007T15324851729,MSTR,2026-10-07,2026-10-07T12:06:30.543701-04:00,155.93,0.5935
CDNA-20261007T13361674905,CDNA,2026-10-07,2026-10-07T12:06:40.860014-04:00,64.44,-1.6564
HUT-20261007T14555881179,HUT,2026-10-07,2026-10-07T12:06:40.860014-04:00,87.78,-0.8472
MSTR-20261007T15324851729,MSTR,2026-10-07,2026-10-07T12:06:40.860014-04:00,155.94,0.6
CDNA-20261007T13361674905,CDNA,2026-10-07,2026-10-07T12:06:51.235327-04:00,64.41,-1.6091
HUT-20261007T14555881179,HUT,2026-10-07,2026-10-07T12:06:51.235327-04:00,87.7537,-0.8769
MSTR-20261007T15324851729,MSTR,2026-10-07,2026-10-07T12:06:51.235327-04:00,155.98,0.6258
CDNA-20261007T13361674905,CDNA,2026-10-07,2026-10-07T12:07:01.534643-04:00,64.47,-1.7037
HUT-20261007T14555881179,HUT,2026-10-07,2026-10-07T12:07:01.534643-04:00,87.77,-0.8585
MSTR-20261007T15324851729,MSTR,2026-10-07,2026-10-07T12:07:01.534643-04:00,156.04,0.6645
CDNA-20261007T13361674905,CDNA,2026-10-07,2026-10-07T12:07:11.902036-04:00,64.47,-1.7037
HUT-20261007T14555881179,HUT,2026-10-07,2026-10-07T12:07:11.902036-04:00,87.7285,-0.9053
MSTR-20261007T15324851729,MSTR,2026-10-07,2026-10-07T12:07:11.902036-04:00,156.07,0.6838
CDNA-20261007T13361674905,CDNA,2026-10-07,2026-10-07T12:07:22.212819-04:00,64.53,-1.7984
HUT-20261007T14555881179,HUT,2026-10-07,2026-10-07T12:07:22.212819-04:00,87.765,-0.8641
MSTR-20261007T15324851729,MSTR,2026-10-07,2026-10-07T12:07:22.212819-04:00,156.0344,0.6609
CDNA-20261007T13361674905,CDNA,2026-10-07,2026-10-07T12:07:32.615515-04:00,64.5,-1.7511
HUT-20261007T14555881179,HUT,2026-10-07,2026-10-07T12:07:32.615515-04:00,87.7999,-0.8247
MSTR-20261007T15324851729,MSTR,2026-10-07,2026-10-07T12:07:32.615515-04:00,155.7646,0.4868
CDNA-20261007T13361674905,CDNA,2026-10-07,2026-10-07T12:07:42.927183-04:00,64.5,-1.7511
HUT-20261007T14555881179,HUT,2026-10-07,2026-10-07T12:07:42.927183-04:00,87.75,-0.8811
MSTR-20261007T15324851729,MSTR,2026-10-07,2026-10-07T12:07:42.927183-04:00,155.985,0.629
CDNA-20261007T13361674905,CDNA,2026-10-07,2026-10-07T12:07:53.190610-04:00,64.5,-1.7511
HUT-20261007T14555881179,HUT,2026-10-07,2026-10-07T12:07:53.190610-04:00,87.71,-0.9262
MSTR-20261007T15324851729,MSTR,2026-10-07,2026-10-07T12:07:53.190610-04:00,156.06,0.6774
CDNA-20261007T13361674905,CDNA,2026-10-07,2026-10-07T12:08:03.438804-04:00,64.54,-1.8142
HUT-20261007T14555881179,HUT,2026-10-07,2026-10-07T12:08:03.438804-04:00,87.7295,-0.9042
MSTR-20261007T15324851729,MSTR,2026-10-07,2026-10-07T12:08:03.438804-04:00,155.98,0.6258
CDNA-20261007T13361674905,CDNA,2026-10-07,2026-10-07T12:08:13.700793-04:00,64.3506,-1.5154
HUT-20261007T14555881179,HUT,2026-10-07,2026-10-07T12:08:13.700793-04:00,87.71,-0.9262
MSTR-20261007T15324851729,MSTR,2026-10-07,2026-10-07T12:08:13.700793-04:00,156.08,0.6903
CDNA-20261007T13361674905,CDNA,2026-10-07,2026-10-07T12:08:24.051922-04:00,64.505,-1.759
HUT-20261007T14555881179,HUT,2026-10-07,2026-10-07T12:08:24.051922-04:00,87.72,-0.9149
MSTR-20261007T15324851729,MSTR,2026-10-07,2026-10-07T12:08:24.051922-04:00,156.1199,0.716
CDNA-20261007T13361674905,CDNA,2026-10-07,2026-10-07T12:08:34.237248-04:00,64.505,-1.759
HUT-20261007T14555881179,HUT,2026-10-07,2026-10-07T12:08:34.237248-04:00,87.77,-0.8585
MSTR-20261007T15324851729,MSTR,2026-10-07,2026-10-07T12:08:34.237248-04:00,156.03,0.658
CDNA-20261007T13361674905,CDNA,2026-10-07,2026-10-07T12:08:44.461685-04:00,64.505,-1.759
HUT-20261007T14555881179,HUT,2026-10-07,2026-10-07T12:08:44.461685-04:00,87.775,-0.8528
MSTR-20261007T15324851729,MSTR,2026-10-07,2026-10-07T12:08:44.461685-04:00,156.07,0.6838
CDNA-20261007T13361674905,CDNA,2026-10-07,2026-10-07T12:08:54.700195-04:00,64.4492,-1.6709
HUT-20261007T14555881179,HUT,2026-10-07,2026-10-07T12:08:54.700195-04:00,87.73,-0.9036
MSTR-20261007T15324851729,MSTR,2026-10-07,2026-10-07T12:08:54.700195-04:00,156.0444,0.6673
CDNA-20261007T13361674905,CDNA,2026-10-07,2026-10-07T12:09:04.869974-04:00,64.4516,-1.6747
HUT-20261007T14555881179,HUT,2026-10-07,2026-10-07T12:09:04.869974-04:00,87.74,-0.8924
MSTR-20261007T15324851729,MSTR,2026-10-07,2026-10-07T12:09:04.869974-04:00,156.035,0.6612
CDNA-20261007T13361674905,CDNA,2026-10-07,2026-10-07T12:09:15.047782-04:00,64.4874,-1.7312
HUT-20261007T14555881179,HUT,2026-10-07,2026-10-07T12:09:15.047782-04:00,87.825,-0.7963
MSTR-20261007T15324851729,MSTR,2026-10-07,2026-10-07T12:09:15.047782-04:00,156.09,0.6967
CDNA-20261007T13361674905,CDNA,2026-10-07,2026-10-07T12:09:25.333398-04:00,64.57,-1.8615
HUT-20261007T14555881179,HUT,2026-10-07,2026-10-07T12:09:25.333398-04:00,87.8,-0.8246
MSTR-20261007T15324851729,MSTR,2026-10-07,2026-10-07T12:09:25.333398-04:00,156.166,0.7458
CDNA-20261007T13361674905,CDNA,2026-10-07,2026-10-07T12:09:35.493945-04:00,64.5047,-1.7585
HUT-20261007T14555881179,HUT,2026-10-07,2026-10-07T12:09:35.493945-04:00,87.8,-0.8246
MSTR-20261007T15324851729,MSTR,2026-10-07,2026-10-07T12:09:35.493945-04:00,156.17,0.7483
CDNA-20261007T13361674905,CDNA,2026-10-07,2026-10-07T12:09:45.704999-04:00,64.5168,-1.7776
HUT-20261007T14555881179,HUT,2026-10-07,2026-10-07T12:09:45.704999-04:00,87.7656,-0.8634
MSTR-20261007T15324851729,MSTR,2026-10-07,2026-10-07T12:09:45.704999-04:00,156.14,0.729
CDNA-20261007T13361674905,CDNA,2026-10-07,2026-10-07T12:09:55.929596-04:00,64.505,-1.759
HUT-20261007T14555881179,HUT,2026-10-07,2026-10-07T12:09:55.929596-04:00,87.83,-0.7907
MSTR-20261007T15324851729,MSTR,2026-10-07,2026-10-07T12:09:55.929596-04:00,156.09,0.6967
CDNA-20261007T13361674905,CDNA,2026-10-07,2026-10-07T12:10:06.317172-04:00,64.4337,-1.6465
HUT-20261007T14555881179,HUT,2026-10-07,2026-10-07T12:10:06.317172-04:00,87.78,-0.8472
MSTR-20261007T15324851729,MSTR,2026-10-07,2026-10-07T12:10:06.317172-04:00,156.08,0.6903
CDNA-20261007T13361674905,CDNA,2026-10-07,2026-10-07T12:10:16.765561-04:00,64.54,-1.8142
HUT-20261007T14555881179,HUT,2026-10-07,2026-10-07T12:10:16.765561-04:00,87.73,-0.9036
MSTR-20261007T15324851729,MSTR,2026-10-07,2026-10-07T12:10:16.765561-04:00,156.0858,0.694
CDNA-20261007T13361674905,CDNA,2026-10-07,2026-10-07T12:10:27.148699-04:00,64.4917,-1.738
HUT-20261007T14555881179,HUT,2026-10-07,2026-10-07T12:10:27.148699-04:00,87.785,-0.8415
MSTR-20261007T15324851729,MSTR,2026-10-07,2026-10-07T12:10:27.148699-04:00,156.005,0.6419
CDNA-20261007T13361674905,CDNA,2026-10-07,2026-10-07T12:10:37.578100-04:00,64.4359,-1.6499
HUT-20261007T14555881179,HUT,2026-10-07,2026-10-07T12:10:37.578100-04:00,87.81,-0.8133
MSTR-20261007T15324851729,MSTR,2026-10-07,2026-10-07T12:10:37.578100-04:00,156.0894,0.6963
CDNA-20261007T13361674905,CDNA,2026-10-07,2026-10-07T12:10:47.986619-04:00,64.525,-1.7905
HUT-20261007T14555881179,HUT,2026-10-07,2026-10-07T12:10:47.986619-04:00,87.82,-0.802
MSTR-20261007T15324851729,MSTR,2026-10-07,2026-10-07T12:10:47.986619-04:00,156.0,0.6387
CDNA-20261007T13361674905,CDNA,2026-10-07,2026-10-07T12:10:58.311996-04:00,64.5261,-1.7922
HUT-20261007T14555881179,HUT,2026-10-07,2026-10-07T12:10:58.311996-04:00,87.85,-0.7681
MSTR-20261007T15324851729,MSTR,2026-10-07,2026-10-07T12:10:58.311996-04:00,155.99,0.6322
CDNA-20261007T13361674905,CDNA,2026-10-07,2026-10-07T12:11:08.695474-04:00,64.54,-1.8142
HUT-20261007T14555881179,HUT,2026-10-07,2026-10-07T12:11:08.695474-04:00,87.7875,-0.8387
MSTR-20261007T15324851729,MSTR,2026-10-07,2026-10-07T12:11:08.695474-04:00,155.875,0.558
CDNA-20261007T13361674905,CDNA,2026-10-07,2026-10-07T12:11:19.006529-04:00,64.545,-1.8221
HUT-20261007T14555881179,HUT,2026-10-07,2026-10-07T12:11:19.006529-04:00,87.83,-0.7907
MSTR-20261007T15324851729,MSTR,2026-10-07,2026-10-07T12:11:19.006529-04:00,155.8,0.5096
CDNA-20261007T13361674905,CDNA,2026-10-07,2026-10-07T12:11:29.387196-04:00,64.5806,-1.8782
HUT-20261007T14555881179,HUT,2026-10-07,2026-10-07T12:11:29.387196-04:00,87.905,-0.706
MSTR-20261007T15324851729,MSTR,2026-10-07,2026-10-07T12:11:29.387196-04:00,156.0245,0.6545
CDNA-20261007T13361674905,CDNA,2026-10-07,2026-10-07T12:11:39.787934-04:00,64.625,-1.9483
HUT-20261007T14555881179,HUT,2026-10-07,2026-10-07T12:11:39.787934-04:00,87.915,-0.6947
MSTR-20261007T15324851729,MSTR,2026-10-07,2026-10-07T12:11:39.787934-04:00,155.88,0.5613
CDNA-20261007T13361674905,CDNA,2026-10-07,2026-10-07T12:11:50.129375-04:00,64.62,-1.9404
HUT-20261007T14555881179,HUT,2026-10-07,2026-10-07T12:11:50.129375-04:00,87.9125,-0.6975
MSTR-20261007T15324851729,MSTR,2026-10-07,2026-10-07T12:11:50.129375-04:00,155.88,0.5613
CDNA-20261007T13361674905,CDNA,2026-10-07,2026-10-07T12:12:00.497767-04:00,64.54,-1.8142
HUT-20261007T14555881179,HUT,2026-10-07,2026-10-07T12:12:00.497767-04:00,87.87,-0.7455
MSTR-20261007T15324851729,MSTR,2026-10-07,2026-10-07T12:12:00.497767-04:00,155.88,0.5613
CDNA-20261007T13361674905,CDNA,2026-10-07,2026-10-07T12:12:10.820714-04:00,64.463,-1.6927
HUT-20261007T14555881179,HUT,2026-10-07,2026-10-07T12:12:10.820714-04:00,87.8254,-0.7959
MSTR-20261007T15324851729,MSTR,2026-10-07,2026-10-07T12:12:10.820714-04:00,155.79,0.5032
CDNA-20261007T13361674905,CDNA,2026-10-07,2026-10-07T12:12:21.205126-04:00,64.585,-1.8852
HUT-20261007T14555881179,HUT,2026-10-07,2026-10-07T12:12:21.205126-04:00,87.84,-0.7794
MSTR-20261007T15324851729,MSTR,2026-10-07,2026-10-07T12:12:21.205126-04:00,155.74,0.4709
CDNA-20261007T13361674905,CDNA,2026-10-07,2026-10-07T12:12:31.621696-04:00,64.4641,-1.6944
HUT-20261007T14555881179,HUT,2026-10-07,2026-10-07T12:12:31.621696-04:00,87.8877,-0.7255
MSTR-20261007T15324851729,MSTR,2026-10-07,2026-10-07T12:12:31.621696-04:00,155.75,0.4774
CDNA-20261007T13361674905,CDNA,2026-10-07,2026-10-07T12:12:42.034445-04:00,64.4887,-1.7332
HUT-20261007T14555881179,HUT,2026-10-07,2026-10-07T12:12:42.034445-04:00,87.84,-0.7794
MSTR-20261007T15324851729,MSTR,2026-10-07,2026-10-07T12:12:42.034445-04:00,155.75,0.4774
CDNA-20261007T13361674905,CDNA,2026-10-07,2026-10-07T12:12:52.416024-04:00,64.58,-1.8773
HUT-20261007T14555881179,HUT,2026-10-07,2026-10-07T12:12:52.416024-04:00,87.855,-0.7625
MSTR-20261007T15324851729,MSTR,2026-10-07,2026-10-07T12:12:52.416024-04:00,155.6828,0.434
CDNA-20261007T13361674905,CDNA,2026-10-07,2026-10-07T12:13:02.831704-04:00,64.5,-1.7511
HUT-20261007T14555881179,HUT,2026-10-07,2026-10-07T12:13:02.831704-04:00,87.785,-0.8415
MSTR-20261007T15324851729,MSTR,2026-10-07,2026-10-07T12:13:02.831704-04:00,155.7,0.4451
CDNA-20261007T13361674905,CDNA,2026-10-07,2026-10-07T12:13:13.212852-04:00,64.48,-1.7195
HUT-20261007T14555881179,HUT,2026-10-07,2026-10-07T12:13:13.212852-04:00,87.785,-0.8415
MSTR-20261007T15324851729,MSTR,2026-10-07,2026-10-07T12:13:13.212852-04:00,155.68,0.4322
CDNA-20261007T13361674905,CDNA,2026-10-07,2026-10-07T12:13:23.614512-04:00,64.55,-1.8299
HUT-20261007T14555881179,HUT,2026-10-07,2026-10-07T12:13:23.614512-04:00,87.8238,-0.7977
MSTR-20261007T15324851729,MSTR,2026-10-07,2026-10-07T12:13:23.614512-04:00,155.71,0.4516
CDNA-20261007T13361674905,CDNA,2026-10-07,2026-10-07T12:13:33.982471-04:00,64.5222,-1.7861
HUT-20261007T14555881179,HUT,2026-10-07,2026-10-07T12:13:33.982471-04:00,87.75,-0.8811
MSTR-20261007T15324851729,MSTR,2026-10-07,2026-10-07T12:13:33.982471-04:00,155.7,0.4451
CDNA-20261007T13361674905,CDNA,2026-10-07,2026-10-07T12:13:44.427575-04:00,64.478,-1.7164
HUT-20261007T14555881179,HUT,2026-10-07,2026-10-07T12:13:44.427575-04:00,87.69,-0.9488
MSTR-20261007T15324851729,MSTR,2026-10-07,2026-10-07T12:13:44.427575-04:00,155.7,0.4451
CDNA-20261007T13361674905,CDNA,2026-10-07,2026-10-07T12:13:54.754599-04:00,64.5156,-1.7757
HUT-20261007T14555881179,HUT,2026-10-07,2026-10-07T12:13:54.754599-04:00,87.7,-0.9375
MSTR-20261007T15324851729,MSTR,2026-10-07,2026-10-07T12:13:54.754599-04:00,155.9132,0.5827
CDNA-20261007T13361674905,CDNA,2026-10-07,2026-10-07T12:14:05.057859-04:00,64.53,-1.7984
HUT-20261007T14555881179,HUT,2026-10-07,2026-10-07T12:14:05.057859-04:00,87.7,-0.9375
MSTR-20261007T15324851729,MSTR,2026-10-07,2026-10-07T12:14:05.057859-04:00,155.715,0.4548
CDNA-20261007T13361674905,CDNA,2026-10-07,2026-10-07T12:14:15.428428-04:00,64.57,-1.8615
HUT-20261007T14555881179,HUT,2026-10-07,2026-10-07T12:14:15.428428-04:00,87.78,-0.8472
MSTR-20261007T15324851729,MSTR,2026-10-07,2026-10-07T12:14:15.428428-04:00,155.745,0.4742
CDNA-20261007T13361674905,CDNA,2026-10-07,2026-10-07T12:14:25.792618-04:00,64.56,-1.8457
HUT-20261007T14555881179,HUT,2026-10-07,2026-10-07T12:14:25.792618-04:00,87.81,-0.8133
MSTR-20261007T15324851729,MSTR,2026-10-07,2026-10-07T12:14:25.792618-04:00,155.69,0.4387
CDNA-20261007T13361674905,CDNA,2026-10-07,2026-10-07T12:14:36.129658-04:00,64.52,-1.7826
HUT-20261007T14555881179,HUT,2026-10-07,2026-10-07T12:14:36.129658-04:00,87.8136,-0.8092
MSTR-20261007T15324851729,MSTR,2026-10-07,2026-10-07T12:14:36.129658-04:00,155.6762,0.4298
CDNA-20261007T13361674905,CDNA,2026-10-07,2026-10-07T12:14:46.426447-04:00,64.56,-1.8457
HUT-20261007T14555881179,HUT,2026-10-07,2026-10-07T12:14:46.426447-04:00,87.84,-0.7794
MSTR-20261007T15324851729,MSTR,2026-10-07,2026-10-07T12:14:46.426447-04:00,155.69,0.4387
CDNA-20261007T13361674905,CDNA,2026-10-07,2026-10-07T12:14:56.679179-04:00,64.515,-1.7747
HUT-20261007T14555881179,HUT,2026-10-07,2026-10-07T12:14:56.679179-04:00,88.1,-0.4857
MSTR-20261007T15324851729,MSTR,2026-10-07,2026-10-07T12:14:56.679179-04:00,155.7375,0.4693
CDNA-20261007T13361674905,CDNA,2026-10-07,2026-10-07T12:15:06.927531-04:00,64.55,-1.8299
HUT-20261007T14555881179,HUT,2026-10-07,2026-10-07T12:15:06.927531-04:00,88.15,-0.4292
MSTR-20261007T15324851729,MSTR,2026-10-07,2026-10-07T12:15:06.927531-04:00,155.765,0.4871
CDNA-20261007T13361674905,CDNA,2026-10-07,2026-10-07T12:15:17.373383-04:00,64.48,-1.7195
HUT-20261007T14555881179,HUT,2026-10-07,2026-10-07T12:15:17.373383-04:00,88.12,-0.4631
MSTR-20261007T15324851729,MSTR,2026-10-07,2026-10-07T12:15:17.373383-04:00,155.695,0.4419
CDNA-20261007T13361674905,CDNA,2026-10-07,2026-10-07T12:15:27.885931-04:00,64.515,-1.7747
HUT-20261007T14555881179,HUT,2026-10-07,2026-10-07T12:15:27.885931-04:00,88.15,-0.4292
MSTR-20261007T15324851729,MSTR,2026-10-07,2026-10-07T12:15:27.885931-04:00,155.8,0.5096
CDNA-20261007T13361674905,CDNA,2026-10-07,2026-10-07T12:15:38.379909-04:00,64.45,-1.6722
HUT-20261007T14555881179,HUT,2026-10-07,2026-10-07T12:15:38.379909-04:00,88.175,-0.401
MSTR-20261007T15324851729,MSTR,2026-10-07,2026-10-07T12:15:38.379909-04:00,155.8007,0.5101
CDNA-20261007T13361674905,CDNA,2026-10-07,2026-10-07T12:15:48.740297-04:00,64.51,-1.7668
HUT-20261007T14555881179,HUT,2026-10-07,2026-10-07T12:15:48.740297-04:00,88.175,-0.401
MSTR-20261007T15324851729,MSTR,2026-10-07,2026-10-07T12:15:48.740297-04:00,155.735,0.4677
CDNA-20261007T13361674905,CDNA,2026-10-07,2026-10-07T12:15:59.066654-04:00,64.4815,-1.7219
HUT-20261007T14555881179,HUT,2026-10-07,2026-10-07T12:15:59.066654-04:00,87.9265,-0.6817
MSTR-20261007T15324851729,MSTR,2026-10-07,2026-10-07T12:15:59.066654-04:00,155.9182,0.5859
CDNA-20261007T13361674905,CDNA,2026-10-07,2026-10-07T12:16:09.418210-04:00,64.51,-1.7668
HUT-20261007T14555881179,HUT,2026-10-07,2026-10-07T12:16:09.418210-04:00,88.135,-0.4462
MSTR-20261007T15324851729,MSTR,2026-10-07,2026-10-07T12:16:09.418210-04:00,155.645,0.4097
CDNA-20261007T13361674905,CDNA,2026-10-07,2026-10-07T12:16:19.717446-04:00,64.51,-1.7668
HUT-20261007T14555881179,HUT,2026-10-07,2026-10-07T12:16:19.717446-04:00,88.065,-0.5252
MSTR-20261007T15324851729,MSTR,2026-10-07,2026-10-07T12:16:19.717446-04:00,155.6607,0.4198
CDNA-20261007T13361674905,CDNA,2026-10-07,2026-10-07T12:16:30.031213-04:00,64.5088,-1.7649
HUT-20261007T14555881179,HUT,2026-10-07,2026-10-07T12:16:30.031213-04:00,88.045,-0.5478
MSTR-20261007T15324851729,MSTR,2026-10-07,2026-10-07T12:16:30.031213-04:00,155.59,0.3742
CDNA-20261007T13361674905,CDNA,2026-10-07,2026-10-07T12:16:40.262463-04:00,64.4746,-1.711
HUT-20261007T14555881179,HUT,2026-10-07,2026-10-07T12:16:40.262463-04:00,88.06,-0.5309
MSTR-20261007T15324851729,MSTR,2026-10-07,2026-10-07T12:16:40.262463-04:00,155.555,0.3516
CDNA-20261007T13361674905,CDNA,2026-10-07,2026-10-07T12:16:50.528489-04:00,64.48,-1.7195
HUT-20261007T14555881179,HUT,2026-10-07,2026-10-07T12:16:50.528489-04:00,88.04,-0.5535
MSTR-20261007T15324851729,MSTR,2026-10-07,2026-10-07T12:16:50.528489-04:00,155.515,0.3258
CDNA-20261007T13361674905,CDNA,2026-10-07,2026-10-07T12:17:00.728335-04:00,64.51,-1.7668
HUT-20261007T14555881179,HUT,2026-10-07,2026-10-07T12:17:00.728335-04:00,88.005,-0.593
MSTR-20261007T15324851729,MSTR,2026-10-07,2026-10-07T12:17:00.728335-04:00,155.47,0.2968
CDNA-20261007T13361674905,CDNA,2026-10-07,2026-10-07T12:17:11.018970-04:00,64.54,-1.8142
HUT-20261007T14555881179,HUT,2026-10-07,2026-10-07T12:17:11.018970-04:00,88.03,-0.5648
MSTR-20261007T15324851729,MSTR,2026-10-07,2026-10-07T12:17:11.018970-04:00,155.8674,0.5531
CDNA-20261007T13361674905,CDNA,2026-10-07,2026-10-07T12:17:21.250624-04:00,64.52,-1.7826
HUT-20261007T14555881179,HUT,2026-10-07,2026-10-07T12:17:21.250624-04:00,88.06,-0.5309
MSTR-20261007T15324851729,MSTR,2026-10-07,2026-10-07T12:17:21.250624-04:00,155.485,0.3064
CDNA-20261007T13361674905,CDNA,2026-10-07,2026-10-07T12:17:31.492120-04:00,64.485,-1.7274
HUT-20261007T14555881179,HUT,2026-10-07,2026-10-07T12:17:31.492120-04:00,88.035,-0.5591
MSTR-20261007T15324851729,MSTR,2026-10-07,2026-10-07T12:17:31.492120-04:00,155.485,0.3064
CDNA-20261007T13361674905,CDNA,2026-10-07,2026-10-07T12:17:41.735349-04:00,64.53,-1.7984
HUT-20261007T14555881179,HUT,2026-10-07,2026-10-07T12:17:41.735349-04:00,88.1,-0.4857
MSTR-20261007T15324851729,MSTR,2026-10-07,2026-10-07T12:17:41.735349-04:00,155.5,0.3161
CDNA-20261007T13361674905,CDNA,2026-10-07,2026-10-07T12:17:52.009911-04:00,64.53,-1.7984
HUT-20261007T14555881179,HUT,2026-10-07,2026-10-07T12:17:52.009911-04:00,88.09,-0.497
MSTR-20261007T15324851729,MSTR,2026-10-07,2026-10-07T12:17:52.009911-04:00,155.6,0.3806
CDNA-20261007T13361674905,CDNA,2026-10-07,2026-10-07T12:18:02.311169-04:00,64.38,-1.5618
HUT-20261007T14555881179,HUT,2026-10-07,2026-10-07T12:18:02.311169-04:00,88.07,-0.5196
MSTR-20261007T15324851729,MSTR,2026-10-07,2026-10-07T12:18:02.311169-04:00,155.6144,0.3899
CDNA-20261007T13361674905,CDNA,2026-10-07,2026-10-07T12:18:12.620444-04:00,64.28,-1.404
HUT-20261007T14555881179,HUT,2026-10-07,2026-10-07T12:18:12.620444-04:00,88.1,-0.4857
MSTR-20261007T15324851729,MSTR,2026-10-07,2026-10-07T12:18:12.620444-04:00,155.6,0.3806
CDNA-20261007T13361674905,CDNA,2026-10-07,2026-10-07T12:18:22.962711-04:00,64.4871,-1.7307
HUT-20261007T14555881179,HUT,2026-10-07,2026-10-07T12:18:22.962711-04:00,88.13,-0.4518
MSTR-20261007T15324851729,MSTR,2026-10-07,2026-10-07T12:18:22.962711-04:00,155.59,0.3742
CDNA-20261007T13361674905,CDNA,2026-10-07,2026-10-07T12:18:33.253454-04:00,64.265,-1.3803
HUT-20261007T14555881179,HUT,2026-10-07,2026-10-07T12:18:33.253454-04:00,88.1,-0.4857
MSTR-20261007T15324851729,MSTR,2026-10-07,2026-10-07T12:18:33.253454-04:00,155.5501,0.3484
CDNA-20261007T13361674905,CDNA,2026-10-07,2026-10-07T12:18:43.624171-04:00,64.265,-1.3803
HUT-20261007T14555881179,HUT,2026-10-07,2026-10-07T12:18:43.624171-04:00,88.13,-0.4518
MSTR-20261007T15324851729,MSTR,2026-10-07,2026-10-07T12:18:43.624171-04:00,155.63,0.4
CDNA-20261007T13361674905,CDNA,2026-10-07,2026-10-07T12:18:53.840155-04:00,64.265,-1.3803
HUT-20261007T14555881179,HUT,2026-10-07,2026-10-07T12:18:53.840155-04:00,88.15,-0.4292
MSTR-20261007T15324851729,MSTR,2026-10-07,2026-10-07T12:18:53.840155-04:00,155.6,0.3806
CDNA-20261007T13361674905,CDNA,2026-10-07,2026-10-07T12:19:04.304655-04:00,64.265,-1.3803
HUT-20261007T14555881179,HUT,2026-10-07,2026-10-07T12:19:04.304655-04:00,88.18,-0.3953
MSTR-20261007T15324851729,MSTR,2026-10-07,2026-10-07T12:19:04.304655-04:00,155.6224,0.3951
CDNA-20261007T13361674905,CDNA,2026-10-07,2026-10-07T12:19:14.796052-04:00,64.23,-1.3251
HUT-20261007T14555881179,HUT,2026-10-07,2026-10-07T12:19:14.796052-04:00,88.18,-0.3953
CDNA-20261007T13361674905,CDNA,2026-10-07,2026-10-07T12:19:25.136971-04:00,64.28,-1.404
HUT-20261007T14555881179,HUT,2026-10-07,2026-10-07T12:19:25.136971-04:00,88.15,-0.4292
CDNA-20261007T13361674905,CDNA,2026-10-07,2026-10-07T12:19:35.497787-04:00,64.2598,-1.3721
HUT-20261007T14555881179,HUT,2026-10-07,2026-10-07T12:19:35.497787-04:00,88.13,-0.4518
CDNA-20261007T13361674905,CDNA,2026-10-07,2026-10-07T12:19:45.809964-04:00,64.26,-1.3725
HUT-20261007T14555881179,HUT,2026-10-07,2026-10-07T12:19:45.809964-04:00,88.1,-0.4857
CDNA-20261007T13361674905,CDNA,2026-10-07,2026-10-07T12:19:56.098109-04:00,64.23,-1.3251
HUT-20261007T14555881179,HUT,2026-10-07,2026-10-07T12:19:56.098109-04:00,88.095,-0.4914
CDNA-20261007T13361674905,CDNA,2026-10-07,2026-10-07T12:20:06.445892-04:00,64.4409,-1.6578
HUT-20261007T14555881179,HUT,2026-10-07,2026-10-07T12:20:06.445892-04:00,88.0601,-0.5308
CDNA-20261007T13361674905,CDNA,2026-10-07,2026-10-07T12:20:17.012129-04:00,64.2,-1.2778
HUT-20261007T14555881179,HUT,2026-10-07,2026-10-07T12:20:17.012129-04:00,88.12,-0.4631
CDNA-20261007T13361674905,CDNA,2026-10-07,2026-10-07T12:20:27.454007-04:00,64.27,-1.3882
HUT-20261007T14555881179,HUT,2026-10-07,2026-10-07T12:20:27.454007-04:00,88.095,-0.4914
CDNA-20261007T13361674905,CDNA,2026-10-07,2026-10-07T12:20:37.900826-04:00,64.23,-1.3251
HUT-20261007T14555881179,HUT,2026-10-07,2026-10-07T12:20:37.900826-04:00,88.055,-0.5365
CDNA-20261007T13361674905,CDNA,2026-10-07,2026-10-07T12:20:48.270788-04:00,64.26,-1.3725
HUT-20261007T14555881179,HUT,2026-10-07,2026-10-07T12:20:48.270788-04:00,88.1301,-0.4517
CDNA-20261007T13361674905,CDNA,2026-10-07,2026-10-07T12:20:58.802748-04:00,64.16,-1.2147
HUT-20261007T14555881179,HUT,2026-10-07,2026-10-07T12:20:58.802748-04:00,88.0,-0.5987
CDNA-20261007T13361674905,CDNA,2026-10-07,2026-10-07T12:21:09.206619-04:00,64.3,-1.4356
HUT-20261007T14555881179,HUT,2026-10-07,2026-10-07T12:21:09.206619-04:00,88.1286,-0.4534
CDNA-20261007T13361674905,CDNA,2026-10-07,2026-10-07T12:21:19.678789-04:00,64.3,-1.4356
HUT-20261007T14555881179,HUT,2026-10-07,2026-10-07T12:21:19.678789-04:00,87.99,-0.61
CDNA-20261007T13361674905,CDNA,2026-10-07,2026-10-07T12:21:30.076060-04:00,64.3,-1.4356
HUT-20261007T14555881179,HUT,2026-10-07,2026-10-07T12:21:30.076060-04:00,87.97,-0.6326
CDNA-20261007T13361674905,CDNA,2026-10-07,2026-10-07T12:21:40.527643-04:00,64.155,-1.2068
HUT-20261007T14555881179,HUT,2026-10-07,2026-10-07T12:21:40.527643-04:00,87.97,-0.6326
CDNA-20261007T13361674905,CDNA,2026-10-07,2026-10-07T12:21:50.824210-04:00,64.25,-1.3567
HUT-20261007T14555881179,HUT,2026-10-07,2026-10-07T12:21:50.824210-04:00,87.95,-0.6551
CDNA-20261007T13361674905,CDNA,2026-10-07,2026-10-07T12:22:01.105035-04:00,64.22,-1.3094
HUT-20261007T14555881179,HUT,2026-10-07,2026-10-07T12:22:01.105035-04:00,87.98,-0.6213
CDNA-20261007T13361674905,CDNA,2026-10-07,2026-10-07T12:22:11.483825-04:00,64.16,-1.2147
HUT-20261007T14555881179,HUT,2026-10-07,2026-10-07T12:22:11.483825-04:00,87.98,-0.6213
CDNA-20261007T13361674905,CDNA,2026-10-07,2026-10-07T12:22:21.859247-04:00,64.24,-1.3409
HUT-20261007T14555881179,HUT,2026-10-07,2026-10-07T12:22:21.859247-04:00,88.06,-0.5309
CDNA-20261007T13361674905,CDNA,2026-10-07,2026-10-07T12:22:32.111304-04:00,64.4398,-1.6561
HUT-20261007T14555881179,HUT,2026-10-07,2026-10-07T12:22:32.111304-04:00,88.1002,-0.4855
CDNA-20261007T13361674905,CDNA,2026-10-07,2026-10-07T12:22:42.384927-04:00,64.1963,-1.272
HUT-20261007T14555881179,HUT,2026-10-07,2026-10-07T12:22:42.384927-04:00,88.0468,-0.5458
CDNA-20261007T13361674905,CDNA,2026-10-07,2026-10-07T12:22:52.593505-04:00,64.21,-1.2936
HUT-20261007T14555881179,HUT,2026-10-07,2026-10-07T12:22:52.593505-04:00,88.11,-0.4744
CDNA-20261007T13361674905,CDNA,2026-10-07,2026-10-07T12:23:02.818360-04:00,64.17,-1.2305
HUT-20261007T14555881179,HUT,2026-10-07,2026-10-07T12:23:02.818360-04:00,88.18,-0.3953
CDNA-20261007T13361674905,CDNA,2026-10-07,2026-10-07T12:23:13.031475-04:00,64.2,-1.2778
HUT-20261007T14555881179,HUT,2026-10-07,2026-10-07T12:23:13.031475-04:00,88.215,-0.3558
CDNA-20261007T13361674905,CDNA,2026-10-07,2026-10-07T12:23:23.223769-04:00,64.26,-1.3725
HUT-20261007T14555881179,HUT,2026-10-07,2026-10-07T12:23:23.223769-04:00,88.2187,-0.3516
CDNA-20261007T13361674905,CDNA,2026-10-07,2026-10-07T12:23:33.391892-04:00,64.21,-1.2936
HUT-20261007T14555881179,HUT,2026-10-07,2026-10-07T12:23:33.391892-04:00,88.22,-0.3502
CDNA-20261007T13361674905,CDNA,2026-10-07,2026-10-07T12:23:43.578779-04:00,64.2797,-1.4035
HUT-20261007T14555881179,HUT,2026-10-07,2026-10-07T12:23:43.578779-04:00,88.22,-0.3502
CDNA-20261007T13361674905,CDNA,2026-10-07,2026-10-07T12:23:53.784524-04:00,64.4246,-1.6321
HUT-20261007T14555881179,HUT,2026-10-07,2026-10-07T12:23:53.784524-04:00,88.21,-0.3615
CDNA-20261007T13361674905,CDNA,2026-10-07,2026-10-07T12:24:04.054669-04:00,64.37,-1.546
HUT-20261007T14555881179,HUT,2026-10-07,2026-10-07T12:24:04.054669-04:00,88.1023,-0.4831
CDNA-20261007T13361674905,CDNA,2026-10-07,2026-10-07T12:24:14.325433-04:00,64.3637,-1.536
HUT-20261007T14555881179,HUT,2026-10-07,2026-10-07T12:24:14.325433-04:00,88.185,-0.3897
CDNA-20261007T13361674905,CDNA,2026-10-07,2026-10-07T12:24:24.517650-04:00,64.3637,-1.536
HUT-20261007T14555881179,HUT,2026-10-07,2026-10-07T12:24:24.517650-04:00,88.2,-0.3728
CDNA-20261007T13361674905,CDNA,2026-10-07,2026-10-07T12:24:34.723675-04:00,64.42,-1.6249
HUT-20261007T14555881179,HUT,2026-10-07,2026-10-07T12:24:34.723675-04:00,88.15,-0.4292
CDNA-20261007T13361674905,CDNA,2026-10-07,2026-10-07T12:24:44.951872-04:00,64.36,-1.5302
HUT-20261007T14555881179,HUT,2026-10-07,2026-10-07T12:24:44.951872-04:00,88.155,-0.4236
CDNA-20261007T13361674905,CDNA,2026-10-07,2026-10-07T12:24:55.091222-04:00,64.43,-1.6406
HUT-20261007T14555881179,HUT,2026-10-07,2026-10-07T12:24:55.091222-04:00,88.1507,-0.4284
CDNA-20261007T13361674905,CDNA,2026-10-07,2026-10-07T12:25:05.348922-04:00,64.3883,-1.5749
HUT-20261007T14555881179,HUT,2026-10-07,2026-10-07T12:25:05.348922-04:00,88.155,-0.4236
CDNA-20261007T13361674905,CDNA,2026-10-07,2026-10-07T12:25:15.585160-04:00,64.32,-1.4671
HUT-20261007T14555881179,HUT,2026-10-07,2026-10-07T12:25:15.585160-04:00,88.145,-0.4349
CDNA-20261007T13361674905,CDNA,2026-10-07,2026-10-07T12:25:25.808050-04:00,64.31,-1.4513
HUT-20261007T14555881179,HUT,2026-10-07,2026-10-07T12:25:25.808050-04:00,88.145,-0.4349
CDNA-20261007T13361674905,CDNA,2026-10-07,2026-10-07T12:25:35.985503-04:00,64.31,-1.4513
HUT-20261007T14555881179,HUT,2026-10-07,2026-10-07T12:25:35.985503-04:00,88.145,-0.4349
CDNA-20261007T13361674905,CDNA,2026-10-07,2026-10-07T12:25:46.214279-04:00,64.31,-1.4513
HUT-20261007T14555881179,HUT,2026-10-07,2026-10-07T12:25:46.214279-04:00,88.145,-0.4349
CDNA-20261007T13361674905,CDNA,2026-10-07,2026-10-07T12:25:56.579485-04:00,64.31,-1.4513
HUT-20261007T14555881179,HUT,2026-10-07,2026-10-07T12:25:56.579485-04:00,88.1451,-0.4348
CDNA-20261007T13361674905,CDNA,2026-10-07,2026-10-07T12:26:06.891100-04:00,64.305,-1.4434
HUT-20261007T14555881179,HUT,2026-10-07,2026-10-07T12:26:06.891100-04:00,88.335,-0.2203
CDNA-20261007T13361674905,CDNA,2026-10-07,2026-10-07T12:26:17.248589-04:00,64.3812,-1.5637
HUT-20261007T14555881179,HUT,2026-10-07,2026-10-07T12:26:17.248589-04:00,88.1412,-0.4392
CDNA-20261007T13361674905,CDNA,2026-10-07,2026-10-07T12:26:27.573682-04:00,64.3675,-1.542
HUT-20261007T14555881179,HUT,2026-10-07,2026-10-07T12:26:27.573682-04:00,88.285,-0.2767
CDNA-20261007T13361674905,CDNA,2026-10-07,2026-10-07T12:26:37.816143-04:00,64.3527,-1.5187
HUT-20261007T14555881179,HUT,2026-10-07,2026-10-07T12:26:37.816143-04:00,88.38,-0.1694
CDNA-20261007T13361674905,CDNA,2026-10-07,2026-10-07T12:26:48.209124-04:00,64.4,-1.5933
HUT-20261007T14555881179,HUT,2026-10-07,2026-10-07T12:26:48.209124-04:00,88.28,-0.2824
CDNA-20261007T13361674905,CDNA,2026-10-07,2026-10-07T12:26:58.554997-04:00,64.3187,-1.4651
HUT-20261007T14555881179,HUT,2026-10-07,2026-10-07T12:26:58.554997-04:00,88.1664,-0.4107
CDNA-20261007T13361674905,CDNA,2026-10-07,2026-10-07T12:27:08.916623-04:00,64.325,-1.475
HUT-20261007T14555881179,HUT,2026-10-07,2026-10-07T12:27:08.916623-04:00,88.31,-0.2485
CDNA-20261007T13361674905,CDNA,2026-10-07,2026-10-07T12:27:19.303769-04:00,64.325,-1.475
HUT-20261007T14555881179,HUT,2026-10-07,2026-10-07T12:27:19.303769-04:00,88.36,-0.192
CDNA-20261007T13361674905,CDNA,2026-10-07,2026-10-07T12:27:29.666693-04:00,64.3563,-1.5244
HUT-20261007T14555881179,HUT,2026-10-07,2026-10-07T12:27:29.666693-04:00,88.36,-0.192
CDNA-20261007T13361674905,CDNA,2026-10-07,2026-10-07T12:27:40.006989-04:00,64.315,-1.4592
HUT-20261007T14555881179,HUT,2026-10-07,2026-10-07T12:27:40.006989-04:00,88.42,-0.1243
CDNA-20261007T13361674905,CDNA,2026-10-07,2026-10-07T12:27:50.351127-04:00,64.32,-1.4671
HUT-20261007T14555881179,HUT,2026-10-07,2026-10-07T12:27:50.351127-04:00,88.2042,-0.368
CDNA-20261007T13361674905,CDNA,2026-10-07,2026-10-07T12:28:00.673348-04:00,64.3189,-1.4654
HUT-20261007T14555881179,HUT,2026-10-07,2026-10-07T12:28:00.673348-04:00,88.4,-0.1468
CDNA-20261007T13361674905,CDNA,2026-10-07,2026-10-07T12:28:11.129723-04:00,64.28,-1.404
HUT-20261007T14555881179,HUT,2026-10-07,2026-10-07T12:28:11.129723-04:00,88.39,-0.1581
CDNA-20261007T13361674905,CDNA,2026-10-07,2026-10-07T12:28:21.437487-04:00,64.29,-1.4198
HUT-20261007T14555881179,HUT,2026-10-07,2026-10-07T12:28:21.437487-04:00,88.405,-0.1412
CDNA-20261007T13361674905,CDNA,2026-10-07,2026-10-07T12:28:31.729929-04:00,64.29,-1.4198
HUT-20261007T14555881179,HUT,2026-10-07,2026-10-07T12:28:31.729929-04:00,88.2345,-0.3338
CDNA-20261007T13361674905,CDNA,2026-10-07,2026-10-07T12:28:42.043804-04:00,64.3173,-1.4628
HUT-20261007T14555881179,HUT,2026-10-07,2026-10-07T12:28:42.043804-04:00,88.51,-0.0226
CDNA-20261007T13361674905,CDNA,2026-10-07,2026-10-07T12:28:52.346760-04:00,64.291,-1.4214
HUT-20261007T14555881179,HUT,2026-10-07,2026-10-07T12:28:52.346760-04:00,88.52,-0.0113
CDNA-20261007T13361674905,CDNA,2026-10-07,2026-10-07T12:29:02.668152-04:00,64.295,-1.4277
HUT-20261007T14555881179,HUT,2026-10-07,2026-10-07T12:29:02.668152-04:00,88.55,0.0226
CDNA-20261007T13361674905,CDNA,2026-10-07,2026-10-07T12:29:13.022396-04:00,64.43,-1.6406
HUT-20261007T14555881179,HUT,2026-10-07,2026-10-07T12:29:13.022396-04:00,88.55,0.0226
CDNA-20261007T13361674905,CDNA,2026-10-07,2026-10-07T12:29:23.321956-04:00,64.27,-1.3882
HUT-20261007T14555881179,HUT,2026-10-07,2026-10-07T12:29:23.321956-04:00,88.56,0.0339
CDNA-20261007T13361674905,CDNA,2026-10-07,2026-10-07T12:29:33.575812-04:00,64.3,-1.4356
HUT-20261007T14555881179,HUT,2026-10-07,2026-10-07T12:29:33.575812-04:00,88.515,-0.0169
CDNA-20261007T13361674905,CDNA,2026-10-07,2026-10-07T12:29:43.854040-04:00,64.2956,-1.4286
HUT-20261007T14555881179,HUT,2026-10-07,2026-10-07T12:29:43.854040-04:00,88.5,-0.0339
CDNA-20261007T13361674905,CDNA,2026-10-07,2026-10-07T12:29:54.052192-04:00,64.22,-1.3094
HUT-20261007T14555881179,HUT,2026-10-07,2026-10-07T12:29:54.052192-04:00,88.495,-0.0395
CDNA-20261007T13361674905,CDNA,2026-10-07,2026-10-07T12:30:04.339123-04:00,64.26,-1.3725
HUT-20261007T14555881179,HUT,2026-10-07,2026-10-07T12:30:04.339123-04:00,88.425,-0.1186
CDNA-20261007T13361674905,CDNA,2026-10-07,2026-10-07T12:30:14.864852-04:00,64.28,-1.404
HUT-20261007T14555881179,HUT,2026-10-07,2026-10-07T12:30:14.864852-04:00,88.4175,-0.1271
CDNA-20261007T13361674905,CDNA,2026-10-07,2026-10-07T12:30:25.238868-04:00,64.2985,-1.4332
HUT-20261007T14555881179,HUT,2026-10-07,2026-10-07T12:30:25.238868-04:00,88.36,-0.192
CDNA-20261007T13361674905,CDNA,2026-10-07,2026-10-07T12:30:35.679187-04:00,64.3635,-1.5357
HUT-20261007T14555881179,HUT,2026-10-07,2026-10-07T12:30:35.679187-04:00,88.37,-0.1807
CDNA-20261007T13361674905,CDNA,2026-10-07,2026-10-07T12:30:46.197659-04:00,64.2994,-1.4346
HUT-20261007T14555881179,HUT,2026-10-07,2026-10-07T12:30:46.197659-04:00,88.39,-0.1581
CDNA-20261007T13361674905,CDNA,2026-10-07,2026-10-07T12:30:56.688992-04:00,64.34,-1.4987
HUT-20261007T14555881179,HUT,2026-10-07,2026-10-07T12:30:56.688992-04:00,88.33,-0.2259
CDNA-20261007T13361674905,CDNA,2026-10-07,2026-10-07T12:31:07.091697-04:00,64.2965,-1.43
HUT-20261007T14555881179,HUT,2026-10-07,2026-10-07T12:31:07.091697-04:00,88.4216,-0.1224
CDNA-20261007T13361674905,CDNA,2026-10-07,2026-10-07T12:31:17.631010-04:00,64.24,-1.3409
HUT-20261007T14555881179,HUT,2026-10-07,2026-10-07T12:31:17.631010-04:00,88.4629,-0.0758
CDNA-20261007T13361674905,CDNA,2026-10-07,2026-10-07T12:31:28.088194-04:00,64.29,-1.4198
HUT-20261007T14555881179,HUT,2026-10-07,2026-10-07T12:31:28.088194-04:00,88.36,-0.192
CDNA-20261007T13361674905,CDNA,2026-10-07,2026-10-07T12:31:38.504033-04:00,64.2993,-1.4345
HUT-20261007T14555881179,HUT,2026-10-07,2026-10-07T12:31:38.504033-04:00,88.355,-0.1977
CDNA-20261007T13361674905,CDNA,2026-10-07,2026-10-07T12:31:48.908147-04:00,64.3,-1.4356
HUT-20261007T14555881179,HUT,2026-10-07,2026-10-07T12:31:48.908147-04:00,88.4587,-0.0805
CDNA-20261007T13361674905,CDNA,2026-10-07,2026-10-07T12:31:59.195945-04:00,64.25,-1.3567
HUT-20261007T14555881179,HUT,2026-10-07,2026-10-07T12:31:59.195945-04:00,88.4604,-0.0786
CDNA-20261007T13361674905,CDNA,2026-10-07,2026-10-07T12:32:09.464484-04:00,64.3068,-1.4463
HUT-20261007T14555881179,HUT,2026-10-07,2026-10-07T12:32:09.464484-04:00,88.53,0.0
CDNA-20261007T13361674905,CDNA,2026-10-07,2026-10-07T12:32:19.798493-04:00,64.3,-1.4356
HUT-20261007T14555881179,HUT,2026-10-07,2026-10-07T12:32:19.798493-04:00,88.4645,-0.074
CDNA-20261007T13361674905,CDNA,2026-10-07,2026-10-07T12:32:30.163633-04:00,64.33,-1.4829
HUT-20261007T14555881179,HUT,2026-10-07,2026-10-07T12:32:30.163633-04:00,88.58,0.0565
CDNA-20261007T13361674905,CDNA,2026-10-07,2026-10-07T12:32:40.378457-04:00,64.27,-1.3882
HUT-20261007T14555881179,HUT,2026-10-07,2026-10-07T12:32:40.378457-04:00,88.58,0.0565
CDNA-20261007T13361674905,CDNA,2026-10-07,2026-10-07T12:32:50.594124-04:00,64.3079,-1.448
HUT-20261007T14555881179,HUT,2026-10-07,2026-10-07T12:32:50.594124-04:00,88.4854,-0.0504
CDNA-20261007T13361674905,CDNA,2026-10-07,2026-10-07T12:33:00.795446-04:00,64.3072,-1.4469
HUT-20261007T14555881179,HUT,2026-10-07,2026-10-07T12:33:00.795446-04:00,88.4859,-0.0498
CDNA-20261007T13361674905,CDNA,2026-10-07,2026-10-07T12:33:11.041970-04:00,64.3,-1.4356
HUT-20261007T14555881179,HUT,2026-10-07,2026-10-07T12:33:11.041970-04:00,88.56,0.0339
CDNA-20261007T13361674905,CDNA,2026-10-07,2026-10-07T12:33:21.296454-04:00,64.25,-1.3567
HUT-20261007T14555881179,HUT,2026-10-07,2026-10-07T12:33:21.296454-04:00,88.61,0.0904
CDNA-20261007T13361674905,CDNA,2026-10-07,2026-10-07T12:33:31.491501-04:00,64.27,-1.3882
HUT-20261007T14555881179,HUT,2026-10-07,2026-10-07T12:33:31.491501-04:00,88.61,0.0904
CDNA-20261007T13361674905,CDNA,2026-10-07,2026-10-07T12:33:41.699034-04:00,64.28,-1.404
HUT-20261007T14555881179,HUT,2026-10-07,2026-10-07T12:33:41.699034-04:00,88.4974,-0.0368
CDNA-20261007T13361674905,CDNA,2026-10-07,2026-10-07T12:33:51.871894-04:00,64.27,-1.3882
HUT-20261007T14555881179,HUT,2026-10-07,2026-10-07T12:33:51.871894-04:00,88.565,0.0395
CDNA-20261007T13361674905,CDNA,2026-10-07,2026-10-07T12:34:02.077469-04:00,64.21,-1.2936
HUT-20261007T14555881179,HUT,2026-10-07,2026-10-07T12:34:02.077469-04:00,88.655,0.1412
CDNA-20261007T13361674905,CDNA,2026-10-07,2026-10-07T12:34:12.346070-04:00,64.22,-1.3094
HUT-20261007T14555881179,HUT,2026-10-07,2026-10-07T12:34:12.346070-04:00,88.585,0.0621
CDNA-20261007T13361674905,CDNA,2026-10-07,2026-10-07T12:34:22.581976-04:00,64.23,-1.3251
HUT-20261007T14555881179,HUT,2026-10-07,2026-10-07T12:34:22.581976-04:00,88.4983,-0.0358
CDNA-20261007T13361674905,CDNA,2026-10-07,2026-10-07T12:34:32.832341-04:00,64.25,-1.3567
HUT-20261007T14555881179,HUT,2026-10-07,2026-10-07T12:34:32.832341-04:00,88.5332,0.0036
CDNA-20261007T13361674905,CDNA,2026-10-07,2026-10-07T12:34:43.048266-04:00,64.17,-1.2305
HUT-20261007T14555881179,HUT,2026-10-07,2026-10-07T12:34:43.048266-04:00,88.5626,0.0368
CDNA-20261007T13361674905,CDNA,2026-10-07,2026-10-07T12:34:53.225767-04:00,64.2,-1.2778
HUT-20261007T14555881179,HUT,2026-10-07,2026-10-07T12:34:53.225767-04:00,88.49,-0.0452
CDNA-20261007T13361674905,CDNA,2026-10-07,2026-10-07T12:35:03.380696-04:00,64.19,-1.262
HUT-20261007T14555881179,HUT,2026-10-07,2026-10-07T12:35:03.380696-04:00,88.505,-0.0282
CDNA-20261007T13361674905,CDNA,2026-10-07,2026-10-07T12:35:13.843653-04:00,64.2025,-1.2817
HUT-20261007T14555881179,HUT,2026-10-07,2026-10-07T12:35:13.843653-04:00,88.5046,-0.0287
CDNA-20261007T13361674905,CDNA,2026-10-07,2026-10-07T12:35:24.102875-04:00,64.18,-1.2463
HUT-20261007T14555881179,HUT,2026-10-07,2026-10-07T12:35:24.102875-04:00,88.425,-0.1186
CDNA-20261007T13361674905,CDNA,2026-10-07,2026-10-07T12:35:34.385689-04:00,64.18,-1.2463
HUT-20261007T14555881179,HUT,2026-10-07,2026-10-07T12:35:34.385689-04:00,88.5128,-0.0194
CDNA-20261007T13361674905,CDNA,2026-10-07,2026-10-07T12:35:44.729270-04:00,64.22,-1.3094
HUT-20261007T14555881179,HUT,2026-10-07,2026-10-07T12:35:44.729270-04:00,88.4375,-0.1045
CDNA-20261007T13361674905,CDNA,2026-10-07,2026-10-07T12:35:55.053122-04:00,64.2118,-1.2964
HUT-20261007T14555881179,HUT,2026-10-07,2026-10-07T12:35:55.053122-04:00,88.43,-0.113
CDNA-20261007T13361674905,CDNA,2026-10-07,2026-10-07T12:36:05.450017-04:00,64.2893,-1.4187
HUT-20261007T14555881179,HUT,2026-10-07,2026-10-07T12:36:05.450017-04:00,88.435,-0.1073
CDNA-20261007T13361674905,CDNA,2026-10-07,2026-10-07T12:36:15.944985-04:00,64.23,-1.3251
HUT-20261007T14555881179,HUT,2026-10-07,2026-10-07T12:36:15.944985-04:00,88.48,-0.0565
CDNA-20261007T13361674905,CDNA,2026-10-07,2026-10-07T12:36:26.195922-04:00,64.2242,-1.316
HUT-20261007T14555881179,HUT,2026-10-07,2026-10-07T12:36:26.195922-04:00,88.435,-0.1073
CDNA-20261007T13361674905,CDNA,2026-10-07,2026-10-07T12:36:36.495111-04:00,64.235,-1.333
HUT-20261007T14555881179,HUT,2026-10-07,2026-10-07T12:36:36.495111-04:00,88.42,-0.1243
CDNA-20261007T13361674905,CDNA,2026-10-07,2026-10-07T12:36:46.809962-04:00,64.235,-1.333
HUT-20261007T14555881179,HUT,2026-10-07,2026-10-07T12:36:46.809962-04:00,88.3875,-0.161
CDNA-20261007T13361674905,CDNA,2026-10-07,2026-10-07T12:36:57.048047-04:00,64.235,-1.333
HUT-20261007T14555881179,HUT,2026-10-07,2026-10-07T12:36:57.048047-04:00,88.47,-0.0678
CDNA-20261007T13361674905,CDNA,2026-10-07,2026-10-07T12:37:07.325761-04:00,64.235,-1.333
HUT-20261007T14555881179,HUT,2026-10-07,2026-10-07T12:37:07.325761-04:00,88.48,-0.0565
CDNA-20261007T13361674905,CDNA,2026-10-07,2026-10-07T12:37:17.720016-04:00,64.235,-1.333
HUT-20261007T14555881179,HUT,2026-10-07,2026-10-07T12:37:17.720016-04:00,88.465,-0.0734
CDNA-20261007T13361674905,CDNA,2026-10-07,2026-10-07T12:37:28.097693-04:00,64.235,-1.333
HUT-20261007T14555881179,HUT,2026-10-07,2026-10-07T12:37:28.097693-04:00,88.4467,-0.0941
CDNA-20261007T13361674905,CDNA,2026-10-07,2026-10-07T12:37:38.444628-04:00,64.235,-1.333
HUT-20261007T14555881179,HUT,2026-10-07,2026-10-07T12:37:38.444628-04:00,88.4,-0.1468
CDNA-20261007T13361674905,CDNA,2026-10-07,2026-10-07T12:37:48.682950-04:00,64.235,-1.333
HUT-20261007T14555881179,HUT,2026-10-07,2026-10-07T12:37:48.682950-04:00,88.385,-0.1638
CDNA-20261007T13361674905,CDNA,2026-10-07,2026-10-07T12:37:58.962825-04:00,64.224,-1.3157
HUT-20261007T14555881179,HUT,2026-10-07,2026-10-07T12:37:58.962825-04:00,88.355,-0.1977
CDNA-20261007T13361674905,CDNA,2026-10-07,2026-10-07T12:38:09.217809-04:00,64.235,-1.333
HUT-20261007T14555881179,HUT,2026-10-07,2026-10-07T12:38:09.217809-04:00,88.4869,-0.0487
CDNA-20261007T13361674905,CDNA,2026-10-07,2026-10-07T12:38:19.460003-04:00,64.21,-1.2936
HUT-20261007T14555881179,HUT,2026-10-07,2026-10-07T12:38:19.460003-04:00,88.35,-0.2033
CDNA-20261007T13361674905,CDNA,2026-10-07,2026-10-07T12:38:29.665853-04:00,64.24,-1.3409
HUT-20261007T14555881179,HUT,2026-10-07,2026-10-07T12:38:29.665853-04:00,88.45,-0.0904
CDNA-20261007T13361674905,CDNA,2026-10-07,2026-10-07T12:38:39.926342-04:00,64.2,-1.2778
HUT-20261007T14555881179,HUT,2026-10-07,2026-10-07T12:38:39.926342-04:00,88.445,-0.096
CDNA-20261007T13361674905,CDNA,2026-10-07,2026-10-07T12:38:50.213891-04:00,64.24,-1.3409
HUT-20261007T14555881179,HUT,2026-10-07,2026-10-07T12:38:50.213891-04:00,88.4475,-0.0932
CDNA-20261007T13361674905,CDNA,2026-10-07,2026-10-07T12:39:00.421577-04:00,64.2175,-1.3054
HUT-20261007T14555881179,HUT,2026-10-07,2026-10-07T12:39:00.421577-04:00,88.48,-0.0565
CDNA-20261007T13361674905,CDNA,2026-10-07,2026-10-07T12:39:10.691733-04:00,64.12,-1.1516
HUT-20261007T14555881179,HUT,2026-10-07,2026-10-07T12:39:10.691733-04:00,88.52,-0.0113
CDNA-20261007T13361674905,CDNA,2026-10-07,2026-10-07T12:39:20.921414-04:00,64.08,-1.0885
HUT-20261007T14555881179,HUT,2026-10-07,2026-10-07T12:39:20.921414-04:00,88.46,-0.0791
CDNA-20261007T13361674905,CDNA,2026-10-07,2026-10-07T12:39:31.129055-04:00,64.12,-1.1516
HUT-20261007T14555881179,HUT,2026-10-07,2026-10-07T12:39:31.129055-04:00,88.4562,-0.0834
CDNA-20261007T13361674905,CDNA,2026-10-07,2026-10-07T12:39:41.309844-04:00,64.1162,-1.1456
HUT-20261007T14555881179,HUT,2026-10-07,2026-10-07T12:39:41.309844-04:00,88.449,-0.0915
CDNA-20261007T13361674905,CDNA,2026-10-07,2026-10-07T12:39:51.558819-04:00,64.12,-1.1516
HUT-20261007T14555881179,HUT,2026-10-07,2026-10-07T12:39:51.558819-04:00,88.42,-0.1243
CDNA-20261007T13361674905,CDNA,2026-10-07,2026-10-07T12:40:01.750978-04:00,64.1381,-1.1802
HUT-20261007T14555881179,HUT,2026-10-07,2026-10-07T12:40:01.750978-04:00,88.415,-0.1299
CDNA-20261007T13361674905,CDNA,2026-10-07,2026-10-07T12:40:12.105743-04:00,64.115,-1.1437
HUT-20261007T14555881179,HUT,2026-10-07,2026-10-07T12:40:12.105743-04:00,88.4,-0.1468
CDNA-20261007T13361674905,CDNA,2026-10-07,2026-10-07T12:40:22.436111-04:00,64.123,-1.1563
HUT-20261007T14555881179,HUT,2026-10-07,2026-10-07T12:40:22.436111-04:00,88.395,-0.1525
CDNA-20261007T13361674905,CDNA,2026-10-07,2026-10-07T12:40:32.706958-04:00,64.11,-1.1358
HUT-20261007T14555881179,HUT,2026-10-07,2026-10-07T12:40:32.706958-04:00,88.4447,-0.0964
CDNA-20261007T13361674905,CDNA,2026-10-07,2026-10-07T12:40:43.070095-04:00,64.06,-1.0569
HUT-20261007T14555881179,HUT,2026-10-07,2026-10-07T12:40:43.070095-04:00,88.385,-0.1638
CDNA-20261007T13361674905,CDNA,2026-10-07,2026-10-07T12:40:53.287537-04:00,64.115,-1.1437
HUT-20261007T14555881179,HUT,2026-10-07,2026-10-07T12:40:53.287537-04:00,88.4346,-0.1078
CDNA-20261007T13361674905,CDNA,2026-10-07,2026-10-07T12:41:03.493502-04:00,64.115,-1.1437
HUT-20261007T14555881179,HUT,2026-10-07,2026-10-07T12:41:03.493502-04:00,88.335,-0.2203
CDNA-20261007T13361674905,CDNA,2026-10-07,2026-10-07T12:41:13.754653-04:00,64.12,-1.1516
HUT-20261007T14555881179,HUT,2026-10-07,2026-10-07T12:41:13.754653-04:00,88.3375,-0.2174
CDNA-20261007T13361674905,CDNA,2026-10-07,2026-10-07T12:41:23.979445-04:00,64.115,-1.1437
HUT-20261007T14555881179,HUT,2026-10-07,2026-10-07T12:41:23.979445-04:00,88.345,-0.209
CDNA-20261007T13361674905,CDNA,2026-10-07,2026-10-07T12:41:34.168325-04:00,64.115,-1.1437
HUT-20261007T14555881179,HUT,2026-10-07,2026-10-07T12:41:34.168325-04:00,88.35,-0.2033
CDNA-20261007T13361674905,CDNA,2026-10-07,2026-10-07T12:41:44.326865-04:00,64.115,-1.1437
HUT-20261007T14555881179,HUT,2026-10-07,2026-10-07T12:41:44.326865-04:00,88.3325,-0.2231
CDNA-20261007T13361674905,CDNA,2026-10-07,2026-10-07T12:41:54.565507-04:00,64.115,-1.1437
HUT-20261007T14555881179,HUT,2026-10-07,2026-10-07T12:41:54.565507-04:00,88.36,-0.192
CDNA-20261007T13361674905,CDNA,2026-10-07,2026-10-07T12:42:04.720809-04:00,64.115,-1.1437
HUT-20261007T14555881179,HUT,2026-10-07,2026-10-07T12:42:04.720809-04:00,88.39,-0.1581
CDNA-20261007T13361674905,CDNA,2026-10-07,2026-10-07T12:42:14.877900-04:00,64.115,-1.1437
HUT-20261007T14555881179,HUT,2026-10-07,2026-10-07T12:42:14.877900-04:00,88.36,-0.192
CDNA-20261007T13361674905,CDNA,2026-10-07,2026-10-07T12:42:25.006994-04:00,64.115,-1.1437
HUT-20261007T14555881179,HUT,2026-10-07,2026-10-07T12:42:25.006994-04:00,88.41,-0.1355
CDNA-20261007T13361674905,CDNA,2026-10-07,2026-10-07T12:42:35.261908-04:00,64.115,-1.1437
HUT-20261007T14555881179,HUT,2026-10-07,2026-10-07T12:42:35.261908-04:00,88.398,-0.1491
CDNA-20261007T13361674905,CDNA,2026-10-07,2026-10-07T12:42:45.472541-04:00,64.1156,-1.1447
HUT-20261007T14555881179,HUT,2026-10-07,2026-10-07T12:42:45.472541-04:00,88.4,-0.1468
CDNA-20261007T13361674905,CDNA,2026-10-07,2026-10-07T12:42:55.665740-04:00,64.1776,-1.2425
HUT-20261007T14555881179,HUT,2026-10-07,2026-10-07T12:42:55.665740-04:00,88.3983,-0.1488
CDNA-20261007T13361674905,CDNA,2026-10-07,2026-10-07T12:43:05.898362-04:00,64.11,-1.1358
HUT-20261007T14555881179,HUT,2026-10-07,2026-10-07T12:43:05.898362-04:00,88.46,-0.0791
CDNA-20261007T13361674905,CDNA,2026-10-07,2026-10-07T12:43:16.266961-04:00,64.08,-1.0885
HUT-20261007T14555881179,HUT,2026-10-07,2026-10-07T12:43:16.266961-04:00,88.5,-0.0339
CDNA-20261007T13361674905,CDNA,2026-10-07,2026-10-07T12:43:26.573528-04:00,64.1,-1.1201
HUT-20261007T14555881179,HUT,2026-10-07,2026-10-07T12:43:26.573528-04:00,88.51,-0.0226
CDNA-20261007T13361674905,CDNA,2026-10-07,2026-10-07T12:43:36.881990-04:00,64.03,-1.0096
HUT-20261007T14555881179,HUT,2026-10-07,2026-10-07T12:43:36.881990-04:00,88.495,-0.0395
CDNA-20261007T13361674905,CDNA,2026-10-07,2026-10-07T12:43:47.124833-04:00,64.02,-0.9938
HUT-20261007T14555881179,HUT,2026-10-07,2026-10-07T12:43:47.124833-04:00,88.42,-0.1243
CDNA-20261007T13361674905,CDNA,2026-10-07,2026-10-07T12:43:57.354062-04:00,64.161,-1.2163
HUT-20261007T14555881179,HUT,2026-10-07,2026-10-07T12:43:57.354062-04:00,88.4306,-0.1123
CDNA-20261007T13361674905,CDNA,2026-10-07,2026-10-07T12:44:07.746726-04:00,64.02,-0.9938
HUT-20261007T14555881179,HUT,2026-10-07,2026-10-07T12:44:07.746726-04:00,88.42,-0.1243
CDNA-20261007T13361674905,CDNA,2026-10-07,2026-10-07T12:44:18.057241-04:00,64.0981,-1.1171
HUT-20261007T14555881179,HUT,2026-10-07,2026-10-07T12:44:18.057241-04:00,88.4173,-0.1273
CDNA-20261007T13361674905,CDNA,2026-10-07,2026-10-07T12:44:28.356019-04:00,64.02,-0.9938
HUT-20261007T14555881179,HUT,2026-10-07,2026-10-07T12:44:28.356019-04:00,88.455,-0.0847
CDNA-20261007T13361674905,CDNA,2026-10-07,2026-10-07T12:44:38.529828-04:00,64.07,-1.0727
HUT-20261007T14555881179,HUT,2026-10-07,2026-10-07T12:44:38.529828-04:00,88.455,-0.0847
CDNA-20261007T13361674905,CDNA,2026-10-07,2026-10-07T12:44:48.759639-04:00,64.045,-1.0333
HUT-20261007T14555881179,HUT,2026-10-07,2026-10-07T12:44:48.759639-04:00,88.5,-0.0339
CDNA-20261007T13361674905,CDNA,2026-10-07,2026-10-07T12:44:58.908403-04:00,64.045,-1.0333
HUT-20261007T14555881179,HUT,2026-10-07,2026-10-07T12:44:58.908403-04:00,88.52,-0.0113
CDNA-20261007T13361674905,CDNA,2026-10-07,2026-10-07T12:45:09.106008-04:00,64.04,-1.0254
HUT-20261007T14555881179,HUT,2026-10-07,2026-10-07T12:45:09.106008-04:00,88.52,-0.0113
CDNA-20261007T13361674905,CDNA,2026-10-07,2026-10-07T12:45:19.473014-04:00,64.04,-1.0254
HUT-20261007T14555881179,HUT,2026-10-07,2026-10-07T12:45:19.473014-04:00,88.54,0.0113
CDNA-20261007T13361674905,CDNA,2026-10-07,2026-10-07T12:45:29.927879-04:00,64.0,-0.9623
HUT-20261007T14555881179,HUT,2026-10-07,2026-10-07T12:45:29.927879-04:00,88.4292,-0.1139
CDNA-20261007T13361674905,CDNA,2026-10-07,2026-10-07T12:45:40.334969-04:00,64.03,-1.0096
HUT-20261007T14555881179,HUT,2026-10-07,2026-10-07T12:45:40.334969-04:00,88.245,-0.3219
CDNA-20261007T13361674905,CDNA,2026-10-07,2026-10-07T12:45:50.579932-04:00,64.075,-1.0806
HUT-20261007T14555881179,HUT,2026-10-07,2026-10-07T12:45:50.579932-04:00,88.245,-0.3219
CDNA-20261007T13361674905,CDNA,2026-10-07,2026-10-07T12:46:00.813932-04:00,64.075,-1.0806
HUT-20261007T14555881179,HUT,2026-10-07,2026-10-07T12:46:00.813932-04:00,88.26,-0.305
CDNA-20261007T13361674905,CDNA,2026-10-07,2026-10-07T12:46:11.235116-04:00,64.1231,-1.1565
HUT-20261007T14555881179,HUT,2026-10-07,2026-10-07T12:46:11.235116-04:00,88.25,-0.3163
CDNA-20261007T13361674905,CDNA,2026-10-07,2026-10-07T12:46:21.712731-04:00,64.075,-1.0806
HUT-20261007T14555881179,HUT,2026-10-07,2026-10-07T12:46:21.712731-04:00,88.25,-0.3163
CDNA-20261007T13361674905,CDNA,2026-10-07,2026-10-07T12:46:32.155496-04:00,64.1261,-1.1612
HUT-20261007T14555881179,HUT,2026-10-07,2026-10-07T12:46:32.155496-04:00,88.275,-0.288
CDNA-20261007T13361674905,CDNA,2026-10-07,2026-10-07T12:46:42.606323-04:00,64.18,-1.2463
HUT-20261007T14555881179,HUT,2026-10-07,2026-10-07T12:46:42.606323-04:00,88.29,-0.2711
CDNA-20261007T13361674905,CDNA,2026-10-07,2026-10-07T12:46:52.856823-04:00,64.16,-1.2147
HUT-20261007T14555881179,HUT,2026-10-07,2026-10-07T12:46:52.856823-04:00,88.255,-0.3106
CDNA-20261007T13361674905,CDNA,2026-10-07,2026-10-07T12:47:03.059071-04:00,64.14,-1.1832
HUT-20261007T14555881179,HUT,2026-10-07,2026-10-07T12:47:03.059071-04:00,88.255,-0.3106
CDNA-20261007T13361674905,CDNA,2026-10-07,2026-10-07T12:47:13.334392-04:00,64.005,-0.9702
HUT-20261007T14555881179,HUT,2026-10-07,2026-10-07T12:47:13.334392-04:00,88.18,-0.3953
CDNA-20261007T13361674905,CDNA,2026-10-07,2026-10-07T12:47:23.703108-04:00,64.0,-0.9623
HUT-20261007T14555881179,HUT,2026-10-07,2026-10-07T12:47:23.703108-04:00,88.055,-0.5365
CDNA-20261007T13361674905,CDNA,2026-10-07,2026-10-07T12:47:34.015636-04:00,64.0712,-1.0746
HUT-20261007T14555881179,HUT,2026-10-07,2026-10-07T12:47:34.015636-04:00,88.01,-0.5874
CDNA-20261007T13361674905,CDNA,2026-10-07,2026-10-07T12:47:44.361054-04:00,64.0716,-1.0752
HUT-20261007T14555881179,HUT,2026-10-07,2026-10-07T12:47:44.361054-04:00,87.995,-0.6043
CDNA-20261007T13361674905,CDNA,2026-10-07,2026-10-07T12:47:54.496186-04:00,64.0,-0.9623
HUT-20261007T14555881179,HUT,2026-10-07,2026-10-07T12:47:54.496186-04:00,87.99,-0.61
CDNA-20261007T13361674905,CDNA,2026-10-07,2026-10-07T12:48:04.675187-04:00,64.0,-0.9623
HUT-20261007T14555881179,HUT,2026-10-07,2026-10-07T12:48:04.675187-04:00,87.995,-0.6043
CDNA-20261007T13361674905,CDNA,2026-10-07,2026-10-07T12:48:14.971693-04:00,63.97,-0.915
HUT-20261007T14555881179,HUT,2026-10-07,2026-10-07T12:48:14.971693-04:00,88.3816,-0.1676
CDNA-20261007T13361674905,CDNA,2026-10-07,2026-10-07T12:48:25.222867-04:00,64.02,-0.9938
HUT-20261007T14555881179,HUT,2026-10-07,2026-10-07T12:48:25.222867-04:00,88.327,-0.2293
CDNA-20261007T13361674905,CDNA,2026-10-07,2026-10-07T12:48:35.420924-04:00,63.95,-0.8834
HUT-20261007T14555881179,HUT,2026-10-07,2026-10-07T12:48:35.420924-04:00,88.1613,-0.4165
CDNA-20261007T13361674905,CDNA,2026-10-07,2026-10-07T12:48:45.685531-04:00,64.01,-0.9781
HUT-20261007T14555881179,HUT,2026-10-07,2026-10-07T12:48:45.685531-04:00,87.9901,-0.6098
CDNA-20261007T13361674905,CDNA,2026-10-07,2026-10-07T12:48:56.010714-04:00,64.11,-1.1358
HUT-20261007T14555881179,HUT,2026-10-07,2026-10-07T12:48:56.010714-04:00,88.01,-0.5874
CDNA-20261007T13361674905,CDNA,2026-10-07,2026-10-07T12:49:06.248874-04:00,64.08,-1.0885
HUT-20261007T14555881179,HUT,2026-10-07,2026-10-07T12:49:06.248874-04:00,88.01,-0.5874
CDNA-20261007T13361674905,CDNA,2026-10-07,2026-10-07T12:49:16.474691-04:00,64.1,-1.1201
HUT-20261007T14555881179,HUT,2026-10-07,2026-10-07T12:49:16.474691-04:00,88.055,-0.5365
CDNA-20261007T13361674905,CDNA,2026-10-07,2026-10-07T12:49:26.675833-04:00,64.05,-1.0412
HUT-20261007T14555881179,HUT,2026-10-07,2026-10-07T12:49:26.675833-04:00,88.05,-0.5422
CDNA-20261007T13361674905,CDNA,2026-10-07,2026-10-07T12:49:36.985202-04:00,64.0422,-1.0289
HUT-20261007T14555881179,HUT,2026-10-07,2026-10-07T12:49:36.985202-04:00,88.01,-0.5874
CDNA-20261007T13361674905,CDNA,2026-10-07,2026-10-07T12:49:47.204750-04:00,64.09,-1.1043
HUT-20261007T14555881179,HUT,2026-10-07,2026-10-07T12:49:47.204750-04:00,88.01,-0.5874
CDNA-20261007T13361674905,CDNA,2026-10-07,2026-10-07T12:49:57.380222-04:00,64.09,-1.1043
HUT-20261007T14555881179,HUT,2026-10-07,2026-10-07T12:49:57.380222-04:00,88.08,-0.5083
CDNA-20261007T13361674905,CDNA,2026-10-07,2026-10-07T12:50:07.555616-04:00,64.0881,-1.1013
HUT-20261007T14555881179,HUT,2026-10-07,2026-10-07T12:50:07.555616-04:00,88.1808,-0.3944
CDNA-20261007T13361674905,CDNA,2026-10-07,2026-10-07T12:50:17.964105-04:00,64.09,-1.1043
HUT-20261007T14555881179,HUT,2026-10-07,2026-10-07T12:50:17.964105-04:00,88.095,-0.4914
CDNA-20261007T13361674905,CDNA,2026-10-07,2026-10-07T12:50:28.336272-04:00,64.08,-1.0885
HUT-20261007T14555881179,HUT,2026-10-07,2026-10-07T12:50:28.336272-04:00,88.095,-0.4914
CDNA-20261007T13361674905,CDNA,2026-10-07,2026-10-07T12:50:38.696449-04:00,64.0,-0.9623
HUT-20261007T14555881179,HUT,2026-10-07,2026-10-07T12:50:38.696449-04:00,88.13,-0.4518
CDNA-20261007T13361674905,CDNA,2026-10-07,2026-10-07T12:50:49.029696-04:00,64.09,-1.1043
HUT-20261007T14555881179,HUT,2026-10-07,2026-10-07T12:50:49.029696-04:00,88.07,-0.5196
CDNA-20261007T13361674905,CDNA,2026-10-07,2026-10-07T12:50:59.389376-04:00,64.085,-1.0964
HUT-20261007T14555881179,HUT,2026-10-07,2026-10-07T12:50:59.389376-04:00,88.1105,-0.4739
CDNA-20261007T13361674905,CDNA,2026-10-07,2026-10-07T12:51:09.805010-04:00,64.01,-0.9781
HUT-20261007T14555881179,HUT,2026-10-07,2026-10-07T12:51:09.805010-04:00,88.07,-0.5196
CDNA-20261007T13361674905,CDNA,2026-10-07,2026-10-07T12:51:20.229076-04:00,64.01,-0.9781
HUT-20261007T14555881179,HUT,2026-10-07,2026-10-07T12:51:20.229076-04:00,88.0721,-0.5172
CDNA-20261007T13361674905,CDNA,2026-10-07,2026-10-07T12:51:30.639158-04:00,64.0169,-0.989
HUT-20261007T14555881179,HUT,2026-10-07,2026-10-07T12:51:30.639158-04:00,88.005,-0.593
CDNA-20261007T13361674905,CDNA,2026-10-07,2026-10-07T12:51:40.926789-04:00,64.059,-1.0554
HUT-20261007T14555881179,HUT,2026-10-07,2026-10-07T12:51:40.926789-04:00,88.15,-0.4292
CDNA-20261007T13361674905,CDNA,2026-10-07,2026-10-07T12:51:51.141352-04:00,64.0644,-1.0639
HUT-20261007T14555881179,HUT,2026-10-07,2026-10-07T12:51:51.141352-04:00,88.085,-0.5027
CDNA-20261007T13361674905,CDNA,2026-10-07,2026-10-07T12:52:01.539209-04:00,64.0648,-1.0645
HUT-20261007T14555881179,HUT,2026-10-07,2026-10-07T12:52:01.539209-04:00,88.06,-0.5309
CDNA-20261007T13361674905,CDNA,2026-10-07,2026-10-07T12:52:11.879474-04:00,64.075,-1.0806
HUT-20261007T14555881179,HUT,2026-10-07,2026-10-07T12:52:11.879474-04:00,88.11,-0.4744
CDNA-20261007T13361674905,CDNA,2026-10-07,2026-10-07T12:52:22.290644-04:00,64.08,-1.0885
HUT-20261007T14555881179,HUT,2026-10-07,2026-10-07T12:52:22.290644-04:00,88.07,-0.5196
CDNA-20261007T13361674905,CDNA,2026-10-07,2026-10-07T12:52:32.583380-04:00,64.095,-1.1122
HUT-20261007T14555881179,HUT,2026-10-07,2026-10-07T12:52:32.583380-04:00,88.07,-0.5196
CDNA-20261007T13361674905,CDNA,2026-10-07,2026-10-07T12:52:42.807209-04:00,64.09,-1.1043
HUT-20261007T14555881179,HUT,2026-10-07,2026-10-07T12:52:42.807209-04:00,88.07,-0.5196
CDNA-20261007T13361674905,CDNA,2026-10-07,2026-10-07T12:52:53.109839-04:00,64.085,-1.0964
HUT-20261007T14555881179,HUT,2026-10-07,2026-10-07T12:52:53.109839-04:00,88.07,-0.5196
CDNA-20261007T13361674905,CDNA,2026-10-07,2026-10-07T12:53:03.330788-04:00,64.06,-1.0569
HUT-20261007T14555881179,HUT,2026-10-07,2026-10-07T12:53:03.330788-04:00,88.05,-0.5422
CDNA-20261007T13361674905,CDNA,2026-10-07,2026-10-07T12:53:13.585583-04:00,64.03,-1.0096
HUT-20261007T14555881179,HUT,2026-10-07,2026-10-07T12:53:13.585583-04:00,88.055,-0.5365
CDNA-20261007T13361674905,CDNA,2026-10-07,2026-10-07T12:53:23.836796-04:00,63.96,-0.8992
HUT-20261007T14555881179,HUT,2026-10-07,2026-10-07T12:53:23.836796-04:00,88.0535,-0.5382
CDNA-20261007T13361674905,CDNA,2026-10-07,2026-10-07T12:53:34.058599-04:00,64.0221,-0.9972
HUT-20261007T14555881179,HUT,2026-10-07,2026-10-07T12:53:34.058599-04:00,88.0644,-0.5259
CDNA-20261007T13361674905,CDNA,2026-10-07,2026-10-07T12:53:44.241911-04:00,63.86,-0.7414
HUT-20261007T14555881179,HUT,2026-10-07,2026-10-07T12:53:44.241911-04:00,88.03,-0.5648
CDNA-20261007T13361674905,CDNA,2026-10-07,2026-10-07T12:53:54.520384-04:00,63.76,-0.5837
HUT-20261007T14555881179,HUT,2026-10-07,2026-10-07T12:53:54.520384-04:00,88.03,-0.5648
CDNA-20261007T13361674905,CDNA,2026-10-07,2026-10-07T12:54:04.788492-04:00,63.76,-0.5837
HUT-20261007T14555881179,HUT,2026-10-07,2026-10-07T12:54:04.788492-04:00,88.025,-0.5704
CDNA-20261007T13361674905,CDNA,2026-10-07,2026-10-07T12:54:15.078304-04:00,63.76,-0.5837
HUT-20261007T14555881179,HUT,2026-10-07,2026-10-07T12:54:15.078304-04:00,88.025,-0.5704
CDNA-20261007T13361674905,CDNA,2026-10-07,2026-10-07T12:54:25.409164-04:00,63.9688,-0.9131
HUT-20261007T14555881179,HUT,2026-10-07,2026-10-07T12:54:25.409164-04:00,88.02,-0.5761
CDNA-20261007T13361674905,CDNA,2026-10-07,2026-10-07T12:54:35.624120-04:00,63.76,-0.5837
HUT-20261007T14555881179,HUT,2026-10-07,2026-10-07T12:54:35.624120-04:00,88.02,-0.5761
CDNA-20261007T13361674905,CDNA,2026-10-07,2026-10-07T12:54:45.865560-04:00,63.75,-0.5679
HUT-20261007T14555881179,HUT,2026-10-07,2026-10-07T12:54:45.865560-04:00,88.02,-0.5761
CDNA-20261007T13361674905,CDNA,2026-10-07,2026-10-07T12:54:56.217214-04:00,63.964,-0.9055
HUT-20261007T14555881179,HUT,2026-10-07,2026-10-07T12:54:56.217214-04:00,88.0258,-0.5695
CDNA-20261007T13361674905,CDNA,2026-10-07,2026-10-07T12:55:06.394277-04:00,63.73,-0.5364
HUT-20261007T14555881179,HUT,2026-10-07,2026-10-07T12:55:06.394277-04:00,88.0614,-0.5293
CDNA-20261007T13361674905,CDNA,2026-10-07,2026-10-07T12:55:16.894988-04:00,63.74,-0.5521
HUT-20261007T14555881179,HUT,2026-10-07,2026-10-07T12:55:16.894988-04:00,87.985,-0.6156
CDNA-20261007T13361674905,CDNA,2026-10-07,2026-10-07T12:55:27.335977-04:00,63.74,-0.5521
HUT-20261007T14555881179,HUT,2026-10-07,2026-10-07T12:55:27.335977-04:00,87.985,-0.6156
CDNA-20261007T13361674905,CDNA,2026-10-07,2026-10-07T12:55:37.835050-04:00,63.73,-0.5364
HUT-20261007T14555881179,HUT,2026-10-07,2026-10-07T12:55:37.835050-04:00,87.985,-0.6156
CDNA-20261007T13361674905,CDNA,2026-10-07,2026-10-07T12:55:48.158701-04:00,63.74,-0.5521
HUT-20261007T14555881179,HUT,2026-10-07,2026-10-07T12:55:48.158701-04:00,87.93,-0.6777
CDNA-20261007T13361674905,CDNA,2026-10-07,2026-10-07T12:55:58.496045-04:00,63.74,-0.5521
HUT-20261007T14555881179,HUT,2026-10-07,2026-10-07T12:55:58.496045-04:00,87.845,-0.7737
CDNA-20261007T13361674905,CDNA,2026-10-07,2026-10-07T12:56:08.829871-04:00,63.74,-0.5521
HUT-20261007T14555881179,HUT,2026-10-07,2026-10-07T12:56:08.829871-04:00,87.79,-0.8359
CDNA-20261007T13361674905,CDNA,2026-10-07,2026-10-07T12:56:19.206355-04:00,63.73,-0.5364
HUT-20261007T14555881179,HUT,2026-10-07,2026-10-07T12:56:19.206355-04:00,87.74,-0.8924
CDNA-20261007T13361674905,CDNA,2026-10-07,2026-10-07T12:56:29.538669-04:00,63.7802,-0.6156
HUT-20261007T14555881179,HUT,2026-10-07,2026-10-07T12:56:29.538669-04:00,87.725,-0.9093
CDNA-20261007T13361674905,CDNA,2026-10-07,2026-10-07T12:56:39.855066-04:00,63.73,-0.5364
HUT-20261007T14555881179,HUT,2026-10-07,2026-10-07T12:56:39.855066-04:00,87.715,-0.9206
CDNA-20261007T13361674905,CDNA,2026-10-07,2026-10-07T12:56:50.078032-04:00,63.67,-0.4417
HUT-20261007T14555881179,HUT,2026-10-07,2026-10-07T12:56:50.078032-04:00,87.83,-0.7907
CDNA-20261007T13361674905,CDNA,2026-10-07,2026-10-07T12:57:00.277092-04:00,63.705,-0.4969
HUT-20261007T14555881179,HUT,2026-10-07,2026-10-07T12:57:00.277092-04:00,87.83,-0.7907
CDNA-20261007T13361674905,CDNA,2026-10-07,2026-10-07T12:57:10.554984-04:00,63.705,-0.4969
HUT-20261007T14555881179,HUT,2026-10-07,2026-10-07T12:57:10.554984-04:00,87.835,-0.785
CDNA-20261007T13361674905,CDNA,2026-10-07,2026-10-07T12:57:20.792839-04:00,63.71,-0.5048
HUT-20261007T14555881179,HUT,2026-10-07,2026-10-07T12:57:20.792839-04:00,87.89,-0.7229
CDNA-20261007T13361674905,CDNA,2026-10-07,2026-10-07T12:57:30.988958-04:00,63.74,-0.5521
HUT-20261007T14555881179,HUT,2026-10-07,2026-10-07T12:57:30.988958-04:00,87.9,-0.7116
CDNA-20261007T13361674905,CDNA,2026-10-07,2026-10-07T12:57:41.283304-04:00,63.8021,-0.6501
HUT-20261007T14555881179,HUT,2026-10-07,2026-10-07T12:57:41.283304-04:00,87.9099,-0.7004
CDNA-20261007T13361674905,CDNA,2026-10-07,2026-10-07T12:57:51.516407-04:00,63.7294,-0.5354
HUT-20261007T14555881179,HUT,2026-10-07,2026-10-07T12:57:51.516407-04:00,87.865,-0.7512
CDNA-20261007T13361674905,CDNA,2026-10-07,2026-10-07T12:58:01.685977-04:00,63.785,-0.6231
HUT-20261007T14555881179,HUT,2026-10-07,2026-10-07T12:58:01.685977-04:00,87.912,-0.6981
CDNA-20261007T13361674905,CDNA,2026-10-07,2026-10-07T12:58:11.931312-04:00,63.77,-0.5995
HUT-20261007T14555881179,HUT,2026-10-07,2026-10-07T12:58:11.931312-04:00,87.865,-0.7512
CDNA-20261007T13361674905,CDNA,2026-10-07,2026-10-07T12:58:22.219597-04:00,63.94,-0.8676
HUT-20261007T14555881179,HUT,2026-10-07,2026-10-07T12:58:22.219597-04:00,87.855,-0.7625
CDNA-20261007T13361674905,CDNA,2026-10-07,2026-10-07T12:58:32.513897-04:00,63.887,-0.784
HUT-20261007T14555881179,HUT,2026-10-07,2026-10-07T12:58:32.513897-04:00,87.85,-0.7681
CDNA-20261007T13361674905,CDNA,2026-10-07,2026-10-07T12:58:42.713244-04:00,63.87,-0.7572
HUT-20261007T14555881179,HUT,2026-10-07,2026-10-07T12:58:42.713244-04:00,87.855,-0.7625
CDNA-20261007T13361674905,CDNA,2026-10-07,2026-10-07T12:58:52.948162-04:00,63.83,-0.6941
HUT-20261007T14555881179,HUT,2026-10-07,2026-10-07T12:58:52.948162-04:00,87.86,-0.7568
CDNA-20261007T13361674905,CDNA,2026-10-07,2026-10-07T12:59:03.116392-04:00,63.8657,-0.7504
HUT-20261007T14555881179,HUT,2026-10-07,2026-10-07T12:59:03.116392-04:00,87.845,-0.7737
CDNA-20261007T13361674905,CDNA,2026-10-07,2026-10-07T12:59:13.336815-04:00,63.788,-0.6279
HUT-20261007T14555881179,HUT,2026-10-07,2026-10-07T12:59:13.336815-04:00,87.85,-0.7681
CDNA-20261007T13361674905,CDNA,2026-10-07,2026-10-07T12:59:23.571493-04:00,63.83,-0.6941
HUT-20261007T14555881179,HUT,2026-10-07,2026-10-07T12:59:23.571493-04:00,87.8684,-0.7473
CDNA-20261007T13361674905,CDNA,2026-10-07,2026-10-07T12:59:33.749110-04:00,63.93,-0.8519
HUT-20261007T14555881179,HUT,2026-10-07,2026-10-07T12:59:33.749110-04:00,87.8679,-0.7479
CDNA-20261007T13361674905,CDNA,2026-10-07,2026-10-07T12:59:43.913625-04:00,63.89,-0.7888
HUT-20261007T14555881179,HUT,2026-10-07,2026-10-07T12:59:43.913625-04:00,87.86,-0.7568
CDNA-20261007T13361674905,CDNA,2026-10-07,2026-10-07T12:59:54.106582-04:00,63.89,-0.7888
HUT-20261007T14555881179,HUT,2026-10-07,2026-10-07T12:59:54.106582-04:00,87.8533,-0.7644
CDNA-20261007T13361674905,CDNA,2026-10-07,2026-10-07T13:00:04.262978-04:00,63.89,-0.7888
HUT-20261007T14555881179,HUT,2026-10-07,2026-10-07T13:00:04.262978-04:00,87.6975,-0.9404
CDNA-20261007T13361674905,CDNA,2026-10-07,2026-10-07T13:00:14.706241-04:00,63.925,-0.844
HUT-20261007T14555881179,HUT,2026-10-07,2026-10-07T13:00:14.706241-04:00,87.7488,-0.8824
CDNA-20261007T13361674905,CDNA,2026-10-07,2026-10-07T13:00:25.081728-04:00,63.888,-0.7856
HUT-20261007T14555881179,HUT,2026-10-07,2026-10-07T13:00:25.081728-04:00,87.67,-0.9714
CDNA-20261007T13361674905,CDNA,2026-10-07,2026-10-07T13:00:35.512554-04:00,63.87,-0.7572
HUT-20261007T14555881179,HUT,2026-10-07,2026-10-07T13:00:35.512554-04:00,87.8176,-0.8047
CDNA-20261007T13361674905,CDNA,2026-10-07,2026-10-07T13:00:45.881119-04:00,63.93,-0.8519
HUT-20261007T14555881179,HUT,2026-10-07,2026-10-07T13:00:45.881119-04:00,87.69,-0.9488
CDNA-20261007T13361674905,CDNA,2026-10-07,2026-10-07T13:00:56.198878-04:00,63.93,-0.8519
HUT-20261007T14555881179,HUT,2026-10-07,2026-10-07T13:00:56.198878-04:00,87.69,-0.9488
CDNA-20261007T13361674905,CDNA,2026-10-07,2026-10-07T13:01:06.672655-04:00,63.91,-0.8203
HUT-20261007T14555881179,HUT,2026-10-07,2026-10-07T13:01:06.672655-04:00,87.645,-0.9997
CDNA-20261007T13361674905,CDNA,2026-10-07,2026-10-07T13:01:17.253579-04:00,63.945,-0.8755
HUT-20261007T14555881179,HUT,2026-10-07,2026-10-07T13:01:17.253579-04:00,87.66,-0.9827
CDNA-20261007T13361674905,CDNA,2026-10-07,2026-10-07T13:01:27.728851-04:00,63.8616,-0.744
HUT-20261007T14555881179,HUT,2026-10-07,2026-10-07T13:01:27.728851-04:00,87.59,-1.0618
CDNA-20261007T13361674905,CDNA,2026-10-07,2026-10-07T13:01:38.182023-04:00,63.94,-0.8676
HUT-20261007T14555881179,HUT,2026-10-07,2026-10-07T13:01:38.182023-04:00,87.59,-1.0618
CDNA-20261007T13361674905,CDNA,2026-10-07,2026-10-07T13:01:48.609925-04:00,63.94,-0.8676
HUT-20261007T14555881179,HUT,2026-10-07,2026-10-07T13:01:48.609925-04:00,87.565,-1.09
CDNA-20261007T13361674905,CDNA,2026-10-07,2026-10-07T13:01:59.022468-04:00,63.97,-0.915
HUT-20261007T14555881179,HUT,2026-10-07,2026-10-07T13:01:59.022468-04:00,87.565,-1.09
CDNA-20261007T13361674905,CDNA,2026-10-07,2026-10-07T13:02:09.439867-04:00,64.04,-1.0254
HUT-20261007T14555881179,HUT,2026-10-07,2026-10-07T13:02:09.439867-04:00,87.705,-0.9319
CDNA-20261007T13361674905,CDNA,2026-10-07,2026-10-07T13:02:20.031016-04:00,64.0,-0.9623
HUT-20261007T14555881179,HUT,2026-10-07,2026-10-07T13:02:20.031016-04:00,87.9688,-0.6339
CDNA-20261007T13361674905,CDNA,2026-10-07,2026-10-07T13:02:30.469045-04:00,64.105,-1.1279
HUT-20261007T14555881179,HUT,2026-10-07,2026-10-07T13:02:30.469045-04:00,87.82,-0.802
CDNA-20261007T13361674905,CDNA,2026-10-07,2026-10-07T13:02:41.008202-04:00,64.16,-1.2147
HUT-20261007T14555881179,HUT,2026-10-07,2026-10-07T13:02:41.008202-04:00,87.82,-0.802
CDNA-20261007T13361674905,CDNA,2026-10-07,2026-10-07T13:02:51.465096-04:00,64.15,-1.1989
HUT-20261007T14555881179,HUT,2026-10-07,2026-10-07T13:02:51.465096-04:00,87.82,-0.802
CDNA-20261007T13361674905,CDNA,2026-10-07,2026-10-07T13:03:01.946329-04:00,64.12,-1.1516
HUT-20261007T14555881179,HUT,2026-10-07,2026-10-07T13:03:01.946329-04:00,87.75,-0.8811
CDNA-20261007T13361674905,CDNA,2026-10-07,2026-10-07T13:03:12.615647-04:00,64.13,-1.1674
HUT-20261007T14555881179,HUT,2026-10-07,2026-10-07T13:03:12.615647-04:00,87.7168,-0.9186
CDNA-20261007T13361674905,CDNA,2026-10-07,2026-10-07T13:03:23.120098-04:00,64.135,-1.1753
HUT-20261007T14555881179,HUT,2026-10-07,2026-10-07T13:03:23.120098-04:00,87.88,-0.7342
CDNA-20261007T13361674905,CDNA,2026-10-07,2026-10-07T13:03:33.608847-04:00,64.135,-1.1753
HUT-20261007T14555881179,HUT,2026-10-07,2026-10-07T13:03:33.608847-04:00,87.885,-0.7286
CDNA-20261007T13361674905,CDNA,2026-10-07,2026-10-07T13:03:43.935567-04:00,64.135,-1.1753
HUT-20261007T14555881179,HUT,2026-10-07,2026-10-07T13:03:43.935567-04:00,87.88,-0.7342
CDNA-20261007T13361674905,CDNA,2026-10-07,2026-10-07T13:03:54.316785-04:00,64.13,-1.1674
HUT-20261007T14555881179,HUT,2026-10-07,2026-10-07T13:03:54.316785-04:00,87.865,-0.7512
CDNA-20261007T13361674905,CDNA,2026-10-07,2026-10-07T13:04:04.716234-04:00,64.13,-1.1674
HUT-20261007T14555881179,HUT,2026-10-07,2026-10-07T13:04:04.716234-04:00,87.8231,-0.7985
CDNA-20261007T13361674905,CDNA,2026-10-07,2026-10-07T13:04:15.183765-04:00,64.13,-1.1674
HUT-20261007T14555881179,HUT,2026-10-07,2026-10-07T13:04:15.183765-04:00,87.83,-0.7907
CDNA-20261007T13361674905,CDNA,2026-10-07,2026-10-07T13:04:25.624978-04:00,64.145,-1.191
HUT-20261007T14555881179,HUT,2026-10-07,2026-10-07T13:04:25.624978-04:00,87.83,-0.7907
CDNA-20261007T13361674905,CDNA,2026-10-07,2026-10-07T13:04:36.035269-04:00,63.9349,-0.8596
HUT-20261007T14555881179,HUT,2026-10-07,2026-10-07T13:04:36.035269-04:00,87.907,-0.7037
CDNA-20261007T13361674905,CDNA,2026-10-07,2026-10-07T13:04:46.473801-04:00,64.14,-1.1832
HUT-20261007T14555881179,HUT,2026-10-07,2026-10-07T13:04:46.473801-04:00,87.84,-0.7794
CDNA-20261007T13361674905,CDNA,2026-10-07,2026-10-07T13:04:57.093341-04:00,64.14,-1.1832
HUT-20261007T14555881179,HUT,2026-10-07,2026-10-07T13:04:57.093341-04:00,87.84,-0.7794
CDNA-20261007T13361674905,CDNA,2026-10-07,2026-10-07T13:05:07.582042-04:00,64.135,-1.1753
HUT-20261007T14555881179,HUT,2026-10-07,2026-10-07T13:05:07.582042-04:00,87.76,-0.8698
CDNA-20261007T13361674905,CDNA,2026-10-07,2026-10-07T13:05:18.152765-04:00,64.135,-1.1753
HUT-20261007T14555881179,HUT,2026-10-07,2026-10-07T13:05:18.152765-04:00,87.8031,-0.8211
CDNA-20261007T13361674905,CDNA,2026-10-07,2026-10-07T13:05:28.777047-04:00,64.135,-1.1753
HUT-20261007T14555881179,HUT,2026-10-07,2026-10-07T13:05:28.777047-04:00,87.84,-0.7794
CDNA-20261007T13361674905,CDNA,2026-10-07,2026-10-07T13:05:39.220930-04:00,64.14,-1.1832
HUT-20261007T14555881179,HUT,2026-10-07,2026-10-07T13:05:39.220930-04:00,87.825,-0.7963
CDNA-20261007T13361674905,CDNA,2026-10-07,2026-10-07T13:05:49.754779-04:00,64.14,-1.1832
HUT-20261007T14555881179,HUT,2026-10-07,2026-10-07T13:05:49.754779-04:00,87.79,-0.8359
CDNA-20261007T13361674905,CDNA,2026-10-07,2026-10-07T13:06:00.249885-04:00,64.145,-1.191
HUT-20261007T14555881179,HUT,2026-10-07,2026-10-07T13:06:00.249885-04:00,87.79,-0.8359
CDNA-20261007T13361674905,CDNA,2026-10-07,2026-10-07T13:06:10.668892-04:00,64.05,-1.0412
HUT-20261007T14555881179,HUT,2026-10-07,2026-10-07T13:06:10.668892-04:00,87.805,-0.8189
CDNA-20261007T13361674905,CDNA,2026-10-07,2026-10-07T13:06:21.088290-04:00,63.9859,-0.9401
HUT-20261007T14555881179,HUT,2026-10-07,2026-10-07T13:06:21.088290-04:00,87.805,-0.8189
CDNA-20261007T13361674905,CDNA,2026-10-07,2026-10-07T13:06:31.439123-04:00,64.055,-1.0491
HUT-20261007T14555881179,HUT,2026-10-07,2026-10-07T13:06:31.439123-04:00,87.7525,-0.8782
CDNA-20261007T13361674905,CDNA,2026-10-07,2026-10-07T13:06:41.837170-04:00,63.9868,-0.9415
HUT-20261007T14555881179,HUT,2026-10-07,2026-10-07T13:06:41.837170-04:00,87.755,-0.8754
CDNA-20261007T13361674905,CDNA,2026-10-07,2026-10-07T13:06:52.218718-04:00,64.05,-1.0412
HUT-20261007T14555881179,HUT,2026-10-07,2026-10-07T13:06:52.218718-04:00,87.8499,-0.7682
CDNA-20261007T13361674905,CDNA,2026-10-07,2026-10-07T13:07:02.604422-04:00,64.07,-1.0727
HUT-20261007T14555881179,HUT,2026-10-07,2026-10-07T13:07:02.604422-04:00,87.755,-0.8754
CDNA-20261007T13361674905,CDNA,2026-10-07,2026-10-07T13:07:13.036419-04:00,64.04,-1.0254
HUT-20261007T14555881179,HUT,2026-10-07,2026-10-07T13:07:13.036419-04:00,87.735,-0.898
CDNA-20261007T13361674905,CDNA,2026-10-07,2026-10-07T13:07:23.398735-04:00,64.03,-1.0096
HUT-20261007T14555881179,HUT,2026-10-07,2026-10-07T13:07:23.398735-04:00,87.735,-0.898
CDNA-20261007T13361674905,CDNA,2026-10-07,2026-10-07T13:07:33.837332-04:00,64.093,-1.109
HUT-20261007T14555881179,HUT,2026-10-07,2026-10-07T13:07:33.837332-04:00,87.7651,-0.864
CDNA-20261007T13361674905,CDNA,2026-10-07,2026-10-07T13:07:44.202936-04:00,64.0294,-1.0087
HUT-20261007T14555881179,HUT,2026-10-07,2026-10-07T13:07:44.202936-04:00,87.8,-0.8246
CDNA-20261007T13361674905,CDNA,2026-10-07,2026-10-07T13:07:54.458198-04:00,63.99,-0.9465
HUT-20261007T14555881179,HUT,2026-10-07,2026-10-07T13:07:54.458198-04:00,87.7744,-0.8535
CDNA-20261007T13361674905,CDNA,2026-10-07,2026-10-07T13:08:04.764658-04:00,63.95,-0.8834
HUT-20261007T14555881179,HUT,2026-10-07,2026-10-07T13:08:04.764658-04:00,87.8,-0.8246
CDNA-20261007T13361674905,CDNA,2026-10-07,2026-10-07T13:08:15.094120-04:00,63.975,-0.9229
HUT-20261007T14555881179,HUT,2026-10-07,2026-10-07T13:08:15.094120-04:00,87.8,-0.8246
CDNA-20261007T13361674905,CDNA,2026-10-07,2026-10-07T13:08:25.332992-04:00,63.93,-0.8519
HUT-20261007T14555881179,HUT,2026-10-07,2026-10-07T13:08:25.332992-04:00,87.83,-0.7907
CDNA-20261007T13361674905,CDNA,2026-10-07,2026-10-07T13:08:35.651073-04:00,63.93,-0.8519
HUT-20261007T14555881179,HUT,2026-10-07,2026-10-07T13:08:35.651073-04:00,87.825,-0.7963
CDNA-20261007T13361674905,CDNA,2026-10-07,2026-10-07T13:08:45.900778-04:00,64.0519,-1.0442
HUT-20261007T14555881179,HUT,2026-10-07,2026-10-07T13:08:45.900778-04:00,87.85,-0.7681
CDNA-20261007T13361674905,CDNA,2026-10-07,2026-10-07T13:08:56.276006-04:00,63.97,-0.915
HUT-20261007T14555881179,HUT,2026-10-07,2026-10-07T13:08:56.276006-04:00,87.84,-0.7794
CDNA-20261007T13361674905,CDNA,2026-10-07,2026-10-07T13:09:06.639892-04:00,63.97,-0.915
HUT-20261007T14555881179,HUT,2026-10-07,2026-10-07T13:09:06.639892-04:00,87.84,-0.7794
CDNA-20261007T13361674905,CDNA,2026-10-07,2026-10-07T13:09:17.043502-04:00,63.97,-0.915
HUT-20261007T14555881179,HUT,2026-10-07,2026-10-07T13:09:17.043502-04:00,87.81,-0.8133
CDNA-20261007T13361674905,CDNA,2026-10-07,2026-10-07T13:09:27.488797-04:00,63.97,-0.915
HUT-20261007T14555881179,HUT,2026-10-07,2026-10-07T13:09:27.488797-04:00,87.81,-0.8133
CDNA-20261007T13361674905,CDNA,2026-10-07,2026-10-07T13:09:37.948605-04:00,63.97,-0.915
HUT-20261007T14555881179,HUT,2026-10-07,2026-10-07T13:09:37.948605-04:00,87.9,-0.7116
CDNA-20261007T13361674905,CDNA,2026-10-07,2026-10-07T13:09:48.325923-04:00,63.94,-0.8676
HUT-20261007T14555881179,HUT,2026-10-07,2026-10-07T13:09:48.325923-04:00,87.85,-0.7681
CDNA-20261007T13361674905,CDNA,2026-10-07,2026-10-07T13:09:58.681632-04:00,63.9692,-0.9137
HUT-20261007T14555881179,HUT,2026-10-07,2026-10-07T13:09:58.681632-04:00,87.87,-0.7455
CDNA-20261007T13361674905,CDNA,2026-10-07,2026-10-07T13:10:09.067836-04:00,63.965,-0.9071
HUT-20261007T14555881179,HUT,2026-10-07,2026-10-07T13:10:09.067836-04:00,87.87,-0.7455
CDNA-20261007T13361674905,CDNA,2026-10-07,2026-10-07T13:10:19.459695-04:00,63.97,-0.915
HUT-20261007T14555881179,HUT,2026-10-07,2026-10-07T13:10:19.459695-04:00,87.97,-0.6326
CDNA-20261007T13361674905,CDNA,2026-10-07,2026-10-07T13:10:29.998913-04:00,64.0506,-1.0421
HUT-20261007T14555881179,HUT,2026-10-07,2026-10-07T13:10:29.998913-04:00,87.9,-0.7116
CDNA-20261007T13361674905,CDNA,2026-10-07,2026-10-07T13:10:40.538031-04:00,63.93,-0.8519
HUT-20261007T14555881179,HUT,2026-10-07,2026-10-07T13:10:40.538031-04:00,87.88,-0.7342
CDNA-20261007T13361674905,CDNA,2026-10-07,2026-10-07T13:10:51.186250-04:00,63.955,-0.8913
HUT-20261007T14555881179,HUT,2026-10-07,2026-10-07T13:10:51.186250-04:00,87.9071,-0.7036
CDNA-20261007T13361674905,CDNA,2026-10-07,2026-10-07T13:11:01.720648-04:00,63.955,-0.8913
HUT-20261007T14555881179,HUT,2026-10-07,2026-10-07T13:11:01.720648-04:00,88.015,-0.5817
CDNA-20261007T13361674905,CDNA,2026-10-07,2026-10-07T13:11:12.450479-04:00,63.97,-0.915
HUT-20261007T14555881179,HUT,2026-10-07,2026-10-07T13:11:12.450479-04:00,88.05,-0.5422
CDNA-20261007T13361674905,CDNA,2026-10-07,2026-10-07T13:11:23.017785-04:00,63.955,-0.8913
HUT-20261007T14555881179,HUT,2026-10-07,2026-10-07T13:11:23.017785-04:00,88.15,-0.4292
CDNA-20261007T13361674905,CDNA,2026-10-07,2026-10-07T13:11:33.458827-04:00,64.077,-1.0838
HUT-20261007T14555881179,HUT,2026-10-07,2026-10-07T13:11:33.458827-04:00,88.21,-0.3615
CDNA-20261007T13361674905,CDNA,2026-10-07,2026-10-07T13:11:43.914759-04:00,63.9824,-0.9345
HUT-20261007T14555881179,HUT,2026-10-07,2026-10-07T13:11:43.914759-04:00,88.23,-0.3389
CDNA-20261007T13361674905,CDNA,2026-10-07,2026-10-07T13:11:54.289071-04:00,63.95,-0.8834
HUT-20261007T14555881179,HUT,2026-10-07,2026-10-07T13:11:54.289071-04:00,88.2501,-0.3162
CDNA-20261007T13361674905,CDNA,2026-10-07,2026-10-07T13:12:04.724679-04:00,63.87,-0.7572
HUT-20261007T14555881179,HUT,2026-10-07,2026-10-07T13:12:04.724679-04:00,88.28,-0.2824
CDNA-20261007T13361674905,CDNA,2026-10-07,2026-10-07T13:12:15.423431-04:00,63.86,-0.7414
HUT-20261007T14555881179,HUT,2026-10-07,2026-10-07T13:12:15.423431-04:00,88.3,-0.2598
CDNA-20261007T13361674905,CDNA,2026-10-07,2026-10-07T13:12:25.888016-04:00,63.87,-0.7572
HUT-20261007T14555881179,HUT,2026-10-07,2026-10-07T13:12:25.888016-04:00,88.3,-0.2598
CDNA-20261007T13361674905,CDNA,2026-10-07,2026-10-07T13:12:36.379827-04:00,63.895,-0.7967
HUT-20261007T14555881179,HUT,2026-10-07,2026-10-07T13:12:36.379827-04:00,88.29,-0.2711
CDNA-20261007T13361674905,CDNA,2026-10-07,2026-10-07T13:12:46.876785-04:00,63.82,-0.6783
HUT-20261007T14555881179,HUT,2026-10-07,2026-10-07T13:12:46.876785-04:00,88.53,0.0
CDNA-20261007T13361674905,CDNA,2026-10-07,2026-10-07T13:12:57.319887-04:00,63.79,-0.631
HUT-20261007T14555881179,HUT,2026-10-07,2026-10-07T13:12:57.319887-04:00,88.65,0.1355
CDNA-20261007T13361674905,CDNA,2026-10-07,2026-10-07T13:13:07.797641-04:00,63.78,-0.6152
HUT-20261007T14555881179,HUT,2026-10-07,2026-10-07T13:13:07.797641-04:00,88.59,0.0678
CDNA-20261007T13361674905,CDNA,2026-10-07,2026-10-07T13:13:18.440670-04:00,63.78,-0.6152
HUT-20261007T14555881179,HUT,2026-10-07,2026-10-07T13:13:18.440670-04:00,88.51,-0.0226
CDNA-20261007T13361674905,CDNA,2026-10-07,2026-10-07T13:13:29.090799-04:00,63.78,-0.6152
HUT-20261007T14555881179,HUT,2026-10-07,2026-10-07T13:13:29.090799-04:00,88.485,-0.0508
CDNA-20261007T13361674905,CDNA,2026-10-07,2026-10-07T13:13:39.592743-04:00,63.79,-0.631
HUT-20261007T14555881179,HUT,2026-10-07,2026-10-07T13:13:39.592743-04:00,88.475,-0.0621
CDNA-20261007T13361674905,CDNA,2026-10-07,2026-10-07T13:13:50.091998-04:00,64.0153,-0.9864
HUT-20261007T14555881179,HUT,2026-10-07,2026-10-07T13:13:50.091998-04:00,88.47,-0.0678
CDNA-20261007T13361674905,CDNA,2026-10-07,2026-10-07T13:14:00.652025-04:00,63.78,-0.6152
HUT-20261007T14555881179,HUT,2026-10-07,2026-10-07T13:14:00.652025-04:00,88.465,-0.0734
CDNA-20261007T13361674905,CDNA,2026-10-07,2026-10-07T13:14:11.285120-04:00,63.78,-0.6152
HUT-20261007T14555881179,HUT,2026-10-07,2026-10-07T13:14:11.285120-04:00,88.51,-0.0226
CDNA-20261007T13361674905,CDNA,2026-10-07,2026-10-07T13:14:21.782256-04:00,63.8022,-0.6503
HUT-20261007T14555881179,HUT,2026-10-07,2026-10-07T13:14:21.782256-04:00,88.365,-0.1864
CDNA-20261007T13361674905,CDNA,2026-10-07,2026-10-07T13:14:32.441619-04:00,63.78,-0.6152
HUT-20261007T14555881179,HUT,2026-10-07,2026-10-07T13:14:32.441619-04:00,88.41,-0.1355
CDNA-20261007T13361674905,CDNA,2026-10-07,2026-10-07T13:14:43.061002-04:00,63.77,-0.5995
HUT-20261007T14555881179,HUT,2026-10-07,2026-10-07T13:14:43.061002-04:00,88.42,-0.1243
CDNA-20261007T13361674905,CDNA,2026-10-07,2026-10-07T13:14:53.604661-04:00,63.815,-0.6705
HUT-20261007T14555881179,HUT,2026-10-07,2026-10-07T13:14:53.604661-04:00,88.44,-0.1017
CDNA-20261007T13361674905,CDNA,2026-10-07,2026-10-07T13:15:04.082716-04:00,63.815,-0.6705
HUT-20261007T14555881179,HUT,2026-10-07,2026-10-07T13:15:04.082716-04:00,88.425,-0.1186
CDNA-20261007T13361674905,CDNA,2026-10-07,2026-10-07T13:15:14.861755-04:00,63.77,-0.5995
HUT-20261007T14555881179,HUT,2026-10-07,2026-10-07T13:15:14.861755-04:00,88.345,-0.209
CDNA-20261007T13361674905,CDNA,2026-10-07,2026-10-07T13:15:25.429641-04:00,63.853,-0.7304
HUT-20261007T14555881179,HUT,2026-10-07,2026-10-07T13:15:25.429641-04:00,88.42,-0.1243
CDNA-20261007T13361674905,CDNA,2026-10-07,2026-10-07T13:15:36.110122-04:00,63.76,-0.5837
HUT-20261007T14555881179,HUT,2026-10-07,2026-10-07T13:15:36.110122-04:00,88.3525,-0.2005
CDNA-20261007T13361674905,CDNA,2026-10-07,2026-10-07T13:15:46.624504-04:00,63.7438,-0.5581
HUT-20261007T14555881179,HUT,2026-10-07,2026-10-07T13:15:46.624504-04:00,88.29,-0.2711
CDNA-20261007T13361674905,CDNA,2026-10-07,2026-10-07T13:15:57.236438-04:00,63.7667,-0.5943
HUT-20261007T14555881179,HUT,2026-10-07,2026-10-07T13:15:57.236438-04:00,88.295,-0.2654
CDNA-20261007T13361674905,CDNA,2026-10-07,2026-10-07T13:16:07.738873-04:00,63.76,-0.5837
HUT-20261007T14555881179,HUT,2026-10-07,2026-10-07T13:16:07.738873-04:00,88.4,-0.1468
CDNA-20261007T13361674905,CDNA,2026-10-07,2026-10-07T13:16:18.242373-04:00,63.76,-0.5837
HUT-20261007T14555881179,HUT,2026-10-07,2026-10-07T13:16:18.242373-04:00,88.4,-0.1468
CDNA-20261007T13361674905,CDNA,2026-10-07,2026-10-07T13:16:28.574510-04:00,63.7607,-0.5848
HUT-20261007T14555881179,HUT,2026-10-07,2026-10-07T13:16:28.574510-04:00,88.305,-0.2542
CDNA-20261007T13361674905,CDNA,2026-10-07,2026-10-07T13:16:39.025859-04:00,63.75,-0.5679
HUT-20261007T14555881179,HUT,2026-10-07,2026-10-07T13:16:39.025859-04:00,88.266,-0.2982
CDNA-20261007T13361674905,CDNA,2026-10-07,2026-10-07T13:16:49.422781-04:00,63.76,-0.5837
HUT-20261007T14555881179,HUT,2026-10-07,2026-10-07T13:16:49.422781-04:00,88.32,-0.2372
CDNA-20261007T13361674905,CDNA,2026-10-07,2026-10-07T13:16:59.882504-04:00,63.765,-0.5916
HUT-20261007T14555881179,HUT,2026-10-07,2026-10-07T13:16:59.882504-04:00,88.31,-0.2485
CDNA-20261007T13361674905,CDNA,2026-10-07,2026-10-07T13:17:10.252444-04:00,63.77,-0.5995
HUT-20261007T14555881179,HUT,2026-10-07,2026-10-07T13:17:10.252444-04:00,88.305,-0.2542
CDNA-20261007T13361674905,CDNA,2026-10-07,2026-10-07T13:17:20.628860-04:00,63.77,-0.5995
HUT-20261007T14555881179,HUT,2026-10-07,2026-10-07T13:17:20.628860-04:00,88.305,-0.2542
CDNA-20261007T13361674905,CDNA,2026-10-07,2026-10-07T13:17:30.973579-04:00,63.77,-0.5995
HUT-20261007T14555881179,HUT,2026-10-07,2026-10-07T13:17:30.973579-04:00,88.245,-0.3219
CDNA-20261007T13361674905,CDNA,2026-10-07,2026-10-07T13:17:41.422104-04:00,63.8696,-0.7566
HUT-20261007T14555881179,HUT,2026-10-07,2026-10-07T13:17:41.422104-04:00,88.205,-0.3671
CDNA-20261007T13361674905,CDNA,2026-10-07,2026-10-07T13:17:51.807643-04:00,63.72,-0.5206
HUT-20261007T14555881179,HUT,2026-10-07,2026-10-07T13:17:51.807643-04:00,88.23,-0.3389
CDNA-20261007T13361674905,CDNA,2026-10-07,2026-10-07T13:18:02.203515-04:00,63.7605,-0.5845
HUT-20261007T14555881179,HUT,2026-10-07,2026-10-07T13:18:02.203515-04:00,88.205,-0.3671
CDNA-20261007T13361674905,CDNA,2026-10-07,2026-10-07T13:18:12.847501-04:00,63.8535,-0.7312
HUT-20261007T14555881179,HUT,2026-10-07,2026-10-07T13:18:12.847501-04:00,88.1528,-0.4261
CDNA-20261007T13361674905,CDNA,2026-10-07,2026-10-07T13:18:23.255419-04:00,63.74,-0.5521
HUT-20261007T14555881179,HUT,2026-10-07,2026-10-07T13:18:23.255419-04:00,88.225,-0.3445
CDNA-20261007T13361674905,CDNA,2026-10-07,2026-10-07T13:18:33.672606-04:00,63.8374,-0.7058
HUT-20261007T14555881179,HUT,2026-10-07,2026-10-07T13:18:33.672606-04:00,88.24,-0.3276
CDNA-20261007T13361674905,CDNA,2026-10-07,2026-10-07T13:18:44.091392-04:00,63.76,-0.5837
HUT-20261007T14555881179,HUT,2026-10-07,2026-10-07T13:18:44.091392-04:00,88.27,-0.2937
CDNA-20261007T13361674905,CDNA,2026-10-07,2026-10-07T13:18:54.495211-04:00,63.76,-0.5837
HUT-20261007T14555881179,HUT,2026-10-07,2026-10-07T13:18:54.495211-04:00,88.28,-0.2824
CDNA-20261007T13361674905,CDNA,2026-10-07,2026-10-07T13:19:04.822915-04:00,63.8167,-0.6731
HUT-20261007T14555881179,HUT,2026-10-07,2026-10-07T13:19:04.822915-04:00,88.2632,-0.3014
CDNA-20261007T13361674905,CDNA,2026-10-07,2026-10-07T13:19:15.330662-04:00,63.685,-0.4654
HUT-20261007T14555881179,HUT,2026-10-07,2026-10-07T13:19:15.330662-04:00,88.295,-0.2654
CDNA-20261007T13361674905,CDNA,2026-10-07,2026-10-07T13:19:25.809432-04:00,63.685,-0.4654
HUT-20261007T14555881179,HUT,2026-10-07,2026-10-07T13:19:25.809432-04:00,88.57,0.0452
CDNA-20261007T13361674905,CDNA,2026-10-07,2026-10-07T13:19:36.208737-04:00,63.685,-0.4654
HUT-20261007T14555881179,HUT,2026-10-07,2026-10-07T13:19:36.208737-04:00,88.58,0.0565
CDNA-20261007T13361674905,CDNA,2026-10-07,2026-10-07T13:19:46.667348-04:00,63.65,-0.4102
HUT-20261007T14555881179,HUT,2026-10-07,2026-10-07T13:19:46.667348-04:00,88.49,-0.0452
CDNA-20261007T13361674905,CDNA,2026-10-07,2026-10-07T13:19:57.213656-04:00,63.7,-0.489
HUT-20261007T14555881179,HUT,2026-10-07,2026-10-07T13:19:57.213656-04:00,88.565,0.0395
CDNA-20261007T13361674905,CDNA,2026-10-07,2026-10-07T13:20:07.623019-04:00,63.69,-0.4733
HUT-20261007T14555881179,HUT,2026-10-07,2026-10-07T13:20:07.623019-04:00,88.555,0.0282
CDNA-20261007T13361674905,CDNA,2026-10-07,2026-10-07T13:20:18.169347-04:00,63.69,-0.4733
HUT-20261007T14555881179,HUT,2026-10-07,2026-10-07T13:20:18.169347-04:00,88.625,0.1073
CDNA-20261007T13361674905,CDNA,2026-10-07,2026-10-07T13:20:28.616759-04:00,63.72,-0.5206
HUT-20261007T14555881179,HUT,2026-10-07,2026-10-07T13:20:28.616759-04:00,88.55,0.0226
CDNA-20261007T13361674905,CDNA,2026-10-07,2026-10-07T13:20:39.086655-04:00,63.73,-0.5364
HUT-20261007T14555881179,HUT,2026-10-07,2026-10-07T13:20:39.086655-04:00,88.6,0.0791
CDNA-20261007T13361674905,CDNA,2026-10-07,2026-10-07T13:20:49.579328-04:00,63.655,-0.418
HUT-20261007T14555881179,HUT,2026-10-07,2026-10-07T13:20:49.579328-04:00,88.74,0.2372
CDNA-20261007T13361674905,CDNA,2026-10-07,2026-10-07T13:21:00.077956-04:00,63.655,-0.418
HUT-20261007T14555881179,HUT,2026-10-07,2026-10-07T13:21:00.077956-04:00,88.7,0.192
MSTR-20261007T17203957846,MSTR,2026-10-07,2026-10-07T13:21:00.077956-04:00,154.88,-0.0774
CDNA-20261007T13361674905,CDNA,2026-10-07,2026-10-07T13:21:10.502480-04:00,63.66,-0.4259
HUT-20261007T14555881179,HUT,2026-10-07,2026-10-07T13:21:10.502480-04:00,88.73,0.2259
MSTR-20261007T17203957846,MSTR,2026-10-07,2026-10-07T13:21:10.502480-04:00,154.815,-0.1194
CDNA-20261007T13361674905,CDNA,2026-10-07,2026-10-07T13:21:20.868173-04:00,63.6869,-0.4684
HUT-20261007T14555881179,HUT,2026-10-07,2026-10-07T13:21:20.868173-04:00,88.685,0.1751
MSTR-20261007T17203957846,MSTR,2026-10-07,2026-10-07T13:21:20.868173-04:00,154.8,-0.129
CDNA-20261007T13361674905,CDNA,2026-10-07,2026-10-07T13:21:31.283492-04:00,63.655,-0.418
HUT-20261007T14555881179,HUT,2026-10-07,2026-10-07T13:21:31.283492-04:00,88.685,0.1751
MSTR-20261007T17203957846,MSTR,2026-10-07,2026-10-07T13:21:31.283492-04:00,154.75,-0.1613
CDNA-20261007T13361674905,CDNA,2026-10-07,2026-10-07T13:21:41.647723-04:00,63.66,-0.4259
HUT-20261007T14555881179,HUT,2026-10-07,2026-10-07T13:21:41.647723-04:00,88.78,0.2824
MSTR-20261007T17203957846,MSTR,2026-10-07,2026-10-07T13:21:41.647723-04:00,154.79,-0.1355
CDNA-20261007T13361674905,CDNA,2026-10-07,2026-10-07T13:21:51.947074-04:00,63.6848,-0.4651
HUT-20261007T14555881179,HUT,2026-10-07,2026-10-07T13:21:51.947074-04:00,88.9221,0.4429
MSTR-20261007T17203957846,MSTR,2026-10-07,2026-10-07T13:21:51.947074-04:00,154.84,-0.1032
CDNA-20261007T13361674905,CDNA,2026-10-07,2026-10-07T13:22:02.324304-04:00,63.67,-0.4417
HUT-20261007T14555881179,HUT,2026-10-07,2026-10-07T13:22:02.324304-04:00,88.9,0.4179
MSTR-20261007T17203957846,MSTR,2026-10-07,2026-10-07T13:22:02.324304-04:00,154.785,-0.1387
CDNA-20261007T13361674905,CDNA,2026-10-07,2026-10-07T13:22:12.765134-04:00,63.7588,-0.5818
HUT-20261007T14555881179,HUT,2026-10-07,2026-10-07T13:22:12.765134-04:00,88.97,0.497
MSTR-20261007T17203957846,MSTR,2026-10-07,2026-10-07T13:22:12.765134-04:00,154.79,-0.1355
CDNA-20261007T13361674905,CDNA,2026-10-07,2026-10-07T13:22:23.166779-04:00,63.6857,-0.4665
HUT-20261007T14555881179,HUT,2026-10-07,2026-10-07T13:22:23.166779-04:00,88.86,0.3728
MSTR-20261007T17203957846,MSTR,2026-10-07,2026-10-07T13:22:23.166779-04:00,154.7612,-0.1541
CDNA-20261007T13361674905,CDNA,2026-10-07,2026-10-07T13:22:33.543159-04:00,63.7,-0.489
HUT-20261007T14555881179,HUT,2026-10-07,2026-10-07T13:22:33.543159-04:00,88.87,0.3841
MSTR-20261007T17203957846,MSTR,2026-10-07,2026-10-07T13:22:33.543159-04:00,154.73,-0.1742
CDNA-20261007T13361674905,CDNA,2026-10-07,2026-10-07T13:22:43.940932-04:00,63.715,-0.5127
HUT-20261007T14555881179,HUT,2026-10-07,2026-10-07T13:22:43.940932-04:00,89.015,0.5478
MSTR-20261007T17203957846,MSTR,2026-10-07,2026-10-07T13:22:43.940932-04:00,154.765,-0.1516
CDNA-20261007T13361674905,CDNA,2026-10-07,2026-10-07T13:22:54.427883-04:00,63.7033,-0.4942
HUT-20261007T14555881179,HUT,2026-10-07,2026-10-07T13:22:54.427883-04:00,89.02,0.5535
MSTR-20261007T17203957846,MSTR,2026-10-07,2026-10-07T13:22:54.427883-04:00,154.76,-0.1548
CDNA-20261007T13361674905,CDNA,2026-10-07,2026-10-07T13:23:04.916564-04:00,63.72,-0.5206
HUT-20261007T14555881179,HUT,2026-10-07,2026-10-07T13:23:04.916564-04:00,88.965,0.4914
MSTR-20261007T17203957846,MSTR,2026-10-07,2026-10-07T13:23:04.916564-04:00,154.71,-0.1871
CDNA-20261007T13361674905,CDNA,2026-10-07,2026-10-07T13:23:15.405159-04:00,63.72,-0.5206
HUT-20261007T14555881179,HUT,2026-10-07,2026-10-07T13:23:15.405159-04:00,89.01,0.5422
MSTR-20261007T17203957846,MSTR,2026-10-07,2026-10-07T13:23:15.405159-04:00,154.74,-0.1677
CDNA-20261007T13361674905,CDNA,2026-10-07,2026-10-07T13:23:25.808638-04:00,63.655,-0.418
HUT-20261007T14555881179,HUT,2026-10-07,2026-10-07T13:23:25.808638-04:00,88.6473,0.1325
MSTR-20261007T17203957846,MSTR,2026-10-07,2026-10-07T13:23:25.808638-04:00,154.69,-0.2
CDNA-20261007T13361674905,CDNA,2026-10-07,2026-10-07T13:23:36.220340-04:00,63.707,-0.5001
HUT-20261007T14555881179,HUT,2026-10-07,2026-10-07T13:23:36.220340-04:00,88.925,0.4462
MSTR-20261007T17203957846,MSTR,2026-10-07,2026-10-07T13:23:36.220340-04:00,154.63,-0.2387
CDNA-20261007T13361674905,CDNA,2026-10-07,2026-10-07T13:23:46.565913-04:00,63.62,-0.3628
HUT-20261007T14555881179,HUT,2026-10-07,2026-10-07T13:23:46.565913-04:00,89.06,0.5987
MSTR-20261007T17203957846,MSTR,2026-10-07,2026-10-07T13:23:46.565913-04:00,154.605,-0.2548
CDNA-20261007T13361674905,CDNA,2026-10-07,2026-10-07T13:23:57.077366-04:00,63.6902,-0.4736
HUT-20261007T14555881179,HUT,2026-10-07,2026-10-07T13:23:57.077366-04:00,88.7063,0.1991
MSTR-20261007T17203957846,MSTR,2026-10-07,2026-10-07T13:23:57.077366-04:00,154.59,-0.2645
CDNA-20261007T13361674905,CDNA,2026-10-07,2026-10-07T13:24:07.611722-04:00,63.645,-0.4023
HUT-20261007T14555881179,HUT,2026-10-07,2026-10-07T13:24:07.611722-04:00,88.99,0.5196
MSTR-20261007T17203957846,MSTR,2026-10-07,2026-10-07T13:24:07.611722-04:00,154.56,-0.2839
CDNA-20261007T13361674905,CDNA,2026-10-07,2026-10-07T13:24:17.958166-04:00,63.6131,-0.3519
HUT-20261007T14555881179,HUT,2026-10-07,2026-10-07T13:24:17.958166-04:00,88.945,0.4688
MSTR-20261007T17203957846,MSTR,2026-10-07,2026-10-07T13:24:17.958166-04:00,154.48,-0.3355
CDNA-20261007T13361674905,CDNA,2026-10-07,2026-10-07T13:24:28.319310-04:00,63.6489,-0.4084
HUT-20261007T14555881179,HUT,2026-10-07,2026-10-07T13:24:28.319310-04:00,88.7776,0.2797
MSTR-20261007T17203957846,MSTR,2026-10-07,2026-10-07T13:24:28.319310-04:00,154.46,-0.3484
CDNA-20261007T13361674905,CDNA,2026-10-07,2026-10-07T13:24:38.745099-04:00,63.65,-0.4102
HUT-20261007T14555881179,HUT,2026-10-07,2026-10-07T13:24:38.745099-04:00,88.935,0.4575
MSTR-20261007T17203957846,MSTR,2026-10-07,2026-10-07T13:24:38.745099-04:00,154.55,-0.2903
CDNA-20261007T13361674905,CDNA,2026-10-07,2026-10-07T13:24:49.240426-04:00,63.645,-0.4023
HUT-20261007T14555881179,HUT,2026-10-07,2026-10-07T13:24:49.240426-04:00,88.8,0.305
MSTR-20261007T17203957846,MSTR,2026-10-07,2026-10-07T13:24:49.240426-04:00,154.505,-0.3194
CDNA-20261007T13361674905,CDNA,2026-10-07,2026-10-07T13:24:59.609805-04:00,63.67,-0.4417
HUT-20261007T14555881179,HUT,2026-10-07,2026-10-07T13:24:59.609805-04:00,88.76,0.2598
MSTR-20261007T17203957846,MSTR,2026-10-07,2026-10-07T13:24:59.609805-04:00,154.45,-0.3548
CDNA-20261007T13361674905,CDNA,2026-10-07,2026-10-07T13:25:09.914116-04:00,63.65,-0.4102
HUT-20261007T14555881179,HUT,2026-10-07,2026-10-07T13:25:09.914116-04:00,88.76,0.2598
MSTR-20261007T17203957846,MSTR,2026-10-07,2026-10-07T13:25:09.914116-04:00,154.5106,-0.3157
CDNA-20261007T13361674905,CDNA,2026-10-07,2026-10-07T13:25:20.310626-04:00,63.7099,-0.5047
HUT-20261007T14555881179,HUT,2026-10-07,2026-10-07T13:25:20.310626-04:00,88.8492,0.3606
MSTR-20261007T17203957846,MSTR,2026-10-07,2026-10-07T13:25:20.310626-04:00,154.53,-0.3032
CDNA-20261007T13361674905,CDNA,2026-10-07,2026-10-07T13:25:30.703544-04:00,63.655,-0.418
HUT-20261007T14555881179,HUT,2026-10-07,2026-10-07T13:25:30.703544-04:00,88.7,0.192
MSTR-20261007T17203957846,MSTR,2026-10-07,2026-10-07T13:25:30.703544-04:00,154.44,-0.3613
CDNA-20261007T13361674905,CDNA,2026-10-07,2026-10-07T13:25:41.044726-04:00,63.655,-0.418
HUT-20261007T14555881179,HUT,2026-10-07,2026-10-07T13:25:41.044726-04:00,88.62,0.1017
MSTR-20261007T17203957846,MSTR,2026-10-07,2026-10-07T13:25:41.044726-04:00,154.34,-0.4258
CDNA-20261007T13361674905,CDNA,2026-10-07,2026-10-07T13:25:51.402584-04:00,63.66,-0.4259
HUT-20261007T14555881179,HUT,2026-10-07,2026-10-07T13:25:51.402584-04:00,88.64,0.1243
MSTR-20261007T17203957846,MSTR,2026-10-07,2026-10-07T13:25:51.402584-04:00,154.2,-0.5161
CDNA-20261007T13361674905,CDNA,2026-10-07,2026-10-07T13:26:01.845800-04:00,63.69,-0.4733
HUT-20261007T14555881179,HUT,2026-10-07,2026-10-07T13:26:01.845800-04:00,88.68,0.1694
MSTR-20261007T17203957846,MSTR,2026-10-07,2026-10-07T13:26:01.845800-04:00,154.195,-0.5194
CDNA-20261007T13361674905,CDNA,2026-10-07,2026-10-07T13:26:12.476005-04:00,63.65,-0.4102
HUT-20261007T14555881179,HUT,2026-10-07,2026-10-07T13:26:12.476005-04:00,88.74,0.2372
MSTR-20261007T17203957846,MSTR,2026-10-07,2026-10-07T13:26:12.476005-04:00,154.2,-0.5161
CDNA-20261007T13361674905,CDNA,2026-10-07,2026-10-07T13:26:23.055754-04:00,63.68,-0.4575
HUT-20261007T14555881179,HUT,2026-10-07,2026-10-07T13:26:23.055754-04:00,88.68,0.1694
MSTR-20261007T17203957846,MSTR,2026-10-07,2026-10-07T13:26:23.055754-04:00,154.16,-0.5419
CDNA-20261007T13361674905,CDNA,2026-10-07,2026-10-07T13:26:33.541011-04:00,63.655,-0.418
HUT-20261007T14555881179,HUT,2026-10-07,2026-10-07T13:26:33.541011-04:00,88.66,0.1468
MSTR-20261007T17203957846,MSTR,2026-10-07,2026-10-07T13:26:33.541011-04:00,154.14,-0.5548
CDNA-20261007T13361674905,CDNA,2026-10-07,2026-10-07T13:26:44.002437-04:00,63.655,-0.418
HUT-20261007T14555881179,HUT,2026-10-07,2026-10-07T13:26:44.002437-04:00,88.69,0.1807
MSTR-20261007T17203957846,MSTR,2026-10-07,2026-10-07T13:26:44.002437-04:00,154.13,-0.5613
CDNA-20261007T13361674905,CDNA,2026-10-07,2026-10-07T13:26:54.455184-04:00,63.6,-0.3313
HUT-20261007T14555881179,HUT,2026-10-07,2026-10-07T13:26:54.455184-04:00,88.8939,0.411
MSTR-20261007T17203957846,MSTR,2026-10-07,2026-10-07T13:26:54.455184-04:00,154.1391,-0.5554
CDNA-20261007T13361674905,CDNA,2026-10-07,2026-10-07T13:27:04.944065-04:00,63.65,-0.4102
HUT-20261007T14555881179,HUT,2026-10-07,2026-10-07T13:27:04.944065-04:00,88.83,0.3389
MSTR-20261007T17203957846,MSTR,2026-10-07,2026-10-07T13:27:04.944065-04:00,154.154,-0.5458
CDNA-20261007T13361674905,CDNA,2026-10-07,2026-10-07T13:27:15.347643-04:00,63.64,-0.3944
HUT-20261007T14555881179,HUT,2026-10-07,2026-10-07T13:27:15.347643-04:00,88.85,0.3615
MSTR-20261007T17203957846,MSTR,2026-10-07,2026-10-07T13:27:15.347643-04:00,154.14,-0.5548
CDNA-20261007T13361674905,CDNA,2026-10-07,2026-10-07T13:27:25.779647-04:00,63.64,-0.3944
HUT-20261007T14555881179,HUT,2026-10-07,2026-10-07T13:27:25.779647-04:00,88.83,0.3389
MSTR-20261007T17203957846,MSTR,2026-10-07,2026-10-07T13:27:25.779647-04:00,154.09,-0.5871
CDNA-20261007T13361674905,CDNA,2026-10-07,2026-10-07T13:27:36.129759-04:00,63.645,-0.4023
HUT-20261007T14555881179,HUT,2026-10-07,2026-10-07T13:27:36.129759-04:00,88.87,0.3841
MSTR-20261007T17203957846,MSTR,2026-10-07,2026-10-07T13:27:36.129759-04:00,154.075,-0.5968
CDNA-20261007T13361674905,CDNA,2026-10-07,2026-10-07T13:27:46.513972-04:00,63.645,-0.4023
HUT-20261007T14555881179,HUT,2026-10-07,2026-10-07T13:27:46.513972-04:00,88.93,0.4518
MSTR-20261007T17203957846,MSTR,2026-10-07,2026-10-07T13:27:46.513972-04:00,154.11,-0.5742
CDNA-20261007T13361674905,CDNA,2026-10-07,2026-10-07T13:27:56.900570-04:00,63.66,-0.4259
HUT-20261007T14555881179,HUT,2026-10-07,2026-10-07T13:27:56.900570-04:00,88.93,0.4518
MSTR-20261007T17203957846,MSTR,2026-10-07,2026-10-07T13:27:56.900570-04:00,154.085,-0.5903
CDNA-20261007T13361674905,CDNA,2026-10-07,2026-10-07T13:28:07.234477-04:00,63.66,-0.4259
HUT-20261007T14555881179,HUT,2026-10-07,2026-10-07T13:28:07.234477-04:00,88.9,0.4179
MSTR-20261007T17203957846,MSTR,2026-10-07,2026-10-07T13:28:07.234477-04:00,154.02,-0.6323
CDNA-20261007T13361674905,CDNA,2026-10-07,2026-10-07T13:28:17.690536-04:00,63.61,-0.3471
HUT-20261007T14555881179,HUT,2026-10-07,2026-10-07T13:28:17.690536-04:00,88.8566,0.3689
MSTR-20261007T17203957846,MSTR,2026-10-07,2026-10-07T13:28:17.690536-04:00,153.98,-0.6581
CDNA-20261007T13361674905,CDNA,2026-10-07,2026-10-07T13:28:28.101343-04:00,63.6001,-0.3314
HUT-20261007T14555881179,HUT,2026-10-07,2026-10-07T13:28:28.101343-04:00,88.82,0.3276
MSTR-20261007T17203957846,MSTR,2026-10-07,2026-10-07T13:28:28.101343-04:00,153.955,-0.6742
CDNA-20261007T13361674905,CDNA,2026-10-07,2026-10-07T13:28:38.508400-04:00,63.61,-0.3471
HUT-20261007T14555881179,HUT,2026-10-07,2026-10-07T13:28:38.508400-04:00,88.82,0.3276
MSTR-20261007T17203957846,MSTR,2026-10-07,2026-10-07T13:28:38.508400-04:00,154.0004,-0.6449
CDNA-20261007T13361674905,CDNA,2026-10-07,2026-10-07T13:28:48.884875-04:00,63.6999,-0.4889
HUT-20261007T14555881179,HUT,2026-10-07,2026-10-07T13:28:48.884875-04:00,88.8219,0.3297
MSTR-20261007T17203957846,MSTR,2026-10-07,2026-10-07T13:28:48.884875-04:00,154.01,-0.6387
CDNA-20261007T13361674905,CDNA,2026-10-07,2026-10-07T13:28:59.421595-04:00,63.62,-0.3628
HUT-20261007T14555881179,HUT,2026-10-07,2026-10-07T13:28:59.421595-04:00,88.85,0.3615
CDNA-20261007T13361674905,CDNA,2026-10-07,2026-10-07T13:29:09.855388-04:00,63.66,-0.4259
HUT-20261007T14555881179,HUT,2026-10-07,2026-10-07T13:29:09.855388-04:00,88.892,0.4089
CDNA-20261007T13361674905,CDNA,2026-10-07,2026-10-07T13:29:20.255598-04:00,63.66,-0.4259
HUT-20261007T14555881179,HUT,2026-10-07,2026-10-07T13:29:20.255598-04:00,88.875,0.3897
CDNA-20261007T13361674905,CDNA,2026-10-07,2026-10-07T13:29:30.622252-04:00,63.62,-0.3628
HUT-20261007T14555881179,HUT,2026-10-07,2026-10-07T13:29:30.622252-04:00,88.845,0.3558
CDNA-20261007T13361674905,CDNA,2026-10-07,2026-10-07T13:29:40.918456-04:00,63.635,-0.3865
HUT-20261007T14555881179,HUT,2026-10-07,2026-10-07T13:29:40.918456-04:00,88.835,0.3445
CDNA-20261007T13361674905,CDNA,2026-10-07,2026-10-07T13:29:51.302908-04:00,63.58,-0.2997
HUT-20261007T14555881179,HUT,2026-10-07,2026-10-07T13:29:51.302908-04:00,88.92,0.4405
CDNA-20261007T13361674905,CDNA,2026-10-07,2026-10-07T13:30:01.743250-04:00,63.63,-0.3786
HUT-20261007T14555881179,HUT,2026-10-07,2026-10-07T13:30:01.743250-04:00,88.76,0.2598
CDNA-20261007T13361674905,CDNA,2026-10-07,2026-10-07T13:30:12.354327-04:00,63.56,-0.2682
HUT-20261007T14555881179,HUT,2026-10-07,2026-10-07T13:30:12.354327-04:00,88.83,0.3389
CDNA-20261007T13361674905,CDNA,2026-10-07,2026-10-07T13:30:22.925057-04:00,63.56,-0.2682
HUT-20261007T14555881179,HUT,2026-10-07,2026-10-07T13:30:22.925057-04:00,88.83,0.3389
CDNA-20261007T13361674905,CDNA,2026-10-07,2026-10-07T13:30:33.503046-04:00,63.575,-0.2918
HUT-20261007T14555881179,HUT,2026-10-07,2026-10-07T13:30:33.503046-04:00,88.84,0.3502
CDNA-20261007T13361674905,CDNA,2026-10-07,2026-10-07T13:30:44.194905-04:00,63.6573,-0.4217
HUT-20261007T14555881179,HUT,2026-10-07,2026-10-07T13:30:44.194905-04:00,88.71,0.2033
CDNA-20261007T13361674905,CDNA,2026-10-07,2026-10-07T13:30:54.742197-04:00,63.55,-0.2524
HUT-20261007T14555881179,HUT,2026-10-07,2026-10-07T13:30:54.742197-04:00,88.8077,0.3137
CDNA-20261007T13361674905,CDNA,2026-10-07,2026-10-07T13:31:05.421004-04:00,63.57,-0.284
HUT-20261007T14555881179,HUT,2026-10-07,2026-10-07T13:31:05.421004-04:00,88.685,0.1751
CDNA-20261007T13361674905,CDNA,2026-10-07,2026-10-07T13:31:16.158811-04:00,63.6899,-0.4731
HUT-20261007T14555881179,HUT,2026-10-07,2026-10-07T13:31:16.158811-04:00,88.75,0.2485
CDNA-20261007T13361674905,CDNA,2026-10-07,2026-10-07T13:31:26.808585-04:00,63.67,-0.4417
HUT-20261007T14555881179,HUT,2026-10-07,2026-10-07T13:31:26.808585-04:00,88.745,0.2429
CDNA-20261007T13361674905,CDNA,2026-10-07,2026-10-07T13:31:37.313162-04:00,63.605,-0.3392
HUT-20261007T14555881179,HUT,2026-10-07,2026-10-07T13:31:37.313162-04:00,88.75,0.2485
CDNA-20261007T13361674905,CDNA,2026-10-07,2026-10-07T13:31:47.786127-04:00,63.64,-0.3944
HUT-20261007T14555881179,HUT,2026-10-07,2026-10-07T13:31:47.786127-04:00,88.76,0.2598
CDNA-20261007T13361674905,CDNA,2026-10-07,2026-10-07T13:31:58.324716-04:00,63.625,-0.3707
HUT-20261007T14555881179,HUT,2026-10-07,2026-10-07T13:31:58.324716-04:00,88.715,0.209
CDNA-20261007T13361674905,CDNA,2026-10-07,2026-10-07T13:32:08.852659-04:00,63.6437,-0.4002
HUT-20261007T14555881179,HUT,2026-10-07,2026-10-07T13:32:08.852659-04:00,88.77,0.2711
CDNA-20261007T13361674905,CDNA,2026-10-07,2026-10-07T13:32:19.456490-04:00,63.635,-0.3865
HUT-20261007T14555881179,HUT,2026-10-07,2026-10-07T13:32:19.456490-04:00,88.715,0.209
CDNA-20261007T13361674905,CDNA,2026-10-07,2026-10-07T13:32:30.068815-04:00,63.6063,-0.3412
HUT-20261007T14555881179,HUT,2026-10-07,2026-10-07T13:32:30.068815-04:00,88.7418,0.2392
CDNA-20261007T13361674905,CDNA,2026-10-07,2026-10-07T13:32:40.537980-04:00,63.66,-0.4259
HUT-20261007T14555881179,HUT,2026-10-07,2026-10-07T13:32:40.537980-04:00,88.76,0.2598
CDNA-20261007T13361674905,CDNA,2026-10-07,2026-10-07T13:32:51.047035-04:00,63.63,-0.3786
HUT-20261007T14555881179,HUT,2026-10-07,2026-10-07T13:32:51.047035-04:00,88.72,0.2146
CDNA-20261007T13361674905,CDNA,2026-10-07,2026-10-07T13:33:01.412338-04:00,63.63,-0.3786
HUT-20261007T14555881179,HUT,2026-10-07,2026-10-07T13:33:01.412338-04:00,88.592,0.07
CDNA-20261007T13361674905,CDNA,2026-10-07,2026-10-07T13:33:11.770849-04:00,63.6042,-0.3379
HUT-20261007T14555881179,HUT,2026-10-07,2026-10-07T13:33:11.770849-04:00,88.7639,0.2642
CDNA-20261007T13361674905,CDNA,2026-10-07,2026-10-07T13:33:22.091833-04:00,63.64,-0.3944
HUT-20261007T14555881179,HUT,2026-10-07,2026-10-07T13:33:22.091833-04:00,88.64,0.1243
CDNA-20261007T13361674905,CDNA,2026-10-07,2026-10-07T13:33:32.502543-04:00,63.615,-0.3549
HUT-20261007T14555881179,HUT,2026-10-07,2026-10-07T13:33:32.502543-04:00,88.7,0.192
CDNA-20261007T13361674905,CDNA,2026-10-07,2026-10-07T13:33:42.823537-04:00,63.6188,-0.3609
HUT-20261007T14555881179,HUT,2026-10-07,2026-10-07T13:33:42.823537-04:00,88.7025,0.1948
CDNA-20261007T13361674905,CDNA,2026-10-07,2026-10-07T13:33:53.136749-04:00,63.6188,-0.3609
HUT-20261007T14555881179,HUT,2026-10-07,2026-10-07T13:33:53.136749-04:00,88.75,0.2485
CDNA-20261007T13361674905,CDNA,2026-10-07,2026-10-07T13:34:03.526193-04:00,63.62,-0.3628
HUT-20261007T14555881179,HUT,2026-10-07,2026-10-07T13:34:03.526193-04:00,88.69,0.1807
CDNA-20261007T13361674905,CDNA,2026-10-07,2026-10-07T13:34:13.966835-04:00,63.535,-0.2287
HUT-20261007T14555881179,HUT,2026-10-07,2026-10-07T13:34:13.966835-04:00,88.92,0.4405
CDNA-20261007T13361674905,CDNA,2026-10-07,2026-10-07T13:34:24.290947-04:00,63.52,-0.2051
HUT-20261007T14555881179,HUT,2026-10-07,2026-10-07T13:34:24.290947-04:00,88.8219,0.3297
CDNA-20261007T13361674905,CDNA,2026-10-07,2026-10-07T13:34:34.610394-04:00,63.6,-0.3313
HUT-20261007T14555881179,HUT,2026-10-07,2026-10-07T13:34:34.610394-04:00,88.7934,0.2975
CDNA-20261007T13361674905,CDNA,2026-10-07,2026-10-07T13:34:45.013150-04:00,63.62,-0.3628
HUT-20261007T14555881179,HUT,2026-10-07,2026-10-07T13:34:45.013150-04:00,88.925,0.4462
CDNA-20261007T13361674905,CDNA,2026-10-07,2026-10-07T13:34:55.290777-04:00,63.5868,-0.3105
HUT-20261007T14555881179,HUT,2026-10-07,2026-10-07T13:34:55.290777-04:00,88.91,0.4292
CDNA-20261007T13361674905,CDNA,2026-10-07,2026-10-07T13:35:05.592004-04:00,63.57,-0.284
HUT-20261007T14555881179,HUT,2026-10-07,2026-10-07T13:35:05.592004-04:00,88.98,0.5083
CDNA-20261007T13361674905,CDNA,2026-10-07,2026-10-07T13:35:15.909661-04:00,63.57,-0.284
HUT-20261007T14555881179,HUT,2026-10-07,2026-10-07T13:35:15.909661-04:00,88.7947,0.299
CDNA-20261007T13361674905,CDNA,2026-10-07,2026-10-07T13:35:26.243701-04:00,63.57,-0.284
HUT-20261007T14555881179,HUT,2026-10-07,2026-10-07T13:35:26.243701-04:00,88.955,0.4801
CDNA-20261007T13361674905,CDNA,2026-10-07,2026-10-07T13:35:36.505125-04:00,63.64,-0.3944
HUT-20261007T14555881179,HUT,2026-10-07,2026-10-07T13:35:36.505125-04:00,88.96,0.4857
CDNA-20261007T13361674905,CDNA,2026-10-07,2026-10-07T13:35:46.802725-04:00,63.575,-0.2918
HUT-20261007T14555881179,HUT,2026-10-07,2026-10-07T13:35:46.802725-04:00,88.99,0.5196
CDNA-20261007T13361674905,CDNA,2026-10-07,2026-10-07T13:35:57.119671-04:00,63.58,-0.2997
HUT-20261007T14555881179,HUT,2026-10-07,2026-10-07T13:35:57.119671-04:00,88.95,0.4744
CDNA-20261007T13361674905,CDNA,2026-10-07,2026-10-07T13:36:07.521357-04:00,63.6007,-0.3324
HUT-20261007T14555881179,HUT,2026-10-07,2026-10-07T13:36:07.521357-04:00,88.965,0.4914
CDNA-20261007T13361674905,CDNA,2026-10-07,2026-10-07T13:36:17.835689-04:00,63.5948,-0.3231
HUT-20261007T14555881179,HUT,2026-10-07,2026-10-07T13:36:17.835689-04:00,88.831,0.34
CDNA-20261007T13361674905,CDNA,2026-10-07,2026-10-07T13:36:28.193716-04:00,63.585,-0.3076
HUT-20261007T14555881179,HUT,2026-10-07,2026-10-07T13:36:28.193716-04:00,88.965,0.4914
CDNA-20261007T13361674905,CDNA,2026-10-07,2026-10-07T13:36:38.464184-04:00,63.585,-0.3076
HUT-20261007T14555881179,HUT,2026-10-07,2026-10-07T13:36:38.464184-04:00,88.95,0.4744
CDNA-20261007T13361674905,CDNA,2026-10-07,2026-10-07T13:36:48.835060-04:00,63.5585,-0.2658
HUT-20261007T14555881179,HUT,2026-10-07,2026-10-07T13:36:48.835060-04:00,88.91,0.4292
CDNA-20261007T13361674905,CDNA,2026-10-07,2026-10-07T13:36:59.185323-04:00,63.5988,-0.3294
HUT-20261007T14555881179,HUT,2026-10-07,2026-10-07T13:36:59.185323-04:00,88.885,0.401
CDNA-20261007T13361674905,CDNA,2026-10-07,2026-10-07T13:37:09.580047-04:00,63.54,-0.2366
HUT-20261007T14555881179,HUT,2026-10-07,2026-10-07T13:37:09.580047-04:00,88.885,0.401
CDNA-20261007T13361674905,CDNA,2026-10-07,2026-10-07T13:37:19.996638-04:00,63.535,-0.2287
HUT-20261007T14555881179,HUT,2026-10-07,2026-10-07T13:37:19.996638-04:00,88.853,0.3648
CDNA-20261007T13361674905,CDNA,2026-10-07,2026-10-07T13:37:30.388808-04:00,63.5613,-0.2702
HUT-20261007T14555881179,HUT,2026-10-07,2026-10-07T13:37:30.388808-04:00,88.845,0.3558
CDNA-20261007T13361674905,CDNA,2026-10-07,2026-10-07T13:37:40.764366-04:00,63.53,-0.2209
HUT-20261007T14555881179,HUT,2026-10-07,2026-10-07T13:37:40.764366-04:00,88.85,0.3615
CDNA-20261007T13361674905,CDNA,2026-10-07,2026-10-07T13:37:51.027664-04:00,63.53,-0.2209
HUT-20261007T14555881179,HUT,2026-10-07,2026-10-07T13:37:51.027664-04:00,88.863,0.3761
CDNA-20261007T13361674905,CDNA,2026-10-07,2026-10-07T13:38:01.255407-04:00,63.5897,-0.315
HUT-20261007T14555881179,HUT,2026-10-07,2026-10-07T13:38:01.255407-04:00,88.8424,0.3529
CDNA-20261007T13361674905,CDNA,2026-10-07,2026-10-07T13:38:11.527193-04:00,63.525,-0.213
HUT-20261007T14555881179,HUT,2026-10-07,2026-10-07T13:38:11.527193-04:00,88.74,0.2372
CDNA-20261007T13361674905,CDNA,2026-10-07,2026-10-07T13:38:21.813614-04:00,63.52,-0.2051
HUT-20261007T14555881179,HUT,2026-10-07,2026-10-07T13:38:21.813614-04:00,88.7212,0.216
CDNA-20261007T13361674905,CDNA,2026-10-07,2026-10-07T13:38:32.101497-04:00,63.56,-0.2682
HUT-20261007T14555881179,HUT,2026-10-07,2026-10-07T13:38:32.101497-04:00,88.7275,0.2231
CDNA-20261007T13361674905,CDNA,2026-10-07,2026-10-07T13:38:42.309982-04:00,63.49,-0.1578
HUT-20261007T14555881179,HUT,2026-10-07,2026-10-07T13:38:42.309982-04:00,88.8781,0.3932
CDNA-20261007T13361674905,CDNA,2026-10-07,2026-10-07T13:38:52.547414-04:00,63.52,-0.2051
HUT-20261007T14555881179,HUT,2026-10-07,2026-10-07T13:38:52.547414-04:00,88.8,0.305
CDNA-20261007T13361674905,CDNA,2026-10-07,2026-10-07T13:39:02.808802-04:00,63.59,-0.3155
HUT-20261007T14555881179,HUT,2026-10-07,2026-10-07T13:39:02.808802-04:00,88.85,0.3615
CDNA-20261007T13361674905,CDNA,2026-10-07,2026-10-07T13:39:13.073607-04:00,63.6,-0.3313
HUT-20261007T14555881179,HUT,2026-10-07,2026-10-07T13:39:13.073607-04:00,88.86,0.3728
CDNA-20261007T13361674905,CDNA,2026-10-07,2026-10-07T13:39:23.310781-04:00,63.515,-0.1972
HUT-20261007T14555881179,HUT,2026-10-07,2026-10-07T13:39:23.310781-04:00,88.9,0.4179
CDNA-20261007T13361674905,CDNA,2026-10-07,2026-10-07T13:39:33.553171-04:00,63.51,-0.1893
HUT-20261007T14555881179,HUT,2026-10-07,2026-10-07T13:39:33.553171-04:00,88.99,0.5196
CDNA-20261007T13361674905,CDNA,2026-10-07,2026-10-07T13:39:43.746398-04:00,63.515,-0.1972
HUT-20261007T14555881179,HUT,2026-10-07,2026-10-07T13:39:43.746398-04:00,88.9463,0.4702
CDNA-20261007T13361674905,CDNA,2026-10-07,2026-10-07T13:39:53.935426-04:00,63.5492,-0.2511
HUT-20261007T14555881179,HUT,2026-10-07,2026-10-07T13:39:53.935426-04:00,88.9674,0.4941
CDNA-20261007T13361674905,CDNA,2026-10-07,2026-10-07T13:40:04.142134-04:00,63.49,-0.1578
HUT-20261007T14555881179,HUT,2026-10-07,2026-10-07T13:40:04.142134-04:00,88.8688,0.3827
CDNA-20261007T13361674905,CDNA,2026-10-07,2026-10-07T13:40:14.555705-04:00,63.48,-0.142
HUT-20261007T14555881179,HUT,2026-10-07,2026-10-07T13:40:14.555705-04:00,88.8655,0.379
CDNA-20261007T13361674905,CDNA,2026-10-07,2026-10-07T13:40:25.002357-04:00,63.455,-0.1025
HUT-20261007T14555881179,HUT,2026-10-07,2026-10-07T13:40:25.002357-04:00,88.81,0.3163
CDNA-20261007T13361674905,CDNA,2026-10-07,2026-10-07T13:40:35.418535-04:00,63.455,-0.1025
HUT-20261007T14555881179,HUT,2026-10-07,2026-10-07T13:40:35.418535-04:00,88.8801,0.3955
CDNA-20261007T13361674905,CDNA,2026-10-07,2026-10-07T13:40:45.733437-04:00,63.455,-0.1025
HUT-20261007T14555881179,HUT,2026-10-07,2026-10-07T13:40:45.733437-04:00,88.835,0.3445
CDNA-20261007T13361674905,CDNA,2026-10-07,2026-10-07T13:40:56.078746-04:00,63.43,-0.0631
HUT-20261007T14555881179,HUT,2026-10-07,2026-10-07T13:40:56.078746-04:00,88.83,0.3389
CDNA-20261007T13361674905,CDNA,2026-10-07,2026-10-07T13:41:06.459705-04:00,63.45,-0.0947
HUT-20261007T14555881179,HUT,2026-10-07,2026-10-07T13:41:06.459705-04:00,88.81,0.3163
CDNA-20261007T13361674905,CDNA,2026-10-07,2026-10-07T13:41:16.855834-04:00,63.42,-0.0473
HUT-20261007T14555881179,HUT,2026-10-07,2026-10-07T13:41:16.855834-04:00,88.8,0.305
CDNA-20261007T13361674905,CDNA,2026-10-07,2026-10-07T13:41:27.158383-04:00,63.33,0.0947
HUT-20261007T14555881179,HUT,2026-10-07,2026-10-07T13:41:27.158383-04:00,88.83,0.3389
CDNA-20261007T13361674905,CDNA,2026-10-07,2026-10-07T13:41:37.496803-04:00,63.34,0.0789
HUT-20261007T14555881179,HUT,2026-10-07,2026-10-07T13:41:37.496803-04:00,88.79,0.2937
CDNA-20261007T13361674905,CDNA,2026-10-07,2026-10-07T13:41:47.850012-04:00,63.33,0.0947
HUT-20261007T14555881179,HUT,2026-10-07,2026-10-07T13:41:47.850012-04:00,88.79,0.2937
CDNA-20261007T13361674905,CDNA,2026-10-07,2026-10-07T13:41:58.205475-04:00,63.3,0.142
HUT-20261007T14555881179,HUT,2026-10-07,2026-10-07T13:41:58.205475-04:00,88.8324,0.3416
CDNA-20261007T13361674905,CDNA,2026-10-07,2026-10-07T13:42:08.479946-04:00,63.3562,0.0533
HUT-20261007T14555881179,HUT,2026-10-07,2026-10-07T13:42:08.479946-04:00,88.705,0.1977
CDNA-20261007T13361674905,CDNA,2026-10-07,2026-10-07T13:42:18.806836-04:00,63.28,0.1735
HUT-20261007T14555881179,HUT,2026-10-07,2026-10-07T13:42:18.806836-04:00,88.7,0.192
CDNA-20261007T13361674905,CDNA,2026-10-07,2026-10-07T13:42:29.125325-04:00,63.35,0.0631
HUT-20261007T14555881179,HUT,2026-10-07,2026-10-07T13:42:29.125325-04:00,88.67,0.1581
CDNA-20261007T13361674905,CDNA,2026-10-07,2026-10-07T13:42:39.470653-04:00,63.32,0.1104
HUT-20261007T14555881179,HUT,2026-10-07,2026-10-07T13:42:39.470653-04:00,88.685,0.1751
CDNA-20261007T13361674905,CDNA,2026-10-07,2026-10-07T13:42:49.788364-04:00,63.285,0.1656
HUT-20261007T14555881179,HUT,2026-10-07,2026-10-07T13:42:49.788364-04:00,88.76,0.2598
CDNA-20261007T13361674905,CDNA,2026-10-07,2026-10-07T13:43:00.151602-04:00,63.343,0.0741
HUT-20261007T14555881179,HUT,2026-10-07,2026-10-07T13:43:00.151602-04:00,88.71,0.2033
CDNA-20261007T13361674905,CDNA,2026-10-07,2026-10-07T13:43:10.537239-04:00,63.34,0.0789
HUT-20261007T14555881179,HUT,2026-10-07,2026-10-07T13:43:10.537239-04:00,88.76,0.2598
CDNA-20261007T13361674905,CDNA,2026-10-07,2026-10-07T13:43:20.967101-04:00,63.39,-0.0
HUT-20261007T14555881179,HUT,2026-10-07,2026-10-07T13:43:20.967101-04:00,88.85,0.3615
CDNA-20261007T13361674905,CDNA,2026-10-07,2026-10-07T13:43:31.336766-04:00,63.36,0.0473
HUT-20261007T14555881179,HUT,2026-10-07,2026-10-07T13:43:31.336766-04:00,88.89,0.4066
CDNA-20261007T13361674905,CDNA,2026-10-07,2026-10-07T13:43:41.755757-04:00,63.4472,-0.0902
HUT-20261007T14555881179,HUT,2026-10-07,2026-10-07T13:43:41.755757-04:00,88.88,0.3953
CDNA-20261007T13361674905,CDNA,2026-10-07,2026-10-07T13:43:52.247213-04:00,63.33,0.0947
HUT-20261007T14555881179,HUT,2026-10-07,2026-10-07T13:43:52.247213-04:00,88.89,0.4066
CDNA-20261007T13361674905,CDNA,2026-10-07,2026-10-07T13:44:02.760683-04:00,63.3304,0.094
HUT-20261007T14555881179,HUT,2026-10-07,2026-10-07T13:44:02.760683-04:00,88.895,0.4123
CDNA-20261007T13361674905,CDNA,2026-10-07,2026-10-07T13:44:13.217587-04:00,63.27,0.1893
HUT-20261007T14555881179,HUT,2026-10-07,2026-10-07T13:44:13.217587-04:00,88.88,0.3953
CDNA-20261007T13361674905,CDNA,2026-10-07,2026-10-07T13:44:23.586037-04:00,63.28,0.1735
HUT-20261007T14555881179,HUT,2026-10-07,2026-10-07T13:44:23.586037-04:00,88.875,0.3897
CDNA-20261007T13361674905,CDNA,2026-10-07,2026-10-07T13:44:34.078713-04:00,63.28,0.1735
HUT-20261007T14555881179,HUT,2026-10-07,2026-10-07T13:44:34.078713-04:00,88.9,0.4179
CDNA-20261007T13361674905,CDNA,2026-10-07,2026-10-07T13:44:44.578607-04:00,63.3,0.142
HUT-20261007T14555881179,HUT,2026-10-07,2026-10-07T13:44:44.578607-04:00,88.825,0.3332
CDNA-20261007T13361674905,CDNA,2026-10-07,2026-10-07T13:44:54.999131-04:00,63.2637,0.1992
HUT-20261007T14555881179,HUT,2026-10-07,2026-10-07T13:44:54.999131-04:00,88.7925,0.2965
CDNA-20261007T13361674905,CDNA,2026-10-07,2026-10-07T13:45:05.355142-04:00,63.28,0.1735
HUT-20261007T14555881179,HUT,2026-10-07,2026-10-07T13:45:05.355142-04:00,88.8116,0.3181
CDNA-20261007T13361674905,CDNA,2026-10-07,2026-10-07T13:45:15.875121-04:00,63.28,0.1735
HUT-20261007T14555881179,HUT,2026-10-07,2026-10-07T13:45:15.875121-04:00,88.81,0.3163
CDNA-20261007T13361674905,CDNA,2026-10-07,2026-10-07T13:45:26.442110-04:00,63.265,0.1972
HUT-20261007T14555881179,HUT,2026-10-07,2026-10-07T13:45:26.442110-04:00,88.7679,0.2687
CDNA-20261007T13361674905,CDNA,2026-10-07,2026-10-07T13:45:37.089360-04:00,63.24,0.2366
HUT-20261007T14555881179,HUT,2026-10-07,2026-10-07T13:45:37.089360-04:00,88.7875,0.2909
CDNA-20261007T13361674905,CDNA,2026-10-07,2026-10-07T13:45:47.711516-04:00,63.305,0.1341
HUT-20261007T14555881179,HUT,2026-10-07,2026-10-07T13:45:47.711516-04:00,88.785,0.288
CDNA-20261007T13361674905,CDNA,2026-10-07,2026-10-07T13:45:58.288973-04:00,63.32,0.1104
HUT-20261007T14555881179,HUT,2026-10-07,2026-10-07T13:45:58.288973-04:00,88.775,0.2767
CDNA-20261007T13361674905,CDNA,2026-10-07,2026-10-07T13:46:08.844910-04:00,63.3609,0.0459
HUT-20261007T14555881179,HUT,2026-10-07,2026-10-07T13:46:08.844910-04:00,88.7757,0.2775
CDNA-20261007T13361674905,CDNA,2026-10-07,2026-10-07T13:46:19.465687-04:00,63.24,0.2366
HUT-20261007T14555881179,HUT,2026-10-07,2026-10-07T13:46:19.465687-04:00,88.82,0.3276
CDNA-20261007T13361674905,CDNA,2026-10-07,2026-10-07T13:46:30.041859-04:00,63.29,0.1578
HUT-20261007T14555881179,HUT,2026-10-07,2026-10-07T13:46:30.041859-04:00,88.7989,0.3037
CDNA-20261007T13361674905,CDNA,2026-10-07,2026-10-07T13:46:40.613924-04:00,63.3,0.142
HUT-20261007T14555881179,HUT,2026-10-07,2026-10-07T13:46:40.613924-04:00,88.87,0.3841
CDNA-20261007T13361674905,CDNA,2026-10-07,2026-10-07T13:46:51.257885-04:00,63.295,0.1499
HUT-20261007T14555881179,HUT,2026-10-07,2026-10-07T13:46:51.257885-04:00,88.82,0.3276
CDNA-20261007T13361674905,CDNA,2026-10-07,2026-10-07T13:47:01.935610-04:00,63.3,0.142
HUT-20261007T14555881179,HUT,2026-10-07,2026-10-07T13:47:01.935610-04:00,88.9,0.4179
CDNA-20261007T13361674905,CDNA,2026-10-07,2026-10-07T13:47:12.596497-04:00,63.21,0.284
HUT-20261007T14555881179,HUT,2026-10-07,2026-10-07T13:47:12.596497-04:00,88.86,0.3728
CDNA-20261007T13361674905,CDNA,2026-10-07,2026-10-07T13:47:23.210501-04:00,63.305,0.1341
HUT-20261007T14555881179,HUT,2026-10-07,2026-10-07T13:47:23.210501-04:00,88.895,0.4123
CDNA-20261007T13361674905,CDNA,2026-10-07,2026-10-07T13:47:33.766976-04:00,63.3415,0.0765
HUT-20261007T14555881179,HUT,2026-10-07,2026-10-07T13:47:33.766976-04:00,88.895,0.4123
CDNA-20261007T13361674905,CDNA,2026-10-07,2026-10-07T13:47:44.250791-04:00,63.21,0.284
HUT-20261007T14555881179,HUT,2026-10-07,2026-10-07T13:47:44.250791-04:00,88.93,0.4518
CDNA-20261007T13361674905,CDNA,2026-10-07,2026-10-07T13:47:54.728999-04:00,63.295,0.1499
HUT-20261007T14555881179,HUT,2026-10-07,2026-10-07T13:47:54.728999-04:00,88.8511,0.3627
CDNA-20261007T13361674905,CDNA,2026-10-07,2026-10-07T13:48:05.270925-04:00,63.305,0.1341
HUT-20261007T14555881179,HUT,2026-10-07,2026-10-07T13:48:05.270925-04:00,88.92,0.4405
CDNA-20261007T13361674905,CDNA,2026-10-07,2026-10-07T13:48:15.695097-04:00,63.2962,0.148
HUT-20261007T14555881179,HUT,2026-10-07,2026-10-07T13:48:15.695097-04:00,88.8412,0.3515
CDNA-20261007T13361674905,CDNA,2026-10-07,2026-10-07T13:48:26.198031-04:00,63.305,0.1341
HUT-20261007T14555881179,HUT,2026-10-07,2026-10-07T13:48:26.198031-04:00,88.8563,0.3686
CDNA-20261007T13361674905,CDNA,2026-10-07,2026-10-07T13:48:36.736139-04:00,63.2966,0.1473
HUT-20261007T14555881179,HUT,2026-10-07,2026-10-07T13:48:36.736139-04:00,88.8553,0.3674
CDNA-20261007T13361674905,CDNA,2026-10-07,2026-10-07T13:48:47.237006-04:00,63.3407,0.0778
HUT-20261007T14555881179,HUT,2026-10-07,2026-10-07T13:48:47.237006-04:00,88.865,0.3784
CDNA-20261007T13361674905,CDNA,2026-10-07,2026-10-07T13:48:57.785890-04:00,63.2918,0.1549
HUT-20261007T14555881179,HUT,2026-10-07,2026-10-07T13:48:57.785890-04:00,88.8548,0.3669
CDNA-20261007T13361674905,CDNA,2026-10-07,2026-10-07T13:49:08.362752-04:00,63.32,0.1104
HUT-20261007T14555881179,HUT,2026-10-07,2026-10-07T13:49:08.362752-04:00,88.87,0.3841
CDNA-20261007T13361674905,CDNA,2026-10-07,2026-10-07T13:49:18.829523-04:00,63.315,0.1183
HUT-20261007T14555881179,HUT,2026-10-07,2026-10-07T13:49:18.829523-04:00,88.8542,0.3662
CDNA-20261007T13361674905,CDNA,2026-10-07,2026-10-07T13:49:29.323073-04:00,63.315,0.1183
HUT-20261007T14555881179,HUT,2026-10-07,2026-10-07T13:49:29.323073-04:00,88.8425,0.353
CDNA-20261007T13361674905,CDNA,2026-10-07,2026-10-07T13:49:39.797809-04:00,63.37,0.0316
HUT-20261007T14555881179,HUT,2026-10-07,2026-10-07T13:49:39.797809-04:00,88.9,0.4179
CDNA-20261007T13361674905,CDNA,2026-10-07,2026-10-07T13:49:50.271244-04:00,63.37,0.0316
HUT-20261007T14555881179,HUT,2026-10-07,2026-10-07T13:49:50.271244-04:00,88.93,0.4518
CDNA-20261007T13361674905,CDNA,2026-10-07,2026-10-07T13:50:00.723018-04:00,63.3477,0.0667
HUT-20261007T14555881179,HUT,2026-10-07,2026-10-07T13:50:00.723018-04:00,88.8725,0.3869
CDNA-20261007T13361674905,CDNA,2026-10-07,2026-10-07T13:50:11.142358-04:00,63.34,0.0789
HUT-20261007T14555881179,HUT,2026-10-07,2026-10-07T13:50:11.142358-04:00,88.885,0.401
CDNA-20261007T13361674905,CDNA,2026-10-07,2026-10-07T13:50:21.699344-04:00,63.32,0.1104
HUT-20261007T14555881179,HUT,2026-10-07,2026-10-07T13:50:21.699344-04:00,88.875,0.3897
CDNA-20261007T13361674905,CDNA,2026-10-07,2026-10-07T13:50:32.166568-04:00,63.355,0.0552
HUT-20261007T14555881179,HUT,2026-10-07,2026-10-07T13:50:32.166568-04:00,88.8423,0.3528
CDNA-20261007T13361674905,CDNA,2026-10-07,2026-10-07T13:50:42.523432-04:00,63.355,0.0552
HUT-20261007T14555881179,HUT,2026-10-07,2026-10-07T13:50:42.523432-04:00,88.78,0.2824
CDNA-20261007T13361674905,CDNA,2026-10-07,2026-10-07T13:50:52.869144-04:00,63.355,0.0552
HUT-20261007T14555881179,HUT,2026-10-07,2026-10-07T13:50:52.869144-04:00,88.76,0.2598
CDNA-20261007T13361674905,CDNA,2026-10-07,2026-10-07T13:51:03.213927-04:00,63.355,0.0552
HUT-20261007T14555881179,HUT,2026-10-07,2026-10-07T13:51:03.213927-04:00,88.735,0.2316
CDNA-20261007T13361674905,CDNA,2026-10-07,2026-10-07T13:51:13.618904-04:00,63.3206,0.1095
HUT-20261007T14555881179,HUT,2026-10-07,2026-10-07T13:51:13.618904-04:00,88.8639,0.3772
CDNA-20261007T13361674905,CDNA,2026-10-07,2026-10-07T13:51:23.945532-04:00,63.355,0.0552
HUT-20261007T14555881179,HUT,2026-10-07,2026-10-07T13:51:23.945532-04:00,88.75,0.2485
CDNA-20261007T13361674905,CDNA,2026-10-07,2026-10-07T13:51:34.262800-04:00,63.37,0.0316
HUT-20261007T14555881179,HUT,2026-10-07,2026-10-07T13:51:34.262800-04:00,88.78,0.2824
CDNA-20261007T13361674905,CDNA,2026-10-07,2026-10-07T13:51:44.595695-04:00,63.335,0.0868
HUT-20261007T14555881179,HUT,2026-10-07,2026-10-07T13:51:44.595695-04:00,88.82,0.3276
CDNA-20261007T13361674905,CDNA,2026-10-07,2026-10-07T13:51:54.947531-04:00,63.336,0.0852
HUT-20261007T14555881179,HUT,2026-10-07,2026-10-07T13:51:54.947531-04:00,88.89,0.4066
CDNA-20261007T13361674905,CDNA,2026-10-07,2026-10-07T13:52:05.386497-04:00,63.32,0.1104
HUT-20261007T14555881179,HUT,2026-10-07,2026-10-07T13:52:05.386497-04:00,88.9,0.4179
CDNA-20261007T13361674905,CDNA,2026-10-07,2026-10-07T13:52:15.886194-04:00,63.34,0.0789
HUT-20261007T14555881179,HUT,2026-10-07,2026-10-07T13:52:15.886194-04:00,88.88,0.3953
CDNA-20261007T13361674905,CDNA,2026-10-07,2026-10-07T13:52:26.413901-04:00,63.28,0.1735
HUT-20261007T14555881179,HUT,2026-10-07,2026-10-07T13:52:26.413901-04:00,88.925,0.4462
CDNA-20261007T13361674905,CDNA,2026-10-07,2026-10-07T13:52:36.826342-04:00,63.325,0.1025
HUT-20261007T14555881179,HUT,2026-10-07,2026-10-07T13:52:36.826342-04:00,88.99,0.5196
CDNA-20261007T13361674905,CDNA,2026-10-07,2026-10-07T13:52:47.204039-04:00,63.3168,0.1155
HUT-20261007T14555881179,HUT,2026-10-07,2026-10-07T13:52:47.204039-04:00,88.98,0.5083
CDNA-20261007T13361674905,CDNA,2026-10-07,2026-10-07T13:52:57.687113-04:00,63.32,0.1104
HUT-20261007T14555881179,HUT,2026-10-07,2026-10-07T13:52:57.687113-04:00,88.98,0.5083
CDNA-20261007T13361674905,CDNA,2026-10-07,2026-10-07T13:53:08.087546-04:00,63.3109,0.1248
HUT-20261007T14555881179,HUT,2026-10-07,2026-10-07T13:53:08.087546-04:00,88.97,0.497
CDNA-20261007T13361674905,CDNA,2026-10-07,2026-10-07T13:53:18.425915-04:00,63.2853,0.1652
HUT-20261007T14555881179,HUT,2026-10-07,2026-10-07T13:53:18.425915-04:00,88.98,0.5083
CDNA-20261007T13361674905,CDNA,2026-10-07,2026-10-07T13:53:28.729416-04:00,63.2901,0.1576
HUT-20261007T14555881179,HUT,2026-10-07,2026-10-07T13:53:28.729416-04:00,88.98,0.5083
CDNA-20261007T13361674905,CDNA,2026-10-07,2026-10-07T13:53:39.091096-04:00,63.395,-0.0079
HUT-20261007T14555881179,HUT,2026-10-07,2026-10-07T13:53:39.091096-04:00,88.98,0.5083
CDNA-20261007T13361674905,CDNA,2026-10-07,2026-10-07T13:53:49.376091-04:00,63.395,-0.0079
HUT-20261007T14555881179,HUT,2026-10-07,2026-10-07T13:53:49.376091-04:00,88.8835,0.3993
CDNA-20261007T13361674905,CDNA,2026-10-07,2026-10-07T13:53:59.774568-04:00,63.38,0.0158
HUT-20261007T14555881179,HUT,2026-10-07,2026-10-07T13:53:59.774568-04:00,89.0,0.5309
CDNA-20261007T13361674905,CDNA,2026-10-07,2026-10-07T13:54:10.298008-04:00,63.44,-0.0789
HUT-20261007T14555881179,HUT,2026-10-07,2026-10-07T13:54:10.298008-04:00,88.955,0.4801
CDNA-20261007T13361674905,CDNA,2026-10-07,2026-10-07T13:54:20.666571-04:00,63.405,-0.0237
HUT-20261007T14555881179,HUT,2026-10-07,2026-10-07T13:54:20.666571-04:00,88.9733,0.5007
CDNA-20261007T13361674905,CDNA,2026-10-07,2026-10-07T13:54:31.099835-04:00,63.4,-0.0158
HUT-20261007T14555881179,HUT,2026-10-07,2026-10-07T13:54:31.099835-04:00,88.99,0.5196
CDNA-20261007T13361674905,CDNA,2026-10-07,2026-10-07T13:54:41.518735-04:00,63.38,0.0158
HUT-20261007T14555881179,HUT,2026-10-07,2026-10-07T13:54:41.518735-04:00,89.0,0.5309
CDNA-20261007T13361674905,CDNA,2026-10-07,2026-10-07T13:54:51.890037-04:00,63.4,-0.0158
HUT-20261007T14555881179,HUT,2026-10-07,2026-10-07T13:54:51.890037-04:00,88.9217,0.4424
CDNA-20261007T13361674905,CDNA,2026-10-07,2026-10-07T13:55:02.300127-04:00,63.405,-0.0237
HUT-20261007T14555881179,HUT,2026-10-07,2026-10-07T13:55:02.300127-04:00,89.04,0.5761
CDNA-20261007T13361674905,CDNA,2026-10-07,2026-10-07T13:55:12.617853-04:00,63.38,0.0158
HUT-20261007T14555881179,HUT,2026-10-07,2026-10-07T13:55:12.617853-04:00,88.88,0.3953
CDNA-20261007T13361674905,CDNA,2026-10-07,2026-10-07T13:55:22.939839-04:00,63.405,-0.0237
HUT-20261007T14555881179,HUT,2026-10-07,2026-10-07T13:55:22.939839-04:00,88.855,0.3671
CDNA-20261007T13361674905,CDNA,2026-10-07,2026-10-07T13:55:33.274621-04:00,63.3575,0.0513
HUT-20261007T14555881179,HUT,2026-10-07,2026-10-07T13:55:33.274621-04:00,88.8113,0.3177
CDNA-20261007T13361674905,CDNA,2026-10-07,2026-10-07T13:55:43.569954-04:00,63.375,0.0237
HUT-20261007T14555881179,HUT,2026-10-07,2026-10-07T13:55:43.569954-04:00,88.82,0.3276
CDNA-20261007T13361674905,CDNA,2026-10-07,2026-10-07T13:55:55.126029-04:00,63.35,0.0631
HUT-20261007T14555881179,HUT,2026-10-07,2026-10-07T13:55:55.126029-04:00,88.8,0.305
CDNA-20261007T13361674905,CDNA,2026-10-07,2026-10-07T13:56:06.211131-04:00,63.37,0.0316
HUT-20261007T14555881179,HUT,2026-10-07,2026-10-07T13:56:06.211131-04:00,88.9368,0.4595
CDNA-20261007T13361674905,CDNA,2026-10-07,2026-10-07T13:56:16.888798-04:00,63.38,0.0158
HUT-20261007T14555881179,HUT,2026-10-07,2026-10-07T13:56:16.888798-04:00,88.85,0.3615
CDNA-20261007T13361674905,CDNA,2026-10-07,2026-10-07T13:56:27.546671-04:00,63.3468,0.0681
HUT-20261007T14555881179,HUT,2026-10-07,2026-10-07T13:56:27.546671-04:00,88.9386,0.4615
CDNA-20261007T13361674905,CDNA,2026-10-07,2026-10-07T13:56:37.944587-04:00,63.3492,0.0644
HUT-20261007T14555881179,HUT,2026-10-07,2026-10-07T13:56:37.944587-04:00,88.9435,0.4671
CDNA-20261007T13361674905,CDNA,2026-10-07,2026-10-07T13:56:48.329126-04:00,63.38,0.0158
HUT-20261007T14555881179,HUT,2026-10-07,2026-10-07T13:56:48.329126-04:00,88.92,0.4405
CDNA-20261007T13361674905,CDNA,2026-10-07,2026-10-07T13:56:58.693776-04:00,63.38,0.0158
HUT-20261007T14555881179,HUT,2026-10-07,2026-10-07T13:56:58.693776-04:00,88.99,0.5196
CDNA-20261007T13361674905,CDNA,2026-10-07,2026-10-07T13:57:09.047984-04:00,63.3663,0.0374
HUT-20261007T14555881179,HUT,2026-10-07,2026-10-07T13:57:09.047984-04:00,89.05,0.5874
CDNA-20261007T13361674905,CDNA,2026-10-07,2026-10-07T13:57:19.455999-04:00,63.3685,0.0339
HUT-20261007T14555881179,HUT,2026-10-07,2026-10-07T13:57:19.455999-04:00,89.05,0.5874
CDNA-20261007T13361674905,CDNA,2026-10-07,2026-10-07T13:57:29.788820-04:00,63.3762,0.0218
HUT-20261007T14555881179,HUT,2026-10-07,2026-10-07T13:57:29.788820-04:00,88.92,0.4405
CDNA-20261007T13361674905,CDNA,2026-10-07,2026-10-07T13:57:40.075400-04:00,63.3591,0.0487
HUT-20261007T14555881179,HUT,2026-10-07,2026-10-07T13:57:40.075400-04:00,88.9929,0.5229
CDNA-20261007T13361674905,CDNA,2026-10-07,2026-10-07T13:57:50.398201-04:00,63.3596,0.048
HUT-20261007T14555881179,HUT,2026-10-07,2026-10-07T13:57:50.398201-04:00,88.9723,0.4996
CDNA-20261007T13361674905,CDNA,2026-10-07,2026-10-07T13:58:00.713650-04:00,63.38,0.0158
HUT-20261007T14555881179,HUT,2026-10-07,2026-10-07T13:58:00.713650-04:00,88.972,0.4993
CDNA-20261007T13361674905,CDNA,2026-10-07,2026-10-07T13:58:11.094903-04:00,63.38,0.0158
HUT-20261007T14555881179,HUT,2026-10-07,2026-10-07T13:58:11.094903-04:00,88.972,0.4993
CDNA-20261007T13361674905,CDNA,2026-10-07,2026-10-07T13:58:21.627646-04:00,63.3631,0.0424
HUT-20261007T14555881179,HUT,2026-10-07,2026-10-07T13:58:21.627646-04:00,88.94,0.4631
CDNA-20261007T13361674905,CDNA,2026-10-07,2026-10-07T13:58:32.657325-04:00,63.3631,0.0424
HUT-20261007T14555881179,HUT,2026-10-07,2026-10-07T13:58:32.657325-04:00,88.9729,0.5003
CDNA-20261007T13361674905,CDNA,2026-10-07,2026-10-07T13:58:43.109395-04:00,63.38,0.0158
HUT-20261007T14555881179,HUT,2026-10-07,2026-10-07T13:58:43.109395-04:00,88.98,0.5083
CDNA-20261007T13361674905,CDNA,2026-10-07,2026-10-07T13:58:53.450158-04:00,63.38,0.0158
HUT-20261007T14555881179,HUT,2026-10-07,2026-10-07T13:58:53.450158-04:00,89.02,0.5535
CDNA-20261007T13361674905,CDNA,2026-10-07,2026-10-07T13:59:03.771842-04:00,63.38,0.0158
HUT-20261007T14555881179,HUT,2026-10-07,2026-10-07T13:59:03.771842-04:00,88.985,0.514
CDNA-20261007T13361674905,CDNA,2026-10-07,2026-10-07T13:59:14.144626-04:00,63.38,0.0158
HUT-20261007T14555881179,HUT,2026-10-07,2026-10-07T13:59:14.144626-04:00,88.98,0.5083
CDNA-20261007T13361674905,CDNA,2026-10-07,2026-10-07T13:59:24.458461-04:00,63.3675,0.0355
HUT-20261007T14555881179,HUT,2026-10-07,2026-10-07T13:59:24.458461-04:00,88.93,0.4518
CDNA-20261007T13361674905,CDNA,2026-10-07,2026-10-07T13:59:34.743369-04:00,63.39,-0.0
HUT-20261007T14555881179,HUT,2026-10-07,2026-10-07T13:59:34.743369-04:00,88.775,0.2767
CDNA-20261007T13361674905,CDNA,2026-10-07,2026-10-07T13:59:45.051458-04:00,63.36,0.0473
HUT-20261007T14555881179,HUT,2026-10-07,2026-10-07T13:59:45.051458-04:00,88.9446,0.4683
CDNA-20261007T13361674905,CDNA,2026-10-07,2026-10-07T13:59:55.338443-04:00,63.3761,0.0219
HUT-20261007T14555881179,HUT,2026-10-07,2026-10-07T13:59:55.338443-04:00,88.8,0.305
CDNA-20261007T13361674905,CDNA,2026-10-07,2026-10-07T14:00:05.706559-04:00,63.34,0.0789
HUT-20261007T14555881179,HUT,2026-10-07,2026-10-07T14:00:05.706559-04:00,88.75,0.2485
CDNA-20261007T13361674905,CDNA,2026-10-07,2026-10-07T14:00:16.366016-04:00,63.34,0.0789
HUT-20261007T14555881179,HUT,2026-10-07,2026-10-07T14:00:16.366016-04:00,88.745,0.2429
CDNA-20261007T13361674905,CDNA,2026-10-07,2026-10-07T14:00:26.983124-04:00,63.3753,0.0232
HUT-20261007T14555881179,HUT,2026-10-07,2026-10-07T14:00:26.983124-04:00,88.9247,0.4458
CDNA-20261007T13361674905,CDNA,2026-10-07,2026-10-07T14:00:37.847286-04:00,63.285,0.1656
HUT-20261007T14555881179,HUT,2026-10-07,2026-10-07T14:00:37.847286-04:00,88.63,0.113
CDNA-20261007T13361674905,CDNA,2026-10-07,2026-10-07T14:00:48.386577-04:00,63.32,0.1104
HUT-20261007T14555881179,HUT,2026-10-07,2026-10-07T14:00:48.386577-04:00,88.57,0.0452
CDNA-20261007T13361674905,CDNA,2026-10-07,2026-10-07T14:00:58.938938-04:00,63.3733,0.0263
HUT-20261007T14555881179,HUT,2026-10-07,2026-10-07T14:00:58.938938-04:00,88.63,0.113
CDNA-20261007T13361674905,CDNA,2026-10-07,2026-10-07T14:01:09.640820-04:00,63.325,0.1025
HUT-20261007T14555881179,HUT,2026-10-07,2026-10-07T14:01:09.640820-04:00,88.6358,0.1195
CDNA-20261007T13361674905,CDNA,2026-10-07,2026-10-07T14:01:20.184777-04:00,63.26,0.2051
HUT-20261007T14555881179,HUT,2026-10-07,2026-10-07T14:01:20.184777-04:00,88.615,0.096
CDNA-20261007T13361674905,CDNA,2026-10-07,2026-10-07T14:01:30.781618-04:00,63.26,0.2051
HUT-20261007T14555881179,HUT,2026-10-07,2026-10-07T14:01:30.781618-04:00,88.62,0.1017
CDNA-20261007T13361674905,CDNA,2026-10-07,2026-10-07T14:01:41.240685-04:00,63.22,0.2682
HUT-20261007T14555881179,HUT,2026-10-07,2026-10-07T14:01:41.240685-04:00,88.635,0.1186
CDNA-20261007T13361674905,CDNA,2026-10-07,2026-10-07T14:01:51.754966-04:00,63.275,0.1814
HUT-20261007T14555881179,HUT,2026-10-07,2026-10-07T14:01:51.754966-04:00,88.7,0.192
CDNA-20261007T13361674905,CDNA,2026-10-07,2026-10-07T14:02:02.126712-04:00,63.275,0.1814
HUT-20261007T14555881179,HUT,2026-10-07,2026-10-07T14:02:02.126712-04:00,88.61,0.0904
CDNA-20261007T13361674905,CDNA,2026-10-07,2026-10-07T14:02:12.390940-04:00,63.2552,0.2127
HUT-20261007T14555881179,HUT,2026-10-07,2026-10-07T14:02:12.390940-04:00,88.646,0.131
CDNA-20261007T13361674905,CDNA,2026-10-07,2026-10-07T14:02:22.632661-04:00,63.275,0.1814
HUT-20261007T14555881179,HUT,2026-10-07,2026-10-07T14:02:22.632661-04:00,88.7951,0.2994
CDNA-20261007T13361674905,CDNA,2026-10-07,2026-10-07T14:02:32.918806-04:00,63.27,0.1893
HUT-20261007T14555881179,HUT,2026-10-07,2026-10-07T14:02:32.918806-04:00,88.625,0.1073
CDNA-20261007T13361674905,CDNA,2026-10-07,2026-10-07T14:02:43.147338-04:00,63.23,0.2524
HUT-20261007T14555881179,HUT,2026-10-07,2026-10-07T14:02:43.147338-04:00,88.7,0.192
CDNA-20261007T13361674905,CDNA,2026-10-07,2026-10-07T14:02:53.349190-04:00,63.3551,0.0551
HUT-20261007T14555881179,HUT,2026-10-07,2026-10-07T14:02:53.349190-04:00,88.65,0.1355
CDNA-20261007T13361674905,CDNA,2026-10-07,2026-10-07T14:03:03.653590-04:00,63.3587,0.0494
HUT-20261007T14555881179,HUT,2026-10-07,2026-10-07T14:03:03.653590-04:00,88.74,0.2372
CDNA-20261007T13361674905,CDNA,2026-10-07,2026-10-07T14:03:14.100046-04:00,63.25,0.2209
HUT-20261007T14555881179,HUT,2026-10-07,2026-10-07T14:03:14.100046-04:00,88.763,0.2632
CDNA-20261007T13361674905,CDNA,2026-10-07,2026-10-07T14:03:24.677125-04:00,63.25,0.2209
HUT-20261007T14555881179,HUT,2026-10-07,2026-10-07T14:03:24.677125-04:00,88.675,0.1638
CDNA-20261007T13361674905,CDNA,2026-10-07,2026-10-07T14:03:35.143950-04:00,63.357,0.0521
HUT-20261007T14555881179,HUT,2026-10-07,2026-10-07T14:03:35.143950-04:00,88.72,0.2146
CDNA-20261007T13361674905,CDNA,2026-10-07,2026-10-07T14:03:45.537653-04:00,63.3533,0.0579
HUT-20261007T14555881179,HUT,2026-10-07,2026-10-07T14:03:45.537653-04:00,88.7394,0.2365
CDNA-20261007T13361674905,CDNA,2026-10-07,2026-10-07T14:03:55.908656-04:00,63.26,0.2051
HUT-20261007T14555881179,HUT,2026-10-07,2026-10-07T14:03:55.908656-04:00,88.73,0.2259
CDNA-20261007T13361674905,CDNA,2026-10-07,2026-10-07T14:04:06.313889-04:00,63.26,0.2051
HUT-20261007T14555881179,HUT,2026-10-07,2026-10-07T14:04:06.313889-04:00,88.76,0.2598
CDNA-20261007T13361674905,CDNA,2026-10-07,2026-10-07T14:04:16.929786-04:00,63.3,0.142
HUT-20261007T14555881179,HUT,2026-10-07,2026-10-07T14:04:16.929786-04:00,88.7141,0.208
CDNA-20261007T13361674905,CDNA,2026-10-07,2026-10-07T14:04:27.431573-04:00,63.2316,0.2499
HUT-20261007T14555881179,HUT,2026-10-07,2026-10-07T14:04:27.431573-04:00,88.7556,0.2548
CDNA-20261007T13361674905,CDNA,2026-10-07,2026-10-07T14:04:37.860716-04:00,63.32,0.1104
HUT-20261007T14555881179,HUT,2026-10-07,2026-10-07T14:04:37.860716-04:00,88.795,0.2993
CDNA-20261007T13361674905,CDNA,2026-10-07,2026-10-07T14:04:48.323419-04:00,63.32,0.1104
HUT-20261007T14555881179,HUT,2026-10-07,2026-10-07T14:04:48.323419-04:00,88.703,0.1954
CDNA-20261007T13361674905,CDNA,2026-10-07,2026-10-07T14:04:58.621068-04:00,63.3175,0.1144
HUT-20261007T14555881179,HUT,2026-10-07,2026-10-07T14:04:58.621068-04:00,88.86,0.3728
CDNA-20261007T13361674905,CDNA,2026-10-07,2026-10-07T14:05:08.998877-04:00,63.327,0.0994
HUT-20261007T14555881179,HUT,2026-10-07,2026-10-07T14:05:08.998877-04:00,89.07,0.61
CDNA-20261007T13361674905,CDNA,2026-10-07,2026-10-07T14:05:19.462298-04:00,63.327,0.0994
HUT-20261007T14555881179,HUT,2026-10-07,2026-10-07T14:05:19.462298-04:00,88.7406,0.2379
CDNA-20261007T13361674905,CDNA,2026-10-07,2026-10-07T14:05:30.146189-04:00,63.2464,0.2265
HUT-20261007T14555881179,HUT,2026-10-07,2026-10-07T14:05:30.146189-04:00,88.7518,0.2505
CDNA-20261007T13361674905,CDNA,2026-10-07,2026-10-07T14:05:40.432855-04:00,63.35,0.0631
HUT-20261007T14555881179,HUT,2026-10-07,2026-10-07T14:05:40.432855-04:00,88.7616,0.2616
CDNA-20261007T13361674905,CDNA,2026-10-07,2026-10-07T14:05:50.844393-04:00,63.3,0.142
HUT-20261007T14555881179,HUT,2026-10-07,2026-10-07T14:05:50.844393-04:00,89.045,0.5817
CDNA-20261007T13361674905,CDNA,2026-10-07,2026-10-07T14:06:01.343372-04:00,63.31,0.1262
HUT-20261007T14555881179,HUT,2026-10-07,2026-10-07T14:06:01.343372-04:00,89.0425,0.5789
CDNA-20261007T13361674905,CDNA,2026-10-07,2026-10-07T14:06:11.808179-04:00,63.3183,0.1131
HUT-20261007T14555881179,HUT,2026-10-07,2026-10-07T14:06:11.808179-04:00,88.8318,0.3409
CDNA-20261007T13361674905,CDNA,2026-10-07,2026-10-07T14:06:22.346523-04:00,63.3486,0.0653
HUT-20261007T14555881179,HUT,2026-10-07,2026-10-07T14:06:22.346523-04:00,88.9209,0.4415
CDNA-20261007T13361674905,CDNA,2026-10-07,2026-10-07T14:06:32.729171-04:00,63.315,0.1183
HUT-20261007T14555881179,HUT,2026-10-07,2026-10-07T14:06:32.729171-04:00,89.05,0.5874
CDNA-20261007T13361674905,CDNA,2026-10-07,2026-10-07T14:06:43.035100-04:00,63.31,0.1262
HUT-20261007T14555881179,HUT,2026-10-07,2026-10-07T14:06:43.035100-04:00,89.0442,0.5808
CDNA-20261007T13361674905,CDNA,2026-10-07,2026-10-07T14:06:53.451178-04:00,63.3474,0.0672
HUT-20261007T14555881179,HUT,2026-10-07,2026-10-07T14:06:53.451178-04:00,89.17,0.7229
CDNA-20261007T13361674905,CDNA,2026-10-07,2026-10-07T14:07:03.775461-04:00,63.31,0.1262
HUT-20261007T14555881179,HUT,2026-10-07,2026-10-07T14:07:03.775461-04:00,89.145,0.6947
CDNA-20261007T13361674905,CDNA,2026-10-07,2026-10-07T14:07:14.179855-04:00,63.31,0.1262
HUT-20261007T14555881179,HUT,2026-10-07,2026-10-07T14:07:14.179855-04:00,89.118,0.6642
CDNA-20261007T13361674905,CDNA,2026-10-07,2026-10-07T14:07:24.523006-04:00,63.31,0.1262
HUT-20261007T14555881179,HUT,2026-10-07,2026-10-07T14:07:24.523006-04:00,89.145,0.6947
CDNA-20261007T13361674905,CDNA,2026-10-07,2026-10-07T14:07:34.920303-04:00,63.31,0.1262
HUT-20261007T14555881179,HUT,2026-10-07,2026-10-07T14:07:34.920303-04:00,89.135,0.6834
CDNA-20261007T13361674905,CDNA,2026-10-07,2026-10-07T14:07:45.222850-04:00,63.315,0.1183
HUT-20261007T14555881179,HUT,2026-10-07,2026-10-07T14:07:45.222850-04:00,88.985,0.514
CDNA-20261007T13361674905,CDNA,2026-10-07,2026-10-07T14:07:55.490831-04:00,63.3016,0.1395
HUT-20261007T14555881179,HUT,2026-10-07,2026-10-07T14:07:55.490831-04:00,89.07,0.61
CDNA-20261007T13361674905,CDNA,2026-10-07,2026-10-07T14:08:05.750897-04:00,63.28,0.1735
HUT-20261007T14555881179,HUT,2026-10-07,2026-10-07T14:08:05.750897-04:00,88.9765,0.5043
CDNA-20261007T13361674905,CDNA,2026-10-07,2026-10-07T14:08:16.032064-04:00,63.305,0.1341
HUT-20261007T14555881179,HUT,2026-10-07,2026-10-07T14:08:16.032064-04:00,88.985,0.514
CDNA-20261007T13361674905,CDNA,2026-10-07,2026-10-07T14:08:26.322121-04:00,63.305,0.1341
HUT-20261007T14555881179,HUT,2026-10-07,2026-10-07T14:08:26.322121-04:00,88.985,0.514
CDNA-20261007T13361674905,CDNA,2026-10-07,2026-10-07T14:08:36.667963-04:00,63.28,0.1735
HUT-20261007T14555881179,HUT,2026-10-07,2026-10-07T14:08:36.667963-04:00,88.96,0.4857
CDNA-20261007T13361674905,CDNA,2026-10-07,2026-10-07T14:08:46.983944-04:00,63.305,0.1341
HUT-20261007T14555881179,HUT,2026-10-07,2026-10-07T14:08:46.983944-04:00,88.96,0.4857
CDNA-20261007T13361674905,CDNA,2026-10-07,2026-10-07T14:08:57.282449-04:00,63.305,0.1341
HUT-20261007T14555881179,HUT,2026-10-07,2026-10-07T14:08:57.282449-04:00,88.9865,0.5156
CDNA-20261007T13361674905,CDNA,2026-10-07,2026-10-07T14:09:07.566411-04:00,63.34,0.0789
HUT-20261007T14555881179,HUT,2026-10-07,2026-10-07T14:09:07.566411-04:00,88.885,0.401
CDNA-20261007T13361674905,CDNA,2026-10-07,2026-10-07T14:09:17.858159-04:00,63.305,0.1341
HUT-20261007T14555881179,HUT,2026-10-07,2026-10-07T14:09:17.858159-04:00,88.989,0.5185
CDNA-20261007T13361674905,CDNA,2026-10-07,2026-10-07T14:09:28.215871-04:00,63.34,0.0789
HUT-20261007T14555881179,HUT,2026-10-07,2026-10-07T14:09:28.215871-04:00,88.895,0.4123
CDNA-20261007T13361674905,CDNA,2026-10-07,2026-10-07T14:09:38.448779-04:00,63.305,0.1341
HUT-20261007T14555881179,HUT,2026-10-07,2026-10-07T14:09:38.448779-04:00,88.95,0.4744
CDNA-20261007T13361674905,CDNA,2026-10-07,2026-10-07T14:09:48.811644-04:00,63.33,0.0947
HUT-20261007T14555881179,HUT,2026-10-07,2026-10-07T14:09:48.811644-04:00,89.0207,0.5543
CDNA-20261007T13361674905,CDNA,2026-10-07,2026-10-07T14:09:59.129369-04:00,63.3075,0.1301
HUT-20261007T14555881179,HUT,2026-10-07,2026-10-07T14:09:59.129369-04:00,88.9225,0.4434
CDNA-20261007T13361674905,CDNA,2026-10-07,2026-10-07T14:10:09.412735-04:00,63.305,0.1341
HUT-20261007T14555881179,HUT,2026-10-07,2026-10-07T14:10:09.412735-04:00,88.95,0.4744
CDNA-20261007T13361674905,CDNA,2026-10-07,2026-10-07T14:10:19.950791-04:00,63.3058,0.1328
HUT-20261007T14555881179,HUT,2026-10-07,2026-10-07T14:10:19.950791-04:00,88.955,0.4801
CDNA-20261007T13361674905,CDNA,2026-10-07,2026-10-07T14:10:30.423694-04:00,63.31,0.1262
HUT-20261007T14555881179,HUT,2026-10-07,2026-10-07T14:10:30.423694-04:00,88.955,0.4801
CDNA-20261007T13361674905,CDNA,2026-10-07,2026-10-07T14:10:40.825652-04:00,63.27,0.1893
HUT-20261007T14555881179,HUT,2026-10-07,2026-10-07T14:10:40.825652-04:00,89.0193,0.5527
CDNA-20261007T13361674905,CDNA,2026-10-07,2026-10-07T14:10:51.376548-04:00,63.29,0.1578
HUT-20261007T14555881179,HUT,2026-10-07,2026-10-07T14:10:51.376548-04:00,88.88,0.3953
CDNA-20261007T13361674905,CDNA,2026-10-07,2026-10-07T14:11:01.894881-04:00,63.2899,0.1579
HUT-20261007T14555881179,HUT,2026-10-07,2026-10-07T14:11:01.894881-04:00,88.9126,0.4322
CDNA-20261007T13361674905,CDNA,2026-10-07,2026-10-07T14:11:12.360711-04:00,63.2892,0.159
HUT-20261007T14555881179,HUT,2026-10-07,2026-10-07T14:11:12.360711-04:00,88.97,0.497
CDNA-20261007T13361674905,CDNA,2026-10-07,2026-10-07T14:11:22.801759-04:00,63.305,0.1341
HUT-20261007T14555881179,HUT,2026-10-07,2026-10-07T14:11:22.801759-04:00,88.96,0.4857
CDNA-20261007T13361674905,CDNA,2026-10-07,2026-10-07T14:11:33.184277-04:00,63.305,0.1341
HUT-20261007T14555881179,HUT,2026-10-07,2026-10-07T14:11:33.184277-04:00,88.9991,0.5299
CDNA-20261007T13361674905,CDNA,2026-10-07,2026-10-07T14:11:43.601840-04:00,63.3048,0.1344
HUT-20261007T14555881179,HUT,2026-10-07,2026-10-07T14:11:43.601840-04:00,88.9981,0.5287
CDNA-20261007T13361674905,CDNA,2026-10-07,2026-10-07T14:11:53.921904-04:00,63.305,0.1341
HUT-20261007T14555881179,HUT,2026-10-07,2026-10-07T14:11:53.921904-04:00,89.03,0.5648
CDNA-20261007T13361674905,CDNA,2026-10-07,2026-10-07T14:12:04.378076-04:00,63.2958,0.1486
HUT-20261007T14555881179,HUT,2026-10-07,2026-10-07T14:12:04.378076-04:00,89.01,0.5422
CDNA-20261007T13361674905,CDNA,2026-10-07,2026-10-07T14:12:14.774864-04:00,63.25,0.2209
HUT-20261007T14555881179,HUT,2026-10-07,2026-10-07T14:12:14.774864-04:00,89.05,0.5874
CDNA-20261007T13361674905,CDNA,2026-10-07,2026-10-07T14:12:25.255173-04:00,63.2833,0.1683
HUT-20261007T14555881179,HUT,2026-10-07,2026-10-07T14:12:25.255173-04:00,89.03,0.5648
CDNA-20261007T13361674905,CDNA,2026-10-07,2026-10-07T14:12:35.682794-04:00,63.25,0.2209
HUT-20261007T14555881179,HUT,2026-10-07,2026-10-07T14:12:35.682794-04:00,88.9641,0.4903
CDNA-20261007T13361674905,CDNA,2026-10-07,2026-10-07T14:12:46.101095-04:00,63.2861,0.1639
HUT-20261007T14555881179,HUT,2026-10-07,2026-10-07T14:12:46.101095-04:00,88.995,0.5252
CDNA-20261007T13361674905,CDNA,2026-10-07,2026-10-07T14:12:56.497101-04:00,63.2912,0.1559
HUT-20261007T14555881179,HUT,2026-10-07,2026-10-07T14:12:56.497101-04:00,88.92,0.4405
CDNA-20261007T13361674905,CDNA,2026-10-07,2026-10-07T14:13:06.876276-04:00,63.24,0.2366
HUT-20261007T14555881179,HUT,2026-10-07,2026-10-07T14:13:06.876276-04:00,88.9622,0.4882
CDNA-20261007T13361674905,CDNA,2026-10-07,2026-10-07T14:13:17.400993-04:00,63.24,0.2366
HUT-20261007T14555881179,HUT,2026-10-07,2026-10-07T14:13:17.400993-04:00,88.95,0.4744
CDNA-20261007T13361674905,CDNA,2026-10-07,2026-10-07T14:13:27.893838-04:00,63.255,0.213
HUT-20261007T14555881179,HUT,2026-10-07,2026-10-07T14:13:27.893838-04:00,88.97,0.497
CDNA-20261007T13361674905,CDNA,2026-10-07,2026-10-07T14:13:38.296483-04:00,63.25,0.2209
HUT-20261007T14555881179,HUT,2026-10-07,2026-10-07T14:13:38.296483-04:00,88.945,0.4688
CDNA-20261007T13361674905,CDNA,2026-10-07,2026-10-07T14:13:48.699884-04:00,63.291,0.1562
HUT-20261007T14555881179,HUT,2026-10-07,2026-10-07T14:13:48.699884-04:00,88.96,0.4857
CDNA-20261007T13361674905,CDNA,2026-10-07,2026-10-07T14:13:58.987431-04:00,63.2496,0.2215
HUT-20261007T14555881179,HUT,2026-10-07,2026-10-07T14:13:58.987431-04:00,88.965,0.4914
CDNA-20261007T13361674905,CDNA,2026-10-07,2026-10-07T14:14:09.340746-04:00,63.26,0.2051
HUT-20261007T14555881179,HUT,2026-10-07,2026-10-07T14:14:09.340746-04:00,89.01,0.5422
CDNA-20261007T13361674905,CDNA,2026-10-07,2026-10-07T14:14:19.744547-04:00,63.2612,0.2032
HUT-20261007T14555881179,HUT,2026-10-07,2026-10-07T14:14:19.744547-04:00,89.01,0.5422
CDNA-20261007T13361674905,CDNA,2026-10-07,2026-10-07T14:14:30.079065-04:00,63.23,0.2524
HUT-20261007T14555881179,HUT,2026-10-07,2026-10-07T14:14:30.079065-04:00,89.0,0.5309
CDNA-20261007T13361674905,CDNA,2026-10-07,2026-10-07T14:14:40.409030-04:00,63.265,0.1972
HUT-20261007T14555881179,HUT,2026-10-07,2026-10-07T14:14:40.409030-04:00,88.9872,0.5164
CDNA-20261007T13361674905,CDNA,2026-10-07,2026-10-07T14:14:50.669561-04:00,63.265,0.1972
HUT-20261007T14555881179,HUT,2026-10-07,2026-10-07T14:14:50.669561-04:00,88.9397,0.4628
CDNA-20261007T13361674905,CDNA,2026-10-07,2026-10-07T14:15:00.950859-04:00,63.265,0.1972
HUT-20261007T14555881179,HUT,2026-10-07,2026-10-07T14:15:00.950859-04:00,88.915,0.4349
CDNA-20261007T13361674905,CDNA,2026-10-07,2026-10-07T14:15:11.340882-04:00,63.26,0.2051
HUT-20261007T14555881179,HUT,2026-10-07,2026-10-07T14:15:11.340882-04:00,89.015,0.5478
CDNA-20261007T13361674905,CDNA,2026-10-07,2026-10-07T14:15:21.770834-04:00,63.275,0.1814
HUT-20261007T14555881179,HUT,2026-10-07,2026-10-07T14:15:21.770834-04:00,89.06,0.5987
CDNA-20261007T13361674905,CDNA,2026-10-07,2026-10-07T14:15:32.243679-04:00,63.2889,0.1595
HUT-20261007T14555881179,HUT,2026-10-07,2026-10-07T14:15:32.243679-04:00,89.06,0.5987
CDNA-20261007T13361674905,CDNA,2026-10-07,2026-10-07T14:15:42.498321-04:00,63.29,0.1578
HUT-20261007T14555881179,HUT,2026-10-07,2026-10-07T14:15:42.498321-04:00,89.06,0.5987
CDNA-20261007T13361674905,CDNA,2026-10-07,2026-10-07T14:15:52.903896-04:00,63.2677,0.1929
HUT-20261007T14555881179,HUT,2026-10-07,2026-10-07T14:15:52.903896-04:00,89.0543,0.5922
CDNA-20261007T13361674905,CDNA,2026-10-07,2026-10-07T14:16:03.410166-04:00,63.27,0.1893
HUT-20261007T14555881179,HUT,2026-10-07,2026-10-07T14:16:03.410166-04:00,89.03,0.5648
CDNA-20261007T13361674905,CDNA,2026-10-07,2026-10-07T14:16:14.084190-04:00,63.305,0.1341
HUT-20261007T14555881179,HUT,2026-10-07,2026-10-07T14:16:14.084190-04:00,89.06,0.5987
CDNA-20261007T13361674905,CDNA,2026-10-07,2026-10-07T14:16:24.835508-04:00,63.305,0.1341
HUT-20261007T14555881179,HUT,2026-10-07,2026-10-07T14:16:24.835508-04:00,89.025,0.5591
CDNA-20261007T13361674905,CDNA,2026-10-07,2026-10-07T14:16:35.482033-04:00,63.3,0.142
HUT-20261007T14555881179,HUT,2026-10-07,2026-10-07T14:16:35.482033-04:00,89.005,0.5365
CDNA-20261007T13361674905,CDNA,2026-10-07,2026-10-07T14:16:46.097571-04:00,63.315,0.1183
HUT-20261007T14555881179,HUT,2026-10-07,2026-10-07T14:16:46.097571-04:00,89.0,0.5309
CDNA-20261007T13361674905,CDNA,2026-10-07,2026-10-07T14:16:56.622896-04:00,63.2894,0.1587
HUT-20261007T14555881179,HUT,2026-10-07,2026-10-07T14:16:56.622896-04:00,89.0,0.5309
CDNA-20261007T13361674905,CDNA,2026-10-07,2026-10-07T14:17:07.212725-04:00,63.3,0.142
HUT-20261007T14555881179,HUT,2026-10-07,2026-10-07T14:17:07.212725-04:00,89.01,0.5422
CDNA-20261007T13361674905,CDNA,2026-10-07,2026-10-07T14:17:17.691972-04:00,63.33,0.0947
HUT-20261007T14555881179,HUT,2026-10-07,2026-10-07T14:17:17.691972-04:00,89.0,0.5309
CDNA-20261007T13361674905,CDNA,2026-10-07,2026-10-07T14:17:28.206931-04:00,63.305,0.1341
HUT-20261007T14555881179,HUT,2026-10-07,2026-10-07T14:17:28.206931-04:00,89.01,0.5422
CDNA-20261007T13361674905,CDNA,2026-10-07,2026-10-07T14:17:38.594136-04:00,63.305,0.1341
HUT-20261007T14555881179,HUT,2026-10-07,2026-10-07T14:17:38.594136-04:00,89.0563,0.5945
CDNA-20261007T13361674905,CDNA,2026-10-07,2026-10-07T14:17:48.856949-04:00,63.305,0.1341
HUT-20261007T14555881179,HUT,2026-10-07,2026-10-07T14:17:48.856949-04:00,89.05,0.5874
CDNA-20261007T13361674905,CDNA,2026-10-07,2026-10-07T14:17:59.144244-04:00,63.31,0.1262
HUT-20261007T14555881179,HUT,2026-10-07,2026-10-07T14:17:59.144244-04:00,89.0691,0.6089
CDNA-20261007T13361674905,CDNA,2026-10-07,2026-10-07T14:18:09.451727-04:00,63.31,0.1262
HUT-20261007T14555881179,HUT,2026-10-07,2026-10-07T14:18:09.451727-04:00,89.0257,0.5599
CDNA-20261007T13361674905,CDNA,2026-10-07,2026-10-07T14:18:19.948684-04:00,63.31,0.1262
HUT-20261007T14555881179,HUT,2026-10-07,2026-10-07T14:18:19.948684-04:00,89.1252,0.6723
CDNA-20261007T13361674905,CDNA,2026-10-07,2026-10-07T14:18:30.332855-04:00,63.31,0.1262
HUT-20261007T14555881179,HUT,2026-10-07,2026-10-07T14:18:30.332855-04:00,89.13,0.6777
CDNA-20261007T13361674905,CDNA,2026-10-07,2026-10-07T14:18:40.849962-04:00,63.31,0.1262
HUT-20261007T14555881179,HUT,2026-10-07,2026-10-07T14:18:40.849962-04:00,89.0945,0.6376
CDNA-20261007T13361674905,CDNA,2026-10-07,2026-10-07T14:18:52.013985-04:00,63.31,0.1262
HUT-20261007T14555881179,HUT,2026-10-07,2026-10-07T14:18:52.013985-04:00,89.09,0.6326
CDNA-20261007T13361674905,CDNA,2026-10-07,2026-10-07T14:19:02.366789-04:00,63.31,0.1262
HUT-20261007T14555881179,HUT,2026-10-07,2026-10-07T14:19:02.366789-04:00,89.07,0.61
CDNA-20261007T13361674905,CDNA,2026-10-07,2026-10-07T14:19:12.729452-04:00,63.31,0.1262
HUT-20261007T14555881179,HUT,2026-10-07,2026-10-07T14:19:12.729452-04:00,89.0456,0.5824
CDNA-20261007T13361674905,CDNA,2026-10-07,2026-10-07T14:19:23.093517-04:00,63.31,0.1262
HUT-20261007T14555881179,HUT,2026-10-07,2026-10-07T14:19:23.093517-04:00,89.14,0.689
CDNA-20261007T13361674905,CDNA,2026-10-07,2026-10-07T14:19:33.564241-04:00,63.355,0.0552
HUT-20261007T14555881179,HUT,2026-10-07,2026-10-07T14:19:33.564241-04:00,89.21,0.7681
CDNA-20261007T13361674905,CDNA,2026-10-07,2026-10-07T14:19:43.990159-04:00,63.2979,0.1453
HUT-20261007T14555881179,HUT,2026-10-07,2026-10-07T14:19:43.990159-04:00,89.0651,0.6044
CDNA-20261007T13361674905,CDNA,2026-10-07,2026-10-07T14:19:54.429129-04:00,63.38,0.0158
HUT-20261007T14555881179,HUT,2026-10-07,2026-10-07T14:19:54.429129-04:00,89.0886,0.631
CDNA-20261007T13361674905,CDNA,2026-10-07,2026-10-07T14:20:04.730551-04:00,63.33,0.0947
HUT-20261007T14555881179,HUT,2026-10-07,2026-10-07T14:20:04.730551-04:00,89.015,0.5478
CDNA-20261007T13361674905,CDNA,2026-10-07,2026-10-07T14:20:15.236809-04:00,63.355,0.0552
HUT-20261007T14555881179,HUT,2026-10-07,2026-10-07T14:20:15.236809-04:00,88.99,0.5196
CDNA-20261007T13361674905,CDNA,2026-10-07,2026-10-07T14:20:25.686068-04:00,63.355,0.0552
HUT-20261007T14555881179,HUT,2026-10-07,2026-10-07T14:20:25.686068-04:00,88.9804,0.5088
CDNA-20261007T13361674905,CDNA,2026-10-07,2026-10-07T14:20:36.183942-04:00,63.3126,0.1221
HUT-20261007T14555881179,HUT,2026-10-07,2026-10-07T14:20:36.183942-04:00,89.0685,0.6083
CDNA-20261007T13361674905,CDNA,2026-10-07,2026-10-07T14:20:46.756514-04:00,63.42,-0.0473
HUT-20261007T14555881179,HUT,2026-10-07,2026-10-07T14:20:46.756514-04:00,88.955,0.4801
CDNA-20261007T13361674905,CDNA,2026-10-07,2026-10-07T14:20:57.434115-04:00,63.42,-0.0473
HUT-20261007T14555881179,HUT,2026-10-07,2026-10-07T14:20:57.434115-04:00,89.0703,0.6103
CDNA-20261007T13361674905,CDNA,2026-10-07,2026-10-07T14:21:07.957995-04:00,63.385,0.0079
HUT-20261007T14555881179,HUT,2026-10-07,2026-10-07T14:21:07.957995-04:00,88.955,0.4801
CDNA-20261007T13361674905,CDNA,2026-10-07,2026-10-07T14:21:18.507813-04:00,63.385,0.0079
HUT-20261007T14555881179,HUT,2026-10-07,2026-10-07T14:21:18.507813-04:00,88.895,0.4123
CDNA-20261007T13361674905,CDNA,2026-10-07,2026-10-07T14:21:28.989872-04:00,63.385,0.0079
HUT-20261007T14555881179,HUT,2026-10-07,2026-10-07T14:21:28.989872-04:00,88.73,0.2259
CDNA-20261007T13361674905,CDNA,2026-10-07,2026-10-07T14:21:39.462992-04:00,63.3214,0.1082
HUT-20261007T14555881179,HUT,2026-10-07,2026-10-07T14:21:39.462992-04:00,88.71,0.2033
CDNA-20261007T13361674905,CDNA,2026-10-07,2026-10-07T14:21:49.852120-04:00,63.385,0.0079
HUT-20261007T14555881179,HUT,2026-10-07,2026-10-07T14:21:49.852120-04:00,88.79,0.2937
CDNA-20261007T13361674905,CDNA,2026-10-07,2026-10-07T14:22:00.200451-04:00,63.353,0.0584
HUT-20261007T14555881179,HUT,2026-10-07,2026-10-07T14:22:00.200451-04:00,88.79,0.2937
CDNA-20261007T13361674905,CDNA,2026-10-07,2026-10-07T14:22:10.724838-04:00,63.3532,0.0581
HUT-20261007T14555881179,HUT,2026-10-07,2026-10-07T14:22:10.724838-04:00,88.82,0.3276
CDNA-20261007T13361674905,CDNA,2026-10-07,2026-10-07T14:22:21.161373-04:00,63.385,0.0079
HUT-20261007T14555881179,HUT,2026-10-07,2026-10-07T14:22:21.161373-04:00,88.815,0.3219
CDNA-20261007T13361674905,CDNA,2026-10-07,2026-10-07T14:22:31.554183-04:00,63.36,0.0473
HUT-20261007T14555881179,HUT,2026-10-07,2026-10-07T14:22:31.554183-04:00,88.9805,0.5089
CDNA-20261007T13361674905,CDNA,2026-10-07,2026-10-07T14:22:42.091366-04:00,63.43,-0.0631
HUT-20261007T14555881179,HUT,2026-10-07,2026-10-07T14:22:42.091366-04:00,88.8316,0.3407
CDNA-20261007T13361674905,CDNA,2026-10-07,2026-10-07T14:22:52.646827-04:00,63.43,-0.0631
HUT-20261007T14555881179,HUT,2026-10-07,2026-10-07T14:22:52.646827-04:00,88.9748,0.5024
CDNA-20261007T13361674905,CDNA,2026-10-07,2026-10-07T14:23:02.997872-04:00,63.44,-0.0789
HUT-20261007T14555881179,HUT,2026-10-07,2026-10-07T14:23:02.997872-04:00,88.88,0.3953
CDNA-20261007T13361674905,CDNA,2026-10-07,2026-10-07T14:23:13.479853-04:00,63.41,-0.0316
HUT-20261007T14555881179,HUT,2026-10-07,2026-10-07T14:23:13.479853-04:00,88.88,0.3953
CDNA-20261007T13361674905,CDNA,2026-10-07,2026-10-07T14:23:23.906963-04:00,63.42,-0.0473
HUT-20261007T14555881179,HUT,2026-10-07,2026-10-07T14:23:23.906963-04:00,88.9567,0.482
CDNA-20261007T13361674905,CDNA,2026-10-07,2026-10-07T14:23:34.401380-04:00,63.47,-0.1262
HUT-20261007T14555881179,HUT,2026-10-07,2026-10-07T14:23:34.401380-04:00,88.83,0.3389
CDNA-20261007T13361674905,CDNA,2026-10-07,2026-10-07T14:23:44.854172-04:00,63.41,-0.0316
HUT-20261007T14555881179,HUT,2026-10-07,2026-10-07T14:23:44.854172-04:00,88.88,0.3953
CDNA-20261007T13361674905,CDNA,2026-10-07,2026-10-07T14:23:55.319472-04:00,63.44,-0.0789
HUT-20261007T14555881179,HUT,2026-10-07,2026-10-07T14:23:55.319472-04:00,88.874,0.3886
CDNA-20261007T13361674905,CDNA,2026-10-07,2026-10-07T14:24:05.906182-04:00,63.3739,0.0254
HUT-20261007T14555881179,HUT,2026-10-07,2026-10-07T14:24:05.906182-04:00,88.85,0.3615
CDNA-20261007T13361674905,CDNA,2026-10-07,2026-10-07T14:24:16.452765-04:00,63.44,-0.0789
HUT-20261007T14555881179,HUT,2026-10-07,2026-10-07T14:24:16.452765-04:00,88.82,0.3276
CDNA-20261007T13361674905,CDNA,2026-10-07,2026-10-07T14:24:27.077359-04:00,63.44,-0.0789
HUT-20261007T14555881179,HUT,2026-10-07,2026-10-07T14:24:27.077359-04:00,88.9093,0.4284
CDNA-20261007T13361674905,CDNA,2026-10-07,2026-10-07T14:24:37.617821-04:00,63.44,-0.0789
HUT-20261007T14555881179,HUT,2026-10-07,2026-10-07T14:24:37.617821-04:00,88.82,0.3276
CDNA-20261007T13361674905,CDNA,2026-10-07,2026-10-07T14:24:48.164256-04:00,63.45,-0.0947
HUT-20261007T14555881179,HUT,2026-10-07,2026-10-07T14:24:48.164256-04:00,88.82,0.3276
CDNA-20261007T13361674905,CDNA,2026-10-07,2026-10-07T14:24:58.627238-04:00,63.38,0.0158
HUT-20261007T14555881179,HUT,2026-10-07,2026-10-07T14:24:58.627238-04:00,88.8453,0.3562
CDNA-20261007T13361674905,CDNA,2026-10-07,2026-10-07T14:25:09.170875-04:00,63.4333,-0.0683
HUT-20261007T14555881179,HUT,2026-10-07,2026-10-07T14:25:09.170875-04:00,88.8581,0.3706
CDNA-20261007T13361674905,CDNA,2026-10-07,2026-10-07T14:25:19.773030-04:00,63.64,-0.3944
HUT-20261007T14555881179,HUT,2026-10-07,2026-10-07T14:25:19.773030-04:00,88.8578,0.3703
CDNA-20261007T13361674905,CDNA,2026-10-07,2026-10-07T14:25:30.388227-04:00,63.84,-0.7099
HUT-20261007T14555881179,HUT,2026-10-07,2026-10-07T14:25:30.388227-04:00,88.8547,0.3668
CDNA-20261007T13361674905,CDNA,2026-10-07,2026-10-07T14:25:41.094572-04:00,63.5549,-0.2601
HUT-20261007T14555881179,HUT,2026-10-07,2026-10-07T14:25:41.094572-04:00,88.85,0.3615
CDNA-20261007T13361674905,CDNA,2026-10-07,2026-10-07T14:25:51.749977-04:00,63.8,-0.6468
HUT-20261007T14555881179,HUT,2026-10-07,2026-10-07T14:25:51.749977-04:00,88.8359,0.3455
CDNA-20261007T13361674905,CDNA,2026-10-07,2026-10-07T14:26:02.462113-04:00,63.77,-0.5995
HUT-20261007T14555881179,HUT,2026-10-07,2026-10-07T14:26:02.462113-04:00,88.775,0.2767
CDNA-20261007T13361674905,CDNA,2026-10-07,2026-10-07T14:26:13.103361-04:00,63.84,-0.7099
HUT-20261007T14555881179,HUT,2026-10-07,2026-10-07T14:26:13.103361-04:00,88.81,0.3163
CDNA-20261007T13361674905,CDNA,2026-10-07,2026-10-07T14:26:23.608130-04:00,63.5984,-0.3288
HUT-20261007T14555881179,HUT,2026-10-07,2026-10-07T14:26:23.608130-04:00,88.86,0.3728
CDNA-20261007T13361674905,CDNA,2026-10-07,2026-10-07T14:26:34.114326-04:00,63.8,-0.6468
HUT-20261007T14555881179,HUT,2026-10-07,2026-10-07T14:26:34.114326-04:00,88.805,0.3106
CDNA-20261007T13361674905,CDNA,2026-10-07,2026-10-07T14:26:44.424544-04:00,63.7454,-0.5607
HUT-20261007T14555881179,HUT,2026-10-07,2026-10-07T14:26:44.424544-04:00,88.79,0.2937
CDNA-20261007T13361674905,CDNA,2026-10-07,2026-10-07T14:26:54.822002-04:00,63.75,-0.5679
HUT-20261007T14555881179,HUT,2026-10-07,2026-10-07T14:26:54.822002-04:00,88.73,0.2259
CDNA-20261007T13361674905,CDNA,2026-10-07,2026-10-07T14:27:05.190989-04:00,63.6087,-0.345
HUT-20261007T14555881179,HUT,2026-10-07,2026-10-07T14:27:05.190989-04:00,88.8,0.305
CDNA-20261007T13361674905,CDNA,2026-10-07,2026-10-07T14:27:15.661384-04:00,63.795,-0.6389
HUT-20261007T14555881179,HUT,2026-10-07,2026-10-07T14:27:15.661384-04:00,88.795,0.2993
CDNA-20261007T13361674905,CDNA,2026-10-07,2026-10-07T14:27:26.169898-04:00,63.795,-0.6389
HUT-20261007T14555881179,HUT,2026-10-07,2026-10-07T14:27:26.169898-04:00,88.885,0.401
CDNA-20261007T13361674905,CDNA,2026-10-07,2026-10-07T14:27:36.549505-04:00,63.6125,-0.351
HUT-20261007T14555881179,HUT,2026-10-07,2026-10-07T14:27:36.549505-04:00,88.8445,0.3552
CDNA-20261007T13361674905,CDNA,2026-10-07,2026-10-07T14:27:46.962753-04:00,63.795,-0.6389
HUT-20261007T14555881179,HUT,2026-10-07,2026-10-07T14:27:46.962753-04:00,88.93,0.4518
CDNA-20261007T13361674905,CDNA,2026-10-07,2026-10-07T14:27:57.343880-04:00,63.8069,-0.6577
HUT-20261007T14555881179,HUT,2026-10-07,2026-10-07T14:27:57.343880-04:00,88.955,0.4801
CDNA-20261007T13361674905,CDNA,2026-10-07,2026-10-07T14:28:07.722469-04:00,63.64,-0.3944
HUT-20261007T14555881179,HUT,2026-10-07,2026-10-07T14:28:07.722469-04:00,88.99,0.5196
CDNA-20261007T13361674905,CDNA,2026-10-07,2026-10-07T14:28:18.175824-04:00,63.68,-0.4575
HUT-20261007T14555881179,HUT,2026-10-07,2026-10-07T14:28:18.175824-04:00,88.91,0.4292
CDNA-20261007T13361674905,CDNA,2026-10-07,2026-10-07T14:28:28.549264-04:00,63.7537,-0.5737
HUT-20261007T14555881179,HUT,2026-10-07,2026-10-07T14:28:28.549264-04:00,88.94,0.4631
CDNA-20261007T13361674905,CDNA,2026-10-07,2026-10-07T14:28:38.893191-04:00,63.69,-0.4733
HUT-20261007T14555881179,HUT,2026-10-07,2026-10-07T14:28:38.893191-04:00,88.8623,0.3754
CDNA-20261007T13361674905,CDNA,2026-10-07,2026-10-07T14:28:49.488297-04:00,63.69,-0.4733
HUT-20261007T14555881179,HUT,2026-10-07,2026-10-07T14:28:49.488297-04:00,88.915,0.4349
CDNA-20261007T13361674905,CDNA,2026-10-07,2026-10-07T14:28:59.744415-04:00,63.69,-0.4733
HUT-20261007T14555881179,HUT,2026-10-07,2026-10-07T14:28:59.744415-04:00,88.8756,0.3904
CDNA-20261007T13361674905,CDNA,2026-10-07,2026-10-07T14:29:10.043617-04:00,63.675,-0.4496
HUT-20261007T14555881179,HUT,2026-10-07,2026-10-07T14:29:10.043617-04:00,88.86,0.3728
CDNA-20261007T13361674905,CDNA,2026-10-07,2026-10-07T14:29:20.408293-04:00,63.735,-0.5442
HUT-20261007T14555881179,HUT,2026-10-07,2026-10-07T14:29:20.408293-04:00,88.8715,0.3857
CDNA-20261007T13361674905,CDNA,2026-10-07,2026-10-07T14:29:30.739840-04:00,63.74,-0.5521
HUT-20261007T14555881179,HUT,2026-10-07,2026-10-07T14:29:30.739840-04:00,88.87,0.3841
CDNA-20261007T13361674905,CDNA,2026-10-07,2026-10-07T14:29:40.992128-04:00,63.65,-0.4102
HUT-20261007T14555881179,HUT,2026-10-07,2026-10-07T14:29:40.992128-04:00,88.8501,0.3616
CDNA-20261007T13361674905,CDNA,2026-10-07,2026-10-07T14:29:51.318120-04:00,63.77,-0.5995
HUT-20261007T14555881179,HUT,2026-10-07,2026-10-07T14:29:51.318120-04:00,88.85,0.3615
CDNA-20261007T13361674905,CDNA,2026-10-07,2026-10-07T14:30:01.611783-04:00,63.76,-0.5837
HUT-20261007T14555881179,HUT,2026-10-07,2026-10-07T14:30:01.611783-04:00,88.85,0.3615
CDNA-20261007T13361674905,CDNA,2026-10-07,2026-10-07T14:30:12.043799-04:00,63.75,-0.5679
HUT-20261007T14555881179,HUT,2026-10-07,2026-10-07T14:30:12.043799-04:00,88.8694,0.3834
CDNA-20261007T13361674905,CDNA,2026-10-07,2026-10-07T14:30:22.453177-04:00,63.75,-0.5679
HUT-20261007T14555881179,HUT,2026-10-07,2026-10-07T14:30:22.453177-04:00,88.9,0.4179
CDNA-20261007T13361674905,CDNA,2026-10-07,2026-10-07T14:30:33.083989-04:00,63.78,-0.6152
HUT-20261007T14555881179,HUT,2026-10-07,2026-10-07T14:30:33.083989-04:00,88.85,0.3615
CDNA-20261007T13361674905,CDNA,2026-10-07,2026-10-07T14:30:43.771706-04:00,63.78,-0.6152
HUT-20261007T14555881179,HUT,2026-10-07,2026-10-07T14:30:43.771706-04:00,88.98,0.5083
CDNA-20261007T13361674905,CDNA,2026-10-07,2026-10-07T14:30:54.458119-04:00,63.76,-0.5837
HUT-20261007T14555881179,HUT,2026-10-07,2026-10-07T14:30:54.458119-04:00,88.99,0.5196
CDNA-20261007T13361674905,CDNA,2026-10-07,2026-10-07T14:31:05.259493-04:00,63.7441,-0.5586
HUT-20261007T14555881179,HUT,2026-10-07,2026-10-07T14:31:05.259493-04:00,89.0,0.5309
CDNA-20261007T13361674905,CDNA,2026-10-07,2026-10-07T14:31:16.150647-04:00,63.75,-0.5679
HUT-20261007T14555881179,HUT,2026-10-07,2026-10-07T14:31:16.150647-04:00,88.97,0.497
CDNA-20261007T13361674905,CDNA,2026-10-07,2026-10-07T14:31:27.012063-04:00,63.77,-0.5995
HUT-20261007T14555881179,HUT,2026-10-07,2026-10-07T14:31:27.012063-04:00,88.98,0.5083
CDNA-20261007T13361674905,CDNA,2026-10-07,2026-10-07T14:31:37.769310-04:00,63.6608,-0.4272
HUT-20261007T14555881179,HUT,2026-10-07,2026-10-07T14:31:37.769310-04:00,88.98,0.5083
CDNA-20261007T13361674905,CDNA,2026-10-07,2026-10-07T14:31:48.428641-04:00,63.71,-0.5048
HUT-20261007T14555881179,HUT,2026-10-07,2026-10-07T14:31:48.428641-04:00,89.03,0.5648
CDNA-20261007T13361674905,CDNA,2026-10-07,2026-10-07T14:31:58.942096-04:00,63.76,-0.5837
HUT-20261007T14555881179,HUT,2026-10-07,2026-10-07T14:31:58.942096-04:00,88.9958,0.5261
CDNA-20261007T13361674905,CDNA,2026-10-07,2026-10-07T14:32:09.678207-04:00,63.7274,-0.5323
HUT-20261007T14555881179,HUT,2026-10-07,2026-10-07T14:32:09.678207-04:00,88.9625,0.4885
CDNA-20261007T13361674905,CDNA,2026-10-07,2026-10-07T14:32:20.400639-04:00,63.76,-0.5837
HUT-20261007T14555881179,HUT,2026-10-07,2026-10-07T14:32:20.400639-04:00,88.99,0.5196
CDNA-20261007T13361674905,CDNA,2026-10-07,2026-10-07T14:32:31.098331-04:00,63.732,-0.5395
HUT-20261007T14555881179,HUT,2026-10-07,2026-10-07T14:32:31.098331-04:00,89.02,0.5535
CDNA-20261007T13361674905,CDNA,2026-10-07,2026-10-07T14:32:41.733702-04:00,63.745,-0.56
HUT-20261007T14555881179,HUT,2026-10-07,2026-10-07T14:32:41.733702-04:00,89.08,0.6213
CDNA-20261007T13361674905,CDNA,2026-10-07,2026-10-07T14:32:52.412675-04:00,63.745,-0.56
HUT-20261007T14555881179,HUT,2026-10-07,2026-10-07T14:32:52.412675-04:00,89.1,0.6438
CDNA-20261007T13361674905,CDNA,2026-10-07,2026-10-07T14:33:03.071886-04:00,63.73,-0.5364
HUT-20261007T14555881179,HUT,2026-10-07,2026-10-07T14:33:03.071886-04:00,89.08,0.6213
CDNA-20261007T13361674905,CDNA,2026-10-07,2026-10-07T14:33:13.762744-04:00,63.725,-0.5285
HUT-20261007T14555881179,HUT,2026-10-07,2026-10-07T14:33:13.762744-04:00,89.145,0.6947
CDNA-20261007T13361674905,CDNA,2026-10-07,2026-10-07T14:33:24.477922-04:00,63.7385,-0.5498
HUT-20261007T14555881179,HUT,2026-10-07,2026-10-07T14:33:24.477922-04:00,89.155,0.706
CDNA-20261007T13361674905,CDNA,2026-10-07,2026-10-07T14:33:35.073696-04:00,63.735,-0.5442
HUT-20261007T14555881179,HUT,2026-10-07,2026-10-07T14:33:35.073696-04:00,89.03,0.5648
CDNA-20261007T13361674905,CDNA,2026-10-07,2026-10-07T14:33:45.565996-04:00,63.72,-0.5206
HUT-20261007T14555881179,HUT,2026-10-07,2026-10-07T14:33:45.565996-04:00,88.78,0.2824
CDNA-20261007T13361674905,CDNA,2026-10-07,2026-10-07T14:33:55.992236-04:00,63.7282,-0.5335
HUT-20261007T14555881179,HUT,2026-10-07,2026-10-07T14:33:55.992236-04:00,88.73,0.2259
CDNA-20261007T13361674905,CDNA,2026-10-07,2026-10-07T14:34:06.421545-04:00,63.76,-0.5837
HUT-20261007T14555881179,HUT,2026-10-07,2026-10-07T14:34:06.421545-04:00,88.83,0.3389
CDNA-20261007T13361674905,CDNA,2026-10-07,2026-10-07T14:34:17.043581-04:00,63.7385,-0.5498
HUT-20261007T14555881179,HUT,2026-10-07,2026-10-07T14:34:17.043581-04:00,88.77,0.2711
CDNA-20261007T13361674905,CDNA,2026-10-07,2026-10-07T14:34:27.530414-04:00,63.74,-0.5521
HUT-20261007T14555881179,HUT,2026-10-07,2026-10-07T14:34:27.530414-04:00,88.82,0.3276
CDNA-20261007T13361674905,CDNA,2026-10-07,2026-10-07T14:34:37.963301-04:00,63.7,-0.489
HUT-20261007T14555881179,HUT,2026-10-07,2026-10-07T14:34:37.963301-04:00,88.77,0.2711
CDNA-20261007T13361674905,CDNA,2026-10-07,2026-10-07T14:34:48.389952-04:00,63.725,-0.5285
HUT-20261007T14555881179,HUT,2026-10-07,2026-10-07T14:34:48.389952-04:00,88.78,0.2824
CDNA-20261007T13361674905,CDNA,2026-10-07,2026-10-07T14:34:58.841972-04:00,63.745,-0.56
HUT-20261007T14555881179,HUT,2026-10-07,2026-10-07T14:34:58.841972-04:00,88.58,0.0565
CDNA-20261007T13361674905,CDNA,2026-10-07,2026-10-07T14:35:09.313180-04:00,63.7331,-0.5413
HUT-20261007T14555881179,HUT,2026-10-07,2026-10-07T14:35:09.313180-04:00,88.55,0.0226
CDNA-20261007T13361674905,CDNA,2026-10-07,2026-10-07T14:35:19.886591-04:00,63.74,-0.5521
HUT-20261007T14555881179,HUT,2026-10-07,2026-10-07T14:35:19.886591-04:00,88.5,-0.0339
CDNA-20261007T13361674905,CDNA,2026-10-07,2026-10-07T14:35:30.495946-04:00,63.7034,-0.4944
HUT-20261007T14555881179,HUT,2026-10-07,2026-10-07T14:35:30.495946-04:00,88.4,-0.1468
CDNA-20261007T13361674905,CDNA,2026-10-07,2026-10-07T14:35:41.095837-04:00,63.715,-0.5127
HUT-20261007T14555881179,HUT,2026-10-07,2026-10-07T14:35:41.095837-04:00,88.42,-0.1243
CDNA-20261007T13361674905,CDNA,2026-10-07,2026-10-07T14:35:51.611977-04:00,63.715,-0.5127
HUT-20261007T14555881179,HUT,2026-10-07,2026-10-07T14:35:51.611977-04:00,88.37,-0.1807
CDNA-20261007T13361674905,CDNA,2026-10-07,2026-10-07T14:36:02.064941-04:00,63.715,-0.5127
HUT-20261007T14555881179,HUT,2026-10-07,2026-10-07T14:36:02.064941-04:00,88.29,-0.2711
CDNA-20261007T13361674905,CDNA,2026-10-07,2026-10-07T14:36:12.579318-04:00,63.715,-0.5127
HUT-20261007T14555881179,HUT,2026-10-07,2026-10-07T14:36:12.579318-04:00,88.405,-0.1412
CDNA-20261007T13361674905,CDNA,2026-10-07,2026-10-07T14:36:23.106782-04:00,63.715,-0.5127
HUT-20261007T14555881179,HUT,2026-10-07,2026-10-07T14:36:23.106782-04:00,88.35,-0.2033
CDNA-20261007T13361674905,CDNA,2026-10-07,2026-10-07T14:36:33.644522-04:00,63.7247,-0.528
HUT-20261007T14555881179,HUT,2026-10-07,2026-10-07T14:36:33.644522-04:00,88.35,-0.2033
CDNA-20261007T13361674905,CDNA,2026-10-07,2026-10-07T14:36:43.990334-04:00,63.71,-0.5048
HUT-20261007T14555881179,HUT,2026-10-07,2026-10-07T14:36:43.990334-04:00,88.4942,-0.0404
CDNA-20261007T13361674905,CDNA,2026-10-07,2026-10-07T14:36:54.333820-04:00,63.7211,-0.5223
HUT-20261007T14555881179,HUT,2026-10-07,2026-10-07T14:36:54.333820-04:00,88.25,-0.3163
CDNA-20261007T13361674905,CDNA,2026-10-07,2026-10-07T14:37:04.785207-04:00,63.705,-0.4969
HUT-20261007T14555881179,HUT,2026-10-07,2026-10-07T14:37:04.785207-04:00,88.06,-0.5309
CDNA-20261007T13361674905,CDNA,2026-10-07,2026-10-07T14:37:15.346975-04:00,63.6754,-0.4502
HUT-20261007T14555881179,HUT,2026-10-07,2026-10-07T14:37:15.346975-04:00,88.08,-0.5083
CDNA-20261007T13361674905,CDNA,2026-10-07,2026-10-07T14:37:25.923900-04:00,63.695,-0.4811
HUT-20261007T14555881179,HUT,2026-10-07,2026-10-07T14:37:25.923900-04:00,88.055,-0.5365
CDNA-20261007T13361674905,CDNA,2026-10-07,2026-10-07T14:37:36.391744-04:00,63.695,-0.4811
HUT-20261007T14555881179,HUT,2026-10-07,2026-10-07T14:37:36.391744-04:00,88.1195,-0.4637
CDNA-20261007T13361674905,CDNA,2026-10-07,2026-10-07T14:37:46.821682-04:00,63.68,-0.4575
HUT-20261007T14555881179,HUT,2026-10-07,2026-10-07T14:37:46.821682-04:00,88.07,-0.5196
CDNA-20261007T13361674905,CDNA,2026-10-07,2026-10-07T14:37:57.299614-04:00,63.685,-0.4654
HUT-20261007T14555881179,HUT,2026-10-07,2026-10-07T14:37:57.299614-04:00,88.05,-0.5422
CDNA-20261007T13361674905,CDNA,2026-10-07,2026-10-07T14:38:07.743997-04:00,63.6719,-0.4447
HUT-20261007T14555881179,HUT,2026-10-07,2026-10-07T14:38:07.743997-04:00,88.01,-0.5874
CDNA-20261007T13361674905,CDNA,2026-10-07,2026-10-07T14:38:18.172767-04:00,63.81,-0.6626
HUT-20261007T14555881179,HUT,2026-10-07,2026-10-07T14:38:18.172767-04:00,88.125,-0.4575
CDNA-20261007T13361674905,CDNA,2026-10-07,2026-10-07T14:38:28.582716-04:00,63.79,-0.631
HUT-20261007T14555881179,HUT,2026-10-07,2026-10-07T14:38:28.582716-04:00,87.99,-0.61
CDNA-20261007T13361674905,CDNA,2026-10-07,2026-10-07T14:38:39.075685-04:00,63.7366,-0.5468
HUT-20261007T14555881179,HUT,2026-10-07,2026-10-07T14:38:39.075685-04:00,88.075,-0.514
CDNA-20261007T13361674905,CDNA,2026-10-07,2026-10-07T14:38:49.632158-04:00,63.85,-0.7257
HUT-20261007T14555881179,HUT,2026-10-07,2026-10-07T14:38:49.632158-04:00,88.075,-0.514
CDNA-20261007T13361674905,CDNA,2026-10-07,2026-10-07T14:39:00.212747-04:00,63.87,-0.7572
HUT-20261007T14555881179,HUT,2026-10-07,2026-10-07T14:39:00.212747-04:00,88.08,-0.5083
CDNA-20261007T13361674905,CDNA,2026-10-07,2026-10-07T14:39:10.804930-04:00,63.8405,-0.7107
HUT-20261007T14555881179,HUT,2026-10-07,2026-10-07T14:39:10.804930-04:00,88.08,-0.5083
CDNA-20261007T13361674905,CDNA,2026-10-07,2026-10-07T14:39:21.544370-04:00,63.9,-0.8045
HUT-20261007T14555881179,HUT,2026-10-07,2026-10-07T14:39:21.544370-04:00,88.08,-0.5083
CDNA-20261007T13361674905,CDNA,2026-10-07,2026-10-07T14:39:32.167166-04:00,63.92,-0.8361
HUT-20261007T14555881179,HUT,2026-10-07,2026-10-07T14:39:32.167166-04:00,88.14,-0.4405
CDNA-20261007T13361674905,CDNA,2026-10-07,2026-10-07T14:39:42.764930-04:00,63.89,-0.7888
HUT-20261007T14555881179,HUT,2026-10-07,2026-10-07T14:39:42.764930-04:00,88.21,-0.3615
CDNA-20261007T13361674905,CDNA,2026-10-07,2026-10-07T14:39:53.230430-04:00,63.89,-0.7888
HUT-20261007T14555881179,HUT,2026-10-07,2026-10-07T14:39:53.230430-04:00,88.19,-0.3841
CDNA-20261007T13361674905,CDNA,2026-10-07,2026-10-07T14:40:03.749750-04:00,63.89,-0.7888
HUT-20261007T14555881179,HUT,2026-10-07,2026-10-07T14:40:03.749750-04:00,88.23,-0.3389
CDNA-20261007T13361674905,CDNA,2026-10-07,2026-10-07T14:40:14.543033-04:00,63.895,-0.7967
HUT-20261007T14555881179,HUT,2026-10-07,2026-10-07T14:40:14.543033-04:00,88.2,-0.3728
CDNA-20261007T13361674905,CDNA,2026-10-07,2026-10-07T14:40:25.149791-04:00,63.92,-0.8361
HUT-20261007T14555881179,HUT,2026-10-07,2026-10-07T14:40:25.149791-04:00,88.25,-0.3163
CDNA-20261007T13361674905,CDNA,2026-10-07,2026-10-07T14:40:35.684690-04:00,63.9,-0.8045
HUT-20261007T14555881179,HUT,2026-10-07,2026-10-07T14:40:35.684690-04:00,88.19,-0.3841
CDNA-20261007T13361674905,CDNA,2026-10-07,2026-10-07T14:40:46.184724-04:00,63.8784,-0.7705
HUT-20261007T14555881179,HUT,2026-10-07,2026-10-07T14:40:46.184724-04:00,88.19,-0.3841
CDNA-20261007T13361674905,CDNA,2026-10-07,2026-10-07T14:40:56.814185-04:00,63.88,-0.773
HUT-20261007T14555881179,HUT,2026-10-07,2026-10-07T14:40:56.814185-04:00,88.19,-0.3841
CDNA-20261007T13361674905,CDNA,2026-10-07,2026-10-07T14:41:07.383014-04:00,63.9,-0.8045
HUT-20261007T14555881179,HUT,2026-10-07,2026-10-07T14:41:07.383014-04:00,88.1556,-0.4229
CDNA-20261007T13361674905,CDNA,2026-10-07,2026-10-07T14:41:18.058288-04:00,63.7852,-0.6234
HUT-20261007T14555881179,HUT,2026-10-07,2026-10-07T14:41:18.058288-04:00,88.245,-0.3219
CDNA-20261007T13361674905,CDNA,2026-10-07,2026-10-07T14:41:28.618385-04:00,63.895,-0.7967
HUT-20261007T14555881179,HUT,2026-10-07,2026-10-07T14:41:28.618385-04:00,88.285,-0.2767
CDNA-20261007T13361674905,CDNA,2026-10-07,2026-10-07T14:41:39.129132-04:00,63.9,-0.8045
HUT-20261007T14555881179,HUT,2026-10-07,2026-10-07T14:41:39.129132-04:00,88.215,-0.3558
CDNA-20261007T13361674905,CDNA,2026-10-07,2026-10-07T14:41:49.693139-04:00,63.9,-0.8045
HUT-20261007T14555881179,HUT,2026-10-07,2026-10-07T14:41:49.693139-04:00,88.215,-0.3558
CDNA-20261007T13361674905,CDNA,2026-10-07,2026-10-07T14:42:00.245915-04:00,63.895,-0.7967
HUT-20261007T14555881179,HUT,2026-10-07,2026-10-07T14:42:00.245915-04:00,88.22,-0.3502
CDNA-20261007T13361674905,CDNA,2026-10-07,2026-10-07T14:42:11.034114-04:00,63.9,-0.8045
HUT-20261007T14555881179,HUT,2026-10-07,2026-10-07T14:42:11.034114-04:00,88.24,-0.3276
CDNA-20261007T13361674905,CDNA,2026-10-07,2026-10-07T14:42:21.525399-04:00,63.9,-0.8045
HUT-20261007T14555881179,HUT,2026-10-07,2026-10-07T14:42:21.525399-04:00,88.2103,-0.3611
CDNA-20261007T13361674905,CDNA,2026-10-07,2026-10-07T14:42:31.988459-04:00,63.895,-0.7967
HUT-20261007T14555881179,HUT,2026-10-07,2026-10-07T14:42:31.988459-04:00,88.35,-0.2033
CDNA-20261007T13361674905,CDNA,2026-10-07,2026-10-07T14:42:42.485028-04:00,63.8813,-0.775
HUT-20261007T14555881179,HUT,2026-10-07,2026-10-07T14:42:42.485028-04:00,88.2145,-0.3564
CDNA-20261007T13361674905,CDNA,2026-10-07,2026-10-07T14:42:52.948444-04:00,63.7869,-0.6261
HUT-20261007T14555881179,HUT,2026-10-07,2026-10-07T14:42:52.948444-04:00,88.4,-0.1468
CDNA-20261007T13361674905,CDNA,2026-10-07,2026-10-07T14:43:03.495985-04:00,63.86,-0.7414
HUT-20261007T14555881179,HUT,2026-10-07,2026-10-07T14:43:03.495985-04:00,88.34,-0.2146
CDNA-20261007T13361674905,CDNA,2026-10-07,2026-10-07T14:43:14.045243-04:00,63.875,-0.7651
HUT-20261007T14555881179,HUT,2026-10-07,2026-10-07T14:43:14.045243-04:00,88.44,-0.1017
CDNA-20261007T13361674905,CDNA,2026-10-07,2026-10-07T14:43:24.493955-04:00,63.8716,-0.7597
HUT-20261007T14555881179,HUT,2026-10-07,2026-10-07T14:43:24.493955-04:00,88.49,-0.0452
CDNA-20261007T13361674905,CDNA,2026-10-07,2026-10-07T14:43:34.922024-04:00,63.7935,-0.6365
HUT-20261007T14555881179,HUT,2026-10-07,2026-10-07T14:43:34.922024-04:00,88.45,-0.0904
CDNA-20261007T13361674905,CDNA,2026-10-07,2026-10-07T14:43:45.314095-04:00,63.86,-0.7414
HUT-20261007T14555881179,HUT,2026-10-07,2026-10-07T14:43:45.314095-04:00,88.5,-0.0339
CDNA-20261007T13361674905,CDNA,2026-10-07,2026-10-07T14:43:55.665486-04:00,63.85,-0.7257
HUT-20261007T14555881179,HUT,2026-10-07,2026-10-07T14:43:55.665486-04:00,88.2852,-0.2765
CDNA-20261007T13361674905,CDNA,2026-10-07,2026-10-07T14:44:06.057402-04:00,63.8629,-0.746
HUT-20261007T14555881179,HUT,2026-10-07,2026-10-07T14:44:06.057402-04:00,88.55,0.0226
CDNA-20261007T13361674905,CDNA,2026-10-07,2026-10-07T14:44:16.461631-04:00,63.86,-0.7414
HUT-20261007T14555881179,HUT,2026-10-07,2026-10-07T14:44:16.461631-04:00,88.59,0.0678
CDNA-20261007T13361674905,CDNA,2026-10-07,2026-10-07T14:44:26.898500-04:00,63.7981,-0.6438
HUT-20261007T14555881179,HUT,2026-10-07,2026-10-07T14:44:26.898500-04:00,88.63,0.113
CDNA-20261007T13361674905,CDNA,2026-10-07,2026-10-07T14:44:37.258751-04:00,63.855,-0.7336
HUT-20261007T14555881179,HUT,2026-10-07,2026-10-07T14:44:37.258751-04:00,88.585,0.0621
CDNA-20261007T13361674905,CDNA,2026-10-07,2026-10-07T14:44:47.631627-04:00,63.81,-0.6626
HUT-20261007T14555881179,HUT,2026-10-07,2026-10-07T14:44:47.631627-04:00,88.3298,-0.2261
CDNA-20261007T13361674905,CDNA,2026-10-07,2026-10-07T14:44:58.026094-04:00,63.765,-0.5916
HUT-20261007T14555881179,HUT,2026-10-07,2026-10-07T14:44:58.026094-04:00,88.59,0.0678
CDNA-20261007T13361674905,CDNA,2026-10-07,2026-10-07T14:45:08.439131-04:00,63.83,-0.6941
HUT-20261007T14555881179,HUT,2026-10-07,2026-10-07T14:45:08.439131-04:00,88.59,0.0678
CDNA-20261007T13361674905,CDNA,2026-10-07,2026-10-07T14:45:18.961262-04:00,63.8367,-0.7047
HUT-20261007T14555881179,HUT,2026-10-07,2026-10-07T14:45:18.961262-04:00,88.6629,0.1501
CDNA-20261007T13361674905,CDNA,2026-10-07,2026-10-07T14:45:29.679177-04:00,63.8132,-0.6676
HUT-20261007T14555881179,HUT,2026-10-07,2026-10-07T14:45:29.679177-04:00,88.74,0.2372
CDNA-20261007T13361674905,CDNA,2026-10-07,2026-10-07T14:45:40.334277-04:00,63.79,-0.631
HUT-20261007T14555881179,HUT,2026-10-07,2026-10-07T14:45:40.334277-04:00,88.805,0.3106
CDNA-20261007T13361674905,CDNA,2026-10-07,2026-10-07T14:45:51.006726-04:00,63.8028,-0.6512
HUT-20261007T14555881179,HUT,2026-10-07,2026-10-07T14:45:51.006726-04:00,88.815,0.3219
CDNA-20261007T13361674905,CDNA,2026-10-07,2026-10-07T14:46:01.586764-04:00,63.79,-0.631
HUT-20261007T14555881179,HUT,2026-10-07,2026-10-07T14:46:01.586764-04:00,88.82,0.3276
CDNA-20261007T13361674905,CDNA,2026-10-07,2026-10-07T14:46:12.207145-04:00,63.7603,-0.5842
HUT-20261007T14555881179,HUT,2026-10-07,2026-10-07T14:46:12.207145-04:00,88.9,0.4179
CDNA-20261007T13361674905,CDNA,2026-10-07,2026-10-07T14:46:22.945598-04:00,63.7603,-0.5842
HUT-20261007T14555881179,HUT,2026-10-07,2026-10-07T14:46:22.945598-04:00,88.895,0.4123
CDNA-20261007T13361674905,CDNA,2026-10-07,2026-10-07T14:46:33.533767-04:00,63.74,-0.5521
HUT-20261007T14555881179,HUT,2026-10-07,2026-10-07T14:46:33.533767-04:00,89.005,0.5365
CDNA-20261007T13361674905,CDNA,2026-10-07,2026-10-07T14:46:44.107480-04:00,63.71,-0.5048
HUT-20261007T14555881179,HUT,2026-10-07,2026-10-07T14:46:44.107480-04:00,88.93,0.4518
CDNA-20261007T13361674905,CDNA,2026-10-07,2026-10-07T14:46:54.786694-04:00,63.734,-0.5427
HUT-20261007T14555881179,HUT,2026-10-07,2026-10-07T14:46:54.786694-04:00,88.89,0.4066
CDNA-20261007T13361674905,CDNA,2026-10-07,2026-10-07T14:47:05.423458-04:00,63.725,-0.5285
HUT-20261007T14555881179,HUT,2026-10-07,2026-10-07T14:47:05.423458-04:00,88.905,0.4236
CDNA-20261007T13361674905,CDNA,2026-10-07,2026-10-07T14:47:16.161145-04:00,63.7461,-0.5618
HUT-20261007T14555881179,HUT,2026-10-07,2026-10-07T14:47:16.161145-04:00,88.755,0.2542
CDNA-20261007T13361674905,CDNA,2026-10-07,2026-10-07T14:47:26.807774-04:00,63.7383,-0.5495
HUT-20261007T14555881179,HUT,2026-10-07,2026-10-07T14:47:26.807774-04:00,88.74,0.2372
CDNA-20261007T13361674905,CDNA,2026-10-07,2026-10-07T14:47:37.348941-04:00,63.7383,-0.5495
HUT-20261007T14555881179,HUT,2026-10-07,2026-10-07T14:47:37.348941-04:00,88.75,0.2485
CDNA-20261007T13361674905,CDNA,2026-10-07,2026-10-07T14:47:47.882148-04:00,63.736,-0.5458
HUT-20261007T14555881179,HUT,2026-10-07,2026-10-07T14:47:47.882148-04:00,88.6,0.0791
CDNA-20261007T13361674905,CDNA,2026-10-07,2026-10-07T14:47:58.372956-04:00,63.7683,-0.5968
HUT-20261007T14555881179,HUT,2026-10-07,2026-10-07T14:47:58.372956-04:00,88.81,0.3163
CDNA-20261007T13361674905,CDNA,2026-10-07,2026-10-07T14:48:08.845723-04:00,63.72,-0.5206
HUT-20261007T14555881179,HUT,2026-10-07,2026-10-07T14:48:08.845723-04:00,88.81,0.3163
CDNA-20261007T13361674905,CDNA,2026-10-07,2026-10-07T14:48:19.243121-04:00,63.77,-0.5995
HUT-20261007T14555881179,HUT,2026-10-07,2026-10-07T14:48:19.243121-04:00,88.7878,0.2912
CDNA-20261007T13361674905,CDNA,2026-10-07,2026-10-07T14:48:29.753389-04:00,63.7287,-0.5343
HUT-20261007T14555881179,HUT,2026-10-07,2026-10-07T14:48:29.753389-04:00,88.805,0.3106
CDNA-20261007T13361674905,CDNA,2026-10-07,2026-10-07T14:48:40.192339-04:00,63.7,-0.489
HUT-20261007T14555881179,HUT,2026-10-07,2026-10-07T14:48:40.192339-04:00,88.805,0.3106
CDNA-20261007T13361674905,CDNA,2026-10-07,2026-10-07T14:48:50.582380-04:00,63.72,-0.5206
HUT-20261007T14555881179,HUT,2026-10-07,2026-10-07T14:48:50.582380-04:00,88.72,0.2146
CDNA-20261007T13361674905,CDNA,2026-10-07,2026-10-07T14:49:00.972102-04:00,63.775,-0.6074
HUT-20261007T14555881179,HUT,2026-10-07,2026-10-07T14:49:00.972102-04:00,88.846,0.3569
CDNA-20261007T13361674905,CDNA,2026-10-07,2026-10-07T14:49:11.460262-04:00,63.775,-0.6074
HUT-20261007T14555881179,HUT,2026-10-07,2026-10-07T14:49:11.460262-04:00,88.815,0.3219
CDNA-20261007T13361674905,CDNA,2026-10-07,2026-10-07T14:49:21.966140-04:00,63.75,-0.5679
HUT-20261007T14555881179,HUT,2026-10-07,2026-10-07T14:49:21.966140-04:00,88.815,0.3219
CDNA-20261007T13361674905,CDNA,2026-10-07,2026-10-07T14:49:32.408646-04:00,63.7,-0.489
HUT-20261007T14555881179,HUT,2026-10-07,2026-10-07T14:49:32.408646-04:00,88.84,0.3502
CDNA-20261007T13361674905,CDNA,2026-10-07,2026-10-07T14:49:42.907729-04:00,63.77,-0.5995
HUT-20261007T14555881179,HUT,2026-10-07,2026-10-07T14:49:42.907729-04:00,88.84,0.3502
CDNA-20261007T13361674905,CDNA,2026-10-07,2026-10-07T14:49:53.385950-04:00,63.77,-0.5995
HUT-20261007T14555881179,HUT,2026-10-07,2026-10-07T14:49:53.385950-04:00,88.8576,0.37
CDNA-20261007T13361674905,CDNA,2026-10-07,2026-10-07T14:50:03.837812-04:00,63.77,-0.5995
HUT-20261007T14555881179,HUT,2026-10-07,2026-10-07T14:50:03.837812-04:00,88.71,0.2033
CDNA-20261007T13361674905,CDNA,2026-10-07,2026-10-07T14:50:14.396482-04:00,63.7491,-0.5665
HUT-20261007T14555881179,HUT,2026-10-07,2026-10-07T14:50:14.396482-04:00,88.77,0.2711
CDNA-20261007T13361674905,CDNA,2026-10-07,2026-10-07T14:50:25.048500-04:00,63.78,-0.6152
HUT-20261007T14555881179,HUT,2026-10-07,2026-10-07T14:50:25.048500-04:00,88.725,0.2203
CDNA-20261007T13361674905,CDNA,2026-10-07,2026-10-07T14:50:35.602546-04:00,63.86,-0.7414
HUT-20261007T14555881179,HUT,2026-10-07,2026-10-07T14:50:35.602546-04:00,88.72,0.2146
CDNA-20261007T13361674905,CDNA,2026-10-07,2026-10-07T14:50:46.188237-04:00,63.8431,-0.7148
HUT-20261007T14555881179,HUT,2026-10-07,2026-10-07T14:50:46.188237-04:00,88.725,0.2203
CDNA-20261007T13361674905,CDNA,2026-10-07,2026-10-07T14:50:56.850403-04:00,63.87,-0.7572
HUT-20261007T14555881179,HUT,2026-10-07,2026-10-07T14:50:56.850403-04:00,88.76,0.2598
CDNA-20261007T13361674905,CDNA,2026-10-07,2026-10-07T14:51:07.460580-04:00,63.9,-0.8045
HUT-20261007T14555881179,HUT,2026-10-07,2026-10-07T14:51:07.460580-04:00,88.8,0.305
CDNA-20261007T13361674905,CDNA,2026-10-07,2026-10-07T14:51:18.019705-04:00,63.9,-0.8045
HUT-20261007T14555881179,HUT,2026-10-07,2026-10-07T14:51:18.019705-04:00,88.839,0.349
CDNA-20261007T13361674905,CDNA,2026-10-07,2026-10-07T14:51:28.573841-04:00,63.9,-0.8045
HUT-20261007T14555881179,HUT,2026-10-07,2026-10-07T14:51:28.573841-04:00,88.86,0.3728
CDNA-20261007T13361674905,CDNA,2026-10-07,2026-10-07T14:51:39.074605-04:00,63.9,-0.8045
HUT-20261007T14555881179,HUT,2026-10-07,2026-10-07T14:51:39.074605-04:00,88.84,0.3502
CDNA-20261007T13361674905,CDNA,2026-10-07,2026-10-07T14:51:49.517527-04:00,63.9,-0.8045
HUT-20261007T14555881179,HUT,2026-10-07,2026-10-07T14:51:49.517527-04:00,88.8625,0.3756
CDNA-20261007T13361674905,CDNA,2026-10-07,2026-10-07T14:52:00.007950-04:00,63.9084,-0.8178
HUT-20261007T14555881179,HUT,2026-10-07,2026-10-07T14:52:00.007950-04:00,88.91,0.4292
CDNA-20261007T13361674905,CDNA,2026-10-07,2026-10-07T14:52:10.459255-04:00,63.9084,-0.8178
HUT-20261007T14555881179,HUT,2026-10-07,2026-10-07T14:52:10.459255-04:00,88.93,0.4518
CDNA-20261007T13361674905,CDNA,2026-10-07,2026-10-07T14:52:21.067827-04:00,63.8842,-0.7796
HUT-20261007T14555881179,HUT,2026-10-07,2026-10-07T14:52:21.067827-04:00,88.97,0.497
CDNA-20261007T13361674905,CDNA,2026-10-07,2026-10-07T14:52:31.594062-04:00,63.945,-0.8755
HUT-20261007T14555881179,HUT,2026-10-07,2026-10-07T14:52:31.594062-04:00,88.95,0.4744
CDNA-20261007T13361674905,CDNA,2026-10-07,2026-10-07T14:52:42.040771-04:00,63.9044,-0.8115
HUT-20261007T14555881179,HUT,2026-10-07,2026-10-07T14:52:42.040771-04:00,88.95,0.4744
CDNA-20261007T13361674905,CDNA,2026-10-07,2026-10-07T14:52:52.521226-04:00,63.95,-0.8834
HUT-20261007T14555881179,HUT,2026-10-07,2026-10-07T14:52:52.521226-04:00,88.99,0.5196
CDNA-20261007T13361674905,CDNA,2026-10-07,2026-10-07T14:53:02.917963-04:00,63.8095,-0.6618
HUT-20261007T14555881179,HUT,2026-10-07,2026-10-07T14:53:02.917963-04:00,89.15,0.7003
CDNA-20261007T13361674905,CDNA,2026-10-07,2026-10-07T14:53:13.393960-04:00,63.91,-0.8203
HUT-20261007T14555881179,HUT,2026-10-07,2026-10-07T14:53:13.393960-04:00,89.12,0.6664
CDNA-20261007T13361674905,CDNA,2026-10-07,2026-10-07T14:53:23.818677-04:00,63.95,-0.8834
HUT-20261007T14555881179,HUT,2026-10-07,2026-10-07T14:53:23.818677-04:00,89.055,0.593
CDNA-20261007T13361674905,CDNA,2026-10-07,2026-10-07T14:53:34.185410-04:00,63.95,-0.8834
HUT-20261007T14555881179,HUT,2026-10-07,2026-10-07T14:53:34.185410-04:00,89.055,0.593
CDNA-20261007T13361674905,CDNA,2026-10-07,2026-10-07T14:53:44.616666-04:00,63.8519,-0.7287
HUT-20261007T14555881179,HUT,2026-10-07,2026-10-07T14:53:44.616666-04:00,89.1,0.6438
CDNA-20261007T13361674905,CDNA,2026-10-07,2026-10-07T14:53:55.099872-04:00,63.857,-0.7367
HUT-20261007T14555881179,HUT,2026-10-07,2026-10-07T14:53:55.099872-04:00,89.05,0.5874
CDNA-20261007T13361674905,CDNA,2026-10-07,2026-10-07T14:54:05.566814-04:00,63.95,-0.8834
HUT-20261007T14555881179,HUT,2026-10-07,2026-10-07T14:54:05.566814-04:00,89.075,0.6156
CDNA-20261007T13361674905,CDNA,2026-10-07,2026-10-07T14:54:16.013778-04:00,63.9492,-0.8822
HUT-20261007T14555881179,HUT,2026-10-07,2026-10-07T14:54:16.013778-04:00,89.06,0.5987
CDNA-20261007T13361674905,CDNA,2026-10-07,2026-10-07T14:54:26.467920-04:00,63.99,-0.9465
HUT-20261007T14555881179,HUT,2026-10-07,2026-10-07T14:54:26.467920-04:00,89.055,0.593
CDNA-20261007T13361674905,CDNA,2026-10-07,2026-10-07T14:54:36.894168-04:00,63.955,-0.8913
HUT-20261007T14555881179,HUT,2026-10-07,2026-10-07T14:54:36.894168-04:00,89.06,0.5987
CDNA-20261007T13361674905,CDNA,2026-10-07,2026-10-07T14:54:47.351656-04:00,63.99,-0.9465
HUT-20261007T14555881179,HUT,2026-10-07,2026-10-07T14:54:47.351656-04:00,89.06,0.5987
CDNA-20261007T13361674905,CDNA,2026-10-07,2026-10-07T14:54:57.818736-04:00,63.99,-0.9465
HUT-20261007T14555881179,HUT,2026-10-07,2026-10-07T14:54:57.818736-04:00,89.02,0.5535
CDNA-20261007T13361674905,CDNA,2026-10-07,2026-10-07T14:55:08.214946-04:00,63.99,-0.9465
HUT-20261007T14555881179,HUT,2026-10-07,2026-10-07T14:55:08.214946-04:00,88.9079,0.4269
CDNA-20261007T13361674905,CDNA,2026-10-07,2026-10-07T14:55:18.752121-04:00,64.065,-1.0648
HUT-20261007T14555881179,HUT,2026-10-07,2026-10-07T14:55:18.752121-04:00,88.96,0.4857
CDNA-20261007T13361674905,CDNA,2026-10-07,2026-10-07T14:55:29.224861-04:00,64.0657,-1.0659
HUT-20261007T14555881179,HUT,2026-10-07,2026-10-07T14:55:29.224861-04:00,89.065,0.6043
CDNA-20261007T13361674905,CDNA,2026-10-07,2026-10-07T14:55:39.709252-04:00,64.075,-1.0806
HUT-20261007T14555881179,HUT,2026-10-07,2026-10-07T14:55:39.709252-04:00,88.96,0.4857
CDNA-20261007T13361674905,CDNA,2026-10-07,2026-10-07T14:55:50.226098-04:00,63.8478,-0.7222
HUT-20261007T14555881179,HUT,2026-10-07,2026-10-07T14:55:50.226098-04:00,89.065,0.6043
CDNA-20261007T13361674905,CDNA,2026-10-07,2026-10-07T14:56:00.726113-04:00,64.03,-1.0096
HUT-20261007T14555881179,HUT,2026-10-07,2026-10-07T14:56:00.726113-04:00,89.15,0.7003
CDNA-20261007T13361674905,CDNA,2026-10-07,2026-10-07T14:56:11.199169-04:00,64.06,-1.0569
HUT-20261007T14555881179,HUT,2026-10-07,2026-10-07T14:56:11.199169-04:00,89.07,0.61
CDNA-20261007T13361674905,CDNA,2026-10-07,2026-10-07T14:56:21.630312-04:00,64.04,-1.0254
HUT-20261007T14555881179,HUT,2026-10-07,2026-10-07T14:56:21.630312-04:00,89.05,0.5874
CDNA-20261007T13361674905,CDNA,2026-10-07,2026-10-07T14:56:32.138796-04:00,64.03,-1.0096
HUT-20261007T14555881179,HUT,2026-10-07,2026-10-07T14:56:32.138796-04:00,89.04,0.5761
CDNA-20261007T13361674905,CDNA,2026-10-07,2026-10-07T14:56:42.632474-04:00,64.03,-1.0096
HUT-20261007T14555881179,HUT,2026-10-07,2026-10-07T14:56:42.632474-04:00,89.035,0.5704
CDNA-20261007T13361674905,CDNA,2026-10-07,2026-10-07T14:56:53.124664-04:00,64.0051,-0.9703
HUT-20261007T14555881179,HUT,2026-10-07,2026-10-07T14:56:53.124664-04:00,89.05,0.5874
CDNA-20261007T13361674905,CDNA,2026-10-07,2026-10-07T14:57:03.588823-04:00,64.0345,-1.0167
HUT-20261007T14555881179,HUT,2026-10-07,2026-10-07T14:57:03.588823-04:00,89.04,0.5761
CDNA-20261007T13361674905,CDNA,2026-10-07,2026-10-07T14:57:14.106859-04:00,64.03,-1.0096
HUT-20261007T14555881179,HUT,2026-10-07,2026-10-07T14:57:14.106859-04:00,89.06,0.5987
CDNA-20261007T13361674905,CDNA,2026-10-07,2026-10-07T14:57:24.614230-04:00,64.0097,-0.9776
HUT-20261007T14555881179,HUT,2026-10-07,2026-10-07T14:57:24.614230-04:00,89.0451,0.5818
CDNA-20261007T13361674905,CDNA,2026-10-07,2026-10-07T14:57:35.057823-04:00,64.06,-1.0569
HUT-20261007T14555881179,HUT,2026-10-07,2026-10-07T14:57:35.057823-04:00,89.01,0.5422
CDNA-20261007T13361674905,CDNA,2026-10-07,2026-10-07T14:57:45.508367-04:00,64.1396,-1.1825
HUT-20261007T14555881179,HUT,2026-10-07,2026-10-07T14:57:45.508367-04:00,89.14,0.689
CDNA-20261007T13361674905,CDNA,2026-10-07,2026-10-07T14:57:55.977192-04:00,64.0482,-1.0383
HUT-20261007T14555881179,HUT,2026-10-07,2026-10-07T14:57:55.977192-04:00,89.0625,0.6015
CDNA-20261007T13361674905,CDNA,2026-10-07,2026-10-07T14:58:06.438118-04:00,64.185,-1.2541
HUT-20261007T14555881179,HUT,2026-10-07,2026-10-07T14:58:06.438118-04:00,89.1,0.6438
CDNA-20261007T13361674905,CDNA,2026-10-07,2026-10-07T14:58:16.919710-04:00,64.14,-1.1832
HUT-20261007T14555881179,HUT,2026-10-07,2026-10-07T14:58:16.919710-04:00,89.035,0.5704
CDNA-20261007T13361674905,CDNA,2026-10-07,2026-10-07T14:58:27.420292-04:00,64.16,-1.2147
HUT-20261007T14555881179,HUT,2026-10-07,2026-10-07T14:58:27.420292-04:00,89.045,0.5817
CDNA-20261007T13361674905,CDNA,2026-10-07,2026-10-07T14:58:37.934150-04:00,64.1105,-1.1366
HUT-20261007T14555881179,HUT,2026-10-07,2026-10-07T14:58:37.934150-04:00,89.165,0.7173
CDNA-20261007T13361674905,CDNA,2026-10-07,2026-10-07T14:58:48.696777-04:00,64.0726,-1.0768
HUT-20261007T14555881179,HUT,2026-10-07,2026-10-07T14:58:48.696777-04:00,89.11,0.6551
CDNA-20261007T13361674905,CDNA,2026-10-07,2026-10-07T14:58:59.232219-04:00,64.11,-1.1358
HUT-20261007T14555881179,HUT,2026-10-07,2026-10-07T14:58:59.232219-04:00,89.11,0.6551
CDNA-20261007T13361674905,CDNA,2026-10-07,2026-10-07T14:59:09.719716-04:00,64.13,-1.1674
HUT-20261007T14555881179,HUT,2026-10-07,2026-10-07T14:59:09.719716-04:00,89.11,0.6551
CDNA-20261007T13361674905,CDNA,2026-10-07,2026-10-07T14:59:20.230215-04:00,64.001,-0.9639
HUT-20261007T14555881179,HUT,2026-10-07,2026-10-07T14:59:20.230215-04:00,89.27,0.8359
CDNA-20261007T13361674905,CDNA,2026-10-07,2026-10-07T14:59:30.591994-04:00,64.12,-1.1516
HUT-20261007T14555881179,HUT,2026-10-07,2026-10-07T14:59:30.591994-04:00,89.201,0.7579
CDNA-20261007T13361674905,CDNA,2026-10-07,2026-10-07T14:59:40.956104-04:00,64.0664,-1.067
HUT-20261007T14555881179,HUT,2026-10-07,2026-10-07T14:59:40.956104-04:00,89.38,0.9601
CDNA-20261007T13361674905,CDNA,2026-10-07,2026-10-07T14:59:51.390913-04:00,64.11,-1.1358
HUT-20261007T14555881179,HUT,2026-10-07,2026-10-07T14:59:51.390913-04:00,89.31,0.8811
CDNA-20261007T13361674905,CDNA,2026-10-07,2026-10-07T15:00:01.887990-04:00,64.088,-1.1011
HUT-20261007T14555881179,HUT,2026-10-07,2026-10-07T15:00:01.887990-04:00,89.1331,0.6812
CDNA-20261007T13361674905,CDNA,2026-10-07,2026-10-07T15:00:12.817294-04:00,64.12,-1.1516
HUT-20261007T14555881179,HUT,2026-10-07,2026-10-07T15:00:12.817294-04:00,89.32,0.8924
CDNA-20261007T13361674905,CDNA,2026-10-07,2026-10-07T15:00:23.461337-04:00,64.12,-1.1516
HUT-20261007T14555881179,HUT,2026-10-07,2026-10-07T15:00:23.461337-04:00,89.2668,0.8323
CDNA-20261007T13361674905,CDNA,2026-10-07,2026-10-07T15:00:34.077428-04:00,64.2,-1.2778
HUT-20261007T14555881179,HUT,2026-10-07,2026-10-07T15:00:34.077428-04:00,89.349,0.9251
CDNA-20261007T13361674905,CDNA,2026-10-07,2026-10-07T15:00:44.836460-04:00,64.175,-1.2384
HUT-20261007T14555881179,HUT,2026-10-07,2026-10-07T15:00:44.836460-04:00,89.35,0.9262
CDNA-20261007T13361674905,CDNA,2026-10-07,2026-10-07T15:00:55.468199-04:00,64.2076,-1.2898
HUT-20261007T14555881179,HUT,2026-10-07,2026-10-07T15:00:55.468199-04:00,89.38,0.9601
CDNA-20261007T13361674905,CDNA,2026-10-07,2026-10-07T15:01:06.043406-04:00,64.1478,-1.1955
HUT-20261007T14555881179,HUT,2026-10-07,2026-10-07T15:01:06.043406-04:00,89.34,0.9149
CDNA-20261007T13361674905,CDNA,2026-10-07,2026-10-07T15:01:16.726391-04:00,64.165,-1.2226
HUT-20261007T14555881179,HUT,2026-10-07,2026-10-07T15:01:16.726391-04:00,89.4,0.9827
CDNA-20261007T13361674905,CDNA,2026-10-07,2026-10-07T15:01:27.487766-04:00,64.1044,-1.127
HUT-20261007T14555881179,HUT,2026-10-07,2026-10-07T15:01:27.487766-04:00,89.51,1.107
CDNA-20261007T13361674905,CDNA,2026-10-07,2026-10-07T15:01:38.209586-04:00,64.155,-1.2068
HUT-20261007T14555881179,HUT,2026-10-07,2026-10-07T15:01:38.209586-04:00,89.53,1.1296
CDNA-20261007T13361674905,CDNA,2026-10-07,2026-10-07T15:01:48.824131-04:00,64.1342,-1.174
HUT-20261007T14555881179,HUT,2026-10-07,2026-10-07T15:01:48.824131-04:00,89.61,1.2199
CDNA-20261007T13361674905,CDNA,2026-10-07,2026-10-07T15:01:59.297606-04:00,64.17,-1.2305
HUT-20261007T14555881179,HUT,2026-10-07,2026-10-07T15:01:59.297606-04:00,89.71,1.3329
CDNA-20261007T13361674905,CDNA,2026-10-07,2026-10-07T15:02:09.752374-04:00,64.1016,-1.1226
HUT-20261007T14555881179,HUT,2026-10-07,2026-10-07T15:02:09.752374-04:00,89.76,1.3894
CDNA-20261007T13361674905,CDNA,2026-10-07,2026-10-07T15:02:20.259830-04:00,64.1025,-1.124
HUT-20261007T14555881179,HUT,2026-10-07,2026-10-07T15:02:20.259830-04:00,89.605,1.2143
CDNA-20261007T13361674905,CDNA,2026-10-07,2026-10-07T15:02:30.833573-04:00,64.17,-1.2305
HUT-20261007T14555881179,HUT,2026-10-07,2026-10-07T15:02:30.833573-04:00,89.56,1.1634
CDNA-20261007T13361674905,CDNA,2026-10-07,2026-10-07T15:02:41.403892-04:00,64.19,-1.262
HUT-20261007T14555881179,HUT,2026-10-07,2026-10-07T15:02:41.403892-04:00,89.6,1.2086
CDNA-20261007T13361674905,CDNA,2026-10-07,2026-10-07T15:02:52.030961-04:00,64.11,-1.1358
HUT-20261007T14555881179,HUT,2026-10-07,2026-10-07T15:02:52.030961-04:00,89.6,1.2086
CDNA-20261007T13361674905,CDNA,2026-10-07,2026-10-07T15:03:02.564779-04:00,64.15,-1.1989
HUT-20261007T14555881179,HUT,2026-10-07,2026-10-07T15:03:02.564779-04:00,89.545,1.1465
CDNA-20261007T13361674905,CDNA,2026-10-07,2026-10-07T15:03:13.284137-04:00,64.12,-1.1516
HUT-20261007T14555881179,HUT,2026-10-07,2026-10-07T15:03:13.284137-04:00,89.54,1.1409
CDNA-20261007T13361674905,CDNA,2026-10-07,2026-10-07T15:03:23.840176-04:00,64.0904,-1.1049
HUT-20261007T14555881179,HUT,2026-10-07,2026-10-07T15:03:23.840176-04:00,89.45,1.0392
CDNA-20261007T13361674905,CDNA,2026-10-07,2026-10-07T15:03:34.423118-04:00,64.05,-1.0412
HUT-20261007T14555881179,HUT,2026-10-07,2026-10-07T15:03:34.423118-04:00,89.45,1.0392
CDNA-20261007T13361674905,CDNA,2026-10-07,2026-10-07T15:03:44.899156-04:00,64.075,-1.0806
HUT-20261007T14555881179,HUT,2026-10-07,2026-10-07T15:03:44.899156-04:00,89.42,1.0053
CDNA-20261007T13361674905,CDNA,2026-10-07,2026-10-07T15:03:55.384809-04:00,64.05,-1.0412
HUT-20261007T14555881179,HUT,2026-10-07,2026-10-07T15:03:55.384809-04:00,89.41,0.994
CDNA-20261007T13361674905,CDNA,2026-10-07,2026-10-07T15:04:05.960901-04:00,64.01,-0.9781
HUT-20261007T14555881179,HUT,2026-10-07,2026-10-07T15:04:05.960901-04:00,89.41,0.994
CDNA-20261007T13361674905,CDNA,2026-10-07,2026-10-07T15:04:16.611285-04:00,64.09,-1.1043
HUT-20261007T14555881179,HUT,2026-10-07,2026-10-07T15:04:16.611285-04:00,89.385,0.9658
CDNA-20261007T13361674905,CDNA,2026-10-07,2026-10-07T15:04:27.260021-04:00,64.1066,-1.1305
HUT-20261007T14555881179,HUT,2026-10-07,2026-10-07T15:04:27.260021-04:00,89.4605,1.0511
CDNA-20261007T13361674905,CDNA,2026-10-07,2026-10-07T15:04:37.812866-04:00,64.11,-1.1358
HUT-20261007T14555881179,HUT,2026-10-07,2026-10-07T15:04:37.812866-04:00,89.315,0.8867
CDNA-20261007T13361674905,CDNA,2026-10-07,2026-10-07T15:04:48.362270-04:00,64.153,-1.2037
HUT-20261007T14555881179,HUT,2026-10-07,2026-10-07T15:04:48.362270-04:00,89.315,0.8867
CDNA-20261007T13361674905,CDNA,2026-10-07,2026-10-07T15:04:59.021556-04:00,64.12,-1.1516
HUT-20261007T14555881179,HUT,2026-10-07,2026-10-07T15:04:59.021556-04:00,89.35,0.9262
CDNA-20261007T13361674905,CDNA,2026-10-07,2026-10-07T15:05:09.518320-04:00,64.0843,-1.0953
HUT-20261007T14555881179,HUT,2026-10-07,2026-10-07T15:05:09.518320-04:00,89.3122,0.8835
CDNA-20261007T13361674905,CDNA,2026-10-07,2026-10-07T15:05:20.224703-04:00,64.0796,-1.0879
HUT-20261007T14555881179,HUT,2026-10-07,2026-10-07T15:05:20.224703-04:00,89.44,1.0279
CDNA-20261007T13361674905,CDNA,2026-10-07,2026-10-07T15:05:30.840619-04:00,64.0634,-1.0623
HUT-20261007T14555881179,HUT,2026-10-07,2026-10-07T15:05:30.840619-04:00,89.5,1.0957
CDNA-20261007T13361674905,CDNA,2026-10-07,2026-10-07T15:05:41.435952-04:00,64.0932,-1.1093
HUT-20261007T14555881179,HUT,2026-10-07,2026-10-07T15:05:41.435952-04:00,89.41,0.994
CDNA-20261007T13361674905,CDNA,2026-10-07,2026-10-07T15:05:52.088586-04:00,64.1012,-1.1219
HUT-20261007T14555881179,HUT,2026-10-07,2026-10-07T15:05:52.088586-04:00,89.4971,1.0924
CDNA-20261007T13361674905,CDNA,2026-10-07,2026-10-07T15:06:02.732935-04:00,64.015,-0.986
HUT-20261007T14555881179,HUT,2026-10-07,2026-10-07T15:06:02.732935-04:00,89.43,1.0166
CDNA-20261007T13361674905,CDNA,2026-10-07,2026-10-07T15:06:13.305479-04:00,63.9801,-0.9309
HUT-20261007T14555881179,HUT,2026-10-07,2026-10-07T15:06:13.305479-04:00,89.52,1.1183
CDNA-20261007T13361674905,CDNA,2026-10-07,2026-10-07T15:06:23.769267-04:00,63.98,-0.9307
HUT-20261007T14555881179,HUT,2026-10-07,2026-10-07T15:06:23.769267-04:00,89.4197,1.005
CDNA-20261007T13361674905,CDNA,2026-10-07,2026-10-07T15:06:34.261656-04:00,64.015,-0.986
HUT-20261007T14555881179,HUT,2026-10-07,2026-10-07T15:06:34.261656-04:00,89.39,0.9714
CDNA-20261007T13361674905,CDNA,2026-10-07,2026-10-07T15:06:44.733235-04:00,64.015,-0.986
HUT-20261007T14555881179,HUT,2026-10-07,2026-10-07T15:06:44.733235-04:00,89.355,0.9319
CDNA-20261007T13361674905,CDNA,2026-10-07,2026-10-07T15:06:55.213348-04:00,64.015,-0.986
HUT-20261007T14555881179,HUT,2026-10-07,2026-10-07T15:06:55.213348-04:00,89.4837,1.0773
CDNA-20261007T13361674905,CDNA,2026-10-07,2026-10-07T15:07:05.742834-04:00,63.99,-0.9465
HUT-20261007T14555881179,HUT,2026-10-07,2026-10-07T15:07:05.742834-04:00,89.4386,1.0263
CDNA-20261007T13361674905,CDNA,2026-10-07,2026-10-07T15:07:16.297897-04:00,63.98,-0.9307
HUT-20261007T14555881179,HUT,2026-10-07,2026-10-07T15:07:16.297897-04:00,89.38,0.9601
CDNA-20261007T13361674905,CDNA,2026-10-07,2026-10-07T15:07:26.749441-04:00,64.0817,-1.0912
HUT-20261007T14555881179,HUT,2026-10-07,2026-10-07T15:07:26.749441-04:00,89.37,0.9488
CDNA-20261007T13361674905,CDNA,2026-10-07,2026-10-07T15:07:37.228454-04:00,64.05,-1.0412
HUT-20261007T14555881179,HUT,2026-10-07,2026-10-07T15:07:37.228454-04:00,89.47,1.0618
CDNA-20261007T13361674905,CDNA,2026-10-07,2026-10-07T15:07:47.698053-04:00,63.97,-0.915
HUT-20261007T14555881179,HUT,2026-10-07,2026-10-07T15:07:47.698053-04:00,89.4365,1.0239
CDNA-20261007T13361674905,CDNA,2026-10-07,2026-10-07T15:07:58.198476-04:00,63.99,-0.9465
HUT-20261007T14555881179,HUT,2026-10-07,2026-10-07T15:07:58.198476-04:00,89.56,1.1634
CDNA-20261007T13361674905,CDNA,2026-10-07,2026-10-07T15:08:08.752693-04:00,63.93,-0.8519
HUT-20261007T14555881179,HUT,2026-10-07,2026-10-07T15:08:08.752693-04:00,89.43,1.0166
CDNA-20261007T13361674905,CDNA,2026-10-07,2026-10-07T15:08:19.289499-04:00,63.99,-0.9465
HUT-20261007T14555881179,HUT,2026-10-07,2026-10-07T15:08:19.289499-04:00,89.435,1.0223
CDNA-20261007T13361674905,CDNA,2026-10-07,2026-10-07T15:08:29.833963-04:00,63.995,-0.9544
HUT-20261007T14555881179,HUT,2026-10-07,2026-10-07T15:08:29.833963-04:00,89.35,0.9262
CDNA-20261007T13361674905,CDNA,2026-10-07,2026-10-07T15:08:40.327685-04:00,64.0014,-0.9645
HUT-20261007T14555881179,HUT,2026-10-07,2026-10-07T15:08:40.327685-04:00,89.3,0.8698
CDNA-20261007T13361674905,CDNA,2026-10-07,2026-10-07T15:08:50.891787-04:00,63.96,-0.8992
HUT-20261007T14555881179,HUT,2026-10-07,2026-10-07T15:08:50.891787-04:00,89.295,0.8641
CDNA-20261007T13361674905,CDNA,2026-10-07,2026-10-07T15:09:01.405130-04:00,63.98,-0.9307
HUT-20261007T14555881179,HUT,2026-10-07,2026-10-07T15:09:01.405130-04:00,89.31,0.8811
CDNA-20261007T13361674905,CDNA,2026-10-07,2026-10-07T15:09:12.063310-04:00,63.9559,-0.8927
HUT-20261007T14555881179,HUT,2026-10-07,2026-10-07T15:09:12.063310-04:00,89.3,0.8698
CDNA-20261007T13361674905,CDNA,2026-10-07,2026-10-07T15:09:22.738273-04:00,63.95,-0.8834
HUT-20261007T14555881179,HUT,2026-10-07,2026-10-07T15:09:22.738273-04:00,89.3,0.8698
CDNA-20261007T13361674905,CDNA,2026-10-07,2026-10-07T15:09:33.335545-04:00,63.955,-0.8913
HUT-20261007T14555881179,HUT,2026-10-07,2026-10-07T15:09:33.335545-04:00,89.37,0.9488
CDNA-20261007T13361674905,CDNA,2026-10-07,2026-10-07T15:09:43.766937-04:00,63.93,-0.8519
HUT-20261007T14555881179,HUT,2026-10-07,2026-10-07T15:09:43.766937-04:00,89.32,0.8924
CDNA-20261007T13361674905,CDNA,2026-10-07,2026-10-07T15:09:54.233739-04:00,63.93,-0.8519
HUT-20261007T14555881179,HUT,2026-10-07,2026-10-07T15:09:54.233739-04:00,89.34,0.9149
CDNA-20261007T13361674905,CDNA,2026-10-07,2026-10-07T15:10:04.653108-04:00,63.95,-0.8834
HUT-20261007T14555881179,HUT,2026-10-07,2026-10-07T15:10:04.653108-04:00,89.265,0.8302
CDNA-20261007T13361674905,CDNA,2026-10-07,2026-10-07T15:10:15.239546-04:00,63.925,-0.844
HUT-20261007T14555881179,HUT,2026-10-07,2026-10-07T15:10:15.239546-04:00,89.233,0.7941
CDNA-20261007T13361674905,CDNA,2026-10-07,2026-10-07T15:10:25.856186-04:00,63.9431,-0.8725
HUT-20261007T14555881179,HUT,2026-10-07,2026-10-07T15:10:25.856186-04:00,89.16,0.7116
CDNA-20261007T13361674905,CDNA,2026-10-07,2026-10-07T15:10:36.516986-04:00,63.9431,-0.8725
HUT-20261007T14555881179,HUT,2026-10-07,2026-10-07T15:10:36.516986-04:00,89.135,0.6834
CDNA-20261007T13361674905,CDNA,2026-10-07,2026-10-07T15:10:47.285114-04:00,63.9444,-0.8746
HUT-20261007T14555881179,HUT,2026-10-07,2026-10-07T15:10:47.285114-04:00,89.125,0.6721
CDNA-20261007T13361674905,CDNA,2026-10-07,2026-10-07T15:10:58.044578-04:00,63.9444,-0.8746
HUT-20261007T14555881179,HUT,2026-10-07,2026-10-07T15:10:58.044578-04:00,89.3468,0.9226
CDNA-20261007T13361674905,CDNA,2026-10-07,2026-10-07T15:11:08.803905-04:00,63.9302,-0.8522
HUT-20261007T14555881179,HUT,2026-10-07,2026-10-07T15:11:08.803905-04:00,89.19,0.7455
CDNA-20261007T13361674905,CDNA,2026-10-07,2026-10-07T15:11:19.520130-04:00,63.76,-0.5837
HUT-20261007T14555881179,HUT,2026-10-07,2026-10-07T15:11:19.520130-04:00,89.25,0.8133
CDNA-20261007T13361674905,CDNA,2026-10-07,2026-10-07T15:11:30.010706-04:00,63.8715,-0.7596
HUT-20261007T14555881179,HUT,2026-10-07,2026-10-07T15:11:30.010706-04:00,89.27,0.8359
CDNA-20261007T13361674905,CDNA,2026-10-07,2026-10-07T15:11:40.545204-04:00,63.937,-0.8629
HUT-20261007T14555881179,HUT,2026-10-07,2026-10-07T15:11:40.545204-04:00,89.2775,0.8443
CDNA-20261007T13361674905,CDNA,2026-10-07,2026-10-07T15:11:51.063755-04:00,63.82,-0.6783
HUT-20261007T14555881179,HUT,2026-10-07,2026-10-07T15:11:51.063755-04:00,89.315,0.8867
CDNA-20261007T13361674905,CDNA,2026-10-07,2026-10-07T15:12:01.633998-04:00,63.7727,-0.6037
HUT-20261007T14555881179,HUT,2026-10-07,2026-10-07T15:12:01.633998-04:00,89.315,0.8867
CDNA-20261007T13361674905,CDNA,2026-10-07,2026-10-07T15:12:12.362709-04:00,63.74,-0.5521
HUT-20261007T14555881179,HUT,2026-10-07,2026-10-07T15:12:12.362709-04:00,89.2997,0.8694
CDNA-20261007T13361674905,CDNA,2026-10-07,2026-10-07T15:12:23.140584-04:00,63.8431,-0.7148
HUT-20261007T14555881179,HUT,2026-10-07,2026-10-07T15:12:23.140584-04:00,89.33,0.9036
CDNA-20261007T13361674905,CDNA,2026-10-07,2026-10-07T15:12:33.906694-04:00,63.785,-0.6231
HUT-20261007T14555881179,HUT,2026-10-07,2026-10-07T15:12:33.906694-04:00,89.35,0.9262
CDNA-20261007T13361674905,CDNA,2026-10-07,2026-10-07T15:12:44.515519-04:00,63.77,-0.5995
HUT-20261007T14555881179,HUT,2026-10-07,2026-10-07T15:12:44.515519-04:00,89.32,0.8924
CDNA-20261007T13361674905,CDNA,2026-10-07,2026-10-07T15:12:54.924303-04:00,63.8809,-0.7744
HUT-20261007T14555881179,HUT,2026-10-07,2026-10-07T15:12:54.924303-04:00,89.34,0.9149
CDNA-20261007T13361674905,CDNA,2026-10-07,2026-10-07T15:13:05.268069-04:00,63.8809,-0.7744
HUT-20261007T14555881179,HUT,2026-10-07,2026-10-07T15:13:05.268069-04:00,89.4,0.9827
CDNA-20261007T13361674905,CDNA,2026-10-07,2026-10-07T15:13:15.571689-04:00,63.78,-0.6152
HUT-20261007T14555881179,HUT,2026-10-07,2026-10-07T15:13:15.571689-04:00,89.35,0.9262
CDNA-20261007T13361674905,CDNA,2026-10-07,2026-10-07T15:13:25.882968-04:00,63.8535,-0.7312
HUT-20261007T14555881179,HUT,2026-10-07,2026-10-07T15:13:25.882968-04:00,89.3,0.8698
CDNA-20261007T13361674905,CDNA,2026-10-07,2026-10-07T15:13:36.161168-04:00,63.847,-0.7209
HUT-20261007T14555881179,HUT,2026-10-07,2026-10-07T15:13:36.161168-04:00,89.35,0.9262
CDNA-20261007T13361674905,CDNA,2026-10-07,2026-10-07T15:13:46.396381-04:00,63.78,-0.6152
HUT-20261007T14555881179,HUT,2026-10-07,2026-10-07T15:13:46.396381-04:00,89.325,0.898
CDNA-20261007T13361674905,CDNA,2026-10-07,2026-10-07T15:13:56.683348-04:00,63.8396,-0.7093
HUT-20261007T14555881179,HUT,2026-10-07,2026-10-07T15:13:56.683348-04:00,89.3429,0.9182
CDNA-20261007T13361674905,CDNA,2026-10-07,2026-10-07T15:14:06.953528-04:00,63.7853,-0.6236
HUT-20261007T14555881179,HUT,2026-10-07,2026-10-07T15:14:06.953528-04:00,89.33,0.9036
CDNA-20261007T13361674905,CDNA,2026-10-07,2026-10-07T15:14:17.140859-04:00,63.8199,-0.6782
HUT-20261007T14555881179,HUT,2026-10-07,2026-10-07T15:14:17.140859-04:00,89.33,0.9036
CDNA-20261007T13361674905,CDNA,2026-10-07,2026-10-07T15:14:27.522719-04:00,63.7827,-0.6195
HUT-20261007T14555881179,HUT,2026-10-07,2026-10-07T15:14:27.522719-04:00,89.35,0.9262
CDNA-20261007T13361674905,CDNA,2026-10-07,2026-10-07T15:14:37.770068-04:00,63.78,-0.6152
HUT-20261007T14555881179,HUT,2026-10-07,2026-10-07T15:14:37.770068-04:00,89.34,0.9149
CDNA-20261007T13361674905,CDNA,2026-10-07,2026-10-07T15:14:48.199011-04:00,63.785,-0.6231
HUT-20261007T14555881179,HUT,2026-10-07,2026-10-07T15:14:48.199011-04:00,89.3453,0.9209
CDNA-20261007T13361674905,CDNA,2026-10-07,2026-10-07T15:14:58.425145-04:00,63.82,-0.6783
HUT-20261007T14555881179,HUT,2026-10-07,2026-10-07T15:14:58.425145-04:00,89.32,0.8924
CDNA-20261007T13361674905,CDNA,2026-10-07,2026-10-07T15:15:08.682838-04:00,63.8925,-0.7927
HUT-20261007T14555881179,HUT,2026-10-07,2026-10-07T15:15:08.682838-04:00,89.325,0.898
CDNA-20261007T13361674905,CDNA,2026-10-07,2026-10-07T15:15:19.100948-04:00,63.84,-0.7099
HUT-20261007T14555881179,HUT,2026-10-07,2026-10-07T15:15:19.100948-04:00,89.34,0.9149
CDNA-20261007T13361674905,CDNA,2026-10-07,2026-10-07T15:15:29.405033-04:00,63.807,-0.6578
HUT-20261007T14555881179,HUT,2026-10-07,2026-10-07T15:15:29.405033-04:00,89.31,0.8811
CDNA-20261007T13361674905,CDNA,2026-10-07,2026-10-07T15:15:39.707813-04:00,63.807,-0.6578
HUT-20261007T14555881179,HUT,2026-10-07,2026-10-07T15:15:39.707813-04:00,89.355,0.9319
CDNA-20261007T13361674905,CDNA,2026-10-07,2026-10-07T15:15:50.103709-04:00,63.8879,-0.7855
HUT-20261007T14555881179,HUT,2026-10-07,2026-10-07T15:15:50.103709-04:00,89.37,0.9488
CDNA-20261007T13361674905,CDNA,2026-10-07,2026-10-07T15:16:00.600764-04:00,63.8,-0.6468
HUT-20261007T14555881179,HUT,2026-10-07,2026-10-07T15:16:00.600764-04:00,89.37,0.9488
CDNA-20261007T13361674905,CDNA,2026-10-07,2026-10-07T15:16:11.103772-04:00,63.87,-0.7572
HUT-20261007T14555881179,HUT,2026-10-07,2026-10-07T15:16:11.103772-04:00,89.385,0.9658
CDNA-20261007T13361674905,CDNA,2026-10-07,2026-10-07T15:16:21.571138-04:00,63.875,-0.7651
HUT-20261007T14555881179,HUT,2026-10-07,2026-10-07T15:16:21.571138-04:00,89.3156,0.8874
CDNA-20261007T13361674905,CDNA,2026-10-07,2026-10-07T15:16:32.048642-04:00,63.875,-0.7651
HUT-20261007T14555881179,HUT,2026-10-07,2026-10-07T15:16:32.048642-04:00,89.34,0.9149
CDNA-20261007T13361674905,CDNA,2026-10-07,2026-10-07T15:16:42.381937-04:00,63.8812,-0.7749
HUT-20261007T14555881179,HUT,2026-10-07,2026-10-07T15:16:42.381937-04:00,89.365,0.9432
CDNA-20261007T13361674905,CDNA,2026-10-07,2026-10-07T15:16:52.840338-04:00,63.83,-0.6941
HUT-20261007T14555881179,HUT,2026-10-07,2026-10-07T15:16:52.840338-04:00,89.365,0.9432
CDNA-20261007T13361674905,CDNA,2026-10-07,2026-10-07T15:17:03.133495-04:00,63.8225,-0.6823
HUT-20261007T14555881179,HUT,2026-10-07,2026-10-07T15:17:03.133495-04:00,89.35,0.9262
CDNA-20261007T13361674905,CDNA,2026-10-07,2026-10-07T15:17:13.499763-04:00,63.8206,-0.6793
HUT-20261007T14555881179,HUT,2026-10-07,2026-10-07T15:17:13.499763-04:00,89.36,0.9375
CDNA-20261007T13361674905,CDNA,2026-10-07,2026-10-07T15:17:23.734346-04:00,63.88,-0.773
HUT-20261007T14555881179,HUT,2026-10-07,2026-10-07T15:17:23.734346-04:00,89.375,0.9545
CDNA-20261007T13361674905,CDNA,2026-10-07,2026-10-07T15:17:33.908272-04:00,63.83,-0.6941
HUT-20261007T14555881179,HUT,2026-10-07,2026-10-07T15:17:33.908272-04:00,89.375,0.9545
CDNA-20261007T13361674905,CDNA,2026-10-07,2026-10-07T15:17:44.069171-04:00,63.83,-0.6941
HUT-20261007T14555881179,HUT,2026-10-07,2026-10-07T15:17:44.069171-04:00,89.3695,0.9483
CDNA-20261007T13361674905,CDNA,2026-10-07,2026-10-07T15:17:54.193211-04:00,63.8449,-0.7176
HUT-20261007T14555881179,HUT,2026-10-07,2026-10-07T15:17:54.193211-04:00,89.33,0.9036
CDNA-20261007T13361674905,CDNA,2026-10-07,2026-10-07T15:18:04.322147-04:00,63.8721,-0.7605
HUT-20261007T14555881179,HUT,2026-10-07,2026-10-07T15:18:04.322147-04:00,89.3646,0.9427
CDNA-20261007T13361674905,CDNA,2026-10-07,2026-10-07T15:18:14.457141-04:00,63.88,-0.773
HUT-20261007T14555881179,HUT,2026-10-07,2026-10-07T15:18:14.457141-04:00,89.337,0.9116
CDNA-20261007T13361674905,CDNA,2026-10-07,2026-10-07T15:18:24.702770-04:00,63.838,-0.7067
HUT-20261007T14555881179,HUT,2026-10-07,2026-10-07T15:18:24.702770-04:00,89.275,0.8415
CDNA-20261007T13361674905,CDNA,2026-10-07,2026-10-07T15:18:34.859111-04:00,63.8404,-0.7105
HUT-20261007T14555881179,HUT,2026-10-07,2026-10-07T15:18:34.859111-04:00,89.3,0.8698
CDNA-20261007T13361674905,CDNA,2026-10-07,2026-10-07T15:18:45.037904-04:00,63.83,-0.6941
HUT-20261007T14555881179,HUT,2026-10-07,2026-10-07T15:18:45.037904-04:00,89.29,0.8585
CDNA-20261007T13361674905,CDNA,2026-10-07,2026-10-07T15:18:55.182576-04:00,63.844,-0.7162
HUT-20261007T14555881179,HUT,2026-10-07,2026-10-07T15:18:55.182576-04:00,89.275,0.8415
CDNA-20261007T13361674905,CDNA,2026-10-07,2026-10-07T15:19:05.359146-04:00,63.8479,-0.7224
HUT-20261007T14555881179,HUT,2026-10-07,2026-10-07T15:19:05.359146-04:00,89.2591,0.8236
CDNA-20261007T13361674905,CDNA,2026-10-07,2026-10-07T15:19:15.529226-04:00,63.8722,-0.7607
HUT-20261007T14555881179,HUT,2026-10-07,2026-10-07T15:19:15.529226-04:00,89.39,0.9714
CDNA-20261007T13361674905,CDNA,2026-10-07,2026-10-07T15:19:25.723123-04:00,63.8751,-0.7653
HUT-20261007T14555881179,HUT,2026-10-07,2026-10-07T15:19:25.723123-04:00,89.38,0.9601
CDNA-20261007T13361674905,CDNA,2026-10-07,2026-10-07T15:19:35.967809-04:00,63.88,-0.773
HUT-20261007T14555881179,HUT,2026-10-07,2026-10-07T15:19:35.967809-04:00,89.43,1.0166
CDNA-20261007T13361674905,CDNA,2026-10-07,2026-10-07T15:19:46.145946-04:00,63.86,-0.7414
HUT-20261007T14555881179,HUT,2026-10-07,2026-10-07T15:19:46.145946-04:00,89.37,0.9488
CDNA-20261007T13361674905,CDNA,2026-10-07,2026-10-07T15:19:56.372758-04:00,63.86,-0.7414
HUT-20261007T14555881179,HUT,2026-10-07,2026-10-07T15:19:56.372758-04:00,89.345,0.9206
CDNA-20261007T13361674905,CDNA,2026-10-07,2026-10-07T15:20:06.501885-04:00,63.8608,-0.7427
HUT-20261007T14555881179,HUT,2026-10-07,2026-10-07T15:20:06.501885-04:00,89.31,0.8811
CDNA-20261007T13361674905,CDNA,2026-10-07,2026-10-07T15:20:16.741631-04:00,63.855,-0.7336
HUT-20261007T14555881179,HUT,2026-10-07,2026-10-07T15:20:16.741631-04:00,89.22,0.7794
CDNA-20261007T13361674905,CDNA,2026-10-07,2026-10-07T15:20:26.920134-04:00,63.855,-0.7336
HUT-20261007T14555881179,HUT,2026-10-07,2026-10-07T15:20:26.920134-04:00,89.23,0.7907
CDNA-20261007T13361674905,CDNA,2026-10-07,2026-10-07T15:20:37.113468-04:00,63.8639,-0.7476
HUT-20261007T14555881179,HUT,2026-10-07,2026-10-07T15:20:37.113468-04:00,89.23,0.7907
CDNA-20261007T13361674905,CDNA,2026-10-07,2026-10-07T15:20:47.376118-04:00,63.8599,-0.7413
HUT-20261007T14555881179,HUT,2026-10-07,2026-10-07T15:20:47.376118-04:00,89.23,0.7907
CDNA-20261007T13361674905,CDNA,2026-10-07,2026-10-07T15:20:57.619694-04:00,63.855,-0.7336
HUT-20261007T14555881179,HUT,2026-10-07,2026-10-07T15:20:57.619694-04:00,89.22,0.7794
CDNA-20261007T13361674905,CDNA,2026-10-07,2026-10-07T15:21:07.763098-04:00,63.855,-0.7336
HUT-20261007T14555881179,HUT,2026-10-07,2026-10-07T15:21:07.763098-04:00,89.22,0.7794
CDNA-20261007T13361674905,CDNA,2026-10-07,2026-10-07T15:21:17.966988-04:00,63.864,-0.7478
HUT-20261007T14555881179,HUT,2026-10-07,2026-10-07T15:21:17.966988-04:00,89.17,0.7229
CDNA-20261007T13361674905,CDNA,2026-10-07,2026-10-07T15:21:28.186383-04:00,63.855,-0.7336
HUT-20261007T14555881179,HUT,2026-10-07,2026-10-07T15:21:28.186383-04:00,89.17,0.7229
CDNA-20261007T13361674905,CDNA,2026-10-07,2026-10-07T15:21:38.373959-04:00,63.84,-0.7099
HUT-20261007T14555881179,HUT,2026-10-07,2026-10-07T15:21:38.373959-04:00,89.2811,0.8484
CDNA-20261007T13361674905,CDNA,2026-10-07,2026-10-07T15:21:48.576053-04:00,63.86,-0.7414
HUT-20261007T14555881179,HUT,2026-10-07,2026-10-07T15:21:48.576053-04:00,89.19,0.7455
CDNA-20261007T13361674905,CDNA,2026-10-07,2026-10-07T15:21:58.757460-04:00,63.86,-0.7414
HUT-20261007T14555881179,HUT,2026-10-07,2026-10-07T15:21:58.757460-04:00,89.19,0.7455
CDNA-20261007T13361674905,CDNA,2026-10-07,2026-10-07T15:22:08.930502-04:00,63.83,-0.6941
HUT-20261007T14555881179,HUT,2026-10-07,2026-10-07T15:22:08.930502-04:00,89.1874,0.7426
CDNA-20261007T13361674905,CDNA,2026-10-07,2026-10-07T15:22:19.154671-04:00,63.83,-0.6941
HUT-20261007T14555881179,HUT,2026-10-07,2026-10-07T15:22:19.154671-04:00,89.1,0.6438
CDNA-20261007T13361674905,CDNA,2026-10-07,2026-10-07T15:22:29.344704-04:00,63.845,-0.7178
HUT-20261007T14555881179,HUT,2026-10-07,2026-10-07T15:22:29.344704-04:00,89.1,0.6438
CDNA-20261007T13361674905,CDNA,2026-10-07,2026-10-07T15:22:39.490624-04:00,63.8393,-0.7088
HUT-20261007T14555881179,HUT,2026-10-07,2026-10-07T15:22:39.490624-04:00,89.11,0.6551
CDNA-20261007T13361674905,CDNA,2026-10-07,2026-10-07T15:22:49.709152-04:00,63.856,-0.7351
HUT-20261007T14555881179,HUT,2026-10-07,2026-10-07T15:22:49.709152-04:00,89.15,0.7003
CDNA-20261007T13361674905,CDNA,2026-10-07,2026-10-07T15:22:59.878790-04:00,63.8388,-0.708
HUT-20261007T14555881179,HUT,2026-10-07,2026-10-07T15:22:59.878790-04:00,89.1297,0.6774
CDNA-20261007T13361674905,CDNA,2026-10-07,2026-10-07T15:23:10.057174-04:00,63.835,-0.702
HUT-20261007T14555881179,HUT,2026-10-07,2026-10-07T15:23:10.057174-04:00,89.1365,0.6851
CDNA-20261007T13361674905,CDNA,2026-10-07,2026-10-07T15:23:20.265485-04:00,63.855,-0.7336
HUT-20261007T14555881179,HUT,2026-10-07,2026-10-07T15:23:20.265485-04:00,89.095,0.6382
CDNA-20261007T13361674905,CDNA,2026-10-07,2026-10-07T15:23:30.521817-04:00,63.84,-0.7099
HUT-20261007T14555881179,HUT,2026-10-07,2026-10-07T15:23:30.521817-04:00,89.1403,0.6894
CDNA-20261007T13361674905,CDNA,2026-10-07,2026-10-07T15:23:40.718772-04:00,63.855,-0.7336
HUT-20261007T14555881179,HUT,2026-10-07,2026-10-07T15:23:40.718772-04:00,89.04,0.5761
CDNA-20261007T13361674905,CDNA,2026-10-07,2026-10-07T15:23:50.926374-04:00,63.83,-0.6941
HUT-20261007T14555881179,HUT,2026-10-07,2026-10-07T15:23:50.926374-04:00,89.04,0.5761
CDNA-20261007T13361674905,CDNA,2026-10-07,2026-10-07T15:24:01.087617-04:00,63.825,-0.6862
HUT-20261007T14555881179,HUT,2026-10-07,2026-10-07T15:24:01.087617-04:00,89.04,0.5761
CDNA-20261007T13361674905,CDNA,2026-10-07,2026-10-07T15:24:11.360932-04:00,63.825,-0.6862
HUT-20261007T14555881179,HUT,2026-10-07,2026-10-07T15:24:11.360932-04:00,89.07,0.61
CDNA-20261007T13361674905,CDNA,2026-10-07,2026-10-07T15:24:21.610280-04:00,63.8369,-0.705
HUT-20261007T14555881179,HUT,2026-10-07,2026-10-07T15:24:21.610280-04:00,89.19,0.7455
CDNA-20261007T13361674905,CDNA,2026-10-07,2026-10-07T15:24:31.785257-04:00,63.81,-0.6626
HUT-20261007T14555881179,HUT,2026-10-07,2026-10-07T15:24:31.785257-04:00,89.26,0.8246
CDNA-20261007T13361674905,CDNA,2026-10-07,2026-10-07T15:24:41.979294-04:00,63.832,-0.6973
HUT-20261007T14555881179,HUT,2026-10-07,2026-10-07T15:24:41.979294-04:00,89.2706,0.8366
CDNA-20261007T13361674905,CDNA,2026-10-07,2026-10-07T15:24:52.152270-04:00,63.82,-0.6783
HUT-20261007T14555881179,HUT,2026-10-07,2026-10-07T15:24:52.152270-04:00,89.265,0.8302
CDNA-20261007T13361674905,CDNA,2026-10-07,2026-10-07T15:25:02.362817-04:00,63.89,-0.7888
HUT-20261007T14555881179,HUT,2026-10-07,2026-10-07T15:25:02.362817-04:00,89.36,0.9375
CDNA-20261007T13361674905,CDNA,2026-10-07,2026-10-07T15:25:12.693567-04:00,63.88,-0.773
HUT-20261007T14555881179,HUT,2026-10-07,2026-10-07T15:25:12.693567-04:00,89.2988,0.8684
CDNA-20261007T13361674905,CDNA,2026-10-07,2026-10-07T15:25:22.906422-04:00,63.8482,-0.7228
HUT-20261007T14555881179,HUT,2026-10-07,2026-10-07T15:25:22.906422-04:00,89.35,0.9262
CDNA-20261007T13361674905,CDNA,2026-10-07,2026-10-07T15:25:33.135821-04:00,63.8351,-0.7022
HUT-20261007T14555881179,HUT,2026-10-07,2026-10-07T15:25:33.135821-04:00,89.1936,0.7496
CDNA-20261007T13361674905,CDNA,2026-10-07,2026-10-07T15:25:43.415908-04:00,63.86,-0.7414
HUT-20261007T14555881179,HUT,2026-10-07,2026-10-07T15:25:43.415908-04:00,89.49,1.0844
CDNA-20261007T13361674905,CDNA,2026-10-07,2026-10-07T15:25:53.809694-04:00,63.84,-0.7099
HUT-20261007T14555881179,HUT,2026-10-07,2026-10-07T15:25:53.809694-04:00,89.44,1.0279
CDNA-20261007T13361674905,CDNA,2026-10-07,2026-10-07T15:26:04.115842-04:00,63.8463,-0.7198
HUT-20261007T14555881179,HUT,2026-10-07,2026-10-07T15:26:04.115842-04:00,89.55,1.1522
CDNA-20261007T13361674905,CDNA,2026-10-07,2026-10-07T15:26:14.471930-04:00,63.825,-0.6862
HUT-20261007T14555881179,HUT,2026-10-07,2026-10-07T15:26:14.471930-04:00,89.57,1.1747
CDNA-20261007T13361674905,CDNA,2026-10-07,2026-10-07T15:26:24.772305-04:00,63.825,-0.6862
HUT-20261007T14555881179,HUT,2026-10-07,2026-10-07T15:26:24.772305-04:00,89.5,1.0957
CDNA-20261007T13361674905,CDNA,2026-10-07,2026-10-07T15:26:35.113773-04:00,63.841,-0.7115
HUT-20261007T14555881179,HUT,2026-10-07,2026-10-07T15:26:35.113773-04:00,89.445,1.0335
CDNA-20261007T13361674905,CDNA,2026-10-07,2026-10-07T15:26:45.365715-04:00,63.8406,-0.7108
HUT-20261007T14555881179,HUT,2026-10-07,2026-10-07T15:26:45.365715-04:00,89.48,1.0731
CDNA-20261007T13361674905,CDNA,2026-10-07,2026-10-07T15:26:55.575056-04:00,63.8282,-0.6913
HUT-20261007T14555881179,HUT,2026-10-07,2026-10-07T15:26:55.575056-04:00,89.32,0.8924
CDNA-20261007T13361674905,CDNA,2026-10-07,2026-10-07T15:27:05.794470-04:00,63.79,-0.631
HUT-20261007T14555881179,HUT,2026-10-07,2026-10-07T15:27:05.794470-04:00,89.29,0.8585
CDNA-20261007T13361674905,CDNA,2026-10-07,2026-10-07T15:27:16.005298-04:00,63.79,-0.631
HUT-20261007T14555881179,HUT,2026-10-07,2026-10-07T15:27:16.005298-04:00,89.22,0.7794
CDNA-20261007T13361674905,CDNA,2026-10-07,2026-10-07T15:27:26.228897-04:00,63.79,-0.631
HUT-20261007T14555881179,HUT,2026-10-07,2026-10-07T15:27:26.228897-04:00,89.19,0.7455
CDNA-20261007T13361674905,CDNA,2026-10-07,2026-10-07T15:27:36.485998-04:00,63.8127,-0.6668
HUT-20261007T14555881179,HUT,2026-10-07,2026-10-07T15:27:36.485998-04:00,89.05,0.5874
CDNA-20261007T13361674905,CDNA,2026-10-07,2026-10-07T15:27:46.647150-04:00,63.795,-0.6389
HUT-20261007T14555881179,HUT,2026-10-07,2026-10-07T15:27:46.647150-04:00,89.07,0.61
CDNA-20261007T13361674905,CDNA,2026-10-07,2026-10-07T15:27:56.868814-04:00,63.795,-0.6389
HUT-20261007T14555881179,HUT,2026-10-07,2026-10-07T15:27:56.868814-04:00,89.0875,0.6297
CDNA-20261007T13361674905,CDNA,2026-10-07,2026-10-07T15:28:07.214863-04:00,63.7505,-0.5687
HUT-20261007T14555881179,HUT,2026-10-07,2026-10-07T15:28:07.214863-04:00,89.18,0.7342
CDNA-20261007T13361674905,CDNA,2026-10-07,2026-10-07T15:28:17.450580-04:00,63.7,-0.489
HUT-20261007T14555881179,HUT,2026-10-07,2026-10-07T15:28:17.450580-04:00,89.14,0.689
CDNA-20261007T13361674905,CDNA,2026-10-07,2026-10-07T15:28:27.639628-04:00,63.7858,-0.6244
HUT-20261007T14555881179,HUT,2026-10-07,2026-10-07T15:28:27.639628-04:00,89.3381,0.9128
CDNA-20261007T13361674905,CDNA,2026-10-07,2026-10-07T15:28:37.856734-04:00,63.8056,-0.6556
HUT-20261007T14555881179,HUT,2026-10-07,2026-10-07T15:28:37.856734-04:00,89.135,0.6834
CDNA-20261007T13361674905,CDNA,2026-10-07,2026-10-07T15:28:48.098616-04:00,63.735,-0.5442
HUT-20261007T14555881179,HUT,2026-10-07,2026-10-07T15:28:48.098616-04:00,89.1001,0.644
CDNA-20261007T13361674905,CDNA,2026-10-07,2026-10-07T15:28:58.452910-04:00,63.8022,-0.6503
HUT-20261007T14555881179,HUT,2026-10-07,2026-10-07T15:28:58.452910-04:00,89.02,0.5535
CDNA-20261007T13361674905,CDNA,2026-10-07,2026-10-07T15:29:08.690619-04:00,63.75,-0.5679
HUT-20261007T14555881179,HUT,2026-10-07,2026-10-07T15:29:08.690619-04:00,89.0876,0.6298
CDNA-20261007T13361674905,CDNA,2026-10-07,2026-10-07T15:29:18.888506-04:00,63.69,-0.4733
HUT-20261007T14555881179,HUT,2026-10-07,2026-10-07T15:29:18.888506-04:00,89.3326,0.9066
CDNA-20261007T13361674905,CDNA,2026-10-07,2026-10-07T15:29:29.060270-04:00,63.72,-0.5206
HUT-20261007T14555881179,HUT,2026-10-07,2026-10-07T15:29:29.060270-04:00,89.12,0.6664
CDNA-20261007T13361674905,CDNA,2026-10-07,2026-10-07T15:29:39.260107-04:00,63.72,-0.5206
HUT-20261007T14555881179,HUT,2026-10-07,2026-10-07T15:29:39.260107-04:00,89.15,0.7003
CDNA-20261007T13361674905,CDNA,2026-10-07,2026-10-07T15:29:49.436769-04:00,63.726,-0.5301
HUT-20261007T14555881179,HUT,2026-10-07,2026-10-07T15:29:49.436769-04:00,89.09,0.6326
CDNA-20261007T13361674905,CDNA,2026-10-07,2026-10-07T15:29:59.620916-04:00,63.7657,-0.5927
HUT-20261007T14555881179,HUT,2026-10-07,2026-10-07T15:29:59.620916-04:00,89.08,0.6213
CDNA-20261007T13361674905,CDNA,2026-10-07,2026-10-07T15:30:09.873812-04:00,63.72,-0.5206
HUT-20261007T14555881179,HUT,2026-10-07,2026-10-07T15:30:09.873812-04:00,89.1048,0.6493
CDNA-20261007T13361674905,CDNA,2026-10-07,2026-10-07T15:30:20.268585-04:00,63.72,-0.5206
HUT-20261007T14555881179,HUT,2026-10-07,2026-10-07T15:30:20.268585-04:00,89.3022,0.8722
CDNA-20261007T13361674905,CDNA,2026-10-07,2026-10-07T15:30:30.610697-04:00,63.744,-0.5584
HUT-20261007T14555881179,HUT,2026-10-07,2026-10-07T15:30:30.610697-04:00,89.1198,0.6662
CDNA-20261007T13361674905,CDNA,2026-10-07,2026-10-07T15:30:41.051121-04:00,63.725,-0.5285
HUT-20261007T14555881179,HUT,2026-10-07,2026-10-07T15:30:41.051121-04:00,89.18,0.7342
CDNA-20261007T13361674905,CDNA,2026-10-07,2026-10-07T15:30:51.535512-04:00,63.71,-0.5048
HUT-20261007T14555881179,HUT,2026-10-07,2026-10-07T15:30:51.535512-04:00,89.17,0.7229
CDNA-20261007T13361674905,CDNA,2026-10-07,2026-10-07T15:31:02.049370-04:00,63.7,-0.489
HUT-20261007T14555881179,HUT,2026-10-07,2026-10-07T15:31:02.049370-04:00,89.17,0.7229
CDNA-20261007T13361674905,CDNA,2026-10-07,2026-10-07T15:31:12.822568-04:00,63.72,-0.5206
HUT-20261007T14555881179,HUT,2026-10-07,2026-10-07T15:31:12.822568-04:00,89.22,0.7794
CDNA-20261007T13361674905,CDNA,2026-10-07,2026-10-07T15:31:23.660547-04:00,63.68,-0.4575
HUT-20261007T14555881179,HUT,2026-10-07,2026-10-07T15:31:23.660547-04:00,89.24,0.802
CDNA-20261007T13361674905,CDNA,2026-10-07,2026-10-07T15:31:34.525907-04:00,63.7048,-0.4966
HUT-20261007T14555881179,HUT,2026-10-07,2026-10-07T15:31:34.525907-04:00,89.245,0.8076
CDNA-20261007T13361674905,CDNA,2026-10-07,2026-10-07T15:31:45.295193-04:00,63.695,-0.4811
HUT-20261007T14555881179,HUT,2026-10-07,2026-10-07T15:31:45.295193-04:00,89.2266,0.7869
CDNA-20261007T13361674905,CDNA,2026-10-07,2026-10-07T15:31:56.057840-04:00,63.68,-0.4575
HUT-20261007T14555881179,HUT,2026-10-07,2026-10-07T15:31:56.057840-04:00,89.2825,0.85
CDNA-20261007T13361674905,CDNA,2026-10-07,2026-10-07T15:32:06.768665-04:00,63.6979,-0.4857
HUT-20261007T14555881179,HUT,2026-10-07,2026-10-07T15:32:06.768665-04:00,89.26,0.8246
CDNA-20261007T13361674905,CDNA,2026-10-07,2026-10-07T15:32:17.534109-04:00,63.62,-0.3628
HUT-20261007T14555881179,HUT,2026-10-07,2026-10-07T15:32:17.534109-04:00,89.2635,0.8285
CDNA-20261007T13361674905,CDNA,2026-10-07,2026-10-07T15:32:28.305689-04:00,63.6,-0.3313
HUT-20261007T14555881179,HUT,2026-10-07,2026-10-07T15:32:28.305689-04:00,89.265,0.8302
CDNA-20261007T13361674905,CDNA,2026-10-07,2026-10-07T15:32:38.956540-04:00,63.38,0.0158
HUT-20261007T14555881179,HUT,2026-10-07,2026-10-07T15:32:38.956540-04:00,89.3,0.8698
CDNA-20261007T13361674905,CDNA,2026-10-07,2026-10-07T15:32:49.503068-04:00,63.5136,-0.195
HUT-20261007T14555881179,HUT,2026-10-07,2026-10-07T15:32:49.503068-04:00,89.32,0.8924
CDNA-20261007T13361674905,CDNA,2026-10-07,2026-10-07T15:33:00.027754-04:00,63.36,0.0473
HUT-20261007T14555881179,HUT,2026-10-07,2026-10-07T15:33:00.027754-04:00,89.2856,0.8535
CDNA-20261007T13361674905,CDNA,2026-10-07,2026-10-07T15:33:10.682986-04:00,63.39,-0.0
HUT-20261007T14555881179,HUT,2026-10-07,2026-10-07T15:33:10.682986-04:00,89.3,0.8698
CDNA-20261007T13361674905,CDNA,2026-10-07,2026-10-07T15:33:21.214273-04:00,63.39,-0.0
HUT-20261007T14555881179,HUT,2026-10-07,2026-10-07T15:33:21.214273-04:00,89.35,0.9262
CDNA-20261007T13361674905,CDNA,2026-10-07,2026-10-07T15:33:31.840172-04:00,63.395,-0.0079
HUT-20261007T14555881179,HUT,2026-10-07,2026-10-07T15:33:31.840172-04:00,89.31,0.8811
CDNA-20261007T13361674905,CDNA,2026-10-07,2026-10-07T15:33:42.392521-04:00,63.4,-0.0158
HUT-20261007T14555881179,HUT,2026-10-07,2026-10-07T15:33:42.392521-04:00,89.34,0.9149
CDNA-20261007T13361674905,CDNA,2026-10-07,2026-10-07T15:33:52.944366-04:00,63.36,0.0473
HUT-20261007T14555881179,HUT,2026-10-07,2026-10-07T15:33:52.944366-04:00,89.31,0.8811
CDNA-20261007T13361674905,CDNA,2026-10-07,2026-10-07T15:34:03.487661-04:00,63.4183,-0.0446
HUT-20261007T14555881179,HUT,2026-10-07,2026-10-07T15:34:03.487661-04:00,89.3272,0.9005
CDNA-20261007T13361674905,CDNA,2026-10-07,2026-10-07T15:34:14.206988-04:00,63.32,0.1104
HUT-20261007T14555881179,HUT,2026-10-07,2026-10-07T15:34:14.206988-04:00,89.2565,0.8206
CDNA-20261007T13361674905,CDNA,2026-10-07,2026-10-07T15:34:24.940742-04:00,63.544,-0.2429
HUT-20261007T14555881179,HUT,2026-10-07,2026-10-07T15:34:24.940742-04:00,89.25,0.8133
CDNA-20261007T13361674905,CDNA,2026-10-07,2026-10-07T15:34:35.530608-04:00,63.2905,0.157
HUT-20261007T14555881179,HUT,2026-10-07,2026-10-07T15:34:35.530608-04:00,89.3,0.8698
CDNA-20261007T13361674905,CDNA,2026-10-07,2026-10-07T15:34:46.113179-04:00,63.215,0.2761
HUT-20261007T14555881179,HUT,2026-10-07,2026-10-07T15:34:46.113179-04:00,89.33,0.9036
CDNA-20261007T13361674905,CDNA,2026-10-07,2026-10-07T15:34:56.567959-04:00,63.33,0.0947
HUT-20261007T14555881179,HUT,2026-10-07,2026-10-07T15:34:56.567959-04:00,89.2661,0.8315
CDNA-20261007T13361674905,CDNA,2026-10-07,2026-10-07T15:35:07.017861-04:00,63.36,0.0473
HUT-20261007T14555881179,HUT,2026-10-07,2026-10-07T15:35:07.017861-04:00,89.26,0.8246
CDNA-20261007T13361674905,CDNA,2026-10-07,2026-10-07T15:35:17.700049-04:00,63.355,0.0552
HUT-20261007T14555881179,HUT,2026-10-07,2026-10-07T15:35:17.700049-04:00,89.2696,0.8354
CDNA-20261007T13361674905,CDNA,2026-10-07,2026-10-07T15:35:28.341161-04:00,63.335,0.0868
HUT-20261007T14555881179,HUT,2026-10-07,2026-10-07T15:35:28.341161-04:00,89.155,0.706
CDNA-20261007T13361674905,CDNA,2026-10-07,2026-10-07T15:35:38.817646-04:00,63.36,0.0473
HUT-20261007T14555881179,HUT,2026-10-07,2026-10-07T15:35:38.817646-04:00,89.155,0.706
CDNA-20261007T13361674905,CDNA,2026-10-07,2026-10-07T15:35:49.272830-04:00,63.335,0.0868
HUT-20261007T14555881179,HUT,2026-10-07,2026-10-07T15:35:49.272830-04:00,89.16,0.7116
CDNA-20261007T13361674905,CDNA,2026-10-07,2026-10-07T15:35:59.778824-04:00,63.335,0.0868
HUT-20261007T14555881179,HUT,2026-10-07,2026-10-07T15:35:59.778824-04:00,89.12,0.6664
CDNA-20261007T13361674905,CDNA,2026-10-07,2026-10-07T15:36:10.406963-04:00,63.335,0.0868
HUT-20261007T14555881179,HUT,2026-10-07,2026-10-07T15:36:10.406963-04:00,89.125,0.6721
CDNA-20261007T13361674905,CDNA,2026-10-07,2026-10-07T15:36:21.020930-04:00,63.335,0.0868
HUT-20261007T14555881179,HUT,2026-10-07,2026-10-07T15:36:21.020930-04:00,89.2564,0.8205
CDNA-20261007T13361674905,CDNA,2026-10-07,2026-10-07T15:36:31.614702-04:00,63.335,0.0868
HUT-20261007T14555881179,HUT,2026-10-07,2026-10-07T15:36:31.614702-04:00,89.035,0.5704
CDNA-20261007T13361674905,CDNA,2026-10-07,2026-10-07T15:36:42.167923-04:00,63.38,0.0158
HUT-20261007T14555881179,HUT,2026-10-07,2026-10-07T15:36:42.167923-04:00,89.03,0.5648
CDNA-20261007T13361674905,CDNA,2026-10-07,2026-10-07T15:36:52.743698-04:00,63.3764,0.0215
HUT-20261007T14555881179,HUT,2026-10-07,2026-10-07T15:36:52.743698-04:00,89.03,0.5648
CDNA-20261007T13361674905,CDNA,2026-10-07,2026-10-07T15:37:03.275891-04:00,63.3693,0.0327
HUT-20261007T14555881179,HUT,2026-10-07,2026-10-07T15:37:03.275891-04:00,89.02,0.5535
CDNA-20261007T13361674905,CDNA,2026-10-07,2026-10-07T15:37:13.705008-04:00,63.28,0.1735
HUT-20261007T14555881179,HUT,2026-10-07,2026-10-07T15:37:13.705008-04:00,89.2188,0.778
CDNA-20261007T13361674905,CDNA,2026-10-07,2026-10-07T15:37:24.099599-04:00,63.3525,0.0592
HUT-20261007T14555881179,HUT,2026-10-07,2026-10-07T15:37:24.099599-04:00,89.01,0.5422
CDNA-20261007T13361674905,CDNA,2026-10-07,2026-10-07T15:37:34.477063-04:00,63.3591,0.0487
HUT-20261007T14555881179,HUT,2026-10-07,2026-10-07T15:37:34.477063-04:00,89.03,0.5648
CDNA-20261007T13361674905,CDNA,2026-10-07,2026-10-07T15:37:44.928822-04:00,63.3404,0.0782
HUT-20261007T14555881179,HUT,2026-10-07,2026-10-07T15:37:44.928822-04:00,89.1986,0.7552
CDNA-20261007T13361674905,CDNA,2026-10-07,2026-10-07T15:37:55.322309-04:00,63.3451,0.0708
HUT-20261007T14555881179,HUT,2026-10-07,2026-10-07T15:37:55.322309-04:00,89.04,0.5761
CDNA-20261007T13361674905,CDNA,2026-10-07,2026-10-07T15:38:05.686220-04:00,63.39,-0.0
HUT-20261007T14555881179,HUT,2026-10-07,2026-10-07T15:38:05.686220-04:00,89.186,0.741
CDNA-20261007T13361674905,CDNA,2026-10-07,2026-10-07T15:38:16.046454-04:00,63.3383,0.0816
HUT-20261007T14555881179,HUT,2026-10-07,2026-10-07T15:38:16.046454-04:00,89.05,0.5874
CDNA-20261007T13361674905,CDNA,2026-10-07,2026-10-07T15:38:26.347863-04:00,63.31,0.1262
HUT-20261007T14555881179,HUT,2026-10-07,2026-10-07T15:38:26.347863-04:00,89.0105,0.5428
CDNA-20261007T13361674905,CDNA,2026-10-07,2026-10-07T15:38:36.673395-04:00,63.285,0.1656
HUT-20261007T14555881179,HUT,2026-10-07,2026-10-07T15:38:36.673395-04:00,89.0564,0.5946
CDNA-20261007T13361674905,CDNA,2026-10-07,2026-10-07T15:38:46.928249-04:00,63.275,0.1814
HUT-20261007T14555881179,HUT,2026-10-07,2026-10-07T15:38:46.928249-04:00,89.07,0.61
CDNA-20261007T13361674905,CDNA,2026-10-07,2026-10-07T15:38:57.144334-04:00,63.3297,0.0951
HUT-20261007T14555881179,HUT,2026-10-07,2026-10-07T15:38:57.144334-04:00,89.1416,0.6908
CDNA-20261007T13361674905,CDNA,2026-10-07,2026-10-07T15:39:07.395140-04:00,63.32,0.1104
HUT-20261007T14555881179,HUT,2026-10-07,2026-10-07T15:39:07.395140-04:00,89.12,0.6664
CDNA-20261007T13361674905,CDNA,2026-10-07,2026-10-07T15:39:17.626955-04:00,63.29,0.1578
HUT-20261007T14555881179,HUT,2026-10-07,2026-10-07T15:39:17.626955-04:00,89.124,0.671
CDNA-20261007T13361674905,CDNA,2026-10-07,2026-10-07T15:39:27.861171-04:00,63.3271,0.0992
HUT-20261007T14555881179,HUT,2026-10-07,2026-10-07T15:39:27.861171-04:00,89.14,0.689
CDNA-20261007T13361674905,CDNA,2026-10-07,2026-10-07T15:39:38.161683-04:00,63.3,0.142
HUT-20261007T14555881179,HUT,2026-10-07,2026-10-07T15:39:38.161683-04:00,89.15,0.7003
CDNA-20261007T13361674905,CDNA,2026-10-07,2026-10-07T15:39:48.390764-04:00,63.3083,0.1289
HUT-20261007T14555881179,HUT,2026-10-07,2026-10-07T15:39:48.390764-04:00,89.13,0.6777
CDNA-20261007T13361674905,CDNA,2026-10-07,2026-10-07T15:39:58.559150-04:00,63.3075,0.1301
HUT-20261007T14555881179,HUT,2026-10-07,2026-10-07T15:39:58.559150-04:00,89.07,0.61
CDNA-20261007T13361674905,CDNA,2026-10-07,2026-10-07T15:40:08.792281-04:00,63.34,0.0789
HUT-20261007T14555881179,HUT,2026-10-07,2026-10-07T15:40:08.792281-04:00,89.1025,0.6467
CDNA-20261007T13361674905,CDNA,2026-10-07,2026-10-07T15:40:19.068819-04:00,63.34,0.0789
HUT-20261007T14555881179,HUT,2026-10-07,2026-10-07T15:40:19.068819-04:00,89.185,0.7399
CDNA-20261007T13361674905,CDNA,2026-10-07,2026-10-07T15:40:29.270659-04:00,63.3382,0.0817
HUT-20261007T14555881179,HUT,2026-10-07,2026-10-07T15:40:29.270659-04:00,89.24,0.802
CDNA-20261007T13361674905,CDNA,2026-10-07,2026-10-07T15:40:39.490065-04:00,63.33,0.0947
HUT-20261007T14555881179,HUT,2026-10-07,2026-10-07T15:40:39.490065-04:00,89.28,0.8472
CDNA-20261007T13361674905,CDNA,2026-10-07,2026-10-07T15:40:49.811183-04:00,63.26,0.2051
HUT-20261007T14555881179,HUT,2026-10-07,2026-10-07T15:40:49.811183-04:00,89.1593,0.7108
CDNA-20261007T13361674905,CDNA,2026-10-07,2026-10-07T15:41:00.231943-04:00,63.3079,0.1295
HUT-20261007T14555881179,HUT,2026-10-07,2026-10-07T15:41:00.231943-04:00,89.35,0.9262
CDNA-20261007T13361674905,CDNA,2026-10-07,2026-10-07T15:41:10.710057-04:00,63.4069,-0.0267
HUT-20261007T14555881179,HUT,2026-10-07,2026-10-07T15:41:10.710057-04:00,89.32,0.8924
CDNA-20261007T13361674905,CDNA,2026-10-07,2026-10-07T15:41:21.011482-04:00,63.23,0.2524
HUT-20261007T14555881179,HUT,2026-10-07,2026-10-07T15:41:21.011482-04:00,89.27,0.8359
CDNA-20261007T13361674905,CDNA,2026-10-07,2026-10-07T15:41:31.345719-04:00,63.255,0.213
HUT-20261007T14555881179,HUT,2026-10-07,2026-10-07T15:41:31.345719-04:00,89.285,0.8528
CDNA-20261007T13361674905,CDNA,2026-10-07,2026-10-07T15:41:41.560116-04:00,63.324,0.1041
HUT-20261007T14555881179,HUT,2026-10-07,2026-10-07T15:41:41.560116-04:00,89.1782,0.7322
CDNA-20261007T13361674905,CDNA,2026-10-07,2026-10-07T15:41:51.725946-04:00,63.23,0.2524
HUT-20261007T14555881179,HUT,2026-10-07,2026-10-07T15:41:51.725946-04:00,89.3145,0.8861
CDNA-20261007T13361674905,CDNA,2026-10-07,2026-10-07T15:42:01.937158-04:00,63.24,0.2366
HUT-20261007T14555881179,HUT,2026-10-07,2026-10-07T15:42:01.937158-04:00,89.2103,0.7684
CDNA-20261007T13361674905,CDNA,2026-10-07,2026-10-07T15:42:12.183619-04:00,63.195,0.3076
HUT-20261007T14555881179,HUT,2026-10-07,2026-10-07T15:42:12.183619-04:00,89.305,0.8754
CDNA-20261007T13361674905,CDNA,2026-10-07,2026-10-07T15:42:22.460206-04:00,63.2448,0.2291
HUT-20261007T14555881179,HUT,2026-10-07,2026-10-07T15:42:22.460206-04:00,89.3126,0.884
CDNA-20261007T13361674905,CDNA,2026-10-07,2026-10-07T15:42:32.662438-04:00,63.25,0.2209
HUT-20261007T14555881179,HUT,2026-10-07,2026-10-07T15:42:32.662438-04:00,89.38,0.9601
CDNA-20261007T13361674905,CDNA,2026-10-07,2026-10-07T15:42:42.887309-04:00,63.285,0.1656
HUT-20261007T14555881179,HUT,2026-10-07,2026-10-07T15:42:42.887309-04:00,89.31,0.8811
CDNA-20261007T13361674905,CDNA,2026-10-07,2026-10-07T15:42:53.069715-04:00,63.315,0.1183
HUT-20261007T14555881179,HUT,2026-10-07,2026-10-07T15:42:53.069715-04:00,89.28,0.8472
CDNA-20261007T13361674905,CDNA,2026-10-07,2026-10-07T15:43:03.218587-04:00,63.2387,0.2387
HUT-20261007T14555881179,HUT,2026-10-07,2026-10-07T15:43:03.218587-04:00,89.207,0.7647
CDNA-20261007T13361674905,CDNA,2026-10-07,2026-10-07T15:43:13.482199-04:00,63.3151,0.1182
HUT-20261007T14555881179,HUT,2026-10-07,2026-10-07T15:43:13.482199-04:00,89.25,0.8133
CDNA-20261007T13361674905,CDNA,2026-10-07,2026-10-07T15:43:23.793829-04:00,63.2715,0.1869
HUT-20261007T14555881179,HUT,2026-10-07,2026-10-07T15:43:23.793829-04:00,89.26,0.8246
CDNA-20261007T13361674905,CDNA,2026-10-07,2026-10-07T15:43:34.041159-04:00,63.31,0.1262
HUT-20261007T14555881179,HUT,2026-10-07,2026-10-07T15:43:34.041159-04:00,89.26,0.8246
CDNA-20261007T13361674905,CDNA,2026-10-07,2026-10-07T15:43:44.268517-04:00,63.31,0.1262
HUT-20261007T14555881179,HUT,2026-10-07,2026-10-07T15:43:44.268517-04:00,89.26,0.8246
CDNA-20261007T13361674905,CDNA,2026-10-07,2026-10-07T15:43:54.448474-04:00,63.272,0.1861
HUT-20261007T14555881179,HUT,2026-10-07,2026-10-07T15:43:54.448474-04:00,89.27,0.8359
CDNA-20261007T13361674905,CDNA,2026-10-07,2026-10-07T15:44:04.641207-04:00,63.2653,0.1967
HUT-20261007T14555881179,HUT,2026-10-07,2026-10-07T15:44:04.641207-04:00,89.2452,0.8079
CDNA-20261007T13361674905,CDNA,2026-10-07,2026-10-07T15:44:14.844284-04:00,63.278,0.1767
HUT-20261007T14555881179,HUT,2026-10-07,2026-10-07T15:44:14.844284-04:00,89.29,0.8585
CDNA-20261007T13361674905,CDNA,2026-10-07,2026-10-07T15:44:25.040934-04:00,63.26,0.2051
HUT-20261007T14555881179,HUT,2026-10-07,2026-10-07T15:44:25.040934-04:00,89.31,0.8811
CDNA-20261007T13361674905,CDNA,2026-10-07,2026-10-07T15:44:35.205141-04:00,63.25,0.2209
HUT-20261007T14555881179,HUT,2026-10-07,2026-10-07T15:44:35.205141-04:00,89.2589,0.8233
CDNA-20261007T13361674905,CDNA,2026-10-07,2026-10-07T15:44:45.412351-04:00,63.2636,0.1994
HUT-20261007T14555881179,HUT,2026-10-07,2026-10-07T15:44:45.412351-04:00,89.34,0.9149
CDNA-20261007T13361674905,CDNA,2026-10-07,2026-10-07T15:44:55.521925-04:00,63.275,0.1814
HUT-20261007T14555881179,HUT,2026-10-07,2026-10-07T15:44:55.521925-04:00,89.35,0.9262
CDNA-20261007T13361674905,CDNA,2026-10-07,2026-10-07T15:45:05.642369-04:00,63.2828,0.1691
HUT-20261007T14555881179,HUT,2026-10-07,2026-10-07T15:45:05.642369-04:00,89.34,0.9149
CDNA-20261007T13361674905,CDNA,2026-10-07,2026-10-07T15:45:15.909931-04:00,63.285,0.1656
HUT-20261007T14555881179,HUT,2026-10-07,2026-10-07T15:45:15.909931-04:00,89.34,0.9149
CDNA-20261007T13361674905,CDNA,2026-10-07,2026-10-07T15:45:26.182871-04:00,63.26,0.2051
HUT-20261007T14555881179,HUT,2026-10-07,2026-10-07T15:45:26.182871-04:00,89.355,0.9319
CDNA-20261007T13361674905,CDNA,2026-10-07,2026-10-07T15:45:36.519950-04:00,63.275,0.1814
HUT-20261007T14555881179,HUT,2026-10-07,2026-10-07T15:45:36.519950-04:00,89.38,0.9601
CDNA-20261007T13361674905,CDNA,2026-10-07,2026-10-07T15:45:46.931404-04:00,63.26,0.2051
HUT-20261007T14555881179,HUT,2026-10-07,2026-10-07T15:45:46.931404-04:00,89.36,0.9375
CDNA-20261007T13361674905,CDNA,2026-10-07,2026-10-07T15:45:57.249848-04:00,63.2636,0.1994
HUT-20261007T14555881179,HUT,2026-10-07,2026-10-07T15:45:57.249848-04:00,89.32,0.8924
CDNA-20261007T13361674905,CDNA,2026-10-07,2026-10-07T15:46:07.800839-04:00,63.28,0.1735
HUT-20261007T14555881179,HUT,2026-10-07,2026-10-07T15:46:07.800839-04:00,89.37,0.9488
CDNA-20261007T13361674905,CDNA,2026-10-07,2026-10-07T15:46:18.207933-04:00,63.2657,0.1961
HUT-20261007T14555881179,HUT,2026-10-07,2026-10-07T15:46:18.207933-04:00,89.365,0.9432
CDNA-20261007T13361674905,CDNA,2026-10-07,2026-10-07T15:46:28.596267-04:00,63.29,0.1578
HUT-20261007T14555881179,HUT,2026-10-07,2026-10-07T15:46:28.596267-04:00,89.36,0.9375
CDNA-20261007T13361674905,CDNA,2026-10-07,2026-10-07T15:46:38.936751-04:00,63.3,0.142
HUT-20261007T14555881179,HUT,2026-10-07,2026-10-07T15:46:38.936751-04:00,89.145,0.6947
CDNA-20261007T13361674905,CDNA,2026-10-07,2026-10-07T15:46:49.365169-04:00,63.315,0.1183
HUT-20261007T14555881179,HUT,2026-10-07,2026-10-07T15:46:49.365169-04:00,89.18,0.7342
CDNA-20261007T13361674905,CDNA,2026-10-07,2026-10-07T15:46:59.883599-04:00,63.285,0.1656
HUT-20261007T14555881179,HUT,2026-10-07,2026-10-07T15:46:59.883599-04:00,89.15,0.7003
CDNA-20261007T13361674905,CDNA,2026-10-07,2026-10-07T15:47:10.307141-04:00,63.2801,0.1734
HUT-20261007T14555881179,HUT,2026-10-07,2026-10-07T15:47:10.307141-04:00,89.2497,0.8129
CDNA-20261007T13361674905,CDNA,2026-10-07,2026-10-07T15:47:20.635888-04:00,63.29,0.1578
HUT-20261007T14555881179,HUT,2026-10-07,2026-10-07T15:47:20.635888-04:00,89.155,0.706
CDNA-20261007T13361674905,CDNA,2026-10-07,2026-10-07T15:47:31.008614-04:00,63.285,0.1656
HUT-20261007T14555881179,HUT,2026-10-07,2026-10-07T15:47:31.008614-04:00,89.16,0.7116
CDNA-20261007T13361674905,CDNA,2026-10-07,2026-10-07T15:47:41.268728-04:00,63.29,0.1578
HUT-20261007T14555881179,HUT,2026-10-07,2026-10-07T15:47:41.268728-04:00,89.22,0.7794
CDNA-20261007T13361674905,CDNA,2026-10-07,2026-10-07T15:47:51.533678-04:00,63.315,0.1183
HUT-20261007T14555881179,HUT,2026-10-07,2026-10-07T15:47:51.533678-04:00,89.225,0.785
CDNA-20261007T13361674905,CDNA,2026-10-07,2026-10-07T15:48:01.835916-04:00,63.2808,0.1723
HUT-20261007T14555881179,HUT,2026-10-07,2026-10-07T15:48:01.835916-04:00,89.225,0.785
CDNA-20261007T13361674905,CDNA,2026-10-07,2026-10-07T15:48:12.124981-04:00,63.2873,0.162
HUT-20261007T14555881179,HUT,2026-10-07,2026-10-07T15:48:12.124981-04:00,89.22,0.7794
CDNA-20261007T13361674905,CDNA,2026-10-07,2026-10-07T15:48:22.349882-04:00,63.315,0.1183
HUT-20261007T14555881179,HUT,2026-10-07,2026-10-07T15:48:22.349882-04:00,89.175,0.7286
CDNA-20261007T13361674905,CDNA,2026-10-07,2026-10-07T15:48:32.565190-04:00,63.2879,0.1611
HUT-20261007T14555881179,HUT,2026-10-07,2026-10-07T15:48:32.565190-04:00,89.2885,0.8568
CDNA-20261007T13361674905,CDNA,2026-10-07,2026-10-07T15:48:42.744288-04:00,63.315,0.1183
HUT-20261007T14555881179,HUT,2026-10-07,2026-10-07T15:48:42.744288-04:00,89.185,0.7399
CDNA-20261007T13361674905,CDNA,2026-10-07,2026-10-07T15:48:52.920859-04:00,63.32,0.1104
HUT-20261007T14555881179,HUT,2026-10-07,2026-10-07T15:48:52.920859-04:00,89.2266,0.7869
CDNA-20261007T13361674905,CDNA,2026-10-07,2026-10-07T15:49:03.140181-04:00,63.2907,0.1566
HUT-20261007T14555881179,HUT,2026-10-07,2026-10-07T15:49:03.140181-04:00,89.22,0.7794
CDNA-20261007T13361674905,CDNA,2026-10-07,2026-10-07T15:49:13.361603-04:00,63.32,0.1104
HUT-20261007T14555881179,HUT,2026-10-07,2026-10-07T15:49:13.361603-04:00,89.255,0.8189
CDNA-20261007T13361674905,CDNA,2026-10-07,2026-10-07T15:49:23.516514-04:00,63.31,0.1262
HUT-20261007T14555881179,HUT,2026-10-07,2026-10-07T15:49:23.516514-04:00,89.315,0.8867
CDNA-20261007T13361674905,CDNA,2026-10-07,2026-10-07T15:49:33.670583-04:00,63.29,0.1578
HUT-20261007T14555881179,HUT,2026-10-07,2026-10-07T15:49:33.670583-04:00,89.325,0.898
CDNA-20261007T13361674905,CDNA,2026-10-07,2026-10-07T15:49:43.898175-04:00,63.25,0.2209
HUT-20261007T14555881179,HUT,2026-10-07,2026-10-07T15:49:43.898175-04:00,89.2732,0.8395
CDNA-20261007T13361674905,CDNA,2026-10-07,2026-10-07T15:49:54.171302-04:00,63.28,0.1735
HUT-20261007T14555881179,HUT,2026-10-07,2026-10-07T15:49:54.171302-04:00,89.2,0.7568
CDNA-20261007T13361674905,CDNA,2026-10-07,2026-10-07T15:50:04.378810-04:00,63.3,0.142
HUT-20261007T14555881179,HUT,2026-10-07,2026-10-07T15:50:04.378810-04:00,89.19,0.7455
CDNA-20261007T13361674905,CDNA,2026-10-07,2026-10-07T15:50:14.700106-04:00,63.2949,0.15
HUT-20261007T14555881179,HUT,2026-10-07,2026-10-07T15:50:14.700106-04:00,89.22,0.7794
CDNA-20261007T13361674905,CDNA,2026-10-07,2026-10-07T15:50:24.934821-04:00,63.399,-0.0142
HUT-20261007T14555881179,HUT,2026-10-07,2026-10-07T15:50:24.934821-04:00,89.2473,0.8102
CDNA-20261007T13361674905,CDNA,2026-10-07,2026-10-07T15:50:35.270375-04:00,63.3147,0.1188
HUT-20261007T14555881179,HUT,2026-10-07,2026-10-07T15:50:35.270375-04:00,89.2558,0.8198
CDNA-20261007T13361674905,CDNA,2026-10-07,2026-10-07T15:50:45.536918-04:00,63.375,0.0237
HUT-20261007T14555881179,HUT,2026-10-07,2026-10-07T15:50:45.536918-04:00,89.27,0.8359
CRWD-20261007T19502526551,CRWD,2026-10-07,2026-10-07T15:50:45.536918-04:00,265.81,0.043
CDNA-20261007T13361674905,CDNA,2026-10-07,2026-10-07T15:50:55.868767-04:00,63.41,-0.0316
HUT-20261007T14555881179,HUT,2026-10-07,2026-10-07T15:50:55.868767-04:00,89.31,0.8811
CRWD-20261007T19502526551,CRWD,2026-10-07,2026-10-07T15:50:55.868767-04:00,265.7372,0.0156
CDNA-20261007T13361674905,CDNA,2026-10-07,2026-10-07T15:51:06.168682-04:00,63.294,0.1514
HUT-20261007T14555881179,HUT,2026-10-07,2026-10-07T15:51:06.168682-04:00,89.2435,0.8059
CRWD-20261007T19502526551,CRWD,2026-10-07,2026-10-07T15:51:06.168682-04:00,265.98,0.107
CDNA-20261007T13361674905,CDNA,2026-10-07,2026-10-07T15:51:16.383119-04:00,63.3245,0.1033
HUT-20261007T14555881179,HUT,2026-10-07,2026-10-07T15:51:16.383119-04:00,89.22,0.7794
CRWD-20261007T19502526551,CRWD,2026-10-07,2026-10-07T15:51:16.383119-04:00,265.7095,0.0052
CDNA-20261007T13361674905,CDNA,2026-10-07,2026-10-07T15:51:26.711552-04:00,63.43,-0.0631
HUT-20261007T14555881179,HUT,2026-10-07,2026-10-07T15:51:26.711552-04:00,89.24,0.802
CRWD-20261007T19502526551,CRWD,2026-10-07,2026-10-07T15:51:26.711552-04:00,265.82,0.0468
CDNA-20261007T13361674905,CDNA,2026-10-07,2026-10-07T15:51:37.024611-04:00,63.3325,0.0907
HUT-20261007T14555881179,HUT,2026-10-07,2026-10-07T15:51:37.024611-04:00,89.15,0.7003
CRWD-20261007T19502526551,CRWD,2026-10-07,2026-10-07T15:51:37.024611-04:00,265.8599,0.0618
CDNA-20261007T13361674905,CDNA,2026-10-07,2026-10-07T15:51:47.297455-04:00,63.3357,0.0857
HUT-20261007T14555881179,HUT,2026-10-07,2026-10-07T15:51:47.297455-04:00,89.145,0.6947
CRWD-20261007T19502526551,CRWD,2026-10-07,2026-10-07T15:51:47.297455-04:00,265.5025,-0.0727
CDNA-20261007T13361674905,CDNA,2026-10-07,2026-10-07T15:51:57.532919-04:00,63.3437,0.073
HUT-20261007T14555881179,HUT,2026-10-07,2026-10-07T15:51:57.532919-04:00,89.1635,0.7156
CRWD-20261007T19502526551,CRWD,2026-10-07,2026-10-07T15:51:57.532919-04:00,265.665,-0.0116
CDNA-20261007T13361674905,CDNA,2026-10-07,2026-10-07T15:52:07.793161-04:00,63.525,-0.213
HUT-20261007T14555881179,HUT,2026-10-07,2026-10-07T15:52:07.793161-04:00,89.15,0.7003
CRWD-20261007T19502526551,CRWD,2026-10-07,2026-10-07T15:52:07.793161-04:00,265.65,-0.0172
CDNA-20261007T13361674905,CDNA,2026-10-07,2026-10-07T15:52:18.067029-04:00,63.52,-0.2051
HUT-20261007T14555881179,HUT,2026-10-07,2026-10-07T15:52:18.067029-04:00,89.181,0.7353
CRWD-20261007T19502526551,CRWD,2026-10-07,2026-10-07T15:52:18.067029-04:00,265.75,0.0204
CDNA-20261007T13361674905,CDNA,2026-10-07,2026-10-07T15:52:28.358615-04:00,63.3483,0.0658
HUT-20261007T14555881179,HUT,2026-10-07,2026-10-07T15:52:28.358615-04:00,89.14,0.689
CRWD-20261007T19502526551,CRWD,2026-10-07,2026-10-07T15:52:28.358615-04:00,265.7335,0.0142
CDNA-20261007T13361674905,CDNA,2026-10-07,2026-10-07T15:52:38.625016-04:00,63.515,-0.1972
HUT-20261007T14555881179,HUT,2026-10-07,2026-10-07T15:52:38.625016-04:00,89.17,0.7229
CRWD-20261007T19502526551,CRWD,2026-10-07,2026-10-07T15:52:38.625016-04:00,265.74,0.0167
CDNA-20261007T13361674905,CDNA,2026-10-07,2026-10-07T15:52:48.956599-04:00,63.4925,-0.1617
HUT-20261007T14555881179,HUT,2026-10-07,2026-10-07T15:52:48.956599-04:00,89.2097,0.7678
CRWD-20261007T19502526551,CRWD,2026-10-07,2026-10-07T15:52:48.956599-04:00,265.81,0.043
CDNA-20261007T13361674905,CDNA,2026-10-07,2026-10-07T15:52:59.177396-04:00,63.495,-0.1656
HUT-20261007T14555881179,HUT,2026-10-07,2026-10-07T15:52:59.177396-04:00,89.258,0.8223
CRWD-20261007T19502526551,CRWD,2026-10-07,2026-10-07T15:52:59.177396-04:00,265.6299,-0.0248
CDNA-20261007T13361674905,CDNA,2026-10-07,2026-10-07T15:53:09.512134-04:00,63.48,-0.142
HUT-20261007T14555881179,HUT,2026-10-07,2026-10-07T15:53:09.512134-04:00,89.225,0.785
CRWD-20261007T19502526551,CRWD,2026-10-07,2026-10-07T15:53:09.512134-04:00,265.555,-0.053
CDNA-20261007T13361674905,CDNA,2026-10-07,2026-10-07T15:53:19.669293-04:00,63.485,-0.1499
HUT-20261007T14555881179,HUT,2026-10-07,2026-10-07T15:53:19.669293-04:00,89.2093,0.7673
CRWD-20261007T19502526551,CRWD,2026-10-07,2026-10-07T15:53:19.669293-04:00,265.6708,-0.0094
CDNA-20261007T13361674905,CDNA,2026-10-07,2026-10-07T15:53:29.865042-04:00,63.49,-0.1578
HUT-20261007T14555881179,HUT,2026-10-07,2026-10-07T15:53:29.865042-04:00,89.2238,0.7837
CRWD-20261007T19502526551,CRWD,2026-10-07,2026-10-07T15:53:29.865042-04:00,265.5997,-0.0361
CDNA-20261007T13361674905,CDNA,2026-10-07,2026-10-07T15:53:40.074508-04:00,63.48,-0.142
HUT-20261007T14555881179,HUT,2026-10-07,2026-10-07T15:53:40.074508-04:00,89.3065,0.8771
CRWD-20261007T19502526551,CRWD,2026-10-07,2026-10-07T15:53:40.074508-04:00,265.6677,-0.0105
CDNA-20261007T13361674905,CDNA,2026-10-07,2026-10-07T15:53:50.280348-04:00,63.47,-0.1262
HUT-20261007T14555881179,HUT,2026-10-07,2026-10-07T15:53:50.280348-04:00,89.33,0.9036
CRWD-20261007T19502526551,CRWD,2026-10-07,2026-10-07T15:53:50.280348-04:00,265.6643,-0.0118
CDNA-20261007T13361674905,CDNA,2026-10-07,2026-10-07T15:54:00.428811-04:00,63.47,-0.1262
HUT-20261007T14555881179,HUT,2026-10-07,2026-10-07T15:54:00.428811-04:00,89.327,0.9003
CRWD-20261007T19502526551,CRWD,2026-10-07,2026-10-07T15:54:00.428811-04:00,265.5395,-0.0588
CDNA-20261007T13361674905,CDNA,2026-10-07,2026-10-07T15:54:10.720452-04:00,63.42,-0.0473
HUT-20261007T14555881179,HUT,2026-10-07,2026-10-07T15:54:10.720452-04:00,89.295,0.8641
CRWD-20261007T19502526551,CRWD,2026-10-07,2026-10-07T15:54:10.720452-04:00,265.385,-0.1169
CDNA-20261007T13361674905,CDNA,2026-10-07,2026-10-07T15:54:20.967813-04:00,63.41,-0.0316
HUT-20261007T14555881179,HUT,2026-10-07,2026-10-07T15:54:20.967813-04:00,89.2217,0.7813
CRWD-20261007T19502526551,CRWD,2026-10-07,2026-10-07T15:54:20.967813-04:00,265.235,-0.1734
CDNA-20261007T13361674905,CDNA,2026-10-07,2026-10-07T15:54:31.231328-04:00,63.365,0.0394
HUT-20261007T14555881179,HUT,2026-10-07,2026-10-07T15:54:31.231328-04:00,89.23,0.7907
CRWD-20261007T19502526551,CRWD,2026-10-07,2026-10-07T15:54:31.231328-04:00,265.1,-0.2242
CDNA-20261007T13361674905,CDNA,2026-10-07,2026-10-07T15:54:41.449905-04:00,63.4315,-0.0655
HUT-20261007T14555881179,HUT,2026-10-07,2026-10-07T15:54:41.449905-04:00,89.24,0.802
CRWD-20261007T19502526551,CRWD,2026-10-07,2026-10-07T15:54:41.449905-04:00,265.2784,-0.1571
CDNA-20261007T13361674905,CDNA,2026-10-07,2026-10-07T15:54:51.633117-04:00,63.25,0.2209
HUT-20261007T14555881179,HUT,2026-10-07,2026-10-07T15:54:51.633117-04:00,89.48,1.0731
CRWD-20261007T19502526551,CRWD,2026-10-07,2026-10-07T15:54:51.633117-04:00,264.88,-0.307
CDNA-20261007T13361674905,CDNA,2026-10-07,2026-10-07T15:55:01.909196-04:00,63.265,0.1972
HUT-20261007T14555881179,HUT,2026-10-07,2026-10-07T15:55:01.909196-04:00,89.52,1.1183
CRWD-20261007T19502526551,CRWD,2026-10-07,2026-10-07T15:55:01.909196-04:00,265.2,-0.1866
