trade_id,symbol,date,timestamp,price,gain_pct
OKTA-20261002T13331467110,OKTA,2026-10-02,2026-10-02T09:33:31.842609-04:00,214.705,-0.2949
OKTA-20261002T13331467110,OKTA,2026-10-02,2026-10-02T09:33:35.252127-04:00,214.74,-0.2786
OKTA-20261002T13331467110,OKTA,2026-10-02,2026-10-02T09:33:38.679262-04:00,214.425,-0.4249
CIEN-20261002T13331120015,CIEN,2026-10-02,2026-10-02T09:33:42.183508-04:00,378.345,-0.2386
OKTA-20261002T13331467110,OKTA,2026-10-02,2026-10-02T09:33:42.183508-04:00,215.02,-0.1486
AAOI-20261002T13332538363,AAOI,2026-10-02,2026-10-02T09:33:42.183508-04:00,107.4192,-0.1495
OKTA-20261002T13331467110,OKTA,2026-10-02,2026-10-02T09:33:45.887618-04:00,215.13,-0.0975
PRIM-20261002T13331471203,PRIM,2026-10-02,2026-10-02T09:33:45.887618-04:00,77.54,-1.0843
OKTA-20261002T13331467110,OKTA,2026-10-02,2026-10-02T09:33:49.478433-04:00,215.005,-0.1556
PRIM-20261002T13331471203,PRIM,2026-10-02,2026-10-02T09:33:49.478433-04:00,77.89,-0.6378
OKTA-20261002T13331467110,OKTA,2026-10-02,2026-10-02T09:33:53.059646-04:00,215.005,-0.1556
PRIM-20261002T13331471203,PRIM,2026-10-02,2026-10-02T09:33:53.059646-04:00,77.89,-0.6378
OKTA-20261002T13331467110,OKTA,2026-10-02,2026-10-02T09:33:56.604055-04:00,215.005,-0.1556
PRIM-20261002T13331471203,PRIM,2026-10-02,2026-10-02T09:33:56.604055-04:00,77.89,-0.6378
FORM-20261002T13332530615,FORM,2026-10-02,2026-10-02T09:33:56.604055-04:00,150.1433,-0.3297
OKTA-20261002T13331467110,OKTA,2026-10-02,2026-10-02T09:34:00.244949-04:00,214.708,-0.2935
PRIM-20261002T13331471203,PRIM,2026-10-02,2026-10-02T09:34:00.244949-04:00,77.89,-0.6378
OKTA-20261002T13331467110,OKTA,2026-10-02,2026-10-02T09:34:04.216847-04:00,215.005,-0.1556
PRIM-20261002T13331471203,PRIM,2026-10-02,2026-10-02T09:34:04.216847-04:00,77.89,-0.6378
OKTA-20261002T13331467110,OKTA,2026-10-02,2026-10-02T09:34:08.027156-04:00,215.26,-0.0372
PRIM-20261002T13331471203,PRIM,2026-10-02,2026-10-02T09:34:08.027156-04:00,77.89,-0.6378
OKTA-20261002T13331467110,OKTA,2026-10-02,2026-10-02T09:34:11.857901-04:00,215.2595,-0.0374
PRIM-20261002T13331471203,PRIM,2026-10-02,2026-10-02T09:34:11.857901-04:00,77.88,-0.6506
OKTA-20261002T13331467110,OKTA,2026-10-02,2026-10-02T09:34:15.840765-04:00,215.14,-0.0929
PRIM-20261002T13331471203,PRIM,2026-10-02,2026-10-02T09:34:15.840765-04:00,77.88,-0.6506
OKTA-20261002T13331467110,OKTA,2026-10-02,2026-10-02T09:34:19.197277-04:00,215.32,-0.0093
PRIM-20261002T13331471203,PRIM,2026-10-02,2026-10-02T09:34:19.197277-04:00,77.88,-0.6506
OKTA-20261002T13331467110,OKTA,2026-10-02,2026-10-02T09:34:22.618123-04:00,215.32,-0.0093
PRIM-20261002T13331471203,PRIM,2026-10-02,2026-10-02T09:34:22.618123-04:00,77.88,-0.6506
OKTA-20261002T13331467110,OKTA,2026-10-02,2026-10-02T09:34:26.026848-04:00,215.5,0.0743
PRIM-20261002T13331471203,PRIM,2026-10-02,2026-10-02T09:34:26.026848-04:00,77.82,-0.7271
OKTA-20261002T13331467110,OKTA,2026-10-02,2026-10-02T09:34:29.500632-04:00,215.86,0.2415
PRIM-20261002T13331471203,PRIM,2026-10-02,2026-10-02T09:34:29.500632-04:00,77.82,-0.7271
OKTA-20261002T13331467110,OKTA,2026-10-02,2026-10-02T09:34:33.215070-04:00,215.845,0.2345
PRIM-20261002T13331471203,PRIM,2026-10-02,2026-10-02T09:34:33.215070-04:00,77.295,-1.3969
OKTA-20261002T13331467110,OKTA,2026-10-02,2026-10-02T09:34:36.898824-04:00,216.23,0.4133
OKTA-20261002T13331467110,OKTA,2026-10-02,2026-10-02T09:34:40.364799-04:00,215.92,0.2693
OKTA-20261002T13331467110,OKTA,2026-10-02,2026-10-02T09:34:43.700976-04:00,215.92,0.2693
OKTA-20261002T13331467110,OKTA,2026-10-02,2026-10-02T09:34:47.052910-04:00,215.96,0.2879
OKTA-20261002T13331467110,OKTA,2026-10-02,2026-10-02T09:34:50.427117-04:00,215.96,0.2879
OKTA-20261002T13331467110,OKTA,2026-10-02,2026-10-02T09:34:53.813851-04:00,216.55,0.5619
OKTA-20261002T13331467110,OKTA,2026-10-02,2026-10-02T09:34:57.201551-04:00,216.38,0.483
OKTA-20261002T13331467110,OKTA,2026-10-02,2026-10-02T09:35:00.651203-04:00,214.6433,-0.3235
OKTA-20261002T13331467110,OKTA,2026-10-02,2026-10-02T09:35:04.478261-04:00,216.055,0.332
OKTA-20261002T13331467110,OKTA,2026-10-02,2026-10-02T09:35:07.932426-04:00,215.75,0.1904
OKTA-20261002T13331467110,OKTA,2026-10-02,2026-10-02T09:35:11.432773-04:00,216.401,0.4927
OKTA-20261002T13331467110,OKTA,2026-10-02,2026-10-02T09:35:14.791550-04:00,216.38,0.483
OKTA-20261002T13331467110,OKTA,2026-10-02,2026-10-02T09:35:18.467129-04:00,215.55,0.0975
OKTA-20261002T13331467110,OKTA,2026-10-02,2026-10-02T09:35:22.073575-04:00,216.02,0.3158
OKTA-20261002T13331467110,OKTA,2026-10-02,2026-10-02T09:35:25.623999-04:00,216.12,0.3622
OKTA-20261002T13331467110,OKTA,2026-10-02,2026-10-02T09:35:29.182112-04:00,216.025,0.3181
OKTA-20261002T13331467110,OKTA,2026-10-02,2026-10-02T09:35:32.622367-04:00,216.08,0.3436
OKTA-20261002T13331467110,OKTA,2026-10-02,2026-10-02T09:35:35.970257-04:00,216.1,0.3529
OKTA-20261002T13331467110,OKTA,2026-10-02,2026-10-02T09:35:39.413957-04:00,216.3909,0.488
OKTA-20261002T13331467110,OKTA,2026-10-02,2026-10-02T09:35:42.813970-04:00,216.2,0.3994
OKTA-20261002T13331467110,OKTA,2026-10-02,2026-10-02T09:35:46.235709-04:00,216.405,0.4946
OKTA-20261002T13331467110,OKTA,2026-10-02,2026-10-02T09:35:49.715209-04:00,216.385,0.4853
OKTA-20261002T13331467110,OKTA,2026-10-02,2026-10-02T09:35:53.180479-04:00,216.4,0.4922
OKTA-20261002T13331467110,OKTA,2026-10-02,2026-10-02T09:35:56.773633-04:00,216.375,0.4806
OKTA-20261002T13331467110,OKTA,2026-10-02,2026-10-02T09:36:00.198661-04:00,214.9638,-0.1747
OKTA-20261002T13331467110,OKTA,2026-10-02,2026-10-02T09:36:03.768524-04:00,216.36,0.4737
OKTA-20261002T13331467110,OKTA,2026-10-02,2026-10-02T09:36:07.164806-04:00,216.29,0.4412
OKTA-20261002T13331467110,OKTA,2026-10-02,2026-10-02T09:36:10.572296-04:00,216.0032,0.308
OKTA-20261002T13331467110,OKTA,2026-10-02,2026-10-02T09:36:14.038673-04:00,215.4,0.0279
OKTA-20261002T13331467110,OKTA,2026-10-02,2026-10-02T09:36:17.429418-04:00,216.3294,0.4595
OKTA-20261002T13331467110,OKTA,2026-10-02,2026-10-02T09:36:20.746784-04:00,214.85,-0.2275
OKTA-20261002T13331467110,OKTA,2026-10-02,2026-10-02T09:36:24.039180-04:00,215.345,0.0023
OKTA-20261002T13331467110,OKTA,2026-10-02,2026-10-02T09:36:27.483263-04:00,215.96,0.2879
OKTA-20261002T13331467110,OKTA,2026-10-02,2026-10-02T09:36:30.898780-04:00,215.125,-0.0998
OKTA-20261002T13331467110,OKTA,2026-10-02,2026-10-02T09:36:34.350645-04:00,215.13,-0.0975
OKTA-20261002T13331467110,OKTA,2026-10-02,2026-10-02T09:36:37.717302-04:00,215.4,0.0279
OKTA-20261002T13331467110,OKTA,2026-10-02,2026-10-02T09:36:41.080095-04:00,215.42,0.0372
OKTA-20261002T13331467110,OKTA,2026-10-02,2026-10-02T09:36:44.497390-04:00,215.35,0.0046
OKTA-20261002T13331467110,OKTA,2026-10-02,2026-10-02T09:36:47.882815-04:00,215.5499,0.0975
OKTA-20261002T13331467110,OKTA,2026-10-02,2026-10-02T09:36:51.357717-04:00,215.74,0.1858
OKTA-20261002T13331467110,OKTA,2026-10-02,2026-10-02T09:36:54.763371-04:00,215.74,0.1858
OKTA-20261002T13331467110,OKTA,2026-10-02,2026-10-02T09:36:58.277634-04:00,215.435,0.0441
OKTA-20261002T13331467110,OKTA,2026-10-02,2026-10-02T09:37:01.735428-04:00,215.5598,0.1021
OKTA-20261002T13331467110,OKTA,2026-10-02,2026-10-02T09:37:05.250011-04:00,214.965,-0.1741
OKTA-20261002T13331467110,OKTA,2026-10-02,2026-10-02T09:37:08.674326-04:00,215.5481,0.0966
P-20261002T13370224145,P,2026-10-02,2026-10-02T09:37:08.674326-04:00,138.6203,-0.2229
OKTA-20261002T13331467110,OKTA,2026-10-02,2026-10-02T09:37:12.366044-04:00,215.5762,0.1097
P-20261002T13370224145,P,2026-10-02,2026-10-02T09:37:12.366044-04:00,138.9399,0.0071
KLAC-20261002T13370563556,KLAC,2026-10-02,2026-10-02T09:37:12.366044-04:00,205.275,-0.0662
GME-20261002T13370567360,GME,2026-10-02,2026-10-02T09:37:12.366044-04:00,24.4,-0.1228
OKTA-20261002T13331467110,OKTA,2026-10-02,2026-10-02T09:37:15.797857-04:00,214.95,-0.1811
P-20261002T13370224145,P,2026-10-02,2026-10-02T09:37:15.797857-04:00,138.5535,-0.271
KLAC-20261002T13370563556,KLAC,2026-10-02,2026-10-02T09:37:15.797857-04:00,205.22,-0.093
GME-20261002T13370567360,GME,2026-10-02,2026-10-02T09:37:15.797857-04:00,24.385,-0.1837
COHR-20261002T13370919530,COHR,2026-10-02,2026-10-02T09:37:15.797857-04:00,322.361,-0.0332
PBF-20261002T13370936500,PBF,2026-10-02,2026-10-02T09:37:15.797857-04:00,81.8571,-0.5019
OKTA-20261002T13331467110,OKTA,2026-10-02,2026-10-02T09:37:19.299833-04:00,214.98,-0.1672
P-20261002T13370224145,P,2026-10-02,2026-10-02T09:37:19.299833-04:00,138.4,-0.3815
KLAC-20261002T13370563556,KLAC,2026-10-02,2026-10-02T09:37:19.299833-04:00,205.1,-0.1514
GME-20261002T13370567360,GME,2026-10-02,2026-10-02T09:37:19.299833-04:00,24.3814,-0.1984
COHR-20261002T13370919530,COHR,2026-10-02,2026-10-02T09:37:19.299833-04:00,321.945,-0.1622
PBF-20261002T13370936500,PBF,2026-10-02,2026-10-02T09:37:19.299833-04:00,82.01,-0.316
OKTA-20261002T13331467110,OKTA,2026-10-02,2026-10-02T09:37:22.601907-04:00,214.4886,-0.3954
CCL-20261002T13370220091,CCL,2026-10-02,2026-10-02T09:37:22.601907-04:00,25.6875,0.0015
P-20261002T13370224145,P,2026-10-02,2026-10-02T09:37:22.601907-04:00,138.57,-0.2591
KLAC-20261002T13370563556,KLAC,2026-10-02,2026-10-02T09:37:22.601907-04:00,205.41,-0.0005
GME-20261002T13370567360,GME,2026-10-02,2026-10-02T09:37:22.601907-04:00,24.39,-0.1632
COHR-20261002T13370919530,COHR,2026-10-02,2026-10-02T09:37:22.601907-04:00,321.3738,-0.3393
PBF-20261002T13370936500,PBF,2026-10-02,2026-10-02T09:37:22.601907-04:00,82.1049,-0.2007
OKTA-20261002T13331467110,OKTA,2026-10-02,2026-10-02T09:37:25.879763-04:00,215.243,-0.045
CCL-20261002T13370220091,CCL,2026-10-02,2026-10-02T09:37:25.879763-04:00,25.67,-0.0667
P-20261002T13370224145,P,2026-10-02,2026-10-02T09:37:25.879763-04:00,138.68,-0.1799
KLAC-20261002T13370563556,KLAC,2026-10-02,2026-10-02T09:37:25.879763-04:00,205.3415,-0.0338
GME-20261002T13370567360,GME,2026-10-02,2026-10-02T09:37:25.879763-04:00,24.385,-0.1837
COHR-20261002T13370919530,COHR,2026-10-02,2026-10-02T09:37:25.879763-04:00,321.09,-0.4273
PBF-20261002T13370936500,PBF,2026-10-02,2026-10-02T09:37:25.879763-04:00,82.045,-0.2735
WING-20261002T13371629861,WING,2026-10-02,2026-10-02T09:37:25.879763-04:00,104.575,-0.4806
OKTA-20261002T13331467110,OKTA,2026-10-02,2026-10-02T09:37:29.134410-04:00,215.3067,-0.0155
CCL-20261002T13370220091,CCL,2026-10-02,2026-10-02T09:37:29.134410-04:00,25.66,-0.1056
P-20261002T13370224145,P,2026-10-02,2026-10-02T09:37:29.134410-04:00,138.5644,-0.2632
KLAC-20261002T13370563556,KLAC,2026-10-02,2026-10-02T09:37:29.134410-04:00,205.315,-0.0467
GME-20261002T13370567360,GME,2026-10-02,2026-10-02T09:37:29.134410-04:00,24.38,-0.2041
COHR-20261002T13370919530,COHR,2026-10-02,2026-10-02T09:37:29.134410-04:00,321.13,-0.4149
PBF-20261002T13370936500,PBF,2026-10-02,2026-10-02T09:37:29.134410-04:00,82.045,-0.2735
WING-20261002T13371629861,WING,2026-10-02,2026-10-02T09:37:29.134410-04:00,104.575,-0.4806
AXTI-20261002T13372287799,AXTI,2026-10-02,2026-10-02T09:37:29.134410-04:00,82.1,-0.1095
OKTA-20261002T13331467110,OKTA,2026-10-02,2026-10-02T09:37:32.513469-04:00,215.03,-0.144
CCL-20261002T13370220091,CCL,2026-10-02,2026-10-02T09:37:32.513469-04:00,25.665,-0.0861
P-20261002T13370224145,P,2026-10-02,2026-10-02T09:37:32.513469-04:00,138.725,-0.1476
KLAC-20261002T13370563556,KLAC,2026-10-02,2026-10-02T09:37:32.513469-04:00,205.32,-0.0443
GME-20261002T13370567360,GME,2026-10-02,2026-10-02T09:37:32.513469-04:00,24.38,-0.2041
COHR-20261002T13370919530,COHR,2026-10-02,2026-10-02T09:37:32.513469-04:00,321.23,-0.3839
PBF-20261002T13370936500,PBF,2026-10-02,2026-10-02T09:37:32.513469-04:00,82.5,0.2796
WING-20261002T13371629861,WING,2026-10-02,2026-10-02T09:37:32.513469-04:00,104.7526,-0.3116
AXTI-20261002T13372287799,AXTI,2026-10-02,2026-10-02T09:37:32.513469-04:00,82.195,0.0061
OKTA-20261002T13331467110,OKTA,2026-10-02,2026-10-02T09:37:35.927905-04:00,215.03,-0.144
CCL-20261002T13370220091,CCL,2026-10-02,2026-10-02T09:37:35.927905-04:00,25.65,-0.1445
P-20261002T13370224145,P,2026-10-02,2026-10-02T09:37:35.927905-04:00,138.94,0.0072
KLAC-20261002T13370563556,KLAC,2026-10-02,2026-10-02T09:37:35.927905-04:00,205.341,-0.0341
GME-20261002T13370567360,GME,2026-10-02,2026-10-02T09:37:35.927905-04:00,24.385,-0.1837
COHR-20261002T13370919530,COHR,2026-10-02,2026-10-02T09:37:35.927905-04:00,321.22,-0.387
PBF-20261002T13370936500,PBF,2026-10-02,2026-10-02T09:37:35.927905-04:00,82.2,-0.0851
WING-20261002T13371629861,WING,2026-10-02,2026-10-02T09:37:35.927905-04:00,104.29,-0.7518
AXTI-20261002T13372287799,AXTI,2026-10-02,2026-10-02T09:37:35.927905-04:00,82.255,0.0791
OKTA-20261002T13331467110,OKTA,2026-10-02,2026-10-02T09:37:39.255924-04:00,215.01,-0.1532
CCL-20261002T13370220091,CCL,2026-10-02,2026-10-02T09:37:39.255924-04:00,25.675,-0.0472
P-20261002T13370224145,P,2026-10-02,2026-10-02T09:37:39.255924-04:00,138.8579,-0.0519
KLAC-20261002T13370563556,KLAC,2026-10-02,2026-10-02T09:37:39.255924-04:00,205.41,-0.0005
GME-20261002T13370567360,GME,2026-10-02,2026-10-02T09:37:39.255924-04:00,24.385,-0.1837
COHR-20261002T13370919530,COHR,2026-10-02,2026-10-02T09:37:39.255924-04:00,321.52,-0.294
PBF-20261002T13370936500,PBF,2026-10-02,2026-10-02T09:37:39.255924-04:00,82.2,-0.0851
WING-20261002T13371629861,WING,2026-10-02,2026-10-02T09:37:39.255924-04:00,104.29,-0.7518
AXTI-20261002T13372287799,AXTI,2026-10-02,2026-10-02T09:37:39.255924-04:00,81.6308,-0.6804
CRWD-20261002T13373291820,CRWD,2026-10-02,2026-10-02T09:37:39.255924-04:00,272.1709,-0.2355
OKTA-20261002T13331467110,OKTA,2026-10-02,2026-10-02T09:37:42.581835-04:00,215.35,0.0046
CCL-20261002T13370220091,CCL,2026-10-02,2026-10-02T09:37:42.581835-04:00,25.69,0.0112
P-20261002T13370224145,P,2026-10-02,2026-10-02T09:37:42.581835-04:00,138.4001,-0.3814
KLAC-20261002T13370563556,KLAC,2026-10-02,2026-10-02T09:37:42.581835-04:00,205.5806,0.0826
GME-20261002T13370567360,GME,2026-10-02,2026-10-02T09:37:42.581835-04:00,24.39,-0.1632
COHR-20261002T13370919530,COHR,2026-10-02,2026-10-02T09:37:42.581835-04:00,321.285,-0.3669
PBF-20261002T13370936500,PBF,2026-10-02,2026-10-02T09:37:42.581835-04:00,82.4283,0.1924
WING-20261002T13371629861,WING,2026-10-02,2026-10-02T09:37:42.581835-04:00,104.485,-0.5662
AXTI-20261002T13372287799,AXTI,2026-10-02,2026-10-02T09:37:42.581835-04:00,82.16,-0.0365
CRWD-20261002T13373291820,CRWD,2026-10-02,2026-10-02T09:37:42.581835-04:00,272.435,-0.1387
OKTA-20261002T13331467110,OKTA,2026-10-02,2026-10-02T09:37:45.861362-04:00,215.32,-0.0093
CCL-20261002T13370220091,CCL,2026-10-02,2026-10-02T09:37:45.861362-04:00,25.705,0.0696
P-20261002T13370224145,P,2026-10-02,2026-10-02T09:37:45.861362-04:00,138.67,-0.1871
KLAC-20261002T13370563556,KLAC,2026-10-02,2026-10-02T09:37:45.861362-04:00,205.62,0.1017
GME-20261002T13370567360,GME,2026-10-02,2026-10-02T09:37:45.861362-04:00,24.3955,-0.1407
COHR-20261002T13370919530,COHR,2026-10-02,2026-10-02T09:37:45.861362-04:00,321.355,-0.3452
PBF-20261002T13370936500,PBF,2026-10-02,2026-10-02T09:37:45.861362-04:00,82.4283,0.1924
WING-20261002T13371629861,WING,2026-10-02,2026-10-02T09:37:45.861362-04:00,104.4167,-0.6312
AXTI-20261002T13372287799,AXTI,2026-10-02,2026-10-02T09:37:45.861362-04:00,82.33,0.1703
CRWD-20261002T13373291820,CRWD,2026-10-02,2026-10-02T09:37:45.861362-04:00,272.27,-0.1992
OKTA-20261002T13331467110,OKTA,2026-10-02,2026-10-02T09:37:49.413746-04:00,215.335,-0.0023
CCL-20261002T13370220091,CCL,2026-10-02,2026-10-02T09:37:49.413746-04:00,25.685,-0.0083
P-20261002T13370224145,P,2026-10-02,2026-10-02T09:37:49.413746-04:00,138.4,-0.3815
KLAC-20261002T13370563556,KLAC,2026-10-02,2026-10-02T09:37:49.413746-04:00,205.78,0.1796
GME-20261002T13370567360,GME,2026-10-02,2026-10-02T09:37:49.413746-04:00,24.395,-0.1427
COHR-20261002T13370919530,COHR,2026-10-02,2026-10-02T09:37:49.413746-04:00,321.3784,-0.3379
PBF-20261002T13370936500,PBF,2026-10-02,2026-10-02T09:37:49.413746-04:00,82.0912,-0.2173
WING-20261002T13371629861,WING,2026-10-02,2026-10-02T09:37:49.413746-04:00,104.485,-0.5662
AXTI-20261002T13372287799,AXTI,2026-10-02,2026-10-02T09:37:49.413746-04:00,82.245,0.0669
CRWD-20261002T13373291820,CRWD,2026-10-02,2026-10-02T09:37:49.413746-04:00,272.29,-0.1918
OKTA-20261002T13331467110,OKTA,2026-10-02,2026-10-02T09:37:52.708737-04:00,215.54,0.0929
CCL-20261002T13370220091,CCL,2026-10-02,2026-10-02T09:37:52.708737-04:00,25.6998,0.0493
P-20261002T13370224145,P,2026-10-02,2026-10-02T09:37:52.708737-04:00,138.4059,-0.3772
KLAC-20261002T13370563556,KLAC,2026-10-02,2026-10-02T09:37:52.708737-04:00,205.895,0.2356
GME-20261002T13370567360,GME,2026-10-02,2026-10-02T09:37:52.708737-04:00,24.385,-0.1837
COHR-20261002T13370919530,COHR,2026-10-02,2026-10-02T09:37:52.708737-04:00,321.43,-0.3219
PBF-20261002T13370936500,PBF,2026-10-02,2026-10-02T09:37:52.708737-04:00,82.483,0.2589
WING-20261002T13371629861,WING,2026-10-02,2026-10-02T09:37:52.708737-04:00,104.51,-0.5424
AXTI-20261002T13372287799,AXTI,2026-10-02,2026-10-02T09:37:52.708737-04:00,82.4624,0.3314
CRWD-20261002T13373291820,CRWD,2026-10-02,2026-10-02T09:37:52.708737-04:00,272.31,-0.1845
OKTA-20261002T13331467110,OKTA,2026-10-02,2026-10-02T09:37:55.973686-04:00,215.605,0.1231
CCL-20261002T13370220091,CCL,2026-10-02,2026-10-02T09:37:55.973686-04:00,25.672,-0.0589
P-20261002T13370224145,P,2026-10-02,2026-10-02T09:37:55.973686-04:00,138.9328,0.002
KLAC-20261002T13370563556,KLAC,2026-10-02,2026-10-02T09:37:55.973686-04:00,205.8,0.1894
GME-20261002T13370567360,GME,2026-10-02,2026-10-02T09:37:55.973686-04:00,24.385,-0.1837
COHR-20261002T13370919530,COHR,2026-10-02,2026-10-02T09:37:55.973686-04:00,321.585,-0.2738
PBF-20261002T13370936500,PBF,2026-10-02,2026-10-02T09:37:55.973686-04:00,82.268,-0.0024
WING-20261002T13371629861,WING,2026-10-02,2026-10-02T09:37:55.973686-04:00,104.48,-0.571
AXTI-20261002T13372287799,AXTI,2026-10-02,2026-10-02T09:37:55.973686-04:00,82.5,0.3772
CRWD-20261002T13373291820,CRWD,2026-10-02,2026-10-02T09:37:55.973686-04:00,272.45,-0.1332
OKTA-20261002T13331467110,OKTA,2026-10-02,2026-10-02T09:37:59.280792-04:00,215.48,0.065
CCL-20261002T13370220091,CCL,2026-10-02,2026-10-02T09:37:59.280792-04:00,25.6618,-0.0986
P-20261002T13370224145,P,2026-10-02,2026-10-02T09:37:59.280792-04:00,138.3147,-0.4429
KLAC-20261002T13370563556,KLAC,2026-10-02,2026-10-02T09:37:59.280792-04:00,205.8075,0.193
GME-20261002T13370567360,GME,2026-10-02,2026-10-02T09:37:59.280792-04:00,24.385,-0.1837
COHR-20261002T13370919530,COHR,2026-10-02,2026-10-02T09:37:59.280792-04:00,322.15,-0.0986
PBF-20261002T13370936500,PBF,2026-10-02,2026-10-02T09:37:59.280792-04:00,82.25,-0.0243
WING-20261002T13371629861,WING,2026-10-02,2026-10-02T09:37:59.280792-04:00,104.48,-0.571
AXTI-20261002T13372287799,AXTI,2026-10-02,2026-10-02T09:37:59.280792-04:00,82.55,0.438
CRWD-20261002T13373291820,CRWD,2026-10-02,2026-10-02T09:37:59.280792-04:00,272.4331,-0.1394
OKTA-20261002T13331467110,OKTA,2026-10-02,2026-10-02T09:38:02.538603-04:00,215.84,0.2322
CCL-20261002T13370220091,CCL,2026-10-02,2026-10-02T09:38:02.538603-04:00,25.65,-0.1445
P-20261002T13370224145,P,2026-10-02,2026-10-02T09:38:02.538603-04:00,138.99,0.0432
KLAC-20261002T13370563556,KLAC,2026-10-02,2026-10-02T09:38:02.538603-04:00,205.83,0.204
GME-20261002T13370567360,GME,2026-10-02,2026-10-02T09:38:02.538603-04:00,24.38,-0.2041
COHR-20261002T13370919530,COHR,2026-10-02,2026-10-02T09:38:02.538603-04:00,322.5299,0.0192
PBF-20261002T13370936500,PBF,2026-10-02,2026-10-02T09:38:02.538603-04:00,82.3076,0.0457
WING-20261002T13371629861,WING,2026-10-02,2026-10-02T09:38:02.538603-04:00,104.48,-0.571
AXTI-20261002T13372287799,AXTI,2026-10-02,2026-10-02T09:38:02.538603-04:00,82.54,0.4258
CRWD-20261002T13373291820,CRWD,2026-10-02,2026-10-02T09:38:02.538603-04:00,272.155,-0.2413
OKTA-20261002T13331467110,OKTA,2026-10-02,2026-10-02T09:38:05.966023-04:00,215.48,0.065
CCL-20261002T13370220091,CCL,2026-10-02,2026-10-02T09:38:05.966023-04:00,25.65,-0.1445
P-20261002T13370224145,P,2026-10-02,2026-10-02T09:38:05.966023-04:00,138.5,-0.3095
KLAC-20261002T13370563556,KLAC,2026-10-02,2026-10-02T09:38:05.966023-04:00,205.96,0.2673
GME-20261002T13370567360,GME,2026-10-02,2026-10-02T09:38:05.966023-04:00,24.4199,-0.0408
COHR-20261002T13370919530,COHR,2026-10-02,2026-10-02T09:38:05.966023-04:00,321.7543,-0.2213
PBF-20261002T13370936500,PBF,2026-10-02,2026-10-02T09:38:05.966023-04:00,82.46,0.2309
WING-20261002T13371629861,WING,2026-10-02,2026-10-02T09:38:05.966023-04:00,104.48,-0.571
AXTI-20261002T13372287799,AXTI,2026-10-02,2026-10-02T09:38:05.966023-04:00,82.54,0.4258
CRWD-20261002T13373291820,CRWD,2026-10-02,2026-10-02T09:38:05.966023-04:00,272.045,-0.2816
OKTA-20261002T13331467110,OKTA,2026-10-02,2026-10-02T09:38:09.433237-04:00,215.1236,-0.1005
CCL-20261002T13370220091,CCL,2026-10-02,2026-10-02T09:38:09.433237-04:00,25.64,-0.1835
P-20261002T13370224145,P,2026-10-02,2026-10-02T09:38:09.433237-04:00,138.495,-0.3131
KLAC-20261002T13370563556,KLAC,2026-10-02,2026-10-02T09:38:09.433237-04:00,205.83,0.204
GME-20261002T13370567360,GME,2026-10-02,2026-10-02T09:38:09.433237-04:00,24.41,-0.0813
COHR-20261002T13370919530,COHR,2026-10-02,2026-10-02T09:38:09.433237-04:00,321.972,-0.1538
PBF-20261002T13370936500,PBF,2026-10-02,2026-10-02T09:38:09.433237-04:00,82.1516,-0.1439
WING-20261002T13371629861,WING,2026-10-02,2026-10-02T09:38:09.433237-04:00,104.0882,-0.9439
AXTI-20261002T13372287799,AXTI,2026-10-02,2026-10-02T09:38:09.433237-04:00,82.54,0.4258
CRWD-20261002T13373291820,CRWD,2026-10-02,2026-10-02T09:38:09.433237-04:00,272.06,-0.2761
OKTA-20261002T13331467110,OKTA,2026-10-02,2026-10-02T09:38:12.736957-04:00,215.57,0.1068
CCL-20261002T13370220091,CCL,2026-10-02,2026-10-02T09:38:12.736957-04:00,25.6,-0.3392
P-20261002T13370224145,P,2026-10-02,2026-10-02T09:38:12.736957-04:00,138.5,-0.3095
KLAC-20261002T13370563556,KLAC,2026-10-02,2026-10-02T09:38:12.736957-04:00,205.875,0.2259
GME-20261002T13370567360,GME,2026-10-02,2026-10-02T09:38:12.736957-04:00,24.4,-0.1223
COHR-20261002T13370919530,COHR,2026-10-02,2026-10-02T09:38:12.736957-04:00,322.36,-0.0335
PBF-20261002T13370936500,PBF,2026-10-02,2026-10-02T09:38:12.736957-04:00,82.47,0.2431
WING-20261002T13371629861,WING,2026-10-02,2026-10-02T09:38:12.736957-04:00,104.0882,-0.9439
AXTI-20261002T13372287799,AXTI,2026-10-02,2026-10-02T09:38:12.736957-04:00,82.4702,0.3409
CRWD-20261002T13373291820,CRWD,2026-10-02,2026-10-02T09:38:12.736957-04:00,271.9892,-0.3021
OKTA-20261002T13331467110,OKTA,2026-10-02,2026-10-02T09:38:16.056539-04:00,215.545,0.0952
CCL-20261002T13370220091,CCL,2026-10-02,2026-10-02T09:38:16.056539-04:00,25.595,-0.3586
P-20261002T13370224145,P,2026-10-02,2026-10-02T09:38:16.056539-04:00,138.64,-0.2087
KLAC-20261002T13370563556,KLAC,2026-10-02,2026-10-02T09:38:16.056539-04:00,205.835,0.2064
GME-20261002T13370567360,GME,2026-10-02,2026-10-02T09:38:16.056539-04:00,24.41,-0.0813
COHR-20261002T13370919530,COHR,2026-10-02,2026-10-02T09:38:16.056539-04:00,322.365,-0.0319
PBF-20261002T13370936500,PBF,2026-10-02,2026-10-02T09:38:16.056539-04:00,82.47,0.2431
WING-20261002T13371629861,WING,2026-10-02,2026-10-02T09:38:16.056539-04:00,104.0882,-0.9439
AXTI-20261002T13372287799,AXTI,2026-10-02,2026-10-02T09:38:16.056539-04:00,82.41,0.2677
CRWD-20261002T13373291820,CRWD,2026-10-02,2026-10-02T09:38:16.056539-04:00,271.66,-0.4228
OKTA-20261002T13331467110,OKTA,2026-10-02,2026-10-02T09:38:19.567389-04:00,215.545,0.0952
CCL-20261002T13370220091,CCL,2026-10-02,2026-10-02T09:38:19.567389-04:00,25.5236,-0.6366
P-20261002T13370224145,P,2026-10-02,2026-10-02T09:38:19.567389-04:00,138.8,-0.0936
KLAC-20261002T13370563556,KLAC,2026-10-02,2026-10-02T09:38:19.567389-04:00,205.64,0.1115
GME-20261002T13370567360,GME,2026-10-02,2026-10-02T09:38:19.567389-04:00,24.385,-0.1837
COHR-20261002T13370919530,COHR,2026-10-02,2026-10-02T09:38:19.567389-04:00,322.07,-0.1234
PBF-20261002T13370936500,PBF,2026-10-02,2026-10-02T09:38:19.567389-04:00,82.0248,-0.298
WING-20261002T13371629861,WING,2026-10-02,2026-10-02T09:38:19.567389-04:00,104.0882,-0.9439
AXTI-20261002T13372287799,AXTI,2026-10-02,2026-10-02T09:38:19.567389-04:00,82.42,0.2798
CRWD-20261002T13373291820,CRWD,2026-10-02,2026-10-02T09:38:19.567389-04:00,271.97,-0.3091
OKTA-20261002T13331467110,OKTA,2026-10-02,2026-10-02T09:38:22.855785-04:00,215.8399,0.2321
CCL-20261002T13370220091,CCL,2026-10-02,2026-10-02T09:38:22.855785-04:00,25.6014,-0.3337
P-20261002T13370224145,P,2026-10-02,2026-10-02T09:38:22.855785-04:00,138.5029,-0.3074
KLAC-20261002T13370563556,KLAC,2026-10-02,2026-10-02T09:38:22.855785-04:00,205.7054,0.1433
GME-20261002T13370567360,GME,2026-10-02,2026-10-02T09:38:22.855785-04:00,24.39,-0.1632
COHR-20261002T13370919530,COHR,2026-10-02,2026-10-02T09:38:22.855785-04:00,322.0,-0.1451
PBF-20261002T13370936500,PBF,2026-10-02,2026-10-02T09:38:22.855785-04:00,82.195,-0.0912
WING-20261002T13371629861,WING,2026-10-02,2026-10-02T09:38:22.855785-04:00,104.0882,-0.9439
AXTI-20261002T13372287799,AXTI,2026-10-02,2026-10-02T09:38:22.855785-04:00,82.47,0.3407
CRWD-20261002T13373291820,CRWD,2026-10-02,2026-10-02T09:38:22.855785-04:00,271.42,-0.5107
OKTA-20261002T13331467110,OKTA,2026-10-02,2026-10-02T09:38:26.294121-04:00,215.8399,0.2321
CCL-20261002T13370220091,CCL,2026-10-02,2026-10-02T09:38:26.294121-04:00,25.61,-0.3002
P-20261002T13370224145,P,2026-10-02,2026-10-02T09:38:26.294121-04:00,138.94,0.0072
KLAC-20261002T13370563556,KLAC,2026-10-02,2026-10-02T09:38:26.294121-04:00,205.74,0.1602
GME-20261002T13370567360,GME,2026-10-02,2026-10-02T09:38:26.294121-04:00,24.39,-0.1632
COHR-20261002T13370919530,COHR,2026-10-02,2026-10-02T09:38:26.294121-04:00,321.7531,-0.2217
PBF-20261002T13370936500,PBF,2026-10-02,2026-10-02T09:38:26.294121-04:00,82.19,-0.0972
WING-20261002T13371629861,WING,2026-10-02,2026-10-02T09:38:26.294121-04:00,104.0882,-0.9439
AXTI-20261002T13372287799,AXTI,2026-10-02,2026-10-02T09:38:26.294121-04:00,82.42,0.2798
CRWD-20261002T13373291820,CRWD,2026-10-02,2026-10-02T09:38:26.294121-04:00,271.5201,-0.474
OKTA-20261002T13331467110,OKTA,2026-10-02,2026-10-02T09:38:29.808163-04:00,215.425,0.0395
CCL-20261002T13370220091,CCL,2026-10-02,2026-10-02T09:38:29.808163-04:00,25.615,-0.2808
P-20261002T13370224145,P,2026-10-02,2026-10-02T09:38:29.808163-04:00,138.74,-0.1368
KLAC-20261002T13370563556,KLAC,2026-10-02,2026-10-02T09:38:29.808163-04:00,205.84,0.2088
GME-20261002T13370567360,GME,2026-10-02,2026-10-02T09:38:29.808163-04:00,24.3824,-0.1943
COHR-20261002T13370919530,COHR,2026-10-02,2026-10-02T09:38:29.808163-04:00,321.945,-0.1622
PBF-20261002T13370936500,PBF,2026-10-02,2026-10-02T09:38:29.808163-04:00,81.9848,-0.3467
WING-20261002T13371629861,WING,2026-10-02,2026-10-02T09:38:29.808163-04:00,104.0882,-0.9439
CRWD-20261002T13373291820,CRWD,2026-10-02,2026-10-02T09:38:29.808163-04:00,271.64,-0.4301
OKTA-20261002T13331467110,OKTA,2026-10-02,2026-10-02T09:38:33.215857-04:00,214.88,-0.2136
CCL-20261002T13370220091,CCL,2026-10-02,2026-10-02T09:38:33.215857-04:00,25.61,-0.3002
P-20261002T13370224145,P,2026-10-02,2026-10-02T09:38:33.215857-04:00,138.64,-0.2087
KLAC-20261002T13370563556,KLAC,2026-10-02,2026-10-02T09:38:33.215857-04:00,205.8516,0.2145
GME-20261002T13370567360,GME,2026-10-02,2026-10-02T09:38:33.215857-04:00,24.4,-0.1223
COHR-20261002T13370919530,COHR,2026-10-02,2026-10-02T09:38:33.215857-04:00,323.35,0.2735
PBF-20261002T13370936500,PBF,2026-10-02,2026-10-02T09:38:33.215857-04:00,82.47,0.2431
WING-20261002T13371629861,WING,2026-10-02,2026-10-02T09:38:33.215857-04:00,104.9662,-0.1083
CRWD-20261002T13373291820,CRWD,2026-10-02,2026-10-02T09:38:33.215857-04:00,271.29,-0.5584
BE-20261002T13382679947,BE,2026-10-02,2026-10-02T09:38:33.215857-04:00,295.9,0.044
OKTA-20261002T13331467110,OKTA,2026-10-02,2026-10-02T09:38:36.651128-04:00,214.84,-0.2322
CCL-20261002T13370220091,CCL,2026-10-02,2026-10-02T09:38:36.651128-04:00,25.5907,-0.3754
P-20261002T13370224145,P,2026-10-02,2026-10-02T09:38:36.651128-04:00,138.745,-0.1332
KLAC-20261002T13370563556,KLAC,2026-10-02,2026-10-02T09:38:36.651128-04:00,205.87,0.2235
GME-20261002T13370567360,GME,2026-10-02,2026-10-02T09:38:36.651128-04:00,24.3878,-0.1722
COHR-20261002T13370919530,COHR,2026-10-02,2026-10-02T09:38:36.651128-04:00,322.81,0.1061
PBF-20261002T13370936500,PBF,2026-10-02,2026-10-02T09:38:36.651128-04:00,82.38,0.1337
WING-20261002T13371629861,WING,2026-10-02,2026-10-02T09:38:36.651128-04:00,104.9662,-0.1083
CRWD-20261002T13373291820,CRWD,2026-10-02,2026-10-02T09:38:36.651128-04:00,271.28,-0.562
BE-20261002T13382679947,BE,2026-10-02,2026-10-02T09:38:36.651128-04:00,296.0,0.0778
OKTA-20261002T13331467110,OKTA,2026-10-02,2026-10-02T09:38:40.009708-04:00,214.84,-0.2322
CCL-20261002T13370220091,CCL,2026-10-02,2026-10-02T09:38:40.009708-04:00,25.5888,-0.3828
P-20261002T13370224145,P,2026-10-02,2026-10-02T09:38:40.009708-04:00,138.7575,-0.1242
KLAC-20261002T13370563556,KLAC,2026-10-02,2026-10-02T09:38:40.009708-04:00,205.92,0.2478
GME-20261002T13370567360,GME,2026-10-02,2026-10-02T09:38:40.009708-04:00,24.395,-0.1427
COHR-20261002T13370919530,COHR,2026-10-02,2026-10-02T09:38:40.009708-04:00,323.56,0.3386
PBF-20261002T13370936500,PBF,2026-10-02,2026-10-02T09:38:40.009708-04:00,82.195,-0.0912
WING-20261002T13371629861,WING,2026-10-02,2026-10-02T09:38:40.009708-04:00,104.9662,-0.1083
CRWD-20261002T13373291820,CRWD,2026-10-02,2026-10-02T09:38:40.009708-04:00,270.43,-0.8736
BE-20261002T13382679947,BE,2026-10-02,2026-10-02T09:38:40.009708-04:00,295.79,0.0068
OKTA-20261002T13331467110,OKTA,2026-10-02,2026-10-02T09:38:43.475071-04:00,214.255,-0.5039
CCL-20261002T13370220091,CCL,2026-10-02,2026-10-02T09:38:43.475071-04:00,25.6017,-0.3326
P-20261002T13370224145,P,2026-10-02,2026-10-02T09:38:43.475071-04:00,138.745,-0.1332
KLAC-20261002T13370563556,KLAC,2026-10-02,2026-10-02T09:38:43.475071-04:00,205.74,0.1602
GME-20261002T13370567360,GME,2026-10-02,2026-10-02T09:38:43.475071-04:00,24.38,-0.2041
COHR-20261002T13370919530,COHR,2026-10-02,2026-10-02T09:38:43.475071-04:00,323.49,0.3169
PBF-20261002T13370936500,PBF,2026-10-02,2026-10-02T09:38:43.475071-04:00,82.2025,-0.082
WING-20261002T13371629861,WING,2026-10-02,2026-10-02T09:38:43.475071-04:00,104.9662,-0.1083
CRWD-20261002T13373291820,CRWD,2026-10-02,2026-10-02T09:38:43.475071-04:00,269.85,-1.0862
BE-20261002T13382679947,BE,2026-10-02,2026-10-02T09:38:43.475071-04:00,295.375,-0.1335
OKTA-20261002T13331467110,OKTA,2026-10-02,2026-10-02T09:38:46.823410-04:00,214.255,-0.5039
CCL-20261002T13370220091,CCL,2026-10-02,2026-10-02T09:38:46.823410-04:00,25.608,-0.308
P-20261002T13370224145,P,2026-10-02,2026-10-02T09:38:46.823410-04:00,138.7947,-0.0974
KLAC-20261002T13370563556,KLAC,2026-10-02,2026-10-02T09:38:46.823410-04:00,205.72,0.1504
GME-20261002T13370567360,GME,2026-10-02,2026-10-02T09:38:46.823410-04:00,24.38,-0.2041
COHR-20261002T13370919530,COHR,2026-10-02,2026-10-02T09:38:46.823410-04:00,323.2835,0.2529
PBF-20261002T13370936500,PBF,2026-10-02,2026-10-02T09:38:46.823410-04:00,82.1328,-0.1668
WING-20261002T13371629861,WING,2026-10-02,2026-10-02T09:38:46.823410-04:00,104.9662,-0.1083
CRWD-20261002T13373291820,CRWD,2026-10-02,2026-10-02T09:38:46.823410-04:00,269.875,-1.077
BE-20261002T13382679947,BE,2026-10-02,2026-10-02T09:38:46.823410-04:00,295.47,-0.1014
OKTA-20261002T13331467110,OKTA,2026-10-02,2026-10-02T09:38:50.136041-04:00,214.0001,-0.6222
CCL-20261002T13370220091,CCL,2026-10-02,2026-10-02T09:38:50.136041-04:00,25.6,-0.3392
P-20261002T13370224145,P,2026-10-02,2026-10-02T09:38:50.136041-04:00,138.5,-0.3095
KLAC-20261002T13370563556,KLAC,2026-10-02,2026-10-02T09:38:50.136041-04:00,205.71,0.1456
GME-20261002T13370567360,GME,2026-10-02,2026-10-02T09:38:50.136041-04:00,24.375,-0.2246
COHR-20261002T13370919530,COHR,2026-10-02,2026-10-02T09:38:50.136041-04:00,322.6,0.0409
PBF-20261002T13370936500,PBF,2026-10-02,2026-10-02T09:38:50.136041-04:00,82.0161,-0.3086
WING-20261002T13371629861,WING,2026-10-02,2026-10-02T09:38:50.136041-04:00,104.9662,-0.1083
CRWD-20261002T13373291820,CRWD,2026-10-02,2026-10-02T09:38:50.136041-04:00,269.89,-1.0716
BE-20261002T13382679947,BE,2026-10-02,2026-10-02T09:38:50.136041-04:00,295.6928,-0.0261
OKTA-20261002T13331467110,OKTA,2026-10-02,2026-10-02T09:38:53.464104-04:00,214.495,-0.3924
CCL-20261002T13370220091,CCL,2026-10-02,2026-10-02T09:38:53.464104-04:00,25.6,-0.3392
P-20261002T13370224145,P,2026-10-02,2026-10-02T09:38:53.464104-04:00,138.615,-0.2267
KLAC-20261002T13370563556,KLAC,2026-10-02,2026-10-02T09:38:53.464104-04:00,205.7306,0.1556
GME-20261002T13370567360,GME,2026-10-02,2026-10-02T09:38:53.464104-04:00,24.365,-0.2655
COHR-20261002T13370919530,COHR,2026-10-02,2026-10-02T09:38:53.464104-04:00,322.62,0.0471
PBF-20261002T13370936500,PBF,2026-10-02,2026-10-02T09:38:53.464104-04:00,82.1999,-0.0852
WING-20261002T13371629861,WING,2026-10-02,2026-10-02T09:38:53.464104-04:00,104.9662,-0.1083
CRWD-20261002T13373291820,CRWD,2026-10-02,2026-10-02T09:38:53.464104-04:00,270.0,-1.0312
BE-20261002T13382679947,BE,2026-10-02,2026-10-02T09:38:53.464104-04:00,295.685,-0.0287
OKTA-20261002T13331467110,OKTA,2026-10-02,2026-10-02T09:38:56.886020-04:00,214.495,-0.3924
CCL-20261002T13370220091,CCL,2026-10-02,2026-10-02T09:38:56.886020-04:00,25.59,-0.3781
P-20261002T13370224145,P,2026-10-02,2026-10-02T09:38:56.886020-04:00,138.4063,-0.377
KLAC-20261002T13370563556,KLAC,2026-10-02,2026-10-02T09:38:56.886020-04:00,205.8,0.1894
GME-20261002T13370567360,GME,2026-10-02,2026-10-02T09:38:56.886020-04:00,24.36,-0.286
COHR-20261002T13370919530,COHR,2026-10-02,2026-10-02T09:38:56.886020-04:00,322.555,0.027
PBF-20261002T13370936500,PBF,2026-10-02,2026-10-02T09:38:56.886020-04:00,82.13,-0.1702
WING-20261002T13371629861,WING,2026-10-02,2026-10-02T09:38:56.886020-04:00,104.9662,-0.1083
CRWD-20261002T13373291820,CRWD,2026-10-02,2026-10-02T09:38:56.886020-04:00,270.0817,-1.0013
BE-20261002T13382679947,BE,2026-10-02,2026-10-02T09:38:56.886020-04:00,295.89,0.0406
OKTA-20261002T13331467110,OKTA,2026-10-02,2026-10-02T09:39:00.189302-04:00,214.495,-0.3924
CCL-20261002T13370220091,CCL,2026-10-02,2026-10-02T09:39:00.189302-04:00,25.5649,-0.4758
P-20261002T13370224145,P,2026-10-02,2026-10-02T09:39:00.189302-04:00,138.495,-0.3131
KLAC-20261002T13370563556,KLAC,2026-10-02,2026-10-02T09:39:00.189302-04:00,205.685,0.1334
GME-20261002T13370567360,GME,2026-10-02,2026-10-02T09:39:00.189302-04:00,24.355,-0.3065
COHR-20261002T13370919530,COHR,2026-10-02,2026-10-02T09:39:00.189302-04:00,322.43,-0.0118
PBF-20261002T13370936500,PBF,2026-10-02,2026-10-02T09:39:00.189302-04:00,82.1,-0.2066
WING-20261002T13371629861,WING,2026-10-02,2026-10-02T09:39:00.189302-04:00,104.51,-0.5424
CRWD-20261002T13373291820,CRWD,2026-10-02,2026-10-02T09:39:00.189302-04:00,270.13,-0.9836
BE-20261002T13382679947,BE,2026-10-02,2026-10-02T09:39:00.189302-04:00,295.9147,0.0489
CCL-20261002T13370220091,CCL,2026-10-02,2026-10-02T09:39:03.920875-04:00,25.595,-0.3586
P-20261002T13370224145,P,2026-10-02,2026-10-02T09:39:03.920875-04:00,138.495,-0.3131
KLAC-20261002T13370563556,KLAC,2026-10-02,2026-10-02T09:39:03.920875-04:00,205.73,0.1553
GME-20261002T13370567360,GME,2026-10-02,2026-10-02T09:39:03.920875-04:00,24.3471,-0.3388
COHR-20261002T13370919530,COHR,2026-10-02,2026-10-02T09:39:03.920875-04:00,321.85,-0.1916
PBF-20261002T13370936500,PBF,2026-10-02,2026-10-02T09:39:03.920875-04:00,81.9316,-0.4113
WING-20261002T13371629861,WING,2026-10-02,2026-10-02T09:39:03.920875-04:00,104.485,-0.5662
BE-20261002T13382679947,BE,2026-10-02,2026-10-02T09:39:03.920875-04:00,296.2396,0.1588
CCL-20261002T13370220091,CCL,2026-10-02,2026-10-02T09:39:07.380946-04:00,25.6,-0.3392
P-20261002T13370224145,P,2026-10-02,2026-10-02T09:39:07.380946-04:00,138.514,-0.2994
KLAC-20261002T13370563556,KLAC,2026-10-02,2026-10-02T09:39:07.380946-04:00,205.785,0.1821
GME-20261002T13370567360,GME,2026-10-02,2026-10-02T09:39:07.380946-04:00,24.34,-0.3679
COHR-20261002T13370919530,COHR,2026-10-02,2026-10-02T09:39:07.380946-04:00,322.224,-0.0757
PBF-20261002T13370936500,PBF,2026-10-02,2026-10-02T09:39:07.380946-04:00,82.0,-0.3282
WING-20261002T13371629861,WING,2026-10-02,2026-10-02T09:39:07.380946-04:00,104.4823,-0.5688
BE-20261002T13382679947,BE,2026-10-02,2026-10-02T09:39:07.380946-04:00,296.175,0.1369
AAOI-20261002T13390091669,AAOI,2026-10-02,2026-10-02T09:39:07.380946-04:00,108.64,-0.092
CCL-20261002T13370220091,CCL,2026-10-02,2026-10-02T09:39:10.724535-04:00,25.6186,-0.2668
P-20261002T13370224145,P,2026-10-02,2026-10-02T09:39:10.724535-04:00,138.495,-0.3131
KLAC-20261002T13370563556,KLAC,2026-10-02,2026-10-02T09:39:10.724535-04:00,205.795,0.1869
GME-20261002T13370567360,GME,2026-10-02,2026-10-02T09:39:10.724535-04:00,24.34,-0.3679
COHR-20261002T13370919530,COHR,2026-10-02,2026-10-02T09:39:10.724535-04:00,322.79,0.0999
PBF-20261002T13370936500,PBF,2026-10-02,2026-10-02T09:39:10.724535-04:00,82.11,-0.1945
WING-20261002T13371629861,WING,2026-10-02,2026-10-02T09:39:10.724535-04:00,103.61,-1.3989
BE-20261002T13382679947,BE,2026-10-02,2026-10-02T09:39:10.724535-04:00,296.145,0.1268
AAOI-20261002T13390091669,AAOI,2026-10-02,2026-10-02T09:39:10.724535-04:00,108.87,0.1196
GKOS-20261002T13390437606,GKOS,2026-10-02,2026-10-02T09:39:10.724535-04:00,167.99,-0.0595
CCL-20261002T13370220091,CCL,2026-10-02,2026-10-02T09:39:14.182312-04:00,25.628,-0.2302
P-20261002T13370224145,P,2026-10-02,2026-10-02T09:39:14.182312-04:00,138.5126,-0.3004
KLAC-20261002T13370563556,KLAC,2026-10-02,2026-10-02T09:39:14.182312-04:00,205.55,0.0677
GME-20261002T13370567360,GME,2026-10-02,2026-10-02T09:39:14.182312-04:00,24.335,-0.3883
COHR-20261002T13370919530,COHR,2026-10-02,2026-10-02T09:39:14.182312-04:00,322.625,0.0487
PBF-20261002T13370936500,PBF,2026-10-02,2026-10-02T09:39:14.182312-04:00,82.0861,-0.2235
WING-20261002T13371629861,WING,2026-10-02,2026-10-02T09:39:14.182312-04:00,103.61,-1.3989
BE-20261002T13382679947,BE,2026-10-02,2026-10-02T09:39:14.182312-04:00,295.9834,0.0722
AAOI-20261002T13390091669,AAOI,2026-10-02,2026-10-02T09:39:14.182312-04:00,108.77,0.0276
GKOS-20261002T13390437606,GKOS,2026-10-02,2026-10-02T09:39:14.182312-04:00,167.99,-0.0595
CCL-20261002T13370220091,CCL,2026-10-02,2026-10-02T09:39:17.523049-04:00,25.5338,-0.5969
P-20261002T13370224145,P,2026-10-02,2026-10-02T09:39:17.523049-04:00,138.83,-0.072
KLAC-20261002T13370563556,KLAC,2026-10-02,2026-10-02T09:39:17.523049-04:00,205.5629,0.0739
GME-20261002T13370567360,GME,2026-10-02,2026-10-02T09:39:17.523049-04:00,24.335,-0.3883
COHR-20261002T13370919530,COHR,2026-10-02,2026-10-02T09:39:17.523049-04:00,322.375,-0.0288
PBF-20261002T13370936500,PBF,2026-10-02,2026-10-02T09:39:17.523049-04:00,82.0999,-0.2068
WING-20261002T13371629861,WING,2026-10-02,2026-10-02T09:39:17.523049-04:00,103.88,-1.142
BE-20261002T13382679947,BE,2026-10-02,2026-10-02T09:39:17.523049-04:00,296.0,0.0778
AAOI-20261002T13390091669,AAOI,2026-10-02,2026-10-02T09:39:17.523049-04:00,108.51,-0.2115
GKOS-20261002T13390437606,GKOS,2026-10-02,2026-10-02T09:39:17.523049-04:00,168.06,-0.0178
CCL-20261002T13370220091,CCL,2026-10-02,2026-10-02T09:39:20.929792-04:00,25.6001,-0.3388
P-20261002T13370224145,P,2026-10-02,2026-10-02T09:39:20.929792-04:00,138.7034,-0.1631
KLAC-20261002T13370563556,KLAC,2026-10-02,2026-10-02T09:39:20.929792-04:00,205.61,0.0969
GME-20261002T13370567360,GME,2026-10-02,2026-10-02T09:39:20.929792-04:00,24.35,-0.3269
COHR-20261002T13370919530,COHR,2026-10-02,2026-10-02T09:39:20.929792-04:00,321.86,-0.1885
PBF-20261002T13370936500,PBF,2026-10-02,2026-10-02T09:39:20.929792-04:00,81.91,-0.4376
WING-20261002T13371629861,WING,2026-10-02,2026-10-02T09:39:20.929792-04:00,103.88,-1.142
BE-20261002T13382679947,BE,2026-10-02,2026-10-02T09:39:20.929792-04:00,295.735,-0.0118
AAOI-20261002T13390091669,AAOI,2026-10-02,2026-10-02T09:39:20.929792-04:00,108.67,-0.0644
GKOS-20261002T13390437606,GKOS,2026-10-02,2026-10-02T09:39:20.929792-04:00,167.74,-0.2082
CCL-20261002T13370220091,CCL,2026-10-02,2026-10-02T09:39:24.335831-04:00,25.59,-0.3781
P-20261002T13370224145,P,2026-10-02,2026-10-02T09:39:24.335831-04:00,138.83,-0.072
KLAC-20261002T13370563556,KLAC,2026-10-02,2026-10-02T09:39:24.335831-04:00,205.71,0.1456
GME-20261002T13370567360,GME,2026-10-02,2026-10-02T09:39:24.335831-04:00,24.3453,-0.3462
COHR-20261002T13370919530,COHR,2026-10-02,2026-10-02T09:39:24.335831-04:00,322.03,-0.1358
PBF-20261002T13370936500,PBF,2026-10-02,2026-10-02T09:39:24.335831-04:00,82.0662,-0.2477
WING-20261002T13371629861,WING,2026-10-02,2026-10-02T09:39:24.335831-04:00,103.88,-1.142
BE-20261002T13382679947,BE,2026-10-02,2026-10-02T09:39:24.335831-04:00,295.825,0.0186
AAOI-20261002T13390091669,AAOI,2026-10-02,2026-10-02T09:39:24.335831-04:00,108.56,-0.1655
GKOS-20261002T13390437606,GKOS,2026-10-02,2026-10-02T09:39:24.335831-04:00,167.75,-0.2023
CCL-20261002T13370220091,CCL,2026-10-02,2026-10-02T09:39:27.657576-04:00,25.59,-0.3781
P-20261002T13370224145,P,2026-10-02,2026-10-02T09:39:27.657576-04:00,138.83,-0.072
KLAC-20261002T13370563556,KLAC,2026-10-02,2026-10-02T09:39:27.657576-04:00,205.555,0.0701
GME-20261002T13370567360,GME,2026-10-02,2026-10-02T09:39:27.657576-04:00,24.35,-0.3269
COHR-20261002T13370919530,COHR,2026-10-02,2026-10-02T09:39:27.657576-04:00,322.3587,-0.0339
PBF-20261002T13370936500,PBF,2026-10-02,2026-10-02T09:39:27.657576-04:00,82.0662,-0.2477
WING-20261002T13371629861,WING,2026-10-02,2026-10-02T09:39:27.657576-04:00,103.88,-1.142
BE-20261002T13382679947,BE,2026-10-02,2026-10-02T09:39:27.657576-04:00,295.97,0.0676
AAOI-20261002T13390091669,AAOI,2026-10-02,2026-10-02T09:39:27.657576-04:00,108.6099,-0.1196
GKOS-20261002T13390437606,GKOS,2026-10-02,2026-10-02T09:39:27.657576-04:00,167.1021,-0.5877
CCL-20261002T13370220091,CCL,2026-10-02,2026-10-02T09:39:31.284510-04:00,25.585,-0.3976
P-20261002T13370224145,P,2026-10-02,2026-10-02T09:39:31.284510-04:00,138.83,-0.072
KLAC-20261002T13370563556,KLAC,2026-10-02,2026-10-02T09:39:31.284510-04:00,205.68,0.131
GME-20261002T13370567360,GME,2026-10-02,2026-10-02T09:39:31.284510-04:00,24.38,-0.2041
COHR-20261002T13370919530,COHR,2026-10-02,2026-10-02T09:39:31.284510-04:00,321.72,-0.232
PBF-20261002T13370936500,PBF,2026-10-02,2026-10-02T09:39:31.284510-04:00,82.0662,-0.2477
WING-20261002T13371629861,WING,2026-10-02,2026-10-02T09:39:31.284510-04:00,104.29,-0.7518
BE-20261002T13382679947,BE,2026-10-02,2026-10-02T09:39:31.284510-04:00,295.6,-0.0575
AAOI-20261002T13390091669,AAOI,2026-10-02,2026-10-02T09:39:31.284510-04:00,108.6493,-0.0834
GKOS-20261002T13390437606,GKOS,2026-10-02,2026-10-02T09:39:31.284510-04:00,167.05,-0.6187
CCL-20261002T13370220091,CCL,2026-10-02,2026-10-02T09:39:34.634867-04:00,25.5741,-0.44
P-20261002T13370224145,P,2026-10-02,2026-10-02T09:39:34.634867-04:00,138.83,-0.072
KLAC-20261002T13370563556,KLAC,2026-10-02,2026-10-02T09:39:34.634867-04:00,205.65,0.1164
GME-20261002T13370567360,GME,2026-10-02,2026-10-02T09:39:34.634867-04:00,24.4,-0.1223
COHR-20261002T13370919530,COHR,2026-10-02,2026-10-02T09:39:34.634867-04:00,321.72,-0.232
PBF-20261002T13370936500,PBF,2026-10-02,2026-10-02T09:39:34.634867-04:00,82.0,-0.3282
WING-20261002T13371629861,WING,2026-10-02,2026-10-02T09:39:34.634867-04:00,104.29,-0.7518
BE-20261002T13382679947,BE,2026-10-02,2026-10-02T09:39:34.634867-04:00,295.2439,-0.1779
AAOI-20261002T13390091669,AAOI,2026-10-02,2026-10-02T09:39:34.634867-04:00,108.48,-0.2391
GKOS-20261002T13390437606,GKOS,2026-10-02,2026-10-02T09:39:34.634867-04:00,167.19,-0.5354
CCL-20261002T13370220091,CCL,2026-10-02,2026-10-02T09:39:37.968805-04:00,25.59,-0.3781
P-20261002T13370224145,P,2026-10-02,2026-10-02T09:39:37.968805-04:00,138.94,0.0072
KLAC-20261002T13370563556,KLAC,2026-10-02,2026-10-02T09:39:37.968805-04:00,205.462,0.0248
GME-20261002T13370567360,GME,2026-10-02,2026-10-02T09:39:37.968805-04:00,24.4,-0.1223
COHR-20261002T13370919530,COHR,2026-10-02,2026-10-02T09:39:37.968805-04:00,322.17,-0.0924
PBF-20261002T13370936500,PBF,2026-10-02,2026-10-02T09:39:37.968805-04:00,82.035,-0.2856
WING-20261002T13371629861,WING,2026-10-02,2026-10-02T09:39:37.968805-04:00,104.29,-0.7518
BE-20261002T13382679947,BE,2026-10-02,2026-10-02T09:39:37.968805-04:00,295.355,-0.1403
AAOI-20261002T13390091669,AAOI,2026-10-02,2026-10-02T09:39:37.968805-04:00,108.57,-0.1563
GKOS-20261002T13390437606,GKOS,2026-10-02,2026-10-02T09:39:37.968805-04:00,168.08,-0.0059
CCL-20261002T13370220091,CCL,2026-10-02,2026-10-02T09:39:41.355121-04:00,25.59,-0.3781
P-20261002T13370224145,P,2026-10-02,2026-10-02T09:39:41.355121-04:00,138.83,-0.072
KLAC-20261002T13370563556,KLAC,2026-10-02,2026-10-02T09:39:41.355121-04:00,205.535,0.0604
GME-20261002T13370567360,GME,2026-10-02,2026-10-02T09:39:41.355121-04:00,24.4171,-0.0523
COHR-20261002T13370919530,COHR,2026-10-02,2026-10-02T09:39:41.355121-04:00,322.5,0.0099
PBF-20261002T13370936500,PBF,2026-10-02,2026-10-02T09:39:41.355121-04:00,81.98,-0.3525
WING-20261002T13371629861,WING,2026-10-02,2026-10-02T09:39:41.355121-04:00,103.97,-1.0563
BE-20261002T13382679947,BE,2026-10-02,2026-10-02T09:39:41.355121-04:00,295.25,-0.1758
AAOI-20261002T13390091669,AAOI,2026-10-02,2026-10-02T09:39:41.355121-04:00,108.58,-0.1471
GKOS-20261002T13390437606,GKOS,2026-10-02,2026-10-02T09:39:41.355121-04:00,167.53,-0.3332
CCL-20261002T13370220091,CCL,2026-10-02,2026-10-02T09:39:44.768375-04:00,25.585,-0.3976
P-20261002T13370224145,P,2026-10-02,2026-10-02T09:39:44.768375-04:00,138.83,-0.072
KLAC-20261002T13370563556,KLAC,2026-10-02,2026-10-02T09:39:44.768375-04:00,205.1457,-0.1292
GME-20261002T13370567360,GME,2026-10-02,2026-10-02T09:39:44.768375-04:00,24.435,0.021
COHR-20261002T13370919530,COHR,2026-10-02,2026-10-02T09:39:44.768375-04:00,322.72,0.0781
PBF-20261002T13370936500,PBF,2026-10-02,2026-10-02T09:39:44.768375-04:00,81.9971,-0.3317
WING-20261002T13371629861,WING,2026-10-02,2026-10-02T09:39:44.768375-04:00,103.97,-1.0563
BE-20261002T13382679947,BE,2026-10-02,2026-10-02T09:39:44.768375-04:00,295.231,-0.1822
AAOI-20261002T13390091669,AAOI,2026-10-02,2026-10-02T09:39:44.768375-04:00,108.545,-0.1793
GKOS-20261002T13390437606,GKOS,2026-10-02,2026-10-02T09:39:44.768375-04:00,167.75,-0.2023
CCL-20261002T13370220091,CCL,2026-10-02,2026-10-02T09:39:48.178118-04:00,25.56,-0.4949
P-20261002T13370224145,P,2026-10-02,2026-10-02T09:39:48.178118-04:00,138.79,-0.1008
KLAC-20261002T13370563556,KLAC,2026-10-02,2026-10-02T09:39:48.178118-04:00,205.75,0.165
GME-20261002T13370567360,GME,2026-10-02,2026-10-02T09:39:48.178118-04:00,24.42,-0.0404
COHR-20261002T13370919530,COHR,2026-10-02,2026-10-02T09:39:48.178118-04:00,323.29,0.2549
PBF-20261002T13370936500,PBF,2026-10-02,2026-10-02T09:39:48.178118-04:00,82.0,-0.3282
WING-20261002T13371629861,WING,2026-10-02,2026-10-02T09:39:48.178118-04:00,103.97,-1.0563
BE-20261002T13382679947,BE,2026-10-02,2026-10-02T09:39:48.178118-04:00,295.76,-0.0034
AAOI-20261002T13390091669,AAOI,2026-10-02,2026-10-02T09:39:48.178118-04:00,109.2,0.423
GKOS-20261002T13390437606,GKOS,2026-10-02,2026-10-02T09:39:48.178118-04:00,167.065,-0.6098
CCL-20261002T13370220091,CCL,2026-10-02,2026-10-02T09:39:51.528829-04:00,25.5643,-0.4782
P-20261002T13370224145,P,2026-10-02,2026-10-02T09:39:51.528829-04:00,138.75,-0.1296
KLAC-20261002T13370563556,KLAC,2026-10-02,2026-10-02T09:39:51.528829-04:00,205.73,0.1553
GME-20261002T13370567360,GME,2026-10-02,2026-10-02T09:39:51.528829-04:00,24.42,-0.0404
COHR-20261002T13370919530,COHR,2026-10-02,2026-10-02T09:39:51.528829-04:00,323.49,0.3169
PBF-20261002T13370936500,PBF,2026-10-02,2026-10-02T09:39:51.528829-04:00,82.035,-0.2856
WING-20261002T13371629861,WING,2026-10-02,2026-10-02T09:39:51.528829-04:00,103.774,-1.2429
BE-20261002T13382679947,BE,2026-10-02,2026-10-02T09:39:51.528829-04:00,295.7245,-0.0154
AAOI-20261002T13390091669,AAOI,2026-10-02,2026-10-02T09:39:51.528829-04:00,108.821,0.0745
GKOS-20261002T13390437606,GKOS,2026-10-02,2026-10-02T09:39:51.528829-04:00,167.065,-0.6098
CCL-20261002T13370220091,CCL,2026-10-02,2026-10-02T09:39:54.905480-04:00,25.5616,-0.4887
P-20261002T13370224145,P,2026-10-02,2026-10-02T09:39:54.905480-04:00,138.8,-0.0936
KLAC-20261002T13370563556,KLAC,2026-10-02,2026-10-02T09:39:54.905480-04:00,205.7336,0.1571
GME-20261002T13370567360,GME,2026-10-02,2026-10-02T09:39:54.905480-04:00,24.42,-0.0404
COHR-20261002T13370919530,COHR,2026-10-02,2026-10-02T09:39:54.905480-04:00,323.285,0.2534
PBF-20261002T13370936500,PBF,2026-10-02,2026-10-02T09:39:54.905480-04:00,82.04,-0.2796
WING-20261002T13371629861,WING,2026-10-02,2026-10-02T09:39:54.905480-04:00,103.774,-1.2429
BE-20261002T13382679947,BE,2026-10-02,2026-10-02T09:39:54.905480-04:00,295.59,-0.0609
AAOI-20261002T13390091669,AAOI,2026-10-02,2026-10-02T09:39:54.905480-04:00,108.7,-0.0368
GKOS-20261002T13390437606,GKOS,2026-10-02,2026-10-02T09:39:54.905480-04:00,167.065,-0.6098
CCL-20261002T13370220091,CCL,2026-10-02,2026-10-02T09:39:58.237760-04:00,25.585,-0.3976
P-20261002T13370224145,P,2026-10-02,2026-10-02T09:39:58.237760-04:00,138.69,-0.1727
KLAC-20261002T13370563556,KLAC,2026-10-02,2026-10-02T09:39:58.237760-04:00,205.7287,0.1547
GME-20261002T13370567360,GME,2026-10-02,2026-10-02T09:39:58.237760-04:00,24.42,-0.0404
COHR-20261002T13370919530,COHR,2026-10-02,2026-10-02T09:39:58.237760-04:00,323.07,0.1867
PBF-20261002T13370936500,PBF,2026-10-02,2026-10-02T09:39:58.237760-04:00,82.035,-0.2856
WING-20261002T13371629861,WING,2026-10-02,2026-10-02T09:39:58.237760-04:00,104.375,-0.6709
BE-20261002T13382679947,BE,2026-10-02,2026-10-02T09:39:58.237760-04:00,295.878,0.0365
AAOI-20261002T13390091669,AAOI,2026-10-02,2026-10-02T09:39:58.237760-04:00,109.12,0.3495
GKOS-20261002T13390437606,GKOS,2026-10-02,2026-10-02T09:39:58.237760-04:00,167.07,-0.6068
CCL-20261002T13370220091,CCL,2026-10-02,2026-10-02T09:40:01.613186-04:00,25.5676,-0.4653
P-20261002T13370224145,P,2026-10-02,2026-10-02T09:40:01.613186-04:00,138.86,-0.0504
KLAC-20261002T13370563556,KLAC,2026-10-02,2026-10-02T09:40:01.613186-04:00,205.645,0.1139
GME-20261002T13370567360,GME,2026-10-02,2026-10-02T09:40:01.613186-04:00,24.4252,-0.0191
COHR-20261002T13370919530,COHR,2026-10-02,2026-10-02T09:40:01.613186-04:00,323.4957,0.3187
PBF-20261002T13370936500,PBF,2026-10-02,2026-10-02T09:40:01.613186-04:00,82.2,-0.0851
WING-20261002T13371629861,WING,2026-10-02,2026-10-02T09:40:01.613186-04:00,104.44,-0.6091
BE-20261002T13382679947,BE,2026-10-02,2026-10-02T09:40:01.613186-04:00,295.77,0.0
AAOI-20261002T13390091669,AAOI,2026-10-02,2026-10-02T09:40:01.613186-04:00,108.89,0.1379
GKOS-20261002T13390437606,GKOS,2026-10-02,2026-10-02T09:40:01.613186-04:00,167.1913,-0.5347
CCL-20261002T13370220091,CCL,2026-10-02,2026-10-02T09:40:05.369674-04:00,25.575,-0.4365
P-20261002T13370224145,P,2026-10-02,2026-10-02T09:40:05.369674-04:00,138.7533,-0.1272
KLAC-20261002T13370563556,KLAC,2026-10-02,2026-10-02T09:40:05.369674-04:00,205.65,0.1164
GME-20261002T13370567360,GME,2026-10-02,2026-10-02T09:40:05.369674-04:00,24.42,-0.0404
COHR-20261002T13370919530,COHR,2026-10-02,2026-10-02T09:40:05.369674-04:00,322.595,0.0394
PBF-20261002T13370936500,PBF,2026-10-02,2026-10-02T09:40:05.369674-04:00,82.27,0.0
BE-20261002T13382679947,BE,2026-10-02,2026-10-02T09:40:05.369674-04:00,295.6601,-0.0372
AAOI-20261002T13390091669,AAOI,2026-10-02,2026-10-02T09:40:05.369674-04:00,108.65,-0.0828
GKOS-20261002T13390437606,GKOS,2026-10-02,2026-10-02T09:40:05.369674-04:00,167.1913,-0.5347
CCL-20261002T13370220091,CCL,2026-10-02,2026-10-02T09:40:08.863721-04:00,25.58,-0.417
P-20261002T13370224145,P,2026-10-02,2026-10-02T09:40:08.863721-04:00,138.74,-0.1368
KLAC-20261002T13370563556,KLAC,2026-10-02,2026-10-02T09:40:08.863721-04:00,205.64,0.1115
GME-20261002T13370567360,GME,2026-10-02,2026-10-02T09:40:08.863721-04:00,24.42,-0.0404
COHR-20261002T13370919530,COHR,2026-10-02,2026-10-02T09:40:08.863721-04:00,322.18,-0.0893
PBF-20261002T13370936500,PBF,2026-10-02,2026-10-02T09:40:08.863721-04:00,82.0831,-0.2272
BE-20261002T13382679947,BE,2026-10-02,2026-10-02T09:40:08.863721-04:00,295.665,-0.0355
AAOI-20261002T13390091669,AAOI,2026-10-02,2026-10-02T09:40:08.863721-04:00,108.47,-0.2483
GKOS-20261002T13390437606,GKOS,2026-10-02,2026-10-02T09:40:08.863721-04:00,167.78,-0.1844
CCL-20261002T13370220091,CCL,2026-10-02,2026-10-02T09:40:12.290681-04:00,25.578,-0.4248
P-20261002T13370224145,P,2026-10-02,2026-10-02T09:40:12.290681-04:00,138.69,-0.1727
KLAC-20261002T13370563556,KLAC,2026-10-02,2026-10-02T09:40:12.290681-04:00,205.635,0.109
GME-20261002T13370567360,GME,2026-10-02,2026-10-02T09:40:12.290681-04:00,24.45,0.0824
COHR-20261002T13370919530,COHR,2026-10-02,2026-10-02T09:40:12.290681-04:00,321.7246,-0.2305
PBF-20261002T13370936500,PBF,2026-10-02,2026-10-02T09:40:12.290681-04:00,82.335,0.079
BE-20261002T13382679947,BE,2026-10-02,2026-10-02T09:40:12.290681-04:00,295.62,-0.0507
AAOI-20261002T13390091669,AAOI,2026-10-02,2026-10-02T09:40:12.290681-04:00,108.4,-0.3127
GKOS-20261002T13390437606,GKOS,2026-10-02,2026-10-02T09:40:12.290681-04:00,168.09,0.0
CCL-20261002T13370220091,CCL,2026-10-02,2026-10-02T09:40:15.734358-04:00,25.5738,-0.4412
P-20261002T13370224145,P,2026-10-02,2026-10-02T09:40:15.734358-04:00,138.5817,-0.2507
KLAC-20261002T13370563556,KLAC,2026-10-02,2026-10-02T09:40:15.734358-04:00,205.65,0.1164
GME-20261002T13370567360,GME,2026-10-02,2026-10-02T09:40:15.734358-04:00,24.45,0.0824
COHR-20261002T13370919530,COHR,2026-10-02,2026-10-02T09:40:15.734358-04:00,322.55,0.0254
PBF-20261002T13370936500,PBF,2026-10-02,2026-10-02T09:40:15.734358-04:00,82.37,0.1216
BE-20261002T13382679947,BE,2026-10-02,2026-10-02T09:40:15.734358-04:00,295.28,-0.1657
AAOI-20261002T13390091669,AAOI,2026-10-02,2026-10-02T09:40:15.734358-04:00,108.415,-0.2989
GKOS-20261002T13390437606,GKOS,2026-10-02,2026-10-02T09:40:15.734358-04:00,168.09,0.0
CCL-20261002T13370220091,CCL,2026-10-02,2026-10-02T09:40:19.150959-04:00,25.59,-0.3781
P-20261002T13370224145,P,2026-10-02,2026-10-02T09:40:19.150959-04:00,138.7075,-0.1602
KLAC-20261002T13370563556,KLAC,2026-10-02,2026-10-02T09:40:19.150959-04:00,205.61,0.0969
GME-20261002T13370567360,GME,2026-10-02,2026-10-02T09:40:19.150959-04:00,24.4412,0.0464
COHR-20261002T13370919530,COHR,2026-10-02,2026-10-02T09:40:19.150959-04:00,321.88,-0.1823
PBF-20261002T13370936500,PBF,2026-10-02,2026-10-02T09:40:19.150959-04:00,82.3,0.0365
BE-20261002T13382679947,BE,2026-10-02,2026-10-02T09:40:19.150959-04:00,295.5849,-0.0626
AAOI-20261002T13390091669,AAOI,2026-10-02,2026-10-02T09:40:19.150959-04:00,108.41,-0.3035
GKOS-20261002T13390437606,GKOS,2026-10-02,2026-10-02T09:40:19.150959-04:00,167.075,-0.6038
CCL-20261002T13370220091,CCL,2026-10-02,2026-10-02T09:40:22.568507-04:00,25.5798,-0.4178
P-20261002T13370224145,P,2026-10-02,2026-10-02T09:40:22.568507-04:00,138.77,-0.1152
KLAC-20261002T13370563556,KLAC,2026-10-02,2026-10-02T09:40:22.568507-04:00,205.555,0.0701
GME-20261002T13370567360,GME,2026-10-02,2026-10-02T09:40:22.568507-04:00,24.4301,0.001
COHR-20261002T13370919530,COHR,2026-10-02,2026-10-02T09:40:22.568507-04:00,321.8762,-0.1835
PBF-20261002T13370936500,PBF,2026-10-02,2026-10-02T09:40:22.568507-04:00,82.375,0.1276
BE-20261002T13382679947,BE,2026-10-02,2026-10-02T09:40:22.568507-04:00,295.41,-0.1217
AAOI-20261002T13390091669,AAOI,2026-10-02,2026-10-02T09:40:22.568507-04:00,108.49,-0.2299
GKOS-20261002T13390437606,GKOS,2026-10-02,2026-10-02T09:40:22.568507-04:00,167.075,-0.6038
CCL-20261002T13370220091,CCL,2026-10-02,2026-10-02T09:40:26.115040-04:00,25.57,-0.456
P-20261002T13370224145,P,2026-10-02,2026-10-02T09:40:26.115040-04:00,138.5878,-0.2463
KLAC-20261002T13370563556,KLAC,2026-10-02,2026-10-02T09:40:26.115040-04:00,205.65,0.1164
GME-20261002T13370567360,GME,2026-10-02,2026-10-02T09:40:26.115040-04:00,24.43,0.0005
COHR-20261002T13370919530,COHR,2026-10-02,2026-10-02T09:40:26.115040-04:00,321.71,-0.2351
PBF-20261002T13370936500,PBF,2026-10-02,2026-10-02T09:40:26.115040-04:00,82.375,0.1276
BE-20261002T13382679947,BE,2026-10-02,2026-10-02T09:40:26.115040-04:00,294.93,-0.284
AAOI-20261002T13390091669,AAOI,2026-10-02,2026-10-02T09:40:26.115040-04:00,108.38,-0.3311
GKOS-20261002T13390437606,GKOS,2026-10-02,2026-10-02T09:40:26.115040-04:00,167.075,-0.6038
CCL-20261002T13370220091,CCL,2026-10-02,2026-10-02T09:40:29.614941-04:00,25.5748,-0.4373
P-20261002T13370224145,P,2026-10-02,2026-10-02T09:40:29.614941-04:00,138.89,-0.0288
KLAC-20261002T13370563556,KLAC,2026-10-02,2026-10-02T09:40:29.614941-04:00,205.7,0.1407
GME-20261002T13370567360,GME,2026-10-02,2026-10-02T09:40:29.614941-04:00,24.443,0.0538
COHR-20261002T13370919530,COHR,2026-10-02,2026-10-02T09:40:29.614941-04:00,322.05,-0.1296
PBF-20261002T13370936500,PBF,2026-10-02,2026-10-02T09:40:29.614941-04:00,82.375,0.1276
BE-20261002T13382679947,BE,2026-10-02,2026-10-02T09:40:29.614941-04:00,294.6401,-0.382
AAOI-20261002T13390091669,AAOI,2026-10-02,2026-10-02T09:40:29.614941-04:00,108.4,-0.3127
GKOS-20261002T13390437606,GKOS,2026-10-02,2026-10-02T09:40:29.614941-04:00,167.3543,-0.4377
CCL-20261002T13370220091,CCL,2026-10-02,2026-10-02T09:40:33.010943-04:00,25.57,-0.456
P-20261002T13370224145,P,2026-10-02,2026-10-02T09:40:33.010943-04:00,139.07,0.1008
KLAC-20261002T13370563556,KLAC,2026-10-02,2026-10-02T09:40:33.010943-04:00,205.665,0.1237
GME-20261002T13370567360,GME,2026-10-02,2026-10-02T09:40:33.010943-04:00,24.443,0.0538
COHR-20261002T13370919530,COHR,2026-10-02,2026-10-02T09:40:33.010943-04:00,322.19,-0.0862
PBF-20261002T13370936500,PBF,2026-10-02,2026-10-02T09:40:33.010943-04:00,82.1627,-0.1304
BE-20261002T13382679947,BE,2026-10-02,2026-10-02T09:40:33.010943-04:00,294.3669,-0.4744
AAOI-20261002T13390091669,AAOI,2026-10-02,2026-10-02T09:40:33.010943-04:00,108.375,-0.3357
GKOS-20261002T13390437606,GKOS,2026-10-02,2026-10-02T09:40:33.010943-04:00,166.96,-0.6723
CCL-20261002T13370220091,CCL,2026-10-02,2026-10-02T09:40:36.362242-04:00,25.57,-0.456
P-20261002T13370224145,P,2026-10-02,2026-10-02T09:40:36.362242-04:00,138.965,0.0252
KLAC-20261002T13370563556,KLAC,2026-10-02,2026-10-02T09:40:36.362242-04:00,206.03,0.3013
GME-20261002T13370567360,GME,2026-10-02,2026-10-02T09:40:36.362242-04:00,24.38,-0.2041
COHR-20261002T13370919530,COHR,2026-10-02,2026-10-02T09:40:36.362242-04:00,321.945,-0.1622
PBF-20261002T13370936500,PBF,2026-10-02,2026-10-02T09:40:36.362242-04:00,82.0476,-0.2703
BE-20261002T13382679947,BE,2026-10-02,2026-10-02T09:40:36.362242-04:00,294.8451,-0.3127
AAOI-20261002T13390091669,AAOI,2026-10-02,2026-10-02T09:40:36.362242-04:00,108.37,-0.3403
GKOS-20261002T13390437606,GKOS,2026-10-02,2026-10-02T09:40:36.362242-04:00,166.96,-0.6723
CCL-20261002T13370220091,CCL,2026-10-02,2026-10-02T09:40:39.791304-04:00,25.57,-0.456
P-20261002T13370224145,P,2026-10-02,2026-10-02T09:40:39.791304-04:00,138.965,0.0252
KLAC-20261002T13370563556,KLAC,2026-10-02,2026-10-02T09:40:39.791304-04:00,206.26,0.4133
GME-20261002T13370567360,GME,2026-10-02,2026-10-02T09:40:39.791304-04:00,24.38,-0.2041
COHR-20261002T13370919530,COHR,2026-10-02,2026-10-02T09:40:39.791304-04:00,321.8691,-0.1857
PBF-20261002T13370936500,PBF,2026-10-02,2026-10-02T09:40:39.791304-04:00,82.37,0.1216
BE-20261002T13382679947,BE,2026-10-02,2026-10-02T09:40:39.791304-04:00,294.62,-0.3888
AAOI-20261002T13390091669,AAOI,2026-10-02,2026-10-02T09:40:39.791304-04:00,108.49,-0.2299
GKOS-20261002T13390437606,GKOS,2026-10-02,2026-10-02T09:40:39.791304-04:00,166.96,-0.6723
CCL-20261002T13370220091,CCL,2026-10-02,2026-10-02T09:40:43.396808-04:00,25.5733,-0.4431
P-20261002T13370224145,P,2026-10-02,2026-10-02T09:40:43.396808-04:00,138.965,0.0252
KLAC-20261002T13370563556,KLAC,2026-10-02,2026-10-02T09:40:43.396808-04:00,206.29,0.4279
GME-20261002T13370567360,GME,2026-10-02,2026-10-02T09:40:43.396808-04:00,24.381,-0.2
COHR-20261002T13370919530,COHR,2026-10-02,2026-10-02T09:40:43.396808-04:00,322.91,0.1371
PBF-20261002T13370936500,PBF,2026-10-02,2026-10-02T09:40:43.396808-04:00,82.4474,0.2156
BE-20261002T13382679947,BE,2026-10-02,2026-10-02T09:40:43.396808-04:00,295.23,-0.1826
AAOI-20261002T13390091669,AAOI,2026-10-02,2026-10-02T09:40:43.396808-04:00,108.25,-0.4506
GKOS-20261002T13390437606,GKOS,2026-10-02,2026-10-02T09:40:43.396808-04:00,166.965,-0.6693
CCL-20261002T13370220091,CCL,2026-10-02,2026-10-02T09:40:46.683212-04:00,25.578,-0.4248
P-20261002T13370224145,P,2026-10-02,2026-10-02T09:40:46.683212-04:00,139.11,0.1296
KLAC-20261002T13370563556,KLAC,2026-10-02,2026-10-02T09:40:46.683212-04:00,206.3061,0.4358
GME-20261002T13370567360,GME,2026-10-02,2026-10-02T09:40:46.683212-04:00,24.375,-0.2246
COHR-20261002T13370919530,COHR,2026-10-02,2026-10-02T09:40:46.683212-04:00,322.595,0.0394
PBF-20261002T13370936500,PBF,2026-10-02,2026-10-02T09:40:46.683212-04:00,82.4,0.158
BE-20261002T13382679947,BE,2026-10-02,2026-10-02T09:40:46.683212-04:00,295.104,-0.2252
AAOI-20261002T13390091669,AAOI,2026-10-02,2026-10-02T09:40:46.683212-04:00,108.56,-0.1655
GKOS-20261002T13390437606,GKOS,2026-10-02,2026-10-02T09:40:46.683212-04:00,166.58,-0.8983
CCL-20261002T13370220091,CCL,2026-10-02,2026-10-02T09:40:50.054793-04:00,25.575,-0.4365
P-20261002T13370224145,P,2026-10-02,2026-10-02T09:40:50.054793-04:00,138.6496,-0.2018
KLAC-20261002T13370563556,KLAC,2026-10-02,2026-10-02T09:40:50.054793-04:00,206.0975,0.3342
GME-20261002T13370567360,GME,2026-10-02,2026-10-02T09:40:50.054793-04:00,24.385,-0.1837
COHR-20261002T13370919530,COHR,2026-10-02,2026-10-02T09:40:50.054793-04:00,322.46,-0.0025
PBF-20261002T13370936500,PBF,2026-10-02,2026-10-02T09:40:50.054793-04:00,82.33,0.0729
BE-20261002T13382679947,BE,2026-10-02,2026-10-02T09:40:50.054793-04:00,295.25,-0.1758
AAOI-20261002T13390091669,AAOI,2026-10-02,2026-10-02T09:40:50.054793-04:00,108.49,-0.2299
GKOS-20261002T13390437606,GKOS,2026-10-02,2026-10-02T09:40:50.054793-04:00,166.06,-1.2077
CCL-20261002T13370220091,CCL,2026-10-02,2026-10-02T09:40:53.438807-04:00,25.5674,-0.4661
P-20261002T13370224145,P,2026-10-02,2026-10-02T09:40:53.438807-04:00,139.16,0.1656
KLAC-20261002T13370563556,KLAC,2026-10-02,2026-10-02T09:40:53.438807-04:00,206.16,0.3646
GME-20261002T13370567360,GME,2026-10-02,2026-10-02T09:40:53.438807-04:00,24.37,-0.2451
COHR-20261002T13370919530,COHR,2026-10-02,2026-10-02T09:40:53.438807-04:00,322.69,0.0688
PBF-20261002T13370936500,PBF,2026-10-02,2026-10-02T09:40:53.438807-04:00,82.33,0.0729
BE-20261002T13382679947,BE,2026-10-02,2026-10-02T09:40:53.438807-04:00,295.57,-0.0676
AAOI-20261002T13390091669,AAOI,2026-10-02,2026-10-02T09:40:53.438807-04:00,108.51,-0.2115
GKOS-20261002T13390437606,GKOS,2026-10-02,2026-10-02T09:40:53.438807-04:00,166.06,-1.2077
CCL-20261002T13370220091,CCL,2026-10-02,2026-10-02T09:40:56.794415-04:00,25.554,-0.5183
P-20261002T13370224145,P,2026-10-02,2026-10-02T09:40:56.794415-04:00,139.19,0.1871
KLAC-20261002T13370563556,KLAC,2026-10-02,2026-10-02T09:40:56.794415-04:00,206.128,0.3491
GME-20261002T13370567360,GME,2026-10-02,2026-10-02T09:40:56.794415-04:00,24.3755,-0.2225
COHR-20261002T13370919530,COHR,2026-10-02,2026-10-02T09:40:56.794415-04:00,322.85,0.1185
PBF-20261002T13370936500,PBF,2026-10-02,2026-10-02T09:40:56.794415-04:00,82.305,0.0425
BE-20261002T13382679947,BE,2026-10-02,2026-10-02T09:40:56.794415-04:00,295.7088,-0.0207
AAOI-20261002T13390091669,AAOI,2026-10-02,2026-10-02T09:40:56.794415-04:00,108.46,-0.2575
GKOS-20261002T13390437606,GKOS,2026-10-02,2026-10-02T09:40:56.794415-04:00,166.1,-1.1839
CCL-20261002T13370220091,CCL,2026-10-02,2026-10-02T09:41:00.123190-04:00,25.565,-0.4754
P-20261002T13370224145,P,2026-10-02,2026-10-02T09:41:00.123190-04:00,139.12,0.1368
KLAC-20261002T13370563556,KLAC,2026-10-02,2026-10-02T09:41:00.123190-04:00,206.21,0.389
GME-20261002T13370567360,GME,2026-10-02,2026-10-02T09:41:00.123190-04:00,24.36,-0.286
COHR-20261002T13370919530,COHR,2026-10-02,2026-10-02T09:41:00.123190-04:00,322.297,-0.053
PBF-20261002T13370936500,PBF,2026-10-02,2026-10-02T09:41:00.123190-04:00,82.4,0.158
BE-20261002T13382679947,BE,2026-10-02,2026-10-02T09:41:00.123190-04:00,295.36,-0.1386
AAOI-20261002T13390091669,AAOI,2026-10-02,2026-10-02T09:41:00.123190-04:00,108.42,-0.2943
GKOS-20261002T13390437606,GKOS,2026-10-02,2026-10-02T09:41:00.123190-04:00,166.1,-1.1839
CCL-20261002T13370220091,CCL,2026-10-02,2026-10-02T09:41:03.696197-04:00,25.5833,-0.4042
P-20261002T13370224145,P,2026-10-02,2026-10-02T09:41:03.696197-04:00,138.79,-0.1008
KLAC-20261002T13370563556,KLAC,2026-10-02,2026-10-02T09:41:03.696197-04:00,205.4473,0.0177
GME-20261002T13370567360,GME,2026-10-02,2026-10-02T09:41:03.696197-04:00,24.36,-0.286
COHR-20261002T13370919530,COHR,2026-10-02,2026-10-02T09:41:03.696197-04:00,322.32,-0.0459
PBF-20261002T13370936500,PBF,2026-10-02,2026-10-02T09:41:03.696197-04:00,82.0838,-0.2263
BE-20261002T13382679947,BE,2026-10-02,2026-10-02T09:41:03.696197-04:00,295.2124,-0.1885
CCL-20261002T13370220091,CCL,2026-10-02,2026-10-02T09:41:07.061797-04:00,25.4988,-0.7331
P-20261002T13370224145,P,2026-10-02,2026-10-02T09:41:07.061797-04:00,138.99,0.0432
KLAC-20261002T13370563556,KLAC,2026-10-02,2026-10-02T09:41:07.061797-04:00,206.06,0.316
GME-20261002T13370567360,GME,2026-10-02,2026-10-02T09:41:07.061797-04:00,24.36,-0.286
COHR-20261002T13370919530,COHR,2026-10-02,2026-10-02T09:41:07.061797-04:00,322.165,-0.094
PBF-20261002T13370936500,PBF,2026-10-02,2026-10-02T09:41:07.061797-04:00,82.41,0.1702
BE-20261002T13382679947,BE,2026-10-02,2026-10-02T09:41:07.061797-04:00,295.38,-0.1319
CCL-20261002T13370220091,CCL,2026-10-02,2026-10-02T09:41:10.453883-04:00,25.57,-0.456
P-20261002T13370224145,P,2026-10-02,2026-10-02T09:41:10.453883-04:00,139.0,0.0504
KLAC-20261002T13370563556,KLAC,2026-10-02,2026-10-02T09:41:10.453883-04:00,206.168,0.3685
GME-20261002T13370567360,GME,2026-10-02,2026-10-02T09:41:10.453883-04:00,24.36,-0.286
COHR-20261002T13370919530,COHR,2026-10-02,2026-10-02T09:41:10.453883-04:00,322.91,0.1371
PBF-20261002T13370936500,PBF,2026-10-02,2026-10-02T09:41:10.453883-04:00,82.48,0.2553
BE-20261002T13382679947,BE,2026-10-02,2026-10-02T09:41:10.453883-04:00,295.285,-0.164
CCL-20261002T13370220091,CCL,2026-10-02,2026-10-02T09:41:13.712706-04:00,25.5528,-0.5229
P-20261002T13370224145,P,2026-10-02,2026-10-02T09:41:13.712706-04:00,139.0,0.0504
KLAC-20261002T13370563556,KLAC,2026-10-02,2026-10-02T09:41:13.712706-04:00,206.2,0.3841
GME-20261002T13370567360,GME,2026-10-02,2026-10-02T09:41:13.712706-04:00,24.36,-0.286
COHR-20261002T13370919530,COHR,2026-10-02,2026-10-02T09:41:13.712706-04:00,322.585,0.0363
PBF-20261002T13370936500,PBF,2026-10-02,2026-10-02T09:41:13.712706-04:00,82.36,0.1094
BE-20261002T13382679947,BE,2026-10-02,2026-10-02T09:41:13.712706-04:00,294.8,-0.328
CCL-20261002T13370220091,CCL,2026-10-02,2026-10-02T09:41:16.970870-04:00,25.56,-0.4949
P-20261002T13370224145,P,2026-10-02,2026-10-02T09:41:16.970870-04:00,139.0,0.0504
KLAC-20261002T13370563556,KLAC,2026-10-02,2026-10-02T09:41:16.970870-04:00,206.225,0.3963
GME-20261002T13370567360,GME,2026-10-02,2026-10-02T09:41:16.970870-04:00,24.404,-0.1059
COHR-20261002T13370919530,COHR,2026-10-02,2026-10-02T09:41:16.970870-04:00,322.77,0.0937
PBF-20261002T13370936500,PBF,2026-10-02,2026-10-02T09:41:16.970870-04:00,82.36,0.1094
BE-20261002T13382679947,BE,2026-10-02,2026-10-02T09:41:16.970870-04:00,295.18,-0.1995
CCL-20261002T13370220091,CCL,2026-10-02,2026-10-02T09:41:20.300853-04:00,25.565,-0.4754
P-20261002T13370224145,P,2026-10-02,2026-10-02T09:41:20.300853-04:00,139.03,0.072
KLAC-20261002T13370563556,KLAC,2026-10-02,2026-10-02T09:41:20.300853-04:00,206.235,0.4011
GME-20261002T13370567360,GME,2026-10-02,2026-10-02T09:41:20.300853-04:00,24.36,-0.286
COHR-20261002T13370919530,COHR,2026-10-02,2026-10-02T09:41:20.300853-04:00,322.8995,0.1338
PBF-20261002T13370936500,PBF,2026-10-02,2026-10-02T09:41:20.300853-04:00,82.2912,0.0258
BE-20261002T13382679947,BE,2026-10-02,2026-10-02T09:41:20.300853-04:00,294.8384,-0.315
CCL-20261002T13370220091,CCL,2026-10-02,2026-10-02T09:41:23.584231-04:00,25.5718,-0.449
P-20261002T13370224145,P,2026-10-02,2026-10-02T09:41:23.584231-04:00,139.025,0.0684
KLAC-20261002T13370563556,KLAC,2026-10-02,2026-10-02T09:41:23.584231-04:00,206.1696,0.3693
GME-20261002T13370567360,GME,2026-10-02,2026-10-02T09:41:23.584231-04:00,24.36,-0.286
COHR-20261002T13370919530,COHR,2026-10-02,2026-10-02T09:41:23.584231-04:00,322.305,-0.0505
PBF-20261002T13370936500,PBF,2026-10-02,2026-10-02T09:41:23.584231-04:00,82.48,0.2553
BE-20261002T13382679947,BE,2026-10-02,2026-10-02T09:41:23.584231-04:00,294.52,-0.4226
CCL-20261002T13370220091,CCL,2026-10-02,2026-10-02T09:41:26.945941-04:00,25.5951,-0.3583
P-20261002T13370224145,P,2026-10-02,2026-10-02T09:41:26.945941-04:00,138.6745,-0.1839
KLAC-20261002T13370563556,KLAC,2026-10-02,2026-10-02T09:41:26.945941-04:00,205.95,0.2624
GME-20261002T13370567360,GME,2026-10-02,2026-10-02T09:41:26.945941-04:00,24.36,-0.286
COHR-20261002T13370919530,COHR,2026-10-02,2026-10-02T09:41:26.945941-04:00,322.99,0.1619
PBF-20261002T13370936500,PBF,2026-10-02,2026-10-02T09:41:26.945941-04:00,82.41,0.1702
BE-20261002T13382679947,BE,2026-10-02,2026-10-02T09:41:26.945941-04:00,294.62,-0.3888
CCL-20261002T13370220091,CCL,2026-10-02,2026-10-02T09:41:30.426057-04:00,25.5802,-0.4163
P-20261002T13370224145,P,2026-10-02,2026-10-02T09:41:30.426057-04:00,139.025,0.0684
KLAC-20261002T13370563556,KLAC,2026-10-02,2026-10-02T09:41:30.426057-04:00,206.0,0.2867
GME-20261002T13370567360,GME,2026-10-02,2026-10-02T09:41:30.426057-04:00,24.3545,-0.3085
COHR-20261002T13370919530,COHR,2026-10-02,2026-10-02T09:41:30.426057-04:00,322.835,0.1138
PBF-20261002T13370936500,PBF,2026-10-02,2026-10-02T09:41:30.426057-04:00,82.44,0.2066
BE-20261002T13382679947,BE,2026-10-02,2026-10-02T09:41:30.426057-04:00,294.5405,-0.4157
CCL-20261002T13370220091,CCL,2026-10-02,2026-10-02T09:41:34.042945-04:00,25.5751,-0.4361
P-20261002T13370224145,P,2026-10-02,2026-10-02T09:41:34.042945-04:00,138.9953,0.047
KLAC-20261002T13370563556,KLAC,2026-10-02,2026-10-02T09:41:34.042945-04:00,206.078,0.3247
GME-20261002T13370567360,GME,2026-10-02,2026-10-02T09:41:34.042945-04:00,24.37,-0.2451
COHR-20261002T13370919530,COHR,2026-10-02,2026-10-02T09:41:34.042945-04:00,323.0,0.165
PBF-20261002T13370936500,PBF,2026-10-02,2026-10-02T09:41:34.042945-04:00,82.461,0.2322
BE-20261002T13382679947,BE,2026-10-02,2026-10-02T09:41:34.042945-04:00,294.62,-0.3888
CCL-20261002T13370220091,CCL,2026-10-02,2026-10-02T09:41:37.439137-04:00,25.57,-0.456
P-20261002T13370224145,P,2026-10-02,2026-10-02T09:41:37.439137-04:00,138.7812,-0.1071
KLAC-20261002T13370563556,KLAC,2026-10-02,2026-10-02T09:41:37.439137-04:00,206.1,0.3354
GME-20261002T13370567360,GME,2026-10-02,2026-10-02T09:41:37.439137-04:00,24.4,-0.1223
COHR-20261002T13370919530,COHR,2026-10-02,2026-10-02T09:41:37.439137-04:00,323.1,0.196
PBF-20261002T13370936500,PBF,2026-10-02,2026-10-02T09:41:37.439137-04:00,82.461,0.2322
BE-20261002T13382679947,BE,2026-10-02,2026-10-02T09:41:37.439137-04:00,295.0,-0.2603
CCL-20261002T13370220091,CCL,2026-10-02,2026-10-02T09:41:40.774098-04:00,25.585,-0.3976
P-20261002T13370224145,P,2026-10-02,2026-10-02T09:41:40.774098-04:00,138.905,-0.018
KLAC-20261002T13370563556,KLAC,2026-10-02,2026-10-02T09:41:40.774098-04:00,206.09,0.3306
GME-20261002T13370567360,GME,2026-10-02,2026-10-02T09:41:40.774098-04:00,24.3999,-0.1227
COHR-20261002T13370919530,COHR,2026-10-02,2026-10-02T09:41:40.774098-04:00,322.8,0.103
PBF-20261002T13370936500,PBF,2026-10-02,2026-10-02T09:41:40.774098-04:00,82.4586,0.2292
BE-20261002T13382679947,BE,2026-10-02,2026-10-02T09:41:40.774098-04:00,295.5007,-0.0911
CCL-20261002T13370220091,CCL,2026-10-02,2026-10-02T09:41:44.193593-04:00,25.588,-0.3859
P-20261002T13370224145,P,2026-10-02,2026-10-02T09:41:44.193593-04:00,139.13,0.144
KLAC-20261002T13370563556,KLAC,2026-10-02,2026-10-02T09:41:44.193593-04:00,205.9384,0.2568
GME-20261002T13370567360,GME,2026-10-02,2026-10-02T09:41:44.193593-04:00,24.3955,-0.1407
COHR-20261002T13370919530,COHR,2026-10-02,2026-10-02T09:41:44.193593-04:00,322.79,0.0999
PBF-20261002T13370936500,PBF,2026-10-02,2026-10-02T09:41:44.193593-04:00,82.375,0.1276
BE-20261002T13382679947,BE,2026-10-02,2026-10-02T09:41:44.193593-04:00,294.77,-0.3381
CCL-20261002T13370220091,CCL,2026-10-02,2026-10-02T09:41:47.542751-04:00,25.5854,-0.396
P-20261002T13370224145,P,2026-10-02,2026-10-02T09:41:47.542751-04:00,138.46,-0.3383
KLAC-20261002T13370563556,KLAC,2026-10-02,2026-10-02T09:41:47.542751-04:00,205.9,0.2381
GME-20261002T13370567360,GME,2026-10-02,2026-10-02T09:41:47.542751-04:00,24.39,-0.1632
COHR-20261002T13370919530,COHR,2026-10-02,2026-10-02T09:41:47.542751-04:00,322.525,0.0177
PBF-20261002T13370936500,PBF,2026-10-02,2026-10-02T09:41:47.542751-04:00,82.2898,0.0241
BE-20261002T13382679947,BE,2026-10-02,2026-10-02T09:41:47.542751-04:00,295.0,-0.2603
CCL-20261002T13370220091,CCL,2026-10-02,2026-10-02T09:41:50.886102-04:00,25.5818,-0.41
P-20261002T13370224145,P,2026-10-02,2026-10-02T09:41:50.886102-04:00,138.814,-0.0835
KLAC-20261002T13370563556,KLAC,2026-10-02,2026-10-02T09:41:50.886102-04:00,205.88,0.2283
GME-20261002T13370567360,GME,2026-10-02,2026-10-02T09:41:50.886102-04:00,24.39,-0.1632
COHR-20261002T13370919530,COHR,2026-10-02,2026-10-02T09:41:50.886102-04:00,322.458,-0.0031
PBF-20261002T13370936500,PBF,2026-10-02,2026-10-02T09:41:50.886102-04:00,82.375,0.1276
BE-20261002T13382679947,BE,2026-10-02,2026-10-02T09:41:50.886102-04:00,294.88,-0.3009
CCL-20261002T13370220091,CCL,2026-10-02,2026-10-02T09:41:54.194915-04:00,25.565,-0.4754
P-20261002T13370224145,P,2026-10-02,2026-10-02T09:41:54.194915-04:00,138.715,-0.1548
KLAC-20261002T13370563556,KLAC,2026-10-02,2026-10-02T09:41:54.194915-04:00,205.895,0.2356
GME-20261002T13370567360,GME,2026-10-02,2026-10-02T09:41:54.194915-04:00,24.39,-0.1632
COHR-20261002T13370919530,COHR,2026-10-02,2026-10-02T09:41:54.194915-04:00,322.53,0.0192
PBF-20261002T13370936500,PBF,2026-10-02,2026-10-02T09:41:54.194915-04:00,82.4183,0.1803
BE-20261002T13382679947,BE,2026-10-02,2026-10-02T09:41:54.194915-04:00,294.665,-0.3736
CCL-20261002T13370220091,CCL,2026-10-02,2026-10-02T09:41:57.525147-04:00,25.515,-0.6701
P-20261002T13370224145,P,2026-10-02,2026-10-02T09:41:57.525147-04:00,138.865,-0.0468
KLAC-20261002T13370563556,KLAC,2026-10-02,2026-10-02T09:41:57.525147-04:00,206.06,0.316
GME-20261002T13370567360,GME,2026-10-02,2026-10-02T09:41:57.525147-04:00,24.37,-0.2451
COHR-20261002T13370919530,COHR,2026-10-02,2026-10-02T09:41:57.525147-04:00,322.705,0.0735
PBF-20261002T13370936500,PBF,2026-10-02,2026-10-02T09:41:57.525147-04:00,82.5,0.2796
BE-20261002T13382679947,BE,2026-10-02,2026-10-02T09:41:57.525147-04:00,294.96,-0.2739
CCL-20261002T13370220091,CCL,2026-10-02,2026-10-02T09:42:00.853562-04:00,25.525,-0.6312
P-20261002T13370224145,P,2026-10-02,2026-10-02T09:42:00.853562-04:00,139.11,0.1296
KLAC-20261002T13370563556,KLAC,2026-10-02,2026-10-02T09:42:00.853562-04:00,206.29,0.4279
GME-20261002T13370567360,GME,2026-10-02,2026-10-02T09:42:00.853562-04:00,24.375,-0.2246
COHR-20261002T13370919530,COHR,2026-10-02,2026-10-02T09:42:00.853562-04:00,322.8125,0.1068
PBF-20261002T13370936500,PBF,2026-10-02,2026-10-02T09:42:00.853562-04:00,82.35,0.0972
BE-20261002T13382679947,BE,2026-10-02,2026-10-02T09:42:00.853562-04:00,294.68,-0.3685
CCL-20261002T13370220091,CCL,2026-10-02,2026-10-02T09:42:04.129379-04:00,25.54,-0.5728
P-20261002T13370224145,P,2026-10-02,2026-10-02T09:42:04.129379-04:00,139.11,0.1296
KLAC-20261002T13370563556,KLAC,2026-10-02,2026-10-02T09:42:04.129379-04:00,206.14,0.3549
GME-20261002T13370567360,GME,2026-10-02,2026-10-02T09:42:04.129379-04:00,24.375,-0.2246
COHR-20261002T13370919530,COHR,2026-10-02,2026-10-02T09:42:04.129379-04:00,322.27,-0.0614
PBF-20261002T13370936500,PBF,2026-10-02,2026-10-02T09:42:04.129379-04:00,82.1128,-0.1911
BE-20261002T13382679947,BE,2026-10-02,2026-10-02T09:42:04.129379-04:00,294.73,-0.3516
CCL-20261002T13370220091,CCL,2026-10-02,2026-10-02T09:42:07.520361-04:00,25.555,-0.5144
P-20261002T13370224145,P,2026-10-02,2026-10-02T09:42:07.520361-04:00,138.8176,-0.0809
KLAC-20261002T13370563556,KLAC,2026-10-02,2026-10-02T09:42:07.520361-04:00,206.26,0.4133
GME-20261002T13370567360,GME,2026-10-02,2026-10-02T09:42:07.520361-04:00,24.375,-0.2246
COHR-20261002T13370919530,COHR,2026-10-02,2026-10-02T09:42:07.520361-04:00,322.3795,-0.0274
PBF-20261002T13370936500,PBF,2026-10-02,2026-10-02T09:42:07.520361-04:00,82.1128,-0.1911
BE-20261002T13382679947,BE,2026-10-02,2026-10-02T09:42:07.520361-04:00,294.76,-0.3415
CCL-20261002T13370220091,CCL,2026-10-02,2026-10-02T09:42:10.790383-04:00,25.545,-0.5533
P-20261002T13370224145,P,2026-10-02,2026-10-02T09:42:10.790383-04:00,138.6941,-0.1698
KLAC-20261002T13370563556,KLAC,2026-10-02,2026-10-02T09:42:10.790383-04:00,206.12,0.3452
GME-20261002T13370567360,GME,2026-10-02,2026-10-02T09:42:10.790383-04:00,24.3807,-0.2013
COHR-20261002T13370919530,COHR,2026-10-02,2026-10-02T09:42:10.790383-04:00,322.45,-0.0056
PBF-20261002T13370936500,PBF,2026-10-02,2026-10-02T09:42:10.790383-04:00,82.2689,-0.0013
BE-20261002T13382679947,BE,2026-10-02,2026-10-02T09:42:10.790383-04:00,294.77,-0.3381
CCL-20261002T13370220091,CCL,2026-10-02,2026-10-02T09:42:14.068784-04:00,25.545,-0.5533
P-20261002T13370224145,P,2026-10-02,2026-10-02T09:42:14.068784-04:00,139.05,0.0864
KLAC-20261002T13370563556,KLAC,2026-10-02,2026-10-02T09:42:14.068784-04:00,206.11,0.3403
GME-20261002T13370567360,GME,2026-10-02,2026-10-02T09:42:14.068784-04:00,24.38,-0.2041
COHR-20261002T13370919530,COHR,2026-10-02,2026-10-02T09:42:14.068784-04:00,322.725,0.0797
PBF-20261002T13370936500,PBF,2026-10-02,2026-10-02T09:42:14.068784-04:00,82.52,0.3039
BE-20261002T13382679947,BE,2026-10-02,2026-10-02T09:42:14.068784-04:00,295.849,0.0267
CCL-20261002T13370220091,CCL,2026-10-02,2026-10-02T09:42:17.335954-04:00,25.5402,-0.572
P-20261002T13370224145,P,2026-10-02,2026-10-02T09:42:17.335954-04:00,139.14,0.1512
KLAC-20261002T13370563556,KLAC,2026-10-02,2026-10-02T09:42:17.335954-04:00,206.15,0.3598
GME-20261002T13370567360,GME,2026-10-02,2026-10-02T09:42:17.335954-04:00,24.37,-0.2451
COHR-20261002T13370919530,COHR,2026-10-02,2026-10-02T09:42:17.335954-04:00,322.5,0.0099
PBF-20261002T13370936500,PBF,2026-10-02,2026-10-02T09:42:17.335954-04:00,82.5118,0.2939
BE-20261002T13382679947,BE,2026-10-02,2026-10-02T09:42:17.335954-04:00,296.43,0.2231
CCL-20261002T13370220091,CCL,2026-10-02,2026-10-02T09:42:20.591015-04:00,25.545,-0.5533
P-20261002T13370224145,P,2026-10-02,2026-10-02T09:42:20.591015-04:00,138.86,-0.0504
KLAC-20261002T13370563556,KLAC,2026-10-02,2026-10-02T09:42:20.591015-04:00,206.18,0.3744
GME-20261002T13370567360,GME,2026-10-02,2026-10-02T09:42:20.591015-04:00,24.37,-0.2451
COHR-20261002T13370919530,COHR,2026-10-02,2026-10-02T09:42:20.591015-04:00,322.75,0.0875
PBF-20261002T13370936500,PBF,2026-10-02,2026-10-02T09:42:20.591015-04:00,82.46,0.2309
BE-20261002T13382679947,BE,2026-10-02,2026-10-02T09:42:20.591015-04:00,296.57,0.2705
CCL-20261002T13370220091,CCL,2026-10-02,2026-10-02T09:42:23.910136-04:00,25.525,-0.6312
P-20261002T13370224145,P,2026-10-02,2026-10-02T09:42:23.910136-04:00,138.8238,-0.0764
KLAC-20261002T13370563556,KLAC,2026-10-02,2026-10-02T09:42:23.910136-04:00,206.155,0.3622
GME-20261002T13370567360,GME,2026-10-02,2026-10-02T09:42:23.910136-04:00,24.373,-0.2328
COHR-20261002T13370919530,COHR,2026-10-02,2026-10-02T09:42:23.910136-04:00,322.75,0.0875
PBF-20261002T13370936500,PBF,2026-10-02,2026-10-02T09:42:23.910136-04:00,82.59,0.389
BE-20261002T13382679947,BE,2026-10-02,2026-10-02T09:42:23.910136-04:00,296.445,0.2282
CCL-20261002T13370220091,CCL,2026-10-02,2026-10-02T09:42:27.170868-04:00,25.525,-0.6312
P-20261002T13370224145,P,2026-10-02,2026-10-02T09:42:27.170868-04:00,139.035,0.0756
KLAC-20261002T13370563556,KLAC,2026-10-02,2026-10-02T09:42:27.170868-04:00,205.8545,0.2159
GME-20261002T13370567360,GME,2026-10-02,2026-10-02T09:42:27.170868-04:00,24.38,-0.2041
COHR-20261002T13370919530,COHR,2026-10-02,2026-10-02T09:42:27.170868-04:00,323.04,0.1774
PBF-20261002T13370936500,PBF,2026-10-02,2026-10-02T09:42:27.170868-04:00,82.59,0.389
BE-20261002T13382679947,BE,2026-10-02,2026-10-02T09:42:27.170868-04:00,296.005,0.0795
CCL-20261002T13370220091,CCL,2026-10-02,2026-10-02T09:42:30.389218-04:00,25.54,-0.5728
P-20261002T13370224145,P,2026-10-02,2026-10-02T09:42:30.389218-04:00,139.035,0.0756
KLAC-20261002T13370563556,KLAC,2026-10-02,2026-10-02T09:42:30.389218-04:00,206.26,0.4133
GME-20261002T13370567360,GME,2026-10-02,2026-10-02T09:42:30.389218-04:00,24.36,-0.286
COHR-20261002T13370919530,COHR,2026-10-02,2026-10-02T09:42:30.389218-04:00,323.09,0.1929
PBF-20261002T13370936500,PBF,2026-10-02,2026-10-02T09:42:30.389218-04:00,82.6,0.4011
BE-20261002T13382679947,BE,2026-10-02,2026-10-02T09:42:30.389218-04:00,296.285,0.1741
CCL-20261002T13370220091,CCL,2026-10-02,2026-10-02T09:42:33.659935-04:00,25.535,-0.5922
P-20261002T13370224145,P,2026-10-02,2026-10-02T09:42:33.659935-04:00,138.785,-0.1044
KLAC-20261002T13370563556,KLAC,2026-10-02,2026-10-02T09:42:33.659935-04:00,206.03,0.3013
GME-20261002T13370567360,GME,2026-10-02,2026-10-02T09:42:33.659935-04:00,24.3627,-0.2749
COHR-20261002T13370919530,COHR,2026-10-02,2026-10-02T09:42:33.659935-04:00,322.9801,0.1588
PBF-20261002T13370936500,PBF,2026-10-02,2026-10-02T09:42:33.659935-04:00,82.5132,0.2956
BE-20261002T13382679947,BE,2026-10-02,2026-10-02T09:42:33.659935-04:00,296.258,0.165
CCL-20261002T13370220091,CCL,2026-10-02,2026-10-02T09:42:36.946842-04:00,25.5348,-0.593
P-20261002T13370224145,P,2026-10-02,2026-10-02T09:42:36.946842-04:00,138.825,-0.0756
KLAC-20261002T13370563556,KLAC,2026-10-02,2026-10-02T09:42:36.946842-04:00,206.08,0.3257
GME-20261002T13370567360,GME,2026-10-02,2026-10-02T09:42:36.946842-04:00,24.385,-0.1837
COHR-20261002T13370919530,COHR,2026-10-02,2026-10-02T09:42:36.946842-04:00,322.51,0.013
PBF-20261002T13370936500,PBF,2026-10-02,2026-10-02T09:42:36.946842-04:00,82.55,0.3403
BE-20261002T13382679947,BE,2026-10-02,2026-10-02T09:42:36.946842-04:00,296.21,0.1488
CCL-20261002T13370220091,CCL,2026-10-02,2026-10-02T09:42:40.340906-04:00,25.5228,-0.6397
P-20261002T13370224145,P,2026-10-02,2026-10-02T09:42:40.340906-04:00,138.825,-0.0756
KLAC-20261002T13370563556,KLAC,2026-10-02,2026-10-02T09:42:40.340906-04:00,206.185,0.3768
GME-20261002T13370567360,GME,2026-10-02,2026-10-02T09:42:40.340906-04:00,24.37,-0.2451
COHR-20261002T13370919530,COHR,2026-10-02,2026-10-02T09:42:40.340906-04:00,322.745,0.0859
PBF-20261002T13370936500,PBF,2026-10-02,2026-10-02T09:42:40.340906-04:00,82.54,0.3282
BE-20261002T13382679947,BE,2026-10-02,2026-10-02T09:42:40.340906-04:00,296.31,0.1826
CCL-20261002T13370220091,CCL,2026-10-02,2026-10-02T09:42:43.702473-04:00,25.515,-0.6701
P-20261002T13370224145,P,2026-10-02,2026-10-02T09:42:43.702473-04:00,138.85,-0.0576
KLAC-20261002T13370563556,KLAC,2026-10-02,2026-10-02T09:42:43.702473-04:00,206.25,0.4084
GME-20261002T13370567360,GME,2026-10-02,2026-10-02T09:42:43.702473-04:00,24.3772,-0.2156
COHR-20261002T13370919530,COHR,2026-10-02,2026-10-02T09:42:43.702473-04:00,322.04,-0.1327
PBF-20261002T13370936500,PBF,2026-10-02,2026-10-02T09:42:43.702473-04:00,82.5204,0.3044
BE-20261002T13382679947,BE,2026-10-02,2026-10-02T09:42:43.702473-04:00,296.245,0.1606
CCL-20261002T13370220091,CCL,2026-10-02,2026-10-02T09:42:47.011194-04:00,25.52,-0.6506
P-20261002T13370224145,P,2026-10-02,2026-10-02T09:42:47.011194-04:00,138.99,0.0432
KLAC-20261002T13370563556,KLAC,2026-10-02,2026-10-02T09:42:47.011194-04:00,206.115,0.3427
GME-20261002T13370567360,GME,2026-10-02,2026-10-02T09:42:47.011194-04:00,24.37,-0.2451
COHR-20261002T13370919530,COHR,2026-10-02,2026-10-02T09:42:47.011194-04:00,322.185,-0.0878
PBF-20261002T13370936500,PBF,2026-10-02,2026-10-02T09:42:47.011194-04:00,82.5204,0.3044
BE-20261002T13382679947,BE,2026-10-02,2026-10-02T09:42:47.011194-04:00,296.545,0.262
CCL-20261002T13370220091,CCL,2026-10-02,2026-10-02T09:42:50.257551-04:00,25.51,-0.6895
P-20261002T13370224145,P,2026-10-02,2026-10-02T09:42:50.257551-04:00,139.17,0.1727
KLAC-20261002T13370563556,KLAC,2026-10-02,2026-10-02T09:42:50.257551-04:00,206.05,0.3111
GME-20261002T13370567360,GME,2026-10-02,2026-10-02T09:42:50.257551-04:00,24.37,-0.2451
COHR-20261002T13370919530,COHR,2026-10-02,2026-10-02T09:42:50.257551-04:00,322.6895,0.0687
PBF-20261002T13370936500,PBF,2026-10-02,2026-10-02T09:42:50.257551-04:00,82.52,0.3039
BE-20261002T13382679947,BE,2026-10-02,2026-10-02T09:42:50.257551-04:00,296.64,0.2941
CCL-20261002T13370220091,CCL,2026-10-02,2026-10-02T09:42:53.547552-04:00,25.515,-0.6701
P-20261002T13370224145,P,2026-10-02,2026-10-02T09:42:53.547552-04:00,139.1635,0.1681
KLAC-20261002T13370563556,KLAC,2026-10-02,2026-10-02T09:42:53.547552-04:00,206.25,0.4084
GME-20261002T13370567360,GME,2026-10-02,2026-10-02T09:42:53.547552-04:00,24.405,-0.1018
COHR-20261002T13370919530,COHR,2026-10-02,2026-10-02T09:42:53.547552-04:00,322.8,0.103
PBF-20261002T13370936500,PBF,2026-10-02,2026-10-02T09:42:53.547552-04:00,82.52,0.3039
BE-20261002T13382679947,BE,2026-10-02,2026-10-02T09:42:53.547552-04:00,296.82,0.355
CCL-20261002T13370220091,CCL,2026-10-02,2026-10-02T09:42:56.872093-04:00,25.525,-0.6312
P-20261002T13370224145,P,2026-10-02,2026-10-02T09:42:56.872093-04:00,139.145,0.1548
KLAC-20261002T13370563556,KLAC,2026-10-02,2026-10-02T09:42:56.872093-04:00,206.24,0.4036
GME-20261002T13370567360,GME,2026-10-02,2026-10-02T09:42:56.872093-04:00,24.405,-0.1018
COHR-20261002T13370919530,COHR,2026-10-02,2026-10-02T09:42:56.872093-04:00,323.0868,0.1919
PBF-20261002T13370936500,PBF,2026-10-02,2026-10-02T09:42:56.872093-04:00,82.5232,0.3078
BE-20261002T13382679947,BE,2026-10-02,2026-10-02T09:42:56.872093-04:00,296.755,0.333
CCL-20261002T13370220091,CCL,2026-10-02,2026-10-02T09:43:00.371370-04:00,25.525,-0.6312
P-20261002T13370224145,P,2026-10-02,2026-10-02T09:43:00.371370-04:00,139.135,0.1476
KLAC-20261002T13370563556,KLAC,2026-10-02,2026-10-02T09:43:00.371370-04:00,205.9037,0.2399
GME-20261002T13370567360,GME,2026-10-02,2026-10-02T09:43:00.371370-04:00,24.4081,-0.0891
COHR-20261002T13370919530,COHR,2026-10-02,2026-10-02T09:43:00.371370-04:00,322.6575,0.0588
PBF-20261002T13370936500,PBF,2026-10-02,2026-10-02T09:43:00.371370-04:00,82.575,0.3707
BE-20261002T13382679947,BE,2026-10-02,2026-10-02T09:43:00.371370-04:00,296.465,0.235
CCL-20261002T13370220091,CCL,2026-10-02,2026-10-02T09:43:03.708017-04:00,25.5761,-0.4322
P-20261002T13370224145,P,2026-10-02,2026-10-02T09:43:03.708017-04:00,139.135,0.1476
KLAC-20261002T13370563556,KLAC,2026-10-02,2026-10-02T09:43:03.708017-04:00,206.265,0.4158
GME-20261002T13370567360,GME,2026-10-02,2026-10-02T09:43:03.708017-04:00,24.4,-0.1223
COHR-20261002T13370919530,COHR,2026-10-02,2026-10-02T09:43:03.708017-04:00,323.0,0.165
PBF-20261002T13370936500,PBF,2026-10-02,2026-10-02T09:43:03.708017-04:00,82.2673,-0.0033
BE-20261002T13382679947,BE,2026-10-02,2026-10-02T09:43:03.708017-04:00,296.6,0.2806
CCL-20261002T13370220091,CCL,2026-10-02,2026-10-02T09:43:07.126555-04:00,25.53,-0.6117
P-20261002T13370224145,P,2026-10-02,2026-10-02T09:43:07.126555-04:00,139.135,0.1476
KLAC-20261002T13370563556,KLAC,2026-10-02,2026-10-02T09:43:07.126555-04:00,206.415,0.4888
GME-20261002T13370567360,GME,2026-10-02,2026-10-02T09:43:07.126555-04:00,24.39,-0.1632
COHR-20261002T13370919530,COHR,2026-10-02,2026-10-02T09:43:07.126555-04:00,323.08,0.1898
PBF-20261002T13370936500,PBF,2026-10-02,2026-10-02T09:43:07.126555-04:00,82.36,0.1094
BE-20261002T13382679947,BE,2026-10-02,2026-10-02T09:43:07.126555-04:00,296.715,0.3195
CCL-20261002T13370220091,CCL,2026-10-02,2026-10-02T09:43:10.520610-04:00,25.53,-0.6117
P-20261002T13370224145,P,2026-10-02,2026-10-02T09:43:10.520610-04:00,139.246,0.2275
KLAC-20261002T13370563556,KLAC,2026-10-02,2026-10-02T09:43:10.520610-04:00,206.46,0.5107
GME-20261002T13370567360,GME,2026-10-02,2026-10-02T09:43:10.520610-04:00,24.38,-0.2041
COHR-20261002T13370919530,COHR,2026-10-02,2026-10-02T09:43:10.520610-04:00,323.1,0.196
PBF-20261002T13370936500,PBF,2026-10-02,2026-10-02T09:43:10.520610-04:00,82.6199,0.4253
BE-20261002T13382679947,BE,2026-10-02,2026-10-02T09:43:10.520610-04:00,297.1535,0.4678
CCL-20261002T13370220091,CCL,2026-10-02,2026-10-02T09:43:13.969891-04:00,25.53,-0.6117
P-20261002T13370224145,P,2026-10-02,2026-10-02T09:43:13.969891-04:00,139.1839,0.1828
KLAC-20261002T13370563556,KLAC,2026-10-02,2026-10-02T09:43:13.969891-04:00,206.4,0.4815
GME-20261002T13370567360,GME,2026-10-02,2026-10-02T09:43:13.969891-04:00,24.395,-0.1427
COHR-20261002T13370919530,COHR,2026-10-02,2026-10-02T09:43:13.969891-04:00,323.11,0.1991
PBF-20261002T13370936500,PBF,2026-10-02,2026-10-02T09:43:13.969891-04:00,82.4507,0.2196
BE-20261002T13382679947,BE,2026-10-02,2026-10-02T09:43:13.969891-04:00,296.7696,0.338
CCL-20261002T13370220091,CCL,2026-10-02,2026-10-02T09:43:17.376373-04:00,25.53,-0.6117
P-20261002T13370224145,P,2026-10-02,2026-10-02T09:43:17.376373-04:00,139.22,0.2087
KLAC-20261002T13370563556,KLAC,2026-10-02,2026-10-02T09:43:17.376373-04:00,206.45,0.5058
GME-20261002T13370567360,GME,2026-10-02,2026-10-02T09:43:17.376373-04:00,24.42,-0.0404
COHR-20261002T13370919530,COHR,2026-10-02,2026-10-02T09:43:17.376373-04:00,323.14,0.2084
PBF-20261002T13370936500,PBF,2026-10-02,2026-10-02T09:43:17.376373-04:00,82.4505,0.2194
BE-20261002T13382679947,BE,2026-10-02,2026-10-02T09:43:17.376373-04:00,297.0,0.4159
CCL-20261002T13370220091,CCL,2026-10-02,2026-10-02T09:43:20.761834-04:00,25.5482,-0.5408
P-20261002T13370224145,P,2026-10-02,2026-10-02T09:43:20.761834-04:00,139.3119,0.2749
KLAC-20261002T13370563556,KLAC,2026-10-02,2026-10-02T09:43:20.761834-04:00,206.77,0.6616
GME-20261002T13370567360,GME,2026-10-02,2026-10-02T09:43:20.761834-04:00,24.42,-0.0404
COHR-20261002T13370919530,COHR,2026-10-02,2026-10-02T09:43:20.761834-04:00,323.805,0.4146
PBF-20261002T13370936500,PBF,2026-10-02,2026-10-02T09:43:20.761834-04:00,82.4505,0.2194
BE-20261002T13382679947,BE,2026-10-02,2026-10-02T09:43:20.761834-04:00,296.2971,0.1782
CCL-20261002T13370220091,CCL,2026-10-02,2026-10-02T09:43:24.160335-04:00,25.56,-0.4949
P-20261002T13370224145,P,2026-10-02,2026-10-02T09:43:24.160335-04:00,139.225,0.2123
KLAC-20261002T13370563556,KLAC,2026-10-02,2026-10-02T09:43:24.160335-04:00,206.85,0.7005
GME-20261002T13370567360,GME,2026-10-02,2026-10-02T09:43:24.160335-04:00,24.44,0.0415
COHR-20261002T13370919530,COHR,2026-10-02,2026-10-02T09:43:24.160335-04:00,324.3431,0.5815
PBF-20261002T13370936500,PBF,2026-10-02,2026-10-02T09:43:24.160335-04:00,82.46,0.2309
BE-20261002T13382679947,BE,2026-10-02,2026-10-02T09:43:24.160335-04:00,297.015,0.4209
CCL-20261002T13370220091,CCL,2026-10-02,2026-10-02T09:43:27.483976-04:00,25.56,-0.4949
P-20261002T13370224145,P,2026-10-02,2026-10-02T09:43:27.483976-04:00,139.225,0.2123
KLAC-20261002T13370563556,KLAC,2026-10-02,2026-10-02T09:43:27.483976-04:00,206.8,0.6762
GME-20261002T13370567360,GME,2026-10-02,2026-10-02T09:43:27.483976-04:00,24.435,0.021
COHR-20261002T13370919530,COHR,2026-10-02,2026-10-02T09:43:27.483976-04:00,324.045,0.489
PBF-20261002T13370936500,PBF,2026-10-02,2026-10-02T09:43:27.483976-04:00,82.46,0.2309
BE-20261002T13382679947,BE,2026-10-02,2026-10-02T09:43:27.483976-04:00,297.07,0.4395
CCL-20261002T13370220091,CCL,2026-10-02,2026-10-02T09:43:30.791915-04:00,25.56,-0.4949
P-20261002T13370224145,P,2026-10-02,2026-10-02T09:43:30.791915-04:00,139.315,0.2771
KLAC-20261002T13370563556,KLAC,2026-10-02,2026-10-02T09:43:30.791915-04:00,206.58,0.5691
GME-20261002T13370567360,GME,2026-10-02,2026-10-02T09:43:30.791915-04:00,24.43,0.0005
COHR-20261002T13370919530,COHR,2026-10-02,2026-10-02T09:43:30.791915-04:00,324.029,0.4841
PBF-20261002T13370936500,PBF,2026-10-02,2026-10-02T09:43:30.791915-04:00,82.46,0.2309
BE-20261002T13382679947,BE,2026-10-02,2026-10-02T09:43:30.791915-04:00,297.025,0.4243
CCL-20261002T13370220091,CCL,2026-10-02,2026-10-02T09:43:34.178968-04:00,25.56,-0.4949
P-20261002T13370224145,P,2026-10-02,2026-10-02T09:43:34.178968-04:00,139.315,0.2771
KLAC-20261002T13370563556,KLAC,2026-10-02,2026-10-02T09:43:34.178968-04:00,206.57,0.5642
GME-20261002T13370567360,GME,2026-10-02,2026-10-02T09:43:34.178968-04:00,24.44,0.0415
COHR-20261002T13370919530,COHR,2026-10-02,2026-10-02T09:43:34.178968-04:00,324.3771,0.592
PBF-20261002T13370936500,PBF,2026-10-02,2026-10-02T09:43:34.178968-04:00,82.556,0.3476
BE-20261002T13382679947,BE,2026-10-02,2026-10-02T09:43:34.178968-04:00,296.8301,0.3584
CCL-20261002T13370220091,CCL,2026-10-02,2026-10-02T09:43:37.568285-04:00,25.5618,-0.4879
P-20261002T13370224145,P,2026-10-02,2026-10-02T09:43:37.568285-04:00,139.3954,0.335
KLAC-20261002T13370563556,KLAC,2026-10-02,2026-10-02T09:43:37.568285-04:00,206.56,0.5594
GME-20261002T13370567360,GME,2026-10-02,2026-10-02T09:43:37.568285-04:00,24.44,0.0415
COHR-20261002T13370919530,COHR,2026-10-02,2026-10-02T09:43:37.568285-04:00,324.4965,0.6291
PBF-20261002T13370936500,PBF,2026-10-02,2026-10-02T09:43:37.568285-04:00,82.61,0.4133
BE-20261002T13382679947,BE,2026-10-02,2026-10-02T09:43:37.568285-04:00,296.61,0.284
CCL-20261002T13370220091,CCL,2026-10-02,2026-10-02T09:43:40.999476-04:00,25.55,-0.5338
P-20261002T13370224145,P,2026-10-02,2026-10-02T09:43:40.999476-04:00,139.4114,0.3465
KLAC-20261002T13370563556,KLAC,2026-10-02,2026-10-02T09:43:40.999476-04:00,206.275,0.4206
GME-20261002T13370567360,GME,2026-10-02,2026-10-02T09:43:40.999476-04:00,24.44,0.0415
COHR-20261002T13370919530,COHR,2026-10-02,2026-10-02T09:43:40.999476-04:00,324.14,0.5185
PBF-20261002T13370936500,PBF,2026-10-02,2026-10-02T09:43:40.999476-04:00,82.5268,0.3121
BE-20261002T13382679947,BE,2026-10-02,2026-10-02T09:43:40.999476-04:00,296.0602,0.0981
CCL-20261002T13370220091,CCL,2026-10-02,2026-10-02T09:43:44.420949-04:00,25.525,-0.6312
P-20261002T13370224145,P,2026-10-02,2026-10-02T09:43:44.420949-04:00,139.52,0.4247
KLAC-20261002T13370563556,KLAC,2026-10-02,2026-10-02T09:43:44.420949-04:00,206.4,0.4815
GME-20261002T13370567360,GME,2026-10-02,2026-10-02T09:43:44.420949-04:00,24.4276,-0.0093
COHR-20261002T13370919530,COHR,2026-10-02,2026-10-02T09:43:44.420949-04:00,324.09,0.503
PBF-20261002T13370936500,PBF,2026-10-02,2026-10-02T09:43:44.420949-04:00,82.5897,0.3886
BE-20261002T13382679947,BE,2026-10-02,2026-10-02T09:43:44.420949-04:00,296.545,0.262
CCL-20261002T13370220091,CCL,2026-10-02,2026-10-02T09:43:47.765449-04:00,25.525,-0.6312
P-20261002T13370224145,P,2026-10-02,2026-10-02T09:43:47.765449-04:00,139.4289,0.3591
KLAC-20261002T13370563556,KLAC,2026-10-02,2026-10-02T09:43:47.765449-04:00,206.57,0.5642
GME-20261002T13370567360,GME,2026-10-02,2026-10-02T09:43:47.765449-04:00,24.43,0.0005
COHR-20261002T13370919530,COHR,2026-10-02,2026-10-02T09:43:47.765449-04:00,324.22,0.5433
PBF-20261002T13370936500,PBF,2026-10-02,2026-10-02T09:43:47.765449-04:00,82.5897,0.3886
BE-20261002T13382679947,BE,2026-10-02,2026-10-02T09:43:47.765449-04:00,296.602,0.2813
CCL-20261002T13370220091,CCL,2026-10-02,2026-10-02T09:43:51.164120-04:00,25.52,-0.6506
P-20261002T13370224145,P,2026-10-02,2026-10-02T09:43:51.164120-04:00,139.415,0.3491
KLAC-20261002T13370563556,KLAC,2026-10-02,2026-10-02T09:43:51.164120-04:00,206.62,0.5886
GME-20261002T13370567360,GME,2026-10-02,2026-10-02T09:43:51.164120-04:00,24.42,-0.0404
COHR-20261002T13370919530,COHR,2026-10-02,2026-10-02T09:43:51.164120-04:00,323.9,0.4441
PBF-20261002T13370936500,PBF,2026-10-02,2026-10-02T09:43:51.164120-04:00,82.4278,0.1918
BE-20261002T13382679947,BE,2026-10-02,2026-10-02T09:43:51.164120-04:00,297.1028,0.4506
CCL-20261002T13370220091,CCL,2026-10-02,2026-10-02T09:43:54.567509-04:00,25.538,-0.5805
P-20261002T13370224145,P,2026-10-02,2026-10-02T09:43:54.567509-04:00,139.415,0.3491
KLAC-20261002T13370563556,KLAC,2026-10-02,2026-10-02T09:43:54.567509-04:00,206.635,0.5959
GME-20261002T13370567360,GME,2026-10-02,2026-10-02T09:43:54.567509-04:00,24.425,-0.0199
COHR-20261002T13370919530,COHR,2026-10-02,2026-10-02T09:43:54.567509-04:00,323.78,0.4069
PBF-20261002T13370936500,PBF,2026-10-02,2026-10-02T09:43:54.567509-04:00,82.465,0.237
BE-20261002T13382679947,BE,2026-10-02,2026-10-02T09:43:54.567509-04:00,297.06,0.4361
CCL-20261002T13370220091,CCL,2026-10-02,2026-10-02T09:43:57.979719-04:00,25.52,-0.6506
P-20261002T13370224145,P,2026-10-02,2026-10-02T09:43:57.979719-04:00,139.3936,0.3337
KLAC-20261002T13370563556,KLAC,2026-10-02,2026-10-02T09:43:57.979719-04:00,206.6,0.5788
GME-20261002T13370567360,GME,2026-10-02,2026-10-02T09:43:57.979719-04:00,24.4229,-0.0285
COHR-20261002T13370919530,COHR,2026-10-02,2026-10-02T09:43:57.979719-04:00,324.326,0.5762
PBF-20261002T13370936500,PBF,2026-10-02,2026-10-02T09:43:57.979719-04:00,82.465,0.237
BE-20261002T13382679947,BE,2026-10-02,2026-10-02T09:43:57.979719-04:00,297.42,0.5579
CCL-20261002T13370220091,CCL,2026-10-02,2026-10-02T09:44:01.409312-04:00,25.535,-0.5922
P-20261002T13370224145,P,2026-10-02,2026-10-02T09:44:01.409312-04:00,139.39,0.3311
KLAC-20261002T13370563556,KLAC,2026-10-02,2026-10-02T09:44:01.409312-04:00,206.5606,0.5597
GME-20261002T13370567360,GME,2026-10-02,2026-10-02T09:44:01.409312-04:00,24.42,-0.0404
COHR-20261002T13370919530,COHR,2026-10-02,2026-10-02T09:44:01.409312-04:00,324.56,0.6487
PBF-20261002T13370936500,PBF,2026-10-02,2026-10-02T09:44:01.409312-04:00,82.52,0.3039
BE-20261002T13382679947,BE,2026-10-02,2026-10-02T09:44:01.409312-04:00,296.89,0.3787
CCL-20261002T13370220091,CCL,2026-10-02,2026-10-02T09:44:05.143649-04:00,25.55,-0.5338
P-20261002T13370224145,P,2026-10-02,2026-10-02T09:44:05.143649-04:00,139.2948,0.2626
KLAC-20261002T13370563556,KLAC,2026-10-02,2026-10-02T09:44:05.143649-04:00,206.605,0.5813
GME-20261002T13370567360,GME,2026-10-02,2026-10-02T09:44:05.143649-04:00,24.43,0.0005
COHR-20261002T13370919530,COHR,2026-10-02,2026-10-02T09:44:05.143649-04:00,324.16,0.5247
PBF-20261002T13370936500,PBF,2026-10-02,2026-10-02T09:44:05.143649-04:00,82.3889,0.1445
BE-20261002T13382679947,BE,2026-10-02,2026-10-02T09:44:05.143649-04:00,296.85,0.3651
CCL-20261002T13370220091,CCL,2026-10-02,2026-10-02T09:44:08.602887-04:00,25.565,-0.4754
P-20261002T13370224145,P,2026-10-02,2026-10-02T09:44:08.602887-04:00,139.5,0.4103
KLAC-20261002T13370563556,KLAC,2026-10-02,2026-10-02T09:44:08.602887-04:00,206.46,0.5107
GME-20261002T13370567360,GME,2026-10-02,2026-10-02T09:44:08.602887-04:00,24.405,-0.1018
COHR-20261002T13370919530,COHR,2026-10-02,2026-10-02T09:44:08.602887-04:00,324.0,0.4751
PBF-20261002T13370936500,PBF,2026-10-02,2026-10-02T09:44:08.602887-04:00,82.485,0.2613
BE-20261002T13382679947,BE,2026-10-02,2026-10-02T09:44:08.602887-04:00,296.7901,0.3449
CCL-20261002T13370220091,CCL,2026-10-02,2026-10-02T09:44:12.034745-04:00,25.565,-0.4754
P-20261002T13370224145,P,2026-10-02,2026-10-02T09:44:12.034745-04:00,139.315,0.2771
KLAC-20261002T13370563556,KLAC,2026-10-02,2026-10-02T09:44:12.034745-04:00,206.38,0.4717
GME-20261002T13370567360,GME,2026-10-02,2026-10-02T09:44:12.034745-04:00,24.405,-0.1018
COHR-20261002T13370919530,COHR,2026-10-02,2026-10-02T09:44:12.034745-04:00,323.795,0.4115
PBF-20261002T13370936500,PBF,2026-10-02,2026-10-02T09:44:12.034745-04:00,82.5156,0.2985
BE-20261002T13382679947,BE,2026-10-02,2026-10-02T09:44:12.034745-04:00,296.515,0.2519
CCL-20261002T13370220091,CCL,2026-10-02,2026-10-02T09:44:15.576973-04:00,25.57,-0.456
P-20261002T13370224145,P,2026-10-02,2026-10-02T09:44:15.576973-04:00,139.315,0.2771
KLAC-20261002T13370563556,KLAC,2026-10-02,2026-10-02T09:44:15.576973-04:00,206.54,0.5496
GME-20261002T13370567360,GME,2026-10-02,2026-10-02T09:44:15.576973-04:00,24.4,-0.1223
COHR-20261002T13370919530,COHR,2026-10-02,2026-10-02T09:44:15.576973-04:00,323.9631,0.4636
PBF-20261002T13370936500,PBF,2026-10-02,2026-10-02T09:44:15.576973-04:00,82.64,0.4497
BE-20261002T13382679947,BE,2026-10-02,2026-10-02T09:44:15.576973-04:00,296.94,0.3956
CCL-20261002T13370220091,CCL,2026-10-02,2026-10-02T09:44:18.964141-04:00,25.57,-0.456
P-20261002T13370224145,P,2026-10-02,2026-10-02T09:44:18.964141-04:00,139.315,0.2771
KLAC-20261002T13370563556,KLAC,2026-10-02,2026-10-02T09:44:18.964141-04:00,206.495,0.5277
GME-20261002T13370567360,GME,2026-10-02,2026-10-02T09:44:18.964141-04:00,24.405,-0.1018
COHR-20261002T13370919530,COHR,2026-10-02,2026-10-02T09:44:18.964141-04:00,323.78,0.4069
PBF-20261002T13370936500,PBF,2026-10-02,2026-10-02T09:44:18.964141-04:00,82.53,0.316
BE-20261002T13382679947,BE,2026-10-02,2026-10-02T09:44:18.964141-04:00,296.47,0.2367
CCL-20261002T13370220091,CCL,2026-10-02,2026-10-02T09:44:22.453352-04:00,25.565,-0.4754
P-20261002T13370224145,P,2026-10-02,2026-10-02T09:44:22.453352-04:00,139.3147,0.2769
KLAC-20261002T13370563556,KLAC,2026-10-02,2026-10-02T09:44:22.453352-04:00,206.43,0.4961
GME-20261002T13370567360,GME,2026-10-02,2026-10-02T09:44:22.453352-04:00,24.4028,-0.1108
COHR-20261002T13370919530,COHR,2026-10-02,2026-10-02T09:44:22.453352-04:00,324.02,0.4813
PBF-20261002T13370936500,PBF,2026-10-02,2026-10-02T09:44:22.453352-04:00,82.63,0.4376
BE-20261002T13382679947,BE,2026-10-02,2026-10-02T09:44:22.453352-04:00,296.3001,0.1792
CCL-20261002T13370220091,CCL,2026-10-02,2026-10-02T09:44:25.863567-04:00,25.558,-0.5027
P-20261002T13370224145,P,2026-10-02,2026-10-02T09:44:25.863567-04:00,139.5388,0.4382
KLAC-20261002T13370563556,KLAC,2026-10-02,2026-10-02T09:44:25.863567-04:00,206.4558,0.5086
GME-20261002T13370567360,GME,2026-10-02,2026-10-02T09:44:25.863567-04:00,24.4,-0.1223
COHR-20261002T13370919530,COHR,2026-10-02,2026-10-02T09:44:25.863567-04:00,324.135,0.517
PBF-20261002T13370936500,PBF,2026-10-02,2026-10-02T09:44:25.863567-04:00,82.36,0.1094
BE-20261002T13382679947,BE,2026-10-02,2026-10-02T09:44:25.863567-04:00,296.98,0.4091
CCL-20261002T13370220091,CCL,2026-10-02,2026-10-02T09:44:29.364767-04:00,25.55,-0.5338
P-20261002T13370224145,P,2026-10-02,2026-10-02T09:44:29.364767-04:00,139.315,0.2771
KLAC-20261002T13370563556,KLAC,2026-10-02,2026-10-02T09:44:29.364767-04:00,206.56,0.5594
GME-20261002T13370567360,GME,2026-10-02,2026-10-02T09:44:29.364767-04:00,24.4,-0.1223
COHR-20261002T13370919530,COHR,2026-10-02,2026-10-02T09:44:29.364767-04:00,324.2,0.5371
PBF-20261002T13370936500,PBF,2026-10-02,2026-10-02T09:44:29.364767-04:00,82.5039,0.2843
BE-20261002T13382679947,BE,2026-10-02,2026-10-02T09:44:29.364767-04:00,296.665,0.3026
CCL-20261002T13370220091,CCL,2026-10-02,2026-10-02T09:44:32.776866-04:00,25.5677,-0.4649
P-20261002T13370224145,P,2026-10-02,2026-10-02T09:44:32.776866-04:00,139.3344,0.2911
KLAC-20261002T13370563556,KLAC,2026-10-02,2026-10-02T09:44:32.776866-04:00,206.63,0.5934
GME-20261002T13370567360,GME,2026-10-02,2026-10-02T09:44:32.776866-04:00,24.4255,-0.0179
COHR-20261002T13370919530,COHR,2026-10-02,2026-10-02T09:44:32.776866-04:00,324.0,0.4751
PBF-20261002T13370936500,PBF,2026-10-02,2026-10-02T09:44:32.776866-04:00,82.53,0.316
BE-20261002T13382679947,BE,2026-10-02,2026-10-02T09:44:32.776866-04:00,296.675,0.306
CCL-20261002T13370220091,CCL,2026-10-02,2026-10-02T09:44:36.180980-04:00,25.57,-0.456
P-20261002T13370224145,P,2026-10-02,2026-10-02T09:44:36.180980-04:00,139.47,0.3887
KLAC-20261002T13370563556,KLAC,2026-10-02,2026-10-02T09:44:36.180980-04:00,206.58,0.5691
GME-20261002T13370567360,GME,2026-10-02,2026-10-02T09:44:36.180980-04:00,24.41,-0.0813
COHR-20261002T13370919530,COHR,2026-10-02,2026-10-02T09:44:36.180980-04:00,324.22,0.5433
PBF-20261002T13370936500,PBF,2026-10-02,2026-10-02T09:44:36.180980-04:00,82.7099,0.5347
BE-20261002T13382679947,BE,2026-10-02,2026-10-02T09:44:36.180980-04:00,296.625,0.2891
CCL-20261002T13370220091,CCL,2026-10-02,2026-10-02T09:44:39.574102-04:00,25.57,-0.456
P-20261002T13370224145,P,2026-10-02,2026-10-02T09:44:39.574102-04:00,139.47,0.3887
KLAC-20261002T13370563556,KLAC,2026-10-02,2026-10-02T09:44:39.574102-04:00,206.465,0.5131
GME-20261002T13370567360,GME,2026-10-02,2026-10-02T09:44:39.574102-04:00,24.411,-0.0772
COHR-20261002T13370919530,COHR,2026-10-02,2026-10-02T09:44:39.574102-04:00,324.95,0.7697
PBF-20261002T13370936500,PBF,2026-10-02,2026-10-02T09:44:39.574102-04:00,82.555,0.3464
BE-20261002T13382679947,BE,2026-10-02,2026-10-02T09:44:39.574102-04:00,296.6997,0.3143
CCL-20261002T13370220091,CCL,2026-10-02,2026-10-02T09:44:42.970786-04:00,25.5579,-0.5031
P-20261002T13370224145,P,2026-10-02,2026-10-02T09:44:42.970786-04:00,139.47,0.3887
KLAC-20261002T13370563556,KLAC,2026-10-02,2026-10-02T09:44:42.970786-04:00,206.31,0.4377
GME-20261002T13370567360,GME,2026-10-02,2026-10-02T09:44:42.970786-04:00,24.41,-0.0813
COHR-20261002T13370919530,COHR,2026-10-02,2026-10-02T09:44:42.970786-04:00,326.46,1.238
PBF-20261002T13370936500,PBF,2026-10-02,2026-10-02T09:44:42.970786-04:00,82.56,0.3525
BE-20261002T13382679947,BE,2026-10-02,2026-10-02T09:44:42.970786-04:00,296.815,0.3533
CCL-20261002T13370220091,CCL,2026-10-02,2026-10-02T09:44:46.513329-04:00,25.555,-0.5144
P-20261002T13370224145,P,2026-10-02,2026-10-02T09:44:46.513329-04:00,139.1024,0.1241
KLAC-20261002T13370563556,KLAC,2026-10-02,2026-10-02T09:44:46.513329-04:00,206.415,0.4888
GME-20261002T13370567360,GME,2026-10-02,2026-10-02T09:44:46.513329-04:00,24.41,-0.0813
COHR-20261002T13370919530,COHR,2026-10-02,2026-10-02T09:44:46.513329-04:00,326.8377,1.3551
PBF-20261002T13370936500,PBF,2026-10-02,2026-10-02T09:44:46.513329-04:00,82.56,0.3525
BE-20261002T13382679947,BE,2026-10-02,2026-10-02T09:44:46.513329-04:00,296.545,0.262
CCL-20261002T13370220091,CCL,2026-10-02,2026-10-02T09:44:49.893170-04:00,25.5725,-0.4462
P-20261002T13370224145,P,2026-10-02,2026-10-02T09:44:49.893170-04:00,139.44,0.3671
KLAC-20261002T13370563556,KLAC,2026-10-02,2026-10-02T09:44:49.893170-04:00,206.4926,0.5266
GME-20261002T13370567360,GME,2026-10-02,2026-10-02T09:44:49.893170-04:00,24.4001,-0.1218
COHR-20261002T13370919530,COHR,2026-10-02,2026-10-02T09:44:49.893170-04:00,326.66,1.3
PBF-20261002T13370936500,PBF,2026-10-02,2026-10-02T09:44:49.893170-04:00,82.56,0.3525
BE-20261002T13382679947,BE,2026-10-02,2026-10-02T09:44:49.893170-04:00,296.63,0.2908
CCL-20261002T13370220091,CCL,2026-10-02,2026-10-02T09:44:53.283970-04:00,25.575,-0.4365
P-20261002T13370224145,P,2026-10-02,2026-10-02T09:44:53.283970-04:00,139.5156,0.4215
KLAC-20261002T13370563556,KLAC,2026-10-02,2026-10-02T09:44:53.283970-04:00,206.64,0.5983
GME-20261002T13370567360,GME,2026-10-02,2026-10-02T09:44:53.283970-04:00,24.4047,-0.103
COHR-20261002T13370919530,COHR,2026-10-02,2026-10-02T09:44:53.283970-04:00,326.57,1.2721
PBF-20261002T13370936500,PBF,2026-10-02,2026-10-02T09:44:53.283970-04:00,82.71,0.5348
BE-20261002T13382679947,BE,2026-10-02,2026-10-02T09:44:53.283970-04:00,296.745,0.3296
CCL-20261002T13370220091,CCL,2026-10-02,2026-10-02T09:44:56.697368-04:00,25.5701,-0.4556
P-20261002T13370224145,P,2026-10-02,2026-10-02T09:44:56.697368-04:00,139.25,0.2303
KLAC-20261002T13370563556,KLAC,2026-10-02,2026-10-02T09:44:56.697368-04:00,206.675,0.6154
GME-20261002T13370567360,GME,2026-10-02,2026-10-02T09:44:56.697368-04:00,24.4,-0.1223
COHR-20261002T13370919530,COHR,2026-10-02,2026-10-02T09:44:56.697368-04:00,323.853,0.4295
PBF-20261002T13370936500,PBF,2026-10-02,2026-10-02T09:44:56.697368-04:00,82.56,0.3525
BE-20261002T13382679947,BE,2026-10-02,2026-10-02T09:44:56.697368-04:00,296.92,0.3888
CCL-20261002T13370220091,CCL,2026-10-02,2026-10-02T09:45:00.150241-04:00,25.585,-0.3976
P-20261002T13370224145,P,2026-10-02,2026-10-02T09:45:00.150241-04:00,139.3467,0.2999
KLAC-20261002T13370563556,KLAC,2026-10-02,2026-10-02T09:45:00.150241-04:00,206.71,0.6324
GME-20261002T13370567360,GME,2026-10-02,2026-10-02T09:45:00.150241-04:00,24.41,-0.0813
COHR-20261002T13370919530,COHR,2026-10-02,2026-10-02T09:45:00.150241-04:00,326.16,1.1449
PBF-20261002T13370936500,PBF,2026-10-02,2026-10-02T09:45:00.150241-04:00,82.57,0.3647
BE-20261002T13382679947,BE,2026-10-02,2026-10-02T09:45:00.150241-04:00,297.0,0.4159
CCL-20261002T13370220091,CCL,2026-10-02,2026-10-02T09:45:10.992497-04:00,25.595,-0.3586
P-20261002T13370224145,P,2026-10-02,2026-10-02T09:45:10.992497-04:00,139.3063,0.2709
KLAC-20261002T13370563556,KLAC,2026-10-02,2026-10-02T09:45:10.992497-04:00,206.815,0.6835
GME-20261002T13370567360,GME,2026-10-02,2026-10-02T09:45:10.992497-04:00,24.41,-0.0813
PBF-20261002T13370936500,PBF,2026-10-02,2026-10-02T09:45:10.992497-04:00,82.07,-0.2431
BE-20261002T13382679947,BE,2026-10-02,2026-10-02T09:45:10.992497-04:00,296.8136,0.3528
CCL-20261002T13370220091,CCL,2026-10-02,2026-10-02T09:45:21.471580-04:00,25.585,-0.3976
P-20261002T13370224145,P,2026-10-02,2026-10-02T09:45:21.471580-04:00,139.3798,0.3238
KLAC-20261002T13370563556,KLAC,2026-10-02,2026-10-02T09:45:21.471580-04:00,207.165,0.8539
GME-20261002T13370567360,GME,2026-10-02,2026-10-02T09:45:21.471580-04:00,24.465,0.1438
PBF-20261002T13370936500,PBF,2026-10-02,2026-10-02T09:45:21.471580-04:00,82.22,-0.0608
BE-20261002T13382679947,BE,2026-10-02,2026-10-02T09:45:21.471580-04:00,296.46,0.2333
P-20261002T13370224145,P,2026-10-02,2026-10-02T09:45:32.094456-04:00,139.5994,0.4818
KLAC-20261002T13370563556,KLAC,2026-10-02,2026-10-02T09:45:32.094456-04:00,207.3165,0.9277
GME-20261002T13370567360,GME,2026-10-02,2026-10-02T09:45:32.094456-04:00,24.46,0.1233
PBF-20261002T13370936500,PBF,2026-10-02,2026-10-02T09:45:32.094456-04:00,82.4837,0.2598
BE-20261002T13382679947,BE,2026-10-02,2026-10-02T09:45:32.094456-04:00,297.37,0.541
P-20261002T13370224145,P,2026-10-02,2026-10-02T09:45:42.487715-04:00,139.71,0.5614
KLAC-20261002T13370563556,KLAC,2026-10-02,2026-10-02T09:45:42.487715-04:00,207.3471,0.9425
GME-20261002T13370567360,GME,2026-10-02,2026-10-02T09:45:42.487715-04:00,24.4472,0.071
PBF-20261002T13370936500,PBF,2026-10-02,2026-10-02T09:45:42.487715-04:00,82.22,-0.0608
BE-20261002T13382679947,BE,2026-10-02,2026-10-02T09:45:42.487715-04:00,297.13,0.4598
P-20261002T13370224145,P,2026-10-02,2026-10-02T09:45:52.862580-04:00,139.75,0.5902
KLAC-20261002T13370563556,KLAC,2026-10-02,2026-10-02T09:45:52.862580-04:00,207.61,1.0705
GME-20261002T13370567360,GME,2026-10-02,2026-10-02T09:45:52.862580-04:00,24.405,-0.1018
PBF-20261002T13370936500,PBF,2026-10-02,2026-10-02T09:45:52.862580-04:00,82.31,0.0486
BE-20261002T13382679947,BE,2026-10-02,2026-10-02T09:45:52.862580-04:00,295.87,0.0338
P-20261002T13370224145,P,2026-10-02,2026-10-02T09:46:03.206575-04:00,139.615,0.4931
KLAC-20261002T13370563556,KLAC,2026-10-02,2026-10-02T09:46:03.206575-04:00,207.5051,1.0195
GME-20261002T13370567360,GME,2026-10-02,2026-10-02T09:46:03.206575-04:00,24.39,-0.1632
PBF-20261002T13370936500,PBF,2026-10-02,2026-10-02T09:46:03.206575-04:00,82.23,-0.0486
BE-20261002T13382679947,BE,2026-10-02,2026-10-02T09:46:03.206575-04:00,295.385,-0.1302
P-20261002T13370224145,P,2026-10-02,2026-10-02T09:46:14.140659-04:00,139.655,0.5218
GME-20261002T13370567360,GME,2026-10-02,2026-10-02T09:46:14.140659-04:00,24.4255,-0.0179
P-20261002T13370224145,P,2026-10-02,2026-10-02T09:46:24.597428-04:00,139.29,0.2591
GME-20261002T13370567360,GME,2026-10-02,2026-10-02T09:46:24.597428-04:00,24.415,-0.0609
P-20261002T13370224145,P,2026-10-02,2026-10-02T09:46:35.411706-04:00,139.11,0.1296
GME-20261002T13370567360,GME,2026-10-02,2026-10-02T09:46:35.411706-04:00,24.4427,0.0525
P-20261002T13370224145,P,2026-10-02,2026-10-02T09:46:45.871502-04:00,139.17,0.1727
GME-20261002T13370567360,GME,2026-10-02,2026-10-02T09:46:45.871502-04:00,24.44,0.0415
P-20261002T13370224145,P,2026-10-02,2026-10-02T09:46:56.236756-04:00,138.87,-0.0432
GME-20261002T13370567360,GME,2026-10-02,2026-10-02T09:46:56.236756-04:00,24.451,0.0865
P-20261002T13370224145,P,2026-10-02,2026-10-02T09:47:06.625346-04:00,138.8,-0.0936
GME-20261002T13370567360,GME,2026-10-02,2026-10-02T09:47:06.625346-04:00,24.45,0.0824
GME-20261002T13370567360,GME,2026-10-02,2026-10-02T09:47:17.146723-04:00,24.455,0.1029
GME-20261002T13370567360,GME,2026-10-02,2026-10-02T09:47:27.516734-04:00,24.4597,0.1221
GME-20261002T13370567360,GME,2026-10-02,2026-10-02T09:47:37.888810-04:00,24.44,0.0415
GME-20261002T13370567360,GME,2026-10-02,2026-10-02T09:47:48.502874-04:00,24.465,0.1438
GME-20261002T13370567360,GME,2026-10-02,2026-10-02T09:47:58.947571-04:00,24.45,0.0824
GME-20261002T13370567360,GME,2026-10-02,2026-10-02T09:48:09.381313-04:00,24.43,0.0005
GME-20261002T13370567360,GME,2026-10-02,2026-10-02T09:48:19.787022-04:00,24.4,-0.1223
GME-20261002T13370567360,GME,2026-10-02,2026-10-02T09:48:30.179921-04:00,24.37,-0.2451
GME-20261002T13370567360,GME,2026-10-02,2026-10-02T09:48:40.645975-04:00,24.385,-0.1837
GME-20261002T13370567360,GME,2026-10-02,2026-10-02T09:48:51.082070-04:00,24.3819,-0.1963
GME-20261002T13370567360,GME,2026-10-02,2026-10-02T09:49:01.529400-04:00,24.41,-0.0813
GME-20261002T13370567360,GME,2026-10-02,2026-10-02T09:49:12.066406-04:00,24.3951,-0.1423
GME-20261002T13370567360,GME,2026-10-02,2026-10-02T09:49:22.406658-04:00,24.4068,-0.0944
GME-20261002T13370567360,GME,2026-10-02,2026-10-02T09:49:32.793844-04:00,24.42,-0.0404
GME-20261002T13370567360,GME,2026-10-02,2026-10-02T09:49:43.310342-04:00,24.41,-0.0813
GME-20261002T13370567360,GME,2026-10-02,2026-10-02T09:49:53.832221-04:00,24.395,-0.1427
GME-20261002T13370567360,GME,2026-10-02,2026-10-02T09:50:04.254686-04:00,24.38,-0.2041
GME-20261002T13370567360,GME,2026-10-02,2026-10-02T09:50:14.869341-04:00,24.4,-0.1223
GME-20261002T13370567360,GME,2026-10-02,2026-10-02T09:50:25.515223-04:00,24.42,-0.0404
GME-20261002T13370567360,GME,2026-10-02,2026-10-02T09:50:35.997121-04:00,24.3971,-0.1341
GME-20261002T13370567360,GME,2026-10-02,2026-10-02T09:50:46.445156-04:00,24.405,-0.1018
GME-20261002T13370567360,GME,2026-10-02,2026-10-02T09:50:56.801826-04:00,24.4027,-0.1112
GME-20261002T13370567360,GME,2026-10-02,2026-10-02T09:51:07.220414-04:00,24.41,-0.0813
GME-20261002T13370567360,GME,2026-10-02,2026-10-02T09:51:17.556511-04:00,24.41,-0.0813
GME-20261002T13370567360,GME,2026-10-02,2026-10-02T09:51:27.873485-04:00,24.375,-0.2246
GME-20261002T13370567360,GME,2026-10-02,2026-10-02T09:51:38.240600-04:00,24.375,-0.2246
GME-20261002T13370567360,GME,2026-10-02,2026-10-02T09:51:48.739047-04:00,24.385,-0.1837
GME-20261002T13370567360,GME,2026-10-02,2026-10-02T09:51:59.083494-04:00,24.3917,-0.1562
GME-20261002T13370567360,GME,2026-10-02,2026-10-02T09:52:09.411395-04:00,24.392,-0.155
GME-20261002T13370567360,GME,2026-10-02,2026-10-02T09:52:19.762212-04:00,24.3803,-0.2029
GME-20261002T13370567360,GME,2026-10-02,2026-10-02T09:52:30.117946-04:00,24.395,-0.1427
GME-20261002T13370567360,GME,2026-10-02,2026-10-02T09:52:40.512588-04:00,24.4,-0.1223
GME-20261002T13370567360,GME,2026-10-02,2026-10-02T09:52:50.815036-04:00,24.385,-0.1837
GME-20261002T13370567360,GME,2026-10-02,2026-10-02T09:53:01.233140-04:00,24.39,-0.1632
GME-20261002T13370567360,GME,2026-10-02,2026-10-02T09:53:11.622716-04:00,24.3699,-0.2455
GME-20261002T13370567360,GME,2026-10-02,2026-10-02T09:53:22.093746-04:00,24.365,-0.2655
GME-20261002T13370567360,GME,2026-10-02,2026-10-02T09:53:32.488597-04:00,24.3255,-0.4272
GME-20261002T13370567360,GME,2026-10-02,2026-10-02T09:53:42.910728-04:00,24.35,-0.3269
GME-20261002T13370567360,GME,2026-10-02,2026-10-02T09:53:53.330104-04:00,24.35,-0.3269
GME-20261002T13370567360,GME,2026-10-02,2026-10-02T09:54:03.809716-04:00,24.36,-0.286
GME-20261002T13370567360,GME,2026-10-02,2026-10-02T09:54:14.354149-04:00,24.3572,-0.2975
GME-20261002T13370567360,GME,2026-10-02,2026-10-02T09:54:24.797762-04:00,24.365,-0.2655
GME-20261002T13370567360,GME,2026-10-02,2026-10-02T09:54:35.254901-04:00,24.38,-0.2041
GME-20261002T13370567360,GME,2026-10-02,2026-10-02T09:54:45.629156-04:00,24.3735,-0.2307
GME-20261002T13370567360,GME,2026-10-02,2026-10-02T09:54:56.217204-04:00,24.3772,-0.2156
GME-20261002T13370567360,GME,2026-10-02,2026-10-02T09:55:06.822795-04:00,24.37,-0.2451
GME-20261002T13370567360,GME,2026-10-02,2026-10-02T09:55:17.489804-04:00,24.3851,-0.1832
GME-20261002T13370567360,GME,2026-10-02,2026-10-02T09:55:28.172017-04:00,24.395,-0.1427
GME-20261002T13370567360,GME,2026-10-02,2026-10-02T09:55:38.703123-04:00,24.39,-0.1632
GME-20261002T13370567360,GME,2026-10-02,2026-10-02T09:55:49.128531-04:00,24.39,-0.1632
GME-20261002T13370567360,GME,2026-10-02,2026-10-02T09:55:59.640824-04:00,24.395,-0.1427
GME-20261002T13370567360,GME,2026-10-02,2026-10-02T09:56:10.049919-04:00,24.4,-0.1223
GME-20261002T13370567360,GME,2026-10-02,2026-10-02T09:56:20.637910-04:00,24.4001,-0.1218
GME-20261002T13370567360,GME,2026-10-02,2026-10-02T09:56:31.196244-04:00,24.405,-0.1018
GME-20261002T13370567360,GME,2026-10-02,2026-10-02T09:56:41.702181-04:00,24.385,-0.1837
GME-20261002T13370567360,GME,2026-10-02,2026-10-02T09:56:52.187790-04:00,24.375,-0.2246
GME-20261002T13370567360,GME,2026-10-02,2026-10-02T09:57:02.948873-04:00,24.39,-0.1632
CIEN-20261002T15212843581,CIEN,2026-10-02,2026-10-02T11:21:48.902236-04:00,385.4295,-0.3424
MRVL-20261002T15212848675,MRVL,2026-10-02,2026-10-02T11:21:48.902236-04:00,273.04,-0.0623
PRIM-20261002T15212852443,PRIM,2026-10-02,2026-10-02T11:21:48.902236-04:00,77.75,-0.0
BE-20261002T15212856110,BE,2026-10-02,2026-10-02T11:21:48.902236-04:00,290.3209,-0.2178
AAOI-20261002T15212860765,AAOI,2026-10-02,2026-10-02T11:21:48.902236-04:00,114.7351,-0.0993
CRWD-20261002T15212864659,CRWD,2026-10-02,2026-10-02T11:21:48.902236-04:00,270.29,-0.092
CIEN-20261002T15212843581,CIEN,2026-10-02,2026-10-02T11:21:59.080905-04:00,384.5999,-0.1264
MRVL-20261002T15212848675,MRVL,2026-10-02,2026-10-02T11:21:59.080905-04:00,273.194,-0.1187
PRIM-20261002T15212852443,PRIM,2026-10-02,2026-10-02T11:21:59.080905-04:00,77.74,0.0129
BE-20261002T15212856110,BE,2026-10-02,2026-10-02T11:21:59.080905-04:00,290.32,-0.2175
AAOI-20261002T15212860765,AAOI,2026-10-02,2026-10-02T11:21:59.080905-04:00,114.6854,-0.0559
CRWD-20261002T15212864659,CRWD,2026-10-02,2026-10-02T11:21:59.080905-04:00,270.265,-0.0827
GOOG-20261002T15213889737,GOOG,2026-10-02,2026-10-02T11:21:59.080905-04:00,339.1387,-0.0262
CIEN-20261002T15212843581,CIEN,2026-10-02,2026-10-02T11:22:09.215737-04:00,383.86,0.0662
MRVL-20261002T15212848675,MRVL,2026-10-02,2026-10-02T11:22:09.215737-04:00,273.21,-0.1246
PRIM-20261002T15212852443,PRIM,2026-10-02,2026-10-02T11:22:09.215737-04:00,77.75,-0.0
BE-20261002T15212856110,BE,2026-10-02,2026-10-02T11:22:09.215737-04:00,290.445,-0.2606
AAOI-20261002T15212860765,AAOI,2026-10-02,2026-10-02T11:22:09.215737-04:00,114.91,-0.2518
CRWD-20261002T15212864659,CRWD,2026-10-02,2026-10-02T11:22:09.215737-04:00,270.17,-0.0475
GOOG-20261002T15213889737,GOOG,2026-10-02,2026-10-02T11:22:09.215737-04:00,339.275,-0.0664
CIEN-20261002T15212843581,CIEN,2026-10-02,2026-10-02T11:22:19.377993-04:00,383.91,0.0532
MRVL-20261002T15212848675,MRVL,2026-10-02,2026-10-02T11:22:19.377993-04:00,273.098,-0.0836
PRIM-20261002T15212852443,PRIM,2026-10-02,2026-10-02T11:22:19.377993-04:00,77.77,-0.0257
BE-20261002T15212856110,BE,2026-10-02,2026-10-02T11:22:19.377993-04:00,290.08,-0.1346
AAOI-20261002T15212860765,AAOI,2026-10-02,2026-10-02T11:22:19.377993-04:00,114.87,-0.2169
CRWD-20261002T15212864659,CRWD,2026-10-02,2026-10-02T11:22:19.377993-04:00,270.4,-0.1327
GOOG-20261002T15213889737,GOOG,2026-10-02,2026-10-02T11:22:19.377993-04:00,339.2,-0.0442
CIEN-20261002T15212843581,CIEN,2026-10-02,2026-10-02T11:22:29.614771-04:00,383.875,0.0623
MRVL-20261002T15212848675,MRVL,2026-10-02,2026-10-02T11:22:29.614771-04:00,273.3643,-0.1811
PRIM-20261002T15212852443,PRIM,2026-10-02,2026-10-02T11:22:29.614771-04:00,77.77,-0.0257
BE-20261002T15212856110,BE,2026-10-02,2026-10-02T11:22:29.614771-04:00,290.225,-0.1847
AAOI-20261002T15212860765,AAOI,2026-10-02,2026-10-02T11:22:29.614771-04:00,114.56,0.0535
CRWD-20261002T15212864659,CRWD,2026-10-02,2026-10-02T11:22:29.614771-04:00,270.31,-0.0994
GOOG-20261002T15213889737,GOOG,2026-10-02,2026-10-02T11:22:29.614771-04:00,339.22,-0.0501
CIEN-20261002T15212843581,CIEN,2026-10-02,2026-10-02T11:22:39.773590-04:00,383.7875,0.0851
MRVL-20261002T15212848675,MRVL,2026-10-02,2026-10-02T11:22:39.773590-04:00,273.07,-0.0733
PRIM-20261002T15212852443,PRIM,2026-10-02,2026-10-02T11:22:39.773590-04:00,77.77,-0.0257
BE-20261002T15212856110,BE,2026-10-02,2026-10-02T11:22:39.773590-04:00,290.4,-0.2451
AAOI-20261002T15212860765,AAOI,2026-10-02,2026-10-02T11:22:39.773590-04:00,114.6939,-0.0633
CRWD-20261002T15212864659,CRWD,2026-10-02,2026-10-02T11:22:39.773590-04:00,270.439,-0.1471
GOOG-20261002T15213889737,GOOG,2026-10-02,2026-10-02T11:22:39.773590-04:00,339.375,-0.0959
CIEN-20261002T15212843581,CIEN,2026-10-02,2026-10-02T11:22:50.002773-04:00,384.11,0.0012
MRVL-20261002T15212848675,MRVL,2026-10-02,2026-10-02T11:22:50.002773-04:00,273.105,-0.0861
PRIM-20261002T15212852443,PRIM,2026-10-02,2026-10-02T11:22:50.002773-04:00,77.749,0.0013
BE-20261002T15212856110,BE,2026-10-02,2026-10-02T11:22:50.002773-04:00,290.23,-0.1864
AAOI-20261002T15212860765,AAOI,2026-10-02,2026-10-02T11:22:50.002773-04:00,114.75,-0.1123
CRWD-20261002T15212864659,CRWD,2026-10-02,2026-10-02T11:22:50.002773-04:00,270.21,-0.0623
GOOG-20261002T15213889737,GOOG,2026-10-02,2026-10-02T11:22:50.002773-04:00,339.3644,-0.0927
CIEN-20261002T15212843581,CIEN,2026-10-02,2026-10-02T11:23:00.183264-04:00,385.3805,-0.3296
MRVL-20261002T15212848675,MRVL,2026-10-02,2026-10-02T11:23:00.183264-04:00,273.15,-0.1026
PRIM-20261002T15212852443,PRIM,2026-10-02,2026-10-02T11:23:00.183264-04:00,77.74,0.0129
BE-20261002T15212856110,BE,2026-10-02,2026-10-02T11:23:00.183264-04:00,290.09,-0.1381
AAOI-20261002T15212860765,AAOI,2026-10-02,2026-10-02T11:23:00.183264-04:00,114.75,-0.1123
CRWD-20261002T15212864659,CRWD,2026-10-02,2026-10-02T11:23:00.183264-04:00,269.915,0.0469
GOOG-20261002T15213889737,GOOG,2026-10-02,2026-10-02T11:23:00.183264-04:00,339.4193,-0.1089
CIEN-20261002T15212843581,CIEN,2026-10-02,2026-10-02T11:23:10.421977-04:00,384.225,-0.0288
MRVL-20261002T15212848675,MRVL,2026-10-02,2026-10-02T11:23:10.421977-04:00,273.1288,-0.0948
PRIM-20261002T15212852443,PRIM,2026-10-02,2026-10-02T11:23:10.421977-04:00,77.75,-0.0
BE-20261002T15212856110,BE,2026-10-02,2026-10-02T11:23:10.421977-04:00,289.5637,0.0436
AAOI-20261002T15212860765,AAOI,2026-10-02,2026-10-02T11:23:10.421977-04:00,114.865,-0.2126
CRWD-20261002T15212864659,CRWD,2026-10-02,2026-10-02T11:23:10.421977-04:00,269.9824,0.0219
GOOG-20261002T15213889737,GOOG,2026-10-02,2026-10-02T11:23:10.421977-04:00,339.4034,-0.1042
CIEN-20261002T15212843581,CIEN,2026-10-02,2026-10-02T11:23:20.640211-04:00,384.26,-0.0379
MRVL-20261002T15212848675,MRVL,2026-10-02,2026-10-02T11:23:20.640211-04:00,272.9674,-0.0357
PRIM-20261002T15212852443,PRIM,2026-10-02,2026-10-02T11:23:20.640211-04:00,77.86,-0.1415
BE-20261002T15212856110,BE,2026-10-02,2026-10-02T11:23:20.640211-04:00,290.0,-0.107
AAOI-20261002T15212860765,AAOI,2026-10-02,2026-10-02T11:23:20.640211-04:00,114.78,-0.1384
CRWD-20261002T15212864659,CRWD,2026-10-02,2026-10-02T11:23:20.640211-04:00,269.895,0.0543
GOOG-20261002T15213889737,GOOG,2026-10-02,2026-10-02T11:23:20.640211-04:00,339.465,-0.1224
CIEN-20261002T15212843581,CIEN,2026-10-02,2026-10-02T11:23:30.867711-04:00,385.3536,-0.3226
MRVL-20261002T15212848675,MRVL,2026-10-02,2026-10-02T11:23:30.867711-04:00,272.7904,0.0292
PRIM-20261002T15212852443,PRIM,2026-10-02,2026-10-02T11:23:30.867711-04:00,77.86,-0.1415
BE-20261002T15212856110,BE,2026-10-02,2026-10-02T11:23:30.867711-04:00,289.8163,-0.0436
AAOI-20261002T15212860765,AAOI,2026-10-02,2026-10-02T11:23:30.867711-04:00,114.8,-0.1559
CRWD-20261002T15212864659,CRWD,2026-10-02,2026-10-02T11:23:30.867711-04:00,269.9173,0.0461
GOOG-20261002T15213889737,GOOG,2026-10-02,2026-10-02T11:23:30.867711-04:00,339.34,-0.0855
CIEN-20261002T15212843581,CIEN,2026-10-02,2026-10-02T11:23:41.058601-04:00,384.3299,-0.0561
MRVL-20261002T15212848675,MRVL,2026-10-02,2026-10-02T11:23:41.058601-04:00,272.99,-0.044
PRIM-20261002T15212852443,PRIM,2026-10-02,2026-10-02T11:23:41.058601-04:00,77.88,-0.1672
BE-20261002T15212856110,BE,2026-10-02,2026-10-02T11:23:41.058601-04:00,289.6,0.0311
AAOI-20261002T15212860765,AAOI,2026-10-02,2026-10-02T11:23:41.058601-04:00,115.035,-0.3609
CRWD-20261002T15212864659,CRWD,2026-10-02,2026-10-02T11:23:41.058601-04:00,269.821,0.0817
GOOG-20261002T15213889737,GOOG,2026-10-02,2026-10-02T11:23:41.058601-04:00,339.3887,-0.0999
CIEN-20261002T15212843581,CIEN,2026-10-02,2026-10-02T11:23:51.200927-04:00,384.485,-0.0965
MRVL-20261002T15212848675,MRVL,2026-10-02,2026-10-02T11:23:51.200927-04:00,272.925,-0.0202
PRIM-20261002T15212852443,PRIM,2026-10-02,2026-10-02T11:23:51.200927-04:00,77.88,-0.1672
BE-20261002T15212856110,BE,2026-10-02,2026-10-02T11:23:51.200927-04:00,289.5201,0.0586
AAOI-20261002T15212860765,AAOI,2026-10-02,2026-10-02T11:23:51.200927-04:00,115.01,-0.3391
CRWD-20261002T15212864659,CRWD,2026-10-02,2026-10-02T11:23:51.200927-04:00,269.8728,0.0625
GOOG-20261002T15213889737,GOOG,2026-10-02,2026-10-02T11:23:51.200927-04:00,339.4284,-0.1116
CIEN-20261002T15212843581,CIEN,2026-10-02,2026-10-02T11:24:01.384465-04:00,384.3364,-0.0578
MRVL-20261002T15212848675,MRVL,2026-10-02,2026-10-02T11:24:01.384465-04:00,273.0216,-0.0556
PRIM-20261002T15212852443,PRIM,2026-10-02,2026-10-02T11:24:01.384465-04:00,77.805,-0.0707
BE-20261002T15212856110,BE,2026-10-02,2026-10-02T11:24:01.384465-04:00,289.51,0.0621
AAOI-20261002T15212860765,AAOI,2026-10-02,2026-10-02T11:24:01.384465-04:00,115.14,-0.4525
CRWD-20261002T15212864659,CRWD,2026-10-02,2026-10-02T11:24:01.384465-04:00,269.84,0.0747
GOOG-20261002T15213889737,GOOG,2026-10-02,2026-10-02T11:24:01.384465-04:00,339.41,-0.1062
CIEN-20261002T15212843581,CIEN,2026-10-02,2026-10-02T11:24:11.649353-04:00,384.485,-0.0965
MRVL-20261002T15212848675,MRVL,2026-10-02,2026-10-02T11:24:11.649353-04:00,272.9125,-0.0156
PRIM-20261002T15212852443,PRIM,2026-10-02,2026-10-02T11:24:11.649353-04:00,77.8158,-0.0846
BE-20261002T15212856110,BE,2026-10-02,2026-10-02T11:24:11.649353-04:00,289.43,0.0898
AAOI-20261002T15212860765,AAOI,2026-10-02,2026-10-02T11:24:11.649353-04:00,115.0,-0.3304
CRWD-20261002T15212864659,CRWD,2026-10-02,2026-10-02T11:24:11.649353-04:00,269.83,0.0784
GOOG-20261002T15213889737,GOOG,2026-10-02,2026-10-02T11:24:11.649353-04:00,339.24,-0.056
CIEN-20261002T15212843581,CIEN,2026-10-02,2026-10-02T11:24:21.871871-04:00,384.285,-0.0444
MRVL-20261002T15212848675,MRVL,2026-10-02,2026-10-02T11:24:21.871871-04:00,272.8,0.0257
PRIM-20261002T15212852443,PRIM,2026-10-02,2026-10-02T11:24:21.871871-04:00,77.79,-0.0514
BE-20261002T15212856110,BE,2026-10-02,2026-10-02T11:24:21.871871-04:00,289.28,0.1415
AAOI-20261002T15212860765,AAOI,2026-10-02,2026-10-02T11:24:21.871871-04:00,114.9258,-0.2656
CRWD-20261002T15212864659,CRWD,2026-10-02,2026-10-02T11:24:21.871871-04:00,269.628,0.1532
GOOG-20261002T15213889737,GOOG,2026-10-02,2026-10-02T11:24:21.871871-04:00,339.0141,0.0106
DK-20261002T15240164064,DK,2026-10-02,2026-10-02T11:24:21.871871-04:00,73.615,-0.2656
CIEN-20261002T15212843581,CIEN,2026-10-02,2026-10-02T11:24:32.182879-04:00,384.28,-0.0431
MRVL-20261002T15212848675,MRVL,2026-10-02,2026-10-02T11:24:32.182879-04:00,272.805,0.0238
PRIM-20261002T15212852443,PRIM,2026-10-02,2026-10-02T11:24:32.182879-04:00,77.7,0.0643
BE-20261002T15212856110,BE,2026-10-02,2026-10-02T11:24:32.182879-04:00,288.9545,0.2539
AAOI-20261002T15212860765,AAOI,2026-10-02,2026-10-02T11:24:32.182879-04:00,115.02,-0.3478
CRWD-20261002T15212864659,CRWD,2026-10-02,2026-10-02T11:24:32.182879-04:00,269.8908,0.0559
GOOG-20261002T15213889737,GOOG,2026-10-02,2026-10-02T11:24:32.182879-04:00,339.03,0.0059
DK-20261002T15240164064,DK,2026-10-02,2026-10-02T11:24:32.182879-04:00,73.59,-0.2315
CIEN-20261002T15212843581,CIEN,2026-10-02,2026-10-02T11:24:42.395606-04:00,384.49,-0.0978
MRVL-20261002T15212848675,MRVL,2026-10-02,2026-10-02T11:24:42.395606-04:00,272.745,0.0458
PRIM-20261002T15212852443,PRIM,2026-10-02,2026-10-02T11:24:42.395606-04:00,77.63,0.1543
BE-20261002T15212856110,BE,2026-10-02,2026-10-02T11:24:42.395606-04:00,289.205,0.1674
AAOI-20261002T15212860765,AAOI,2026-10-02,2026-10-02T11:24:42.395606-04:00,115.0,-0.3304
CRWD-20261002T15212864659,CRWD,2026-10-02,2026-10-02T11:24:42.395606-04:00,269.37,0.2487
GOOG-20261002T15213889737,GOOG,2026-10-02,2026-10-02T11:24:42.395606-04:00,338.86,0.056
PBF-20261002T15240159877,PBF,2026-10-02,2026-10-02T11:24:42.395606-04:00,78.503,-0.3198
DK-20261002T15240164064,DK,2026-10-02,2026-10-02T11:24:42.395606-04:00,73.575,-0.2111
CIEN-20261002T15212843581,CIEN,2026-10-02,2026-10-02T11:24:52.647776-04:00,384.01,0.0272
MRVL-20261002T15212848675,MRVL,2026-10-02,2026-10-02T11:24:52.647776-04:00,272.21,0.2419
PRIM-20261002T15212852443,PRIM,2026-10-02,2026-10-02T11:24:52.647776-04:00,77.62,0.1672
BE-20261002T15212856110,BE,2026-10-02,2026-10-02T11:24:52.647776-04:00,288.84,0.2934
AAOI-20261002T15212860765,AAOI,2026-10-02,2026-10-02T11:24:52.647776-04:00,114.94,-0.278
CRWD-20261002T15212864659,CRWD,2026-10-02,2026-10-02T11:24:52.647776-04:00,269.18,0.3191
GOOG-20261002T15213889737,GOOG,2026-10-02,2026-10-02T11:24:52.647776-04:00,338.845,0.0605
PBF-20261002T15240159877,PBF,2026-10-02,2026-10-02T11:24:52.647776-04:00,78.62,-0.4693
DK-20261002T15240164064,DK,2026-10-02,2026-10-02T11:24:52.647776-04:00,73.6698,-0.3402
CIEN-20261002T15212843581,CIEN,2026-10-02,2026-10-02T11:25:02.795272-04:00,383.945,0.0441
MRVL-20261002T15212848675,MRVL,2026-10-02,2026-10-02T11:25:02.795272-04:00,271.98,0.3262
PRIM-20261002T15212852443,PRIM,2026-10-02,2026-10-02T11:25:02.795272-04:00,77.7733,-0.03
BE-20261002T15212856110,BE,2026-10-02,2026-10-02T11:25:02.795272-04:00,288.95,0.2554
AAOI-20261002T15212860765,AAOI,2026-10-02,2026-10-02T11:25:02.795272-04:00,114.79,-0.1472
CRWD-20261002T15212864659,CRWD,2026-10-02,2026-10-02T11:25:02.795272-04:00,269.0715,0.3593
GOOG-20261002T15213889737,GOOG,2026-10-02,2026-10-02T11:25:02.795272-04:00,338.718,0.0979
PBF-20261002T15240159877,PBF,2026-10-02,2026-10-02T11:25:02.795272-04:00,78.66,-0.5205
DK-20261002T15240164064,DK,2026-10-02,2026-10-02T11:25:02.795272-04:00,73.6937,-0.3728
KOD-20261002T15244264679,KOD,2026-10-02,2026-10-02T11:25:02.795272-04:00,91.1089,-0.2078
CIEN-20261002T15212843581,CIEN,2026-10-02,2026-10-02T11:25:13.125559-04:00,384.055,0.0155
MRVL-20261002T15212848675,MRVL,2026-10-02,2026-10-02T11:25:13.125559-04:00,272.4904,0.1391
PRIM-20261002T15212852443,PRIM,2026-10-02,2026-10-02T11:25:13.125559-04:00,77.61,0.1801
BE-20261002T15212856110,BE,2026-10-02,2026-10-02T11:25:13.125559-04:00,288.915,0.2675
AAOI-20261002T15212860765,AAOI,2026-10-02,2026-10-02T11:25:13.125559-04:00,114.885,-0.23
CRWD-20261002T15212864659,CRWD,2026-10-02,2026-10-02T11:25:13.125559-04:00,268.97,0.3969
GOOG-20261002T15213889737,GOOG,2026-10-02,2026-10-02T11:25:13.125559-04:00,338.74,0.0914
PBF-20261002T15240159877,PBF,2026-10-02,2026-10-02T11:25:13.125559-04:00,78.47,-0.2777
DK-20261002T15240164064,DK,2026-10-02,2026-10-02T11:25:13.125559-04:00,73.7277,-0.4191
KOD-20261002T15244264679,KOD,2026-10-02,2026-10-02T11:25:13.125559-04:00,91.5577,-0.7014
CIEN-20261002T15212843581,CIEN,2026-10-02,2026-10-02T11:25:23.309378-04:00,384.05,0.0168
MRVL-20261002T15212848675,MRVL,2026-10-02,2026-10-02T11:25:23.309378-04:00,272.43,0.1612
PRIM-20261002T15212852443,PRIM,2026-10-02,2026-10-02T11:25:23.309378-04:00,77.6341,0.1491
BE-20261002T15212856110,BE,2026-10-02,2026-10-02T11:25:23.309378-04:00,288.8,0.3072
AAOI-20261002T15212860765,AAOI,2026-10-02,2026-10-02T11:25:23.309378-04:00,114.9612,-0.2965
CRWD-20261002T15212864659,CRWD,2026-10-02,2026-10-02T11:25:23.309378-04:00,268.69,0.5005
GOOG-20261002T15213889737,GOOG,2026-10-02,2026-10-02T11:25:23.309378-04:00,338.7638,0.0844
PBF-20261002T15240159877,PBF,2026-10-02,2026-10-02T11:25:23.309378-04:00,78.5659,-0.4002
DK-20261002T15240164064,DK,2026-10-02,2026-10-02T11:25:23.309378-04:00,73.7696,-0.4762
KOD-20261002T15244264679,KOD,2026-10-02,2026-10-02T11:25:23.309378-04:00,91.0,-0.088
CIEN-20261002T15212843581,CIEN,2026-10-02,2026-10-02T11:25:33.582942-04:00,384.22,-0.0275
MRVL-20261002T15212848675,MRVL,2026-10-02,2026-10-02T11:25:33.582942-04:00,272.2499,0.2273
PRIM-20261002T15212852443,PRIM,2026-10-02,2026-10-02T11:25:33.582942-04:00,77.615,0.1736
BE-20261002T15212856110,BE,2026-10-02,2026-10-02T11:25:33.582942-04:00,290.5385,-0.2929
AAOI-20261002T15212860765,AAOI,2026-10-02,2026-10-02T11:25:33.582942-04:00,114.81,-0.1646
CRWD-20261002T15212864659,CRWD,2026-10-02,2026-10-02T11:25:33.582942-04:00,268.63,0.5228
GOOG-20261002T15213889737,GOOG,2026-10-02,2026-10-02T11:25:33.582942-04:00,338.7573,0.0863
PBF-20261002T15240159877,PBF,2026-10-02,2026-10-02T11:25:33.582942-04:00,78.3457,-0.1188
DK-20261002T15240164064,DK,2026-10-02,2026-10-02T11:25:33.582942-04:00,73.7152,-0.4021
KOD-20261002T15244264679,KOD,2026-10-02,2026-10-02T11:25:33.582942-04:00,91.0323,-0.1235
CIEN-20261002T15212843581,CIEN,2026-10-02,2026-10-02T11:25:43.855165-04:00,384.1159,-0.0004
MRVL-20261002T15212848675,MRVL,2026-10-02,2026-10-02T11:25:43.855165-04:00,272.2239,0.2368
PRIM-20261002T15212852443,PRIM,2026-10-02,2026-10-02T11:25:43.855165-04:00,77.615,0.1736
BE-20261002T15212856110,BE,2026-10-02,2026-10-02T11:25:43.855165-04:00,288.96,0.252
AAOI-20261002T15212860765,AAOI,2026-10-02,2026-10-02T11:25:43.855165-04:00,114.9684,-0.3028
CRWD-20261002T15212864659,CRWD,2026-10-02,2026-10-02T11:25:43.855165-04:00,268.57,0.545
GOOG-20261002T15213889737,GOOG,2026-10-02,2026-10-02T11:25:43.855165-04:00,338.9858,0.0189
PBF-20261002T15240159877,PBF,2026-10-02,2026-10-02T11:25:43.855165-04:00,78.5346,-0.3602
DK-20261002T15240164064,DK,2026-10-02,2026-10-02T11:25:43.855165-04:00,73.685,-0.3609
KOD-20261002T15244264679,KOD,2026-10-02,2026-10-02T11:25:43.855165-04:00,90.97,-0.055
CIEN-20261002T15212843581,CIEN,2026-10-02,2026-10-02T11:25:54.024804-04:00,384.244,-0.0337
MRVL-20261002T15212848675,MRVL,2026-10-02,2026-10-02T11:25:54.024804-04:00,272.44,0.1576
PRIM-20261002T15212852443,PRIM,2026-10-02,2026-10-02T11:25:54.024804-04:00,77.672,0.1003
BE-20261002T15212856110,BE,2026-10-02,2026-10-02T11:25:54.024804-04:00,289.32,0.1277
AAOI-20261002T15212860765,AAOI,2026-10-02,2026-10-02T11:25:54.024804-04:00,114.8,-0.1559
CRWD-20261002T15212864659,CRWD,2026-10-02,2026-10-02T11:25:54.024804-04:00,268.51,0.5672
GOOG-20261002T15213889737,GOOG,2026-10-02,2026-10-02T11:25:54.024804-04:00,339.1301,-0.0236
PBF-20261002T15240159877,PBF,2026-10-02,2026-10-02T11:25:54.024804-04:00,78.4021,-0.1909
DK-20261002T15240164064,DK,2026-10-02,2026-10-02T11:25:54.024804-04:00,73.67,-0.3405
KOD-20261002T15244264679,KOD,2026-10-02,2026-10-02T11:25:54.024804-04:00,91.07,-0.165
CIEN-20261002T15212843581,CIEN,2026-10-02,2026-10-02T11:26:04.312710-04:00,384.22,-0.0275
MRVL-20261002T15212848675,MRVL,2026-10-02,2026-10-02T11:26:04.312710-04:00,272.46,0.1503
PRIM-20261002T15212852443,PRIM,2026-10-02,2026-10-02T11:26:04.312710-04:00,77.53,0.283
BE-20261002T15212856110,BE,2026-10-02,2026-10-02T11:26:04.312710-04:00,288.96,0.252
AAOI-20261002T15212860765,AAOI,2026-10-02,2026-10-02T11:26:04.312710-04:00,114.7,-0.0686
CRWD-20261002T15212864659,CRWD,2026-10-02,2026-10-02T11:26:04.312710-04:00,268.535,0.5579
GOOG-20261002T15213889737,GOOG,2026-10-02,2026-10-02T11:26:04.312710-04:00,339.16,-0.0324
PBF-20261002T15240159877,PBF,2026-10-02,2026-10-02T11:26:04.312710-04:00,78.626,-0.477
DK-20261002T15240164064,DK,2026-10-02,2026-10-02T11:26:04.312710-04:00,73.79,-0.5039
KOD-20261002T15244264679,KOD,2026-10-02,2026-10-02T11:26:04.312710-04:00,91.07,-0.165
CIEN-20261002T15212843581,CIEN,2026-10-02,2026-10-02T11:26:14.473068-04:00,384.2054,-0.0237
MRVL-20261002T15212848675,MRVL,2026-10-02,2026-10-02T11:26:14.473068-04:00,272.33,0.1979
PRIM-20261002T15212852443,PRIM,2026-10-02,2026-10-02T11:26:14.473068-04:00,77.62,0.1672
BE-20261002T15212856110,BE,2026-10-02,2026-10-02T11:26:14.473068-04:00,289.245,0.1536
AAOI-20261002T15212860765,AAOI,2026-10-02,2026-10-02T11:26:14.473068-04:00,114.83,-0.182
CRWD-20261002T15212864659,CRWD,2026-10-02,2026-10-02T11:26:14.473068-04:00,268.6,0.5339
GOOG-20261002T15213889737,GOOG,2026-10-02,2026-10-02T11:26:14.473068-04:00,339.085,-0.0103
PBF-20261002T15240159877,PBF,2026-10-02,2026-10-02T11:26:14.473068-04:00,78.622,-0.4719
DK-20261002T15240164064,DK,2026-10-02,2026-10-02T11:26:14.473068-04:00,73.745,-0.4427
KOD-20261002T15244264679,KOD,2026-10-02,2026-10-02T11:26:14.473068-04:00,90.9621,-0.0463
CIEN-20261002T15212843581,CIEN,2026-10-02,2026-10-02T11:26:24.640473-04:00,384.1572,-0.0111
MRVL-20261002T15212848675,MRVL,2026-10-02,2026-10-02T11:26:24.640473-04:00,272.5745,0.1083
PRIM-20261002T15212852443,PRIM,2026-10-02,2026-10-02T11:26:24.640473-04:00,77.73,0.0257
BE-20261002T15212856110,BE,2026-10-02,2026-10-02T11:26:24.640473-04:00,289.14,0.1899
AAOI-20261002T15212860765,AAOI,2026-10-02,2026-10-02T11:26:24.640473-04:00,114.805,-0.1602
CRWD-20261002T15212864659,CRWD,2026-10-02,2026-10-02T11:26:24.640473-04:00,268.5,0.5709
GOOG-20261002T15213889737,GOOG,2026-10-02,2026-10-02T11:26:24.640473-04:00,339.2116,-0.0477
PBF-20261002T15240159877,PBF,2026-10-02,2026-10-02T11:26:24.640473-04:00,78.535,-0.3607
DK-20261002T15240164064,DK,2026-10-02,2026-10-02T11:26:24.640473-04:00,73.8063,-0.5262
KOD-20261002T15244264679,KOD,2026-10-02,2026-10-02T11:26:24.640473-04:00,91.131,-0.2321
CIEN-20261002T15212843581,CIEN,2026-10-02,2026-10-02T11:26:34.785895-04:00,384.26,-0.0379
MRVL-20261002T15212848675,MRVL,2026-10-02,2026-10-02T11:26:34.785895-04:00,272.35,0.1906
PRIM-20261002T15212852443,PRIM,2026-10-02,2026-10-02T11:26:34.785895-04:00,77.64,0.1415
BE-20261002T15212856110,BE,2026-10-02,2026-10-02T11:26:34.785895-04:00,289.055,0.2192
AAOI-20261002T15212860765,AAOI,2026-10-02,2026-10-02T11:26:34.785895-04:00,114.8173,-0.171
CRWD-20261002T15212864659,CRWD,2026-10-02,2026-10-02T11:26:34.785895-04:00,268.4575,0.5866
GOOG-20261002T15213889737,GOOG,2026-10-02,2026-10-02T11:26:34.785895-04:00,339.18,-0.0383
PBF-20261002T15240159877,PBF,2026-10-02,2026-10-02T11:26:34.785895-04:00,78.5268,-0.3502
DK-20261002T15240164064,DK,2026-10-02,2026-10-02T11:26:34.785895-04:00,73.725,-0.4154
KOD-20261002T15244264679,KOD,2026-10-02,2026-10-02T11:26:34.785895-04:00,91.0436,-0.1359
CIEN-20261002T15212843581,CIEN,2026-10-02,2026-10-02T11:26:44.969152-04:00,384.535,-0.1095
MRVL-20261002T15212848675,MRVL,2026-10-02,2026-10-02T11:26:44.969152-04:00,272.505,0.1338
PRIM-20261002T15212852443,PRIM,2026-10-02,2026-10-02T11:26:44.969152-04:00,77.77,-0.0257
BE-20261002T15212856110,BE,2026-10-02,2026-10-02T11:26:44.969152-04:00,289.02,0.2313
AAOI-20261002T15212860765,AAOI,2026-10-02,2026-10-02T11:26:44.969152-04:00,114.9,-0.2431
CRWD-20261002T15212864659,CRWD,2026-10-02,2026-10-02T11:26:44.969152-04:00,269.0576,0.3644
GOOG-20261002T15213889737,GOOG,2026-10-02,2026-10-02T11:26:44.969152-04:00,339.13,-0.0236
PBF-20261002T15240159877,PBF,2026-10-02,2026-10-02T11:26:44.969152-04:00,78.5752,-0.4121
DK-20261002T15240164064,DK,2026-10-02,2026-10-02T11:26:44.969152-04:00,74.13,-0.967
KOD-20261002T15244264679,KOD,2026-10-02,2026-10-02T11:26:44.969152-04:00,91.07,-0.165
CIEN-20261002T15212843581,CIEN,2026-10-02,2026-10-02T11:26:55.144949-04:00,384.56,-0.116
MRVL-20261002T15212848675,MRVL,2026-10-02,2026-10-02T11:26:55.144949-04:00,272.6601,0.0769
PRIM-20261002T15212852443,PRIM,2026-10-02,2026-10-02T11:26:55.144949-04:00,77.65,0.1286
BE-20261002T15212856110,BE,2026-10-02,2026-10-02T11:26:55.144949-04:00,288.9262,0.2637
AAOI-20261002T15212860765,AAOI,2026-10-02,2026-10-02T11:26:55.144949-04:00,114.9551,-0.2912
CRWD-20261002T15212864659,CRWD,2026-10-02,2026-10-02T11:26:55.144949-04:00,268.4309,0.5965
GOOG-20261002T15213889737,GOOG,2026-10-02,2026-10-02T11:26:55.144949-04:00,339.2316,-0.0536
PBF-20261002T15240159877,PBF,2026-10-02,2026-10-02T11:26:55.144949-04:00,78.5956,-0.4382
DK-20261002T15240164064,DK,2026-10-02,2026-10-02T11:26:55.144949-04:00,74.08,-0.8989
KOD-20261002T15244264679,KOD,2026-10-02,2026-10-02T11:26:55.144949-04:00,91.26,-0.374
CIEN-20261002T15212843581,CIEN,2026-10-02,2026-10-02T11:27:05.290733-04:00,384.1933,-0.0205
MRVL-20261002T15212848675,MRVL,2026-10-02,2026-10-02T11:27:05.290733-04:00,272.895,-0.0092
PRIM-20261002T15212852443,PRIM,2026-10-02,2026-10-02T11:27:05.290733-04:00,77.6881,0.0796
BE-20261002T15212856110,BE,2026-10-02,2026-10-02T11:27:05.290733-04:00,289.1501,0.1864
AAOI-20261002T15212860765,AAOI,2026-10-02,2026-10-02T11:27:05.290733-04:00,115.15,-0.4612
CRWD-20261002T15212864659,CRWD,2026-10-02,2026-10-02T11:27:05.290733-04:00,268.49,0.5746
GOOG-20261002T15213889737,GOOG,2026-10-02,2026-10-02T11:27:05.290733-04:00,339.2,-0.0442
PBF-20261002T15240159877,PBF,2026-10-02,2026-10-02T11:27:05.290733-04:00,78.5859,-0.4258
DK-20261002T15240164064,DK,2026-10-02,2026-10-02T11:27:05.290733-04:00,74.07,-0.8853
KOD-20261002T15244264679,KOD,2026-10-02,2026-10-02T11:27:05.290733-04:00,91.25,-0.363
CIEN-20261002T15212843581,CIEN,2026-10-02,2026-10-02T11:27:15.640693-04:00,384.1799,-0.017
MRVL-20261002T15212848675,MRVL,2026-10-02,2026-10-02T11:27:15.640693-04:00,272.96,-0.033
PRIM-20261002T15212852443,PRIM,2026-10-02,2026-10-02T11:27:15.640693-04:00,77.74,0.0129
BE-20261002T15212856110,BE,2026-10-02,2026-10-02T11:27:15.640693-04:00,289.09,0.2071
AAOI-20261002T15212860765,AAOI,2026-10-02,2026-10-02T11:27:15.640693-04:00,115.07,-0.3914
CRWD-20261002T15212864659,CRWD,2026-10-02,2026-10-02T11:27:15.640693-04:00,268.49,0.5746
GOOG-20261002T15213889737,GOOG,2026-10-02,2026-10-02T11:27:15.640693-04:00,339.0601,-0.003
PBF-20261002T15240159877,PBF,2026-10-02,2026-10-02T11:27:15.640693-04:00,78.425,-0.2201
DK-20261002T15240164064,DK,2026-10-02,2026-10-02T11:27:15.640693-04:00,74.08,-0.723
KOD-20261002T15244264679,KOD,2026-10-02,2026-10-02T11:27:15.640693-04:00,91.22,-0.33
CIEN-20261002T15212843581,CIEN,2026-10-02,2026-10-02T11:27:26.074731-04:00,384.5,-0.1004
MRVL-20261002T15212848675,MRVL,2026-10-02,2026-10-02T11:27:26.074731-04:00,273.0,-0.0476
PRIM-20261002T15212852443,PRIM,2026-10-02,2026-10-02T11:27:26.074731-04:00,77.74,0.0129
BE-20261002T15212856110,BE,2026-10-02,2026-10-02T11:27:26.074731-04:00,289.29,0.1381
AAOI-20261002T15212860765,AAOI,2026-10-02,2026-10-02T11:27:26.074731-04:00,115.19,-0.4961
CRWD-20261002T15212864659,CRWD,2026-10-02,2026-10-02T11:27:26.074731-04:00,269.4321,0.2257
GOOG-20261002T15213889737,GOOG,2026-10-02,2026-10-02T11:27:26.074731-04:00,339.0887,-0.0114
PBF-20261002T15240159877,PBF,2026-10-02,2026-10-02T11:27:26.074731-04:00,78.5314,-0.3561
KOD-20261002T15244264679,KOD,2026-10-02,2026-10-02T11:27:26.074731-04:00,91.12,-0.22
CIEN-20261002T15212843581,CIEN,2026-10-02,2026-10-02T11:27:36.305660-04:00,384.5,-0.1004
MRVL-20261002T15212848675,MRVL,2026-10-02,2026-10-02T11:27:36.305660-04:00,273.2429,-0.1367
PRIM-20261002T15212852443,PRIM,2026-10-02,2026-10-02T11:27:36.305660-04:00,77.75,-0.0
BE-20261002T15212856110,BE,2026-10-02,2026-10-02T11:27:36.305660-04:00,289.4,0.1001
AAOI-20261002T15212860765,AAOI,2026-10-02,2026-10-02T11:27:36.305660-04:00,115.57,-0.8277
CRWD-20261002T15212864659,CRWD,2026-10-02,2026-10-02T11:27:36.305660-04:00,268.8799,0.4302
GOOG-20261002T15213889737,GOOG,2026-10-02,2026-10-02T11:27:36.305660-04:00,339.322,-0.0802
PBF-20261002T15240159877,PBF,2026-10-02,2026-10-02T11:27:36.305660-04:00,78.61,-0.4566
KOD-20261002T15244264679,KOD,2026-10-02,2026-10-02T11:27:36.305660-04:00,91.16,-0.264
TWLO-20261002T15271606097,TWLO,2026-10-02,2026-10-02T11:27:36.305660-04:00,294.69,-0.1325
CIEN-20261002T15212843581,CIEN,2026-10-02,2026-10-02T11:27:46.524722-04:00,384.4194,-0.0794
MRVL-20261002T15212848675,MRVL,2026-10-02,2026-10-02T11:27:46.524722-04:00,273.2701,-0.1466
PRIM-20261002T15212852443,PRIM,2026-10-02,2026-10-02T11:27:46.524722-04:00,77.65,0.1286
BE-20261002T15212856110,BE,2026-10-02,2026-10-02T11:27:46.524722-04:00,289.4095,0.0968
AAOI-20261002T15212860765,AAOI,2026-10-02,2026-10-02T11:27:46.524722-04:00,115.58,-0.8364
CRWD-20261002T15212864659,CRWD,2026-10-02,2026-10-02T11:27:46.524722-04:00,268.5212,0.563
GOOG-20261002T15213889737,GOOG,2026-10-02,2026-10-02T11:27:46.524722-04:00,339.29,-0.0708
PBF-20261002T15240159877,PBF,2026-10-02,2026-10-02T11:27:46.524722-04:00,78.52,-0.3416
KOD-20261002T15244264679,KOD,2026-10-02,2026-10-02T11:27:46.524722-04:00,91.155,-0.2585
TWLO-20261002T15271606097,TWLO,2026-10-02,2026-10-02T11:27:46.524722-04:00,294.4612,-0.0548
CIEN-20261002T15212843581,CIEN,2026-10-02,2026-10-02T11:27:56.727311-04:00,384.625,-0.1329
MRVL-20261002T15212848675,MRVL,2026-10-02,2026-10-02T11:27:56.727311-04:00,273.2745,-0.1482
PRIM-20261002T15212852443,PRIM,2026-10-02,2026-10-02T11:27:56.727311-04:00,77.745,0.0064
BE-20261002T15212856110,BE,2026-10-02,2026-10-02T11:27:56.727311-04:00,289.13,0.1933
AAOI-20261002T15212860765,AAOI,2026-10-02,2026-10-02T11:27:56.727311-04:00,115.2537,-0.5517
CRWD-20261002T15212864659,CRWD,2026-10-02,2026-10-02T11:27:56.727311-04:00,268.638,0.5198
GOOG-20261002T15213889737,GOOG,2026-10-02,2026-10-02T11:27:56.727311-04:00,339.045,0.0015
PBF-20261002T15240159877,PBF,2026-10-02,2026-10-02T11:27:56.727311-04:00,78.52,-0.3416
KOD-20261002T15244264679,KOD,2026-10-02,2026-10-02T11:27:56.727311-04:00,91.11,-0.209
TWLO-20261002T15271606097,TWLO,2026-10-02,2026-10-02T11:27:56.727311-04:00,294.6556,-0.1208
CIEN-20261002T15212843581,CIEN,2026-10-02,2026-10-02T11:28:06.919130-04:00,384.5058,-0.1019
MRVL-20261002T15212848675,MRVL,2026-10-02,2026-10-02T11:28:06.919130-04:00,273.255,-0.1411
PRIM-20261002T15212852443,PRIM,2026-10-02,2026-10-02T11:28:06.919130-04:00,77.74,0.0129
BE-20261002T15212856110,BE,2026-10-02,2026-10-02T11:28:06.919130-04:00,289.27,0.145
AAOI-20261002T15212860765,AAOI,2026-10-02,2026-10-02T11:28:06.919130-04:00,115.1601,-0.47
CRWD-20261002T15212864659,CRWD,2026-10-02,2026-10-02T11:28:06.919130-04:00,268.645,0.5172
GOOG-20261002T15213889737,GOOG,2026-10-02,2026-10-02T11:28:06.919130-04:00,338.8599,0.0561
PBF-20261002T15240159877,PBF,2026-10-02,2026-10-02T11:28:06.919130-04:00,78.6599,-0.5203
KOD-20261002T15244264679,KOD,2026-10-02,2026-10-02T11:28:06.919130-04:00,91.0,-0.088
TWLO-20261002T15271606097,TWLO,2026-10-02,2026-10-02T11:28:06.919130-04:00,294.7,-0.1359
CIEN-20261002T15212843581,CIEN,2026-10-02,2026-10-02T11:28:17.141674-04:00,384.43,-0.0822
MRVL-20261002T15212848675,MRVL,2026-10-02,2026-10-02T11:28:17.141674-04:00,273.26,-0.1429
PRIM-20261002T15212852443,PRIM,2026-10-02,2026-10-02T11:28:17.141674-04:00,77.725,0.0322
BE-20261002T15212856110,BE,2026-10-02,2026-10-02T11:28:17.141674-04:00,289.265,0.1467
AAOI-20261002T15212860765,AAOI,2026-10-02,2026-10-02T11:28:17.141674-04:00,115.47,-0.7404
CRWD-20261002T15212864659,CRWD,2026-10-02,2026-10-02T11:28:17.141674-04:00,268.645,0.5172
GOOG-20261002T15213889737,GOOG,2026-10-02,2026-10-02T11:28:17.141674-04:00,338.9675,0.0243
PBF-20261002T15240159877,PBF,2026-10-02,2026-10-02T11:28:17.141674-04:00,78.5456,-0.3743
KOD-20261002T15244264679,KOD,2026-10-02,2026-10-02T11:28:17.141674-04:00,91.0,-0.088
TWLO-20261002T15271606097,TWLO,2026-10-02,2026-10-02T11:28:17.141674-04:00,294.6602,-0.1224
CIEN-20261002T15212843581,CIEN,2026-10-02,2026-10-02T11:28:27.364861-04:00,383.835,0.0728
MRVL-20261002T15212848675,MRVL,2026-10-02,2026-10-02T11:28:27.364861-04:00,273.1451,-0.1008
PRIM-20261002T15212852443,PRIM,2026-10-02,2026-10-02T11:28:27.364861-04:00,77.725,0.0322
BE-20261002T15212856110,BE,2026-10-02,2026-10-02T11:28:27.364861-04:00,289.3476,0.1182
AAOI-20261002T15212860765,AAOI,2026-10-02,2026-10-02T11:28:27.364861-04:00,115.46,-0.7317
CRWD-20261002T15212864659,CRWD,2026-10-02,2026-10-02T11:28:27.364861-04:00,268.7033,0.4956
GOOG-20261002T15213889737,GOOG,2026-10-02,2026-10-02T11:28:27.364861-04:00,338.9609,0.0263
PBF-20261002T15240159877,PBF,2026-10-02,2026-10-02T11:28:27.364861-04:00,78.5746,-0.4113
KOD-20261002T15244264679,KOD,2026-10-02,2026-10-02T11:28:27.364861-04:00,90.8512,0.0757
TWLO-20261002T15271606097,TWLO,2026-10-02,2026-10-02T11:28:27.364861-04:00,294.47,-0.0578
CIEN-20261002T15212843581,CIEN,2026-10-02,2026-10-02T11:28:37.610485-04:00,384.0,0.0298
MRVL-20261002T15212848675,MRVL,2026-10-02,2026-10-02T11:28:37.610485-04:00,273.21,-0.1246
PRIM-20261002T15212852443,PRIM,2026-10-02,2026-10-02T11:28:37.610485-04:00,77.7259,0.031
BE-20261002T15212856110,BE,2026-10-02,2026-10-02T11:28:37.610485-04:00,289.093,0.2061
AAOI-20261002T15212860765,AAOI,2026-10-02,2026-10-02T11:28:37.610485-04:00,115.4845,-0.7531
CRWD-20261002T15212864659,CRWD,2026-10-02,2026-10-02T11:28:37.610485-04:00,268.8305,0.4485
GOOG-20261002T15213889737,GOOG,2026-10-02,2026-10-02T11:28:37.610485-04:00,338.98,0.0206
PBF-20261002T15240159877,PBF,2026-10-02,2026-10-02T11:28:37.610485-04:00,78.51,-0.3288
KOD-20261002T15244264679,KOD,2026-10-02,2026-10-02T11:28:37.610485-04:00,91.1037,-0.202
TWLO-20261002T15271606097,TWLO,2026-10-02,2026-10-02T11:28:37.610485-04:00,294.52,-0.0748
CIEN-20261002T15212843581,CIEN,2026-10-02,2026-10-02T11:28:47.861285-04:00,384.11,0.0012
MRVL-20261002T15212848675,MRVL,2026-10-02,2026-10-02T11:28:47.861285-04:00,273.18,-0.1136
PRIM-20261002T15212852443,PRIM,2026-10-02,2026-10-02T11:28:47.861285-04:00,77.712,0.0489
BE-20261002T15212856110,BE,2026-10-02,2026-10-02T11:28:47.861285-04:00,289.1543,0.1849
AAOI-20261002T15212860765,AAOI,2026-10-02,2026-10-02T11:28:47.861285-04:00,115.6766,-0.9207
CRWD-20261002T15212864659,CRWD,2026-10-02,2026-10-02T11:28:47.861285-04:00,268.84,0.445
GOOG-20261002T15213889737,GOOG,2026-10-02,2026-10-02T11:28:47.861285-04:00,339.165,-0.0339
PBF-20261002T15240159877,PBF,2026-10-02,2026-10-02T11:28:47.861285-04:00,78.57,-0.4054
KOD-20261002T15244264679,KOD,2026-10-02,2026-10-02T11:28:47.861285-04:00,90.925,-0.0055
TWLO-20261002T15271606097,TWLO,2026-10-02,2026-10-02T11:28:47.861285-04:00,294.72,-0.1427
CIEN-20261002T15212843581,CIEN,2026-10-02,2026-10-02T11:28:58.067566-04:00,384.1977,-0.0217
MRVL-20261002T15212848675,MRVL,2026-10-02,2026-10-02T11:28:58.067566-04:00,273.2831,-0.1514
PRIM-20261002T15212852443,PRIM,2026-10-02,2026-10-02T11:28:58.067566-04:00,77.725,0.0322
BE-20261002T15212856110,BE,2026-10-02,2026-10-02T11:28:58.067566-04:00,289.04,0.2244
AAOI-20261002T15212860765,AAOI,2026-10-02,2026-10-02T11:28:58.067566-04:00,115.595,-0.8495
CRWD-20261002T15212864659,CRWD,2026-10-02,2026-10-02T11:28:58.067566-04:00,268.7956,0.4614
GOOG-20261002T15213889737,GOOG,2026-10-02,2026-10-02T11:28:58.067566-04:00,339.135,-0.0251
PBF-20261002T15240159877,PBF,2026-10-02,2026-10-02T11:28:58.067566-04:00,78.53,-0.3543
KOD-20261002T15244264679,KOD,2026-10-02,2026-10-02T11:28:58.067566-04:00,90.92,-0.0
TWLO-20261002T15271606097,TWLO,2026-10-02,2026-10-02T11:28:58.067566-04:00,294.87,-0.1937
CIEN-20261002T15212843581,CIEN,2026-10-02,2026-10-02T11:29:08.330906-04:00,384.115,-0.0001
MRVL-20261002T15212848675,MRVL,2026-10-02,2026-10-02T11:29:08.330906-04:00,273.085,-0.0788
PRIM-20261002T15212852443,PRIM,2026-10-02,2026-10-02T11:29:08.330906-04:00,77.7625,-0.0161
BE-20261002T15212856110,BE,2026-10-02,2026-10-02T11:29:08.330906-04:00,289.27,0.145
AAOI-20261002T15212860765,AAOI,2026-10-02,2026-10-02T11:29:08.330906-04:00,115.515,-0.7797
CRWD-20261002T15212864659,CRWD,2026-10-02,2026-10-02T11:29:08.330906-04:00,269.19,0.3154
GOOG-20261002T15213889737,GOOG,2026-10-02,2026-10-02T11:29:08.330906-04:00,339.12,-0.0206
PBF-20261002T15240159877,PBF,2026-10-02,2026-10-02T11:29:08.330906-04:00,78.55,-0.3799
KOD-20261002T15244264679,KOD,2026-10-02,2026-10-02T11:29:08.330906-04:00,90.955,-0.0385
TWLO-20261002T15271606097,TWLO,2026-10-02,2026-10-02T11:29:08.330906-04:00,294.85,-0.1869
CIEN-20261002T15212843581,CIEN,2026-10-02,2026-10-02T11:29:18.689129-04:00,383.85,0.0688
MRVL-20261002T15212848675,MRVL,2026-10-02,2026-10-02T11:29:18.689129-04:00,273.06,-0.0696
PRIM-20261002T15212852443,PRIM,2026-10-02,2026-10-02T11:29:18.689129-04:00,77.76,-0.0129
BE-20261002T15212856110,BE,2026-10-02,2026-10-02T11:29:18.689129-04:00,289.0148,0.2331
AAOI-20261002T15212860765,AAOI,2026-10-02,2026-10-02T11:29:18.689129-04:00,115.605,-0.7044
CRWD-20261002T15212864659,CRWD,2026-10-02,2026-10-02T11:29:18.689129-04:00,268.975,0.395
GOOG-20261002T15213889737,GOOG,2026-10-02,2026-10-02T11:29:18.689129-04:00,338.9773,0.0214
PBF-20261002T15240159877,PBF,2026-10-02,2026-10-02T11:29:18.689129-04:00,78.525,-0.3479
KOD-20261002T15244264679,KOD,2026-10-02,2026-10-02T11:29:18.689129-04:00,90.85,0.077
TWLO-20261002T15271606097,TWLO,2026-10-02,2026-10-02T11:29:18.689129-04:00,295.0882,-0.2678
CIEN-20261002T15212843581,CIEN,2026-10-02,2026-10-02T11:29:29.180814-04:00,383.5,0.16
MRVL-20261002T15212848675,MRVL,2026-10-02,2026-10-02T11:29:29.180814-04:00,272.9,-0.011
PRIM-20261002T15212852443,PRIM,2026-10-02,2026-10-02T11:29:29.180814-04:00,77.76,-0.0129
BE-20261002T15212856110,BE,2026-10-02,2026-10-02T11:29:29.180814-04:00,289.02,0.2313
CRWD-20261002T15212864659,CRWD,2026-10-02,2026-10-02T11:29:29.180814-04:00,268.975,0.395
GOOG-20261002T15213889737,GOOG,2026-10-02,2026-10-02T11:29:29.180814-04:00,339.03,0.0059
PBF-20261002T15240159877,PBF,2026-10-02,2026-10-02T11:29:29.180814-04:00,78.5358,-0.3617
KOD-20261002T15244264679,KOD,2026-10-02,2026-10-02T11:29:29.180814-04:00,90.7642,0.1714
TWLO-20261002T15271606097,TWLO,2026-10-02,2026-10-02T11:29:29.180814-04:00,294.7387,-0.1491
CIEN-20261002T15212843581,CIEN,2026-10-02,2026-10-02T11:29:39.384062-04:00,383.8,0.0819
MRVL-20261002T15212848675,MRVL,2026-10-02,2026-10-02T11:29:39.384062-04:00,272.92,-0.0183
PRIM-20261002T15212852443,PRIM,2026-10-02,2026-10-02T11:29:39.384062-04:00,77.76,-0.0129
BE-20261002T15212856110,BE,2026-10-02,2026-10-02T11:29:39.384062-04:00,289.2,0.1691
CRWD-20261002T15212864659,CRWD,2026-10-02,2026-10-02T11:29:39.384062-04:00,268.9692,0.3971
GOOG-20261002T15213889737,GOOG,2026-10-02,2026-10-02T11:29:39.384062-04:00,339.0,0.0147
PBF-20261002T15240159877,PBF,2026-10-02,2026-10-02T11:29:39.384062-04:00,78.6087,-0.4549
KOD-20261002T15244264679,KOD,2026-10-02,2026-10-02T11:29:39.384062-04:00,90.818,0.1122
TWLO-20261002T15271606097,TWLO,2026-10-02,2026-10-02T11:29:39.384062-04:00,295.1,-0.2718
CIEN-20261002T15212843581,CIEN,2026-10-02,2026-10-02T11:29:49.664249-04:00,383.9863,0.0334
MRVL-20261002T15212848675,MRVL,2026-10-02,2026-10-02T11:29:49.664249-04:00,273.072,-0.074
PRIM-20261002T15212852443,PRIM,2026-10-02,2026-10-02T11:29:49.664249-04:00,77.8,-0.0643
BE-20261002T15212856110,BE,2026-10-02,2026-10-02T11:29:49.664249-04:00,289.076,0.212
CRWD-20261002T15212864659,CRWD,2026-10-02,2026-10-02T11:29:49.664249-04:00,268.9,0.4228
GOOG-20261002T15213889737,GOOG,2026-10-02,2026-10-02T11:29:49.664249-04:00,339.0315,0.0055
PBF-20261002T15240159877,PBF,2026-10-02,2026-10-02T11:29:49.664249-04:00,78.68,-0.546
KOD-20261002T15244264679,KOD,2026-10-02,2026-10-02T11:29:49.664249-04:00,90.85,0.077
TWLO-20261002T15271606097,TWLO,2026-10-02,2026-10-02T11:29:49.664249-04:00,294.9409,-0.2178
CIEN-20261002T15212843581,CIEN,2026-10-02,2026-10-02T11:29:59.909319-04:00,384.28,-0.0431
MRVL-20261002T15212848675,MRVL,2026-10-02,2026-10-02T11:29:59.909319-04:00,273.18,-0.1136
PRIM-20261002T15212852443,PRIM,2026-10-02,2026-10-02T11:29:59.909319-04:00,77.92,-0.2186
BE-20261002T15212856110,BE,2026-10-02,2026-10-02T11:29:59.909319-04:00,289.96,-0.0932
CRWD-20261002T15212864659,CRWD,2026-10-02,2026-10-02T11:29:59.909319-04:00,269.0512,0.3668
GOOG-20261002T15213889737,GOOG,2026-10-02,2026-10-02T11:29:59.909319-04:00,339.0,0.0147
PBF-20261002T15240159877,PBF,2026-10-02,2026-10-02T11:29:59.909319-04:00,78.69,-0.5588
KOD-20261002T15244264679,KOD,2026-10-02,2026-10-02T11:29:59.909319-04:00,90.9457,-0.0283
TWLO-20261002T15271606097,TWLO,2026-10-02,2026-10-02T11:29:59.909319-04:00,295.19,-0.3024
CIEN-20261002T15212843581,CIEN,2026-10-02,2026-10-02T11:30:10.238344-04:00,384.17,-0.0145
MRVL-20261002T15212848675,MRVL,2026-10-02,2026-10-02T11:30:10.238344-04:00,273.16,-0.1063
PRIM-20261002T15212852443,PRIM,2026-10-02,2026-10-02T11:30:10.238344-04:00,77.7815,-0.0405
BE-20261002T15212856110,BE,2026-10-02,2026-10-02T11:30:10.238344-04:00,289.762,-0.0249
CRWD-20261002T15212864659,CRWD,2026-10-02,2026-10-02T11:30:10.238344-04:00,269.355,0.2543
GOOG-20261002T15213889737,GOOG,2026-10-02,2026-10-02T11:30:10.238344-04:00,338.9873,0.0185
PBF-20261002T15240159877,PBF,2026-10-02,2026-10-02T11:30:10.238344-04:00,78.67,-0.5332
KOD-20261002T15244264679,KOD,2026-10-02,2026-10-02T11:30:10.238344-04:00,90.9331,-0.0144
TWLO-20261002T15271606097,TWLO,2026-10-02,2026-10-02T11:30:10.238344-04:00,295.65,-0.4587
CIEN-20261002T15212843581,CIEN,2026-10-02,2026-10-02T11:30:20.803314-04:00,384.2366,-0.0318
MRVL-20261002T15212848675,MRVL,2026-10-02,2026-10-02T11:30:20.803314-04:00,272.9165,-0.017
PRIM-20261002T15212852443,PRIM,2026-10-02,2026-10-02T11:30:20.803314-04:00,77.945,-0.2508
CRWD-20261002T15212864659,CRWD,2026-10-02,2026-10-02T11:30:20.803314-04:00,269.17,0.3228
GOOG-20261002T15213889737,GOOG,2026-10-02,2026-10-02T11:30:20.803314-04:00,338.924,0.0372
PBF-20261002T15240159877,PBF,2026-10-02,2026-10-02T11:30:20.803314-04:00,78.67,-0.5332
KOD-20261002T15244264679,KOD,2026-10-02,2026-10-02T11:30:20.803314-04:00,90.854,0.0726
TWLO-20261002T15271606097,TWLO,2026-10-02,2026-10-02T11:30:20.803314-04:00,295.39,-0.3704
CIEN-20261002T15212843581,CIEN,2026-10-02,2026-10-02T11:30:30.978973-04:00,384.2248,-0.0287
MRVL-20261002T15212848675,MRVL,2026-10-02,2026-10-02T11:30:30.978973-04:00,272.7747,0.0349
PRIM-20261002T15212852443,PRIM,2026-10-02,2026-10-02T11:30:30.978973-04:00,77.865,-0.1479
CRWD-20261002T15212864659,CRWD,2026-10-02,2026-10-02T11:30:30.978973-04:00,269.13,0.3376
GOOG-20261002T15213889737,GOOG,2026-10-02,2026-10-02T11:30:30.978973-04:00,338.8,0.0737
PBF-20261002T15240159877,PBF,2026-10-02,2026-10-02T11:30:30.978973-04:00,78.61,-0.4566
KOD-20261002T15244264679,KOD,2026-10-02,2026-10-02T11:30:30.978973-04:00,90.985,-0.0715
TWLO-20261002T15271606097,TWLO,2026-10-02,2026-10-02T11:30:30.978973-04:00,295.35,-0.3568
CIEN-20261002T15212843581,CIEN,2026-10-02,2026-10-02T11:30:41.204246-04:00,383.9334,0.0471
MRVL-20261002T15212848675,MRVL,2026-10-02,2026-10-02T11:30:41.204246-04:00,272.9,-0.011
PRIM-20261002T15212852443,PRIM,2026-10-02,2026-10-02T11:30:41.204246-04:00,77.945,-0.2508
CRWD-20261002T15212864659,CRWD,2026-10-02,2026-10-02T11:30:41.204246-04:00,269.09,0.3524
GOOG-20261002T15213889737,GOOG,2026-10-02,2026-10-02T11:30:41.204246-04:00,338.84,0.0619
PBF-20261002T15240159877,PBF,2026-10-02,2026-10-02T11:30:41.204246-04:00,78.7,-0.5716
KOD-20261002T15244264679,KOD,2026-10-02,2026-10-02T11:30:41.204246-04:00,90.7975,0.1347
TWLO-20261002T15271606097,TWLO,2026-10-02,2026-10-02T11:30:41.204246-04:00,295.375,-0.3653
CIEN-20261002T15212843581,CIEN,2026-10-02,2026-10-02T11:30:51.392386-04:00,383.645,0.1222
MRVL-20261002T15212848675,MRVL,2026-10-02,2026-10-02T11:30:51.392386-04:00,272.8243,0.0167
PRIM-20261002T15212852443,PRIM,2026-10-02,2026-10-02T11:30:51.392386-04:00,77.945,-0.2508
CRWD-20261002T15212864659,CRWD,2026-10-02,2026-10-02T11:30:51.392386-04:00,269.055,0.3654
GOOG-20261002T15213889737,GOOG,2026-10-02,2026-10-02T11:30:51.392386-04:00,338.645,0.1195
PBF-20261002T15240159877,PBF,2026-10-02,2026-10-02T11:30:51.392386-04:00,78.76,-0.6482
KOD-20261002T15244264679,KOD,2026-10-02,2026-10-02T11:30:51.392386-04:00,91.2848,-0.4012
TWLO-20261002T15271606097,TWLO,2026-10-02,2026-10-02T11:30:51.392386-04:00,294.8278,-0.1793
CIEN-20261002T15212843581,CIEN,2026-10-02,2026-10-02T11:31:01.543482-04:00,383.66,0.1183
MRVL-20261002T15212848675,MRVL,2026-10-02,2026-10-02T11:31:01.543482-04:00,272.89,-0.0073
PRIM-20261002T15212852443,PRIM,2026-10-02,2026-10-02T11:31:01.543482-04:00,77.945,-0.2508
CRWD-20261002T15212864659,CRWD,2026-10-02,2026-10-02T11:31:01.543482-04:00,269.16,0.3265
GOOG-20261002T15213889737,GOOG,2026-10-02,2026-10-02T11:31:01.543482-04:00,338.685,0.1077
PBF-20261002T15240159877,PBF,2026-10-02,2026-10-02T11:31:01.543482-04:00,78.74,-0.6227
KOD-20261002T15244264679,KOD,2026-10-02,2026-10-02T11:31:01.543482-04:00,90.99,-0.077
TWLO-20261002T15271606097,TWLO,2026-10-02,2026-10-02T11:31:01.543482-04:00,295.305,-0.3415
CIEN-20261002T15212843581,CIEN,2026-10-02,2026-10-02T11:31:12.094683-04:00,384.435,-0.0835
MRVL-20261002T15212848675,MRVL,2026-10-02,2026-10-02T11:31:12.094683-04:00,272.845,0.0092
PRIM-20261002T15212852443,PRIM,2026-10-02,2026-10-02T11:31:12.094683-04:00,78.01,-0.3344
CRWD-20261002T15212864659,CRWD,2026-10-02,2026-10-02T11:31:12.094683-04:00,269.01,0.382
GOOG-20261002T15213889737,GOOG,2026-10-02,2026-10-02T11:31:12.094683-04:00,338.56,0.1445
PBF-20261002T15240159877,PBF,2026-10-02,2026-10-02T11:31:12.094683-04:00,78.875,-0.6574
KOD-20261002T15244264679,KOD,2026-10-02,2026-10-02T11:31:12.094683-04:00,91.18,-0.286
TWLO-20261002T15271606097,TWLO,2026-10-02,2026-10-02T11:31:12.094683-04:00,295.33,-0.35
CIEN-20261002T15212843581,CIEN,2026-10-02,2026-10-02T11:31:22.602575-04:00,384.44,-0.0848
MRVL-20261002T15212848675,MRVL,2026-10-02,2026-10-02T11:31:22.602575-04:00,272.93,-0.022
PRIM-20261002T15212852443,PRIM,2026-10-02,2026-10-02T11:31:22.602575-04:00,78.01,-0.3344
CRWD-20261002T15212864659,CRWD,2026-10-02,2026-10-02T11:31:22.602575-04:00,269.0301,0.3746
GOOG-20261002T15213889737,GOOG,2026-10-02,2026-10-02T11:31:22.602575-04:00,338.745,0.09
KOD-20261002T15244264679,KOD,2026-10-02,2026-10-02T11:31:22.602575-04:00,90.96,-0.044
TWLO-20261002T15271606097,TWLO,2026-10-02,2026-10-02T11:31:22.602575-04:00,295.32,-0.3466
CIEN-20261002T15212843581,CIEN,2026-10-02,2026-10-02T11:31:32.922576-04:00,384.515,-0.1043
MRVL-20261002T15212848675,MRVL,2026-10-02,2026-10-02T11:31:32.922576-04:00,272.91,-0.0147
PRIM-20261002T15212852443,PRIM,2026-10-02,2026-10-02T11:31:32.922576-04:00,77.945,-0.2508
CRWD-20261002T15212864659,CRWD,2026-10-02,2026-10-02T11:31:32.922576-04:00,269.22,0.3043
GOOG-20261002T15213889737,GOOG,2026-10-02,2026-10-02T11:31:32.922576-04:00,338.7555,0.0869
KOD-20261002T15244264679,KOD,2026-10-02,2026-10-02T11:31:32.922576-04:00,90.93,-0.011
TWLO-20261002T15271606097,TWLO,2026-10-02,2026-10-02T11:31:32.922576-04:00,295.3104,-0.3433
CIEN-20261002T15212843581,CIEN,2026-10-02,2026-10-02T11:31:43.161394-04:00,384.52,-0.1056
MRVL-20261002T15212848675,MRVL,2026-10-02,2026-10-02T11:31:43.161394-04:00,272.9598,-0.0329
PRIM-20261002T15212852443,PRIM,2026-10-02,2026-10-02T11:31:43.161394-04:00,77.917,-0.2148
CRWD-20261002T15212864659,CRWD,2026-10-02,2026-10-02T11:31:43.161394-04:00,269.0713,0.3593
GOOG-20261002T15213889737,GOOG,2026-10-02,2026-10-02T11:31:43.161394-04:00,338.8068,0.0717
KOD-20261002T15244264679,KOD,2026-10-02,2026-10-02T11:31:43.161394-04:00,91.16,-0.264
TWLO-20261002T15271606097,TWLO,2026-10-02,2026-10-02T11:31:43.161394-04:00,295.2674,-0.3287
CIEN-20261002T15212843581,CIEN,2026-10-02,2026-10-02T11:31:53.391177-04:00,384.5183,-0.1051
MRVL-20261002T15212848675,MRVL,2026-10-02,2026-10-02T11:31:53.391177-04:00,273.1403,-0.0991
PRIM-20261002T15212852443,PRIM,2026-10-02,2026-10-02T11:31:53.391177-04:00,77.945,-0.2508
CRWD-20261002T15212864659,CRWD,2026-10-02,2026-10-02T11:31:53.391177-04:00,269.34,0.2598
GOOG-20261002T15213889737,GOOG,2026-10-02,2026-10-02T11:31:53.391177-04:00,338.88,0.0501
KOD-20261002T15244264679,KOD,2026-10-02,2026-10-02T11:31:53.391177-04:00,90.94,-0.022
TWLO-20261002T15271606097,TWLO,2026-10-02,2026-10-02T11:31:53.391177-04:00,295.48,-0.401
CIEN-20261002T15212843581,CIEN,2026-10-02,2026-10-02T11:32:03.658203-04:00,384.4795,-0.095
MRVL-20261002T15212848675,MRVL,2026-10-02,2026-10-02T11:32:03.658203-04:00,273.21,-0.1246
PRIM-20261002T15212852443,PRIM,2026-10-02,2026-10-02T11:32:03.658203-04:00,77.945,-0.2508
CRWD-20261002T15212864659,CRWD,2026-10-02,2026-10-02T11:32:03.658203-04:00,269.2512,0.2927
GOOG-20261002T15213889737,GOOG,2026-10-02,2026-10-02T11:32:03.658203-04:00,338.9487,0.0299
KOD-20261002T15244264679,KOD,2026-10-02,2026-10-02T11:32:03.658203-04:00,90.93,-0.011
TWLO-20261002T15271606097,TWLO,2026-10-02,2026-10-02T11:32:03.658203-04:00,295.62,-0.4485
CIEN-20261002T15212843581,CIEN,2026-10-02,2026-10-02T11:32:13.915164-04:00,384.52,-0.1056
MRVL-20261002T15212848675,MRVL,2026-10-02,2026-10-02T11:32:13.915164-04:00,273.1599,-0.1062
PRIM-20261002T15212852443,PRIM,2026-10-02,2026-10-02T11:32:13.915164-04:00,77.975,-0.2894
CRWD-20261002T15212864659,CRWD,2026-10-02,2026-10-02T11:32:13.915164-04:00,269.35,0.2561
GOOG-20261002T15213889737,GOOG,2026-10-02,2026-10-02T11:32:13.915164-04:00,338.9301,0.0354
KOD-20261002T15244264679,KOD,2026-10-02,2026-10-02T11:32:13.915164-04:00,91.06,-0.154
TWLO-20261002T15271606097,TWLO,2026-10-02,2026-10-02T11:32:13.915164-04:00,295.4059,-0.3758
CIEN-20261002T15212843581,CIEN,2026-10-02,2026-10-02T11:32:24.137892-04:00,384.1799,-0.017
MRVL-20261002T15212848675,MRVL,2026-10-02,2026-10-02T11:32:24.137892-04:00,273.28,-0.1503
PRIM-20261002T15212852443,PRIM,2026-10-02,2026-10-02T11:32:24.137892-04:00,77.9692,-0.2819
CRWD-20261002T15212864659,CRWD,2026-10-02,2026-10-02T11:32:24.137892-04:00,269.4488,0.2195
GOOG-20261002T15213889737,GOOG,2026-10-02,2026-10-02T11:32:24.137892-04:00,338.8558,0.0573
KOD-20261002T15244264679,KOD,2026-10-02,2026-10-02T11:32:24.137892-04:00,90.86,0.066
TWLO-20261002T15271606097,TWLO,2026-10-02,2026-10-02T11:32:24.137892-04:00,295.5812,-0.4353
CIEN-20261002T15212843581,CIEN,2026-10-02,2026-10-02T11:32:34.410771-04:00,384.455,-0.0887
MRVL-20261002T15212848675,MRVL,2026-10-02,2026-10-02T11:32:34.410771-04:00,273.27,-0.1466
PRIM-20261002T15212852443,PRIM,2026-10-02,2026-10-02T11:32:34.410771-04:00,77.975,-0.2894
CRWD-20261002T15212864659,CRWD,2026-10-02,2026-10-02T11:32:34.410771-04:00,269.3829,0.244
GOOG-20261002T15213889737,GOOG,2026-10-02,2026-10-02T11:32:34.410771-04:00,338.8688,0.0534
KOD-20261002T15244264679,KOD,2026-10-02,2026-10-02T11:32:34.410771-04:00,90.8711,0.0538
TWLO-20261002T15271606097,TWLO,2026-10-02,2026-10-02T11:32:34.410771-04:00,295.5808,-0.4352
CIEN-20261002T15212843581,CIEN,2026-10-02,2026-10-02T11:32:44.657791-04:00,384.6017,-0.1269
MRVL-20261002T15212848675,MRVL,2026-10-02,2026-10-02T11:32:44.657791-04:00,273.345,-0.1741
PRIM-20261002T15212852443,PRIM,2026-10-02,2026-10-02T11:32:44.657791-04:00,77.94,-0.2444
CRWD-20261002T15212864659,CRWD,2026-10-02,2026-10-02T11:32:44.657791-04:00,269.46,0.2154
GOOG-20261002T15213889737,GOOG,2026-10-02,2026-10-02T11:32:44.657791-04:00,338.8001,0.0737
KOD-20261002T15244264679,KOD,2026-10-02,2026-10-02T11:32:44.657791-04:00,90.86,0.066
TWLO-20261002T15271606097,TWLO,2026-10-02,2026-10-02T11:32:44.657791-04:00,294.97,-0.2277
CIEN-20261002T15212843581,CIEN,2026-10-02,2026-10-02T11:32:54.920353-04:00,384.405,-0.0756
MRVL-20261002T15212848675,MRVL,2026-10-02,2026-10-02T11:32:54.920353-04:00,273.35,-0.1759
PRIM-20261002T15212852443,PRIM,2026-10-02,2026-10-02T11:32:54.920353-04:00,77.9711,-0.2844
CRWD-20261002T15212864659,CRWD,2026-10-02,2026-10-02T11:32:54.920353-04:00,269.0303,0.3745
GOOG-20261002T15213889737,GOOG,2026-10-02,2026-10-02T11:32:54.920353-04:00,338.9259,0.0366
KOD-20261002T15244264679,KOD,2026-10-02,2026-10-02T11:32:54.920353-04:00,90.86,0.066
TWLO-20261002T15271606097,TWLO,2026-10-02,2026-10-02T11:32:54.920353-04:00,295.4422,-0.3881
CIEN-20261002T15212843581,CIEN,2026-10-02,2026-10-02T11:33:05.174297-04:00,384.4593,-0.0898
MRVL-20261002T15212848675,MRVL,2026-10-02,2026-10-02T11:33:05.174297-04:00,273.4,-0.1942
PRIM-20261002T15212852443,PRIM,2026-10-02,2026-10-02T11:33:05.174297-04:00,77.975,-0.2894
CRWD-20261002T15212864659,CRWD,2026-10-02,2026-10-02T11:33:05.174297-04:00,269.5,0.2006
GOOG-20261002T15213889737,GOOG,2026-10-02,2026-10-02T11:33:05.174297-04:00,338.9846,0.0193
KOD-20261002T15244264679,KOD,2026-10-02,2026-10-02T11:33:05.174297-04:00,90.855,0.0715
TWLO-20261002T15271606097,TWLO,2026-10-02,2026-10-02T11:33:05.174297-04:00,295.1619,-0.2929
CIEN-20261002T15212843581,CIEN,2026-10-02,2026-10-02T11:33:15.825303-04:00,384.1679,-0.0139
CRWD-20261002T15212864659,CRWD,2026-10-02,2026-10-02T11:33:15.825303-04:00,269.0009,0.3854
GOOG-20261002T15213889737,GOOG,2026-10-02,2026-10-02T11:33:15.825303-04:00,338.96,0.0265
KOD-20261002T15244264679,KOD,2026-10-02,2026-10-02T11:33:15.825303-04:00,90.9,0.022
TWLO-20261002T15271606097,TWLO,2026-10-02,2026-10-02T11:33:15.825303-04:00,295.03,-0.248
CIEN-20261002T15212843581,CIEN,2026-10-02,2026-10-02T11:33:26.102185-04:00,384.5037,-0.1013
CRWD-20261002T15212864659,CRWD,2026-10-02,2026-10-02T11:33:26.102185-04:00,269.5,0.2006
GOOG-20261002T15213889737,GOOG,2026-10-02,2026-10-02T11:33:26.102185-04:00,338.9835,0.0196
KOD-20261002T15244264679,KOD,2026-10-02,2026-10-02T11:33:26.102185-04:00,90.8464,0.081
TWLO-20261002T15271606097,TWLO,2026-10-02,2026-10-02T11:33:26.102185-04:00,295.03,-0.248
P-20261002T15330581541,P,2026-10-02,2026-10-02T11:33:26.102185-04:00,138.32,-0.0796
CIEN-20261002T15212843581,CIEN,2026-10-02,2026-10-02T11:33:36.267032-04:00,385.28,-0.3034
CRWD-20261002T15212864659,CRWD,2026-10-02,2026-10-02T11:33:36.267032-04:00,269.94,0.0376
GOOG-20261002T15213889737,GOOG,2026-10-02,2026-10-02T11:33:36.267032-04:00,339.055,-0.0015
KOD-20261002T15244264679,KOD,2026-10-02,2026-10-02T11:33:36.267032-04:00,90.9577,-0.0415
TWLO-20261002T15271606097,TWLO,2026-10-02,2026-10-02T11:33:36.267032-04:00,295.025,-0.2463
P-20261002T15330581541,P,2026-10-02,2026-10-02T11:33:36.267032-04:00,138.4073,-0.1428
CIEN-20261002T15212843581,CIEN,2026-10-02,2026-10-02T11:33:46.497159-04:00,384.6425,-0.1375
CRWD-20261002T15212864659,CRWD,2026-10-02,2026-10-02T11:33:46.497159-04:00,269.73,0.1154
GOOG-20261002T15213889737,GOOG,2026-10-02,2026-10-02T11:33:46.497159-04:00,339.0658,-0.0047
KOD-20261002T15244264679,KOD,2026-10-02,2026-10-02T11:33:46.497159-04:00,90.4966,0.4657
TWLO-20261002T15271606097,TWLO,2026-10-02,2026-10-02T11:33:46.497159-04:00,295.015,-0.2429
P-20261002T15330581541,P,2026-10-02,2026-10-02T11:33:46.497159-04:00,138.6459,-0.3154
CIEN-20261002T15212843581,CIEN,2026-10-02,2026-10-02T11:33:56.852905-04:00,385.22,-0.2878
CRWD-20261002T15212864659,CRWD,2026-10-02,2026-10-02T11:33:56.852905-04:00,269.61,0.1599
GOOG-20261002T15213889737,GOOG,2026-10-02,2026-10-02T11:33:56.852905-04:00,339.07,-0.0059
KOD-20261002T15244264679,KOD,2026-10-02,2026-10-02T11:33:56.852905-04:00,90.85,0.077
TWLO-20261002T15271606097,TWLO,2026-10-02,2026-10-02T11:33:56.852905-04:00,295.18,-0.299
P-20261002T15330581541,P,2026-10-02,2026-10-02T11:33:56.852905-04:00,138.6454,-0.315
CIEN-20261002T15212843581,CIEN,2026-10-02,2026-10-02T11:34:07.157527-04:00,385.25,-0.2956
CRWD-20261002T15212864659,CRWD,2026-10-02,2026-10-02T11:34:07.157527-04:00,269.64,0.1487
GOOG-20261002T15213889737,GOOG,2026-10-02,2026-10-02T11:34:07.157527-04:00,339.05,-0.0
KOD-20261002T15244264679,KOD,2026-10-02,2026-10-02T11:34:07.157527-04:00,90.8278,0.1014
TWLO-20261002T15271606097,TWLO,2026-10-02,2026-10-02T11:34:07.157527-04:00,295.082,-0.2657
P-20261002T15330581541,P,2026-10-02,2026-10-02T11:34:07.157527-04:00,138.5547,-0.2494
CIEN-20261002T15212843581,CIEN,2026-10-02,2026-10-02T11:34:17.410162-04:00,384.8262,-0.1853
CRWD-20261002T15212864659,CRWD,2026-10-02,2026-10-02T11:34:17.410162-04:00,269.63,0.1524
GOOG-20261002T15213889737,GOOG,2026-10-02,2026-10-02T11:34:17.410162-04:00,339.1605,-0.0326
KOD-20261002T15244264679,KOD,2026-10-02,2026-10-02T11:34:17.410162-04:00,91.0,-0.088
TWLO-20261002T15271606097,TWLO,2026-10-02,2026-10-02T11:34:17.410162-04:00,295.2138,-0.3105
P-20261002T15330581541,P,2026-10-02,2026-10-02T11:34:17.410162-04:00,138.605,-0.2858
CIEN-20261002T15212843581,CIEN,2026-10-02,2026-10-02T11:34:27.890627-04:00,385.59,-0.3841
CRWD-20261002T15212864659,CRWD,2026-10-02,2026-10-02T11:34:27.890627-04:00,269.5,0.2006
GOOG-20261002T15213889737,GOOG,2026-10-02,2026-10-02T11:34:27.890627-04:00,339.1501,-0.0295
KOD-20261002T15244264679,KOD,2026-10-02,2026-10-02T11:34:27.890627-04:00,91.1667,-0.2713
TWLO-20261002T15271606097,TWLO,2026-10-02,2026-10-02T11:34:27.890627-04:00,294.93,-0.2141
P-20261002T15330581541,P,2026-10-02,2026-10-02T11:34:27.890627-04:00,138.61,-0.2894
CIEN-20261002T15212843581,CIEN,2026-10-02,2026-10-02T11:34:38.303896-04:00,385.3,-0.3086
CRWD-20261002T15212864659,CRWD,2026-10-02,2026-10-02T11:34:38.303896-04:00,269.6116,0.1593
GOOG-20261002T15213889737,GOOG,2026-10-02,2026-10-02T11:34:38.303896-04:00,339.07,-0.0059
KOD-20261002T15244264679,KOD,2026-10-02,2026-10-02T11:34:38.303896-04:00,91.115,-0.2145
TWLO-20261002T15271606097,TWLO,2026-10-02,2026-10-02T11:34:38.303896-04:00,295.2773,-0.3321
P-20261002T15330581541,P,2026-10-02,2026-10-02T11:34:38.303896-04:00,138.6396,-0.3108
CIEN-20261002T15212843581,CIEN,2026-10-02,2026-10-02T11:34:48.733355-04:00,385.6,-0.3867
CRWD-20261002T15212864659,CRWD,2026-10-02,2026-10-02T11:34:48.733355-04:00,269.55,0.1821
GOOG-20261002T15213889737,GOOG,2026-10-02,2026-10-02T11:34:48.733355-04:00,339.2015,-0.0447
KOD-20261002T15244264679,KOD,2026-10-02,2026-10-02T11:34:48.733355-04:00,91.09,-0.187
TWLO-20261002T15271606097,TWLO,2026-10-02,2026-10-02T11:34:48.733355-04:00,294.9761,-0.2297
P-20261002T15330581541,P,2026-10-02,2026-10-02T11:34:48.733355-04:00,138.637,-0.309
CIEN-20261002T15212843581,CIEN,2026-10-02,2026-10-02T11:34:59.187556-04:00,385.25,-0.2956
CRWD-20261002T15212864659,CRWD,2026-10-02,2026-10-02T11:34:59.187556-04:00,269.59,0.1673
GOOG-20261002T15213889737,GOOG,2026-10-02,2026-10-02T11:34:59.187556-04:00,339.1983,-0.0437
KOD-20261002T15244264679,KOD,2026-10-02,2026-10-02T11:34:59.187556-04:00,91.4199,-0.5498
TWLO-20261002T15271606097,TWLO,2026-10-02,2026-10-02T11:34:59.187556-04:00,295.0532,-0.2559
P-20261002T15330581541,P,2026-10-02,2026-10-02T11:34:59.187556-04:00,138.6247,-0.3001
CIEN-20261002T15212843581,CIEN,2026-10-02,2026-10-02T11:35:09.654242-04:00,385.6,-0.3867
CRWD-20261002T15212864659,CRWD,2026-10-02,2026-10-02T11:35:09.654242-04:00,269.4153,0.232
GOOG-20261002T15213889737,GOOG,2026-10-02,2026-10-02T11:35:09.654242-04:00,339.17,-0.0354
KOD-20261002T15244264679,KOD,2026-10-02,2026-10-02T11:35:09.654242-04:00,91.175,-0.2805
TWLO-20261002T15271606097,TWLO,2026-10-02,2026-10-02T11:35:09.654242-04:00,294.82,-0.1767
P-20261002T15330581541,P,2026-10-02,2026-10-02T11:35:09.654242-04:00,138.64,-0.3111
CIEN-20261002T15212843581,CIEN,2026-10-02,2026-10-02T11:35:20.407851-04:00,385.755,-0.4271
GOOG-20261002T15213889737,GOOG,2026-10-02,2026-10-02T11:35:20.407851-04:00,339.0714,-0.0063
KOD-20261002T15244264679,KOD,2026-10-02,2026-10-02T11:35:20.407851-04:00,91.3,-0.4179
TWLO-20261002T15271606097,TWLO,2026-10-02,2026-10-02T11:35:20.407851-04:00,294.6707,-0.126
P-20261002T15330581541,P,2026-10-02,2026-10-02T11:35:20.407851-04:00,138.7174,-0.3671
CIEN-20261002T15212843581,CIEN,2026-10-02,2026-10-02T11:35:31.299003-04:00,385.8899,-0.4622
GOOG-20261002T15213889737,GOOG,2026-10-02,2026-10-02T11:35:31.299003-04:00,339.07,-0.0059
KOD-20261002T15244264679,KOD,2026-10-02,2026-10-02T11:35:31.299003-04:00,91.16,-0.264
TWLO-20261002T15271606097,TWLO,2026-10-02,2026-10-02T11:35:31.299003-04:00,294.62,-0.1087
P-20261002T15330581541,P,2026-10-02,2026-10-02T11:35:31.299003-04:00,138.66,-0.3256
GOOG-20261002T15213889737,GOOG,2026-10-02,2026-10-02T11:35:41.849424-04:00,339.0801,-0.0089
KOD-20261002T15244264679,KOD,2026-10-02,2026-10-02T11:35:41.849424-04:00,91.22,-0.33
TWLO-20261002T15271606097,TWLO,2026-10-02,2026-10-02T11:35:41.849424-04:00,294.8186,-0.1762
P-20261002T15330581541,P,2026-10-02,2026-10-02T11:35:41.849424-04:00,138.66,-0.3256
GOOG-20261002T15213889737,GOOG,2026-10-02,2026-10-02T11:35:52.267026-04:00,339.08,-0.0088
KOD-20261002T15244264679,KOD,2026-10-02,2026-10-02T11:35:52.267026-04:00,91.23,-0.341
TWLO-20261002T15271606097,TWLO,2026-10-02,2026-10-02T11:35:52.267026-04:00,295.1931,-0.3035
P-20261002T15330581541,P,2026-10-02,2026-10-02T11:35:52.267026-04:00,138.66,-0.3256
GOOG-20261002T15213889737,GOOG,2026-10-02,2026-10-02T11:36:02.685053-04:00,339.105,-0.0162
KOD-20261002T15244264679,KOD,2026-10-02,2026-10-02T11:36:02.685053-04:00,91.16,-0.264
TWLO-20261002T15271606097,TWLO,2026-10-02,2026-10-02T11:36:02.685053-04:00,294.82,-0.1767
P-20261002T15330581541,P,2026-10-02,2026-10-02T11:36:02.685053-04:00,138.76,-0.3979
GOOG-20261002T15213889737,GOOG,2026-10-02,2026-10-02T11:36:13.151160-04:00,339.0715,-0.0063
TWLO-20261002T15271606097,TWLO,2026-10-02,2026-10-02T11:36:13.151160-04:00,295.0,-0.2379
P-20261002T15330581541,P,2026-10-02,2026-10-02T11:36:13.151160-04:00,138.8279,-0.4471
GOOG-20261002T15213889737,GOOG,2026-10-02,2026-10-02T11:36:23.593220-04:00,339.059,-0.0027
TWLO-20261002T15271606097,TWLO,2026-10-02,2026-10-02T11:36:23.593220-04:00,295.1818,-0.2996
P-20261002T15330581541,P,2026-10-02,2026-10-02T11:36:23.593220-04:00,139.0695,-0.6219
GOOG-20261002T15213889737,GOOG,2026-10-02,2026-10-02T11:36:33.843033-04:00,338.97,0.0236
TWLO-20261002T15271606097,TWLO,2026-10-02,2026-10-02T11:36:33.843033-04:00,294.7121,-0.14
P-20261002T15330581541,P,2026-10-02,2026-10-02T11:36:33.843033-04:00,139.1,-0.6439
GOOG-20261002T15213889737,GOOG,2026-10-02,2026-10-02T11:36:44.122055-04:00,338.94,0.0324
TWLO-20261002T15271606097,TWLO,2026-10-02,2026-10-02T11:36:44.122055-04:00,294.822,-0.1774
P-20261002T15330581541,P,2026-10-02,2026-10-02T11:36:44.122055-04:00,139.165,-0.691
GOOG-20261002T15213889737,GOOG,2026-10-02,2026-10-02T11:36:54.397144-04:00,338.9215,0.0379
TWLO-20261002T15271606097,TWLO,2026-10-02,2026-10-02T11:36:54.397144-04:00,294.9013,-0.2043
P-20261002T15330581541,P,2026-10-02,2026-10-02T11:36:54.397144-04:00,139.17,-0.6946
GOOG-20261002T15213889737,GOOG,2026-10-02,2026-10-02T11:37:04.639641-04:00,338.9,0.0442
TWLO-20261002T15271606097,TWLO,2026-10-02,2026-10-02T11:37:04.639641-04:00,295.0179,-0.2439
P-20261002T15330581541,P,2026-10-02,2026-10-02T11:37:04.639641-04:00,139.3332,-0.8127
GOOG-20261002T15213889737,GOOG,2026-10-02,2026-10-02T11:37:15.213212-04:00,339.0305,0.0058
P-20261002T15330581541,P,2026-10-02,2026-10-02T11:37:15.213212-04:00,139.33,-0.6233
GOOG-20261002T15213889737,GOOG,2026-10-02,2026-10-02T11:37:25.396652-04:00,339.0188,0.0092
P-20261002T15330581541,P,2026-10-02,2026-10-02T11:37:25.396652-04:00,139.355,-0.6413
GOOG-20261002T15213889737,GOOG,2026-10-02,2026-10-02T11:37:35.598064-04:00,339.06,-0.0029
P-20261002T15330581541,P,2026-10-02,2026-10-02T11:37:35.598064-04:00,139.3361,-0.6277
GOOG-20261002T15213889737,GOOG,2026-10-02,2026-10-02T11:37:45.759823-04:00,338.9797,0.0207
P-20261002T15330581541,P,2026-10-02,2026-10-02T11:37:45.759823-04:00,138.9126,-0.3218
GOOG-20261002T15213889737,GOOG,2026-10-02,2026-10-02T11:37:55.964948-04:00,338.93,0.0354
P-20261002T15330581541,P,2026-10-02,2026-10-02T11:37:55.964948-04:00,139.32,-0.6161
GOOG-20261002T15213889737,GOOG,2026-10-02,2026-10-02T11:38:06.179744-04:00,339.0395,0.0031
P-20261002T15330581541,P,2026-10-02,2026-10-02T11:38:06.179744-04:00,139.33,-0.6233
GOOG-20261002T15213889737,GOOG,2026-10-02,2026-10-02T11:38:16.497031-04:00,338.9687,0.024
GOOG-20261002T15213889737,GOOG,2026-10-02,2026-10-02T11:38:26.751109-04:00,339.025,0.0074
GOOG-20261002T15213889737,GOOG,2026-10-02,2026-10-02T11:38:36.901998-04:00,339.18,-0.0383
AXTI-20261002T15381674355,AXTI,2026-10-02,2026-10-02T11:38:36.901998-04:00,86.325,-0.2354
GOOG-20261002T15213889737,GOOG,2026-10-02,2026-10-02T11:38:47.120118-04:00,339.25,-0.059
AXTI-20261002T15381674355,AXTI,2026-10-02,2026-10-02T11:38:47.120118-04:00,86.25,-0.1483
GOOG-20261002T15213889737,GOOG,2026-10-02,2026-10-02T11:38:57.242113-04:00,339.34,-0.0855
AXTI-20261002T15381674355,AXTI,2026-10-02,2026-10-02T11:38:57.242113-04:00,86.3528,-0.2677
GOOG-20261002T15213889737,GOOG,2026-10-02,2026-10-02T11:39:07.436383-04:00,339.38,-0.0973
AXTI-20261002T15381674355,AXTI,2026-10-02,2026-10-02T11:39:07.436383-04:00,86.4324,-0.3601
GOOG-20261002T15213889737,GOOG,2026-10-02,2026-10-02T11:39:17.688482-04:00,339.24,-0.056
AXTI-20261002T15381674355,AXTI,2026-10-02,2026-10-02T11:39:17.688482-04:00,86.45,-0.3806
GOOG-20261002T15213889737,GOOG,2026-10-02,2026-10-02T11:39:27.910871-04:00,339.285,-0.0693
AXTI-20261002T15381674355,AXTI,2026-10-02,2026-10-02T11:39:27.910871-04:00,86.515,-0.456
GOOG-20261002T15213889737,GOOG,2026-10-02,2026-10-02T11:39:38.161804-04:00,339.2929,-0.0716
AXTI-20261002T15381674355,AXTI,2026-10-02,2026-10-02T11:39:38.161804-04:00,86.45,-0.3806
GOOG-20261002T15213889737,GOOG,2026-10-02,2026-10-02T11:39:48.438990-04:00,339.2301,-0.0531
AXTI-20261002T15381674355,AXTI,2026-10-02,2026-10-02T11:39:48.438990-04:00,86.3759,-0.2945
GOOG-20261002T15213889737,GOOG,2026-10-02,2026-10-02T11:39:58.740415-04:00,339.1829,-0.0392
AXTI-20261002T15381674355,AXTI,2026-10-02,2026-10-02T11:39:58.740415-04:00,86.58,-0.5315
GOOG-20261002T15213889737,GOOG,2026-10-02,2026-10-02T11:40:09.050329-04:00,339.22,-0.0501
AXTI-20261002T15381674355,AXTI,2026-10-02,2026-10-02T11:40:09.050329-04:00,86.4858,-0.4221
GOOG-20261002T15213889737,GOOG,2026-10-02,2026-10-02T11:40:19.305832-04:00,339.17,-0.0354
AXTI-20261002T15381674355,AXTI,2026-10-02,2026-10-02T11:40:19.305832-04:00,86.58,-0.5315
GOOG-20261002T15213889737,GOOG,2026-10-02,2026-10-02T11:40:29.468770-04:00,339.29,-0.0708
AXTI-20261002T15381674355,AXTI,2026-10-02,2026-10-02T11:40:29.468770-04:00,86.5,-0.4386
GOOG-20261002T15213889737,GOOG,2026-10-02,2026-10-02T11:40:40.263620-04:00,339.17,-0.0354
AXTI-20261002T15381674355,AXTI,2026-10-02,2026-10-02T11:40:40.263620-04:00,86.32,-0.2296
GOOG-20261002T15213889737,GOOG,2026-10-02,2026-10-02T11:40:50.469806-04:00,339.14,-0.0265
AXTI-20261002T15381674355,AXTI,2026-10-02,2026-10-02T11:40:50.469806-04:00,86.295,-0.2006
GOOG-20261002T15213889737,GOOG,2026-10-02,2026-10-02T11:41:00.654008-04:00,339.11,-0.0177
AXTI-20261002T15381674355,AXTI,2026-10-02,2026-10-02T11:41:00.654008-04:00,86.31,-0.218
GOOG-20261002T15213889737,GOOG,2026-10-02,2026-10-02T11:41:11.160325-04:00,339.0401,0.0029
AXTI-20261002T15381674355,AXTI,2026-10-02,2026-10-02T11:41:11.160325-04:00,86.3649,-0.2817
GOOG-20261002T15213889737,GOOG,2026-10-02,2026-10-02T11:41:21.723811-04:00,339.025,0.0074
AXTI-20261002T15381674355,AXTI,2026-10-02,2026-10-02T11:41:21.723811-04:00,86.15,-0.0322
GOOG-20261002T15213889737,GOOG,2026-10-02,2026-10-02T11:41:32.177388-04:00,338.9887,0.0181
AXTI-20261002T15381674355,AXTI,2026-10-02,2026-10-02T11:41:32.177388-04:00,85.94,0.2116
FORM-20261002T15411172281,FORM,2026-10-02,2026-10-02T11:41:32.177388-04:00,147.82,-0.0541
GOOG-20261002T15213889737,GOOG,2026-10-02,2026-10-02T11:41:42.754203-04:00,338.96,0.0265
AXTI-20261002T15381674355,AXTI,2026-10-02,2026-10-02T11:41:42.754203-04:00,85.9446,0.2063
FORM-20261002T15411172281,FORM,2026-10-02,2026-10-02T11:41:42.754203-04:00,147.83,-0.0609
GOOG-20261002T15213889737,GOOG,2026-10-02,2026-10-02T11:41:53.041064-04:00,338.9156,0.0396
AXTI-20261002T15381674355,AXTI,2026-10-02,2026-10-02T11:41:53.041064-04:00,86.01,0.1303
FORM-20261002T15411172281,FORM,2026-10-02,2026-10-02T11:41:53.041064-04:00,147.85,-0.0745
GOOG-20261002T15213889737,GOOG,2026-10-02,2026-10-02T11:42:03.342817-04:00,338.9915,0.0173
AXTI-20261002T15381674355,AXTI,2026-10-02,2026-10-02T11:42:03.342817-04:00,86.03,0.1071
FORM-20261002T15411172281,FORM,2026-10-02,2026-10-02T11:42:03.342817-04:00,147.895,-0.1049
GOOG-20261002T15213889737,GOOG,2026-10-02,2026-10-02T11:42:13.682971-04:00,338.92,0.0383
AXTI-20261002T15381674355,AXTI,2026-10-02,2026-10-02T11:42:13.682971-04:00,85.94,0.2116
FORM-20261002T15411172281,FORM,2026-10-02,2026-10-02T11:42:13.682971-04:00,147.83,-0.0609
GOOG-20261002T15213889737,GOOG,2026-10-02,2026-10-02T11:42:23.925740-04:00,338.98,0.0206
AXTI-20261002T15381674355,AXTI,2026-10-02,2026-10-02T11:42:23.925740-04:00,86.09,0.0374
FORM-20261002T15411172281,FORM,2026-10-02,2026-10-02T11:42:23.925740-04:00,147.8757,-0.0919
GOOG-20261002T15213889737,GOOG,2026-10-02,2026-10-02T11:42:34.185383-04:00,338.97,0.0236
AXTI-20261002T15381674355,AXTI,2026-10-02,2026-10-02T11:42:34.185383-04:00,86.02,0.1187
FORM-20261002T15411172281,FORM,2026-10-02,2026-10-02T11:42:34.185383-04:00,147.95,-0.1421
GOOG-20261002T15213889737,GOOG,2026-10-02,2026-10-02T11:42:44.423122-04:00,339.025,0.0074
AXTI-20261002T15381674355,AXTI,2026-10-02,2026-10-02T11:42:44.423122-04:00,86.125,-0.0032
FORM-20261002T15411172281,FORM,2026-10-02,2026-10-02T11:42:44.423122-04:00,147.93,-0.1286
GOOG-20261002T15213889737,GOOG,2026-10-02,2026-10-02T11:42:54.651969-04:00,339.015,0.0103
AXTI-20261002T15381674355,AXTI,2026-10-02,2026-10-02T11:42:54.651969-04:00,86.21,-0.1019
FORM-20261002T15411172281,FORM,2026-10-02,2026-10-02T11:42:54.651969-04:00,147.93,-0.1286
TTAN-20261002T15423441697,TTAN,2026-10-02,2026-10-02T11:42:54.651969-04:00,67.5953,-0.1624
GOOG-20261002T15213889737,GOOG,2026-10-02,2026-10-02T11:43:04.893281-04:00,339.055,-0.0015
AXTI-20261002T15381674355,AXTI,2026-10-02,2026-10-02T11:43:04.893281-04:00,86.1985,-0.0885
FORM-20261002T15411172281,FORM,2026-10-02,2026-10-02T11:43:04.893281-04:00,147.9074,-0.1133
TTAN-20261002T15423441697,TTAN,2026-10-02,2026-10-02T11:43:04.893281-04:00,67.5632,-0.1148
GOOG-20261002T15213889737,GOOG,2026-10-02,2026-10-02T11:43:15.127186-04:00,339.04,0.0029
AXTI-20261002T15381674355,AXTI,2026-10-02,2026-10-02T11:43:15.127186-04:00,86.23,-0.1251
FORM-20261002T15411172281,FORM,2026-10-02,2026-10-02T11:43:15.127186-04:00,147.93,-0.1286
TTAN-20261002T15423441697,TTAN,2026-10-02,2026-10-02T11:43:15.127186-04:00,67.5806,-0.1406
GOOG-20261002T15213889737,GOOG,2026-10-02,2026-10-02T11:43:25.367110-04:00,338.98,0.0206
AXTI-20261002T15381674355,AXTI,2026-10-02,2026-10-02T11:43:25.367110-04:00,86.2,-0.0903
FORM-20261002T15411172281,FORM,2026-10-02,2026-10-02T11:43:25.367110-04:00,147.9334,-0.1309
TTAN-20261002T15423441697,TTAN,2026-10-02,2026-10-02T11:43:25.367110-04:00,67.57,-0.1249
GOOG-20261002T15213889737,GOOG,2026-10-02,2026-10-02T11:43:35.589988-04:00,338.89,0.0472
AXTI-20261002T15381674355,AXTI,2026-10-02,2026-10-02T11:43:35.589988-04:00,86.2162,-0.1091
FORM-20261002T15411172281,FORM,2026-10-02,2026-10-02T11:43:35.589988-04:00,147.885,-0.0981
TTAN-20261002T15423441697,TTAN,2026-10-02,2026-10-02T11:43:35.589988-04:00,67.49,-0.0063
KOD-20261002T15431536149,KOD,2026-10-02,2026-10-02T11:43:35.589988-04:00,90.981,-0.0744
GOOG-20261002T15213889737,GOOG,2026-10-02,2026-10-02T11:43:45.805174-04:00,338.9915,0.0173
AXTI-20261002T15381674355,AXTI,2026-10-02,2026-10-02T11:43:45.805174-04:00,86.185,-0.0729
FORM-20261002T15411172281,FORM,2026-10-02,2026-10-02T11:43:45.805174-04:00,147.94,-0.1354
TTAN-20261002T15423441697,TTAN,2026-10-02,2026-10-02T11:43:45.805174-04:00,67.43,0.0826
KOD-20261002T15431536149,KOD,2026-10-02,2026-10-02T11:43:45.805174-04:00,90.895,0.0202
GOOG-20261002T15213889737,GOOG,2026-10-02,2026-10-02T11:43:55.938614-04:00,339.0199,0.0089
AXTI-20261002T15381674355,AXTI,2026-10-02,2026-10-02T11:43:55.938614-04:00,86.19,-0.0787
FORM-20261002T15411172281,FORM,2026-10-02,2026-10-02T11:43:55.938614-04:00,147.94,-0.1354
TTAN-20261002T15423441697,TTAN,2026-10-02,2026-10-02T11:43:55.938614-04:00,67.44,0.0677
KOD-20261002T15431536149,KOD,2026-10-02,2026-10-02T11:43:55.938614-04:00,90.92,-0.0073
GOOG-20261002T15213889737,GOOG,2026-10-02,2026-10-02T11:44:06.158194-04:00,339.0201,0.0088
AXTI-20261002T15381674355,AXTI,2026-10-02,2026-10-02T11:44:06.158194-04:00,86.24,-0.1367
FORM-20261002T15411172281,FORM,2026-10-02,2026-10-02T11:44:06.158194-04:00,148.135,-0.2674
TTAN-20261002T15423441697,TTAN,2026-10-02,2026-10-02T11:44:06.158194-04:00,67.4478,0.0562
KOD-20261002T15431536149,KOD,2026-10-02,2026-10-02T11:44:06.158194-04:00,90.92,-0.0073
GOOG-20261002T15213889737,GOOG,2026-10-02,2026-10-02T11:44:16.458932-04:00,339.0887,-0.0114
AXTI-20261002T15381674355,AXTI,2026-10-02,2026-10-02T11:44:16.458932-04:00,86.25,-0.1483
FORM-20261002T15411172281,FORM,2026-10-02,2026-10-02T11:44:16.458932-04:00,148.195,-0.308
TTAN-20261002T15423441697,TTAN,2026-10-02,2026-10-02T11:44:16.458932-04:00,67.44,0.0677
KOD-20261002T15431536149,KOD,2026-10-02,2026-10-02T11:44:16.458932-04:00,91.005,-0.1008
GOOG-20261002T15213889737,GOOG,2026-10-02,2026-10-02T11:44:26.619124-04:00,339.03,0.0059
AXTI-20261002T15381674355,AXTI,2026-10-02,2026-10-02T11:44:26.619124-04:00,86.21,-0.1019
FORM-20261002T15411172281,FORM,2026-10-02,2026-10-02T11:44:26.619124-04:00,148.2342,-0.3345
TTAN-20261002T15423441697,TTAN,2026-10-02,2026-10-02T11:44:26.619124-04:00,67.435,0.0751
KOD-20261002T15431536149,KOD,2026-10-02,2026-10-02T11:44:26.619124-04:00,90.9924,-0.087
GOOG-20261002T15213889737,GOOG,2026-10-02,2026-10-02T11:44:36.849974-04:00,338.96,0.0265
AXTI-20261002T15381674355,AXTI,2026-10-02,2026-10-02T11:44:36.849974-04:00,86.1885,-0.0769
FORM-20261002T15411172281,FORM,2026-10-02,2026-10-02T11:44:36.849974-04:00,148.2,-0.3114
TTAN-20261002T15423441697,TTAN,2026-10-02,2026-10-02T11:44:36.849974-04:00,67.45,0.0529
KOD-20261002T15431536149,KOD,2026-10-02,2026-10-02T11:44:36.849974-04:00,91.025,-0.1228
GOOG-20261002T15213889737,GOOG,2026-10-02,2026-10-02T11:44:47.098926-04:00,339.0,0.0147
AXTI-20261002T15381674355,AXTI,2026-10-02,2026-10-02T11:44:47.098926-04:00,86.3005,-0.207
FORM-20261002T15411172281,FORM,2026-10-02,2026-10-02T11:44:47.098926-04:00,148.1738,-0.2936
TTAN-20261002T15423441697,TTAN,2026-10-02,2026-10-02T11:44:47.098926-04:00,67.45,0.0529
KOD-20261002T15431536149,KOD,2026-10-02,2026-10-02T11:44:47.098926-04:00,91.14,-0.2493
GOOG-20261002T15213889737,GOOG,2026-10-02,2026-10-02T11:44:57.424649-04:00,339.016,0.01
AXTI-20261002T15381674355,AXTI,2026-10-02,2026-10-02T11:44:57.424649-04:00,86.36,-0.2761
FORM-20261002T15411172281,FORM,2026-10-02,2026-10-02T11:44:57.424649-04:00,148.18,-0.2978
TTAN-20261002T15423441697,TTAN,2026-10-02,2026-10-02T11:44:57.424649-04:00,67.39,0.1418
KOD-20261002T15431536149,KOD,2026-10-02,2026-10-02T11:44:57.424649-04:00,90.975,-0.0678
GOOG-20261002T15213889737,GOOG,2026-10-02,2026-10-02T11:45:07.671411-04:00,338.96,0.0265
AXTI-20261002T15381674355,AXTI,2026-10-02,2026-10-02T11:45:07.671411-04:00,86.26,-0.1599
FORM-20261002T15411172281,FORM,2026-10-02,2026-10-02T11:45:07.671411-04:00,147.9826,-0.1642
TTAN-20261002T15423441697,TTAN,2026-10-02,2026-10-02T11:45:07.671411-04:00,67.425,0.09
KOD-20261002T15431536149,KOD,2026-10-02,2026-10-02T11:45:07.671411-04:00,91.0429,-0.1425
GOOG-20261002T15213889737,GOOG,2026-10-02,2026-10-02T11:45:17.998219-04:00,338.9438,0.0313
AXTI-20261002T15381674355,AXTI,2026-10-02,2026-10-02T11:45:17.998219-04:00,86.3,-0.2064
FORM-20261002T15411172281,FORM,2026-10-02,2026-10-02T11:45:17.998219-04:00,148.2167,-0.3227
TTAN-20261002T15423441697,TTAN,2026-10-02,2026-10-02T11:45:17.998219-04:00,67.4419,0.0649
KOD-20261002T15431536149,KOD,2026-10-02,2026-10-02T11:45:17.998219-04:00,90.92,-0.0073
GOOG-20261002T15213889737,GOOG,2026-10-02,2026-10-02T11:45:28.292648-04:00,338.9959,0.016
AXTI-20261002T15381674355,AXTI,2026-10-02,2026-10-02T11:45:28.292648-04:00,86.315,-0.2238
FORM-20261002T15411172281,FORM,2026-10-02,2026-10-02T11:45:28.292648-04:00,148.23,-0.3317
TTAN-20261002T15423441697,TTAN,2026-10-02,2026-10-02T11:45:28.292648-04:00,67.54,-0.0804
KOD-20261002T15431536149,KOD,2026-10-02,2026-10-02T11:45:28.292648-04:00,91.025,-0.1228
GOOG-20261002T15213889737,GOOG,2026-10-02,2026-10-02T11:45:38.563486-04:00,338.88,0.0501
AXTI-20261002T15381674355,AXTI,2026-10-02,2026-10-02T11:45:38.563486-04:00,86.28,-0.1832
FORM-20261002T15411172281,FORM,2026-10-02,2026-10-02T11:45:38.563486-04:00,148.1113,-0.2513
TTAN-20261002T15423441697,TTAN,2026-10-02,2026-10-02T11:45:38.563486-04:00,67.4702,0.023
KOD-20261002T15431536149,KOD,2026-10-02,2026-10-02T11:45:38.563486-04:00,91.025,-0.1228
GOOG-20261002T15213889737,GOOG,2026-10-02,2026-10-02T11:45:49.284675-04:00,339.015,0.0103
AXTI-20261002T15381674355,AXTI,2026-10-02,2026-10-02T11:45:49.284675-04:00,86.265,-0.1658
FORM-20261002T15411172281,FORM,2026-10-02,2026-10-02T11:45:49.284675-04:00,148.235,-0.335
TTAN-20261002T15423441697,TTAN,2026-10-02,2026-10-02T11:45:49.284675-04:00,67.55,-0.0953
KOD-20261002T15431536149,KOD,2026-10-02,2026-10-02T11:45:49.284675-04:00,91.06,-0.1613
GOOG-20261002T15213889737,GOOG,2026-10-02,2026-10-02T11:45:59.503193-04:00,338.9925,0.017
AXTI-20261002T15381674355,AXTI,2026-10-02,2026-10-02T11:45:59.503193-04:00,86.29,-0.1948
FORM-20261002T15411172281,FORM,2026-10-02,2026-10-02T11:45:59.503193-04:00,148.42,-0.4603
TTAN-20261002T15423441697,TTAN,2026-10-02,2026-10-02T11:45:59.503193-04:00,67.5135,-0.0412
KOD-20261002T15431536149,KOD,2026-10-02,2026-10-02T11:45:59.503193-04:00,90.9167,-0.0037
GOOG-20261002T15213889737,GOOG,2026-10-02,2026-10-02T11:46:09.717723-04:00,339.025,0.0074
AXTI-20261002T15381674355,AXTI,2026-10-02,2026-10-02T11:46:09.717723-04:00,86.33,-0.2412
FORM-20261002T15411172281,FORM,2026-10-02,2026-10-02T11:46:09.717723-04:00,148.42,-0.4603
TTAN-20261002T15423441697,TTAN,2026-10-02,2026-10-02T11:46:09.717723-04:00,67.5,-0.0212
KOD-20261002T15431536149,KOD,2026-10-02,2026-10-02T11:46:09.717723-04:00,91.015,-0.1118
GOOG-20261002T15213889737,GOOG,2026-10-02,2026-10-02T11:46:19.884106-04:00,338.9194,0.0385
AXTI-20261002T15381674355,AXTI,2026-10-02,2026-10-02T11:46:19.884106-04:00,86.322,-0.2319
FORM-20261002T15411172281,FORM,2026-10-02,2026-10-02T11:46:19.884106-04:00,148.57,-0.5618
TTAN-20261002T15423441697,TTAN,2026-10-02,2026-10-02T11:46:19.884106-04:00,67.48,0.0085
KOD-20261002T15431536149,KOD,2026-10-02,2026-10-02T11:46:19.884106-04:00,91.0,-0.0953
GOOG-20261002T15213889737,GOOG,2026-10-02,2026-10-02T11:46:30.053956-04:00,338.91,0.0413
AXTI-20261002T15381674355,AXTI,2026-10-02,2026-10-02T11:46:30.053956-04:00,86.435,-0.3631
FORM-20261002T15411172281,FORM,2026-10-02,2026-10-02T11:46:30.053956-04:00,148.0967,-0.2414
TTAN-20261002T15423441697,TTAN,2026-10-02,2026-10-02T11:46:30.053956-04:00,67.5099,-0.0358
KOD-20261002T15431536149,KOD,2026-10-02,2026-10-02T11:46:30.053956-04:00,90.9495,-0.0398
GOOG-20261002T15213889737,GOOG,2026-10-02,2026-10-02T11:46:40.255753-04:00,338.86,0.056
AXTI-20261002T15381674355,AXTI,2026-10-02,2026-10-02T11:46:40.255753-04:00,86.505,-0.4444
FORM-20261002T15411172281,FORM,2026-10-02,2026-10-02T11:46:40.255753-04:00,148.72,-0.6633
TTAN-20261002T15423441697,TTAN,2026-10-02,2026-10-02T11:46:40.255753-04:00,67.487,-0.0019
KOD-20261002T15431536149,KOD,2026-10-02,2026-10-02T11:46:40.255753-04:00,91.065,-0.1668
GOOG-20261002T15213889737,GOOG,2026-10-02,2026-10-02T11:46:50.423725-04:00,338.97,0.0236
AXTI-20261002T15381674355,AXTI,2026-10-02,2026-10-02T11:46:50.423725-04:00,86.2712,-0.173
FORM-20261002T15411172281,FORM,2026-10-02,2026-10-02T11:46:50.423725-04:00,148.595,-0.5787
TTAN-20261002T15423441697,TTAN,2026-10-02,2026-10-02T11:46:50.423725-04:00,67.48,0.0085
KOD-20261002T15431536149,KOD,2026-10-02,2026-10-02T11:46:50.423725-04:00,91.1675,-0.2796
GOOG-20261002T15213889737,GOOG,2026-10-02,2026-10-02T11:47:00.570802-04:00,338.88,0.0501
AXTI-20261002T15381674355,AXTI,2026-10-02,2026-10-02T11:47:00.570802-04:00,86.643,-0.6047
FORM-20261002T15411172281,FORM,2026-10-02,2026-10-02T11:47:00.570802-04:00,148.2936,-0.3747
TTAN-20261002T15423441697,TTAN,2026-10-02,2026-10-02T11:47:00.570802-04:00,67.5261,-0.0598
KOD-20261002T15431536149,KOD,2026-10-02,2026-10-02T11:47:00.570802-04:00,91.0272,-0.1252
GOOG-20261002T15213889737,GOOG,2026-10-02,2026-10-02T11:47:10.765253-04:00,338.91,0.0413
AXTI-20261002T15381674355,AXTI,2026-10-02,2026-10-02T11:47:10.765253-04:00,86.562,-0.5106
FORM-20261002T15411172281,FORM,2026-10-02,2026-10-02T11:47:10.765253-04:00,148.93,-0.8055
TTAN-20261002T15423441697,TTAN,2026-10-02,2026-10-02T11:47:10.765253-04:00,67.48,0.0085
KOD-20261002T15431536149,KOD,2026-10-02,2026-10-02T11:47:10.765253-04:00,91.135,-0.2438
GOOG-20261002T15213889737,GOOG,2026-10-02,2026-10-02T11:47:20.912929-04:00,338.835,0.0634
AXTI-20261002T15381674355,AXTI,2026-10-02,2026-10-02T11:47:20.912929-04:00,86.625,-0.5838
FORM-20261002T15411172281,FORM,2026-10-02,2026-10-02T11:47:20.912929-04:00,148.93,-0.8055
TTAN-20261002T15423441697,TTAN,2026-10-02,2026-10-02T11:47:20.912929-04:00,67.48,0.0085
KOD-20261002T15431536149,KOD,2026-10-02,2026-10-02T11:47:20.912929-04:00,91.135,-0.2438
GOOG-20261002T15213889737,GOOG,2026-10-02,2026-10-02T11:47:31.086152-04:00,338.8915,0.0467
AXTI-20261002T15381674355,AXTI,2026-10-02,2026-10-02T11:47:31.086152-04:00,86.628,-0.5872
FORM-20261002T15411172281,FORM,2026-10-02,2026-10-02T11:47:31.086152-04:00,148.2399,-0.3384
TTAN-20261002T15423441697,TTAN,2026-10-02,2026-10-02T11:47:31.086152-04:00,67.5372,-0.0763
KOD-20261002T15431536149,KOD,2026-10-02,2026-10-02T11:47:31.086152-04:00,91.3,-0.4253
GOOG-20261002T15213889737,GOOG,2026-10-02,2026-10-02T11:47:41.260358-04:00,338.8343,0.0636
AXTI-20261002T15381674355,AXTI,2026-10-02,2026-10-02T11:47:41.260358-04:00,86.5467,-0.4928
FORM-20261002T15411172281,FORM,2026-10-02,2026-10-02T11:47:41.260358-04:00,148.935,-0.8089
TTAN-20261002T15423441697,TTAN,2026-10-02,2026-10-02T11:47:41.260358-04:00,67.37,0.1715
KOD-20261002T15431536149,KOD,2026-10-02,2026-10-02T11:47:41.260358-04:00,91.17,-0.2823
GOOG-20261002T15213889737,GOOG,2026-10-02,2026-10-02T11:47:51.443617-04:00,338.8329,0.064
AXTI-20261002T15381674355,AXTI,2026-10-02,2026-10-02T11:47:51.443617-04:00,86.5213,-0.4634
FORM-20261002T15411172281,FORM,2026-10-02,2026-10-02T11:47:51.443617-04:00,148.75,-0.6836
TTAN-20261002T15423441697,TTAN,2026-10-02,2026-10-02T11:47:51.443617-04:00,67.33,0.2307
KOD-20261002T15431536149,KOD,2026-10-02,2026-10-02T11:47:51.443617-04:00,91.145,-0.2548
GOOG-20261002T15213889737,GOOG,2026-10-02,2026-10-02T11:48:01.603165-04:00,338.8705,0.0529
AXTI-20261002T15381674355,AXTI,2026-10-02,2026-10-02T11:48:01.603165-04:00,86.51,-0.4502
FORM-20261002T15411172281,FORM,2026-10-02,2026-10-02T11:48:01.603165-04:00,148.94,-0.8122
TTAN-20261002T15423441697,TTAN,2026-10-02,2026-10-02T11:48:01.603165-04:00,67.4722,0.02
KOD-20261002T15431536149,KOD,2026-10-02,2026-10-02T11:48:01.603165-04:00,91.29,-0.4143
GOOG-20261002T15213889737,GOOG,2026-10-02,2026-10-02T11:48:11.820823-04:00,338.9158,0.0396
AXTI-20261002T15381674355,AXTI,2026-10-02,2026-10-02T11:48:11.820823-04:00,86.535,-0.4793
FORM-20261002T15411172281,FORM,2026-10-02,2026-10-02T11:48:11.820823-04:00,148.945,-0.8156
TTAN-20261002T15423441697,TTAN,2026-10-02,2026-10-02T11:48:11.820823-04:00,67.4,0.127
KOD-20261002T15431536149,KOD,2026-10-02,2026-10-02T11:48:11.820823-04:00,91.29,-0.4143
GOOG-20261002T15213889737,GOOG,2026-10-02,2026-10-02T11:48:21.986066-04:00,338.805,0.0723
AXTI-20261002T15381674355,AXTI,2026-10-02,2026-10-02T11:48:21.986066-04:00,86.4936,-0.4312
FORM-20261002T15411172281,FORM,2026-10-02,2026-10-02T11:48:21.986066-04:00,148.2574,-0.3502
TTAN-20261002T15423441697,TTAN,2026-10-02,2026-10-02T11:48:21.986066-04:00,67.4605,0.0374
KOD-20261002T15431536149,KOD,2026-10-02,2026-10-02T11:48:21.986066-04:00,91.26,-0.3813
GOOG-20261002T15213889737,GOOG,2026-10-02,2026-10-02T11:48:32.135788-04:00,338.92,0.0383
AXTI-20261002T15381674355,AXTI,2026-10-02,2026-10-02T11:48:32.135788-04:00,86.6,-0.5547
FORM-20261002T15411172281,FORM,2026-10-02,2026-10-02T11:48:32.135788-04:00,148.68,-0.6363
TTAN-20261002T15423441697,TTAN,2026-10-02,2026-10-02T11:48:32.135788-04:00,67.4753,0.0154
KOD-20261002T15431536149,KOD,2026-10-02,2026-10-02T11:48:32.135788-04:00,91.21,-0.3263
GOOG-20261002T15213889737,GOOG,2026-10-02,2026-10-02T11:48:42.287302-04:00,338.83,0.0649
AXTI-20261002T15381674355,AXTI,2026-10-02,2026-10-02T11:48:42.287302-04:00,86.625,-0.5838
FORM-20261002T15411172281,FORM,2026-10-02,2026-10-02T11:48:42.287302-04:00,148.92,-0.7987
TTAN-20261002T15423441697,TTAN,2026-10-02,2026-10-02T11:48:42.287302-04:00,67.4,0.127
KOD-20261002T15431536149,KOD,2026-10-02,2026-10-02T11:48:42.287302-04:00,91.295,-0.4198
GOOG-20261002T15213889737,GOOG,2026-10-02,2026-10-02T11:48:52.517797-04:00,338.8,0.0737
AXTI-20261002T15381674355,AXTI,2026-10-02,2026-10-02T11:48:52.517797-04:00,86.5401,-0.4852
FORM-20261002T15411172281,FORM,2026-10-02,2026-10-02T11:48:52.517797-04:00,149.03,-0.8732
TTAN-20261002T15423441697,TTAN,2026-10-02,2026-10-02T11:48:52.517797-04:00,67.4,0.127
KOD-20261002T15431536149,KOD,2026-10-02,2026-10-02T11:48:52.517797-04:00,91.295,-0.4198
GOOG-20261002T15213889737,GOOG,2026-10-02,2026-10-02T11:49:02.720604-04:00,338.7329,0.0935
AXTI-20261002T15381674355,AXTI,2026-10-02,2026-10-02T11:49:02.720604-04:00,86.5847,-0.537
FORM-20261002T15411172281,FORM,2026-10-02,2026-10-02T11:49:02.720604-04:00,149.03,-0.8732
TTAN-20261002T15423441697,TTAN,2026-10-02,2026-10-02T11:49:02.720604-04:00,67.395,0.1344
KOD-20261002T15431536149,KOD,2026-10-02,2026-10-02T11:49:02.720604-04:00,91.28,-0.4033
GOOG-20261002T15213889737,GOOG,2026-10-02,2026-10-02T11:49:13.159435-04:00,338.69,0.1062
AXTI-20261002T15381674355,AXTI,2026-10-02,2026-10-02T11:49:13.159435-04:00,86.6,-0.5547
FORM-20261002T15411172281,FORM,2026-10-02,2026-10-02T11:49:13.159435-04:00,148.74,-0.5197
TTAN-20261002T15423441697,TTAN,2026-10-02,2026-10-02T11:49:13.159435-04:00,67.4005,0.1263
KOD-20261002T15431536149,KOD,2026-10-02,2026-10-02T11:49:13.159435-04:00,91.25,-0.3703
GOOG-20261002T15213889737,GOOG,2026-10-02,2026-10-02T11:49:23.460753-04:00,338.8,0.0737
AXTI-20261002T15381674355,AXTI,2026-10-02,2026-10-02T11:49:23.460753-04:00,86.69,-0.6592
TTAN-20261002T15423441697,TTAN,2026-10-02,2026-10-02T11:49:23.460753-04:00,67.405,0.1196
KOD-20261002T15431536149,KOD,2026-10-02,2026-10-02T11:49:23.460753-04:00,91.25,-0.3703
GOOG-20261002T15213889737,GOOG,2026-10-02,2026-10-02T11:49:33.687766-04:00,338.8428,0.0611
AXTI-20261002T15381674355,AXTI,2026-10-02,2026-10-02T11:49:33.687766-04:00,86.585,-0.5373
TTAN-20261002T15423441697,TTAN,2026-10-02,2026-10-02T11:49:33.687766-04:00,67.405,0.1196
KOD-20261002T15431536149,KOD,2026-10-02,2026-10-02T11:49:33.687766-04:00,91.28,-0.4033
GOOG-20261002T15213889737,GOOG,2026-10-02,2026-10-02T11:49:43.825581-04:00,338.7673,0.0834
AXTI-20261002T15381674355,AXTI,2026-10-02,2026-10-02T11:49:43.825581-04:00,86.565,-0.5141
TTAN-20261002T15423441697,TTAN,2026-10-02,2026-10-02T11:49:43.825581-04:00,67.4,0.127
KOD-20261002T15431536149,KOD,2026-10-02,2026-10-02T11:49:43.825581-04:00,91.3,-0.4253
GOOG-20261002T15213889737,GOOG,2026-10-02,2026-10-02T11:49:54.004490-04:00,338.7521,0.0879
AXTI-20261002T15381674355,AXTI,2026-10-02,2026-10-02T11:49:54.004490-04:00,86.6,-0.5547
TTAN-20261002T15423441697,TTAN,2026-10-02,2026-10-02T11:49:54.004490-04:00,67.3786,0.1587
KOD-20261002T15431536149,KOD,2026-10-02,2026-10-02T11:49:54.004490-04:00,91.2815,-0.405
GOOG-20261002T15213889737,GOOG,2026-10-02,2026-10-02T11:50:04.272121-04:00,338.7671,0.0834
AXTI-20261002T15381674355,AXTI,2026-10-02,2026-10-02T11:50:04.272121-04:00,86.595,-0.5489
TTAN-20261002T15423441697,TTAN,2026-10-02,2026-10-02T11:50:04.272121-04:00,67.3635,0.1811
KOD-20261002T15431536149,KOD,2026-10-02,2026-10-02T11:50:04.272121-04:00,91.2732,-0.3958
GOOG-20261002T15213889737,GOOG,2026-10-02,2026-10-02T11:50:14.868902-04:00,338.795,0.0752
TTAN-20261002T15423441697,TTAN,2026-10-02,2026-10-02T11:50:14.868902-04:00,67.395,0.1344
KOD-20261002T15431536149,KOD,2026-10-02,2026-10-02T11:50:14.868902-04:00,91.195,-0.3098
GOOG-20261002T15213889737,GOOG,2026-10-02,2026-10-02T11:50:25.077558-04:00,338.766,0.0838
TTAN-20261002T15423441697,TTAN,2026-10-02,2026-10-02T11:50:25.077558-04:00,67.4,0.127
KOD-20261002T15431536149,KOD,2026-10-02,2026-10-02T11:50:25.077558-04:00,91.1724,-0.285
GOOG-20261002T15213889737,GOOG,2026-10-02,2026-10-02T11:50:35.398499-04:00,338.7232,0.0964
TTAN-20261002T15423441697,TTAN,2026-10-02,2026-10-02T11:50:35.398499-04:00,67.27,0.3196
KOD-20261002T15431536149,KOD,2026-10-02,2026-10-02T11:50:35.398499-04:00,91.2315,-0.35
GOOG-20261002T15213889737,GOOG,2026-10-02,2026-10-02T11:50:45.724318-04:00,338.71,0.1003
TTAN-20261002T15423441697,TTAN,2026-10-02,2026-10-02T11:50:45.724318-04:00,67.28,0.3048
KOD-20261002T15431536149,KOD,2026-10-02,2026-10-02T11:50:45.724318-04:00,91.1005,-0.2059
OKTA-20261002T15502538792,OKTA,2026-10-02,2026-10-02T11:50:45.724318-04:00,214.6144,-0.1488
GOOG-20261002T15213889737,GOOG,2026-10-02,2026-10-02T11:50:56.073722-04:00,338.64,0.1209
TTAN-20261002T15423441697,TTAN,2026-10-02,2026-10-02T11:50:56.073722-04:00,67.4011,0.1254
KOD-20261002T15431536149,KOD,2026-10-02,2026-10-02T11:50:56.073722-04:00,91.2581,-0.3792
OKTA-20261002T15502538792,OKTA,2026-10-02,2026-10-02T11:50:56.073722-04:00,214.43,-0.0627
CRWD-20261002T15503571989,CRWD,2026-10-02,2026-10-02T11:50:56.073722-04:00,269.062,-0.023
GOOG-20261002T15213889737,GOOG,2026-10-02,2026-10-02T11:51:06.197058-04:00,338.7,0.1032
TTAN-20261002T15423441697,TTAN,2026-10-02,2026-10-02T11:51:06.197058-04:00,67.2558,0.3407
KOD-20261002T15431536149,KOD,2026-10-02,2026-10-02T11:51:06.197058-04:00,91.27,-0.3923
OKTA-20261002T15502538792,OKTA,2026-10-02,2026-10-02T11:51:06.197058-04:00,214.36,-0.03
CRWD-20261002T15503571989,CRWD,2026-10-02,2026-10-02T11:51:06.197058-04:00,269.7049,-0.262
GOOG-20261002T15213889737,GOOG,2026-10-02,2026-10-02T11:51:16.379303-04:00,338.77,0.0826
TTAN-20261002T15423441697,TTAN,2026-10-02,2026-10-02T11:51:16.379303-04:00,67.27,0.3196
KOD-20261002T15431536149,KOD,2026-10-02,2026-10-02T11:51:16.379303-04:00,91.38,-0.5133
OKTA-20261002T15502538792,OKTA,2026-10-02,2026-10-02T11:51:16.379303-04:00,214.46,-0.0767
CRWD-20261002T15503571989,CRWD,2026-10-02,2026-10-02T11:51:16.379303-04:00,269.15,-0.0558
GOOG-20261002T15213889737,GOOG,2026-10-02,2026-10-02T11:51:26.618193-04:00,338.7538,0.0874
TTAN-20261002T15423441697,TTAN,2026-10-02,2026-10-02T11:51:26.618193-04:00,67.265,0.3271
OKTA-20261002T15502538792,OKTA,2026-10-02,2026-10-02T11:51:26.618193-04:00,214.31,-0.0067
CRWD-20261002T15503571989,CRWD,2026-10-02,2026-10-02T11:51:26.618193-04:00,269.18,-0.0669
GOOG-20261002T15213889737,GOOG,2026-10-02,2026-10-02T11:51:36.760884-04:00,338.8415,0.0615
TTAN-20261002T15423441697,TTAN,2026-10-02,2026-10-02T11:51:36.760884-04:00,67.4385,0.07
OKTA-20261002T15502538792,OKTA,2026-10-02,2026-10-02T11:51:36.760884-04:00,214.37,-0.0347
CRWD-20261002T15503571989,CRWD,2026-10-02,2026-10-02T11:51:36.760884-04:00,269.1612,-0.0599
GOOG-20261002T15213889737,GOOG,2026-10-02,2026-10-02T11:51:46.895867-04:00,338.8129,0.0699
TTAN-20261002T15423441697,TTAN,2026-10-02,2026-10-02T11:51:46.895867-04:00,67.29,0.29
OKTA-20261002T15502538792,OKTA,2026-10-02,2026-10-02T11:51:46.895867-04:00,214.8555,-0.2613
CRWD-20261002T15503571989,CRWD,2026-10-02,2026-10-02T11:51:46.895867-04:00,269.2299,-0.0855
GOOG-20261002T15213889737,GOOG,2026-10-02,2026-10-02T11:51:57.012500-04:00,338.775,0.0811
TTAN-20261002T15423441697,TTAN,2026-10-02,2026-10-02T11:51:57.012500-04:00,67.285,0.2974
OKTA-20261002T15502538792,OKTA,2026-10-02,2026-10-02T11:51:57.012500-04:00,214.37,-0.0347
CRWD-20261002T15503571989,CRWD,2026-10-02,2026-10-02T11:51:57.012500-04:00,269.08,-0.0297
GOOG-20261002T15213889737,GOOG,2026-10-02,2026-10-02T11:52:07.126619-04:00,338.7643,0.0843
TTAN-20261002T15423441697,TTAN,2026-10-02,2026-10-02T11:52:07.126619-04:00,67.2786,0.3069
OKTA-20261002T15502538792,OKTA,2026-10-02,2026-10-02T11:52:07.126619-04:00,214.37,-0.0347
CRWD-20261002T15503571989,CRWD,2026-10-02,2026-10-02T11:52:07.126619-04:00,269.07,-0.026
GOOG-20261002T15213889737,GOOG,2026-10-02,2026-10-02T11:52:17.360942-04:00,338.72,0.0973
TTAN-20261002T15423441697,TTAN,2026-10-02,2026-10-02T11:52:17.360942-04:00,67.285,0.2974
OKTA-20261002T15502538792,OKTA,2026-10-02,2026-10-02T11:52:17.360942-04:00,214.5,-0.0954
CRWD-20261002T15503571989,CRWD,2026-10-02,2026-10-02T11:52:17.360942-04:00,269.1299,-0.0483
GOOG-20261002T15213889737,GOOG,2026-10-02,2026-10-02T11:52:27.503518-04:00,338.7887,0.0771
TTAN-20261002T15423441697,TTAN,2026-10-02,2026-10-02T11:52:27.503518-04:00,67.32,0.2456
OKTA-20261002T15502538792,OKTA,2026-10-02,2026-10-02T11:52:27.503518-04:00,214.36,-0.03
CRWD-20261002T15503571989,CRWD,2026-10-02,2026-10-02T11:52:27.503518-04:00,269.03,-0.0112
ON-20261002T15520735949,ON,2026-10-02,2026-10-02T11:52:27.503518-04:00,84.85,0.0552
GOOG-20261002T15213889737,GOOG,2026-10-02,2026-10-02T11:52:37.604108-04:00,338.68,0.1091
TTAN-20261002T15423441697,TTAN,2026-10-02,2026-10-02T11:52:37.604108-04:00,67.2946,0.2832
OKTA-20261002T15502538792,OKTA,2026-10-02,2026-10-02T11:52:37.604108-04:00,214.51,-0.1
CRWD-20261002T15503571989,CRWD,2026-10-02,2026-10-02T11:52:37.604108-04:00,269.075,-0.0279
ON-20261002T15520735949,ON,2026-10-02,2026-10-02T11:52:37.604108-04:00,84.82,0.0905
GOOG-20261002T15213889737,GOOG,2026-10-02,2026-10-02T11:52:47.728911-04:00,338.5072,0.1601
TTAN-20261002T15423441697,TTAN,2026-10-02,2026-10-02T11:52:47.728911-04:00,67.283,0.3004
OKTA-20261002T15502538792,OKTA,2026-10-02,2026-10-02T11:52:47.728911-04:00,214.7648,-0.2189
CRWD-20261002T15503571989,CRWD,2026-10-02,2026-10-02T11:52:47.728911-04:00,268.93,0.026
ON-20261002T15520735949,ON,2026-10-02,2026-10-02T11:52:47.728911-04:00,85.0048,-0.1272
GOOG-20261002T15213889737,GOOG,2026-10-02,2026-10-02T11:52:57.868391-04:00,338.6305,0.1237
TTAN-20261002T15423441697,TTAN,2026-10-02,2026-10-02T11:52:57.868391-04:00,67.3326,0.2269
OKTA-20261002T15502538792,OKTA,2026-10-02,2026-10-02T11:52:57.868391-04:00,214.345,-0.023
CRWD-20261002T15503571989,CRWD,2026-10-02,2026-10-02T11:52:57.868391-04:00,269.065,-0.0242
ON-20261002T15520735949,ON,2026-10-02,2026-10-02T11:52:57.868391-04:00,84.8313,0.0772
GOOG-20261002T15213889737,GOOG,2026-10-02,2026-10-02T11:53:08.058868-04:00,338.6,0.1327
TTAN-20261002T15423441697,TTAN,2026-10-02,2026-10-02T11:53:08.058868-04:00,67.29,0.29
OKTA-20261002T15502538792,OKTA,2026-10-02,2026-10-02T11:53:08.058868-04:00,214.7535,-0.2137
CRWD-20261002T15503571989,CRWD,2026-10-02,2026-10-02T11:53:08.058868-04:00,269.1946,-0.0723
ON-20261002T15520735949,ON,2026-10-02,2026-10-02T11:53:08.058868-04:00,84.8489,0.0565
GOOG-20261002T15213889737,GOOG,2026-10-02,2026-10-02T11:53:18.283601-04:00,338.59,0.1357
TTAN-20261002T15423441697,TTAN,2026-10-02,2026-10-02T11:53:18.283601-04:00,67.4156,0.1039
OKTA-20261002T15502538792,OKTA,2026-10-02,2026-10-02T11:53:18.283601-04:00,214.345,-0.023
CRWD-20261002T15503571989,CRWD,2026-10-02,2026-10-02T11:53:18.283601-04:00,269.0,-0.0
ON-20261002T15520735949,ON,2026-10-02,2026-10-02T11:53:18.283601-04:00,84.8572,0.0467
GOOG-20261002T15213889737,GOOG,2026-10-02,2026-10-02T11:53:28.474265-04:00,338.57,0.1416
TTAN-20261002T15423441697,TTAN,2026-10-02,2026-10-02T11:53:28.474265-04:00,67.295,0.2826
OKTA-20261002T15502538792,OKTA,2026-10-02,2026-10-02T11:53:28.474265-04:00,214.42,-0.058
CRWD-20261002T15503571989,CRWD,2026-10-02,2026-10-02T11:53:28.474265-04:00,269.065,-0.0242
ON-20261002T15520735949,ON,2026-10-02,2026-10-02T11:53:28.474265-04:00,84.875,0.0257
GOOG-20261002T15213889737,GOOG,2026-10-02,2026-10-02T11:53:38.634579-04:00,338.55,0.1475
TTAN-20261002T15423441697,TTAN,2026-10-02,2026-10-02T11:53:38.634579-04:00,67.3307,0.2297
OKTA-20261002T15502538792,OKTA,2026-10-02,2026-10-02T11:53:38.634579-04:00,214.6661,-0.1729
CRWD-20261002T15503571989,CRWD,2026-10-02,2026-10-02T11:53:38.634579-04:00,269.5348,-0.1988
ON-20261002T15520735949,ON,2026-10-02,2026-10-02T11:53:38.634579-04:00,84.915,-0.0214
GOOG-20261002T15213889737,GOOG,2026-10-02,2026-10-02T11:53:48.792212-04:00,338.61,0.1298
TTAN-20261002T15423441697,TTAN,2026-10-02,2026-10-02T11:53:48.792212-04:00,67.295,0.2826
OKTA-20261002T15502538792,OKTA,2026-10-02,2026-10-02T11:53:48.792212-04:00,214.2914,0.002
CRWD-20261002T15503571989,CRWD,2026-10-02,2026-10-02T11:53:48.792212-04:00,268.89,0.0409
ON-20261002T15520735949,ON,2026-10-02,2026-10-02T11:53:48.792212-04:00,84.78,0.1376
GOOG-20261002T15213889737,GOOG,2026-10-02,2026-10-02T11:53:58.934117-04:00,338.385,0.1961
TTAN-20261002T15423441697,TTAN,2026-10-02,2026-10-02T11:53:58.934117-04:00,67.36,0.1863
OKTA-20261002T15502538792,OKTA,2026-10-02,2026-10-02T11:53:58.934117-04:00,214.09,0.096
CRWD-20261002T15503571989,CRWD,2026-10-02,2026-10-02T11:53:58.934117-04:00,268.903,0.0361
ON-20261002T15520735949,ON,2026-10-02,2026-10-02T11:53:58.934117-04:00,84.8478,0.0578
GOOG-20261002T15213889737,GOOG,2026-10-02,2026-10-02T11:54:09.110127-04:00,338.47,0.1711
TTAN-20261002T15423441697,TTAN,2026-10-02,2026-10-02T11:54:09.110127-04:00,67.295,0.2826
OKTA-20261002T15502538792,OKTA,2026-10-02,2026-10-02T11:54:09.110127-04:00,213.98,0.1473
CRWD-20261002T15503571989,CRWD,2026-10-02,2026-10-02T11:54:09.110127-04:00,268.86,0.052
ON-20261002T15520735949,ON,2026-10-02,2026-10-02T11:54:09.110127-04:00,84.66,0.279
GOOG-20261002T15213889737,GOOG,2026-10-02,2026-10-02T11:54:19.280193-04:00,338.36,0.2035
TTAN-20261002T15423441697,TTAN,2026-10-02,2026-10-02T11:54:19.280193-04:00,67.295,0.2826
OKTA-20261002T15502538792,OKTA,2026-10-02,2026-10-02T11:54:19.280193-04:00,214.5823,-0.1338
CRWD-20261002T15503571989,CRWD,2026-10-02,2026-10-02T11:54:19.280193-04:00,268.91,0.0335
ON-20261002T15520735949,ON,2026-10-02,2026-10-02T11:54:19.280193-04:00,84.655,0.2849
GOOG-20261002T15213889737,GOOG,2026-10-02,2026-10-02T11:54:29.470479-04:00,338.35,0.2065
TTAN-20261002T15423441697,TTAN,2026-10-02,2026-10-02T11:54:29.470479-04:00,67.295,0.2826
OKTA-20261002T15502538792,OKTA,2026-10-02,2026-10-02T11:54:29.470479-04:00,214.03,0.124
CRWD-20261002T15503571989,CRWD,2026-10-02,2026-10-02T11:54:29.470479-04:00,268.94,0.0223
ON-20261002T15520735949,ON,2026-10-02,2026-10-02T11:54:29.470479-04:00,84.61,0.3379
GOOG-20261002T15213889737,GOOG,2026-10-02,2026-10-02T11:54:39.627406-04:00,338.36,0.2035
TTAN-20261002T15423441697,TTAN,2026-10-02,2026-10-02T11:54:39.627406-04:00,67.295,0.2826
OKTA-20261002T15502538792,OKTA,2026-10-02,2026-10-02T11:54:39.627406-04:00,214.3914,-0.0447
CRWD-20261002T15503571989,CRWD,2026-10-02,2026-10-02T11:54:39.627406-04:00,268.87,0.0483
ON-20261002T15520735949,ON,2026-10-02,2026-10-02T11:54:39.627406-04:00,84.525,0.438
GOOG-20261002T15213889737,GOOG,2026-10-02,2026-10-02T11:54:49.786128-04:00,338.3451,0.2079
TTAN-20261002T15423441697,TTAN,2026-10-02,2026-10-02T11:54:49.786128-04:00,67.295,0.2826
OKTA-20261002T15502538792,OKTA,2026-10-02,2026-10-02T11:54:49.786128-04:00,214.025,0.1263
CRWD-20261002T15503571989,CRWD,2026-10-02,2026-10-02T11:54:49.786128-04:00,268.87,0.0483
ON-20261002T15520735949,ON,2026-10-02,2026-10-02T11:54:49.786128-04:00,84.58,0.3732
GOOG-20261002T15213889737,GOOG,2026-10-02,2026-10-02T11:54:59.967627-04:00,338.3743,0.1993
TTAN-20261002T15423441697,TTAN,2026-10-02,2026-10-02T11:54:59.967627-04:00,67.295,0.2826
OKTA-20261002T15502538792,OKTA,2026-10-02,2026-10-02T11:54:59.967627-04:00,213.97,0.152
CRWD-20261002T15503571989,CRWD,2026-10-02,2026-10-02T11:54:59.967627-04:00,268.775,0.0836
ON-20261002T15520735949,ON,2026-10-02,2026-10-02T11:54:59.967627-04:00,84.575,0.3791
GOOG-20261002T15213889737,GOOG,2026-10-02,2026-10-02T11:55:10.273696-04:00,338.385,0.1961
TTAN-20261002T15423441697,TTAN,2026-10-02,2026-10-02T11:55:10.273696-04:00,67.295,0.2826
OKTA-20261002T15502538792,OKTA,2026-10-02,2026-10-02T11:55:10.273696-04:00,214.03,0.124
CRWD-20261002T15503571989,CRWD,2026-10-02,2026-10-02T11:55:10.273696-04:00,268.85,0.0558
ON-20261002T15520735949,ON,2026-10-02,2026-10-02T11:55:10.273696-04:00,84.575,0.3791
GOOG-20261002T15213889737,GOOG,2026-10-02,2026-10-02T11:55:20.430895-04:00,338.4058,0.19
TTAN-20261002T15423441697,TTAN,2026-10-02,2026-10-02T11:55:20.430895-04:00,67.295,0.2826
OKTA-20261002T15502538792,OKTA,2026-10-02,2026-10-02T11:55:20.430895-04:00,213.95,0.1613
CRWD-20261002T15503571989,CRWD,2026-10-02,2026-10-02T11:55:20.430895-04:00,268.61,0.145
ON-20261002T15520735949,ON,2026-10-02,2026-10-02T11:55:20.430895-04:00,84.57,0.385
CIEN-20261002T15550027046,CIEN,2026-10-02,2026-10-02T11:55:20.430895-04:00,385.095,0.1076
GOOG-20261002T15213889737,GOOG,2026-10-02,2026-10-02T11:55:30.622963-04:00,338.426,0.184
TTAN-20261002T15423441697,TTAN,2026-10-02,2026-10-02T11:55:30.622963-04:00,67.2922,0.2867
OKTA-20261002T15502538792,OKTA,2026-10-02,2026-10-02T11:55:30.622963-04:00,213.92,0.1753
CRWD-20261002T15503571989,CRWD,2026-10-02,2026-10-02T11:55:30.622963-04:00,268.3412,0.2449
ON-20261002T15520735949,ON,2026-10-02,2026-10-02T11:55:30.622963-04:00,84.54,0.4203
CIEN-20261002T15550027046,CIEN,2026-10-02,2026-10-02T11:55:30.622963-04:00,385.46,0.013
GOOG-20261002T15213889737,GOOG,2026-10-02,2026-10-02T11:55:40.828751-04:00,338.4655,0.1724
TTAN-20261002T15423441697,TTAN,2026-10-02,2026-10-02T11:55:40.828751-04:00,67.295,0.2826
OKTA-20261002T15502538792,OKTA,2026-10-02,2026-10-02T11:55:40.828751-04:00,213.98,0.1473
CRWD-20261002T15503571989,CRWD,2026-10-02,2026-10-02T11:55:40.828751-04:00,268.52,0.1784
ON-20261002T15520735949,ON,2026-10-02,2026-10-02T11:55:40.828751-04:00,84.57,0.385
CIEN-20261002T15550027046,CIEN,2026-10-02,2026-10-02T11:55:40.828751-04:00,386.0899,-0.1504
GOOG-20261002T15213889737,GOOG,2026-10-02,2026-10-02T11:55:51.008071-04:00,338.4296,0.183
TTAN-20261002T15423441697,TTAN,2026-10-02,2026-10-02T11:55:51.008071-04:00,67.295,0.2826
OKTA-20261002T15502538792,OKTA,2026-10-02,2026-10-02T11:55:51.008071-04:00,214.09,0.096
CRWD-20261002T15503571989,CRWD,2026-10-02,2026-10-02T11:55:51.008071-04:00,268.595,0.1506
ON-20261002T15520735949,ON,2026-10-02,2026-10-02T11:55:51.008071-04:00,84.6251,0.3201
CIEN-20261002T15550027046,CIEN,2026-10-02,2026-10-02T11:55:51.008071-04:00,385.49,0.0052
GOOG-20261002T15213889737,GOOG,2026-10-02,2026-10-02T11:56:01.614017-04:00,338.6,0.1327
TTAN-20261002T15423441697,TTAN,2026-10-02,2026-10-02T11:56:01.614017-04:00,67.3048,0.2681
OKTA-20261002T15502538792,OKTA,2026-10-02,2026-10-02T11:56:01.614017-04:00,214.0,0.138
CRWD-20261002T15503571989,CRWD,2026-10-02,2026-10-02T11:56:01.614017-04:00,269.3024,-0.1124
ON-20261002T15520735949,ON,2026-10-02,2026-10-02T11:56:01.614017-04:00,84.64,0.3025
CIEN-20261002T15550027046,CIEN,2026-10-02,2026-10-02T11:56:01.614017-04:00,386.3388,-0.215
GOOG-20261002T15213889737,GOOG,2026-10-02,2026-10-02T11:56:11.877520-04:00,338.6139,0.1286
TTAN-20261002T15423441697,TTAN,2026-10-02,2026-10-02T11:56:11.877520-04:00,67.305,0.2678
OKTA-20261002T15502538792,OKTA,2026-10-02,2026-10-02T11:56:11.877520-04:00,214.22,0.0353
CRWD-20261002T15503571989,CRWD,2026-10-02,2026-10-02T11:56:11.877520-04:00,268.9519,0.0179
ON-20261002T15520735949,ON,2026-10-02,2026-10-02T11:56:11.877520-04:00,84.805,0.1082
CIEN-20261002T15550027046,CIEN,2026-10-02,2026-10-02T11:56:11.877520-04:00,385.915,-0.1051
GOOG-20261002T15213889737,GOOG,2026-10-02,2026-10-02T11:56:22.073482-04:00,338.525,0.1548
TTAN-20261002T15423441697,TTAN,2026-10-02,2026-10-02T11:56:22.073482-04:00,67.3322,0.2275
OKTA-20261002T15502538792,OKTA,2026-10-02,2026-10-02T11:56:22.073482-04:00,214.12,0.082
CRWD-20261002T15503571989,CRWD,2026-10-02,2026-10-02T11:56:22.073482-04:00,268.6476,0.131
ON-20261002T15520735949,ON,2026-10-02,2026-10-02T11:56:22.073482-04:00,84.67,0.2672
CIEN-20261002T15550027046,CIEN,2026-10-02,2026-10-02T11:56:22.073482-04:00,385.67,-0.0415
GOOG-20261002T15213889737,GOOG,2026-10-02,2026-10-02T11:56:32.233921-04:00,338.5887,0.1361
TTAN-20261002T15423441697,TTAN,2026-10-02,2026-10-02T11:56:32.233921-04:00,67.305,0.2678
OKTA-20261002T15502538792,OKTA,2026-10-02,2026-10-02T11:56:32.233921-04:00,214.2,0.0446
CRWD-20261002T15503571989,CRWD,2026-10-02,2026-10-02T11:56:32.233921-04:00,268.78,0.0818
ON-20261002T15520735949,ON,2026-10-02,2026-10-02T11:56:32.233921-04:00,84.63,0.3143
CIEN-20261002T15550027046,CIEN,2026-10-02,2026-10-02T11:56:32.233921-04:00,386.07,-0.1453
GOOG-20261002T15213889737,GOOG,2026-10-02,2026-10-02T11:56:42.384444-04:00,338.485,0.1666
TTAN-20261002T15423441697,TTAN,2026-10-02,2026-10-02T11:56:42.384444-04:00,67.305,0.2678
OKTA-20261002T15502538792,OKTA,2026-10-02,2026-10-02T11:56:42.384444-04:00,214.12,0.082
CRWD-20261002T15503571989,CRWD,2026-10-02,2026-10-02T11:56:42.384444-04:00,268.89,0.0409
ON-20261002T15520735949,ON,2026-10-02,2026-10-02T11:56:42.384444-04:00,84.59,0.3614
CIEN-20261002T15550027046,CIEN,2026-10-02,2026-10-02T11:56:42.384444-04:00,386.1,-0.153
GOOG-20261002T15213889737,GOOG,2026-10-02,2026-10-02T11:56:52.516004-04:00,338.6012,0.1324
TTAN-20261002T15423441697,TTAN,2026-10-02,2026-10-02T11:56:52.516004-04:00,67.305,0.2678
OKTA-20261002T15502538792,OKTA,2026-10-02,2026-10-02T11:56:52.516004-04:00,214.115,0.0843
CRWD-20261002T15503571989,CRWD,2026-10-02,2026-10-02T11:56:52.516004-04:00,268.7507,0.0927
ON-20261002T15520735949,ON,2026-10-02,2026-10-02T11:56:52.516004-04:00,84.545,0.4144
CIEN-20261002T15550027046,CIEN,2026-10-02,2026-10-02T11:56:52.516004-04:00,386.08,-0.1479
GOOG-20261002T15213889737,GOOG,2026-10-02,2026-10-02T11:57:02.784594-04:00,338.6329,0.123
TTAN-20261002T15423441697,TTAN,2026-10-02,2026-10-02T11:57:02.784594-04:00,67.335,0.2233
OKTA-20261002T15502538792,OKTA,2026-10-02,2026-10-02T11:57:02.784594-04:00,214.03,0.124
CRWD-20261002T15503571989,CRWD,2026-10-02,2026-10-02T11:57:02.784594-04:00,268.7087,0.1083
ON-20261002T15520735949,ON,2026-10-02,2026-10-02T11:57:02.784594-04:00,84.575,0.3791
CIEN-20261002T15550027046,CIEN,2026-10-02,2026-10-02T11:57:02.784594-04:00,386.4064,-0.2325
GOOG-20261002T15213889737,GOOG,2026-10-02,2026-10-02T11:57:12.968928-04:00,338.64,0.1209
TTAN-20261002T15423441697,TTAN,2026-10-02,2026-10-02T11:57:12.968928-04:00,67.335,0.2233
OKTA-20261002T15502538792,OKTA,2026-10-02,2026-10-02T11:57:12.968928-04:00,214.02,0.1286
CRWD-20261002T15503571989,CRWD,2026-10-02,2026-10-02T11:57:12.968928-04:00,268.6212,0.1408
ON-20261002T15520735949,ON,2026-10-02,2026-10-02T11:57:12.968928-04:00,84.6,0.3496
CIEN-20261002T15550027046,CIEN,2026-10-02,2026-10-02T11:57:12.968928-04:00,386.24,-0.1894
GOOG-20261002T15213889737,GOOG,2026-10-02,2026-10-02T11:57:23.158803-04:00,338.63,0.1239
TTAN-20261002T15423441697,TTAN,2026-10-02,2026-10-02T11:57:23.158803-04:00,67.3194,0.2464
OKTA-20261002T15502538792,OKTA,2026-10-02,2026-10-02T11:57:23.158803-04:00,214.02,0.1286
CRWD-20261002T15503571989,CRWD,2026-10-02,2026-10-02T11:57:23.158803-04:00,268.53,0.1747
ON-20261002T15520735949,ON,2026-10-02,2026-10-02T11:57:23.158803-04:00,84.6,0.3496
CIEN-20261002T15550027046,CIEN,2026-10-02,2026-10-02T11:57:23.158803-04:00,386.245,-0.1907
GOOG-20261002T15213889737,GOOG,2026-10-02,2026-10-02T11:57:33.342057-04:00,338.57,0.1416
TTAN-20261002T15423441697,TTAN,2026-10-02,2026-10-02T11:57:33.342057-04:00,67.3597,0.1867
OKTA-20261002T15502538792,OKTA,2026-10-02,2026-10-02T11:57:33.342057-04:00,214.0858,0.0979
CRWD-20261002T15503571989,CRWD,2026-10-02,2026-10-02T11:57:33.342057-04:00,268.6518,0.1294
ON-20261002T15520735949,ON,2026-10-02,2026-10-02T11:57:33.342057-04:00,84.5972,0.3529
CIEN-20261002T15550027046,CIEN,2026-10-02,2026-10-02T11:57:33.342057-04:00,385.8985,-0.1008
GOOG-20261002T15213889737,GOOG,2026-10-02,2026-10-02T11:57:43.628880-04:00,338.62,0.1268
TTAN-20261002T15423441697,TTAN,2026-10-02,2026-10-02T11:57:43.628880-04:00,67.325,0.2381
OKTA-20261002T15502538792,OKTA,2026-10-02,2026-10-02T11:57:43.628880-04:00,213.99,0.1426
CRWD-20261002T15503571989,CRWD,2026-10-02,2026-10-02T11:57:43.628880-04:00,268.57,0.1599
ON-20261002T15520735949,ON,2026-10-02,2026-10-02T11:57:43.628880-04:00,84.62,0.3261
CIEN-20261002T15550027046,CIEN,2026-10-02,2026-10-02T11:57:43.628880-04:00,386.47,-0.249
GOOG-20261002T15213889737,GOOG,2026-10-02,2026-10-02T11:57:53.803964-04:00,338.67,0.1121
TTAN-20261002T15423441697,TTAN,2026-10-02,2026-10-02T11:57:53.803964-04:00,67.325,0.2381
OKTA-20261002T15502538792,OKTA,2026-10-02,2026-10-02T11:57:53.803964-04:00,213.935,0.1683
CRWD-20261002T15503571989,CRWD,2026-10-02,2026-10-02T11:57:53.803964-04:00,268.6399,0.1339
ON-20261002T15520735949,ON,2026-10-02,2026-10-02T11:57:53.803964-04:00,84.645,0.2966
CIEN-20261002T15550027046,CIEN,2026-10-02,2026-10-02T11:57:53.803964-04:00,386.535,-0.2659
GOOG-20261002T15213889737,GOOG,2026-10-02,2026-10-02T11:58:04.012781-04:00,338.76,0.0855
TTAN-20261002T15423441697,TTAN,2026-10-02,2026-10-02T11:58:04.012781-04:00,67.325,0.2381
OKTA-20261002T15502538792,OKTA,2026-10-02,2026-10-02T11:58:04.012781-04:00,213.87,0.1986
CRWD-20261002T15503571989,CRWD,2026-10-02,2026-10-02T11:58:04.012781-04:00,268.41,0.2193
ON-20261002T15520735949,ON,2026-10-02,2026-10-02T11:58:04.012781-04:00,84.6551,0.2847
CIEN-20261002T15550027046,CIEN,2026-10-02,2026-10-02T11:58:04.012781-04:00,386.6988,-0.3084
GOOG-20261002T15213889737,GOOG,2026-10-02,2026-10-02T11:58:14.208921-04:00,338.7129,0.0994
TTAN-20261002T15423441697,TTAN,2026-10-02,2026-10-02T11:58:14.208921-04:00,67.325,0.2381
OKTA-20261002T15502538792,OKTA,2026-10-02,2026-10-02T11:58:14.208921-04:00,213.77,0.2453
CRWD-20261002T15503571989,CRWD,2026-10-02,2026-10-02T11:58:14.208921-04:00,269.0229,-0.0085
ON-20261002T15520735949,ON,2026-10-02,2026-10-02T11:58:14.208921-04:00,84.645,0.2966
CIEN-20261002T15550027046,CIEN,2026-10-02,2026-10-02T11:58:14.208921-04:00,386.3425,-0.2159
GOOG-20261002T15213889737,GOOG,2026-10-02,2026-10-02T11:58:24.403869-04:00,338.78,0.0796
TTAN-20261002T15423441697,TTAN,2026-10-02,2026-10-02T11:58:24.403869-04:00,67.325,0.2381
OKTA-20261002T15502538792,OKTA,2026-10-02,2026-10-02T11:58:24.403869-04:00,213.67,0.2919
CRWD-20261002T15503571989,CRWD,2026-10-02,2026-10-02T11:58:24.403869-04:00,268.35,0.2416
ON-20261002T15520735949,ON,2026-10-02,2026-10-02T11:58:24.403869-04:00,84.6037,0.3453
CIEN-20261002T15550027046,CIEN,2026-10-02,2026-10-02T11:58:24.403869-04:00,386.6259,-0.2895
GOOG-20261002T15213889737,GOOG,2026-10-02,2026-10-02T11:58:34.574979-04:00,338.8529,0.0581
TTAN-20261002T15423441697,TTAN,2026-10-02,2026-10-02T11:58:34.574979-04:00,67.325,0.2381
OKTA-20261002T15502538792,OKTA,2026-10-02,2026-10-02T11:58:34.574979-04:00,213.635,0.3083
CRWD-20261002T15503571989,CRWD,2026-10-02,2026-10-02T11:58:34.574979-04:00,268.43,0.2119
ON-20261002T15520735949,ON,2026-10-02,2026-10-02T11:58:34.574979-04:00,84.655,0.2849
CIEN-20261002T15550027046,CIEN,2026-10-02,2026-10-02T11:58:34.574979-04:00,386.04,-0.1375
GOOG-20261002T15213889737,GOOG,2026-10-02,2026-10-02T11:58:44.753467-04:00,338.93,0.0354
TTAN-20261002T15423441697,TTAN,2026-10-02,2026-10-02T11:58:44.753467-04:00,67.325,0.2381
OKTA-20261002T15502538792,OKTA,2026-10-02,2026-10-02T11:58:44.753467-04:00,213.8985,0.1853
CRWD-20261002T15503571989,CRWD,2026-10-02,2026-10-02T11:58:44.753467-04:00,268.3901,0.2267
ON-20261002T15520735949,ON,2026-10-02,2026-10-02T11:58:44.753467-04:00,84.6186,0.3277
CIEN-20261002T15550027046,CIEN,2026-10-02,2026-10-02T11:58:44.753467-04:00,386.38,-0.2257
GOOG-20261002T15213889737,GOOG,2026-10-02,2026-10-02T11:58:54.941044-04:00,338.9699,0.0236
TTAN-20261002T15423441697,TTAN,2026-10-02,2026-10-02T11:58:54.941044-04:00,67.325,0.2381
OKTA-20261002T15502538792,OKTA,2026-10-02,2026-10-02T11:58:54.941044-04:00,213.83,0.2173
CRWD-20261002T15503571989,CRWD,2026-10-02,2026-10-02T11:58:54.941044-04:00,268.3212,0.2523
ON-20261002T15520735949,ON,2026-10-02,2026-10-02T11:58:54.941044-04:00,84.6633,0.2751
CIEN-20261002T15550027046,CIEN,2026-10-02,2026-10-02T11:58:54.941044-04:00,386.095,-0.1517
GOOG-20261002T15213889737,GOOG,2026-10-02,2026-10-02T11:59:05.135120-04:00,339.0315,0.0055
TTAN-20261002T15423441697,TTAN,2026-10-02,2026-10-02T11:59:05.135120-04:00,67.3442,0.2097
OKTA-20261002T15502538792,OKTA,2026-10-02,2026-10-02T11:59:05.135120-04:00,213.82,0.2219
CRWD-20261002T15503571989,CRWD,2026-10-02,2026-10-02T11:59:05.135120-04:00,268.51,0.1822
ON-20261002T15520735949,ON,2026-10-02,2026-10-02T11:59:05.135120-04:00,84.66,0.279
CIEN-20261002T15550027046,CIEN,2026-10-02,2026-10-02T11:59:05.135120-04:00,386.2522,-0.1925
GOOG-20261002T15213889737,GOOG,2026-10-02,2026-10-02T11:59:15.295041-04:00,339.1201,-0.0207
TTAN-20261002T15423441697,TTAN,2026-10-02,2026-10-02T11:59:15.295041-04:00,67.325,0.2381
OKTA-20261002T15502538792,OKTA,2026-10-02,2026-10-02T11:59:15.295041-04:00,213.705,0.2756
CRWD-20261002T15503571989,CRWD,2026-10-02,2026-10-02T11:59:15.295041-04:00,268.3628,0.2369
ON-20261002T15520735949,ON,2026-10-02,2026-10-02T11:59:15.295041-04:00,84.62,0.3261
CIEN-20261002T15550027046,CIEN,2026-10-02,2026-10-02T11:59:15.295041-04:00,386.38,-0.2257
GOOG-20261002T15213889737,GOOG,2026-10-02,2026-10-02T11:59:25.486990-04:00,339.1829,-0.0392
TTAN-20261002T15423441697,TTAN,2026-10-02,2026-10-02T11:59:25.486990-04:00,67.325,0.2381
OKTA-20261002T15502538792,OKTA,2026-10-02,2026-10-02T11:59:25.486990-04:00,213.705,0.2756
CRWD-20261002T15503571989,CRWD,2026-10-02,2026-10-02T11:59:25.486990-04:00,268.3433,0.2441
ON-20261002T15520735949,ON,2026-10-02,2026-10-02T11:59:25.486990-04:00,84.6494,0.2914
CIEN-20261002T15550027046,CIEN,2026-10-02,2026-10-02T11:59:25.486990-04:00,386.26,-0.1945
GOOG-20261002T15213889737,GOOG,2026-10-02,2026-10-02T11:59:35.655112-04:00,339.21,-0.0472
TTAN-20261002T15423441697,TTAN,2026-10-02,2026-10-02T11:59:35.655112-04:00,67.3287,0.2327
OKTA-20261002T15502538792,OKTA,2026-10-02,2026-10-02T11:59:35.655112-04:00,213.909,0.1804
CRWD-20261002T15503571989,CRWD,2026-10-02,2026-10-02T11:59:35.655112-04:00,268.28,0.2677
ON-20261002T15520735949,ON,2026-10-02,2026-10-02T11:59:35.655112-04:00,84.6272,0.3176
CIEN-20261002T15550027046,CIEN,2026-10-02,2026-10-02T11:59:35.655112-04:00,386.0831,-0.1487
GOOG-20261002T15213889737,GOOG,2026-10-02,2026-10-02T11:59:45.840062-04:00,339.344,-0.0867
TTAN-20261002T15423441697,TTAN,2026-10-02,2026-10-02T11:59:45.840062-04:00,67.42,0.0974
OKTA-20261002T15502538792,OKTA,2026-10-02,2026-10-02T11:59:45.840062-04:00,213.705,0.2756
CRWD-20261002T15503571989,CRWD,2026-10-02,2026-10-02T11:59:45.840062-04:00,268.44,0.2082
ON-20261002T15520735949,ON,2026-10-02,2026-10-02T11:59:45.840062-04:00,84.54,0.4203
CIEN-20261002T15550027046,CIEN,2026-10-02,2026-10-02T11:59:45.840062-04:00,386.26,-0.1945
GOOG-20261002T15213889737,GOOG,2026-10-02,2026-10-02T11:59:56.008059-04:00,339.435,-0.1136
TTAN-20261002T15423441697,TTAN,2026-10-02,2026-10-02T11:59:56.008059-04:00,67.465,0.0307
OKTA-20261002T15502538792,OKTA,2026-10-02,2026-10-02T11:59:56.008059-04:00,213.8131,0.2252
CRWD-20261002T15503571989,CRWD,2026-10-02,2026-10-02T11:59:56.008059-04:00,268.5027,0.1849
ON-20261002T15520735949,ON,2026-10-02,2026-10-02T11:59:56.008059-04:00,84.5568,0.4005
CIEN-20261002T15550027046,CIEN,2026-10-02,2026-10-02T11:59:56.008059-04:00,386.26,-0.1945
GOOG-20261002T15213889737,GOOG,2026-10-02,2026-10-02T12:00:06.199687-04:00,339.42,-0.1091
TTAN-20261002T15423441697,TTAN,2026-10-02,2026-10-02T12:00:06.199687-04:00,67.3933,0.1369
OKTA-20261002T15502538792,OKTA,2026-10-02,2026-10-02T12:00:06.199687-04:00,213.915,0.1776
CRWD-20261002T15503571989,CRWD,2026-10-02,2026-10-02T12:00:06.199687-04:00,268.71,0.1078
ON-20261002T15520735949,ON,2026-10-02,2026-10-02T12:00:06.199687-04:00,84.59,0.3614
CIEN-20261002T15550027046,CIEN,2026-10-02,2026-10-02T12:00:06.199687-04:00,386.26,-0.1945
GOOG-20261002T15213889737,GOOG,2026-10-02,2026-10-02T12:00:16.755933-04:00,339.27,-0.0649
OKTA-20261002T15502538792,OKTA,2026-10-02,2026-10-02T12:00:16.755933-04:00,213.9,0.1846
CRWD-20261002T15503571989,CRWD,2026-10-02,2026-10-02T12:00:16.755933-04:00,268.6355,0.1355
ON-20261002T15520735949,ON,2026-10-02,2026-10-02T12:00:16.755933-04:00,84.55,0.4085
CIEN-20261002T15550027046,CIEN,2026-10-02,2026-10-02T12:00:16.755933-04:00,386.56,-0.2724
GOOG-20261002T15213889737,GOOG,2026-10-02,2026-10-02T12:00:27.090312-04:00,339.3067,-0.0757
OKTA-20261002T15502538792,OKTA,2026-10-02,2026-10-02T12:00:27.090312-04:00,214.03,0.124
CRWD-20261002T15503571989,CRWD,2026-10-02,2026-10-02T12:00:27.090312-04:00,268.9188,0.0302
ON-20261002T15520735949,ON,2026-10-02,2026-10-02T12:00:27.090312-04:00,84.535,0.4262
CIEN-20261002T15550027046,CIEN,2026-10-02,2026-10-02T12:00:27.090312-04:00,386.3756,-0.2245
GOOG-20261002T15213889737,GOOG,2026-10-02,2026-10-02T12:00:37.356745-04:00,339.382,-0.0979
OKTA-20261002T15502538792,OKTA,2026-10-02,2026-10-02T12:00:37.356745-04:00,213.92,0.1753
CRWD-20261002T15503571989,CRWD,2026-10-02,2026-10-02T12:00:37.356745-04:00,268.68,0.119
ON-20261002T15520735949,ON,2026-10-02,2026-10-02T12:00:37.356745-04:00,84.61,0.3379
CIEN-20261002T15550027046,CIEN,2026-10-02,2026-10-02T12:00:37.356745-04:00,386.29,-0.2023
EPAM-20261002T16001708527,EPAM,2026-10-02,2026-10-02T12:00:37.356745-04:00,109.835,-0.2144
GOOG-20261002T15213889737,GOOG,2026-10-02,2026-10-02T12:00:47.568035-04:00,339.34,-0.0855
OKTA-20261002T15502538792,OKTA,2026-10-02,2026-10-02T12:00:47.568035-04:00,213.865,0.2009
CRWD-20261002T15503571989,CRWD,2026-10-02,2026-10-02T12:00:47.568035-04:00,268.72,0.1041
ON-20261002T15520735949,ON,2026-10-02,2026-10-02T12:00:47.568035-04:00,84.5985,0.3514
CIEN-20261002T15550027046,CIEN,2026-10-02,2026-10-02T12:00:47.568035-04:00,386.4903,-0.2543
EPAM-20261002T16001708527,EPAM,2026-10-02,2026-10-02T12:00:47.568035-04:00,109.82,-0.2007
GOOG-20261002T15213889737,GOOG,2026-10-02,2026-10-02T12:00:57.798948-04:00,339.3944,-0.1016
OKTA-20261002T15502538792,OKTA,2026-10-02,2026-10-02T12:00:57.798948-04:00,213.865,0.2009
CRWD-20261002T15503571989,CRWD,2026-10-02,2026-10-02T12:00:57.798948-04:00,268.46,0.2007
ON-20261002T15520735949,ON,2026-10-02,2026-10-02T12:00:57.798948-04:00,84.59,0.3614
CIEN-20261002T15550027046,CIEN,2026-10-02,2026-10-02T12:00:57.798948-04:00,386.495,-0.2555
EPAM-20261002T16001708527,EPAM,2026-10-02,2026-10-02T12:00:57.798948-04:00,109.7933,-0.1764
GOOG-20261002T15213889737,GOOG,2026-10-02,2026-10-02T12:01:08.337657-04:00,339.43,-0.1121
OKTA-20261002T15502538792,OKTA,2026-10-02,2026-10-02T12:01:08.337657-04:00,213.8774,0.1952
CRWD-20261002T15503571989,CRWD,2026-10-02,2026-10-02T12:01:08.337657-04:00,268.5722,0.159
ON-20261002T15520735949,ON,2026-10-02,2026-10-02T12:01:08.337657-04:00,84.6667,0.2711
CIEN-20261002T15550027046,CIEN,2026-10-02,2026-10-02T12:01:08.337657-04:00,386.495,-0.2555
EPAM-20261002T16001708527,EPAM,2026-10-02,2026-10-02T12:01:08.337657-04:00,109.82,-0.2007
DK-20261002T16004779384,DK,2026-10-02,2026-10-02T12:01:08.337657-04:00,74.745,-0.2078
GOOG-20261002T15213889737,GOOG,2026-10-02,2026-10-02T12:01:18.509980-04:00,339.54,-0.1445
OKTA-20261002T15502538792,OKTA,2026-10-02,2026-10-02T12:01:18.509980-04:00,213.9999,0.138
CRWD-20261002T15503571989,CRWD,2026-10-02,2026-10-02T12:01:18.509980-04:00,268.71,0.1078
ON-20261002T15520735949,ON,2026-10-02,2026-10-02T12:01:18.509980-04:00,84.3952,0.5909
CIEN-20261002T15550027046,CIEN,2026-10-02,2026-10-02T12:01:18.509980-04:00,386.495,-0.2555
EPAM-20261002T16001708527,EPAM,2026-10-02,2026-10-02T12:01:18.509980-04:00,109.9405,-0.3107
DK-20261002T16004779384,DK,2026-10-02,2026-10-02T12:01:18.509980-04:00,74.81,-0.2949
GOOG-20261002T15213889737,GOOG,2026-10-02,2026-10-02T12:01:28.692737-04:00,339.54,-0.1445
OKTA-20261002T15502538792,OKTA,2026-10-02,2026-10-02T12:01:28.692737-04:00,213.886,0.1911
CRWD-20261002T15503571989,CRWD,2026-10-02,2026-10-02T12:01:28.692737-04:00,268.72,0.1041
ON-20261002T15520735949,ON,2026-10-02,2026-10-02T12:01:28.692737-04:00,84.38,0.6088
CIEN-20261002T15550027046,CIEN,2026-10-02,2026-10-02T12:01:28.692737-04:00,386.7,-0.3087
EPAM-20261002T16001708527,EPAM,2026-10-02,2026-10-02T12:01:28.692737-04:00,109.835,-0.2144
DK-20261002T16004779384,DK,2026-10-02,2026-10-02T12:01:28.692737-04:00,74.7951,-0.275
GOOG-20261002T15213889737,GOOG,2026-10-02,2026-10-02T12:01:38.894704-04:00,339.6887,-0.1884
OKTA-20261002T15502538792,OKTA,2026-10-02,2026-10-02T12:01:38.894704-04:00,213.97,0.152
CRWD-20261002T15503571989,CRWD,2026-10-02,2026-10-02T12:01:38.894704-04:00,268.7989,0.0748
ON-20261002T15520735949,ON,2026-10-02,2026-10-02T12:01:38.894704-04:00,84.44,0.5381
CIEN-20261002T15550027046,CIEN,2026-10-02,2026-10-02T12:01:38.894704-04:00,386.4109,-0.2337
EPAM-20261002T16001708527,EPAM,2026-10-02,2026-10-02T12:01:38.894704-04:00,109.81,-0.1916
DK-20261002T16004779384,DK,2026-10-02,2026-10-02T12:01:38.894704-04:00,74.7951,-0.275
GOOG-20261002T15213889737,GOOG,2026-10-02,2026-10-02T12:01:49.187886-04:00,339.6515,-0.1774
OKTA-20261002T15502538792,OKTA,2026-10-02,2026-10-02T12:01:49.187886-04:00,213.96,0.1566
CRWD-20261002T15503571989,CRWD,2026-10-02,2026-10-02T12:01:49.187886-04:00,268.865,0.0502
ON-20261002T15520735949,ON,2026-10-02,2026-10-02T12:01:49.187886-04:00,84.44,0.5381
CIEN-20261002T15550027046,CIEN,2026-10-02,2026-10-02T12:01:49.187886-04:00,386.6988,-0.3084
EPAM-20261002T16001708527,EPAM,2026-10-02,2026-10-02T12:01:49.187886-04:00,109.71,-0.1004
DK-20261002T16004779384,DK,2026-10-02,2026-10-02T12:01:49.187886-04:00,74.7951,-0.275
GOOG-20261002T15213889737,GOOG,2026-10-02,2026-10-02T12:01:59.361042-04:00,339.605,-0.1637
OKTA-20261002T15502538792,OKTA,2026-10-02,2026-10-02T12:01:59.361042-04:00,213.8717,0.1978
CRWD-20261002T15503571989,CRWD,2026-10-02,2026-10-02T12:01:59.361042-04:00,268.8106,0.0704
ON-20261002T15520735949,ON,2026-10-02,2026-10-02T12:01:59.361042-04:00,84.37,0.6206
CIEN-20261002T15550027046,CIEN,2026-10-02,2026-10-02T12:01:59.361042-04:00,386.5139,-0.2604
EPAM-20261002T16001708527,EPAM,2026-10-02,2026-10-02T12:01:59.361042-04:00,109.9399,-0.3101
DK-20261002T16004779384,DK,2026-10-02,2026-10-02T12:01:59.361042-04:00,74.8343,-0.3275
GOOG-20261002T15213889737,GOOG,2026-10-02,2026-10-02T12:02:09.558368-04:00,339.6413,-0.1744
OKTA-20261002T15502538792,OKTA,2026-10-02,2026-10-02T12:02:09.558368-04:00,214.0656,0.1073
CRWD-20261002T15503571989,CRWD,2026-10-02,2026-10-02T12:02:09.558368-04:00,268.85,0.0558
ON-20261002T15520735949,ON,2026-10-02,2026-10-02T12:02:09.558368-04:00,84.39,0.597
CIEN-20261002T15550027046,CIEN,2026-10-02,2026-10-02T12:02:09.558368-04:00,386.5336,-0.2655
EPAM-20261002T16001708527,EPAM,2026-10-02,2026-10-02T12:02:09.558368-04:00,109.8353,-0.2147
DK-20261002T16004779384,DK,2026-10-02,2026-10-02T12:02:09.558368-04:00,74.8343,-0.3275
GOOG-20261002T15213889737,GOOG,2026-10-02,2026-10-02T12:02:19.785594-04:00,339.46,-0.1209
OKTA-20261002T15502538792,OKTA,2026-10-02,2026-10-02T12:02:19.785594-04:00,214.18,0.054
CRWD-20261002T15503571989,CRWD,2026-10-02,2026-10-02T12:02:19.785594-04:00,268.7,0.1115
ON-20261002T15520735949,ON,2026-10-02,2026-10-02T12:02:19.785594-04:00,84.36,0.6323
CIEN-20261002T15550027046,CIEN,2026-10-02,2026-10-02T12:02:19.785594-04:00,386.29,-0.2023
EPAM-20261002T16001708527,EPAM,2026-10-02,2026-10-02T12:02:19.785594-04:00,109.9205,-0.2924
DK-20261002T16004779384,DK,2026-10-02,2026-10-02T12:02:19.785594-04:00,74.8411,-0.3366
GOOG-20261002T15213889737,GOOG,2026-10-02,2026-10-02T12:02:29.954557-04:00,339.5401,-0.1446
OKTA-20261002T15502538792,OKTA,2026-10-02,2026-10-02T12:02:29.954557-04:00,214.085,0.0983
CRWD-20261002T15503571989,CRWD,2026-10-02,2026-10-02T12:02:29.954557-04:00,268.815,0.0688
ON-20261002T15520735949,ON,2026-10-02,2026-10-02T12:02:29.954557-04:00,84.41,0.5734
CIEN-20261002T15550027046,CIEN,2026-10-02,2026-10-02T12:02:29.954557-04:00,386.455,-0.2451
EPAM-20261002T16001708527,EPAM,2026-10-02,2026-10-02T12:02:29.954557-04:00,110.01,-0.3741
DK-20261002T16004779384,DK,2026-10-02,2026-10-02T12:02:29.954557-04:00,74.7375,-0.1977
GOOG-20261002T15213889737,GOOG,2026-10-02,2026-10-02T12:02:40.160204-04:00,339.65,-0.177
OKTA-20261002T15502538792,OKTA,2026-10-02,2026-10-02T12:02:40.160204-04:00,214.095,0.0936
CRWD-20261002T15503571989,CRWD,2026-10-02,2026-10-02T12:02:40.160204-04:00,268.94,0.0223
ON-20261002T15520735949,ON,2026-10-02,2026-10-02T12:02:40.160204-04:00,84.4,0.5852
CIEN-20261002T15550027046,CIEN,2026-10-02,2026-10-02T12:02:40.160204-04:00,386.31,-0.2075
EPAM-20261002T16001708527,EPAM,2026-10-02,2026-10-02T12:02:40.160204-04:00,109.6789,-0.072
DK-20261002T16004779384,DK,2026-10-02,2026-10-02T12:02:40.160204-04:00,74.7653,-0.235
GOOG-20261002T15213889737,GOOG,2026-10-02,2026-10-02T12:02:50.324075-04:00,339.71,-0.1947
OKTA-20261002T15502538792,OKTA,2026-10-02,2026-10-02T12:02:50.324075-04:00,214.21,0.04
CRWD-20261002T15503571989,CRWD,2026-10-02,2026-10-02T12:02:50.324075-04:00,268.8079,0.0714
ON-20261002T15520735949,ON,2026-10-02,2026-10-02T12:02:50.324075-04:00,84.3872,0.6003
CIEN-20261002T15550027046,CIEN,2026-10-02,2026-10-02T12:02:50.324075-04:00,386.45,-0.2438
EPAM-20261002T16001708527,EPAM,2026-10-02,2026-10-02T12:02:50.324075-04:00,110.05,-0.4106
DK-20261002T16004779384,DK,2026-10-02,2026-10-02T12:02:50.324075-04:00,74.7,-0.1475
GOOG-20261002T15213889737,GOOG,2026-10-02,2026-10-02T12:03:00.515146-04:00,339.76,-0.2094
OKTA-20261002T15502538792,OKTA,2026-10-02,2026-10-02T12:03:00.515146-04:00,214.15,0.068
CRWD-20261002T15503571989,CRWD,2026-10-02,2026-10-02T12:03:00.515146-04:00,268.88,0.0446
ON-20261002T15520735949,ON,2026-10-02,2026-10-02T12:03:00.515146-04:00,84.36,0.6323
CIEN-20261002T15550027046,CIEN,2026-10-02,2026-10-02T12:03:00.515146-04:00,386.57,-0.275
EPAM-20261002T16001708527,EPAM,2026-10-02,2026-10-02T12:03:00.515146-04:00,109.815,-0.1962
DK-20261002T16004779384,DK,2026-10-02,2026-10-02T12:03:00.515146-04:00,74.73,-0.1877
GOOG-20261002T15213889737,GOOG,2026-10-02,2026-10-02T12:03:10.729817-04:00,339.7,-0.1917
OKTA-20261002T15502538792,OKTA,2026-10-02,2026-10-02T12:03:10.729817-04:00,214.222,0.0344
CRWD-20261002T15503571989,CRWD,2026-10-02,2026-10-02T12:03:10.729817-04:00,269.015,-0.0056
ON-20261002T15520735949,ON,2026-10-02,2026-10-02T12:03:10.729817-04:00,84.36,0.6323
CIEN-20261002T15550027046,CIEN,2026-10-02,2026-10-02T12:03:10.729817-04:00,386.486,-0.2532
EPAM-20261002T16001708527,EPAM,2026-10-02,2026-10-02T12:03:10.729817-04:00,109.8736,-0.2496
DK-20261002T16004779384,DK,2026-10-02,2026-10-02T12:03:10.729817-04:00,74.7248,-0.1807
OKTA-20261002T15502538792,OKTA,2026-10-02,2026-10-02T12:03:20.992697-04:00,213.9649,0.1543
CRWD-20261002T15503571989,CRWD,2026-10-02,2026-10-02T12:03:20.992697-04:00,268.915,0.0316
ON-20261002T15520735949,ON,2026-10-02,2026-10-02T12:03:20.992697-04:00,84.351,0.6429
CIEN-20261002T15550027046,CIEN,2026-10-02,2026-10-02T12:03:20.992697-04:00,386.727,-0.3157
EPAM-20261002T16001708527,EPAM,2026-10-02,2026-10-02T12:03:20.992697-04:00,109.8649,-0.2417
DK-20261002T16004779384,DK,2026-10-02,2026-10-02T12:03:20.992697-04:00,74.59,-0.0
OKTA-20261002T15502538792,OKTA,2026-10-02,2026-10-02T12:03:31.191553-04:00,213.9735,0.1503
CRWD-20261002T15503571989,CRWD,2026-10-02,2026-10-02T12:03:31.191553-04:00,268.6629,0.1253
ON-20261002T15520735949,ON,2026-10-02,2026-10-02T12:03:31.191553-04:00,84.338,0.6582
CIEN-20261002T15550027046,CIEN,2026-10-02,2026-10-02T12:03:31.191553-04:00,386.7405,-0.3192
EPAM-20261002T16001708527,EPAM,2026-10-02,2026-10-02T12:03:31.191553-04:00,109.8714,-0.2476
DK-20261002T16004779384,DK,2026-10-02,2026-10-02T12:03:31.191553-04:00,74.6838,-0.1258
OKTA-20261002T15502538792,OKTA,2026-10-02,2026-10-02T12:03:41.405499-04:00,214.1925,0.0481
CRWD-20261002T15503571989,CRWD,2026-10-02,2026-10-02T12:03:41.405499-04:00,269.0168,-0.0062
ON-20261002T15520735949,ON,2026-10-02,2026-10-02T12:03:41.405499-04:00,84.31,0.6912
CIEN-20261002T15550027046,CIEN,2026-10-02,2026-10-02T12:03:41.405499-04:00,386.5994,-0.2826
EPAM-20261002T16001708527,EPAM,2026-10-02,2026-10-02T12:03:41.405499-04:00,110.07,-0.4288
DK-20261002T16004779384,DK,2026-10-02,2026-10-02T12:03:41.405499-04:00,74.6832,-0.1249
OKTA-20261002T15502538792,OKTA,2026-10-02,2026-10-02T12:03:51.642496-04:00,214.155,0.0656
CRWD-20261002T15503571989,CRWD,2026-10-02,2026-10-02T12:03:51.642496-04:00,269.01,-0.0037
ON-20261002T15520735949,ON,2026-10-02,2026-10-02T12:03:51.642496-04:00,84.295,0.7089
CIEN-20261002T15550027046,CIEN,2026-10-02,2026-10-02T12:03:51.642496-04:00,387.13,-0.4202
EPAM-20261002T16001708527,EPAM,2026-10-02,2026-10-02T12:03:51.642496-04:00,109.835,-0.2144
DK-20261002T16004779384,DK,2026-10-02,2026-10-02T12:03:51.642496-04:00,74.645,-0.0737
OKTA-20261002T15502538792,OKTA,2026-10-02,2026-10-02T12:04:01.897827-04:00,214.0051,0.1356
CRWD-20261002T15503571989,CRWD,2026-10-02,2026-10-02T12:04:01.897827-04:00,268.995,0.0019
ON-20261002T15520735949,ON,2026-10-02,2026-10-02T12:04:01.897827-04:00,84.272,0.736
CIEN-20261002T15550027046,CIEN,2026-10-02,2026-10-02T12:04:01.897827-04:00,386.271,-0.1974
EPAM-20261002T16001708527,EPAM,2026-10-02,2026-10-02T12:04:01.897827-04:00,109.83,-0.2099
DK-20261002T16004779384,DK,2026-10-02,2026-10-02T12:04:01.897827-04:00,74.6843,-0.1264
KLAC-20261002T16034162944,KLAC,2026-10-02,2026-10-02T12:04:01.897827-04:00,207.84,0.0289
OKTA-20261002T15502538792,OKTA,2026-10-02,2026-10-02T12:04:12.309464-04:00,214.15,0.068
CRWD-20261002T15503571989,CRWD,2026-10-02,2026-10-02T12:04:12.309464-04:00,268.9795,0.0076
ON-20261002T15520735949,ON,2026-10-02,2026-10-02T12:04:12.309464-04:00,84.3247,0.6739
EPAM-20261002T16001708527,EPAM,2026-10-02,2026-10-02T12:04:12.309464-04:00,109.8344,-0.2139
DK-20261002T16004779384,DK,2026-10-02,2026-10-02T12:04:12.309464-04:00,74.622,-0.0429
KLAC-20261002T16034162944,KLAC,2026-10-02,2026-10-02T12:04:12.309464-04:00,207.87,0.0144
OKTA-20261002T15502538792,OKTA,2026-10-02,2026-10-02T12:04:22.493645-04:00,213.995,0.1403
CRWD-20261002T15503571989,CRWD,2026-10-02,2026-10-02T12:04:22.493645-04:00,268.88,0.0446
ON-20261002T15520735949,ON,2026-10-02,2026-10-02T12:04:22.493645-04:00,84.4128,0.5701
EPAM-20261002T16001708527,EPAM,2026-10-02,2026-10-02T12:04:22.493645-04:00,109.83,-0.2099
DK-20261002T16004779384,DK,2026-10-02,2026-10-02T12:04:22.493645-04:00,74.6933,-0.1385
KLAC-20261002T16034162944,KLAC,2026-10-02,2026-10-02T12:04:22.493645-04:00,207.87,0.0144
AXTI-20261002T16040230202,AXTI,2026-10-02,2026-10-02T12:04:22.493645-04:00,86.355,-0.1784
OKTA-20261002T15502538792,OKTA,2026-10-02,2026-10-02T12:04:32.637562-04:00,214.01,0.1333
CRWD-20261002T15503571989,CRWD,2026-10-02,2026-10-02T12:04:32.637562-04:00,268.925,0.0279
ON-20261002T15520735949,ON,2026-10-02,2026-10-02T12:04:32.637562-04:00,84.2994,0.7037
EPAM-20261002T16001708527,EPAM,2026-10-02,2026-10-02T12:04:32.637562-04:00,109.8511,-0.2291
DK-20261002T16004779384,DK,2026-10-02,2026-10-02T12:04:32.637562-04:00,74.683,-0.1247
KLAC-20261002T16034162944,KLAC,2026-10-02,2026-10-02T12:04:32.637562-04:00,207.92,-0.0096
AXTI-20261002T16040230202,AXTI,2026-10-02,2026-10-02T12:04:32.637562-04:00,86.31,-0.1262
OKTA-20261002T15502538792,OKTA,2026-10-02,2026-10-02T12:04:42.839629-04:00,214.1074,0.0878
CRWD-20261002T15503571989,CRWD,2026-10-02,2026-10-02T12:04:42.839629-04:00,268.925,0.0279
ON-20261002T15520735949,ON,2026-10-02,2026-10-02T12:04:42.839629-04:00,84.26,0.7501
EPAM-20261002T16001708527,EPAM,2026-10-02,2026-10-02T12:04:42.839629-04:00,109.8346,-0.2141
DK-20261002T16004779384,DK,2026-10-02,2026-10-02T12:04:42.839629-04:00,74.65,-0.0804
KLAC-20261002T16034162944,KLAC,2026-10-02,2026-10-02T12:04:42.839629-04:00,207.94,-0.0192
AXTI-20261002T16040230202,AXTI,2026-10-02,2026-10-02T12:04:42.839629-04:00,86.355,-0.1784
OKTA-20261002T15502538792,OKTA,2026-10-02,2026-10-02T12:04:53.112783-04:00,214.09,0.096
CRWD-20261002T15503571989,CRWD,2026-10-02,2026-10-02T12:04:53.112783-04:00,268.83,0.0632
ON-20261002T15520735949,ON,2026-10-02,2026-10-02T12:04:53.112783-04:00,84.25,0.7619
EPAM-20261002T16001708527,EPAM,2026-10-02,2026-10-02T12:04:53.112783-04:00,109.83,-0.2099
DK-20261002T16004779384,DK,2026-10-02,2026-10-02T12:04:53.112783-04:00,74.645,-0.0737
KLAC-20261002T16034162944,KLAC,2026-10-02,2026-10-02T12:04:53.112783-04:00,207.8922,0.0038
AXTI-20261002T16040230202,AXTI,2026-10-02,2026-10-02T12:04:53.112783-04:00,86.315,-0.132
OKTA-20261002T15502538792,OKTA,2026-10-02,2026-10-02T12:05:03.310420-04:00,214.21,0.04
CRWD-20261002T15503571989,CRWD,2026-10-02,2026-10-02T12:05:03.310420-04:00,268.96,0.0149
ON-20261002T15520735949,ON,2026-10-02,2026-10-02T12:05:03.310420-04:00,84.3095,0.6918
EPAM-20261002T16001708527,EPAM,2026-10-02,2026-10-02T12:05:03.310420-04:00,110.12,-0.4745
DK-20261002T16004779384,DK,2026-10-02,2026-10-02T12:05:03.310420-04:00,74.59,-0.0
KLAC-20261002T16034162944,KLAC,2026-10-02,2026-10-02T12:05:03.310420-04:00,208.0,-0.0481
AXTI-20261002T16040230202,AXTI,2026-10-02,2026-10-02T12:05:03.310420-04:00,86.36,-0.1842
OKTA-20261002T15502538792,OKTA,2026-10-02,2026-10-02T12:05:13.619532-04:00,214.0506,0.1143
CRWD-20261002T15503571989,CRWD,2026-10-02,2026-10-02T12:05:13.619532-04:00,269.02,-0.0074
ON-20261002T15520735949,ON,2026-10-02,2026-10-02T12:05:13.619532-04:00,84.32,0.6794
EPAM-20261002T16001708527,EPAM,2026-10-02,2026-10-02T12:05:13.619532-04:00,110.09,-0.4471
DK-20261002T16004779384,DK,2026-10-02,2026-10-02T12:05:13.619532-04:00,74.65,-0.0804
KLAC-20261002T16034162944,KLAC,2026-10-02,2026-10-02T12:05:13.619532-04:00,208.2434,-0.1652
AXTI-20261002T16040230202,AXTI,2026-10-02,2026-10-02T12:05:13.619532-04:00,86.345,-0.1668
OKTA-20261002T15502538792,OKTA,2026-10-02,2026-10-02T12:05:23.787569-04:00,214.1955,0.0467
CRWD-20261002T15503571989,CRWD,2026-10-02,2026-10-02T12:05:23.787569-04:00,269.02,-0.0074
ON-20261002T15520735949,ON,2026-10-02,2026-10-02T12:05:23.787569-04:00,84.27,0.7383
EPAM-20261002T16001708527,EPAM,2026-10-02,2026-10-02T12:05:23.787569-04:00,109.8352,-0.2146
DK-20261002T16004779384,DK,2026-10-02,2026-10-02T12:05:23.787569-04:00,74.7235,-0.179
KLAC-20261002T16034162944,KLAC,2026-10-02,2026-10-02T12:05:23.787569-04:00,207.825,0.0361
AXTI-20261002T16040230202,AXTI,2026-10-02,2026-10-02T12:05:23.787569-04:00,86.302,-0.1169
OKTA-20261002T15502538792,OKTA,2026-10-02,2026-10-02T12:05:34.016680-04:00,213.9809,0.1469
CRWD-20261002T15503571989,CRWD,2026-10-02,2026-10-02T12:05:34.016680-04:00,269.055,-0.0204
ON-20261002T15520735949,ON,2026-10-02,2026-10-02T12:05:34.016680-04:00,84.29,0.7148
EPAM-20261002T16001708527,EPAM,2026-10-02,2026-10-02T12:05:34.016680-04:00,110.05,-0.4106
DK-20261002T16004779384,DK,2026-10-02,2026-10-02T12:05:34.016680-04:00,74.65,-0.0804
KLAC-20261002T16034162944,KLAC,2026-10-02,2026-10-02T12:05:34.016680-04:00,207.81,0.0433
AXTI-20261002T16040230202,AXTI,2026-10-02,2026-10-02T12:05:34.016680-04:00,86.255,-0.0624
OKTA-20261002T15502538792,OKTA,2026-10-02,2026-10-02T12:05:44.208180-04:00,214.23,0.0306
CRWD-20261002T15503571989,CRWD,2026-10-02,2026-10-02T12:05:44.208180-04:00,269.02,-0.0074
ON-20261002T15520735949,ON,2026-10-02,2026-10-02T12:05:44.208180-04:00,84.3,0.703
EPAM-20261002T16001708527,EPAM,2026-10-02,2026-10-02T12:05:44.208180-04:00,109.8348,-0.2142
DK-20261002T16004779384,DK,2026-10-02,2026-10-02T12:05:44.208180-04:00,74.6589,-0.0924
KLAC-20261002T16034162944,KLAC,2026-10-02,2026-10-02T12:05:44.208180-04:00,207.755,0.0697
AXTI-20261002T16040230202,AXTI,2026-10-02,2026-10-02T12:05:44.208180-04:00,86.4779,-0.3209
OKTA-20261002T15502538792,OKTA,2026-10-02,2026-10-02T12:05:54.343116-04:00,214.21,0.04
CRWD-20261002T15503571989,CRWD,2026-10-02,2026-10-02T12:05:54.343116-04:00,269.0526,-0.0196
ON-20261002T15520735949,ON,2026-10-02,2026-10-02T12:05:54.343116-04:00,84.2809,0.7255
EPAM-20261002T16001708527,EPAM,2026-10-02,2026-10-02T12:05:54.343116-04:00,109.88,-0.2555
DK-20261002T16004779384,DK,2026-10-02,2026-10-02T12:05:54.343116-04:00,74.64,-0.067
KLAC-20261002T16034162944,KLAC,2026-10-02,2026-10-02T12:05:54.343116-04:00,207.78,0.0577
AXTI-20261002T16040230202,AXTI,2026-10-02,2026-10-02T12:05:54.343116-04:00,86.1614,0.0462
OKTA-20261002T15502538792,OKTA,2026-10-02,2026-10-02T12:06:04.476797-04:00,214.13,0.0773
CRWD-20261002T15503571989,CRWD,2026-10-02,2026-10-02T12:06:04.476797-04:00,269.2,-0.0743
ON-20261002T15520735949,ON,2026-10-02,2026-10-02T12:06:04.476797-04:00,84.265,0.7442
EPAM-20261002T16001708527,EPAM,2026-10-02,2026-10-02T12:06:04.476797-04:00,109.885,-0.26
DK-20261002T16004779384,DK,2026-10-02,2026-10-02T12:06:04.476797-04:00,74.65,-0.0804
KLAC-20261002T16034162944,KLAC,2026-10-02,2026-10-02T12:06:04.476797-04:00,207.75,0.0722
AXTI-20261002T16040230202,AXTI,2026-10-02,2026-10-02T12:06:04.476797-04:00,86.2363,-0.0407
OKTA-20261002T15502538792,OKTA,2026-10-02,2026-10-02T12:06:14.901887-04:00,214.245,0.0236
CRWD-20261002T15503571989,CRWD,2026-10-02,2026-10-02T12:06:14.901887-04:00,269.29,-0.1078
ON-20261002T15520735949,ON,2026-10-02,2026-10-02T12:06:14.901887-04:00,84.29,0.7148
EPAM-20261002T16001708527,EPAM,2026-10-02,2026-10-02T12:06:14.901887-04:00,109.8375,-0.2167
DK-20261002T16004779384,DK,2026-10-02,2026-10-02T12:06:14.901887-04:00,74.61,-0.0268
KLAC-20261002T16034162944,KLAC,2026-10-02,2026-10-02T12:06:14.901887-04:00,207.8,0.0481
AXTI-20261002T16040230202,AXTI,2026-10-02,2026-10-02T12:06:14.901887-04:00,86.06,0.1639
OKTA-20261002T15502538792,OKTA,2026-10-02,2026-10-02T12:06:25.089216-04:00,214.353,-0.0268
CRWD-20261002T15503571989,CRWD,2026-10-02,2026-10-02T12:06:25.089216-04:00,269.2329,-0.0866
ON-20261002T15520735949,ON,2026-10-02,2026-10-02T12:06:25.089216-04:00,84.285,0.7207
EPAM-20261002T16001708527,EPAM,2026-10-02,2026-10-02T12:06:25.089216-04:00,109.8374,-0.2166
DK-20261002T16004779384,DK,2026-10-02,2026-10-02T12:06:25.089216-04:00,74.72,-0.1743
KLAC-20261002T16034162944,KLAC,2026-10-02,2026-10-02T12:06:25.089216-04:00,207.77,0.0625
AXTI-20261002T16040230202,AXTI,2026-10-02,2026-10-02T12:06:25.089216-04:00,86.0269,0.2023
OKTA-20261002T15502538792,OKTA,2026-10-02,2026-10-02T12:06:35.310311-04:00,214.26,0.0166
CRWD-20261002T15503571989,CRWD,2026-10-02,2026-10-02T12:06:35.310311-04:00,269.2,-0.0743
ON-20261002T15520735949,ON,2026-10-02,2026-10-02T12:06:35.310311-04:00,84.2865,0.7189
EPAM-20261002T16001708527,EPAM,2026-10-02,2026-10-02T12:06:35.310311-04:00,109.885,-0.26
DK-20261002T16004779384,DK,2026-10-02,2026-10-02T12:06:35.310311-04:00,74.95,-0.4826
KLAC-20261002T16034162944,KLAC,2026-10-02,2026-10-02T12:06:35.310311-04:00,207.82,0.0385
AXTI-20261002T16040230202,AXTI,2026-10-02,2026-10-02T12:06:35.310311-04:00,86.03,0.1987
OKTA-20261002T15502538792,OKTA,2026-10-02,2026-10-02T12:06:45.488994-04:00,214.25,0.0213
CRWD-20261002T15503571989,CRWD,2026-10-02,2026-10-02T12:06:45.488994-04:00,269.1787,-0.0664
ON-20261002T15520735949,ON,2026-10-02,2026-10-02T12:06:45.488994-04:00,84.29,0.7148
EPAM-20261002T16001708527,EPAM,2026-10-02,2026-10-02T12:06:45.488994-04:00,109.855,-0.2327
DK-20261002T16004779384,DK,2026-10-02,2026-10-02T12:06:45.488994-04:00,74.94,-0.4692
KLAC-20261002T16034162944,KLAC,2026-10-02,2026-10-02T12:06:45.488994-04:00,207.805,0.0457
AXTI-20261002T16040230202,AXTI,2026-10-02,2026-10-02T12:06:45.488994-04:00,86.09,0.1291
OKTA-20261002T15502538792,OKTA,2026-10-02,2026-10-02T12:06:55.681617-04:00,214.24,0.026
CRWD-20261002T15503571989,CRWD,2026-10-02,2026-10-02T12:06:55.681617-04:00,269.2,-0.0743
ON-20261002T15520735949,ON,2026-10-02,2026-10-02T12:06:55.681617-04:00,84.299,0.7042
EPAM-20261002T16001708527,EPAM,2026-10-02,2026-10-02T12:06:55.681617-04:00,109.85,-0.2281
DK-20261002T16004779384,DK,2026-10-02,2026-10-02T12:06:55.681617-04:00,74.96,-0.496
KLAC-20261002T16034162944,KLAC,2026-10-02,2026-10-02T12:06:55.681617-04:00,207.74,0.077
AXTI-20261002T16040230202,AXTI,2026-10-02,2026-10-02T12:06:55.681617-04:00,86.0045,0.2282
OKTA-20261002T15502538792,OKTA,2026-10-02,2026-10-02T12:07:05.834302-04:00,214.235,0.0283
CRWD-20261002T15503571989,CRWD,2026-10-02,2026-10-02T12:07:05.834302-04:00,269.2518,-0.0936
ON-20261002T15520735949,ON,2026-10-02,2026-10-02T12:07:05.834302-04:00,84.3,0.703
EPAM-20261002T16001708527,EPAM,2026-10-02,2026-10-02T12:07:05.834302-04:00,109.85,-0.2281
DK-20261002T16004779384,DK,2026-10-02,2026-10-02T12:07:05.834302-04:00,74.8099,-0.2948
KLAC-20261002T16034162944,KLAC,2026-10-02,2026-10-02T12:07:05.834302-04:00,207.76,0.0673
AXTI-20261002T16040230202,AXTI,2026-10-02,2026-10-02T12:07:05.834302-04:00,86.2358,-0.0401
OKTA-20261002T15502538792,OKTA,2026-10-02,2026-10-02T12:07:15.990496-04:00,214.235,0.0283
CRWD-20261002T15503571989,CRWD,2026-10-02,2026-10-02T12:07:15.990496-04:00,269.2546,-0.0946
ON-20261002T15520735949,ON,2026-10-02,2026-10-02T12:07:15.990496-04:00,84.375,0.6147
EPAM-20261002T16001708527,EPAM,2026-10-02,2026-10-02T12:07:15.990496-04:00,109.8564,-0.2339
DK-20261002T16004779384,DK,2026-10-02,2026-10-02T12:07:15.990496-04:00,74.96,-0.496
KLAC-20261002T16034162944,KLAC,2026-10-02,2026-10-02T12:07:15.990496-04:00,207.75,0.0722
AXTI-20261002T16040230202,AXTI,2026-10-02,2026-10-02T12:07:15.990496-04:00,86.09,0.1291
OKTA-20261002T15502538792,OKTA,2026-10-02,2026-10-02T12:07:26.152365-04:00,214.24,0.026
CRWD-20261002T15503571989,CRWD,2026-10-02,2026-10-02T12:07:26.152365-04:00,269.1889,-0.0702
ON-20261002T15520735949,ON,2026-10-02,2026-10-02T12:07:26.152365-04:00,84.3215,0.6777
EPAM-20261002T16001708527,EPAM,2026-10-02,2026-10-02T12:07:26.152365-04:00,109.82,-0.2007
DK-20261002T16004779384,DK,2026-10-02,2026-10-02T12:07:26.152365-04:00,74.89,-0.4022
KLAC-20261002T16034162944,KLAC,2026-10-02,2026-10-02T12:07:26.152365-04:00,207.8656,0.0165
AXTI-20261002T16040230202,AXTI,2026-10-02,2026-10-02T12:07:26.152365-04:00,86.0696,0.1527
OKTA-20261002T15502538792,OKTA,2026-10-02,2026-10-02T12:07:36.296423-04:00,214.1381,0.0735
CRWD-20261002T15503571989,CRWD,2026-10-02,2026-10-02T12:07:36.296423-04:00,269.29,-0.1078
ON-20261002T15520735949,ON,2026-10-02,2026-10-02T12:07:36.296423-04:00,84.33,0.6677
EPAM-20261002T16001708527,EPAM,2026-10-02,2026-10-02T12:07:36.296423-04:00,109.85,-0.2281
DK-20261002T16004779384,DK,2026-10-02,2026-10-02T12:07:36.296423-04:00,75.16,-0.7642
KLAC-20261002T16034162944,KLAC,2026-10-02,2026-10-02T12:07:36.296423-04:00,207.75,0.0722
AXTI-20261002T16040230202,AXTI,2026-10-02,2026-10-02T12:07:36.296423-04:00,86.001,0.2323
OKTA-20261002T15502538792,OKTA,2026-10-02,2026-10-02T12:07:46.505701-04:00,214.3679,-0.0337
CRWD-20261002T15503571989,CRWD,2026-10-02,2026-10-02T12:07:46.505701-04:00,269.2182,-0.0811
ON-20261002T15520735949,ON,2026-10-02,2026-10-02T12:07:46.505701-04:00,84.315,0.6853
EPAM-20261002T16001708527,EPAM,2026-10-02,2026-10-02T12:07:46.505701-04:00,109.8539,-0.2317
DK-20261002T16004779384,DK,2026-10-02,2026-10-02T12:07:46.505701-04:00,74.8696,-0.3748
KLAC-20261002T16034162944,KLAC,2026-10-02,2026-10-02T12:07:46.505701-04:00,207.64,0.1251
AXTI-20261002T16040230202,AXTI,2026-10-02,2026-10-02T12:07:46.505701-04:00,86.24,-0.045
OKTA-20261002T15502538792,OKTA,2026-10-02,2026-10-02T12:07:56.663765-04:00,214.33,-0.016
CRWD-20261002T15503571989,CRWD,2026-10-02,2026-10-02T12:07:56.663765-04:00,269.21,-0.0781
ON-20261002T15520735949,ON,2026-10-02,2026-10-02T12:07:56.663765-04:00,84.285,0.7207
EPAM-20261002T16001708527,EPAM,2026-10-02,2026-10-02T12:07:56.663765-04:00,109.85,-0.2281
DK-20261002T16004779384,DK,2026-10-02,2026-10-02T12:07:56.663765-04:00,75.04,-0.6033
KLAC-20261002T16034162944,KLAC,2026-10-02,2026-10-02T12:07:56.663765-04:00,207.7374,0.0782
AXTI-20261002T16040230202,AXTI,2026-10-02,2026-10-02T12:07:56.663765-04:00,86.11,0.1059
OKTA-20261002T15502538792,OKTA,2026-10-02,2026-10-02T12:08:06.876898-04:00,214.3137,-0.0084
CRWD-20261002T15503571989,CRWD,2026-10-02,2026-10-02T12:08:06.876898-04:00,269.3728,-0.1386
ON-20261002T15520735949,ON,2026-10-02,2026-10-02T12:08:06.876898-04:00,84.26,0.7501
EPAM-20261002T16001708527,EPAM,2026-10-02,2026-10-02T12:08:06.876898-04:00,109.8576,-0.235
DK-20261002T16004779384,DK,2026-10-02,2026-10-02T12:08:06.876898-04:00,74.839,-0.3338
KLAC-20261002T16034162944,KLAC,2026-10-02,2026-10-02T12:08:06.876898-04:00,207.63,0.1299
AXTI-20261002T16040230202,AXTI,2026-10-02,2026-10-02T12:08:06.876898-04:00,86.1105,0.1053
OKTA-20261002T15502538792,OKTA,2026-10-02,2026-10-02T12:08:17.229429-04:00,214.255,0.019
ON-20261002T15520735949,ON,2026-10-02,2026-10-02T12:08:17.229429-04:00,84.2688,0.7398
EPAM-20261002T16001708527,EPAM,2026-10-02,2026-10-02T12:08:17.229429-04:00,110.05,-0.4106
DK-20261002T16004779384,DK,2026-10-02,2026-10-02T12:08:17.229429-04:00,75.185,-0.7977
KLAC-20261002T16034162944,KLAC,2026-10-02,2026-10-02T12:08:17.229429-04:00,207.66,0.1154
AXTI-20261002T16040230202,AXTI,2026-10-02,2026-10-02T12:08:17.229429-04:00,86.2147,-0.0156
OKTA-20261002T15502538792,OKTA,2026-10-02,2026-10-02T12:08:27.442356-04:00,214.34,-0.0207
ON-20261002T15520735949,ON,2026-10-02,2026-10-02T12:08:27.442356-04:00,84.3024,0.7002
EPAM-20261002T16001708527,EPAM,2026-10-02,2026-10-02T12:08:27.442356-04:00,109.8563,-0.2339
DK-20261002T16004779384,DK,2026-10-02,2026-10-02T12:08:27.442356-04:00,75.235,-0.8647
KLAC-20261002T16034162944,KLAC,2026-10-02,2026-10-02T12:08:27.442356-04:00,207.68,0.1058
AXTI-20261002T16040230202,AXTI,2026-10-02,2026-10-02T12:08:27.442356-04:00,86.1522,0.0569
OKTA-20261002T15502538792,OKTA,2026-10-02,2026-10-02T12:08:37.639894-04:00,214.3,-0.002
ON-20261002T15520735949,ON,2026-10-02,2026-10-02T12:08:37.639894-04:00,84.26,0.7501
EPAM-20261002T16001708527,EPAM,2026-10-02,2026-10-02T12:08:37.639894-04:00,109.8557,-0.2333
DK-20261002T16004779384,DK,2026-10-02,2026-10-02T12:08:37.639894-04:00,75.235,-0.8647
KLAC-20261002T16034162944,KLAC,2026-10-02,2026-10-02T12:08:37.639894-04:00,207.7,0.0962
AXTI-20261002T16040230202,AXTI,2026-10-02,2026-10-02T12:08:37.639894-04:00,86.28,-0.0914
OKTA-20261002T15502538792,OKTA,2026-10-02,2026-10-02T12:08:47.957890-04:00,214.2164,0.037
ON-20261002T15520735949,ON,2026-10-02,2026-10-02T12:08:47.957890-04:00,84.25,0.7619
EPAM-20261002T16001708527,EPAM,2026-10-02,2026-10-02T12:08:47.957890-04:00,109.8277,-0.2078
DK-20261002T16004779384,DK,2026-10-02,2026-10-02T12:08:47.957890-04:00,75.1892,-0.8033
KLAC-20261002T16034162944,KLAC,2026-10-02,2026-10-02T12:08:47.957890-04:00,208.1598,-0.125
AXTI-20261002T16040230202,AXTI,2026-10-02,2026-10-02T12:08:47.957890-04:00,86.25,-0.0566
OKTA-20261002T15502538792,OKTA,2026-10-02,2026-10-02T12:08:58.241521-04:00,214.485,-0.0884
ON-20261002T15520735949,ON,2026-10-02,2026-10-02T12:08:58.241521-04:00,84.298,0.7054
EPAM-20261002T16001708527,EPAM,2026-10-02,2026-10-02T12:08:58.241521-04:00,109.85,-0.2281
KLAC-20261002T16034162944,KLAC,2026-10-02,2026-10-02T12:08:58.241521-04:00,207.75,0.0722
AXTI-20261002T16040230202,AXTI,2026-10-02,2026-10-02T12:08:58.241521-04:00,86.23,-0.0334
OKTA-20261002T15502538792,OKTA,2026-10-02,2026-10-02T12:09:08.424017-04:00,214.61,-0.1467
ON-20261002T15520735949,ON,2026-10-02,2026-10-02T12:09:08.424017-04:00,84.25,0.7619
EPAM-20261002T16001708527,EPAM,2026-10-02,2026-10-02T12:09:08.424017-04:00,109.8291,-0.209
KLAC-20261002T16034162944,KLAC,2026-10-02,2026-10-02T12:09:08.424017-04:00,207.7,0.0962
AXTI-20261002T16040230202,AXTI,2026-10-02,2026-10-02T12:09:08.424017-04:00,86.25,-0.0566
ON-20261002T15520735949,ON,2026-10-02,2026-10-02T12:09:18.763169-04:00,84.25,0.7619
EPAM-20261002T16001708527,EPAM,2026-10-02,2026-10-02T12:09:18.763169-04:00,109.8476,-0.2259
KLAC-20261002T16034162944,KLAC,2026-10-02,2026-10-02T12:09:18.763169-04:00,207.735,0.0794
AXTI-20261002T16040230202,AXTI,2026-10-02,2026-10-02T12:09:18.763169-04:00,86.09,0.1291
ON-20261002T15520735949,ON,2026-10-02,2026-10-02T12:09:28.985291-04:00,84.265,0.7442
EPAM-20261002T16001708527,EPAM,2026-10-02,2026-10-02T12:09:28.985291-04:00,109.8577,-0.2351
KLAC-20261002T16034162944,KLAC,2026-10-02,2026-10-02T12:09:28.985291-04:00,207.7,0.0962
AXTI-20261002T16040230202,AXTI,2026-10-02,2026-10-02T12:09:28.985291-04:00,86.15,0.0595
ON-20261002T15520735949,ON,2026-10-02,2026-10-02T12:09:39.152253-04:00,84.235,0.7796
EPAM-20261002T16001708527,EPAM,2026-10-02,2026-10-02T12:09:39.152253-04:00,109.8507,-0.2287
KLAC-20261002T16034162944,KLAC,2026-10-02,2026-10-02T12:09:39.152253-04:00,207.715,0.089
AXTI-20261002T16040230202,AXTI,2026-10-02,2026-10-02T12:09:39.152253-04:00,86.17,0.0363
ON-20261002T15520735949,ON,2026-10-02,2026-10-02T12:09:49.342870-04:00,84.235,0.7796
EPAM-20261002T16001708527,EPAM,2026-10-02,2026-10-02T12:09:49.342870-04:00,109.842,-0.2208
KLAC-20261002T16034162944,KLAC,2026-10-02,2026-10-02T12:09:49.342870-04:00,207.7594,0.0676
AXTI-20261002T16040230202,AXTI,2026-10-02,2026-10-02T12:09:49.342870-04:00,86.1525,0.0566
ON-20261002T15520735949,ON,2026-10-02,2026-10-02T12:09:59.517920-04:00,84.245,0.7678
EPAM-20261002T16001708527,EPAM,2026-10-02,2026-10-02T12:09:59.517920-04:00,109.8442,-0.2228
KLAC-20261002T16034162944,KLAC,2026-10-02,2026-10-02T12:09:59.517920-04:00,207.69,0.101
AXTI-20261002T16040230202,AXTI,2026-10-02,2026-10-02T12:09:59.517920-04:00,86.23,-0.0334
ON-20261002T15520735949,ON,2026-10-02,2026-10-02T12:10:09.683395-04:00,84.32,0.6794
EPAM-20261002T16001708527,EPAM,2026-10-02,2026-10-02T12:10:09.683395-04:00,109.8649,-0.2417
KLAC-20261002T16034162944,KLAC,2026-10-02,2026-10-02T12:10:09.683395-04:00,207.75,0.0722
AXTI-20261002T16040230202,AXTI,2026-10-02,2026-10-02T12:10:09.683395-04:00,86.15,0.0595
ON-20261002T15520735949,ON,2026-10-02,2026-10-02T12:10:19.867890-04:00,84.28,0.7266
EPAM-20261002T16001708527,EPAM,2026-10-02,2026-10-02T12:10:19.867890-04:00,109.855,-0.2327
KLAC-20261002T16034162944,KLAC,2026-10-02,2026-10-02T12:10:19.867890-04:00,207.83,0.0337
AXTI-20261002T16040230202,AXTI,2026-10-02,2026-10-02T12:10:19.867890-04:00,86.175,0.0305
ON-20261002T15520735949,ON,2026-10-02,2026-10-02T12:10:29.998385-04:00,84.3015,0.7012
EPAM-20261002T16001708527,EPAM,2026-10-02,2026-10-02T12:10:29.998385-04:00,109.851,-0.229
KLAC-20261002T16034162944,KLAC,2026-10-02,2026-10-02T12:10:29.998385-04:00,207.895,0.0024
AXTI-20261002T16040230202,AXTI,2026-10-02,2026-10-02T12:10:29.998385-04:00,86.275,-0.0856
ON-20261002T15520735949,ON,2026-10-02,2026-10-02T12:10:40.181860-04:00,84.285,0.7207
EPAM-20261002T16001708527,EPAM,2026-10-02,2026-10-02T12:10:40.181860-04:00,109.7247,-0.1138
KLAC-20261002T16034162944,KLAC,2026-10-02,2026-10-02T12:10:40.181860-04:00,207.86,0.0192
AXTI-20261002T16040230202,AXTI,2026-10-02,2026-10-02T12:10:40.181860-04:00,86.18,0.0247
ON-20261002T15520735949,ON,2026-10-02,2026-10-02T12:10:50.369312-04:00,84.28,0.7266
EPAM-20261002T16001708527,EPAM,2026-10-02,2026-10-02T12:10:50.369312-04:00,109.8517,-0.2297
KLAC-20261002T16034162944,KLAC,2026-10-02,2026-10-02T12:10:50.369312-04:00,207.8054,0.0455
AXTI-20261002T16040230202,AXTI,2026-10-02,2026-10-02T12:10:50.369312-04:00,86.28,-0.0914
ON-20261002T15520735949,ON,2026-10-02,2026-10-02T12:11:00.540099-04:00,84.275,0.7325
EPAM-20261002T16001708527,EPAM,2026-10-02,2026-10-02T12:11:00.540099-04:00,109.8504,-0.2285
KLAC-20261002T16034162944,KLAC,2026-10-02,2026-10-02T12:11:00.540099-04:00,207.7,0.0962
AXTI-20261002T16040230202,AXTI,2026-10-02,2026-10-02T12:11:00.540099-04:00,86.2109,-0.0112
ON-20261002T15520735949,ON,2026-10-02,2026-10-02T12:11:10.788177-04:00,84.25,0.7619
EPAM-20261002T16001708527,EPAM,2026-10-02,2026-10-02T12:11:10.788177-04:00,109.8467,-0.2251
KLAC-20261002T16034162944,KLAC,2026-10-02,2026-10-02T12:11:10.788177-04:00,207.69,0.101
AXTI-20261002T16040230202,AXTI,2026-10-02,2026-10-02T12:11:10.788177-04:00,86.303,-0.118
ON-20261002T15520735949,ON,2026-10-02,2026-10-02T12:11:21.317880-04:00,84.255,0.756
EPAM-20261002T16001708527,EPAM,2026-10-02,2026-10-02T12:11:21.317880-04:00,109.8551,-0.2328
KLAC-20261002T16034162944,KLAC,2026-10-02,2026-10-02T12:11:21.317880-04:00,207.72,0.0866
AXTI-20261002T16040230202,AXTI,2026-10-02,2026-10-02T12:11:21.317880-04:00,86.42,-0.2538
ON-20261002T15520735949,ON,2026-10-02,2026-10-02T12:11:31.465894-04:00,84.2654,0.7438
EPAM-20261002T16001708527,EPAM,2026-10-02,2026-10-02T12:11:31.465894-04:00,109.86,-0.2372
KLAC-20261002T16034162944,KLAC,2026-10-02,2026-10-02T12:11:31.465894-04:00,207.62,0.1347
AXTI-20261002T16040230202,AXTI,2026-10-02,2026-10-02T12:11:31.465894-04:00,86.33,-0.1494
ON-20261002T15520735949,ON,2026-10-02,2026-10-02T12:11:41.573422-04:00,84.2577,0.7528
EPAM-20261002T16001708527,EPAM,2026-10-02,2026-10-02T12:11:41.573422-04:00,109.8955,-0.2696
KLAC-20261002T16034162944,KLAC,2026-10-02,2026-10-02T12:11:41.573422-04:00,207.625,0.1323
AXTI-20261002T16040230202,AXTI,2026-10-02,2026-10-02T12:11:41.573422-04:00,86.35,-0.1726
ON-20261002T15520735949,ON,2026-10-02,2026-10-02T12:11:51.746653-04:00,84.29,0.7148
EPAM-20261002T16001708527,EPAM,2026-10-02,2026-10-02T12:11:51.746653-04:00,109.72,-0.1095
KLAC-20261002T16034162944,KLAC,2026-10-02,2026-10-02T12:11:51.746653-04:00,207.63,0.1299
AXTI-20261002T16040230202,AXTI,2026-10-02,2026-10-02T12:11:51.746653-04:00,86.375,-0.2016
ON-20261002T15520735949,ON,2026-10-02,2026-10-02T12:12:01.925678-04:00,84.27,0.7383
EPAM-20261002T16001708527,EPAM,2026-10-02,2026-10-02T12:12:01.925678-04:00,109.8485,-0.2267
KLAC-20261002T16034162944,KLAC,2026-10-02,2026-10-02T12:12:01.925678-04:00,207.64,0.1251
AXTI-20261002T16040230202,AXTI,2026-10-02,2026-10-02T12:12:01.925678-04:00,86.3101,-0.1263
ON-20261002T15520735949,ON,2026-10-02,2026-10-02T12:12:12.150694-04:00,84.2666,0.7423
EPAM-20261002T16001708527,EPAM,2026-10-02,2026-10-02T12:12:12.150694-04:00,110.079,-0.437
KLAC-20261002T16034162944,KLAC,2026-10-02,2026-10-02T12:12:12.150694-04:00,207.7199,0.0866
AXTI-20261002T16040230202,AXTI,2026-10-02,2026-10-02T12:12:12.150694-04:00,86.3,-0.1146
ON-20261002T15520735949,ON,2026-10-02,2026-10-02T12:12:22.415211-04:00,84.2669,0.742
EPAM-20261002T16001708527,EPAM,2026-10-02,2026-10-02T12:12:22.415211-04:00,109.8168,-0.1978
KLAC-20261002T16034162944,KLAC,2026-10-02,2026-10-02T12:12:22.415211-04:00,207.85,0.0241
AXTI-20261002T16040230202,AXTI,2026-10-02,2026-10-02T12:12:22.415211-04:00,86.3,-0.1146
ON-20261002T15520735949,ON,2026-10-02,2026-10-02T12:12:32.537096-04:00,84.295,0.7089
EPAM-20261002T16001708527,EPAM,2026-10-02,2026-10-02T12:12:32.537096-04:00,109.8515,-0.2295
KLAC-20261002T16034162944,KLAC,2026-10-02,2026-10-02T12:12:32.537096-04:00,207.83,0.0337
AXTI-20261002T16040230202,AXTI,2026-10-02,2026-10-02T12:12:32.537096-04:00,86.2279,-0.0309
ON-20261002T15520735949,ON,2026-10-02,2026-10-02T12:12:42.676308-04:00,84.325,0.6736
EPAM-20261002T16001708527,EPAM,2026-10-02,2026-10-02T12:12:42.676308-04:00,109.76,-0.146
KLAC-20261002T16034162944,KLAC,2026-10-02,2026-10-02T12:12:42.676308-04:00,207.8386,0.0295
AXTI-20261002T16040230202,AXTI,2026-10-02,2026-10-02T12:12:42.676308-04:00,86.19,0.0131
ON-20261002T15520735949,ON,2026-10-02,2026-10-02T12:12:52.823784-04:00,84.36,0.6323
EPAM-20261002T16001708527,EPAM,2026-10-02,2026-10-02T12:12:52.823784-04:00,109.755,-0.1414
KLAC-20261002T16034162944,KLAC,2026-10-02,2026-10-02T12:12:52.823784-04:00,207.93,-0.0144
AXTI-20261002T16040230202,AXTI,2026-10-02,2026-10-02T12:12:52.823784-04:00,86.192,0.0107
ON-20261002T15520735949,ON,2026-10-02,2026-10-02T12:13:02.952704-04:00,84.28,0.7266
EPAM-20261002T16001708527,EPAM,2026-10-02,2026-10-02T12:13:02.952704-04:00,109.755,-0.1414
KLAC-20261002T16034162944,KLAC,2026-10-02,2026-10-02T12:13:02.952704-04:00,207.965,-0.0313
AXTI-20261002T16040230202,AXTI,2026-10-02,2026-10-02T12:13:02.952704-04:00,86.17,0.0363
ON-20261002T15520735949,ON,2026-10-02,2026-10-02T12:13:13.265923-04:00,84.315,0.6853
EPAM-20261002T16001708527,EPAM,2026-10-02,2026-10-02T12:13:13.265923-04:00,109.8436,-0.2223
KLAC-20261002T16034162944,KLAC,2026-10-02,2026-10-02T12:13:13.265923-04:00,207.9615,-0.0296
AXTI-20261002T16040230202,AXTI,2026-10-02,2026-10-02T12:13:13.265923-04:00,86.254,-0.0612
ON-20261002T15520735949,ON,2026-10-02,2026-10-02T12:13:23.614206-04:00,84.305,0.6971
EPAM-20261002T16001708527,EPAM,2026-10-02,2026-10-02T12:13:23.614206-04:00,109.85,-0.2281
KLAC-20261002T16034162944,KLAC,2026-10-02,2026-10-02T12:13:23.614206-04:00,207.7941,0.0509
AXTI-20261002T16040230202,AXTI,2026-10-02,2026-10-02T12:13:23.614206-04:00,86.2,0.0015
ON-20261002T15520735949,ON,2026-10-02,2026-10-02T12:13:33.917382-04:00,84.31,0.6912
EPAM-20261002T16001708527,EPAM,2026-10-02,2026-10-02T12:13:33.917382-04:00,109.8444,-0.223
KLAC-20261002T16034162944,KLAC,2026-10-02,2026-10-02T12:13:33.917382-04:00,207.96,-0.0289
AXTI-20261002T16040230202,AXTI,2026-10-02,2026-10-02T12:13:33.917382-04:00,86.205,-0.0044
ON-20261002T15520735949,ON,2026-10-02,2026-10-02T12:13:44.109614-04:00,84.2967,0.7069
EPAM-20261002T16001708527,EPAM,2026-10-02,2026-10-02T12:13:44.109614-04:00,109.844,-0.2226
KLAC-20261002T16034162944,KLAC,2026-10-02,2026-10-02T12:13:44.109614-04:00,207.95,-0.0241
AXTI-20261002T16040230202,AXTI,2026-10-02,2026-10-02T12:13:44.109614-04:00,86.15,0.0595
XENE-20261002T16132391611,XENE,2026-10-02,2026-10-02T12:13:44.109614-04:00,37.9803,-0.4504
ON-20261002T15520735949,ON,2026-10-02,2026-10-02T12:13:54.330974-04:00,84.325,0.6736
EPAM-20261002T16001708527,EPAM,2026-10-02,2026-10-02T12:13:54.330974-04:00,109.98,-0.3467
KLAC-20261002T16034162944,KLAC,2026-10-02,2026-10-02T12:13:54.330974-04:00,207.93,-0.0144
AXTI-20261002T16040230202,AXTI,2026-10-02,2026-10-02T12:13:54.330974-04:00,86.3,-0.1146
XENE-20261002T16132391611,XENE,2026-10-02,2026-10-02T12:13:54.330974-04:00,37.8695,-0.1574
ON-20261002T15520735949,ON,2026-10-02,2026-10-02T12:14:04.598219-04:00,84.2844,0.7214
EPAM-20261002T16001708527,EPAM,2026-10-02,2026-10-02T12:14:04.598219-04:00,109.99,-0.3558
KLAC-20261002T16034162944,KLAC,2026-10-02,2026-10-02T12:14:04.598219-04:00,207.81,0.0433
AXTI-20261002T16040230202,AXTI,2026-10-02,2026-10-02T12:14:04.598219-04:00,86.2478,-0.054
XENE-20261002T16132391611,XENE,2026-10-02,2026-10-02T12:14:04.598219-04:00,37.855,-0.119
ON-20261002T15520735949,ON,2026-10-02,2026-10-02T12:14:14.828741-04:00,84.33,0.6677
EPAM-20261002T16001708527,EPAM,2026-10-02,2026-10-02T12:14:14.828741-04:00,109.8642,-0.2411
KLAC-20261002T16034162944,KLAC,2026-10-02,2026-10-02T12:14:14.828741-04:00,207.9171,-0.0082
AXTI-20261002T16040230202,AXTI,2026-10-02,2026-10-02T12:14:14.828741-04:00,86.2517,-0.0585
XENE-20261002T16132391611,XENE,2026-10-02,2026-10-02T12:14:14.828741-04:00,37.7969,0.0346
DK-20261002T16135459228,DK,2026-10-02,2026-10-02T12:14:14.828741-04:00,75.025,-0.1773
ON-20261002T15520735949,ON,2026-10-02,2026-10-02T12:14:25.013696-04:00,84.2886,0.7164
EPAM-20261002T16001708527,EPAM,2026-10-02,2026-10-02T12:14:25.013696-04:00,109.9261,-0.2975
KLAC-20261002T16034162944,KLAC,2026-10-02,2026-10-02T12:14:25.013696-04:00,207.9057,-0.0027
AXTI-20261002T16040230202,AXTI,2026-10-02,2026-10-02T12:14:25.013696-04:00,86.22,-0.0218
XENE-20261002T16132391611,XENE,2026-10-02,2026-10-02T12:14:25.013696-04:00,37.9699,-0.4229
DK-20261002T16135459228,DK,2026-10-02,2026-10-02T12:14:25.013696-04:00,75.2405,-0.465
ON-20261002T15520735949,ON,2026-10-02,2026-10-02T12:14:35.421279-04:00,84.32,0.6794
EPAM-20261002T16001708527,EPAM,2026-10-02,2026-10-02T12:14:35.421279-04:00,109.85,-0.2281
KLAC-20261002T16034162944,KLAC,2026-10-02,2026-10-02T12:14:35.421279-04:00,207.94,-0.0192
AXTI-20261002T16040230202,AXTI,2026-10-02,2026-10-02T12:14:35.421279-04:00,86.3339,-0.1539
XENE-20261002T16132391611,XENE,2026-10-02,2026-10-02T12:14:35.421279-04:00,37.8499,-0.1055
DK-20261002T16135459228,DK,2026-10-02,2026-10-02T12:14:35.421279-04:00,75.06,-0.224
ON-20261002T15520735949,ON,2026-10-02,2026-10-02T12:14:45.613608-04:00,84.305,0.6971
EPAM-20261002T16001708527,EPAM,2026-10-02,2026-10-02T12:14:45.613608-04:00,109.8673,-0.2439
KLAC-20261002T16034162944,KLAC,2026-10-02,2026-10-02T12:14:45.613608-04:00,207.96,-0.0289
AXTI-20261002T16040230202,AXTI,2026-10-02,2026-10-02T12:14:45.613608-04:00,86.2497,-0.0562
XENE-20261002T16132391611,XENE,2026-10-02,2026-10-02T12:14:45.613608-04:00,37.785,0.0661
DK-20261002T16135459228,DK,2026-10-02,2026-10-02T12:14:45.613608-04:00,75.035,-0.1906
ON-20261002T15520735949,ON,2026-10-02,2026-10-02T12:14:55.798670-04:00,84.3145,0.6859
EPAM-20261002T16001708527,EPAM,2026-10-02,2026-10-02T12:14:55.798670-04:00,109.8623,-0.2393
KLAC-20261002T16034162944,KLAC,2026-10-02,2026-10-02T12:14:55.798670-04:00,207.94,-0.0192
AXTI-20261002T16040230202,AXTI,2026-10-02,2026-10-02T12:14:55.798670-04:00,86.2268,-0.0296
XENE-20261002T16132391611,XENE,2026-10-02,2026-10-02T12:14:55.798670-04:00,37.9211,-0.2938
DK-20261002T16135459228,DK,2026-10-02,2026-10-02T12:14:55.798670-04:00,75.04,-0.1973
ON-20261002T15520735949,ON,2026-10-02,2026-10-02T12:15:05.965693-04:00,84.275,0.7325
EPAM-20261002T16001708527,EPAM,2026-10-02,2026-10-02T12:15:05.965693-04:00,109.9019,-0.2755
KLAC-20261002T16034162944,KLAC,2026-10-02,2026-10-02T12:15:05.965693-04:00,207.92,-0.0096
AXTI-20261002T16040230202,AXTI,2026-10-02,2026-10-02T12:15:05.965693-04:00,86.27,-0.0798
XENE-20261002T16132391611,XENE,2026-10-02,2026-10-02T12:15:05.965693-04:00,37.782,0.0741
DK-20261002T16135459228,DK,2026-10-02,2026-10-02T12:15:05.965693-04:00,75.035,-0.1906
ON-20261002T15520735949,ON,2026-10-02,2026-10-02T12:15:16.165819-04:00,84.311,0.69
EPAM-20261002T16001708527,EPAM,2026-10-02,2026-10-02T12:15:16.165819-04:00,109.84,-0.219
KLAC-20261002T16034162944,KLAC,2026-10-02,2026-10-02T12:15:16.165819-04:00,208.04,-0.0673
AXTI-20261002T16040230202,AXTI,2026-10-02,2026-10-02T12:15:16.165819-04:00,86.24,-0.045
XENE-20261002T16132391611,XENE,2026-10-02,2026-10-02T12:15:16.165819-04:00,37.9636,-0.4062
DK-20261002T16135459228,DK,2026-10-02,2026-10-02T12:15:16.165819-04:00,75.03,-0.184
ON-20261002T15520735949,ON,2026-10-02,2026-10-02T12:15:26.400887-04:00,84.325,0.6736
EPAM-20261002T16001708527,EPAM,2026-10-02,2026-10-02T12:15:26.400887-04:00,109.8877,-0.2625
KLAC-20261002T16034162944,KLAC,2026-10-02,2026-10-02T12:15:26.400887-04:00,208.14,-0.1154
AXTI-20261002T16040230202,AXTI,2026-10-02,2026-10-02T12:15:26.400887-04:00,86.33,-0.1494
XENE-20261002T16132391611,XENE,2026-10-02,2026-10-02T12:15:26.400887-04:00,37.9636,-0.4062
DK-20261002T16135459228,DK,2026-10-02,2026-10-02T12:15:26.400887-04:00,75.19,-0.3976
ON-20261002T15520735949,ON,2026-10-02,2026-10-02T12:15:36.677528-04:00,84.32,0.6794
EPAM-20261002T16001708527,EPAM,2026-10-02,2026-10-02T12:15:36.677528-04:00,109.8435,-0.2222
KLAC-20261002T16034162944,KLAC,2026-10-02,2026-10-02T12:15:36.677528-04:00,208.145,-0.1178
AXTI-20261002T16040230202,AXTI,2026-10-02,2026-10-02T12:15:36.677528-04:00,86.275,-0.0856
XENE-20261002T16132391611,XENE,2026-10-02,2026-10-02T12:15:36.677528-04:00,37.75,0.1587
DK-20261002T16135459228,DK,2026-10-02,2026-10-02T12:15:36.677528-04:00,75.22,-0.4377
ON-20261002T15520735949,ON,2026-10-02,2026-10-02T12:15:46.858356-04:00,84.315,0.6853
EPAM-20261002T16001708527,EPAM,2026-10-02,2026-10-02T12:15:46.858356-04:00,109.845,-0.2235
KLAC-20261002T16034162944,KLAC,2026-10-02,2026-10-02T12:15:46.858356-04:00,208.095,-0.0938
AXTI-20261002T16040230202,AXTI,2026-10-02,2026-10-02T12:15:46.858356-04:00,86.3,-0.1146
XENE-20261002T16132391611,XENE,2026-10-02,2026-10-02T12:15:46.858356-04:00,37.9625,-0.4033
DK-20261002T16135459228,DK,2026-10-02,2026-10-02T12:15:46.858356-04:00,75.19,-0.3976
ON-20261002T15520735949,ON,2026-10-02,2026-10-02T12:15:57.008015-04:00,84.3034,0.699
EPAM-20261002T16001708527,EPAM,2026-10-02,2026-10-02T12:15:57.008015-04:00,109.845,-0.2235
KLAC-20261002T16034162944,KLAC,2026-10-02,2026-10-02T12:15:57.008015-04:00,208.065,-0.0794
AXTI-20261002T16040230202,AXTI,2026-10-02,2026-10-02T12:15:57.008015-04:00,86.3055,-0.1209
XENE-20261002T16132391611,XENE,2026-10-02,2026-10-02T12:15:57.008015-04:00,37.9625,-0.4033
DK-20261002T16135459228,DK,2026-10-02,2026-10-02T12:15:57.008015-04:00,75.198,-0.4083
ON-20261002T15520735949,ON,2026-10-02,2026-10-02T12:16:07.196969-04:00,84.34,0.6559
EPAM-20261002T16001708527,EPAM,2026-10-02,2026-10-02T12:16:07.196969-04:00,109.8452,-0.2237
KLAC-20261002T16034162944,KLAC,2026-10-02,2026-10-02T12:16:07.196969-04:00,208.025,-0.0601
AXTI-20261002T16040230202,AXTI,2026-10-02,2026-10-02T12:16:07.196969-04:00,86.3,-0.1146
XENE-20261002T16132391611,XENE,2026-10-02,2026-10-02T12:16:07.196969-04:00,37.7896,0.054
DK-20261002T16135459228,DK,2026-10-02,2026-10-02T12:16:07.196969-04:00,75.198,-0.4083
ON-20261002T15520735949,ON,2026-10-02,2026-10-02T12:16:17.546631-04:00,84.3022,0.7004
EPAM-20261002T16001708527,EPAM,2026-10-02,2026-10-02T12:16:17.546631-04:00,109.8637,-0.2406
KLAC-20261002T16034162944,KLAC,2026-10-02,2026-10-02T12:16:17.546631-04:00,208.03,-0.0625
XENE-20261002T16132391611,XENE,2026-10-02,2026-10-02T12:16:17.546631-04:00,37.795,0.0397
DK-20261002T16135459228,DK,2026-10-02,2026-10-02T12:16:17.546631-04:00,75.1,-0.2774
ON-20261002T15520735949,ON,2026-10-02,2026-10-02T12:16:28.118494-04:00,84.3373,0.6591
EPAM-20261002T16001708527,EPAM,2026-10-02,2026-10-02T12:16:28.118494-04:00,109.8428,-0.2215
KLAC-20261002T16034162944,KLAC,2026-10-02,2026-10-02T12:16:28.118494-04:00,207.87,0.0144
XENE-20261002T16132391611,XENE,2026-10-02,2026-10-02T12:16:28.118494-04:00,37.795,0.0397
DK-20261002T16135459228,DK,2026-10-02,2026-10-02T12:16:28.118494-04:00,75.0431,-0.2015
ON-20261002T15520735949,ON,2026-10-02,2026-10-02T12:16:38.262186-04:00,84.342,0.6535
EPAM-20261002T16001708527,EPAM,2026-10-02,2026-10-02T12:16:38.262186-04:00,109.8492,-0.2274
KLAC-20261002T16034162944,KLAC,2026-10-02,2026-10-02T12:16:38.262186-04:00,207.89,0.0048
XENE-20261002T16132391611,XENE,2026-10-02,2026-10-02T12:16:38.262186-04:00,37.9217,-0.2954
DK-20261002T16135459228,DK,2026-10-02,2026-10-02T12:16:38.262186-04:00,75.1114,-0.2927
ON-20261002T15520735949,ON,2026-10-02,2026-10-02T12:16:48.444560-04:00,84.3478,0.6467
EPAM-20261002T16001708527,EPAM,2026-10-02,2026-10-02T12:16:48.444560-04:00,109.845,-0.2235
KLAC-20261002T16034162944,KLAC,2026-10-02,2026-10-02T12:16:48.444560-04:00,207.9871,-0.0419
XENE-20261002T16132391611,XENE,2026-10-02,2026-10-02T12:16:48.444560-04:00,37.8296,-0.0518
DK-20261002T16135459228,DK,2026-10-02,2026-10-02T12:16:48.444560-04:00,75.1114,-0.2927
ON-20261002T15520735949,ON,2026-10-02,2026-10-02T12:16:58.560996-04:00,84.345,0.65
EPAM-20261002T16001708527,EPAM,2026-10-02,2026-10-02T12:16:58.560996-04:00,109.845,-0.2235
KLAC-20261002T16034162944,KLAC,2026-10-02,2026-10-02T12:16:58.560996-04:00,207.895,0.0024
XENE-20261002T16132391611,XENE,2026-10-02,2026-10-02T12:16:58.560996-04:00,37.822,-0.0317
DK-20261002T16135459228,DK,2026-10-02,2026-10-02T12:16:58.560996-04:00,75.1114,-0.2927
ON-20261002T15520735949,ON,2026-10-02,2026-10-02T12:17:08.693134-04:00,84.3416,0.654
EPAM-20261002T16001708527,EPAM,2026-10-02,2026-10-02T12:17:08.693134-04:00,109.8526,-0.2305
KLAC-20261002T16034162944,KLAC,2026-10-02,2026-10-02T12:17:08.693134-04:00,207.905,-0.0024
XENE-20261002T16132391611,XENE,2026-10-02,2026-10-02T12:17:08.693134-04:00,37.8595,-0.1309
DK-20261002T16135459228,DK,2026-10-02,2026-10-02T12:17:08.693134-04:00,74.9835,-0.1219
ON-20261002T15520735949,ON,2026-10-02,2026-10-02T12:17:18.833717-04:00,84.2388,0.7751
EPAM-20261002T16001708527,EPAM,2026-10-02,2026-10-02T12:17:18.833717-04:00,109.8525,-0.2304
KLAC-20261002T16034162944,KLAC,2026-10-02,2026-10-02T12:17:18.833717-04:00,207.76,0.0673
XENE-20261002T16132391611,XENE,2026-10-02,2026-10-02T12:17:18.833717-04:00,37.8173,-0.0193
DK-20261002T16135459228,DK,2026-10-02,2026-10-02T12:17:18.833717-04:00,74.84,0.0697
ON-20261002T15520735949,ON,2026-10-02,2026-10-02T12:17:28.958638-04:00,84.234,0.7807
EPAM-20261002T16001708527,EPAM,2026-10-02,2026-10-02T12:17:28.958638-04:00,109.7837,-0.1676
KLAC-20261002T16034162944,KLAC,2026-10-02,2026-10-02T12:17:28.958638-04:00,207.81,0.0433
XENE-20261002T16132391611,XENE,2026-10-02,2026-10-02T12:17:28.958638-04:00,37.795,0.0397
DK-20261002T16135459228,DK,2026-10-02,2026-10-02T12:17:28.958638-04:00,74.9653,-0.0976
ON-20261002T15520735949,ON,2026-10-02,2026-10-02T12:17:39.096349-04:00,84.22,0.7972
EPAM-20261002T16001708527,EPAM,2026-10-02,2026-10-02T12:17:39.096349-04:00,109.766,-0.1515
KLAC-20261002T16034162944,KLAC,2026-10-02,2026-10-02T12:17:39.096349-04:00,207.805,0.0457
XENE-20261002T16132391611,XENE,2026-10-02,2026-10-02T12:17:39.096349-04:00,37.8101,-0.0003
DK-20261002T16135459228,DK,2026-10-02,2026-10-02T12:17:39.096349-04:00,74.9653,-0.0976
ON-20261002T15520735949,ON,2026-10-02,2026-10-02T12:17:49.282990-04:00,84.2801,0.7264
EPAM-20261002T16001708527,EPAM,2026-10-02,2026-10-02T12:17:49.282990-04:00,109.6101,-0.0092
KLAC-20261002T16034162944,KLAC,2026-10-02,2026-10-02T12:17:49.282990-04:00,207.74,0.077
XENE-20261002T16132391611,XENE,2026-10-02,2026-10-02T12:17:49.282990-04:00,37.81,-0.0
DK-20261002T16135459228,DK,2026-10-02,2026-10-02T12:17:49.282990-04:00,75.1552,-0.3511
ON-20261002T15520735949,ON,2026-10-02,2026-10-02T12:17:59.399793-04:00,84.1926,0.8295
EPAM-20261002T16001708527,EPAM,2026-10-02,2026-10-02T12:17:59.399793-04:00,109.51,0.0821
KLAC-20261002T16034162944,KLAC,2026-10-02,2026-10-02T12:17:59.399793-04:00,207.78,0.0577
XENE-20261002T16132391611,XENE,2026-10-02,2026-10-02T12:17:59.399793-04:00,37.81,-0.0
DK-20261002T16135459228,DK,2026-10-02,2026-10-02T12:17:59.399793-04:00,75.1552,-0.3511
ON-20261002T15520735949,ON,2026-10-02,2026-10-02T12:18:09.546475-04:00,84.111,0.9256
EPAM-20261002T16001708527,EPAM,2026-10-02,2026-10-02T12:18:09.546475-04:00,109.58,0.0182
KLAC-20261002T16034162944,KLAC,2026-10-02,2026-10-02T12:18:09.546475-04:00,207.66,0.1154
XENE-20261002T16132391611,XENE,2026-10-02,2026-10-02T12:18:09.546475-04:00,37.8096,0.0011
DK-20261002T16135459228,DK,2026-10-02,2026-10-02T12:18:09.546475-04:00,75.1621,-0.3604
ON-20261002T15520735949,ON,2026-10-02,2026-10-02T12:18:19.719764-04:00,84.125,0.9091
EPAM-20261002T16001708527,EPAM,2026-10-02,2026-10-02T12:18:19.719764-04:00,109.6176,-0.0161
KLAC-20261002T16034162944,KLAC,2026-10-02,2026-10-02T12:18:19.719764-04:00,207.74,0.077
XENE-20261002T16132391611,XENE,2026-10-02,2026-10-02T12:18:19.719764-04:00,37.8097,0.0008
DK-20261002T16135459228,DK,2026-10-02,2026-10-02T12:18:19.719764-04:00,75.105,-0.2841
ON-20261002T15520735949,ON,2026-10-02,2026-10-02T12:18:29.892821-04:00,84.19,0.8326
EPAM-20261002T16001708527,EPAM,2026-10-02,2026-10-02T12:18:29.892821-04:00,109.8244,-0.2047
KLAC-20261002T16034162944,KLAC,2026-10-02,2026-10-02T12:18:29.892821-04:00,207.84,0.0289
XENE-20261002T16132391611,XENE,2026-10-02,2026-10-02T12:18:29.892821-04:00,37.8,0.0264
DK-20261002T16135459228,DK,2026-10-02,2026-10-02T12:18:29.892821-04:00,74.9989,-0.1424
ON-20261002T15520735949,ON,2026-10-02,2026-10-02T12:18:40.064248-04:00,84.15,0.8797
EPAM-20261002T16001708527,EPAM,2026-10-02,2026-10-02T12:18:40.064248-04:00,109.57,0.0274
KLAC-20261002T16034162944,KLAC,2026-10-02,2026-10-02T12:18:40.064248-04:00,207.85,0.0241
XENE-20261002T16132391611,XENE,2026-10-02,2026-10-02T12:18:40.064248-04:00,37.9337,-0.3272
DK-20261002T16135459228,DK,2026-10-02,2026-10-02T12:18:40.064248-04:00,75.125,-0.3108
ON-20261002T15520735949,ON,2026-10-02,2026-10-02T12:18:50.260123-04:00,84.13,0.9032
EPAM-20261002T16001708527,EPAM,2026-10-02,2026-10-02T12:18:50.260123-04:00,109.445,0.1414
KLAC-20261002T16034162944,KLAC,2026-10-02,2026-10-02T12:18:50.260123-04:00,207.8567,0.0208
XENE-20261002T16132391611,XENE,2026-10-02,2026-10-02T12:18:50.260123-04:00,37.82,-0.0264
DK-20261002T16135459228,DK,2026-10-02,2026-10-02T12:18:50.260123-04:00,74.9543,-0.0829
ON-20261002T15520735949,ON,2026-10-02,2026-10-02T12:19:00.448951-04:00,84.1445,0.8862
EPAM-20261002T16001708527,EPAM,2026-10-02,2026-10-02T12:19:00.448951-04:00,109.5775,0.0205
KLAC-20261002T16034162944,KLAC,2026-10-02,2026-10-02T12:19:00.448951-04:00,207.755,0.0697
XENE-20261002T16132391611,XENE,2026-10-02,2026-10-02T12:19:00.448951-04:00,37.8265,-0.0436
DK-20261002T16135459228,DK,2026-10-02,2026-10-02T12:19:00.448951-04:00,75.1411,-0.3323
ON-20261002T15520735949,ON,2026-10-02,2026-10-02T12:19:10.645631-04:00,84.145,0.8856
EPAM-20261002T16001708527,EPAM,2026-10-02,2026-10-02T12:19:10.645631-04:00,109.5787,0.0194
KLAC-20261002T16034162944,KLAC,2026-10-02,2026-10-02T12:19:10.645631-04:00,207.858,0.0202
XENE-20261002T16132391611,XENE,2026-10-02,2026-10-02T12:19:10.645631-04:00,37.83,-0.0529
DK-20261002T16135459228,DK,2026-10-02,2026-10-02T12:19:10.645631-04:00,75.115,-0.2975
ON-20261002T15520735949,ON,2026-10-02,2026-10-02T12:19:20.801240-04:00,84.1526,0.8766
EPAM-20261002T16001708527,EPAM,2026-10-02,2026-10-02T12:19:20.801240-04:00,109.812,-0.1934
KLAC-20261002T16034162944,KLAC,2026-10-02,2026-10-02T12:19:20.801240-04:00,207.86,0.0192
XENE-20261002T16132391611,XENE,2026-10-02,2026-10-02T12:19:20.801240-04:00,37.8257,-0.0415
DK-20261002T16135459228,DK,2026-10-02,2026-10-02T12:19:20.801240-04:00,75.11,-0.2908
ON-20261002T15520735949,ON,2026-10-02,2026-10-02T12:19:30.927942-04:00,84.18,0.8444
EPAM-20261002T16001708527,EPAM,2026-10-02,2026-10-02T12:19:30.927942-04:00,109.7431,-0.1306
KLAC-20261002T16034162944,KLAC,2026-10-02,2026-10-02T12:19:30.927942-04:00,207.79,0.0529
XENE-20261002T16132391611,XENE,2026-10-02,2026-10-02T12:19:30.927942-04:00,37.83,-0.0529
DK-20261002T16135459228,DK,2026-10-02,2026-10-02T12:19:30.927942-04:00,75.11,-0.2908
ON-20261002T15520735949,ON,2026-10-02,2026-10-02T12:19:41.131801-04:00,84.175,0.8502
EPAM-20261002T16001708527,EPAM,2026-10-02,2026-10-02T12:19:41.131801-04:00,109.29,0.2828
KLAC-20261002T16034162944,KLAC,2026-10-02,2026-10-02T12:19:41.131801-04:00,207.7339,0.0799
XENE-20261002T16132391611,XENE,2026-10-02,2026-10-02T12:19:41.131801-04:00,37.8234,-0.0354
DK-20261002T16135459228,DK,2026-10-02,2026-10-02T12:19:41.131801-04:00,75.11,-0.2908
ON-20261002T15520735949,ON,2026-10-02,2026-10-02T12:19:51.297096-04:00,84.145,0.8856
EPAM-20261002T16001708527,EPAM,2026-10-02,2026-10-02T12:19:51.297096-04:00,109.2969,0.2766
KLAC-20261002T16034162944,KLAC,2026-10-02,2026-10-02T12:19:51.297096-04:00,207.73,0.0818
XENE-20261002T16132391611,XENE,2026-10-02,2026-10-02T12:19:51.297096-04:00,37.85,-0.1058
DK-20261002T16135459228,DK,2026-10-02,2026-10-02T12:19:51.297096-04:00,75.18,-0.3843
TTAN-20261002T16193111924,TTAN,2026-10-02,2026-10-02T12:19:51.297096-04:00,67.5499,-0.3713
ON-20261002T15520735949,ON,2026-10-02,2026-10-02T12:20:01.487047-04:00,84.14,0.8915
EPAM-20261002T16001708527,EPAM,2026-10-02,2026-10-02T12:20:01.487047-04:00,109.5191,0.0738
KLAC-20261002T16034162944,KLAC,2026-10-02,2026-10-02T12:20:01.487047-04:00,207.6896,0.1012
XENE-20261002T16132391611,XENE,2026-10-02,2026-10-02T12:20:01.487047-04:00,37.855,-0.119
DK-20261002T16135459228,DK,2026-10-02,2026-10-02T12:20:01.487047-04:00,75.1,-0.2774
TTAN-20261002T16193111924,TTAN,2026-10-02,2026-10-02T12:20:01.487047-04:00,67.405,-0.156
ON-20261002T15520735949,ON,2026-10-02,2026-10-02T12:20:11.838565-04:00,84.1564,0.8722
EPAM-20261002T16001708527,EPAM,2026-10-02,2026-10-02T12:20:11.838565-04:00,109.588,0.0109
KLAC-20261002T16034162944,KLAC,2026-10-02,2026-10-02T12:20:11.838565-04:00,207.665,0.113
XENE-20261002T16132391611,XENE,2026-10-02,2026-10-02T12:20:11.838565-04:00,37.8922,-0.2174
DK-20261002T16135459228,DK,2026-10-02,2026-10-02T12:20:11.838565-04:00,75.0,-0.1439
TTAN-20261002T16193111924,TTAN,2026-10-02,2026-10-02T12:20:11.838565-04:00,67.4575,-0.234
ON-20261002T15520735949,ON,2026-10-02,2026-10-02T12:20:22.000038-04:00,84.1514,0.878
EPAM-20261002T16001708527,EPAM,2026-10-02,2026-10-02T12:20:22.000038-04:00,109.4696,0.119
KLAC-20261002T16034162944,KLAC,2026-10-02,2026-10-02T12:20:22.000038-04:00,207.7664,0.0643
XENE-20261002T16132391611,XENE,2026-10-02,2026-10-02T12:20:22.000038-04:00,37.8309,-0.0553
DK-20261002T16135459228,DK,2026-10-02,2026-10-02T12:20:22.000038-04:00,75.1,-0.2774
TTAN-20261002T16193111924,TTAN,2026-10-02,2026-10-02T12:20:22.000038-04:00,67.4629,-0.2421
ON-20261002T15520735949,ON,2026-10-02,2026-10-02T12:20:32.159496-04:00,84.09,0.9504
EPAM-20261002T16001708527,EPAM,2026-10-02,2026-10-02T12:20:32.159496-04:00,109.58,0.0182
KLAC-20261002T16034162944,KLAC,2026-10-02,2026-10-02T12:20:32.159496-04:00,207.65,0.1203
XENE-20261002T16132391611,XENE,2026-10-02,2026-10-02T12:20:32.159496-04:00,37.84,-0.0793
DK-20261002T16135459228,DK,2026-10-02,2026-10-02T12:20:32.159496-04:00,75.104,-0.2828
TTAN-20261002T16193111924,TTAN,2026-10-02,2026-10-02T12:20:32.159496-04:00,67.4445,-0.2147
ON-20261002T15520735949,ON,2026-10-02,2026-10-02T12:20:42.383838-04:00,84.08,0.9621
EPAM-20261002T16001708527,EPAM,2026-10-02,2026-10-02T12:20:42.383838-04:00,109.58,0.0182
KLAC-20261002T16034162944,KLAC,2026-10-02,2026-10-02T12:20:42.383838-04:00,207.66,0.1154
XENE-20261002T16132391611,XENE,2026-10-02,2026-10-02T12:20:42.383838-04:00,37.8324,-0.0592
DK-20261002T16135459228,DK,2026-10-02,2026-10-02T12:20:42.383838-04:00,74.96,-0.0905
TTAN-20261002T16193111924,TTAN,2026-10-02,2026-10-02T12:20:42.383838-04:00,67.4445,-0.2147
ON-20261002T15520735949,ON,2026-10-02,2026-10-02T12:20:52.570422-04:00,84.1396,0.8919
EPAM-20261002T16001708527,EPAM,2026-10-02,2026-10-02T12:20:52.570422-04:00,109.75,-0.1369
KLAC-20261002T16034162944,KLAC,2026-10-02,2026-10-02T12:20:52.570422-04:00,207.575,0.1563
XENE-20261002T16132391611,XENE,2026-10-02,2026-10-02T12:20:52.570422-04:00,37.84,-0.0793
DK-20261002T16135459228,DK,2026-10-02,2026-10-02T12:20:52.570422-04:00,75.1112,-0.2924
TTAN-20261002T16193111924,TTAN,2026-10-02,2026-10-02T12:20:52.570422-04:00,67.4051,-0.1562
ON-20261002T15520735949,ON,2026-10-02,2026-10-02T12:21:02.759711-04:00,84.1347,0.8977
EPAM-20261002T16001708527,EPAM,2026-10-02,2026-10-02T12:21:02.759711-04:00,109.582,0.0164
KLAC-20261002T16034162944,KLAC,2026-10-02,2026-10-02T12:21:02.759711-04:00,207.56,0.1635
XENE-20261002T16132391611,XENE,2026-10-02,2026-10-02T12:21:02.759711-04:00,37.8278,-0.0471
DK-20261002T16135459228,DK,2026-10-02,2026-10-02T12:21:02.759711-04:00,74.9836,-0.122
TTAN-20261002T16193111924,TTAN,2026-10-02,2026-10-02T12:21:02.759711-04:00,67.405,-0.156
ON-20261002T15520735949,ON,2026-10-02,2026-10-02T12:21:12.943095-04:00,84.1,0.9386
EPAM-20261002T16001708527,EPAM,2026-10-02,2026-10-02T12:21:12.943095-04:00,109.5839,0.0147
KLAC-20261002T16034162944,KLAC,2026-10-02,2026-10-02T12:21:12.943095-04:00,207.61,0.1395
XENE-20261002T16132391611,XENE,2026-10-02,2026-10-02T12:21:12.943095-04:00,37.8283,-0.0484
DK-20261002T16135459228,DK,2026-10-02,2026-10-02T12:21:12.943095-04:00,75.0832,-0.255
TTAN-20261002T16193111924,TTAN,2026-10-02,2026-10-02T12:21:12.943095-04:00,67.405,-0.156
ON-20261002T15520735949,ON,2026-10-02,2026-10-02T12:21:23.072451-04:00,84.11,0.9268
EPAM-20261002T16001708527,EPAM,2026-10-02,2026-10-02T12:21:23.072451-04:00,109.6106,-0.0097
KLAC-20261002T16034162944,KLAC,2026-10-02,2026-10-02T12:21:23.072451-04:00,207.7734,0.0609
XENE-20261002T16132391611,XENE,2026-10-02,2026-10-02T12:21:23.072451-04:00,37.854,-0.1164
DK-20261002T16135459228,DK,2026-10-02,2026-10-02T12:21:23.072451-04:00,75.0829,-0.2546
TTAN-20261002T16193111924,TTAN,2026-10-02,2026-10-02T12:21:23.072451-04:00,67.405,-0.156
ON-20261002T15520735949,ON,2026-10-02,2026-10-02T12:21:33.457413-04:00,84.0985,0.9404
EPAM-20261002T16001708527,EPAM,2026-10-02,2026-10-02T12:21:33.457413-04:00,109.58,0.0182
KLAC-20261002T16034162944,KLAC,2026-10-02,2026-10-02T12:21:33.457413-04:00,207.54,0.1732
XENE-20261002T16132391611,XENE,2026-10-02,2026-10-02T12:21:33.457413-04:00,37.833,-0.0608
DK-20261002T16135459228,DK,2026-10-02,2026-10-02T12:21:33.457413-04:00,75.0829,-0.2546
TTAN-20261002T16193111924,TTAN,2026-10-02,2026-10-02T12:21:33.457413-04:00,67.405,-0.156
ON-20261002T15520735949,ON,2026-10-02,2026-10-02T12:21:43.621334-04:00,84.12,0.915
EPAM-20261002T16001708527,EPAM,2026-10-02,2026-10-02T12:21:43.621334-04:00,109.71,-0.1004
KLAC-20261002T16034162944,KLAC,2026-10-02,2026-10-02T12:21:43.621334-04:00,207.605,0.1419
XENE-20261002T16132391611,XENE,2026-10-02,2026-10-02T12:21:43.621334-04:00,37.8556,-0.1206
DK-20261002T16135459228,DK,2026-10-02,2026-10-02T12:21:43.621334-04:00,74.98,-0.1172
TTAN-20261002T16193111924,TTAN,2026-10-02,2026-10-02T12:21:43.621334-04:00,67.4,-0.1486
ON-20261002T15520735949,ON,2026-10-02,2026-10-02T12:21:53.751092-04:00,84.09,0.9504
EPAM-20261002T16001708527,EPAM,2026-10-02,2026-10-02T12:21:53.751092-04:00,109.5874,0.0115
KLAC-20261002T16034162944,KLAC,2026-10-02,2026-10-02T12:21:53.751092-04:00,207.56,0.1635
XENE-20261002T16132391611,XENE,2026-10-02,2026-10-02T12:21:53.751092-04:00,37.8336,-0.0624
DK-20261002T16135459228,DK,2026-10-02,2026-10-02T12:21:53.751092-04:00,75.0231,-0.1748
TTAN-20261002T16193111924,TTAN,2026-10-02,2026-10-02T12:21:53.751092-04:00,67.33,-0.0446
ON-20261002T15520735949,ON,2026-10-02,2026-10-02T12:22:03.866123-04:00,84.12,0.915
EPAM-20261002T16001708527,EPAM,2026-10-02,2026-10-02T12:22:03.866123-04:00,109.5896,0.0095
KLAC-20261002T16034162944,KLAC,2026-10-02,2026-10-02T12:22:03.866123-04:00,207.63,0.1299
XENE-20261002T16132391611,XENE,2026-10-02,2026-10-02T12:22:03.866123-04:00,37.8336,-0.0624
DK-20261002T16135459228,DK,2026-10-02,2026-10-02T12:22:03.866123-04:00,75.1027,-0.281
TTAN-20261002T16193111924,TTAN,2026-10-02,2026-10-02T12:22:03.866123-04:00,67.3511,-0.0759
ON-20261002T15520735949,ON,2026-10-02,2026-10-02T12:22:13.999042-04:00,84.13,0.9032
EPAM-20261002T16001708527,EPAM,2026-10-02,2026-10-02T12:22:13.999042-04:00,109.58,0.0182
KLAC-20261002T16034162944,KLAC,2026-10-02,2026-10-02T12:22:13.999042-04:00,207.5813,0.1533
XENE-20261002T16132391611,XENE,2026-10-02,2026-10-02T12:22:13.999042-04:00,37.855,-0.119
DK-20261002T16135459228,DK,2026-10-02,2026-10-02T12:22:13.999042-04:00,74.95,-0.0771
TTAN-20261002T16193111924,TTAN,2026-10-02,2026-10-02T12:22:13.999042-04:00,67.3005,-0.0007
ON-20261002T15520735949,ON,2026-10-02,2026-10-02T12:22:24.134670-04:00,84.13,0.9032
EPAM-20261002T16001708527,EPAM,2026-10-02,2026-10-02T12:22:24.134670-04:00,109.588,0.0109
KLAC-20261002T16034162944,KLAC,2026-10-02,2026-10-02T12:22:24.134670-04:00,207.8397,0.029
XENE-20261002T16132391611,XENE,2026-10-02,2026-10-02T12:22:24.134670-04:00,37.855,-0.119
DK-20261002T16135459228,DK,2026-10-02,2026-10-02T12:22:24.134670-04:00,75.048,-0.208
TTAN-20261002T16193111924,TTAN,2026-10-02,2026-10-02T12:22:24.134670-04:00,67.3111,-0.0165
ON-20261002T15520735949,ON,2026-10-02,2026-10-02T12:22:34.277997-04:00,84.1124,0.924
EPAM-20261002T16001708527,EPAM,2026-10-02,2026-10-02T12:22:34.277997-04:00,109.58,0.0182
KLAC-20261002T16034162944,KLAC,2026-10-02,2026-10-02T12:22:34.277997-04:00,207.5405,0.1729
XENE-20261002T16132391611,XENE,2026-10-02,2026-10-02T12:22:34.277997-04:00,37.8805,-0.1865
DK-20261002T16135459228,DK,2026-10-02,2026-10-02T12:22:34.277997-04:00,74.97,-0.1039
TTAN-20261002T16193111924,TTAN,2026-10-02,2026-10-02T12:22:34.277997-04:00,67.2847,0.0227
ON-20261002T15520735949,ON,2026-10-02,2026-10-02T12:22:44.604969-04:00,84.135,0.8974
EPAM-20261002T16001708527,EPAM,2026-10-02,2026-10-02T12:22:44.604969-04:00,109.58,0.0182
KLAC-20261002T16034162944,KLAC,2026-10-02,2026-10-02T12:22:44.604969-04:00,207.44,0.2213
XENE-20261002T16132391611,XENE,2026-10-02,2026-10-02T12:22:44.604969-04:00,37.8805,-0.1865
DK-20261002T16135459228,DK,2026-10-02,2026-10-02T12:22:44.604969-04:00,74.97,-0.1039
TTAN-20261002T16193111924,TTAN,2026-10-02,2026-10-02T12:22:44.604969-04:00,67.255,0.0669
ON-20261002T15520735949,ON,2026-10-02,2026-10-02T12:22:54.814565-04:00,84.095,0.9445
EPAM-20261002T16001708527,EPAM,2026-10-02,2026-10-02T12:22:54.814565-04:00,109.5506,0.0451
KLAC-20261002T16034162944,KLAC,2026-10-02,2026-10-02T12:22:54.814565-04:00,207.45,0.2165
XENE-20261002T16132391611,XENE,2026-10-02,2026-10-02T12:22:54.814565-04:00,37.8805,-0.1865
DK-20261002T16135459228,DK,2026-10-02,2026-10-02T12:22:54.814565-04:00,75.0472,-0.2069
TTAN-20261002T16193111924,TTAN,2026-10-02,2026-10-02T12:22:54.814565-04:00,67.335,-0.052
OKTA-20261002T16223460018,OKTA,2026-10-02,2026-10-02T12:22:54.814565-04:00,214.02,-0.2116
ON-20261002T15520735949,ON,2026-10-02,2026-10-02T12:23:04.939025-04:00,84.09,0.9504
EPAM-20261002T16001708527,EPAM,2026-10-02,2026-10-02T12:23:04.939025-04:00,109.58,0.0182
KLAC-20261002T16034162944,KLAC,2026-10-02,2026-10-02T12:23:04.939025-04:00,207.445,0.2189
XENE-20261002T16132391611,XENE,2026-10-02,2026-10-02T12:23:04.939025-04:00,37.8385,-0.0754
DK-20261002T16135459228,DK,2026-10-02,2026-10-02T12:23:04.939025-04:00,75.075,-0.2441
TTAN-20261002T16193111924,TTAN,2026-10-02,2026-10-02T12:23:04.939025-04:00,67.335,-0.052
OKTA-20261002T16223460018,OKTA,2026-10-02,2026-10-02T12:23:04.939025-04:00,214.141,-0.2682
ON-20261002T15520735949,ON,2026-10-02,2026-10-02T12:23:15.079177-04:00,84.035,1.0151
EPAM-20261002T16001708527,EPAM,2026-10-02,2026-10-02T12:23:15.079177-04:00,109.58,0.0182
KLAC-20261002T16034162944,KLAC,2026-10-02,2026-10-02T12:23:15.079177-04:00,207.28,0.2982
XENE-20261002T16132391611,XENE,2026-10-02,2026-10-02T12:23:15.079177-04:00,37.84,-0.0793
DK-20261002T16135459228,DK,2026-10-02,2026-10-02T12:23:15.079177-04:00,75.0489,-0.2092
TTAN-20261002T16193111924,TTAN,2026-10-02,2026-10-02T12:23:15.079177-04:00,67.2985,0.0022
OKTA-20261002T16223460018,OKTA,2026-10-02,2026-10-02T12:23:15.079177-04:00,213.8533,-0.1335
ON-20261002T15520735949,ON,2026-10-02,2026-10-02T12:23:25.190287-04:00,84.01,1.0446
EPAM-20261002T16001708527,EPAM,2026-10-02,2026-10-02T12:23:25.190287-04:00,109.64,-0.0365
KLAC-20261002T16034162944,KLAC,2026-10-02,2026-10-02T12:23:25.190287-04:00,207.18,0.3463
XENE-20261002T16132391611,XENE,2026-10-02,2026-10-02T12:23:25.190287-04:00,37.8303,-0.0537
DK-20261002T16135459228,DK,2026-10-02,2026-10-02T12:23:25.190287-04:00,75.0489,-0.2092
TTAN-20261002T16193111924,TTAN,2026-10-02,2026-10-02T12:23:25.190287-04:00,67.2736,0.0392
OKTA-20261002T16223460018,OKTA,2026-10-02,2026-10-02T12:23:25.190287-04:00,213.6773,-0.0511
ON-20261002T15520735949,ON,2026-10-02,2026-10-02T12:23:35.378170-04:00,84.08,0.9621
EPAM-20261002T16001708527,EPAM,2026-10-02,2026-10-02T12:23:35.378170-04:00,109.5993,0.0006
KLAC-20261002T16034162944,KLAC,2026-10-02,2026-10-02T12:23:35.378170-04:00,207.4408,0.2209
XENE-20261002T16132391611,XENE,2026-10-02,2026-10-02T12:23:35.378170-04:00,37.8545,-0.1177
DK-20261002T16135459228,DK,2026-10-02,2026-10-02T12:23:35.378170-04:00,75.0489,-0.2092
TTAN-20261002T16193111924,TTAN,2026-10-02,2026-10-02T12:23:35.378170-04:00,67.3894,-0.1328
OKTA-20261002T16223460018,OKTA,2026-10-02,2026-10-02T12:23:35.378170-04:00,214.03,-0.2163
ON-20261002T15520735949,ON,2026-10-02,2026-10-02T12:23:45.524715-04:00,84.08,0.9621
EPAM-20261002T16001708527,EPAM,2026-10-02,2026-10-02T12:23:45.524715-04:00,109.555,0.0411
KLAC-20261002T16034162944,KLAC,2026-10-02,2026-10-02T12:23:45.524715-04:00,207.245,0.3151
XENE-20261002T16132391611,XENE,2026-10-02,2026-10-02T12:23:45.524715-04:00,37.8299,-0.0526
DK-20261002T16135459228,DK,2026-10-02,2026-10-02T12:23:45.524715-04:00,75.075,-0.2441
TTAN-20261002T16193111924,TTAN,2026-10-02,2026-10-02T12:23:45.524715-04:00,67.335,-0.052
OKTA-20261002T16223460018,OKTA,2026-10-02,2026-10-02T12:23:45.524715-04:00,213.79,-0.1039
ON-20261002T15520735949,ON,2026-10-02,2026-10-02T12:23:55.667903-04:00,84.0469,1.0011
EPAM-20261002T16001708527,EPAM,2026-10-02,2026-10-02T12:23:55.667903-04:00,109.7531,-0.1397
KLAC-20261002T16034162944,KLAC,2026-10-02,2026-10-02T12:23:55.667903-04:00,207.3,0.2886
XENE-20261002T16132391611,XENE,2026-10-02,2026-10-02T12:23:55.667903-04:00,37.83,-0.0529
DK-20261002T16135459228,DK,2026-10-02,2026-10-02T12:23:55.667903-04:00,75.075,-0.2441
TTAN-20261002T16193111924,TTAN,2026-10-02,2026-10-02T12:23:55.667903-04:00,67.2789,0.0314
OKTA-20261002T16223460018,OKTA,2026-10-02,2026-10-02T12:23:55.667903-04:00,213.8387,-0.1267
ON-20261002T15520735949,ON,2026-10-02,2026-10-02T12:24:05.889313-04:00,84.09,0.9504
EPAM-20261002T16001708527,EPAM,2026-10-02,2026-10-02T12:24:05.889313-04:00,109.7462,-0.1334
KLAC-20261002T16034162944,KLAC,2026-10-02,2026-10-02T12:24:05.889313-04:00,207.3751,0.2525
XENE-20261002T16132391611,XENE,2026-10-02,2026-10-02T12:24:05.889313-04:00,37.83,-0.0529
DK-20261002T16135459228,DK,2026-10-02,2026-10-02T12:24:05.889313-04:00,75.0781,-0.2482
TTAN-20261002T16193111924,TTAN,2026-10-02,2026-10-02T12:24:05.889313-04:00,67.28,0.0297
OKTA-20261002T16223460018,OKTA,2026-10-02,2026-10-02T12:24:05.889313-04:00,213.97,-0.1882
ON-20261002T15520735949,ON,2026-10-02,2026-10-02T12:24:16.094762-04:00,84.15,0.8797
EPAM-20261002T16001708527,EPAM,2026-10-02,2026-10-02T12:24:16.094762-04:00,109.71,-0.1004
KLAC-20261002T16034162944,KLAC,2026-10-02,2026-10-02T12:24:16.094762-04:00,207.285,0.2958
XENE-20261002T16132391611,XENE,2026-10-02,2026-10-02T12:24:16.094762-04:00,37.83,-0.0529
DK-20261002T16135459228,DK,2026-10-02,2026-10-02T12:24:16.094762-04:00,75.0702,-0.2376
TTAN-20261002T16193111924,TTAN,2026-10-02,2026-10-02T12:24:16.094762-04:00,67.2796,0.0303
OKTA-20261002T16223460018,OKTA,2026-10-02,2026-10-02T12:24:16.094762-04:00,213.79,-0.1039
COHR-20261002T16235588795,COHR,2026-10-02,2026-10-02T12:24:16.094762-04:00,336.0009,-0.2659
ON-20261002T15520735949,ON,2026-10-02,2026-10-02T12:24:26.221097-04:00,84.185,0.8385
EPAM-20261002T16001708527,EPAM,2026-10-02,2026-10-02T12:24:26.221097-04:00,109.555,0.0411
KLAC-20261002T16034162944,KLAC,2026-10-02,2026-10-02T12:24:26.221097-04:00,207.3286,0.2748
XENE-20261002T16132391611,XENE,2026-10-02,2026-10-02T12:24:26.221097-04:00,37.835,-0.0661
DK-20261002T16135459228,DK,2026-10-02,2026-10-02T12:24:26.221097-04:00,75.0255,-0.178
TTAN-20261002T16193111924,TTAN,2026-10-02,2026-10-02T12:24:26.221097-04:00,67.322,-0.0327
OKTA-20261002T16223460018,OKTA,2026-10-02,2026-10-02T12:24:26.221097-04:00,213.785,-0.1015
COHR-20261002T16235588795,COHR,2026-10-02,2026-10-02T12:24:26.221097-04:00,335.335,-0.0671
ON-20261002T15520735949,ON,2026-10-02,2026-10-02T12:24:36.400179-04:00,84.13,0.9032
EPAM-20261002T16001708527,EPAM,2026-10-02,2026-10-02T12:24:36.400179-04:00,109.5703,0.0271
KLAC-20261002T16034162944,KLAC,2026-10-02,2026-10-02T12:24:36.400179-04:00,207.245,0.3151
XENE-20261002T16132391611,XENE,2026-10-02,2026-10-02T12:24:36.400179-04:00,37.8294,-0.0513
DK-20261002T16135459228,DK,2026-10-02,2026-10-02T12:24:36.400179-04:00,75.0587,-0.2223
TTAN-20261002T16193111924,TTAN,2026-10-02,2026-10-02T12:24:36.400179-04:00,67.3083,-0.0123
OKTA-20261002T16223460018,OKTA,2026-10-02,2026-10-02T12:24:36.400179-04:00,213.785,-0.1015
COHR-20261002T16235588795,COHR,2026-10-02,2026-10-02T12:24:36.400179-04:00,335.5398,-0.1283
ON-20261002T15520735949,ON,2026-10-02,2026-10-02T12:24:46.533670-04:00,84.13,0.9032
EPAM-20261002T16001708527,EPAM,2026-10-02,2026-10-02T12:24:46.533670-04:00,109.7173,-0.107
KLAC-20261002T16034162944,KLAC,2026-10-02,2026-10-02T12:24:46.533670-04:00,207.19,0.3415
XENE-20261002T16132391611,XENE,2026-10-02,2026-10-02T12:24:46.533670-04:00,37.8448,-0.092
DK-20261002T16135459228,DK,2026-10-02,2026-10-02T12:24:46.533670-04:00,75.21,-0.4243
TTAN-20261002T16193111924,TTAN,2026-10-02,2026-10-02T12:24:46.533670-04:00,67.2114,0.1316
OKTA-20261002T16223460018,OKTA,2026-10-02,2026-10-02T12:24:46.533670-04:00,213.785,-0.1015
COHR-20261002T16235588795,COHR,2026-10-02,2026-10-02T12:24:46.533670-04:00,335.06,0.0149
ON-20261002T15520735949,ON,2026-10-02,2026-10-02T12:24:56.699497-04:00,84.06,0.9857
EPAM-20261002T16001708527,EPAM,2026-10-02,2026-10-02T12:24:56.699497-04:00,109.505,0.0867
KLAC-20261002T16034162944,KLAC,2026-10-02,2026-10-02T12:24:56.699497-04:00,206.865,0.4978
XENE-20261002T16132391611,XENE,2026-10-02,2026-10-02T12:24:56.699497-04:00,37.8448,-0.092
DK-20261002T16135459228,DK,2026-10-02,2026-10-02T12:24:56.699497-04:00,75.14,-0.3308
TTAN-20261002T16193111924,TTAN,2026-10-02,2026-10-02T12:24:56.699497-04:00,67.265,0.052
OKTA-20261002T16223460018,OKTA,2026-10-02,2026-10-02T12:24:56.699497-04:00,213.9377,-0.173
COHR-20261002T16235588795,COHR,2026-10-02,2026-10-02T12:24:56.699497-04:00,334.6,0.1522
ON-20261002T15520735949,ON,2026-10-02,2026-10-02T12:25:06.937573-04:00,84.105,0.9327
EPAM-20261002T16001708527,EPAM,2026-10-02,2026-10-02T12:25:06.937573-04:00,109.6969,-0.0884
KLAC-20261002T16034162944,KLAC,2026-10-02,2026-10-02T12:25:06.937573-04:00,206.925,0.469
XENE-20261002T16132391611,XENE,2026-10-02,2026-10-02T12:25:06.937573-04:00,37.8285,-0.0489
DK-20261002T16135459228,DK,2026-10-02,2026-10-02T12:25:06.937573-04:00,75.14,-0.3308
TTAN-20261002T16193111924,TTAN,2026-10-02,2026-10-02T12:25:06.937573-04:00,67.2102,0.1334
OKTA-20261002T16223460018,OKTA,2026-10-02,2026-10-02T12:25:06.937573-04:00,213.84,-0.1273
COHR-20261002T16235588795,COHR,2026-10-02,2026-10-02T12:25:06.937573-04:00,334.6,0.1522
ON-20261002T15520735949,ON,2026-10-02,2026-10-02T12:25:17.127961-04:00,84.1207,0.9142
EPAM-20261002T16001708527,EPAM,2026-10-02,2026-10-02T12:25:17.127961-04:00,109.5658,0.0312
KLAC-20261002T16034162944,KLAC,2026-10-02,2026-10-02T12:25:17.127961-04:00,206.955,0.4545
XENE-20261002T16132391611,XENE,2026-10-02,2026-10-02T12:25:17.127961-04:00,37.827,-0.045
DK-20261002T16135459228,DK,2026-10-02,2026-10-02T12:25:17.127961-04:00,75.14,-0.3308
TTAN-20261002T16193111924,TTAN,2026-10-02,2026-10-02T12:25:17.127961-04:00,67.28,0.0297
OKTA-20261002T16223460018,OKTA,2026-10-02,2026-10-02T12:25:17.127961-04:00,213.78,-0.0992
COHR-20261002T16235588795,COHR,2026-10-02,2026-10-02T12:25:17.127961-04:00,335.0053,0.0312
S-20261002T16245691947,S,2026-10-02,2026-10-02T12:25:17.127961-04:00,25.285,-0.0594
ON-20261002T15520735949,ON,2026-10-02,2026-10-02T12:25:27.349983-04:00,84.115,0.9209
EPAM-20261002T16001708527,EPAM,2026-10-02,2026-10-02T12:25:27.349983-04:00,109.71,-0.1004
KLAC-20261002T16034162944,KLAC,2026-10-02,2026-10-02T12:25:27.349983-04:00,207.125,0.3728
XENE-20261002T16132391611,XENE,2026-10-02,2026-10-02T12:25:27.349983-04:00,37.75,0.1587
TTAN-20261002T16193111924,TTAN,2026-10-02,2026-10-02T12:25:27.349983-04:00,67.22,0.1189
OKTA-20261002T16223460018,OKTA,2026-10-02,2026-10-02T12:25:27.349983-04:00,213.685,-0.0547
COHR-20261002T16235588795,COHR,2026-10-02,2026-10-02T12:25:27.349983-04:00,334.93,0.0537
S-20261002T16245691947,S,2026-10-02,2026-10-02T12:25:27.349983-04:00,25.28,-0.0396
ON-20261002T15520735949,ON,2026-10-02,2026-10-02T12:25:37.486199-04:00,84.15,0.8797
EPAM-20261002T16001708527,EPAM,2026-10-02,2026-10-02T12:25:37.486199-04:00,109.6662,-0.0604
KLAC-20261002T16034162944,KLAC,2026-10-02,2026-10-02T12:25:37.486199-04:00,207.21,0.3319
XENE-20261002T16132391611,XENE,2026-10-02,2026-10-02T12:25:37.486199-04:00,37.78,0.0793
TTAN-20261002T16193111924,TTAN,2026-10-02,2026-10-02T12:25:37.486199-04:00,67.22,0.1189
OKTA-20261002T16223460018,OKTA,2026-10-02,2026-10-02T12:25:37.486199-04:00,213.67,-0.0477
COHR-20261002T16235588795,COHR,2026-10-02,2026-10-02T12:25:37.486199-04:00,335.0357,0.0222
S-20261002T16245691947,S,2026-10-02,2026-10-02T12:25:37.486199-04:00,25.333,-0.2493
ON-20261002T15520735949,ON,2026-10-02,2026-10-02T12:25:47.652308-04:00,84.155,0.8738
EPAM-20261002T16001708527,EPAM,2026-10-02,2026-10-02T12:25:47.652308-04:00,109.6662,-0.0604
KLAC-20261002T16034162944,KLAC,2026-10-02,2026-10-02T12:25:47.652308-04:00,207.18,0.3463
XENE-20261002T16132391611,XENE,2026-10-02,2026-10-02T12:25:47.652308-04:00,37.8,0.0264
TTAN-20261002T16193111924,TTAN,2026-10-02,2026-10-02T12:25:47.652308-04:00,67.2575,0.0632
OKTA-20261002T16223460018,OKTA,2026-10-02,2026-10-02T12:25:47.652308-04:00,213.685,-0.0547
COHR-20261002T16235588795,COHR,2026-10-02,2026-10-02T12:25:47.652308-04:00,334.97,0.0418
S-20261002T16245691947,S,2026-10-02,2026-10-02T12:25:47.652308-04:00,25.275,-0.0198
ON-20261002T15520735949,ON,2026-10-02,2026-10-02T12:25:57.822758-04:00,84.15,0.8797
EPAM-20261002T16001708527,EPAM,2026-10-02,2026-10-02T12:25:57.822758-04:00,109.7,-0.0912
KLAC-20261002T16034162944,KLAC,2026-10-02,2026-10-02T12:25:57.822758-04:00,207.4808,0.2016
XENE-20261002T16132391611,XENE,2026-10-02,2026-10-02T12:25:57.822758-04:00,37.8217,-0.0309
TTAN-20261002T16193111924,TTAN,2026-10-02,2026-10-02T12:25:57.822758-04:00,67.275,0.0371
OKTA-20261002T16223460018,OKTA,2026-10-02,2026-10-02T12:25:57.822758-04:00,213.685,-0.0547
COHR-20261002T16235588795,COHR,2026-10-02,2026-10-02T12:25:57.822758-04:00,335.6309,-0.1554
S-20261002T16245691947,S,2026-10-02,2026-10-02T12:25:57.822758-04:00,25.2799,-0.0392
ON-20261002T15520735949,ON,2026-10-02,2026-10-02T12:26:07.969875-04:00,84.135,0.8974
EPAM-20261002T16001708527,EPAM,2026-10-02,2026-10-02T12:26:07.969875-04:00,109.5,0.0912
KLAC-20261002T16034162944,KLAC,2026-10-02,2026-10-02T12:26:07.969875-04:00,207.15,0.3608
XENE-20261002T16132391611,XENE,2026-10-02,2026-10-02T12:26:07.969875-04:00,37.7999,0.0267
TTAN-20261002T16193111924,TTAN,2026-10-02,2026-10-02T12:26:07.969875-04:00,67.275,0.0371
OKTA-20261002T16223460018,OKTA,2026-10-02,2026-10-02T12:26:07.969875-04:00,213.685,-0.0547
COHR-20261002T16235588795,COHR,2026-10-02,2026-10-02T12:26:07.969875-04:00,335.275,-0.0492
S-20261002T16245691947,S,2026-10-02,2026-10-02T12:26:07.969875-04:00,25.27,-0.0
ON-20261002T15520735949,ON,2026-10-02,2026-10-02T12:26:18.122829-04:00,84.13,0.9032
EPAM-20261002T16001708527,EPAM,2026-10-02,2026-10-02T12:26:18.122829-04:00,109.5,0.0912
KLAC-20261002T16034162944,KLAC,2026-10-02,2026-10-02T12:26:18.122829-04:00,207.12,0.3752
XENE-20261002T16132391611,XENE,2026-10-02,2026-10-02T12:26:18.122829-04:00,37.75,0.1587
TTAN-20261002T16193111924,TTAN,2026-10-02,2026-10-02T12:26:18.122829-04:00,67.3002,-0.0003
OKTA-20261002T16223460018,OKTA,2026-10-02,2026-10-02T12:26:18.122829-04:00,213.94,-0.1741
COHR-20261002T16235588795,COHR,2026-10-02,2026-10-02T12:26:18.122829-04:00,335.4309,-0.0958
S-20261002T16245691947,S,2026-10-02,2026-10-02T12:26:18.122829-04:00,25.27,-0.0
ON-20261002T15520735949,ON,2026-10-02,2026-10-02T12:26:28.381472-04:00,84.125,0.9091
EPAM-20261002T16001708527,EPAM,2026-10-02,2026-10-02T12:26:28.381472-04:00,109.4823,0.1074
KLAC-20261002T16034162944,KLAC,2026-10-02,2026-10-02T12:26:28.381472-04:00,207.1608,0.3556
XENE-20261002T16132391611,XENE,2026-10-02,2026-10-02T12:26:28.381472-04:00,37.75,0.1587
TTAN-20261002T16193111924,TTAN,2026-10-02,2026-10-02T12:26:28.381472-04:00,67.2551,0.0667
OKTA-20261002T16223460018,OKTA,2026-10-02,2026-10-02T12:26:28.381472-04:00,213.91,-0.1601
COHR-20261002T16235588795,COHR,2026-10-02,2026-10-02T12:26:28.381472-04:00,335.2085,-0.0294
S-20261002T16245691947,S,2026-10-02,2026-10-02T12:26:28.381472-04:00,25.285,-0.0594
ON-20261002T15520735949,ON,2026-10-02,2026-10-02T12:26:38.879786-04:00,84.13,0.9032
EPAM-20261002T16001708527,EPAM,2026-10-02,2026-10-02T12:26:38.879786-04:00,109.501,0.0903
KLAC-20261002T16034162944,KLAC,2026-10-02,2026-10-02T12:26:38.879786-04:00,207.16,0.3559
XENE-20261002T16132391611,XENE,2026-10-02,2026-10-02T12:26:38.879786-04:00,37.7866,0.0619
TTAN-20261002T16193111924,TTAN,2026-10-02,2026-10-02T12:26:38.879786-04:00,67.18,0.1783
OKTA-20261002T16223460018,OKTA,2026-10-02,2026-10-02T12:26:38.879786-04:00,213.8784,-0.1453
COHR-20261002T16235588795,COHR,2026-10-02,2026-10-02T12:26:38.879786-04:00,334.9609,0.0445
S-20261002T16245691947,S,2026-10-02,2026-10-02T12:26:38.879786-04:00,25.285,-0.0594
ON-20261002T15520735949,ON,2026-10-02,2026-10-02T12:26:49.047769-04:00,84.03,1.021
EPAM-20261002T16001708527,EPAM,2026-10-02,2026-10-02T12:26:49.047769-04:00,109.5226,0.0706
KLAC-20261002T16034162944,KLAC,2026-10-02,2026-10-02T12:26:49.047769-04:00,207.09,0.3896
XENE-20261002T16132391611,XENE,2026-10-02,2026-10-02T12:26:49.047769-04:00,37.7965,0.0357
TTAN-20261002T16193111924,TTAN,2026-10-02,2026-10-02T12:26:49.047769-04:00,67.185,0.1709
OKTA-20261002T16223460018,OKTA,2026-10-02,2026-10-02T12:26:49.047769-04:00,213.73,-0.0758
COHR-20261002T16235588795,COHR,2026-10-02,2026-10-02T12:26:49.047769-04:00,334.725,0.1149
S-20261002T16245691947,S,2026-10-02,2026-10-02T12:26:49.047769-04:00,25.27,-0.0
ON-20261002T15520735949,ON,2026-10-02,2026-10-02T12:26:59.190187-04:00,84.02,1.0328
EPAM-20261002T16001708527,EPAM,2026-10-02,2026-10-02T12:26:59.190187-04:00,109.515,0.0776
KLAC-20261002T16034162944,KLAC,2026-10-02,2026-10-02T12:26:59.190187-04:00,207.0463,0.4106
XENE-20261002T16132391611,XENE,2026-10-02,2026-10-02T12:26:59.190187-04:00,37.7825,0.0727
TTAN-20261002T16193111924,TTAN,2026-10-02,2026-10-02T12:26:59.190187-04:00,67.1981,0.1514
OKTA-20261002T16223460018,OKTA,2026-10-02,2026-10-02T12:26:59.190187-04:00,213.8584,-0.1359
COHR-20261002T16235588795,COHR,2026-10-02,2026-10-02T12:26:59.190187-04:00,334.72,0.1164
S-20261002T16245691947,S,2026-10-02,2026-10-02T12:26:59.190187-04:00,25.2799,-0.0392
ON-20261002T15520735949,ON,2026-10-02,2026-10-02T12:27:09.346816-04:00,84.04,1.0093
EPAM-20261002T16001708527,EPAM,2026-10-02,2026-10-02T12:27:09.346816-04:00,109.5218,0.0714
KLAC-20261002T16034162944,KLAC,2026-10-02,2026-10-02T12:27:09.346816-04:00,206.93,0.4666
XENE-20261002T16132391611,XENE,2026-10-02,2026-10-02T12:27:09.346816-04:00,37.71,0.2645
TTAN-20261002T16193111924,TTAN,2026-10-02,2026-10-02T12:27:09.346816-04:00,67.2473,0.0783
OKTA-20261002T16223460018,OKTA,2026-10-02,2026-10-02T12:27:09.346816-04:00,213.8392,-0.1269
COHR-20261002T16235588795,COHR,2026-10-02,2026-10-02T12:27:09.346816-04:00,334.705,0.1209
S-20261002T16245691947,S,2026-10-02,2026-10-02T12:27:09.346816-04:00,25.2775,-0.0297
ON-20261002T15520735949,ON,2026-10-02,2026-10-02T12:27:19.739224-04:00,84.0879,0.6681
EPAM-20261002T16001708527,EPAM,2026-10-02,2026-10-02T12:27:19.739224-04:00,109.44,0.146
KLAC-20261002T16034162944,KLAC,2026-10-02,2026-10-02T12:27:19.739224-04:00,206.97,0.4473
XENE-20261002T16132391611,XENE,2026-10-02,2026-10-02T12:27:19.739224-04:00,37.69,0.3174
TTAN-20261002T16193111924,TTAN,2026-10-02,2026-10-02T12:27:19.739224-04:00,67.18,0.1783
OKTA-20261002T16223460018,OKTA,2026-10-02,2026-10-02T12:27:19.739224-04:00,213.75,-0.0852
COHR-20261002T16235588795,COHR,2026-10-02,2026-10-02T12:27:19.739224-04:00,334.9142,0.0584
S-20261002T16245691947,S,2026-10-02,2026-10-02T12:27:19.739224-04:00,25.275,-0.0198
ON-20261002T15520735949,ON,2026-10-02,2026-10-02T12:27:29.966112-04:00,84.055,0.707
EPAM-20261002T16001708527,EPAM,2026-10-02,2026-10-02T12:27:29.966112-04:00,109.435,0.1505
KLAC-20261002T16034162944,KLAC,2026-10-02,2026-10-02T12:27:29.966112-04:00,206.97,0.4473
XENE-20261002T16132391611,XENE,2026-10-02,2026-10-02T12:27:29.966112-04:00,37.71,0.2645
TTAN-20261002T16193111924,TTAN,2026-10-02,2026-10-02T12:27:29.966112-04:00,67.19,0.1634
OKTA-20261002T16223460018,OKTA,2026-10-02,2026-10-02T12:27:29.966112-04:00,213.7,-0.0617
COHR-20261002T16235588795,COHR,2026-10-02,2026-10-02T12:27:29.966112-04:00,335.2307,-0.036
S-20261002T16245691947,S,2026-10-02,2026-10-02T12:27:29.966112-04:00,25.28,-0.0396
WING-20261002T16270973481,WING,2026-10-02,2026-10-02T12:27:29.966112-04:00,106.578,-0.271
ON-20261002T15520735949,ON,2026-10-02,2026-10-02T12:27:40.138047-04:00,84.08,0.6775
EPAM-20261002T16001708527,EPAM,2026-10-02,2026-10-02T12:27:40.138047-04:00,109.5309,0.063
KLAC-20261002T16034162944,KLAC,2026-10-02,2026-10-02T12:27:40.138047-04:00,207.07,0.3992
XENE-20261002T16132391611,XENE,2026-10-02,2026-10-02T12:27:40.138047-04:00,37.7329,0.2039
TTAN-20261002T16193111924,TTAN,2026-10-02,2026-10-02T12:27:40.138047-04:00,67.19,0.1634
OKTA-20261002T16223460018,OKTA,2026-10-02,2026-10-02T12:27:40.138047-04:00,213.8332,-0.1241
COHR-20261002T16235588795,COHR,2026-10-02,2026-10-02T12:27:40.138047-04:00,335.2001,-0.0269
S-20261002T16245691947,S,2026-10-02,2026-10-02T12:27:40.138047-04:00,25.28,-0.0396
WING-20261002T16270973481,WING,2026-10-02,2026-10-02T12:27:40.138047-04:00,106.38,-0.0847
ON-20261002T15520735949,ON,2026-10-02,2026-10-02T12:27:50.318888-04:00,84.085,0.6716
EPAM-20261002T16001708527,EPAM,2026-10-02,2026-10-02T12:27:50.318888-04:00,109.345,0.2327
KLAC-20261002T16034162944,KLAC,2026-10-02,2026-10-02T12:27:50.318888-04:00,207.11,0.38
XENE-20261002T16132391611,XENE,2026-10-02,2026-10-02T12:27:50.318888-04:00,37.69,0.3174
TTAN-20261002T16193111924,TTAN,2026-10-02,2026-10-02T12:27:50.318888-04:00,67.1995,0.1493
OKTA-20261002T16223460018,OKTA,2026-10-02,2026-10-02T12:27:50.318888-04:00,213.67,-0.0477
COHR-20261002T16235588795,COHR,2026-10-02,2026-10-02T12:27:50.318888-04:00,334.96,0.0448
S-20261002T16245691947,S,2026-10-02,2026-10-02T12:27:50.318888-04:00,25.3055,-0.1405
WING-20261002T16270973481,WING,2026-10-02,2026-10-02T12:27:50.318888-04:00,106.3811,-0.0857
ON-20261002T15520735949,ON,2026-10-02,2026-10-02T12:28:00.537014-04:00,84.0579,0.7036
EPAM-20261002T16001708527,EPAM,2026-10-02,2026-10-02T12:28:00.537014-04:00,109.2791,0.2928
KLAC-20261002T16034162944,KLAC,2026-10-02,2026-10-02T12:28:00.537014-04:00,207.15,0.3608
XENE-20261002T16132391611,XENE,2026-10-02,2026-10-02T12:28:00.537014-04:00,37.71,0.2645
TTAN-20261002T16193111924,TTAN,2026-10-02,2026-10-02T12:28:00.537014-04:00,67.1798,0.1786
OKTA-20261002T16223460018,OKTA,2026-10-02,2026-10-02T12:28:00.537014-04:00,213.67,-0.0477
COHR-20261002T16235588795,COHR,2026-10-02,2026-10-02T12:28:00.537014-04:00,335.135,-0.0075
S-20261002T16245691947,S,2026-10-02,2026-10-02T12:28:00.537014-04:00,25.285,-0.0594
WING-20261002T16270973481,WING,2026-10-02,2026-10-02T12:28:00.537014-04:00,106.455,-0.1552
ON-20261002T15520735949,ON,2026-10-02,2026-10-02T12:28:10.724304-04:00,84.2,0.5357
EPAM-20261002T16001708527,EPAM,2026-10-02,2026-10-02T12:28:10.724304-04:00,109.345,0.2327
KLAC-20261002T16034162944,KLAC,2026-10-02,2026-10-02T12:28:10.724304-04:00,207.1,0.3848
XENE-20261002T16132391611,XENE,2026-10-02,2026-10-02T12:28:10.724304-04:00,37.7534,0.1497
TTAN-20261002T16193111924,TTAN,2026-10-02,2026-10-02T12:28:10.724304-04:00,67.1798,0.1786
OKTA-20261002T16223460018,OKTA,2026-10-02,2026-10-02T12:28:10.724304-04:00,213.62,-0.0243
COHR-20261002T16235588795,COHR,2026-10-02,2026-10-02T12:28:10.724304-04:00,335.7199,-0.182
S-20261002T16245691947,S,2026-10-02,2026-10-02T12:28:10.724304-04:00,25.3303,-0.2386
WING-20261002T16270973481,WING,2026-10-02,2026-10-02T12:28:10.724304-04:00,106.34,-0.047
ON-20261002T15520735949,ON,2026-10-02,2026-10-02T12:28:20.944869-04:00,84.24,0.4885
EPAM-20261002T16001708527,EPAM,2026-10-02,2026-10-02T12:28:20.944869-04:00,109.5244,0.069
KLAC-20261002T16034162944,KLAC,2026-10-02,2026-10-02T12:28:20.944869-04:00,207.1,0.3848
XENE-20261002T16132391611,XENE,2026-10-02,2026-10-02T12:28:20.944869-04:00,37.7518,0.1539
TTAN-20261002T16193111924,TTAN,2026-10-02,2026-10-02T12:28:20.944869-04:00,67.1666,0.1982
OKTA-20261002T16223460018,OKTA,2026-10-02,2026-10-02T12:28:20.944869-04:00,213.64,-0.0337
COHR-20261002T16235588795,COHR,2026-10-02,2026-10-02T12:28:20.944869-04:00,334.8449,0.0791
S-20261002T16245691947,S,2026-10-02,2026-10-02T12:28:20.944869-04:00,25.275,-0.0198
WING-20261002T16270973481,WING,2026-10-02,2026-10-02T12:28:20.944869-04:00,106.34,-0.047
ON-20261002T15520735949,ON,2026-10-02,2026-10-02T12:28:31.140612-04:00,84.1497,0.5951
EPAM-20261002T16001708527,EPAM,2026-10-02,2026-10-02T12:28:31.140612-04:00,109.3646,0.2148
KLAC-20261002T16034162944,KLAC,2026-10-02,2026-10-02T12:28:31.140612-04:00,207.085,0.392
XENE-20261002T16132391611,XENE,2026-10-02,2026-10-02T12:28:31.140612-04:00,37.7,0.2909
TTAN-20261002T16193111924,TTAN,2026-10-02,2026-10-02T12:28:31.140612-04:00,67.205,0.1412
OKTA-20261002T16223460018,OKTA,2026-10-02,2026-10-02T12:28:31.140612-04:00,213.56,0.0038
COHR-20261002T16235588795,COHR,2026-10-02,2026-10-02T12:28:31.140612-04:00,334.83,0.0836
S-20261002T16245691947,S,2026-10-02,2026-10-02T12:28:31.140612-04:00,25.305,-0.1385
WING-20261002T16270973481,WING,2026-10-02,2026-10-02T12:28:31.140612-04:00,106.34,-0.047
ON-20261002T15520735949,ON,2026-10-02,2026-10-02T12:28:41.331999-04:00,84.205,0.5298
EPAM-20261002T16001708527,EPAM,2026-10-02,2026-10-02T12:28:41.331999-04:00,109.345,0.2327
KLAC-20261002T16034162944,KLAC,2026-10-02,2026-10-02T12:28:41.331999-04:00,207.11,0.38
XENE-20261002T16132391611,XENE,2026-10-02,2026-10-02T12:28:41.331999-04:00,37.8104,-0.0011
TTAN-20261002T16193111924,TTAN,2026-10-02,2026-10-02T12:28:41.331999-04:00,67.2099,0.1339
OKTA-20261002T16223460018,OKTA,2026-10-02,2026-10-02T12:28:41.331999-04:00,213.46,0.0506
COHR-20261002T16235588795,COHR,2026-10-02,2026-10-02T12:28:41.331999-04:00,334.91,0.0597
S-20261002T16245691947,S,2026-10-02,2026-10-02T12:28:41.331999-04:00,25.3077,-0.1492
WING-20261002T16270973481,WING,2026-10-02,2026-10-02T12:28:41.331999-04:00,106.4,-0.1035
ON-20261002T15520735949,ON,2026-10-02,2026-10-02T12:28:51.465176-04:00,84.205,0.5298
EPAM-20261002T16001708527,EPAM,2026-10-02,2026-10-02T12:28:51.465176-04:00,109.43,0.1551
KLAC-20261002T16034162944,KLAC,2026-10-02,2026-10-02T12:28:51.465176-04:00,207.12,0.3752
XENE-20261002T16132391611,XENE,2026-10-02,2026-10-02T12:28:51.465176-04:00,37.7142,0.2534
TTAN-20261002T16193111924,TTAN,2026-10-02,2026-10-02T12:28:51.465176-04:00,67.205,0.1412
OKTA-20261002T16223460018,OKTA,2026-10-02,2026-10-02T12:28:51.465176-04:00,213.4739,0.0441
COHR-20261002T16235588795,COHR,2026-10-02,2026-10-02T12:28:51.465176-04:00,334.9083,0.0602
S-20261002T16245691947,S,2026-10-02,2026-10-02T12:28:51.465176-04:00,25.305,-0.1385
WING-20261002T16270973481,WING,2026-10-02,2026-10-02T12:28:51.465176-04:00,106.51,-0.207
ON-20261002T15520735949,ON,2026-10-02,2026-10-02T12:29:01.641332-04:00,84.26,0.4648
EPAM-20261002T16001708527,EPAM,2026-10-02,2026-10-02T12:29:01.641332-04:00,109.3537,0.2247
KLAC-20261002T16034162944,KLAC,2026-10-02,2026-10-02T12:29:01.641332-04:00,207.09,0.3896
XENE-20261002T16132391611,XENE,2026-10-02,2026-10-02T12:29:01.641332-04:00,37.68,0.3438
TTAN-20261002T16193111924,TTAN,2026-10-02,2026-10-02T12:29:01.641332-04:00,67.205,0.1412
OKTA-20261002T16223460018,OKTA,2026-10-02,2026-10-02T12:29:01.641332-04:00,213.4768,0.0428
COHR-20261002T16235588795,COHR,2026-10-02,2026-10-02T12:29:01.641332-04:00,334.8733,0.0706
S-20261002T16245691947,S,2026-10-02,2026-10-02T12:29:01.641332-04:00,25.307,-0.1464
WING-20261002T16270973481,WING,2026-10-02,2026-10-02T12:29:01.641332-04:00,106.34,-0.047
ON-20261002T15520735949,ON,2026-10-02,2026-10-02T12:29:11.827719-04:00,84.27,0.453
EPAM-20261002T16001708527,EPAM,2026-10-02,2026-10-02T12:29:11.827719-04:00,109.3457,0.232
KLAC-20261002T16034162944,KLAC,2026-10-02,2026-10-02T12:29:11.827719-04:00,207.1,0.3848
XENE-20261002T16132391611,XENE,2026-10-02,2026-10-02T12:29:11.827719-04:00,37.7613,0.1288
TTAN-20261002T16193111924,TTAN,2026-10-02,2026-10-02T12:29:11.827719-04:00,67.206,0.1397
OKTA-20261002T16223460018,OKTA,2026-10-02,2026-10-02T12:29:11.827719-04:00,213.445,0.0577
COHR-20261002T16235588795,COHR,2026-10-02,2026-10-02T12:29:11.827719-04:00,334.815,0.088
S-20261002T16245691947,S,2026-10-02,2026-10-02T12:29:11.827719-04:00,25.31,-0.1583
WING-20261002T16270973481,WING,2026-10-02,2026-10-02T12:29:11.827719-04:00,106.455,-0.1552
ON-20261002T15520735949,ON,2026-10-02,2026-10-02T12:29:21.991625-04:00,84.205,0.5298
EPAM-20261002T16001708527,EPAM,2026-10-02,2026-10-02T12:29:21.991625-04:00,109.34,0.2372
KLAC-20261002T16034162944,KLAC,2026-10-02,2026-10-02T12:29:21.991625-04:00,207.06,0.404
XENE-20261002T16132391611,XENE,2026-10-02,2026-10-02T12:29:21.991625-04:00,37.7,0.2909
TTAN-20261002T16193111924,TTAN,2026-10-02,2026-10-02T12:29:21.991625-04:00,67.105,0.2897
OKTA-20261002T16223460018,OKTA,2026-10-02,2026-10-02T12:29:21.991625-04:00,213.445,0.0577
COHR-20261002T16235588795,COHR,2026-10-02,2026-10-02T12:29:21.991625-04:00,334.655,0.1358
S-20261002T16245691947,S,2026-10-02,2026-10-02T12:29:21.991625-04:00,25.315,-0.1781
WING-20261002T16270973481,WING,2026-10-02,2026-10-02T12:29:21.991625-04:00,106.46,-0.1599
ON-20261002T15520735949,ON,2026-10-02,2026-10-02T12:29:32.223565-04:00,84.21,0.5239
EPAM-20261002T16001708527,EPAM,2026-10-02,2026-10-02T12:29:32.223565-04:00,109.26,0.3102
KLAC-20261002T16034162944,KLAC,2026-10-02,2026-10-02T12:29:32.223565-04:00,207.04,0.4137
XENE-20261002T16132391611,XENE,2026-10-02,2026-10-02T12:29:32.223565-04:00,37.7139,0.2542
TTAN-20261002T16193111924,TTAN,2026-10-02,2026-10-02T12:29:32.223565-04:00,67.205,0.1412
OKTA-20261002T16223460018,OKTA,2026-10-02,2026-10-02T12:29:32.223565-04:00,213.6728,-0.049
COHR-20261002T16235588795,COHR,2026-10-02,2026-10-02T12:29:32.223565-04:00,334.8249,0.0851
S-20261002T16245691947,S,2026-10-02,2026-10-02T12:29:32.223565-04:00,25.315,-0.1781
WING-20261002T16270973481,WING,2026-10-02,2026-10-02T12:29:32.223565-04:00,106.33,-0.0376
ON-20261002T15520735949,ON,2026-10-02,2026-10-02T12:29:42.388517-04:00,84.13,0.6184
EPAM-20261002T16001708527,EPAM,2026-10-02,2026-10-02T12:29:42.388517-04:00,109.2767,0.295
KLAC-20261002T16034162944,KLAC,2026-10-02,2026-10-02T12:29:42.388517-04:00,206.945,0.4594
XENE-20261002T16132391611,XENE,2026-10-02,2026-10-02T12:29:42.388517-04:00,37.7811,0.0764
TTAN-20261002T16193111924,TTAN,2026-10-02,2026-10-02T12:29:42.388517-04:00,67.205,0.1412
OKTA-20261002T16223460018,OKTA,2026-10-02,2026-10-02T12:29:42.388517-04:00,213.445,0.0577
COHR-20261002T16235588795,COHR,2026-10-02,2026-10-02T12:29:42.388517-04:00,334.34,0.2298
S-20261002T16245691947,S,2026-10-02,2026-10-02T12:29:42.388517-04:00,25.31,-0.1583
WING-20261002T16270973481,WING,2026-10-02,2026-10-02T12:29:42.388517-04:00,106.455,-0.1552
ON-20261002T15520735949,ON,2026-10-02,2026-10-02T12:29:52.533841-04:00,84.0713,0.6878
EPAM-20261002T16001708527,EPAM,2026-10-02,2026-10-02T12:29:52.533841-04:00,109.4928,0.0978
KLAC-20261002T16034162944,KLAC,2026-10-02,2026-10-02T12:29:52.533841-04:00,206.9701,0.4473
XENE-20261002T16132391611,XENE,2026-10-02,2026-10-02T12:29:52.533841-04:00,37.68,0.3438
TTAN-20261002T16193111924,TTAN,2026-10-02,2026-10-02T12:29:52.533841-04:00,67.205,0.1412
OKTA-20261002T16223460018,OKTA,2026-10-02,2026-10-02T12:29:52.533841-04:00,213.6627,-0.0443
COHR-20261002T16235588795,COHR,2026-10-02,2026-10-02T12:29:52.533841-04:00,334.51,0.179
S-20261002T16245691947,S,2026-10-02,2026-10-02T12:29:52.533841-04:00,25.3,-0.1187
WING-20261002T16270973481,WING,2026-10-02,2026-10-02T12:29:52.533841-04:00,106.3529,-0.0592
ON-20261002T15520735949,ON,2026-10-02,2026-10-02T12:30:02.750843-04:00,84.13,0.6184
EPAM-20261002T16001708527,EPAM,2026-10-02,2026-10-02T12:30:02.750843-04:00,109.2,0.365
KLAC-20261002T16034162944,KLAC,2026-10-02,2026-10-02T12:30:02.750843-04:00,206.98,0.4425
XENE-20261002T16132391611,XENE,2026-10-02,2026-10-02T12:30:02.750843-04:00,37.69,0.3174
TTAN-20261002T16193111924,TTAN,2026-10-02,2026-10-02T12:30:02.750843-04:00,67.11,0.2823
OKTA-20261002T16223460018,OKTA,2026-10-02,2026-10-02T12:30:02.750843-04:00,213.73,-0.0758
COHR-20261002T16235588795,COHR,2026-10-02,2026-10-02T12:30:02.750843-04:00,334.5,0.182
S-20261002T16245691947,S,2026-10-02,2026-10-02T12:30:02.750843-04:00,25.305,-0.1385
WING-20261002T16270973481,WING,2026-10-02,2026-10-02T12:30:02.750843-04:00,106.4425,-0.1435
ON-20261002T15520735949,ON,2026-10-02,2026-10-02T12:30:13.254945-04:00,84.13,0.6184
EPAM-20261002T16001708527,EPAM,2026-10-02,2026-10-02T12:30:13.254945-04:00,109.4906,0.0998
KLAC-20261002T16034162944,KLAC,2026-10-02,2026-10-02T12:30:13.254945-04:00,207.0013,0.4323
XENE-20261002T16132391611,XENE,2026-10-02,2026-10-02T12:30:13.254945-04:00,37.699,0.2936
TTAN-20261002T16193111924,TTAN,2026-10-02,2026-10-02T12:30:13.254945-04:00,67.33,-0.0446
OKTA-20261002T16223460018,OKTA,2026-10-02,2026-10-02T12:30:13.254945-04:00,213.74,-0.0805
COHR-20261002T16235588795,COHR,2026-10-02,2026-10-02T12:30:13.254945-04:00,334.595,0.1537
S-20261002T16245691947,S,2026-10-02,2026-10-02T12:30:13.254945-04:00,25.3143,-0.1753
WING-20261002T16270973481,WING,2026-10-02,2026-10-02T12:30:13.254945-04:00,106.4313,-0.1329
ON-20261002T15520735949,ON,2026-10-02,2026-10-02T12:30:23.485882-04:00,84.23,0.5003
EPAM-20261002T16001708527,EPAM,2026-10-02,2026-10-02T12:30:23.485882-04:00,109.2,0.365
KLAC-20261002T16034162944,KLAC,2026-10-02,2026-10-02T12:30:23.485882-04:00,206.93,0.4666
XENE-20261002T16132391611,XENE,2026-10-02,2026-10-02T12:30:23.485882-04:00,37.69,0.3174
TTAN-20261002T16193111924,TTAN,2026-10-02,2026-10-02T12:30:23.485882-04:00,67.205,0.1412
OKTA-20261002T16223460018,OKTA,2026-10-02,2026-10-02T12:30:23.485882-04:00,213.653,-0.0397
COHR-20261002T16235588795,COHR,2026-10-02,2026-10-02T12:30:23.485882-04:00,334.43,0.2029
S-20261002T16245691947,S,2026-10-02,2026-10-02T12:30:23.485882-04:00,25.325,-0.2176
WING-20261002T16270973481,WING,2026-10-02,2026-10-02T12:30:23.485882-04:00,106.39,-0.0941
ON-20261002T15520735949,ON,2026-10-02,2026-10-02T12:30:33.797896-04:00,84.18,0.5593
EPAM-20261002T16001708527,EPAM,2026-10-02,2026-10-02T12:30:33.797896-04:00,109.4673,0.1211
KLAC-20261002T16034162944,KLAC,2026-10-02,2026-10-02T12:30:33.797896-04:00,206.94,0.4618
XENE-20261002T16132391611,XENE,2026-10-02,2026-10-02T12:30:33.797896-04:00,37.6923,0.3113
TTAN-20261002T16193111924,TTAN,2026-10-02,2026-10-02T12:30:33.797896-04:00,67.2487,0.0762
OKTA-20261002T16223460018,OKTA,2026-10-02,2026-10-02T12:30:33.797896-04:00,213.78,-0.0992
COHR-20261002T16235588795,COHR,2026-10-02,2026-10-02T12:30:33.797896-04:00,334.3029,0.2408
S-20261002T16245691947,S,2026-10-02,2026-10-02T12:30:33.797896-04:00,25.315,-0.1781
WING-20261002T16270973481,WING,2026-10-02,2026-10-02T12:30:33.797896-04:00,106.46,-0.1599
ON-20261002T15520735949,ON,2026-10-02,2026-10-02T12:30:44.049039-04:00,84.0789,0.6788
EPAM-20261002T16001708527,EPAM,2026-10-02,2026-10-02T12:30:44.049039-04:00,109.21,0.3558
KLAC-20261002T16034162944,KLAC,2026-10-02,2026-10-02T12:30:44.049039-04:00,206.99,0.4377
XENE-20261002T16132391611,XENE,2026-10-02,2026-10-02T12:30:44.049039-04:00,37.7093,0.2663
TTAN-20261002T16193111924,TTAN,2026-10-02,2026-10-02T12:30:44.049039-04:00,67.2022,0.1453
OKTA-20261002T16223460018,OKTA,2026-10-02,2026-10-02T12:30:44.049039-04:00,213.657,-0.0416
COHR-20261002T16235588795,COHR,2026-10-02,2026-10-02T12:30:44.049039-04:00,334.355,0.2253
S-20261002T16245691947,S,2026-10-02,2026-10-02T12:30:44.049039-04:00,25.315,-0.1781
WING-20261002T16270973481,WING,2026-10-02,2026-10-02T12:30:44.049039-04:00,106.38,-0.0847
ON-20261002T15520735949,ON,2026-10-02,2026-10-02T12:30:54.240614-04:00,84.25,0.4767
EPAM-20261002T16001708527,EPAM,2026-10-02,2026-10-02T12:30:54.240614-04:00,109.3897,0.1919
KLAC-20261002T16034162944,KLAC,2026-10-02,2026-10-02T12:30:54.240614-04:00,206.9952,0.4352
XENE-20261002T16132391611,XENE,2026-10-02,2026-10-02T12:30:54.240614-04:00,37.7125,0.2579
TTAN-20261002T16193111924,TTAN,2026-10-02,2026-10-02T12:30:54.240614-04:00,67.2501,0.0741
OKTA-20261002T16223460018,OKTA,2026-10-02,2026-10-02T12:30:54.240614-04:00,213.735,-0.0781
COHR-20261002T16235588795,COHR,2026-10-02,2026-10-02T12:30:54.240614-04:00,334.3057,0.24
S-20261002T16245691947,S,2026-10-02,2026-10-02T12:30:54.240614-04:00,25.315,-0.1781
WING-20261002T16270973481,WING,2026-10-02,2026-10-02T12:30:54.240614-04:00,106.62,-0.3105
ON-20261002T15520735949,ON,2026-10-02,2026-10-02T12:31:04.400318-04:00,84.2251,0.5061
EPAM-20261002T16001708527,EPAM,2026-10-02,2026-10-02T12:31:04.400318-04:00,109.1999,0.3651
KLAC-20261002T16034162944,KLAC,2026-10-02,2026-10-02T12:31:04.400318-04:00,207.025,0.4209
XENE-20261002T16132391611,XENE,2026-10-02,2026-10-02T12:31:04.400318-04:00,37.71,0.2645
TTAN-20261002T16193111924,TTAN,2026-10-02,2026-10-02T12:31:04.400318-04:00,67.205,0.1412
OKTA-20261002T16223460018,OKTA,2026-10-02,2026-10-02T12:31:04.400318-04:00,213.6572,-0.0417
COHR-20261002T16235588795,COHR,2026-10-02,2026-10-02T12:31:04.400318-04:00,334.7,0.1223
S-20261002T16245691947,S,2026-10-02,2026-10-02T12:31:04.400318-04:00,25.3196,-0.1963
WING-20261002T16270973481,WING,2026-10-02,2026-10-02T12:31:04.400318-04:00,106.56,-0.254
ON-20261002T15520735949,ON,2026-10-02,2026-10-02T12:31:14.574880-04:00,84.35,0.3585
EPAM-20261002T16001708527,EPAM,2026-10-02,2026-10-02T12:31:14.574880-04:00,109.2439,0.3249
KLAC-20261002T16034162944,KLAC,2026-10-02,2026-10-02T12:31:14.574880-04:00,207.12,0.3752
XENE-20261002T16132391611,XENE,2026-10-02,2026-10-02T12:31:14.574880-04:00,37.71,0.2645
TTAN-20261002T16193111924,TTAN,2026-10-02,2026-10-02T12:31:14.574880-04:00,67.205,0.1412
OKTA-20261002T16223460018,OKTA,2026-10-02,2026-10-02T12:31:14.574880-04:00,213.73,-0.0758
COHR-20261002T16235588795,COHR,2026-10-02,2026-10-02T12:31:14.574880-04:00,334.81,0.0895
S-20261002T16245691947,S,2026-10-02,2026-10-02T12:31:14.574880-04:00,25.3111,-0.1626
WING-20261002T16270973481,WING,2026-10-02,2026-10-02T12:31:14.574880-04:00,106.5666,-0.2602
ON-20261002T15520735949,ON,2026-10-02,2026-10-02T12:31:24.737045-04:00,84.33,0.3822
EPAM-20261002T16001708527,EPAM,2026-10-02,2026-10-02T12:31:24.737045-04:00,109.2709,0.3003
KLAC-20261002T16034162944,KLAC,2026-10-02,2026-10-02T12:31:24.737045-04:00,207.19,0.3415
XENE-20261002T16132391611,XENE,2026-10-02,2026-10-02T12:31:24.737045-04:00,37.73,0.2116
TTAN-20261002T16193111924,TTAN,2026-10-02,2026-10-02T12:31:24.737045-04:00,67.201,0.1471
OKTA-20261002T16223460018,OKTA,2026-10-02,2026-10-02T12:31:24.737045-04:00,213.6,-0.0149
COHR-20261002T16235588795,COHR,2026-10-02,2026-10-02T12:31:24.737045-04:00,334.8436,0.0795
S-20261002T16245691947,S,2026-10-02,2026-10-02T12:31:24.737045-04:00,25.325,-0.2176
WING-20261002T16270973481,WING,2026-10-02,2026-10-02T12:31:24.737045-04:00,106.5,-0.1976
ON-20261002T15520735949,ON,2026-10-02,2026-10-02T12:31:34.914777-04:00,84.34,0.3703
EPAM-20261002T16001708527,EPAM,2026-10-02,2026-10-02T12:31:34.914777-04:00,109.3466,0.2312
KLAC-20261002T16034162944,KLAC,2026-10-02,2026-10-02T12:31:34.914777-04:00,207.08,0.3944
XENE-20261002T16132391611,XENE,2026-10-02,2026-10-02T12:31:34.914777-04:00,37.7533,0.15
TTAN-20261002T16193111924,TTAN,2026-10-02,2026-10-02T12:31:34.914777-04:00,67.21,0.1337
OKTA-20261002T16223460018,OKTA,2026-10-02,2026-10-02T12:31:34.914777-04:00,213.75,-0.0852
COHR-20261002T16235588795,COHR,2026-10-02,2026-10-02T12:31:34.914777-04:00,334.69,0.1253
S-20261002T16245691947,S,2026-10-02,2026-10-02T12:31:34.914777-04:00,25.32,-0.1979
WING-20261002T16270973481,WING,2026-10-02,2026-10-02T12:31:34.914777-04:00,106.49,-0.1882
ON-20261002T15520735949,ON,2026-10-02,2026-10-02T12:31:45.183863-04:00,84.09,0.6657
EPAM-20261002T16001708527,EPAM,2026-10-02,2026-10-02T12:31:45.183863-04:00,109.36,0.219
KLAC-20261002T16034162944,KLAC,2026-10-02,2026-10-02T12:31:45.183863-04:00,207.07,0.3992
XENE-20261002T16132391611,XENE,2026-10-02,2026-10-02T12:31:45.183863-04:00,37.7251,0.2245
TTAN-20261002T16193111924,TTAN,2026-10-02,2026-10-02T12:31:45.183863-04:00,67.205,0.1412
OKTA-20261002T16223460018,OKTA,2026-10-02,2026-10-02T12:31:45.183863-04:00,213.5817,-0.0064
COHR-20261002T16235588795,COHR,2026-10-02,2026-10-02T12:31:45.183863-04:00,334.43,0.2029
S-20261002T16245691947,S,2026-10-02,2026-10-02T12:31:45.183863-04:00,25.315,-0.1781
WING-20261002T16270973481,WING,2026-10-02,2026-10-02T12:31:45.183863-04:00,106.5663,-0.2599
ON-20261002T15520735949,ON,2026-10-02,2026-10-02T12:31:55.375816-04:00,84.365,0.3408
EPAM-20261002T16001708527,EPAM,2026-10-02,2026-10-02T12:31:55.375816-04:00,109.345,0.2327
KLAC-20261002T16034162944,KLAC,2026-10-02,2026-10-02T12:31:55.375816-04:00,207.1,0.3848
XENE-20261002T16132391611,XENE,2026-10-02,2026-10-02T12:31:55.375816-04:00,37.74,0.1851
TTAN-20261002T16193111924,TTAN,2026-10-02,2026-10-02T12:31:55.375816-04:00,67.21,0.1337
OKTA-20261002T16223460018,OKTA,2026-10-02,2026-10-02T12:31:55.375816-04:00,213.6,-0.0149
COHR-20261002T16235588795,COHR,2026-10-02,2026-10-02T12:31:55.375816-04:00,334.7,0.1223
S-20261002T16245691947,S,2026-10-02,2026-10-02T12:31:55.375816-04:00,25.315,-0.1781
WING-20261002T16270973481,WING,2026-10-02,2026-10-02T12:31:55.375816-04:00,106.5236,-0.2198
ON-20261002T15520735949,ON,2026-10-02,2026-10-02T12:32:05.509817-04:00,84.345,0.3644
EPAM-20261002T16001708527,EPAM,2026-10-02,2026-10-02T12:32:05.509817-04:00,109.2987,0.2749
KLAC-20261002T16034162944,KLAC,2026-10-02,2026-10-02T12:32:05.509817-04:00,207.0174,0.4245
XENE-20261002T16132391611,XENE,2026-10-02,2026-10-02T12:32:05.509817-04:00,37.753,0.1508
TTAN-20261002T16193111924,TTAN,2026-10-02,2026-10-02T12:32:05.509817-04:00,67.2355,0.0958
OKTA-20261002T16223460018,OKTA,2026-10-02,2026-10-02T12:32:05.509817-04:00,213.6,-0.0149
COHR-20261002T16235588795,COHR,2026-10-02,2026-10-02T12:32:05.509817-04:00,334.7309,0.1131
S-20261002T16245691947,S,2026-10-02,2026-10-02T12:32:05.509817-04:00,25.325,-0.2176
WING-20261002T16270973481,WING,2026-10-02,2026-10-02T12:32:05.509817-04:00,106.4927,-0.1907
ON-20261002T15520735949,ON,2026-10-02,2026-10-02T12:32:15.698764-04:00,84.29,0.4294
EPAM-20261002T16001708527,EPAM,2026-10-02,2026-10-02T12:32:15.698764-04:00,109.42,0.1642
KLAC-20261002T16034162944,KLAC,2026-10-02,2026-10-02T12:32:15.698764-04:00,207.0659,0.4012
XENE-20261002T16132391611,XENE,2026-10-02,2026-10-02T12:32:15.698764-04:00,37.7267,0.2203
TTAN-20261002T16193111924,TTAN,2026-10-02,2026-10-02T12:32:15.698764-04:00,67.21,0.1337
OKTA-20261002T16223460018,OKTA,2026-10-02,2026-10-02T12:32:15.698764-04:00,213.6,-0.0149
COHR-20261002T16235588795,COHR,2026-10-02,2026-10-02T12:32:15.698764-04:00,334.31,0.2387
S-20261002T16245691947,S,2026-10-02,2026-10-02T12:32:15.698764-04:00,25.3047,-0.1373
WING-20261002T16270973481,WING,2026-10-02,2026-10-02T12:32:15.698764-04:00,106.36,-0.0659
ON-20261002T15520735949,ON,2026-10-02,2026-10-02T12:32:25.956943-04:00,84.285,0.4353
EPAM-20261002T16001708527,EPAM,2026-10-02,2026-10-02T12:32:25.956943-04:00,109.318,0.2573
KLAC-20261002T16034162944,KLAC,2026-10-02,2026-10-02T12:32:25.956943-04:00,207.0,0.4329
XENE-20261002T16132391611,XENE,2026-10-02,2026-10-02T12:32:25.956943-04:00,37.7,0.2909
TTAN-20261002T16193111924,TTAN,2026-10-02,2026-10-02T12:32:25.956943-04:00,67.22,0.1189
OKTA-20261002T16223460018,OKTA,2026-10-02,2026-10-02T12:32:25.956943-04:00,213.6,-0.0149
COHR-20261002T16235588795,COHR,2026-10-02,2026-10-02T12:32:25.956943-04:00,334.185,0.276
S-20261002T16245691947,S,2026-10-02,2026-10-02T12:32:25.956943-04:00,25.3498,-0.3158
WING-20261002T16270973481,WING,2026-10-02,2026-10-02T12:32:25.956943-04:00,106.4656,-0.1652
ON-20261002T15520735949,ON,2026-10-02,2026-10-02T12:32:36.088880-04:00,84.33,0.3822
EPAM-20261002T16001708527,EPAM,2026-10-02,2026-10-02T12:32:36.088880-04:00,109.35,0.2281
KLAC-20261002T16034162944,KLAC,2026-10-02,2026-10-02T12:32:36.088880-04:00,207.1489,0.3613
XENE-20261002T16132391611,XENE,2026-10-02,2026-10-02T12:32:36.088880-04:00,37.7099,0.2647
TTAN-20261002T16193111924,TTAN,2026-10-02,2026-10-02T12:32:36.088880-04:00,67.2454,0.0811
OKTA-20261002T16223460018,OKTA,2026-10-02,2026-10-02T12:32:36.088880-04:00,213.9,-0.1554
COHR-20261002T16235588795,COHR,2026-10-02,2026-10-02T12:32:36.088880-04:00,334.125,0.2939
S-20261002T16245691947,S,2026-10-02,2026-10-02T12:32:36.088880-04:00,25.307,-0.1464
WING-20261002T16270973481,WING,2026-10-02,2026-10-02T12:32:36.088880-04:00,106.35,-0.0564
ON-20261002T15520735949,ON,2026-10-02,2026-10-02T12:32:46.363952-04:00,84.3204,0.3935
EPAM-20261002T16001708527,EPAM,2026-10-02,2026-10-02T12:32:46.363952-04:00,109.34,0.2372
KLAC-20261002T16034162944,KLAC,2026-10-02,2026-10-02T12:32:46.363952-04:00,206.935,0.4642
XENE-20261002T16132391611,XENE,2026-10-02,2026-10-02T12:32:46.363952-04:00,37.7469,0.1669
TTAN-20261002T16193111924,TTAN,2026-10-02,2026-10-02T12:32:46.363952-04:00,67.2376,0.0927
OKTA-20261002T16223460018,OKTA,2026-10-02,2026-10-02T12:32:46.363952-04:00,213.7045,-0.0639
COHR-20261002T16235588795,COHR,2026-10-02,2026-10-02T12:32:46.363952-04:00,334.5078,0.1797
S-20261002T16245691947,S,2026-10-02,2026-10-02T12:32:46.363952-04:00,25.35,-0.3166
WING-20261002T16270973481,WING,2026-10-02,2026-10-02T12:32:46.363952-04:00,106.4327,-0.1343
ON-20261002T15520735949,ON,2026-10-02,2026-10-02T12:32:56.552787-04:00,84.325,0.3881
EPAM-20261002T16001708527,EPAM,2026-10-02,2026-10-02T12:32:56.552787-04:00,109.3993,0.1831
KLAC-20261002T16034162944,KLAC,2026-10-02,2026-10-02T12:32:56.552787-04:00,207.0838,0.3926
XENE-20261002T16132391611,XENE,2026-10-02,2026-10-02T12:32:56.552787-04:00,37.7415,0.1812
TTAN-20261002T16193111924,TTAN,2026-10-02,2026-10-02T12:32:56.552787-04:00,67.34,-0.0594
OKTA-20261002T16223460018,OKTA,2026-10-02,2026-10-02T12:32:56.552787-04:00,213.8485,-0.1313
COHR-20261002T16235588795,COHR,2026-10-02,2026-10-02T12:32:56.552787-04:00,334.0632,0.3124
S-20261002T16245691947,S,2026-10-02,2026-10-02T12:32:56.552787-04:00,25.355,-0.3364
WING-20261002T16270973481,WING,2026-10-02,2026-10-02T12:32:56.552787-04:00,106.525,-0.2211
ON-20261002T15520735949,ON,2026-10-02,2026-10-02T12:33:06.703462-04:00,84.325,0.3881
EPAM-20261002T16001708527,EPAM,2026-10-02,2026-10-02T12:33:06.703462-04:00,109.48,0.1095
KLAC-20261002T16034162944,KLAC,2026-10-02,2026-10-02T12:33:06.703462-04:00,207.0,0.4329
XENE-20261002T16132391611,XENE,2026-10-02,2026-10-02T12:33:06.703462-04:00,37.7414,0.1814
TTAN-20261002T16193111924,TTAN,2026-10-02,2026-10-02T12:33:06.703462-04:00,67.35,-0.0743
OKTA-20261002T16223460018,OKTA,2026-10-02,2026-10-02T12:33:06.703462-04:00,213.91,-0.1601
COHR-20261002T16235588795,COHR,2026-10-02,2026-10-02T12:33:06.703462-04:00,334.155,0.285
S-20261002T16245691947,S,2026-10-02,2026-10-02T12:33:06.703462-04:00,25.365,-0.3759
WING-20261002T16270973481,WING,2026-10-02,2026-10-02T12:33:06.703462-04:00,106.41,-0.1129
ON-20261002T15520735949,ON,2026-10-02,2026-10-02T12:33:17.021931-04:00,84.315,0.3999
EPAM-20261002T16001708527,EPAM,2026-10-02,2026-10-02T12:33:17.021931-04:00,109.64,-0.0365
KLAC-20261002T16034162944,KLAC,2026-10-02,2026-10-02T12:33:17.021931-04:00,206.97,0.4473
XENE-20261002T16132391611,XENE,2026-10-02,2026-10-02T12:33:17.021931-04:00,37.7132,0.256
TTAN-20261002T16193111924,TTAN,2026-10-02,2026-10-02T12:33:17.021931-04:00,67.3444,-0.066
OKTA-20261002T16223460018,OKTA,2026-10-02,2026-10-02T12:33:17.021931-04:00,213.74,-0.0805
COHR-20261002T16235588795,COHR,2026-10-02,2026-10-02T12:33:17.021931-04:00,334.1941,0.2733
WING-20261002T16270973481,WING,2026-10-02,2026-10-02T12:33:17.021931-04:00,106.5201,-0.2165
ON-20261002T15520735949,ON,2026-10-02,2026-10-02T12:33:27.153730-04:00,84.325,0.3881
EPAM-20261002T16001708527,EPAM,2026-10-02,2026-10-02T12:33:27.153730-04:00,109.5172,0.0755
KLAC-20261002T16034162944,KLAC,2026-10-02,2026-10-02T12:33:27.153730-04:00,206.9,0.481
XENE-20261002T16132391611,XENE,2026-10-02,2026-10-02T12:33:27.153730-04:00,37.7124,0.2581
TTAN-20261002T16193111924,TTAN,2026-10-02,2026-10-02T12:33:27.153730-04:00,67.3444,-0.066
OKTA-20261002T16223460018,OKTA,2026-10-02,2026-10-02T12:33:27.153730-04:00,213.74,-0.0805
COHR-20261002T16235588795,COHR,2026-10-02,2026-10-02T12:33:27.153730-04:00,334.13,0.2924
WING-20261002T16270973481,WING,2026-10-02,2026-10-02T12:33:27.153730-04:00,106.5397,-0.2349
ON-20261002T15520735949,ON,2026-10-02,2026-10-02T12:33:37.283460-04:00,84.345,0.3644
EPAM-20261002T16001708527,EPAM,2026-10-02,2026-10-02T12:33:37.283460-04:00,109.5392,0.0555
KLAC-20261002T16034162944,KLAC,2026-10-02,2026-10-02T12:33:37.283460-04:00,206.87,0.4954
XENE-20261002T16132391611,XENE,2026-10-02,2026-10-02T12:33:37.283460-04:00,37.675,0.357
TTAN-20261002T16193111924,TTAN,2026-10-02,2026-10-02T12:33:37.283460-04:00,67.35,-0.0743
OKTA-20261002T16223460018,OKTA,2026-10-02,2026-10-02T12:33:37.283460-04:00,213.6118,-0.0205
COHR-20261002T16235588795,COHR,2026-10-02,2026-10-02T12:33:37.283460-04:00,334.155,0.285
WING-20261002T16270973481,WING,2026-10-02,2026-10-02T12:33:37.283460-04:00,106.49,-0.1882
ON-20261002T15520735949,ON,2026-10-02,2026-10-02T12:33:47.460567-04:00,84.345,0.3644
EPAM-20261002T16001708527,EPAM,2026-10-02,2026-10-02T12:33:47.460567-04:00,109.48,0.1095
KLAC-20261002T16034162944,KLAC,2026-10-02,2026-10-02T12:33:47.460567-04:00,206.92,0.4714
XENE-20261002T16132391611,XENE,2026-10-02,2026-10-02T12:33:47.460567-04:00,37.7396,0.1862
TTAN-20261002T16193111924,TTAN,2026-10-02,2026-10-02T12:33:47.460567-04:00,67.3601,-0.0893
OKTA-20261002T16223460018,OKTA,2026-10-02,2026-10-02T12:33:47.460567-04:00,213.618,-0.0234
COHR-20261002T16235588795,COHR,2026-10-02,2026-10-02T12:33:47.460567-04:00,334.135,0.2909
WING-20261002T16270973481,WING,2026-10-02,2026-10-02T12:33:47.460567-04:00,106.4959,-0.1937
ON-20261002T15520735949,ON,2026-10-02,2026-10-02T12:33:57.601863-04:00,84.306,0.4105
EPAM-20261002T16001708527,EPAM,2026-10-02,2026-10-02T12:33:57.601863-04:00,109.4998,0.0914
KLAC-20261002T16034162944,KLAC,2026-10-02,2026-10-02T12:33:57.601863-04:00,206.885,0.4882
XENE-20261002T16132391611,XENE,2026-10-02,2026-10-02T12:33:57.601863-04:00,37.7396,0.1862
TTAN-20261002T16193111924,TTAN,2026-10-02,2026-10-02T12:33:57.601863-04:00,67.35,-0.0743
OKTA-20261002T16223460018,OKTA,2026-10-02,2026-10-02T12:33:57.601863-04:00,213.84,-0.1273
COHR-20261002T16235588795,COHR,2026-10-02,2026-10-02T12:33:57.601863-04:00,334.135,0.2909
WING-20261002T16270973481,WING,2026-10-02,2026-10-02T12:33:57.601863-04:00,106.3821,-0.0866
ON-20261002T15520735949,ON,2026-10-02,2026-10-02T12:34:07.789838-04:00,84.1127,0.6389
EPAM-20261002T16001708527,EPAM,2026-10-02,2026-10-02T12:34:07.789838-04:00,109.475,0.1141
KLAC-20261002T16034162944,KLAC,2026-10-02,2026-10-02T12:34:07.789838-04:00,206.89,0.4858
XENE-20261002T16132391611,XENE,2026-10-02,2026-10-02T12:34:07.789838-04:00,37.675,0.357
TTAN-20261002T16193111924,TTAN,2026-10-02,2026-10-02T12:34:07.789838-04:00,67.3603,-0.0896
OKTA-20261002T16223460018,OKTA,2026-10-02,2026-10-02T12:34:07.789838-04:00,213.72,-0.0711
COHR-20261002T16235588795,COHR,2026-10-02,2026-10-02T12:34:07.789838-04:00,334.4261,0.2041
WING-20261002T16270973481,WING,2026-10-02,2026-10-02T12:34:07.789838-04:00,106.37,-0.0753
ON-20261002T15520735949,ON,2026-10-02,2026-10-02T12:34:17.912786-04:00,84.23,0.5003
EPAM-20261002T16001708527,EPAM,2026-10-02,2026-10-02T12:34:17.912786-04:00,109.43,0.1551
KLAC-20261002T16034162944,KLAC,2026-10-02,2026-10-02T12:34:17.912786-04:00,206.9849,0.4402
XENE-20261002T16132391611,XENE,2026-10-02,2026-10-02T12:34:17.912786-04:00,37.6747,0.3578
TTAN-20261002T16193111924,TTAN,2026-10-02,2026-10-02T12:34:17.912786-04:00,67.45,-0.2229
OKTA-20261002T16223460018,OKTA,2026-10-02,2026-10-02T12:34:17.912786-04:00,213.72,-0.0711
COHR-20261002T16235588795,COHR,2026-10-02,2026-10-02T12:34:17.912786-04:00,334.1501,0.2864
WING-20261002T16270973481,WING,2026-10-02,2026-10-02T12:34:17.912786-04:00,106.135,0.1458
ON-20261002T15520735949,ON,2026-10-02,2026-10-02T12:34:28.112221-04:00,84.25,0.4767
EPAM-20261002T16001708527,EPAM,2026-10-02,2026-10-02T12:34:28.112221-04:00,109.4418,0.1443
KLAC-20261002T16034162944,KLAC,2026-10-02,2026-10-02T12:34:28.112221-04:00,206.9001,0.481
XENE-20261002T16132391611,XENE,2026-10-02,2026-10-02T12:34:28.112221-04:00,37.68,0.3438
TTAN-20261002T16193111924,TTAN,2026-10-02,2026-10-02T12:34:28.112221-04:00,67.35,-0.0743
OKTA-20261002T16223460018,OKTA,2026-10-02,2026-10-02T12:34:28.112221-04:00,213.6989,-0.0612
COHR-20261002T16235588795,COHR,2026-10-02,2026-10-02T12:34:28.112221-04:00,334.2203,0.2655
WING-20261002T16270973481,WING,2026-10-02,2026-10-02T12:34:28.112221-04:00,106.14,0.1411
ON-20261002T15520735949,ON,2026-10-02,2026-10-02T12:34:38.279513-04:00,84.2772,0.4445
EPAM-20261002T16001708527,EPAM,2026-10-02,2026-10-02T12:34:38.279513-04:00,109.4749,0.1141
KLAC-20261002T16034162944,KLAC,2026-10-02,2026-10-02T12:34:38.279513-04:00,206.93,0.4666
XENE-20261002T16132391611,XENE,2026-10-02,2026-10-02T12:34:38.279513-04:00,37.685,0.3306
TTAN-20261002T16193111924,TTAN,2026-10-02,2026-10-02T12:34:38.279513-04:00,67.35,-0.0743
OKTA-20261002T16223460018,OKTA,2026-10-02,2026-10-02T12:34:38.279513-04:00,213.72,-0.0711
COHR-20261002T16235588795,COHR,2026-10-02,2026-10-02T12:34:38.279513-04:00,334.2708,0.2504
WING-20261002T16270973481,WING,2026-10-02,2026-10-02T12:34:38.279513-04:00,106.14,0.1411
ON-20261002T15520735949,ON,2026-10-02,2026-10-02T12:34:48.526979-04:00,84.21,0.5239
EPAM-20261002T16001708527,EPAM,2026-10-02,2026-10-02T12:34:48.526979-04:00,109.4355,0.1501
KLAC-20261002T16034162944,KLAC,2026-10-02,2026-10-02T12:34:48.526979-04:00,206.9356,0.4639
XENE-20261002T16132391611,XENE,2026-10-02,2026-10-02T12:34:48.526979-04:00,37.6887,0.3208
TTAN-20261002T16193111924,TTAN,2026-10-02,2026-10-02T12:34:48.526979-04:00,67.3522,-0.0776
OKTA-20261002T16223460018,OKTA,2026-10-02,2026-10-02T12:34:48.526979-04:00,213.6845,-0.0545
COHR-20261002T16235588795,COHR,2026-10-02,2026-10-02T12:34:48.526979-04:00,334.5,0.182
WING-20261002T16270973481,WING,2026-10-02,2026-10-02T12:34:48.526979-04:00,106.3018,-0.0111
ON-20261002T15520735949,ON,2026-10-02,2026-10-02T12:34:58.787496-04:00,84.2,0.5357
EPAM-20261002T16001708527,EPAM,2026-10-02,2026-10-02T12:34:58.787496-04:00,109.475,0.1141
KLAC-20261002T16034162944,KLAC,2026-10-02,2026-10-02T12:34:58.787496-04:00,206.9267,0.4682
XENE-20261002T16132391611,XENE,2026-10-02,2026-10-02T12:34:58.787496-04:00,37.7277,0.2177
TTAN-20261002T16193111924,TTAN,2026-10-02,2026-10-02T12:34:58.787496-04:00,67.45,-0.2229
OKTA-20261002T16223460018,OKTA,2026-10-02,2026-10-02T12:34:58.787496-04:00,213.7227,-0.0724
COHR-20261002T16235588795,COHR,2026-10-02,2026-10-02T12:34:58.787496-04:00,334.05,0.3163
WING-20261002T16270973481,WING,2026-10-02,2026-10-02T12:34:58.787496-04:00,106.14,0.1411
ON-20261002T15520735949,ON,2026-10-02,2026-10-02T12:35:08.938200-04:00,84.19,0.5475
EPAM-20261002T16001708527,EPAM,2026-10-02,2026-10-02T12:35:08.938200-04:00,109.6,-0.0
KLAC-20261002T16034162944,KLAC,2026-10-02,2026-10-02T12:35:08.938200-04:00,206.82,0.5195
XENE-20261002T16132391611,XENE,2026-10-02,2026-10-02T12:35:08.938200-04:00,37.7191,0.2404
TTAN-20261002T16193111924,TTAN,2026-10-02,2026-10-02T12:35:08.938200-04:00,67.3818,-0.1215
OKTA-20261002T16223460018,OKTA,2026-10-02,2026-10-02T12:35:08.938200-04:00,213.6805,-0.0526
COHR-20261002T16235588795,COHR,2026-10-02,2026-10-02T12:35:08.938200-04:00,334.1081,0.299
WING-20261002T16270973481,WING,2026-10-02,2026-10-02T12:35:08.938200-04:00,106.155,0.127
ON-20261002T15520735949,ON,2026-10-02,2026-10-02T12:35:19.190105-04:00,84.2802,0.441
EPAM-20261002T16001708527,EPAM,2026-10-02,2026-10-02T12:35:19.190105-04:00,109.58,0.0182
KLAC-20261002T16034162944,KLAC,2026-10-02,2026-10-02T12:35:19.190105-04:00,206.822,0.5185
XENE-20261002T16132391611,XENE,2026-10-02,2026-10-02T12:35:19.190105-04:00,37.7047,0.2785
TTAN-20261002T16193111924,TTAN,2026-10-02,2026-10-02T12:35:19.190105-04:00,67.4145,-0.1701
OKTA-20261002T16223460018,OKTA,2026-10-02,2026-10-02T12:35:19.190105-04:00,213.59,-0.0102
COHR-20261002T16235588795,COHR,2026-10-02,2026-10-02T12:35:19.190105-04:00,333.91,0.3581
WING-20261002T16270973481,WING,2026-10-02,2026-10-02T12:35:19.190105-04:00,106.188,0.096
ON-20261002T15520735949,ON,2026-10-02,2026-10-02T12:35:29.510587-04:00,84.2199,0.5122
EPAM-20261002T16001708527,EPAM,2026-10-02,2026-10-02T12:35:29.510587-04:00,109.56,0.0365
KLAC-20261002T16034162944,KLAC,2026-10-02,2026-10-02T12:35:29.510587-04:00,206.77,0.5435
XENE-20261002T16132391611,XENE,2026-10-02,2026-10-02T12:35:29.510587-04:00,37.6735,0.361
TTAN-20261002T16193111924,TTAN,2026-10-02,2026-10-02T12:35:29.510587-04:00,67.4145,-0.1701
OKTA-20261002T16223460018,OKTA,2026-10-02,2026-10-02T12:35:29.510587-04:00,213.86,-0.1367
COHR-20261002T16235588795,COHR,2026-10-02,2026-10-02T12:35:29.510587-04:00,334.0494,0.3165
WING-20261002T16270973481,WING,2026-10-02,2026-10-02T12:35:29.510587-04:00,105.82,0.4422
ON-20261002T15520735949,ON,2026-10-02,2026-10-02T12:35:39.830939-04:00,84.19,0.5475
EPAM-20261002T16001708527,EPAM,2026-10-02,2026-10-02T12:35:39.830939-04:00,109.405,0.1779
KLAC-20261002T16034162944,KLAC,2026-10-02,2026-10-02T12:35:39.830939-04:00,206.84,0.5099
XENE-20261002T16132391611,XENE,2026-10-02,2026-10-02T12:35:39.830939-04:00,37.6301,0.4758
TTAN-20261002T16193111924,TTAN,2026-10-02,2026-10-02T12:35:39.830939-04:00,67.35,-0.0743
OKTA-20261002T16223460018,OKTA,2026-10-02,2026-10-02T12:35:39.830939-04:00,213.6824,-0.0535
COHR-20261002T16235588795,COHR,2026-10-02,2026-10-02T12:35:39.830939-04:00,334.2,0.2716
WING-20261002T16270973481,WING,2026-10-02,2026-10-02T12:35:39.830939-04:00,105.825,0.4375
ON-20261002T15520735949,ON,2026-10-02,2026-10-02T12:35:50.093943-04:00,84.17,0.5712
EPAM-20261002T16001708527,EPAM,2026-10-02,2026-10-02T12:35:50.093943-04:00,109.4768,0.1124
KLAC-20261002T16034162944,KLAC,2026-10-02,2026-10-02T12:35:50.093943-04:00,206.73,0.5628
XENE-20261002T16132391611,XENE,2026-10-02,2026-10-02T12:35:50.093943-04:00,37.63,0.4761
TTAN-20261002T16193111924,TTAN,2026-10-02,2026-10-02T12:35:50.093943-04:00,67.3481,-0.0715
OKTA-20261002T16223460018,OKTA,2026-10-02,2026-10-02T12:35:50.093943-04:00,213.725,-0.0735
COHR-20261002T16235588795,COHR,2026-10-02,2026-10-02T12:35:50.093943-04:00,334.24,0.2596
WING-20261002T16270973481,WING,2026-10-02,2026-10-02T12:35:50.093943-04:00,105.66,0.5927
ON-20261002T15520735949,ON,2026-10-02,2026-10-02T12:36:00.331697-04:00,84.21,0.5239
EPAM-20261002T16001708527,EPAM,2026-10-02,2026-10-02T12:36:00.331697-04:00,109.53,0.0639
KLAC-20261002T16034162944,KLAC,2026-10-02,2026-10-02T12:36:00.331697-04:00,206.75,0.5532
XENE-20261002T16132391611,XENE,2026-10-02,2026-10-02T12:36:00.331697-04:00,37.711,0.2618
TTAN-20261002T16193111924,TTAN,2026-10-02,2026-10-02T12:36:00.331697-04:00,67.3491,-0.073
OKTA-20261002T16223460018,OKTA,2026-10-02,2026-10-02T12:36:00.331697-04:00,213.725,-0.0735
COHR-20261002T16235588795,COHR,2026-10-02,2026-10-02T12:36:00.331697-04:00,334.15,0.2865
WING-20261002T16270973481,WING,2026-10-02,2026-10-02T12:36:00.331697-04:00,105.685,0.5692
ON-20261002T15520735949,ON,2026-10-02,2026-10-02T12:36:10.557459-04:00,84.185,0.5534
EPAM-20261002T16001708527,EPAM,2026-10-02,2026-10-02T12:36:10.557459-04:00,109.477,0.1122
KLAC-20261002T16034162944,KLAC,2026-10-02,2026-10-02T12:36:10.557459-04:00,206.7958,0.5311
XENE-20261002T16132391611,XENE,2026-10-02,2026-10-02T12:36:10.557459-04:00,37.585,0.5951
TTAN-20261002T16193111924,TTAN,2026-10-02,2026-10-02T12:36:10.557459-04:00,67.35,-0.0743
OKTA-20261002T16223460018,OKTA,2026-10-02,2026-10-02T12:36:10.557459-04:00,213.7318,-0.0766
COHR-20261002T16235588795,COHR,2026-10-02,2026-10-02T12:36:10.557459-04:00,334.2021,0.2709
WING-20261002T16270973481,WING,2026-10-02,2026-10-02T12:36:10.557459-04:00,106.0502,0.2256
ON-20261002T15520735949,ON,2026-10-02,2026-10-02T12:36:20.960018-04:00,84.195,0.5416
EPAM-20261002T16001708527,EPAM,2026-10-02,2026-10-02T12:36:20.960018-04:00,109.405,0.1779
KLAC-20261002T16034162944,KLAC,2026-10-02,2026-10-02T12:36:20.960018-04:00,206.85,0.5051
XENE-20261002T16132391611,XENE,2026-10-02,2026-10-02T12:36:20.960018-04:00,37.61,0.529
OKTA-20261002T16223460018,OKTA,2026-10-02,2026-10-02T12:36:20.960018-04:00,213.62,-0.0243
COHR-20261002T16235588795,COHR,2026-10-02,2026-10-02T12:36:20.960018-04:00,334.2066,0.2696
WING-20261002T16270973481,WING,2026-10-02,2026-10-02T12:36:20.960018-04:00,105.9844,0.2875
ON-20261002T15520735949,ON,2026-10-02,2026-10-02T12:36:31.239572-04:00,84.22,0.5121
EPAM-20261002T16001708527,EPAM,2026-10-02,2026-10-02T12:36:31.239572-04:00,109.405,0.1779
KLAC-20261002T16034162944,KLAC,2026-10-02,2026-10-02T12:36:31.239572-04:00,206.83,0.5147
XENE-20261002T16132391611,XENE,2026-10-02,2026-10-02T12:36:31.239572-04:00,37.625,0.4893
OKTA-20261002T16223460018,OKTA,2026-10-02,2026-10-02T12:36:31.239572-04:00,213.59,-0.0102
COHR-20261002T16235588795,COHR,2026-10-02,2026-10-02T12:36:31.239572-04:00,334.59,0.1552
WING-20261002T16270973481,WING,2026-10-02,2026-10-02T12:36:31.239572-04:00,105.7055,0.5499
ON-20261002T15520735949,ON,2026-10-02,2026-10-02T12:36:41.521416-04:00,84.24,0.4885
EPAM-20261002T16001708527,EPAM,2026-10-02,2026-10-02T12:36:41.521416-04:00,109.4246,0.16
KLAC-20261002T16034162944,KLAC,2026-10-02,2026-10-02T12:36:41.521416-04:00,206.84,0.5099
XENE-20261002T16132391611,XENE,2026-10-02,2026-10-02T12:36:41.521416-04:00,37.62,0.5025
OKTA-20261002T16223460018,OKTA,2026-10-02,2026-10-02T12:36:41.521416-04:00,213.59,-0.0102
COHR-20261002T16235588795,COHR,2026-10-02,2026-10-02T12:36:41.521416-04:00,334.57,0.1611
WING-20261002T16270973481,WING,2026-10-02,2026-10-02T12:36:41.521416-04:00,105.9895,0.2827
ON-20261002T15520735949,ON,2026-10-02,2026-10-02T12:36:52.006721-04:00,84.245,0.4826
EPAM-20261002T16001708527,EPAM,2026-10-02,2026-10-02T12:36:52.006721-04:00,109.405,0.1779
KLAC-20261002T16034162944,KLAC,2026-10-02,2026-10-02T12:36:52.006721-04:00,206.89,0.4858
XENE-20261002T16132391611,XENE,2026-10-02,2026-10-02T12:36:52.006721-04:00,37.6541,0.4123
OKTA-20261002T16223460018,OKTA,2026-10-02,2026-10-02T12:36:52.006721-04:00,213.725,-0.0735
COHR-20261002T16235588795,COHR,2026-10-02,2026-10-02T12:36:52.006721-04:00,334.83,0.0836
WING-20261002T16270973481,WING,2026-10-02,2026-10-02T12:36:52.006721-04:00,105.7772,0.4825
ON-20261002T15520735949,ON,2026-10-02,2026-10-02T12:37:02.364998-04:00,84.21,0.5239
EPAM-20261002T16001708527,EPAM,2026-10-02,2026-10-02T12:37:02.364998-04:00,109.395,0.187
KLAC-20261002T16034162944,KLAC,2026-10-02,2026-10-02T12:37:02.364998-04:00,206.975,0.4449
XENE-20261002T16132391611,XENE,2026-10-02,2026-10-02T12:37:02.364998-04:00,37.5982,0.5602
OKTA-20261002T16223460018,OKTA,2026-10-02,2026-10-02T12:37:02.364998-04:00,213.7358,-0.0785
COHR-20261002T16235588795,COHR,2026-10-02,2026-10-02T12:37:02.364998-04:00,334.85,0.0776
WING-20261002T16270973481,WING,2026-10-02,2026-10-02T12:37:02.364998-04:00,105.995,0.2775
ON-20261002T15520735949,ON,2026-10-02,2026-10-02T12:37:12.694160-04:00,84.22,0.5121
EPAM-20261002T16001708527,EPAM,2026-10-02,2026-10-02T12:37:12.694160-04:00,109.395,0.187
KLAC-20261002T16034162944,KLAC,2026-10-02,2026-10-02T12:37:12.694160-04:00,206.965,0.4497
XENE-20261002T16132391611,XENE,2026-10-02,2026-10-02T12:37:12.694160-04:00,37.5982,0.5602
OKTA-20261002T16223460018,OKTA,2026-10-02,2026-10-02T12:37:12.694160-04:00,213.632,-0.0299
COHR-20261002T16235588795,COHR,2026-10-02,2026-10-02T12:37:12.694160-04:00,334.6207,0.146
WING-20261002T16270973481,WING,2026-10-02,2026-10-02T12:37:12.694160-04:00,105.67,0.5833
ON-20261002T15520735949,ON,2026-10-02,2026-10-02T12:37:22.989317-04:00,84.1224,0.6274
EPAM-20261002T16001708527,EPAM,2026-10-02,2026-10-02T12:37:22.989317-04:00,109.34,0.2372
KLAC-20261002T16034162944,KLAC,2026-10-02,2026-10-02T12:37:22.989317-04:00,206.965,0.4497
XENE-20261002T16132391611,XENE,2026-10-02,2026-10-02T12:37:22.989317-04:00,37.6471,0.4308
OKTA-20261002T16223460018,OKTA,2026-10-02,2026-10-02T12:37:22.989317-04:00,213.7416,-0.0812
COHR-20261002T16235588795,COHR,2026-10-02,2026-10-02T12:37:22.989317-04:00,334.3053,0.2401
WING-20261002T16270973481,WING,2026-10-02,2026-10-02T12:37:22.989317-04:00,105.52,0.7244
ON-20261002T15520735949,ON,2026-10-02,2026-10-02T12:37:33.230736-04:00,84.22,0.5121
EPAM-20261002T16001708527,EPAM,2026-10-02,2026-10-02T12:37:33.230736-04:00,109.4392,0.1467
KLAC-20261002T16034162944,KLAC,2026-10-02,2026-10-02T12:37:33.230736-04:00,206.955,0.4545
XENE-20261002T16132391611,XENE,2026-10-02,2026-10-02T12:37:33.230736-04:00,37.6873,0.3245
OKTA-20261002T16223460018,OKTA,2026-10-02,2026-10-02T12:37:33.230736-04:00,213.798,-0.1076
COHR-20261002T16235588795,COHR,2026-10-02,2026-10-02T12:37:33.230736-04:00,334.66,0.1343
WING-20261002T16270973481,WING,2026-10-02,2026-10-02T12:37:33.230736-04:00,105.6491,0.603
ON-20261002T15520735949,ON,2026-10-02,2026-10-02T12:37:43.569728-04:00,84.26,0.4648
EPAM-20261002T16001708527,EPAM,2026-10-02,2026-10-02T12:37:43.569728-04:00,109.4353,0.1503
KLAC-20261002T16034162944,KLAC,2026-10-02,2026-10-02T12:37:43.569728-04:00,207.08,0.3944
XENE-20261002T16132391611,XENE,2026-10-02,2026-10-02T12:37:43.569728-04:00,37.65,0.4232
OKTA-20261002T16223460018,OKTA,2026-10-02,2026-10-02T12:37:43.569728-04:00,213.765,-0.0922
COHR-20261002T16235588795,COHR,2026-10-02,2026-10-02T12:37:43.569728-04:00,334.3352,0.2312
WING-20261002T16270973481,WING,2026-10-02,2026-10-02T12:37:43.569728-04:00,105.65,0.6021
ON-20261002T15520735949,ON,2026-10-02,2026-10-02T12:37:53.854953-04:00,84.255,0.4708
EPAM-20261002T16001708527,EPAM,2026-10-02,2026-10-02T12:37:53.854953-04:00,109.47,0.1186
KLAC-20261002T16034162944,KLAC,2026-10-02,2026-10-02T12:37:53.854953-04:00,206.9308,0.4662
XENE-20261002T16132391611,XENE,2026-10-02,2026-10-02T12:37:53.854953-04:00,37.625,0.4893
OKTA-20261002T16223460018,OKTA,2026-10-02,2026-10-02T12:37:53.854953-04:00,213.637,-0.0322
COHR-20261002T16235588795,COHR,2026-10-02,2026-10-02T12:37:53.854953-04:00,334.3517,0.2263
WING-20261002T16270973481,WING,2026-10-02,2026-10-02T12:37:53.854953-04:00,105.57,0.6774
ON-20261002T15520735949,ON,2026-10-02,2026-10-02T12:38:04.111880-04:00,84.26,0.4648
EPAM-20261002T16001708527,EPAM,2026-10-02,2026-10-02T12:38:04.111880-04:00,109.32,0.2555
KLAC-20261002T16034162944,KLAC,2026-10-02,2026-10-02T12:38:04.111880-04:00,207.035,0.4161
XENE-20261002T16132391611,XENE,2026-10-02,2026-10-02T12:38:04.111880-04:00,37.6304,0.475
OKTA-20261002T16223460018,OKTA,2026-10-02,2026-10-02T12:38:04.111880-04:00,213.765,-0.0922
COHR-20261002T16235588795,COHR,2026-10-02,2026-10-02T12:38:04.111880-04:00,334.4963,0.1831
WING-20261002T16270973481,WING,2026-10-02,2026-10-02T12:38:04.111880-04:00,105.52,0.7244
ON-20261002T15520735949,ON,2026-10-02,2026-10-02T12:38:14.424126-04:00,84.2543,0.4716
EPAM-20261002T16001708527,EPAM,2026-10-02,2026-10-02T12:38:14.424126-04:00,109.54,0.0547
KLAC-20261002T16034162944,KLAC,2026-10-02,2026-10-02T12:38:14.424126-04:00,207.13,0.3704
XENE-20261002T16132391611,XENE,2026-10-02,2026-10-02T12:38:14.424126-04:00,37.6304,0.475
OKTA-20261002T16223460018,OKTA,2026-10-02,2026-10-02T12:38:14.424126-04:00,213.775,-0.0969
COHR-20261002T16235588795,COHR,2026-10-02,2026-10-02T12:38:14.424126-04:00,334.11,0.2984
WING-20261002T16270973481,WING,2026-10-02,2026-10-02T12:38:14.424126-04:00,105.52,0.7244
ON-20261002T15520735949,ON,2026-10-02,2026-10-02T12:38:24.793706-04:00,84.32,0.394
EPAM-20261002T16001708527,EPAM,2026-10-02,2026-10-02T12:38:24.793706-04:00,109.405,0.1779
KLAC-20261002T16034162944,KLAC,2026-10-02,2026-10-02T12:38:24.793706-04:00,207.26,0.3078
XENE-20261002T16132391611,XENE,2026-10-02,2026-10-02T12:38:24.793706-04:00,37.6,0.5554
OKTA-20261002T16223460018,OKTA,2026-10-02,2026-10-02T12:38:24.793706-04:00,213.78,-0.0992
COHR-20261002T16235588795,COHR,2026-10-02,2026-10-02T12:38:24.793706-04:00,334.3,0.2417
WING-20261002T16270973481,WING,2026-10-02,2026-10-02T12:38:24.793706-04:00,105.65,0.6021
ON-20261002T15520735949,ON,2026-10-02,2026-10-02T12:38:35.082322-04:00,84.3325,0.3792
EPAM-20261002T16001708527,EPAM,2026-10-02,2026-10-02T12:38:35.082322-04:00,109.4903,0.1001
KLAC-20261002T16034162944,KLAC,2026-10-02,2026-10-02T12:38:35.082322-04:00,207.34,0.2694
XENE-20261002T16132391611,XENE,2026-10-02,2026-10-02T12:38:35.082322-04:00,37.59,0.5819
OKTA-20261002T16223460018,OKTA,2026-10-02,2026-10-02T12:38:35.082322-04:00,214.0,-0.2022
COHR-20261002T16235588795,COHR,2026-10-02,2026-10-02T12:38:35.082322-04:00,334.5247,0.1747
WING-20261002T16270973481,WING,2026-10-02,2026-10-02T12:38:35.082322-04:00,105.72,0.5363
ON-20261002T15520735949,ON,2026-10-02,2026-10-02T12:38:45.357748-04:00,84.325,0.3881
EPAM-20261002T16001708527,EPAM,2026-10-02,2026-10-02T12:38:45.357748-04:00,109.4513,0.1357
KLAC-20261002T16034162944,KLAC,2026-10-02,2026-10-02T12:38:45.357748-04:00,206.9909,0.4373
XENE-20261002T16132391611,XENE,2026-10-02,2026-10-02T12:38:45.357748-04:00,37.625,0.4893
OKTA-20261002T16223460018,OKTA,2026-10-02,2026-10-02T12:38:45.357748-04:00,214.0372,-0.2196
COHR-20261002T16235588795,COHR,2026-10-02,2026-10-02T12:38:45.357748-04:00,334.1758,0.2788
WING-20261002T16270973481,WING,2026-10-02,2026-10-02T12:38:45.357748-04:00,105.6898,0.5647
ON-20261002T15520735949,ON,2026-10-02,2026-10-02T12:38:55.687545-04:00,84.33,0.3822
EPAM-20261002T16001708527,EPAM,2026-10-02,2026-10-02T12:38:55.687545-04:00,109.4054,0.1776
KLAC-20261002T16034162944,KLAC,2026-10-02,2026-10-02T12:38:55.687545-04:00,207.32,0.279
XENE-20261002T16132391611,XENE,2026-10-02,2026-10-02T12:38:55.687545-04:00,37.5943,0.5705
OKTA-20261002T16223460018,OKTA,2026-10-02,2026-10-02T12:38:55.687545-04:00,213.9299,-0.1694
COHR-20261002T16235588795,COHR,2026-10-02,2026-10-02T12:38:55.687545-04:00,334.45,0.197
WING-20261002T16270973481,WING,2026-10-02,2026-10-02T12:38:55.687545-04:00,105.79,0.4704
ON-20261002T15520735949,ON,2026-10-02,2026-10-02T12:39:05.972797-04:00,84.31,0.4058
EPAM-20261002T16001708527,EPAM,2026-10-02,2026-10-02T12:39:05.972797-04:00,109.4102,0.1732
KLAC-20261002T16034162944,KLAC,2026-10-02,2026-10-02T12:39:05.972797-04:00,207.37,0.2549
XENE-20261002T16132391611,XENE,2026-10-02,2026-10-02T12:39:05.972797-04:00,37.545,0.7009
OKTA-20261002T16223460018,OKTA,2026-10-02,2026-10-02T12:39:05.972797-04:00,214.125,-0.2607
COHR-20261002T16235588795,COHR,2026-10-02,2026-10-02T12:39:05.972797-04:00,334.315,0.2372
WING-20261002T16270973481,WING,2026-10-02,2026-10-02T12:39:05.972797-04:00,105.9718,0.2994
EPAM-20261002T16001708527,EPAM,2026-10-02,2026-10-02T12:39:16.457306-04:00,109.15,0.4106
KLAC-20261002T16034162944,KLAC,2026-10-02,2026-10-02T12:39:16.457306-04:00,207.32,0.279
XENE-20261002T16132391611,XENE,2026-10-02,2026-10-02T12:39:16.457306-04:00,37.545,0.7009
OKTA-20261002T16223460018,OKTA,2026-10-02,2026-10-02T12:39:16.457306-04:00,213.7757,-0.0972
COHR-20261002T16235588795,COHR,2026-10-02,2026-10-02T12:39:16.457306-04:00,334.0,0.3312
WING-20261002T16270973481,WING,2026-10-02,2026-10-02T12:39:16.457306-04:00,105.775,0.4845
EPAM-20261002T16001708527,EPAM,2026-10-02,2026-10-02T12:39:26.632734-04:00,109.51,0.0821
KLAC-20261002T16034162944,KLAC,2026-10-02,2026-10-02T12:39:26.632734-04:00,207.25,0.3127
XENE-20261002T16132391611,XENE,2026-10-02,2026-10-02T12:39:26.632734-04:00,37.5646,0.649
OKTA-20261002T16223460018,OKTA,2026-10-02,2026-10-02T12:39:26.632734-04:00,214.07,-0.235
COHR-20261002T16235588795,COHR,2026-10-02,2026-10-02T12:39:26.632734-04:00,333.98,0.3372
WING-20261002T16270973481,WING,2026-10-02,2026-10-02T12:39:26.632734-04:00,105.775,0.4845
EPAM-20261002T16001708527,EPAM,2026-10-02,2026-10-02T12:39:36.797487-04:00,109.4368,0.1489
KLAC-20261002T16034162944,KLAC,2026-10-02,2026-10-02T12:39:36.797487-04:00,207.1904,0.3413
XENE-20261002T16132391611,XENE,2026-10-02,2026-10-02T12:39:36.797487-04:00,37.5925,0.5752
OKTA-20261002T16223460018,OKTA,2026-10-02,2026-10-02T12:39:36.797487-04:00,213.8958,-0.1534
COHR-20261002T16235588795,COHR,2026-10-02,2026-10-02T12:39:36.797487-04:00,333.985,0.3357
WING-20261002T16270973481,WING,2026-10-02,2026-10-02T12:39:36.797487-04:00,106.0325,0.2423
EPAM-20261002T16001708527,EPAM,2026-10-02,2026-10-02T12:39:46.929603-04:00,109.4467,0.1399
KLAC-20261002T16034162944,KLAC,2026-10-02,2026-10-02T12:39:46.929603-04:00,207.32,0.279
XENE-20261002T16132391611,XENE,2026-10-02,2026-10-02T12:39:46.929603-04:00,37.5982,0.5602
OKTA-20261002T16223460018,OKTA,2026-10-02,2026-10-02T12:39:46.929603-04:00,214.07,-0.235
COHR-20261002T16235588795,COHR,2026-10-02,2026-10-02T12:39:46.929603-04:00,333.975,0.3387
WING-20261002T16270973481,WING,2026-10-02,2026-10-02T12:39:46.929603-04:00,105.9777,0.2938
EPAM-20261002T16001708527,EPAM,2026-10-02,2026-10-02T12:39:57.042532-04:00,109.3988,0.1836
KLAC-20261002T16034162944,KLAC,2026-10-02,2026-10-02T12:39:57.042532-04:00,207.33,0.2742
XENE-20261002T16132391611,XENE,2026-10-02,2026-10-02T12:39:57.042532-04:00,37.6692,0.3724
OKTA-20261002T16223460018,OKTA,2026-10-02,2026-10-02T12:39:57.042532-04:00,213.9216,-0.1655
COHR-20261002T16235588795,COHR,2026-10-02,2026-10-02T12:39:57.042532-04:00,334.03,0.3223
WING-20261002T16270973481,WING,2026-10-02,2026-10-02T12:39:57.042532-04:00,105.89,0.3763
EPAM-20261002T16001708527,EPAM,2026-10-02,2026-10-02T12:40:07.219177-04:00,109.42,0.1642
KLAC-20261002T16034162944,KLAC,2026-10-02,2026-10-02T12:40:07.219177-04:00,207.335,0.2718
XENE-20261002T16132391611,XENE,2026-10-02,2026-10-02T12:40:07.219177-04:00,37.5953,0.5678
OKTA-20261002T16223460018,OKTA,2026-10-02,2026-10-02T12:40:07.219177-04:00,213.8,-0.1086
COHR-20261002T16235588795,COHR,2026-10-02,2026-10-02T12:40:07.219177-04:00,334.02,0.3253
WING-20261002T16270973481,WING,2026-10-02,2026-10-02T12:40:07.219177-04:00,105.99,0.2822
EPAM-20261002T16001708527,EPAM,2026-10-02,2026-10-02T12:40:17.601169-04:00,109.4214,0.163
KLAC-20261002T16034162944,KLAC,2026-10-02,2026-10-02T12:40:17.601169-04:00,207.3319,0.2733
XENE-20261002T16132391611,XENE,2026-10-02,2026-10-02T12:40:17.601169-04:00,37.669,0.3729
COHR-20261002T16235588795,COHR,2026-10-02,2026-10-02T12:40:17.601169-04:00,333.9,0.3611
WING-20261002T16270973481,WING,2026-10-02,2026-10-02T12:40:17.601169-04:00,105.994,0.2785
EPAM-20261002T16001708527,EPAM,2026-10-02,2026-10-02T12:40:27.832713-04:00,109.479,0.1104
KLAC-20261002T16034162944,KLAC,2026-10-02,2026-10-02T12:40:27.832713-04:00,207.34,0.2694
XENE-20261002T16132391611,XENE,2026-10-02,2026-10-02T12:40:27.832713-04:00,37.505,0.8067
COHR-20261002T16235588795,COHR,2026-10-02,2026-10-02T12:40:27.832713-04:00,334.0,0.3312
WING-20261002T16270973481,WING,2026-10-02,2026-10-02T12:40:27.832713-04:00,106.086,0.1919
EPAM-20261002T16001708527,EPAM,2026-10-02,2026-10-02T12:40:37.996012-04:00,109.4645,0.1236
KLAC-20261002T16034162944,KLAC,2026-10-02,2026-10-02T12:40:37.996012-04:00,207.44,0.2213
XENE-20261002T16132391611,XENE,2026-10-02,2026-10-02T12:40:37.996012-04:00,37.4912,0.8432
COHR-20261002T16235588795,COHR,2026-10-02,2026-10-02T12:40:37.996012-04:00,333.77,0.3999
WING-20261002T16270973481,WING,2026-10-02,2026-10-02T12:40:37.996012-04:00,105.9479,0.3219
EPAM-20261002T16001708527,EPAM,2026-10-02,2026-10-02T12:40:48.127764-04:00,109.4682,0.1203
KLAC-20261002T16034162944,KLAC,2026-10-02,2026-10-02T12:40:48.127764-04:00,207.35,0.2646
XENE-20261002T16132391611,XENE,2026-10-02,2026-10-02T12:40:48.127764-04:00,37.505,0.8067
COHR-20261002T16235588795,COHR,2026-10-02,2026-10-02T12:40:48.127764-04:00,334.2779,0.2483
WING-20261002T16270973481,WING,2026-10-02,2026-10-02T12:40:48.127764-04:00,105.9623,0.3083
EPAM-20261002T16001708527,EPAM,2026-10-02,2026-10-02T12:40:58.361737-04:00,109.4359,0.1497
KLAC-20261002T16034162944,KLAC,2026-10-02,2026-10-02T12:40:58.361737-04:00,207.3271,0.2756
XENE-20261002T16132391611,XENE,2026-10-02,2026-10-02T12:40:58.361737-04:00,37.495,0.8331
COHR-20261002T16235588795,COHR,2026-10-02,2026-10-02T12:40:58.361737-04:00,333.0754,0.6071
WING-20261002T16270973481,WING,2026-10-02,2026-10-02T12:40:58.361737-04:00,105.84,0.4234
EPAM-20261002T16001708527,EPAM,2026-10-02,2026-10-02T12:41:08.574205-04:00,109.475,0.1141
KLAC-20261002T16034162944,KLAC,2026-10-02,2026-10-02T12:41:08.574205-04:00,207.365,0.2573
XENE-20261002T16132391611,XENE,2026-10-02,2026-10-02T12:41:08.574205-04:00,37.5598,0.6617
COHR-20261002T16235588795,COHR,2026-10-02,2026-10-02T12:41:08.574205-04:00,333.0,0.6296
WING-20261002T16270973481,WING,2026-10-02,2026-10-02T12:41:08.574205-04:00,105.8833,0.3826
EPAM-20261002T16001708527,EPAM,2026-10-02,2026-10-02T12:41:18.801010-04:00,109.46,0.1277
KLAC-20261002T16034162944,KLAC,2026-10-02,2026-10-02T12:41:18.801010-04:00,207.375,0.2525
XENE-20261002T16132391611,XENE,2026-10-02,2026-10-02T12:41:18.801010-04:00,37.5598,0.6617
COHR-20261002T16235588795,COHR,2026-10-02,2026-10-02T12:41:18.801010-04:00,334.2468,0.2576
WING-20261002T16270973481,WING,2026-10-02,2026-10-02T12:41:18.801010-04:00,106.0288,0.2457
EPAM-20261002T16001708527,EPAM,2026-10-02,2026-10-02T12:41:28.994002-04:00,109.45,0.1369
KLAC-20261002T16034162944,KLAC,2026-10-02,2026-10-02T12:41:28.994002-04:00,207.36,0.2597
XENE-20261002T16132391611,XENE,2026-10-02,2026-10-02T12:41:28.994002-04:00,37.5603,0.6604
COHR-20261002T16235588795,COHR,2026-10-02,2026-10-02T12:41:28.994002-04:00,333.12,0.5938
WING-20261002T16270973481,WING,2026-10-02,2026-10-02T12:41:28.994002-04:00,105.98,0.2917
TWLO-20261002T16410879950,TWLO,2026-10-02,2026-10-02T12:41:28.994002-04:00,294.19,0.0417
EPAM-20261002T16001708527,EPAM,2026-10-02,2026-10-02T12:41:39.178845-04:00,109.4696,0.119
KLAC-20261002T16034162944,KLAC,2026-10-02,2026-10-02T12:41:39.178845-04:00,207.4072,0.237
XENE-20261002T16132391611,XENE,2026-10-02,2026-10-02T12:41:39.178845-04:00,37.495,0.8331
COHR-20261002T16235588795,COHR,2026-10-02,2026-10-02T12:41:39.178845-04:00,333.055,0.6132
WING-20261002T16270973481,WING,2026-10-02,2026-10-02T12:41:39.178845-04:00,105.9504,0.3195
TWLO-20261002T16410879950,TWLO,2026-10-02,2026-10-02T12:41:39.178845-04:00,294.51,-0.067
EPAM-20261002T16001708527,EPAM,2026-10-02,2026-10-02T12:41:49.355158-04:00,109.4363,0.1494
KLAC-20261002T16034162944,KLAC,2026-10-02,2026-10-02T12:41:49.355158-04:00,207.26,0.3078
XENE-20261002T16132391611,XENE,2026-10-02,2026-10-02T12:41:49.355158-04:00,37.5416,0.7099
COHR-20261002T16235588795,COHR,2026-10-02,2026-10-02T12:41:49.355158-04:00,333.3199,0.5342
WING-20261002T16270973481,WING,2026-10-02,2026-10-02T12:41:49.355158-04:00,105.9312,0.3376
TWLO-20261002T16410879950,TWLO,2026-10-02,2026-10-02T12:41:49.355158-04:00,294.31,0.0009
EPAM-20261002T16001708527,EPAM,2026-10-02,2026-10-02T12:41:59.840778-04:00,109.4768,0.1124
KLAC-20261002T16034162944,KLAC,2026-10-02,2026-10-02T12:41:59.840778-04:00,207.13,0.3704
XENE-20261002T16132391611,XENE,2026-10-02,2026-10-02T12:41:59.840778-04:00,37.5984,0.5596
COHR-20261002T16235588795,COHR,2026-10-02,2026-10-02T12:41:59.840778-04:00,333.8873,0.3649
WING-20261002T16270973481,WING,2026-10-02,2026-10-02T12:41:59.840778-04:00,105.855,0.4093
TWLO-20261002T16410879950,TWLO,2026-10-02,2026-10-02T12:41:59.840778-04:00,293.83,0.164
EPAM-20261002T16001708527,EPAM,2026-10-02,2026-10-02T12:42:09.987758-04:00,109.4698,0.1188
KLAC-20261002T16034162944,KLAC,2026-10-02,2026-10-02T12:42:09.987758-04:00,207.0133,0.4265
XENE-20261002T16132391611,XENE,2026-10-02,2026-10-02T12:42:09.987758-04:00,37.495,0.8331
COHR-20261002T16235588795,COHR,2026-10-02,2026-10-02T12:42:09.987758-04:00,332.7278,0.7109
WING-20261002T16270973481,WING,2026-10-02,2026-10-02T12:42:09.987758-04:00,105.9783,0.2933
TWLO-20261002T16410879950,TWLO,2026-10-02,2026-10-02T12:42:09.987758-04:00,293.54,0.2626
EPAM-20261002T16001708527,EPAM,2026-10-02,2026-10-02T12:42:20.215789-04:00,109.4574,0.1301
KLAC-20261002T16034162944,KLAC,2026-10-02,2026-10-02T12:42:20.215789-04:00,206.955,0.4545
XENE-20261002T16132391611,XENE,2026-10-02,2026-10-02T12:42:20.215789-04:00,37.5,0.8199
COHR-20261002T16235588795,COHR,2026-10-02,2026-10-02T12:42:20.215789-04:00,332.01,0.9251
WING-20261002T16270973481,WING,2026-10-02,2026-10-02T12:42:20.215789-04:00,105.8913,0.3751
TWLO-20261002T16410879950,TWLO,2026-10-02,2026-10-02T12:42:20.215789-04:00,293.68,0.215
EPAM-20261002T16001708527,EPAM,2026-10-02,2026-10-02T12:42:30.464399-04:00,109.4381,0.1477
KLAC-20261002T16034162944,KLAC,2026-10-02,2026-10-02T12:42:30.464399-04:00,206.979,0.443
XENE-20261002T16132391611,XENE,2026-10-02,2026-10-02T12:42:30.464399-04:00,37.47,0.8992
COHR-20261002T16235588795,COHR,2026-10-02,2026-10-02T12:42:30.464399-04:00,332.33,0.8296
WING-20261002T16270973481,WING,2026-10-02,2026-10-02T12:42:30.464399-04:00,105.8756,0.3899
TWLO-20261002T16410879950,TWLO,2026-10-02,2026-10-02T12:42:30.464399-04:00,293.83,0.164
EPAM-20261002T16001708527,EPAM,2026-10-02,2026-10-02T12:42:40.666888-04:00,109.4285,0.1565
KLAC-20261002T16034162944,KLAC,2026-10-02,2026-10-02T12:42:40.666888-04:00,206.97,0.4473
XENE-20261002T16132391611,XENE,2026-10-02,2026-10-02T12:42:40.666888-04:00,37.4951,0.8328
COHR-20261002T16235588795,COHR,2026-10-02,2026-10-02T12:42:40.666888-04:00,332.2,0.8684
WING-20261002T16270973481,WING,2026-10-02,2026-10-02T12:42:40.666888-04:00,105.75,0.508
TWLO-20261002T16410879950,TWLO,2026-10-02,2026-10-02T12:42:40.666888-04:00,293.78,0.181
EPAM-20261002T16001708527,EPAM,2026-10-02,2026-10-02T12:42:50.914979-04:00,109.4385,0.1474
KLAC-20261002T16034162944,KLAC,2026-10-02,2026-10-02T12:42:50.914979-04:00,207.03,0.4185
XENE-20261002T16132391611,XENE,2026-10-02,2026-10-02T12:42:50.914979-04:00,37.49,0.8463
COHR-20261002T16235588795,COHR,2026-10-02,2026-10-02T12:42:50.914979-04:00,332.47,0.7878
WING-20261002T16270973481,WING,2026-10-02,2026-10-02T12:42:50.914979-04:00,105.76,0.4986
TWLO-20261002T16410879950,TWLO,2026-10-02,2026-10-02T12:42:50.914979-04:00,293.765,0.1861
EPAM-20261002T16001708527,EPAM,2026-10-02,2026-10-02T12:43:01.097187-04:00,109.4527,0.1344
KLAC-20261002T16034162944,KLAC,2026-10-02,2026-10-02T12:43:01.097187-04:00,207.115,0.3776
XENE-20261002T16132391611,XENE,2026-10-02,2026-10-02T12:43:01.097187-04:00,37.4945,0.8344
COHR-20261002T16235588795,COHR,2026-10-02,2026-10-02T12:43:01.097187-04:00,332.5842,0.7537
WING-20261002T16270973481,WING,2026-10-02,2026-10-02T12:43:01.097187-04:00,105.9619,0.3087
TWLO-20261002T16410879950,TWLO,2026-10-02,2026-10-02T12:43:01.097187-04:00,294.5501,-0.0807
P-20261002T16424090418,P,2026-10-02,2026-10-02T12:43:01.097187-04:00,138.515,-0.0469
EPAM-20261002T16001708527,EPAM,2026-10-02,2026-10-02T12:43:11.308848-04:00,109.44,0.146
KLAC-20261002T16034162944,KLAC,2026-10-02,2026-10-02T12:43:11.308848-04:00,207.125,0.3728
XENE-20261002T16132391611,XENE,2026-10-02,2026-10-02T12:43:11.308848-04:00,37.48,0.8728
COHR-20261002T16235588795,COHR,2026-10-02,2026-10-02T12:43:11.308848-04:00,332.335,0.8281
WING-20261002T16270973481,WING,2026-10-02,2026-10-02T12:43:11.308848-04:00,105.8654,0.3995
TWLO-20261002T16410879950,TWLO,2026-10-02,2026-10-02T12:43:11.308848-04:00,293.755,0.1895
P-20261002T16424090418,P,2026-10-02,2026-10-02T12:43:11.308848-04:00,138.515,-0.0469
EPAM-20261002T16001708527,EPAM,2026-10-02,2026-10-02T12:43:21.516825-04:00,109.44,0.146
KLAC-20261002T16034162944,KLAC,2026-10-02,2026-10-02T12:43:21.516825-04:00,207.13,0.3704
XENE-20261002T16132391611,XENE,2026-10-02,2026-10-02T12:43:21.516825-04:00,37.485,0.8596
COHR-20261002T16235588795,COHR,2026-10-02,2026-10-02T12:43:21.516825-04:00,332.47,0.7878
WING-20261002T16270973481,WING,2026-10-02,2026-10-02T12:43:21.516825-04:00,105.9722,0.299
TWLO-20261002T16410879950,TWLO,2026-10-02,2026-10-02T12:43:21.516825-04:00,294.628,-0.1071
P-20261002T16424090418,P,2026-10-02,2026-10-02T12:43:21.516825-04:00,138.515,-0.0469
EPAM-20261002T16001708527,EPAM,2026-10-02,2026-10-02T12:43:31.786032-04:00,109.445,0.1414
KLAC-20261002T16034162944,KLAC,2026-10-02,2026-10-02T12:43:31.786032-04:00,207.015,0.4257
XENE-20261002T16132391611,XENE,2026-10-02,2026-10-02T12:43:31.786032-04:00,37.485,0.8596
COHR-20261002T16235588795,COHR,2026-10-02,2026-10-02T12:43:31.786032-04:00,332.21,0.8654
WING-20261002T16270973481,WING,2026-10-02,2026-10-02T12:43:31.786032-04:00,105.8637,0.4011
TWLO-20261002T16410879950,TWLO,2026-10-02,2026-10-02T12:43:31.786032-04:00,293.76,0.1878
P-20261002T16424090418,P,2026-10-02,2026-10-02T12:43:31.786032-04:00,138.7924,-0.2473
EPAM-20261002T16001708527,EPAM,2026-10-02,2026-10-02T12:43:42.004583-04:00,109.4463,0.1402
KLAC-20261002T16034162944,KLAC,2026-10-02,2026-10-02T12:43:42.004583-04:00,207.068,0.4002
XENE-20261002T16132391611,XENE,2026-10-02,2026-10-02T12:43:42.004583-04:00,37.5593,0.6631
COHR-20261002T16235588795,COHR,2026-10-02,2026-10-02T12:43:42.004583-04:00,332.24,0.8564
WING-20261002T16270973481,WING,2026-10-02,2026-10-02T12:43:42.004583-04:00,105.8,0.461
TWLO-20261002T16410879950,TWLO,2026-10-02,2026-10-02T12:43:42.004583-04:00,293.5,0.2761
P-20261002T16424090418,P,2026-10-02,2026-10-02T12:43:42.004583-04:00,138.7921,-0.2471
EPAM-20261002T16001708527,EPAM,2026-10-02,2026-10-02T12:43:52.209675-04:00,109.44,0.146
KLAC-20261002T16034162944,KLAC,2026-10-02,2026-10-02T12:43:52.209675-04:00,207.09,0.3896
XENE-20261002T16132391611,XENE,2026-10-02,2026-10-02T12:43:52.209675-04:00,37.5593,0.6631
COHR-20261002T16235588795,COHR,2026-10-02,2026-10-02T12:43:52.209675-04:00,332.35,0.8236
WING-20261002T16270973481,WING,2026-10-02,2026-10-02T12:43:52.209675-04:00,105.72,0.5363
TWLO-20261002T16410879950,TWLO,2026-10-02,2026-10-02T12:43:52.209675-04:00,293.48,0.2829
P-20261002T16424090418,P,2026-10-02,2026-10-02T12:43:52.209675-04:00,138.515,-0.0469
EPAM-20261002T16001708527,EPAM,2026-10-02,2026-10-02T12:44:02.438687-04:00,109.44,0.146
KLAC-20261002T16034162944,KLAC,2026-10-02,2026-10-02T12:44:02.438687-04:00,207.055,0.4064
XENE-20261002T16132391611,XENE,2026-10-02,2026-10-02T12:44:02.438687-04:00,37.5163,0.7768
COHR-20261002T16235588795,COHR,2026-10-02,2026-10-02T12:44:02.438687-04:00,332.35,0.8236
WING-20261002T16270973481,WING,2026-10-02,2026-10-02T12:44:02.438687-04:00,105.9693,0.3017
TWLO-20261002T16410879950,TWLO,2026-10-02,2026-10-02T12:44:02.438687-04:00,294.4459,-0.0452
P-20261002T16424090418,P,2026-10-02,2026-10-02T12:44:02.438687-04:00,138.5256,-0.0546
EPAM-20261002T16001708527,EPAM,2026-10-02,2026-10-02T12:44:12.720804-04:00,109.44,0.146
KLAC-20261002T16034162944,KLAC,2026-10-02,2026-10-02T12:44:12.720804-04:00,207.07,0.3992
XENE-20261002T16132391611,XENE,2026-10-02,2026-10-02T12:44:12.720804-04:00,37.46,0.9257
COHR-20261002T16235588795,COHR,2026-10-02,2026-10-02T12:44:12.720804-04:00,332.35,0.8236
WING-20261002T16270973481,WING,2026-10-02,2026-10-02T12:44:12.720804-04:00,105.805,0.4563
TWLO-20261002T16410879950,TWLO,2026-10-02,2026-10-02T12:44:12.720804-04:00,293.365,0.322
P-20261002T16424090418,P,2026-10-02,2026-10-02T12:44:12.720804-04:00,138.5285,-0.0567
EPAM-20261002T16001708527,EPAM,2026-10-02,2026-10-02T12:44:22.912867-04:00,109.4504,0.1365
KLAC-20261002T16034162944,KLAC,2026-10-02,2026-10-02T12:44:22.912867-04:00,207.11,0.38
XENE-20261002T16132391611,XENE,2026-10-02,2026-10-02T12:44:22.912867-04:00,37.5153,0.7794
COHR-20261002T16235588795,COHR,2026-10-02,2026-10-02T12:44:22.912867-04:00,332.434,0.7985
WING-20261002T16270973481,WING,2026-10-02,2026-10-02T12:44:22.912867-04:00,105.8369,0.4263
TWLO-20261002T16410879950,TWLO,2026-10-02,2026-10-02T12:44:22.912867-04:00,293.415,0.305
P-20261002T16424090418,P,2026-10-02,2026-10-02T12:44:22.912867-04:00,138.66,-0.1517
EPAM-20261002T16001708527,EPAM,2026-10-02,2026-10-02T12:44:33.095314-04:00,109.4497,0.1371
KLAC-20261002T16034162944,KLAC,2026-10-02,2026-10-02T12:44:33.095314-04:00,207.135,0.368
XENE-20261002T16132391611,XENE,2026-10-02,2026-10-02T12:44:33.095314-04:00,37.4789,0.8757
COHR-20261002T16235588795,COHR,2026-10-02,2026-10-02T12:44:33.095314-04:00,332.4287,0.8001
WING-20261002T16270973481,WING,2026-10-02,2026-10-02T12:44:33.095314-04:00,105.8393,0.424
TWLO-20261002T16410879950,TWLO,2026-10-02,2026-10-02T12:44:33.095314-04:00,293.835,0.1623
P-20261002T16424090418,P,2026-10-02,2026-10-02T12:44:33.095314-04:00,138.545,-0.0686
EPAM-20261002T16001708527,EPAM,2026-10-02,2026-10-02T12:44:43.296738-04:00,109.435,0.1505
KLAC-20261002T16034162944,KLAC,2026-10-02,2026-10-02T12:44:43.296738-04:00,207.115,0.3776
XENE-20261002T16132391611,XENE,2026-10-02,2026-10-02T12:44:43.296738-04:00,37.4789,0.8757
COHR-20261002T16235588795,COHR,2026-10-02,2026-10-02T12:44:43.296738-04:00,332.7887,0.6927
WING-20261002T16270973481,WING,2026-10-02,2026-10-02T12:44:43.296738-04:00,105.805,0.4563
TWLO-20261002T16410879950,TWLO,2026-10-02,2026-10-02T12:44:43.296738-04:00,294.17,0.0485
P-20261002T16424090418,P,2026-10-02,2026-10-02T12:44:43.296738-04:00,138.5417,-0.0662
EPAM-20261002T16001708527,EPAM,2026-10-02,2026-10-02T12:44:53.494698-04:00,109.4492,0.1376
KLAC-20261002T16034162944,KLAC,2026-10-02,2026-10-02T12:44:53.494698-04:00,207.0964,0.3865
XENE-20261002T16132391611,XENE,2026-10-02,2026-10-02T12:44:53.494698-04:00,37.4789,0.8757
COHR-20261002T16235588795,COHR,2026-10-02,2026-10-02T12:44:53.494698-04:00,332.705,0.7177
WING-20261002T16270973481,WING,2026-10-02,2026-10-02T12:44:53.494698-04:00,105.81,0.4516
TWLO-20261002T16410879950,TWLO,2026-10-02,2026-10-02T12:44:53.494698-04:00,293.805,0.1725
P-20261002T16424090418,P,2026-10-02,2026-10-02T12:44:53.494698-04:00,138.54,-0.065
EPAM-20261002T16001708527,EPAM,2026-10-02,2026-10-02T12:45:03.671208-04:00,109.4518,0.1352
KLAC-20261002T16034162944,KLAC,2026-10-02,2026-10-02T12:45:03.671208-04:00,207.13,0.3704
XENE-20261002T16132391611,XENE,2026-10-02,2026-10-02T12:45:03.671208-04:00,37.48,0.8728
COHR-20261002T16235588795,COHR,2026-10-02,2026-10-02T12:45:03.671208-04:00,332.7336,0.7091
WING-20261002T16270973481,WING,2026-10-02,2026-10-02T12:45:03.671208-04:00,105.85,0.414
TWLO-20261002T16410879950,TWLO,2026-10-02,2026-10-02T12:45:03.671208-04:00,294.3544,-0.0142
P-20261002T16424090418,P,2026-10-02,2026-10-02T12:45:03.671208-04:00,138.535,-0.0614
EPAM-20261002T16001708527,EPAM,2026-10-02,2026-10-02T12:45:13.873707-04:00,109.5409,0.0539
KLAC-20261002T16034162944,KLAC,2026-10-02,2026-10-02T12:45:13.873707-04:00,207.115,0.3776
XENE-20261002T16132391611,XENE,2026-10-02,2026-10-02T12:45:13.873707-04:00,37.5126,0.7866
COHR-20261002T16235588795,COHR,2026-10-02,2026-10-02T12:45:13.873707-04:00,332.7,0.7192
WING-20261002T16270973481,WING,2026-10-02,2026-10-02T12:45:13.873707-04:00,106.055,0.2211
TWLO-20261002T16410879950,TWLO,2026-10-02,2026-10-02T12:45:13.873707-04:00,293.84,0.1606
P-20261002T16424090418,P,2026-10-02,2026-10-02T12:45:13.873707-04:00,138.5863,-0.0984
EPAM-20261002T16001708527,EPAM,2026-10-02,2026-10-02T12:45:24.100299-04:00,109.435,0.1505
KLAC-20261002T16034162944,KLAC,2026-10-02,2026-10-02T12:45:24.100299-04:00,206.935,0.4642
XENE-20261002T16132391611,XENE,2026-10-02,2026-10-02T12:45:24.100299-04:00,37.544,0.7035
COHR-20261002T16235588795,COHR,2026-10-02,2026-10-02T12:45:24.100299-04:00,332.26,0.8505
WING-20261002T16270973481,WING,2026-10-02,2026-10-02T12:45:24.100299-04:00,105.915,0.3528
TWLO-20261002T16410879950,TWLO,2026-10-02,2026-10-02T12:45:24.100299-04:00,293.5753,0.2506
P-20261002T16424090418,P,2026-10-02,2026-10-02T12:45:24.100299-04:00,138.46,-0.0072
EPAM-20261002T16001708527,EPAM,2026-10-02,2026-10-02T12:45:34.328176-04:00,109.4555,0.1318
KLAC-20261002T16034162944,KLAC,2026-10-02,2026-10-02T12:45:34.328176-04:00,207.0852,0.3919
XENE-20261002T16132391611,XENE,2026-10-02,2026-10-02T12:45:34.328176-04:00,37.46,0.9257
COHR-20261002T16235588795,COHR,2026-10-02,2026-10-02T12:45:34.328176-04:00,332.385,0.8132
WING-20261002T16270973481,WING,2026-10-02,2026-10-02T12:45:34.328176-04:00,105.96,0.3105
TWLO-20261002T16410879950,TWLO,2026-10-02,2026-10-02T12:45:34.328176-04:00,293.85,0.1572
P-20261002T16424090418,P,2026-10-02,2026-10-02T12:45:34.328176-04:00,138.32,0.0939
EPAM-20261002T16001708527,EPAM,2026-10-02,2026-10-02T12:45:44.504794-04:00,109.4927,0.0979
KLAC-20261002T16034162944,KLAC,2026-10-02,2026-10-02T12:45:44.504794-04:00,207.06,0.404
XENE-20261002T16132391611,XENE,2026-10-02,2026-10-02T12:45:44.504794-04:00,37.504,0.8093
COHR-20261002T16235588795,COHR,2026-10-02,2026-10-02T12:45:44.504794-04:00,332.4732,0.7868
WING-20261002T16270973481,WING,2026-10-02,2026-10-02T12:45:44.504794-04:00,105.9173,0.3506
TWLO-20261002T16410879950,TWLO,2026-10-02,2026-10-02T12:45:44.504794-04:00,293.85,0.1572
P-20261002T16424090418,P,2026-10-02,2026-10-02T12:45:44.504794-04:00,138.31,0.1011
EPAM-20261002T16001708527,EPAM,2026-10-02,2026-10-02T12:45:54.681508-04:00,109.435,0.1505
KLAC-20261002T16034162944,KLAC,2026-10-02,2026-10-02T12:45:54.681508-04:00,207.06,0.404
XENE-20261002T16132391611,XENE,2026-10-02,2026-10-02T12:45:54.681508-04:00,37.47,0.8992
COHR-20261002T16235588795,COHR,2026-10-02,2026-10-02T12:45:54.681508-04:00,332.615,0.7445
WING-20261002T16270973481,WING,2026-10-02,2026-10-02T12:45:54.681508-04:00,106.19,0.0941
TWLO-20261002T16410879950,TWLO,2026-10-02,2026-10-02T12:45:54.681508-04:00,294.37,-0.0195
P-20261002T16424090418,P,2026-10-02,2026-10-02T12:45:54.681508-04:00,138.4739,-0.0173
EPAM-20261002T16001708527,EPAM,2026-10-02,2026-10-02T12:46:04.858769-04:00,109.4361,0.1495
KLAC-20261002T16034162944,KLAC,2026-10-02,2026-10-02T12:46:04.858769-04:00,207.15,0.3608
XENE-20261002T16132391611,XENE,2026-10-02,2026-10-02T12:46:04.858769-04:00,37.49,0.8463
COHR-20261002T16235588795,COHR,2026-10-02,2026-10-02T12:46:04.858769-04:00,332.96,0.6416
WING-20261002T16270973481,WING,2026-10-02,2026-10-02T12:46:04.858769-04:00,106.19,0.0941
TWLO-20261002T16410879950,TWLO,2026-10-02,2026-10-02T12:46:04.858769-04:00,293.84,0.1606
P-20261002T16424090418,P,2026-10-02,2026-10-02T12:46:04.858769-04:00,138.36,0.065
EPAM-20261002T16001708527,EPAM,2026-10-02,2026-10-02T12:46:15.365010-04:00,109.43,0.1551
KLAC-20261002T16034162944,KLAC,2026-10-02,2026-10-02T12:46:15.365010-04:00,207.09,0.3896
XENE-20261002T16132391611,XENE,2026-10-02,2026-10-02T12:46:15.365010-04:00,37.49,0.8463
COHR-20261002T16235588795,COHR,2026-10-02,2026-10-02T12:46:15.365010-04:00,332.46,0.7908
P-20261002T16424090418,P,2026-10-02,2026-10-02T12:46:15.365010-04:00,138.3739,0.055
EPAM-20261002T16001708527,EPAM,2026-10-02,2026-10-02T12:46:25.599554-04:00,109.27,0.3011
KLAC-20261002T16034162944,KLAC,2026-10-02,2026-10-02T12:46:25.599554-04:00,207.04,0.4137
XENE-20261002T16132391611,XENE,2026-10-02,2026-10-02T12:46:25.599554-04:00,37.47,0.8992
COHR-20261002T16235588795,COHR,2026-10-02,2026-10-02T12:46:25.599554-04:00,332.1,0.8982
P-20261002T16424090418,P,2026-10-02,2026-10-02T12:46:25.599554-04:00,138.42,0.0217
EPAM-20261002T16001708527,EPAM,2026-10-02,2026-10-02T12:46:35.779624-04:00,109.3638,0.2155
KLAC-20261002T16034162944,KLAC,2026-10-02,2026-10-02T12:46:35.779624-04:00,207.0846,0.3922
XENE-20261002T16132391611,XENE,2026-10-02,2026-10-02T12:46:35.779624-04:00,37.49,0.8463
COHR-20261002T16235588795,COHR,2026-10-02,2026-10-02T12:46:35.779624-04:00,332.0,0.9281
P-20261002T16424090418,P,2026-10-02,2026-10-02T12:46:35.779624-04:00,138.265,0.1336
EPAM-20261002T16001708527,EPAM,2026-10-02,2026-10-02T12:46:46.005809-04:00,109.421,0.1633
KLAC-20261002T16034162944,KLAC,2026-10-02,2026-10-02T12:46:46.005809-04:00,207.0329,0.4171
XENE-20261002T16132391611,XENE,2026-10-02,2026-10-02T12:46:46.005809-04:00,37.4853,0.8588
COHR-20261002T16235588795,COHR,2026-10-02,2026-10-02T12:46:46.005809-04:00,332.4754,0.7862
P-20261002T16424090418,P,2026-10-02,2026-10-02T12:46:46.005809-04:00,138.4047,0.0327
EPAM-20261002T16001708527,EPAM,2026-10-02,2026-10-02T12:46:56.231575-04:00,109.4341,0.1514
KLAC-20261002T16034162944,KLAC,2026-10-02,2026-10-02T12:46:56.231575-04:00,207.14,0.3656
XENE-20261002T16132391611,XENE,2026-10-02,2026-10-02T12:46:56.231575-04:00,37.4778,0.8786
COHR-20261002T16235588795,COHR,2026-10-02,2026-10-02T12:46:56.231575-04:00,332.3438,0.8255
P-20261002T16424090418,P,2026-10-02,2026-10-02T12:46:56.231575-04:00,138.2762,0.1255
EPAM-20261002T16001708527,EPAM,2026-10-02,2026-10-02T12:47:06.890542-04:00,109.46,0.1277
KLAC-20261002T16034162944,KLAC,2026-10-02,2026-10-02T12:47:06.890542-04:00,207.1782,0.3472
XENE-20261002T16132391611,XENE,2026-10-02,2026-10-02T12:47:06.890542-04:00,37.47,0.8992
COHR-20261002T16235588795,COHR,2026-10-02,2026-10-02T12:47:06.890542-04:00,332.25,0.8535
P-20261002T16424090418,P,2026-10-02,2026-10-02T12:47:06.890542-04:00,138.38,0.0506
EPAM-20261002T16001708527,EPAM,2026-10-02,2026-10-02T12:47:17.186937-04:00,109.425,0.1597
KLAC-20261002T16034162944,KLAC,2026-10-02,2026-10-02T12:47:17.186937-04:00,207.17,0.3511
XENE-20261002T16132391611,XENE,2026-10-02,2026-10-02T12:47:17.186937-04:00,37.47,0.8992
COHR-20261002T16235588795,COHR,2026-10-02,2026-10-02T12:47:17.186937-04:00,331.93,0.9489
P-20261002T16424090418,P,2026-10-02,2026-10-02T12:47:17.186937-04:00,138.33,0.0867
EPAM-20261002T16001708527,EPAM,2026-10-02,2026-10-02T12:47:27.326180-04:00,109.4,0.1825
KLAC-20261002T16034162944,KLAC,2026-10-02,2026-10-02T12:47:27.326180-04:00,207.17,0.3511
XENE-20261002T16132391611,XENE,2026-10-02,2026-10-02T12:47:27.326180-04:00,37.4798,0.8733
COHR-20261002T16235588795,COHR,2026-10-02,2026-10-02T12:47:27.326180-04:00,332.071,0.9069
P-20261002T16424090418,P,2026-10-02,2026-10-02T12:47:27.326180-04:00,138.5614,-0.0805
EPAM-20261002T16001708527,EPAM,2026-10-02,2026-10-02T12:47:37.490611-04:00,109.42,0.1642
KLAC-20261002T16034162944,KLAC,2026-10-02,2026-10-02T12:47:37.490611-04:00,207.1047,0.3825
XENE-20261002T16132391611,XENE,2026-10-02,2026-10-02T12:47:37.490611-04:00,37.485,0.8596
COHR-20261002T16235588795,COHR,2026-10-02,2026-10-02T12:47:37.490611-04:00,331.77,0.9967
P-20261002T16424090418,P,2026-10-02,2026-10-02T12:47:37.490611-04:00,138.26,0.1372
EPAM-20261002T16001708527,EPAM,2026-10-02,2026-10-02T12:47:47.631326-04:00,109.4312,0.154
KLAC-20261002T16034162944,KLAC,2026-10-02,2026-10-02T12:47:47.631326-04:00,207.055,0.4064
XENE-20261002T16132391611,XENE,2026-10-02,2026-10-02T12:47:47.631326-04:00,37.48,0.8728
COHR-20261002T16235588795,COHR,2026-10-02,2026-10-02T12:47:47.631326-04:00,332.9245,0.6522
P-20261002T16424090418,P,2026-10-02,2026-10-02T12:47:47.631326-04:00,138.27,0.13
EPAM-20261002T16001708527,EPAM,2026-10-02,2026-10-02T12:47:57.752910-04:00,109.64,-0.0365
KLAC-20261002T16034162944,KLAC,2026-10-02,2026-10-02T12:47:57.752910-04:00,207.0,0.4329
XENE-20261002T16132391611,XENE,2026-10-02,2026-10-02T12:47:57.752910-04:00,37.46,0.9257
COHR-20261002T16235588795,COHR,2026-10-02,2026-10-02T12:47:57.752910-04:00,331.82,0.9818
P-20261002T16424090418,P,2026-10-02,2026-10-02T12:47:57.752910-04:00,138.205,0.177
EPAM-20261002T16001708527,EPAM,2026-10-02,2026-10-02T12:48:07.876204-04:00,109.4274,0.1575
KLAC-20261002T16034162944,KLAC,2026-10-02,2026-10-02T12:48:07.876204-04:00,207.03,0.4185
XENE-20261002T16132391611,XENE,2026-10-02,2026-10-02T12:48:07.876204-04:00,37.4803,0.872
COHR-20261002T16235588795,COHR,2026-10-02,2026-10-02T12:48:07.876204-04:00,331.785,0.9922
P-20261002T16424090418,P,2026-10-02,2026-10-02T12:48:07.876204-04:00,138.14,0.2239
EPAM-20261002T16001708527,EPAM,2026-10-02,2026-10-02T12:48:18.093835-04:00,109.4324,0.1529
KLAC-20261002T16034162944,KLAC,2026-10-02,2026-10-02T12:48:18.093835-04:00,207.0099,0.4281
XENE-20261002T16132391611,XENE,2026-10-02,2026-10-02T12:48:18.093835-04:00,37.4774,0.8797
COHR-20261002T16235588795,COHR,2026-10-02,2026-10-02T12:48:18.093835-04:00,331.7807,0.9935
P-20261002T16424090418,P,2026-10-02,2026-10-02T12:48:18.093835-04:00,138.14,0.2239
EPAM-20261002T16001708527,EPAM,2026-10-02,2026-10-02T12:48:28.296001-04:00,109.3865,0.1948
KLAC-20261002T16034162944,KLAC,2026-10-02,2026-10-02T12:48:28.296001-04:00,206.985,0.4401
XENE-20261002T16132391611,XENE,2026-10-02,2026-10-02T12:48:28.296001-04:00,37.4806,0.8712
COHR-20261002T16235588795,COHR,2026-10-02,2026-10-02T12:48:28.296001-04:00,331.98,0.934
P-20261002T16424090418,P,2026-10-02,2026-10-02T12:48:28.296001-04:00,138.1884,0.1889
EPAM-20261002T16001708527,EPAM,2026-10-02,2026-10-02T12:48:38.410355-04:00,109.41,0.1734
KLAC-20261002T16034162944,KLAC,2026-10-02,2026-10-02T12:48:38.410355-04:00,207.0802,0.3943
XENE-20261002T16132391611,XENE,2026-10-02,2026-10-02T12:48:38.410355-04:00,37.5068,0.8019
COHR-20261002T16235588795,COHR,2026-10-02,2026-10-02T12:48:38.410355-04:00,331.705,1.0161
P-20261002T16424090418,P,2026-10-02,2026-10-02T12:48:38.410355-04:00,138.06,0.2817
EPAM-20261002T16001708527,EPAM,2026-10-02,2026-10-02T12:48:48.589963-04:00,109.2895,0.2833
KLAC-20261002T16034162944,KLAC,2026-10-02,2026-10-02T12:48:48.589963-04:00,206.935,0.4642
XENE-20261002T16132391611,XENE,2026-10-02,2026-10-02T12:48:48.589963-04:00,37.46,0.9257
COHR-20261002T16235588795,COHR,2026-10-02,2026-10-02T12:48:48.589963-04:00,331.9899,0.9311
P-20261002T16424090418,P,2026-10-02,2026-10-02T12:48:48.589963-04:00,138.06,0.2817
EPAM-20261002T16001708527,EPAM,2026-10-02,2026-10-02T12:48:58.712055-04:00,109.41,0.1734
KLAC-20261002T16034162944,KLAC,2026-10-02,2026-10-02T12:48:58.712055-04:00,206.982,0.4416
XENE-20261002T16132391611,XENE,2026-10-02,2026-10-02T12:48:58.712055-04:00,37.4802,0.8723
COHR-20261002T16235588795,COHR,2026-10-02,2026-10-02T12:48:58.712055-04:00,331.89,0.9609
P-20261002T16424090418,P,2026-10-02,2026-10-02T12:48:58.712055-04:00,138.4051,0.0324
EPAM-20261002T16001708527,EPAM,2026-10-02,2026-10-02T12:49:08.875784-04:00,109.3643,0.2151
KLAC-20261002T16034162944,KLAC,2026-10-02,2026-10-02T12:49:08.875784-04:00,207.0716,0.3985
XENE-20261002T16132391611,XENE,2026-10-02,2026-10-02T12:49:08.875784-04:00,37.4918,0.8416
COHR-20261002T16235588795,COHR,2026-10-02,2026-10-02T12:49:08.875784-04:00,332.2006,0.8682
P-20261002T16424090418,P,2026-10-02,2026-10-02T12:49:08.875784-04:00,138.445,0.0036
EPAM-20261002T16001708527,EPAM,2026-10-02,2026-10-02T12:49:19.070932-04:00,109.5162,0.0765
KLAC-20261002T16034162944,KLAC,2026-10-02,2026-10-02T12:49:19.070932-04:00,206.875,0.493
XENE-20261002T16132391611,XENE,2026-10-02,2026-10-02T12:49:19.070932-04:00,37.4918,0.8416
COHR-20261002T16235588795,COHR,2026-10-02,2026-10-02T12:49:19.070932-04:00,332.24,0.8564
P-20261002T16424090418,P,2026-10-02,2026-10-02T12:49:19.070932-04:00,138.1772,0.197
EPAM-20261002T16001708527,EPAM,2026-10-02,2026-10-02T12:49:29.283279-04:00,109.4717,0.1171
KLAC-20261002T16034162944,KLAC,2026-10-02,2026-10-02T12:49:29.283279-04:00,206.9571,0.4535
XENE-20261002T16132391611,XENE,2026-10-02,2026-10-02T12:49:29.283279-04:00,37.525,0.7538
COHR-20261002T16235588795,COHR,2026-10-02,2026-10-02T12:49:29.283279-04:00,332.4,0.8087
P-20261002T16424090418,P,2026-10-02,2026-10-02T12:49:29.283279-04:00,138.44,0.0072
EPAM-20261002T16001708527,EPAM,2026-10-02,2026-10-02T12:49:39.469047-04:00,109.4897,0.1006
KLAC-20261002T16034162944,KLAC,2026-10-02,2026-10-02T12:49:39.469047-04:00,207.05,0.4089
XENE-20261002T16132391611,XENE,2026-10-02,2026-10-02T12:49:39.469047-04:00,37.5133,0.7847
COHR-20261002T16235588795,COHR,2026-10-02,2026-10-02T12:49:39.469047-04:00,332.44,0.7968
P-20261002T16424090418,P,2026-10-02,2026-10-02T12:49:39.469047-04:00,138.44,0.0072
EPAM-20261002T16001708527,EPAM,2026-10-02,2026-10-02T12:49:49.644658-04:00,109.3384,0.2387
KLAC-20261002T16034162944,KLAC,2026-10-02,2026-10-02T12:49:49.644658-04:00,206.88,0.4906
XENE-20261002T16132391611,XENE,2026-10-02,2026-10-02T12:49:49.644658-04:00,37.505,0.8067
COHR-20261002T16235588795,COHR,2026-10-02,2026-10-02T12:49:49.644658-04:00,332.022,0.9215
P-20261002T16424090418,P,2026-10-02,2026-10-02T12:49:49.644658-04:00,138.38,0.0506
EPAM-20261002T16001708527,EPAM,2026-10-02,2026-10-02T12:49:59.894739-04:00,109.3673,0.2123
KLAC-20261002T16034162944,KLAC,2026-10-02,2026-10-02T12:49:59.894739-04:00,206.95,0.457
XENE-20261002T16132391611,XENE,2026-10-02,2026-10-02T12:49:59.894739-04:00,37.58,0.6083
COHR-20261002T16235588795,COHR,2026-10-02,2026-10-02T12:49:59.894739-04:00,332.1144,0.8939
P-20261002T16424090418,P,2026-10-02,2026-10-02T12:49:59.894739-04:00,138.33,0.0867
EPAM-20261002T16001708527,EPAM,2026-10-02,2026-10-02T12:50:10.224096-04:00,109.41,0.1734
KLAC-20261002T16034162944,KLAC,2026-10-02,2026-10-02T12:50:10.224096-04:00,206.91,0.4762
XENE-20261002T16132391611,XENE,2026-10-02,2026-10-02T12:50:10.224096-04:00,37.5737,0.625
COHR-20261002T16235588795,COHR,2026-10-02,2026-10-02T12:50:10.224096-04:00,331.995,0.9295
P-20261002T16424090418,P,2026-10-02,2026-10-02T12:50:10.224096-04:00,138.23,0.1589
EPAM-20261002T16001708527,EPAM,2026-10-02,2026-10-02T12:50:20.449566-04:00,109.3649,0.2145
KLAC-20261002T16034162944,KLAC,2026-10-02,2026-10-02T12:50:20.449566-04:00,206.9,0.481
XENE-20261002T16132391611,XENE,2026-10-02,2026-10-02T12:50:20.449566-04:00,37.57,0.6348
COHR-20261002T16235588795,COHR,2026-10-02,2026-10-02T12:50:20.449566-04:00,331.995,0.9295
P-20261002T16424090418,P,2026-10-02,2026-10-02T12:50:20.449566-04:00,138.2491,0.1451
EPAM-20261002T16001708527,EPAM,2026-10-02,2026-10-02T12:50:30.610043-04:00,109.4101,0.1733
KLAC-20261002T16034162944,KLAC,2026-10-02,2026-10-02T12:50:30.610043-04:00,206.91,0.4762
XENE-20261002T16132391611,XENE,2026-10-02,2026-10-02T12:50:30.610043-04:00,37.57,0.6348
COHR-20261002T16235588795,COHR,2026-10-02,2026-10-02T12:50:30.610043-04:00,332.1219,0.8917
P-20261002T16424090418,P,2026-10-02,2026-10-02T12:50:30.610043-04:00,138.2414,0.1507
EPAM-20261002T16001708527,EPAM,2026-10-02,2026-10-02T12:50:40.811039-04:00,109.51,0.0821
KLAC-20261002T16034162944,KLAC,2026-10-02,2026-10-02T12:50:40.811039-04:00,206.87,0.4954
XENE-20261002T16132391611,XENE,2026-10-02,2026-10-02T12:50:40.811039-04:00,37.5694,0.6363
COHR-20261002T16235588795,COHR,2026-10-02,2026-10-02T12:50:40.811039-04:00,332.1468,0.8842
P-20261002T16424090418,P,2026-10-02,2026-10-02T12:50:40.811039-04:00,138.2324,0.1572
EPAM-20261002T16001708527,EPAM,2026-10-02,2026-10-02T12:50:51.137830-04:00,109.51,0.0821
KLAC-20261002T16034162944,KLAC,2026-10-02,2026-10-02T12:50:51.137830-04:00,206.885,0.4882
XENE-20261002T16132391611,XENE,2026-10-02,2026-10-02T12:50:51.137830-04:00,37.57,0.6348
COHR-20261002T16235588795,COHR,2026-10-02,2026-10-02T12:50:51.137830-04:00,332.1075,0.896
P-20261002T16424090418,P,2026-10-02,2026-10-02T12:50:51.137830-04:00,138.3419,0.0781
EPAM-20261002T16001708527,EPAM,2026-10-02,2026-10-02T12:51:01.288420-04:00,109.4098,0.1735
KLAC-20261002T16034162944,KLAC,2026-10-02,2026-10-02T12:51:01.288420-04:00,206.98,0.4425
XENE-20261002T16132391611,XENE,2026-10-02,2026-10-02T12:51:01.288420-04:00,37.5125,0.7868
COHR-20261002T16235588795,COHR,2026-10-02,2026-10-02T12:51:01.288420-04:00,332.3023,0.8378
P-20261002T16424090418,P,2026-10-02,2026-10-02T12:51:01.288420-04:00,138.185,0.1914
EPAM-20261002T16001708527,EPAM,2026-10-02,2026-10-02T12:51:11.498455-04:00,109.26,0.3102
KLAC-20261002T16034162944,KLAC,2026-10-02,2026-10-02T12:51:11.498455-04:00,206.925,0.469
XENE-20261002T16132391611,XENE,2026-10-02,2026-10-02T12:51:11.498455-04:00,37.5178,0.7728
COHR-20261002T16235588795,COHR,2026-10-02,2026-10-02T12:51:11.498455-04:00,332.2,0.8684
P-20261002T16424090418,P,2026-10-02,2026-10-02T12:51:11.498455-04:00,138.2365,0.1542
EPAM-20261002T16001708527,EPAM,2026-10-02,2026-10-02T12:51:21.813925-04:00,109.3767,0.2037
KLAC-20261002T16034162944,KLAC,2026-10-02,2026-10-02T12:51:21.813925-04:00,206.9207,0.471
XENE-20261002T16132391611,XENE,2026-10-02,2026-10-02T12:51:21.813925-04:00,37.55,0.6876
COHR-20261002T16235588795,COHR,2026-10-02,2026-10-02T12:51:21.813925-04:00,332.0303,0.919
P-20261002T16424090418,P,2026-10-02,2026-10-02T12:51:21.813925-04:00,138.28,0.1228
EPAM-20261002T16001708527,EPAM,2026-10-02,2026-10-02T12:51:32.166453-04:00,109.4,0.1825
KLAC-20261002T16034162944,KLAC,2026-10-02,2026-10-02T12:51:32.166453-04:00,207.02,0.4233
XENE-20261002T16132391611,XENE,2026-10-02,2026-10-02T12:51:32.166453-04:00,37.518,0.7723
COHR-20261002T16235588795,COHR,2026-10-02,2026-10-02T12:51:32.166453-04:00,332.19,0.8714
P-20261002T16424090418,P,2026-10-02,2026-10-02T12:51:32.166453-04:00,138.26,0.1372
EPAM-20261002T16001708527,EPAM,2026-10-02,2026-10-02T12:51:42.424253-04:00,109.3394,0.2378
KLAC-20261002T16034162944,KLAC,2026-10-02,2026-10-02T12:51:42.424253-04:00,206.99,0.4377
XENE-20261002T16132391611,XENE,2026-10-02,2026-10-02T12:51:42.424253-04:00,37.5535,0.6784
COHR-20261002T16235588795,COHR,2026-10-02,2026-10-02T12:51:42.424253-04:00,332.0435,0.9151
P-20261002T16424090418,P,2026-10-02,2026-10-02T12:51:42.424253-04:00,138.32,0.0939
EPAM-20261002T16001708527,EPAM,2026-10-02,2026-10-02T12:51:52.714973-04:00,109.18,0.3832
KLAC-20261002T16034162944,KLAC,2026-10-02,2026-10-02T12:51:52.714973-04:00,206.94,0.4618
XENE-20261002T16132391611,XENE,2026-10-02,2026-10-02T12:51:52.714973-04:00,37.51,0.7934
COHR-20261002T16235588795,COHR,2026-10-02,2026-10-02T12:51:52.714973-04:00,332.0226,0.9213
P-20261002T16424090418,P,2026-10-02,2026-10-02T12:51:52.714973-04:00,138.26,0.1372
EPAM-20261002T16001708527,EPAM,2026-10-02,2026-10-02T12:52:02.942166-04:00,109.2616,0.3088
KLAC-20261002T16034162944,KLAC,2026-10-02,2026-10-02T12:52:02.942166-04:00,207.03,0.4185
XENE-20261002T16132391611,XENE,2026-10-02,2026-10-02T12:52:02.942166-04:00,37.5325,0.7339
COHR-20261002T16235588795,COHR,2026-10-02,2026-10-02T12:52:02.942166-04:00,332.072,0.9066
P-20261002T16424090418,P,2026-10-02,2026-10-02T12:52:02.942166-04:00,138.2,0.1806
EPAM-20261002T16001708527,EPAM,2026-10-02,2026-10-02T12:52:13.496889-04:00,109.2883,0.2844
KLAC-20261002T16034162944,KLAC,2026-10-02,2026-10-02T12:52:13.496889-04:00,207.015,0.4257
XENE-20261002T16132391611,XENE,2026-10-02,2026-10-02T12:52:13.496889-04:00,37.61,0.529
COHR-20261002T16235588795,COHR,2026-10-02,2026-10-02T12:52:13.496889-04:00,332.5094,0.776
P-20261002T16424090418,P,2026-10-02,2026-10-02T12:52:13.496889-04:00,138.16,0.2095
EPAM-20261002T16001708527,EPAM,2026-10-02,2026-10-02T12:52:23.749042-04:00,109.2801,0.2919
KLAC-20261002T16034162944,KLAC,2026-10-02,2026-10-02T12:52:23.749042-04:00,207.07,0.3992
XENE-20261002T16132391611,XENE,2026-10-02,2026-10-02T12:52:23.749042-04:00,37.61,0.529
COHR-20261002T16235588795,COHR,2026-10-02,2026-10-02T12:52:23.749042-04:00,333.46,0.4924
P-20261002T16424090418,P,2026-10-02,2026-10-02T12:52:23.749042-04:00,138.2119,0.172
EPAM-20261002T16001708527,EPAM,2026-10-02,2026-10-02T12:52:33.972189-04:00,109.2453,0.3236
KLAC-20261002T16034162944,KLAC,2026-10-02,2026-10-02T12:52:33.972189-04:00,206.985,0.4401
XENE-20261002T16132391611,XENE,2026-10-02,2026-10-02T12:52:33.972189-04:00,37.5815,0.6043
COHR-20261002T16235588795,COHR,2026-10-02,2026-10-02T12:52:33.972189-04:00,333.285,0.5446
P-20261002T16424090418,P,2026-10-02,2026-10-02T12:52:33.972189-04:00,138.28,0.1228
EPAM-20261002T16001708527,EPAM,2026-10-02,2026-10-02T12:52:44.162431-04:00,109.3314,0.2451
KLAC-20261002T16034162944,KLAC,2026-10-02,2026-10-02T12:52:44.162431-04:00,206.9953,0.4352
XENE-20261002T16132391611,XENE,2026-10-02,2026-10-02T12:52:44.162431-04:00,37.5222,0.7612
COHR-20261002T16235588795,COHR,2026-10-02,2026-10-02T12:52:44.162431-04:00,333.28,0.5461
P-20261002T16424090418,P,2026-10-02,2026-10-02T12:52:44.162431-04:00,138.3,0.1083
EPAM-20261002T16001708527,EPAM,2026-10-02,2026-10-02T12:52:54.365543-04:00,109.14,0.4197
KLAC-20261002T16034162944,KLAC,2026-10-02,2026-10-02T12:52:54.365543-04:00,207.0201,0.4232
XENE-20261002T16132391611,XENE,2026-10-02,2026-10-02T12:52:54.365543-04:00,37.5339,0.7302
COHR-20261002T16235588795,COHR,2026-10-02,2026-10-02T12:52:54.365543-04:00,333.05,0.6147
P-20261002T16424090418,P,2026-10-02,2026-10-02T12:52:54.365543-04:00,138.295,0.112
EPAM-20261002T16001708527,EPAM,2026-10-02,2026-10-02T12:53:04.644832-04:00,109.215,0.3513
KLAC-20261002T16034162944,KLAC,2026-10-02,2026-10-02T12:53:04.644832-04:00,206.9977,0.434
XENE-20261002T16132391611,XENE,2026-10-02,2026-10-02T12:53:04.644832-04:00,37.534,0.73
COHR-20261002T16235588795,COHR,2026-10-02,2026-10-02T12:53:04.644832-04:00,333.175,0.5774
P-20261002T16424090418,P,2026-10-02,2026-10-02T12:53:04.644832-04:00,138.305,0.1047
EPAM-20261002T16001708527,EPAM,2026-10-02,2026-10-02T12:53:14.826776-04:00,109.2437,0.3251
KLAC-20261002T16034162944,KLAC,2026-10-02,2026-10-02T12:53:14.826776-04:00,206.9712,0.4468
XENE-20261002T16132391611,XENE,2026-10-02,2026-10-02T12:53:14.826776-04:00,37.6001,0.5551
COHR-20261002T16235588795,COHR,2026-10-02,2026-10-02T12:53:14.826776-04:00,333.2166,0.565
P-20261002T16424090418,P,2026-10-02,2026-10-02T12:53:14.826776-04:00,138.38,0.0506
EPAM-20261002T16001708527,EPAM,2026-10-02,2026-10-02T12:53:25.004589-04:00,109.339,0.2381
KLAC-20261002T16034162944,KLAC,2026-10-02,2026-10-02T12:53:25.004589-04:00,207.021,0.4228
XENE-20261002T16132391611,XENE,2026-10-02,2026-10-02T12:53:25.004589-04:00,37.6001,0.5551
COHR-20261002T16235588795,COHR,2026-10-02,2026-10-02T12:53:25.004589-04:00,333.035,0.6192
P-20261002T16424090418,P,2026-10-02,2026-10-02T12:53:25.004589-04:00,138.3063,0.1038
EPAM-20261002T16001708527,EPAM,2026-10-02,2026-10-02T12:53:35.136491-04:00,109.3503,0.2278
KLAC-20261002T16034162944,KLAC,2026-10-02,2026-10-02T12:53:35.136491-04:00,207.03,0.4185
XENE-20261002T16132391611,XENE,2026-10-02,2026-10-02T12:53:35.136491-04:00,37.625,0.4893
COHR-20261002T16235588795,COHR,2026-10-02,2026-10-02T12:53:35.136491-04:00,332.94,0.6475
P-20261002T16424090418,P,2026-10-02,2026-10-02T12:53:35.136491-04:00,138.355,0.0686
EPAM-20261002T16001708527,EPAM,2026-10-02,2026-10-02T12:53:45.297855-04:00,109.5049,0.0868
KLAC-20261002T16034162944,KLAC,2026-10-02,2026-10-02T12:53:45.297855-04:00,207.0175,0.4245
XENE-20261002T16132391611,XENE,2026-10-02,2026-10-02T12:53:45.297855-04:00,37.6253,0.4885
COHR-20261002T16235588795,COHR,2026-10-02,2026-10-02T12:53:45.297855-04:00,332.8301,0.6803
P-20261002T16424090418,P,2026-10-02,2026-10-02T12:53:45.297855-04:00,138.345,0.0758
EPAM-20261002T16001708527,EPAM,2026-10-02,2026-10-02T12:53:55.446925-04:00,109.437,0.1487
KLAC-20261002T16034162944,KLAC,2026-10-02,2026-10-02T12:53:55.446925-04:00,207.0717,0.3984
XENE-20261002T16132391611,XENE,2026-10-02,2026-10-02T12:53:55.446925-04:00,37.5381,0.7191
COHR-20261002T16235588795,COHR,2026-10-02,2026-10-02T12:53:55.446925-04:00,333.06,0.6117
P-20261002T16424090418,P,2026-10-02,2026-10-02T12:53:55.446925-04:00,138.35,0.0722
EPAM-20261002T16001708527,EPAM,2026-10-02,2026-10-02T12:54:05.626110-04:00,109.5058,0.0859
KLAC-20261002T16034162944,KLAC,2026-10-02,2026-10-02T12:54:05.626110-04:00,207.15,0.3608
XENE-20261002T16132391611,XENE,2026-10-02,2026-10-02T12:54:05.626110-04:00,37.615,0.5157
COHR-20261002T16235588795,COHR,2026-10-02,2026-10-02T12:54:05.626110-04:00,333.04,0.6177
P-20261002T16424090418,P,2026-10-02,2026-10-02T12:54:05.626110-04:00,138.97,-0.3756
KLAC-20261002T16034162944,KLAC,2026-10-02,2026-10-02T12:54:16.134864-04:00,207.18,0.3463
COHR-20261002T16235588795,COHR,2026-10-02,2026-10-02T12:54:16.134864-04:00,333.045,0.6162
P-20261002T16424090418,P,2026-10-02,2026-10-02T12:54:16.134864-04:00,139.13,-0.4912
KLAC-20261002T16034162944,KLAC,2026-10-02,2026-10-02T12:54:26.388849-04:00,207.099,0.3853
COHR-20261002T16235588795,COHR,2026-10-02,2026-10-02T12:54:26.388849-04:00,333.05,0.6147
P-20261002T16424090418,P,2026-10-02,2026-10-02T12:54:26.388849-04:00,139.1,-0.4695
KLAC-20261002T16034162944,KLAC,2026-10-02,2026-10-02T12:54:36.533458-04:00,207.0901,0.3896
COHR-20261002T16235588795,COHR,2026-10-02,2026-10-02T12:54:36.533458-04:00,333.185,0.5744
P-20261002T16424090418,P,2026-10-02,2026-10-02T12:54:36.533458-04:00,139.24,-0.5706
KLAC-20261002T16034162944,KLAC,2026-10-02,2026-10-02T12:54:46.672480-04:00,206.9641,0.4502
COHR-20261002T16235588795,COHR,2026-10-02,2026-10-02T12:54:46.672480-04:00,333.04,0.6177
P-20261002T16424090418,P,2026-10-02,2026-10-02T12:54:46.672480-04:00,139.24,-0.5706
KLAC-20261002T16034162944,KLAC,2026-10-02,2026-10-02T12:54:56.835012-04:00,207.155,0.3583
COHR-20261002T16235588795,COHR,2026-10-02,2026-10-02T12:54:56.835012-04:00,333.0904,0.6027
P-20261002T16424090418,P,2026-10-02,2026-10-02T12:54:56.835012-04:00,139.26,-0.585
KLAC-20261002T16034162944,KLAC,2026-10-02,2026-10-02T12:55:06.986063-04:00,207.17,0.3511
COHR-20261002T16235588795,COHR,2026-10-02,2026-10-02T12:55:06.986063-04:00,333.015,0.6252
P-20261002T16424090418,P,2026-10-02,2026-10-02T12:55:06.986063-04:00,139.41,-0.6934
KLAC-20261002T16034162944,KLAC,2026-10-02,2026-10-02T12:55:17.301340-04:00,207.17,0.3511
COHR-20261002T16235588795,COHR,2026-10-02,2026-10-02T12:55:17.301340-04:00,333.0838,0.6046
P-20261002T16424090418,P,2026-10-02,2026-10-02T12:55:17.301340-04:00,139.41,-0.5543
KLAC-20261002T16034162944,KLAC,2026-10-02,2026-10-02T12:55:27.625240-04:00,207.215,0.3295
COHR-20261002T16235588795,COHR,2026-10-02,2026-10-02T12:55:27.625240-04:00,333.0595,0.6119
KLAC-20261002T16034162944,KLAC,2026-10-02,2026-10-02T12:55:37.771713-04:00,207.195,0.3391
COHR-20261002T16235588795,COHR,2026-10-02,2026-10-02T12:55:37.771713-04:00,333.076,0.607
KLAC-20261002T16034162944,KLAC,2026-10-02,2026-10-02T12:55:48.004362-04:00,207.25,0.3127
COHR-20261002T16235588795,COHR,2026-10-02,2026-10-02T12:55:48.004362-04:00,333.21,0.567
KLAC-20261002T16034162944,KLAC,2026-10-02,2026-10-02T12:55:58.203164-04:00,207.22,0.3271
COHR-20261002T16235588795,COHR,2026-10-02,2026-10-02T12:55:58.203164-04:00,333.25,0.555
KLAC-20261002T16034162944,KLAC,2026-10-02,2026-10-02T12:56:08.351396-04:00,207.24,0.3175
COHR-20261002T16235588795,COHR,2026-10-02,2026-10-02T12:56:08.351396-04:00,333.1,0.5998
KLAC-20261002T16034162944,KLAC,2026-10-02,2026-10-02T12:56:18.670921-04:00,207.295,0.291
KLAC-20261002T16034162944,KLAC,2026-10-02,2026-10-02T12:56:28.798052-04:00,207.345,0.267
KLAC-20261002T16034162944,KLAC,2026-10-02,2026-10-02T12:56:38.932094-04:00,207.1501,0.3607
KLAC-20261002T16034162944,KLAC,2026-10-02,2026-10-02T12:56:49.131027-04:00,207.33,0.2742
KLAC-20261002T16034162944,KLAC,2026-10-02,2026-10-02T12:56:59.254569-04:00,207.34,0.2694
KLAC-20261002T16034162944,KLAC,2026-10-02,2026-10-02T12:57:09.409709-04:00,207.0423,0.4126
KLAC-20261002T16034162944,KLAC,2026-10-02,2026-10-02T12:57:19.713996-04:00,207.465,0.2092
KLAC-20261002T16034162944,KLAC,2026-10-02,2026-10-02T12:57:29.836955-04:00,207.375,0.2525
KLAC-20261002T16034162944,KLAC,2026-10-02,2026-10-02T12:57:39.945946-04:00,207.475,0.2044
KLAC-20261002T16034162944,KLAC,2026-10-02,2026-10-02T12:57:50.071807-04:00,207.52,0.1828
KLAC-20261002T16034162944,KLAC,2026-10-02,2026-10-02T12:58:00.225320-04:00,207.51,0.1876
TWLO-20261002T17000250438,TWLO,2026-10-02,2026-10-02T13:00:22.728599-04:00,295.4822,-0.3267
TWLO-20261002T17000250438,TWLO,2026-10-02,2026-10-02T13:00:33.017217-04:00,294.555,-0.0119
TWLO-20261002T17000250438,TWLO,2026-10-02,2026-10-02T13:00:43.350627-04:00,294.57,-0.017
TWLO-20261002T17000250438,TWLO,2026-10-02,2026-10-02T13:00:53.541741-04:00,294.605,-0.0289
PRIM-20261002T17003334668,PRIM,2026-10-02,2026-10-02T13:00:53.541741-04:00,78.4691,-0.1904
TWLO-20261002T17000250438,TWLO,2026-10-02,2026-10-02T13:01:03.738584-04:00,295.2265,-0.2399
PRIM-20261002T17003334668,PRIM,2026-10-02,2026-10-02T13:01:03.738584-04:00,78.45,-0.166
TWLO-20261002T17000250438,TWLO,2026-10-02,2026-10-02T13:01:13.976412-04:00,294.655,-0.0458
PRIM-20261002T17003334668,PRIM,2026-10-02,2026-10-02T13:01:13.976412-04:00,78.56,-0.3064
TWLO-20261002T17000250438,TWLO,2026-10-02,2026-10-02T13:01:24.246122-04:00,294.61,-0.0306
PRIM-20261002T17003334668,PRIM,2026-10-02,2026-10-02T13:01:24.246122-04:00,78.46,-0.1788
TWLO-20261002T17000250438,TWLO,2026-10-02,2026-10-02T13:01:34.524634-04:00,294.87,-0.1188
PRIM-20261002T17003334668,PRIM,2026-10-02,2026-10-02T13:01:34.524634-04:00,78.5148,-0.2487
TWLO-20261002T17000250438,TWLO,2026-10-02,2026-10-02T13:01:44.774095-04:00,295.087,-0.1925
PRIM-20261002T17003334668,PRIM,2026-10-02,2026-10-02T13:01:44.774095-04:00,78.48,-0.2043
TWLO-20261002T17000250438,TWLO,2026-10-02,2026-10-02T13:01:54.966737-04:00,294.715,-0.0662
PRIM-20261002T17003334668,PRIM,2026-10-02,2026-10-02T13:01:54.966737-04:00,78.49,-0.2171
TWLO-20261002T17000250438,TWLO,2026-10-02,2026-10-02T13:02:05.134072-04:00,294.715,-0.0662
PRIM-20261002T17003334668,PRIM,2026-10-02,2026-10-02T13:02:05.134072-04:00,78.49,-0.2171
TWLO-20261002T17000250438,TWLO,2026-10-02,2026-10-02T13:02:15.391781-04:00,294.5,0.0068
PRIM-20261002T17003334668,PRIM,2026-10-02,2026-10-02T13:02:15.391781-04:00,78.45,-0.166
TWLO-20261002T17000250438,TWLO,2026-10-02,2026-10-02T13:02:26.065613-04:00,294.5926,-0.0247
PRIM-20261002T17003334668,PRIM,2026-10-02,2026-10-02T13:02:26.065613-04:00,78.5466,-0.2893
TWLO-20261002T17000250438,TWLO,2026-10-02,2026-10-02T13:02:36.232266-04:00,294.33,0.0645
PRIM-20261002T17003334668,PRIM,2026-10-02,2026-10-02T13:02:36.232266-04:00,78.5469,-0.2897
TWLO-20261002T17000250438,TWLO,2026-10-02,2026-10-02T13:02:46.394128-04:00,294.59,-0.0238
PRIM-20261002T17003334668,PRIM,2026-10-02,2026-10-02T13:02:46.394128-04:00,78.5482,-0.2914
TWLO-20261002T17000250438,TWLO,2026-10-02,2026-10-02T13:02:56.674843-04:00,294.6919,-0.0584
PRIM-20261002T17003334668,PRIM,2026-10-02,2026-10-02T13:02:56.674843-04:00,78.5184,-0.2533
TWLO-20261002T17000250438,TWLO,2026-10-02,2026-10-02T13:03:06.860541-04:00,294.7,-0.0611
PRIM-20261002T17003334668,PRIM,2026-10-02,2026-10-02T13:03:06.860541-04:00,78.5427,-0.2843
TWLO-20261002T17000250438,TWLO,2026-10-02,2026-10-02T13:03:17.128145-04:00,294.6065,-0.0294
PRIM-20261002T17003334668,PRIM,2026-10-02,2026-10-02T13:03:17.128145-04:00,78.525,-0.2617
TWLO-20261002T17000250438,TWLO,2026-10-02,2026-10-02T13:03:27.357978-04:00,294.5964,-0.0259
PRIM-20261002T17003334668,PRIM,2026-10-02,2026-10-02T13:03:27.357978-04:00,78.5545,-0.2994
TWLO-20261002T17000250438,TWLO,2026-10-02,2026-10-02T13:03:37.596493-04:00,294.55,-0.0102
PRIM-20261002T17003334668,PRIM,2026-10-02,2026-10-02T13:03:37.596493-04:00,78.5232,-0.2594
TWLO-20261002T17000250438,TWLO,2026-10-02,2026-10-02T13:03:47.743991-04:00,294.7775,-0.0874
PRIM-20261002T17003334668,PRIM,2026-10-02,2026-10-02T13:03:47.743991-04:00,78.5672,-0.3156
TWLO-20261002T17000250438,TWLO,2026-10-02,2026-10-02T13:03:57.915595-04:00,294.6535,-0.0453
PRIM-20261002T17003334668,PRIM,2026-10-02,2026-10-02T13:03:57.915595-04:00,78.5284,-0.2661
TWLO-20261002T17000250438,TWLO,2026-10-02,2026-10-02T13:04:08.083117-04:00,294.6625,-0.0484
PRIM-20261002T17003334668,PRIM,2026-10-02,2026-10-02T13:04:08.083117-04:00,78.5732,-0.3233
TWLO-20261002T17000250438,TWLO,2026-10-02,2026-10-02T13:04:18.211478-04:00,294.47,0.017
PRIM-20261002T17003334668,PRIM,2026-10-02,2026-10-02T13:04:18.211478-04:00,78.5734,-0.3235
TWLO-20261002T17000250438,TWLO,2026-10-02,2026-10-02T13:04:28.350745-04:00,294.66,-0.0475
PRIM-20261002T17003334668,PRIM,2026-10-02,2026-10-02T13:04:28.350745-04:00,78.5715,-0.3211
TWLO-20261002T17000250438,TWLO,2026-10-02,2026-10-02T13:04:38.521203-04:00,294.6,-0.0272
PRIM-20261002T17003334668,PRIM,2026-10-02,2026-10-02T13:04:38.521203-04:00,78.525,-0.2617
TWLO-20261002T17000250438,TWLO,2026-10-02,2026-10-02T13:04:48.666437-04:00,294.6482,-0.0435
PRIM-20261002T17003334668,PRIM,2026-10-02,2026-10-02T13:04:48.666437-04:00,78.5225,-0.2586
TWLO-20261002T17000250438,TWLO,2026-10-02,2026-10-02T13:04:58.798050-04:00,294.6,-0.0272
PRIM-20261002T17003334668,PRIM,2026-10-02,2026-10-02T13:04:58.798050-04:00,78.48,-0.2043
TWLO-20261002T17000250438,TWLO,2026-10-02,2026-10-02T13:05:08.984164-04:00,294.735,-0.073
PRIM-20261002T17003334668,PRIM,2026-10-02,2026-10-02T13:05:08.984164-04:00,78.5435,-0.2854
TWLO-20261002T17000250438,TWLO,2026-10-02,2026-10-02T13:05:19.237946-04:00,294.86,-0.1154
PRIM-20261002T17003334668,PRIM,2026-10-02,2026-10-02T13:05:19.237946-04:00,78.4817,-0.2065
TWLO-20261002T17000250438,TWLO,2026-10-02,2026-10-02T13:05:29.435792-04:00,295.0921,-0.1942
PRIM-20261002T17003334668,PRIM,2026-10-02,2026-10-02T13:05:29.435792-04:00,78.48,-0.2043
TWLO-20261002T17000250438,TWLO,2026-10-02,2026-10-02T13:05:39.617743-04:00,294.8,-0.0951
PRIM-20261002T17003334668,PRIM,2026-10-02,2026-10-02T13:05:39.617743-04:00,78.525,-0.2617
TWLO-20261002T17000250438,TWLO,2026-10-02,2026-10-02T13:05:49.851623-04:00,294.7568,-0.0804
PRIM-20261002T17003334668,PRIM,2026-10-02,2026-10-02T13:05:49.851623-04:00,78.525,-0.2617
TWLO-20261002T17000250438,TWLO,2026-10-02,2026-10-02T13:06:00.054708-04:00,294.8808,-0.1225
PRIM-20261002T17003334668,PRIM,2026-10-02,2026-10-02T13:06:00.054708-04:00,78.4856,-0.2114
TWLO-20261002T17000250438,TWLO,2026-10-02,2026-10-02T13:06:10.323449-04:00,294.9353,-0.141
PRIM-20261002T17003334668,PRIM,2026-10-02,2026-10-02T13:06:10.323449-04:00,78.48,-0.2043
TWLO-20261002T17000250438,TWLO,2026-10-02,2026-10-02T13:06:20.496095-04:00,294.8405,-0.1088
PRIM-20261002T17003334668,PRIM,2026-10-02,2026-10-02T13:06:20.496095-04:00,78.48,-0.2043
TWLO-20261002T17000250438,TWLO,2026-10-02,2026-10-02T13:06:30.631688-04:00,295.0054,-0.1648
PRIM-20261002T17003334668,PRIM,2026-10-02,2026-10-02T13:06:30.631688-04:00,78.4936,-0.2217
TWLO-20261002T17000250438,TWLO,2026-10-02,2026-10-02T13:06:40.848480-04:00,294.805,-0.0968
PRIM-20261002T17003334668,PRIM,2026-10-02,2026-10-02T13:06:40.848480-04:00,78.5238,-0.2602
TWLO-20261002T17000250438,TWLO,2026-10-02,2026-10-02T13:06:51.015023-04:00,294.785,-0.09
PRIM-20261002T17003334668,PRIM,2026-10-02,2026-10-02T13:06:51.015023-04:00,78.465,-0.1851
TWLO-20261002T17000250438,TWLO,2026-10-02,2026-10-02T13:07:01.182642-04:00,294.9249,-0.1375
PRIM-20261002T17003334668,PRIM,2026-10-02,2026-10-02T13:07:01.182642-04:00,78.523,-0.2592
TWLO-20261002T17000250438,TWLO,2026-10-02,2026-10-02T13:07:11.295872-04:00,294.9079,-0.1317
PRIM-20261002T17003334668,PRIM,2026-10-02,2026-10-02T13:07:11.295872-04:00,78.523,-0.2592
TWLO-20261002T17000250438,TWLO,2026-10-02,2026-10-02T13:07:21.417561-04:00,294.905,-0.1307
PRIM-20261002T17003334668,PRIM,2026-10-02,2026-10-02T13:07:21.417561-04:00,78.5156,-0.2497
TWLO-20261002T17000250438,TWLO,2026-10-02,2026-10-02T13:07:31.863299-04:00,294.65,-0.0441
PRIM-20261002T17003334668,PRIM,2026-10-02,2026-10-02T13:07:31.863299-04:00,78.501,-0.2311
TWLO-20261002T17000250438,TWLO,2026-10-02,2026-10-02T13:07:42.055743-04:00,294.71,-0.0645
PRIM-20261002T17003334668,PRIM,2026-10-02,2026-10-02T13:07:42.055743-04:00,78.4948,-0.2232
XENE-20261002T17072186222,XENE,2026-10-02,2026-10-02T13:07:42.055743-04:00,37.4,0.0534
TWLO-20261002T17000250438,TWLO,2026-10-02,2026-10-02T13:07:52.168001-04:00,294.6775,-0.0535
PRIM-20261002T17003334668,PRIM,2026-10-02,2026-10-02T13:07:52.168001-04:00,78.31,0.0128
XENE-20261002T17072186222,XENE,2026-10-02,2026-10-02T13:07:52.168001-04:00,37.4,0.0534
TWLO-20261002T17000250438,TWLO,2026-10-02,2026-10-02T13:08:02.287042-04:00,294.7499,-0.0781
PRIM-20261002T17003334668,PRIM,2026-10-02,2026-10-02T13:08:02.287042-04:00,78.43,-0.1404
XENE-20261002T17072186222,XENE,2026-10-02,2026-10-02T13:08:02.287042-04:00,37.5656,-0.3891
TWLO-20261002T17000250438,TWLO,2026-10-02,2026-10-02T13:08:12.499519-04:00,294.85,-0.112
PRIM-20261002T17003334668,PRIM,2026-10-02,2026-10-02T13:08:12.499519-04:00,78.4637,-0.1835
XENE-20261002T17072186222,XENE,2026-10-02,2026-10-02T13:08:12.499519-04:00,37.5656,-0.3891
TWLO-20261002T17000250438,TWLO,2026-10-02,2026-10-02T13:08:22.627498-04:00,294.695,-0.0594
PRIM-20261002T17003334668,PRIM,2026-10-02,2026-10-02T13:08:22.627498-04:00,78.4975,-0.2266
XENE-20261002T17072186222,XENE,2026-10-02,2026-10-02T13:08:22.627498-04:00,37.5651,-0.3878
ON-20261002T17080249845,ON,2026-10-02,2026-10-02T13:08:22.627498-04:00,84.33,-0.0831
TWLO-20261002T17000250438,TWLO,2026-10-02,2026-10-02T13:08:32.738386-04:00,294.8539,-0.1134
PRIM-20261002T17003334668,PRIM,2026-10-02,2026-10-02T13:08:32.738386-04:00,78.43,-0.1404
XENE-20261002T17072186222,XENE,2026-10-02,2026-10-02T13:08:32.738386-04:00,37.464,-0.1176
ON-20261002T17080249845,ON,2026-10-02,2026-10-02T13:08:32.738386-04:00,84.33,-0.0831
TWLO-20261002T17000250438,TWLO,2026-10-02,2026-10-02T13:08:42.836450-04:00,294.72,-0.0679
PRIM-20261002T17003334668,PRIM,2026-10-02,2026-10-02T13:08:42.836450-04:00,78.3725,-0.067
XENE-20261002T17072186222,XENE,2026-10-02,2026-10-02T13:08:42.836450-04:00,37.43,-0.0267
ON-20261002T17080249845,ON,2026-10-02,2026-10-02T13:08:42.836450-04:00,84.31,-0.0593
TWLO-20261002T17000250438,TWLO,2026-10-02,2026-10-02T13:08:52.962159-04:00,294.68,-0.0543
PRIM-20261002T17003334668,PRIM,2026-10-02,2026-10-02T13:08:52.962159-04:00,78.4595,-0.1781
XENE-20261002T17072186222,XENE,2026-10-02,2026-10-02T13:08:52.962159-04:00,37.41,0.0267
ON-20261002T17080249845,ON,2026-10-02,2026-10-02T13:08:52.962159-04:00,84.3,-0.0475
TWLO-20261002T17000250438,TWLO,2026-10-02,2026-10-02T13:09:03.086217-04:00,294.68,-0.0543
PRIM-20261002T17003334668,PRIM,2026-10-02,2026-10-02T13:09:03.086217-04:00,78.4007,-0.103
XENE-20261002T17072186222,XENE,2026-10-02,2026-10-02T13:09:03.086217-04:00,37.44,-0.0534
ON-20261002T17080249845,ON,2026-10-02,2026-10-02T13:09:03.086217-04:00,84.295,-0.0415
TWLO-20261002T17000250438,TWLO,2026-10-02,2026-10-02T13:09:13.266216-04:00,294.8034,-0.0962
PRIM-20261002T17003334668,PRIM,2026-10-02,2026-10-02T13:09:13.266216-04:00,78.391,-0.0907
XENE-20261002T17072186222,XENE,2026-10-02,2026-10-02T13:09:13.266216-04:00,37.44,-0.0534
ON-20261002T17080249845,ON,2026-10-02,2026-10-02T13:09:13.266216-04:00,84.295,-0.0415
TWLO-20261002T17000250438,TWLO,2026-10-02,2026-10-02T13:09:23.444127-04:00,294.7,-0.0611
PRIM-20261002T17003334668,PRIM,2026-10-02,2026-10-02T13:09:23.444127-04:00,78.451,-0.1673
XENE-20261002T17072186222,XENE,2026-10-02,2026-10-02T13:09:23.444127-04:00,37.495,-0.2004
ON-20261002T17080249845,ON,2026-10-02,2026-10-02T13:09:23.444127-04:00,84.25,0.0119
TWLO-20261002T17000250438,TWLO,2026-10-02,2026-10-02T13:09:33.634678-04:00,294.8203,-0.102
PRIM-20261002T17003334668,PRIM,2026-10-02,2026-10-02T13:09:33.634678-04:00,78.4006,-0.1029
XENE-20261002T17072186222,XENE,2026-10-02,2026-10-02T13:09:33.634678-04:00,37.495,-0.2004
ON-20261002T17080249845,ON,2026-10-02,2026-10-02T13:09:33.634678-04:00,84.18,0.0949
TWLO-20261002T17000250438,TWLO,2026-10-02,2026-10-02T13:09:43.822913-04:00,295.165,-0.219
PRIM-20261002T17003334668,PRIM,2026-10-02,2026-10-02T13:09:43.822913-04:00,78.41,-0.1149
XENE-20261002T17072186222,XENE,2026-10-02,2026-10-02T13:09:43.822913-04:00,37.49,-0.1871
ON-20261002T17080249845,ON,2026-10-02,2026-10-02T13:09:43.822913-04:00,84.2,0.0712
TWLO-20261002T17000250438,TWLO,2026-10-02,2026-10-02T13:09:53.999385-04:00,294.7253,-0.0697
PRIM-20261002T17003334668,PRIM,2026-10-02,2026-10-02T13:09:53.999385-04:00,78.3959,-0.0969
XENE-20261002T17072186222,XENE,2026-10-02,2026-10-02T13:09:53.999385-04:00,37.49,-0.1871
ON-20261002T17080249845,ON,2026-10-02,2026-10-02T13:09:53.999385-04:00,84.16,0.1187
TWLO-20261002T17000250438,TWLO,2026-10-02,2026-10-02T13:10:04.241919-04:00,294.9285,-0.1387
PRIM-20261002T17003334668,PRIM,2026-10-02,2026-10-02T13:10:04.241919-04:00,78.42,-0.1277
XENE-20261002T17072186222,XENE,2026-10-02,2026-10-02T13:10:04.241919-04:00,37.5,-0.2138
ON-20261002T17080249845,ON,2026-10-02,2026-10-02T13:10:04.241919-04:00,84.165,0.1127
TWLO-20261002T17000250438,TWLO,2026-10-02,2026-10-02T13:10:14.601794-04:00,294.44,0.0272
PRIM-20261002T17003334668,PRIM,2026-10-02,2026-10-02T13:10:14.601794-04:00,78.4261,-0.1355
XENE-20261002T17072186222,XENE,2026-10-02,2026-10-02T13:10:14.601794-04:00,37.4722,-0.1395
ON-20261002T17080249845,ON,2026-10-02,2026-10-02T13:10:14.601794-04:00,84.2,0.0712
MRVL-20261002T17095423072,MRVL,2026-10-02,2026-10-02T13:10:14.601794-04:00,273.7634,-0.0963
TWLO-20261002T17000250438,TWLO,2026-10-02,2026-10-02T13:10:24.842023-04:00,294.57,-0.017
PRIM-20261002T17003334668,PRIM,2026-10-02,2026-10-02T13:10:24.842023-04:00,78.3965,-0.0977
XENE-20261002T17072186222,XENE,2026-10-02,2026-10-02T13:10:24.842023-04:00,37.464,-0.1176
ON-20261002T17080249845,ON,2026-10-02,2026-10-02T13:10:24.842023-04:00,84.2,0.0712
MRVL-20261002T17095423072,MRVL,2026-10-02,2026-10-02T13:10:24.842023-04:00,273.7452,-0.0897
TWLO-20261002T17000250438,TWLO,2026-10-02,2026-10-02T13:10:35.039131-04:00,294.8322,-0.106
PRIM-20261002T17003334668,PRIM,2026-10-02,2026-10-02T13:10:35.039131-04:00,78.385,-0.083
XENE-20261002T17072186222,XENE,2026-10-02,2026-10-02T13:10:35.039131-04:00,37.52,-0.2672
ON-20261002T17080249845,ON,2026-10-02,2026-10-02T13:10:35.039131-04:00,84.17,0.1068
MRVL-20261002T17095423072,MRVL,2026-10-02,2026-10-02T13:10:35.039131-04:00,273.6094,-0.04
TWLO-20261002T17000250438,TWLO,2026-10-02,2026-10-02T13:10:45.314763-04:00,294.8281,-0.1046
PRIM-20261002T17003334668,PRIM,2026-10-02,2026-10-02T13:10:45.314763-04:00,78.3925,-0.0926
XENE-20261002T17072186222,XENE,2026-10-02,2026-10-02T13:10:45.314763-04:00,37.52,-0.2672
ON-20261002T17080249845,ON,2026-10-02,2026-10-02T13:10:45.314763-04:00,84.189,0.0843
MRVL-20261002T17095423072,MRVL,2026-10-02,2026-10-02T13:10:45.314763-04:00,273.65,-0.0548
TWLO-20261002T17000250438,TWLO,2026-10-02,2026-10-02T13:10:55.540120-04:00,294.6671,-0.0499
PRIM-20261002T17003334668,PRIM,2026-10-02,2026-10-02T13:10:55.540120-04:00,78.3968,-0.0981
XENE-20261002T17072186222,XENE,2026-10-02,2026-10-02T13:10:55.540120-04:00,37.4469,-0.0719
ON-20261002T17080249845,ON,2026-10-02,2026-10-02T13:10:55.540120-04:00,84.2,0.0712
MRVL-20261002T17095423072,MRVL,2026-10-02,2026-10-02T13:10:55.540120-04:00,273.71,-0.0768
TWLO-20261002T17000250438,TWLO,2026-10-02,2026-10-02T13:11:05.783378-04:00,294.5931,-0.0248
PRIM-20261002T17003334668,PRIM,2026-10-02,2026-10-02T13:11:05.783378-04:00,78.385,-0.083
XENE-20261002T17072186222,XENE,2026-10-02,2026-10-02T13:11:05.783378-04:00,37.4469,-0.0719
ON-20261002T17080249845,ON,2026-10-02,2026-10-02T13:11:05.783378-04:00,84.23,0.0356
MRVL-20261002T17095423072,MRVL,2026-10-02,2026-10-02T13:11:05.783378-04:00,273.78,-0.1024
TWLO-20261002T17000250438,TWLO,2026-10-02,2026-10-02T13:11:16.013689-04:00,294.7512,-0.0785
PRIM-20261002T17003334668,PRIM,2026-10-02,2026-10-02T13:11:16.013689-04:00,78.385,-0.083
XENE-20261002T17072186222,XENE,2026-10-02,2026-10-02T13:11:16.013689-04:00,37.51,-0.2405
ON-20261002T17080249845,ON,2026-10-02,2026-10-02T13:11:16.013689-04:00,84.221,0.0463
MRVL-20261002T17095423072,MRVL,2026-10-02,2026-10-02T13:11:16.013689-04:00,273.705,-0.075
TWLO-20261002T17000250438,TWLO,2026-10-02,2026-10-02T13:11:26.284647-04:00,294.43,0.0306
PRIM-20261002T17003334668,PRIM,2026-10-02,2026-10-02T13:11:26.284647-04:00,78.39,-0.0894
XENE-20261002T17072186222,XENE,2026-10-02,2026-10-02T13:11:26.284647-04:00,37.52,-0.2672
ON-20261002T17080249845,ON,2026-10-02,2026-10-02T13:11:26.284647-04:00,84.2,0.0712
MRVL-20261002T17095423072,MRVL,2026-10-02,2026-10-02T13:11:26.284647-04:00,273.57,-0.0256
TWLO-20261002T17000250438,TWLO,2026-10-02,2026-10-02T13:11:36.486163-04:00,294.42,0.034
PRIM-20261002T17003334668,PRIM,2026-10-02,2026-10-02T13:11:36.486163-04:00,78.4245,-0.1334
XENE-20261002T17072186222,XENE,2026-10-02,2026-10-02T13:11:36.486163-04:00,37.48,-0.1603
ON-20261002T17080249845,ON,2026-10-02,2026-10-02T13:11:36.486163-04:00,84.18,0.0949
MRVL-20261002T17095423072,MRVL,2026-10-02,2026-10-02T13:11:36.486163-04:00,273.6074,-0.0393
TWLO-20261002T17000250438,TWLO,2026-10-02,2026-10-02T13:11:46.650496-04:00,294.4998,0.0069
PRIM-20261002T17003334668,PRIM,2026-10-02,2026-10-02T13:11:46.650496-04:00,78.4068,-0.1108
XENE-20261002T17072186222,XENE,2026-10-02,2026-10-02T13:11:46.650496-04:00,37.4691,-0.1312
ON-20261002T17080249845,ON,2026-10-02,2026-10-02T13:11:46.650496-04:00,84.2902,-0.0358
MRVL-20261002T17095423072,MRVL,2026-10-02,2026-10-02T13:11:46.650496-04:00,273.6527,-0.0558
TWLO-20261002T17000250438,TWLO,2026-10-02,2026-10-02T13:11:56.807513-04:00,294.49,0.0102
PRIM-20261002T17003334668,PRIM,2026-10-02,2026-10-02T13:11:56.807513-04:00,78.4498,-0.1657
XENE-20261002T17072186222,XENE,2026-10-02,2026-10-02T13:11:56.807513-04:00,37.5231,-0.2755
ON-20261002T17080249845,ON,2026-10-02,2026-10-02T13:11:56.807513-04:00,84.2073,0.0625
MRVL-20261002T17095423072,MRVL,2026-10-02,2026-10-02T13:11:56.807513-04:00,273.565,-0.0238
TWLO-20261002T17000250438,TWLO,2026-10-02,2026-10-02T13:12:06.948302-04:00,294.54,-0.0068
PRIM-20261002T17003334668,PRIM,2026-10-02,2026-10-02T13:12:06.948302-04:00,78.385,-0.083
XENE-20261002T17072186222,XENE,2026-10-02,2026-10-02T13:12:06.948302-04:00,37.505,-0.2272
ON-20261002T17080249845,ON,2026-10-02,2026-10-02T13:12:06.948302-04:00,84.225,0.0415
MRVL-20261002T17095423072,MRVL,2026-10-02,2026-10-02T13:12:06.948302-04:00,273.54,-0.0146
TWLO-20261002T17000250438,TWLO,2026-10-02,2026-10-02T13:12:17.076978-04:00,294.3423,0.0603
PRIM-20261002T17003334668,PRIM,2026-10-02,2026-10-02T13:12:17.076978-04:00,78.4213,-0.1293
XENE-20261002T17072186222,XENE,2026-10-02,2026-10-02T13:12:17.076978-04:00,37.4975,-0.2071
ON-20261002T17080249845,ON,2026-10-02,2026-10-02T13:12:17.076978-04:00,84.195,0.0771
MRVL-20261002T17095423072,MRVL,2026-10-02,2026-10-02T13:12:17.076978-04:00,273.39,0.0402
TWLO-20261002T17000250438,TWLO,2026-10-02,2026-10-02T13:12:27.299016-04:00,294.346,0.0591
PRIM-20261002T17003334668,PRIM,2026-10-02,2026-10-02T13:12:27.299016-04:00,78.39,-0.0894
XENE-20261002T17072186222,XENE,2026-10-02,2026-10-02T13:12:27.299016-04:00,37.5154,-0.2549
ON-20261002T17080249845,ON,2026-10-02,2026-10-02T13:12:27.299016-04:00,84.21,0.0593
MRVL-20261002T17095423072,MRVL,2026-10-02,2026-10-02T13:12:27.299016-04:00,273.42,0.0293
TWLO-20261002T17000250438,TWLO,2026-10-02,2026-10-02T13:12:37.440681-04:00,293.85,0.2275
PRIM-20261002T17003334668,PRIM,2026-10-02,2026-10-02T13:12:37.440681-04:00,78.39,-0.0894
XENE-20261002T17072186222,XENE,2026-10-02,2026-10-02T13:12:37.440681-04:00,37.485,-0.1737
ON-20261002T17080249845,ON,2026-10-02,2026-10-02T13:12:37.440681-04:00,84.205,0.0653
MRVL-20261002T17095423072,MRVL,2026-10-02,2026-10-02T13:12:37.440681-04:00,273.4612,0.0142
TWLO-20261002T17000250438,TWLO,2026-10-02,2026-10-02T13:12:47.632920-04:00,294.6125,-0.0314
PRIM-20261002T17003334668,PRIM,2026-10-02,2026-10-02T13:12:47.632920-04:00,78.375,-0.0702
XENE-20261002T17072186222,XENE,2026-10-02,2026-10-02T13:12:47.632920-04:00,37.51,-0.2405
ON-20261002T17080249845,ON,2026-10-02,2026-10-02T13:12:47.632920-04:00,84.22,0.0475
MRVL-20261002T17095423072,MRVL,2026-10-02,2026-10-02T13:12:47.632920-04:00,273.5,-0.0
TWLO-20261002T17000250438,TWLO,2026-10-02,2026-10-02T13:12:57.755235-04:00,293.74,0.2648
PRIM-20261002T17003334668,PRIM,2026-10-02,2026-10-02T13:12:57.755235-04:00,78.3965,-0.0977
XENE-20261002T17072186222,XENE,2026-10-02,2026-10-02T13:12:57.755235-04:00,37.5162,-0.2571
ON-20261002T17080249845,ON,2026-10-02,2026-10-02T13:12:57.755235-04:00,84.205,0.0653
MRVL-20261002T17095423072,MRVL,2026-10-02,2026-10-02T13:12:57.755235-04:00,273.43,0.0256
TWLO-20261002T17000250438,TWLO,2026-10-02,2026-10-02T13:13:07.889022-04:00,294.2894,0.0783
PRIM-20261002T17003334668,PRIM,2026-10-02,2026-10-02T13:13:07.889022-04:00,78.375,-0.0702
XENE-20261002T17072186222,XENE,2026-10-02,2026-10-02T13:13:07.889022-04:00,37.46,-0.1069
ON-20261002T17080249845,ON,2026-10-02,2026-10-02T13:13:07.889022-04:00,84.205,0.0653
MRVL-20261002T17095423072,MRVL,2026-10-02,2026-10-02T13:13:07.889022-04:00,273.405,0.0347
TWLO-20261002T17000250438,TWLO,2026-10-02,2026-10-02T13:13:17.998282-04:00,293.7275,0.2691
PRIM-20261002T17003334668,PRIM,2026-10-02,2026-10-02T13:13:17.998282-04:00,78.3953,-0.0961
XENE-20261002T17072186222,XENE,2026-10-02,2026-10-02T13:13:17.998282-04:00,37.46,-0.1069
ON-20261002T17080249845,ON,2026-10-02,2026-10-02T13:13:17.998282-04:00,84.19,0.0831
MRVL-20261002T17095423072,MRVL,2026-10-02,2026-10-02T13:13:17.998282-04:00,273.4,0.0366
TWLO-20261002T17000250438,TWLO,2026-10-02,2026-10-02T13:13:28.138577-04:00,293.72,0.2716
PRIM-20261002T17003334668,PRIM,2026-10-02,2026-10-02T13:13:28.138577-04:00,78.375,-0.0702
XENE-20261002T17072186222,XENE,2026-10-02,2026-10-02T13:13:28.138577-04:00,37.4802,-0.1609
ON-20261002T17080249845,ON,2026-10-02,2026-10-02T13:13:28.138577-04:00,84.16,0.1187
MRVL-20261002T17095423072,MRVL,2026-10-02,2026-10-02T13:13:28.138577-04:00,273.4465,0.0196
TWLO-20261002T17000250438,TWLO,2026-10-02,2026-10-02T13:13:38.253129-04:00,293.72,0.2716
PRIM-20261002T17003334668,PRIM,2026-10-02,2026-10-02T13:13:38.253129-04:00,78.2898,0.0386
XENE-20261002T17072186222,XENE,2026-10-02,2026-10-02T13:13:38.253129-04:00,37.4832,-0.1689
ON-20261002T17080249845,ON,2026-10-02,2026-10-02T13:13:38.253129-04:00,84.175,0.1009
MRVL-20261002T17095423072,MRVL,2026-10-02,2026-10-02T13:13:38.253129-04:00,273.5854,-0.0312
TWLO-20261002T17000250438,TWLO,2026-10-02,2026-10-02T13:13:48.365467-04:00,293.72,0.2716
PRIM-20261002T17003334668,PRIM,2026-10-02,2026-10-02T13:13:48.365467-04:00,78.3394,-0.0248
XENE-20261002T17072186222,XENE,2026-10-02,2026-10-02T13:13:48.365467-04:00,37.46,-0.1069
ON-20261002T17080249845,ON,2026-10-02,2026-10-02T13:13:48.365467-04:00,84.3861,-0.1497
MRVL-20261002T17095423072,MRVL,2026-10-02,2026-10-02T13:13:48.365467-04:00,273.36,0.0512
TWLO-20261002T17000250438,TWLO,2026-10-02,2026-10-02T13:13:58.496209-04:00,293.73,0.2682
PRIM-20261002T17003334668,PRIM,2026-10-02,2026-10-02T13:13:58.496209-04:00,78.375,-0.0702
XENE-20261002T17072186222,XENE,2026-10-02,2026-10-02T13:13:58.496209-04:00,37.4691,-0.1312
ON-20261002T17080249845,ON,2026-10-02,2026-10-02T13:13:58.496209-04:00,84.1616,0.1168
MRVL-20261002T17095423072,MRVL,2026-10-02,2026-10-02T13:13:58.496209-04:00,273.4142,0.0314
TWLO-20261002T17000250438,TWLO,2026-10-02,2026-10-02T13:14:08.614864-04:00,293.915,0.2054
PRIM-20261002T17003334668,PRIM,2026-10-02,2026-10-02T13:14:08.614864-04:00,78.3617,-0.0532
XENE-20261002T17072186222,XENE,2026-10-02,2026-10-02T13:14:08.614864-04:00,37.4769,-0.1521
ON-20261002T17080249845,ON,2026-10-02,2026-10-02T13:14:08.614864-04:00,84.2011,0.0699
MRVL-20261002T17095423072,MRVL,2026-10-02,2026-10-02T13:14:08.614864-04:00,273.36,0.0512
TWLO-20261002T17000250438,TWLO,2026-10-02,2026-10-02T13:14:18.803529-04:00,293.92,0.2037
PRIM-20261002T17003334668,PRIM,2026-10-02,2026-10-02T13:14:18.803529-04:00,78.24,0.1021
XENE-20261002T17072186222,XENE,2026-10-02,2026-10-02T13:14:18.803529-04:00,37.4769,-0.1521
ON-20261002T17080249845,ON,2026-10-02,2026-10-02T13:14:18.803529-04:00,84.115,0.1721
MRVL-20261002T17095423072,MRVL,2026-10-02,2026-10-02T13:14:18.803529-04:00,273.325,0.064
TWLO-20261002T17000250438,TWLO,2026-10-02,2026-10-02T13:14:28.993045-04:00,293.775,0.253
PRIM-20261002T17003334668,PRIM,2026-10-02,2026-10-02T13:14:28.993045-04:00,78.2909,0.0372
XENE-20261002T17072186222,XENE,2026-10-02,2026-10-02T13:14:28.993045-04:00,37.4764,-0.1507
ON-20261002T17080249845,ON,2026-10-02,2026-10-02T13:14:28.993045-04:00,84.12,0.1662
MRVL-20261002T17095423072,MRVL,2026-10-02,2026-10-02T13:14:28.993045-04:00,273.35,0.0548
TWLO-20261002T17000250438,TWLO,2026-10-02,2026-10-02T13:14:39.227117-04:00,294.1338,0.1311
PRIM-20261002T17003334668,PRIM,2026-10-02,2026-10-02T13:14:39.227117-04:00,78.3072,0.0163
XENE-20261002T17072186222,XENE,2026-10-02,2026-10-02T13:14:39.227117-04:00,37.51,-0.2405
ON-20261002T17080249845,ON,2026-10-02,2026-10-02T13:14:39.227117-04:00,84.115,0.1721
MRVL-20261002T17095423072,MRVL,2026-10-02,2026-10-02T13:14:39.227117-04:00,273.4,0.0366
TWLO-20261002T17000250438,TWLO,2026-10-02,2026-10-02T13:14:49.435101-04:00,293.8049,0.2428
PRIM-20261002T17003334668,PRIM,2026-10-02,2026-10-02T13:14:49.435101-04:00,78.24,0.1021
XENE-20261002T17072186222,XENE,2026-10-02,2026-10-02T13:14:49.435101-04:00,37.499,-0.2111
ON-20261002T17080249845,ON,2026-10-02,2026-10-02T13:14:49.435101-04:00,84.06,0.2374
MRVL-20261002T17095423072,MRVL,2026-10-02,2026-10-02T13:14:49.435101-04:00,273.48,0.0073
TWLO-20261002T17000250438,TWLO,2026-10-02,2026-10-02T13:14:59.656647-04:00,293.76,0.258
PRIM-20261002T17003334668,PRIM,2026-10-02,2026-10-02T13:14:59.656647-04:00,78.25,0.0894
XENE-20261002T17072186222,XENE,2026-10-02,2026-10-02T13:14:59.656647-04:00,37.48,-0.1603
ON-20261002T17080249845,ON,2026-10-02,2026-10-02T13:14:59.656647-04:00,84.03,0.273
MRVL-20261002T17095423072,MRVL,2026-10-02,2026-10-02T13:14:59.656647-04:00,273.3089,0.0699
TWLO-20261002T17000250438,TWLO,2026-10-02,2026-10-02T13:15:09.843657-04:00,293.775,0.253
PRIM-20261002T17003334668,PRIM,2026-10-02,2026-10-02T13:15:09.843657-04:00,78.24,0.1021
XENE-20261002T17072186222,XENE,2026-10-02,2026-10-02T13:15:09.843657-04:00,37.4802,-0.1609
ON-20261002T17080249845,ON,2026-10-02,2026-10-02T13:15:09.843657-04:00,84.1314,0.1526
MRVL-20261002T17095423072,MRVL,2026-10-02,2026-10-02T13:15:09.843657-04:00,273.3178,0.0666
TWLO-20261002T17000250438,TWLO,2026-10-02,2026-10-02T13:15:20.039066-04:00,293.826,0.2356
PRIM-20261002T17003334668,PRIM,2026-10-02,2026-10-02T13:15:20.039066-04:00,78.24,0.1021
XENE-20261002T17072186222,XENE,2026-10-02,2026-10-02T13:15:20.039066-04:00,37.49,-0.1871
ON-20261002T17080249845,ON,2026-10-02,2026-10-02T13:15:20.039066-04:00,83.915,0.4094
MRVL-20261002T17095423072,MRVL,2026-10-02,2026-10-02T13:15:20.039066-04:00,273.28,0.0804
TWLO-20261002T17000250438,TWLO,2026-10-02,2026-10-02T13:15:30.301951-04:00,294.361,0.054
PRIM-20261002T17003334668,PRIM,2026-10-02,2026-10-02T13:15:30.301951-04:00,78.25,0.0894
XENE-20261002T17072186222,XENE,2026-10-02,2026-10-02T13:15:30.301951-04:00,37.4907,-0.1889
ON-20261002T17080249845,ON,2026-10-02,2026-10-02T13:15:30.301951-04:00,84.0295,0.2736
MRVL-20261002T17095423072,MRVL,2026-10-02,2026-10-02T13:15:30.301951-04:00,273.3313,0.0617
TWLO-20261002T17000250438,TWLO,2026-10-02,2026-10-02T13:15:40.626695-04:00,293.8794,0.2175
PRIM-20261002T17003334668,PRIM,2026-10-02,2026-10-02T13:15:40.626695-04:00,78.21,0.1404
XENE-20261002T17072186222,XENE,2026-10-02,2026-10-02T13:15:40.626695-04:00,37.4988,-0.2106
ON-20261002T17080249845,ON,2026-10-02,2026-10-02T13:15:40.626695-04:00,83.88,0.451
MRVL-20261002T17095423072,MRVL,2026-10-02,2026-10-02T13:15:40.626695-04:00,273.3721,0.0468
TWLO-20261002T17000250438,TWLO,2026-10-02,2026-10-02T13:15:50.800844-04:00,293.895,0.2122
PRIM-20261002T17003334668,PRIM,2026-10-02,2026-10-02T13:15:50.800844-04:00,78.2435,0.0977
XENE-20261002T17072186222,XENE,2026-10-02,2026-10-02T13:15:50.800844-04:00,37.4771,-0.1526
ON-20261002T17080249845,ON,2026-10-02,2026-10-02T13:15:50.800844-04:00,83.921,0.4023
MRVL-20261002T17095423072,MRVL,2026-10-02,2026-10-02T13:15:50.800844-04:00,273.4,0.0366
TWLO-20261002T17000250438,TWLO,2026-10-02,2026-10-02T13:16:00.953999-04:00,293.895,0.2122
PRIM-20261002T17003334668,PRIM,2026-10-02,2026-10-02T13:16:00.953999-04:00,78.3539,-0.0433
XENE-20261002T17072186222,XENE,2026-10-02,2026-10-02T13:16:00.953999-04:00,37.4819,-0.1654
ON-20261002T17080249845,ON,2026-10-02,2026-10-02T13:16:00.953999-04:00,83.92,0.4035
MRVL-20261002T17095423072,MRVL,2026-10-02,2026-10-02T13:16:00.953999-04:00,273.33,0.0622
TWLO-20261002T17000250438,TWLO,2026-10-02,2026-10-02T13:16:11.170325-04:00,293.935,0.1986
PRIM-20261002T17003334668,PRIM,2026-10-02,2026-10-02T13:16:11.170325-04:00,78.2251,0.1212
XENE-20261002T17072186222,XENE,2026-10-02,2026-10-02T13:16:11.170325-04:00,37.475,-0.147
ON-20261002T17080249845,ON,2026-10-02,2026-10-02T13:16:11.170325-04:00,83.88,0.451
MRVL-20261002T17095423072,MRVL,2026-10-02,2026-10-02T13:16:11.170325-04:00,273.1712,0.1202
TWLO-20261002T17000250438,TWLO,2026-10-02,2026-10-02T13:16:21.374458-04:00,293.6201,0.3055
PRIM-20261002T17003334668,PRIM,2026-10-02,2026-10-02T13:16:21.374458-04:00,78.2467,0.0936
XENE-20261002T17072186222,XENE,2026-10-02,2026-10-02T13:16:21.374458-04:00,37.4906,-0.1887
ON-20261002T17080249845,ON,2026-10-02,2026-10-02T13:16:21.374458-04:00,83.915,0.4094
MRVL-20261002T17095423072,MRVL,2026-10-02,2026-10-02T13:16:21.374458-04:00,273.312,0.0687
TWLO-20261002T17000250438,TWLO,2026-10-02,2026-10-02T13:16:31.560635-04:00,293.8881,0.2146
PRIM-20261002T17003334668,PRIM,2026-10-02,2026-10-02T13:16:31.560635-04:00,78.225,0.1213
XENE-20261002T17072186222,XENE,2026-10-02,2026-10-02T13:16:31.560635-04:00,37.4866,-0.178
ON-20261002T17080249845,ON,2026-10-02,2026-10-02T13:16:31.560635-04:00,83.915,0.4094
MRVL-20261002T17095423072,MRVL,2026-10-02,2026-10-02T13:16:31.560635-04:00,273.3148,0.0677
COHR-20261002T17161136998,COHR,2026-10-02,2026-10-02T13:16:31.560635-04:00,334.41,-0.0359
TWLO-20261002T17000250438,TWLO,2026-10-02,2026-10-02T13:16:41.769647-04:00,294.3003,0.0746
PRIM-20261002T17003334668,PRIM,2026-10-02,2026-10-02T13:16:41.769647-04:00,78.24,0.1021
XENE-20261002T17072186222,XENE,2026-10-02,2026-10-02T13:16:41.769647-04:00,37.4895,-0.1857
ON-20261002T17080249845,ON,2026-10-02,2026-10-02T13:16:41.769647-04:00,83.94,0.3798
MRVL-20261002T17095423072,MRVL,2026-10-02,2026-10-02T13:16:41.769647-04:00,273.49,0.0037
COHR-20261002T17161136998,COHR,2026-10-02,2026-10-02T13:16:41.769647-04:00,334.4592,-0.0506
TWLO-20261002T17000250438,TWLO,2026-10-02,2026-10-02T13:16:51.992408-04:00,293.8541,0.2261
PRIM-20261002T17003334668,PRIM,2026-10-02,2026-10-02T13:16:51.992408-04:00,78.18,0.1788
XENE-20261002T17072186222,XENE,2026-10-02,2026-10-02T13:16:51.992408-04:00,37.5,-0.2138
ON-20261002T17080249845,ON,2026-10-02,2026-10-02T13:16:51.992408-04:00,83.98,0.3323
MRVL-20261002T17095423072,MRVL,2026-10-02,2026-10-02T13:16:51.992408-04:00,273.5471,-0.0172
COHR-20261002T17161136998,COHR,2026-10-02,2026-10-02T13:16:51.992408-04:00,335.1484,-0.2568
TWLO-20261002T17000250438,TWLO,2026-10-02,2026-10-02T13:17:02.166296-04:00,294.18,0.1154
PRIM-20261002T17003334668,PRIM,2026-10-02,2026-10-02T13:17:02.166296-04:00,78.26,0.0766
XENE-20261002T17072186222,XENE,2026-10-02,2026-10-02T13:17:02.166296-04:00,37.5,-0.2138
ON-20261002T17080249845,ON,2026-10-02,2026-10-02T13:17:02.166296-04:00,84.005,0.3026
MRVL-20261002T17095423072,MRVL,2026-10-02,2026-10-02T13:17:02.166296-04:00,273.5956,-0.035
COHR-20261002T17161136998,COHR,2026-10-02,2026-10-02T13:17:02.166296-04:00,334.765,-0.1421
TWLO-20261002T17000250438,TWLO,2026-10-02,2026-10-02T13:17:12.390008-04:00,294.15,0.1256
PRIM-20261002T17003334668,PRIM,2026-10-02,2026-10-02T13:17:12.390008-04:00,78.2,0.1532
XENE-20261002T17072186222,XENE,2026-10-02,2026-10-02T13:17:12.390008-04:00,37.5013,-0.2173
ON-20261002T17080249845,ON,2026-10-02,2026-10-02T13:17:12.390008-04:00,83.965,0.3501
MRVL-20261002T17095423072,MRVL,2026-10-02,2026-10-02T13:17:12.390008-04:00,273.3723,0.0467
COHR-20261002T17161136998,COHR,2026-10-02,2026-10-02T13:17:12.390008-04:00,334.86,-0.1705
TWLO-20261002T17000250438,TWLO,2026-10-02,2026-10-02T13:17:22.573729-04:00,293.96,0.1901
PRIM-20261002T17003334668,PRIM,2026-10-02,2026-10-02T13:17:22.573729-04:00,78.26,0.0766
XENE-20261002T17072186222,XENE,2026-10-02,2026-10-02T13:17:22.573729-04:00,37.4891,-0.1847
ON-20261002T17080249845,ON,2026-10-02,2026-10-02T13:17:22.573729-04:00,84.0457,0.2543
MRVL-20261002T17095423072,MRVL,2026-10-02,2026-10-02T13:17:22.573729-04:00,273.6,-0.0366
COHR-20261002T17161136998,COHR,2026-10-02,2026-10-02T13:17:22.573729-04:00,334.73,-0.1316
TWLO-20261002T17000250438,TWLO,2026-10-02,2026-10-02T13:17:32.746649-04:00,294.0446,0.1614
PRIM-20261002T17003334668,PRIM,2026-10-02,2026-10-02T13:17:32.746649-04:00,78.2871,0.042
XENE-20261002T17072186222,XENE,2026-10-02,2026-10-02T13:17:32.746649-04:00,37.51,-0.2405
ON-20261002T17080249845,ON,2026-10-02,2026-10-02T13:17:32.746649-04:00,84.005,0.3026
MRVL-20261002T17095423072,MRVL,2026-10-02,2026-10-02T13:17:32.746649-04:00,273.6,-0.0366
COHR-20261002T17161136998,COHR,2026-10-02,2026-10-02T13:17:32.746649-04:00,334.71,-0.1256
TWLO-20261002T17000250438,TWLO,2026-10-02,2026-10-02T13:17:42.929769-04:00,293.74,0.2648
PRIM-20261002T17003334668,PRIM,2026-10-02,2026-10-02T13:17:42.929769-04:00,78.26,0.0766
XENE-20261002T17072186222,XENE,2026-10-02,2026-10-02T13:17:42.929769-04:00,37.46,-0.1069
ON-20261002T17080249845,ON,2026-10-02,2026-10-02T13:17:42.929769-04:00,84.0367,0.265
MRVL-20261002T17095423072,MRVL,2026-10-02,2026-10-02T13:17:42.929769-04:00,273.3703,0.0474
COHR-20261002T17161136998,COHR,2026-10-02,2026-10-02T13:17:42.929769-04:00,334.71,-0.1256
TWLO-20261002T17000250438,TWLO,2026-10-02,2026-10-02T13:17:53.076977-04:00,294.0644,0.1547
PRIM-20261002T17003334668,PRIM,2026-10-02,2026-10-02T13:17:53.076977-04:00,78.26,0.0766
XENE-20261002T17072186222,XENE,2026-10-02,2026-10-02T13:17:53.076977-04:00,37.45,-0.0802
ON-20261002T17080249845,ON,2026-10-02,2026-10-02T13:17:53.076977-04:00,83.96,0.356
MRVL-20261002T17095423072,MRVL,2026-10-02,2026-10-02T13:17:53.076977-04:00,273.5,-0.0
COHR-20261002T17161136998,COHR,2026-10-02,2026-10-02T13:17:53.076977-04:00,334.83,-0.1615
TWLO-20261002T17000250438,TWLO,2026-10-02,2026-10-02T13:18:03.234761-04:00,293.9114,0.2066
PRIM-20261002T17003334668,PRIM,2026-10-02,2026-10-02T13:18:03.234761-04:00,78.2724,0.0608
XENE-20261002T17072186222,XENE,2026-10-02,2026-10-02T13:18:03.234761-04:00,37.45,-0.0802
ON-20261002T17080249845,ON,2026-10-02,2026-10-02T13:18:03.234761-04:00,83.91,0.4154
MRVL-20261002T17095423072,MRVL,2026-10-02,2026-10-02T13:18:03.234761-04:00,273.47,0.011
COHR-20261002T17161136998,COHR,2026-10-02,2026-10-02T13:18:03.234761-04:00,334.69,-0.1197
TWLO-20261002T17000250438,TWLO,2026-10-02,2026-10-02T13:18:13.557363-04:00,294.005,0.1749
PRIM-20261002T17003334668,PRIM,2026-10-02,2026-10-02T13:18:13.557363-04:00,78.2873,0.0418
XENE-20261002T17072186222,XENE,2026-10-02,2026-10-02T13:18:13.557363-04:00,37.45,-0.0802
ON-20261002T17080249845,ON,2026-10-02,2026-10-02T13:18:13.557363-04:00,83.875,0.4569
MRVL-20261002T17095423072,MRVL,2026-10-02,2026-10-02T13:18:13.557363-04:00,273.3785,0.0444
COHR-20261002T17161136998,COHR,2026-10-02,2026-10-02T13:18:13.557363-04:00,334.67,-0.1137
TWLO-20261002T17000250438,TWLO,2026-10-02,2026-10-02T13:18:23.856959-04:00,294.1678,0.1196
PRIM-20261002T17003334668,PRIM,2026-10-02,2026-10-02T13:18:23.856959-04:00,78.26,0.0766
XENE-20261002T17072186222,XENE,2026-10-02,2026-10-02T13:18:23.856959-04:00,37.4868,-0.1785
ON-20261002T17080249845,ON,2026-10-02,2026-10-02T13:18:23.856959-04:00,83.89,0.4391
MRVL-20261002T17095423072,MRVL,2026-10-02,2026-10-02T13:18:23.856959-04:00,273.24,0.0951
COHR-20261002T17161136998,COHR,2026-10-02,2026-10-02T13:18:23.856959-04:00,334.72,-0.1286
TWLO-20261002T17000250438,TWLO,2026-10-02,2026-10-02T13:18:34.043521-04:00,294.015,0.1715
PRIM-20261002T17003334668,PRIM,2026-10-02,2026-10-02T13:18:34.043521-04:00,78.26,0.0766
XENE-20261002T17072186222,XENE,2026-10-02,2026-10-02T13:18:34.043521-04:00,37.4875,-0.1804
ON-20261002T17080249845,ON,2026-10-02,2026-10-02T13:18:34.043521-04:00,83.83,0.5103
MRVL-20261002T17095423072,MRVL,2026-10-02,2026-10-02T13:18:34.043521-04:00,273.28,0.0804
COHR-20261002T17161136998,COHR,2026-10-02,2026-10-02T13:18:34.043521-04:00,334.8,-0.1526
TWLO-20261002T17000250438,TWLO,2026-10-02,2026-10-02T13:18:44.241315-04:00,294.0301,0.1663
PRIM-20261002T17003334668,PRIM,2026-10-02,2026-10-02T13:18:44.241315-04:00,78.265,0.0702
XENE-20261002T17072186222,XENE,2026-10-02,2026-10-02T13:18:44.241315-04:00,37.4864,-0.1774
ON-20261002T17080249845,ON,2026-10-02,2026-10-02T13:18:44.241315-04:00,83.835,0.5044
MRVL-20261002T17095423072,MRVL,2026-10-02,2026-10-02T13:18:44.241315-04:00,273.2753,0.0822
COHR-20261002T17161136998,COHR,2026-10-02,2026-10-02T13:18:44.241315-04:00,334.59,-0.0897
TWLO-20261002T17000250438,TWLO,2026-10-02,2026-10-02T13:18:54.413482-04:00,294.0272,0.1673
PRIM-20261002T17003334668,PRIM,2026-10-02,2026-10-02T13:18:54.413482-04:00,78.3393,-0.0246
XENE-20261002T17072186222,XENE,2026-10-02,2026-10-02T13:18:54.413482-04:00,37.4879,-0.1815
ON-20261002T17080249845,ON,2026-10-02,2026-10-02T13:18:54.413482-04:00,83.86,0.4747
MRVL-20261002T17095423072,MRVL,2026-10-02,2026-10-02T13:18:54.413482-04:00,273.49,0.0037
COHR-20261002T17161136998,COHR,2026-10-02,2026-10-02T13:18:54.413482-04:00,334.57,-0.0838
TWLO-20261002T17000250438,TWLO,2026-10-02,2026-10-02T13:19:04.620710-04:00,294.028,0.1671
PRIM-20261002T17003334668,PRIM,2026-10-02,2026-10-02T13:19:04.620710-04:00,78.2789,0.0525
XENE-20261002T17072186222,XENE,2026-10-02,2026-10-02T13:19:04.620710-04:00,37.485,-0.1737
ON-20261002T17080249845,ON,2026-10-02,2026-10-02T13:19:04.620710-04:00,83.9773,0.3355
MRVL-20261002T17095423072,MRVL,2026-10-02,2026-10-02T13:19:04.620710-04:00,273.49,0.0037
COHR-20261002T17161136998,COHR,2026-10-02,2026-10-02T13:19:04.620710-04:00,334.675,-0.1152
TWLO-20261002T17000250438,TWLO,2026-10-02,2026-10-02T13:19:14.841619-04:00,294.0242,0.1683
PRIM-20261002T17003334668,PRIM,2026-10-02,2026-10-02T13:19:14.841619-04:00,78.2833,0.0469
XENE-20261002T17072186222,XENE,2026-10-02,2026-10-02T13:19:14.841619-04:00,37.4855,-0.175
ON-20261002T17080249845,ON,2026-10-02,2026-10-02T13:19:14.841619-04:00,83.8521,0.4841
MRVL-20261002T17095423072,MRVL,2026-10-02,2026-10-02T13:19:14.841619-04:00,273.575,-0.0274
COHR-20261002T17161136998,COHR,2026-10-02,2026-10-02T13:19:14.841619-04:00,334.771,-0.1439
TWLO-20261002T17000250438,TWLO,2026-10-02,2026-10-02T13:19:25.062922-04:00,294.0279,0.1671
PRIM-20261002T17003334668,PRIM,2026-10-02,2026-10-02T13:19:25.062922-04:00,78.2772,0.0546
XENE-20261002T17072186222,XENE,2026-10-02,2026-10-02T13:19:25.062922-04:00,37.4855,-0.175
ON-20261002T17080249845,ON,2026-10-02,2026-10-02T13:19:25.062922-04:00,83.8523,0.4839
MRVL-20261002T17095423072,MRVL,2026-10-02,2026-10-02T13:19:25.062922-04:00,273.3713,0.0471
COHR-20261002T17161136998,COHR,2026-10-02,2026-10-02T13:19:25.062922-04:00,334.6125,-0.0965
TWLO-20261002T17000250438,TWLO,2026-10-02,2026-10-02T13:19:35.333681-04:00,293.95,0.1935
PRIM-20261002T17003334668,PRIM,2026-10-02,2026-10-02T13:19:35.333681-04:00,78.27,0.0638
XENE-20261002T17072186222,XENE,2026-10-02,2026-10-02T13:19:35.333681-04:00,37.48,-0.1603
ON-20261002T17080249845,ON,2026-10-02,2026-10-02T13:19:35.333681-04:00,83.88,0.451
MRVL-20261002T17095423072,MRVL,2026-10-02,2026-10-02T13:19:35.333681-04:00,273.53,-0.011
COHR-20261002T17161136998,COHR,2026-10-02,2026-10-02T13:19:35.333681-04:00,334.625,-0.1002
TWLO-20261002T17000250438,TWLO,2026-10-02,2026-10-02T13:19:45.603532-04:00,294.37,0.0509
PRIM-20261002T17003334668,PRIM,2026-10-02,2026-10-02T13:19:45.603532-04:00,78.27,0.0638
XENE-20261002T17072186222,XENE,2026-10-02,2026-10-02T13:19:45.603532-04:00,37.4674,-0.1267
ON-20261002T17080249845,ON,2026-10-02,2026-10-02T13:19:45.603532-04:00,83.822,0.5198
MRVL-20261002T17095423072,MRVL,2026-10-02,2026-10-02T13:19:45.603532-04:00,273.49,0.0037
COHR-20261002T17161136998,COHR,2026-10-02,2026-10-02T13:19:45.603532-04:00,334.735,-0.1331
TWLO-20261002T17000250438,TWLO,2026-10-02,2026-10-02T13:19:55.894417-04:00,294.0479,0.1603
PRIM-20261002T17003334668,PRIM,2026-10-02,2026-10-02T13:19:55.894417-04:00,78.2593,0.0775
XENE-20261002T17072186222,XENE,2026-10-02,2026-10-02T13:19:55.894417-04:00,37.4962,-0.2036
ON-20261002T17080249845,ON,2026-10-02,2026-10-02T13:19:55.894417-04:00,83.83,0.5103
MRVL-20261002T17095423072,MRVL,2026-10-02,2026-10-02T13:19:55.894417-04:00,273.4401,0.0219
COHR-20261002T17161136998,COHR,2026-10-02,2026-10-02T13:19:55.894417-04:00,334.57,-0.0838
TWLO-20261002T17000250438,TWLO,2026-10-02,2026-10-02T13:20:06.179282-04:00,294.21,0.1053
PRIM-20261002T17003334668,PRIM,2026-10-02,2026-10-02T13:20:06.179282-04:00,78.2673,0.0673
XENE-20261002T17072186222,XENE,2026-10-02,2026-10-02T13:20:06.179282-04:00,37.4743,-0.1451
ON-20261002T17080249845,ON,2026-10-02,2026-10-02T13:20:06.179282-04:00,83.9595,0.3566
MRVL-20261002T17095423072,MRVL,2026-10-02,2026-10-02T13:20:06.179282-04:00,273.47,0.011
COHR-20261002T17161136998,COHR,2026-10-02,2026-10-02T13:20:06.179282-04:00,334.57,-0.0838
TWLO-20261002T17000250438,TWLO,2026-10-02,2026-10-02T13:20:16.377451-04:00,294.07,0.1528
PRIM-20261002T17003334668,PRIM,2026-10-02,2026-10-02T13:20:16.377451-04:00,78.275,0.0575
XENE-20261002T17072186222,XENE,2026-10-02,2026-10-02T13:20:16.377451-04:00,37.4747,-0.1462
ON-20261002T17080249845,ON,2026-10-02,2026-10-02T13:20:16.377451-04:00,83.853,0.483
MRVL-20261002T17095423072,MRVL,2026-10-02,2026-10-02T13:20:16.377451-04:00,273.425,0.0274
COHR-20261002T17161136998,COHR,2026-10-02,2026-10-02T13:20:16.377451-04:00,334.6719,-0.1142
TWLO-20261002T17000250438,TWLO,2026-10-02,2026-10-02T13:20:26.711041-04:00,293.52,0.3395
PRIM-20261002T17003334668,PRIM,2026-10-02,2026-10-02T13:20:26.711041-04:00,78.22,0.1277
XENE-20261002T17072186222,XENE,2026-10-02,2026-10-02T13:20:26.711041-04:00,37.485,-0.1737
ON-20261002T17080249845,ON,2026-10-02,2026-10-02T13:20:26.711041-04:00,83.91,0.4154
MRVL-20261002T17095423072,MRVL,2026-10-02,2026-10-02T13:20:26.711041-04:00,273.356,0.0527
COHR-20261002T17161136998,COHR,2026-10-02,2026-10-02T13:20:26.711041-04:00,334.525,-0.0703
TWLO-20261002T17000250438,TWLO,2026-10-02,2026-10-02T13:20:36.975171-04:00,293.55,0.3293
PRIM-20261002T17003334668,PRIM,2026-10-02,2026-10-02T13:20:36.975171-04:00,78.2391,0.1033
XENE-20261002T17072186222,XENE,2026-10-02,2026-10-02T13:20:36.975171-04:00,37.485,-0.1737
ON-20261002T17080249845,ON,2026-10-02,2026-10-02T13:20:36.975171-04:00,83.995,0.3145
MRVL-20261002T17095423072,MRVL,2026-10-02,2026-10-02T13:20:36.975171-04:00,273.405,0.0347
COHR-20261002T17161136998,COHR,2026-10-02,2026-10-02T13:20:36.975171-04:00,334.6682,-0.1131
TWLO-20261002T17000250438,TWLO,2026-10-02,2026-10-02T13:20:47.248166-04:00,293.78,0.2513
PRIM-20261002T17003334668,PRIM,2026-10-02,2026-10-02T13:20:47.248166-04:00,78.2467,0.0936
XENE-20261002T17072186222,XENE,2026-10-02,2026-10-02T13:20:47.248166-04:00,37.4861,-0.1766
ON-20261002T17080249845,ON,2026-10-02,2026-10-02T13:20:47.248166-04:00,83.9442,0.3748
MRVL-20261002T17095423072,MRVL,2026-10-02,2026-10-02T13:20:47.248166-04:00,273.57,-0.0256
COHR-20261002T17161136998,COHR,2026-10-02,2026-10-02T13:20:47.248166-04:00,334.74,-0.1346
TWLO-20261002T17000250438,TWLO,2026-10-02,2026-10-02T13:20:57.471712-04:00,293.78,0.2513
PRIM-20261002T17003334668,PRIM,2026-10-02,2026-10-02T13:20:57.471712-04:00,78.22,0.1277
XENE-20261002T17072186222,XENE,2026-10-02,2026-10-02T13:20:57.471712-04:00,37.4861,-0.1766
ON-20261002T17080249845,ON,2026-10-02,2026-10-02T13:20:57.471712-04:00,83.96,0.356
MRVL-20261002T17095423072,MRVL,2026-10-02,2026-10-02T13:20:57.471712-04:00,273.53,-0.011
COHR-20261002T17161136998,COHR,2026-10-02,2026-10-02T13:20:57.471712-04:00,334.74,-0.1346
TWLO-20261002T17000250438,TWLO,2026-10-02,2026-10-02T13:21:07.700423-04:00,293.7706,0.2544
PRIM-20261002T17003334668,PRIM,2026-10-02,2026-10-02T13:21:07.700423-04:00,78.2517,0.0872
XENE-20261002T17072186222,XENE,2026-10-02,2026-10-02T13:21:07.700423-04:00,37.485,-0.1737
ON-20261002T17080249845,ON,2026-10-02,2026-10-02T13:21:07.700423-04:00,83.9557,0.3611
MRVL-20261002T17095423072,MRVL,2026-10-02,2026-10-02T13:21:07.700423-04:00,273.48,0.0073
COHR-20261002T17161136998,COHR,2026-10-02,2026-10-02T13:21:07.700423-04:00,334.7,-0.1226
TWLO-20261002T17000250438,TWLO,2026-10-02,2026-10-02T13:21:17.966929-04:00,294.0369,0.164
PRIM-20261002T17003334668,PRIM,2026-10-02,2026-10-02T13:21:17.966929-04:00,78.2296,0.1154
XENE-20261002T17072186222,XENE,2026-10-02,2026-10-02T13:21:17.966929-04:00,37.4857,-0.1756
ON-20261002T17080249845,ON,2026-10-02,2026-10-02T13:21:17.966929-04:00,83.94,0.3798
MRVL-20261002T17095423072,MRVL,2026-10-02,2026-10-02T13:21:17.966929-04:00,273.415,0.0311
COHR-20261002T17161136998,COHR,2026-10-02,2026-10-02T13:21:17.966929-04:00,334.4247,-0.0403
TWLO-20261002T17000250438,TWLO,2026-10-02,2026-10-02T13:21:28.215355-04:00,293.72,0.2716
PRIM-20261002T17003334668,PRIM,2026-10-02,2026-10-02T13:21:28.215355-04:00,78.252,0.0868
XENE-20261002T17072186222,XENE,2026-10-02,2026-10-02T13:21:28.215355-04:00,37.45,-0.0802
ON-20261002T17080249845,ON,2026-10-02,2026-10-02T13:21:28.215355-04:00,83.9548,0.3622
MRVL-20261002T17095423072,MRVL,2026-10-02,2026-10-02T13:21:28.215355-04:00,273.19,0.1133
COHR-20261002T17161136998,COHR,2026-10-02,2026-10-02T13:21:28.215355-04:00,334.11,0.0538
TWLO-20261002T17000250438,TWLO,2026-10-02,2026-10-02T13:21:38.382663-04:00,293.58,0.3192
PRIM-20261002T17003334668,PRIM,2026-10-02,2026-10-02T13:21:38.382663-04:00,78.2276,0.118
XENE-20261002T17072186222,XENE,2026-10-02,2026-10-02T13:21:38.382663-04:00,37.445,-0.0668
ON-20261002T17080249845,ON,2026-10-02,2026-10-02T13:21:38.382663-04:00,83.855,0.4807
MRVL-20261002T17095423072,MRVL,2026-10-02,2026-10-02T13:21:38.382663-04:00,272.8903,0.2229
COHR-20261002T17161136998,COHR,2026-10-02,2026-10-02T13:21:38.382663-04:00,333.77,0.1556
TWLO-20261002T17000250438,TWLO,2026-10-02,2026-10-02T13:21:48.608512-04:00,293.7118,0.2744
PRIM-20261002T17003334668,PRIM,2026-10-02,2026-10-02T13:21:48.608512-04:00,78.14,0.2298
XENE-20261002T17072186222,XENE,2026-10-02,2026-10-02T13:21:48.608512-04:00,37.4837,-0.1702
ON-20261002T17080249845,ON,2026-10-02,2026-10-02T13:21:48.608512-04:00,83.88,0.451
MRVL-20261002T17095423072,MRVL,2026-10-02,2026-10-02T13:21:48.608512-04:00,272.96,0.1974
COHR-20261002T17161136998,COHR,2026-10-02,2026-10-02T13:21:48.608512-04:00,334.6491,-0.1074
TWLO-20261002T17000250438,TWLO,2026-10-02,2026-10-02T13:21:58.816507-04:00,293.52,0.3395
PRIM-20261002T17003334668,PRIM,2026-10-02,2026-10-02T13:21:58.816507-04:00,78.21,0.1404
XENE-20261002T17072186222,XENE,2026-10-02,2026-10-02T13:21:58.816507-04:00,37.473,-0.1416
ON-20261002T17080249845,ON,2026-10-02,2026-10-02T13:21:58.816507-04:00,83.93,0.3916
MRVL-20261002T17095423072,MRVL,2026-10-02,2026-10-02T13:21:58.816507-04:00,273.1578,0.1251
COHR-20261002T17161136998,COHR,2026-10-02,2026-10-02T13:21:58.816507-04:00,334.2219,0.0204
EPAM-20261002T17213859997,EPAM,2026-10-02,2026-10-02T13:21:58.816507-04:00,109.2379,-0.1999
TWLO-20261002T17000250438,TWLO,2026-10-02,2026-10-02T13:22:09.010808-04:00,293.51,0.3429
PRIM-20261002T17003334668,PRIM,2026-10-02,2026-10-02T13:22:09.010808-04:00,78.21,0.1404
XENE-20261002T17072186222,XENE,2026-10-02,2026-10-02T13:22:09.010808-04:00,37.473,-0.1416
ON-20261002T17080249845,ON,2026-10-02,2026-10-02T13:22:09.010808-04:00,83.9377,0.3825
MRVL-20261002T17095423072,MRVL,2026-10-02,2026-10-02T13:22:09.010808-04:00,273.03,0.1718
COHR-20261002T17161136998,COHR,2026-10-02,2026-10-02T13:22:09.010808-04:00,334.6382,-0.1042
EPAM-20261002T17213859997,EPAM,2026-10-02,2026-10-02T13:22:09.010808-04:00,109.11,-0.0826
TWLO-20261002T17000250438,TWLO,2026-10-02,2026-10-02T13:22:19.268764-04:00,293.31,0.4108
PRIM-20261002T17003334668,PRIM,2026-10-02,2026-10-02T13:22:19.268764-04:00,78.21,0.1404
XENE-20261002T17072186222,XENE,2026-10-02,2026-10-02T13:22:19.268764-04:00,37.4603,-0.1077
ON-20261002T17080249845,ON,2026-10-02,2026-10-02T13:22:19.268764-04:00,83.88,0.451
MRVL-20261002T17095423072,MRVL,2026-10-02,2026-10-02T13:22:19.268764-04:00,272.9742,0.1922
COHR-20261002T17161136998,COHR,2026-10-02,2026-10-02T13:22:19.268764-04:00,334.1624,0.0382
EPAM-20261002T17213859997,EPAM,2026-10-02,2026-10-02T13:22:19.268764-04:00,109.1441,-0.1138
TWLO-20261002T17000250438,TWLO,2026-10-02,2026-10-02T13:22:29.463695-04:00,293.32,0.4074
PRIM-20261002T17003334668,PRIM,2026-10-02,2026-10-02T13:22:29.463695-04:00,78.2665,0.0683
XENE-20261002T17072186222,XENE,2026-10-02,2026-10-02T13:22:29.463695-04:00,37.45,-0.0802
ON-20261002T17080249845,ON,2026-10-02,2026-10-02T13:22:29.463695-04:00,83.8928,0.4358
MRVL-20261002T17095423072,MRVL,2026-10-02,2026-10-02T13:22:29.463695-04:00,273.0498,0.1646
COHR-20261002T17161136998,COHR,2026-10-02,2026-10-02T13:22:29.463695-04:00,334.28,0.003
EPAM-20261002T17213859997,EPAM,2026-10-02,2026-10-02T13:22:29.463695-04:00,109.15,-0.1192
TWLO-20261002T17000250438,TWLO,2026-10-02,2026-10-02T13:22:39.656002-04:00,293.8348,0.2326
PRIM-20261002T17003334668,PRIM,2026-10-02,2026-10-02T13:22:39.656002-04:00,78.2665,0.0683
XENE-20261002T17072186222,XENE,2026-10-02,2026-10-02T13:22:39.656002-04:00,37.465,-0.1203
ON-20261002T17080249845,ON,2026-10-02,2026-10-02T13:22:39.656002-04:00,83.8888,0.4405
MRVL-20261002T17095423072,MRVL,2026-10-02,2026-10-02T13:22:39.656002-04:00,273.12,0.1389
COHR-20261002T17161136998,COHR,2026-10-02,2026-10-02T13:22:39.656002-04:00,334.665,-0.1122
EPAM-20261002T17213859997,EPAM,2026-10-02,2026-10-02T13:22:39.656002-04:00,109.1057,-0.0786
GME-20261002T17221945693,GME,2026-10-02,2026-10-02T13:22:39.656002-04:00,24.495,-0.0613
TWLO-20261002T17000250438,TWLO,2026-10-02,2026-10-02T13:22:49.828297-04:00,293.5346,0.3346
PRIM-20261002T17003334668,PRIM,2026-10-02,2026-10-02T13:22:49.828297-04:00,78.2029,0.1495
XENE-20261002T17072186222,XENE,2026-10-02,2026-10-02T13:22:49.828297-04:00,37.465,-0.1203
ON-20261002T17080249845,ON,2026-10-02,2026-10-02T13:22:49.828297-04:00,83.9264,0.3959
MRVL-20261002T17095423072,MRVL,2026-10-02,2026-10-02T13:22:49.828297-04:00,272.9728,0.1928
COHR-20261002T17161136998,COHR,2026-10-02,2026-10-02T13:22:49.828297-04:00,334.49,-0.0598
EPAM-20261002T17213859997,EPAM,2026-10-02,2026-10-02T13:22:49.828297-04:00,109.085,-0.0596
GME-20261002T17221945693,GME,2026-10-02,2026-10-02T13:22:49.828297-04:00,24.495,-0.0613
TWLO-20261002T17000250438,TWLO,2026-10-02,2026-10-02T13:22:59.992650-04:00,293.44,0.3667
PRIM-20261002T17003334668,PRIM,2026-10-02,2026-10-02T13:22:59.992650-04:00,78.13,0.2426
XENE-20261002T17072186222,XENE,2026-10-02,2026-10-02T13:22:59.992650-04:00,37.465,-0.1203
ON-20261002T17080249845,ON,2026-10-02,2026-10-02T13:22:59.992650-04:00,83.93,0.3916
MRVL-20261002T17095423072,MRVL,2026-10-02,2026-10-02T13:22:59.992650-04:00,272.905,0.2176
COHR-20261002T17161136998,COHR,2026-10-02,2026-10-02T13:22:59.992650-04:00,334.7337,-0.1327
EPAM-20261002T17213859997,EPAM,2026-10-02,2026-10-02T13:22:59.992650-04:00,109.13,-0.1009
GME-20261002T17221945693,GME,2026-10-02,2026-10-02T13:22:59.992650-04:00,24.495,-0.0613
TWLO-20261002T17000250438,TWLO,2026-10-02,2026-10-02T13:23:10.265837-04:00,293.6279,0.3029
PRIM-20261002T17003334668,PRIM,2026-10-02,2026-10-02T13:23:10.265837-04:00,78.21,0.1404
XENE-20261002T17072186222,XENE,2026-10-02,2026-10-02T13:23:10.265837-04:00,37.45,-0.0802
ON-20261002T17080249845,ON,2026-10-02,2026-10-02T13:23:10.265837-04:00,83.92,0.4035
MRVL-20261002T17095423072,MRVL,2026-10-02,2026-10-02T13:23:10.265837-04:00,273.01,0.1792
COHR-20261002T17161136998,COHR,2026-10-02,2026-10-02T13:23:10.265837-04:00,334.4719,-0.0544
EPAM-20261002T17213859997,EPAM,2026-10-02,2026-10-02T13:23:10.265837-04:00,109.24,-0.2018
GME-20261002T17221945693,GME,2026-10-02,2026-10-02T13:23:10.265837-04:00,24.4873,-0.0298
TWLO-20261002T17000250438,TWLO,2026-10-02,2026-10-02T13:23:20.501812-04:00,293.37,0.3905
PRIM-20261002T17003334668,PRIM,2026-10-02,2026-10-02T13:23:20.501812-04:00,78.1935,0.1615
XENE-20261002T17072186222,XENE,2026-10-02,2026-10-02T13:23:20.501812-04:00,37.4589,-0.104
ON-20261002T17080249845,ON,2026-10-02,2026-10-02T13:23:20.501812-04:00,83.97,0.3442
MRVL-20261002T17095423072,MRVL,2026-10-02,2026-10-02T13:23:20.501812-04:00,273.2238,0.101
COHR-20261002T17161136998,COHR,2026-10-02,2026-10-02T13:23:20.501812-04:00,334.49,-0.0598
EPAM-20261002T17213859997,EPAM,2026-10-02,2026-10-02T13:23:20.501812-04:00,109.0,0.0183
GME-20261002T17221945693,GME,2026-10-02,2026-10-02T13:23:20.501812-04:00,24.5314,-0.21
TWLO-20261002T17000250438,TWLO,2026-10-02,2026-10-02T13:23:30.709011-04:00,293.4106,0.3767
PRIM-20261002T17003334668,PRIM,2026-10-02,2026-10-02T13:23:30.709011-04:00,78.2029,0.1495
XENE-20261002T17072186222,XENE,2026-10-02,2026-10-02T13:23:30.709011-04:00,37.4709,-0.136
ON-20261002T17080249845,ON,2026-10-02,2026-10-02T13:23:30.709011-04:00,83.935,0.3857
MRVL-20261002T17095423072,MRVL,2026-10-02,2026-10-02T13:23:30.709011-04:00,273.065,0.159
COHR-20261002T17161136998,COHR,2026-10-02,2026-10-02T13:23:30.709011-04:00,334.5,-0.0628
EPAM-20261002T17213859997,EPAM,2026-10-02,2026-10-02T13:23:30.709011-04:00,109.1576,-0.1262
GME-20261002T17221945693,GME,2026-10-02,2026-10-02T13:23:30.709011-04:00,24.455,0.1021
TWLO-20261002T17000250438,TWLO,2026-10-02,2026-10-02T13:23:40.935028-04:00,293.7399,0.2649
PRIM-20261002T17003334668,PRIM,2026-10-02,2026-10-02T13:23:40.935028-04:00,78.2013,0.1516
XENE-20261002T17072186222,XENE,2026-10-02,2026-10-02T13:23:40.935028-04:00,37.47,-0.1336
ON-20261002T17080249845,ON,2026-10-02,2026-10-02T13:23:40.935028-04:00,83.9,0.4272
MRVL-20261002T17095423072,MRVL,2026-10-02,2026-10-02T13:23:40.935028-04:00,272.85,0.2377
COHR-20261002T17161136998,COHR,2026-10-02,2026-10-02T13:23:40.935028-04:00,334.275,0.0045
EPAM-20261002T17213859997,EPAM,2026-10-02,2026-10-02T13:23:40.935028-04:00,109.28,-0.2385
GME-20261002T17221945693,GME,2026-10-02,2026-10-02T13:23:40.935028-04:00,24.459,0.0858
TWLO-20261002T17000250438,TWLO,2026-10-02,2026-10-02T13:23:51.124433-04:00,293.345,0.399
PRIM-20261002T17003334668,PRIM,2026-10-02,2026-10-02T13:23:51.124433-04:00,78.222,0.1251
XENE-20261002T17072186222,XENE,2026-10-02,2026-10-02T13:23:51.124433-04:00,37.47,-0.1336
ON-20261002T17080249845,ON,2026-10-02,2026-10-02T13:23:51.124433-04:00,83.91,0.4154
MRVL-20261002T17095423072,MRVL,2026-10-02,2026-10-02T13:23:51.124433-04:00,273.1911,0.1129
COHR-20261002T17161136998,COHR,2026-10-02,2026-10-02T13:23:51.124433-04:00,334.26,0.009
EPAM-20261002T17213859997,EPAM,2026-10-02,2026-10-02T13:23:51.124433-04:00,109.155,-0.1238
GME-20261002T17221945693,GME,2026-10-02,2026-10-02T13:23:51.124433-04:00,24.4426,0.1528
TWLO-20261002T17000250438,TWLO,2026-10-02,2026-10-02T13:24:01.318507-04:00,293.38,0.3871
PRIM-20261002T17003334668,PRIM,2026-10-02,2026-10-02T13:24:01.318507-04:00,78.1556,0.2099
XENE-20261002T17072186222,XENE,2026-10-02,2026-10-02T13:24:01.318507-04:00,37.465,-0.1203
ON-20261002T17080249845,ON,2026-10-02,2026-10-02T13:24:01.318507-04:00,83.8732,0.4591
MRVL-20261002T17095423072,MRVL,2026-10-02,2026-10-02T13:24:01.318507-04:00,272.635,0.3163
COHR-20261002T17161136998,COHR,2026-10-02,2026-10-02T13:24:01.318507-04:00,333.83,0.1376
EPAM-20261002T17213859997,EPAM,2026-10-02,2026-10-02T13:24:01.318507-04:00,109.155,-0.1238
GME-20261002T17221945693,GME,2026-10-02,2026-10-02T13:24:01.318507-04:00,24.5473,-0.2749
TWLO-20261002T17000250438,TWLO,2026-10-02,2026-10-02T13:24:11.575118-04:00,293.32,0.4074
PRIM-20261002T17003334668,PRIM,2026-10-02,2026-10-02T13:24:11.575118-04:00,78.125,0.249
XENE-20261002T17072186222,XENE,2026-10-02,2026-10-02T13:24:11.575118-04:00,37.4639,-0.1173
ON-20261002T17080249845,ON,2026-10-02,2026-10-02T13:24:11.575118-04:00,83.885,0.4451
MRVL-20261002T17095423072,MRVL,2026-10-02,2026-10-02T13:24:11.575118-04:00,272.43,0.3912
COHR-20261002T17161136998,COHR,2026-10-02,2026-10-02T13:24:11.575118-04:00,333.97,0.0957
EPAM-20261002T17213859997,EPAM,2026-10-02,2026-10-02T13:24:11.575118-04:00,109.2007,-0.1657
GME-20261002T17221945693,GME,2026-10-02,2026-10-02T13:24:11.575118-04:00,24.4476,0.1324
TWLO-20261002T17000250438,TWLO,2026-10-02,2026-10-02T13:24:21.747977-04:00,293.05,0.4991
PRIM-20261002T17003334668,PRIM,2026-10-02,2026-10-02T13:24:21.747977-04:00,78.12,0.2554
XENE-20261002T17072186222,XENE,2026-10-02,2026-10-02T13:24:21.747977-04:00,37.4631,-0.1152
ON-20261002T17080249845,ON,2026-10-02,2026-10-02T13:24:21.747977-04:00,83.9562,0.3606
MRVL-20261002T17095423072,MRVL,2026-10-02,2026-10-02T13:24:21.747977-04:00,272.5646,0.342
COHR-20261002T17161136998,COHR,2026-10-02,2026-10-02T13:24:21.747977-04:00,334.01,0.0838
EPAM-20261002T17213859997,EPAM,2026-10-02,2026-10-02T13:24:21.747977-04:00,109.33,-0.2844
GME-20261002T17221945693,GME,2026-10-02,2026-10-02T13:24:21.747977-04:00,24.4501,0.1221
TWLO-20261002T17000250438,TWLO,2026-10-02,2026-10-02T13:24:31.967593-04:00,293.5976,0.3132
PRIM-20261002T17003334668,PRIM,2026-10-02,2026-10-02T13:24:31.967593-04:00,78.07,0.3192
XENE-20261002T17072186222,XENE,2026-10-02,2026-10-02T13:24:31.967593-04:00,37.415,0.0134
ON-20261002T17080249845,ON,2026-10-02,2026-10-02T13:24:31.967593-04:00,83.94,0.3798
MRVL-20261002T17095423072,MRVL,2026-10-02,2026-10-02T13:24:31.967593-04:00,272.7627,0.2696
COHR-20261002T17161136998,COHR,2026-10-02,2026-10-02T13:24:31.967593-04:00,334.435,-0.0434
EPAM-20261002T17213859997,EPAM,2026-10-02,2026-10-02T13:24:31.967593-04:00,109.34,-0.2935
GME-20261002T17221945693,GME,2026-10-02,2026-10-02T13:24:31.967593-04:00,24.4457,0.1401
TWLO-20261002T17000250438,TWLO,2026-10-02,2026-10-02T13:24:42.144423-04:00,293.0146,0.5111
PRIM-20261002T17003334668,PRIM,2026-10-02,2026-10-02T13:24:42.144423-04:00,78.1426,0.2265
XENE-20261002T17072186222,XENE,2026-10-02,2026-10-02T13:24:42.144423-04:00,37.435,-0.0401
ON-20261002T17080249845,ON,2026-10-02,2026-10-02T13:24:42.144423-04:00,83.9025,0.4243
MRVL-20261002T17095423072,MRVL,2026-10-02,2026-10-02T13:24:42.144423-04:00,272.725,0.2834
COHR-20261002T17161136998,COHR,2026-10-02,2026-10-02T13:24:42.144423-04:00,334.3571,-0.0201
EPAM-20261002T17213859997,EPAM,2026-10-02,2026-10-02T13:24:42.144423-04:00,109.34,-0.2935
GME-20261002T17221945693,GME,2026-10-02,2026-10-02T13:24:42.144423-04:00,24.46,0.0817
TWLO-20261002T17000250438,TWLO,2026-10-02,2026-10-02T13:24:52.323808-04:00,293.02,0.5093
PRIM-20261002T17003334668,PRIM,2026-10-02,2026-10-02T13:24:52.323808-04:00,78.12,0.2554
XENE-20261002T17072186222,XENE,2026-10-02,2026-10-02T13:24:52.323808-04:00,37.4322,-0.0326
ON-20261002T17080249845,ON,2026-10-02,2026-10-02T13:24:52.323808-04:00,83.85,0.4866
MRVL-20261002T17095423072,MRVL,2026-10-02,2026-10-02T13:24:52.323808-04:00,272.785,0.2614
COHR-20261002T17161136998,COHR,2026-10-02,2026-10-02T13:24:52.323808-04:00,334.37,-0.0239
EPAM-20261002T17213859997,EPAM,2026-10-02,2026-10-02T13:24:52.323808-04:00,109.2387,-0.2006
GME-20261002T17221945693,GME,2026-10-02,2026-10-02T13:24:52.323808-04:00,24.455,0.1021
TWLO-20261002T17000250438,TWLO,2026-10-02,2026-10-02T13:25:02.480308-04:00,293.02,0.5093
PRIM-20261002T17003334668,PRIM,2026-10-02,2026-10-02T13:25:02.480308-04:00,78.1161,0.2603
XENE-20261002T17072186222,XENE,2026-10-02,2026-10-02T13:25:02.480308-04:00,37.4662,-0.1235
ON-20261002T17080249845,ON,2026-10-02,2026-10-02T13:25:02.480308-04:00,83.85,0.4866
MRVL-20261002T17095423072,MRVL,2026-10-02,2026-10-02T13:25:02.480308-04:00,272.8,0.2559
COHR-20261002T17161136998,COHR,2026-10-02,2026-10-02T13:25:02.480308-04:00,334.425,-0.0404
EPAM-20261002T17213859997,EPAM,2026-10-02,2026-10-02T13:25:02.480308-04:00,109.34,-0.2935
GME-20261002T17221945693,GME,2026-10-02,2026-10-02T13:25:02.480308-04:00,24.455,0.1021
TWLO-20261002T17000250438,TWLO,2026-10-02,2026-10-02T13:25:12.658721-04:00,292.964,0.5283
PRIM-20261002T17003334668,PRIM,2026-10-02,2026-10-02T13:25:12.658721-04:00,78.1149,0.2619
XENE-20261002T17072186222,XENE,2026-10-02,2026-10-02T13:25:12.658721-04:00,37.437,-0.0454
ON-20261002T17080249845,ON,2026-10-02,2026-10-02T13:25:12.658721-04:00,83.845,0.4925
MRVL-20261002T17095423072,MRVL,2026-10-02,2026-10-02T13:25:12.658721-04:00,272.9985,0.1834
COHR-20261002T17161136998,COHR,2026-10-02,2026-10-02T13:25:12.658721-04:00,334.3399,-0.0149
EPAM-20261002T17213859997,EPAM,2026-10-02,2026-10-02T13:25:12.658721-04:00,109.2184,-0.182
GME-20261002T17221945693,GME,2026-10-02,2026-10-02T13:25:12.658721-04:00,24.46,0.0817
TWLO-20261002T17000250438,TWLO,2026-10-02,2026-10-02T13:25:22.837357-04:00,292.98,0.5229
PRIM-20261002T17003334668,PRIM,2026-10-02,2026-10-02T13:25:22.837357-04:00,78.07,0.3192
XENE-20261002T17072186222,XENE,2026-10-02,2026-10-02T13:25:22.837357-04:00,37.4085,0.0307
ON-20261002T17080249845,ON,2026-10-02,2026-10-02T13:25:22.837357-04:00,83.87,0.4629
MRVL-20261002T17095423072,MRVL,2026-10-02,2026-10-02T13:25:22.837357-04:00,272.88,0.2267
COHR-20261002T17161136998,COHR,2026-10-02,2026-10-02T13:25:22.837357-04:00,334.43,-0.0419
EPAM-20261002T17213859997,EPAM,2026-10-02,2026-10-02T13:25:22.837357-04:00,109.24,-0.2018
GME-20261002T17221945693,GME,2026-10-02,2026-10-02T13:25:22.837357-04:00,24.455,0.1021
TWLO-20261002T17000250438,TWLO,2026-10-02,2026-10-02T13:25:33.052725-04:00,292.8875,0.5543
PRIM-20261002T17003334668,PRIM,2026-10-02,2026-10-02T13:25:33.052725-04:00,78.07,0.3192
XENE-20261002T17072186222,XENE,2026-10-02,2026-10-02T13:25:33.052725-04:00,37.4652,-0.1208
ON-20261002T17080249845,ON,2026-10-02,2026-10-02T13:25:33.052725-04:00,83.885,0.4451
MRVL-20261002T17095423072,MRVL,2026-10-02,2026-10-02T13:25:33.052725-04:00,272.9,0.2194
COHR-20261002T17161136998,COHR,2026-10-02,2026-10-02T13:25:33.052725-04:00,334.775,-0.1451
EPAM-20261002T17213859997,EPAM,2026-10-02,2026-10-02T13:25:33.052725-04:00,109.15,-0.1192
GME-20261002T17221945693,GME,2026-10-02,2026-10-02T13:25:33.052725-04:00,24.4586,0.0874
TWLO-20261002T17000250438,TWLO,2026-10-02,2026-10-02T13:25:43.275569-04:00,292.99,0.5195
PRIM-20261002T17003334668,PRIM,2026-10-02,2026-10-02T13:25:43.275569-04:00,78.1104,0.2676
XENE-20261002T17072186222,XENE,2026-10-02,2026-10-02T13:25:43.275569-04:00,37.4204,-0.0011
ON-20261002T17080249845,ON,2026-10-02,2026-10-02T13:25:43.275569-04:00,83.9125,0.4124
MRVL-20261002T17095423072,MRVL,2026-10-02,2026-10-02T13:25:43.275569-04:00,272.8,0.2559
COHR-20261002T17161136998,COHR,2026-10-02,2026-10-02T13:25:43.275569-04:00,334.84,-0.1645
EPAM-20261002T17213859997,EPAM,2026-10-02,2026-10-02T13:25:43.275569-04:00,109.3405,-0.294
GME-20261002T17221945693,GME,2026-10-02,2026-10-02T13:25:43.275569-04:00,24.43,0.2042
TWLO-20261002T17000250438,TWLO,2026-10-02,2026-10-02T13:25:53.484223-04:00,293.0299,0.5059
PRIM-20261002T17003334668,PRIM,2026-10-02,2026-10-02T13:25:53.484223-04:00,78.08,0.3064
XENE-20261002T17072186222,XENE,2026-10-02,2026-10-02T13:25:53.484223-04:00,37.4651,-0.1205
ON-20261002T17080249845,ON,2026-10-02,2026-10-02T13:25:53.484223-04:00,83.8525,0.4836
MRVL-20261002T17095423072,MRVL,2026-10-02,2026-10-02T13:25:53.484223-04:00,272.785,0.2614
COHR-20261002T17161136998,COHR,2026-10-02,2026-10-02T13:25:53.484223-04:00,334.6442,-0.106
EPAM-20261002T17213859997,EPAM,2026-10-02,2026-10-02T13:25:53.484223-04:00,109.34,-0.2935
GME-20261002T17221945693,GME,2026-10-02,2026-10-02T13:25:53.484223-04:00,24.435,0.1838
TWLO-20261002T17000250438,TWLO,2026-10-02,2026-10-02T13:26:03.643174-04:00,292.94,0.5365
PRIM-20261002T17003334668,PRIM,2026-10-02,2026-10-02T13:26:03.643174-04:00,78.0993,0.2818
XENE-20261002T17072186222,XENE,2026-10-02,2026-10-02T13:26:03.643174-04:00,37.445,-0.0668
ON-20261002T17080249845,ON,2026-10-02,2026-10-02T13:26:03.643174-04:00,83.83,0.5103
MRVL-20261002T17095423072,MRVL,2026-10-02,2026-10-02T13:26:03.643174-04:00,272.67,0.3035
COHR-20261002T17161136998,COHR,2026-10-02,2026-10-02T13:26:03.643174-04:00,334.875,-0.175
EPAM-20261002T17213859997,EPAM,2026-10-02,2026-10-02T13:26:03.643174-04:00,109.34,-0.2935
GME-20261002T17221945693,GME,2026-10-02,2026-10-02T13:26:03.643174-04:00,24.4327,0.1932
TWLO-20261002T17000250438,TWLO,2026-10-02,2026-10-02T13:26:13.844280-04:00,292.98,0.5229
PRIM-20261002T17003334668,PRIM,2026-10-02,2026-10-02T13:26:13.844280-04:00,78.085,0.3001
XENE-20261002T17072186222,XENE,2026-10-02,2026-10-02T13:26:13.844280-04:00,37.4448,-0.0663
ON-20261002T17080249845,ON,2026-10-02,2026-10-02T13:26:13.844280-04:00,83.85,0.4866
MRVL-20261002T17095423072,MRVL,2026-10-02,2026-10-02T13:26:13.844280-04:00,272.6299,0.3181
COHR-20261002T17161136998,COHR,2026-10-02,2026-10-02T13:26:13.844280-04:00,334.83,-0.1615
EPAM-20261002T17213859997,EPAM,2026-10-02,2026-10-02T13:26:13.844280-04:00,109.2415,-0.2032
GME-20261002T17221945693,GME,2026-10-02,2026-10-02T13:26:13.844280-04:00,24.4383,0.1703
TWLO-20261002T17000250438,TWLO,2026-10-02,2026-10-02T13:26:23.990603-04:00,292.9082,0.5473
PRIM-20261002T17003334668,PRIM,2026-10-02,2026-10-02T13:26:23.990603-04:00,78.0941,0.2884
XENE-20261002T17072186222,XENE,2026-10-02,2026-10-02T13:26:23.990603-04:00,37.4524,-0.0866
ON-20261002T17080249845,ON,2026-10-02,2026-10-02T13:26:23.990603-04:00,83.815,0.5281
MRVL-20261002T17095423072,MRVL,2026-10-02,2026-10-02T13:26:23.990603-04:00,272.8346,0.2433
COHR-20261002T17161136998,COHR,2026-10-02,2026-10-02T13:26:23.990603-04:00,334.705,-0.1241
EPAM-20261002T17213859997,EPAM,2026-10-02,2026-10-02T13:26:23.990603-04:00,109.2454,-0.2068
GME-20261002T17221945693,GME,2026-10-02,2026-10-02T13:26:23.990603-04:00,24.435,0.1838
TWLO-20261002T17000250438,TWLO,2026-10-02,2026-10-02T13:26:34.112042-04:00,292.95,0.5331
PRIM-20261002T17003334668,PRIM,2026-10-02,2026-10-02T13:26:34.112042-04:00,78.1401,0.2297
XENE-20261002T17072186222,XENE,2026-10-02,2026-10-02T13:26:34.112042-04:00,37.4642,-0.1181
ON-20261002T17080249845,ON,2026-10-02,2026-10-02T13:26:34.112042-04:00,83.79,0.5578
MRVL-20261002T17095423072,MRVL,2026-10-02,2026-10-02T13:26:34.112042-04:00,272.5,0.3656
COHR-20261002T17161136998,COHR,2026-10-02,2026-10-02T13:26:34.112042-04:00,334.4363,-0.0438
EPAM-20261002T17213859997,EPAM,2026-10-02,2026-10-02T13:26:34.112042-04:00,109.3381,-0.2918
GME-20261002T17221945693,GME,2026-10-02,2026-10-02T13:26:34.112042-04:00,24.42,0.2451
TWLO-20261002T17000250438,TWLO,2026-10-02,2026-10-02T13:26:44.238788-04:00,292.9718,0.5257
PRIM-20261002T17003334668,PRIM,2026-10-02,2026-10-02T13:26:44.238788-04:00,78.21,0.1404
XENE-20261002T17072186222,XENE,2026-10-02,2026-10-02T13:26:44.238788-04:00,37.464,-0.1176
ON-20261002T17080249845,ON,2026-10-02,2026-10-02T13:26:44.238788-04:00,83.8,0.5459
MRVL-20261002T17095423072,MRVL,2026-10-02,2026-10-02T13:26:44.238788-04:00,272.4713,0.3761
COHR-20261002T17161136998,COHR,2026-10-02,2026-10-02T13:26:44.238788-04:00,334.44,-0.0449
EPAM-20261002T17213859997,EPAM,2026-10-02,2026-10-02T13:26:44.238788-04:00,109.3325,-0.2866
GME-20261002T17221945693,GME,2026-10-02,2026-10-02T13:26:44.238788-04:00,24.5416,-0.2516
TWLO-20261002T17000250438,TWLO,2026-10-02,2026-10-02T13:26:54.391977-04:00,292.5823,0.6579
PRIM-20261002T17003334668,PRIM,2026-10-02,2026-10-02T13:26:54.391977-04:00,78.21,0.1404
XENE-20261002T17072186222,XENE,2026-10-02,2026-10-02T13:26:54.391977-04:00,37.4633,-0.1157
ON-20261002T17080249845,ON,2026-10-02,2026-10-02T13:26:54.391977-04:00,83.7668,0.5853
MRVL-20261002T17095423072,MRVL,2026-10-02,2026-10-02T13:26:54.391977-04:00,272.7882,0.2603
COHR-20261002T17161136998,COHR,2026-10-02,2026-10-02T13:26:54.391977-04:00,334.48,-0.0568
EPAM-20261002T17213859997,EPAM,2026-10-02,2026-10-02T13:26:54.391977-04:00,109.33,-0.2844
GME-20261002T17221945693,GME,2026-10-02,2026-10-02T13:26:54.391977-04:00,24.4582,0.0891
TWLO-20261002T17000250438,TWLO,2026-10-02,2026-10-02T13:27:04.537811-04:00,292.645,0.6366
PRIM-20261002T17003334668,PRIM,2026-10-02,2026-10-02T13:27:04.537811-04:00,78.1635,0.1998
XENE-20261002T17072186222,XENE,2026-10-02,2026-10-02T13:27:04.537811-04:00,37.4632,-0.1154
ON-20261002T17080249845,ON,2026-10-02,2026-10-02T13:27:04.537811-04:00,83.735,0.6231
MRVL-20261002T17095423072,MRVL,2026-10-02,2026-10-02T13:27:04.537811-04:00,272.384,0.408
COHR-20261002T17161136998,COHR,2026-10-02,2026-10-02T13:27:04.537811-04:00,334.59,-0.0897
EPAM-20261002T17213859997,EPAM,2026-10-02,2026-10-02T13:27:04.537811-04:00,109.33,-0.2844
GME-20261002T17221945693,GME,2026-10-02,2026-10-02T13:27:04.537811-04:00,24.4296,0.2059
TWLO-20261002T17000250438,TWLO,2026-10-02,2026-10-02T13:27:14.700183-04:00,292.76,0.5976
PRIM-20261002T17003334668,PRIM,2026-10-02,2026-10-02T13:27:14.700183-04:00,78.1928,0.1624
XENE-20261002T17072186222,XENE,2026-10-02,2026-10-02T13:27:14.700183-04:00,37.4632,-0.1154
ON-20261002T17080249845,ON,2026-10-02,2026-10-02T13:27:14.700183-04:00,83.78,0.5697
MRVL-20261002T17095423072,MRVL,2026-10-02,2026-10-02T13:27:14.700183-04:00,272.495,0.3675
COHR-20261002T17161136998,COHR,2026-10-02,2026-10-02T13:27:14.700183-04:00,334.4572,-0.05
EPAM-20261002T17213859997,EPAM,2026-10-02,2026-10-02T13:27:14.700183-04:00,109.1891,-0.1551
GME-20261002T17221945693,GME,2026-10-02,2026-10-02T13:27:14.700183-04:00,24.415,0.2655
TWLO-20261002T17000250438,TWLO,2026-10-02,2026-10-02T13:27:24.834178-04:00,292.7911,0.587
PRIM-20261002T17003334668,PRIM,2026-10-02,2026-10-02T13:27:24.834178-04:00,78.1719,0.1891
XENE-20261002T17072186222,XENE,2026-10-02,2026-10-02T13:27:24.834178-04:00,37.44,-0.0534
ON-20261002T17080249845,ON,2026-10-02,2026-10-02T13:27:24.834178-04:00,83.76,0.5934
MRVL-20261002T17095423072,MRVL,2026-10-02,2026-10-02T13:27:24.834178-04:00,272.59,0.3327
COHR-20261002T17161136998,COHR,2026-10-02,2026-10-02T13:27:24.834178-04:00,334.675,-0.1152
EPAM-20261002T17213859997,EPAM,2026-10-02,2026-10-02T13:27:24.834178-04:00,109.325,-0.2798
GME-20261002T17221945693,GME,2026-10-02,2026-10-02T13:27:24.834178-04:00,24.5289,-0.1998
TWLO-20261002T17000250438,TWLO,2026-10-02,2026-10-02T13:27:34.958280-04:00,292.845,0.5687
PRIM-20261002T17003334668,PRIM,2026-10-02,2026-10-02T13:27:34.958280-04:00,78.1486,0.2188
XENE-20261002T17072186222,XENE,2026-10-02,2026-10-02T13:27:34.958280-04:00,37.4485,-0.0762
ON-20261002T17080249845,ON,2026-10-02,2026-10-02T13:27:34.958280-04:00,83.8587,0.4763
MRVL-20261002T17095423072,MRVL,2026-10-02,2026-10-02T13:27:34.958280-04:00,272.4869,0.3704
COHR-20261002T17161136998,COHR,2026-10-02,2026-10-02T13:27:34.958280-04:00,334.685,-0.1182
EPAM-20261002T17213859997,EPAM,2026-10-02,2026-10-02T13:27:34.958280-04:00,109.3102,-0.2662
GME-20261002T17221945693,GME,2026-10-02,2026-10-02T13:27:34.958280-04:00,24.415,0.2655
TWLO-20261002T17000250438,TWLO,2026-10-02,2026-10-02T13:27:45.074864-04:00,292.84,0.5704
PRIM-20261002T17003334668,PRIM,2026-10-02,2026-10-02T13:27:45.074864-04:00,78.2178,0.1305
XENE-20261002T17072186222,XENE,2026-10-02,2026-10-02T13:27:45.074864-04:00,37.4309,-0.0291
ON-20261002T17080249845,ON,2026-10-02,2026-10-02T13:27:45.074864-04:00,83.8183,0.5242
MRVL-20261002T17095423072,MRVL,2026-10-02,2026-10-02T13:27:45.074864-04:00,272.5568,0.3449
COHR-20261002T17161136998,COHR,2026-10-02,2026-10-02T13:27:45.074864-04:00,334.54,-0.0748
EPAM-20261002T17213859997,EPAM,2026-10-02,2026-10-02T13:27:45.074864-04:00,109.3208,-0.2759
GME-20261002T17221945693,GME,2026-10-02,2026-10-02T13:27:45.074864-04:00,24.4199,0.2455
TWLO-20261002T17000250438,TWLO,2026-10-02,2026-10-02T13:27:55.206233-04:00,292.865,0.5619
PRIM-20261002T17003334668,PRIM,2026-10-02,2026-10-02T13:27:55.206233-04:00,78.18,0.1788
XENE-20261002T17072186222,XENE,2026-10-02,2026-10-02T13:27:55.206233-04:00,37.44,-0.0534
ON-20261002T17080249845,ON,2026-10-02,2026-10-02T13:27:55.206233-04:00,83.87,0.4629
MRVL-20261002T17095423072,MRVL,2026-10-02,2026-10-02T13:27:55.206233-04:00,272.7752,0.265
COHR-20261002T17161136998,COHR,2026-10-02,2026-10-02T13:27:55.206233-04:00,334.67,-0.1137
EPAM-20261002T17213859997,EPAM,2026-10-02,2026-10-02T13:27:55.206233-04:00,109.2735,-0.2325
GME-20261002T17221945693,GME,2026-10-02,2026-10-02T13:27:55.206233-04:00,24.42,0.2451
TWLO-20261002T17000250438,TWLO,2026-10-02,2026-10-02T13:28:05.341329-04:00,292.7,0.618
PRIM-20261002T17003334668,PRIM,2026-10-02,2026-10-02T13:28:05.341329-04:00,78.2189,0.1291
XENE-20261002T17072186222,XENE,2026-10-02,2026-10-02T13:28:05.341329-04:00,37.44,-0.0534
ON-20261002T17080249845,ON,2026-10-02,2026-10-02T13:28:05.341329-04:00,83.85,0.4866
MRVL-20261002T17095423072,MRVL,2026-10-02,2026-10-02T13:28:05.341329-04:00,272.7566,0.2718
COHR-20261002T17161136998,COHR,2026-10-02,2026-10-02T13:28:05.341329-04:00,334.5132,-0.0668
EPAM-20261002T17213859997,EPAM,2026-10-02,2026-10-02T13:28:05.341329-04:00,109.235,-0.1972
GME-20261002T17221945693,GME,2026-10-02,2026-10-02T13:28:05.341329-04:00,24.5108,-0.1258
TWLO-20261002T17000250438,TWLO,2026-10-02,2026-10-02T13:28:15.490357-04:00,292.88,0.5568
PRIM-20261002T17003334668,PRIM,2026-10-02,2026-10-02T13:28:15.490357-04:00,78.245,0.0958
XENE-20261002T17072186222,XENE,2026-10-02,2026-10-02T13:28:15.490357-04:00,37.44,-0.0534
ON-20261002T17080249845,ON,2026-10-02,2026-10-02T13:28:15.490357-04:00,83.8794,0.4517
MRVL-20261002T17095423072,MRVL,2026-10-02,2026-10-02T13:28:15.490357-04:00,272.765,0.2687
COHR-20261002T17161136998,COHR,2026-10-02,2026-10-02T13:28:15.490357-04:00,334.82,-0.1585
EPAM-20261002T17213859997,EPAM,2026-10-02,2026-10-02T13:28:15.490357-04:00,109.2705,-0.2298
GME-20261002T17221945693,GME,2026-10-02,2026-10-02T13:28:15.490357-04:00,24.415,0.2655
TWLO-20261002T17000250438,TWLO,2026-10-02,2026-10-02T13:28:25.690775-04:00,292.8406,0.5702
PRIM-20261002T17003334668,PRIM,2026-10-02,2026-10-02T13:28:25.690775-04:00,78.245,0.0958
XENE-20261002T17072186222,XENE,2026-10-02,2026-10-02T13:28:25.690775-04:00,37.44,-0.0534
ON-20261002T17080249845,ON,2026-10-02,2026-10-02T13:28:25.690775-04:00,83.7917,0.5558
MRVL-20261002T17095423072,MRVL,2026-10-02,2026-10-02T13:28:25.690775-04:00,272.76,0.2706
COHR-20261002T17161136998,COHR,2026-10-02,2026-10-02T13:28:25.690775-04:00,334.96,-0.2004
EPAM-20261002T17213859997,EPAM,2026-10-02,2026-10-02T13:28:25.690775-04:00,109.31,-0.266
GME-20261002T17221945693,GME,2026-10-02,2026-10-02T13:28:25.690775-04:00,24.4423,0.154
TWLO-20261002T17000250438,TWLO,2026-10-02,2026-10-02T13:28:35.856927-04:00,292.8549,0.5654
PRIM-20261002T17003334668,PRIM,2026-10-02,2026-10-02T13:28:35.856927-04:00,78.18,0.1788
XENE-20261002T17072186222,XENE,2026-10-02,2026-10-02T13:28:35.856927-04:00,37.4435,-0.0628
ON-20261002T17080249845,ON,2026-10-02,2026-10-02T13:28:35.856927-04:00,83.81,0.5341
MRVL-20261002T17095423072,MRVL,2026-10-02,2026-10-02T13:28:35.856927-04:00,272.9199,0.2121
COHR-20261002T17161136998,COHR,2026-10-02,2026-10-02T13:28:35.856927-04:00,335.13,-0.2513
EPAM-20261002T17213859997,EPAM,2026-10-02,2026-10-02T13:28:35.856927-04:00,109.324,-0.2788
GME-20261002T17221945693,GME,2026-10-02,2026-10-02T13:28:35.856927-04:00,24.415,0.2655
TWLO-20261002T17000250438,TWLO,2026-10-02,2026-10-02T13:28:46.035985-04:00,292.8,0.584
PRIM-20261002T17003334668,PRIM,2026-10-02,2026-10-02T13:28:46.035985-04:00,78.2188,0.1292
XENE-20261002T17072186222,XENE,2026-10-02,2026-10-02T13:28:46.035985-04:00,37.44,-0.0534
ON-20261002T17080249845,ON,2026-10-02,2026-10-02T13:28:46.035985-04:00,83.82,0.5222
MRVL-20261002T17095423072,MRVL,2026-10-02,2026-10-02T13:28:46.035985-04:00,272.7454,0.2759
COHR-20261002T17161136998,COHR,2026-10-02,2026-10-02T13:28:46.035985-04:00,334.5437,-0.0759
EPAM-20261002T17213859997,EPAM,2026-10-02,2026-10-02T13:28:46.035985-04:00,109.28,-0.2385
GME-20261002T17221945693,GME,2026-10-02,2026-10-02T13:28:46.035985-04:00,24.41,0.2859
WING-20261002T17282585232,WING,2026-10-02,2026-10-02T13:28:46.035985-04:00,106.725,-0.0328
TWLO-20261002T17000250438,TWLO,2026-10-02,2026-10-02T13:28:56.192680-04:00,292.5812,0.6583
PRIM-20261002T17003334668,PRIM,2026-10-02,2026-10-02T13:28:56.192680-04:00,78.245,0.0958
XENE-20261002T17072186222,XENE,2026-10-02,2026-10-02T13:28:56.192680-04:00,37.4458,-0.0689
ON-20261002T17080249845,ON,2026-10-02,2026-10-02T13:28:56.192680-04:00,83.675,0.6943
MRVL-20261002T17095423072,MRVL,2026-10-02,2026-10-02T13:28:56.192680-04:00,272.79,0.2596
COHR-20261002T17161136998,COHR,2026-10-02,2026-10-02T13:28:56.192680-04:00,335.185,-0.2677
EPAM-20261002T17213859997,EPAM,2026-10-02,2026-10-02T13:28:56.192680-04:00,109.35,-0.3027
GME-20261002T17221945693,GME,2026-10-02,2026-10-02T13:28:56.192680-04:00,24.405,0.3064
WING-20261002T17282585232,WING,2026-10-02,2026-10-02T13:28:56.192680-04:00,106.725,-0.0328
TWLO-20261002T17000250438,TWLO,2026-10-02,2026-10-02T13:29:06.323958-04:00,292.69,0.6213
PRIM-20261002T17003334668,PRIM,2026-10-02,2026-10-02T13:29:06.323958-04:00,78.18,0.1788
XENE-20261002T17072186222,XENE,2026-10-02,2026-10-02T13:29:06.323958-04:00,37.44,-0.0534
ON-20261002T17080249845,ON,2026-10-02,2026-10-02T13:29:06.323958-04:00,83.675,0.6943
MRVL-20261002T17095423072,MRVL,2026-10-02,2026-10-02T13:29:06.323958-04:00,272.745,0.2761
COHR-20261002T17161136998,COHR,2026-10-02,2026-10-02T13:29:06.323958-04:00,335.185,-0.2677
EPAM-20261002T17213859997,EPAM,2026-10-02,2026-10-02T13:29:06.323958-04:00,109.35,-0.3027
GME-20261002T17221945693,GME,2026-10-02,2026-10-02T13:29:06.323958-04:00,24.41,0.2859
WING-20261002T17282585232,WING,2026-10-02,2026-10-02T13:29:06.323958-04:00,107.137,-0.419
TWLO-20261002T17000250438,TWLO,2026-10-02,2026-10-02T13:29:16.491878-04:00,292.855,0.5653
PRIM-20261002T17003334668,PRIM,2026-10-02,2026-10-02T13:29:16.491878-04:00,78.18,0.1788
XENE-20261002T17072186222,XENE,2026-10-02,2026-10-02T13:29:16.491878-04:00,37.44,-0.0534
ON-20261002T17080249845,ON,2026-10-02,2026-10-02T13:29:16.491878-04:00,83.64,0.7358
MRVL-20261002T17095423072,MRVL,2026-10-02,2026-10-02T13:29:16.491878-04:00,272.72,0.2852
COHR-20261002T17161136998,COHR,2026-10-02,2026-10-02T13:29:16.491878-04:00,335.12,-0.2483
EPAM-20261002T17213859997,EPAM,2026-10-02,2026-10-02T13:29:16.491878-04:00,109.2458,-0.2071
GME-20261002T17221945693,GME,2026-10-02,2026-10-02T13:29:16.491878-04:00,24.4073,0.297
WING-20261002T17282585232,WING,2026-10-02,2026-10-02T13:29:16.491878-04:00,106.69,-0.0
TWLO-20261002T17000250438,TWLO,2026-10-02,2026-10-02T13:29:26.688186-04:00,292.7978,0.5847
PRIM-20261002T17003334668,PRIM,2026-10-02,2026-10-02T13:29:26.688186-04:00,78.245,0.0958
XENE-20261002T17072186222,XENE,2026-10-02,2026-10-02T13:29:26.688186-04:00,37.4281,-0.0216
ON-20261002T17080249845,ON,2026-10-02,2026-10-02T13:29:26.688186-04:00,83.63,0.7477
MRVL-20261002T17095423072,MRVL,2026-10-02,2026-10-02T13:29:26.688186-04:00,272.625,0.3199
COHR-20261002T17161136998,COHR,2026-10-02,2026-10-02T13:29:26.688186-04:00,334.83,-0.1615
EPAM-20261002T17213859997,EPAM,2026-10-02,2026-10-02T13:29:26.688186-04:00,109.2854,-0.2434
GME-20261002T17221945693,GME,2026-10-02,2026-10-02T13:29:26.688186-04:00,24.4,0.3268
WING-20261002T17282585232,WING,2026-10-02,2026-10-02T13:29:26.688186-04:00,106.825,-0.1265
TWLO-20261002T17000250438,TWLO,2026-10-02,2026-10-02T13:29:36.872994-04:00,292.79,0.5874
PRIM-20261002T17003334668,PRIM,2026-10-02,2026-10-02T13:29:36.872994-04:00,78.245,0.0958
XENE-20261002T17072186222,XENE,2026-10-02,2026-10-02T13:29:36.872994-04:00,37.44,-0.0534
ON-20261002T17080249845,ON,2026-10-02,2026-10-02T13:29:36.872994-04:00,83.565,0.8248
MRVL-20261002T17095423072,MRVL,2026-10-02,2026-10-02T13:29:36.872994-04:00,272.522,0.3576
COHR-20261002T17161136998,COHR,2026-10-02,2026-10-02T13:29:36.872994-04:00,334.7401,-0.1346
EPAM-20261002T17213859997,EPAM,2026-10-02,2026-10-02T13:29:36.872994-04:00,109.3272,-0.2818
GME-20261002T17221945693,GME,2026-10-02,2026-10-02T13:29:36.872994-04:00,24.405,0.3064
WING-20261002T17282585232,WING,2026-10-02,2026-10-02T13:29:36.872994-04:00,106.9586,-0.2518
CCL-20261002T17291668202,CCL,2026-10-02,2026-10-02T13:29:36.872994-04:00,25.7772,-0.3394
TWLO-20261002T17000250438,TWLO,2026-10-02,2026-10-02T13:29:47.120304-04:00,292.855,0.5653
PRIM-20261002T17003334668,PRIM,2026-10-02,2026-10-02T13:29:47.120304-04:00,78.2337,0.1102
XENE-20261002T17072186222,XENE,2026-10-02,2026-10-02T13:29:47.120304-04:00,37.4461,-0.0697
ON-20261002T17080249845,ON,2026-10-02,2026-10-02T13:29:47.120304-04:00,83.59,0.7952
MRVL-20261002T17095423072,MRVL,2026-10-02,2026-10-02T13:29:47.120304-04:00,272.54,0.351
COHR-20261002T17161136998,COHR,2026-10-02,2026-10-02T13:29:47.120304-04:00,334.85,-0.1675
EPAM-20261002T17213859997,EPAM,2026-10-02,2026-10-02T13:29:47.120304-04:00,109.2476,-0.2088
GME-20261002T17221945693,GME,2026-10-02,2026-10-02T13:29:47.120304-04:00,24.405,0.3064
WING-20261002T17282585232,WING,2026-10-02,2026-10-02T13:29:47.120304-04:00,106.71,-0.0187
CCL-20261002T17291668202,CCL,2026-10-02,2026-10-02T13:29:47.120304-04:00,25.6981,-0.0315
TWLO-20261002T17000250438,TWLO,2026-10-02,2026-10-02T13:29:57.298244-04:00,292.755,0.5993
PRIM-20261002T17003334668,PRIM,2026-10-02,2026-10-02T13:29:57.298244-04:00,78.245,0.0958
XENE-20261002T17072186222,XENE,2026-10-02,2026-10-02T13:29:57.298244-04:00,37.44,-0.0534
ON-20261002T17080249845,ON,2026-10-02,2026-10-02T13:29:57.298244-04:00,83.58,0.807
MRVL-20261002T17095423072,MRVL,2026-10-02,2026-10-02T13:29:57.298244-04:00,272.66,0.3071
COHR-20261002T17161136998,COHR,2026-10-02,2026-10-02T13:29:57.298244-04:00,334.915,-0.187
EPAM-20261002T17213859997,EPAM,2026-10-02,2026-10-02T13:29:57.298244-04:00,109.2974,-0.2544
GME-20261002T17221945693,GME,2026-10-02,2026-10-02T13:29:57.298244-04:00,24.4061,0.3019
WING-20261002T17282585232,WING,2026-10-02,2026-10-02T13:29:57.298244-04:00,106.825,-0.1265
CCL-20261002T17291668202,CCL,2026-10-02,2026-10-02T13:29:57.298244-04:00,25.7115,-0.0837
TWLO-20261002T17000250438,TWLO,2026-10-02,2026-10-02T13:30:07.458159-04:00,292.801,0.5837
PRIM-20261002T17003334668,PRIM,2026-10-02,2026-10-02T13:30:07.458159-04:00,78.245,0.0958
XENE-20261002T17072186222,XENE,2026-10-02,2026-10-02T13:30:07.458159-04:00,37.44,-0.0534
ON-20261002T17080249845,ON,2026-10-02,2026-10-02T13:30:07.458159-04:00,83.8387,0.5
MRVL-20261002T17095423072,MRVL,2026-10-02,2026-10-02T13:30:07.458159-04:00,272.6,0.3291
COHR-20261002T17161136998,COHR,2026-10-02,2026-10-02T13:30:07.458159-04:00,334.62,-0.0987
EPAM-20261002T17213859997,EPAM,2026-10-02,2026-10-02T13:30:07.458159-04:00,109.15,-0.1192
GME-20261002T17221945693,GME,2026-10-02,2026-10-02T13:30:07.458159-04:00,24.405,0.3064
WING-20261002T17282585232,WING,2026-10-02,2026-10-02T13:30:07.458159-04:00,106.825,-0.1265
CCL-20261002T17291668202,CCL,2026-10-02,2026-10-02T13:30:07.458159-04:00,25.69,-0.0
TWLO-20261002T17000250438,TWLO,2026-10-02,2026-10-02T13:30:17.633672-04:00,292.7891,0.5877
PRIM-20261002T17003334668,PRIM,2026-10-02,2026-10-02T13:30:17.633672-04:00,78.245,0.0958
XENE-20261002T17072186222,XENE,2026-10-02,2026-10-02T13:30:17.633672-04:00,37.4461,-0.0697
ON-20261002T17080249845,ON,2026-10-02,2026-10-02T13:30:17.633672-04:00,83.65,0.7239
MRVL-20261002T17095423072,MRVL,2026-10-02,2026-10-02T13:30:17.633672-04:00,272.649,0.3112
COHR-20261002T17161136998,COHR,2026-10-02,2026-10-02T13:30:17.633672-04:00,334.8,-0.1526
EPAM-20261002T17213859997,EPAM,2026-10-02,2026-10-02T13:30:17.633672-04:00,109.326,-0.2807
GME-20261002T17221945693,GME,2026-10-02,2026-10-02T13:30:17.633672-04:00,24.4021,0.3182
WING-20261002T17282585232,WING,2026-10-02,2026-10-02T13:30:17.633672-04:00,107.1122,-0.3957
CCL-20261002T17291668202,CCL,2026-10-02,2026-10-02T13:30:17.633672-04:00,25.7207,-0.1195
TWLO-20261002T17000250438,TWLO,2026-10-02,2026-10-02T13:30:27.792546-04:00,292.786,0.5888
PRIM-20261002T17003334668,PRIM,2026-10-02,2026-10-02T13:30:27.792546-04:00,78.245,0.0958
XENE-20261002T17072186222,XENE,2026-10-02,2026-10-02T13:30:27.792546-04:00,37.4404,-0.0545
ON-20261002T17080249845,ON,2026-10-02,2026-10-02T13:30:27.792546-04:00,83.61,0.7714
MRVL-20261002T17095423072,MRVL,2026-10-02,2026-10-02T13:30:27.792546-04:00,272.72,0.2852
COHR-20261002T17161136998,COHR,2026-10-02,2026-10-02T13:30:27.792546-04:00,334.8089,-0.1552
EPAM-20261002T17213859997,EPAM,2026-10-02,2026-10-02T13:30:27.792546-04:00,109.27,-0.2293
GME-20261002T17221945693,GME,2026-10-02,2026-10-02T13:30:27.792546-04:00,24.4,0.3268
WING-20261002T17282585232,WING,2026-10-02,2026-10-02T13:30:27.792546-04:00,106.495,0.1828
CCL-20261002T17291668202,CCL,2026-10-02,2026-10-02T13:30:27.792546-04:00,25.7051,-0.0588
TWLO-20261002T17000250438,TWLO,2026-10-02,2026-10-02T13:30:37.976250-04:00,292.83,0.5738
PRIM-20261002T17003334668,PRIM,2026-10-02,2026-10-02T13:30:37.976250-04:00,78.2345,0.1092
XENE-20261002T17072186222,XENE,2026-10-02,2026-10-02T13:30:37.976250-04:00,37.4409,-0.0559
ON-20261002T17080249845,ON,2026-10-02,2026-10-02T13:30:37.976250-04:00,83.675,0.6943
MRVL-20261002T17095423072,MRVL,2026-10-02,2026-10-02T13:30:37.976250-04:00,272.74,0.2779
COHR-20261002T17161136998,COHR,2026-10-02,2026-10-02T13:30:37.976250-04:00,334.775,-0.1451
EPAM-20261002T17213859997,EPAM,2026-10-02,2026-10-02T13:30:37.976250-04:00,109.27,-0.2293
GME-20261002T17221945693,GME,2026-10-02,2026-10-02T13:30:37.976250-04:00,24.415,0.2655
WING-20261002T17282585232,WING,2026-10-02,2026-10-02T13:30:37.976250-04:00,106.53,0.15
CCL-20261002T17291668202,CCL,2026-10-02,2026-10-02T13:30:37.976250-04:00,25.7668,-0.2989
TWLO-20261002T17000250438,TWLO,2026-10-02,2026-10-02T13:30:48.176952-04:00,292.8,0.584
PRIM-20261002T17003334668,PRIM,2026-10-02,2026-10-02T13:30:48.176952-04:00,78.245,0.0958
XENE-20261002T17072186222,XENE,2026-10-02,2026-10-02T13:30:48.176952-04:00,37.4399,-0.0532
ON-20261002T17080249845,ON,2026-10-02,2026-10-02T13:30:48.176952-04:00,83.655,0.718
MRVL-20261002T17095423072,MRVL,2026-10-02,2026-10-02T13:30:48.176952-04:00,272.66,0.3071
COHR-20261002T17161136998,COHR,2026-10-02,2026-10-02T13:30:48.176952-04:00,334.72,-0.1286
EPAM-20261002T17213859997,EPAM,2026-10-02,2026-10-02T13:30:48.176952-04:00,109.184,-0.1504
GME-20261002T17221945693,GME,2026-10-02,2026-10-02T13:30:48.176952-04:00,24.42,0.2451
WING-20261002T17282585232,WING,2026-10-02,2026-10-02T13:30:48.176952-04:00,106.53,0.15
CCL-20261002T17291668202,CCL,2026-10-02,2026-10-02T13:30:48.176952-04:00,25.7046,-0.0568
TWLO-20261002T17000250438,TWLO,2026-10-02,2026-10-02T13:30:58.349468-04:00,292.765,0.5959
PRIM-20261002T17003334668,PRIM,2026-10-02,2026-10-02T13:30:58.349468-04:00,78.1761,0.1837
XENE-20261002T17072186222,XENE,2026-10-02,2026-10-02T13:30:58.349468-04:00,37.45,-0.0802
ON-20261002T17080249845,ON,2026-10-02,2026-10-02T13:30:58.349468-04:00,83.6373,0.739
MRVL-20261002T17095423072,MRVL,2026-10-02,2026-10-02T13:30:58.349468-04:00,272.6341,0.3166
COHR-20261002T17161136998,COHR,2026-10-02,2026-10-02T13:30:58.349468-04:00,334.6201,-0.0987
EPAM-20261002T17213859997,EPAM,2026-10-02,2026-10-02T13:30:58.349468-04:00,109.27,-0.2293
GME-20261002T17221945693,GME,2026-10-02,2026-10-02T13:30:58.349468-04:00,24.44,0.1634
WING-20261002T17282585232,WING,2026-10-02,2026-10-02T13:30:58.349468-04:00,106.63,0.0562
CCL-20261002T17291668202,CCL,2026-10-02,2026-10-02T13:30:58.349468-04:00,25.7666,-0.2982
TWLO-20261002T17000250438,TWLO,2026-10-02,2026-10-02T13:31:08.501952-04:00,292.864,0.5623
PRIM-20261002T17003334668,PRIM,2026-10-02,2026-10-02T13:31:08.501952-04:00,78.1774,0.1821
XENE-20261002T17072186222,XENE,2026-10-02,2026-10-02T13:31:08.501952-04:00,37.45,-0.0802
ON-20261002T17080249845,ON,2026-10-02,2026-10-02T13:31:08.501952-04:00,83.7,0.6646
MRVL-20261002T17095423072,MRVL,2026-10-02,2026-10-02T13:31:08.501952-04:00,272.63,0.3181
COHR-20261002T17161136998,COHR,2026-10-02,2026-10-02T13:31:08.501952-04:00,334.78,-0.1466
EPAM-20261002T17213859997,EPAM,2026-10-02,2026-10-02T13:31:08.501952-04:00,109.2755,-0.2344
GME-20261002T17221945693,GME,2026-10-02,2026-10-02T13:31:08.501952-04:00,24.445,0.143
WING-20261002T17282585232,WING,2026-10-02,2026-10-02T13:31:08.501952-04:00,106.37,0.2999
CCL-20261002T17291668202,CCL,2026-10-02,2026-10-02T13:31:08.501952-04:00,25.7,-0.0389
TWLO-20261002T17000250438,TWLO,2026-10-02,2026-10-02T13:31:18.673985-04:00,292.93,0.5399
PRIM-20261002T17003334668,PRIM,2026-10-02,2026-10-02T13:31:18.673985-04:00,78.225,0.1213
XENE-20261002T17072186222,XENE,2026-10-02,2026-10-02T13:31:18.673985-04:00,37.4468,-0.0716
ON-20261002T17080249845,ON,2026-10-02,2026-10-02T13:31:18.673985-04:00,83.71,0.6527
MRVL-20261002T17095423072,MRVL,2026-10-02,2026-10-02T13:31:18.673985-04:00,272.7832,0.2621
COHR-20261002T17161136998,COHR,2026-10-02,2026-10-02T13:31:18.673985-04:00,335.135,-0.2528
EPAM-20261002T17213859997,EPAM,2026-10-02,2026-10-02T13:31:18.673985-04:00,109.2989,-0.2558
GME-20261002T17221945693,GME,2026-10-02,2026-10-02T13:31:18.673985-04:00,24.445,0.143
WING-20261002T17282585232,WING,2026-10-02,2026-10-02T13:31:18.673985-04:00,106.49,0.1875
CCL-20261002T17291668202,CCL,2026-10-02,2026-10-02T13:31:18.673985-04:00,25.7,-0.0389
TWLO-20261002T17000250438,TWLO,2026-10-02,2026-10-02T13:31:28.834395-04:00,292.84,0.5704
PRIM-20261002T17003334668,PRIM,2026-10-02,2026-10-02T13:31:28.834395-04:00,78.1866,0.1703
XENE-20261002T17072186222,XENE,2026-10-02,2026-10-02T13:31:28.834395-04:00,37.4494,-0.0786
ON-20261002T17080249845,ON,2026-10-02,2026-10-02T13:31:28.834395-04:00,83.77,0.5815
MRVL-20261002T17095423072,MRVL,2026-10-02,2026-10-02T13:31:28.834395-04:00,273.1175,0.1399
COHR-20261002T17161136998,COHR,2026-10-02,2026-10-02T13:31:28.834395-04:00,334.8681,-0.1729
EPAM-20261002T17213859997,EPAM,2026-10-02,2026-10-02T13:31:28.834395-04:00,109.4004,-0.3489
GME-20261002T17221945693,GME,2026-10-02,2026-10-02T13:31:28.834395-04:00,24.46,0.0817
WING-20261002T17282585232,WING,2026-10-02,2026-10-02T13:31:28.834395-04:00,106.415,0.2578
CCL-20261002T17291668202,CCL,2026-10-02,2026-10-02T13:31:28.834395-04:00,25.705,-0.0584
TWLO-20261002T17000250438,TWLO,2026-10-02,2026-10-02T13:31:38.948758-04:00,292.8323,0.573
PRIM-20261002T17003334668,PRIM,2026-10-02,2026-10-02T13:31:38.948758-04:00,78.24,0.1021
XENE-20261002T17072186222,XENE,2026-10-02,2026-10-02T13:31:38.948758-04:00,37.4527,-0.0874
ON-20261002T17080249845,ON,2026-10-02,2026-10-02T13:31:38.948758-04:00,83.735,0.6231
MRVL-20261002T17095423072,MRVL,2026-10-02,2026-10-02T13:31:38.948758-04:00,273.145,0.1298
COHR-20261002T17161136998,COHR,2026-10-02,2026-10-02T13:31:38.948758-04:00,335.27,-0.2932
EPAM-20261002T17213859997,EPAM,2026-10-02,2026-10-02T13:31:38.948758-04:00,109.5,-0.4403
GME-20261002T17221945693,GME,2026-10-02,2026-10-02T13:31:38.948758-04:00,24.47,0.0408
WING-20261002T17282585232,WING,2026-10-02,2026-10-02T13:31:38.948758-04:00,107.0327,-0.3212
CCL-20261002T17291668202,CCL,2026-10-02,2026-10-02T13:31:38.948758-04:00,25.718,-0.109
TWLO-20261002T17000250438,TWLO,2026-10-02,2026-10-02T13:31:49.097732-04:00,293.29,0.4176
PRIM-20261002T17003334668,PRIM,2026-10-02,2026-10-02T13:31:49.097732-04:00,78.1977,0.1562
XENE-20261002T17072186222,XENE,2026-10-02,2026-10-02T13:31:49.097732-04:00,37.4411,-0.0564
ON-20261002T17080249845,ON,2026-10-02,2026-10-02T13:31:49.097732-04:00,83.595,0.7892
MRVL-20261002T17095423072,MRVL,2026-10-02,2026-10-02T13:31:49.097732-04:00,273.14,0.1316
COHR-20261002T17161136998,COHR,2026-10-02,2026-10-02T13:31:49.097732-04:00,335.385,-0.3276
EPAM-20261002T17213859997,EPAM,2026-10-02,2026-10-02T13:31:49.097732-04:00,109.4113,-0.3589
GME-20261002T17221945693,GME,2026-10-02,2026-10-02T13:31:49.097732-04:00,24.4228,0.2337
WING-20261002T17282585232,WING,2026-10-02,2026-10-02T13:31:49.097732-04:00,106.46,0.2156
CCL-20261002T17291668202,CCL,2026-10-02,2026-10-02T13:31:49.097732-04:00,25.715,-0.0973
TWLO-20261002T17000250438,TWLO,2026-10-02,2026-10-02T13:31:59.276217-04:00,293.29,0.4176
PRIM-20261002T17003334668,PRIM,2026-10-02,2026-10-02T13:31:59.276217-04:00,78.2176,0.1307
XENE-20261002T17072186222,XENE,2026-10-02,2026-10-02T13:31:59.276217-04:00,37.4445,-0.0655
ON-20261002T17080249845,ON,2026-10-02,2026-10-02T13:31:59.276217-04:00,83.6,0.7833
MRVL-20261002T17095423072,MRVL,2026-10-02,2026-10-02T13:31:59.276217-04:00,273.21,0.106
COHR-20261002T17161136998,COHR,2026-10-02,2026-10-02T13:31:59.276217-04:00,335.22,-0.2782
EPAM-20261002T17213859997,EPAM,2026-10-02,2026-10-02T13:31:59.276217-04:00,109.4768,-0.419
GME-20261002T17221945693,GME,2026-10-02,2026-10-02T13:31:59.276217-04:00,24.475,0.0204
WING-20261002T17282585232,WING,2026-10-02,2026-10-02T13:31:59.276217-04:00,106.5227,0.1568
CCL-20261002T17291668202,CCL,2026-10-02,2026-10-02T13:31:59.276217-04:00,25.7892,-0.3861
TWLO-20261002T17000250438,TWLO,2026-10-02,2026-10-02T13:32:09.422608-04:00,292.882,0.5562
PRIM-20261002T17003334668,PRIM,2026-10-02,2026-10-02T13:32:09.422608-04:00,78.16,0.2043
XENE-20261002T17072186222,XENE,2026-10-02,2026-10-02T13:32:09.422608-04:00,37.475,-0.147
ON-20261002T17080249845,ON,2026-10-02,2026-10-02T13:32:09.422608-04:00,83.6,0.7833
MRVL-20261002T17095423072,MRVL,2026-10-02,2026-10-02T13:32:09.422608-04:00,273.4488,0.0187
COHR-20261002T17161136998,COHR,2026-10-02,2026-10-02T13:32:09.422608-04:00,334.9419,-0.195
EPAM-20261002T17213859997,EPAM,2026-10-02,2026-10-02T13:32:09.422608-04:00,109.3616,-0.3133
GME-20261002T17221945693,GME,2026-10-02,2026-10-02T13:32:09.422608-04:00,24.475,0.0204
WING-20261002T17282585232,WING,2026-10-02,2026-10-02T13:32:09.422608-04:00,106.5648,0.1173
CCL-20261002T17291668202,CCL,2026-10-02,2026-10-02T13:32:09.422608-04:00,25.725,-0.1362
TWLO-20261002T17000250438,TWLO,2026-10-02,2026-10-02T13:32:19.947493-04:00,293.0995,0.4823
PRIM-20261002T17003334668,PRIM,2026-10-02,2026-10-02T13:32:19.947493-04:00,78.22,0.1277
XENE-20261002T17072186222,XENE,2026-10-02,2026-10-02T13:32:19.947493-04:00,37.4652,-0.1208
ON-20261002T17080249845,ON,2026-10-02,2026-10-02T13:32:19.947493-04:00,83.615,0.7655
MRVL-20261002T17095423072,MRVL,2026-10-02,2026-10-02T13:32:19.947493-04:00,273.37,0.0475
WING-20261002T17282585232,WING,2026-10-02,2026-10-02T13:32:19.947493-04:00,106.5647,0.1174
CCL-20261002T17291668202,CCL,2026-10-02,2026-10-02T13:32:19.947493-04:00,25.7287,-0.1506
TWLO-20261002T17000250438,TWLO,2026-10-02,2026-10-02T13:32:30.112412-04:00,293.57,0.3226
PRIM-20261002T17003334668,PRIM,2026-10-02,2026-10-02T13:32:30.112412-04:00,78.2164,0.1323
XENE-20261002T17072186222,XENE,2026-10-02,2026-10-02T13:32:30.112412-04:00,37.47,-0.1336
ON-20261002T17080249845,ON,2026-10-02,2026-10-02T13:32:30.112412-04:00,83.5374,0.8576
MRVL-20261002T17095423072,MRVL,2026-10-02,2026-10-02T13:32:30.112412-04:00,273.08,0.1536
WING-20261002T17282585232,WING,2026-10-02,2026-10-02T13:32:30.112412-04:00,107.0003,-0.2908
CCL-20261002T17291668202,CCL,2026-10-02,2026-10-02T13:32:30.112412-04:00,25.73,-0.1557
TWLO-20261002T17000250438,TWLO,2026-10-02,2026-10-02T13:32:40.300806-04:00,292.9595,0.5298
PRIM-20261002T17003334668,PRIM,2026-10-02,2026-10-02T13:32:40.300806-04:00,78.22,0.1277
XENE-20261002T17072186222,XENE,2026-10-02,2026-10-02T13:32:40.300806-04:00,37.47,-0.1336
ON-20261002T17080249845,ON,2026-10-02,2026-10-02T13:32:40.300806-04:00,83.515,0.8842
MRVL-20261002T17095423072,MRVL,2026-10-02,2026-10-02T13:32:40.300806-04:00,273.2265,0.1
WING-20261002T17282585232,WING,2026-10-02,2026-10-02T13:32:40.300806-04:00,106.55,0.1312
CCL-20261002T17291668202,CCL,2026-10-02,2026-10-02T13:32:40.300806-04:00,25.735,-0.1752
TWLO-20261002T17000250438,TWLO,2026-10-02,2026-10-02T13:32:50.514127-04:00,292.8979,0.5508
PRIM-20261002T17003334668,PRIM,2026-10-02,2026-10-02T13:32:50.514127-04:00,78.28,0.0511
XENE-20261002T17072186222,XENE,2026-10-02,2026-10-02T13:32:50.514127-04:00,37.466,-0.1229
ON-20261002T17080249845,ON,2026-10-02,2026-10-02T13:32:50.514127-04:00,83.7228,0.6376
MRVL-20261002T17095423072,MRVL,2026-10-02,2026-10-02T13:32:50.514127-04:00,272.919,0.2124
WING-20261002T17282585232,WING,2026-10-02,2026-10-02T13:32:50.514127-04:00,106.72,-0.0281
CCL-20261002T17291668202,CCL,2026-10-02,2026-10-02T13:32:50.514127-04:00,25.735,-0.1752
TWLO-20261002T17000250438,TWLO,2026-10-02,2026-10-02T13:33:00.878685-04:00,293.28,0.421
PRIM-20261002T17003334668,PRIM,2026-10-02,2026-10-02T13:33:00.878685-04:00,78.16,0.2043
XENE-20261002T17072186222,XENE,2026-10-02,2026-10-02T13:33:00.878685-04:00,37.4478,-0.0743
ON-20261002T17080249845,ON,2026-10-02,2026-10-02T13:33:00.878685-04:00,83.545,0.8486
MRVL-20261002T17095423072,MRVL,2026-10-02,2026-10-02T13:33:00.878685-04:00,272.96,0.1974
WING-20261002T17282585232,WING,2026-10-02,2026-10-02T13:33:00.878685-04:00,106.79,-0.0937
CCL-20261002T17291668202,CCL,2026-10-02,2026-10-02T13:33:00.878685-04:00,25.735,-0.1752
TWLO-20261002T17000250438,TWLO,2026-10-02,2026-10-02T13:33:11.139138-04:00,293.0201,0.5093
PRIM-20261002T17003334668,PRIM,2026-10-02,2026-10-02T13:33:11.139138-04:00,78.27,0.0638
XENE-20261002T17072186222,XENE,2026-10-02,2026-10-02T13:33:11.139138-04:00,37.5,-0.2138
ON-20261002T17080249845,ON,2026-10-02,2026-10-02T13:33:11.139138-04:00,83.66,0.7121
MRVL-20261002T17095423072,MRVL,2026-10-02,2026-10-02T13:33:11.139138-04:00,273.17,0.1207
WING-20261002T17282585232,WING,2026-10-02,2026-10-02T13:33:11.139138-04:00,106.55,0.1312
CCL-20261002T17291668202,CCL,2026-10-02,2026-10-02T13:33:11.139138-04:00,25.74,-0.1946
TWLO-20261002T17000250438,TWLO,2026-10-02,2026-10-02T13:33:21.487392-04:00,293.4352,0.3683
PRIM-20261002T17003334668,PRIM,2026-10-02,2026-10-02T13:33:21.487392-04:00,78.22,0.1277
XENE-20261002T17072186222,XENE,2026-10-02,2026-10-02T13:33:21.487392-04:00,37.4852,-0.1742
ON-20261002T17080249845,ON,2026-10-02,2026-10-02T13:33:21.487392-04:00,83.665,0.7061
MRVL-20261002T17095423072,MRVL,2026-10-02,2026-10-02T13:33:21.487392-04:00,273.325,0.064
WING-20261002T17282585232,WING,2026-10-02,2026-10-02T13:33:21.487392-04:00,106.63,0.0562
CCL-20261002T17291668202,CCL,2026-10-02,2026-10-02T13:33:21.487392-04:00,25.7859,-0.3733
TWLO-20261002T17000250438,TWLO,2026-10-02,2026-10-02T13:33:31.758237-04:00,293.305,0.4125
PRIM-20261002T17003334668,PRIM,2026-10-02,2026-10-02T13:33:31.758237-04:00,78.1856,0.1716
XENE-20261002T17072186222,XENE,2026-10-02,2026-10-02T13:33:31.758237-04:00,37.4753,-0.1478
ON-20261002T17080249845,ON,2026-10-02,2026-10-02T13:33:31.758237-04:00,83.68,0.6883
MRVL-20261002T17095423072,MRVL,2026-10-02,2026-10-02T13:33:31.758237-04:00,273.34,0.0585
WING-20261002T17282585232,WING,2026-10-02,2026-10-02T13:33:31.758237-04:00,106.63,0.0562
CCL-20261002T17291668202,CCL,2026-10-02,2026-10-02T13:33:31.758237-04:00,25.73,-0.1557
TWLO-20261002T17000250438,TWLO,2026-10-02,2026-10-02T13:33:41.997790-04:00,293.18,0.455
PRIM-20261002T17003334668,PRIM,2026-10-02,2026-10-02T13:33:41.997790-04:00,78.2596,0.0771
XENE-20261002T17072186222,XENE,2026-10-02,2026-10-02T13:33:41.997790-04:00,37.49,-0.1871
ON-20261002T17080249845,ON,2026-10-02,2026-10-02T13:33:41.997790-04:00,83.63,0.7477
MRVL-20261002T17095423072,MRVL,2026-10-02,2026-10-02T13:33:41.997790-04:00,273.21,0.106
WING-20261002T17282585232,WING,2026-10-02,2026-10-02T13:33:41.997790-04:00,106.9204,-0.216
CCL-20261002T17291668202,CCL,2026-10-02,2026-10-02T13:33:41.997790-04:00,25.73,-0.1557
TWLO-20261002T17000250438,TWLO,2026-10-02,2026-10-02T13:33:52.264896-04:00,293.38,0.3871
PRIM-20261002T17003334668,PRIM,2026-10-02,2026-10-02T13:33:52.264896-04:00,78.27,0.0638
XENE-20261002T17072186222,XENE,2026-10-02,2026-10-02T13:33:52.264896-04:00,37.4779,-0.1547
ON-20261002T17080249845,ON,2026-10-02,2026-10-02T13:33:52.264896-04:00,83.6112,0.77
MRVL-20261002T17095423072,MRVL,2026-10-02,2026-10-02T13:33:52.264896-04:00,273.21,0.106
WING-20261002T17282585232,WING,2026-10-02,2026-10-02T13:33:52.264896-04:00,106.855,-0.1547
CCL-20261002T17291668202,CCL,2026-10-02,2026-10-02T13:33:52.264896-04:00,25.7405,-0.1966
TWLO-20261002T17000250438,TWLO,2026-10-02,2026-10-02T13:34:02.488168-04:00,293.295,0.4159
PRIM-20261002T17003334668,PRIM,2026-10-02,2026-10-02T13:34:02.488168-04:00,78.27,0.0638
XENE-20261002T17072186222,XENE,2026-10-02,2026-10-02T13:34:02.488168-04:00,37.49,-0.1871
ON-20261002T17080249845,ON,2026-10-02,2026-10-02T13:34:02.488168-04:00,83.64,0.7358
MRVL-20261002T17095423072,MRVL,2026-10-02,2026-10-02T13:34:02.488168-04:00,273.241,0.0947
WING-20261002T17282585232,WING,2026-10-02,2026-10-02T13:34:02.488168-04:00,106.6767,0.0125
CCL-20261002T17291668202,CCL,2026-10-02,2026-10-02T13:34:02.488168-04:00,25.75,-0.2336
TWLO-20261002T17000250438,TWLO,2026-10-02,2026-10-02T13:34:12.709868-04:00,293.1027,0.4812
PRIM-20261002T17003334668,PRIM,2026-10-02,2026-10-02T13:34:12.709868-04:00,78.3,0.0255
XENE-20261002T17072186222,XENE,2026-10-02,2026-10-02T13:34:12.709868-04:00,37.4761,-0.1499
ON-20261002T17080249845,ON,2026-10-02,2026-10-02T13:34:12.709868-04:00,83.69,0.6765
MRVL-20261002T17095423072,MRVL,2026-10-02,2026-10-02T13:34:12.709868-04:00,273.25,0.0914
WING-20261002T17282585232,WING,2026-10-02,2026-10-02T13:34:12.709868-04:00,106.855,-0.1547
CCL-20261002T17291668202,CCL,2026-10-02,2026-10-02T13:34:12.709868-04:00,25.7232,-0.1292
TWLO-20261002T17000250438,TWLO,2026-10-02,2026-10-02T13:34:22.939714-04:00,293.1443,0.4671
PRIM-20261002T17003334668,PRIM,2026-10-02,2026-10-02T13:34:22.939714-04:00,78.3,0.0255
XENE-20261002T17072186222,XENE,2026-10-02,2026-10-02T13:34:22.939714-04:00,37.49,-0.1871
ON-20261002T17080249845,ON,2026-10-02,2026-10-02T13:34:22.939714-04:00,83.6701,0.7001
MRVL-20261002T17095423072,MRVL,2026-10-02,2026-10-02T13:34:22.939714-04:00,273.2283,0.0993
WING-20261002T17282585232,WING,2026-10-02,2026-10-02T13:34:22.939714-04:00,106.855,-0.1547
CCL-20261002T17291668202,CCL,2026-10-02,2026-10-02T13:34:22.939714-04:00,25.7475,-0.2238
TWLO-20261002T17000250438,TWLO,2026-10-02,2026-10-02T13:34:33.146355-04:00,293.0368,0.5036
PRIM-20261002T17003334668,PRIM,2026-10-02,2026-10-02T13:34:33.146355-04:00,78.3145,0.007
XENE-20261002T17072186222,XENE,2026-10-02,2026-10-02T13:34:33.146355-04:00,37.4942,-0.1983
ON-20261002T17080249845,ON,2026-10-02,2026-10-02T13:34:33.146355-04:00,83.7217,0.6389
MRVL-20261002T17095423072,MRVL,2026-10-02,2026-10-02T13:34:33.146355-04:00,273.039,0.1686
WING-20261002T17282585232,WING,2026-10-02,2026-10-02T13:34:33.146355-04:00,106.706,-0.015
CCL-20261002T17291668202,CCL,2026-10-02,2026-10-02T13:34:33.146355-04:00,25.746,-0.218
TWLO-20261002T17000250438,TWLO,2026-10-02,2026-10-02T13:34:43.358297-04:00,292.92,0.5433
PRIM-20261002T17003334668,PRIM,2026-10-02,2026-10-02T13:34:43.358297-04:00,78.2778,0.0539
XENE-20261002T17072186222,XENE,2026-10-02,2026-10-02T13:34:43.358297-04:00,37.505,-0.2272
ON-20261002T17080249845,ON,2026-10-02,2026-10-02T13:34:43.358297-04:00,83.6817,0.6863
MRVL-20261002T17095423072,MRVL,2026-10-02,2026-10-02T13:34:43.358297-04:00,273.1567,0.1255
WING-20261002T17282585232,WING,2026-10-02,2026-10-02T13:34:43.358297-04:00,106.6871,0.0027
CCL-20261002T17291668202,CCL,2026-10-02,2026-10-02T13:34:43.358297-04:00,25.755,-0.253
TWLO-20261002T17000250438,TWLO,2026-10-02,2026-10-02T13:34:53.522592-04:00,293.025,0.5076
PRIM-20261002T17003334668,PRIM,2026-10-02,2026-10-02T13:34:53.522592-04:00,78.3,0.0255
XENE-20261002T17072186222,XENE,2026-10-02,2026-10-02T13:34:53.522592-04:00,37.4958,-0.2026
ON-20261002T17080249845,ON,2026-10-02,2026-10-02T13:34:53.522592-04:00,83.6937,0.6721
MRVL-20261002T17095423072,MRVL,2026-10-02,2026-10-02T13:34:53.522592-04:00,273.1888,0.1138
WING-20261002T17282585232,WING,2026-10-02,2026-10-02T13:34:53.522592-04:00,106.67,0.0187
CCL-20261002T17291668202,CCL,2026-10-02,2026-10-02T13:34:53.522592-04:00,25.7506,-0.2359
TWLO-20261002T17000250438,TWLO,2026-10-02,2026-10-02T13:35:03.686138-04:00,293.051,0.4988
PRIM-20261002T17003334668,PRIM,2026-10-02,2026-10-02T13:35:03.686138-04:00,78.2882,0.0406
XENE-20261002T17072186222,XENE,2026-10-02,2026-10-02T13:35:03.686138-04:00,37.5,-0.2138
ON-20261002T17080249845,ON,2026-10-02,2026-10-02T13:35:03.686138-04:00,83.66,0.7121
MRVL-20261002T17095423072,MRVL,2026-10-02,2026-10-02T13:35:03.686138-04:00,273.17,0.1207
WING-20261002T17282585232,WING,2026-10-02,2026-10-02T13:35:03.686138-04:00,106.76,-0.0656
CCL-20261002T17291668202,CCL,2026-10-02,2026-10-02T13:35:03.686138-04:00,25.755,-0.253
TWLO-20261002T17000250438,TWLO,2026-10-02,2026-10-02T13:35:14.046944-04:00,293.1,0.4821
XENE-20261002T17072186222,XENE,2026-10-02,2026-10-02T13:35:14.046944-04:00,37.505,-0.2272
ON-20261002T17080249845,ON,2026-10-02,2026-10-02T13:35:14.046944-04:00,83.6784,0.6902
MRVL-20261002T17095423072,MRVL,2026-10-02,2026-10-02T13:35:14.046944-04:00,273.165,0.1225
WING-20261002T17282585232,WING,2026-10-02,2026-10-02T13:35:14.046944-04:00,106.94,-0.2343
CCL-20261002T17291668202,CCL,2026-10-02,2026-10-02T13:35:14.046944-04:00,25.7543,-0.2503
TWLO-20261002T17000250438,TWLO,2026-10-02,2026-10-02T13:35:24.224832-04:00,293.0508,0.4988
XENE-20261002T17072186222,XENE,2026-10-02,2026-10-02T13:35:24.224832-04:00,37.505,-0.2272
ON-20261002T17080249845,ON,2026-10-02,2026-10-02T13:35:24.224832-04:00,83.73,0.629
MRVL-20261002T17095423072,MRVL,2026-10-02,2026-10-02T13:35:24.224832-04:00,273.06,0.1609
WING-20261002T17282585232,WING,2026-10-02,2026-10-02T13:35:24.224832-04:00,106.51,0.1687
CCL-20261002T17291668202,CCL,2026-10-02,2026-10-02T13:35:24.224832-04:00,25.745,-0.2141
TWLO-20261002T17000250438,TWLO,2026-10-02,2026-10-02T13:35:34.393691-04:00,293.09,0.4855
XENE-20261002T17072186222,XENE,2026-10-02,2026-10-02T13:35:34.393691-04:00,37.4718,-0.1384
ON-20261002T17080249845,ON,2026-10-02,2026-10-02T13:35:34.393691-04:00,83.6151,0.7654
MRVL-20261002T17095423072,MRVL,2026-10-02,2026-10-02T13:35:34.393691-04:00,272.88,0.2267
WING-20261002T17282585232,WING,2026-10-02,2026-10-02T13:35:34.393691-04:00,106.9,-0.1968
CCL-20261002T17291668202,CCL,2026-10-02,2026-10-02T13:35:34.393691-04:00,25.745,-0.2141
TWLO-20261002T17000250438,TWLO,2026-10-02,2026-10-02T13:35:44.541314-04:00,293.165,0.4601
XENE-20261002T17072186222,XENE,2026-10-02,2026-10-02T13:35:44.541314-04:00,37.4718,-0.1384
ON-20261002T17080249845,ON,2026-10-02,2026-10-02T13:35:44.541314-04:00,83.66,0.7121
MRVL-20261002T17095423072,MRVL,2026-10-02,2026-10-02T13:35:44.541314-04:00,272.925,0.2102
WING-20261002T17282585232,WING,2026-10-02,2026-10-02T13:35:44.541314-04:00,106.54,0.1406
CCL-20261002T17291668202,CCL,2026-10-02,2026-10-02T13:35:44.541314-04:00,25.7378,-0.1861
TWLO-20261002T17000250438,TWLO,2026-10-02,2026-10-02T13:35:54.750873-04:00,293.17,0.4584
XENE-20261002T17072186222,XENE,2026-10-02,2026-10-02T13:35:54.750873-04:00,37.46,-0.1069
ON-20261002T17080249845,ON,2026-10-02,2026-10-02T13:35:54.750873-04:00,83.6238,0.755
MRVL-20261002T17095423072,MRVL,2026-10-02,2026-10-02T13:35:54.750873-04:00,273.0,0.1828
WING-20261002T17282585232,WING,2026-10-02,2026-10-02T13:35:54.750873-04:00,106.69,-0.0
CCL-20261002T17291668202,CCL,2026-10-02,2026-10-02T13:35:54.750873-04:00,25.7428,-0.2055
TWLO-20261002T17000250438,TWLO,2026-10-02,2026-10-02T13:36:04.918715-04:00,293.175,0.4567
XENE-20261002T17072186222,XENE,2026-10-02,2026-10-02T13:36:04.918715-04:00,37.4718,-0.1384
ON-20261002T17080249845,ON,2026-10-02,2026-10-02T13:36:04.918715-04:00,83.725,0.6349
MRVL-20261002T17095423072,MRVL,2026-10-02,2026-10-02T13:36:04.918715-04:00,272.928,0.2091
WING-20261002T17282585232,WING,2026-10-02,2026-10-02T13:36:04.918715-04:00,106.6249,0.061
CCL-20261002T17291668202,CCL,2026-10-02,2026-10-02T13:36:04.918715-04:00,25.7569,-0.2604
TWLO-20261002T17000250438,TWLO,2026-10-02,2026-10-02T13:36:15.078476-04:00,293.17,0.4584
XENE-20261002T17072186222,XENE,2026-10-02,2026-10-02T13:36:15.078476-04:00,37.47,-0.1336
ON-20261002T17080249845,ON,2026-10-02,2026-10-02T13:36:15.078476-04:00,83.74,0.6171
MRVL-20261002T17095423072,MRVL,2026-10-02,2026-10-02T13:36:15.078476-04:00,272.96,0.1974
WING-20261002T17282585232,WING,2026-10-02,2026-10-02T13:36:15.078476-04:00,106.68,0.0094
CCL-20261002T17291668202,CCL,2026-10-02,2026-10-02T13:36:15.078476-04:00,25.745,-0.2141
TWLO-20261002T17000250438,TWLO,2026-10-02,2026-10-02T13:36:25.270891-04:00,293.045,0.5008
XENE-20261002T17072186222,XENE,2026-10-02,2026-10-02T13:36:25.270891-04:00,37.4735,-0.143
ON-20261002T17080249845,ON,2026-10-02,2026-10-02T13:36:25.270891-04:00,83.69,0.6765
MRVL-20261002T17095423072,MRVL,2026-10-02,2026-10-02T13:36:25.270891-04:00,272.935,0.2066
WING-20261002T17282585232,WING,2026-10-02,2026-10-02T13:36:25.270891-04:00,106.68,0.0094
CCL-20261002T17291668202,CCL,2026-10-02,2026-10-02T13:36:25.270891-04:00,25.74,-0.1946
TWLO-20261002T17000250438,TWLO,2026-10-02,2026-10-02T13:36:35.416098-04:00,293.03,0.5059
XENE-20261002T17072186222,XENE,2026-10-02,2026-10-02T13:36:35.416098-04:00,37.47,-0.1336
ON-20261002T17080249845,ON,2026-10-02,2026-10-02T13:36:35.416098-04:00,83.6552,0.7178
MRVL-20261002T17095423072,MRVL,2026-10-02,2026-10-02T13:36:35.416098-04:00,272.83,0.245
WING-20261002T17282585232,WING,2026-10-02,2026-10-02T13:36:35.416098-04:00,106.52,0.1593
CCL-20261002T17291668202,CCL,2026-10-02,2026-10-02T13:36:35.416098-04:00,25.735,-0.1752
TWLO-20261002T17000250438,TWLO,2026-10-02,2026-10-02T13:36:45.606051-04:00,292.985,0.5212
XENE-20261002T17072186222,XENE,2026-10-02,2026-10-02T13:36:45.606051-04:00,37.4836,-0.17
ON-20261002T17080249845,ON,2026-10-02,2026-10-02T13:36:45.606051-04:00,83.64,0.7358
MRVL-20261002T17095423072,MRVL,2026-10-02,2026-10-02T13:36:45.606051-04:00,272.865,0.2322
WING-20261002T17282585232,WING,2026-10-02,2026-10-02T13:36:45.606051-04:00,106.52,0.1593
CCL-20261002T17291668202,CCL,2026-10-02,2026-10-02T13:36:45.606051-04:00,25.735,-0.1752
TWLO-20261002T17000250438,TWLO,2026-10-02,2026-10-02T13:36:55.755556-04:00,292.71,0.6146
XENE-20261002T17072186222,XENE,2026-10-02,2026-10-02T13:36:55.755556-04:00,37.46,-0.1069
ON-20261002T17080249845,ON,2026-10-02,2026-10-02T13:36:55.755556-04:00,83.6516,0.7221
MRVL-20261002T17095423072,MRVL,2026-10-02,2026-10-02T13:36:55.755556-04:00,272.815,0.2505
WING-20261002T17282585232,WING,2026-10-02,2026-10-02T13:36:55.755556-04:00,106.68,0.0094
CCL-20261002T17291668202,CCL,2026-10-02,2026-10-02T13:36:55.755556-04:00,25.725,-0.1362
TWLO-20261002T17000250438,TWLO,2026-10-02,2026-10-02T13:37:05.934552-04:00,292.75,0.601
XENE-20261002T17072186222,XENE,2026-10-02,2026-10-02T13:37:05.934552-04:00,37.4813,-0.1638
ON-20261002T17080249845,ON,2026-10-02,2026-10-02T13:37:05.934552-04:00,83.611,0.7702
MRVL-20261002T17095423072,MRVL,2026-10-02,2026-10-02T13:37:05.934552-04:00,272.845,0.2395
WING-20261002T17282585232,WING,2026-10-02,2026-10-02T13:37:05.934552-04:00,106.68,0.0094
CCL-20261002T17291668202,CCL,2026-10-02,2026-10-02T13:37:05.934552-04:00,25.7339,-0.1709
TWLO-20261002T17000250438,TWLO,2026-10-02,2026-10-02T13:37:16.076139-04:00,292.885,0.5551
XENE-20261002T17072186222,XENE,2026-10-02,2026-10-02T13:37:16.076139-04:00,37.45,-0.0802
ON-20261002T17080249845,ON,2026-10-02,2026-10-02T13:37:16.076139-04:00,83.595,0.7892
MRVL-20261002T17095423072,MRVL,2026-10-02,2026-10-02T13:37:16.076139-04:00,272.9,0.2194
WING-20261002T17282585232,WING,2026-10-02,2026-10-02T13:37:16.076139-04:00,106.67,0.0187
CCL-20261002T17291668202,CCL,2026-10-02,2026-10-02T13:37:16.076139-04:00,25.735,-0.1752
TWLO-20261002T17000250438,TWLO,2026-10-02,2026-10-02T13:37:26.272151-04:00,293.0632,0.4946
XENE-20261002T17072186222,XENE,2026-10-02,2026-10-02T13:37:26.272151-04:00,37.4501,-0.0804
ON-20261002T17080249845,ON,2026-10-02,2026-10-02T13:37:26.272151-04:00,83.59,0.7952
MRVL-20261002T17095423072,MRVL,2026-10-02,2026-10-02T13:37:26.272151-04:00,272.9,0.2194
WING-20261002T17282585232,WING,2026-10-02,2026-10-02T13:37:26.272151-04:00,106.6492,0.0382
CCL-20261002T17291668202,CCL,2026-10-02,2026-10-02T13:37:26.272151-04:00,25.7331,-0.1678
TWLO-20261002T17000250438,TWLO,2026-10-02,2026-10-02T13:37:36.432769-04:00,292.89,0.5534
XENE-20261002T17072186222,XENE,2026-10-02,2026-10-02T13:37:36.432769-04:00,37.45,-0.0802
ON-20261002T17080249845,ON,2026-10-02,2026-10-02T13:37:36.432769-04:00,83.6042,0.7783
MRVL-20261002T17095423072,MRVL,2026-10-02,2026-10-02T13:37:36.432769-04:00,272.82,0.2486
WING-20261002T17282585232,WING,2026-10-02,2026-10-02T13:37:36.432769-04:00,106.6492,0.0382
CCL-20261002T17291668202,CCL,2026-10-02,2026-10-02T13:37:36.432769-04:00,25.7396,-0.1931
TWLO-20261002T17000250438,TWLO,2026-10-02,2026-10-02T13:37:46.630629-04:00,293.17,0.4584
XENE-20261002T17072186222,XENE,2026-10-02,2026-10-02T13:37:46.630629-04:00,37.4727,-0.1408
ON-20261002T17080249845,ON,2026-10-02,2026-10-02T13:37:46.630629-04:00,83.63,0.7477
MRVL-20261002T17095423072,MRVL,2026-10-02,2026-10-02T13:37:46.630629-04:00,272.835,0.2431
WING-20261002T17282585232,WING,2026-10-02,2026-10-02T13:37:46.630629-04:00,106.6463,0.041
CCL-20261002T17291668202,CCL,2026-10-02,2026-10-02T13:37:46.630629-04:00,25.7407,-0.1974
TWLO-20261002T17000250438,TWLO,2026-10-02,2026-10-02T13:37:56.776467-04:00,292.94,0.5365
XENE-20261002T17072186222,XENE,2026-10-02,2026-10-02T13:37:56.776467-04:00,37.4687,-0.1301
ON-20261002T17080249845,ON,2026-10-02,2026-10-02T13:37:56.776467-04:00,83.6388,0.7372
MRVL-20261002T17095423072,MRVL,2026-10-02,2026-10-02T13:37:56.776467-04:00,272.815,0.2505
WING-20261002T17282585232,WING,2026-10-02,2026-10-02T13:37:56.776467-04:00,106.96,-0.2531
CCL-20261002T17291668202,CCL,2026-10-02,2026-10-02T13:37:56.776467-04:00,25.735,-0.1752
TWLO-20261002T17000250438,TWLO,2026-10-02,2026-10-02T13:38:07.455868-04:00,293.13,0.472
XENE-20261002T17072186222,XENE,2026-10-02,2026-10-02T13:38:07.455868-04:00,37.4802,-0.1609
ON-20261002T17080249845,ON,2026-10-02,2026-10-02T13:38:07.455868-04:00,83.555,0.8367
MRVL-20261002T17095423072,MRVL,2026-10-02,2026-10-02T13:38:07.455868-04:00,272.88,0.2267
WING-20261002T17282585232,WING,2026-10-02,2026-10-02T13:38:07.455868-04:00,106.985,-0.2765
CCL-20261002T17291668202,CCL,2026-10-02,2026-10-02T13:38:07.455868-04:00,25.7399,-0.1942
TWLO-20261002T17000250438,TWLO,2026-10-02,2026-10-02T13:38:17.578152-04:00,292.9042,0.5486
XENE-20261002T17072186222,XENE,2026-10-02,2026-10-02T13:38:17.578152-04:00,37.4518,-0.085
ON-20261002T17080249845,ON,2026-10-02,2026-10-02T13:38:17.578152-04:00,83.6293,0.7485
MRVL-20261002T17095423072,MRVL,2026-10-02,2026-10-02T13:38:17.578152-04:00,272.98,0.1901
WING-20261002T17282585232,WING,2026-10-02,2026-10-02T13:38:17.578152-04:00,106.985,-0.2765
CCL-20261002T17291668202,CCL,2026-10-02,2026-10-02T13:38:17.578152-04:00,25.7405,-0.1966
TWLO-20261002T17000250438,TWLO,2026-10-02,2026-10-02T13:38:27.714349-04:00,292.935,0.5382
XENE-20261002T17072186222,XENE,2026-10-02,2026-10-02T13:38:27.714349-04:00,37.473,-0.1416
ON-20261002T17080249845,ON,2026-10-02,2026-10-02T13:38:27.714349-04:00,83.55,0.8426
MRVL-20261002T17095423072,MRVL,2026-10-02,2026-10-02T13:38:27.714349-04:00,272.895,0.2212
WING-20261002T17282585232,WING,2026-10-02,2026-10-02T13:38:27.714349-04:00,106.8615,-0.1607
CCL-20261002T17291668202,CCL,2026-10-02,2026-10-02T13:38:27.714349-04:00,25.74,-0.1946
TWLO-20261002T17000250438,TWLO,2026-10-02,2026-10-02T13:38:37.816258-04:00,292.935,0.5382
XENE-20261002T17072186222,XENE,2026-10-02,2026-10-02T13:38:37.816258-04:00,37.477,-0.1523
ON-20261002T17080249845,ON,2026-10-02,2026-10-02T13:38:37.816258-04:00,83.565,0.8248
MRVL-20261002T17095423072,MRVL,2026-10-02,2026-10-02T13:38:37.816258-04:00,272.95,0.2011
WING-20261002T17282585232,WING,2026-10-02,2026-10-02T13:38:37.816258-04:00,106.8615,-0.1607
CCL-20261002T17291668202,CCL,2026-10-02,2026-10-02T13:38:37.816258-04:00,25.735,-0.1752
TWLO-20261002T17000250438,TWLO,2026-10-02,2026-10-02T13:38:47.932506-04:00,292.946,0.5344
XENE-20261002T17072186222,XENE,2026-10-02,2026-10-02T13:38:47.932506-04:00,37.4562,-0.0967
ON-20261002T17080249845,ON,2026-10-02,2026-10-02T13:38:47.932506-04:00,83.67,0.7002
MRVL-20261002T17095423072,MRVL,2026-10-02,2026-10-02T13:38:47.932506-04:00,272.94,0.2048
WING-20261002T17282585232,WING,2026-10-02,2026-10-02T13:38:47.932506-04:00,106.8615,-0.1607
CCL-20261002T17291668202,CCL,2026-10-02,2026-10-02T13:38:47.932506-04:00,25.733,-0.1674
TWLO-20261002T17000250438,TWLO,2026-10-02,2026-10-02T13:38:58.075367-04:00,292.9224,0.5424
XENE-20261002T17072186222,XENE,2026-10-02,2026-10-02T13:38:58.075367-04:00,37.4681,-0.1285
ON-20261002T17080249845,ON,2026-10-02,2026-10-02T13:38:58.075367-04:00,83.6102,0.7712
MRVL-20261002T17095423072,MRVL,2026-10-02,2026-10-02T13:38:58.075367-04:00,272.925,0.2102
WING-20261002T17282585232,WING,2026-10-02,2026-10-02T13:38:58.075367-04:00,106.95,-0.2437
CCL-20261002T17291668202,CCL,2026-10-02,2026-10-02T13:38:58.075367-04:00,25.7338,-0.1705
TWLO-20261002T17000250438,TWLO,2026-10-02,2026-10-02T13:39:08.196952-04:00,292.71,0.6146
XENE-20261002T17072186222,XENE,2026-10-02,2026-10-02T13:39:08.196952-04:00,37.4553,-0.0943
ON-20261002T17080249845,ON,2026-10-02,2026-10-02T13:39:08.196952-04:00,83.63,0.7477
MRVL-20261002T17095423072,MRVL,2026-10-02,2026-10-02T13:39:08.196952-04:00,272.9257,0.21
WING-20261002T17282585232,WING,2026-10-02,2026-10-02T13:39:08.196952-04:00,106.6591,0.029
CCL-20261002T17291668202,CCL,2026-10-02,2026-10-02T13:39:08.196952-04:00,25.7401,-0.195
TWLO-20261002T17000250438,TWLO,2026-10-02,2026-10-02T13:39:18.333774-04:00,292.65,0.6349
XENE-20261002T17072186222,XENE,2026-10-02,2026-10-02T13:39:18.333774-04:00,37.4728,-0.1411
ON-20261002T17080249845,ON,2026-10-02,2026-10-02T13:39:18.333774-04:00,83.66,0.7121
MRVL-20261002T17095423072,MRVL,2026-10-02,2026-10-02T13:39:18.333774-04:00,272.905,0.2176
WING-20261002T17282585232,WING,2026-10-02,2026-10-02T13:39:18.333774-04:00,106.6591,0.029
CCL-20261002T17291668202,CCL,2026-10-02,2026-10-02T13:39:18.333774-04:00,25.7383,-0.188
TWLO-20261002T17000250438,TWLO,2026-10-02,2026-10-02T13:39:28.464891-04:00,292.8088,0.581
XENE-20261002T17072186222,XENE,2026-10-02,2026-10-02T13:39:28.464891-04:00,37.44,-0.0534
ON-20261002T17080249845,ON,2026-10-02,2026-10-02T13:39:28.464891-04:00,83.6596,0.7126
MRVL-20261002T17095423072,MRVL,2026-10-02,2026-10-02T13:39:28.464891-04:00,272.9613,0.197
WING-20261002T17282585232,WING,2026-10-02,2026-10-02T13:39:28.464891-04:00,106.6591,0.029
CCL-20261002T17291668202,CCL,2026-10-02,2026-10-02T13:39:28.464891-04:00,25.7376,-0.1853
TWLO-20261002T17000250438,TWLO,2026-10-02,2026-10-02T13:39:38.604884-04:00,292.65,0.6349
XENE-20261002T17072186222,XENE,2026-10-02,2026-10-02T13:39:38.604884-04:00,37.4519,-0.0852
ON-20261002T17080249845,ON,2026-10-02,2026-10-02T13:39:38.604884-04:00,83.68,0.6883
MRVL-20261002T17095423072,MRVL,2026-10-02,2026-10-02T13:39:38.604884-04:00,272.645,0.3126
WING-20261002T17282585232,WING,2026-10-02,2026-10-02T13:39:38.604884-04:00,106.9325,-0.2273
CCL-20261002T17291668202,CCL,2026-10-02,2026-10-02T13:39:38.604884-04:00,25.7375,-0.1849
TWLO-20261002T17000250438,TWLO,2026-10-02,2026-10-02T13:39:48.735977-04:00,292.721,0.6108
XENE-20261002T17072186222,XENE,2026-10-02,2026-10-02T13:39:48.735977-04:00,37.4604,-0.108
ON-20261002T17080249845,ON,2026-10-02,2026-10-02T13:39:48.735977-04:00,83.6295,0.7483
MRVL-20261002T17095423072,MRVL,2026-10-02,2026-10-02T13:39:48.735977-04:00,272.645,0.3126
WING-20261002T17282585232,WING,2026-10-02,2026-10-02T13:39:48.735977-04:00,106.9325,-0.2273
CCL-20261002T17291668202,CCL,2026-10-02,2026-10-02T13:39:48.735977-04:00,25.7353,-0.1763
TWLO-20261002T17000250438,TWLO,2026-10-02,2026-10-02T13:39:58.960576-04:00,293.12,0.4753
XENE-20261002T17072186222,XENE,2026-10-02,2026-10-02T13:39:58.960576-04:00,37.4736,-0.1432
ON-20261002T17080249845,ON,2026-10-02,2026-10-02T13:39:58.960576-04:00,83.72,0.6409
MRVL-20261002T17095423072,MRVL,2026-10-02,2026-10-02T13:39:58.960576-04:00,272.635,0.3163
WING-20261002T17282585232,WING,2026-10-02,2026-10-02T13:39:58.960576-04:00,106.92,-0.2156
CCL-20261002T17291668202,CCL,2026-10-02,2026-10-02T13:39:58.960576-04:00,25.7373,-0.1841
TWLO-20261002T17000250438,TWLO,2026-10-02,2026-10-02T13:40:09.117985-04:00,292.8249,0.5755
XENE-20261002T17072186222,XENE,2026-10-02,2026-10-02T13:40:09.117985-04:00,37.4736,-0.1432
ON-20261002T17080249845,ON,2026-10-02,2026-10-02T13:40:09.117985-04:00,83.69,0.6765
MRVL-20261002T17095423072,MRVL,2026-10-02,2026-10-02T13:40:09.117985-04:00,272.72,0.2852
WING-20261002T17282585232,WING,2026-10-02,2026-10-02T13:40:09.117985-04:00,106.945,-0.239
CCL-20261002T17291668202,CCL,2026-10-02,2026-10-02T13:40:09.117985-04:00,25.7338,-0.1705
S-20261002T17394894462,S,2026-10-02,2026-10-02T13:40:09.117985-04:00,25.3349,-0.0058
TWLO-20261002T17000250438,TWLO,2026-10-02,2026-10-02T13:40:19.241032-04:00,292.69,0.6213
XENE-20261002T17072186222,XENE,2026-10-02,2026-10-02T13:40:19.241032-04:00,37.45,-0.0802
ON-20261002T17080249845,ON,2026-10-02,2026-10-02T13:40:19.241032-04:00,83.6951,0.6704
MRVL-20261002T17095423072,MRVL,2026-10-02,2026-10-02T13:40:19.241032-04:00,272.67,0.3035
WING-20261002T17282585232,WING,2026-10-02,2026-10-02T13:40:19.241032-04:00,106.935,-0.2296
CCL-20261002T17291668202,CCL,2026-10-02,2026-10-02T13:40:19.241032-04:00,25.7358,-0.1783
S-20261002T17394894462,S,2026-10-02,2026-10-02T13:40:19.241032-04:00,25.335,-0.0062
TWLO-20261002T17000250438,TWLO,2026-10-02,2026-10-02T13:40:29.464015-04:00,292.91,0.5467
XENE-20261002T17072186222,XENE,2026-10-02,2026-10-02T13:40:29.464015-04:00,37.4523,-0.0863
ON-20261002T17080249845,ON,2026-10-02,2026-10-02T13:40:29.464015-04:00,83.69,0.6765
MRVL-20261002T17095423072,MRVL,2026-10-02,2026-10-02T13:40:29.464015-04:00,272.6999,0.2925
CCL-20261002T17291668202,CCL,2026-10-02,2026-10-02T13:40:29.464015-04:00,25.735,-0.1752
S-20261002T17394894462,S,2026-10-02,2026-10-02T13:40:29.464015-04:00,25.4001,-0.2632
TWLO-20261002T17000250438,TWLO,2026-10-02,2026-10-02T13:40:39.651030-04:00,293.049,0.4995
XENE-20261002T17072186222,XENE,2026-10-02,2026-10-02T13:40:39.651030-04:00,37.4738,-0.1438
ON-20261002T17080249845,ON,2026-10-02,2026-10-02T13:40:39.651030-04:00,83.6785,0.6901
MRVL-20261002T17095423072,MRVL,2026-10-02,2026-10-02T13:40:39.651030-04:00,272.6,0.3291
CCL-20261002T17291668202,CCL,2026-10-02,2026-10-02T13:40:39.651030-04:00,25.7366,-0.1814
S-20261002T17394894462,S,2026-10-02,2026-10-02T13:40:39.651030-04:00,25.345,-0.0457
TWLO-20261002T17000250438,TWLO,2026-10-02,2026-10-02T13:40:49.800278-04:00,293.0957,0.4836
XENE-20261002T17072186222,XENE,2026-10-02,2026-10-02T13:40:49.800278-04:00,37.4499,-0.0799
ON-20261002T17080249845,ON,2026-10-02,2026-10-02T13:40:49.800278-04:00,83.605,0.7774
MRVL-20261002T17095423072,MRVL,2026-10-02,2026-10-02T13:40:49.800278-04:00,272.625,0.3199
CCL-20261002T17291668202,CCL,2026-10-02,2026-10-02T13:40:49.800278-04:00,25.735,-0.1752
S-20261002T17394894462,S,2026-10-02,2026-10-02T13:40:49.800278-04:00,25.349,-0.0615
TWLO-20261002T17000250438,TWLO,2026-10-02,2026-10-02T13:40:59.975290-04:00,293.025,0.5076
XENE-20261002T17072186222,XENE,2026-10-02,2026-10-02T13:40:59.975290-04:00,37.4493,-0.0783
ON-20261002T17080249845,ON,2026-10-02,2026-10-02T13:40:59.975290-04:00,83.6334,0.7437
MRVL-20261002T17095423072,MRVL,2026-10-02,2026-10-02T13:40:59.975290-04:00,272.62,0.3218
CCL-20261002T17291668202,CCL,2026-10-02,2026-10-02T13:40:59.975290-04:00,25.733,-0.1674
S-20261002T17394894462,S,2026-10-02,2026-10-02T13:40:59.975290-04:00,25.345,-0.0457
TWLO-20261002T17000250438,TWLO,2026-10-02,2026-10-02T13:41:10.137156-04:00,293.23,0.438
XENE-20261002T17072186222,XENE,2026-10-02,2026-10-02T13:41:10.137156-04:00,37.448,-0.0748
ON-20261002T17080249845,ON,2026-10-02,2026-10-02T13:41:10.137156-04:00,83.6651,0.706
MRVL-20261002T17095423072,MRVL,2026-10-02,2026-10-02T13:41:10.137156-04:00,272.7929,0.2585
CCL-20261002T17291668202,CCL,2026-10-02,2026-10-02T13:41:10.137156-04:00,25.7299,-0.1553
S-20261002T17394894462,S,2026-10-02,2026-10-02T13:41:10.137156-04:00,25.345,-0.0457
TWLO-20261002T17000250438,TWLO,2026-10-02,2026-10-02T13:41:20.263579-04:00,293.135,0.4703
XENE-20261002T17072186222,XENE,2026-10-02,2026-10-02T13:41:20.263579-04:00,37.46,-0.1069
ON-20261002T17080249845,ON,2026-10-02,2026-10-02T13:41:20.263579-04:00,83.6156,0.7648
MRVL-20261002T17095423072,MRVL,2026-10-02,2026-10-02T13:41:20.263579-04:00,272.57,0.34
CCL-20261002T17291668202,CCL,2026-10-02,2026-10-02T13:41:20.263579-04:00,25.725,-0.1362
S-20261002T17394894462,S,2026-10-02,2026-10-02T13:41:20.263579-04:00,25.3419,-0.0335
TWLO-20261002T17000250438,TWLO,2026-10-02,2026-10-02T13:41:30.407754-04:00,292.9152,0.5449
XENE-20261002T17072186222,XENE,2026-10-02,2026-10-02T13:41:30.407754-04:00,37.49,-0.1871
ON-20261002T17080249845,ON,2026-10-02,2026-10-02T13:41:30.407754-04:00,83.62,0.7596
MRVL-20261002T17095423072,MRVL,2026-10-02,2026-10-02T13:41:30.407754-04:00,272.53,0.3547
CCL-20261002T17291668202,CCL,2026-10-02,2026-10-02T13:41:30.407754-04:00,25.7295,-0.1538
S-20261002T17394894462,S,2026-10-02,2026-10-02T13:41:30.407754-04:00,25.35,-0.0654
TWLO-20261002T17000250438,TWLO,2026-10-02,2026-10-02T13:41:40.559998-04:00,293.665,0.2903
XENE-20261002T17072186222,XENE,2026-10-02,2026-10-02T13:41:40.559998-04:00,37.49,-0.1871
ON-20261002T17080249845,ON,2026-10-02,2026-10-02T13:41:40.559998-04:00,83.64,0.7358
MRVL-20261002T17095423072,MRVL,2026-10-02,2026-10-02T13:41:40.559998-04:00,272.592,0.332
CCL-20261002T17291668202,CCL,2026-10-02,2026-10-02T13:41:40.559998-04:00,25.7331,-0.1678
S-20261002T17394894462,S,2026-10-02,2026-10-02T13:41:40.559998-04:00,25.355,-0.0852
TWLO-20261002T17000250438,TWLO,2026-10-02,2026-10-02T13:41:50.676265-04:00,293.63,0.3022
XENE-20261002T17072186222,XENE,2026-10-02,2026-10-02T13:41:50.676265-04:00,37.4598,-0.1064
ON-20261002T17080249845,ON,2026-10-02,2026-10-02T13:41:50.676265-04:00,83.62,0.7596
MRVL-20261002T17095423072,MRVL,2026-10-02,2026-10-02T13:41:50.676265-04:00,272.6962,0.2939
CCL-20261002T17291668202,CCL,2026-10-02,2026-10-02T13:41:50.676265-04:00,25.725,-0.1362
S-20261002T17394894462,S,2026-10-02,2026-10-02T13:41:50.676265-04:00,25.36,-0.1049
TWLO-20261002T17000250438,TWLO,2026-10-02,2026-10-02T13:42:00.783280-04:00,293.445,0.365
XENE-20261002T17072186222,XENE,2026-10-02,2026-10-02T13:42:00.783280-04:00,37.4636,-0.1165
ON-20261002T17080249845,ON,2026-10-02,2026-10-02T13:42:00.783280-04:00,83.625,0.7536
MRVL-20261002T17095423072,MRVL,2026-10-02,2026-10-02T13:42:00.783280-04:00,272.705,0.2907
CCL-20261002T17291668202,CCL,2026-10-02,2026-10-02T13:42:00.783280-04:00,25.725,-0.1362
S-20261002T17394894462,S,2026-10-02,2026-10-02T13:42:00.783280-04:00,25.345,-0.0457
XENE-20261002T17072186222,XENE,2026-10-02,2026-10-02T13:42:11.072562-04:00,37.45,-0.0802
ON-20261002T17080249845,ON,2026-10-02,2026-10-02T13:42:11.072562-04:00,83.625,0.7536
MRVL-20261002T17095423072,MRVL,2026-10-02,2026-10-02T13:42:11.072562-04:00,272.682,0.2991
CCL-20261002T17291668202,CCL,2026-10-02,2026-10-02T13:42:11.072562-04:00,25.7276,-0.1464
S-20261002T17394894462,S,2026-10-02,2026-10-02T13:42:11.072562-04:00,25.35,-0.0654
XENE-20261002T17072186222,XENE,2026-10-02,2026-10-02T13:42:21.216899-04:00,37.4733,-0.1424
ON-20261002T17080249845,ON,2026-10-02,2026-10-02T13:42:21.216899-04:00,83.585,0.8011
MRVL-20261002T17095423072,MRVL,2026-10-02,2026-10-02T13:42:21.216899-04:00,272.6097,0.3255
CCL-20261002T17291668202,CCL,2026-10-02,2026-10-02T13:42:21.216899-04:00,25.725,-0.1362
S-20261002T17394894462,S,2026-10-02,2026-10-02T13:42:21.216899-04:00,25.345,-0.0457
XENE-20261002T17072186222,XENE,2026-10-02,2026-10-02T13:42:31.348980-04:00,37.4735,-0.143
ON-20261002T17080249845,ON,2026-10-02,2026-10-02T13:42:31.348980-04:00,83.62,0.7596
MRVL-20261002T17095423072,MRVL,2026-10-02,2026-10-02T13:42:31.348980-04:00,272.6175,0.3227
CCL-20261002T17291668202,CCL,2026-10-02,2026-10-02T13:42:31.348980-04:00,25.725,-0.1362
S-20261002T17394894462,S,2026-10-02,2026-10-02T13:42:31.348980-04:00,25.335,-0.0062
XENE-20261002T17072186222,XENE,2026-10-02,2026-10-02T13:42:41.493352-04:00,37.4662,-0.1235
ON-20261002T17080249845,ON,2026-10-02,2026-10-02T13:42:41.493352-04:00,83.575,0.813
MRVL-20261002T17095423072,MRVL,2026-10-02,2026-10-02T13:42:41.493352-04:00,272.563,0.3426
CCL-20261002T17291668202,CCL,2026-10-02,2026-10-02T13:42:41.493352-04:00,25.7327,-0.1662
S-20261002T17394894462,S,2026-10-02,2026-10-02T13:42:41.493352-04:00,25.3486,-0.0599
XENE-20261002T17072186222,XENE,2026-10-02,2026-10-02T13:42:51.595218-04:00,37.46,-0.1069
ON-20261002T17080249845,ON,2026-10-02,2026-10-02T13:42:51.595218-04:00,83.61,0.7714
MRVL-20261002T17095423072,MRVL,2026-10-02,2026-10-02T13:42:51.595218-04:00,272.535,0.3528
CCL-20261002T17291668202,CCL,2026-10-02,2026-10-02T13:42:51.595218-04:00,25.7325,-0.1654
S-20261002T17394894462,S,2026-10-02,2026-10-02T13:42:51.595218-04:00,25.345,-0.0457
XENE-20261002T17072186222,XENE,2026-10-02,2026-10-02T13:43:01.728751-04:00,37.4721,-0.1392
ON-20261002T17080249845,ON,2026-10-02,2026-10-02T13:43:01.728751-04:00,83.6067,0.7753
MRVL-20261002T17095423072,MRVL,2026-10-02,2026-10-02T13:43:01.728751-04:00,272.5465,0.3486
CCL-20261002T17291668202,CCL,2026-10-02,2026-10-02T13:43:01.728751-04:00,25.73,-0.1557
S-20261002T17394894462,S,2026-10-02,2026-10-02T13:43:01.728751-04:00,25.345,-0.0457
XENE-20261002T17072186222,XENE,2026-10-02,2026-10-02T13:43:12.177216-04:00,37.46,-0.1069
ON-20261002T17080249845,ON,2026-10-02,2026-10-02T13:43:12.177216-04:00,83.71,0.6527
MRVL-20261002T17095423072,MRVL,2026-10-02,2026-10-02T13:43:12.177216-04:00,272.542,0.3503
CCL-20261002T17291668202,CCL,2026-10-02,2026-10-02T13:43:12.177216-04:00,25.74,-0.1946
S-20261002T17394894462,S,2026-10-02,2026-10-02T13:43:12.177216-04:00,25.345,-0.0457
XENE-20261002T17072186222,XENE,2026-10-02,2026-10-02T13:43:22.321634-04:00,37.4711,-0.1366
ON-20261002T17080249845,ON,2026-10-02,2026-10-02T13:43:22.321634-04:00,83.63,0.7477
MRVL-20261002T17095423072,MRVL,2026-10-02,2026-10-02T13:43:22.321634-04:00,272.463,0.3792
CCL-20261002T17291668202,CCL,2026-10-02,2026-10-02T13:43:22.321634-04:00,25.738,-0.1868
S-20261002T17394894462,S,2026-10-02,2026-10-02T13:43:22.321634-04:00,25.34,-0.026
XENE-20261002T17072186222,XENE,2026-10-02,2026-10-02T13:43:32.446776-04:00,37.465,-0.1203
ON-20261002T17080249845,ON,2026-10-02,2026-10-02T13:43:32.446776-04:00,83.61,0.7714
MRVL-20261002T17095423072,MRVL,2026-10-02,2026-10-02T13:43:32.446776-04:00,272.482,0.3722
CCL-20261002T17291668202,CCL,2026-10-02,2026-10-02T13:43:32.446776-04:00,25.7301,-0.1561
S-20261002T17394894462,S,2026-10-02,2026-10-02T13:43:32.446776-04:00,25.345,-0.0457
XENE-20261002T17072186222,XENE,2026-10-02,2026-10-02T13:43:42.588124-04:00,37.44,-0.0534
ON-20261002T17080249845,ON,2026-10-02,2026-10-02T13:43:42.588124-04:00,83.655,0.718
MRVL-20261002T17095423072,MRVL,2026-10-02,2026-10-02T13:43:42.588124-04:00,272.6197,0.3219
CCL-20261002T17291668202,CCL,2026-10-02,2026-10-02T13:43:42.588124-04:00,25.731,-0.1596
S-20261002T17394894462,S,2026-10-02,2026-10-02T13:43:42.588124-04:00,25.345,-0.0457
XENE-20261002T17072186222,XENE,2026-10-02,2026-10-02T13:43:52.720945-04:00,37.4701,-0.1339
ON-20261002T17080249845,ON,2026-10-02,2026-10-02T13:43:52.720945-04:00,83.6796,0.6888
MRVL-20261002T17095423072,MRVL,2026-10-02,2026-10-02T13:43:52.720945-04:00,272.6662,0.3049
CCL-20261002T17291668202,CCL,2026-10-02,2026-10-02T13:43:52.720945-04:00,25.7323,-0.1647
S-20261002T17394894462,S,2026-10-02,2026-10-02T13:43:52.720945-04:00,25.335,-0.0062
XENE-20261002T17072186222,XENE,2026-10-02,2026-10-02T13:44:02.906874-04:00,37.4656,-0.1219
ON-20261002T17080249845,ON,2026-10-02,2026-10-02T13:44:02.906874-04:00,83.6661,0.7048
MRVL-20261002T17095423072,MRVL,2026-10-02,2026-10-02T13:44:02.906874-04:00,272.62,0.3218
CCL-20261002T17291668202,CCL,2026-10-02,2026-10-02T13:44:02.906874-04:00,25.7384,-0.1884
S-20261002T17394894462,S,2026-10-02,2026-10-02T13:44:02.906874-04:00,25.335,-0.0062
XENE-20261002T17072186222,XENE,2026-10-02,2026-10-02T13:44:13.064834-04:00,37.44,-0.0534
ON-20261002T17080249845,ON,2026-10-02,2026-10-02T13:44:13.064834-04:00,83.72,0.6409
MRVL-20261002T17095423072,MRVL,2026-10-02,2026-10-02T13:44:13.064834-04:00,272.63,0.3181
CCL-20261002T17291668202,CCL,2026-10-02,2026-10-02T13:44:13.064834-04:00,25.7367,-0.1818
S-20261002T17394894462,S,2026-10-02,2026-10-02T13:44:13.064834-04:00,25.335,-0.0062
XENE-20261002T17072186222,XENE,2026-10-02,2026-10-02T13:44:23.171429-04:00,37.455,-0.0935
ON-20261002T17080249845,ON,2026-10-02,2026-10-02T13:44:23.171429-04:00,83.72,0.6409
MRVL-20261002T17095423072,MRVL,2026-10-02,2026-10-02T13:44:23.171429-04:00,272.7287,0.282
CCL-20261002T17291668202,CCL,2026-10-02,2026-10-02T13:44:23.171429-04:00,25.735,-0.1752
S-20261002T17394894462,S,2026-10-02,2026-10-02T13:44:23.171429-04:00,25.3796,-0.1823
XENE-20261002T17072186222,XENE,2026-10-02,2026-10-02T13:44:33.274935-04:00,37.445,-0.0668
ON-20261002T17080249845,ON,2026-10-02,2026-10-02T13:44:33.274935-04:00,83.715,0.6468
MRVL-20261002T17095423072,MRVL,2026-10-02,2026-10-02T13:44:33.274935-04:00,272.69,0.2962
CCL-20261002T17291668202,CCL,2026-10-02,2026-10-02T13:44:33.274935-04:00,25.73,-0.1557
S-20261002T17394894462,S,2026-10-02,2026-10-02T13:44:33.274935-04:00,25.3405,-0.0279
XENE-20261002T17072186222,XENE,2026-10-02,2026-10-02T13:44:43.375388-04:00,37.452,-0.0855
ON-20261002T17080249845,ON,2026-10-02,2026-10-02T13:44:43.375388-04:00,83.685,0.6824
MRVL-20261002T17095423072,MRVL,2026-10-02,2026-10-02T13:44:43.375388-04:00,272.6101,0.3254
CCL-20261002T17291668202,CCL,2026-10-02,2026-10-02T13:44:43.375388-04:00,25.74,-0.1946
S-20261002T17394894462,S,2026-10-02,2026-10-02T13:44:43.375388-04:00,25.339,-0.022
XENE-20261002T17072186222,XENE,2026-10-02,2026-10-02T13:44:53.499840-04:00,37.4626,-0.1138
ON-20261002T17080249845,ON,2026-10-02,2026-10-02T13:44:53.499840-04:00,83.69,0.6765
MRVL-20261002T17095423072,MRVL,2026-10-02,2026-10-02T13:44:53.499840-04:00,272.82,0.2486
CCL-20261002T17291668202,CCL,2026-10-02,2026-10-02T13:44:53.499840-04:00,25.745,-0.2141
S-20261002T17394894462,S,2026-10-02,2026-10-02T13:44:53.499840-04:00,25.345,-0.0457
XENE-20261002T17072186222,XENE,2026-10-02,2026-10-02T13:45:03.634610-04:00,37.4521,-0.0858
ON-20261002T17080249845,ON,2026-10-02,2026-10-02T13:45:03.634610-04:00,83.695,0.6705
MRVL-20261002T17095423072,MRVL,2026-10-02,2026-10-02T13:45:03.634610-04:00,272.9099,0.2158
CCL-20261002T17291668202,CCL,2026-10-02,2026-10-02T13:45:03.634610-04:00,25.7473,-0.223
S-20261002T17394894462,S,2026-10-02,2026-10-02T13:45:03.634610-04:00,25.35,-0.0654
XENE-20261002T17072186222,XENE,2026-10-02,2026-10-02T13:45:13.792416-04:00,37.456,-0.0962
ON-20261002T17080249845,ON,2026-10-02,2026-10-02T13:45:13.792416-04:00,83.69,0.6765
MRVL-20261002T17095423072,MRVL,2026-10-02,2026-10-02T13:45:13.792416-04:00,272.9452,0.2029
CCL-20261002T17291668202,CCL,2026-10-02,2026-10-02T13:45:13.792416-04:00,25.755,-0.253
S-20261002T17394894462,S,2026-10-02,2026-10-02T13:45:13.792416-04:00,25.355,-0.0852
XENE-20261002T17072186222,XENE,2026-10-02,2026-10-02T13:45:24.009609-04:00,37.456,-0.0962
ON-20261002T17080249845,ON,2026-10-02,2026-10-02T13:45:24.009609-04:00,83.6913,0.6749
MRVL-20261002T17095423072,MRVL,2026-10-02,2026-10-02T13:45:24.009609-04:00,272.8717,0.2297
CCL-20261002T17291668202,CCL,2026-10-02,2026-10-02T13:45:24.009609-04:00,25.7398,-0.1938
S-20261002T17394894462,S,2026-10-02,2026-10-02T13:45:24.009609-04:00,25.35,-0.0654
XENE-20261002T17072186222,XENE,2026-10-02,2026-10-02T13:45:34.211982-04:00,37.4019,0.0484
ON-20261002T17080249845,ON,2026-10-02,2026-10-02T13:45:34.211982-04:00,83.72,0.6409
MRVL-20261002T17095423072,MRVL,2026-10-02,2026-10-02T13:45:34.211982-04:00,272.77,0.2669
CCL-20261002T17291668202,CCL,2026-10-02,2026-10-02T13:45:34.211982-04:00,25.755,-0.253
S-20261002T17394894462,S,2026-10-02,2026-10-02T13:45:34.211982-04:00,25.345,-0.0457
XENE-20261002T17072186222,XENE,2026-10-02,2026-10-02T13:45:44.496189-04:00,37.4559,-0.0959
ON-20261002T17080249845,ON,2026-10-02,2026-10-02T13:45:44.496189-04:00,83.7079,0.6552
MRVL-20261002T17095423072,MRVL,2026-10-02,2026-10-02T13:45:44.496189-04:00,272.7497,0.2743
CCL-20261002T17291668202,CCL,2026-10-02,2026-10-02T13:45:44.496189-04:00,25.755,-0.253
S-20261002T17394894462,S,2026-10-02,2026-10-02T13:45:44.496189-04:00,25.3484,-0.0591
XENE-20261002T17072186222,XENE,2026-10-02,2026-10-02T13:45:54.633196-04:00,37.36,0.1603
ON-20261002T17080249845,ON,2026-10-02,2026-10-02T13:45:54.633196-04:00,83.7251,0.6348
MRVL-20261002T17095423072,MRVL,2026-10-02,2026-10-02T13:45:54.633196-04:00,272.735,0.2797
CCL-20261002T17291668202,CCL,2026-10-02,2026-10-02T13:45:54.633196-04:00,25.755,-0.253
S-20261002T17394894462,S,2026-10-02,2026-10-02T13:45:54.633196-04:00,25.35,-0.0654
XENE-20261002T17072186222,XENE,2026-10-02,2026-10-02T13:46:04.785166-04:00,37.37,0.1336
ON-20261002T17080249845,ON,2026-10-02,2026-10-02T13:46:04.785166-04:00,83.725,0.6349
MRVL-20261002T17095423072,MRVL,2026-10-02,2026-10-02T13:46:04.785166-04:00,272.8807,0.2264
CCL-20261002T17291668202,CCL,2026-10-02,2026-10-02T13:46:04.785166-04:00,25.785,-0.3698
S-20261002T17394894462,S,2026-10-02,2026-10-02T13:46:04.785166-04:00,25.345,-0.0457
XENE-20261002T17072186222,XENE,2026-10-02,2026-10-02T13:46:14.929501-04:00,37.35,0.1871
ON-20261002T17080249845,ON,2026-10-02,2026-10-02T13:46:14.929501-04:00,83.71,0.6527
MRVL-20261002T17095423072,MRVL,2026-10-02,2026-10-02T13:46:14.929501-04:00,272.845,0.2395
CCL-20261002T17291668202,CCL,2026-10-02,2026-10-02T13:46:14.929501-04:00,25.795,-0.4087
S-20261002T17394894462,S,2026-10-02,2026-10-02T13:46:14.929501-04:00,25.3486,-0.0599
XENE-20261002T17072186222,XENE,2026-10-02,2026-10-02T13:46:25.058314-04:00,37.37,0.1336
ON-20261002T17080249845,ON,2026-10-02,2026-10-02T13:46:25.058314-04:00,83.72,0.6409
MRVL-20261002T17095423072,MRVL,2026-10-02,2026-10-02T13:46:25.058314-04:00,272.9395,0.2049
CCL-20261002T17291668202,CCL,2026-10-02,2026-10-02T13:46:25.058314-04:00,25.805,-0.4476
S-20261002T17394894462,S,2026-10-02,2026-10-02T13:46:25.058314-04:00,25.3531,-0.0777
XENE-20261002T17072186222,XENE,2026-10-02,2026-10-02T13:46:35.201211-04:00,37.37,0.1336
ON-20261002T17080249845,ON,2026-10-02,2026-10-02T13:46:35.201211-04:00,83.705,0.6587
MRVL-20261002T17095423072,MRVL,2026-10-02,2026-10-02T13:46:35.201211-04:00,272.82,0.2486
CCL-20261002T17291668202,CCL,2026-10-02,2026-10-02T13:46:35.201211-04:00,25.82,-0.506
S-20261002T17394894462,S,2026-10-02,2026-10-02T13:46:35.201211-04:00,25.35,-0.0654
XENE-20261002T17072186222,XENE,2026-10-02,2026-10-02T13:46:45.337467-04:00,37.4408,-0.0556
ON-20261002T17080249845,ON,2026-10-02,2026-10-02T13:46:45.337467-04:00,83.71,0.6527
MRVL-20261002T17095423072,MRVL,2026-10-02,2026-10-02T13:46:45.337467-04:00,272.762,0.2698
CCL-20261002T17291668202,CCL,2026-10-02,2026-10-02T13:46:45.337467-04:00,25.8046,-0.4461
S-20261002T17394894462,S,2026-10-02,2026-10-02T13:46:45.337467-04:00,25.3464,-0.0512
XENE-20261002T17072186222,XENE,2026-10-02,2026-10-02T13:46:55.459064-04:00,37.4408,-0.0556
ON-20261002T17080249845,ON,2026-10-02,2026-10-02T13:46:55.459064-04:00,83.7,0.6646
MRVL-20261002T17095423072,MRVL,2026-10-02,2026-10-02T13:46:55.459064-04:00,272.721,0.2848
CCL-20261002T17291668202,CCL,2026-10-02,2026-10-02T13:46:55.459064-04:00,25.7798,-0.3496
S-20261002T17394894462,S,2026-10-02,2026-10-02T13:46:55.459064-04:00,25.345,-0.0457
XENE-20261002T17072186222,XENE,2026-10-02,2026-10-02T13:47:05.643585-04:00,37.3772,0.1144
ON-20261002T17080249845,ON,2026-10-02,2026-10-02T13:47:05.643585-04:00,83.6652,0.7059
MRVL-20261002T17095423072,MRVL,2026-10-02,2026-10-02T13:47:05.643585-04:00,272.7482,0.2749
CCL-20261002T17291668202,CCL,2026-10-02,2026-10-02T13:47:05.643585-04:00,25.7677,-0.3025
S-20261002T17394894462,S,2026-10-02,2026-10-02T13:47:05.643585-04:00,25.3458,-0.0489
XENE-20261002T17072186222,XENE,2026-10-02,2026-10-02T13:47:16.064563-04:00,37.37,0.1336
ON-20261002T17080249845,ON,2026-10-02,2026-10-02T13:47:16.064563-04:00,83.74,0.6171
MRVL-20261002T17095423072,MRVL,2026-10-02,2026-10-02T13:47:16.064563-04:00,272.824,0.2472
S-20261002T17394894462,S,2026-10-02,2026-10-02T13:47:16.064563-04:00,25.3497,-0.0643
XENE-20261002T17072186222,XENE,2026-10-02,2026-10-02T13:47:26.234633-04:00,37.365,0.147
ON-20261002T17080249845,ON,2026-10-02,2026-10-02T13:47:26.234633-04:00,83.738,0.6195
MRVL-20261002T17095423072,MRVL,2026-10-02,2026-10-02T13:47:26.234633-04:00,272.9427,0.2038
S-20261002T17394894462,S,2026-10-02,2026-10-02T13:47:26.234633-04:00,25.355,-0.0852
XENE-20261002T17072186222,XENE,2026-10-02,2026-10-02T13:47:36.420617-04:00,37.365,0.147
ON-20261002T17080249845,ON,2026-10-02,2026-10-02T13:47:36.420617-04:00,83.82,0.5222
MRVL-20261002T17095423072,MRVL,2026-10-02,2026-10-02T13:47:36.420617-04:00,273.0375,0.1691
S-20261002T17394894462,S,2026-10-02,2026-10-02T13:47:36.420617-04:00,25.355,-0.0852
XENE-20261002T17072186222,XENE,2026-10-02,2026-10-02T13:47:46.595120-04:00,37.365,0.147
ON-20261002T17080249845,ON,2026-10-02,2026-10-02T13:47:46.595120-04:00,83.86,0.4747
MRVL-20261002T17095423072,MRVL,2026-10-02,2026-10-02T13:47:46.595120-04:00,273.024,0.174
S-20261002T17394894462,S,2026-10-02,2026-10-02T13:47:46.595120-04:00,25.335,-0.0062
XENE-20261002T17072186222,XENE,2026-10-02,2026-10-02T13:47:56.730599-04:00,37.355,0.1737
ON-20261002T17080249845,ON,2026-10-02,2026-10-02T13:47:56.730599-04:00,83.83,0.5103
MRVL-20261002T17095423072,MRVL,2026-10-02,2026-10-02T13:47:56.730599-04:00,272.9795,0.1903
S-20261002T17394894462,S,2026-10-02,2026-10-02T13:47:56.730599-04:00,25.335,-0.0062
XENE-20261002T17072186222,XENE,2026-10-02,2026-10-02T13:48:06.900637-04:00,37.3858,0.0914
ON-20261002T17080249845,ON,2026-10-02,2026-10-02T13:48:06.900637-04:00,83.845,0.4925
MRVL-20261002T17095423072,MRVL,2026-10-02,2026-10-02T13:48:06.900637-04:00,272.9462,0.2025
S-20261002T17394894462,S,2026-10-02,2026-10-02T13:48:06.900637-04:00,25.3453,-0.0469
XENE-20261002T17072186222,XENE,2026-10-02,2026-10-02T13:48:17.844698-04:00,37.35,0.1871
MRVL-20261002T17095423072,MRVL,2026-10-02,2026-10-02T13:48:17.844698-04:00,272.9385,0.2053
S-20261002T17394894462,S,2026-10-02,2026-10-02T13:48:17.844698-04:00,25.3414,-0.0315
XENE-20261002T17072186222,XENE,2026-10-02,2026-10-02T13:48:28.010961-04:00,37.365,0.147
MRVL-20261002T17095423072,MRVL,2026-10-02,2026-10-02T13:48:28.010961-04:00,272.9385,0.2053
S-20261002T17394894462,S,2026-10-02,2026-10-02T13:48:28.010961-04:00,25.3466,-0.052
XENE-20261002T17072186222,XENE,2026-10-02,2026-10-02T13:48:38.145792-04:00,37.3564,0.17
MRVL-20261002T17095423072,MRVL,2026-10-02,2026-10-02T13:48:38.145792-04:00,272.89,0.223
S-20261002T17394894462,S,2026-10-02,2026-10-02T13:48:38.145792-04:00,25.335,-0.0062
XENE-20261002T17072186222,XENE,2026-10-02,2026-10-02T13:48:48.316202-04:00,37.3564,0.17
MRVL-20261002T17095423072,MRVL,2026-10-02,2026-10-02T13:48:48.316202-04:00,272.875,0.2285
S-20261002T17394894462,S,2026-10-02,2026-10-02T13:48:48.316202-04:00,25.345,-0.0457
XENE-20261002T17072186222,XENE,2026-10-02,2026-10-02T13:48:58.429927-04:00,37.37,0.1336
MRVL-20261002T17095423072,MRVL,2026-10-02,2026-10-02T13:48:58.429927-04:00,272.9017,0.2188
S-20261002T17394894462,S,2026-10-02,2026-10-02T13:48:58.429927-04:00,25.345,-0.0457
XENE-20261002T17072186222,XENE,2026-10-02,2026-10-02T13:49:08.551542-04:00,37.365,0.147
MRVL-20261002T17095423072,MRVL,2026-10-02,2026-10-02T13:49:08.551542-04:00,273.0607,0.1606
S-20261002T17394894462,S,2026-10-02,2026-10-02T13:49:08.551542-04:00,25.3407,-0.0287
XENE-20261002T17072186222,XENE,2026-10-02,2026-10-02T13:49:18.656376-04:00,37.38,0.1069
MRVL-20261002T17095423072,MRVL,2026-10-02,2026-10-02T13:49:18.656376-04:00,272.8937,0.2217
S-20261002T17394894462,S,2026-10-02,2026-10-02T13:49:18.656376-04:00,25.345,-0.0457
XENE-20261002T17072186222,XENE,2026-10-02,2026-10-02T13:49:28.775713-04:00,37.39,0.0802
MRVL-20261002T17095423072,MRVL,2026-10-02,2026-10-02T13:49:28.775713-04:00,273.2307,0.0985
S-20261002T17394894462,S,2026-10-02,2026-10-02T13:49:28.775713-04:00,25.345,-0.0457
XENE-20261002T17072186222,XENE,2026-10-02,2026-10-02T13:49:38.923379-04:00,37.39,0.0802
MRVL-20261002T17095423072,MRVL,2026-10-02,2026-10-02T13:49:38.923379-04:00,273.154,0.1265
S-20261002T17394894462,S,2026-10-02,2026-10-02T13:49:38.923379-04:00,25.345,-0.0457
XENE-20261002T17072186222,XENE,2026-10-02,2026-10-02T13:49:49.077378-04:00,37.37,0.1336
MRVL-20261002T17095423072,MRVL,2026-10-02,2026-10-02T13:49:49.077378-04:00,273.144,0.1302
S-20261002T17394894462,S,2026-10-02,2026-10-02T13:49:49.077378-04:00,25.341,-0.0299
XENE-20261002T17072186222,XENE,2026-10-02,2026-10-02T13:49:59.195439-04:00,37.389,0.0828
MRVL-20261002T17095423072,MRVL,2026-10-02,2026-10-02T13:49:59.195439-04:00,273.2427,0.0941
S-20261002T17394894462,S,2026-10-02,2026-10-02T13:49:59.195439-04:00,25.34,-0.026
XENE-20261002T17072186222,XENE,2026-10-02,2026-10-02T13:50:09.403907-04:00,37.375,0.1203
MRVL-20261002T17095423072,MRVL,2026-10-02,2026-10-02T13:50:09.403907-04:00,273.2572,0.0888
S-20261002T17394894462,S,2026-10-02,2026-10-02T13:50:09.403907-04:00,25.345,-0.0457
XENE-20261002T17072186222,XENE,2026-10-02,2026-10-02T13:50:19.630711-04:00,37.4263,-0.0168
MRVL-20261002T17095423072,MRVL,2026-10-02,2026-10-02T13:50:19.630711-04:00,273.2,0.1097
S-20261002T17394894462,S,2026-10-02,2026-10-02T13:50:19.630711-04:00,25.345,-0.0457
XENE-20261002T17072186222,XENE,2026-10-02,2026-10-02T13:50:29.831971-04:00,37.375,0.1203
MRVL-20261002T17095423072,MRVL,2026-10-02,2026-10-02T13:50:29.831971-04:00,273.2485,0.092
S-20261002T17394894462,S,2026-10-02,2026-10-02T13:50:29.831971-04:00,25.35,-0.0654
XENE-20261002T17072186222,XENE,2026-10-02,2026-10-02T13:50:39.973141-04:00,37.36,0.1603
MRVL-20261002T17095423072,MRVL,2026-10-02,2026-10-02T13:50:39.973141-04:00,273.09,0.1499
S-20261002T17394894462,S,2026-10-02,2026-10-02T13:50:39.973141-04:00,25.345,-0.0457
XENE-20261002T17072186222,XENE,2026-10-02,2026-10-02T13:50:50.197113-04:00,37.375,0.1203
MRVL-20261002T17095423072,MRVL,2026-10-02,2026-10-02T13:50:50.197113-04:00,273.2047,0.108
S-20261002T17394894462,S,2026-10-02,2026-10-02T13:50:50.197113-04:00,25.335,-0.0062
XENE-20261002T17072186222,XENE,2026-10-02,2026-10-02T13:51:00.417438-04:00,37.375,0.1203
MRVL-20261002T17095423072,MRVL,2026-10-02,2026-10-02T13:51:00.417438-04:00,273.025,0.1737
S-20261002T17394894462,S,2026-10-02,2026-10-02T13:51:00.417438-04:00,25.335,-0.0062
XENE-20261002T17072186222,XENE,2026-10-02,2026-10-02T13:51:10.653263-04:00,37.3793,0.1088
MRVL-20261002T17095423072,MRVL,2026-10-02,2026-10-02T13:51:10.653263-04:00,273.2692,0.0844
S-20261002T17394894462,S,2026-10-02,2026-10-02T13:51:10.653263-04:00,25.345,-0.0457
XENE-20261002T17072186222,XENE,2026-10-02,2026-10-02T13:51:20.880874-04:00,37.42,-0.0
MRVL-20261002T17095423072,MRVL,2026-10-02,2026-10-02T13:51:20.880874-04:00,273.22,0.1024
S-20261002T17394894462,S,2026-10-02,2026-10-02T13:51:20.880874-04:00,25.345,-0.0457
XENE-20261002T17072186222,XENE,2026-10-02,2026-10-02T13:51:31.214634-04:00,37.41,0.0267
MRVL-20261002T17095423072,MRVL,2026-10-02,2026-10-02T13:51:31.214634-04:00,273.26,0.0878
S-20261002T17394894462,S,2026-10-02,2026-10-02T13:51:31.214634-04:00,25.345,-0.0457
XENE-20261002T17072186222,XENE,2026-10-02,2026-10-02T13:51:41.380805-04:00,37.4045,0.0414
MRVL-20261002T17095423072,MRVL,2026-10-02,2026-10-02T13:51:41.380805-04:00,272.8852,0.2248
S-20261002T17394894462,S,2026-10-02,2026-10-02T13:51:41.380805-04:00,25.331,0.0096
XENE-20261002T17072186222,XENE,2026-10-02,2026-10-02T13:51:51.544308-04:00,37.41,0.0267
MRVL-20261002T17095423072,MRVL,2026-10-02,2026-10-02T13:51:51.544308-04:00,273.4662,0.0124
S-20261002T17394894462,S,2026-10-02,2026-10-02T13:51:51.544308-04:00,25.3403,-0.0272
XENE-20261002T17072186222,XENE,2026-10-02,2026-10-02T13:52:01.720459-04:00,37.42,-0.0
MRVL-20261002T17095423072,MRVL,2026-10-02,2026-10-02T13:52:01.720459-04:00,273.385,0.042
S-20261002T17394894462,S,2026-10-02,2026-10-02T13:52:01.720459-04:00,25.33,0.0135
XENE-20261002T17072186222,XENE,2026-10-02,2026-10-02T13:52:12.128857-04:00,37.3837,0.097
S-20261002T17394894462,S,2026-10-02,2026-10-02T13:52:12.128857-04:00,25.325,0.0332
XENE-20261002T17072186222,XENE,2026-10-02,2026-10-02T13:52:22.290038-04:00,37.41,0.0267
S-20261002T17394894462,S,2026-10-02,2026-10-02T13:52:22.290038-04:00,25.325,0.0332
XENE-20261002T17072186222,XENE,2026-10-02,2026-10-02T13:52:32.498890-04:00,37.3898,0.0807
S-20261002T17394894462,S,2026-10-02,2026-10-02T13:52:32.498890-04:00,25.335,-0.0062
XENE-20261002T17072186222,XENE,2026-10-02,2026-10-02T13:52:42.677542-04:00,37.4048,0.0406
S-20261002T17394894462,S,2026-10-02,2026-10-02T13:52:42.677542-04:00,25.34,-0.026
XENE-20261002T17072186222,XENE,2026-10-02,2026-10-02T13:52:52.894147-04:00,37.4,0.0534
S-20261002T17394894462,S,2026-10-02,2026-10-02T13:52:52.894147-04:00,25.3326,0.0032
XENE-20261002T17072186222,XENE,2026-10-02,2026-10-02T13:53:03.121229-04:00,37.3963,0.0633
S-20261002T17394894462,S,2026-10-02,2026-10-02T13:53:03.121229-04:00,25.3357,-0.009
XENE-20261002T17072186222,XENE,2026-10-02,2026-10-02T13:53:13.360177-04:00,37.4081,0.0318
S-20261002T17394894462,S,2026-10-02,2026-10-02T13:53:13.360177-04:00,25.34,-0.026
XENE-20261002T17072186222,XENE,2026-10-02,2026-10-02T13:53:23.863245-04:00,37.43,-0.0267
S-20261002T17394894462,S,2026-10-02,2026-10-02T13:53:23.863245-04:00,25.315,0.0727
XENE-20261002T17072186222,XENE,2026-10-02,2026-10-02T13:53:34.072006-04:00,37.4288,-0.0235
S-20261002T17394894462,S,2026-10-02,2026-10-02T13:53:34.072006-04:00,25.31,0.0925
XENE-20261002T17072186222,XENE,2026-10-02,2026-10-02T13:53:44.215866-04:00,37.4289,-0.0238
S-20261002T17394894462,S,2026-10-02,2026-10-02T13:53:44.215866-04:00,25.322,0.0451
XENE-20261002T17072186222,XENE,2026-10-02,2026-10-02T13:53:54.379397-04:00,37.4092,0.0289
S-20261002T17394894462,S,2026-10-02,2026-10-02T13:53:54.379397-04:00,25.275,0.2306
XENE-20261002T17072186222,XENE,2026-10-02,2026-10-02T13:54:04.575639-04:00,37.42,-0.0
S-20261002T17394894462,S,2026-10-02,2026-10-02T13:54:04.575639-04:00,25.275,0.2306
XENE-20261002T17072186222,XENE,2026-10-02,2026-10-02T13:54:14.769954-04:00,37.42,-0.0
S-20261002T17394894462,S,2026-10-02,2026-10-02T13:54:14.769954-04:00,25.275,0.2306
XENE-20261002T17072186222,XENE,2026-10-02,2026-10-02T13:54:24.966956-04:00,37.42,-0.0
S-20261002T17394894462,S,2026-10-02,2026-10-02T13:54:24.966956-04:00,25.275,0.2306
XENE-20261002T17072186222,XENE,2026-10-02,2026-10-02T13:54:35.211582-04:00,37.43,-0.0267
S-20261002T17394894462,S,2026-10-02,2026-10-02T13:54:35.211582-04:00,25.2766,0.2243
XENE-20261002T17072186222,XENE,2026-10-02,2026-10-02T13:54:45.351746-04:00,37.4293,-0.0249
S-20261002T17394894462,S,2026-10-02,2026-10-02T13:54:45.351746-04:00,25.3242,0.0364
XENE-20261002T17072186222,XENE,2026-10-02,2026-10-02T13:54:55.516749-04:00,37.4118,0.0219
S-20261002T17394894462,S,2026-10-02,2026-10-02T13:54:55.516749-04:00,25.28,0.2109
XENE-20261002T17072186222,XENE,2026-10-02,2026-10-02T13:55:05.768898-04:00,37.48,-0.1603
S-20261002T17394894462,S,2026-10-02,2026-10-02T13:55:05.768898-04:00,25.275,0.2306
XENE-20261002T17072186222,XENE,2026-10-02,2026-10-02T13:55:16.001450-04:00,37.4466,-0.0711
S-20261002T17394894462,S,2026-10-02,2026-10-02T13:55:16.001450-04:00,25.275,0.2306
XENE-20261002T17072186222,XENE,2026-10-02,2026-10-02T13:55:26.204662-04:00,37.4537,-0.0901
S-20261002T17394894462,S,2026-10-02,2026-10-02T13:55:26.204662-04:00,25.265,0.2701
XENE-20261002T17072186222,XENE,2026-10-02,2026-10-02T13:55:36.346932-04:00,37.4533,-0.089
S-20261002T17394894462,S,2026-10-02,2026-10-02T13:55:36.346932-04:00,25.275,0.2306
GME-20261002T17551619550,GME,2026-10-02,2026-10-02T13:55:36.346932-04:00,24.425,-0.0205
XENE-20261002T17072186222,XENE,2026-10-02,2026-10-02T13:55:46.503285-04:00,37.45,-0.0802
S-20261002T17394894462,S,2026-10-02,2026-10-02T13:55:46.503285-04:00,25.275,0.2306
GME-20261002T17551619550,GME,2026-10-02,2026-10-02T13:55:46.503285-04:00,24.4416,-0.0885
XENE-20261002T17072186222,XENE,2026-10-02,2026-10-02T13:55:56.629795-04:00,37.4467,-0.0714
S-20261002T17394894462,S,2026-10-02,2026-10-02T13:55:56.629795-04:00,25.275,0.2306
GME-20261002T17551619550,GME,2026-10-02,2026-10-02T13:55:56.629795-04:00,24.4416,-0.0885
XENE-20261002T17072186222,XENE,2026-10-02,2026-10-02T13:56:06.764763-04:00,37.4468,-0.0716
S-20261002T17394894462,S,2026-10-02,2026-10-02T13:56:06.764763-04:00,25.3181,0.0605
GME-20261002T17551619550,GME,2026-10-02,2026-10-02T13:56:06.764763-04:00,24.405,0.0614
XENE-20261002T17072186222,XENE,2026-10-02,2026-10-02T13:56:16.894901-04:00,37.4401,-0.0537
S-20261002T17394894462,S,2026-10-02,2026-10-02T13:56:16.894901-04:00,25.2628,0.2788
GME-20261002T17551619550,GME,2026-10-02,2026-10-02T13:56:16.894901-04:00,24.405,0.0614
XENE-20261002T17072186222,XENE,2026-10-02,2026-10-02T13:56:27.040755-04:00,37.4167,0.0088
S-20261002T17394894462,S,2026-10-02,2026-10-02T13:56:27.040755-04:00,25.2699,0.2507
GME-20261002T17551619550,GME,2026-10-02,2026-10-02T13:56:27.040755-04:00,24.405,0.0614
XENE-20261002T17072186222,XENE,2026-10-02,2026-10-02T13:56:37.205898-04:00,37.4568,-0.0983
S-20261002T17394894462,S,2026-10-02,2026-10-02T13:56:37.205898-04:00,25.2931,0.1592
GME-20261002T17551619550,GME,2026-10-02,2026-10-02T13:56:37.205898-04:00,24.405,0.0614
XENE-20261002T17072186222,XENE,2026-10-02,2026-10-02T13:56:47.356055-04:00,37.45,-0.0802
S-20261002T17394894462,S,2026-10-02,2026-10-02T13:56:47.356055-04:00,25.265,0.2701
GME-20261002T17551619550,GME,2026-10-02,2026-10-02T13:56:47.356055-04:00,24.4011,0.0774
XENE-20261002T17072186222,XENE,2026-10-02,2026-10-02T13:56:57.490003-04:00,37.465,-0.1203
S-20261002T17394894462,S,2026-10-02,2026-10-02T13:56:57.490003-04:00,25.265,0.2701
GME-20261002T17551619550,GME,2026-10-02,2026-10-02T13:56:57.490003-04:00,24.405,0.0614
XENE-20261002T17072186222,XENE,2026-10-02,2026-10-02T13:57:07.674809-04:00,37.44,-0.0534
S-20261002T17394894462,S,2026-10-02,2026-10-02T13:57:07.674809-04:00,25.255,0.3096
GME-20261002T17551619550,GME,2026-10-02,2026-10-02T13:57:07.674809-04:00,24.405,0.0614
XENE-20261002T17072186222,XENE,2026-10-02,2026-10-02T13:57:17.912552-04:00,37.4328,-0.0342
S-20261002T17394894462,S,2026-10-02,2026-10-02T13:57:17.912552-04:00,25.2699,0.2507
GME-20261002T17551619550,GME,2026-10-02,2026-10-02T13:57:17.912552-04:00,24.4046,0.0631
XENE-20261002T17072186222,XENE,2026-10-02,2026-10-02T13:57:28.137233-04:00,37.46,-0.1069
S-20261002T17394894462,S,2026-10-02,2026-10-02T13:57:28.137233-04:00,25.26,0.2898
GME-20261002T17551619550,GME,2026-10-02,2026-10-02T13:57:28.137233-04:00,24.405,0.0614
XENE-20261002T17072186222,XENE,2026-10-02,2026-10-02T13:57:38.307106-04:00,37.4856,-0.1753
S-20261002T17394894462,S,2026-10-02,2026-10-02T13:57:38.307106-04:00,25.255,0.3096
GME-20261002T17551619550,GME,2026-10-02,2026-10-02T13:57:38.307106-04:00,24.415,0.0205
XENE-20261002T17072186222,XENE,2026-10-02,2026-10-02T13:57:48.475840-04:00,37.4379,-0.0478
S-20261002T17394894462,S,2026-10-02,2026-10-02T13:57:48.475840-04:00,25.255,0.3096
GME-20261002T17551619550,GME,2026-10-02,2026-10-02T13:57:48.475840-04:00,24.4609,-0.1675
XENE-20261002T17072186222,XENE,2026-10-02,2026-10-02T13:57:58.653004-04:00,37.4379,-0.0478
S-20261002T17394894462,S,2026-10-02,2026-10-02T13:57:58.653004-04:00,25.255,0.3096
GME-20261002T17551619550,GME,2026-10-02,2026-10-02T13:57:58.653004-04:00,24.415,0.0205
XENE-20261002T17072186222,XENE,2026-10-02,2026-10-02T13:58:08.868271-04:00,37.5,-0.2138
S-20261002T17394894462,S,2026-10-02,2026-10-02T13:58:08.868271-04:00,25.255,0.3096
GME-20261002T17551619550,GME,2026-10-02,2026-10-02T13:58:08.868271-04:00,24.425,-0.0205
S-20261002T17394894462,S,2026-10-02,2026-10-02T13:58:19.310143-04:00,25.25,0.3293
GME-20261002T17551619550,GME,2026-10-02,2026-10-02T13:58:19.310143-04:00,24.43,-0.041
S-20261002T17394894462,S,2026-10-02,2026-10-02T13:58:29.906101-04:00,25.255,0.3096
GME-20261002T17551619550,GME,2026-10-02,2026-10-02T13:58:29.906101-04:00,24.4595,-0.1618
S-20261002T17394894462,S,2026-10-02,2026-10-02T13:58:40.254218-04:00,25.265,0.2701
GME-20261002T17551619550,GME,2026-10-02,2026-10-02T13:58:40.254218-04:00,24.435,-0.0614
S-20261002T17394894462,S,2026-10-02,2026-10-02T13:58:50.485530-04:00,25.265,0.2701
GME-20261002T17551619550,GME,2026-10-02,2026-10-02T13:58:50.485530-04:00,24.4414,-0.0876
S-20261002T17394894462,S,2026-10-02,2026-10-02T13:59:00.785937-04:00,25.28,0.2109
GME-20261002T17551619550,GME,2026-10-02,2026-10-02T13:59:00.785937-04:00,24.435,-0.0614
S-20261002T17394894462,S,2026-10-02,2026-10-02T13:59:10.962399-04:00,25.2701,0.25
GME-20261002T17551619550,GME,2026-10-02,2026-10-02T13:59:10.962399-04:00,24.435,-0.0614
S-20261002T17394894462,S,2026-10-02,2026-10-02T13:59:21.136891-04:00,25.29,0.1714
GME-20261002T17551619550,GME,2026-10-02,2026-10-02T13:59:21.136891-04:00,24.435,-0.0614
S-20261002T17394894462,S,2026-10-02,2026-10-02T13:59:31.279255-04:00,25.2941,0.1552
GME-20261002T17551619550,GME,2026-10-02,2026-10-02T13:59:31.279255-04:00,24.435,-0.0614
S-20261002T17394894462,S,2026-10-02,2026-10-02T13:59:41.441497-04:00,25.295,0.1517
GME-20261002T17551619550,GME,2026-10-02,2026-10-02T13:59:41.441497-04:00,24.425,-0.0205
S-20261002T17394894462,S,2026-10-02,2026-10-02T13:59:51.589993-04:00,25.31,0.0925
GME-20261002T17551619550,GME,2026-10-02,2026-10-02T13:59:51.589993-04:00,24.4201,-0.0004
S-20261002T17394894462,S,2026-10-02,2026-10-02T14:00:01.705531-04:00,25.315,0.0727
GME-20261002T17551619550,GME,2026-10-02,2026-10-02T14:00:01.705531-04:00,24.4201,-0.0004
S-20261002T17394894462,S,2026-10-02,2026-10-02T14:00:12.036619-04:00,25.305,0.1122
GME-20261002T17551619550,GME,2026-10-02,2026-10-02T14:00:12.036619-04:00,24.435,-0.0614
S-20261002T17394894462,S,2026-10-02,2026-10-02T14:00:22.235103-04:00,25.305,0.1122
GME-20261002T17551619550,GME,2026-10-02,2026-10-02T14:00:22.235103-04:00,24.435,-0.0614
S-20261002T17394894462,S,2026-10-02,2026-10-02T14:00:32.617023-04:00,25.305,0.1122
GME-20261002T17551619550,GME,2026-10-02,2026-10-02T14:00:32.617023-04:00,24.435,-0.0614
S-20261002T17394894462,S,2026-10-02,2026-10-02T14:00:42.904672-04:00,25.2918,0.1643
GME-20261002T17551619550,GME,2026-10-02,2026-10-02T14:00:42.904672-04:00,24.435,-0.0614
S-20261002T17394894462,S,2026-10-02,2026-10-02T14:00:53.214562-04:00,25.295,0.1517
GME-20261002T17551619550,GME,2026-10-02,2026-10-02T14:00:53.214562-04:00,24.43,-0.041
S-20261002T17394894462,S,2026-10-02,2026-10-02T14:01:03.398164-04:00,25.285,0.1911
GME-20261002T17551619550,GME,2026-10-02,2026-10-02T14:01:03.398164-04:00,24.4323,-0.0504
S-20261002T17394894462,S,2026-10-02,2026-10-02T14:01:13.638757-04:00,25.285,0.1911
GME-20261002T17551619550,GME,2026-10-02,2026-10-02T14:01:13.638757-04:00,24.435,-0.0614
S-20261002T17394894462,S,2026-10-02,2026-10-02T14:01:23.848813-04:00,25.285,0.1911
GME-20261002T17551619550,GME,2026-10-02,2026-10-02T14:01:23.848813-04:00,24.43,-0.041
S-20261002T17394894462,S,2026-10-02,2026-10-02T14:01:34.109056-04:00,25.295,0.1517
GME-20261002T17551619550,GME,2026-10-02,2026-10-02T14:01:34.109056-04:00,24.4301,-0.0414
S-20261002T17394894462,S,2026-10-02,2026-10-02T14:01:44.258127-04:00,25.295,0.1517
GME-20261002T17551619550,GME,2026-10-02,2026-10-02T14:01:44.258127-04:00,24.43,-0.041
S-20261002T17394894462,S,2026-10-02,2026-10-02T14:01:54.545941-04:00,25.295,0.1517
GME-20261002T17551619550,GME,2026-10-02,2026-10-02T14:01:54.545941-04:00,24.4123,0.0315
S-20261002T17394894462,S,2026-10-02,2026-10-02T14:02:04.723443-04:00,25.325,0.0332
GME-20261002T17551619550,GME,2026-10-02,2026-10-02T14:02:04.723443-04:00,24.415,0.0205
ON-20261002T18014453924,ON,2026-10-02,2026-10-02T14:02:04.723443-04:00,83.405,-0.013
GME-20261002T17551619550,GME,2026-10-02,2026-10-02T14:02:15.119679-04:00,24.425,-0.0205
ON-20261002T18014453924,ON,2026-10-02,2026-10-02T14:02:15.119679-04:00,83.3801,0.0168
GME-20261002T17551619550,GME,2026-10-02,2026-10-02T14:02:25.330701-04:00,24.425,-0.0205
ON-20261002T18014453924,ON,2026-10-02,2026-10-02T14:02:25.330701-04:00,83.4395,-0.0544
GME-20261002T17551619550,GME,2026-10-02,2026-10-02T14:02:35.544706-04:00,24.4226,-0.0106
ON-20261002T18014453924,ON,2026-10-02,2026-10-02T14:02:35.544706-04:00,83.7012,-0.3682
GME-20261002T17551619550,GME,2026-10-02,2026-10-02T14:02:45.797967-04:00,24.4327,-0.052
ON-20261002T18014453924,ON,2026-10-02,2026-10-02T14:02:45.797967-04:00,83.36,0.0409
GME-20261002T17551619550,GME,2026-10-02,2026-10-02T14:02:55.939663-04:00,24.4244,-0.018
ON-20261002T18014453924,ON,2026-10-02,2026-10-02T14:02:55.939663-04:00,83.584,-0.2277
GME-20261002T17551619550,GME,2026-10-02,2026-10-02T14:03:06.117469-04:00,24.4372,-0.0704
ON-20261002T18014453924,ON,2026-10-02,2026-10-02T14:03:06.117469-04:00,83.35,0.0529
GME-20261002T17551619550,GME,2026-10-02,2026-10-02T14:03:16.406210-04:00,24.455,-0.1433
ON-20261002T18014453924,ON,2026-10-02,2026-10-02T14:03:16.406210-04:00,83.395,-0.001
GME-20261002T17551619550,GME,2026-10-02,2026-10-02T14:03:26.639736-04:00,24.4297,-0.0397
ON-20261002T18014453924,ON,2026-10-02,2026-10-02T14:03:26.639736-04:00,83.395,-0.001
GME-20261002T17551619550,GME,2026-10-02,2026-10-02T14:03:37.198874-04:00,24.445,-0.1024
ON-20261002T18014453924,ON,2026-10-02,2026-10-02T14:03:37.198874-04:00,83.36,0.0409
GME-20261002T17551619550,GME,2026-10-02,2026-10-02T14:03:47.497691-04:00,24.4197,0.0012
ON-20261002T18014453924,ON,2026-10-02,2026-10-02T14:03:47.497691-04:00,83.33,0.0769
MRVL-20261002T18032717522,MRVL,2026-10-02,2026-10-02T14:03:47.497691-04:00,271.92,-0.0515
GME-20261002T17551619550,GME,2026-10-02,2026-10-02T14:03:57.708691-04:00,24.428,-0.0328
ON-20261002T18014453924,ON,2026-10-02,2026-10-02T14:03:57.708691-04:00,83.3485,0.0547
MRVL-20261002T18032717522,MRVL,2026-10-02,2026-10-02T14:03:57.708691-04:00,272.11,-0.1214
GME-20261002T17551619550,GME,2026-10-02,2026-10-02T14:04:07.860042-04:00,24.4389,-0.0774
ON-20261002T18014453924,ON,2026-10-02,2026-10-02T14:04:07.860042-04:00,83.35,0.0529
MRVL-20261002T18032717522,MRVL,2026-10-02,2026-10-02T14:04:07.860042-04:00,272.22,-0.1619
GME-20261002T17551619550,GME,2026-10-02,2026-10-02T14:04:18.026780-04:00,24.43,-0.041
ON-20261002T18014453924,ON,2026-10-02,2026-10-02T14:04:18.026780-04:00,83.33,0.0769
MRVL-20261002T18032717522,MRVL,2026-10-02,2026-10-02T14:04:18.026780-04:00,272.015,-0.0865
GME-20261002T17551619550,GME,2026-10-02,2026-10-02T14:04:28.182291-04:00,24.43,-0.041
ON-20261002T18014453924,ON,2026-10-02,2026-10-02T14:04:28.182291-04:00,83.3463,0.0574
MRVL-20261002T18032717522,MRVL,2026-10-02,2026-10-02T14:04:28.182291-04:00,271.9772,-0.0726
GME-20261002T17551619550,GME,2026-10-02,2026-10-02T14:04:38.354665-04:00,24.438,-0.0737
ON-20261002T18014453924,ON,2026-10-02,2026-10-02T14:04:38.354665-04:00,83.335,0.0709
MRVL-20261002T18032717522,MRVL,2026-10-02,2026-10-02T14:04:38.354665-04:00,272.11,-0.1214
GME-20261002T17551619550,GME,2026-10-02,2026-10-02T14:04:48.561327-04:00,24.4279,-0.0324
ON-20261002T18014453924,ON,2026-10-02,2026-10-02T14:04:48.561327-04:00,83.2942,0.1198
MRVL-20261002T18032717522,MRVL,2026-10-02,2026-10-02T14:04:48.561327-04:00,272.16,-0.1398
GME-20261002T17551619550,GME,2026-10-02,2026-10-02T14:04:58.714776-04:00,24.4405,-0.0839
ON-20261002T18014453924,ON,2026-10-02,2026-10-02T14:04:58.714776-04:00,83.3182,0.0911
MRVL-20261002T18032717522,MRVL,2026-10-02,2026-10-02T14:04:58.714776-04:00,272.195,-0.1527
GME-20261002T17551619550,GME,2026-10-02,2026-10-02T14:05:08.908749-04:00,24.445,-0.1024
ON-20261002T18014453924,ON,2026-10-02,2026-10-02T14:05:08.908749-04:00,83.32,0.0889
MRVL-20261002T18032717522,MRVL,2026-10-02,2026-10-02T14:05:08.908749-04:00,272.26,-0.1766
GME-20261002T17551619550,GME,2026-10-02,2026-10-02T14:05:19.112596-04:00,24.4595,-0.1618
ON-20261002T18014453924,ON,2026-10-02,2026-10-02T14:05:19.112596-04:00,83.3264,0.0812
MRVL-20261002T18032717522,MRVL,2026-10-02,2026-10-02T14:05:19.112596-04:00,272.3238,-0.2001
GME-20261002T17551619550,GME,2026-10-02,2026-10-02T14:05:29.346997-04:00,24.4542,-0.14
ON-20261002T18014453924,ON,2026-10-02,2026-10-02T14:05:29.346997-04:00,83.3739,0.0243
MRVL-20261002T18032717522,MRVL,2026-10-02,2026-10-02T14:05:29.346997-04:00,272.425,-0.2373
GME-20261002T17551619550,GME,2026-10-02,2026-10-02T14:05:39.539019-04:00,24.46,-0.1638
ON-20261002T18014453924,ON,2026-10-02,2026-10-02T14:05:39.539019-04:00,83.32,0.0889
MRVL-20261002T18032717522,MRVL,2026-10-02,2026-10-02T14:05:39.539019-04:00,272.2981,-0.1906
GME-20261002T17551619550,GME,2026-10-02,2026-10-02T14:05:49.732915-04:00,24.4307,-0.0438
ON-20261002T18014453924,ON,2026-10-02,2026-10-02T14:05:49.732915-04:00,83.32,0.0889
MRVL-20261002T18032717522,MRVL,2026-10-02,2026-10-02T14:05:49.732915-04:00,272.29,-0.1877
GME-20261002T17551619550,GME,2026-10-02,2026-10-02T14:05:59.929726-04:00,24.455,-0.1433
ON-20261002T18014453924,ON,2026-10-02,2026-10-02T14:05:59.929726-04:00,83.325,0.0829
MRVL-20261002T18032717522,MRVL,2026-10-02,2026-10-02T14:05:59.929726-04:00,272.27,-0.1803
GME-20261002T17551619550,GME,2026-10-02,2026-10-02T14:06:10.149162-04:00,24.4627,-0.1749
ON-20261002T18014453924,ON,2026-10-02,2026-10-02T14:06:10.149162-04:00,83.32,0.0889
MRVL-20261002T18032717522,MRVL,2026-10-02,2026-10-02T14:06:10.149162-04:00,272.3185,-0.1981
GME-20261002T17551619550,GME,2026-10-02,2026-10-02T14:06:20.357913-04:00,24.465,-0.1843
ON-20261002T18014453924,ON,2026-10-02,2026-10-02T14:06:20.357913-04:00,83.3,0.1129
MRVL-20261002T18032717522,MRVL,2026-10-02,2026-10-02T14:06:20.357913-04:00,272.28,-0.184
GME-20261002T17551619550,GME,2026-10-02,2026-10-02T14:06:30.577615-04:00,24.465,-0.1843
ON-20261002T18014453924,ON,2026-10-02,2026-10-02T14:06:30.577615-04:00,83.28,0.1369
MRVL-20261002T18032717522,MRVL,2026-10-02,2026-10-02T14:06:30.577615-04:00,272.35,-0.2097
GME-20261002T17551619550,GME,2026-10-02,2026-10-02T14:06:40.839874-04:00,24.455,-0.1433
ON-20261002T18014453924,ON,2026-10-02,2026-10-02T14:06:40.839874-04:00,83.22,0.2088
MRVL-20261002T18032717522,MRVL,2026-10-02,2026-10-02T14:06:40.839874-04:00,272.41,-0.2318
GME-20261002T17551619550,GME,2026-10-02,2026-10-02T14:06:51.086593-04:00,24.455,-0.1433
ON-20261002T18014453924,ON,2026-10-02,2026-10-02T14:06:51.086593-04:00,83.3026,0.1098
MRVL-20261002T18032717522,MRVL,2026-10-02,2026-10-02T14:06:51.086593-04:00,272.3717,-0.2177
GME-20261002T17551619550,GME,2026-10-02,2026-10-02T14:07:01.400156-04:00,24.455,-0.1433
ON-20261002T18014453924,ON,2026-10-02,2026-10-02T14:07:01.400156-04:00,83.145,0.2988
MRVL-20261002T18032717522,MRVL,2026-10-02,2026-10-02T14:07:01.400156-04:00,272.64,-0.3164
GME-20261002T17551619550,GME,2026-10-02,2026-10-02T14:07:11.692785-04:00,24.4614,-0.1695
ON-20261002T18014453924,ON,2026-10-02,2026-10-02T14:07:11.692785-04:00,83.2032,0.229
MRVL-20261002T18032717522,MRVL,2026-10-02,2026-10-02T14:07:11.692785-04:00,272.4401,-0.2429
GME-20261002T17551619550,GME,2026-10-02,2026-10-02T14:07:21.932952-04:00,24.4673,-0.1937
ON-20261002T18014453924,ON,2026-10-02,2026-10-02T14:07:21.932952-04:00,83.19,0.2448
MRVL-20261002T18032717522,MRVL,2026-10-02,2026-10-02T14:07:21.932952-04:00,272.4225,-0.2364
GME-20261002T17551619550,GME,2026-10-02,2026-10-02T14:07:32.242247-04:00,24.465,-0.1843
ON-20261002T18014453924,ON,2026-10-02,2026-10-02T14:07:32.242247-04:00,83.15,0.2928
MRVL-20261002T18032717522,MRVL,2026-10-02,2026-10-02T14:07:32.242247-04:00,272.39,-0.2244
GME-20261002T17551619550,GME,2026-10-02,2026-10-02T14:07:42.518849-04:00,24.465,-0.1843
ON-20261002T18014453924,ON,2026-10-02,2026-10-02T14:07:42.518849-04:00,83.11,0.3407
MRVL-20261002T18032717522,MRVL,2026-10-02,2026-10-02T14:07:42.518849-04:00,272.162,-0.1406
GME-20261002T17551619550,GME,2026-10-02,2026-10-02T14:07:52.745977-04:00,24.4361,-0.0659
ON-20261002T18014453924,ON,2026-10-02,2026-10-02T14:07:52.745977-04:00,83.125,0.3227
MRVL-20261002T18032717522,MRVL,2026-10-02,2026-10-02T14:07:52.745977-04:00,272.45,-0.2465
GME-20261002T17551619550,GME,2026-10-02,2026-10-02T14:08:02.976126-04:00,24.4473,-0.1118
ON-20261002T18014453924,ON,2026-10-02,2026-10-02T14:08:02.976126-04:00,83.13,0.3167
MRVL-20261002T18032717522,MRVL,2026-10-02,2026-10-02T14:08:02.976126-04:00,272.3907,-0.2247
GME-20261002T17551619550,GME,2026-10-02,2026-10-02T14:08:13.231258-04:00,24.4426,-0.0925
ON-20261002T18014453924,ON,2026-10-02,2026-10-02T14:08:13.231258-04:00,83.1,0.3527
MRVL-20261002T18032717522,MRVL,2026-10-02,2026-10-02T14:08:13.231258-04:00,272.375,-0.2189
GME-20261002T17551619550,GME,2026-10-02,2026-10-02T14:08:23.443398-04:00,24.4432,-0.095
ON-20261002T18014453924,ON,2026-10-02,2026-10-02T14:08:23.443398-04:00,83.09,0.3647
MRVL-20261002T18032717522,MRVL,2026-10-02,2026-10-02T14:08:23.443398-04:00,272.305,-0.1932
GME-20261002T17551619550,GME,2026-10-02,2026-10-02T14:08:33.659700-04:00,24.4419,-0.0897
ON-20261002T18014453924,ON,2026-10-02,2026-10-02T14:08:33.659700-04:00,83.12,0.3287
MRVL-20261002T18032717522,MRVL,2026-10-02,2026-10-02T14:08:33.659700-04:00,272.195,-0.1527
GME-20261002T17551619550,GME,2026-10-02,2026-10-02T14:08:44.202533-04:00,24.442,-0.0901
ON-20261002T18014453924,ON,2026-10-02,2026-10-02T14:08:44.202533-04:00,83.07,0.3887
MRVL-20261002T18032717522,MRVL,2026-10-02,2026-10-02T14:08:44.202533-04:00,272.17,-0.1435
GME-20261002T17551619550,GME,2026-10-02,2026-10-02T14:08:54.468968-04:00,24.435,-0.0614
ON-20261002T18014453924,ON,2026-10-02,2026-10-02T14:08:54.468968-04:00,83.055,0.4067
MRVL-20261002T18032717522,MRVL,2026-10-02,2026-10-02T14:08:54.468968-04:00,272.2979,-0.1906
GME-20261002T17551619550,GME,2026-10-02,2026-10-02T14:09:04.638210-04:00,24.435,-0.0614
ON-20261002T18014453924,ON,2026-10-02,2026-10-02T14:09:04.638210-04:00,83.08,0.3767
MRVL-20261002T18032717522,MRVL,2026-10-02,2026-10-02T14:09:04.638210-04:00,272.13,-0.1288
GME-20261002T17551619550,GME,2026-10-02,2026-10-02T14:09:14.918993-04:00,24.4366,-0.068
ON-20261002T18014453924,ON,2026-10-02,2026-10-02T14:09:14.918993-04:00,83.12,0.3287
MRVL-20261002T18032717522,MRVL,2026-10-02,2026-10-02T14:09:14.918993-04:00,272.22,-0.1619
GME-20261002T17551619550,GME,2026-10-02,2026-10-02T14:09:25.161712-04:00,24.435,-0.0614
ON-20261002T18014453924,ON,2026-10-02,2026-10-02T14:09:25.161712-04:00,83.08,0.3767
MRVL-20261002T18032717522,MRVL,2026-10-02,2026-10-02T14:09:25.161712-04:00,272.1864,-0.1495
GME-20261002T17551619550,GME,2026-10-02,2026-10-02T14:09:35.461893-04:00,24.4362,-0.0663
ON-20261002T18014453924,ON,2026-10-02,2026-10-02T14:09:35.461893-04:00,83.085,0.3707
MRVL-20261002T18032717522,MRVL,2026-10-02,2026-10-02T14:09:35.461893-04:00,272.1586,-0.1393
GME-20261002T17551619550,GME,2026-10-02,2026-10-02T14:09:45.745032-04:00,24.44,-0.0819
ON-20261002T18014453924,ON,2026-10-02,2026-10-02T14:09:45.745032-04:00,83.1564,0.2851
MRVL-20261002T18032717522,MRVL,2026-10-02,2026-10-02T14:09:45.745032-04:00,272.14,-0.1325
GME-20261002T17551619550,GME,2026-10-02,2026-10-02T14:09:56.015354-04:00,24.4395,-0.0799
ON-20261002T18014453924,ON,2026-10-02,2026-10-02T14:09:56.015354-04:00,83.115,0.3347
MRVL-20261002T18032717522,MRVL,2026-10-02,2026-10-02T14:09:56.015354-04:00,272.15,-0.1361
GME-20261002T17551619550,GME,2026-10-02,2026-10-02T14:10:06.303270-04:00,24.4495,-0.1208
ON-20261002T18014453924,ON,2026-10-02,2026-10-02T14:10:06.303270-04:00,83.1089,0.342
MRVL-20261002T18032717522,MRVL,2026-10-02,2026-10-02T14:10:06.303270-04:00,272.16,-0.1398
GME-20261002T17551619550,GME,2026-10-02,2026-10-02T14:10:16.641002-04:00,24.445,-0.1024
ON-20261002T18014453924,ON,2026-10-02,2026-10-02T14:10:16.641002-04:00,83.07,0.3887
MRVL-20261002T18032717522,MRVL,2026-10-02,2026-10-02T14:10:16.641002-04:00,272.115,-0.1233
GME-20261002T17551619550,GME,2026-10-02,2026-10-02T14:10:26.970865-04:00,24.445,-0.1024
ON-20261002T18014453924,ON,2026-10-02,2026-10-02T14:10:26.970865-04:00,83.0733,0.3847
MRVL-20261002T18032717522,MRVL,2026-10-02,2026-10-02T14:10:26.970865-04:00,272.1009,-0.1181
GME-20261002T17551619550,GME,2026-10-02,2026-10-02T14:10:37.206912-04:00,24.445,-0.1024
ON-20261002T18014453924,ON,2026-10-02,2026-10-02T14:10:37.206912-04:00,83.12,0.3287
MRVL-20261002T18032717522,MRVL,2026-10-02,2026-10-02T14:10:37.206912-04:00,272.155,-0.138
GME-20261002T17551619550,GME,2026-10-02,2026-10-02T14:10:47.464857-04:00,24.4573,-0.1527
ON-20261002T18014453924,ON,2026-10-02,2026-10-02T14:10:47.464857-04:00,83.115,0.3347
MRVL-20261002T18032717522,MRVL,2026-10-02,2026-10-02T14:10:47.464857-04:00,272.135,-0.1306
GME-20261002T17551619550,GME,2026-10-02,2026-10-02T14:10:57.674142-04:00,24.455,-0.1433
ON-20261002T18014453924,ON,2026-10-02,2026-10-02T14:10:57.674142-04:00,83.12,0.3287
MRVL-20261002T18032717522,MRVL,2026-10-02,2026-10-02T14:10:57.674142-04:00,272.113,-0.1225
GME-20261002T17551619550,GME,2026-10-02,2026-10-02T14:11:07.942034-04:00,24.455,-0.1433
ON-20261002T18014453924,ON,2026-10-02,2026-10-02T14:11:07.942034-04:00,83.135,0.3107
MRVL-20261002T18032717522,MRVL,2026-10-02,2026-10-02T14:11:07.942034-04:00,272.29,-0.1877
GME-20261002T17551619550,GME,2026-10-02,2026-10-02T14:11:18.222188-04:00,24.455,-0.1433
ON-20261002T18014453924,ON,2026-10-02,2026-10-02T14:11:18.222188-04:00,83.135,0.3107
MRVL-20261002T18032717522,MRVL,2026-10-02,2026-10-02T14:11:18.222188-04:00,272.305,-0.1932
GME-20261002T17551619550,GME,2026-10-02,2026-10-02T14:11:28.492603-04:00,24.4501,-0.1233
ON-20261002T18014453924,ON,2026-10-02,2026-10-02T14:11:28.492603-04:00,83.28,0.1369
MRVL-20261002T18032717522,MRVL,2026-10-02,2026-10-02T14:11:28.492603-04:00,272.21,-0.1582
GME-20261002T17551619550,GME,2026-10-02,2026-10-02T14:11:38.744663-04:00,24.4506,-0.1253
ON-20261002T18014453924,ON,2026-10-02,2026-10-02T14:11:38.744663-04:00,83.32,0.0889
MRVL-20261002T18032717522,MRVL,2026-10-02,2026-10-02T14:11:38.744663-04:00,272.275,-0.1821
GME-20261002T17551619550,GME,2026-10-02,2026-10-02T14:11:48.988668-04:00,24.455,-0.1433
ON-20261002T18014453924,ON,2026-10-02,2026-10-02T14:11:48.988668-04:00,83.1709,0.2677
MRVL-20261002T18032717522,MRVL,2026-10-02,2026-10-02T14:11:48.988668-04:00,272.26,-0.1766
GME-20261002T17551619550,GME,2026-10-02,2026-10-02T14:11:59.243674-04:00,24.453,-0.1351
ON-20261002T18014453924,ON,2026-10-02,2026-10-02T14:11:59.243674-04:00,83.27,0.1489
MRVL-20261002T18032717522,MRVL,2026-10-02,2026-10-02T14:11:59.243674-04:00,272.26,-0.1766
GME-20261002T17551619550,GME,2026-10-02,2026-10-02T14:12:09.418901-04:00,24.48,-0.2457
ON-20261002T18014453924,ON,2026-10-02,2026-10-02T14:12:09.418901-04:00,83.285,0.1309
MRVL-20261002T18032717522,MRVL,2026-10-02,2026-10-02T14:12:09.418901-04:00,272.29,-0.1877
GME-20261002T17551619550,GME,2026-10-02,2026-10-02T14:12:19.707041-04:00,24.475,-0.2252
ON-20261002T18014453924,ON,2026-10-02,2026-10-02T14:12:19.707041-04:00,83.265,0.1549
MRVL-20261002T18032717522,MRVL,2026-10-02,2026-10-02T14:12:19.707041-04:00,272.3518,-0.2104
GME-20261002T17551619550,GME,2026-10-02,2026-10-02T14:12:30.098534-04:00,24.475,-0.2252
ON-20261002T18014453924,ON,2026-10-02,2026-10-02T14:12:30.098534-04:00,83.36,0.0409
MRVL-20261002T18032717522,MRVL,2026-10-02,2026-10-02T14:12:30.098534-04:00,272.26,-0.1766
GME-20261002T17551619550,GME,2026-10-02,2026-10-02T14:12:40.410178-04:00,24.48,-0.2457
ON-20261002T18014453924,ON,2026-10-02,2026-10-02T14:12:40.410178-04:00,83.2454,0.1784
MRVL-20261002T18032717522,MRVL,2026-10-02,2026-10-02T14:12:40.410178-04:00,272.25,-0.1729
GME-20261002T17551619550,GME,2026-10-02,2026-10-02T14:12:50.744294-04:00,24.48,-0.2457
ON-20261002T18014453924,ON,2026-10-02,2026-10-02T14:12:50.744294-04:00,83.365,0.0349
MRVL-20261002T18032717522,MRVL,2026-10-02,2026-10-02T14:12:50.744294-04:00,272.1867,-0.1496
GME-20261002T17551619550,GME,2026-10-02,2026-10-02T14:13:00.975221-04:00,24.48,-0.2457
ON-20261002T18014453924,ON,2026-10-02,2026-10-02T14:13:00.975221-04:00,83.39,0.005
MRVL-20261002T18032717522,MRVL,2026-10-02,2026-10-02T14:13:00.975221-04:00,272.2403,-0.1694
MRVL-20261002T18032717522,MRVL,2026-10-02,2026-10-02T14:13:11.622124-04:00,272.42,-0.2355
MRVL-20261002T18032717522,MRVL,2026-10-02,2026-10-02T14:13:21.921061-04:00,272.34,-0.206
MRVL-20261002T18032717522,MRVL,2026-10-02,2026-10-02T14:13:32.212164-04:00,272.325,-0.2005
MRVL-20261002T18032717522,MRVL,2026-10-02,2026-10-02T14:13:42.479534-04:00,272.41,-0.2318
MRVL-20261002T18032717522,MRVL,2026-10-02,2026-10-02T14:13:53.003845-04:00,272.354,-0.2112
MRVL-20261002T18032717522,MRVL,2026-10-02,2026-10-02T14:14:03.269036-04:00,272.44,-0.2428
MRVL-20261002T18032717522,MRVL,2026-10-02,2026-10-02T14:14:13.588843-04:00,272.5339,-0.2774
MRVL-20261002T18032717522,MRVL,2026-10-02,2026-10-02T14:14:23.884154-04:00,272.5591,-0.2867
MRVL-20261002T18032717522,MRVL,2026-10-02,2026-10-02T14:14:34.145898-04:00,272.535,-0.2778
MRVL-20261002T18032717522,MRVL,2026-10-02,2026-10-02T14:14:44.391092-04:00,272.53,-0.276
MRVL-20261002T18032717522,MRVL,2026-10-02,2026-10-02T14:14:54.656672-04:00,272.53,-0.276
MRVL-20261002T18032717522,MRVL,2026-10-02,2026-10-02T14:15:04.962378-04:00,272.5373,-0.2786
MRVL-20261002T18032717522,MRVL,2026-10-02,2026-10-02T14:15:15.438444-04:00,272.4524,-0.2474
MRVL-20261002T18032717522,MRVL,2026-10-02,2026-10-02T14:15:25.936635-04:00,272.475,-0.2557
MRVL-20261002T18032717522,MRVL,2026-10-02,2026-10-02T14:15:36.439917-04:00,272.53,-0.276
MRVL-20261002T18032717522,MRVL,2026-10-02,2026-10-02T14:15:46.873152-04:00,272.57,-0.2907
MRVL-20261002T18032717522,MRVL,2026-10-02,2026-10-02T14:15:57.317191-04:00,272.4957,-0.2633
MRVL-20261002T18032717522,MRVL,2026-10-02,2026-10-02T14:16:07.736654-04:00,272.42,-0.2355
MRVL-20261002T18032717522,MRVL,2026-10-02,2026-10-02T14:16:18.102547-04:00,272.3874,-0.2235
MRVL-20261002T18032717522,MRVL,2026-10-02,2026-10-02T14:16:28.517163-04:00,272.39,-0.2244
MRVL-20261002T18032717522,MRVL,2026-10-02,2026-10-02T14:16:38.936535-04:00,272.32,-0.1987
MRVL-20261002T18032717522,MRVL,2026-10-02,2026-10-02T14:16:49.296761-04:00,272.35,-0.2097
MRVL-20261002T18032717522,MRVL,2026-10-02,2026-10-02T14:16:59.651517-04:00,272.235,-0.1674
MRVL-20261002T18032717522,MRVL,2026-10-02,2026-10-02T14:17:10.017096-04:00,272.245,-0.1711
MRVL-20261002T18032717522,MRVL,2026-10-02,2026-10-02T14:17:20.328598-04:00,272.35,-0.2097
MRVL-20261002T18032717522,MRVL,2026-10-02,2026-10-02T14:17:30.606428-04:00,272.35,-0.2097
MRVL-20261002T18032717522,MRVL,2026-10-02,2026-10-02T14:17:40.950439-04:00,272.305,-0.1932
MRVL-20261002T18032717522,MRVL,2026-10-02,2026-10-02T14:17:51.217137-04:00,272.29,-0.1877
MRVL-20261002T18032717522,MRVL,2026-10-02,2026-10-02T14:18:01.499333-04:00,272.205,-0.1564
MRVL-20261002T18032717522,MRVL,2026-10-02,2026-10-02T14:18:11.892774-04:00,272.13,-0.1288
MRVL-20261002T18032717522,MRVL,2026-10-02,2026-10-02T14:18:22.166169-04:00,272.21,-0.1582
MRVL-20261002T18032717522,MRVL,2026-10-02,2026-10-02T14:18:32.477707-04:00,272.225,-0.1637
MRVL-20261002T18032717522,MRVL,2026-10-02,2026-10-02T14:18:42.750900-04:00,272.22,-0.1619
MRVL-20261002T18032717522,MRVL,2026-10-02,2026-10-02T14:18:53.236192-04:00,272.2291,-0.1652
MRVL-20261002T18032717522,MRVL,2026-10-02,2026-10-02T14:19:03.489524-04:00,272.2195,-0.1617
MRVL-20261002T18032717522,MRVL,2026-10-02,2026-10-02T14:19:13.824073-04:00,272.1667,-0.1423
MRVL-20261002T18032717522,MRVL,2026-10-02,2026-10-02T14:19:24.081269-04:00,272.3021,-0.1921
MRVL-20261002T18032717522,MRVL,2026-10-02,2026-10-02T14:19:34.390136-04:00,272.14,-0.1325
MRVL-20261002T18032717522,MRVL,2026-10-02,2026-10-02T14:19:44.667554-04:00,272.07,-0.1067
MRVL-20261002T18032717522,MRVL,2026-10-02,2026-10-02T14:19:54.923848-04:00,272.1,-0.1177
MRVL-20261002T18032717522,MRVL,2026-10-02,2026-10-02T14:20:05.286272-04:00,272.215,-0.1601
MRVL-20261002T18032717522,MRVL,2026-10-02,2026-10-02T14:20:15.605680-04:00,272.215,-0.1601
MRVL-20261002T18032717522,MRVL,2026-10-02,2026-10-02T14:20:25.992675-04:00,272.21,-0.1582
MRVL-20261002T18032717522,MRVL,2026-10-02,2026-10-02T14:20:36.379573-04:00,272.225,-0.1637
MRVL-20261002T18032717522,MRVL,2026-10-02,2026-10-02T14:20:46.829810-04:00,272.215,-0.1601
MRVL-20261002T18032717522,MRVL,2026-10-02,2026-10-02T14:20:57.227690-04:00,272.105,-0.1196
MRVL-20261002T18032717522,MRVL,2026-10-02,2026-10-02T14:21:07.615325-04:00,272.145,-0.1343
MRVL-20261002T18032717522,MRVL,2026-10-02,2026-10-02T14:21:18.048265-04:00,272.29,-0.1877
MRVL-20261002T18032717522,MRVL,2026-10-02,2026-10-02T14:21:28.464398-04:00,272.43,-0.2392
MRVL-20261002T18032717522,MRVL,2026-10-02,2026-10-02T14:21:38.816691-04:00,272.392,-0.2252
MRVL-20261002T18032717522,MRVL,2026-10-02,2026-10-02T14:21:49.236946-04:00,272.3566,-0.2122
MRVL-20261002T18032717522,MRVL,2026-10-02,2026-10-02T14:21:59.535288-04:00,272.14,-0.1325
MRVL-20261002T18032717522,MRVL,2026-10-02,2026-10-02T14:22:09.843202-04:00,272.2979,-0.1906
MRVL-20261002T18032717522,MRVL,2026-10-02,2026-10-02T14:22:20.143143-04:00,272.15,-0.1361
MRVL-20261002T18032717522,MRVL,2026-10-02,2026-10-02T14:22:30.447923-04:00,272.2161,-0.1605
MRVL-20261002T18032717522,MRVL,2026-10-02,2026-10-02T14:22:40.765696-04:00,272.076,-0.1089
MRVL-20261002T18032717522,MRVL,2026-10-02,2026-10-02T14:22:51.122801-04:00,272.065,-0.1049
MRVL-20261002T18032717522,MRVL,2026-10-02,2026-10-02T14:23:01.509489-04:00,272.01,-0.0846
MRVL-20261002T18032717522,MRVL,2026-10-02,2026-10-02T14:23:12.003003-04:00,272.07,-0.1067
MRVL-20261002T18032717522,MRVL,2026-10-02,2026-10-02T14:23:22.400889-04:00,272.0118,-0.0853
MRVL-20261002T18032717522,MRVL,2026-10-02,2026-10-02T14:23:32.822940-04:00,271.965,-0.0681
MRVL-20261002T18032717522,MRVL,2026-10-02,2026-10-02T14:23:43.168136-04:00,271.965,-0.0681
MRVL-20261002T18032717522,MRVL,2026-10-02,2026-10-02T14:23:53.597889-04:00,272.0,-0.0809
MRVL-20261002T18032717522,MRVL,2026-10-02,2026-10-02T14:24:03.992960-04:00,271.97,-0.0699
EPAM-20261002T18234358688,EPAM,2026-10-02,2026-10-02T14:24:03.992960-04:00,109.33,-0.1099
MRVL-20261002T18032717522,MRVL,2026-10-02,2026-10-02T14:24:14.384841-04:00,271.87,-0.0331
EPAM-20261002T18234358688,EPAM,2026-10-02,2026-10-02T14:24:14.384841-04:00,109.33,-0.1099
MRVL-20261002T18032717522,MRVL,2026-10-02,2026-10-02T14:24:24.746458-04:00,271.93,-0.0552
EPAM-20261002T18234358688,EPAM,2026-10-02,2026-10-02T14:24:24.746458-04:00,109.21,-0.0
MRVL-20261002T18032717522,MRVL,2026-10-02,2026-10-02T14:24:35.156868-04:00,271.98,-0.0736
EPAM-20261002T18234358688,EPAM,2026-10-02,2026-10-02T14:24:35.156868-04:00,109.287,-0.0705
MRVL-20261002T18032717522,MRVL,2026-10-02,2026-10-02T14:24:45.515804-04:00,272.1262,-0.1274
EPAM-20261002T18234358688,EPAM,2026-10-02,2026-10-02T14:24:45.515804-04:00,109.2,0.0092
MRVL-20261002T18032717522,MRVL,2026-10-02,2026-10-02T14:24:55.921913-04:00,272.05,-0.0993
EPAM-20261002T18234358688,EPAM,2026-10-02,2026-10-02T14:24:55.921913-04:00,109.2227,-0.0116
MRVL-20261002T18032717522,MRVL,2026-10-02,2026-10-02T14:25:06.175549-04:00,272.075,-0.1085
EPAM-20261002T18234358688,EPAM,2026-10-02,2026-10-02T14:25:06.175549-04:00,109.145,0.0595
MRVL-20261002T18032717522,MRVL,2026-10-02,2026-10-02T14:25:16.663449-04:00,272.28,-0.184
EPAM-20261002T18234358688,EPAM,2026-10-02,2026-10-02T14:25:16.663449-04:00,109.26,-0.0458
MRVL-20261002T18032717522,MRVL,2026-10-02,2026-10-02T14:25:27.010046-04:00,272.3895,-0.2243
EPAM-20261002T18234358688,EPAM,2026-10-02,2026-10-02T14:25:27.010046-04:00,109.225,-0.0137
MRVL-20261002T18032717522,MRVL,2026-10-02,2026-10-02T14:25:37.353116-04:00,272.179,-0.1468
EPAM-20261002T18234358688,EPAM,2026-10-02,2026-10-02T14:25:37.353116-04:00,109.1948,0.0139
MRVL-20261002T18032717522,MRVL,2026-10-02,2026-10-02T14:25:47.706783-04:00,272.4601,-0.2502
EPAM-20261002T18234358688,EPAM,2026-10-02,2026-10-02T14:25:47.706783-04:00,109.371,-0.1474
MRVL-20261002T18032717522,MRVL,2026-10-02,2026-10-02T14:25:58.167391-04:00,272.435,-0.241
EPAM-20261002T18234358688,EPAM,2026-10-02,2026-10-02T14:25:58.167391-04:00,109.371,-0.1474
MRVL-20261002T18032717522,MRVL,2026-10-02,2026-10-02T14:26:08.535200-04:00,272.4001,-0.2282
EPAM-20261002T18234358688,EPAM,2026-10-02,2026-10-02T14:26:08.535200-04:00,109.2214,-0.0104
MRVL-20261002T18032717522,MRVL,2026-10-02,2026-10-02T14:26:19.058895-04:00,272.51,-0.2686
EPAM-20261002T18234358688,EPAM,2026-10-02,2026-10-02T14:26:19.058895-04:00,109.2396,-0.0271
MRVL-20261002T18032717522,MRVL,2026-10-02,2026-10-02T14:26:29.620988-04:00,272.505,-0.2668
EPAM-20261002T18234358688,EPAM,2026-10-02,2026-10-02T14:26:29.620988-04:00,109.2452,-0.0322
MRVL-20261002T18032717522,MRVL,2026-10-02,2026-10-02T14:26:40.145720-04:00,272.51,-0.2686
EPAM-20261002T18234358688,EPAM,2026-10-02,2026-10-02T14:26:40.145720-04:00,109.3436,-0.1223
MRVL-20261002T18032717522,MRVL,2026-10-02,2026-10-02T14:26:50.594447-04:00,272.38,-0.2208
EPAM-20261002T18234358688,EPAM,2026-10-02,2026-10-02T14:26:50.594447-04:00,109.13,0.0733
MRVL-20261002T18032717522,MRVL,2026-10-02,2026-10-02T14:27:01.049970-04:00,272.49,-0.2612
EPAM-20261002T18234358688,EPAM,2026-10-02,2026-10-02T14:27:01.049970-04:00,108.98,0.2106
MRVL-20261002T18032717522,MRVL,2026-10-02,2026-10-02T14:27:11.388835-04:00,272.1897,-0.1507
EPAM-20261002T18234358688,EPAM,2026-10-02,2026-10-02T14:27:11.388835-04:00,108.975,0.2152
MRVL-20261002T18032717522,MRVL,2026-10-02,2026-10-02T14:27:21.783963-04:00,272.36,-0.2134
EPAM-20261002T18234358688,EPAM,2026-10-02,2026-10-02T14:27:21.783963-04:00,108.95,0.2381
MRVL-20261002T18032717522,MRVL,2026-10-02,2026-10-02T14:27:32.148367-04:00,272.355,-0.2116
EPAM-20261002T18234358688,EPAM,2026-10-02,2026-10-02T14:27:32.148367-04:00,109.0071,0.1858
MRVL-20261002T18032717522,MRVL,2026-10-02,2026-10-02T14:27:42.523660-04:00,272.31,-0.195
EPAM-20261002T18234358688,EPAM,2026-10-02,2026-10-02T14:27:42.523660-04:00,108.735,0.4349
MRVL-20261002T18032717522,MRVL,2026-10-02,2026-10-02T14:27:52.918567-04:00,272.22,-0.1619
EPAM-20261002T18234358688,EPAM,2026-10-02,2026-10-02T14:27:52.918567-04:00,109.1341,0.0695
MRVL-20261002T18032717522,MRVL,2026-10-02,2026-10-02T14:28:03.244464-04:00,272.345,-0.2079
EPAM-20261002T18234358688,EPAM,2026-10-02,2026-10-02T14:28:03.244464-04:00,109.2293,-0.0177
MRVL-20261002T18032717522,MRVL,2026-10-02,2026-10-02T14:28:13.590140-04:00,272.385,-0.2226
EPAM-20261002T18234358688,EPAM,2026-10-02,2026-10-02T14:28:13.590140-04:00,108.8188,0.3582
MRVL-20261002T18032717522,MRVL,2026-10-02,2026-10-02T14:28:23.905160-04:00,272.39,-0.2244
EPAM-20261002T18234358688,EPAM,2026-10-02,2026-10-02T14:28:23.905160-04:00,108.735,0.4349
MRVL-20261002T18032717522,MRVL,2026-10-02,2026-10-02T14:28:34.255872-04:00,272.43,-0.2392
EPAM-20261002T18234358688,EPAM,2026-10-02,2026-10-02T14:28:34.255872-04:00,108.725,0.4441
MRVL-20261002T18032717522,MRVL,2026-10-02,2026-10-02T14:28:44.548366-04:00,272.435,-0.241
EPAM-20261002T18234358688,EPAM,2026-10-02,2026-10-02T14:28:44.548366-04:00,108.725,0.4441
MRVL-20261002T18032717522,MRVL,2026-10-02,2026-10-02T14:28:54.806305-04:00,272.37,-0.2171
EPAM-20261002T18234358688,EPAM,2026-10-02,2026-10-02T14:28:54.806305-04:00,108.725,0.4441
MRVL-20261002T18032717522,MRVL,2026-10-02,2026-10-02T14:29:05.087744-04:00,272.4221,-0.2363
EPAM-20261002T18234358688,EPAM,2026-10-02,2026-10-02T14:29:05.087744-04:00,108.815,0.3617
MRVL-20261002T18032717522,MRVL,2026-10-02,2026-10-02T14:29:15.423473-04:00,272.45,-0.2465
EPAM-20261002T18234358688,EPAM,2026-10-02,2026-10-02T14:29:15.423473-04:00,108.815,0.3617
MRVL-20261002T18032717522,MRVL,2026-10-02,2026-10-02T14:29:25.737460-04:00,272.47,-0.2539
EPAM-20261002T18234358688,EPAM,2026-10-02,2026-10-02T14:29:25.737460-04:00,108.7867,0.3876
MRVL-20261002T18032717522,MRVL,2026-10-02,2026-10-02T14:29:36.161458-04:00,272.32,-0.1987
EPAM-20261002T18234358688,EPAM,2026-10-02,2026-10-02T14:29:36.161458-04:00,109.0298,0.165
MRVL-20261002T18032717522,MRVL,2026-10-02,2026-10-02T14:29:46.430694-04:00,272.35,-0.2097
EPAM-20261002T18234358688,EPAM,2026-10-02,2026-10-02T14:29:46.430694-04:00,108.8197,0.3574
MRVL-20261002T18032717522,MRVL,2026-10-02,2026-10-02T14:29:56.701024-04:00,272.24,-0.1693
EPAM-20261002T18234358688,EPAM,2026-10-02,2026-10-02T14:29:56.701024-04:00,108.62,0.5402
MRVL-20261002T18032717522,MRVL,2026-10-02,2026-10-02T14:30:07.035977-04:00,272.29,-0.1877
EPAM-20261002T18234358688,EPAM,2026-10-02,2026-10-02T14:30:07.035977-04:00,108.7179,0.4506
MRVL-20261002T18032717522,MRVL,2026-10-02,2026-10-02T14:30:17.516822-04:00,272.31,-0.195
EPAM-20261002T18234358688,EPAM,2026-10-02,2026-10-02T14:30:17.516822-04:00,108.64,0.5219
MRVL-20261002T18032717522,MRVL,2026-10-02,2026-10-02T14:30:28.125584-04:00,272.18,-0.1472
EPAM-20261002T18234358688,EPAM,2026-10-02,2026-10-02T14:30:28.125584-04:00,108.61,0.5494
MRVL-20261002T18032717522,MRVL,2026-10-02,2026-10-02T14:30:38.587724-04:00,272.29,-0.1877
EPAM-20261002T18234358688,EPAM,2026-10-02,2026-10-02T14:30:38.587724-04:00,108.63,0.5311
MRVL-20261002T18032717522,MRVL,2026-10-02,2026-10-02T14:30:49.151179-04:00,272.3,-0.1913
EPAM-20261002T18234358688,EPAM,2026-10-02,2026-10-02T14:30:49.151179-04:00,109.1243,0.0785
MRVL-20261002T18032717522,MRVL,2026-10-02,2026-10-02T14:30:59.683061-04:00,272.3899,-0.2244
EPAM-20261002T18234358688,EPAM,2026-10-02,2026-10-02T14:30:59.683061-04:00,109.1243,0.0785
MRVL-20261002T18032717522,MRVL,2026-10-02,2026-10-02T14:31:10.208618-04:00,272.515,-0.2704
EPAM-20261002T18234358688,EPAM,2026-10-02,2026-10-02T14:31:10.208618-04:00,108.67,0.4945
MRVL-20261002T18032717522,MRVL,2026-10-02,2026-10-02T14:31:20.711189-04:00,272.63,-0.3128
EPAM-20261002T18234358688,EPAM,2026-10-02,2026-10-02T14:31:20.711189-04:00,108.625,0.5357
MRVL-20261002T18032717522,MRVL,2026-10-02,2026-10-02T14:31:31.125691-04:00,272.525,-0.2741
EPAM-20261002T18234358688,EPAM,2026-10-02,2026-10-02T14:31:31.125691-04:00,108.5153,0.6361
MRVL-20261002T18032717522,MRVL,2026-10-02,2026-10-02T14:31:41.548670-04:00,272.39,-0.2244
EPAM-20261002T18234358688,EPAM,2026-10-02,2026-10-02T14:31:41.548670-04:00,108.595,0.5631
MRVL-20261002T18032717522,MRVL,2026-10-02,2026-10-02T14:31:51.924010-04:00,272.26,-0.1766
EPAM-20261002T18234358688,EPAM,2026-10-02,2026-10-02T14:31:51.924010-04:00,108.7078,0.4598
MRVL-20261002T18032717522,MRVL,2026-10-02,2026-10-02T14:32:02.329584-04:00,272.26,-0.1766
EPAM-20261002T18234358688,EPAM,2026-10-02,2026-10-02T14:32:02.329584-04:00,109.0806,0.1185
MRVL-20261002T18032717522,MRVL,2026-10-02,2026-10-02T14:32:12.783461-04:00,272.32,-0.1987
EPAM-20261002T18234358688,EPAM,2026-10-02,2026-10-02T14:32:12.783461-04:00,108.59,0.5677
MRVL-20261002T18032717522,MRVL,2026-10-02,2026-10-02T14:32:23.190825-04:00,272.325,-0.2005
EPAM-20261002T18234358688,EPAM,2026-10-02,2026-10-02T14:32:23.190825-04:00,108.59,0.5677
MRVL-20261002T18032717522,MRVL,2026-10-02,2026-10-02T14:32:33.607614-04:00,272.3929,-0.2255
EPAM-20261002T18234358688,EPAM,2026-10-02,2026-10-02T14:32:33.607614-04:00,108.64,0.5219
MRVL-20261002T18032717522,MRVL,2026-10-02,2026-10-02T14:32:43.995014-04:00,272.4,-0.2281
EPAM-20261002T18234358688,EPAM,2026-10-02,2026-10-02T14:32:43.995014-04:00,108.68,0.4853
MRVL-20261002T18032717522,MRVL,2026-10-02,2026-10-02T14:32:54.393028-04:00,272.41,-0.2318
EPAM-20261002T18234358688,EPAM,2026-10-02,2026-10-02T14:32:54.393028-04:00,108.6302,0.5309
MRVL-20261002T18032717522,MRVL,2026-10-02,2026-10-02T14:33:04.814467-04:00,272.4271,-0.2381
EPAM-20261002T18234358688,EPAM,2026-10-02,2026-10-02T14:33:04.814467-04:00,108.85,0.3296
MRVL-20261002T18032717522,MRVL,2026-10-02,2026-10-02T14:33:15.255857-04:00,272.4104,-0.232
EPAM-20261002T18234358688,EPAM,2026-10-02,2026-10-02T14:33:15.255857-04:00,108.755,0.4166
MRVL-20261002T18032717522,MRVL,2026-10-02,2026-10-02T14:33:25.648562-04:00,272.3642,-0.215
EPAM-20261002T18234358688,EPAM,2026-10-02,2026-10-02T14:33:25.648562-04:00,108.671,0.4935
MRVL-20261002T18032717522,MRVL,2026-10-02,2026-10-02T14:33:36.009656-04:00,272.32,-0.1987
EPAM-20261002T18234358688,EPAM,2026-10-02,2026-10-02T14:33:36.009656-04:00,108.6432,0.519
MRVL-20261002T18032717522,MRVL,2026-10-02,2026-10-02T14:33:46.428447-04:00,272.4397,-0.2427
EPAM-20261002T18234358688,EPAM,2026-10-02,2026-10-02T14:33:46.428447-04:00,108.755,0.4166
MRVL-20261002T18032717522,MRVL,2026-10-02,2026-10-02T14:33:56.817114-04:00,272.135,-0.1306
EPAM-20261002T18234358688,EPAM,2026-10-02,2026-10-02T14:33:56.817114-04:00,108.7832,0.3908
MRVL-20261002T18032717522,MRVL,2026-10-02,2026-10-02T14:34:07.161225-04:00,272.22,-0.1619
EPAM-20261002T18234358688,EPAM,2026-10-02,2026-10-02T14:34:07.161225-04:00,108.87,0.3113
MRVL-20261002T18032717522,MRVL,2026-10-02,2026-10-02T14:34:17.575479-04:00,272.215,-0.1601
EPAM-20261002T18234358688,EPAM,2026-10-02,2026-10-02T14:34:17.575479-04:00,108.76,0.4121
MRVL-20261002T18032717522,MRVL,2026-10-02,2026-10-02T14:34:27.978023-04:00,272.3,-0.1913
EPAM-20261002T18234358688,EPAM,2026-10-02,2026-10-02T14:34:27.978023-04:00,108.76,0.4121
MRVL-20261002T18032717522,MRVL,2026-10-02,2026-10-02T14:34:38.306821-04:00,272.275,-0.1821
EPAM-20261002T18234358688,EPAM,2026-10-02,2026-10-02T14:34:38.306821-04:00,108.81,0.3663
MRVL-20261002T18032717522,MRVL,2026-10-02,2026-10-02T14:34:48.665920-04:00,272.2198,-0.1618
EPAM-20261002T18234358688,EPAM,2026-10-02,2026-10-02T14:34:48.665920-04:00,108.755,0.4166
MRVL-20261002T18032717522,MRVL,2026-10-02,2026-10-02T14:34:59.074596-04:00,272.246,-0.1715
EPAM-20261002T18234358688,EPAM,2026-10-02,2026-10-02T14:34:59.074596-04:00,108.88,0.3022
MRVL-20261002T18032717522,MRVL,2026-10-02,2026-10-02T14:35:09.446173-04:00,272.2047,-0.1563
EPAM-20261002T18234358688,EPAM,2026-10-02,2026-10-02T14:35:09.446173-04:00,108.755,0.4166
MRVL-20261002T18032717522,MRVL,2026-10-02,2026-10-02T14:35:19.909175-04:00,272.3601,-0.2134
EPAM-20261002T18234358688,EPAM,2026-10-02,2026-10-02T14:35:19.909175-04:00,108.8368,0.3417
MRVL-20261002T18032717522,MRVL,2026-10-02,2026-10-02T14:35:30.325374-04:00,272.1962,-0.1531
EPAM-20261002T18234358688,EPAM,2026-10-02,2026-10-02T14:35:30.325374-04:00,108.755,0.4166
MRVL-20261002T18032717522,MRVL,2026-10-02,2026-10-02T14:35:40.743017-04:00,272.185,-0.149
EPAM-20261002T18234358688,EPAM,2026-10-02,2026-10-02T14:35:40.743017-04:00,108.915,0.2701
MRVL-20261002T18032717522,MRVL,2026-10-02,2026-10-02T14:35:51.090108-04:00,272.22,-0.1619
EPAM-20261002T18234358688,EPAM,2026-10-02,2026-10-02T14:35:51.090108-04:00,108.867,0.3141
MRVL-20261002T18032717522,MRVL,2026-10-02,2026-10-02T14:36:01.514829-04:00,272.215,-0.1601
EPAM-20261002T18234358688,EPAM,2026-10-02,2026-10-02T14:36:01.514829-04:00,108.82,0.3571
MRVL-20261002T18032717522,MRVL,2026-10-02,2026-10-02T14:36:11.874984-04:00,272.34,-0.206
EPAM-20261002T18234358688,EPAM,2026-10-02,2026-10-02T14:36:11.874984-04:00,108.885,0.2976
MRVL-20261002T18032717522,MRVL,2026-10-02,2026-10-02T14:36:22.314602-04:00,272.375,-0.2189
EPAM-20261002T18234358688,EPAM,2026-10-02,2026-10-02T14:36:22.314602-04:00,108.86,0.3205
MRVL-20261002T18032717522,MRVL,2026-10-02,2026-10-02T14:36:32.695132-04:00,272.5148,-0.2704
EPAM-20261002T18234358688,EPAM,2026-10-02,2026-10-02T14:36:32.695132-04:00,108.85,0.3296
MRVL-20261002T18032717522,MRVL,2026-10-02,2026-10-02T14:36:43.150579-04:00,272.4299,-0.2391
EPAM-20261002T18234358688,EPAM,2026-10-02,2026-10-02T14:36:43.150579-04:00,108.8627,0.318
MRVL-20261002T18032717522,MRVL,2026-10-02,2026-10-02T14:36:53.531853-04:00,272.44,-0.2428
EPAM-20261002T18234358688,EPAM,2026-10-02,2026-10-02T14:36:53.531853-04:00,108.9271,0.259
MRVL-20261002T18032717522,MRVL,2026-10-02,2026-10-02T14:37:03.936919-04:00,272.5,-0.2649
EPAM-20261002T18234358688,EPAM,2026-10-02,2026-10-02T14:37:03.936919-04:00,108.91,0.2747
MRVL-20261002T18032717522,MRVL,2026-10-02,2026-10-02T14:37:14.429766-04:00,272.42,-0.2355
EPAM-20261002T18234358688,EPAM,2026-10-02,2026-10-02T14:37:14.429766-04:00,108.9308,0.2557
MRVL-20261002T18032717522,MRVL,2026-10-02,2026-10-02T14:37:24.901687-04:00,272.445,-0.2447
EPAM-20261002T18234358688,EPAM,2026-10-02,2026-10-02T14:37:24.901687-04:00,108.9308,0.2557
MRVL-20261002T18032717522,MRVL,2026-10-02,2026-10-02T14:37:35.352833-04:00,272.415,-0.2336
EPAM-20261002T18234358688,EPAM,2026-10-02,2026-10-02T14:37:35.352833-04:00,109.11,0.0916
MRVL-20261002T18032717522,MRVL,2026-10-02,2026-10-02T14:37:45.808221-04:00,272.3783,-0.2201
EPAM-20261002T18234358688,EPAM,2026-10-02,2026-10-02T14:37:45.808221-04:00,108.9156,0.2696
MRVL-20261002T18032717522,MRVL,2026-10-02,2026-10-02T14:37:56.239108-04:00,272.3806,-0.221
EPAM-20261002T18234358688,EPAM,2026-10-02,2026-10-02T14:37:56.239108-04:00,109.11,0.0916
MRVL-20261002T18032717522,MRVL,2026-10-02,2026-10-02T14:38:06.626122-04:00,272.335,-0.2042
EPAM-20261002T18234358688,EPAM,2026-10-02,2026-10-02T14:38:06.626122-04:00,108.93,0.2564
MRVL-20261002T18032717522,MRVL,2026-10-02,2026-10-02T14:38:17.123346-04:00,272.334,-0.2038
EPAM-20261002T18234358688,EPAM,2026-10-02,2026-10-02T14:38:17.123346-04:00,108.8499,0.3297
MRVL-20261002T18032717522,MRVL,2026-10-02,2026-10-02T14:38:27.461561-04:00,272.235,-0.1674
EPAM-20261002T18234358688,EPAM,2026-10-02,2026-10-02T14:38:27.461561-04:00,109.11,0.0916
MRVL-20261002T18032717522,MRVL,2026-10-02,2026-10-02T14:38:37.902761-04:00,272.26,-0.1766
EPAM-20261002T18234358688,EPAM,2026-10-02,2026-10-02T14:38:37.902761-04:00,108.926,0.26
MRVL-20261002T18032717522,MRVL,2026-10-02,2026-10-02T14:38:48.321008-04:00,272.2811,-0.1844
EPAM-20261002T18234358688,EPAM,2026-10-02,2026-10-02T14:38:48.321008-04:00,109.19,0.0183
MRVL-20261002T18032717522,MRVL,2026-10-02,2026-10-02T14:38:58.655807-04:00,272.388,-0.2237
EPAM-20261002T18234358688,EPAM,2026-10-02,2026-10-02T14:38:58.655807-04:00,108.8602,0.3203
MRVL-20261002T18032717522,MRVL,2026-10-02,2026-10-02T14:39:08.932479-04:00,272.28,-0.184
EPAM-20261002T18234358688,EPAM,2026-10-02,2026-10-02T14:39:08.932479-04:00,109.0723,0.1261
MRVL-20261002T18032717522,MRVL,2026-10-02,2026-10-02T14:39:19.304167-04:00,272.23,-0.1656
EPAM-20261002T18234358688,EPAM,2026-10-02,2026-10-02T14:39:19.304167-04:00,109.0472,0.1491
MRVL-20261002T18032717522,MRVL,2026-10-02,2026-10-02T14:39:29.691133-04:00,272.22,-0.1619
MRVL-20261002T18032717522,MRVL,2026-10-02,2026-10-02T14:39:39.993479-04:00,272.25,-0.1729
MRVL-20261002T18032717522,MRVL,2026-10-02,2026-10-02T14:39:50.307922-04:00,272.2481,-0.1722
MRVL-20261002T18032717522,MRVL,2026-10-02,2026-10-02T14:40:00.585104-04:00,272.285,-0.1858
MRVL-20261002T18032717522,MRVL,2026-10-02,2026-10-02T14:40:10.940230-04:00,272.3273,-0.2014
MRVL-20261002T18032717522,MRVL,2026-10-02,2026-10-02T14:40:21.316818-04:00,272.1127,-0.1224
MRVL-20261002T18032717522,MRVL,2026-10-02,2026-10-02T14:40:31.766132-04:00,272.27,-0.1803
MRVL-20261002T18032717522,MRVL,2026-10-02,2026-10-02T14:40:42.233863-04:00,272.26,-0.1766
MRVL-20261002T18032717522,MRVL,2026-10-02,2026-10-02T14:40:52.657800-04:00,272.2486,-0.1724
MRVL-20261002T18032717522,MRVL,2026-10-02,2026-10-02T14:41:02.999730-04:00,272.36,-0.2134
MRVL-20261002T18032717522,MRVL,2026-10-02,2026-10-02T14:41:13.480214-04:00,272.4648,-0.252
MRVL-20261002T18032717522,MRVL,2026-10-02,2026-10-02T14:41:23.945553-04:00,272.5,-0.2649
MRVL-20261002T18032717522,MRVL,2026-10-02,2026-10-02T14:41:34.432913-04:00,272.51,-0.2686
MRVL-20261002T18032717522,MRVL,2026-10-02,2026-10-02T14:41:44.915712-04:00,272.52,-0.2723
MRVL-20261002T18032717522,MRVL,2026-10-02,2026-10-02T14:41:55.411895-04:00,272.725,-0.3477
MRVL-20261002T18032717522,MRVL,2026-10-02,2026-10-02T14:42:05.802318-04:00,272.4085,-0.2313
S-20261002T19054717931,S,2026-10-02,2026-10-02T15:06:07.414714-04:00,25.165,0.0199
S-20261002T19054717931,S,2026-10-02,2026-10-02T15:06:17.625764-04:00,25.16,0.0397
S-20261002T19054717931,S,2026-10-02,2026-10-02T15:06:27.809142-04:00,25.1628,0.0286
S-20261002T19054717931,S,2026-10-02,2026-10-02T15:06:38.002310-04:00,25.2149,-0.1784
S-20261002T19054717931,S,2026-10-02,2026-10-02T15:06:48.131648-04:00,25.17,-0.0
S-20261002T19054717931,S,2026-10-02,2026-10-02T15:06:58.299468-04:00,25.175,-0.0199
S-20261002T19054717931,S,2026-10-02,2026-10-02T15:07:08.496194-04:00,25.2125,-0.1689
S-20261002T19054717931,S,2026-10-02,2026-10-02T15:07:18.655700-04:00,25.165,0.0199
S-20261002T19054717931,S,2026-10-02,2026-10-02T15:07:28.809485-04:00,25.16,0.0397
S-20261002T19054717931,S,2026-10-02,2026-10-02T15:07:38.942570-04:00,25.155,0.0596
S-20261002T19054717931,S,2026-10-02,2026-10-02T15:07:49.151983-04:00,25.15,0.0795
S-20261002T19054717931,S,2026-10-02,2026-10-02T15:07:59.315822-04:00,25.155,0.0596
S-20261002T19054717931,S,2026-10-02,2026-10-02T15:08:09.454025-04:00,25.155,0.0596
S-20261002T19054717931,S,2026-10-02,2026-10-02T15:08:19.653161-04:00,25.155,0.0596
S-20261002T19054717931,S,2026-10-02,2026-10-02T15:08:29.866611-04:00,25.15,0.0795
S-20261002T19054717931,S,2026-10-02,2026-10-02T15:08:40.149630-04:00,25.17,-0.0
S-20261002T19054717931,S,2026-10-02,2026-10-02T15:08:50.293070-04:00,25.175,-0.0199
S-20261002T19054717931,S,2026-10-02,2026-10-02T15:09:00.419700-04:00,25.175,-0.0199
S-20261002T19054717931,S,2026-10-02,2026-10-02T15:09:10.674124-04:00,25.1669,0.0123
S-20261002T19054717931,S,2026-10-02,2026-10-02T15:09:20.817462-04:00,25.18,-0.0397
S-20261002T19054717931,S,2026-10-02,2026-10-02T15:09:31.010969-04:00,25.185,-0.0596
S-20261002T19054717931,S,2026-10-02,2026-10-02T15:09:41.216838-04:00,25.18,-0.0397
S-20261002T19054717931,S,2026-10-02,2026-10-02T15:09:51.361138-04:00,25.167,0.0119
S-20261002T19054717931,S,2026-10-02,2026-10-02T15:10:01.541762-04:00,25.185,-0.0596
S-20261002T19054717931,S,2026-10-02,2026-10-02T15:10:11.724973-04:00,25.208,-0.151
S-20261002T19054717931,S,2026-10-02,2026-10-02T15:10:21.943712-04:00,25.18,-0.0397
S-20261002T19054717931,S,2026-10-02,2026-10-02T15:10:32.114506-04:00,25.18,-0.0397
S-20261002T19054717931,S,2026-10-02,2026-10-02T15:10:42.326314-04:00,25.185,-0.0596
S-20261002T19054717931,S,2026-10-02,2026-10-02T15:10:52.591119-04:00,25.1708,-0.0032
S-20261002T19054717931,S,2026-10-02,2026-10-02T15:11:02.761130-04:00,25.185,-0.0596
S-20261002T19054717931,S,2026-10-02,2026-10-02T15:11:12.943978-04:00,25.1817,-0.0465
S-20261002T19054717931,S,2026-10-02,2026-10-02T15:11:23.155128-04:00,25.185,-0.0596
S-20261002T19054717931,S,2026-10-02,2026-10-02T15:11:33.315244-04:00,25.19,-0.0795
S-20261002T19054717931,S,2026-10-02,2026-10-02T15:11:43.521822-04:00,25.1746,-0.0183
S-20261002T19054717931,S,2026-10-02,2026-10-02T15:11:53.650652-04:00,25.195,-0.0993
S-20261002T19054717931,S,2026-10-02,2026-10-02T15:12:03.848792-04:00,25.1754,-0.0215
S-20261002T19054717931,S,2026-10-02,2026-10-02T15:12:14.019366-04:00,25.1988,-0.1144
S-20261002T19054717931,S,2026-10-02,2026-10-02T15:12:24.210414-04:00,25.179,-0.0358
S-20261002T19054717931,S,2026-10-02,2026-10-02T15:12:34.512879-04:00,25.195,-0.0993
S-20261002T19054717931,S,2026-10-02,2026-10-02T15:12:44.659452-04:00,25.195,-0.0993
S-20261002T19054717931,S,2026-10-02,2026-10-02T15:12:54.804582-04:00,25.2,-0.1192
S-20261002T19054717931,S,2026-10-02,2026-10-02T15:13:05.033679-04:00,25.195,-0.0993
S-20261002T19054717931,S,2026-10-02,2026-10-02T15:13:15.289134-04:00,25.195,-0.0993
S-20261002T19054717931,S,2026-10-02,2026-10-02T15:13:25.522744-04:00,25.195,-0.0993
S-20261002T19054717931,S,2026-10-02,2026-10-02T15:13:35.788904-04:00,25.195,-0.0993
S-20261002T19054717931,S,2026-10-02,2026-10-02T15:13:46.005773-04:00,25.195,-0.0993
S-20261002T19054717931,S,2026-10-02,2026-10-02T15:13:56.283777-04:00,25.195,-0.0993
S-20261002T19054717931,S,2026-10-02,2026-10-02T15:14:06.560133-04:00,25.145,0.0993
S-20261002T19054717931,S,2026-10-02,2026-10-02T15:14:16.842687-04:00,25.145,0.0993
S-20261002T19054717931,S,2026-10-02,2026-10-02T15:14:27.064133-04:00,25.14,0.1192
S-20261002T19054717931,S,2026-10-02,2026-10-02T15:14:37.306621-04:00,25.145,0.0993
S-20261002T19054717931,S,2026-10-02,2026-10-02T15:14:47.593964-04:00,25.155,0.0596
S-20261002T19054717931,S,2026-10-02,2026-10-02T15:14:57.729126-04:00,25.145,0.0993
S-20261002T19054717931,S,2026-10-02,2026-10-02T15:15:07.928559-04:00,25.13,0.1589
S-20261002T19054717931,S,2026-10-02,2026-10-02T15:15:18.209098-04:00,25.125,0.1788
S-20261002T19054717931,S,2026-10-02,2026-10-02T15:15:28.397611-04:00,25.1697,0.0012
S-20261002T19054717931,S,2026-10-02,2026-10-02T15:15:38.620345-04:00,25.115,0.2185
S-20261002T19054717931,S,2026-10-02,2026-10-02T15:15:48.789671-04:00,25.153,0.0675
S-20261002T19054717931,S,2026-10-02,2026-10-02T15:15:58.980866-04:00,25.135,0.1391
S-20261002T19054717931,S,2026-10-02,2026-10-02T15:16:09.185826-04:00,25.1615,0.0338
S-20261002T19054717931,S,2026-10-02,2026-10-02T15:16:19.358338-04:00,25.13,0.1589
S-20261002T19054717931,S,2026-10-02,2026-10-02T15:16:29.536704-04:00,25.135,0.1391
S-20261002T19054717931,S,2026-10-02,2026-10-02T15:16:39.693757-04:00,25.1339,0.1434
S-20261002T19054717931,S,2026-10-02,2026-10-02T15:16:49.819962-04:00,25.1528,0.0683
S-20261002T19054717931,S,2026-10-02,2026-10-02T15:16:59.993008-04:00,25.145,0.0993
S-20261002T19054717931,S,2026-10-02,2026-10-02T15:17:10.234531-04:00,25.141,0.1152
S-20261002T19054717931,S,2026-10-02,2026-10-02T15:17:20.406864-04:00,25.1274,0.1692
S-20261002T19054717931,S,2026-10-02,2026-10-02T15:17:30.541773-04:00,25.135,0.1391
S-20261002T19054717931,S,2026-10-02,2026-10-02T15:17:40.746771-04:00,25.1331,0.1466
S-20261002T19054717931,S,2026-10-02,2026-10-02T15:17:50.889865-04:00,25.135,0.1391
S-20261002T19054717931,S,2026-10-02,2026-10-02T15:18:01.047599-04:00,25.1475,0.0894
S-20261002T19054717931,S,2026-10-02,2026-10-02T15:18:11.266226-04:00,25.131,0.1549
S-20261002T19054717931,S,2026-10-02,2026-10-02T15:18:21.488858-04:00,25.135,0.1391
S-20261002T19054717931,S,2026-10-02,2026-10-02T15:18:31.883732-04:00,25.145,0.0993
S-20261002T19054717931,S,2026-10-02,2026-10-02T15:18:42.250972-04:00,25.14,0.1192
S-20261002T19054717931,S,2026-10-02,2026-10-02T15:18:52.506514-04:00,25.125,0.1788
S-20261002T19054717931,S,2026-10-02,2026-10-02T15:19:02.716445-04:00,25.125,0.1788
S-20261002T19054717931,S,2026-10-02,2026-10-02T15:19:12.905461-04:00,25.125,0.1788
S-20261002T19054717931,S,2026-10-02,2026-10-02T15:19:23.053225-04:00,25.125,0.1788
S-20261002T19054717931,S,2026-10-02,2026-10-02T15:19:33.219059-04:00,25.1344,0.1414
S-20261002T19054717931,S,2026-10-02,2026-10-02T15:19:43.392654-04:00,25.12,0.1986
S-20261002T19054717931,S,2026-10-02,2026-10-02T15:19:53.523108-04:00,25.13,0.1589
S-20261002T19054717931,S,2026-10-02,2026-10-02T15:20:03.674699-04:00,25.1298,0.1597
S-20261002T19054717931,S,2026-10-02,2026-10-02T15:20:13.919030-04:00,25.1527,0.0687
S-20261002T19054717931,S,2026-10-02,2026-10-02T15:20:24.088092-04:00,25.135,0.1391
S-20261002T19054717931,S,2026-10-02,2026-10-02T15:20:34.283390-04:00,25.135,0.1391
S-20261002T19054717931,S,2026-10-02,2026-10-02T15:20:44.588216-04:00,25.125,0.1788
S-20261002T19054717931,S,2026-10-02,2026-10-02T15:20:54.881025-04:00,25.125,0.1788
S-20261002T19054717931,S,2026-10-02,2026-10-02T15:21:05.124131-04:00,25.145,0.0993
S-20261002T19054717931,S,2026-10-02,2026-10-02T15:21:15.373849-04:00,25.145,0.0993
S-20261002T19054717931,S,2026-10-02,2026-10-02T15:21:25.618684-04:00,25.1467,0.0926
S-20261002T19054717931,S,2026-10-02,2026-10-02T15:21:36.030299-04:00,25.1327,0.1482
S-20261002T19054717931,S,2026-10-02,2026-10-02T15:21:46.432933-04:00,25.1335,0.145
S-20261002T19054717931,S,2026-10-02,2026-10-02T15:21:56.715592-04:00,25.1298,0.1597
S-20261002T19054717931,S,2026-10-02,2026-10-02T15:22:07.103840-04:00,25.135,0.1391
S-20261002T19054717931,S,2026-10-02,2026-10-02T15:22:17.454832-04:00,25.115,0.2185
S-20261002T19054717931,S,2026-10-02,2026-10-02T15:22:27.803696-04:00,25.1297,0.1601
S-20261002T19054717931,S,2026-10-02,2026-10-02T15:22:38.185378-04:00,25.1308,0.1557
S-20261002T19054717931,S,2026-10-02,2026-10-02T15:22:48.663622-04:00,25.115,0.2185
S-20261002T19054717931,S,2026-10-02,2026-10-02T15:22:59.016749-04:00,25.115,0.2185
S-20261002T19054717931,S,2026-10-02,2026-10-02T15:23:09.298478-04:00,25.105,0.2582
S-20261002T19054717931,S,2026-10-02,2026-10-02T15:23:19.661843-04:00,25.105,0.2582
S-20261002T19054717931,S,2026-10-02,2026-10-02T15:23:29.931138-04:00,25.1285,0.1649
S-20261002T19054717931,S,2026-10-02,2026-10-02T15:23:40.182919-04:00,25.095,0.298
S-20261002T19054717931,S,2026-10-02,2026-10-02T15:23:50.418695-04:00,25.115,0.2185
S-20261002T19054717931,S,2026-10-02,2026-10-02T15:24:00.610042-04:00,25.1351,0.1387
S-20261002T19054717931,S,2026-10-02,2026-10-02T15:24:10.755442-04:00,25.11,0.2384
S-20261002T19054717931,S,2026-10-02,2026-10-02T15:24:20.936784-04:00,25.115,0.2185
S-20261002T19054717931,S,2026-10-02,2026-10-02T15:24:31.101620-04:00,25.1245,0.1808
S-20261002T19054717931,S,2026-10-02,2026-10-02T15:24:41.287708-04:00,25.125,0.1788
S-20261002T19054717931,S,2026-10-02,2026-10-02T15:24:51.456954-04:00,25.125,0.1788
S-20261002T19054717931,S,2026-10-02,2026-10-02T15:25:01.621909-04:00,25.1185,0.2046
S-20261002T19054717931,S,2026-10-02,2026-10-02T15:25:11.898834-04:00,25.109,0.2424
S-20261002T19054717931,S,2026-10-02,2026-10-02T15:25:22.131646-04:00,25.124,0.1828
S-20261002T19054717931,S,2026-10-02,2026-10-02T15:25:32.380775-04:00,25.124,0.1828
S-20261002T19054717931,S,2026-10-02,2026-10-02T15:25:42.594058-04:00,25.145,0.0993
S-20261002T19054717931,S,2026-10-02,2026-10-02T15:25:52.758004-04:00,25.1376,0.1287
S-20261002T19054717931,S,2026-10-02,2026-10-02T15:26:02.984576-04:00,25.127,0.1708
S-20261002T19054717931,S,2026-10-02,2026-10-02T15:26:13.157931-04:00,25.1248,0.1796
S-20261002T19054717931,S,2026-10-02,2026-10-02T15:26:23.411585-04:00,25.13,0.1589
S-20261002T19054717931,S,2026-10-02,2026-10-02T15:26:33.650003-04:00,25.1251,0.1784
S-20261002T19054717931,S,2026-10-02,2026-10-02T15:26:43.876974-04:00,25.12,0.1986
S-20261002T19054717931,S,2026-10-02,2026-10-02T15:26:54.087426-04:00,25.125,0.1788
S-20261002T19054717931,S,2026-10-02,2026-10-02T15:27:04.314957-04:00,25.115,0.2185
S-20261002T19054717931,S,2026-10-02,2026-10-02T15:27:14.533808-04:00,25.105,0.2582
S-20261002T19054717931,S,2026-10-02,2026-10-02T15:27:24.735832-04:00,25.115,0.2185
S-20261002T19054717931,S,2026-10-02,2026-10-02T15:27:34.931845-04:00,25.115,0.2185
S-20261002T19054717931,S,2026-10-02,2026-10-02T15:27:45.185357-04:00,25.1222,0.1899
S-20261002T19054717931,S,2026-10-02,2026-10-02T15:27:55.339005-04:00,25.1223,0.1895
S-20261002T19054717931,S,2026-10-02,2026-10-02T15:28:05.555586-04:00,25.1216,0.1923
S-20261002T19054717931,S,2026-10-02,2026-10-02T15:28:15.963124-04:00,25.115,0.2185
S-20261002T19054717931,S,2026-10-02,2026-10-02T15:28:26.138588-04:00,25.115,0.2185
S-20261002T19054717931,S,2026-10-02,2026-10-02T15:28:36.398142-04:00,25.115,0.2185
S-20261002T19054717931,S,2026-10-02,2026-10-02T15:28:46.555947-04:00,25.115,0.2185
S-20261002T19054717931,S,2026-10-02,2026-10-02T15:28:56.741045-04:00,25.12,0.1986
S-20261002T19054717931,S,2026-10-02,2026-10-02T15:29:06.999223-04:00,25.1176,0.2082
S-20261002T19054717931,S,2026-10-02,2026-10-02T15:29:17.214627-04:00,25.1252,0.178
S-20261002T19054717931,S,2026-10-02,2026-10-02T15:29:27.384717-04:00,25.115,0.2185
S-20261002T19054717931,S,2026-10-02,2026-10-02T15:29:37.566431-04:00,25.105,0.2582
S-20261002T19054717931,S,2026-10-02,2026-10-02T15:29:47.750932-04:00,25.1099,0.2388
S-20261002T19054717931,S,2026-10-02,2026-10-02T15:29:57.948281-04:00,25.115,0.2185
S-20261002T19054717931,S,2026-10-02,2026-10-02T15:30:08.136018-04:00,25.0988,0.2829
S-20261002T19054717931,S,2026-10-02,2026-10-02T15:30:18.498357-04:00,25.1086,0.2439
S-20261002T19054717931,S,2026-10-02,2026-10-02T15:30:28.813358-04:00,25.098,0.2861
S-20261002T19054717931,S,2026-10-02,2026-10-02T15:30:39.197307-04:00,25.055,0.4569
S-20261002T19054717931,S,2026-10-02,2026-10-02T15:30:49.469824-04:00,25.055,0.4569
S-20261002T19054717931,S,2026-10-02,2026-10-02T15:30:59.734624-04:00,25.1003,0.2769
S-20261002T19054717931,S,2026-10-02,2026-10-02T15:31:09.946643-04:00,25.065,0.4172
S-20261002T19054717931,S,2026-10-02,2026-10-02T15:31:20.190122-04:00,25.065,0.4172
S-20261002T19054717931,S,2026-10-02,2026-10-02T15:31:30.407736-04:00,25.0952,0.2972
S-20261002T19054717931,S,2026-10-02,2026-10-02T15:31:40.639342-04:00,25.095,0.298
S-20261002T19054717931,S,2026-10-02,2026-10-02T15:31:50.834303-04:00,25.085,0.3377
S-20261002T19054717931,S,2026-10-02,2026-10-02T15:32:01.047833-04:00,25.081,0.3536
S-20261002T19054717931,S,2026-10-02,2026-10-02T15:32:11.275698-04:00,25.0801,0.3572
S-20261002T19054717931,S,2026-10-02,2026-10-02T15:32:21.531510-04:00,25.085,0.3377
S-20261002T19054717931,S,2026-10-02,2026-10-02T15:32:31.807330-04:00,25.0692,0.4005
S-20261002T19054717931,S,2026-10-02,2026-10-02T15:32:42.169894-04:00,25.055,0.4569
S-20261002T19054717931,S,2026-10-02,2026-10-02T15:32:52.472610-04:00,25.0861,0.3333
S-20261002T19054717931,S,2026-10-02,2026-10-02T15:33:02.877052-04:00,25.0533,0.4636
S-20261002T19054717931,S,2026-10-02,2026-10-02T15:33:13.132424-04:00,25.0688,0.4021
S-20261002T19054717931,S,2026-10-02,2026-10-02T15:33:23.335886-04:00,25.0795,0.3596
S-20261002T19054717931,S,2026-10-02,2026-10-02T15:33:33.555155-04:00,25.025,0.5761
S-20261002T19054717931,S,2026-10-02,2026-10-02T15:33:43.825560-04:00,25.0724,0.3878
S-20261002T19054717931,S,2026-10-02,2026-10-02T15:33:54.037609-04:00,25.0333,0.5431
S-20261002T19054717931,S,2026-10-02,2026-10-02T15:34:04.250020-04:00,25.0918,0.3107
S-20261002T19054717931,S,2026-10-02,2026-10-02T15:34:14.512693-04:00,25.045,0.4966
S-20261002T19054717931,S,2026-10-02,2026-10-02T15:34:24.722938-04:00,25.04,0.5165
S-20261002T19054717931,S,2026-10-02,2026-10-02T15:34:34.983590-04:00,25.06,0.437
S-20261002T19054717931,S,2026-10-02,2026-10-02T15:34:45.219033-04:00,25.055,0.4569
S-20261002T19054717931,S,2026-10-02,2026-10-02T15:34:55.421612-04:00,25.06,0.437
S-20261002T19054717931,S,2026-10-02,2026-10-02T15:35:05.704341-04:00,25.065,0.4172
S-20261002T19054717931,S,2026-10-02,2026-10-02T15:35:15.946699-04:00,25.065,0.4172
S-20261002T19054717931,S,2026-10-02,2026-10-02T15:35:26.293333-04:00,25.0641,0.4207
S-20261002T19054717931,S,2026-10-02,2026-10-02T15:35:36.661152-04:00,25.065,0.4172
S-20261002T19054717931,S,2026-10-02,2026-10-02T15:35:46.928892-04:00,25.055,0.4569
S-20261002T19054717931,S,2026-10-02,2026-10-02T15:35:57.168012-04:00,25.05,0.4768
S-20261002T19054717931,S,2026-10-02,2026-10-02T15:36:07.428392-04:00,25.05,0.4768
S-20261002T19054717931,S,2026-10-02,2026-10-02T15:36:17.658373-04:00,25.065,0.4172
S-20261002T19054717931,S,2026-10-02,2026-10-02T15:36:28.001851-04:00,25.0767,0.3707
S-20261002T19054717931,S,2026-10-02,2026-10-02T15:36:38.261434-04:00,25.0766,0.3711
S-20261002T19054717931,S,2026-10-02,2026-10-02T15:36:48.567108-04:00,25.0521,0.4684
S-20261002T19054717931,S,2026-10-02,2026-10-02T15:36:58.822865-04:00,25.0711,0.3929
S-20261002T19054717931,S,2026-10-02,2026-10-02T15:37:09.081983-04:00,25.07,0.3973
S-20261002T19054717931,S,2026-10-02,2026-10-02T15:37:19.417745-04:00,25.065,0.4172
S-20261002T19054717931,S,2026-10-02,2026-10-02T15:37:29.633684-04:00,25.07,0.3973
S-20261002T19054717931,S,2026-10-02,2026-10-02T15:37:39.798605-04:00,25.0731,0.385
S-20261002T19054717931,S,2026-10-02,2026-10-02T15:37:50.030385-04:00,25.08,0.3576
S-20261002T19054717931,S,2026-10-02,2026-10-02T15:38:00.270770-04:00,25.07,0.3973
S-20261002T19054717931,S,2026-10-02,2026-10-02T15:38:10.528727-04:00,25.0761,0.3731
S-20261002T19054717931,S,2026-10-02,2026-10-02T15:38:20.769248-04:00,25.075,0.3774
S-20261002T19054717931,S,2026-10-02,2026-10-02T15:38:30.991352-04:00,25.08,0.3576
S-20261002T19054717931,S,2026-10-02,2026-10-02T15:38:41.175975-04:00,25.075,0.3774
S-20261002T19054717931,S,2026-10-02,2026-10-02T15:38:51.365682-04:00,25.0672,0.4084
S-20261002T19054717931,S,2026-10-02,2026-10-02T15:39:01.612879-04:00,25.09,0.3178
S-20261002T19054717931,S,2026-10-02,2026-10-02T15:39:11.886059-04:00,25.0731,0.385
S-20261002T19054717931,S,2026-10-02,2026-10-02T15:39:22.122156-04:00,25.0758,0.3743
S-20261002T19054717931,S,2026-10-02,2026-10-02T15:39:32.316550-04:00,25.08,0.3576
S-20261002T19054717931,S,2026-10-02,2026-10-02T15:39:42.479152-04:00,25.0765,0.3715
S-20261002T19054717931,S,2026-10-02,2026-10-02T15:39:52.690513-04:00,25.065,0.4172
S-20261002T19054717931,S,2026-10-02,2026-10-02T15:40:02.877525-04:00,25.06,0.437
S-20261002T19054717931,S,2026-10-02,2026-10-02T15:40:13.185724-04:00,25.055,0.4569
S-20261002T19054717931,S,2026-10-02,2026-10-02T15:40:23.373148-04:00,25.0824,0.348
S-20261002T19054717931,S,2026-10-02,2026-10-02T15:40:33.659176-04:00,25.0516,0.4704
S-20261002T19054717931,S,2026-10-02,2026-10-02T15:40:43.950586-04:00,25.035,0.5364
S-20261002T19054717931,S,2026-10-02,2026-10-02T15:40:54.169673-04:00,25.03,0.5562
S-20261002T19054717931,S,2026-10-02,2026-10-02T15:41:04.358058-04:00,25.025,0.5761
S-20261002T19054717931,S,2026-10-02,2026-10-02T15:41:14.545750-04:00,25.02,0.5959
S-20261002T19054717931,S,2026-10-02,2026-10-02T15:41:24.729672-04:00,25.0506,0.4744
S-20261002T19054717931,S,2026-10-02,2026-10-02T15:41:34.921981-04:00,25.04,0.5165
S-20261002T19054717931,S,2026-10-02,2026-10-02T15:41:45.147871-04:00,25.025,0.5761
S-20261002T19054717931,S,2026-10-02,2026-10-02T15:41:55.335026-04:00,25.0614,0.4315
S-20261002T19054717931,S,2026-10-02,2026-10-02T15:42:05.505832-04:00,25.025,0.5761
S-20261002T19054717931,S,2026-10-02,2026-10-02T15:42:15.751361-04:00,25.0606,0.4346
S-20261002T19054717931,S,2026-10-02,2026-10-02T15:42:25.915783-04:00,25.035,0.5364
S-20261002T19054717931,S,2026-10-02,2026-10-02T15:42:36.137037-04:00,25.0609,0.4335
S-20261002T19054717931,S,2026-10-02,2026-10-02T15:42:46.356901-04:00,25.0314,0.5507
S-20261002T19054717931,S,2026-10-02,2026-10-02T15:42:56.535351-04:00,25.057,0.4489
S-20261002T19054717931,S,2026-10-02,2026-10-02T15:43:06.746477-04:00,25.055,0.4569
S-20261002T19054717931,S,2026-10-02,2026-10-02T15:43:17.057912-04:00,25.0584,0.4434
S-20261002T19054717931,S,2026-10-02,2026-10-02T15:43:27.281954-04:00,25.0352,0.5356
S-20261002T19054717931,S,2026-10-02,2026-10-02T15:43:37.559093-04:00,25.0577,0.4462
S-20261002T19054717931,S,2026-10-02,2026-10-02T15:43:47.826562-04:00,25.0566,0.4505
S-20261002T19054717931,S,2026-10-02,2026-10-02T15:43:58.110783-04:00,25.025,0.5761
S-20261002T19054717931,S,2026-10-02,2026-10-02T15:44:08.345605-04:00,25.035,0.5364
S-20261002T19054717931,S,2026-10-02,2026-10-02T15:44:18.515195-04:00,25.0277,0.5654
S-20261002T19054717931,S,2026-10-02,2026-10-02T15:44:28.719109-04:00,25.035,0.5364
S-20261002T19054717931,S,2026-10-02,2026-10-02T15:44:38.973960-04:00,25.0374,0.5268
S-20261002T19054717931,S,2026-10-02,2026-10-02T15:44:49.155146-04:00,25.04,0.5165
S-20261002T19054717931,S,2026-10-02,2026-10-02T15:44:59.445864-04:00,25.045,0.4966
S-20261002T19054717931,S,2026-10-02,2026-10-02T15:45:09.684503-04:00,25.04,0.5165
S-20261002T19054717931,S,2026-10-02,2026-10-02T15:45:20.076892-04:00,25.0568,0.4497
S-20261002T19054717931,S,2026-10-02,2026-10-02T15:45:30.370176-04:00,25.0381,0.524
S-20261002T19054717931,S,2026-10-02,2026-10-02T15:45:40.640354-04:00,25.04,0.5165
S-20261002T19054717931,S,2026-10-02,2026-10-02T15:45:50.914338-04:00,25.045,0.4966
S-20261002T19054717931,S,2026-10-02,2026-10-02T15:46:01.122264-04:00,25.0599,0.4374
S-20261002T19054717931,S,2026-10-02,2026-10-02T15:46:11.318622-04:00,25.055,0.4569
S-20261002T19054717931,S,2026-10-02,2026-10-02T15:46:21.470162-04:00,25.075,0.3774
S-20261002T19054717931,S,2026-10-02,2026-10-02T15:46:31.645813-04:00,25.065,0.4172
S-20261002T19054717931,S,2026-10-02,2026-10-02T15:46:41.863191-04:00,25.0473,0.4875
S-20261002T19054717931,S,2026-10-02,2026-10-02T15:46:52.050520-04:00,25.075,0.3774
S-20261002T19054717931,S,2026-10-02,2026-10-02T15:47:02.303217-04:00,25.075,0.3774
S-20261002T19054717931,S,2026-10-02,2026-10-02T15:47:12.565263-04:00,25.0595,0.439
S-20261002T19054717931,S,2026-10-02,2026-10-02T15:47:22.874360-04:00,25.0677,0.4064
S-20261002T19054717931,S,2026-10-02,2026-10-02T15:47:33.142665-04:00,25.07,0.3973
S-20261002T19054717931,S,2026-10-02,2026-10-02T15:47:43.389592-04:00,25.075,0.3774
S-20261002T19054717931,S,2026-10-02,2026-10-02T15:47:53.659746-04:00,25.0505,0.4748
S-20261002T19054717931,S,2026-10-02,2026-10-02T15:48:03.958008-04:00,25.025,0.5761
S-20261002T19054717931,S,2026-10-02,2026-10-02T15:48:14.291854-04:00,25.0552,0.4561
S-20261002T19054717931,S,2026-10-02,2026-10-02T15:48:24.580757-04:00,25.0525,0.4668
S-20261002T19054717931,S,2026-10-02,2026-10-02T15:48:34.893586-04:00,25.02,0.5959
S-20261002T19054717931,S,2026-10-02,2026-10-02T15:48:45.140070-04:00,25.035,0.5364
S-20261002T19054717931,S,2026-10-02,2026-10-02T15:48:55.435468-04:00,25.0537,0.4621
S-20261002T19054717931,S,2026-10-02,2026-10-02T15:49:05.720900-04:00,25.0471,0.4883
S-20261002T19054717931,S,2026-10-02,2026-10-02T15:49:16.060207-04:00,25.0513,0.4716
S-20261002T19054717931,S,2026-10-02,2026-10-02T15:49:26.352721-04:00,25.035,0.5364
S-20261002T19054717931,S,2026-10-02,2026-10-02T15:49:36.639497-04:00,25.005,0.6555
S-20261002T19054717931,S,2026-10-02,2026-10-02T15:49:47.005936-04:00,25.0429,0.505
S-20261002T19054717931,S,2026-10-02,2026-10-02T15:49:57.239185-04:00,24.99,0.7151
S-20261002T19054717931,S,2026-10-02,2026-10-02T15:50:07.467908-04:00,24.985,0.735
S-20261002T19054717931,S,2026-10-02,2026-10-02T15:50:17.899732-04:00,24.9708,0.7914
S-20261002T19054717931,S,2026-10-02,2026-10-02T15:50:28.322278-04:00,24.9612,0.8296
TSLA-20261002T19500789368,TSLA,2026-10-02,2026-10-02T15:50:28.322278-04:00,373.09,0.0045
S-20261002T19054717931,S,2026-10-02,2026-10-02T15:50:38.645641-04:00,24.965,0.8145
TSLA-20261002T19500789368,TSLA,2026-10-02,2026-10-02T15:50:38.645641-04:00,373.15,-0.0115
S-20261002T19054717931,S,2026-10-02,2026-10-02T15:50:49.040771-04:00,24.985,0.735
TSLA-20261002T19500789368,TSLA,2026-10-02,2026-10-02T15:50:49.040771-04:00,373.27,-0.0437
S-20261002T19054717931,S,2026-10-02,2026-10-02T15:50:59.326657-04:00,24.985,0.735
TSLA-20261002T19500789368,TSLA,2026-10-02,2026-10-02T15:50:59.326657-04:00,373.4415,-0.0897
S-20261002T19054717931,S,2026-10-02,2026-10-02T15:51:09.613068-04:00,24.9733,0.7815
TSLA-20261002T19500789368,TSLA,2026-10-02,2026-10-02T15:51:09.613068-04:00,373.375,-0.0718
S-20261002T19054717931,S,2026-10-02,2026-10-02T15:51:19.891869-04:00,24.98,0.7549
TSLA-20261002T19500789368,TSLA,2026-10-02,2026-10-02T15:51:19.891869-04:00,373.27,-0.0437
S-20261002T19054717931,S,2026-10-02,2026-10-02T15:51:30.225306-04:00,24.985,0.735
TSLA-20261002T19500789368,TSLA,2026-10-02,2026-10-02T15:51:30.225306-04:00,373.14,-0.0089
S-20261002T19054717931,S,2026-10-02,2026-10-02T15:51:40.610341-04:00,24.985,0.735
TSLA-20261002T19500789368,TSLA,2026-10-02,2026-10-02T15:51:40.610341-04:00,373.04,0.0179
S-20261002T19054717931,S,2026-10-02,2026-10-02T15:51:50.884121-04:00,24.99,0.7151
TSLA-20261002T19500789368,TSLA,2026-10-02,2026-10-02T15:51:50.884121-04:00,372.91,0.0528
S-20261002T19054717931,S,2026-10-02,2026-10-02T15:52:01.116479-04:00,24.9758,0.7716
TSLA-20261002T19500789368,TSLA,2026-10-02,2026-10-02T15:52:01.116479-04:00,372.96,0.0394
S-20261002T19054717931,S,2026-10-02,2026-10-02T15:52:11.469885-04:00,24.985,0.735
TSLA-20261002T19500789368,TSLA,2026-10-02,2026-10-02T15:52:11.469885-04:00,373.2962,-0.0507
S-20261002T19054717931,S,2026-10-02,2026-10-02T15:52:21.789989-04:00,24.985,0.735
TSLA-20261002T19500789368,TSLA,2026-10-02,2026-10-02T15:52:21.789989-04:00,373.03,0.0206
S-20261002T19054717931,S,2026-10-02,2026-10-02T15:52:32.493977-04:00,24.978,0.7628
TSLA-20261002T19500789368,TSLA,2026-10-02,2026-10-02T15:52:32.493977-04:00,373.01,0.026
S-20261002T19054717931,S,2026-10-02,2026-10-02T15:52:42.841255-04:00,24.9853,0.7338
TSLA-20261002T19500789368,TSLA,2026-10-02,2026-10-02T15:52:42.841255-04:00,373.07,0.0099
S-20261002T19054717931,S,2026-10-02,2026-10-02T15:52:53.152820-04:00,24.985,0.735
TSLA-20261002T19500789368,TSLA,2026-10-02,2026-10-02T15:52:53.152820-04:00,372.93,0.0474
S-20261002T19054717931,S,2026-10-02,2026-10-02T15:53:03.337498-04:00,24.9744,0.7771
TSLA-20261002T19500789368,TSLA,2026-10-02,2026-10-02T15:53:03.337498-04:00,372.855,0.0675
S-20261002T19054717931,S,2026-10-02,2026-10-02T15:53:13.674043-04:00,24.975,0.7747
TSLA-20261002T19500789368,TSLA,2026-10-02,2026-10-02T15:53:13.674043-04:00,372.775,0.089
S-20261002T19054717931,S,2026-10-02,2026-10-02T15:53:23.949505-04:00,24.985,0.735
TSLA-20261002T19500789368,TSLA,2026-10-02,2026-10-02T15:53:23.949505-04:00,372.6801,0.1144
S-20261002T19054717931,S,2026-10-02,2026-10-02T15:53:34.216891-04:00,24.9938,0.7
TSLA-20261002T19500789368,TSLA,2026-10-02,2026-10-02T15:53:34.216891-04:00,372.675,0.1158
S-20261002T19054717931,S,2026-10-02,2026-10-02T15:53:44.529530-04:00,24.9825,0.7449
TSLA-20261002T19500789368,TSLA,2026-10-02,2026-10-02T15:53:44.529530-04:00,372.54,0.1519
S-20261002T19054717931,S,2026-10-02,2026-10-02T15:53:54.742929-04:00,24.9925,0.7052
TSLA-20261002T19500789368,TSLA,2026-10-02,2026-10-02T15:53:54.742929-04:00,373.0763,0.0082
S-20261002T19054717931,S,2026-10-02,2026-10-02T15:54:04.974403-04:00,25.015,0.6158
TSLA-20261002T19500789368,TSLA,2026-10-02,2026-10-02T15:54:04.974403-04:00,372.535,0.1533
S-20261002T19054717931,S,2026-10-02,2026-10-02T15:54:15.316648-04:00,25.025,0.5761
TSLA-20261002T19500789368,TSLA,2026-10-02,2026-10-02T15:54:15.316648-04:00,372.5,0.1627
S-20261002T19054717931,S,2026-10-02,2026-10-02T15:54:25.500160-04:00,25.0212,0.5912
TSLA-20261002T19500789368,TSLA,2026-10-02,2026-10-02T15:54:25.500160-04:00,372.355,0.2015
S-20261002T19054717931,S,2026-10-02,2026-10-02T15:54:35.710990-04:00,25.025,0.5761
TSLA-20261002T19500789368,TSLA,2026-10-02,2026-10-02T15:54:35.710990-04:00,372.29,0.219
S-20261002T19054717931,S,2026-10-02,2026-10-02T15:54:45.988834-04:00,25.015,0.6158
TSLA-20261002T19500789368,TSLA,2026-10-02,2026-10-02T15:54:45.988834-04:00,371.7926,0.3523
S-20261002T19054717931,S,2026-10-02,2026-10-02T15:54:56.301637-04:00,24.9914,0.7096
TSLA-20261002T19500789368,TSLA,2026-10-02,2026-10-02T15:54:56.301637-04:00,372.6727,0.1164
S-20261002T19054717931,S,2026-10-02,2026-10-02T15:55:06.515526-04:00,25.04,0.5165
TSLA-20261002T19500789368,TSLA,2026-10-02,2026-10-02T15:55:06.515526-04:00,370.46,0.7094
