trade_id,symbol,date,timestamp,price,gain_pct
KLAC-20260930T13331818286,KLAC,2026-09-30,2026-09-30T09:33:28.406467-04:00,196.225,-0.2668
KLAC-20260930T13331818286,KLAC,2026-09-30,2026-09-30T09:33:31.814848-04:00,196.3457,-0.2055
KLAC-20260930T13331818286,KLAC,2026-09-30,2026-09-30T09:33:35.197903-04:00,196.37,-0.1931
KLAC-20260930T13331818286,KLAC,2026-09-30,2026-09-30T09:33:38.480619-04:00,196.22,-0.2694
VIAV-20260930T13332156640,VIAV,2026-09-30,2026-09-30T09:33:38.480619-04:00,41.88,-0.3332
ILMN-20260930T13331124359,ILMN,2026-09-30,2026-09-30T09:33:42.041984-04:00,272.915,-1.4747
KLAC-20260930T13331818286,KLAC,2026-09-30,2026-09-30T09:33:42.041984-04:00,196.344,-0.1455
VIAV-20260930T13332156640,VIAV,2026-09-30,2026-09-30T09:33:42.041984-04:00,41.8495,-0.4058
MXL-20260930T13332875397,MXL,2026-09-30,2026-09-30T09:33:42.041984-04:00,92.5,-1.5957
KLAC-20260930T13331818286,KLAC,2026-09-30,2026-09-30T09:33:45.664826-04:00,196.255,-0.1907
VIAV-20260930T13332156640,VIAV,2026-09-30,2026-09-30T09:33:45.664826-04:00,41.88,-0.3201
BRKR-20260930T13331814796,BRKR,2026-09-30,2026-09-30T09:33:49.024952-04:00,64.325,-0.5027
KLAC-20260930T13331818286,KLAC,2026-09-30,2026-09-30T09:33:49.024952-04:00,196.295,-0.1704
VIAV-20260930T13332156640,VIAV,2026-09-30,2026-09-30T09:33:49.024952-04:00,41.9723,-0.0972
KLAC-20260930T13331818286,KLAC,2026-09-30,2026-09-30T09:33:52.659515-04:00,196.33,-0.1323
VIAV-20260930T13332156640,VIAV,2026-09-30,2026-09-30T09:33:52.659515-04:00,41.76,-0.6025
KLAC-20260930T13331818286,KLAC,2026-09-30,2026-09-30T09:33:56.073755-04:00,196.15,-0.2238
VIAV-20260930T13332156640,VIAV,2026-09-30,2026-09-30T09:33:56.073755-04:00,41.76,-0.5983
TWST-20260930T13332540569,TWST,2026-09-30,2026-09-30T09:33:56.073755-04:00,191.69,-0.1563
KLAC-20260930T13331818286,KLAC,2026-09-30,2026-09-30T09:33:59.478794-04:00,196.13,-0.234
VIAV-20260930T13332156640,VIAV,2026-09-30,2026-09-30T09:33:59.478794-04:00,41.75,-0.6201
KLAC-20260930T13331818286,KLAC,2026-09-30,2026-09-30T09:34:02.793278-04:00,196.09,-0.2543
VIAV-20260930T13332156640,VIAV,2026-09-30,2026-09-30T09:34:02.793278-04:00,41.815,-0.4619
KLAC-20260930T13331818286,KLAC,2026-09-30,2026-09-30T09:34:06.264116-04:00,196.17,-0.2136
VIAV-20260930T13332156640,VIAV,2026-09-30,2026-09-30T09:34:06.264116-04:00,41.755,-0.6047
KLAC-20260930T13331818286,KLAC,2026-09-30,2026-09-30T09:34:09.640646-04:00,196.12,-0.2391
VIAV-20260930T13332156640,VIAV,2026-09-30,2026-09-30T09:34:09.640646-04:00,41.755,-0.6047
KLAC-20260930T13331818286,KLAC,2026-09-30,2026-09-30T09:34:12.920560-04:00,196.2612,-0.1673
VIAV-20260930T13332156640,VIAV,2026-09-30,2026-09-30T09:34:12.920560-04:00,41.75,-0.6166
KLAC-20260930T13331818286,KLAC,2026-09-30,2026-09-30T09:34:16.209546-04:00,196.165,-0.2162
VIAV-20260930T13332156640,VIAV,2026-09-30,2026-09-30T09:34:16.209546-04:00,41.75,-0.6166
KLAC-20260930T13331818286,KLAC,2026-09-30,2026-09-30T09:34:19.515941-04:00,196.175,-0.2111
VIAV-20260930T13332156640,VIAV,2026-09-30,2026-09-30T09:34:19.515941-04:00,41.75,-0.6166
KLAC-20260930T13331818286,KLAC,2026-09-30,2026-09-30T09:34:22.762955-04:00,196.175,-0.2111
VIAV-20260930T13332156640,VIAV,2026-09-30,2026-09-30T09:34:22.762955-04:00,41.89,-0.2833
KLAC-20260930T13331818286,KLAC,2026-09-30,2026-09-30T09:34:26.046522-04:00,196.208,-0.1943
VIAV-20260930T13332156640,VIAV,2026-09-30,2026-09-30T09:34:26.046522-04:00,41.75,-0.6166
KLAC-20260930T13331818286,KLAC,2026-09-30,2026-09-30T09:34:29.314462-04:00,196.245,-0.1755
VIAV-20260930T13332156640,VIAV,2026-09-30,2026-09-30T09:34:29.314462-04:00,41.8228,-0.4433
CCL-20260930T13342303995,CCL,2026-09-30,2026-09-30T09:34:29.314462-04:00,25.015,-0.0998
KLAC-20260930T13331818286,KLAC,2026-09-30,2026-09-30T09:34:32.758801-04:00,196.1659,-0.2157
VIAV-20260930T13332156640,VIAV,2026-09-30,2026-09-30T09:34:32.758801-04:00,41.83,-0.4262
CCL-20260930T13342303995,CCL,2026-09-30,2026-09-30T09:34:32.758801-04:00,25.01,-0.1198
KLAC-20260930T13331818286,KLAC,2026-09-30,2026-09-30T09:34:36.090801-04:00,196.12,-0.2391
VIAV-20260930T13332156640,VIAV,2026-09-30,2026-09-30T09:34:36.090801-04:00,41.83,-0.4262
CCL-20260930T13342303995,CCL,2026-09-30,2026-09-30T09:34:36.090801-04:00,25.01,-0.1198
P-20260930T13342972138,P,2026-09-30,2026-09-30T09:34:36.090801-04:00,132.5987,-0.0085
BE-20260930T13342975367,BE,2026-09-30,2026-09-30T09:34:36.090801-04:00,294.52,-0.1729
KLAC-20260930T13331818286,KLAC,2026-09-30,2026-09-30T09:34:39.547138-04:00,196.245,-0.1755
VIAV-20260930T13332156640,VIAV,2026-09-30,2026-09-30T09:34:39.547138-04:00,41.8,-0.4976
CCL-20260930T13342303995,CCL,2026-09-30,2026-09-30T09:34:39.547138-04:00,25.001,-0.1558
P-20260930T13342972138,P,2026-09-30,2026-09-30T09:34:39.547138-04:00,131.8748,-0.5544
BE-20260930T13342975367,BE,2026-09-30,2026-09-30T09:34:39.547138-04:00,293.595,-0.4864
KLAC-20260930T13331818286,KLAC,2026-09-30,2026-09-30T09:34:43.005459-04:00,196.185,-0.206
VIAV-20260930T13332156640,VIAV,2026-09-30,2026-09-30T09:34:43.005459-04:00,41.8,-0.4976
CCL-20260930T13342303995,CCL,2026-09-30,2026-09-30T09:34:43.005459-04:00,25.0,-0.1597
P-20260930T13342972138,P,2026-09-30,2026-09-30T09:34:43.005459-04:00,132.19,-0.3167
KLAC-20260930T13331818286,KLAC,2026-09-30,2026-09-30T09:34:46.378995-04:00,196.18,-0.2086
VIAV-20260930T13332156640,VIAV,2026-09-30,2026-09-30T09:34:46.378995-04:00,41.89,-0.2833
CCL-20260930T13342303995,CCL,2026-09-30,2026-09-30T09:34:46.378995-04:00,24.99,-0.1997
P-20260930T13342972138,P,2026-09-30,2026-09-30T09:34:46.378995-04:00,132.19,-0.3167
KLAC-20260930T13331818286,KLAC,2026-09-30,2026-09-30T09:34:49.729359-04:00,196.3,-0.1475
VIAV-20260930T13332156640,VIAV,2026-09-30,2026-09-30T09:34:49.729359-04:00,41.7118,-0.7075
CCL-20260930T13342303995,CCL,2026-09-30,2026-09-30T09:34:49.729359-04:00,24.995,-0.1797
AAON-20260930T13342967737,AAON,2026-09-30,2026-09-30T09:34:49.729359-04:00,84.09,-1.8786
P-20260930T13342972138,P,2026-09-30,2026-09-30T09:34:49.729359-04:00,132.19,-0.3167
KLAC-20260930T13331818286,KLAC,2026-09-30,2026-09-30T09:34:53.259791-04:00,196.36,-0.117
VIAV-20260930T13332156640,VIAV,2026-09-30,2026-09-30T09:34:53.259791-04:00,41.74,-0.6404
CCL-20260930T13342303995,CCL,2026-09-30,2026-09-30T09:34:53.259791-04:00,24.99,-0.1997
P-20260930T13342972138,P,2026-09-30,2026-09-30T09:34:53.259791-04:00,132.3,-0.2338
KLAC-20260930T13331818286,KLAC,2026-09-30,2026-09-30T09:34:56.639072-04:00,196.615,0.0127
VIAV-20260930T13332156640,VIAV,2026-09-30,2026-09-30T09:34:56.639072-04:00,41.8764,-0.3157
CCL-20260930T13342303995,CCL,2026-09-30,2026-09-30T09:34:56.639072-04:00,25.025,-0.0599
P-20260930T13342972138,P,2026-09-30,2026-09-30T09:34:56.639072-04:00,131.845,-0.5769
KLAC-20260930T13331818286,KLAC,2026-09-30,2026-09-30T09:35:00.094925-04:00,196.62,0.0153
VIAV-20260930T13332156640,VIAV,2026-09-30,2026-09-30T09:35:00.094925-04:00,41.8764,-0.3157
CCL-20260930T13342303995,CCL,2026-09-30,2026-09-30T09:35:00.094925-04:00,25.025,-0.0599
P-20260930T13342972138,P,2026-09-30,2026-09-30T09:35:00.094925-04:00,132.23,-0.2866
WING-20260930T13345025480,WING,2026-09-30,2026-09-30T09:35:00.094925-04:00,105.18,-0.5484
KLAC-20260930T13331818286,KLAC,2026-09-30,2026-09-30T09:35:03.829357-04:00,196.728,0.0702
VIAV-20260930T13332156640,VIAV,2026-09-30,2026-09-30T09:35:03.829357-04:00,41.7724,-0.5633
CCL-20260930T13342303995,CCL,2026-09-30,2026-09-30T09:35:03.829357-04:00,24.99,-0.1997
P-20260930T13342972138,P,2026-09-30,2026-09-30T09:35:03.829357-04:00,132.1457,-0.3501
KLAC-20260930T13331818286,KLAC,2026-09-30,2026-09-30T09:35:07.719208-04:00,196.36,-0.117
VIAV-20260930T13332156640,VIAV,2026-09-30,2026-09-30T09:35:07.719208-04:00,41.7724,-0.5633
CCL-20260930T13342303995,CCL,2026-09-30,2026-09-30T09:35:07.719208-04:00,24.998,-0.1677
P-20260930T13342972138,P,2026-09-30,2026-09-30T09:35:07.719208-04:00,132.23,-0.2866
KLAC-20260930T13331818286,KLAC,2026-09-30,2026-09-30T09:35:11.226060-04:00,196.365,-0.1145
VIAV-20260930T13332156640,VIAV,2026-09-30,2026-09-30T09:35:11.226060-04:00,41.87,-0.3309
CCL-20260930T13342303995,CCL,2026-09-30,2026-09-30T09:35:11.226060-04:00,24.965,-0.2995
P-20260930T13342972138,P,2026-09-30,2026-09-30T09:35:11.226060-04:00,132.23,-0.2866
KLAC-20260930T13331818286,KLAC,2026-09-30,2026-09-30T09:35:14.717315-04:00,196.575,-0.0076
VIAV-20260930T13332156640,VIAV,2026-09-30,2026-09-30T09:35:14.717315-04:00,41.795,-0.5095
CCL-20260930T13342303995,CCL,2026-09-30,2026-09-30T09:35:14.717315-04:00,24.9701,-0.2792
P-20260930T13342972138,P,2026-09-30,2026-09-30T09:35:14.717315-04:00,131.87,-0.558
KLAC-20260930T13331818286,KLAC,2026-09-30,2026-09-30T09:35:18.105840-04:00,196.525,-0.0331
VIAV-20260930T13332156640,VIAV,2026-09-30,2026-09-30T09:35:18.105840-04:00,41.795,-0.5095
CCL-20260930T13342303995,CCL,2026-09-30,2026-09-30T09:35:18.105840-04:00,24.97,-0.2796
P-20260930T13342972138,P,2026-09-30,2026-09-30T09:35:18.105840-04:00,131.71,-0.6787
KLAC-20260930T13331818286,KLAC,2026-09-30,2026-09-30T09:35:21.916192-04:00,196.47,-0.061
VIAV-20260930T13332156640,VIAV,2026-09-30,2026-09-30T09:35:21.916192-04:00,41.9,-0.2595
CCL-20260930T13342303995,CCL,2026-09-30,2026-09-30T09:35:21.916192-04:00,24.955,-0.3395
P-20260930T13342972138,P,2026-09-30,2026-09-30T09:35:21.916192-04:00,131.87,-0.558
KLAC-20260930T13331818286,KLAC,2026-09-30,2026-09-30T09:35:25.221279-04:00,196.58,-0.0051
VIAV-20260930T13332156640,VIAV,2026-09-30,2026-09-30T09:35:25.221279-04:00,41.8808,-0.3052
CCL-20260930T13342303995,CCL,2026-09-30,2026-09-30T09:35:25.221279-04:00,25.01,-0.1198
P-20260930T13342972138,P,2026-09-30,2026-09-30T09:35:25.221279-04:00,131.87,-0.558
KLAC-20260930T13331818286,KLAC,2026-09-30,2026-09-30T09:35:28.749033-04:00,196.52,-0.0356
VIAV-20260930T13332156640,VIAV,2026-09-30,2026-09-30T09:35:28.749033-04:00,41.85,-0.3785
CCL-20260930T13342303995,CCL,2026-09-30,2026-09-30T09:35:28.749033-04:00,25.007,-0.1318
P-20260930T13342972138,P,2026-09-30,2026-09-30T09:35:28.749033-04:00,131.865,-0.5618
KLAC-20260930T13331818286,KLAC,2026-09-30,2026-09-30T09:35:32.109449-04:00,196.435,-0.0788
VIAV-20260930T13332156640,VIAV,2026-09-30,2026-09-30T09:35:32.109449-04:00,41.85,-0.3785
CCL-20260930T13342303995,CCL,2026-09-30,2026-09-30T09:35:32.109449-04:00,25.007,-0.1318
P-20260930T13342972138,P,2026-09-30,2026-09-30T09:35:32.109449-04:00,131.95,-0.4977
KLAC-20260930T13331818286,KLAC,2026-09-30,2026-09-30T09:35:35.599859-04:00,196.31,-0.1424
VIAV-20260930T13332156640,VIAV,2026-09-30,2026-09-30T09:35:35.599859-04:00,41.85,-0.3785
CCL-20260930T13342303995,CCL,2026-09-30,2026-09-30T09:35:35.599859-04:00,25.02,-0.0799
P-20260930T13342972138,P,2026-09-30,2026-09-30T09:35:35.599859-04:00,131.95,-0.4977
GRAL-20260930T13350471758,GRAL,2026-09-30,2026-09-30T09:35:35.599859-04:00,139.08,-0.6517
KLAC-20260930T13331818286,KLAC,2026-09-30,2026-09-30T09:35:39.020994-04:00,196.3,-0.1475
VIAV-20260930T13332156640,VIAV,2026-09-30,2026-09-30T09:35:39.020994-04:00,41.8485,-0.3821
CCL-20260930T13342303995,CCL,2026-09-30,2026-09-30T09:35:39.020994-04:00,25.0673,0.109
P-20260930T13342972138,P,2026-09-30,2026-09-30T09:35:39.020994-04:00,131.86,-0.5656
GRAL-20260930T13350471758,GRAL,2026-09-30,2026-09-30T09:35:39.020994-04:00,138.72,-0.9089
TEM-20260930T13352574763,TEM,2026-09-30,2026-09-30T09:35:39.020994-04:00,83.8,0.1913
KLAC-20260930T13331818286,KLAC,2026-09-30,2026-09-30T09:35:42.403591-04:00,196.465,-0.0636
VIAV-20260930T13332156640,VIAV,2026-09-30,2026-09-30T09:35:42.403591-04:00,41.8485,-0.3821
CCL-20260930T13342303995,CCL,2026-09-30,2026-09-30T09:35:42.403591-04:00,25.0437,0.0148
P-20260930T13342972138,P,2026-09-30,2026-09-30T09:35:42.403591-04:00,132.1225,-0.3676
GRAL-20260930T13350471758,GRAL,2026-09-30,2026-09-30T09:35:42.403591-04:00,138.57,-1.0161
TEM-20260930T13352574763,TEM,2026-09-30,2026-09-30T09:35:42.403591-04:00,83.4668,-0.2071
KLAC-20260930T13331818286,KLAC,2026-09-30,2026-09-30T09:35:45.882618-04:00,196.49,-0.0509
VIAV-20260930T13332156640,VIAV,2026-09-30,2026-09-30T09:35:45.882618-04:00,41.85,-0.3785
CCL-20260930T13342303995,CCL,2026-09-30,2026-09-30T09:35:45.882618-04:00,25.03,-0.0399
P-20260930T13342972138,P,2026-09-30,2026-09-30T09:35:45.882618-04:00,131.955,-0.4939
GRAL-20260930T13350471758,GRAL,2026-09-30,2026-09-30T09:35:45.882618-04:00,139.1,-0.6375
TEM-20260930T13352574763,TEM,2026-09-30,2026-09-30T09:35:45.882618-04:00,83.7717,0.1575
KLAC-20260930T13331818286,KLAC,2026-09-30,2026-09-30T09:35:49.417570-04:00,196.41,-0.0916
VIAV-20260930T13332156640,VIAV,2026-09-30,2026-09-30T09:35:49.417570-04:00,41.58,-1.0213
CCL-20260930T13342303995,CCL,2026-09-30,2026-09-30T09:35:49.417570-04:00,25.01,-0.1198
P-20260930T13342972138,P,2026-09-30,2026-09-30T09:35:49.417570-04:00,131.8148,-0.5997
GRAL-20260930T13350471758,GRAL,2026-09-30,2026-09-30T09:35:49.417570-04:00,139.8835,-0.0778
TEM-20260930T13352574763,TEM,2026-09-30,2026-09-30T09:35:49.417570-04:00,83.7717,0.1575
KLAC-20260930T13331818286,KLAC,2026-09-30,2026-09-30T09:35:52.975201-04:00,196.165,-0.2162
VIAV-20260930T13332156640,VIAV,2026-09-30,2026-09-30T09:35:52.975201-04:00,41.58,-1.0213
CCL-20260930T13342303995,CCL,2026-09-30,2026-09-30T09:35:52.975201-04:00,24.9845,-0.2216
P-20260930T13342972138,P,2026-09-30,2026-09-30T09:35:52.975201-04:00,131.69,-0.6938
GRAL-20260930T13350471758,GRAL,2026-09-30,2026-09-30T09:35:52.975201-04:00,139.613,-0.271
TEM-20260930T13352574763,TEM,2026-09-30,2026-09-30T09:35:52.975201-04:00,83.4,-0.2869
KLAC-20260930T13331818286,KLAC,2026-09-30,2026-09-30T09:35:56.445813-04:00,196.319,-0.1379
VIAV-20260930T13332156640,VIAV,2026-09-30,2026-09-30T09:35:56.445813-04:00,41.625,-0.9141
CCL-20260930T13342303995,CCL,2026-09-30,2026-09-30T09:35:56.445813-04:00,24.9992,-0.1629
P-20260930T13342972138,P,2026-09-30,2026-09-30T09:35:56.445813-04:00,131.8297,-0.5884
GRAL-20260930T13350471758,GRAL,2026-09-30,2026-09-30T09:35:56.445813-04:00,139.14,-0.6089
TEM-20260930T13352574763,TEM,2026-09-30,2026-09-30T09:35:56.445813-04:00,83.8911,0.3002
RCL-20260930T13353601665,RCL,2026-09-30,2026-09-30T09:35:56.445813-04:00,261.93,0.0688
KLAC-20260930T13331818286,KLAC,2026-09-30,2026-09-30T09:35:59.896953-04:00,196.4351,-0.0788
VIAV-20260930T13332156640,VIAV,2026-09-30,2026-09-30T09:35:59.896953-04:00,41.625,-0.9141
CCL-20260930T13342303995,CCL,2026-09-30,2026-09-30T09:35:59.896953-04:00,24.9851,-0.2192
P-20260930T13342972138,P,2026-09-30,2026-09-30T09:35:59.896953-04:00,131.73,-0.6636
GRAL-20260930T13350471758,GRAL,2026-09-30,2026-09-30T09:35:59.896953-04:00,140.0,0.0054
TEM-20260930T13352574763,TEM,2026-09-30,2026-09-30T09:35:59.896953-04:00,83.9555,0.3772
RCL-20260930T13353601665,RCL,2026-09-30,2026-09-30T09:35:59.896953-04:00,261.44,-0.1184
KLAC-20260930T13331818286,KLAC,2026-09-30,2026-09-30T09:36:03.587252-04:00,196.16,-0.2187
VIAV-20260930T13332156640,VIAV,2026-09-30,2026-09-30T09:36:03.587252-04:00,41.625,-0.9141
CCL-20260930T13342303995,CCL,2026-09-30,2026-09-30T09:36:03.587252-04:00,24.99,-0.1997
P-20260930T13342972138,P,2026-09-30,2026-09-30T09:36:03.587252-04:00,131.7852,-0.622
GRAL-20260930T13350471758,GRAL,2026-09-30,2026-09-30T09:36:03.587252-04:00,139.14,-0.6089
TEM-20260930T13352574763,TEM,2026-09-30,2026-09-30T09:36:03.587252-04:00,83.83,0.2272
RCL-20260930T13353601665,RCL,2026-09-30,2026-09-30T09:36:03.587252-04:00,261.425,-0.1242
KLAC-20260930T13331818286,KLAC,2026-09-30,2026-09-30T09:36:07.637578-04:00,196.26,-0.1679
VIAV-20260930T13332156640,VIAV,2026-09-30,2026-09-30T09:36:07.637578-04:00,41.69,-0.7594
CCL-20260930T13342303995,CCL,2026-09-30,2026-09-30T09:36:07.637578-04:00,24.972,-0.2716
P-20260930T13342972138,P,2026-09-30,2026-09-30T09:36:07.637578-04:00,131.5,-0.837
TEM-20260930T13352574763,TEM,2026-09-30,2026-09-30T09:36:07.637578-04:00,83.98,0.4065
RCL-20260930T13353601665,RCL,2026-09-30,2026-09-30T09:36:07.637578-04:00,261.22,-0.2025
KLAC-20260930T13331818286,KLAC,2026-09-30,2026-09-30T09:36:11.327125-04:00,196.265,-0.1653
CCL-20260930T13342303995,CCL,2026-09-30,2026-09-30T09:36:11.327125-04:00,24.965,-0.2995
TEM-20260930T13352574763,TEM,2026-09-30,2026-09-30T09:36:11.327125-04:00,83.7872,0.176
RCL-20260930T13353601665,RCL,2026-09-30,2026-09-30T09:36:11.327125-04:00,260.92,-0.3171
CDNS-20260930T13360462756,CDNS,2026-09-30,2026-09-30T09:36:11.327125-04:00,324.91,-0.0215
KLAC-20260930T13331818286,KLAC,2026-09-30,2026-09-30T09:36:14.766718-04:00,196.16,-0.2187
CCL-20260930T13342303995,CCL,2026-09-30,2026-09-30T09:36:14.766718-04:00,24.9654,-0.2979
TEM-20260930T13352574763,TEM,2026-09-30,2026-09-30T09:36:14.766718-04:00,83.7346,0.1131
RCL-20260930T13353601665,RCL,2026-09-30,2026-09-30T09:36:14.766718-04:00,260.78,-0.3706
CDNS-20260930T13360462756,CDNS,2026-09-30,2026-09-30T09:36:14.766718-04:00,324.91,-0.0215
KLAC-20260930T13331818286,KLAC,2026-09-30,2026-09-30T09:36:18.223948-04:00,196.225,-0.1857
CCL-20260930T13342303995,CCL,2026-09-30,2026-09-30T09:36:18.223948-04:00,24.925,-0.4593
TEM-20260930T13352574763,TEM,2026-09-30,2026-09-30T09:36:18.223948-04:00,83.9856,0.4132
RCL-20260930T13353601665,RCL,2026-09-30,2026-09-30T09:36:18.223948-04:00,260.62,-0.4317
CDNS-20260930T13360462756,CDNS,2026-09-30,2026-09-30T09:36:18.223948-04:00,325.51,0.1631
KLAC-20260930T13331818286,KLAC,2026-09-30,2026-09-30T09:36:21.845892-04:00,196.455,-0.0687
CCL-20260930T13342303995,CCL,2026-09-30,2026-09-30T09:36:21.845892-04:00,24.93,-0.4393
TEM-20260930T13352574763,TEM,2026-09-30,2026-09-30T09:36:21.845892-04:00,84.25,0.7293
RCL-20260930T13353601665,RCL,2026-09-30,2026-09-30T09:36:21.845892-04:00,260.565,-0.4527
CDNS-20260930T13360462756,CDNS,2026-09-30,2026-09-30T09:36:21.845892-04:00,325.57,0.1815
KLAC-20260930T13331818286,KLAC,2026-09-30,2026-09-30T09:36:25.548929-04:00,196.38,-0.1068
CCL-20260930T13342303995,CCL,2026-09-30,2026-09-30T09:36:25.548929-04:00,24.955,-0.3395
TEM-20260930T13352574763,TEM,2026-09-30,2026-09-30T09:36:25.548929-04:00,84.31,0.8011
RCL-20260930T13353601665,RCL,2026-09-30,2026-09-30T09:36:25.548929-04:00,260.565,-0.4527
CDNS-20260930T13360462756,CDNS,2026-09-30,2026-09-30T09:36:25.548929-04:00,325.57,0.1815
HPE-20260930T13361883746,HPE,2026-09-30,2026-09-30T09:36:25.548929-04:00,65.815,-0.0076
KLAC-20260930T13331818286,KLAC,2026-09-30,2026-09-30T09:36:29.257810-04:00,196.37,-0.1119
CCL-20260930T13342303995,CCL,2026-09-30,2026-09-30T09:36:29.257810-04:00,24.985,-0.2196
RCL-20260930T13353601665,RCL,2026-09-30,2026-09-30T09:36:29.257810-04:00,260.565,-0.4527
CDNS-20260930T13360462756,CDNS,2026-09-30,2026-09-30T09:36:29.257810-04:00,325.57,0.1815
AVGO-20260930T13362244917,AVGO,2026-09-30,2026-09-30T09:36:29.257810-04:00,355.11,-0.0385
IONQ-20260930T13362249002,IONQ,2026-09-30,2026-09-30T09:36:29.257810-04:00,45.315,0.167
KLAC-20260930T13331818286,KLAC,2026-09-30,2026-09-30T09:36:32.765423-04:00,196.2701,-0.1627
CCL-20260930T13342303995,CCL,2026-09-30,2026-09-30T09:36:32.765423-04:00,24.985,-0.2196
RCL-20260930T13353601665,RCL,2026-09-30,2026-09-30T09:36:32.765423-04:00,260.8395,-0.3479
CDNS-20260930T13360462756,CDNS,2026-09-30,2026-09-30T09:36:32.765423-04:00,325.53,0.1692
AVGO-20260930T13362244917,AVGO,2026-09-30,2026-09-30T09:36:32.765423-04:00,355.17,-0.0554
IONQ-20260930T13362249002,IONQ,2026-09-30,2026-09-30T09:36:32.765423-04:00,45.39,0.0017
KLAC-20260930T13331818286,KLAC,2026-09-30,2026-09-30T09:36:36.337305-04:00,196.5,-0.0458
CCL-20260930T13342303995,CCL,2026-09-30,2026-09-30T09:36:36.337305-04:00,24.985,-0.2196
RCL-20260930T13353601665,RCL,2026-09-30,2026-09-30T09:36:36.337305-04:00,260.57,-0.4508
CDNS-20260930T13360462756,CDNS,2026-09-30,2026-09-30T09:36:36.337305-04:00,325.2476,0.0823
AVGO-20260930T13362244917,AVGO,2026-09-30,2026-09-30T09:36:36.337305-04:00,355.0,-0.0075
IONQ-20260930T13362249002,IONQ,2026-09-30,2026-09-30T09:36:36.337305-04:00,45.41,-0.0423
KLAC-20260930T13331818286,KLAC,2026-09-30,2026-09-30T09:36:39.901635-04:00,196.54,-0.0254
CCL-20260930T13342303995,CCL,2026-09-30,2026-09-30T09:36:39.901635-04:00,25.0,-0.1597
RCL-20260930T13353601665,RCL,2026-09-30,2026-09-30T09:36:39.901635-04:00,261.01,-0.2827
CDNS-20260930T13360462756,CDNS,2026-09-30,2026-09-30T09:36:39.901635-04:00,325.4052,0.1308
AVGO-20260930T13362244917,AVGO,2026-09-30,2026-09-30T09:36:39.901635-04:00,355.325,-0.0991
IONQ-20260930T13362249002,IONQ,2026-09-30,2026-09-30T09:36:39.901635-04:00,45.345,0.1009
KLAC-20260930T13331818286,KLAC,2026-09-30,2026-09-30T09:36:43.320674-04:00,196.4962,-0.0477
CCL-20260930T13342303995,CCL,2026-09-30,2026-09-30T09:36:43.320674-04:00,25.02,-0.0799
RCL-20260930T13353601665,RCL,2026-09-30,2026-09-30T09:36:43.320674-04:00,260.725,-0.3916
CDNS-20260930T13360462756,CDNS,2026-09-30,2026-09-30T09:36:43.320674-04:00,325.35,0.1139
AVGO-20260930T13362244917,AVGO,2026-09-30,2026-09-30T09:36:43.320674-04:00,355.1308,-0.0444
IONQ-20260930T13362249002,IONQ,2026-09-30,2026-09-30T09:36:43.320674-04:00,45.405,-0.0313
FDS-20260930T13362253380,FDS,2026-09-30,2026-09-30T09:36:43.320674-04:00,262.705,-1.3953
KLAC-20260930T13331818286,KLAC,2026-09-30,2026-09-30T09:36:46.959637-04:00,196.6,0.0051
CCL-20260930T13342303995,CCL,2026-09-30,2026-09-30T09:36:46.959637-04:00,25.015,-0.0998
RCL-20260930T13353601665,RCL,2026-09-30,2026-09-30T09:36:46.959637-04:00,260.7,-0.4011
CDNS-20260930T13360462756,CDNS,2026-09-30,2026-09-30T09:36:46.959637-04:00,325.35,0.1139
AVGO-20260930T13362244917,AVGO,2026-09-30,2026-09-30T09:36:46.959637-04:00,355.285,-0.0878
IONQ-20260930T13362249002,IONQ,2026-09-30,2026-09-30T09:36:46.959637-04:00,45.38,0.0237
KLAC-20260930T13331818286,KLAC,2026-09-30,2026-09-30T09:36:50.431714-04:00,196.51,-0.0407
CCL-20260930T13342303995,CCL,2026-09-30,2026-09-30T09:36:50.431714-04:00,25.005,-0.1398
RCL-20260930T13353601665,RCL,2026-09-30,2026-09-30T09:36:50.431714-04:00,260.73,-0.3897
CDNS-20260930T13360462756,CDNS,2026-09-30,2026-09-30T09:36:50.431714-04:00,325.565,0.18
AVGO-20260930T13362244917,AVGO,2026-09-30,2026-09-30T09:36:50.431714-04:00,355.168,-0.0548
IONQ-20260930T13362249002,IONQ,2026-09-30,2026-09-30T09:36:50.431714-04:00,45.38,0.0237
KLAC-20260930T13331818286,KLAC,2026-09-30,2026-09-30T09:36:53.949121-04:00,196.26,-0.1679
CCL-20260930T13342303995,CCL,2026-09-30,2026-09-30T09:36:53.949121-04:00,24.995,-0.1797
RCL-20260930T13353601665,RCL,2026-09-30,2026-09-30T09:36:53.949121-04:00,260.976,-0.2957
CDNS-20260930T13360462756,CDNS,2026-09-30,2026-09-30T09:36:53.949121-04:00,324.9687,-0.0035
AVGO-20260930T13362244917,AVGO,2026-09-30,2026-09-30T09:36:53.949121-04:00,355.11,-0.0385
IONQ-20260930T13362249002,IONQ,2026-09-30,2026-09-30T09:36:53.949121-04:00,45.395,-0.0093
KLAC-20260930T13331818286,KLAC,2026-09-30,2026-09-30T09:36:57.375632-04:00,196.48,-0.056
CCL-20260930T13342303995,CCL,2026-09-30,2026-09-30T09:36:57.375632-04:00,25.0,-0.1597
RCL-20260930T13353601665,RCL,2026-09-30,2026-09-30T09:36:57.375632-04:00,260.61,-0.4355
CDNS-20260930T13360462756,CDNS,2026-09-30,2026-09-30T09:36:57.375632-04:00,324.9687,-0.0035
AVGO-20260930T13362244917,AVGO,2026-09-30,2026-09-30T09:36:57.375632-04:00,355.2288,-0.072
IONQ-20260930T13362249002,IONQ,2026-09-30,2026-09-30T09:36:57.375632-04:00,45.5142,-0.2719
KLAC-20260930T13331818286,KLAC,2026-09-30,2026-09-30T09:37:00.800377-04:00,196.55,-0.0203
CCL-20260930T13342303995,CCL,2026-09-30,2026-09-30T09:37:00.800377-04:00,24.992,-0.1917
RCL-20260930T13353601665,RCL,2026-09-30,2026-09-30T09:37:00.800377-04:00,260.65,-0.4202
CDNS-20260930T13360462756,CDNS,2026-09-30,2026-09-30T09:37:00.800377-04:00,324.9687,-0.0035
AVGO-20260930T13362244917,AVGO,2026-09-30,2026-09-30T09:37:00.800377-04:00,355.2423,-0.0758
IONQ-20260930T13362249002,IONQ,2026-09-30,2026-09-30T09:37:00.800377-04:00,45.4932,-0.2256
KLAC-20260930T13331818286,KLAC,2026-09-30,2026-09-30T09:37:04.647141-04:00,196.4845,-0.0537
CCL-20260930T13342303995,CCL,2026-09-30,2026-09-30T09:37:04.647141-04:00,24.9924,-0.1901
CDNS-20260930T13360462756,CDNS,2026-09-30,2026-09-30T09:37:04.647141-04:00,325.299,0.0982
AVGO-20260930T13362244917,AVGO,2026-09-30,2026-09-30T09:37:04.647141-04:00,355.3488,-0.1058
KLAC-20260930T13331818286,KLAC,2026-09-30,2026-09-30T09:37:08.127260-04:00,196.35,-0.1221
CCL-20260930T13342303995,CCL,2026-09-30,2026-09-30T09:37:08.127260-04:00,25.01,-0.1198
CDNS-20260930T13360462756,CDNS,2026-09-30,2026-09-30T09:37:08.127260-04:00,325.575,0.1831
AVGO-20260930T13362244917,AVGO,2026-09-30,2026-09-30T09:37:08.127260-04:00,355.1,-0.0357
KLAC-20260930T13331818286,KLAC,2026-09-30,2026-09-30T09:37:11.696473-04:00,196.55,-0.0203
CCL-20260930T13342303995,CCL,2026-09-30,2026-09-30T09:37:11.696473-04:00,25.035,-0.02
CDNS-20260930T13360462756,CDNS,2026-09-30,2026-09-30T09:37:11.696473-04:00,325.07,0.0277
AVGO-20260930T13362244917,AVGO,2026-09-30,2026-09-30T09:37:11.696473-04:00,354.98,-0.0019
BKNG-20260930T13370508365,BKNG,2026-09-30,2026-09-30T09:37:11.696473-04:00,161.585,-0.0679
KLAC-20260930T13331818286,KLAC,2026-09-30,2026-09-30T09:37:15.187834-04:00,196.385,-0.1043
CCL-20260930T13342303995,CCL,2026-09-30,2026-09-30T09:37:15.187834-04:00,25.09,0.1997
CDNS-20260930T13360462756,CDNS,2026-09-30,2026-09-30T09:37:15.187834-04:00,325.215,0.0723
AVGO-20260930T13362244917,AVGO,2026-09-30,2026-09-30T09:37:15.187834-04:00,355.0,-0.0075
BKNG-20260930T13370508365,BKNG,2026-09-30,2026-09-30T09:37:15.187834-04:00,161.59,-0.071
IONQ-20260930T13370862772,IONQ,2026-09-30,2026-09-30T09:37:15.187834-04:00,45.51,-0.1076
RVMD-20260930T13370866752,RVMD,2026-09-30,2026-09-30T09:37:15.187834-04:00,204.04,-0.0687
KLAC-20260930T13331818286,KLAC,2026-09-30,2026-09-30T09:37:18.662401-04:00,196.34,-0.1272
CCL-20260930T13342303995,CCL,2026-09-30,2026-09-30T09:37:18.662401-04:00,25.105,0.2596
CDNS-20260930T13360462756,CDNS,2026-09-30,2026-09-30T09:37:18.662401-04:00,324.3755,-0.186
AVGO-20260930T13362244917,AVGO,2026-09-30,2026-09-30T09:37:18.662401-04:00,355.0,-0.0075
BKNG-20260930T13370508365,BKNG,2026-09-30,2026-09-30T09:37:18.662401-04:00,161.6,-0.0772
IONQ-20260930T13370862772,IONQ,2026-09-30,2026-09-30T09:37:18.662401-04:00,45.59,-0.2836
RVMD-20260930T13370866752,RVMD,2026-09-30,2026-09-30T09:37:18.662401-04:00,204.375,-0.233
KLAC-20260930T13331818286,KLAC,2026-09-30,2026-09-30T09:37:22.118042-04:00,196.35,-0.1221
CCL-20260930T13342303995,CCL,2026-09-30,2026-09-30T09:37:22.118042-04:00,25.118,0.3115
CDNS-20260930T13360462756,CDNS,2026-09-30,2026-09-30T09:37:22.118042-04:00,324.86,-0.0369
AVGO-20260930T13362244917,AVGO,2026-09-30,2026-09-30T09:37:22.118042-04:00,354.895,0.0221
BKNG-20260930T13370508365,BKNG,2026-09-30,2026-09-30T09:37:22.118042-04:00,161.605,-0.0803
IONQ-20260930T13370862772,IONQ,2026-09-30,2026-09-30T09:37:22.118042-04:00,45.4671,-0.0132
RVMD-20260930T13370866752,RVMD,2026-09-30,2026-09-30T09:37:22.118042-04:00,204.375,-0.233
KLAC-20260930T13331818286,KLAC,2026-09-30,2026-09-30T09:37:25.583007-04:00,196.4503,-0.0711
CCL-20260930T13342303995,CCL,2026-09-30,2026-09-30T09:37:25.583007-04:00,25.13,0.3594
CDNS-20260930T13360462756,CDNS,2026-09-30,2026-09-30T09:37:25.583007-04:00,325.2557,0.0848
AVGO-20260930T13362244917,AVGO,2026-09-30,2026-09-30T09:37:25.583007-04:00,354.9488,0.0069
BKNG-20260930T13370508365,BKNG,2026-09-30,2026-09-30T09:37:25.583007-04:00,162.0949,-0.3837
IONQ-20260930T13370862772,IONQ,2026-09-30,2026-09-30T09:37:25.583007-04:00,45.4887,-0.0607
RVMD-20260930T13370866752,RVMD,2026-09-30,2026-09-30T09:37:25.583007-04:00,204.375,-0.233
KLAC-20260930T13331818286,KLAC,2026-09-30,2026-09-30T09:37:29.013063-04:00,196.48,-0.056
CCL-20260930T13342303995,CCL,2026-09-30,2026-09-30T09:37:29.013063-04:00,25.155,0.4593
CDNS-20260930T13360462756,CDNS,2026-09-30,2026-09-30T09:37:29.013063-04:00,325.2,0.0677
AVGO-20260930T13362244917,AVGO,2026-09-30,2026-09-30T09:37:29.013063-04:00,354.94,0.0094
BKNG-20260930T13370508365,BKNG,2026-09-30,2026-09-30T09:37:29.013063-04:00,161.83,-0.2196
IONQ-20260930T13370862772,IONQ,2026-09-30,2026-09-30T09:37:29.013063-04:00,45.5209,-0.1316
RVMD-20260930T13370866752,RVMD,2026-09-30,2026-09-30T09:37:29.013063-04:00,204.375,-0.233
KLAC-20260930T13331818286,KLAC,2026-09-30,2026-09-30T09:37:32.473583-04:00,196.43,-0.0814
CCL-20260930T13342303995,CCL,2026-09-30,2026-09-30T09:37:32.473583-04:00,25.1615,0.4852
CDNS-20260930T13360462756,CDNS,2026-09-30,2026-09-30T09:37:32.473583-04:00,325.205,0.0692
AVGO-20260930T13362244917,AVGO,2026-09-30,2026-09-30T09:37:32.473583-04:00,354.97,0.0009
BKNG-20260930T13370508365,BKNG,2026-09-30,2026-09-30T09:37:32.473583-04:00,161.665,-0.1174
IONQ-20260930T13370862772,IONQ,2026-09-30,2026-09-30T09:37:32.473583-04:00,45.49,-0.0636
RVMD-20260930T13370866752,RVMD,2026-09-30,2026-09-30T09:37:32.473583-04:00,204.41,-0.2501
KLAC-20260930T13331818286,KLAC,2026-09-30,2026-09-30T09:37:35.922741-04:00,196.51,-0.0407
CCL-20260930T13342303995,CCL,2026-09-30,2026-09-30T09:37:35.922741-04:00,25.185,0.5791
CDNS-20260930T13360462756,CDNS,2026-09-30,2026-09-30T09:37:35.922741-04:00,325.21,0.0708
AVGO-20260930T13362244917,AVGO,2026-09-30,2026-09-30T09:37:35.922741-04:00,354.965,0.0023
BKNG-20260930T13370508365,BKNG,2026-09-30,2026-09-30T09:37:35.922741-04:00,161.91,-0.2692
IONQ-20260930T13370862772,IONQ,2026-09-30,2026-09-30T09:37:35.922741-04:00,45.44,0.0464
RVMD-20260930T13370866752,RVMD,2026-09-30,2026-09-30T09:37:35.922741-04:00,204.3955,-0.243
KLAC-20260930T13331818286,KLAC,2026-09-30,2026-09-30T09:37:39.328225-04:00,196.54,-0.0254
CCL-20260930T13342303995,CCL,2026-09-30,2026-09-30T09:37:39.328225-04:00,25.215,0.6989
CDNS-20260930T13360462756,CDNS,2026-09-30,2026-09-30T09:37:39.328225-04:00,325.21,0.0708
AVGO-20260930T13362244917,AVGO,2026-09-30,2026-09-30T09:37:39.328225-04:00,355.047,-0.0208
BKNG-20260930T13370508365,BKNG,2026-09-30,2026-09-30T09:37:39.328225-04:00,161.86,-0.2382
IONQ-20260930T13370862772,IONQ,2026-09-30,2026-09-30T09:37:39.328225-04:00,45.4715,-0.0229
RVMD-20260930T13370866752,RVMD,2026-09-30,2026-09-30T09:37:39.328225-04:00,204.3955,-0.243
KLAC-20260930T13331818286,KLAC,2026-09-30,2026-09-30T09:37:42.792322-04:00,196.49,-0.0509
CCL-20260930T13342303995,CCL,2026-09-30,2026-09-30T09:37:42.792322-04:00,25.205,0.6589
CDNS-20260930T13360462756,CDNS,2026-09-30,2026-09-30T09:37:42.792322-04:00,325.2553,0.0847
AVGO-20260930T13362244917,AVGO,2026-09-30,2026-09-30T09:37:42.792322-04:00,354.915,0.0164
BKNG-20260930T13370508365,BKNG,2026-09-30,2026-09-30T09:37:42.792322-04:00,161.91,-0.2692
IONQ-20260930T13370862772,IONQ,2026-09-30,2026-09-30T09:37:42.792322-04:00,45.43,0.0684
RVMD-20260930T13370866752,RVMD,2026-09-30,2026-09-30T09:37:42.792322-04:00,204.375,-0.233
KLAC-20260930T13331818286,KLAC,2026-09-30,2026-09-30T09:37:46.259809-04:00,196.445,-0.0738
CCL-20260930T13342303995,CCL,2026-09-30,2026-09-30T09:37:46.259809-04:00,25.195,0.619
CDNS-20260930T13360462756,CDNS,2026-09-30,2026-09-30T09:37:46.259809-04:00,325.2553,0.0847
AVGO-20260930T13362244917,AVGO,2026-09-30,2026-09-30T09:37:46.259809-04:00,354.915,0.0164
BKNG-20260930T13370508365,BKNG,2026-09-30,2026-09-30T09:37:46.259809-04:00,161.92,-0.2753
IONQ-20260930T13370862772,IONQ,2026-09-30,2026-09-30T09:37:46.259809-04:00,45.435,0.0574
RVMD-20260930T13370866752,RVMD,2026-09-30,2026-09-30T09:37:46.259809-04:00,204.375,-0.233
KLAC-20260930T13331818286,KLAC,2026-09-30,2026-09-30T09:37:49.830203-04:00,196.495,-0.0483
CCL-20260930T13342303995,CCL,2026-09-30,2026-09-30T09:37:49.830203-04:00,25.175,0.5391
CDNS-20260930T13360462756,CDNS,2026-09-30,2026-09-30T09:37:49.830203-04:00,324.7549,-0.0693
AVGO-20260930T13362244917,AVGO,2026-09-30,2026-09-30T09:37:49.830203-04:00,354.85,0.0347
BKNG-20260930T13370508365,BKNG,2026-09-30,2026-09-30T09:37:49.830203-04:00,162.12,-0.3992
IONQ-20260930T13370862772,IONQ,2026-09-30,2026-09-30T09:37:49.830203-04:00,45.42,0.0904
RVMD-20260930T13370866752,RVMD,2026-09-30,2026-09-30T09:37:49.830203-04:00,204.265,-0.179
KLAC-20260930T13331818286,KLAC,2026-09-30,2026-09-30T09:37:53.343123-04:00,196.38,-0.1068
CCL-20260930T13342303995,CCL,2026-09-30,2026-09-30T09:37:53.343123-04:00,25.175,0.5391
CDNS-20260930T13360462756,CDNS,2026-09-30,2026-09-30T09:37:53.343123-04:00,324.7549,-0.0693
AVGO-20260930T13362244917,AVGO,2026-09-30,2026-09-30T09:37:53.343123-04:00,354.835,0.039
BKNG-20260930T13370508365,BKNG,2026-09-30,2026-09-30T09:37:53.343123-04:00,162.1415,-0.4125
IONQ-20260930T13370862772,IONQ,2026-09-30,2026-09-30T09:37:53.343123-04:00,45.43,0.0684
RVMD-20260930T13370866752,RVMD,2026-09-30,2026-09-30T09:37:53.343123-04:00,204.275,-0.1839
KLAC-20260930T13331818286,KLAC,2026-09-30,2026-09-30T09:37:56.746540-04:00,196.43,-0.0814
CCL-20260930T13342303995,CCL,2026-09-30,2026-09-30T09:37:56.746540-04:00,25.175,0.5391
CDNS-20260930T13360462756,CDNS,2026-09-30,2026-09-30T09:37:56.746540-04:00,325.215,0.0723
AVGO-20260930T13362244917,AVGO,2026-09-30,2026-09-30T09:37:56.746540-04:00,354.955,0.0052
BKNG-20260930T13370508365,BKNG,2026-09-30,2026-09-30T09:37:56.746540-04:00,161.4647,0.0066
IONQ-20260930T13370862772,IONQ,2026-09-30,2026-09-30T09:37:56.746540-04:00,45.43,0.0684
RVMD-20260930T13370866752,RVMD,2026-09-30,2026-09-30T09:37:56.746540-04:00,204.275,-0.1839
KLAC-20260930T13331818286,KLAC,2026-09-30,2026-09-30T09:38:00.172908-04:00,196.4113,-0.0909
CCL-20260930T13342303995,CCL,2026-09-30,2026-09-30T09:38:00.172908-04:00,25.165,0.4992
CDNS-20260930T13360462756,CDNS,2026-09-30,2026-09-30T09:38:00.172908-04:00,324.75,-0.0708
AVGO-20260930T13362244917,AVGO,2026-09-30,2026-09-30T09:38:00.172908-04:00,355.0495,-0.0215
BKNG-20260930T13370508365,BKNG,2026-09-30,2026-09-30T09:38:00.172908-04:00,161.945,-0.2908
IONQ-20260930T13370862772,IONQ,2026-09-30,2026-09-30T09:38:00.172908-04:00,45.4,0.1344
RVMD-20260930T13370866752,RVMD,2026-09-30,2026-09-30T09:38:00.172908-04:00,204.8488,-0.4653
KLAC-20260930T13331818286,KLAC,2026-09-30,2026-09-30T09:38:04.023374-04:00,196.475,-0.0585
CCL-20260930T13342303995,CCL,2026-09-30,2026-09-30T09:38:04.023374-04:00,25.18,0.5591
CDNS-20260930T13360462756,CDNS,2026-09-30,2026-09-30T09:38:04.023374-04:00,324.2635,-0.2205
AVGO-20260930T13362244917,AVGO,2026-09-30,2026-09-30T09:38:04.023374-04:00,355.01,-0.0103
BKNG-20260930T13370508365,BKNG,2026-09-30,2026-09-30T09:38:04.023374-04:00,161.925,-0.2784
IONQ-20260930T13370862772,IONQ,2026-09-30,2026-09-30T09:38:04.023374-04:00,45.28,0.3983
RVMD-20260930T13370866752,RVMD,2026-09-30,2026-09-30T09:38:04.023374-04:00,204.3135,-0.2028
KLAC-20260930T13331818286,KLAC,2026-09-30,2026-09-30T09:38:07.418598-04:00,196.405,-0.0941
CCL-20260930T13342303995,CCL,2026-09-30,2026-09-30T09:38:07.418598-04:00,25.1566,0.4657
CDNS-20260930T13360462756,CDNS,2026-09-30,2026-09-30T09:38:07.418598-04:00,325.2092,0.0705
AVGO-20260930T13362244917,AVGO,2026-09-30,2026-09-30T09:38:07.418598-04:00,355.027,-0.0151
BKNG-20260930T13370508365,BKNG,2026-09-30,2026-09-30T09:38:07.418598-04:00,161.71,-0.1453
IONQ-20260930T13370862772,IONQ,2026-09-30,2026-09-30T09:38:07.418598-04:00,45.2051,0.5631
RVMD-20260930T13370866752,RVMD,2026-09-30,2026-09-30T09:38:07.418598-04:00,204.37,-0.2305
SMTC-20260930T13374682446,SMTC,2026-09-30,2026-09-30T09:38:07.418598-04:00,181.81,-0.1044
KLAC-20260930T13331818286,KLAC,2026-09-30,2026-09-30T09:38:10.796854-04:00,196.3481,-0.123
CCL-20260930T13342303995,CCL,2026-09-30,2026-09-30T09:38:10.796854-04:00,25.1582,0.472
CDNS-20260930T13360462756,CDNS,2026-09-30,2026-09-30T09:38:10.796854-04:00,325.2023,0.0684
AVGO-20260930T13362244917,AVGO,2026-09-30,2026-09-30T09:38:10.796854-04:00,355.1517,-0.0502
BKNG-20260930T13370508365,BKNG,2026-09-30,2026-09-30T09:38:10.796854-04:00,161.76,-0.1763
IONQ-20260930T13370862772,IONQ,2026-09-30,2026-09-30T09:38:10.796854-04:00,45.2199,0.5305
RVMD-20260930T13370866752,RVMD,2026-09-30,2026-09-30T09:38:10.796854-04:00,203.53,0.1815
SMTC-20260930T13374682446,SMTC,2026-09-30,2026-09-30T09:38:10.796854-04:00,181.5663,-0.2383
KLAC-20260930T13331818286,KLAC,2026-09-30,2026-09-30T09:38:14.166002-04:00,196.14,-0.2289
CCL-20260930T13342303995,CCL,2026-09-30,2026-09-30T09:38:14.166002-04:00,25.1672,0.508
CDNS-20260930T13360462756,CDNS,2026-09-30,2026-09-30T09:38:14.166002-04:00,325.2059,0.0695
AVGO-20260930T13362244917,AVGO,2026-09-30,2026-09-30T09:38:14.166002-04:00,355.26,-0.0808
BKNG-20260930T13370508365,BKNG,2026-09-30,2026-09-30T09:38:14.166002-04:00,161.6,-0.0772
IONQ-20260930T13370862772,IONQ,2026-09-30,2026-09-30T09:38:14.166002-04:00,45.24,0.4863
RVMD-20260930T13370866752,RVMD,2026-09-30,2026-09-30T09:38:14.166002-04:00,203.53,0.1815
SMTC-20260930T13374682446,SMTC,2026-09-30,2026-09-30T09:38:14.166002-04:00,182.0,0.0
KLAC-20260930T13331818286,KLAC,2026-09-30,2026-09-30T09:38:17.666425-04:00,196.3422,-0.126
CCL-20260930T13342303995,CCL,2026-09-30,2026-09-30T09:38:17.666425-04:00,25.145,0.4193
CDNS-20260930T13360462756,CDNS,2026-09-30,2026-09-30T09:38:17.666425-04:00,324.72,-0.08
AVGO-20260930T13362244917,AVGO,2026-09-30,2026-09-30T09:38:17.666425-04:00,355.465,-0.1385
BKNG-20260930T13370508365,BKNG,2026-09-30,2026-09-30T09:38:17.666425-04:00,161.6,-0.0772
IONQ-20260930T13370862772,IONQ,2026-09-30,2026-09-30T09:38:17.666425-04:00,45.21,0.5523
RVMD-20260930T13370866752,RVMD,2026-09-30,2026-09-30T09:38:17.666425-04:00,203.53,0.1815
SMTC-20260930T13374682446,SMTC,2026-09-30,2026-09-30T09:38:17.666425-04:00,182.44,0.2418
KLAC-20260930T13331818286,KLAC,2026-09-30,2026-09-30T09:38:21.064644-04:00,196.38,-0.1068
CCL-20260930T13342303995,CCL,2026-09-30,2026-09-30T09:38:21.064644-04:00,25.1418,0.4065
CDNS-20260930T13360462756,CDNS,2026-09-30,2026-09-30T09:38:21.064644-04:00,325.24,0.08
AVGO-20260930T13362244917,AVGO,2026-09-30,2026-09-30T09:38:21.064644-04:00,355.6459,-0.1895
BKNG-20260930T13370508365,BKNG,2026-09-30,2026-09-30T09:38:21.064644-04:00,161.685,-0.1298
IONQ-20260930T13370862772,IONQ,2026-09-30,2026-09-30T09:38:21.064644-04:00,45.09,0.8163
RVMD-20260930T13370866752,RVMD,2026-09-30,2026-09-30T09:38:21.064644-04:00,203.505,0.1937
SMTC-20260930T13374682446,SMTC,2026-09-30,2026-09-30T09:38:21.064644-04:00,182.3006,0.1652
KLAC-20260930T13331818286,KLAC,2026-09-30,2026-09-30T09:38:24.405419-04:00,196.2975,-0.1488
CCL-20260930T13342303995,CCL,2026-09-30,2026-09-30T09:38:24.405419-04:00,25.1678,0.5104
CDNS-20260930T13360462756,CDNS,2026-09-30,2026-09-30T09:38:24.405419-04:00,325.1838,0.0627
AVGO-20260930T13362244917,AVGO,2026-09-30,2026-09-30T09:38:24.405419-04:00,355.47,-0.1399
BKNG-20260930T13370508365,BKNG,2026-09-30,2026-09-30T09:38:24.405419-04:00,161.68,-0.1267
IONQ-20260930T13370862772,IONQ,2026-09-30,2026-09-30T09:38:24.405419-04:00,44.98,1.0582
RVMD-20260930T13370866752,RVMD,2026-09-30,2026-09-30T09:38:24.405419-04:00,203.505,0.1937
SMTC-20260930T13374682446,SMTC,2026-09-30,2026-09-30T09:38:24.405419-04:00,182.3006,0.1652
KLAC-20260930T13331818286,KLAC,2026-09-30,2026-09-30T09:38:27.922999-04:00,196.34,-0.1272
CCL-20260930T13342303995,CCL,2026-09-30,2026-09-30T09:38:27.922999-04:00,25.157,0.4673
CDNS-20260930T13360462756,CDNS,2026-09-30,2026-09-30T09:38:27.922999-04:00,324.95,-0.0092
AVGO-20260930T13362244917,AVGO,2026-09-30,2026-09-30T09:38:27.922999-04:00,355.29,-0.0892
BKNG-20260930T13370508365,BKNG,2026-09-30,2026-09-30T09:38:27.922999-04:00,161.67,-0.1205
IONQ-20260930T13370862772,IONQ,2026-09-30,2026-09-30T09:38:27.922999-04:00,45.04,0.9263
RVMD-20260930T13370866752,RVMD,2026-09-30,2026-09-30T09:38:27.922999-04:00,203.0,0.4414
SMTC-20260930T13374682446,SMTC,2026-09-30,2026-09-30T09:38:27.922999-04:00,181.89,-0.0604
KLAC-20260930T13331818286,KLAC,2026-09-30,2026-09-30T09:38:31.511004-04:00,196.18,-0.2086
CCL-20260930T13342303995,CCL,2026-09-30,2026-09-30T09:38:31.511004-04:00,25.14,0.3994
CDNS-20260930T13360462756,CDNS,2026-09-30,2026-09-30T09:38:31.511004-04:00,324.9,-0.0246
AVGO-20260930T13362244917,AVGO,2026-09-30,2026-09-30T09:38:31.511004-04:00,355.2664,-0.0826
BKNG-20260930T13370508365,BKNG,2026-09-30,2026-09-30T09:38:31.511004-04:00,161.69,-0.1329
IONQ-20260930T13370862772,IONQ,2026-09-30,2026-09-30T09:38:31.511004-04:00,44.9837,1.0501
RVMD-20260930T13370866752,RVMD,2026-09-30,2026-09-30T09:38:31.511004-04:00,203.74,0.0785
SMTC-20260930T13374682446,SMTC,2026-09-30,2026-09-30T09:38:31.511004-04:00,182.1418,0.0779
KLAC-20260930T13331818286,KLAC,2026-09-30,2026-09-30T09:38:34.867894-04:00,196.3684,-0.1127
CCL-20260930T13342303995,CCL,2026-09-30,2026-09-30T09:38:34.867894-04:00,25.1603,0.4804
CDNS-20260930T13360462756,CDNS,2026-09-30,2026-09-30T09:38:34.867894-04:00,325.2232,0.0748
AVGO-20260930T13362244917,AVGO,2026-09-30,2026-09-30T09:38:34.867894-04:00,355.205,-0.0653
BKNG-20260930T13370508365,BKNG,2026-09-30,2026-09-30T09:38:34.867894-04:00,161.74,-0.1639
IONQ-20260930T13370862772,IONQ,2026-09-30,2026-09-30T09:38:34.867894-04:00,45.05,0.9043
RVMD-20260930T13370866752,RVMD,2026-09-30,2026-09-30T09:38:34.867894-04:00,204.2,-0.1471
SMTC-20260930T13374682446,SMTC,2026-09-30,2026-09-30T09:38:34.867894-04:00,182.145,0.0797
KLAC-20260930T13331818286,KLAC,2026-09-30,2026-09-30T09:38:38.225160-04:00,196.23,-0.1831
CCL-20260930T13342303995,CCL,2026-09-30,2026-09-30T09:38:38.225160-04:00,25.1394,0.397
CDNS-20260930T13360462756,CDNS,2026-09-30,2026-09-30T09:38:38.225160-04:00,325.255,0.0846
AVGO-20260930T13362244917,AVGO,2026-09-30,2026-09-30T09:38:38.225160-04:00,355.205,-0.0653
BKNG-20260930T13370508365,BKNG,2026-09-30,2026-09-30T09:38:38.225160-04:00,161.52,-0.0276
IONQ-20260930T13370862772,IONQ,2026-09-30,2026-09-30T09:38:38.225160-04:00,44.9876,1.0415
RVMD-20260930T13370866752,RVMD,2026-09-30,2026-09-30T09:38:38.225160-04:00,204.14,-0.1177
SMTC-20260930T13374682446,SMTC,2026-09-30,2026-09-30T09:38:38.225160-04:00,182.145,0.0797
KLAC-20260930T13331818286,KLAC,2026-09-30,2026-09-30T09:38:41.670548-04:00,196.23,-0.1831
CCL-20260930T13342303995,CCL,2026-09-30,2026-09-30T09:38:41.670548-04:00,25.145,0.4193
CDNS-20260930T13360462756,CDNS,2026-09-30,2026-09-30T09:38:41.670548-04:00,325.26,0.0862
AVGO-20260930T13362244917,AVGO,2026-09-30,2026-09-30T09:38:41.670548-04:00,355.2541,-0.0791
BKNG-20260930T13370508365,BKNG,2026-09-30,2026-09-30T09:38:41.670548-04:00,161.595,-0.0741
IONQ-20260930T13370862772,IONQ,2026-09-30,2026-09-30T09:38:41.670548-04:00,44.98,1.0582
RVMD-20260930T13370866752,RVMD,2026-09-30,2026-09-30T09:38:41.670548-04:00,203.84,0.0294
SMTC-20260930T13374682446,SMTC,2026-09-30,2026-09-30T09:38:41.670548-04:00,181.9868,-0.0073
KLAC-20260930T13331818286,KLAC,2026-09-30,2026-09-30T09:38:45.391013-04:00,196.15,-0.2238
CCL-20260930T13342303995,CCL,2026-09-30,2026-09-30T09:38:45.391013-04:00,25.1486,0.4337
CDNS-20260930T13360462756,CDNS,2026-09-30,2026-09-30T09:38:45.391013-04:00,325.27,0.0892
AVGO-20260930T13362244917,AVGO,2026-09-30,2026-09-30T09:38:45.391013-04:00,355.1,-0.0357
BKNG-20260930T13370508365,BKNG,2026-09-30,2026-09-30T09:38:45.391013-04:00,161.63,-0.0958
IONQ-20260930T13370862772,IONQ,2026-09-30,2026-09-30T09:38:45.391013-04:00,45.0201,0.97
RVMD-20260930T13370866752,RVMD,2026-09-30,2026-09-30T09:38:45.391013-04:00,203.83,0.0343
SMTC-20260930T13374682446,SMTC,2026-09-30,2026-09-30T09:38:45.391013-04:00,182.145,0.0797
KLAC-20260930T13331818286,KLAC,2026-09-30,2026-09-30T09:38:48.902656-04:00,196.31,-0.1424
CCL-20260930T13342303995,CCL,2026-09-30,2026-09-30T09:38:48.902656-04:00,25.145,0.4193
CDNS-20260930T13360462756,CDNS,2026-09-30,2026-09-30T09:38:48.902656-04:00,325.265,0.0877
AVGO-20260930T13362244917,AVGO,2026-09-30,2026-09-30T09:38:48.902656-04:00,355.225,-0.0709
BKNG-20260930T13370508365,BKNG,2026-09-30,2026-09-30T09:38:48.902656-04:00,161.68,-0.1267
IONQ-20260930T13370862772,IONQ,2026-09-30,2026-09-30T09:38:48.902656-04:00,45.0457,0.9137
RVMD-20260930T13370866752,RVMD,2026-09-30,2026-09-30T09:38:48.902656-04:00,203.83,0.0343
SMTC-20260930T13374682446,SMTC,2026-09-30,2026-09-30T09:38:48.902656-04:00,182.145,0.0797
KLAC-20260930T13331818286,KLAC,2026-09-30,2026-09-30T09:38:52.315728-04:00,196.24,-0.178
CCL-20260930T13342303995,CCL,2026-09-30,2026-09-30T09:38:52.315728-04:00,25.165,0.4992
CDNS-20260930T13360462756,CDNS,2026-09-30,2026-09-30T09:38:52.315728-04:00,325.27,0.0892
AVGO-20260930T13362244917,AVGO,2026-09-30,2026-09-30T09:38:52.315728-04:00,355.065,-0.0258
BKNG-20260930T13370508365,BKNG,2026-09-30,2026-09-30T09:38:52.315728-04:00,161.7309,-0.1582
IONQ-20260930T13370862772,IONQ,2026-09-30,2026-09-30T09:38:52.315728-04:00,45.068,0.8647
RVMD-20260930T13370866752,RVMD,2026-09-30,2026-09-30T09:38:52.315728-04:00,203.0,0.4414
SMTC-20260930T13374682446,SMTC,2026-09-30,2026-09-30T09:38:52.315728-04:00,181.675,-0.1786
KLAC-20260930T13331818286,KLAC,2026-09-30,2026-09-30T09:38:55.865582-04:00,196.34,-0.1272
CCL-20260930T13342303995,CCL,2026-09-30,2026-09-30T09:38:55.865582-04:00,25.1421,0.4077
CDNS-20260930T13360462756,CDNS,2026-09-30,2026-09-30T09:38:55.865582-04:00,325.2388,0.0796
AVGO-20260930T13362244917,AVGO,2026-09-30,2026-09-30T09:38:55.865582-04:00,355.16,-0.0526
BKNG-20260930T13370508365,BKNG,2026-09-30,2026-09-30T09:38:55.865582-04:00,161.4987,-0.0144
IONQ-20260930T13370862772,IONQ,2026-09-30,2026-09-30T09:38:55.865582-04:00,45.0971,0.8007
RVMD-20260930T13370866752,RVMD,2026-09-30,2026-09-30T09:38:55.865582-04:00,203.78,0.0589
SMTC-20260930T13374682446,SMTC,2026-09-30,2026-09-30T09:38:55.865582-04:00,181.67,-0.1813
KLAC-20260930T13331818286,KLAC,2026-09-30,2026-09-30T09:38:59.375631-04:00,196.285,-0.1551
CCL-20260930T13342303995,CCL,2026-09-30,2026-09-30T09:38:59.375631-04:00,25.1547,0.4581
CDNS-20260930T13360462756,CDNS,2026-09-30,2026-09-30T09:38:59.375631-04:00,325.215,0.0723
AVGO-20260930T13362244917,AVGO,2026-09-30,2026-09-30T09:38:59.375631-04:00,354.93,0.0122
BKNG-20260930T13370508365,BKNG,2026-09-30,2026-09-30T09:38:59.375631-04:00,161.7235,-0.1537
IONQ-20260930T13370862772,IONQ,2026-09-30,2026-09-30T09:38:59.375631-04:00,45.13,0.7283
RVMD-20260930T13370866752,RVMD,2026-09-30,2026-09-30T09:38:59.375631-04:00,204.5599,-0.3236
SMTC-20260930T13374682446,SMTC,2026-09-30,2026-09-30T09:38:59.375631-04:00,181.8811,-0.0653
KLAC-20260930T13331818286,KLAC,2026-09-30,2026-09-30T09:39:02.855008-04:00,196.26,-0.1679
CCL-20260930T13342303995,CCL,2026-09-30,2026-09-30T09:39:02.855008-04:00,25.152,0.4473
CDNS-20260930T13360462756,CDNS,2026-09-30,2026-09-30T09:39:02.855008-04:00,325.215,0.0723
AVGO-20260930T13362244917,AVGO,2026-09-30,2026-09-30T09:39:02.855008-04:00,355.01,-0.0103
BKNG-20260930T13370508365,BKNG,2026-09-30,2026-09-30T09:39:02.855008-04:00,161.42,0.0343
IONQ-20260930T13370862772,IONQ,2026-09-30,2026-09-30T09:39:02.855008-04:00,45.115,0.7613
RVMD-20260930T13370866752,RVMD,2026-09-30,2026-09-30T09:39:02.855008-04:00,203.9802,-0.0393
SMTC-20260930T13374682446,SMTC,2026-09-30,2026-09-30T09:39:02.855008-04:00,181.68,-0.1758
KLAC-20260930T13331818286,KLAC,2026-09-30,2026-09-30T09:39:06.500994-04:00,196.3199,-0.1374
CCL-20260930T13342303995,CCL,2026-09-30,2026-09-30T09:39:06.500994-04:00,25.145,0.4193
CDNS-20260930T13360462756,CDNS,2026-09-30,2026-09-30T09:39:06.500994-04:00,326.435,0.4477
AVGO-20260930T13362244917,AVGO,2026-09-30,2026-09-30T09:39:06.500994-04:00,355.1501,-0.0498
BKNG-20260930T13370508365,BKNG,2026-09-30,2026-09-30T09:39:06.500994-04:00,161.305,0.1055
IONQ-20260930T13370862772,IONQ,2026-09-30,2026-09-30T09:39:06.500994-04:00,45.2196,0.5312
RVMD-20260930T13370866752,RVMD,2026-09-30,2026-09-30T09:39:06.500994-04:00,203.9802,-0.0393
SMTC-20260930T13374682446,SMTC,2026-09-30,2026-09-30T09:39:06.500994-04:00,181.8564,-0.0789
KLAC-20260930T13331818286,KLAC,2026-09-30,2026-09-30T09:39:10.066969-04:00,196.405,-0.0941
CCL-20260930T13342303995,CCL,2026-09-30,2026-09-30T09:39:10.066969-04:00,25.1718,0.5264
CDNS-20260930T13360462756,CDNS,2026-09-30,2026-09-30T09:39:10.066969-04:00,326.44,0.4493
AVGO-20260930T13362244917,AVGO,2026-09-30,2026-09-30T09:39:10.066969-04:00,355.214,-0.0678
BKNG-20260930T13370508365,BKNG,2026-09-30,2026-09-30T09:39:10.066969-04:00,161.36,0.0715
IONQ-20260930T13370862772,IONQ,2026-09-30,2026-09-30T09:39:10.066969-04:00,45.3088,0.335
RVMD-20260930T13370866752,RVMD,2026-09-30,2026-09-30T09:39:10.066969-04:00,203.9802,-0.0393
SMTC-20260930T13374682446,SMTC,2026-09-30,2026-09-30T09:39:10.066969-04:00,182.12,0.0659
KLAC-20260930T13331818286,KLAC,2026-09-30,2026-09-30T09:39:13.528598-04:00,196.42,-0.0865
CCL-20260930T13342303995,CCL,2026-09-30,2026-09-30T09:39:13.528598-04:00,25.17,0.5192
CDNS-20260930T13360462756,CDNS,2026-09-30,2026-09-30T09:39:13.528598-04:00,326.13,0.3539
AVGO-20260930T13362244917,AVGO,2026-09-30,2026-09-30T09:39:13.528598-04:00,355.23,-0.0723
BKNG-20260930T13370508365,BKNG,2026-09-30,2026-09-30T09:39:13.528598-04:00,161.27,0.1272
IONQ-20260930T13370862772,IONQ,2026-09-30,2026-09-30T09:39:13.528598-04:00,45.305,0.3433
RVMD-20260930T13370866752,RVMD,2026-09-30,2026-09-30T09:39:13.528598-04:00,203.9802,-0.0393
SMTC-20260930T13374682446,SMTC,2026-09-30,2026-09-30T09:39:13.528598-04:00,181.665,-0.1841
KLAC-20260930T13331818286,KLAC,2026-09-30,2026-09-30T09:39:16.940054-04:00,196.39,-0.1017
CCL-20260930T13342303995,CCL,2026-09-30,2026-09-30T09:39:16.940054-04:00,25.15,0.4393
CDNS-20260930T13360462756,CDNS,2026-09-30,2026-09-30T09:39:16.940054-04:00,326.13,0.3539
AVGO-20260930T13362244917,AVGO,2026-09-30,2026-09-30T09:39:16.940054-04:00,355.19,-0.061
BKNG-20260930T13370508365,BKNG,2026-09-30,2026-09-30T09:39:16.940054-04:00,161.15,0.2015
IONQ-20260930T13370862772,IONQ,2026-09-30,2026-09-30T09:39:16.940054-04:00,45.2729,0.4139
RVMD-20260930T13370866752,RVMD,2026-09-30,2026-09-30T09:39:16.940054-04:00,203.78,0.0589
SMTC-20260930T13374682446,SMTC,2026-09-30,2026-09-30T09:39:16.940054-04:00,181.665,-0.1841
KLAC-20260930T13331818286,KLAC,2026-09-30,2026-09-30T09:39:20.384114-04:00,196.265,-0.1653
CCL-20260930T13342303995,CCL,2026-09-30,2026-09-30T09:39:20.384114-04:00,25.17,0.5192
CDNS-20260930T13360462756,CDNS,2026-09-30,2026-09-30T09:39:20.384114-04:00,326.5936,0.4965
AVGO-20260930T13362244917,AVGO,2026-09-30,2026-09-30T09:39:20.384114-04:00,355.19,-0.061
BKNG-20260930T13370508365,BKNG,2026-09-30,2026-09-30T09:39:20.384114-04:00,161.4978,-0.0139
IONQ-20260930T13370862772,IONQ,2026-09-30,2026-09-30T09:39:20.384114-04:00,45.3099,0.3326
RVMD-20260930T13370866752,RVMD,2026-09-30,2026-09-30T09:39:20.384114-04:00,203.78,0.0589
SMTC-20260930T13374682446,SMTC,2026-09-30,2026-09-30T09:39:20.384114-04:00,181.665,-0.1841
KLAC-20260930T13331818286,KLAC,2026-09-30,2026-09-30T09:39:23.816510-04:00,196.19,-0.2035
CCL-20260930T13342303995,CCL,2026-09-30,2026-09-30T09:39:23.816510-04:00,25.17,0.5192
CDNS-20260930T13360462756,CDNS,2026-09-30,2026-09-30T09:39:23.816510-04:00,326.3185,0.4119
AVGO-20260930T13362244917,AVGO,2026-09-30,2026-09-30T09:39:23.816510-04:00,355.1779,-0.0576
BKNG-20260930T13370508365,BKNG,2026-09-30,2026-09-30T09:39:23.816510-04:00,161.285,0.1179
IONQ-20260930T13370862772,IONQ,2026-09-30,2026-09-30T09:39:23.816510-04:00,45.29,0.3763
RVMD-20260930T13370866752,RVMD,2026-09-30,2026-09-30T09:39:23.816510-04:00,203.78,0.0589
SMTC-20260930T13374682446,SMTC,2026-09-30,2026-09-30T09:39:23.816510-04:00,181.51,-0.2692
KLAC-20260930T13331818286,KLAC,2026-09-30,2026-09-30T09:39:27.110586-04:00,196.24,-0.178
CCL-20260930T13342303995,CCL,2026-09-30,2026-09-30T09:39:27.110586-04:00,25.178,0.5511
CDNS-20260930T13360462756,CDNS,2026-09-30,2026-09-30T09:39:27.110586-04:00,326.3185,0.4119
AVGO-20260930T13362244917,AVGO,2026-09-30,2026-09-30T09:39:27.110586-04:00,355.215,-0.0681
BKNG-20260930T13370508365,BKNG,2026-09-30,2026-09-30T09:39:27.110586-04:00,161.1735,0.187
IONQ-20260930T13370862772,IONQ,2026-09-30,2026-09-30T09:39:27.110586-04:00,45.2571,0.4487
RVMD-20260930T13370866752,RVMD,2026-09-30,2026-09-30T09:39:27.110586-04:00,203.78,0.0589
SMTC-20260930T13374682446,SMTC,2026-09-30,2026-09-30T09:39:27.110586-04:00,181.51,-0.2692
NBIS-20260930T13392078954,NBIS,2026-09-30,2026-09-30T09:39:27.110586-04:00,244.41,-0.1639
KLAC-20260930T13331818286,KLAC,2026-09-30,2026-09-30T09:39:30.421105-04:00,196.24,-0.178
CCL-20260930T13342303995,CCL,2026-09-30,2026-09-30T09:39:30.421105-04:00,25.1688,0.5144
CDNS-20260930T13360462756,CDNS,2026-09-30,2026-09-30T09:39:30.421105-04:00,325.9116,0.2867
AVGO-20260930T13362244917,AVGO,2026-09-30,2026-09-30T09:39:30.421105-04:00,355.158,-0.052
BKNG-20260930T13370508365,BKNG,2026-09-30,2026-09-30T09:39:30.421105-04:00,161.4723,0.0019
IONQ-20260930T13370862772,IONQ,2026-09-30,2026-09-30T09:39:30.421105-04:00,45.3142,0.3231
RVMD-20260930T13370866752,RVMD,2026-09-30,2026-09-30T09:39:30.421105-04:00,204.1177,-0.1068
SMTC-20260930T13374682446,SMTC,2026-09-30,2026-09-30T09:39:30.421105-04:00,181.51,-0.2692
NBIS-20260930T13392078954,NBIS,2026-09-30,2026-09-30T09:39:30.421105-04:00,244.6935,-0.2801
KLAC-20260930T13331818286,KLAC,2026-09-30,2026-09-30T09:39:33.821260-04:00,196.275,-0.1602
CCL-20260930T13342303995,CCL,2026-09-30,2026-09-30T09:39:33.821260-04:00,25.19,0.599
CDNS-20260930T13360462756,CDNS,2026-09-30,2026-09-30T09:39:33.821260-04:00,326.62,0.5046
AVGO-20260930T13362244917,AVGO,2026-09-30,2026-09-30T09:39:33.821260-04:00,355.2085,-0.0662
BKNG-20260930T13370508365,BKNG,2026-09-30,2026-09-30T09:39:33.821260-04:00,161.35,0.0776
IONQ-20260930T13370862772,IONQ,2026-09-30,2026-09-30T09:39:33.821260-04:00,45.3358,0.2756
RVMD-20260930T13370866752,RVMD,2026-09-30,2026-09-30T09:39:33.821260-04:00,203.7125,0.092
SMTC-20260930T13374682446,SMTC,2026-09-30,2026-09-30T09:39:33.821260-04:00,182.235,0.1291
NBIS-20260930T13392078954,NBIS,2026-09-30,2026-09-30T09:39:33.821260-04:00,244.69,-0.2787
KLAC-20260930T13331818286,KLAC,2026-09-30,2026-09-30T09:39:37.165369-04:00,196.22,-0.1882
CCL-20260930T13342303995,CCL,2026-09-30,2026-09-30T09:39:37.165369-04:00,25.215,0.6989
CDNS-20260930T13360462756,CDNS,2026-09-30,2026-09-30T09:39:37.165369-04:00,326.455,0.4539
AVGO-20260930T13362244917,AVGO,2026-09-30,2026-09-30T09:39:37.165369-04:00,355.19,-0.061
BKNG-20260930T13370508365,BKNG,2026-09-30,2026-09-30T09:39:37.165369-04:00,161.38,0.0591
IONQ-20260930T13370862772,IONQ,2026-09-30,2026-09-30T09:39:37.165369-04:00,45.34,0.2664
RVMD-20260930T13370866752,RVMD,2026-09-30,2026-09-30T09:39:37.165369-04:00,203.78,0.0589
SMTC-20260930T13374682446,SMTC,2026-09-30,2026-09-30T09:39:37.165369-04:00,182.0412,0.0226
NBIS-20260930T13392078954,NBIS,2026-09-30,2026-09-30T09:39:37.165369-04:00,244.73,-0.2951
KLAC-20260930T13331818286,KLAC,2026-09-30,2026-09-30T09:39:40.507736-04:00,196.3016,-0.1467
CCL-20260930T13342303995,CCL,2026-09-30,2026-09-30T09:39:40.507736-04:00,25.19,0.599
CDNS-20260930T13360462756,CDNS,2026-09-30,2026-09-30T09:39:40.507736-04:00,326.69,0.5262
AVGO-20260930T13362244917,AVGO,2026-09-30,2026-09-30T09:39:40.507736-04:00,355.2415,-0.0755
BKNG-20260930T13370508365,BKNG,2026-09-30,2026-09-30T09:39:40.507736-04:00,161.39,0.0529
IONQ-20260930T13370862772,IONQ,2026-09-30,2026-09-30T09:39:40.507736-04:00,45.3899,0.1566
RVMD-20260930T13370866752,RVMD,2026-09-30,2026-09-30T09:39:40.507736-04:00,203.78,0.0589
SMTC-20260930T13374682446,SMTC,2026-09-30,2026-09-30T09:39:40.507736-04:00,182.23,0.1264
NBIS-20260930T13392078954,NBIS,2026-09-30,2026-09-30T09:39:40.507736-04:00,244.28,-0.1107
KLAC-20260930T13331818286,KLAC,2026-09-30,2026-09-30T09:39:43.824630-04:00,196.36,-0.117
CCL-20260930T13342303995,CCL,2026-09-30,2026-09-30T09:39:43.824630-04:00,25.2001,0.6394
CDNS-20260930T13360462756,CDNS,2026-09-30,2026-09-30T09:39:43.824630-04:00,326.47,0.4585
AVGO-20260930T13362244917,AVGO,2026-09-30,2026-09-30T09:39:43.824630-04:00,355.4,-0.1202
BKNG-20260930T13370508365,BKNG,2026-09-30,2026-09-30T09:39:43.824630-04:00,161.4935,-0.0112
IONQ-20260930T13370862772,IONQ,2026-09-30,2026-09-30T09:39:43.824630-04:00,45.385,0.1674
RVMD-20260930T13370866752,RVMD,2026-09-30,2026-09-30T09:39:43.824630-04:00,203.7788,0.0594
SMTC-20260930T13374682446,SMTC,2026-09-30,2026-09-30T09:39:43.824630-04:00,182.5,0.2747
NBIS-20260930T13392078954,NBIS,2026-09-30,2026-09-30T09:39:43.824630-04:00,244.755,-0.3053
KLAC-20260930T13331818286,KLAC,2026-09-30,2026-09-30T09:39:47.160481-04:00,196.35,-0.1221
CCL-20260930T13342303995,CCL,2026-09-30,2026-09-30T09:39:47.160481-04:00,25.205,0.6589
CDNS-20260930T13360462756,CDNS,2026-09-30,2026-09-30T09:39:47.160481-04:00,326.5404,0.4802
AVGO-20260930T13362244917,AVGO,2026-09-30,2026-09-30T09:39:47.160481-04:00,355.32,-0.0977
BKNG-20260930T13370508365,BKNG,2026-09-30,2026-09-30T09:39:47.160481-04:00,161.425,0.0312
IONQ-20260930T13370862772,IONQ,2026-09-30,2026-09-30T09:39:47.160481-04:00,45.3929,0.15
RVMD-20260930T13370866752,RVMD,2026-09-30,2026-09-30T09:39:47.160481-04:00,203.47,0.2109
SMTC-20260930T13374682446,SMTC,2026-09-30,2026-09-30T09:39:47.160481-04:00,182.58,0.3187
NBIS-20260930T13392078954,NBIS,2026-09-30,2026-09-30T09:39:47.160481-04:00,245.804,-0.7352
KLAC-20260930T13331818286,KLAC,2026-09-30,2026-09-30T09:39:50.476796-04:00,196.235,-0.1806
CCL-20260930T13342303995,CCL,2026-09-30,2026-09-30T09:39:50.476796-04:00,25.205,0.6589
CDNS-20260930T13360462756,CDNS,2026-09-30,2026-09-30T09:39:50.476796-04:00,326.69,0.5262
AVGO-20260930T13362244917,AVGO,2026-09-30,2026-09-30T09:39:50.476796-04:00,355.1875,-0.0603
BKNG-20260930T13370508365,BKNG,2026-09-30,2026-09-30T09:39:50.476796-04:00,161.5,-0.0152
IONQ-20260930T13370862772,IONQ,2026-09-30,2026-09-30T09:39:50.476796-04:00,45.36,0.2224
RVMD-20260930T13370866752,RVMD,2026-09-30,2026-09-30T09:39:50.476796-04:00,203.47,0.2109
SMTC-20260930T13374682446,SMTC,2026-09-30,2026-09-30T09:39:50.476796-04:00,182.47,0.2582
NBIS-20260930T13392078954,NBIS,2026-09-30,2026-09-30T09:39:50.476796-04:00,245.66,-0.6762
KLAC-20260930T13331818286,KLAC,2026-09-30,2026-09-30T09:39:53.781782-04:00,196.229,-0.1836
CCL-20260930T13342303995,CCL,2026-09-30,2026-09-30T09:39:53.781782-04:00,25.205,0.6589
CDNS-20260930T13360462756,CDNS,2026-09-30,2026-09-30T09:39:53.781782-04:00,326.692,0.5268
AVGO-20260930T13362244917,AVGO,2026-09-30,2026-09-30T09:39:53.781782-04:00,355.14,-0.047
BKNG-20260930T13370508365,BKNG,2026-09-30,2026-09-30T09:39:53.781782-04:00,161.48,-0.0029
IONQ-20260930T13370862772,IONQ,2026-09-30,2026-09-30T09:39:53.781782-04:00,45.4,0.1344
RVMD-20260930T13370866752,RVMD,2026-09-30,2026-09-30T09:39:53.781782-04:00,203.47,0.2109
SMTC-20260930T13374682446,SMTC,2026-09-30,2026-09-30T09:39:53.781782-04:00,182.5726,0.3146
NBIS-20260930T13392078954,NBIS,2026-09-30,2026-09-30T09:39:53.781782-04:00,245.585,-0.6455
KLAC-20260930T13331818286,KLAC,2026-09-30,2026-09-30T09:39:57.078359-04:00,196.26,-0.1679
CCL-20260930T13342303995,CCL,2026-09-30,2026-09-30T09:39:57.078359-04:00,25.215,0.6989
CDNS-20260930T13360462756,CDNS,2026-09-30,2026-09-30T09:39:57.078359-04:00,326.54,0.48
AVGO-20260930T13362244917,AVGO,2026-09-30,2026-09-30T09:39:57.078359-04:00,355.2386,-0.0747
BKNG-20260930T13370508365,BKNG,2026-09-30,2026-09-30T09:39:57.078359-04:00,161.48,-0.0029
IONQ-20260930T13370862772,IONQ,2026-09-30,2026-09-30T09:39:57.078359-04:00,45.36,0.2224
RVMD-20260930T13370866752,RVMD,2026-09-30,2026-09-30T09:39:57.078359-04:00,203.47,0.2109
SMTC-20260930T13374682446,SMTC,2026-09-30,2026-09-30T09:39:57.078359-04:00,182.5726,0.3146
NBIS-20260930T13392078954,NBIS,2026-09-30,2026-09-30T09:39:57.078359-04:00,245.365,-0.5553
KLAC-20260930T13331818286,KLAC,2026-09-30,2026-09-30T09:40:00.428425-04:00,196.36,-0.117
CCL-20260930T13342303995,CCL,2026-09-30,2026-09-30T09:40:00.428425-04:00,25.28,0.9585
CDNS-20260930T13360462756,CDNS,2026-09-30,2026-09-30T09:40:00.428425-04:00,325.4936,0.158
AVGO-20260930T13362244917,AVGO,2026-09-30,2026-09-30T09:40:00.428425-04:00,355.0,-0.0075
BKNG-20260930T13370508365,BKNG,2026-09-30,2026-09-30T09:40:00.428425-04:00,161.49,-0.0091
IONQ-20260930T13370862772,IONQ,2026-09-30,2026-09-30T09:40:00.428425-04:00,45.38,0.1784
RVMD-20260930T13370866752,RVMD,2026-09-30,2026-09-30T09:40:00.428425-04:00,203.76,0.0687
SMTC-20260930T13374682446,SMTC,2026-09-30,2026-09-30T09:40:00.428425-04:00,182.899,0.494
NBIS-20260930T13392078954,NBIS,2026-09-30,2026-09-30T09:40:00.428425-04:00,245.2527,-0.5093
KLAC-20260930T13331818286,KLAC,2026-09-30,2026-09-30T09:40:04.919114-04:00,196.355,-0.1195
CDNS-20260930T13360462756,CDNS,2026-09-30,2026-09-30T09:40:04.919114-04:00,326.74,0.5416
AVGO-20260930T13362244917,AVGO,2026-09-30,2026-09-30T09:40:04.919114-04:00,354.725,0.07
BKNG-20260930T13370508365,BKNG,2026-09-30,2026-09-30T09:40:04.919114-04:00,161.44,0.0219
RVMD-20260930T13370866752,RVMD,2026-09-30,2026-09-30T09:40:04.919114-04:00,203.76,0.0687
SMTC-20260930T13374682446,SMTC,2026-09-30,2026-09-30T09:40:04.919114-04:00,182.4896,0.269
KLAC-20260930T13331818286,KLAC,2026-09-30,2026-09-30T09:40:09.132054-04:00,196.28,-0.1577
CDNS-20260930T13360462756,CDNS,2026-09-30,2026-09-30T09:40:09.132054-04:00,327.0,0.6216
AVGO-20260930T13362244917,AVGO,2026-09-30,2026-09-30T09:40:09.132054-04:00,354.696,0.0781
BKNG-20260930T13370508365,BKNG,2026-09-30,2026-09-30T09:40:09.132054-04:00,161.56,-0.0524
RVMD-20260930T13370866752,RVMD,2026-09-30,2026-09-30T09:40:09.132054-04:00,203.75,0.0736
SMTC-20260930T13374682446,SMTC,2026-09-30,2026-09-30T09:40:09.132054-04:00,182.67,0.3681
NBIS-20260930T13400171345,NBIS,2026-09-30,2026-09-30T09:40:09.132054-04:00,244.99,-0.1998
KLAC-20260930T13331818286,KLAC,2026-09-30,2026-09-30T09:40:12.609644-04:00,196.46,-0.0661
CDNS-20260930T13360462756,CDNS,2026-09-30,2026-09-30T09:40:12.609644-04:00,327.135,0.6631
AVGO-20260930T13362244917,AVGO,2026-09-30,2026-09-30T09:40:12.609644-04:00,354.725,0.07
BKNG-20260930T13370508365,BKNG,2026-09-30,2026-09-30T09:40:12.609644-04:00,161.67,-0.1205
RVMD-20260930T13370866752,RVMD,2026-09-30,2026-09-30T09:40:12.609644-04:00,203.76,0.0687
SMTC-20260930T13374682446,SMTC,2026-09-30,2026-09-30T09:40:12.609644-04:00,183.025,0.5632
NBIS-20260930T13400171345,NBIS,2026-09-30,2026-09-30T09:40:12.609644-04:00,244.84,-0.1385
KLAC-20260930T13331818286,KLAC,2026-09-30,2026-09-30T09:40:16.105958-04:00,196.3417,-0.1263
CDNS-20260930T13360462756,CDNS,2026-09-30,2026-09-30T09:40:16.105958-04:00,326.58,0.4923
AVGO-20260930T13362244917,AVGO,2026-09-30,2026-09-30T09:40:16.105958-04:00,354.805,0.0474
BKNG-20260930T13370508365,BKNG,2026-09-30,2026-09-30T09:40:16.105958-04:00,161.6,-0.0772
RVMD-20260930T13370866752,RVMD,2026-09-30,2026-09-30T09:40:16.105958-04:00,203.3,0.2943
SMTC-20260930T13374682446,SMTC,2026-09-30,2026-09-30T09:40:16.105958-04:00,182.2892,0.1589
NBIS-20260930T13400171345,NBIS,2026-09-30,2026-09-30T09:40:16.105958-04:00,244.755,-0.1037
KLAC-20260930T13331818286,KLAC,2026-09-30,2026-09-30T09:40:19.789244-04:00,196.3394,-0.1275
CDNS-20260930T13360462756,CDNS,2026-09-30,2026-09-30T09:40:19.789244-04:00,326.185,0.3708
AVGO-20260930T13362244917,AVGO,2026-09-30,2026-09-30T09:40:19.789244-04:00,354.72,0.0714
BKNG-20260930T13370508365,BKNG,2026-09-30,2026-09-30T09:40:19.789244-04:00,161.9045,-0.2657
RVMD-20260930T13370866752,RVMD,2026-09-30,2026-09-30T09:40:19.789244-04:00,203.3,0.2943
SMTC-20260930T13374682446,SMTC,2026-09-30,2026-09-30T09:40:19.789244-04:00,183.18,0.6484
NBIS-20260930T13400171345,NBIS,2026-09-30,2026-09-30T09:40:19.789244-04:00,244.735,-0.0955
KLAC-20260930T13331818286,KLAC,2026-09-30,2026-09-30T09:40:23.332372-04:00,196.29,-0.1526
CDNS-20260930T13360462756,CDNS,2026-09-30,2026-09-30T09:40:23.332372-04:00,326.64,0.5108
AVGO-20260930T13362244917,AVGO,2026-09-30,2026-09-30T09:40:23.332372-04:00,354.62,0.0995
BKNG-20260930T13370508365,BKNG,2026-09-30,2026-09-30T09:40:23.332372-04:00,161.98,-0.3125
RVMD-20260930T13370866752,RVMD,2026-09-30,2026-09-30T09:40:23.332372-04:00,203.6,0.1471
SMTC-20260930T13374682446,SMTC,2026-09-30,2026-09-30T09:40:23.332372-04:00,182.488,0.2681
NBIS-20260930T13400171345,NBIS,2026-09-30,2026-09-30T09:40:23.332372-04:00,244.13,0.1519
KLAC-20260930T13331818286,KLAC,2026-09-30,2026-09-30T09:40:26.972030-04:00,196.34,-0.1272
CDNS-20260930T13360462756,CDNS,2026-09-30,2026-09-30T09:40:26.972030-04:00,326.332,0.416
AVGO-20260930T13362244917,AVGO,2026-09-30,2026-09-30T09:40:26.972030-04:00,354.6555,0.0895
BKNG-20260930T13370508365,BKNG,2026-09-30,2026-09-30T09:40:26.972030-04:00,162.18,-0.4364
RVMD-20260930T13370866752,RVMD,2026-09-30,2026-09-30T09:40:26.972030-04:00,203.6,0.1471
SMTC-20260930T13374682446,SMTC,2026-09-30,2026-09-30T09:40:26.972030-04:00,182.5,0.2747
NBIS-20260930T13400171345,NBIS,2026-09-30,2026-09-30T09:40:26.972030-04:00,244.24,0.1069
MXL-20260930T13400185786,MXL,2026-09-30,2026-09-30T09:40:26.972030-04:00,92.9039,-0.4258
KLAC-20260930T13331818286,KLAC,2026-09-30,2026-09-30T09:40:30.470025-04:00,196.3462,-0.124
CDNS-20260930T13360462756,CDNS,2026-09-30,2026-09-30T09:40:30.470025-04:00,326.1991,0.3751
AVGO-20260930T13362244917,AVGO,2026-09-30,2026-09-30T09:40:30.470025-04:00,354.86,0.0319
BKNG-20260930T13370508365,BKNG,2026-09-30,2026-09-30T09:40:30.470025-04:00,162.19,-0.4426
RVMD-20260930T13370866752,RVMD,2026-09-30,2026-09-30T09:40:30.470025-04:00,203.6,0.1471
SMTC-20260930T13374682446,SMTC,2026-09-30,2026-09-30T09:40:30.470025-04:00,182.3,0.1648
NBIS-20260930T13400171345,NBIS,2026-09-30,2026-09-30T09:40:30.470025-04:00,244.255,0.1008
MXL-20260930T13400185786,MXL,2026-09-30,2026-09-30T09:40:30.470025-04:00,92.9039,-0.4258
KLAC-20260930T13331818286,KLAC,2026-09-30,2026-09-30T09:40:34.017810-04:00,196.26,-0.1679
CDNS-20260930T13360462756,CDNS,2026-09-30,2026-09-30T09:40:34.017810-04:00,326.5941,0.4967
AVGO-20260930T13362244917,AVGO,2026-09-30,2026-09-30T09:40:34.017810-04:00,354.94,0.0094
BKNG-20260930T13370508365,BKNG,2026-09-30,2026-09-30T09:40:34.017810-04:00,162.11,-0.393
RVMD-20260930T13370866752,RVMD,2026-09-30,2026-09-30T09:40:34.017810-04:00,203.6,0.1471
SMTC-20260930T13374682446,SMTC,2026-09-30,2026-09-30T09:40:34.017810-04:00,182.03,0.0165
NBIS-20260930T13400171345,NBIS,2026-09-30,2026-09-30T09:40:34.017810-04:00,244.391,0.0452
MXL-20260930T13400185786,MXL,2026-09-30,2026-09-30T09:40:34.017810-04:00,93.79,-1.3836
KLAC-20260930T13331818286,KLAC,2026-09-30,2026-09-30T09:40:37.433674-04:00,196.3319,-0.1313
CDNS-20260930T13360462756,CDNS,2026-09-30,2026-09-30T09:40:37.433674-04:00,326.136,0.3557
AVGO-20260930T13362244917,AVGO,2026-09-30,2026-09-30T09:40:37.433674-04:00,354.915,0.0164
BKNG-20260930T13370508365,BKNG,2026-09-30,2026-09-30T09:40:37.433674-04:00,162.17,-0.4302
RVMD-20260930T13370866752,RVMD,2026-09-30,2026-09-30T09:40:37.433674-04:00,203.7,0.0981
SMTC-20260930T13374682446,SMTC,2026-09-30,2026-09-30T09:40:37.433674-04:00,182.265,0.1456
NBIS-20260930T13400171345,NBIS,2026-09-30,2026-09-30T09:40:37.433674-04:00,244.4868,0.006
MXL-20260930T13400185786,MXL,2026-09-30,2026-09-30T09:40:37.433674-04:00,93.19,-0.7351
KLAC-20260930T13331818286,KLAC,2026-09-30,2026-09-30T09:40:40.884890-04:00,196.52,-0.0356
CDNS-20260930T13360462756,CDNS,2026-09-30,2026-09-30T09:40:40.884890-04:00,325.944,0.2966
AVGO-20260930T13362244917,AVGO,2026-09-30,2026-09-30T09:40:40.884890-04:00,354.905,0.0193
BKNG-20260930T13370508365,BKNG,2026-09-30,2026-09-30T09:40:40.884890-04:00,162.17,-0.4302
RVMD-20260930T13370866752,RVMD,2026-09-30,2026-09-30T09:40:40.884890-04:00,203.705,0.0956
SMTC-20260930T13374682446,SMTC,2026-09-30,2026-09-30T09:40:40.884890-04:00,182.265,0.1456
NBIS-20260930T13400171345,NBIS,2026-09-30,2026-09-30T09:40:40.884890-04:00,244.38,0.0497
MXL-20260930T13400185786,MXL,2026-09-30,2026-09-30T09:40:40.884890-04:00,93.19,-0.7351
KLAC-20260930T13331818286,KLAC,2026-09-30,2026-09-30T09:40:44.307937-04:00,196.555,-0.0178
CDNS-20260930T13360462756,CDNS,2026-09-30,2026-09-30T09:40:44.307937-04:00,326.7462,0.5435
AVGO-20260930T13362244917,AVGO,2026-09-30,2026-09-30T09:40:44.307937-04:00,354.91,0.0178
BKNG-20260930T13370508365,BKNG,2026-09-30,2026-09-30T09:40:44.307937-04:00,162.22,-0.4611
RVMD-20260930T13370866752,RVMD,2026-09-30,2026-09-30T09:40:44.307937-04:00,203.705,0.0956
SMTC-20260930T13374682446,SMTC,2026-09-30,2026-09-30T09:40:44.307937-04:00,182.265,0.1456
NBIS-20260930T13400171345,NBIS,2026-09-30,2026-09-30T09:40:44.307937-04:00,244.5,0.0006
MXL-20260930T13400185786,MXL,2026-09-30,2026-09-30T09:40:44.307937-04:00,93.19,-0.7351
KLAC-20260930T13331818286,KLAC,2026-09-30,2026-09-30T09:40:47.839315-04:00,196.33,-0.1323
CDNS-20260930T13360462756,CDNS,2026-09-30,2026-09-30T09:40:47.839315-04:00,326.7462,0.5435
AVGO-20260930T13362244917,AVGO,2026-09-30,2026-09-30T09:40:47.839315-04:00,354.705,0.0756
BKNG-20260930T13370508365,BKNG,2026-09-30,2026-09-30T09:40:47.839315-04:00,162.18,-0.4364
RVMD-20260930T13370866752,RVMD,2026-09-30,2026-09-30T09:40:47.839315-04:00,203.705,0.0956
SMTC-20260930T13374682446,SMTC,2026-09-30,2026-09-30T09:40:47.839315-04:00,182.604,0.3319
NBIS-20260930T13400171345,NBIS,2026-09-30,2026-09-30T09:40:47.839315-04:00,244.13,0.1519
MXL-20260930T13400185786,MXL,2026-09-30,2026-09-30T09:40:47.839315-04:00,93.19,-0.7351
KLAC-20260930T13331818286,KLAC,2026-09-30,2026-09-30T09:40:51.482966-04:00,196.15,-0.2238
CDNS-20260930T13360462756,CDNS,2026-09-30,2026-09-30T09:40:51.482966-04:00,326.7462,0.5435
AVGO-20260930T13362244917,AVGO,2026-09-30,2026-09-30T09:40:51.482966-04:00,354.7,0.077
BKNG-20260930T13370508365,BKNG,2026-09-30,2026-09-30T09:40:51.482966-04:00,162.1,-0.3868
RVMD-20260930T13370866752,RVMD,2026-09-30,2026-09-30T09:40:51.482966-04:00,203.705,0.0956
SMTC-20260930T13374682446,SMTC,2026-09-30,2026-09-30T09:40:51.482966-04:00,182.58,0.3187
NBIS-20260930T13400171345,NBIS,2026-09-30,2026-09-30T09:40:51.482966-04:00,243.6852,0.3338
MXL-20260930T13400185786,MXL,2026-09-30,2026-09-30T09:40:51.482966-04:00,92.52,-0.0108
KLAC-20260930T13331818286,KLAC,2026-09-30,2026-09-30T09:40:55.017822-04:00,196.15,-0.2238
CDNS-20260930T13360462756,CDNS,2026-09-30,2026-09-30T09:40:55.017822-04:00,326.0,0.3139
AVGO-20260930T13362244917,AVGO,2026-09-30,2026-09-30T09:40:55.017822-04:00,354.62,0.0995
BKNG-20260930T13370508365,BKNG,2026-09-30,2026-09-30T09:40:55.017822-04:00,162.19,-0.4426
RVMD-20260930T13370866752,RVMD,2026-09-30,2026-09-30T09:40:55.017822-04:00,204.0,-0.049
SMTC-20260930T13374682446,SMTC,2026-09-30,2026-09-30T09:40:55.017822-04:00,181.535,-0.2555
NBIS-20260930T13400171345,NBIS,2026-09-30,2026-09-30T09:40:55.017822-04:00,242.61,0.7736
MXL-20260930T13400185786,MXL,2026-09-30,2026-09-30T09:40:55.017822-04:00,92.25,0.2811
KLAC-20260930T13331818286,KLAC,2026-09-30,2026-09-30T09:40:58.454128-04:00,196.03,-0.2849
CDNS-20260930T13360462756,CDNS,2026-09-30,2026-09-30T09:40:58.454128-04:00,326.6122,0.5022
AVGO-20260930T13362244917,AVGO,2026-09-30,2026-09-30T09:40:58.454128-04:00,354.4245,0.1546
BKNG-20260930T13370508365,BKNG,2026-09-30,2026-09-30T09:40:58.454128-04:00,162.175,-0.4333
RVMD-20260930T13370866752,RVMD,2026-09-30,2026-09-30T09:40:58.454128-04:00,204.0,-0.049
SMTC-20260930T13374682446,SMTC,2026-09-30,2026-09-30T09:40:58.454128-04:00,181.535,-0.2555
NBIS-20260930T13400171345,NBIS,2026-09-30,2026-09-30T09:40:58.454128-04:00,242.76,0.7122
MXL-20260930T13400185786,MXL,2026-09-30,2026-09-30T09:40:58.454128-04:00,92.0035,0.5475
KLAC-20260930T13331818286,KLAC,2026-09-30,2026-09-30T09:41:01.835355-04:00,196.0549,-0.2722
CDNS-20260930T13360462756,CDNS,2026-09-30,2026-09-30T09:41:01.835355-04:00,325.4137,0.1335
AVGO-20260930T13362244917,AVGO,2026-09-30,2026-09-30T09:41:01.835355-04:00,354.535,0.1235
BKNG-20260930T13370508365,BKNG,2026-09-30,2026-09-30T09:41:01.835355-04:00,162.29,-0.5045
RVMD-20260930T13370866752,RVMD,2026-09-30,2026-09-30T09:41:01.835355-04:00,204.0,-0.049
SMTC-20260930T13374682446,SMTC,2026-09-30,2026-09-30T09:41:01.835355-04:00,182.0,0.0
NBIS-20260930T13400171345,NBIS,2026-09-30,2026-09-30T09:41:01.835355-04:00,242.5503,0.798
MXL-20260930T13400185786,MXL,2026-09-30,2026-09-30T09:41:01.835355-04:00,92.0035,0.5475
KLAC-20260930T13331818286,KLAC,2026-09-30,2026-09-30T09:41:05.801836-04:00,196.09,-0.2543
CDNS-20260930T13360462756,CDNS,2026-09-30,2026-09-30T09:41:05.801836-04:00,326.6582,0.5164
AVGO-20260930T13362244917,AVGO,2026-09-30,2026-09-30T09:41:05.801836-04:00,354.58,0.1108
RVMD-20260930T13370866752,RVMD,2026-09-30,2026-09-30T09:41:05.801836-04:00,204.0,-0.049
NBIS-20260930T13400171345,NBIS,2026-09-30,2026-09-30T09:41:05.801836-04:00,242.5913,0.7812
MXL-20260930T13400185786,MXL,2026-09-30,2026-09-30T09:41:05.801836-04:00,91.85,0.7134
KLAC-20260930T13331818286,KLAC,2026-09-30,2026-09-30T09:41:09.349514-04:00,195.95,-0.3256
CDNS-20260930T13360462756,CDNS,2026-09-30,2026-09-30T09:41:09.349514-04:00,326.6582,0.5164
AVGO-20260930T13362244917,AVGO,2026-09-30,2026-09-30T09:41:09.349514-04:00,354.42,0.1559
RVMD-20260930T13370866752,RVMD,2026-09-30,2026-09-30T09:41:09.349514-04:00,203.8375,0.0307
NBIS-20260930T13400171345,NBIS,2026-09-30,2026-09-30T09:41:09.349514-04:00,242.585,0.7838
MXL-20260930T13400185786,MXL,2026-09-30,2026-09-30T09:41:09.349514-04:00,92.32,0.2054
FDS-20260930T13410268851,FDS,2026-09-30,2026-09-30T09:41:09.349514-04:00,261.83,-0.3584
ILMN-20260930T13410275975,ILMN,2026-09-30,2026-09-30T09:41:09.349514-04:00,278.3769,-0.392
KLAC-20260930T13331818286,KLAC,2026-09-30,2026-09-30T09:41:12.933648-04:00,196.3129,-0.141
CDNS-20260930T13360462756,CDNS,2026-09-30,2026-09-30T09:41:12.933648-04:00,325.92,0.2892
AVGO-20260930T13362244917,AVGO,2026-09-30,2026-09-30T09:41:12.933648-04:00,354.2708,0.1979
RVMD-20260930T13370866752,RVMD,2026-09-30,2026-09-30T09:41:12.933648-04:00,203.8375,0.0307
NBIS-20260930T13400171345,NBIS,2026-09-30,2026-09-30T09:41:12.933648-04:00,242.08,0.9904
MXL-20260930T13400185786,MXL,2026-09-30,2026-09-30T09:41:12.933648-04:00,92.48,0.0324
FDS-20260930T13410268851,FDS,2026-09-30,2026-09-30T09:41:12.933648-04:00,261.83,-0.3584
ILMN-20260930T13410275975,ILMN,2026-09-30,2026-09-30T09:41:12.933648-04:00,278.51,-0.44
KLAC-20260930T13331818286,KLAC,2026-09-30,2026-09-30T09:41:16.376988-04:00,195.85,-0.3764
CDNS-20260930T13360462756,CDNS,2026-09-30,2026-09-30T09:41:16.376988-04:00,325.73,0.2308
AVGO-20260930T13362244917,AVGO,2026-09-30,2026-09-30T09:41:16.376988-04:00,354.305,0.1883
RVMD-20260930T13370866752,RVMD,2026-09-30,2026-09-30T09:41:16.376988-04:00,203.8375,0.0307
NBIS-20260930T13400171345,NBIS,2026-09-30,2026-09-30T09:41:16.376988-04:00,242.276,0.9102
MXL-20260930T13400185786,MXL,2026-09-30,2026-09-30T09:41:16.376988-04:00,92.0015,0.5497
FDS-20260930T13410268851,FDS,2026-09-30,2026-09-30T09:41:16.376988-04:00,261.83,-0.3584
ILMN-20260930T13410275975,ILMN,2026-09-30,2026-09-30T09:41:16.376988-04:00,278.81,-0.5482
KLAC-20260930T13331818286,KLAC,2026-09-30,2026-09-30T09:41:19.860820-04:00,195.85,-0.3764
CDNS-20260930T13360462756,CDNS,2026-09-30,2026-09-30T09:41:19.860820-04:00,325.73,0.2308
AVGO-20260930T13362244917,AVGO,2026-09-30,2026-09-30T09:41:19.860820-04:00,354.4188,0.1562
RVMD-20260930T13370866752,RVMD,2026-09-30,2026-09-30T09:41:19.860820-04:00,204.02,-0.0589
NBIS-20260930T13400171345,NBIS,2026-09-30,2026-09-30T09:41:19.860820-04:00,241.61,1.1826
MXL-20260930T13400185786,MXL,2026-09-30,2026-09-30T09:41:19.860820-04:00,92.32,0.2054
FDS-20260930T13410268851,FDS,2026-09-30,2026-09-30T09:41:19.860820-04:00,261.83,-0.3584
ILMN-20260930T13410275975,ILMN,2026-09-30,2026-09-30T09:41:19.860820-04:00,278.52,-0.4436
CDNS-20260930T13360462756,CDNS,2026-09-30,2026-09-30T09:41:23.358991-04:00,326.065,0.3339
AVGO-20260930T13362244917,AVGO,2026-09-30,2026-09-30T09:41:23.358991-04:00,354.4501,0.1474
RVMD-20260930T13370866752,RVMD,2026-09-30,2026-09-30T09:41:23.358991-04:00,204.0336,-0.0655
NBIS-20260930T13400171345,NBIS,2026-09-30,2026-09-30T09:41:23.358991-04:00,241.2,1.3503
MXL-20260930T13400185786,MXL,2026-09-30,2026-09-30T09:41:23.358991-04:00,92.32,0.2054
TXG-20260930T13410264865,TXG,2026-09-30,2026-09-30T09:41:23.358991-04:00,93.27,-0.2149
FDS-20260930T13410268851,FDS,2026-09-30,2026-09-30T09:41:23.358991-04:00,261.83,-0.3584
ILMN-20260930T13410275975,ILMN,2026-09-30,2026-09-30T09:41:23.358991-04:00,278.51,-0.44
CDNS-20260930T13360462756,CDNS,2026-09-30,2026-09-30T09:41:26.770161-04:00,326.1,0.3446
AVGO-20260930T13362244917,AVGO,2026-09-30,2026-09-30T09:41:26.770161-04:00,354.56,0.1164
RVMD-20260930T13370866752,RVMD,2026-09-30,2026-09-30T09:41:26.770161-04:00,204.0336,-0.0655
NBIS-20260930T13400171345,NBIS,2026-09-30,2026-09-30T09:41:26.770161-04:00,241.345,1.291
MXL-20260930T13400185786,MXL,2026-09-30,2026-09-30T09:41:26.770161-04:00,91.7575,0.8134
TXG-20260930T13410264865,TXG,2026-09-30,2026-09-30T09:41:26.770161-04:00,93.358,-0.3094
FDS-20260930T13410268851,FDS,2026-09-30,2026-09-30T09:41:26.770161-04:00,261.83,-0.3584
ILMN-20260930T13410275975,ILMN,2026-09-30,2026-09-30T09:41:26.770161-04:00,278.505,-0.4382
CDNS-20260930T13360462756,CDNS,2026-09-30,2026-09-30T09:41:30.155003-04:00,326.005,0.3154
AVGO-20260930T13362244917,AVGO,2026-09-30,2026-09-30T09:41:30.155003-04:00,354.555,0.1178
RVMD-20260930T13370866752,RVMD,2026-09-30,2026-09-30T09:41:30.155003-04:00,203.3,0.2943
NBIS-20260930T13400171345,NBIS,2026-09-30,2026-09-30T09:41:30.155003-04:00,241.41,1.2644
MXL-20260930T13400185786,MXL,2026-09-30,2026-09-30T09:41:30.155003-04:00,91.8,0.7675
TXG-20260930T13410264865,TXG,2026-09-30,2026-09-30T09:41:30.155003-04:00,93.57,-0.5372
FDS-20260930T13410268851,FDS,2026-09-30,2026-09-30T09:41:30.155003-04:00,261.83,-0.3584
ILMN-20260930T13410275975,ILMN,2026-09-30,2026-09-30T09:41:30.155003-04:00,278.505,-0.4382
CDNS-20260930T13360462756,CDNS,2026-09-30,2026-09-30T09:41:33.595169-04:00,326.34,0.4185
AVGO-20260930T13362244917,AVGO,2026-09-30,2026-09-30T09:41:33.595169-04:00,354.555,0.1178
RVMD-20260930T13370866752,RVMD,2026-09-30,2026-09-30T09:41:33.595169-04:00,203.3,0.2943
NBIS-20260930T13400171345,NBIS,2026-09-30,2026-09-30T09:41:33.595169-04:00,240.76,1.5302
MXL-20260930T13400185786,MXL,2026-09-30,2026-09-30T09:41:33.595169-04:00,91.92,0.6378
TXG-20260930T13410264865,TXG,2026-09-30,2026-09-30T09:41:33.595169-04:00,93.1,-0.0322
FDS-20260930T13410268851,FDS,2026-09-30,2026-09-30T09:41:33.595169-04:00,261.83,0.0418
ILMN-20260930T13410275975,ILMN,2026-09-30,2026-09-30T09:41:33.595169-04:00,278.505,-0.4382
CDNS-20260930T13360462756,CDNS,2026-09-30,2026-09-30T09:41:37.185118-04:00,326.16,0.3631
AVGO-20260930T13362244917,AVGO,2026-09-30,2026-09-30T09:41:37.185118-04:00,354.6782,0.0831
RVMD-20260930T13370866752,RVMD,2026-09-30,2026-09-30T09:41:37.185118-04:00,203.715,0.0907
NBIS-20260930T13400171345,NBIS,2026-09-30,2026-09-30T09:41:37.185118-04:00,240.32,1.7102
MXL-20260930T13400185786,MXL,2026-09-30,2026-09-30T09:41:37.185118-04:00,91.698,0.8777
TXG-20260930T13410264865,TXG,2026-09-30,2026-09-30T09:41:37.185118-04:00,93.23,-0.1719
ILMN-20260930T13410275975,ILMN,2026-09-30,2026-09-30T09:41:37.185118-04:00,278.505,-0.4382
CDNS-20260930T13360462756,CDNS,2026-09-30,2026-09-30T09:41:40.610097-04:00,326.135,0.3554
AVGO-20260930T13362244917,AVGO,2026-09-30,2026-09-30T09:41:40.610097-04:00,354.51,0.1305
RVMD-20260930T13370866752,RVMD,2026-09-30,2026-09-30T09:41:40.610097-04:00,203.715,0.0907
NBIS-20260930T13400171345,NBIS,2026-09-30,2026-09-30T09:41:40.610097-04:00,244.0922,0.1674
MXL-20260930T13400185786,MXL,2026-09-30,2026-09-30T09:41:40.610097-04:00,91.8,0.7675
TXG-20260930T13410264865,TXG,2026-09-30,2026-09-30T09:41:40.610097-04:00,93.22,-0.1612
ILMN-20260930T13410275975,ILMN,2026-09-30,2026-09-30T09:41:40.610097-04:00,277.475,-0.0667
P-20260930T13413413641,P,2026-09-30,2026-09-30T09:41:40.610097-04:00,132.17,-0.3569
CDNS-20260930T13360462756,CDNS,2026-09-30,2026-09-30T09:41:44.021161-04:00,326.1475,0.3593
AVGO-20260930T13362244917,AVGO,2026-09-30,2026-09-30T09:41:44.021161-04:00,354.465,0.1432
RVMD-20260930T13370866752,RVMD,2026-09-30,2026-09-30T09:41:44.021161-04:00,203.715,0.0907
NBIS-20260930T13400171345,NBIS,2026-09-30,2026-09-30T09:41:44.021161-04:00,239.8,1.9229
MXL-20260930T13400185786,MXL,2026-09-30,2026-09-30T09:41:44.021161-04:00,91.54,1.0485
TXG-20260930T13410264865,TXG,2026-09-30,2026-09-30T09:41:44.021161-04:00,93.1238,-0.0578
ILMN-20260930T13410275975,ILMN,2026-09-30,2026-09-30T09:41:44.021161-04:00,278.515,-0.4418
P-20260930T13413413641,P,2026-09-30,2026-09-30T09:41:44.021161-04:00,132.24,-0.41
CDNS-20260930T13360462756,CDNS,2026-09-30,2026-09-30T09:41:47.470558-04:00,326.5287,0.4766
AVGO-20260930T13362244917,AVGO,2026-09-30,2026-09-30T09:41:47.470558-04:00,354.62,0.0995
RVMD-20260930T13370866752,RVMD,2026-09-30,2026-09-30T09:41:47.470558-04:00,203.715,0.0907
NBIS-20260930T13400171345,NBIS,2026-09-30,2026-09-30T09:41:47.470558-04:00,239.9247,1.8719
MXL-20260930T13400185786,MXL,2026-09-30,2026-09-30T09:41:47.470558-04:00,91.905,0.654
TXG-20260930T13410264865,TXG,2026-09-30,2026-09-30T09:41:47.470558-04:00,93.22,-0.1612
ILMN-20260930T13410275975,ILMN,2026-09-30,2026-09-30T09:41:47.470558-04:00,279.01,-0.6203
P-20260930T13413413641,P,2026-09-30,2026-09-30T09:41:47.470558-04:00,132.09,-0.2961
CDNS-20260930T13360462756,CDNS,2026-09-30,2026-09-30T09:41:50.895275-04:00,326.5287,0.4766
AVGO-20260930T13362244917,AVGO,2026-09-30,2026-09-30T09:41:50.895275-04:00,354.5316,0.1244
RVMD-20260930T13370866752,RVMD,2026-09-30,2026-09-30T09:41:50.895275-04:00,203.715,0.0907
NBIS-20260930T13400171345,NBIS,2026-09-30,2026-09-30T09:41:50.895275-04:00,239.995,1.8431
MXL-20260930T13400185786,MXL,2026-09-30,2026-09-30T09:41:50.895275-04:00,91.58,1.0053
TXG-20260930T13410264865,TXG,2026-09-30,2026-09-30T09:41:50.895275-04:00,93.23,-0.1719
ILMN-20260930T13410275975,ILMN,2026-09-30,2026-09-30T09:41:50.895275-04:00,278.4333,-0.4123
P-20260930T13413413641,P,2026-09-30,2026-09-30T09:41:50.895275-04:00,132.3,-0.4556
CDNS-20260930T13360462756,CDNS,2026-09-30,2026-09-30T09:41:54.328155-04:00,326.755,0.5462
AVGO-20260930T13362244917,AVGO,2026-09-30,2026-09-30T09:41:54.328155-04:00,354.495,0.1348
RVMD-20260930T13370866752,RVMD,2026-09-30,2026-09-30T09:41:54.328155-04:00,203.715,0.0907
NBIS-20260930T13400171345,NBIS,2026-09-30,2026-09-30T09:41:54.328155-04:00,240.19,1.7634
MXL-20260930T13400185786,MXL,2026-09-30,2026-09-30T09:41:54.328155-04:00,91.58,1.0053
TXG-20260930T13410264865,TXG,2026-09-30,2026-09-30T09:41:54.328155-04:00,93.285,-0.231
ILMN-20260930T13410275975,ILMN,2026-09-30,2026-09-30T09:41:54.328155-04:00,278.505,-0.4382
P-20260930T13413413641,P,2026-09-30,2026-09-30T09:41:54.328155-04:00,132.35,-0.4935
CDNS-20260930T13360462756,CDNS,2026-09-30,2026-09-30T09:41:57.798733-04:00,326.71,0.5323
AVGO-20260930T13362244917,AVGO,2026-09-30,2026-09-30T09:41:57.798733-04:00,354.7459,0.0641
RVMD-20260930T13370866752,RVMD,2026-09-30,2026-09-30T09:41:57.798733-04:00,203.7,0.0981
NBIS-20260930T13400171345,NBIS,2026-09-30,2026-09-30T09:41:57.798733-04:00,240.53,1.6243
MXL-20260930T13400185786,MXL,2026-09-30,2026-09-30T09:41:57.798733-04:00,91.8,0.7675
TXG-20260930T13410264865,TXG,2026-09-30,2026-09-30T09:41:57.798733-04:00,93.0964,-0.0284
ILMN-20260930T13410275975,ILMN,2026-09-30,2026-09-30T09:41:57.798733-04:00,279.07,-0.6419
P-20260930T13413413641,P,2026-09-30,2026-09-30T09:41:57.798733-04:00,132.395,-0.5277
CDNS-20260930T13360462756,CDNS,2026-09-30,2026-09-30T09:42:01.213780-04:00,326.71,0.5323
AVGO-20260930T13362244917,AVGO,2026-09-30,2026-09-30T09:42:01.213780-04:00,354.61,0.1024
RVMD-20260930T13370866752,RVMD,2026-09-30,2026-09-30T09:42:01.213780-04:00,203.7,0.0981
NBIS-20260930T13400171345,NBIS,2026-09-30,2026-09-30T09:42:01.213780-04:00,241.56,1.203
MXL-20260930T13400185786,MXL,2026-09-30,2026-09-30T09:42:01.213780-04:00,91.91,0.6486
TXG-20260930T13410264865,TXG,2026-09-30,2026-09-30T09:42:01.213780-04:00,93.14,-0.0752
ILMN-20260930T13410275975,ILMN,2026-09-30,2026-09-30T09:42:01.213780-04:00,279.07,-0.6419
P-20260930T13413413641,P,2026-09-30,2026-09-30T09:42:01.213780-04:00,132.395,-0.5277
CDNS-20260930T13360462756,CDNS,2026-09-30,2026-09-30T09:42:05.024824-04:00,326.705,0.5308
AVGO-20260930T13362244917,AVGO,2026-09-30,2026-09-30T09:42:05.024824-04:00,354.5503,0.1192
RVMD-20260930T13370866752,RVMD,2026-09-30,2026-09-30T09:42:05.024824-04:00,203.72,0.0883
MXL-20260930T13400185786,MXL,2026-09-30,2026-09-30T09:42:05.024824-04:00,91.575,1.0107
TXG-20260930T13410264865,TXG,2026-09-30,2026-09-30T09:42:05.024824-04:00,93.28,-0.2256
ILMN-20260930T13410275975,ILMN,2026-09-30,2026-09-30T09:42:05.024824-04:00,278.52,-0.4436
P-20260930T13413413641,P,2026-09-30,2026-09-30T09:42:05.024824-04:00,132.1351,-0.3304
CDNS-20260930T13360462756,CDNS,2026-09-30,2026-09-30T09:42:08.705155-04:00,326.96,0.6093
AVGO-20260930T13362244917,AVGO,2026-09-30,2026-09-30T09:42:08.705155-04:00,354.5854,0.1093
RVMD-20260930T13370866752,RVMD,2026-09-30,2026-09-30T09:42:08.705155-04:00,203.72,0.0883
MXL-20260930T13400185786,MXL,2026-09-30,2026-09-30T09:42:08.705155-04:00,91.59,0.9945
TXG-20260930T13410264865,TXG,2026-09-30,2026-09-30T09:42:08.705155-04:00,93.22,-0.1612
P-20260930T13413413641,P,2026-09-30,2026-09-30T09:42:08.705155-04:00,132.1351,-0.3304
CDNS-20260930T13360462756,CDNS,2026-09-30,2026-09-30T09:42:12.274303-04:00,326.96,0.6093
AVGO-20260930T13362244917,AVGO,2026-09-30,2026-09-30T09:42:12.274303-04:00,354.555,0.1178
RVMD-20260930T13370866752,RVMD,2026-09-30,2026-09-30T09:42:12.274303-04:00,203.715,0.0907
MXL-20260930T13400185786,MXL,2026-09-30,2026-09-30T09:42:12.274303-04:00,91.59,0.9945
TXG-20260930T13410264865,TXG,2026-09-30,2026-09-30T09:42:12.274303-04:00,93.28,-0.2256
P-20260930T13413413641,P,2026-09-30,2026-09-30T09:42:12.274303-04:00,132.52,-0.6226
CDNS-20260930T13360462756,CDNS,2026-09-30,2026-09-30T09:42:15.823931-04:00,326.96,0.6093
AVGO-20260930T13362244917,AVGO,2026-09-30,2026-09-30T09:42:15.823931-04:00,354.628,0.0973
RVMD-20260930T13370866752,RVMD,2026-09-30,2026-09-30T09:42:15.823931-04:00,203.715,0.0907
MXL-20260930T13400185786,MXL,2026-09-30,2026-09-30T09:42:15.823931-04:00,91.655,0.9242
TXG-20260930T13410264865,TXG,2026-09-30,2026-09-30T09:42:15.823931-04:00,93.28,-0.2256
P-20260930T13413413641,P,2026-09-30,2026-09-30T09:42:15.823931-04:00,132.4244,-0.55
CDNS-20260930T13360462756,CDNS,2026-09-30,2026-09-30T09:42:19.386041-04:00,327.51,0.7785
AVGO-20260930T13362244917,AVGO,2026-09-30,2026-09-30T09:42:19.386041-04:00,354.61,0.1024
RVMD-20260930T13370866752,RVMD,2026-09-30,2026-09-30T09:42:19.386041-04:00,203.715,0.0907
MXL-20260930T13400185786,MXL,2026-09-30,2026-09-30T09:42:19.386041-04:00,91.58,1.0053
TXG-20260930T13410264865,TXG,2026-09-30,2026-09-30T09:42:19.386041-04:00,93.3,-0.2471
P-20260930T13413413641,P,2026-09-30,2026-09-30T09:42:19.386041-04:00,132.75,-0.7973
CDNS-20260930T13360462756,CDNS,2026-09-30,2026-09-30T09:42:22.891510-04:00,327.51,0.7785
AVGO-20260930T13362244917,AVGO,2026-09-30,2026-09-30T09:42:22.891510-04:00,354.58,0.1108
RVMD-20260930T13370866752,RVMD,2026-09-30,2026-09-30T09:42:22.891510-04:00,203.715,0.0907
MXL-20260930T13400185786,MXL,2026-09-30,2026-09-30T09:42:22.891510-04:00,91.655,0.9242
TXG-20260930T13410264865,TXG,2026-09-30,2026-09-30T09:42:22.891510-04:00,93.28,-0.2256
P-20260930T13413413641,P,2026-09-30,2026-09-30T09:42:22.891510-04:00,132.2848,-0.444
CDNS-20260930T13360462756,CDNS,2026-09-30,2026-09-30T09:42:26.350296-04:00,327.72,0.8431
AVGO-20260930T13362244917,AVGO,2026-09-30,2026-09-30T09:42:26.350296-04:00,354.56,0.1164
RVMD-20260930T13370866752,RVMD,2026-09-30,2026-09-30T09:42:26.350296-04:00,203.715,0.0907
MXL-20260930T13400185786,MXL,2026-09-30,2026-09-30T09:42:26.350296-04:00,91.66,0.9188
TXG-20260930T13410264865,TXG,2026-09-30,2026-09-30T09:42:26.350296-04:00,93.4142,-0.3698
P-20260930T13413413641,P,2026-09-30,2026-09-30T09:42:26.350296-04:00,132.54,-0.6378
CDNS-20260930T13360462756,CDNS,2026-09-30,2026-09-30T09:42:29.804112-04:00,327.37,0.7354
AVGO-20260930T13362244917,AVGO,2026-09-30,2026-09-30T09:42:29.804112-04:00,354.59,0.108
RVMD-20260930T13370866752,RVMD,2026-09-30,2026-09-30T09:42:29.804112-04:00,203.3,0.2943
MXL-20260930T13400185786,MXL,2026-09-30,2026-09-30T09:42:29.804112-04:00,91.655,0.9242
TXG-20260930T13410264865,TXG,2026-09-30,2026-09-30T09:42:29.804112-04:00,93.488,-0.4491
P-20260930T13413413641,P,2026-09-30,2026-09-30T09:42:29.804112-04:00,132.3158,-0.4676
CDNS-20260930T13360462756,CDNS,2026-09-30,2026-09-30T09:42:33.492822-04:00,326.7132,0.5333
AVGO-20260930T13362244917,AVGO,2026-09-30,2026-09-30T09:42:33.492822-04:00,354.505,0.1319
RVMD-20260930T13370866752,RVMD,2026-09-30,2026-09-30T09:42:33.492822-04:00,203.3,0.2943
MXL-20260930T13400185786,MXL,2026-09-30,2026-09-30T09:42:33.492822-04:00,91.9074,0.6514
TXG-20260930T13410264865,TXG,2026-09-30,2026-09-30T09:42:33.492822-04:00,93.26,-0.2041
P-20260930T13413413641,P,2026-09-30,2026-09-30T09:42:33.492822-04:00,132.4437,-0.5647
CDNS-20260930T13360462756,CDNS,2026-09-30,2026-09-30T09:42:37.008666-04:00,327.3,0.7139
AVGO-20260930T13362244917,AVGO,2026-09-30,2026-09-30T09:42:37.008666-04:00,354.548,0.1198
RVMD-20260930T13370866752,RVMD,2026-09-30,2026-09-30T09:42:37.008666-04:00,203.4228,0.234
MXL-20260930T13400185786,MXL,2026-09-30,2026-09-30T09:42:37.008666-04:00,91.9074,0.6514
TXG-20260930T13410264865,TXG,2026-09-30,2026-09-30T09:42:37.008666-04:00,93.4,-0.3546
P-20260930T13413413641,P,2026-09-30,2026-09-30T09:42:37.008666-04:00,132.58,-0.6682
CDNS-20260930T13360462756,CDNS,2026-09-30,2026-09-30T09:42:40.500060-04:00,326.983,0.6163
AVGO-20260930T13362244917,AVGO,2026-09-30,2026-09-30T09:42:40.500060-04:00,354.657,0.0891
RVMD-20260930T13370866752,RVMD,2026-09-30,2026-09-30T09:42:40.500060-04:00,204.38,-0.2354
MXL-20260930T13400185786,MXL,2026-09-30,2026-09-30T09:42:40.500060-04:00,91.9074,0.6514
TXG-20260930T13410264865,TXG,2026-09-30,2026-09-30T09:42:40.500060-04:00,93.5389,-0.5038
P-20260930T13413413641,P,2026-09-30,2026-09-30T09:42:40.500060-04:00,132.725,-0.7783
CDNS-20260930T13360462756,CDNS,2026-09-30,2026-09-30T09:42:44.031525-04:00,327.392,0.7422
AVGO-20260930T13362244917,AVGO,2026-09-30,2026-09-30T09:42:44.031525-04:00,354.6818,0.0821
RVMD-20260930T13370866752,RVMD,2026-09-30,2026-09-30T09:42:44.031525-04:00,203.71,0.0932
MXL-20260930T13400185786,MXL,2026-09-30,2026-09-30T09:42:44.031525-04:00,91.5,1.0918
TXG-20260930T13410264865,TXG,2026-09-30,2026-09-30T09:42:44.031525-04:00,93.525,-0.4889
P-20260930T13413413641,P,2026-09-30,2026-09-30T09:42:44.031525-04:00,132.84,-0.8656
CDNS-20260930T13360462756,CDNS,2026-09-30,2026-09-30T09:42:47.525961-04:00,326.6567,0.5159
AVGO-20260930T13362244917,AVGO,2026-09-30,2026-09-30T09:42:47.525961-04:00,354.6439,0.0928
RVMD-20260930T13370866752,RVMD,2026-09-30,2026-09-30T09:42:47.525961-04:00,203.71,0.0932
MXL-20260930T13400185786,MXL,2026-09-30,2026-09-30T09:42:47.525961-04:00,91.5,1.0918
TXG-20260930T13410264865,TXG,2026-09-30,2026-09-30T09:42:47.525961-04:00,93.525,-0.4889
P-20260930T13413413641,P,2026-09-30,2026-09-30T09:42:47.525961-04:00,132.91,-0.9188
CDNS-20260930T13360462756,CDNS,2026-09-30,2026-09-30T09:42:51.052430-04:00,327.58,0.8
AVGO-20260930T13362244917,AVGO,2026-09-30,2026-09-30T09:42:51.052430-04:00,354.74,0.0657
RVMD-20260930T13370866752,RVMD,2026-09-30,2026-09-30T09:42:51.052430-04:00,203.71,0.0932
MXL-20260930T13400185786,MXL,2026-09-30,2026-09-30T09:42:51.052430-04:00,91.58,1.0053
TXG-20260930T13410264865,TXG,2026-09-30,2026-09-30T09:42:51.052430-04:00,93.683,-0.6586
P-20260930T13413413641,P,2026-09-30,2026-09-30T09:42:51.052430-04:00,132.97,-0.9643
CDNS-20260930T13360462756,CDNS,2026-09-30,2026-09-30T09:42:54.493019-04:00,327.075,0.6447
AVGO-20260930T13362244917,AVGO,2026-09-30,2026-09-30T09:42:54.493019-04:00,354.835,0.039
RVMD-20260930T13370866752,RVMD,2026-09-30,2026-09-30T09:42:54.493019-04:00,203.9099,-0.0049
MXL-20260930T13400185786,MXL,2026-09-30,2026-09-30T09:42:54.493019-04:00,91.58,1.0053
TXG-20260930T13410264865,TXG,2026-09-30,2026-09-30T09:42:54.493019-04:00,93.6,-0.5695
P-20260930T13413413641,P,2026-09-30,2026-09-30T09:42:54.493019-04:00,132.61,-0.691
CDNS-20260930T13360462756,CDNS,2026-09-30,2026-09-30T09:42:57.927817-04:00,327.37,0.7354
AVGO-20260930T13362244917,AVGO,2026-09-30,2026-09-30T09:42:57.927817-04:00,354.8617,0.0314
RVMD-20260930T13370866752,RVMD,2026-09-30,2026-09-30T09:42:57.927817-04:00,203.71,0.0932
MXL-20260930T13400185786,MXL,2026-09-30,2026-09-30T09:42:57.927817-04:00,91.58,1.0053
TXG-20260930T13410264865,TXG,2026-09-30,2026-09-30T09:42:57.927817-04:00,93.54,-0.505
P-20260930T13413413641,P,2026-09-30,2026-09-30T09:42:57.927817-04:00,132.885,-0.8998
CDNS-20260930T13360462756,CDNS,2026-09-30,2026-09-30T09:43:01.409616-04:00,327.335,0.7247
AVGO-20260930T13362244917,AVGO,2026-09-30,2026-09-30T09:43:01.409616-04:00,354.7699,0.0573
RVMD-20260930T13370866752,RVMD,2026-09-30,2026-09-30T09:43:01.409616-04:00,203.71,0.0932
MXL-20260930T13400185786,MXL,2026-09-30,2026-09-30T09:43:01.409616-04:00,91.58,1.0053
TXG-20260930T13410264865,TXG,2026-09-30,2026-09-30T09:43:01.409616-04:00,93.535,-0.4996
P-20260930T13413413641,P,2026-09-30,2026-09-30T09:43:01.409616-04:00,132.8546,-0.8767
CDNS-20260930T13360462756,CDNS,2026-09-30,2026-09-30T09:43:05.225543-04:00,327.365,0.7339
AVGO-20260930T13362244917,AVGO,2026-09-30,2026-09-30T09:43:05.225543-04:00,354.64,0.0939
RVMD-20260930T13370866752,RVMD,2026-09-30,2026-09-30T09:43:05.225543-04:00,203.71,0.0932
MXL-20260930T13400185786,MXL,2026-09-30,2026-09-30T09:43:05.225543-04:00,91.44,1.1566
TXG-20260930T13410264865,TXG,2026-09-30,2026-09-30T09:43:05.225543-04:00,93.4185,-0.3744
P-20260930T13413413641,P,2026-09-30,2026-09-30T09:43:05.225543-04:00,133.2465,-1.0161
CDNS-20260930T13360462756,CDNS,2026-09-30,2026-09-30T09:43:08.773393-04:00,327.27,0.7047
AVGO-20260930T13362244917,AVGO,2026-09-30,2026-09-30T09:43:08.773393-04:00,354.65,0.0911
RVMD-20260930T13370866752,RVMD,2026-09-30,2026-09-30T09:43:08.773393-04:00,203.71,0.0932
MXL-20260930T13400185786,MXL,2026-09-30,2026-09-30T09:43:08.773393-04:00,91.65,0.9296
TXG-20260930T13410264865,TXG,2026-09-30,2026-09-30T09:43:08.773393-04:00,93.5,-0.462
P-20260930T13413413641,P,2026-09-30,2026-09-30T09:43:08.773393-04:00,133.4299,-1.1552
CDNS-20260930T13360462756,CDNS,2026-09-30,2026-09-30T09:43:12.409479-04:00,327.38,0.7385
AVGO-20260930T13362244917,AVGO,2026-09-30,2026-09-30T09:43:12.409479-04:00,354.5914,0.1076
RVMD-20260930T13370866752,RVMD,2026-09-30,2026-09-30T09:43:12.409479-04:00,203.71,0.0932
MXL-20260930T13400185786,MXL,2026-09-30,2026-09-30T09:43:12.409479-04:00,91.6318,0.9493
TXG-20260930T13410264865,TXG,2026-09-30,2026-09-30T09:43:12.409479-04:00,93.53,-0.4943
P-20260930T13413413641,P,2026-09-30,2026-09-30T09:43:12.409479-04:00,133.1962,-0.978
CDNS-20260930T13360462756,CDNS,2026-09-30,2026-09-30T09:43:15.859532-04:00,326.98,0.6154
AVGO-20260930T13362244917,AVGO,2026-09-30,2026-09-30T09:43:15.859532-04:00,354.595,0.1066
RVMD-20260930T13370866752,RVMD,2026-09-30,2026-09-30T09:43:15.859532-04:00,203.71,0.0932
MXL-20260930T13400185786,MXL,2026-09-30,2026-09-30T09:43:15.859532-04:00,91.65,0.9296
TXG-20260930T13410264865,TXG,2026-09-30,2026-09-30T09:43:15.859532-04:00,93.535,-0.4996
P-20260930T13413413641,P,2026-09-30,2026-09-30T09:43:15.859532-04:00,133.25,-1.0188
CDNS-20260930T13360462756,CDNS,2026-09-30,2026-09-30T09:43:19.272390-04:00,327.0342,0.6321
AVGO-20260930T13362244917,AVGO,2026-09-30,2026-09-30T09:43:19.272390-04:00,354.76,0.0601
RVMD-20260930T13370866752,RVMD,2026-09-30,2026-09-30T09:43:19.272390-04:00,203.71,0.0932
MXL-20260930T13400185786,MXL,2026-09-30,2026-09-30T09:43:19.272390-04:00,91.5668,1.0196
TXG-20260930T13410264865,TXG,2026-09-30,2026-09-30T09:43:19.272390-04:00,93.535,-0.4996
P-20260930T13413413641,P,2026-09-30,2026-09-30T09:43:19.272390-04:00,133.39,-1.1249
CDNS-20260930T13360462756,CDNS,2026-09-30,2026-09-30T09:43:22.754035-04:00,327.265,0.7031
AVGO-20260930T13362244917,AVGO,2026-09-30,2026-09-30T09:43:22.754035-04:00,354.86,0.0319
RVMD-20260930T13370866752,RVMD,2026-09-30,2026-09-30T09:43:22.754035-04:00,204.2932,-0.1928
MXL-20260930T13400185786,MXL,2026-09-30,2026-09-30T09:43:22.754035-04:00,91.64,0.9404
TXG-20260930T13410264865,TXG,2026-09-30,2026-09-30T09:43:22.754035-04:00,93.5341,-0.4987
P-20260930T13413413641,P,2026-09-30,2026-09-30T09:43:22.754035-04:00,133.1925,-0.9752
CDNS-20260930T13360462756,CDNS,2026-09-30,2026-09-30T09:43:26.242711-04:00,327.45,0.76
AVGO-20260930T13362244917,AVGO,2026-09-30,2026-09-30T09:43:26.242711-04:00,354.885,0.0249
RVMD-20260930T13370866752,RVMD,2026-09-30,2026-09-30T09:43:26.242711-04:00,203.86,0.0196
MXL-20260930T13400185786,MXL,2026-09-30,2026-09-30T09:43:26.242711-04:00,91.65,0.9296
TXG-20260930T13410264865,TXG,2026-09-30,2026-09-30T09:43:26.242711-04:00,93.35,-0.3008
P-20260930T13413413641,P,2026-09-30,2026-09-30T09:43:26.242711-04:00,133.175,-0.9619
CDNS-20260930T13360462756,CDNS,2026-09-30,2026-09-30T09:43:29.768292-04:00,327.45,0.76
AVGO-20260930T13362244917,AVGO,2026-09-30,2026-09-30T09:43:29.768292-04:00,354.89,0.0235
RVMD-20260930T13370866752,RVMD,2026-09-30,2026-09-30T09:43:29.768292-04:00,203.85,0.0245
MXL-20260930T13400185786,MXL,2026-09-30,2026-09-30T09:43:29.768292-04:00,91.71,0.8648
TXG-20260930T13410264865,TXG,2026-09-30,2026-09-30T09:43:29.768292-04:00,93.495,-0.4566
P-20260930T13413413641,P,2026-09-30,2026-09-30T09:43:29.768292-04:00,133.17,-0.9581
CDNS-20260930T13360462756,CDNS,2026-09-30,2026-09-30T09:43:33.269426-04:00,327.205,0.6847
AVGO-20260930T13362244917,AVGO,2026-09-30,2026-09-30T09:43:33.269426-04:00,354.85,0.0347
RVMD-20260930T13370866752,RVMD,2026-09-30,2026-09-30T09:43:33.269426-04:00,203.85,0.0245
MXL-20260930T13400185786,MXL,2026-09-30,2026-09-30T09:43:33.269426-04:00,91.65,0.9296
TXG-20260930T13410264865,TXG,2026-09-30,2026-09-30T09:43:33.269426-04:00,93.62,-0.591
P-20260930T13413413641,P,2026-09-30,2026-09-30T09:43:33.269426-04:00,133.2636,-1.0291
CDNS-20260930T13360462756,CDNS,2026-09-30,2026-09-30T09:43:36.778587-04:00,327.195,0.6816
AVGO-20260930T13362244917,AVGO,2026-09-30,2026-09-30T09:43:36.778587-04:00,354.8813,0.0259
RVMD-20260930T13370866752,RVMD,2026-09-30,2026-09-30T09:43:36.778587-04:00,203.85,0.0245
MXL-20260930T13400185786,MXL,2026-09-30,2026-09-30T09:43:36.778587-04:00,91.825,0.7405
TXG-20260930T13410264865,TXG,2026-09-30,2026-09-30T09:43:36.778587-04:00,93.7,-0.6769
P-20260930T13413413641,P,2026-09-30,2026-09-30T09:43:36.778587-04:00,133.27,-1.0339
CDNS-20260930T13360462756,CDNS,2026-09-30,2026-09-30T09:43:40.308651-04:00,326.6994,0.5291
AVGO-20260930T13362244917,AVGO,2026-09-30,2026-09-30T09:43:40.308651-04:00,354.9008,0.0204
RVMD-20260930T13370866752,RVMD,2026-09-30,2026-09-30T09:43:40.308651-04:00,203.9,-0.0
MXL-20260930T13400185786,MXL,2026-09-30,2026-09-30T09:43:40.308651-04:00,91.825,0.7405
TXG-20260930T13410264865,TXG,2026-09-30,2026-09-30T09:43:40.308651-04:00,93.49,-0.4513
P-20260930T13413413641,P,2026-09-30,2026-09-30T09:43:40.308651-04:00,133.23,-1.0036
CDNS-20260930T13360462756,CDNS,2026-09-30,2026-09-30T09:43:43.795687-04:00,327.4843,0.7706
AVGO-20260930T13362244917,AVGO,2026-09-30,2026-09-30T09:43:43.795687-04:00,354.84,0.0376
RVMD-20260930T13370866752,RVMD,2026-09-30,2026-09-30T09:43:43.795687-04:00,203.85,0.0245
MXL-20260930T13400185786,MXL,2026-09-30,2026-09-30T09:43:43.795687-04:00,91.825,0.7405
TXG-20260930T13410264865,TXG,2026-09-30,2026-09-30T09:43:43.795687-04:00,93.4753,-0.4355
P-20260930T13413413641,P,2026-09-30,2026-09-30T09:43:43.795687-04:00,133.313,-1.0665
CDNS-20260930T13360462756,CDNS,2026-09-30,2026-09-30T09:43:47.289550-04:00,327.4843,0.7706
AVGO-20260930T13362244917,AVGO,2026-09-30,2026-09-30T09:43:47.289550-04:00,354.94,0.0094
RVMD-20260930T13370866752,RVMD,2026-09-30,2026-09-30T09:43:47.289550-04:00,204.0167,-0.0572
MXL-20260930T13400185786,MXL,2026-09-30,2026-09-30T09:43:47.289550-04:00,91.73,0.8432
TXG-20260930T13410264865,TXG,2026-09-30,2026-09-30T09:43:47.289550-04:00,93.555,-0.5211
P-20260930T13413413641,P,2026-09-30,2026-09-30T09:43:47.289550-04:00,133.16,-0.9505
CDNS-20260930T13360462756,CDNS,2026-09-30,2026-09-30T09:43:50.777830-04:00,327.302,0.7145
AVGO-20260930T13362244917,AVGO,2026-09-30,2026-09-30T09:43:50.777830-04:00,354.9931,-0.0056
RVMD-20260930T13370866752,RVMD,2026-09-30,2026-09-30T09:43:50.777830-04:00,203.85,0.0245
MXL-20260930T13400185786,MXL,2026-09-30,2026-09-30T09:43:50.777830-04:00,91.9601,0.5944
TXG-20260930T13410264865,TXG,2026-09-30,2026-09-30T09:43:50.777830-04:00,93.5556,-0.5218
P-20260930T13413413641,P,2026-09-30,2026-09-30T09:43:50.777830-04:00,133.42,-1.1477
CDNS-20260930T13360462756,CDNS,2026-09-30,2026-09-30T09:43:54.288551-04:00,327.87,0.8893
AVGO-20260930T13362244917,AVGO,2026-09-30,2026-09-30T09:43:54.288551-04:00,354.895,0.0221
RVMD-20260930T13370866752,RVMD,2026-09-30,2026-09-30T09:43:54.288551-04:00,203.85,0.0245
MXL-20260930T13400185786,MXL,2026-09-30,2026-09-30T09:43:54.288551-04:00,91.9601,0.5944
TXG-20260930T13410264865,TXG,2026-09-30,2026-09-30T09:43:54.288551-04:00,93.555,-0.5211
P-20260930T13413413641,P,2026-09-30,2026-09-30T09:43:54.288551-04:00,133.17,-0.9581
CDNS-20260930T13360462756,CDNS,2026-09-30,2026-09-30T09:43:57.751178-04:00,327.39,0.7416
AVGO-20260930T13362244917,AVGO,2026-09-30,2026-09-30T09:43:57.751178-04:00,354.8058,0.0472
RVMD-20260930T13370866752,RVMD,2026-09-30,2026-09-30T09:43:57.751178-04:00,203.85,0.0245
MXL-20260930T13400185786,MXL,2026-09-30,2026-09-30T09:43:57.751178-04:00,91.8506,0.7128
TXG-20260930T13410264865,TXG,2026-09-30,2026-09-30T09:43:57.751178-04:00,93.62,-0.591
P-20260930T13413413641,P,2026-09-30,2026-09-30T09:43:57.751178-04:00,133.0,-0.8292
CDNS-20260930T13360462756,CDNS,2026-09-30,2026-09-30T09:44:01.196531-04:00,327.78,0.8616
AVGO-20260930T13362244917,AVGO,2026-09-30,2026-09-30T09:44:01.196531-04:00,354.63,0.0967
RVMD-20260930T13370866752,RVMD,2026-09-30,2026-09-30T09:44:01.196531-04:00,203.85,0.0245
MXL-20260930T13400185786,MXL,2026-09-30,2026-09-30T09:44:01.196531-04:00,91.82,0.7459
TXG-20260930T13410264865,TXG,2026-09-30,2026-09-30T09:44:01.196531-04:00,93.41,-0.3653
P-20260930T13413413641,P,2026-09-30,2026-09-30T09:44:01.196531-04:00,132.7516,-0.6409
CDNS-20260930T13360462756,CDNS,2026-09-30,2026-09-30T09:44:04.790355-04:00,327.75,0.8524
AVGO-20260930T13362244917,AVGO,2026-09-30,2026-09-30T09:44:04.790355-04:00,354.8089,0.0463
RVMD-20260930T13370866752,RVMD,2026-09-30,2026-09-30T09:44:04.790355-04:00,203.84,0.0294
MXL-20260930T13400185786,MXL,2026-09-30,2026-09-30T09:44:04.790355-04:00,91.66,0.9188
TXG-20260930T13410264865,TXG,2026-09-30,2026-09-30T09:44:04.790355-04:00,93.52,-0.4835
CDNS-20260930T13360462756,CDNS,2026-09-30,2026-09-30T09:44:08.161369-04:00,327.6325,0.8162
AVGO-20260930T13362244917,AVGO,2026-09-30,2026-09-30T09:44:08.161369-04:00,354.96,0.0038
RVMD-20260930T13370866752,RVMD,2026-09-30,2026-09-30T09:44:08.161369-04:00,203.84,0.0294
MXL-20260930T13400185786,MXL,2026-09-30,2026-09-30T09:44:08.161369-04:00,91.66,0.9188
TXG-20260930T13410264865,TXG,2026-09-30,2026-09-30T09:44:08.161369-04:00,93.4328,-0.3898
CDNS-20260930T13360462756,CDNS,2026-09-30,2026-09-30T09:44:11.597497-04:00,327.6325,0.8162
AVGO-20260930T13362244917,AVGO,2026-09-30,2026-09-30T09:44:11.597497-04:00,355.02,-0.0131
RVMD-20260930T13370866752,RVMD,2026-09-30,2026-09-30T09:44:11.597497-04:00,203.84,0.0294
MXL-20260930T13400185786,MXL,2026-09-30,2026-09-30T09:44:11.597497-04:00,91.66,0.9188
TXG-20260930T13410264865,TXG,2026-09-30,2026-09-30T09:44:11.597497-04:00,93.4328,-0.3898
CDNS-20260930T13360462756,CDNS,2026-09-30,2026-09-30T09:44:15.066170-04:00,327.495,0.7739
AVGO-20260930T13362244917,AVGO,2026-09-30,2026-09-30T09:44:15.066170-04:00,354.975,-0.0005
RVMD-20260930T13370866752,RVMD,2026-09-30,2026-09-30T09:44:15.066170-04:00,203.84,0.0294
MXL-20260930T13400185786,MXL,2026-09-30,2026-09-30T09:44:15.066170-04:00,91.57,1.0161
TXG-20260930T13410264865,TXG,2026-09-30,2026-09-30T09:44:15.066170-04:00,93.41,-0.3653
CDNS-20260930T13360462756,CDNS,2026-09-30,2026-09-30T09:44:18.474583-04:00,326.94,0.6031
AVGO-20260930T13362244917,AVGO,2026-09-30,2026-09-30T09:44:18.474583-04:00,355.01,-0.0103
RVMD-20260930T13370866752,RVMD,2026-09-30,2026-09-30T09:44:18.474583-04:00,203.85,0.0245
MXL-20260930T13400185786,MXL,2026-09-30,2026-09-30T09:44:18.474583-04:00,91.57,1.0161
TXG-20260930T13410264865,TXG,2026-09-30,2026-09-30T09:44:18.474583-04:00,93.555,-0.5211
CDNS-20260930T13360462756,CDNS,2026-09-30,2026-09-30T09:44:21.884886-04:00,326.94,0.6031
AVGO-20260930T13362244917,AVGO,2026-09-30,2026-09-30T09:44:21.884886-04:00,355.195,-0.0624
RVMD-20260930T13370866752,RVMD,2026-09-30,2026-09-30T09:44:21.884886-04:00,203.845,0.027
MXL-20260930T13400185786,MXL,2026-09-30,2026-09-30T09:44:21.884886-04:00,91.47,1.1242
TXG-20260930T13410264865,TXG,2026-09-30,2026-09-30T09:44:21.884886-04:00,93.3923,-0.3463
CDNS-20260930T13360462756,CDNS,2026-09-30,2026-09-30T09:44:25.307838-04:00,327.285,0.7093
AVGO-20260930T13362244917,AVGO,2026-09-30,2026-09-30T09:44:25.307838-04:00,355.155,-0.0512
RVMD-20260930T13370866752,RVMD,2026-09-30,2026-09-30T09:44:25.307838-04:00,203.845,0.027
MXL-20260930T13400185786,MXL,2026-09-30,2026-09-30T09:44:25.307838-04:00,91.47,1.1242
TXG-20260930T13410264865,TXG,2026-09-30,2026-09-30T09:44:25.307838-04:00,93.1193,-0.053
CDNS-20260930T13360462756,CDNS,2026-09-30,2026-09-30T09:44:28.689178-04:00,327.285,0.7093
AVGO-20260930T13362244917,AVGO,2026-09-30,2026-09-30T09:44:28.689178-04:00,355.1625,-0.0533
RVMD-20260930T13370866752,RVMD,2026-09-30,2026-09-30T09:44:28.689178-04:00,203.845,0.027
MXL-20260930T13400185786,MXL,2026-09-30,2026-09-30T09:44:28.689178-04:00,91.16,1.4593
TXG-20260930T13410264865,TXG,2026-09-30,2026-09-30T09:44:28.689178-04:00,93.5325,-0.4969
CDNS-20260930T13360462756,CDNS,2026-09-30,2026-09-30T09:44:32.043724-04:00,327.285,0.7093
AVGO-20260930T13362244917,AVGO,2026-09-30,2026-09-30T09:44:32.043724-04:00,355.3,-0.092
RVMD-20260930T13370866752,RVMD,2026-09-30,2026-09-30T09:44:32.043724-04:00,203.845,0.027
MXL-20260930T13400185786,MXL,2026-09-30,2026-09-30T09:44:32.043724-04:00,91.39,1.2107
TXG-20260930T13410264865,TXG,2026-09-30,2026-09-30T09:44:32.043724-04:00,93.5221,-0.4858
CDNS-20260930T13360462756,CDNS,2026-09-30,2026-09-30T09:44:35.380515-04:00,327.1292,0.6613
AVGO-20260930T13362244917,AVGO,2026-09-30,2026-09-30T09:44:35.380515-04:00,355.175,-0.0568
RVMD-20260930T13370866752,RVMD,2026-09-30,2026-09-30T09:44:35.380515-04:00,204.023,-0.0603
MXL-20260930T13400185786,MXL,2026-09-30,2026-09-30T09:44:35.380515-04:00,91.32,1.2863
TXG-20260930T13410264865,TXG,2026-09-30,2026-09-30T09:44:35.380515-04:00,93.215,-0.1558
CDNS-20260930T13360462756,CDNS,2026-09-30,2026-09-30T09:44:38.702007-04:00,327.28,0.7077
AVGO-20260930T13362244917,AVGO,2026-09-30,2026-09-30T09:44:38.702007-04:00,355.2999,-0.092
RVMD-20260930T13370866752,RVMD,2026-09-30,2026-09-30T09:44:38.702007-04:00,204.023,-0.0603
MXL-20260930T13400185786,MXL,2026-09-30,2026-09-30T09:44:38.702007-04:00,91.32,1.2863
TXG-20260930T13410264865,TXG,2026-09-30,2026-09-30T09:44:38.702007-04:00,93.215,-0.1558
CDNS-20260930T13360462756,CDNS,2026-09-30,2026-09-30T09:44:42.101707-04:00,326.91,0.5939
AVGO-20260930T13362244917,AVGO,2026-09-30,2026-09-30T09:44:42.101707-04:00,355.49,-0.1456
RVMD-20260930T13370866752,RVMD,2026-09-30,2026-09-30T09:44:42.101707-04:00,203.845,0.027
MXL-20260930T13400185786,MXL,2026-09-30,2026-09-30T09:44:42.101707-04:00,91.4,1.1999
TXG-20260930T13410264865,TXG,2026-09-30,2026-09-30T09:44:42.101707-04:00,93.199,-0.1386
CDNS-20260930T13360462756,CDNS,2026-09-30,2026-09-30T09:44:45.598512-04:00,327.28,0.7077
AVGO-20260930T13362244917,AVGO,2026-09-30,2026-09-30T09:44:45.598512-04:00,355.6,-0.1765
RVMD-20260930T13370866752,RVMD,2026-09-30,2026-09-30T09:44:45.598512-04:00,203.845,0.027
MXL-20260930T13400185786,MXL,2026-09-30,2026-09-30T09:44:45.598512-04:00,91.8818,0.6791
TXG-20260930T13410264865,TXG,2026-09-30,2026-09-30T09:44:45.598512-04:00,93.215,-0.1558
CDNS-20260930T13360462756,CDNS,2026-09-30,2026-09-30T09:44:49.059469-04:00,327.29,0.7108
AVGO-20260930T13362244917,AVGO,2026-09-30,2026-09-30T09:44:49.059469-04:00,355.6202,-0.1822
RVMD-20260930T13370866752,RVMD,2026-09-30,2026-09-30T09:44:49.059469-04:00,204.0,-0.049
MXL-20260930T13400185786,MXL,2026-09-30,2026-09-30T09:44:49.059469-04:00,91.32,1.2863
TXG-20260930T13410264865,TXG,2026-09-30,2026-09-30T09:44:49.059469-04:00,93.3816,-0.3348
CDNS-20260930T13360462756,CDNS,2026-09-30,2026-09-30T09:44:52.526440-04:00,327.28,0.7077
AVGO-20260930T13362244917,AVGO,2026-09-30,2026-09-30T09:44:52.526440-04:00,355.58,-0.1709
RVMD-20260930T13370866752,RVMD,2026-09-30,2026-09-30T09:44:52.526440-04:00,203.9184,-0.009
MXL-20260930T13400185786,MXL,2026-09-30,2026-09-30T09:44:52.526440-04:00,91.47,1.1242
TXG-20260930T13410264865,TXG,2026-09-30,2026-09-30T09:44:52.526440-04:00,93.3277,-0.2769
CDNS-20260930T13360462756,CDNS,2026-09-30,2026-09-30T09:44:55.976071-04:00,327.28,0.7077
AVGO-20260930T13362244917,AVGO,2026-09-30,2026-09-30T09:44:55.976071-04:00,355.495,-0.147
RVMD-20260930T13370866752,RVMD,2026-09-30,2026-09-30T09:44:55.976071-04:00,203.845,0.027
MXL-20260930T13400185786,MXL,2026-09-30,2026-09-30T09:44:55.976071-04:00,91.325,1.2809
TXG-20260930T13410264865,TXG,2026-09-30,2026-09-30T09:44:55.976071-04:00,93.1658,-0.1029
CDNS-20260930T13360462756,CDNS,2026-09-30,2026-09-30T09:44:59.377066-04:00,327.28,0.7077
AVGO-20260930T13362244917,AVGO,2026-09-30,2026-09-30T09:44:59.377066-04:00,355.64,-0.1878
RVMD-20260930T13370866752,RVMD,2026-09-30,2026-09-30T09:44:59.377066-04:00,203.845,0.027
MXL-20260930T13400185786,MXL,2026-09-30,2026-09-30T09:44:59.377066-04:00,90.875,1.7674
TXG-20260930T13410264865,TXG,2026-09-30,2026-09-30T09:44:59.377066-04:00,93.215,-0.1558
CDNS-20260930T13360462756,CDNS,2026-09-30,2026-09-30T09:45:02.774551-04:00,328.0,0.9293
AVGO-20260930T13362244917,AVGO,2026-09-30,2026-09-30T09:45:02.774551-04:00,355.575,-0.1695
RVMD-20260930T13370866752,RVMD,2026-09-30,2026-09-30T09:45:02.774551-04:00,204.37,-0.2305
MXL-20260930T13400185786,MXL,2026-09-30,2026-09-30T09:45:02.774551-04:00,90.87,1.7728
TXG-20260930T13410264865,TXG,2026-09-30,2026-09-30T09:45:02.774551-04:00,93.24,-0.1827
CDNS-20260930T13360462756,CDNS,2026-09-30,2026-09-30T09:45:14.125043-04:00,328.545,1.097
RVMD-20260930T13370866752,RVMD,2026-09-30,2026-09-30T09:45:14.125043-04:00,204.0566,-0.0768
TXG-20260930T13410264865,TXG,2026-09-30,2026-09-30T09:45:14.125043-04:00,93.275,-0.2203
CDNS-20260930T13360462756,CDNS,2026-09-30,2026-09-30T09:45:25.120138-04:00,328.0241,0.9367
RVMD-20260930T13370866752,RVMD,2026-09-30,2026-09-30T09:45:25.120138-04:00,204.34,-0.2158
TXG-20260930T13410264865,TXG,2026-09-30,2026-09-30T09:45:25.120138-04:00,93.24,-0.1827
HOOD-20260930T13450408260,HOOD,2026-09-30,2026-09-30T09:45:25.120138-04:00,115.465,0.062
CDNS-20260930T13360462756,CDNS,2026-09-30,2026-09-30T09:45:35.645181-04:00,329.27,1.3201
RVMD-20260930T13370866752,RVMD,2026-09-30,2026-09-30T09:45:35.645181-04:00,204.42,-0.255
TXG-20260930T13410264865,TXG,2026-09-30,2026-09-30T09:45:35.645181-04:00,93.215,-0.1558
HOOD-20260930T13450408260,HOOD,2026-09-30,2026-09-30T09:45:35.645181-04:00,115.58,-0.0375
CDNS-20260930T13360462756,CDNS,2026-09-30,2026-09-30T09:45:46.101497-04:00,328.845,1.1893
RVMD-20260930T13370866752,RVMD,2026-09-30,2026-09-30T09:45:46.101497-04:00,204.41,-0.2501
TXG-20260930T13410264865,TXG,2026-09-30,2026-09-30T09:45:46.101497-04:00,93.05,0.0215
HOOD-20260930T13450408260,HOOD,2026-09-30,2026-09-30T09:45:46.101497-04:00,115.11,0.3693
CDNS-20260930T13360462756,CDNS,2026-09-30,2026-09-30T09:45:56.691933-04:00,328.69,1.1416
RVMD-20260930T13370866752,RVMD,2026-09-30,2026-09-30T09:45:56.691933-04:00,204.1881,-0.1413
TXG-20260930T13410264865,TXG,2026-09-30,2026-09-30T09:45:56.691933-04:00,93.105,-0.0376
HOOD-20260930T13450408260,HOOD,2026-09-30,2026-09-30T09:45:56.691933-04:00,114.595,0.815
CDNS-20260930T13360462756,CDNS,2026-09-30,2026-09-30T09:46:07.218234-04:00,328.64,1.1262
RVMD-20260930T13370866752,RVMD,2026-09-30,2026-09-30T09:46:07.218234-04:00,204.3637,-0.2274
TXG-20260930T13410264865,TXG,2026-09-30,2026-09-30T09:46:07.218234-04:00,93.13,-0.0645
HOOD-20260930T13450408260,HOOD,2026-09-30,2026-09-30T09:46:07.218234-04:00,114.78,0.6549
RVMD-20260930T13370866752,RVMD,2026-09-30,2026-09-30T09:46:18.040491-04:00,205.0,-0.5395
TXG-20260930T13410264865,TXG,2026-09-30,2026-09-30T09:46:18.040491-04:00,93.1,-0.0322
HOOD-20260930T13450408260,HOOD,2026-09-30,2026-09-30T09:46:18.040491-04:00,114.9,0.5511
RVMD-20260930T13370866752,RVMD,2026-09-30,2026-09-30T09:46:28.620263-04:00,204.565,-0.3261
TXG-20260930T13410264865,TXG,2026-09-30,2026-09-30T09:46:28.620263-04:00,92.85,0.2364
HOOD-20260930T13450408260,HOOD,2026-09-30,2026-09-30T09:46:28.620263-04:00,114.84,0.603
RVMD-20260930T13370866752,RVMD,2026-09-30,2026-09-30T09:46:39.284801-04:00,203.95,-0.0245
TXG-20260930T13410264865,TXG,2026-09-30,2026-09-30T09:46:39.284801-04:00,93.01,0.0645
HOOD-20260930T13450408260,HOOD,2026-09-30,2026-09-30T09:46:39.284801-04:00,115.015,0.4515
RVMD-20260930T13370866752,RVMD,2026-09-30,2026-09-30T09:46:49.816040-04:00,204.416,-0.2531
TXG-20260930T13410264865,TXG,2026-09-30,2026-09-30T09:46:49.816040-04:00,92.92,0.1612
HOOD-20260930T13450408260,HOOD,2026-09-30,2026-09-30T09:46:49.816040-04:00,115.02,0.4472
RVMD-20260930T13370866752,RVMD,2026-09-30,2026-09-30T09:47:00.416593-04:00,204.59,-0.3384
TXG-20260930T13410264865,TXG,2026-09-30,2026-09-30T09:47:00.416593-04:00,93.37,-0.3223
HOOD-20260930T13450408260,HOOD,2026-09-30,2026-09-30T09:47:00.416593-04:00,114.94,0.5164
RVMD-20260930T13370866752,RVMD,2026-09-30,2026-09-30T09:47:10.944277-04:00,204.5056,-0.297
TXG-20260930T13410264865,TXG,2026-09-30,2026-09-30T09:47:10.944277-04:00,92.9614,0.1167
HOOD-20260930T13450408260,HOOD,2026-09-30,2026-09-30T09:47:10.944277-04:00,115.01,0.4558
TXG-20260930T13410264865,TXG,2026-09-30,2026-09-30T09:47:21.525906-04:00,93.1594,-0.0961
HOOD-20260930T13450408260,HOOD,2026-09-30,2026-09-30T09:47:21.525906-04:00,115.0333,0.4357
TXG-20260930T13410264865,TXG,2026-09-30,2026-09-30T09:47:32.087201-04:00,92.94,0.1397
HOOD-20260930T13450408260,HOOD,2026-09-30,2026-09-30T09:47:32.087201-04:00,114.87,0.577
SMTC-20260930T13471148742,SMTC,2026-09-30,2026-09-30T09:47:32.087201-04:00,181.1199,-0.4158
TXG-20260930T13410264865,TXG,2026-09-30,2026-09-30T09:47:42.551765-04:00,92.9075,0.1746
HOOD-20260930T13450408260,HOOD,2026-09-30,2026-09-30T09:47:42.551765-04:00,115.025,0.4429
SMTC-20260930T13471148742,SMTC,2026-09-30,2026-09-30T09:47:42.551765-04:00,181.2074,-0.4643
TXG-20260930T13410264865,TXG,2026-09-30,2026-09-30T09:47:53.037428-04:00,92.7,0.3976
HOOD-20260930T13450408260,HOOD,2026-09-30,2026-09-30T09:47:53.037428-04:00,115.27,0.2308
SMTC-20260930T13471148742,SMTC,2026-09-30,2026-09-30T09:47:53.037428-04:00,180.915,-0.3022
TXG-20260930T13410264865,TXG,2026-09-30,2026-09-30T09:48:03.604385-04:00,92.69,0.4083
HOOD-20260930T13450408260,HOOD,2026-09-30,2026-09-30T09:48:03.604385-04:00,115.09,0.3866
SMTC-20260930T13471148742,SMTC,2026-09-30,2026-09-30T09:48:03.604385-04:00,180.8255,-0.2525
TXG-20260930T13410264865,TXG,2026-09-30,2026-09-30T09:48:14.044600-04:00,92.69,0.4083
HOOD-20260930T13450408260,HOOD,2026-09-30,2026-09-30T09:48:14.044600-04:00,115.02,0.4472
SMTC-20260930T13471148742,SMTC,2026-09-30,2026-09-30T09:48:14.044600-04:00,181.09,-0.3992
TXG-20260930T13410264865,TXG,2026-09-30,2026-09-30T09:48:24.472879-04:00,92.57,0.5372
HOOD-20260930T13450408260,HOOD,2026-09-30,2026-09-30T09:48:24.472879-04:00,114.74,0.6895
SMTC-20260930T13471148742,SMTC,2026-09-30,2026-09-30T09:48:24.472879-04:00,180.8,-0.2384
TXG-20260930T13410264865,TXG,2026-09-30,2026-09-30T09:48:34.996721-04:00,92.424,0.6941
HOOD-20260930T13450408260,HOOD,2026-09-30,2026-09-30T09:48:34.996721-04:00,114.254,1.1102
SMTC-20260930T13471148742,SMTC,2026-09-30,2026-09-30T09:48:34.996721-04:00,180.6808,-0.1723
TXG-20260930T13410264865,TXG,2026-09-30,2026-09-30T09:48:45.528353-04:00,92.234,0.8982
HOOD-20260930T13450408260,HOOD,2026-09-30,2026-09-30T09:48:45.528353-04:00,114.57,0.8367
SMTC-20260930T13471148742,SMTC,2026-09-30,2026-09-30T09:48:45.528353-04:00,180.8966,-0.292
TXG-20260930T13410264865,TXG,2026-09-30,2026-09-30T09:48:55.970060-04:00,92.38,0.7414
HOOD-20260930T13450408260,HOOD,2026-09-30,2026-09-30T09:48:55.970060-04:00,114.46,0.9319
SMTC-20260930T13471148742,SMTC,2026-09-30,2026-09-30T09:48:55.970060-04:00,180.69,-0.1774
TXG-20260930T13410264865,TXG,2026-09-30,2026-09-30T09:49:06.469570-04:00,92.15,0.9885
HOOD-20260930T13450408260,HOOD,2026-09-30,2026-09-30T09:49:06.469570-04:00,114.635,0.7804
SMTC-20260930T13471148742,SMTC,2026-09-30,2026-09-30T09:49:06.469570-04:00,180.74,-0.2051
TXG-20260930T13410264865,TXG,2026-09-30,2026-09-30T09:49:17.105699-04:00,92.145,0.9939
HOOD-20260930T13450408260,HOOD,2026-09-30,2026-09-30T09:49:17.105699-04:00,114.84,0.3673
SMTC-20260930T13471148742,SMTC,2026-09-30,2026-09-30T09:49:17.105699-04:00,180.7353,-0.2025
TXG-20260930T13410264865,TXG,2026-09-30,2026-09-30T09:49:27.532127-04:00,92.0,1.1497
HOOD-20260930T13450408260,HOOD,2026-09-30,2026-09-30T09:49:27.532127-04:00,115.0,0.2285
SMTC-20260930T13471148742,SMTC,2026-09-30,2026-09-30T09:49:27.532127-04:00,180.63,-0.1441
TXG-20260930T13410264865,TXG,2026-09-30,2026-09-30T09:49:38.038456-04:00,92.03,1.1174
HOOD-20260930T13450408260,HOOD,2026-09-30,2026-09-30T09:49:38.038456-04:00,115.105,0.1374
SMTC-20260930T13471148742,SMTC,2026-09-30,2026-09-30T09:49:38.038456-04:00,180.74,-0.2051
TXG-20260930T13410264865,TXG,2026-09-30,2026-09-30T09:49:48.510215-04:00,92.0,1.1497
HOOD-20260930T13450408260,HOOD,2026-09-30,2026-09-30T09:49:48.510215-04:00,114.92,0.2979
SMTC-20260930T13471148742,SMTC,2026-09-30,2026-09-30T09:49:48.510215-04:00,180.5093,-0.0772
TXG-20260930T13410264865,TXG,2026-09-30,2026-09-30T09:49:59.001154-04:00,92.03,1.1174
HOOD-20260930T13450408260,HOOD,2026-09-30,2026-09-30T09:49:59.001154-04:00,114.82,0.3846
SMTC-20260930T13471148742,SMTC,2026-09-30,2026-09-30T09:49:59.001154-04:00,180.18,0.1053
TXG-20260930T13410264865,TXG,2026-09-30,2026-09-30T09:50:09.567560-04:00,91.96,1.1927
HOOD-20260930T13450408260,HOOD,2026-09-30,2026-09-30T09:50:09.567560-04:00,114.7215,0.4701
SMTC-20260930T13471148742,SMTC,2026-09-30,2026-09-30T09:50:09.567560-04:00,180.41,-0.0222
TXG-20260930T13410264865,TXG,2026-09-30,2026-09-30T09:50:20.434122-04:00,91.9654,0.8241
HOOD-20260930T13450408260,HOOD,2026-09-30,2026-09-30T09:50:20.434122-04:00,114.82,0.3846
SMTC-20260930T13471148742,SMTC,2026-09-30,2026-09-30T09:50:20.434122-04:00,180.4,-0.0166
TXG-20260930T13410264865,TXG,2026-09-30,2026-09-30T09:50:31.781122-04:00,92.1494,0.6257
HOOD-20260930T13450408260,HOOD,2026-09-30,2026-09-30T09:50:31.781122-04:00,114.877,0.3352
SMTC-20260930T13471148742,SMTC,2026-09-30,2026-09-30T09:50:31.781122-04:00,180.118,0.1397
TXG-20260930T13410264865,TXG,2026-09-30,2026-09-30T09:50:42.301301-04:00,92.13,0.6466
HOOD-20260930T13450408260,HOOD,2026-09-30,2026-09-30T09:50:42.301301-04:00,114.905,0.3109
SMTC-20260930T13471148742,SMTC,2026-09-30,2026-09-30T09:50:42.301301-04:00,180.1703,0.1107
AAON-20260930T13502174900,AAON,2026-09-30,2026-09-30T09:50:42.301301-04:00,84.2065,-0.2458
TXG-20260930T13410264865,TXG,2026-09-30,2026-09-30T09:50:52.918057-04:00,92.207,0.5636
HOOD-20260930T13450408260,HOOD,2026-09-30,2026-09-30T09:50:52.918057-04:00,114.867,0.3439
SMTC-20260930T13471148742,SMTC,2026-09-30,2026-09-30T09:50:52.918057-04:00,180.0,0.2051
BRKR-20260930T13502170244,BRKR,2026-09-30,2026-09-30T09:50:52.918057-04:00,64.63,-0.1977
AAON-20260930T13502174900,AAON,2026-09-30,2026-09-30T09:50:52.918057-04:00,84.23,-0.2738
TXG-20260930T13410264865,TXG,2026-09-30,2026-09-30T09:51:03.339324-04:00,91.99,0.7976
HOOD-20260930T13450408260,HOOD,2026-09-30,2026-09-30T09:51:03.339324-04:00,114.87,0.3412
SMTC-20260930T13471148742,SMTC,2026-09-30,2026-09-30T09:51:03.339324-04:00,180.1622,0.1152
BRKR-20260930T13502170244,BRKR,2026-09-30,2026-09-30T09:51:03.339324-04:00,64.6,-0.1512
AAON-20260930T13502174900,AAON,2026-09-30,2026-09-30T09:51:03.339324-04:00,84.23,-0.2738
TXG-20260930T13410264865,TXG,2026-09-30,2026-09-30T09:51:13.910189-04:00,92.05,0.7329
HOOD-20260930T13450408260,HOOD,2026-09-30,2026-09-30T09:51:13.910189-04:00,115.11,0.133
SMTC-20260930T13471148742,SMTC,2026-09-30,2026-09-30T09:51:13.910189-04:00,180.45,-0.0444
BRKR-20260930T13502170244,BRKR,2026-09-30,2026-09-30T09:51:13.910189-04:00,64.6393,-0.2121
AAON-20260930T13502174900,AAON,2026-09-30,2026-09-30T09:51:13.910189-04:00,84.24,-0.2857
TXG-20260930T13410264865,TXG,2026-09-30,2026-09-30T09:51:24.434221-04:00,92.175,0.5981
HOOD-20260930T13450408260,HOOD,2026-09-30,2026-09-30T09:51:24.434221-04:00,115.3071,-0.038
SMTC-20260930T13471148742,SMTC,2026-09-30,2026-09-30T09:51:24.434221-04:00,180.27,0.0554
BRKR-20260930T13502170244,BRKR,2026-09-30,2026-09-30T09:51:24.434221-04:00,64.6,-0.1512
AAON-20260930T13502174900,AAON,2026-09-30,2026-09-30T09:51:24.434221-04:00,84.3175,-0.378
TXG-20260930T13410264865,TXG,2026-09-30,2026-09-30T09:51:35.141616-04:00,92.0,0.7868
HOOD-20260930T13450408260,HOOD,2026-09-30,2026-09-30T09:51:35.141616-04:00,115.33,-0.0578
SMTC-20260930T13471148742,SMTC,2026-09-30,2026-09-30T09:51:35.141616-04:00,180.26,0.061
BRKR-20260930T13502170244,BRKR,2026-09-30,2026-09-30T09:51:35.141616-04:00,64.595,-0.1434
AAON-20260930T13502174900,AAON,2026-09-30,2026-09-30T09:51:35.141616-04:00,84.2247,-0.2675
TXG-20260930T13410264865,TXG,2026-09-30,2026-09-30T09:51:45.695357-04:00,92.098,0.6811
HOOD-20260930T13450408260,HOOD,2026-09-30,2026-09-30T09:51:45.695357-04:00,115.455,-0.1663
SMTC-20260930T13471148742,SMTC,2026-09-30,2026-09-30T09:51:45.695357-04:00,180.265,0.0582
BRKR-20260930T13502170244,BRKR,2026-09-30,2026-09-30T09:51:45.695357-04:00,64.595,-0.1434
AAON-20260930T13502174900,AAON,2026-09-30,2026-09-30T09:51:45.695357-04:00,84.305,-0.3631
BE-20260930T13512504046,BE,2026-09-30,2026-09-30T09:51:45.695357-04:00,289.472,-0.1633
TEM-20260930T13512508081,TEM,2026-09-30,2026-09-30T09:51:45.695357-04:00,83.45,-0.4776
TWST-20260930T13512512514,TWST,2026-09-30,2026-09-30T09:51:45.695357-04:00,188.495,-0.1089
TXG-20260930T13410264865,TXG,2026-09-30,2026-09-30T09:51:56.187097-04:00,92.0,0.7868
HOOD-20260930T13450408260,HOOD,2026-09-30,2026-09-30T09:51:56.187097-04:00,115.15,0.0983
SMTC-20260930T13471148742,SMTC,2026-09-30,2026-09-30T09:51:56.187097-04:00,180.24,0.0721
BRKR-20260930T13502170244,BRKR,2026-09-30,2026-09-30T09:51:56.187097-04:00,64.595,-0.1434
AAON-20260930T13502174900,AAON,2026-09-30,2026-09-30T09:51:56.187097-04:00,84.305,-0.3631
BE-20260930T13512504046,BE,2026-09-30,2026-09-30T09:51:56.187097-04:00,288.7854,0.0743
TEM-20260930T13512508081,TEM,2026-09-30,2026-09-30T09:51:56.187097-04:00,83.3,-0.297
TWST-20260930T13512512514,TWST,2026-09-30,2026-09-30T09:51:56.187097-04:00,188.46,-0.0903
WING-20260930T13513567889,WING,2026-09-30,2026-09-30T09:51:56.187097-04:00,104.71,-0.3258
TXG-20260930T13410264865,TXG,2026-09-30,2026-09-30T09:52:06.613292-04:00,91.8501,0.9485
HOOD-20260930T13450408260,HOOD,2026-09-30,2026-09-30T09:52:06.613292-04:00,115.16,0.0896
SMTC-20260930T13471148742,SMTC,2026-09-30,2026-09-30T09:52:06.613292-04:00,179.691,0.3764
BRKR-20260930T13502170244,BRKR,2026-09-30,2026-09-30T09:52:06.613292-04:00,64.637,-0.2085
AAON-20260930T13502174900,AAON,2026-09-30,2026-09-30T09:52:06.613292-04:00,84.05,-0.0595
BE-20260930T13512504046,BE,2026-09-30,2026-09-30T09:52:06.613292-04:00,289.255,-0.0882
TEM-20260930T13512508081,TEM,2026-09-30,2026-09-30T09:52:06.613292-04:00,83.2915,-0.2868
TWST-20260930T13512512514,TWST,2026-09-30,2026-09-30T09:52:06.613292-04:00,188.11,0.0956
WING-20260930T13513567889,WING,2026-09-30,2026-09-30T09:52:06.613292-04:00,104.73,-0.3449
TXG-20260930T13410264865,TXG,2026-09-30,2026-09-30T09:52:17.381057-04:00,91.94,0.8515
SMTC-20260930T13471148742,SMTC,2026-09-30,2026-09-30T09:52:17.381057-04:00,179.795,0.3188
BRKR-20260930T13502170244,BRKR,2026-09-30,2026-09-30T09:52:17.381057-04:00,64.6134,-0.1719
AAON-20260930T13502174900,AAON,2026-09-30,2026-09-30T09:52:17.381057-04:00,84.05,-0.0595
BE-20260930T13512504046,BE,2026-09-30,2026-09-30T09:52:17.381057-04:00,289.27,-0.0934
TEM-20260930T13512508081,TEM,2026-09-30,2026-09-30T09:52:17.381057-04:00,83.404,-0.4222
TWST-20260930T13512512514,TWST,2026-09-30,2026-09-30T09:52:17.381057-04:00,188.52,-0.1222
WING-20260930T13513567889,WING,2026-09-30,2026-09-30T09:52:17.381057-04:00,104.55,-0.1725
TXG-20260930T13410264865,TXG,2026-09-30,2026-09-30T09:52:27.959235-04:00,91.94,0.8515
SMTC-20260930T13471148742,SMTC,2026-09-30,2026-09-30T09:52:27.959235-04:00,179.702,0.3703
BRKR-20260930T13502170244,BRKR,2026-09-30,2026-09-30T09:52:27.959235-04:00,64.48,0.0349
AAON-20260930T13502174900,AAON,2026-09-30,2026-09-30T09:52:27.959235-04:00,84.55,-0.6548
BE-20260930T13512504046,BE,2026-09-30,2026-09-30T09:52:27.959235-04:00,289.045,-0.0156
TEM-20260930T13512508081,TEM,2026-09-30,2026-09-30T09:52:27.959235-04:00,83.2654,-0.2553
TWST-20260930T13512512514,TWST,2026-09-30,2026-09-30T09:52:27.959235-04:00,188.28,0.0053
WING-20260930T13513567889,WING,2026-09-30,2026-09-30T09:52:27.959235-04:00,104.695,-0.3114
MXL-20260930T13520736067,MXL,2026-09-30,2026-09-30T09:52:27.959235-04:00,89.895,0.2054
TXG-20260930T13410264865,TXG,2026-09-30,2026-09-30T09:52:38.584453-04:00,92.2089,0.5615
SMTC-20260930T13471148742,SMTC,2026-09-30,2026-09-30T09:52:38.584453-04:00,179.33,0.5766
BRKR-20260930T13502170244,BRKR,2026-09-30,2026-09-30T09:52:38.584453-04:00,64.42,0.1279
AAON-20260930T13502174900,AAON,2026-09-30,2026-09-30T09:52:38.584453-04:00,84.48,-0.5714
BE-20260930T13512504046,BE,2026-09-30,2026-09-30T09:52:38.584453-04:00,289.25,-0.0865
TEM-20260930T13512508081,TEM,2026-09-30,2026-09-30T09:52:38.584453-04:00,83.49,-0.5258
TWST-20260930T13512512514,TWST,2026-09-30,2026-09-30T09:52:38.584453-04:00,188.5283,-0.1266
WING-20260930T13513567889,WING,2026-09-30,2026-09-30T09:52:38.584453-04:00,104.735,-0.3497
MXL-20260930T13520736067,MXL,2026-09-30,2026-09-30T09:52:38.584453-04:00,89.7492,0.3672
TXG-20260930T13410264865,TXG,2026-09-30,2026-09-30T09:52:48.988622-04:00,91.9978,0.7892
SMTC-20260930T13471148742,SMTC,2026-09-30,2026-09-30T09:52:48.988622-04:00,179.5084,0.4777
BRKR-20260930T13502170244,BRKR,2026-09-30,2026-09-30T09:52:48.988622-04:00,64.5953,-0.1439
AAON-20260930T13502174900,AAON,2026-09-30,2026-09-30T09:52:48.988622-04:00,84.48,-0.5714
BE-20260930T13512504046,BE,2026-09-30,2026-09-30T09:52:48.988622-04:00,289.29,-0.1003
TEM-20260930T13512508081,TEM,2026-09-30,2026-09-30T09:52:48.988622-04:00,83.49,-0.5258
TWST-20260930T13512512514,TWST,2026-09-30,2026-09-30T09:52:48.988622-04:00,188.77,-0.2549
WING-20260930T13513567889,WING,2026-09-30,2026-09-30T09:52:48.988622-04:00,104.74,-0.3545
MXL-20260930T13520736067,MXL,2026-09-30,2026-09-30T09:52:48.988622-04:00,89.745,0.3719
TXG-20260930T13410264865,TXG,2026-09-30,2026-09-30T09:52:59.471171-04:00,92.075,0.7059
SMTC-20260930T13471148742,SMTC,2026-09-30,2026-09-30T09:52:59.471171-04:00,179.73,0.3548
BRKR-20260930T13502170244,BRKR,2026-09-30,2026-09-30T09:52:59.471171-04:00,64.5964,-0.1456
AAON-20260930T13502174900,AAON,2026-09-30,2026-09-30T09:52:59.471171-04:00,84.48,-0.5714
BE-20260930T13512504046,BE,2026-09-30,2026-09-30T09:52:59.471171-04:00,289.15,-0.0519
TEM-20260930T13512508081,TEM,2026-09-30,2026-09-30T09:52:59.471171-04:00,83.495,-0.5318
TWST-20260930T13512512514,TWST,2026-09-30,2026-09-30T09:52:59.471171-04:00,188.77,-0.2549
WING-20260930T13513567889,WING,2026-09-30,2026-09-30T09:52:59.471171-04:00,104.8,-0.412
MXL-20260930T13520736067,MXL,2026-09-30,2026-09-30T09:52:59.471171-04:00,89.8593,0.245
TXG-20260930T13410264865,TXG,2026-09-30,2026-09-30T09:53:09.963556-04:00,92.025,0.7599
SMTC-20260930T13471148742,SMTC,2026-09-30,2026-09-30T09:53:09.963556-04:00,179.03,0.7429
BRKR-20260930T13502170244,BRKR,2026-09-30,2026-09-30T09:53:09.963556-04:00,64.594,-0.1419
AAON-20260930T13502174900,AAON,2026-09-30,2026-09-30T09:53:09.963556-04:00,84.2659,-0.3165
BE-20260930T13512504046,BE,2026-09-30,2026-09-30T09:53:09.963556-04:00,289.1622,-0.0561
TEM-20260930T13512508081,TEM,2026-09-30,2026-09-30T09:53:09.963556-04:00,83.31,-0.309
TWST-20260930T13512512514,TWST,2026-09-30,2026-09-30T09:53:09.963556-04:00,188.61,-0.17
WING-20260930T13513567889,WING,2026-09-30,2026-09-30T09:53:09.963556-04:00,104.735,-0.3497
MXL-20260930T13520736067,MXL,2026-09-30,2026-09-30T09:53:09.963556-04:00,89.775,0.3386
TXG-20260930T13410264865,TXG,2026-09-30,2026-09-30T09:53:20.388061-04:00,92.1002,0.6788
SMTC-20260930T13471148742,SMTC,2026-09-30,2026-09-30T09:53:20.388061-04:00,179.6354,0.4073
BRKR-20260930T13502170244,BRKR,2026-09-30,2026-09-30T09:53:20.388061-04:00,64.595,-0.1434
AAON-20260930T13502174900,AAON,2026-09-30,2026-09-30T09:53:20.388061-04:00,84.2659,-0.3165
BE-20260930T13512504046,BE,2026-09-30,2026-09-30T09:53:20.388061-04:00,289.2833,-0.098
TEM-20260930T13512508081,TEM,2026-09-30,2026-09-30T09:53:20.388061-04:00,83.5724,-0.625
TWST-20260930T13512512514,TWST,2026-09-30,2026-09-30T09:53:20.388061-04:00,188.535,-0.1301
WING-20260930T13513567889,WING,2026-09-30,2026-09-30T09:53:20.388061-04:00,104.7401,-0.3546
MXL-20260930T13520736067,MXL,2026-09-30,2026-09-30T09:53:20.388061-04:00,89.775,0.3386
TXG-20260930T13410264865,TXG,2026-09-30,2026-09-30T09:53:30.754559-04:00,92.18,0.5927
SMTC-20260930T13471148742,SMTC,2026-09-30,2026-09-30T09:53:30.754559-04:00,178.5,1.0368
BRKR-20260930T13502170244,BRKR,2026-09-30,2026-09-30T09:53:30.754559-04:00,64.595,-0.1434
AAON-20260930T13502174900,AAON,2026-09-30,2026-09-30T09:53:30.754559-04:00,84.2659,-0.3165
BE-20260930T13512504046,BE,2026-09-30,2026-09-30T09:53:30.754559-04:00,288.855,0.0502
TEM-20260930T13512508081,TEM,2026-09-30,2026-09-30T09:53:30.754559-04:00,83.585,-0.6402
TWST-20260930T13512512514,TWST,2026-09-30,2026-09-30T09:53:30.754559-04:00,188.77,-0.2549
WING-20260930T13513567889,WING,2026-09-30,2026-09-30T09:53:30.754559-04:00,104.68,-0.297
MXL-20260930T13520736067,MXL,2026-09-30,2026-09-30T09:53:30.754559-04:00,89.68,0.444
TXG-20260930T13410264865,TXG,2026-09-30,2026-09-30T09:53:41.215610-04:00,92.1627,0.6114
SMTC-20260930T13471148742,SMTC,2026-09-30,2026-09-30T09:53:41.215610-04:00,178.43,1.0756
BRKR-20260930T13502170244,BRKR,2026-09-30,2026-09-30T09:53:41.215610-04:00,64.47,0.0504
AAON-20260930T13502174900,AAON,2026-09-30,2026-09-30T09:53:41.215610-04:00,84.3175,-0.378
BE-20260930T13512504046,BE,2026-09-30,2026-09-30T09:53:41.215610-04:00,288.83,0.0588
TEM-20260930T13512508081,TEM,2026-09-30,2026-09-30T09:53:41.215610-04:00,83.9597,-1.0913
TWST-20260930T13512512514,TWST,2026-09-30,2026-09-30T09:53:41.215610-04:00,189.872,-0.8402
WING-20260930T13513567889,WING,2026-09-30,2026-09-30T09:53:41.215610-04:00,104.5948,-0.2154
MXL-20260930T13520736067,MXL,2026-09-30,2026-09-30T09:53:41.215610-04:00,89.69,0.4329
TXG-20260930T13410264865,TXG,2026-09-30,2026-09-30T09:53:51.691660-04:00,92.74,-0.0112
SMTC-20260930T13471148742,SMTC,2026-09-30,2026-09-30T09:53:51.691660-04:00,179.8767,0.2735
BRKR-20260930T13502170244,BRKR,2026-09-30,2026-09-30T09:53:51.691660-04:00,64.7,-0.3062
AAON-20260930T13502174900,AAON,2026-09-30,2026-09-30T09:53:51.691660-04:00,84.54,-0.6429
BE-20260930T13512504046,BE,2026-09-30,2026-09-30T09:53:51.691660-04:00,288.986,0.0048
TEM-20260930T13512508081,TEM,2026-09-30,2026-09-30T09:53:51.691660-04:00,84.06,-1.2121
TWST-20260930T13512512514,TWST,2026-09-30,2026-09-30T09:53:51.691660-04:00,189.615,-0.7037
WING-20260930T13513567889,WING,2026-09-30,2026-09-30T09:53:51.691660-04:00,104.66,-0.2779
MXL-20260930T13520736067,MXL,2026-09-30,2026-09-30T09:53:51.691660-04:00,89.63,0.4996
TXG-20260930T13410264865,TXG,2026-09-30,2026-09-30T09:54:02.173029-04:00,92.75,-0.022
SMTC-20260930T13471148742,SMTC,2026-09-30,2026-09-30T09:54:02.173029-04:00,178.8908,0.8201
BRKR-20260930T13502170244,BRKR,2026-09-30,2026-09-30T09:54:02.173029-04:00,64.7,-0.3062
AAON-20260930T13502174900,AAON,2026-09-30,2026-09-30T09:54:02.173029-04:00,84.525,-0.625
BE-20260930T13512504046,BE,2026-09-30,2026-09-30T09:54:02.173029-04:00,288.5835,0.1441
TEM-20260930T13512508081,TEM,2026-09-30,2026-09-30T09:54:02.173029-04:00,84.065,-1.2181
TWST-20260930T13512512514,TWST,2026-09-30,2026-09-30T09:54:02.173029-04:00,189.7825,-0.7927
WING-20260930T13513567889,WING,2026-09-30,2026-09-30T09:54:02.173029-04:00,104.645,-0.2635
MXL-20260930T13520736067,MXL,2026-09-30,2026-09-30T09:54:02.173029-04:00,89.56,0.5773
SMTC-20260930T13471148742,SMTC,2026-09-30,2026-09-30T09:54:13.194608-04:00,178.89,0.8205
BRKR-20260930T13502170244,BRKR,2026-09-30,2026-09-30T09:54:13.194608-04:00,64.5863,-0.1299
AAON-20260930T13502174900,AAON,2026-09-30,2026-09-30T09:54:13.194608-04:00,84.64,-0.7619
BE-20260930T13512504046,BE,2026-09-30,2026-09-30T09:54:13.194608-04:00,288.895,0.0363
TWST-20260930T13512512514,TWST,2026-09-30,2026-09-30T09:54:13.194608-04:00,190.0,-0.7581
WING-20260930T13513567889,WING,2026-09-30,2026-09-30T09:54:13.194608-04:00,104.5382,-0.1612
MXL-20260930T13520736067,MXL,2026-09-30,2026-09-30T09:54:13.194608-04:00,89.73,0.3885
SMTC-20260930T13471148742,SMTC,2026-09-30,2026-09-30T09:54:23.871469-04:00,179.028,0.744
BRKR-20260930T13502170244,BRKR,2026-09-30,2026-09-30T09:54:23.871469-04:00,64.59,-0.1357
AAON-20260930T13502174900,AAON,2026-09-30,2026-09-30T09:54:23.871469-04:00,84.67,-0.7976
BE-20260930T13512504046,BE,2026-09-30,2026-09-30T09:54:23.871469-04:00,288.645,0.1228
WING-20260930T13513567889,WING,2026-09-30,2026-09-30T09:54:23.871469-04:00,104.42,-0.0479
MXL-20260930T13520736067,MXL,2026-09-30,2026-09-30T09:54:23.871469-04:00,89.73,0.3885
P-20260930T13540315978,P,2026-09-30,2026-09-30T09:54:23.871469-04:00,131.66,-0.3353
SMTC-20260930T13471148742,SMTC,2026-09-30,2026-09-30T09:54:34.341557-04:00,178.9,0.815
BRKR-20260930T13502170244,BRKR,2026-09-30,2026-09-30T09:54:34.341557-04:00,64.59,-0.1357
AAON-20260930T13502174900,AAON,2026-09-30,2026-09-30T09:54:34.341557-04:00,84.4816,-0.5733
BE-20260930T13512504046,BE,2026-09-30,2026-09-30T09:54:34.341557-04:00,288.8658,0.0464
WING-20260930T13513567889,WING,2026-09-30,2026-09-30T09:54:34.341557-04:00,104.5154,-0.1393
MXL-20260930T13520736067,MXL,2026-09-30,2026-09-30T09:54:34.341557-04:00,89.73,0.3885
P-20260930T13540315978,P,2026-09-30,2026-09-30T09:54:34.341557-04:00,131.6636,-0.3381
SMTC-20260930T13471148742,SMTC,2026-09-30,2026-09-30T09:54:44.923950-04:00,179.83,0.2994
BRKR-20260930T13502170244,BRKR,2026-09-30,2026-09-30T09:54:44.923950-04:00,64.59,-0.1357
AAON-20260930T13502174900,AAON,2026-09-30,2026-09-30T09:54:44.923950-04:00,84.64,-0.7619
BE-20260930T13512504046,BE,2026-09-30,2026-09-30T09:54:44.923950-04:00,288.6671,0.1152
WING-20260930T13513567889,WING,2026-09-30,2026-09-30T09:54:44.923950-04:00,104.553,-0.1753
MXL-20260930T13520736067,MXL,2026-09-30,2026-09-30T09:54:44.923950-04:00,89.75,0.3663
P-20260930T13540315978,P,2026-09-30,2026-09-30T09:54:44.923950-04:00,131.715,-0.3772
SMTC-20260930T13471148742,SMTC,2026-09-30,2026-09-30T09:54:55.431878-04:00,179.9,0.2606
BRKR-20260930T13502170244,BRKR,2026-09-30,2026-09-30T09:54:55.431878-04:00,64.59,-0.1357
AAON-20260930T13502174900,AAON,2026-09-30,2026-09-30T09:54:55.431878-04:00,84.64,-0.7619
BE-20260930T13512504046,BE,2026-09-30,2026-09-30T09:54:55.431878-04:00,288.815,0.064
WING-20260930T13513567889,WING,2026-09-30,2026-09-30T09:54:55.431878-04:00,104.24,0.1246
MXL-20260930T13520736067,MXL,2026-09-30,2026-09-30T09:54:55.431878-04:00,89.775,0.3386
P-20260930T13540315978,P,2026-09-30,2026-09-30T09:54:55.431878-04:00,131.82,-0.4572
SMTC-20260930T13471148742,SMTC,2026-09-30,2026-09-30T09:55:05.966965-04:00,180.12,0.1386
BRKR-20260930T13502170244,BRKR,2026-09-30,2026-09-30T09:55:05.966965-04:00,64.59,-0.1357
AAON-20260930T13502174900,AAON,2026-09-30,2026-09-30T09:55:05.966965-04:00,84.455,-0.5417
BE-20260930T13512504046,BE,2026-09-30,2026-09-30T09:55:05.966965-04:00,289.035,-0.0121
WING-20260930T13513567889,WING,2026-09-30,2026-09-30T09:55:05.966965-04:00,104.2703,0.0955
MXL-20260930T13520736067,MXL,2026-09-30,2026-09-30T09:55:05.966965-04:00,90.1,-0.0222
P-20260930T13540315978,P,2026-09-30,2026-09-30T09:55:05.966965-04:00,131.651,-0.3285
SMTC-20260930T13471148742,SMTC,2026-09-30,2026-09-30T09:55:16.632654-04:00,180.24,0.0721
BRKR-20260930T13502170244,BRKR,2026-09-30,2026-09-30T09:55:16.632654-04:00,64.5874,-0.1316
AAON-20260930T13502174900,AAON,2026-09-30,2026-09-30T09:55:16.632654-04:00,84.455,-0.5417
BE-20260930T13512504046,BE,2026-09-30,2026-09-30T09:55:16.632654-04:00,289.17,-0.0588
WING-20260930T13513567889,WING,2026-09-30,2026-09-30T09:55:16.632654-04:00,104.491,-0.1159
MXL-20260930T13520736067,MXL,2026-09-30,2026-09-30T09:55:16.632654-04:00,90.0648,0.0169
P-20260930T13540315978,P,2026-09-30,2026-09-30T09:55:16.632654-04:00,131.6979,-0.3642
SMTC-20260930T13471148742,SMTC,2026-09-30,2026-09-30T09:55:27.265971-04:00,180.29,0.0444
BRKR-20260930T13502170244,BRKR,2026-09-30,2026-09-30T09:55:27.265971-04:00,64.48,0.0349
BE-20260930T13512504046,BE,2026-09-30,2026-09-30T09:55:27.265971-04:00,289.3,-0.1038
WING-20260930T13513567889,WING,2026-09-30,2026-09-30T09:55:27.265971-04:00,104.45,-0.0767
MXL-20260930T13520736067,MXL,2026-09-30,2026-09-30T09:55:27.265971-04:00,90.2788,-0.2207
P-20260930T13540315978,P,2026-09-30,2026-09-30T09:55:27.265971-04:00,132.02,-0.6097
SMTC-20260930T13471148742,SMTC,2026-09-30,2026-09-30T09:55:38.136324-04:00,180.45,-0.0444
BRKR-20260930T13502170244,BRKR,2026-09-30,2026-09-30T09:55:38.136324-04:00,64.6017,-0.1538
BE-20260930T13512504046,BE,2026-09-30,2026-09-30T09:55:38.136324-04:00,289.365,-0.1263
WING-20260930T13513567889,WING,2026-09-30,2026-09-30T09:55:38.136324-04:00,104.54,-0.1629
MXL-20260930T13520736067,MXL,2026-09-30,2026-09-30T09:55:38.136324-04:00,90.3677,-0.3194
P-20260930T13540315978,P,2026-09-30,2026-09-30T09:55:38.136324-04:00,132.16,-0.7164
SMTC-20260930T13471148742,SMTC,2026-09-30,2026-09-30T09:55:48.684505-04:00,180.41,-0.0222
BRKR-20260930T13502170244,BRKR,2026-09-30,2026-09-30T09:55:48.684505-04:00,64.6017,-0.1538
BE-20260930T13512504046,BE,2026-09-30,2026-09-30T09:55:48.684505-04:00,289.465,-0.1609
WING-20260930T13513567889,WING,2026-09-30,2026-09-30T09:55:48.684505-04:00,104.43,-0.0575
MXL-20260930T13520736067,MXL,2026-09-30,2026-09-30T09:55:48.684505-04:00,90.6799,-0.666
P-20260930T13540315978,P,2026-09-30,2026-09-30T09:55:48.684505-04:00,132.2,-0.7468
SMTC-20260930T13471148742,SMTC,2026-09-30,2026-09-30T09:55:59.379312-04:00,180.0,0.2051
BRKR-20260930T13502170244,BRKR,2026-09-30,2026-09-30T09:55:59.379312-04:00,64.585,-0.1279
BE-20260930T13512504046,BE,2026-09-30,2026-09-30T09:55:59.379312-04:00,289.3,-0.1038
WING-20260930T13513567889,WING,2026-09-30,2026-09-30T09:55:59.379312-04:00,104.48,-0.1054
MXL-20260930T13520736067,MXL,2026-09-30,2026-09-30T09:55:59.379312-04:00,90.7315,-0.7232
P-20260930T13540315978,P,2026-09-30,2026-09-30T09:55:59.379312-04:00,132.22,-0.7621
SMTC-20260930T13471148742,SMTC,2026-09-30,2026-09-30T09:56:09.863124-04:00,179.735,0.3521
BRKR-20260930T13502170244,BRKR,2026-09-30,2026-09-30T09:56:09.863124-04:00,64.77,-0.4147
BE-20260930T13512504046,BE,2026-09-30,2026-09-30T09:56:09.863124-04:00,289.3999,-0.1384
WING-20260930T13513567889,WING,2026-09-30,2026-09-30T09:56:09.863124-04:00,104.29,0.0767
MXL-20260930T13520736067,MXL,2026-09-30,2026-09-30T09:56:09.863124-04:00,90.6151,-0.594
P-20260930T13540315978,P,2026-09-30,2026-09-30T09:56:09.863124-04:00,132.275,-0.804
SMTC-20260930T13471148742,SMTC,2026-09-30,2026-09-30T09:56:20.456520-04:00,179.77,0.3326
BRKR-20260930T13502170244,BRKR,2026-09-30,2026-09-30T09:56:20.456520-04:00,64.77,-0.4147
BE-20260930T13512504046,BE,2026-09-30,2026-09-30T09:56:20.456520-04:00,289.36,-0.1246
WING-20260930T13513567889,WING,2026-09-30,2026-09-30T09:56:20.456520-04:00,104.27,0.0958
P-20260930T13540315978,P,2026-09-30,2026-09-30T09:56:20.456520-04:00,132.41,-0.9069
SMTC-20260930T13471148742,SMTC,2026-09-30,2026-09-30T09:56:30.965787-04:00,179.6704,0.3879
BRKR-20260930T13502170244,BRKR,2026-09-30,2026-09-30T09:56:30.965787-04:00,64.735,-0.3605
BE-20260930T13512504046,BE,2026-09-30,2026-09-30T09:56:30.965787-04:00,289.43,-0.1488
WING-20260930T13513567889,WING,2026-09-30,2026-09-30T09:56:30.965787-04:00,104.36,0.0096
P-20260930T13540315978,P,2026-09-30,2026-09-30T09:56:30.965787-04:00,132.31,-0.8307
SMTC-20260930T13471148742,SMTC,2026-09-30,2026-09-30T09:56:41.319499-04:00,179.835,0.2966
BRKR-20260930T13502170244,BRKR,2026-09-30,2026-09-30T09:56:41.319499-04:00,64.735,-0.3605
BE-20260930T13512504046,BE,2026-09-30,2026-09-30T09:56:41.319499-04:00,289.6,-0.2076
WING-20260930T13513567889,WING,2026-09-30,2026-09-30T09:56:41.319499-04:00,104.31,0.0575
P-20260930T13540315978,P,2026-09-30,2026-09-30T09:56:41.319499-04:00,132.2444,-0.7807
SMTC-20260930T13471148742,SMTC,2026-09-30,2026-09-30T09:56:51.782173-04:00,179.882,0.2706
BRKR-20260930T13502170244,BRKR,2026-09-30,2026-09-30T09:56:51.782173-04:00,64.8,-0.4612
BE-20260930T13512504046,BE,2026-09-30,2026-09-30T09:56:51.782173-04:00,289.68,-0.2353
WING-20260930T13513567889,WING,2026-09-30,2026-09-30T09:56:51.782173-04:00,104.2,0.1629
P-20260930T13540315978,P,2026-09-30,2026-09-30T09:56:51.782173-04:00,132.33,-0.8459
SMTC-20260930T13471148742,SMTC,2026-09-30,2026-09-30T09:57:02.162352-04:00,180.0704,0.1661
BRKR-20260930T13502170244,BRKR,2026-09-30,2026-09-30T09:57:02.162352-04:00,64.85,-0.5387
BE-20260930T13512504046,BE,2026-09-30,2026-09-30T09:57:02.162352-04:00,289.599,-0.2073
WING-20260930T13513567889,WING,2026-09-30,2026-09-30T09:57:02.162352-04:00,104.23,0.1341
P-20260930T13540315978,P,2026-09-30,2026-09-30T09:57:02.162352-04:00,132.34,-0.8535
SMTC-20260930T13471148742,SMTC,2026-09-30,2026-09-30T09:57:12.716895-04:00,179.7661,0.3348
BRKR-20260930T13502170244,BRKR,2026-09-30,2026-09-30T09:57:12.716895-04:00,64.85,-0.5387
BE-20260930T13512504046,BE,2026-09-30,2026-09-30T09:57:12.716895-04:00,289.71,-0.2457
WING-20260930T13513567889,WING,2026-09-30,2026-09-30T09:57:12.716895-04:00,104.4226,-0.0504
P-20260930T13540315978,P,2026-09-30,2026-09-30T09:57:12.716895-04:00,132.2621,-0.621
SMTC-20260930T13471148742,SMTC,2026-09-30,2026-09-30T09:57:23.258287-04:00,179.895,0.2633
BRKR-20260930T13502170244,BRKR,2026-09-30,2026-09-30T09:57:23.258287-04:00,64.84,-0.5232
BE-20260930T13512504046,BE,2026-09-30,2026-09-30T09:57:23.258287-04:00,289.339,-0.1173
WING-20260930T13513567889,WING,2026-09-30,2026-09-30T09:57:23.258287-04:00,104.41,-0.0383
SMTC-20260930T13471148742,SMTC,2026-09-30,2026-09-30T09:57:33.579206-04:00,179.335,0.5738
BRKR-20260930T13502170244,BRKR,2026-09-30,2026-09-30T09:57:33.579206-04:00,64.84,-0.5232
BE-20260930T13512504046,BE,2026-09-30,2026-09-30T09:57:33.579206-04:00,289.67,-0.2318
WING-20260930T13513567889,WING,2026-09-30,2026-09-30T09:57:33.579206-04:00,104.41,-0.0383
SMTC-20260930T13471148742,SMTC,2026-09-30,2026-09-30T09:57:43.970586-04:00,179.8556,0.2852
BRKR-20260930T13502170244,BRKR,2026-09-30,2026-09-30T09:57:43.970586-04:00,64.85,-0.5387
BE-20260930T13512504046,BE,2026-09-30,2026-09-30T09:57:43.970586-04:00,289.2078,-0.0719
WING-20260930T13513567889,WING,2026-09-30,2026-09-30T09:57:43.970586-04:00,104.415,-0.0431
SMTC-20260930T13471148742,SMTC,2026-09-30,2026-09-30T09:57:54.344983-04:00,179.25,0.6209
BRKR-20260930T13502170244,BRKR,2026-09-30,2026-09-30T09:57:54.344983-04:00,64.6812,-0.277
BE-20260930T13512504046,BE,2026-09-30,2026-09-30T09:57:54.344983-04:00,289.5,-0.173
WING-20260930T13513567889,WING,2026-09-30,2026-09-30T09:57:54.344983-04:00,104.415,-0.0431
SMTC-20260930T13471148742,SMTC,2026-09-30,2026-09-30T09:58:04.729880-04:00,178.89,0.8205
BRKR-20260930T13502170244,BRKR,2026-09-30,2026-09-30T09:58:04.729880-04:00,64.8465,-0.5333
BE-20260930T13512504046,BE,2026-09-30,2026-09-30T09:58:04.729880-04:00,289.74,-0.2561
WING-20260930T13513567889,WING,2026-09-30,2026-09-30T09:58:04.729880-04:00,104.44,-0.0671
SMTC-20260930T13471148742,SMTC,2026-09-30,2026-09-30T09:58:15.277627-04:00,178.8,0.8704
BRKR-20260930T13502170244,BRKR,2026-09-30,2026-09-30T09:58:15.277627-04:00,64.8476,-0.535
BE-20260930T13512504046,BE,2026-09-30,2026-09-30T09:58:15.277627-04:00,289.71,-0.2457
WING-20260930T13513567889,WING,2026-09-30,2026-09-30T09:58:15.277627-04:00,104.3552,0.0142
SMTC-20260930T13471148742,SMTC,2026-09-30,2026-09-30T09:58:25.861677-04:00,178.655,0.9508
BRKR-20260930T13502170244,BRKR,2026-09-30,2026-09-30T09:58:25.861677-04:00,64.84,-0.5232
BE-20260930T13512504046,BE,2026-09-30,2026-09-30T09:58:25.861677-04:00,289.6,-0.2076
WING-20260930T13513567889,WING,2026-09-30,2026-09-30T09:58:25.861677-04:00,104.4535,-0.08
SMTC-20260930T13471148742,SMTC,2026-09-30,2026-09-30T09:58:36.670663-04:00,179.7437,0.3472
BE-20260930T13512504046,BE,2026-09-30,2026-09-30T09:58:36.670663-04:00,289.72,-0.2491
WING-20260930T13513567889,WING,2026-09-30,2026-09-30T09:58:36.670663-04:00,104.435,-0.0623
SMTC-20260930T13471148742,SMTC,2026-09-30,2026-09-30T09:58:47.253157-04:00,179.6264,0.4123
BE-20260930T13512504046,BE,2026-09-30,2026-09-30T09:58:47.253157-04:00,289.59,-0.2042
WING-20260930T13513567889,WING,2026-09-30,2026-09-30T09:58:47.253157-04:00,104.435,-0.0623
SMTC-20260930T13471148742,SMTC,2026-09-30,2026-09-30T09:58:57.822631-04:00,178.65,0.9536
BE-20260930T13512504046,BE,2026-09-30,2026-09-30T09:58:57.822631-04:00,289.58,-0.2007
WING-20260930T13513567889,WING,2026-09-30,2026-09-30T09:58:57.822631-04:00,104.5697,-0.1913
SMTC-20260930T13471148742,SMTC,2026-09-30,2026-09-30T09:59:08.351916-04:00,179.075,0.718
BE-20260930T13512504046,BE,2026-09-30,2026-09-30T09:59:08.351916-04:00,289.4413,-0.1527
WING-20260930T13513567889,WING,2026-09-30,2026-09-30T09:59:08.351916-04:00,104.7396,-0.3541
SMTC-20260930T13471148742,SMTC,2026-09-30,2026-09-30T09:59:18.847715-04:00,179.15,0.6764
BE-20260930T13512504046,BE,2026-09-30,2026-09-30T09:59:18.847715-04:00,289.552,-0.191
WING-20260930T13513567889,WING,2026-09-30,2026-09-30T09:59:18.847715-04:00,104.7801,-0.3929
SMTC-20260930T13471148742,SMTC,2026-09-30,2026-09-30T09:59:29.352780-04:00,178.8401,0.8482
BE-20260930T13512504046,BE,2026-09-30,2026-09-30T09:59:29.352780-04:00,289.375,-0.1298
WING-20260930T13513567889,WING,2026-09-30,2026-09-30T09:59:29.352780-04:00,105.1,-0.6994
SMTC-20260930T13471148742,SMTC,2026-09-30,2026-09-30T09:59:39.816545-04:00,179.5099,0.4769
BE-20260930T13512504046,BE,2026-09-30,2026-09-30T09:59:39.816545-04:00,289.5,-0.173
WING-20260930T13513567889,WING,2026-09-30,2026-09-30T09:59:39.816545-04:00,105.115,-0.7138
SMTC-20260930T13471148742,SMTC,2026-09-30,2026-09-30T09:59:50.427603-04:00,179.2175,0.639
BE-20260930T13512504046,BE,2026-09-30,2026-09-30T09:59:50.427603-04:00,290.05,-0.3633
WING-20260930T13513567889,WING,2026-09-30,2026-09-30T09:59:50.427603-04:00,105.1,-0.6994
SMTC-20260930T13471148742,SMTC,2026-09-30,2026-09-30T10:00:00.881608-04:00,179.93,0.2439
BE-20260930T13512504046,BE,2026-09-30,2026-09-30T10:00:00.881608-04:00,289.5195,-0.1798
WING-20260930T13513567889,WING,2026-09-30,2026-09-30T10:00:00.881608-04:00,105.0969,-0.6965
SMTC-20260930T13471148742,SMTC,2026-09-30,2026-09-30T10:00:12.224564-04:00,179.4173,0.5282
BE-20260930T13512504046,BE,2026-09-30,2026-09-30T10:00:12.224564-04:00,289.8872,-0.307
WING-20260930T13513567889,WING,2026-09-30,2026-09-30T10:00:12.224564-04:00,104.6296,-0.2487
SMTC-20260930T13471148742,SMTC,2026-09-30,2026-09-30T10:00:23.230277-04:00,179.82,0.3049
BE-20260930T13512504046,BE,2026-09-30,2026-09-30T10:00:23.230277-04:00,289.47,-0.1626
WING-20260930T13513567889,WING,2026-09-30,2026-09-30T10:00:23.230277-04:00,104.87,-0.4791
SMTC-20260930T13471148742,SMTC,2026-09-30,2026-09-30T10:00:34.083379-04:00,179.3,0.5932
BE-20260930T13512504046,BE,2026-09-30,2026-09-30T10:00:34.083379-04:00,289.49,-0.1696
WING-20260930T13513567889,WING,2026-09-30,2026-09-30T10:00:34.083379-04:00,104.98,-0.5845
SMTC-20260930T13471148742,SMTC,2026-09-30,2026-09-30T10:00:45.433113-04:00,179.8232,0.3032
BE-20260930T13512504046,BE,2026-09-30,2026-09-30T10:00:45.433113-04:00,288.755,0.0848
WING-20260930T13513567889,WING,2026-09-30,2026-09-30T10:00:45.433113-04:00,104.87,-0.4791
SMTC-20260930T13471148742,SMTC,2026-09-30,2026-09-30T10:00:56.062010-04:00,179.1704,0.6651
BE-20260930T13512504046,BE,2026-09-30,2026-09-30T10:00:56.062010-04:00,288.97,0.0104
WING-20260930T13513567889,WING,2026-09-30,2026-09-30T10:00:56.062010-04:00,104.2516,0.1134
RCL-20260930T14003535364,RCL,2026-09-30,2026-09-30T10:00:56.062010-04:00,267.045,-0.0561
IONQ-20260930T14003543156,IONQ,2026-09-30,2026-09-30T10:00:56.062010-04:00,46.46,0.0017
SMTC-20260930T13471148742,SMTC,2026-09-30,2026-09-30T10:01:06.520098-04:00,179.4842,0.4911
BE-20260930T13512504046,BE,2026-09-30,2026-09-30T10:01:06.520098-04:00,288.945,0.019
WING-20260930T13513567889,WING,2026-09-30,2026-09-30T10:01:06.520098-04:00,104.65,-0.2683
RCL-20260930T14003535364,RCL,2026-09-30,2026-09-30T10:01:06.520098-04:00,266.45,-0.2788
IONQ-20260930T14003543156,IONQ,2026-09-30,2026-09-30T10:01:06.520098-04:00,46.6,0.3031
SMTC-20260930T13471148742,SMTC,2026-09-30,2026-09-30T10:01:17.219252-04:00,179.72,0.3604
BE-20260930T13512504046,BE,2026-09-30,2026-09-30T10:01:17.219252-04:00,288.08,0.3183
WING-20260930T13513567889,WING,2026-09-30,2026-09-30T10:01:17.219252-04:00,104.655,-0.2731
RCL-20260930T14003535364,RCL,2026-09-30,2026-09-30T10:01:17.219252-04:00,267.1913,-0.0014
IONQ-20260930T14003543156,IONQ,2026-09-30,2026-09-30T10:01:17.219252-04:00,46.58,0.26
SMTC-20260930T13471148742,SMTC,2026-09-30,2026-09-30T10:01:27.653713-04:00,179.72,0.3604
BE-20260930T13512504046,BE,2026-09-30,2026-09-30T10:01:27.653713-04:00,289.2537,-0.0878
WING-20260930T13513567889,WING,2026-09-30,2026-09-30T10:01:27.653713-04:00,104.6574,-0.2754
RCL-20260930T14003535364,RCL,2026-09-30,2026-09-30T10:01:27.653713-04:00,267.145,-0.0187
IONQ-20260930T14003543156,IONQ,2026-09-30,2026-09-30T10:01:27.653713-04:00,46.435,-0.0521
NBIS-20260930T14010710926,NBIS,2026-09-30,2026-09-30T10:01:27.653713-04:00,242.445,-0.0433
MRNA-20260930T14010719033,MRNA,2026-09-30,2026-09-30T10:01:27.653713-04:00,189.6,0.0897
SMTC-20260930T13471148742,SMTC,2026-09-30,2026-09-30T10:01:38.073969-04:00,179.785,0.3243
BE-20260930T13512504046,BE,2026-09-30,2026-09-30T10:01:38.073969-04:00,287.79,0.4187
WING-20260930T13513567889,WING,2026-09-30,2026-09-30T10:01:38.073969-04:00,104.96,-0.5653
RCL-20260930T14003535364,RCL,2026-09-30,2026-09-30T10:01:38.073969-04:00,267.3,0.0393
IONQ-20260930T14003543156,IONQ,2026-09-30,2026-09-30T10:01:38.073969-04:00,46.52,0.1309
NBIS-20260930T14010710926,NBIS,2026-09-30,2026-09-30T10:01:38.073969-04:00,242.26,-0.1196
MRNA-20260930T14010719033,MRNA,2026-09-30,2026-09-30T10:01:38.073969-04:00,189.67,0.1267
SMTC-20260930T13471148742,SMTC,2026-09-30,2026-09-30T10:01:48.422563-04:00,179.79,0.3216
BE-20260930T13512504046,BE,2026-09-30,2026-09-30T10:01:48.422563-04:00,287.62,0.4775
WING-20260930T13513567889,WING,2026-09-30,2026-09-30T10:01:48.422563-04:00,104.655,-0.2731
RCL-20260930T14003535364,RCL,2026-09-30,2026-09-30T10:01:48.422563-04:00,266.8737,-0.1202
IONQ-20260930T14003543156,IONQ,2026-09-30,2026-09-30T10:01:48.422563-04:00,46.55,0.1955
NBIS-20260930T14010710926,NBIS,2026-09-30,2026-09-30T10:01:48.422563-04:00,242.11,-0.1814
MRNA-20260930T14010719033,MRNA,2026-09-30,2026-09-30T10:01:48.422563-04:00,189.375,-0.029
SMTC-20260930T13471148742,SMTC,2026-09-30,2026-09-30T10:01:58.880702-04:00,179.845,0.2911
BE-20260930T13512504046,BE,2026-09-30,2026-09-30T10:01:58.880702-04:00,287.2682,0.5992
WING-20260930T13513567889,WING,2026-09-30,2026-09-30T10:01:58.880702-04:00,104.78,-0.3928
RCL-20260930T14003535364,RCL,2026-09-30,2026-09-30T10:01:58.880702-04:00,267.365,0.0636
IONQ-20260930T14003543156,IONQ,2026-09-30,2026-09-30T10:01:58.880702-04:00,46.67,0.4538
NBIS-20260930T14010710926,NBIS,2026-09-30,2026-09-30T10:01:58.880702-04:00,241.7001,-0.3504
MRNA-20260930T14010719033,MRNA,2026-09-30,2026-09-30T10:01:58.880702-04:00,189.51,0.0422
SMTC-20260930T13471148742,SMTC,2026-09-30,2026-09-30T10:02:09.280309-04:00,179.91,0.255
BE-20260930T13512504046,BE,2026-09-30,2026-09-30T10:02:09.280309-04:00,287.25,0.6055
WING-20260930T13513567889,WING,2026-09-30,2026-09-30T10:02:09.280309-04:00,105.615,-1.1929
RCL-20260930T14003535364,RCL,2026-09-30,2026-09-30T10:02:09.280309-04:00,267.59,0.1478
IONQ-20260930T14003543156,IONQ,2026-09-30,2026-09-30T10:02:09.280309-04:00,46.685,0.486
NBIS-20260930T14010710926,NBIS,2026-09-30,2026-09-30T10:02:09.280309-04:00,242.03,-0.2144
MRNA-20260930T14010719033,MRNA,2026-09-30,2026-09-30T10:02:09.280309-04:00,189.36,-0.037
BE-20260930T13512504046,BE,2026-09-30,2026-09-30T10:02:19.942840-04:00,287.61,0.481
WING-20260930T13513567889,WING,2026-09-30,2026-09-30T10:02:19.942840-04:00,105.565,-1.145
RCL-20260930T14003535364,RCL,2026-09-30,2026-09-30T10:02:19.942840-04:00,267.99,0.2975
IONQ-20260930T14003543156,IONQ,2026-09-30,2026-09-30T10:02:19.942840-04:00,46.67,0.4538
NBIS-20260930T14010710926,NBIS,2026-09-30,2026-09-30T10:02:19.942840-04:00,242.25,-0.1237
MRNA-20260930T14010719033,MRNA,2026-09-30,2026-09-30T10:02:19.942840-04:00,188.78,-0.3431
BE-20260930T13512504046,BE,2026-09-30,2026-09-30T10:02:30.364994-04:00,287.69,0.4533
WING-20260930T13513567889,WING,2026-09-30,2026-09-30T10:02:30.364994-04:00,105.565,-1.145
RCL-20260930T14003535364,RCL,2026-09-30,2026-09-30T10:02:30.364994-04:00,267.675,0.1796
IONQ-20260930T14003543156,IONQ,2026-09-30,2026-09-30T10:02:30.364994-04:00,47.0828,1.3423
NBIS-20260930T14010710926,NBIS,2026-09-30,2026-09-30T10:02:30.364994-04:00,242.3281,-0.0915
MRNA-20260930T14010719033,MRNA,2026-09-30,2026-09-30T10:02:30.364994-04:00,188.7903,-0.3377
BKNG-20260930T14020993242,BKNG,2026-09-30,2026-09-30T10:02:30.364994-04:00,163.52,-0.1084
BE-20260930T13512504046,BE,2026-09-30,2026-09-30T10:02:40.815797-04:00,287.745,0.4343
WING-20260930T13513567889,WING,2026-09-30,2026-09-30T10:02:40.815797-04:00,105.81,-1.3797
RCL-20260930T14003535364,RCL,2026-09-30,2026-09-30T10:02:40.815797-04:00,267.715,0.1946
IONQ-20260930T14003543156,IONQ,2026-09-30,2026-09-30T10:02:40.815797-04:00,47.045,1.2609
NBIS-20260930T14010710926,NBIS,2026-09-30,2026-09-30T10:02:40.815797-04:00,242.41,-0.0577
MRNA-20260930T14010719033,MRNA,2026-09-30,2026-09-30T10:02:40.815797-04:00,189.035,-0.2085
BKNG-20260930T14020993242,BKNG,2026-09-30,2026-09-30T10:02:40.815797-04:00,163.75,0.0321
BE-20260930T13512504046,BE,2026-09-30,2026-09-30T10:02:51.212040-04:00,287.7751,0.4238
WING-20260930T13513567889,WING,2026-09-30,2026-09-30T10:02:51.212040-04:00,105.965,-1.5282
RCL-20260930T14003535364,RCL,2026-09-30,2026-09-30T10:02:51.212040-04:00,267.755,0.2096
IONQ-20260930T14003543156,IONQ,2026-09-30,2026-09-30T10:02:51.212040-04:00,46.995,1.1533
NBIS-20260930T14010710926,NBIS,2026-09-30,2026-09-30T10:02:51.212040-04:00,241.8052,-0.3071
MRNA-20260930T14010719033,MRNA,2026-09-30,2026-09-30T10:02:51.212040-04:00,189.53,0.0528
BKNG-20260930T14020993242,BKNG,2026-09-30,2026-09-30T10:02:51.212040-04:00,164.35,0.3986
BE-20260930T13512504046,BE,2026-09-30,2026-09-30T10:03:01.755066-04:00,287.6,0.4844
RCL-20260930T14003535364,RCL,2026-09-30,2026-09-30T10:03:01.755066-04:00,267.83,0.2377
IONQ-20260930T14003543156,IONQ,2026-09-30,2026-09-30T10:03:01.755066-04:00,46.965,1.0887
NBIS-20260930T14010710926,NBIS,2026-09-30,2026-09-30T10:03:01.755066-04:00,241.76,-0.3257
MRNA-20260930T14010719033,MRNA,2026-09-30,2026-09-30T10:03:01.755066-04:00,189.3812,-0.0258
BKNG-20260930T14020993242,BKNG,2026-09-30,2026-09-30T10:03:01.755066-04:00,164.57,0.533
BE-20260930T13512504046,BE,2026-09-30,2026-09-30T10:03:12.500485-04:00,287.24,0.609
RCL-20260930T14003535364,RCL,2026-09-30,2026-09-30T10:03:12.500485-04:00,267.74,0.204
NBIS-20260930T14010710926,NBIS,2026-09-30,2026-09-30T10:03:12.500485-04:00,241.685,-0.3566
MRNA-20260930T14010719033,MRNA,2026-09-30,2026-09-30T10:03:12.500485-04:00,189.29,-0.0739
BKNG-20260930T14020993242,BKNG,2026-09-30,2026-09-30T10:03:12.500485-04:00,164.54,0.5147
BE-20260930T13512504046,BE,2026-09-30,2026-09-30T10:03:22.919382-04:00,287.315,0.583
RCL-20260930T14003535364,RCL,2026-09-30,2026-09-30T10:03:22.919382-04:00,268.03,0.3125
NBIS-20260930T14010710926,NBIS,2026-09-30,2026-09-30T10:03:22.919382-04:00,242.105,-0.1835
MRNA-20260930T14010719033,MRNA,2026-09-30,2026-09-30T10:03:22.919382-04:00,189.4498,0.0105
BKNG-20260930T14020993242,BKNG,2026-09-30,2026-09-30T10:03:22.919382-04:00,164.465,0.4689
BE-20260930T13512504046,BE,2026-09-30,2026-09-30T10:03:33.313761-04:00,288.3733,0.2169
RCL-20260930T14003535364,RCL,2026-09-30,2026-09-30T10:03:33.313761-04:00,267.835,0.2395
NBIS-20260930T14010710926,NBIS,2026-09-30,2026-09-30T10:03:33.313761-04:00,242.1632,-0.1595
MRNA-20260930T14010719033,MRNA,2026-09-30,2026-09-30T10:03:33.313761-04:00,189.2467,-0.0968
BKNG-20260930T14020993242,BKNG,2026-09-30,2026-09-30T10:03:33.313761-04:00,164.52,0.5025
BE-20260930T13512504046,BE,2026-09-30,2026-09-30T10:03:43.810156-04:00,287.6,0.4844
RCL-20260930T14003535364,RCL,2026-09-30,2026-09-30T10:03:43.810156-04:00,268.06,0.3237
NBIS-20260930T14010710926,NBIS,2026-09-30,2026-09-30T10:03:43.810156-04:00,241.8301,-0.2968
MRNA-20260930T14010719033,MRNA,2026-09-30,2026-09-30T10:03:43.810156-04:00,190.35,0.4857
BKNG-20260930T14020993242,BKNG,2026-09-30,2026-09-30T10:03:43.810156-04:00,164.77,0.6552
BE-20260930T13512504046,BE,2026-09-30,2026-09-30T10:03:54.285756-04:00,287.69,0.4533
RCL-20260930T14003535364,RCL,2026-09-30,2026-09-30T10:03:54.285756-04:00,268.245,0.393
NBIS-20260930T14010710926,NBIS,2026-09-30,2026-09-30T10:03:54.285756-04:00,242.39,-0.066
MRNA-20260930T14010719033,MRNA,2026-09-30,2026-09-30T10:03:54.285756-04:00,191.0133,0.8358
BKNG-20260930T14020993242,BKNG,2026-09-30,2026-09-30T10:03:54.285756-04:00,164.665,0.591
BE-20260930T13512504046,BE,2026-09-30,2026-09-30T10:04:04.736889-04:00,288.2388,0.2634
RCL-20260930T14003535364,RCL,2026-09-30,2026-09-30T10:04:04.736889-04:00,268.06,0.3237
NBIS-20260930T14010710926,NBIS,2026-09-30,2026-09-30T10:04:04.736889-04:00,242.19,-0.1484
MRNA-20260930T14010719033,MRNA,2026-09-30,2026-09-30T10:04:04.736889-04:00,191.085,0.8737
BKNG-20260930T14020993242,BKNG,2026-09-30,2026-09-30T10:04:04.736889-04:00,164.47,0.4719
BE-20260930T13512504046,BE,2026-09-30,2026-09-30T10:04:15.553915-04:00,287.82,0.4083
RCL-20260930T14003535364,RCL,2026-09-30,2026-09-30T10:04:15.553915-04:00,267.97,0.2901
NBIS-20260930T14010710926,NBIS,2026-09-30,2026-09-30T10:04:15.553915-04:00,242.2845,-0.1095
MRNA-20260930T14010719033,MRNA,2026-09-30,2026-09-30T10:04:15.553915-04:00,190.755,0.6995
BKNG-20260930T14020993242,BKNG,2026-09-30,2026-09-30T10:04:15.553915-04:00,164.5773,0.5375
BE-20260930T13512504046,BE,2026-09-30,2026-09-30T10:04:25.987652-04:00,287.6645,0.4621
RCL-20260930T14003535364,RCL,2026-09-30,2026-09-30T10:04:25.987652-04:00,268.42,0.4585
NBIS-20260930T14010710926,NBIS,2026-09-30,2026-09-30T10:04:25.987652-04:00,242.5,-0.0206
MRNA-20260930T14010719033,MRNA,2026-09-30,2026-09-30T10:04:25.987652-04:00,191.1,0.8816
BKNG-20260930T14020993242,BKNG,2026-09-30,2026-09-30T10:04:25.987652-04:00,164.655,0.5849
BE-20260930T13512504046,BE,2026-09-30,2026-09-30T10:04:36.341989-04:00,287.705,0.4481
RCL-20260930T14003535364,RCL,2026-09-30,2026-09-30T10:04:36.341989-04:00,268.33,0.4248
NBIS-20260930T14010710926,NBIS,2026-09-30,2026-09-30T10:04:36.341989-04:00,242.98,0.1773
MRNA-20260930T14010719033,MRNA,2026-09-30,2026-09-30T10:04:36.341989-04:00,190.795,0.7206
BKNG-20260930T14020993242,BKNG,2026-09-30,2026-09-30T10:04:36.341989-04:00,164.545,0.5177
BE-20260930T13512504046,BE,2026-09-30,2026-09-30T10:04:46.860797-04:00,287.5999,0.4845
RCL-20260930T14003535364,RCL,2026-09-30,2026-09-30T10:04:46.860797-04:00,268.45,0.4697
NBIS-20260930T14010710926,NBIS,2026-09-30,2026-09-30T10:04:46.860797-04:00,242.735,0.0763
MRNA-20260930T14010719033,MRNA,2026-09-30,2026-09-30T10:04:46.860797-04:00,191.1,0.8816
BKNG-20260930T14020993242,BKNG,2026-09-30,2026-09-30T10:04:46.860797-04:00,164.455,0.4627
BE-20260930T13512504046,BE,2026-09-30,2026-09-30T10:04:57.334537-04:00,287.3114,0.5843
RCL-20260930T14003535364,RCL,2026-09-30,2026-09-30T10:04:57.334537-04:00,268.55,0.5071
NBIS-20260930T14010710926,NBIS,2026-09-30,2026-09-30T10:04:57.334537-04:00,242.5,-0.0206
MRNA-20260930T14010719033,MRNA,2026-09-30,2026-09-30T10:04:57.334537-04:00,191.1,0.8816
BKNG-20260930T14020993242,BKNG,2026-09-30,2026-09-30T10:04:57.334537-04:00,164.51,0.4963
BE-20260930T13512504046,BE,2026-09-30,2026-09-30T10:05:07.719483-04:00,287.646,0.4685
RCL-20260930T14003535364,RCL,2026-09-30,2026-09-30T10:05:07.719483-04:00,268.6388,0.5404
NBIS-20260930T14010710926,NBIS,2026-09-30,2026-09-30T10:05:07.719483-04:00,241.81,-0.3051
MRNA-20260930T14010719033,MRNA,2026-09-30,2026-09-30T10:05:07.719483-04:00,190.9299,0.7918
BKNG-20260930T14020993242,BKNG,2026-09-30,2026-09-30T10:05:07.719483-04:00,164.555,0.5238
BE-20260930T13512504046,BE,2026-09-30,2026-09-30T10:05:19.036951-04:00,287.76,0.4291
RCL-20260930T14003535364,RCL,2026-09-30,2026-09-30T10:05:19.036951-04:00,268.25,0.3948
NBIS-20260930T14010710926,NBIS,2026-09-30,2026-09-30T10:05:19.036951-04:00,241.955,-0.2453
MRNA-20260930T14010719033,MRNA,2026-09-30,2026-09-30T10:05:19.036951-04:00,190.86,0.7549
BKNG-20260930T14020993242,BKNG,2026-09-30,2026-09-30T10:05:19.036951-04:00,164.735,0.6338
BE-20260930T13512504046,BE,2026-09-30,2026-09-30T10:05:29.643032-04:00,287.565,0.4965
RCL-20260930T14003535364,RCL,2026-09-30,2026-09-30T10:05:29.643032-04:00,268.25,0.3948
NBIS-20260930T14010710926,NBIS,2026-09-30,2026-09-30T10:05:29.643032-04:00,241.835,-0.2948
MRNA-20260930T14010719033,MRNA,2026-09-30,2026-09-30T10:05:29.643032-04:00,190.33,0.4751
BKNG-20260930T14020993242,BKNG,2026-09-30,2026-09-30T10:05:29.643032-04:00,164.68,0.6002
BE-20260930T13512504046,BE,2026-09-30,2026-09-30T10:05:40.216358-04:00,287.14,0.6436
RCL-20260930T14003535364,RCL,2026-09-30,2026-09-30T10:05:40.216358-04:00,268.45,0.4697
NBIS-20260930T14010710926,NBIS,2026-09-30,2026-09-30T10:05:40.216358-04:00,241.72,-0.3422
MRNA-20260930T14010719033,MRNA,2026-09-30,2026-09-30T10:05:40.216358-04:00,190.0987,0.353
BKNG-20260930T14020993242,BKNG,2026-09-30,2026-09-30T10:05:40.216358-04:00,164.67,0.5941
BE-20260930T13512504046,BE,2026-09-30,2026-09-30T10:05:51.193567-04:00,286.7366,0.7832
RCL-20260930T14003535364,RCL,2026-09-30,2026-09-30T10:05:51.193567-04:00,267.6034,0.1528
NBIS-20260930T14010710926,NBIS,2026-09-30,2026-09-30T10:05:51.193567-04:00,241.605,-0.3896
MRNA-20260930T14010719033,MRNA,2026-09-30,2026-09-30T10:05:51.193567-04:00,190.335,0.4777
BKNG-20260930T14020993242,BKNG,2026-09-30,2026-09-30T10:05:51.193567-04:00,164.885,0.7254
BE-20260930T13512504046,BE,2026-09-30,2026-09-30T10:06:01.740689-04:00,286.9042,0.7252
RCL-20260930T14003535364,RCL,2026-09-30,2026-09-30T10:06:01.740689-04:00,268.49,0.4847
NBIS-20260930T14010710926,NBIS,2026-09-30,2026-09-30T10:06:01.740689-04:00,241.71,-0.3463
MRNA-20260930T14010719033,MRNA,2026-09-30,2026-09-30T10:06:01.740689-04:00,190.02,0.3115
BKNG-20260930T14020993242,BKNG,2026-09-30,2026-09-30T10:06:01.740689-04:00,163.9705,0.1668
BE-20260930T13512504046,BE,2026-09-30,2026-09-30T10:06:13.285846-04:00,288.2001,0.2768
RCL-20260930T14003535364,RCL,2026-09-30,2026-09-30T10:06:13.285846-04:00,268.65,0.5445
NBIS-20260930T14010710926,NBIS,2026-09-30,2026-09-30T10:06:13.285846-04:00,241.8865,-0.2736
BE-20260930T13512504046,BE,2026-09-30,2026-09-30T10:06:23.881521-04:00,288.4735,0.1822
RCL-20260930T14003535364,RCL,2026-09-30,2026-09-30T10:06:23.881521-04:00,268.525,0.4978
NBIS-20260930T14010710926,NBIS,2026-09-30,2026-09-30T10:06:23.881521-04:00,242.06,-0.202
RVMD-20260930T14060327628,RVMD,2026-09-30,2026-09-30T10:06:23.881521-04:00,205.1,-0.0487
BE-20260930T13512504046,BE,2026-09-30,2026-09-30T10:06:34.456951-04:00,288.52,0.1661
RCL-20260930T14003535364,RCL,2026-09-30,2026-09-30T10:06:34.456951-04:00,268.63,0.5371
NBIS-20260930T14010710926,NBIS,2026-09-30,2026-09-30T10:06:34.456951-04:00,241.615,-0.3855
RVMD-20260930T14060327628,RVMD,2026-09-30,2026-09-30T10:06:34.456951-04:00,205.0802,-0.0584
BE-20260930T13512504046,BE,2026-09-30,2026-09-30T10:06:45.071536-04:00,288.19,0.2803
RCL-20260930T14003535364,RCL,2026-09-30,2026-09-30T10:06:45.071536-04:00,268.5,0.4884
NBIS-20260930T14010710926,NBIS,2026-09-30,2026-09-30T10:06:45.071536-04:00,241.33,-0.503
RVMD-20260930T14060327628,RVMD,2026-09-30,2026-09-30T10:06:45.071536-04:00,204.975,-0.1096
BE-20260930T13512504046,BE,2026-09-30,2026-09-30T10:06:55.626863-04:00,288.002,0.3453
RCL-20260930T14003535364,RCL,2026-09-30,2026-09-30T10:06:55.626863-04:00,268.71,0.567
NBIS-20260930T14010710926,NBIS,2026-09-30,2026-09-30T10:06:55.626863-04:00,241.4,-0.4741
RVMD-20260930T14060327628,RVMD,2026-09-30,2026-09-30T10:06:55.626863-04:00,205.075,-0.0609
CCL-20260930T14063506104,CCL,2026-09-30,2026-09-30T10:06:55.626863-04:00,25.425,-0.0197
BE-20260930T13512504046,BE,2026-09-30,2026-09-30T10:07:06.154649-04:00,288.4377,0.1946
RCL-20260930T14003535364,RCL,2026-09-30,2026-09-30T10:07:06.154649-04:00,268.64,0.5408
NBIS-20260930T14010710926,NBIS,2026-09-30,2026-09-30T10:07:06.154649-04:00,241.3,-0.5154
RVMD-20260930T14060327628,RVMD,2026-09-30,2026-09-30T10:07:06.154649-04:00,205.0732,-0.0618
CCL-20260930T14063506104,CCL,2026-09-30,2026-09-30T10:07:06.154649-04:00,25.415,-0.059
AAON-20260930T14064562567,AAON,2026-09-30,2026-09-30T10:07:06.154649-04:00,84.435,-0.3011
BE-20260930T13512504046,BE,2026-09-30,2026-09-30T10:07:16.661819-04:00,288.55,0.1557
RCL-20260930T14003535364,RCL,2026-09-30,2026-09-30T10:07:16.661819-04:00,268.76,0.5857
NBIS-20260930T14010710926,NBIS,2026-09-30,2026-09-30T10:07:16.661819-04:00,241.335,-0.5009
RVMD-20260930T14060327628,RVMD,2026-09-30,2026-09-30T10:07:16.661819-04:00,205.34,0.0682
CCL-20260930T14063506104,CCL,2026-09-30,2026-09-30T10:07:16.661819-04:00,25.4203,-0.0381
AAON-20260930T14064562567,AAON,2026-09-30,2026-09-30T10:07:16.661819-04:00,84.48,-0.248
BE-20260930T13512504046,BE,2026-09-30,2026-09-30T10:07:27.134692-04:00,287.5799,0.4914
RCL-20260930T14003535364,RCL,2026-09-30,2026-09-30T10:07:27.134692-04:00,268.88,0.6306
NBIS-20260930T14010710926,NBIS,2026-09-30,2026-09-30T10:07:27.134692-04:00,241.45,-0.4535
RVMD-20260930T14060327628,RVMD,2026-09-30,2026-09-30T10:07:27.134692-04:00,205.35,0.0731
CCL-20260930T14063506104,CCL,2026-09-30,2026-09-30T10:07:27.134692-04:00,25.425,-0.0197
AAON-20260930T14064562567,AAON,2026-09-30,2026-09-30T10:07:27.134692-04:00,84.44,-0.2952
BE-20260930T13512504046,BE,2026-09-30,2026-09-30T10:07:37.616576-04:00,288.36,0.2215
RCL-20260930T14003535364,RCL,2026-09-30,2026-09-30T10:07:37.616576-04:00,268.6725,0.553
NBIS-20260930T14010710926,NBIS,2026-09-30,2026-09-30T10:07:37.616576-04:00,241.52,-0.4247
RVMD-20260930T14060327628,RVMD,2026-09-30,2026-09-30T10:07:37.616576-04:00,205.14,-0.0292
CCL-20260930T14063506104,CCL,2026-09-30,2026-09-30T10:07:37.616576-04:00,25.405,-0.0983
AAON-20260930T14064562567,AAON,2026-09-30,2026-09-30T10:07:37.616576-04:00,84.451,-0.2822
BE-20260930T13512504046,BE,2026-09-30,2026-09-30T10:07:48.111176-04:00,288.495,0.1747
RCL-20260930T14003535364,RCL,2026-09-30,2026-09-30T10:07:48.111176-04:00,268.5402,0.5035
NBIS-20260930T14010710926,NBIS,2026-09-30,2026-09-30T10:07:48.111176-04:00,241.915,-0.2618
RVMD-20260930T14060327628,RVMD,2026-09-30,2026-09-30T10:07:48.111176-04:00,205.06,-0.0682
CCL-20260930T14063506104,CCL,2026-09-30,2026-09-30T10:07:48.111176-04:00,25.3779,-0.2049
AAON-20260930T14064562567,AAON,2026-09-30,2026-09-30T10:07:48.111176-04:00,84.43,-0.307
BE-20260930T13512504046,BE,2026-09-30,2026-09-30T10:07:58.690426-04:00,288.5,0.173
RCL-20260930T14003535364,RCL,2026-09-30,2026-09-30T10:07:58.690426-04:00,268.29,0.4098
NBIS-20260930T14010710926,NBIS,2026-09-30,2026-09-30T10:07:58.690426-04:00,241.8,-0.3092
RVMD-20260930T14060327628,RVMD,2026-09-30,2026-09-30T10:07:58.690426-04:00,205.3,0.0487
CCL-20260930T14063506104,CCL,2026-09-30,2026-09-30T10:07:58.690426-04:00,25.37,-0.2359
AAON-20260930T14064562567,AAON,2026-09-30,2026-09-30T10:07:58.690426-04:00,84.4608,-0.2706
BE-20260930T13512504046,BE,2026-09-30,2026-09-30T10:08:09.216297-04:00,288.3097,0.2389
RCL-20260930T14003535364,RCL,2026-09-30,2026-09-30T10:08:09.216297-04:00,268.4262,0.4608
NBIS-20260930T14010710926,NBIS,2026-09-30,2026-09-30T10:08:09.216297-04:00,241.6303,-0.3792
RVMD-20260930T14060327628,RVMD,2026-09-30,2026-09-30T10:08:09.216297-04:00,205.2617,0.0301
CCL-20260930T14063506104,CCL,2026-09-30,2026-09-30T10:08:09.216297-04:00,25.3586,-0.2808
AAON-20260930T14064562567,AAON,2026-09-30,2026-09-30T10:08:09.216297-04:00,84.425,-0.3129
MRNA-20260930T14074868883,MRNA,2026-09-30,2026-09-30T10:08:09.216297-04:00,190.545,-0.1232
BE-20260930T13512504046,BE,2026-09-30,2026-09-30T10:08:19.655694-04:00,288.3,0.2422
RCL-20260930T14003535364,RCL,2026-09-30,2026-09-30T10:08:19.655694-04:00,268.32,0.421
NBIS-20260930T14010710926,NBIS,2026-09-30,2026-09-30T10:08:19.655694-04:00,241.99,-0.2309
RVMD-20260930T14060327628,RVMD,2026-09-30,2026-09-30T10:08:19.655694-04:00,205.05,-0.0731
CCL-20260930T14063506104,CCL,2026-09-30,2026-09-30T10:08:19.655694-04:00,25.3591,-0.2788
AAON-20260930T14064562567,AAON,2026-09-30,2026-09-30T10:08:19.655694-04:00,84.47,-0.2598
MRNA-20260930T14074868883,MRNA,2026-09-30,2026-09-30T10:08:19.655694-04:00,190.72,-0.0314
BE-20260930T13512504046,BE,2026-09-30,2026-09-30T10:08:30.110969-04:00,287.7564,0.4303
RCL-20260930T14003535364,RCL,2026-09-30,2026-09-30T10:08:30.110969-04:00,268.36,0.436
NBIS-20260930T14010710926,NBIS,2026-09-30,2026-09-30T10:08:30.110969-04:00,241.9871,-0.2321
RVMD-20260930T14060327628,RVMD,2026-09-30,2026-09-30T10:08:30.110969-04:00,205.2075,0.0037
CCL-20260930T14063506104,CCL,2026-09-30,2026-09-30T10:08:30.110969-04:00,25.38,-0.1966
AAON-20260930T14064562567,AAON,2026-09-30,2026-09-30T10:08:30.110969-04:00,84.505,-0.2184
MRNA-20260930T14074868883,MRNA,2026-09-30,2026-09-30T10:08:30.110969-04:00,190.615,-0.0865
BE-20260930T13512504046,BE,2026-09-30,2026-09-30T10:08:40.697935-04:00,288.5,0.173
RCL-20260930T14003535364,RCL,2026-09-30,2026-09-30T10:08:40.697935-04:00,268.575,0.5165
NBIS-20260930T14010710926,NBIS,2026-09-30,2026-09-30T10:08:40.697935-04:00,242.165,-0.1587
RVMD-20260930T14060327628,RVMD,2026-09-30,2026-09-30T10:08:40.697935-04:00,205.295,0.0463
CCL-20260930T14063506104,CCL,2026-09-30,2026-09-30T10:08:40.697935-04:00,25.395,-0.1376
AAON-20260930T14064562567,AAON,2026-09-30,2026-09-30T10:08:40.697935-04:00,84.57,-0.1417
MRNA-20260930T14074868883,MRNA,2026-09-30,2026-09-30T10:08:40.697935-04:00,190.8725,0.0485
BE-20260930T13512504046,BE,2026-09-30,2026-09-30T10:08:51.152841-04:00,288.48,0.1799
RCL-20260930T14003535364,RCL,2026-09-30,2026-09-30T10:08:51.152841-04:00,268.5901,0.5221
NBIS-20260930T14010710926,NBIS,2026-09-30,2026-09-30T10:08:51.152841-04:00,241.7,-0.3504
RVMD-20260930T14060327628,RVMD,2026-09-30,2026-09-30T10:08:51.152841-04:00,205.33,0.0634
CCL-20260930T14063506104,CCL,2026-09-30,2026-09-30T10:08:51.152841-04:00,25.385,-0.177
AAON-20260930T14064562567,AAON,2026-09-30,2026-09-30T10:08:51.152841-04:00,84.505,-0.2184
MRNA-20260930T14074868883,MRNA,2026-09-30,2026-09-30T10:08:51.152841-04:00,190.79,0.0052
BE-20260930T13512504046,BE,2026-09-30,2026-09-30T10:09:01.806583-04:00,287.8166,0.4095
RCL-20260930T14003535364,RCL,2026-09-30,2026-09-30T10:09:01.806583-04:00,268.605,0.5277
NBIS-20260930T14010710926,NBIS,2026-09-30,2026-09-30T10:09:01.806583-04:00,241.8199,-0.301
RVMD-20260930T14060327628,RVMD,2026-09-30,2026-09-30T10:09:01.806583-04:00,205.295,0.0463
CCL-20260930T14063506104,CCL,2026-09-30,2026-09-30T10:09:01.806583-04:00,25.395,-0.1376
AAON-20260930T14064562567,AAON,2026-09-30,2026-09-30T10:09:01.806583-04:00,84.505,-0.2184
MRNA-20260930T14074868883,MRNA,2026-09-30,2026-09-30T10:09:01.806583-04:00,191.0715,0.1528
BE-20260930T13512504046,BE,2026-09-30,2026-09-30T10:09:12.577791-04:00,288.465,0.1851
RCL-20260930T14003535364,RCL,2026-09-30,2026-09-30T10:09:12.577791-04:00,268.6188,0.5329
NBIS-20260930T14010710926,NBIS,2026-09-30,2026-09-30T10:09:12.577791-04:00,241.5483,-0.413
RVMD-20260930T14060327628,RVMD,2026-09-30,2026-09-30T10:09:12.577791-04:00,205.245,0.0219
CCL-20260930T14063506104,CCL,2026-09-30,2026-09-30T10:09:12.577791-04:00,25.405,-0.0983
AAON-20260930T14064562567,AAON,2026-09-30,2026-09-30T10:09:12.577791-04:00,84.505,-0.2184
MRNA-20260930T14074868883,MRNA,2026-09-30,2026-09-30T10:09:12.577791-04:00,191.04,0.1363
BE-20260930T13512504046,BE,2026-09-30,2026-09-30T10:09:23.187191-04:00,288.25,0.2595
RCL-20260930T14003535364,RCL,2026-09-30,2026-09-30T10:09:23.187191-04:00,268.73,0.5745
NBIS-20260930T14010710926,NBIS,2026-09-30,2026-09-30T10:09:23.187191-04:00,241.18,-0.5648
RVMD-20260930T14060327628,RVMD,2026-09-30,2026-09-30T10:09:23.187191-04:00,205.51,0.1511
CCL-20260930T14063506104,CCL,2026-09-30,2026-09-30T10:09:23.187191-04:00,25.425,-0.0197
AAON-20260930T14064562567,AAON,2026-09-30,2026-09-30T10:09:23.187191-04:00,84.456,-0.2763
MRNA-20260930T14074868883,MRNA,2026-09-30,2026-09-30T10:09:23.187191-04:00,191.21,0.2254
BE-20260930T13512504046,BE,2026-09-30,2026-09-30T10:09:33.712868-04:00,287.867,0.392
RCL-20260930T14003535364,RCL,2026-09-30,2026-09-30T10:09:33.712868-04:00,268.88,0.6306
NBIS-20260930T14010710926,NBIS,2026-09-30,2026-09-30T10:09:33.712868-04:00,240.9,-0.6803
RVMD-20260930T14060327628,RVMD,2026-09-30,2026-09-30T10:09:33.712868-04:00,205.195,-0.0024
CCL-20260930T14063506104,CCL,2026-09-30,2026-09-30T10:09:33.712868-04:00,25.435,0.0197
AAON-20260930T14064562567,AAON,2026-09-30,2026-09-30T10:09:33.712868-04:00,84.455,-0.2775
MRNA-20260930T14074868883,MRNA,2026-09-30,2026-09-30T10:09:33.712868-04:00,191.27,0.2568
BE-20260930T13512504046,BE,2026-09-30,2026-09-30T10:09:44.398825-04:00,288.25,0.2595
RCL-20260930T14003535364,RCL,2026-09-30,2026-09-30T10:09:44.398825-04:00,268.8,0.6007
RVMD-20260930T14060327628,RVMD,2026-09-30,2026-09-30T10:09:44.398825-04:00,205.64,0.2144
CCL-20260930T14063506104,CCL,2026-09-30,2026-09-30T10:09:44.398825-04:00,25.415,-0.059
AAON-20260930T14064562567,AAON,2026-09-30,2026-09-30T10:09:44.398825-04:00,84.455,-0.2775
MRNA-20260930T14074868883,MRNA,2026-09-30,2026-09-30T10:09:44.398825-04:00,190.8,0.0105
BE-20260930T13512504046,BE,2026-09-30,2026-09-30T10:09:54.902703-04:00,288.41,0.2042
RCL-20260930T14003535364,RCL,2026-09-30,2026-09-30T10:09:54.902703-04:00,268.845,0.6175
RVMD-20260930T14060327628,RVMD,2026-09-30,2026-09-30T10:09:54.902703-04:00,205.53,0.1608
CCL-20260930T14063506104,CCL,2026-09-30,2026-09-30T10:09:54.902703-04:00,25.416,-0.0551
AAON-20260930T14064562567,AAON,2026-09-30,2026-09-30T10:09:54.902703-04:00,84.455,-0.2775
MRNA-20260930T14074868883,MRNA,2026-09-30,2026-09-30T10:09:54.902703-04:00,190.77,-0.0052
BE-20260930T13512504046,BE,2026-09-30,2026-09-30T10:10:05.663555-04:00,288.27,0.2526
RCL-20260930T14003535364,RCL,2026-09-30,2026-09-30T10:10:05.663555-04:00,268.82,0.6082
RVMD-20260930T14060327628,RVMD,2026-09-30,2026-09-30T10:10:05.663555-04:00,205.65,0.2193
CCL-20260930T14063506104,CCL,2026-09-30,2026-09-30T10:10:05.663555-04:00,25.42,-0.0393
AAON-20260930T14064562567,AAON,2026-09-30,2026-09-30T10:10:05.663555-04:00,84.381,-0.3649
MRNA-20260930T14074868883,MRNA,2026-09-30,2026-09-30T10:10:05.663555-04:00,190.8576,0.0407
BE-20260930T13512504046,BE,2026-09-30,2026-09-30T10:10:16.218900-04:00,288.03,0.3356
RCL-20260930T14003535364,RCL,2026-09-30,2026-09-30T10:10:16.218900-04:00,268.615,0.5314
RVMD-20260930T14060327628,RVMD,2026-09-30,2026-09-30T10:10:16.218900-04:00,205.103,-0.0473
CCL-20260930T14063506104,CCL,2026-09-30,2026-09-30T10:10:16.218900-04:00,25.4052,-0.0975
AAON-20260930T14064562567,AAON,2026-09-30,2026-09-30T10:10:16.218900-04:00,84.41,-0.3306
MRNA-20260930T14074868883,MRNA,2026-09-30,2026-09-30T10:10:16.218900-04:00,190.78,0.0
BE-20260930T13512504046,BE,2026-09-30,2026-09-30T10:10:27.131973-04:00,287.5477,0.5025
RCL-20260930T14003535364,RCL,2026-09-30,2026-09-30T10:10:27.131973-04:00,268.16,0.3612
RVMD-20260930T14060327628,RVMD,2026-09-30,2026-09-30T10:10:27.131973-04:00,205.91,0.346
CCL-20260930T14063506104,CCL,2026-09-30,2026-09-30T10:10:27.131973-04:00,25.3677,-0.245
AAON-20260930T14064562567,AAON,2026-09-30,2026-09-30T10:10:27.131973-04:00,84.355,-0.3956
MRNA-20260930T14074868883,MRNA,2026-09-30,2026-09-30T10:10:27.131973-04:00,190.8,0.0105
P-20260930T14100621787,P,2026-09-30,2026-09-30T10:10:27.131973-04:00,132.5,0.0075
BE-20260930T13512504046,BE,2026-09-30,2026-09-30T10:10:37.901976-04:00,287.9947,0.3479
RCL-20260930T14003535364,RCL,2026-09-30,2026-09-30T10:10:37.901976-04:00,268.03,0.3125
RVMD-20260930T14060327628,RVMD,2026-09-30,2026-09-30T10:10:37.901976-04:00,205.96,0.3704
CCL-20260930T14063506104,CCL,2026-09-30,2026-09-30T10:10:37.901976-04:00,25.385,-0.177
AAON-20260930T14064562567,AAON,2026-09-30,2026-09-30T10:10:37.901976-04:00,84.2,-0.5786
MRNA-20260930T14074868883,MRNA,2026-09-30,2026-09-30T10:10:37.901976-04:00,190.995,0.1127
P-20260930T14100621787,P,2026-09-30,2026-09-30T10:10:37.901976-04:00,132.15,-0.2566
BE-20260930T13512504046,BE,2026-09-30,2026-09-30T10:10:48.747441-04:00,287.52,0.5121
RCL-20260930T14003535364,RCL,2026-09-30,2026-09-30T10:10:48.747441-04:00,268.39,0.4472
RVMD-20260930T14060327628,RVMD,2026-09-30,2026-09-30T10:10:48.747441-04:00,205.2087,0.0042
CCL-20260930T14063506104,CCL,2026-09-30,2026-09-30T10:10:48.747441-04:00,25.4128,-0.0676
AAON-20260930T14064562567,AAON,2026-09-30,2026-09-30T10:10:48.747441-04:00,84.34,-0.4133
MRNA-20260930T14074868883,MRNA,2026-09-30,2026-09-30T10:10:48.747441-04:00,190.7843,0.0023
BE-20260930T13512504046,BE,2026-09-30,2026-09-30T10:10:59.825307-04:00,287.57,0.4948
RCL-20260930T14003535364,RCL,2026-09-30,2026-09-30T10:10:59.825307-04:00,267.855,0.247
RVMD-20260930T14060327628,RVMD,2026-09-30,2026-09-30T10:10:59.825307-04:00,205.98,0.3801
CCL-20260930T14063506104,CCL,2026-09-30,2026-09-30T10:10:59.825307-04:00,25.3708,-0.2328
AAON-20260930T14064562567,AAON,2026-09-30,2026-09-30T10:10:59.825307-04:00,84.34,-0.4133
MRNA-20260930T14074868883,MRNA,2026-09-30,2026-09-30T10:10:59.825307-04:00,191.68,0.4717
BE-20260930T13512504046,BE,2026-09-30,2026-09-30T10:11:10.503657-04:00,288.2463,0.2608
RCL-20260930T14003535364,RCL,2026-09-30,2026-09-30T10:11:10.503657-04:00,268.1565,0.3598
RVMD-20260930T14060327628,RVMD,2026-09-30,2026-09-30T10:11:10.503657-04:00,205.905,0.3436
CCL-20260930T14063506104,CCL,2026-09-30,2026-09-30T10:11:10.503657-04:00,25.3751,-0.2159
AAON-20260930T14064562567,AAON,2026-09-30,2026-09-30T10:11:10.503657-04:00,84.3355,-0.4186
MRNA-20260930T14074868883,MRNA,2026-09-30,2026-09-30T10:11:10.503657-04:00,191.0777,0.156
BE-20260930T13512504046,BE,2026-09-30,2026-09-30T10:11:21.423264-04:00,287.415,0.5484
RCL-20260930T14003535364,RCL,2026-09-30,2026-09-30T10:11:21.423264-04:00,267.725,0.1984
RVMD-20260930T14060327628,RVMD,2026-09-30,2026-09-30T10:11:21.423264-04:00,205.905,0.3436
CCL-20260930T14063506104,CCL,2026-09-30,2026-09-30T10:11:21.423264-04:00,25.38,-0.1966
AAON-20260930T14064562567,AAON,2026-09-30,2026-09-30T10:11:21.423264-04:00,84.2813,-0.4826
MRNA-20260930T14074868883,MRNA,2026-09-30,2026-09-30T10:11:21.423264-04:00,191.749,0.5079
BE-20260930T13512504046,BE,2026-09-30,2026-09-30T10:11:31.936157-04:00,287.9385,0.3673
RCL-20260930T14003535364,RCL,2026-09-30,2026-09-30T10:11:31.936157-04:00,267.76,0.2115
RVMD-20260930T14060327628,RVMD,2026-09-30,2026-09-30T10:11:31.936157-04:00,205.75,0.268
CCL-20260930T14063506104,CCL,2026-09-30,2026-09-30T10:11:31.936157-04:00,25.385,-0.177
AAON-20260930T14064562567,AAON,2026-09-30,2026-09-30T10:11:31.936157-04:00,84.2816,-0.4822
MRNA-20260930T14074868883,MRNA,2026-09-30,2026-09-30T10:11:31.936157-04:00,191.512,0.3837
BE-20260930T13512504046,BE,2026-09-30,2026-09-30T10:11:42.477061-04:00,288.02,0.3391
RCL-20260930T14003535364,RCL,2026-09-30,2026-09-30T10:11:42.477061-04:00,267.8,0.2264
RVMD-20260930T14060327628,RVMD,2026-09-30,2026-09-30T10:11:42.477061-04:00,205.7208,0.2538
CCL-20260930T14063506104,CCL,2026-09-30,2026-09-30T10:11:42.477061-04:00,25.385,-0.177
AAON-20260930T14064562567,AAON,2026-09-30,2026-09-30T10:11:42.477061-04:00,84.09,-0.7085
MRNA-20260930T14074868883,MRNA,2026-09-30,2026-09-30T10:11:42.477061-04:00,191.2177,0.2294
BE-20260930T13512504046,BE,2026-09-30,2026-09-30T10:11:53.007018-04:00,288.15,0.2941
RCL-20260930T14003535364,RCL,2026-09-30,2026-09-30T10:11:53.007018-04:00,267.65,0.1703
RVMD-20260930T14060327628,RVMD,2026-09-30,2026-09-30T10:11:53.007018-04:00,205.7109,0.249
CCL-20260930T14063506104,CCL,2026-09-30,2026-09-30T10:11:53.007018-04:00,25.37,-0.2359
AAON-20260930T14064562567,AAON,2026-09-30,2026-09-30T10:11:53.007018-04:00,84.25,-0.5195
MRNA-20260930T14074868883,MRNA,2026-09-30,2026-09-30T10:11:53.007018-04:00,191.21,0.2254
BE-20260930T13512504046,BE,2026-09-30,2026-09-30T10:12:03.628333-04:00,287.78,0.4221
RCL-20260930T14003535364,RCL,2026-09-30,2026-09-30T10:12:03.628333-04:00,268.3472,0.4312
RVMD-20260930T14060327628,RVMD,2026-09-30,2026-09-30T10:12:03.628333-04:00,205.3523,0.0742
CCL-20260930T14063506104,CCL,2026-09-30,2026-09-30T10:12:03.628333-04:00,25.3844,-0.1793
AAON-20260930T14064562567,AAON,2026-09-30,2026-09-30T10:12:03.628333-04:00,84.21,-0.5668
MRNA-20260930T14074868883,MRNA,2026-09-30,2026-09-30T10:12:03.628333-04:00,191.28,0.2621
BE-20260930T13512504046,BE,2026-09-30,2026-09-30T10:12:14.327520-04:00,288.15,0.2941
RCL-20260930T14003535364,RCL,2026-09-30,2026-09-30T10:12:14.327520-04:00,267.615,0.1572
RVMD-20260930T14060327628,RVMD,2026-09-30,2026-09-30T10:12:14.327520-04:00,205.92,0.3509
CCL-20260930T14063506104,CCL,2026-09-30,2026-09-30T10:12:14.327520-04:00,25.3814,-0.1911
AAON-20260930T14064562567,AAON,2026-09-30,2026-09-30T10:12:14.327520-04:00,84.125,-0.6671
MRNA-20260930T14074868883,MRNA,2026-09-30,2026-09-30T10:12:14.327520-04:00,190.745,-0.0183
BE-20260930T13512504046,BE,2026-09-30,2026-09-30T10:12:24.809556-04:00,288.5,0.173
RCL-20260930T14003535364,RCL,2026-09-30,2026-09-30T10:12:24.809556-04:00,267.83,0.2377
RVMD-20260930T14060327628,RVMD,2026-09-30,2026-09-30T10:12:24.809556-04:00,206.1269,0.4517
CCL-20260930T14063506104,CCL,2026-09-30,2026-09-30T10:12:24.809556-04:00,25.395,-0.1376
AAON-20260930T14064562567,AAON,2026-09-30,2026-09-30T10:12:24.809556-04:00,84.3204,-0.4364
MRNA-20260930T14074868883,MRNA,2026-09-30,2026-09-30T10:12:24.809556-04:00,190.7878,0.0041
TEM-20260930T14120432540,TEM,2026-09-30,2026-09-30T10:12:24.809556-04:00,84.332,-0.0806
BE-20260930T13512504046,BE,2026-09-30,2026-09-30T10:12:35.443017-04:00,288.555,0.154
RCL-20260930T14003535364,RCL,2026-09-30,2026-09-30T10:12:35.443017-04:00,267.8445,0.2431
RVMD-20260930T14060327628,RVMD,2026-09-30,2026-09-30T10:12:35.443017-04:00,206.0,0.3899
CCL-20260930T14063506104,CCL,2026-09-30,2026-09-30T10:12:35.443017-04:00,25.395,-0.1376
AAON-20260930T14064562567,AAON,2026-09-30,2026-09-30T10:12:35.443017-04:00,84.53,-0.1889
MRNA-20260930T14074868883,MRNA,2026-09-30,2026-09-30T10:12:35.443017-04:00,191.005,0.1179
TEM-20260930T14120432540,TEM,2026-09-30,2026-09-30T10:12:35.443017-04:00,84.185,-0.2547
BE-20260930T13512504046,BE,2026-09-30,2026-09-30T10:12:45.937655-04:00,288.8208,0.062
RCL-20260930T14003535364,RCL,2026-09-30,2026-09-30T10:12:45.937655-04:00,268.07,0.3275
RVMD-20260930T14060327628,RVMD,2026-09-30,2026-09-30T10:12:45.937655-04:00,205.4122,0.1034
CCL-20260930T14063506104,CCL,2026-09-30,2026-09-30T10:12:45.937655-04:00,25.405,-0.0983
AAON-20260930T14064562567,AAON,2026-09-30,2026-09-30T10:12:45.937655-04:00,84.3491,-0.4025
MRNA-20260930T14074868883,MRNA,2026-09-30,2026-09-30T10:12:45.937655-04:00,191.1027,0.1691
TEM-20260930T14120432540,TEM,2026-09-30,2026-09-30T10:12:45.937655-04:00,84.175,-0.2666
BE-20260930T13512504046,BE,2026-09-30,2026-09-30T10:12:56.528740-04:00,288.625,0.1298
RCL-20260930T14003535364,RCL,2026-09-30,2026-09-30T10:12:56.528740-04:00,267.935,0.277
RVMD-20260930T14060327628,RVMD,2026-09-30,2026-09-30T10:12:56.528740-04:00,206.055,0.4167
CCL-20260930T14063506104,CCL,2026-09-30,2026-09-30T10:12:56.528740-04:00,25.3988,-0.1227
AAON-20260930T14064562567,AAON,2026-09-30,2026-09-30T10:12:56.528740-04:00,84.361,-0.3885
MRNA-20260930T14074868883,MRNA,2026-09-30,2026-09-30T10:12:56.528740-04:00,191.22,0.2306
TEM-20260930T14120432540,TEM,2026-09-30,2026-09-30T10:12:56.528740-04:00,84.25,-0.1777
BE-20260930T13512504046,BE,2026-09-30,2026-09-30T10:13:07.094474-04:00,288.51,0.1696
RCL-20260930T14003535364,RCL,2026-09-30,2026-09-30T10:13:07.094474-04:00,268.2322,0.3882
RVMD-20260930T14060327628,RVMD,2026-09-30,2026-09-30T10:13:07.094474-04:00,206.43,0.5994
CCL-20260930T14063506104,CCL,2026-09-30,2026-09-30T10:13:07.094474-04:00,25.3983,-0.1247
AAON-20260930T14064562567,AAON,2026-09-30,2026-09-30T10:13:07.094474-04:00,84.34,-0.4133
MRNA-20260930T14074868883,MRNA,2026-09-30,2026-09-30T10:13:07.094474-04:00,190.97,0.0996
TEM-20260930T14120432540,TEM,2026-09-30,2026-09-30T10:13:07.094474-04:00,84.25,-0.1777
BE-20260930T13512504046,BE,2026-09-30,2026-09-30T10:13:17.838994-04:00,288.49,0.1765
RCL-20260930T14003535364,RCL,2026-09-30,2026-09-30T10:13:17.838994-04:00,267.677,0.1804
RVMD-20260930T14060327628,RVMD,2026-09-30,2026-09-30T10:13:17.838994-04:00,206.39,0.5799
CCL-20260930T14063506104,CCL,2026-09-30,2026-09-30T10:13:17.838994-04:00,25.385,-0.177
AAON-20260930T14064562567,AAON,2026-09-30,2026-09-30T10:13:17.838994-04:00,84.3853,-0.3598
MRNA-20260930T14074868883,MRNA,2026-09-30,2026-09-30T10:13:17.838994-04:00,191.02,0.1258
TEM-20260930T14120432540,TEM,2026-09-30,2026-09-30T10:13:17.838994-04:00,84.23,-0.2014
BE-20260930T13512504046,BE,2026-09-30,2026-09-30T10:13:28.381287-04:00,288.45,0.1903
RCL-20260930T14003535364,RCL,2026-09-30,2026-09-30T10:13:28.381287-04:00,267.7201,0.1965
RVMD-20260930T14060327628,RVMD,2026-09-30,2026-09-30T10:13:28.381287-04:00,206.28,0.5263
CCL-20260930T14063506104,CCL,2026-09-30,2026-09-30T10:13:28.381287-04:00,25.3968,-0.1306
AAON-20260930T14064562567,AAON,2026-09-30,2026-09-30T10:13:28.381287-04:00,84.3944,-0.349
MRNA-20260930T14074868883,MRNA,2026-09-30,2026-09-30T10:13:28.381287-04:00,191.12,0.1782
TEM-20260930T14120432540,TEM,2026-09-30,2026-09-30T10:13:28.381287-04:00,84.18,-0.2607
BE-20260930T13512504046,BE,2026-09-30,2026-09-30T10:13:39.167612-04:00,288.405,0.2059
RCL-20260930T14003535364,RCL,2026-09-30,2026-09-30T10:13:39.167612-04:00,267.73,0.2002
RVMD-20260930T14060327628,RVMD,2026-09-30,2026-09-30T10:13:39.167612-04:00,206.08,0.4288
CCL-20260930T14063506104,CCL,2026-09-30,2026-09-30T10:13:39.167612-04:00,25.3886,-0.1628
AAON-20260930T14064562567,AAON,2026-09-30,2026-09-30T10:13:39.167612-04:00,84.41,-0.3306
MRNA-20260930T14074868883,MRNA,2026-09-30,2026-09-30T10:13:39.167612-04:00,191.062,0.1478
TEM-20260930T14120432540,TEM,2026-09-30,2026-09-30T10:13:39.167612-04:00,84.235,-0.1955
BE-20260930T13512504046,BE,2026-09-30,2026-09-30T10:13:49.620429-04:00,288.4752,0.1816
RCL-20260930T14003535364,RCL,2026-09-30,2026-09-30T10:13:49.620429-04:00,267.78,0.2189
RVMD-20260930T14060327628,RVMD,2026-09-30,2026-09-30T10:13:49.620429-04:00,206.29,0.5312
CCL-20260930T14063506104,CCL,2026-09-30,2026-09-30T10:13:49.620429-04:00,25.365,-0.2556
AAON-20260930T14064562567,AAON,2026-09-30,2026-09-30T10:13:49.620429-04:00,84.41,-0.3306
MRNA-20260930T14074868883,MRNA,2026-09-30,2026-09-30T10:13:49.620429-04:00,191.125,0.1808
TEM-20260930T14120432540,TEM,2026-09-30,2026-09-30T10:13:49.620429-04:00,84.2391,-0.1906
BE-20260930T13512504046,BE,2026-09-30,2026-09-30T10:14:00.111872-04:00,288.4,0.2076
RCL-20260930T14003535364,RCL,2026-09-30,2026-09-30T10:14:00.111872-04:00,268.08,0.3312
RVMD-20260930T14060327628,RVMD,2026-09-30,2026-09-30T10:14:00.111872-04:00,206.08,0.4288
CCL-20260930T14063506104,CCL,2026-09-30,2026-09-30T10:14:00.111872-04:00,25.3929,-0.1459
AAON-20260930T14064562567,AAON,2026-09-30,2026-09-30T10:14:00.111872-04:00,84.41,-0.3306
MRNA-20260930T14074868883,MRNA,2026-09-30,2026-09-30T10:14:00.111872-04:00,191.0456,0.1392
TEM-20260930T14120432540,TEM,2026-09-30,2026-09-30T10:14:00.111872-04:00,84.2025,-0.234
BE-20260930T13512504046,BE,2026-09-30,2026-09-30T10:14:10.735420-04:00,288.28,0.2491
RCL-20260930T14003535364,RCL,2026-09-30,2026-09-30T10:14:10.735420-04:00,267.995,0.2994
RVMD-20260930T14060327628,RVMD,2026-09-30,2026-09-30T10:14:10.735420-04:00,206.3665,0.5685
CCL-20260930T14063506104,CCL,2026-09-30,2026-09-30T10:14:10.735420-04:00,25.385,-0.177
AAON-20260930T14064562567,AAON,2026-09-30,2026-09-30T10:14:10.735420-04:00,84.3519,-0.3992
MRNA-20260930T14074868883,MRNA,2026-09-30,2026-09-30T10:14:10.735420-04:00,191.1728,0.2059
TEM-20260930T14120432540,TEM,2026-09-30,2026-09-30T10:14:10.735420-04:00,84.185,-0.2547
RCL-20260930T14003535364,RCL,2026-09-30,2026-09-30T10:14:21.253917-04:00,268.04,0.3162
RVMD-20260930T14060327628,RVMD,2026-09-30,2026-09-30T10:14:21.253917-04:00,206.08,0.4288
CCL-20260930T14063506104,CCL,2026-09-30,2026-09-30T10:14:21.253917-04:00,25.38,-0.1966
AAON-20260930T14064562567,AAON,2026-09-30,2026-09-30T10:14:21.253917-04:00,84.3,-0.4605
MRNA-20260930T14074868883,MRNA,2026-09-30,2026-09-30T10:14:21.253917-04:00,190.925,0.076
TEM-20260930T14120432540,TEM,2026-09-30,2026-09-30T10:14:21.253917-04:00,84.3266,-0.087
BRKR-20260930T14140073384,BRKR,2026-09-30,2026-09-30T10:14:21.253917-04:00,65.0218,-0.3192
RCL-20260930T14003535364,RCL,2026-09-30,2026-09-30T10:14:31.624888-04:00,268.02,0.3088
RVMD-20260930T14060327628,RVMD,2026-09-30,2026-09-30T10:14:31.624888-04:00,206.09,0.4337
CCL-20260930T14063506104,CCL,2026-09-30,2026-09-30T10:14:31.624888-04:00,25.385,-0.177
AAON-20260930T14064562567,AAON,2026-09-30,2026-09-30T10:14:31.624888-04:00,84.3,-0.4605
MRNA-20260930T14074868883,MRNA,2026-09-30,2026-09-30T10:14:31.624888-04:00,191.0,0.1153
TEM-20260930T14120432540,TEM,2026-09-30,2026-09-30T10:14:31.624888-04:00,84.42,0.0237
BRKR-20260930T14140073384,BRKR,2026-09-30,2026-09-30T10:14:31.624888-04:00,65.1128,-0.1797
RCL-20260930T14003535364,RCL,2026-09-30,2026-09-30T10:14:42.065891-04:00,268.375,0.4416
RVMD-20260930T14060327628,RVMD,2026-09-30,2026-09-30T10:14:42.065891-04:00,206.17,0.4727
CCL-20260930T14063506104,CCL,2026-09-30,2026-09-30T10:14:42.065891-04:00,25.395,-0.1376
AAON-20260930T14064562567,AAON,2026-09-30,2026-09-30T10:14:42.065891-04:00,84.403,-0.3389
MRNA-20260930T14074868883,MRNA,2026-09-30,2026-09-30T10:14:42.065891-04:00,190.985,0.1075
TEM-20260930T14120432540,TEM,2026-09-30,2026-09-30T10:14:42.065891-04:00,84.34,-0.0711
BRKR-20260930T14140073384,BRKR,2026-09-30,2026-09-30T10:14:42.065891-04:00,65.19,-0.0613
RCL-20260930T14003535364,RCL,2026-09-30,2026-09-30T10:14:52.526221-04:00,268.53,0.4996
RVMD-20260930T14060327628,RVMD,2026-09-30,2026-09-30T10:14:52.526221-04:00,205.6615,0.2249
CCL-20260930T14063506104,CCL,2026-09-30,2026-09-30T10:14:52.526221-04:00,25.3946,-0.1392
AAON-20260930T14064562567,AAON,2026-09-30,2026-09-30T10:14:52.526221-04:00,84.3994,-0.3431
MRNA-20260930T14074868883,MRNA,2026-09-30,2026-09-30T10:14:52.526221-04:00,190.49,-0.152
TEM-20260930T14120432540,TEM,2026-09-30,2026-09-30T10:14:52.526221-04:00,84.395,-0.0059
BRKR-20260930T14140073384,BRKR,2026-09-30,2026-09-30T10:14:52.526221-04:00,65.0438,-0.2855
TXG-20260930T14143206460,TXG,2026-09-30,2026-09-30T10:14:52.526221-04:00,92.4,-0.1729
RCL-20260930T14003535364,RCL,2026-09-30,2026-09-30T10:15:02.955644-04:00,268.45,0.4697
RVMD-20260930T14060327628,RVMD,2026-09-30,2026-09-30T10:15:02.955644-04:00,205.704,0.2456
CCL-20260930T14063506104,CCL,2026-09-30,2026-09-30T10:15:02.955644-04:00,25.3914,-0.1518
MRNA-20260930T14074868883,MRNA,2026-09-30,2026-09-30T10:15:02.955644-04:00,190.37,-0.2149
TEM-20260930T14120432540,TEM,2026-09-30,2026-09-30T10:15:02.955644-04:00,84.33,-0.0829
BRKR-20260930T14140073384,BRKR,2026-09-30,2026-09-30T10:15:02.955644-04:00,65.1173,-0.1728
TXG-20260930T14143206460,TXG,2026-09-30,2026-09-30T10:15:02.955644-04:00,92.4,-0.1729
RCL-20260930T14003535364,RCL,2026-09-30,2026-09-30T10:15:14.371413-04:00,267.9924,0.2984
RVMD-20260930T14060327628,RVMD,2026-09-30,2026-09-30T10:15:14.371413-04:00,205.8587,0.321
CCL-20260930T14063506104,CCL,2026-09-30,2026-09-30T10:15:14.371413-04:00,25.3913,-0.1522
TEM-20260930T14120432540,TEM,2026-09-30,2026-09-30T10:15:14.371413-04:00,84.1495,-0.2968
BRKR-20260930T14140073384,BRKR,2026-09-30,2026-09-30T10:15:14.371413-04:00,65.08,-0.23
TXG-20260930T14143206460,TXG,2026-09-30,2026-09-30T10:15:14.371413-04:00,92.2568,-0.3276
RCL-20260930T14003535364,RCL,2026-09-30,2026-09-30T10:15:24.877653-04:00,268.365,0.4379
RVMD-20260930T14060327628,RVMD,2026-09-30,2026-09-30T10:15:24.877653-04:00,206.05,0.4142
CCL-20260930T14063506104,CCL,2026-09-30,2026-09-30T10:15:24.877653-04:00,25.375,-0.2163
TEM-20260930T14120432540,TEM,2026-09-30,2026-09-30T10:15:24.877653-04:00,84.135,-0.314
BRKR-20260930T14140073384,BRKR,2026-09-30,2026-09-30T10:15:24.877653-04:00,65.01,-0.3373
TXG-20260930T14143206460,TXG,2026-09-30,2026-09-30T10:15:24.877653-04:00,92.4426,-0.1268
HPE-20260930T14150435876,HPE,2026-09-30,2026-09-30T10:15:24.877653-04:00,63.8489,-0.3774
RCL-20260930T14003535364,RCL,2026-09-30,2026-09-30T10:15:35.540763-04:00,267.962,0.2871
RVMD-20260930T14060327628,RVMD,2026-09-30,2026-09-30T10:15:35.540763-04:00,205.885,0.3338
CCL-20260930T14063506104,CCL,2026-09-30,2026-09-30T10:15:35.540763-04:00,25.3898,-0.1581
TEM-20260930T14120432540,TEM,2026-09-30,2026-09-30T10:15:35.540763-04:00,84.13,-0.3199
BRKR-20260930T14140073384,BRKR,2026-09-30,2026-09-30T10:15:35.540763-04:00,65.085,-0.2223
TXG-20260930T14143206460,TXG,2026-09-30,2026-09-30T10:15:35.540763-04:00,92.2693,-0.3141
HPE-20260930T14150435876,HPE,2026-09-30,2026-09-30T10:15:35.540763-04:00,64.19,0.1548
MXL-20260930T14151487113,MXL,2026-09-30,2026-09-30T10:15:35.540763-04:00,90.665,0.2931
RCL-20260930T14003535364,RCL,2026-09-30,2026-09-30T10:15:46.002774-04:00,268.1816,0.3692
RVMD-20260930T14060327628,RVMD,2026-09-30,2026-09-30T10:15:46.002774-04:00,205.97,0.3752
CCL-20260930T14063506104,CCL,2026-09-30,2026-09-30T10:15:46.002774-04:00,25.345,-0.3343
TEM-20260930T14120432540,TEM,2026-09-30,2026-09-30T10:15:46.002774-04:00,84.045,-0.4206
BRKR-20260930T14140073384,BRKR,2026-09-30,2026-09-30T10:15:46.002774-04:00,65.075,-0.2376
TXG-20260930T14143206460,TXG,2026-09-30,2026-09-30T10:15:46.002774-04:00,92.457,-0.1113
HPE-20260930T14150435876,HPE,2026-09-30,2026-09-30T10:15:46.002774-04:00,64.165,0.1158
MXL-20260930T14151487113,MXL,2026-09-30,2026-09-30T10:15:46.002774-04:00,90.9326,0.5892
RCL-20260930T14003535364,RCL,2026-09-30,2026-09-30T10:15:56.397918-04:00,268.205,0.378
RVMD-20260930T14060327628,RVMD,2026-09-30,2026-09-30T10:15:56.397918-04:00,205.9384,0.3598
CCL-20260930T14063506104,CCL,2026-09-30,2026-09-30T10:15:56.397918-04:00,25.3854,-0.1754
TEM-20260930T14120432540,TEM,2026-09-30,2026-09-30T10:15:56.397918-04:00,84.1725,-0.2695
BRKR-20260930T14140073384,BRKR,2026-09-30,2026-09-30T10:15:56.397918-04:00,65.051,-0.2744
TXG-20260930T14143206460,TXG,2026-09-30,2026-09-30T10:15:56.397918-04:00,92.425,-0.1459
HPE-20260930T14150435876,HPE,2026-09-30,2026-09-30T10:15:56.397918-04:00,64.15,0.0924
MXL-20260930T14151487113,MXL,2026-09-30,2026-09-30T10:15:56.397918-04:00,90.54,0.1549
VIAV-20260930T14153599561,VIAV,2026-09-30,2026-09-30T10:15:56.397918-04:00,40.44,-0.0494
RCL-20260930T14003535364,RCL,2026-09-30,2026-09-30T10:16:07.037871-04:00,268.12,0.3462
RVMD-20260930T14060327628,RVMD,2026-09-30,2026-09-30T10:16:07.037871-04:00,205.89,0.3363
CCL-20260930T14063506104,CCL,2026-09-30,2026-09-30T10:16:07.037871-04:00,25.345,-0.3343
TEM-20260930T14120432540,TEM,2026-09-30,2026-09-30T10:16:07.037871-04:00,84.065,-0.3969
BRKR-20260930T14140073384,BRKR,2026-09-30,2026-09-30T10:16:07.037871-04:00,65.055,-0.2683
TXG-20260930T14143206460,TXG,2026-09-30,2026-09-30T10:16:07.037871-04:00,92.3778,-0.1968
HPE-20260930T14150435876,HPE,2026-09-30,2026-09-30T10:16:07.037871-04:00,63.9187,-0.2685
MXL-20260930T14151487113,MXL,2026-09-30,2026-09-30T10:16:07.037871-04:00,90.1537,-0.2725
VIAV-20260930T14153599561,VIAV,2026-09-30,2026-09-30T10:16:07.037871-04:00,40.44,-0.0494
RCL-20260930T14003535364,RCL,2026-09-30,2026-09-30T10:16:17.577240-04:00,268.13,0.3499
RVMD-20260930T14060327628,RVMD,2026-09-30,2026-09-30T10:16:17.577240-04:00,206.07,0.424
TEM-20260930T14120432540,TEM,2026-09-30,2026-09-30T10:16:17.577240-04:00,84.315,-0.1007
BRKR-20260930T14140073384,BRKR,2026-09-30,2026-09-30T10:16:17.577240-04:00,65.1,-0.1993
TXG-20260930T14143206460,TXG,2026-09-30,2026-09-30T10:16:17.577240-04:00,92.24,-0.3457
HPE-20260930T14150435876,HPE,2026-09-30,2026-09-30T10:16:17.577240-04:00,64.34,0.3889
MXL-20260930T14151487113,MXL,2026-09-30,2026-09-30T10:16:17.577240-04:00,90.65,0.2765
VIAV-20260930T14153599561,VIAV,2026-09-30,2026-09-30T10:16:17.577240-04:00,40.4428,-0.0425
RCL-20260930T14003535364,RCL,2026-09-30,2026-09-30T10:16:28.000197-04:00,268.435,0.4641
RVMD-20260930T14060327628,RVMD,2026-09-30,2026-09-30T10:16:28.000197-04:00,205.965,0.3728
TEM-20260930T14120432540,TEM,2026-09-30,2026-09-30T10:16:28.000197-04:00,84.39,-0.0118
BRKR-20260930T14140073384,BRKR,2026-09-30,2026-09-30T10:16:28.000197-04:00,65.085,-0.2223
TXG-20260930T14143206460,TXG,2026-09-30,2026-09-30T10:16:28.000197-04:00,92.39,-0.1837
HPE-20260930T14150435876,HPE,2026-09-30,2026-09-30T10:16:28.000197-04:00,64.294,0.3171
MXL-20260930T14151487113,MXL,2026-09-30,2026-09-30T10:16:28.000197-04:00,90.3,-0.1106
VIAV-20260930T14153599561,VIAV,2026-09-30,2026-09-30T10:16:28.000197-04:00,40.4207,-0.0971
SMTC-20260930T14160757579,SMTC,2026-09-30,2026-09-30T10:16:28.000197-04:00,177.93,-0.0449
RCL-20260930T14003535364,RCL,2026-09-30,2026-09-30T10:16:38.332480-04:00,267.9795,0.2936
RVMD-20260930T14060327628,RVMD,2026-09-30,2026-09-30T10:16:38.332480-04:00,205.965,0.3728
TEM-20260930T14120432540,TEM,2026-09-30,2026-09-30T10:16:38.332480-04:00,84.2109,-0.2241
BRKR-20260930T14140073384,BRKR,2026-09-30,2026-09-30T10:16:38.332480-04:00,65.0719,-0.2424
TXG-20260930T14143206460,TXG,2026-09-30,2026-09-30T10:16:38.332480-04:00,92.2852,-0.2969
HPE-20260930T14150435876,HPE,2026-09-30,2026-09-30T10:16:38.332480-04:00,64.14,0.0768
MXL-20260930T14151487113,MXL,2026-09-30,2026-09-30T10:16:38.332480-04:00,90.2,-0.2212
VIAV-20260930T14153599561,VIAV,2026-09-30,2026-09-30T10:16:38.332480-04:00,40.4254,-0.0855
SMTC-20260930T14160757579,SMTC,2026-09-30,2026-09-30T10:16:38.332480-04:00,177.9299,-0.045
RCL-20260930T14003535364,RCL,2026-09-30,2026-09-30T10:16:48.806939-04:00,268.51,0.4921
RVMD-20260930T14060327628,RVMD,2026-09-30,2026-09-30T10:16:48.806939-04:00,205.9067,0.3444
TEM-20260930T14120432540,TEM,2026-09-30,2026-09-30T10:16:48.806939-04:00,84.145,-0.3021
BRKR-20260930T14140073384,BRKR,2026-09-30,2026-09-30T10:16:48.806939-04:00,65.0536,-0.2704
TXG-20260930T14143206460,TXG,2026-09-30,2026-09-30T10:16:48.806939-04:00,92.195,-0.3943
HPE-20260930T14150435876,HPE,2026-09-30,2026-09-30T10:16:48.806939-04:00,64.1206,0.0465
MXL-20260930T14151487113,MXL,2026-09-30,2026-09-30T10:16:48.806939-04:00,90.245,-0.1715
VIAV-20260930T14153599561,VIAV,2026-09-30,2026-09-30T10:16:48.806939-04:00,40.42,-0.0989
SMTC-20260930T14160757579,SMTC,2026-09-30,2026-09-30T10:16:48.806939-04:00,177.56,-0.2528
RCL-20260930T14003535364,RCL,2026-09-30,2026-09-30T10:16:59.163645-04:00,268.54,0.5034
RVMD-20260930T14060327628,RVMD,2026-09-30,2026-09-30T10:16:59.163645-04:00,205.9287,0.3551
TEM-20260930T14120432540,TEM,2026-09-30,2026-09-30T10:16:59.163645-04:00,84.07,-0.391
BRKR-20260930T14140073384,BRKR,2026-09-30,2026-09-30T10:16:59.163645-04:00,64.95,-0.4293
TXG-20260930T14143206460,TXG,2026-09-30,2026-09-30T10:16:59.163645-04:00,92.08,-0.5186
HPE-20260930T14150435876,HPE,2026-09-30,2026-09-30T10:16:59.163645-04:00,64.0916,0.0013
MXL-20260930T14151487113,MXL,2026-09-30,2026-09-30T10:16:59.163645-04:00,90.24,-0.177
VIAV-20260930T14153599561,VIAV,2026-09-30,2026-09-30T10:16:59.163645-04:00,40.42,-0.0989
SMTC-20260930T14160757579,SMTC,2026-09-30,2026-09-30T10:16:59.163645-04:00,177.6575,-0.198
RCL-20260930T14003535364,RCL,2026-09-30,2026-09-30T10:17:09.495173-04:00,268.495,0.4865
RVMD-20260930T14060327628,RVMD,2026-09-30,2026-09-30T10:17:09.495173-04:00,205.8779,0.3304
TEM-20260930T14120432540,TEM,2026-09-30,2026-09-30T10:17:09.495173-04:00,84.11,-0.3436
BRKR-20260930T14140073384,BRKR,2026-09-30,2026-09-30T10:17:09.495173-04:00,64.97,-0.3986
TXG-20260930T14143206460,TXG,2026-09-30,2026-09-30T10:17:09.495173-04:00,91.915,-0.6968
HPE-20260930T14150435876,HPE,2026-09-30,2026-09-30T10:17:09.495173-04:00,64.13,0.0612
MXL-20260930T14151487113,MXL,2026-09-30,2026-09-30T10:17:09.495173-04:00,90.2569,-0.1583
VIAV-20260930T14153599561,VIAV,2026-09-30,2026-09-30T10:17:09.495173-04:00,40.42,-0.0989
SMTC-20260930T14160757579,SMTC,2026-09-30,2026-09-30T10:17:09.495173-04:00,176.2104,-1.011
RCL-20260930T14003535364,RCL,2026-09-30,2026-09-30T10:17:19.847167-04:00,268.32,0.421
RVMD-20260930T14060327628,RVMD,2026-09-30,2026-09-30T10:17:19.847167-04:00,205.8727,0.3278
TEM-20260930T14120432540,TEM,2026-09-30,2026-09-30T10:17:19.847167-04:00,84.2272,-0.2047
BRKR-20260930T14140073384,BRKR,2026-09-30,2026-09-30T10:17:19.847167-04:00,64.97,-0.3986
TXG-20260930T14143206460,TXG,2026-09-30,2026-09-30T10:17:19.847167-04:00,91.8682,-0.7474
HPE-20260930T14150435876,HPE,2026-09-30,2026-09-30T10:17:19.847167-04:00,64.0382,-0.082
MXL-20260930T14151487113,MXL,2026-09-30,2026-09-30T10:17:19.847167-04:00,90.21,-0.2102
VIAV-20260930T14153599561,VIAV,2026-09-30,2026-09-30T10:17:19.847167-04:00,40.35,-0.2719
SMTC-20260930T14160757579,SMTC,2026-09-30,2026-09-30T10:17:19.847167-04:00,177.05,-0.5393
RCL-20260930T14003535364,RCL,2026-09-30,2026-09-30T10:17:30.241192-04:00,268.555,0.509
RVMD-20260930T14060327628,RVMD,2026-09-30,2026-09-30T10:17:30.241192-04:00,205.61,0.1998
TEM-20260930T14120432540,TEM,2026-09-30,2026-09-30T10:17:30.241192-04:00,84.0168,-0.454
BRKR-20260930T14140073384,BRKR,2026-09-30,2026-09-30T10:17:30.241192-04:00,64.975,-0.3909
TXG-20260930T14143206460,TXG,2026-09-30,2026-09-30T10:17:30.241192-04:00,92.2697,-0.3136
HPE-20260930T14150435876,HPE,2026-09-30,2026-09-30T10:17:30.241192-04:00,64.29,0.3109
MXL-20260930T14151487113,MXL,2026-09-30,2026-09-30T10:17:30.241192-04:00,90.0101,-0.4313
VIAV-20260930T14153599561,VIAV,2026-09-30,2026-09-30T10:17:30.241192-04:00,40.32,-0.346
SMTC-20260930T14160757579,SMTC,2026-09-30,2026-09-30T10:17:30.241192-04:00,177.05,-0.5393
RCL-20260930T14003535364,RCL,2026-09-30,2026-09-30T10:17:40.672760-04:00,268.44,0.466
RVMD-20260930T14060327628,RVMD,2026-09-30,2026-09-30T10:17:40.672760-04:00,205.53,0.1608
TEM-20260930T14120432540,TEM,2026-09-30,2026-09-30T10:17:40.672760-04:00,83.9,-0.5924
BRKR-20260930T14140073384,BRKR,2026-09-30,2026-09-30T10:17:40.672760-04:00,64.97,-0.3986
TXG-20260930T14143206460,TXG,2026-09-30,2026-09-30T10:17:40.672760-04:00,92.0668,-0.5328
HPE-20260930T14150435876,HPE,2026-09-30,2026-09-30T10:17:40.672760-04:00,64.3432,0.3939
MXL-20260930T14151487113,MXL,2026-09-30,2026-09-30T10:17:40.672760-04:00,90.1,-0.3319
VIAV-20260930T14153599561,VIAV,2026-09-30,2026-09-30T10:17:40.672760-04:00,40.345,-0.2842
SMTC-20260930T14160757579,SMTC,2026-09-30,2026-09-30T10:17:40.672760-04:00,176.72,-0.7247
RCL-20260930T14003535364,RCL,2026-09-30,2026-09-30T10:17:51.074075-04:00,268.635,0.5389
RVMD-20260930T14060327628,RVMD,2026-09-30,2026-09-30T10:17:51.074075-04:00,205.52,0.1559
TEM-20260930T14120432540,TEM,2026-09-30,2026-09-30T10:17:51.074075-04:00,83.95,-0.5332
BRKR-20260930T14140073384,BRKR,2026-09-30,2026-09-30T10:17:51.074075-04:00,65.0568,-0.2655
TXG-20260930T14143206460,TXG,2026-09-30,2026-09-30T10:17:51.074075-04:00,91.7267,-0.9003
HPE-20260930T14150435876,HPE,2026-09-30,2026-09-30T10:17:51.074075-04:00,64.2331,0.2221
MXL-20260930T14151487113,MXL,2026-09-30,2026-09-30T10:17:51.074075-04:00,90.085,-0.3485
VIAV-20260930T14153599561,VIAV,2026-09-30,2026-09-30T10:17:51.074075-04:00,40.3472,-0.2788
SMTC-20260930T14160757579,SMTC,2026-09-30,2026-09-30T10:17:51.074075-04:00,177.29,-0.4045
RCL-20260930T14003535364,RCL,2026-09-30,2026-09-30T10:18:01.459118-04:00,268.598,0.5251
RVMD-20260930T14060327628,RVMD,2026-09-30,2026-09-30T10:18:01.459118-04:00,205.4597,0.1266
TEM-20260930T14120432540,TEM,2026-09-30,2026-09-30T10:18:01.459118-04:00,83.975,-0.5036
BRKR-20260930T14140073384,BRKR,2026-09-30,2026-09-30T10:18:01.459118-04:00,64.96,-0.4139
TXG-20260930T14143206460,TXG,2026-09-30,2026-09-30T10:18:01.459118-04:00,91.7468,-0.8786
HPE-20260930T14150435876,HPE,2026-09-30,2026-09-30T10:18:01.459118-04:00,64.32,0.3577
MXL-20260930T14151487113,MXL,2026-09-30,2026-09-30T10:18:01.459118-04:00,90.0801,-0.3539
VIAV-20260930T14153599561,VIAV,2026-09-30,2026-09-30T10:18:01.459118-04:00,40.33,-0.3213
SMTC-20260930T14160757579,SMTC,2026-09-30,2026-09-30T10:18:01.459118-04:00,177.215,-0.4466
RCL-20260930T14003535364,RCL,2026-09-30,2026-09-30T10:18:12.048136-04:00,268.6244,0.535
RVMD-20260930T14060327628,RVMD,2026-09-30,2026-09-30T10:18:12.048136-04:00,205.53,0.1608
TEM-20260930T14120432540,TEM,2026-09-30,2026-09-30T10:18:12.048136-04:00,84.005,-0.468
BRKR-20260930T14140073384,BRKR,2026-09-30,2026-09-30T10:18:12.048136-04:00,64.96,-0.4139
TXG-20260930T14143206460,TXG,2026-09-30,2026-09-30T10:18:12.048136-04:00,91.785,-0.8373
HPE-20260930T14150435876,HPE,2026-09-30,2026-09-30T10:18:12.048136-04:00,64.4,0.4825
MXL-20260930T14151487113,MXL,2026-09-30,2026-09-30T10:18:12.048136-04:00,90.2843,-0.128
VIAV-20260930T14153599561,VIAV,2026-09-30,2026-09-30T10:18:12.048136-04:00,40.335,-0.3089
SMTC-20260930T14160757579,SMTC,2026-09-30,2026-09-30T10:18:12.048136-04:00,177.225,-0.441
RCL-20260930T14003535364,RCL,2026-09-30,2026-09-30T10:18:22.607998-04:00,268.71,0.567
RVMD-20260930T14060327628,RVMD,2026-09-30,2026-09-30T10:18:22.607998-04:00,205.525,0.1584
TEM-20260930T14120432540,TEM,2026-09-30,2026-09-30T10:18:22.607998-04:00,84.055,-0.4088
BRKR-20260930T14140073384,BRKR,2026-09-30,2026-09-30T10:18:22.607998-04:00,64.95,-0.4293
HPE-20260930T14150435876,HPE,2026-09-30,2026-09-30T10:18:22.607998-04:00,64.2772,0.2909
MXL-20260930T14151487113,MXL,2026-09-30,2026-09-30T10:18:22.607998-04:00,90.1,-0.3319
VIAV-20260930T14153599561,VIAV,2026-09-30,2026-09-30T10:18:22.607998-04:00,40.36,-0.2472
SMTC-20260930T14160757579,SMTC,2026-09-30,2026-09-30T10:18:22.607998-04:00,177.235,-0.4354
RCL-20260930T14003535364,RCL,2026-09-30,2026-09-30T10:18:32.946072-04:00,268.8,0.6007
RVMD-20260930T14060327628,RVMD,2026-09-30,2026-09-30T10:18:32.946072-04:00,205.6308,0.2099
TEM-20260930T14120432540,TEM,2026-09-30,2026-09-30T10:18:32.946072-04:00,84.01,-0.4621
BRKR-20260930T14140073384,BRKR,2026-09-30,2026-09-30T10:18:32.946072-04:00,64.95,-0.4293
HPE-20260930T14150435876,HPE,2026-09-30,2026-09-30T10:18:32.946072-04:00,64.4043,0.4892
MXL-20260930T14151487113,MXL,2026-09-30,2026-09-30T10:18:32.946072-04:00,90.213,-0.2069
VIAV-20260930T14153599561,VIAV,2026-09-30,2026-09-30T10:18:32.946072-04:00,40.37,-0.2224
SMTC-20260930T14160757579,SMTC,2026-09-30,2026-09-30T10:18:32.946072-04:00,177.235,-0.4354
RCL-20260930T14003535364,RCL,2026-09-30,2026-09-30T10:18:43.225773-04:00,269.02,0.683
RVMD-20260930T14060327628,RVMD,2026-09-30,2026-09-30T10:18:43.225773-04:00,205.16,-0.0195
TEM-20260930T14120432540,TEM,2026-09-30,2026-09-30T10:18:43.225773-04:00,84.0424,-0.4237
BRKR-20260930T14140073384,BRKR,2026-09-30,2026-09-30T10:18:43.225773-04:00,65.0098,-0.3376
HPE-20260930T14150435876,HPE,2026-09-30,2026-09-30T10:18:43.225773-04:00,64.4051,0.4904
MXL-20260930T14151487113,MXL,2026-09-30,2026-09-30T10:18:43.225773-04:00,90.23,-0.1881
VIAV-20260930T14153599561,VIAV,2026-09-30,2026-09-30T10:18:43.225773-04:00,40.37,-0.2224
SMTC-20260930T14160757579,SMTC,2026-09-30,2026-09-30T10:18:43.225773-04:00,177.2788,-0.4108
RCL-20260930T14003535364,RCL,2026-09-30,2026-09-30T10:18:53.499874-04:00,268.5091,0.4918
RVMD-20260930T14060327628,RVMD,2026-09-30,2026-09-30T10:18:53.499874-04:00,205.7103,0.2487
TEM-20260930T14120432540,TEM,2026-09-30,2026-09-30T10:18:53.499874-04:00,84.0,-0.4739
BRKR-20260930T14140073384,BRKR,2026-09-30,2026-09-30T10:18:53.499874-04:00,64.93,-0.4599
HPE-20260930T14150435876,HPE,2026-09-30,2026-09-30T10:18:53.499874-04:00,64.3756,0.4444
MXL-20260930T14151487113,MXL,2026-09-30,2026-09-30T10:18:53.499874-04:00,90.2,-0.2212
VIAV-20260930T14153599561,VIAV,2026-09-30,2026-09-30T10:18:53.499874-04:00,40.3847,-0.1861
SMTC-20260930T14160757579,SMTC,2026-09-30,2026-09-30T10:18:53.499874-04:00,176.24,-0.9943
RCL-20260930T14003535364,RCL,2026-09-30,2026-09-30T10:19:03.817863-04:00,268.58,0.5183
RVMD-20260930T14060327628,RVMD,2026-09-30,2026-09-30T10:19:03.817863-04:00,205.7339,0.2602
TEM-20260930T14120432540,TEM,2026-09-30,2026-09-30T10:19:03.817863-04:00,83.865,-0.6339
BRKR-20260930T14140073384,BRKR,2026-09-30,2026-09-30T10:19:03.817863-04:00,64.925,-0.4676
HPE-20260930T14150435876,HPE,2026-09-30,2026-09-30T10:19:03.817863-04:00,64.3292,0.372
MXL-20260930T14151487113,MXL,2026-09-30,2026-09-30T10:19:03.817863-04:00,90.1633,-0.2618
VIAV-20260930T14153599561,VIAV,2026-09-30,2026-09-30T10:19:03.817863-04:00,40.3213,-0.3428
SMTC-20260930T14160757579,SMTC,2026-09-30,2026-09-30T10:19:03.817863-04:00,177.6,-0.2303
RCL-20260930T14003535364,RCL,2026-09-30,2026-09-30T10:19:14.317993-04:00,268.63,0.5371
TEM-20260930T14120432540,TEM,2026-09-30,2026-09-30T10:19:14.317993-04:00,83.9132,-0.5768
BRKR-20260930T14140073384,BRKR,2026-09-30,2026-09-30T10:19:14.317993-04:00,65.005,-0.3449
HPE-20260930T14150435876,HPE,2026-09-30,2026-09-30T10:19:14.317993-04:00,64.47,0.5917
MXL-20260930T14151487113,MXL,2026-09-30,2026-09-30T10:19:14.317993-04:00,90.1668,-0.258
VIAV-20260930T14153599561,VIAV,2026-09-30,2026-09-30T10:19:14.317993-04:00,40.37,-0.2224
SMTC-20260930T14160757579,SMTC,2026-09-30,2026-09-30T10:19:14.317993-04:00,177.1141,-0.5033
RCL-20260930T14003535364,RCL,2026-09-30,2026-09-30T10:19:24.633808-04:00,268.5,0.4884
TEM-20260930T14120432540,TEM,2026-09-30,2026-09-30T10:19:24.633808-04:00,83.97,-0.5095
BRKR-20260930T14140073384,BRKR,2026-09-30,2026-09-30T10:19:24.633808-04:00,65.0038,-0.3468
HPE-20260930T14150435876,HPE,2026-09-30,2026-09-30T10:19:24.633808-04:00,64.53,0.6853
MXL-20260930T14151487113,MXL,2026-09-30,2026-09-30T10:19:24.633808-04:00,90.2856,-0.1265
VIAV-20260930T14153599561,VIAV,2026-09-30,2026-09-30T10:19:24.633808-04:00,40.405,-0.1359
SMTC-20260930T14160757579,SMTC,2026-09-30,2026-09-30T10:19:24.633808-04:00,177.755,-0.1433
RCL-20260930T14003535364,RCL,2026-09-30,2026-09-30T10:19:34.937778-04:00,268.6,0.5258
TEM-20260930T14120432540,TEM,2026-09-30,2026-09-30T10:19:34.937778-04:00,84.1256,-0.3251
BRKR-20260930T14140073384,BRKR,2026-09-30,2026-09-30T10:19:34.937778-04:00,64.94,-0.4446
HPE-20260930T14150435876,HPE,2026-09-30,2026-09-30T10:19:34.937778-04:00,64.585,0.7711
MXL-20260930T14151487113,MXL,2026-09-30,2026-09-30T10:19:34.937778-04:00,90.185,-0.2378
VIAV-20260930T14153599561,VIAV,2026-09-30,2026-09-30T10:19:34.937778-04:00,40.3913,-0.1698
SMTC-20260930T14160757579,SMTC,2026-09-30,2026-09-30T10:19:34.937778-04:00,177.75,-0.1461
RCL-20260930T14003535364,RCL,2026-09-30,2026-09-30T10:19:45.224353-04:00,268.495,0.4865
TEM-20260930T14120432540,TEM,2026-09-30,2026-09-30T10:19:45.224353-04:00,83.92,-0.5687
BRKR-20260930T14140073384,BRKR,2026-09-30,2026-09-30T10:19:45.224353-04:00,64.95,-0.4293
HPE-20260930T14150435876,HPE,2026-09-30,2026-09-30T10:19:45.224353-04:00,64.58,0.7633
MXL-20260930T14151487113,MXL,2026-09-30,2026-09-30T10:19:45.224353-04:00,90.21,-0.2102
VIAV-20260930T14153599561,VIAV,2026-09-30,2026-09-30T10:19:45.224353-04:00,40.3765,-0.2064
SMTC-20260930T14160757579,SMTC,2026-09-30,2026-09-30T10:19:45.224353-04:00,176.1904,-1.0222
RCL-20260930T14003535364,RCL,2026-09-30,2026-09-30T10:19:55.509100-04:00,268.4312,0.4627
TEM-20260930T14120432540,TEM,2026-09-30,2026-09-30T10:19:55.509100-04:00,84.1669,-0.2762
BRKR-20260930T14140073384,BRKR,2026-09-30,2026-09-30T10:19:55.509100-04:00,64.9545,-0.4224
HPE-20260930T14150435876,HPE,2026-09-30,2026-09-30T10:19:55.509100-04:00,64.565,0.7399
MXL-20260930T14151487113,MXL,2026-09-30,2026-09-30T10:19:55.509100-04:00,90.215,-0.2046
VIAV-20260930T14153599561,VIAV,2026-09-30,2026-09-30T10:19:55.509100-04:00,40.3764,-0.2066
SMTC-20260930T14160757579,SMTC,2026-09-30,2026-09-30T10:19:55.509100-04:00,177.9199,-0.0506
RCL-20260930T14003535364,RCL,2026-09-30,2026-09-30T10:20:05.915545-04:00,268.545,0.5052
TEM-20260930T14120432540,TEM,2026-09-30,2026-09-30T10:20:05.915545-04:00,84.17,-0.2725
BRKR-20260930T14140073384,BRKR,2026-09-30,2026-09-30T10:20:05.915545-04:00,65.0049,-0.3451
HPE-20260930T14150435876,HPE,2026-09-30,2026-09-30T10:20:05.915545-04:00,64.5959,0.7881
MXL-20260930T14151487113,MXL,2026-09-30,2026-09-30T10:20:05.915545-04:00,90.21,-0.2102
VIAV-20260930T14153599561,VIAV,2026-09-30,2026-09-30T10:20:05.915545-04:00,40.475,0.0371
SMTC-20260930T14160757579,SMTC,2026-09-30,2026-09-30T10:20:05.915545-04:00,177.5,-0.2865
RCL-20260930T14003535364,RCL,2026-09-30,2026-09-30T10:20:16.616977-04:00,268.6252,0.5353
TEM-20260930T14120432540,TEM,2026-09-30,2026-09-30T10:20:16.616977-04:00,84.195,-0.2429
BRKR-20260930T14140073384,BRKR,2026-09-30,2026-09-30T10:20:16.616977-04:00,65.002,-0.3495
HPE-20260930T14150435876,HPE,2026-09-30,2026-09-30T10:20:16.616977-04:00,64.4404,0.5455
MXL-20260930T14151487113,MXL,2026-09-30,2026-09-30T10:20:16.616977-04:00,90.39,-0.0111
VIAV-20260930T14153599561,VIAV,2026-09-30,2026-09-30T10:20:16.616977-04:00,40.455,-0.0124
SMTC-20260930T14160757579,SMTC,2026-09-30,2026-09-30T10:20:16.616977-04:00,177.3442,-0.374
RCL-20260930T14003535364,RCL,2026-09-30,2026-09-30T10:20:26.913688-04:00,268.465,0.4753
TEM-20260930T14120432540,TEM,2026-09-30,2026-09-30T10:20:26.913688-04:00,84.0478,-0.4173
BRKR-20260930T14140073384,BRKR,2026-09-30,2026-09-30T10:20:26.913688-04:00,65.045,-0.2836
HPE-20260930T14150435876,HPE,2026-09-30,2026-09-30T10:20:26.913688-04:00,64.535,0.6931
MXL-20260930T14151487113,MXL,2026-09-30,2026-09-30T10:20:26.913688-04:00,90.26,-0.1549
VIAV-20260930T14153599561,VIAV,2026-09-30,2026-09-30T10:20:26.913688-04:00,40.46,0.0
SMTC-20260930T14160757579,SMTC,2026-09-30,2026-09-30T10:20:26.913688-04:00,177.374,-0.3573
TWST-20260930T14200661623,TWST,2026-09-30,2026-09-30T10:20:26.913688-04:00,190.4137,-0.082
RCL-20260930T14003535364,RCL,2026-09-30,2026-09-30T10:20:37.269196-04:00,268.5,0.4884
TEM-20260930T14120432540,TEM,2026-09-30,2026-09-30T10:20:37.269196-04:00,84.2187,-0.2148
BRKR-20260930T14140073384,BRKR,2026-09-30,2026-09-30T10:20:37.269196-04:00,64.9861,-0.3739
HPE-20260930T14150435876,HPE,2026-09-30,2026-09-30T10:20:37.269196-04:00,64.525,0.6775
MXL-20260930T14151487113,MXL,2026-09-30,2026-09-30T10:20:37.269196-04:00,90.2558,-0.1595
VIAV-20260930T14153599561,VIAV,2026-09-30,2026-09-30T10:20:37.269196-04:00,40.505,0.1112
SMTC-20260930T14160757579,SMTC,2026-09-30,2026-09-30T10:20:37.269196-04:00,177.94,-0.0393
TWST-20260930T14200661623,TWST,2026-09-30,2026-09-30T10:20:37.269196-04:00,190.985,0.2178
RCL-20260930T14003535364,RCL,2026-09-30,2026-09-30T10:20:47.638706-04:00,268.6069,0.5284
TEM-20260930T14120432540,TEM,2026-09-30,2026-09-30T10:20:47.638706-04:00,84.1467,-0.3001
BRKR-20260930T14140073384,BRKR,2026-09-30,2026-09-30T10:20:47.638706-04:00,64.9853,-0.3751
HPE-20260930T14150435876,HPE,2026-09-30,2026-09-30T10:20:47.638706-04:00,64.52,0.6697
MXL-20260930T14151487113,MXL,2026-09-30,2026-09-30T10:20:47.638706-04:00,90.6121,0.2346
VIAV-20260930T14153599561,VIAV,2026-09-30,2026-09-30T10:20:47.638706-04:00,40.3989,-0.151
SMTC-20260930T14160757579,SMTC,2026-09-30,2026-09-30T10:20:47.638706-04:00,177.825,-0.1039
TWST-20260930T14200661623,TWST,2026-09-30,2026-09-30T10:20:47.638706-04:00,190.84,0.1417
RCL-20260930T14003535364,RCL,2026-09-30,2026-09-30T10:20:57.939688-04:00,268.09,0.335
TEM-20260930T14120432540,TEM,2026-09-30,2026-09-30T10:20:57.939688-04:00,84.17,-0.2725
BRKR-20260930T14140073384,BRKR,2026-09-30,2026-09-30T10:20:57.939688-04:00,64.9853,-0.3751
HPE-20260930T14150435876,HPE,2026-09-30,2026-09-30T10:20:57.939688-04:00,64.5193,0.6686
MXL-20260930T14151487113,MXL,2026-09-30,2026-09-30T10:20:57.939688-04:00,90.395,-0.0055
VIAV-20260930T14153599561,VIAV,2026-09-30,2026-09-30T10:20:57.939688-04:00,40.575,0.2842
SMTC-20260930T14160757579,SMTC,2026-09-30,2026-09-30T10:20:57.939688-04:00,177.6482,-0.2032
TWST-20260930T14200661623,TWST,2026-09-30,2026-09-30T10:20:57.939688-04:00,191.07,0.2624
RCL-20260930T14003535364,RCL,2026-09-30,2026-09-30T10:21:08.420348-04:00,268.37,0.4398
TEM-20260930T14120432540,TEM,2026-09-30,2026-09-30T10:21:08.420348-04:00,84.09,-0.3673
BRKR-20260930T14140073384,BRKR,2026-09-30,2026-09-30T10:21:08.420348-04:00,64.9852,-0.3753
HPE-20260930T14150435876,HPE,2026-09-30,2026-09-30T10:21:08.420348-04:00,64.5212,0.6716
MXL-20260930T14151487113,MXL,2026-09-30,2026-09-30T10:21:08.420348-04:00,90.39,-0.0111
VIAV-20260930T14153599561,VIAV,2026-09-30,2026-09-30T10:21:08.420348-04:00,40.49,0.0741
SMTC-20260930T14160757579,SMTC,2026-09-30,2026-09-30T10:21:08.420348-04:00,177.628,-0.2146
TWST-20260930T14200661623,TWST,2026-09-30,2026-09-30T10:21:08.420348-04:00,191.05,0.2519
RCL-20260930T14003535364,RCL,2026-09-30,2026-09-30T10:21:18.783850-04:00,268.3,0.4136
TEM-20260930T14120432540,TEM,2026-09-30,2026-09-30T10:21:18.783850-04:00,84.125,-0.3258
BRKR-20260930T14140073384,BRKR,2026-09-30,2026-09-30T10:21:18.783850-04:00,65.15,-0.1226
HPE-20260930T14150435876,HPE,2026-09-30,2026-09-30T10:21:18.783850-04:00,64.445,0.5527
MXL-20260930T14151487113,MXL,2026-09-30,2026-09-30T10:21:18.783850-04:00,90.4128,0.0142
VIAV-20260930T14153599561,VIAV,2026-09-30,2026-09-30T10:21:18.783850-04:00,40.445,-0.0371
SMTC-20260930T14160757579,SMTC,2026-09-30,2026-09-30T10:21:18.783850-04:00,177.5,-0.2865
TWST-20260930T14200661623,TWST,2026-09-30,2026-09-30T10:21:18.783850-04:00,191.0577,0.2559
RCL-20260930T14003535364,RCL,2026-09-30,2026-09-30T10:21:29.152169-04:00,268.34,0.4285
TEM-20260930T14120432540,TEM,2026-09-30,2026-09-30T10:21:29.152169-04:00,84.07,-0.391
BRKR-20260930T14140073384,BRKR,2026-09-30,2026-09-30T10:21:29.152169-04:00,65.155,-0.115
HPE-20260930T14150435876,HPE,2026-09-30,2026-09-30T10:21:29.152169-04:00,64.47,0.5917
MXL-20260930T14151487113,MXL,2026-09-30,2026-09-30T10:21:29.152169-04:00,90.15,-0.2765
VIAV-20260930T14153599561,VIAV,2026-09-30,2026-09-30T10:21:29.152169-04:00,40.445,-0.0371
SMTC-20260930T14160757579,SMTC,2026-09-30,2026-09-30T10:21:29.152169-04:00,177.3943,-0.3459
TWST-20260930T14200661623,TWST,2026-09-30,2026-09-30T10:21:29.152169-04:00,190.93,0.1889
RCL-20260930T14003535364,RCL,2026-09-30,2026-09-30T10:21:39.523561-04:00,268.01,0.305
TEM-20260930T14120432540,TEM,2026-09-30,2026-09-30T10:21:39.523561-04:00,83.9976,-0.4768
BRKR-20260930T14140073384,BRKR,2026-09-30,2026-09-30T10:21:39.523561-04:00,65.0059,-0.3436
HPE-20260930T14150435876,HPE,2026-09-30,2026-09-30T10:21:39.523561-04:00,64.5,0.6385
MXL-20260930T14151487113,MXL,2026-09-30,2026-09-30T10:21:39.523561-04:00,90.02,-0.4204
VIAV-20260930T14153599561,VIAV,2026-09-30,2026-09-30T10:21:39.523561-04:00,40.445,-0.0371
SMTC-20260930T14160757579,SMTC,2026-09-30,2026-09-30T10:21:39.523561-04:00,177.5475,-0.2598
TWST-20260930T14200661623,TWST,2026-09-30,2026-09-30T10:21:39.523561-04:00,190.7,0.0682
MRNA-20260930T14211914636,MRNA,2026-09-30,2026-09-30T10:21:39.523561-04:00,189.9943,-0.2201
RCL-20260930T14003535364,RCL,2026-09-30,2026-09-30T10:21:49.808589-04:00,267.48,0.1067
TEM-20260930T14120432540,TEM,2026-09-30,2026-09-30T10:21:49.808589-04:00,84.065,-0.3969
BRKR-20260930T14140073384,BRKR,2026-09-30,2026-09-30T10:21:49.808589-04:00,65.0072,-0.3416
HPE-20260930T14150435876,HPE,2026-09-30,2026-09-30T10:21:49.808589-04:00,64.555,0.7243
MXL-20260930T14151487113,MXL,2026-09-30,2026-09-30T10:21:49.808589-04:00,90.3,-0.1106
VIAV-20260930T14153599561,VIAV,2026-09-30,2026-09-30T10:21:49.808589-04:00,40.4875,0.068
SMTC-20260930T14160757579,SMTC,2026-09-30,2026-09-30T10:21:49.808589-04:00,177.88,-0.073
TWST-20260930T14200661623,TWST,2026-09-30,2026-09-30T10:21:49.808589-04:00,190.69,0.063
MRNA-20260930T14211914636,MRNA,2026-09-30,2026-09-30T10:21:49.808589-04:00,189.7002,-0.3745
RCL-20260930T14003535364,RCL,2026-09-30,2026-09-30T10:22:00.168504-04:00,268.229,0.387
TEM-20260930T14120432540,TEM,2026-09-30,2026-09-30T10:22:00.168504-04:00,84.04,-0.4265
BRKR-20260930T14140073384,BRKR,2026-09-30,2026-09-30T10:22:00.168504-04:00,65.16,-0.1073
HPE-20260930T14150435876,HPE,2026-09-30,2026-09-30T10:22:00.168504-04:00,64.5361,0.6948
MXL-20260930T14151487113,MXL,2026-09-30,2026-09-30T10:22:00.168504-04:00,90.33,-0.0774
VIAV-20260930T14153599561,VIAV,2026-09-30,2026-09-30T10:22:00.168504-04:00,40.47,0.0247
SMTC-20260930T14160757579,SMTC,2026-09-30,2026-09-30T10:22:00.168504-04:00,177.5618,-0.2518
TWST-20260930T14200661623,TWST,2026-09-30,2026-09-30T10:22:00.168504-04:00,190.52,-0.0262
MRNA-20260930T14211914636,MRNA,2026-09-30,2026-09-30T10:22:00.168504-04:00,190.015,-0.2092
BRKR-20260930T14140073384,BRKR,2026-09-30,2026-09-30T10:22:11.139055-04:00,65.16,-0.1073
HPE-20260930T14150435876,HPE,2026-09-30,2026-09-30T10:22:11.139055-04:00,64.51,0.6541
MXL-20260930T14151487113,MXL,2026-09-30,2026-09-30T10:22:11.139055-04:00,90.209,-0.2113
VIAV-20260930T14153599561,VIAV,2026-09-30,2026-09-30T10:22:11.139055-04:00,40.4151,-0.111
SMTC-20260930T14160757579,SMTC,2026-09-30,2026-09-30T10:22:11.139055-04:00,177.55,-0.2584
MRNA-20260930T14211914636,MRNA,2026-09-30,2026-09-30T10:22:11.139055-04:00,190.055,-0.1882
BRKR-20260930T14140073384,BRKR,2026-09-30,2026-09-30T10:22:21.529377-04:00,65.16,-0.1073
HPE-20260930T14150435876,HPE,2026-09-30,2026-09-30T10:22:21.529377-04:00,64.4788,0.6054
MXL-20260930T14151487113,MXL,2026-09-30,2026-09-30T10:22:21.529377-04:00,90.2,-0.2212
VIAV-20260930T14153599561,VIAV,2026-09-30,2026-09-30T10:22:21.529377-04:00,40.4484,-0.0287
SMTC-20260930T14160757579,SMTC,2026-09-30,2026-09-30T10:22:21.529377-04:00,177.5547,-0.2558
MRNA-20260930T14211914636,MRNA,2026-09-30,2026-09-30T10:22:21.529377-04:00,190.0,-0.2171
BRKR-20260930T14140073384,BRKR,2026-09-30,2026-09-30T10:22:31.825675-04:00,65.1707,-0.0909
HPE-20260930T14150435876,HPE,2026-09-30,2026-09-30T10:22:31.825675-04:00,64.53,0.6853
MXL-20260930T14151487113,MXL,2026-09-30,2026-09-30T10:22:31.825675-04:00,90.3467,-0.059
VIAV-20260930T14153599561,VIAV,2026-09-30,2026-09-30T10:22:31.825675-04:00,40.4379,-0.0546
SMTC-20260930T14160757579,SMTC,2026-09-30,2026-09-30T10:22:31.825675-04:00,177.2252,-0.4409
MRNA-20260930T14211914636,MRNA,2026-09-30,2026-09-30T10:22:31.825675-04:00,190.29,-0.0648
DDOG-20260930T14221151966,DDOG,2026-09-30,2026-09-30T10:22:31.825675-04:00,271.995,-0.1047
BRKR-20260930T14140073384,BRKR,2026-09-30,2026-09-30T10:22:42.158521-04:00,65.0317,-0.304
HPE-20260930T14150435876,HPE,2026-09-30,2026-09-30T10:22:42.158521-04:00,64.298,0.3233
MXL-20260930T14151487113,MXL,2026-09-30,2026-09-30T10:22:42.158521-04:00,90.15,-0.2765
VIAV-20260930T14153599561,VIAV,2026-09-30,2026-09-30T10:22:42.158521-04:00,40.4467,-0.0329
SMTC-20260930T14160757579,SMTC,2026-09-30,2026-09-30T10:22:42.158521-04:00,177.0,-0.5674
MRNA-20260930T14211914636,MRNA,2026-09-30,2026-09-30T10:22:42.158521-04:00,190.47,0.0298
DDOG-20260930T14221151966,DDOG,2026-09-30,2026-09-30T10:22:42.158521-04:00,271.96,-0.1175
BRKR-20260930T14140073384,BRKR,2026-09-30,2026-09-30T10:22:52.581985-04:00,65.1494,-0.1236
HPE-20260930T14150435876,HPE,2026-09-30,2026-09-30T10:22:52.581985-04:00,64.4952,0.631
MXL-20260930T14151487113,MXL,2026-09-30,2026-09-30T10:22:52.581985-04:00,90.0484,-0.3889
VIAV-20260930T14153599561,VIAV,2026-09-30,2026-09-30T10:22:52.581985-04:00,40.39,-0.173
SMTC-20260930T14160757579,SMTC,2026-09-30,2026-09-30T10:22:52.581985-04:00,176.91,-0.6179
MRNA-20260930T14211914636,MRNA,2026-09-30,2026-09-30T10:22:52.581985-04:00,190.1806,-0.1222
DDOG-20260930T14221151966,DDOG,2026-09-30,2026-09-30T10:22:52.581985-04:00,272.055,-0.0826
BRKR-20260930T14140073384,BRKR,2026-09-30,2026-09-30T10:23:02.910965-04:00,65.1115,-0.1817
HPE-20260930T14150435876,HPE,2026-09-30,2026-09-30T10:23:02.910965-04:00,64.59,0.7789
MXL-20260930T14151487113,MXL,2026-09-30,2026-09-30T10:23:02.910965-04:00,90.29,-0.1217
VIAV-20260930T14153599561,VIAV,2026-09-30,2026-09-30T10:23:02.910965-04:00,40.4,-0.1483
SMTC-20260930T14160757579,SMTC,2026-09-30,2026-09-30T10:23:02.910965-04:00,176.91,-0.6179
MRNA-20260930T14211914636,MRNA,2026-09-30,2026-09-30T10:23:02.910965-04:00,190.5,0.0455
DDOG-20260930T14221151966,DDOG,2026-09-30,2026-09-30T10:23:02.910965-04:00,272.25,-0.011
BRKR-20260930T14140073384,BRKR,2026-09-30,2026-09-30T10:23:13.316189-04:00,65.16,-0.1073
HPE-20260930T14150435876,HPE,2026-09-30,2026-09-30T10:23:13.316189-04:00,64.5207,0.6708
MXL-20260930T14151487113,MXL,2026-09-30,2026-09-30T10:23:13.316189-04:00,90.0,-0.4425
VIAV-20260930T14153599561,VIAV,2026-09-30,2026-09-30T10:23:13.316189-04:00,40.365,-0.2348
SMTC-20260930T14160757579,SMTC,2026-09-30,2026-09-30T10:23:13.316189-04:00,177.37,-0.3595
MRNA-20260930T14211914636,MRNA,2026-09-30,2026-09-30T10:23:13.316189-04:00,190.295,-0.0621
DDOG-20260930T14221151966,DDOG,2026-09-30,2026-09-30T10:23:13.316189-04:00,272.48,0.0735
BRKR-20260930T14140073384,BRKR,2026-09-30,2026-09-30T10:23:23.704653-04:00,65.16,-0.1073
HPE-20260930T14150435876,HPE,2026-09-30,2026-09-30T10:23:23.704653-04:00,64.58,0.7633
MXL-20260930T14151487113,MXL,2026-09-30,2026-09-30T10:23:23.704653-04:00,90.2735,-0.1399
VIAV-20260930T14153599561,VIAV,2026-09-30,2026-09-30T10:23:23.704653-04:00,40.42,-0.0989
SMTC-20260930T14160757579,SMTC,2026-09-30,2026-09-30T10:23:23.704653-04:00,177.048,-0.5404
MRNA-20260930T14211914636,MRNA,2026-09-30,2026-09-30T10:23:23.704653-04:00,190.3304,-0.0436
DDOG-20260930T14221151966,DDOG,2026-09-30,2026-09-30T10:23:23.704653-04:00,272.3322,0.0192
BRKR-20260930T14140073384,BRKR,2026-09-30,2026-09-30T10:23:33.993127-04:00,65.0983,-0.2019
HPE-20260930T14150435876,HPE,2026-09-30,2026-09-30T10:23:33.993127-04:00,64.5355,0.6939
MXL-20260930T14151487113,MXL,2026-09-30,2026-09-30T10:23:33.993127-04:00,90.39,-0.0111
VIAV-20260930T14153599561,VIAV,2026-09-30,2026-09-30T10:23:33.993127-04:00,40.4675,0.0185
SMTC-20260930T14160757579,SMTC,2026-09-30,2026-09-30T10:23:33.993127-04:00,177.2081,-0.4505
MRNA-20260930T14211914636,MRNA,2026-09-30,2026-09-30T10:23:33.993127-04:00,190.2704,-0.0751
DDOG-20260930T14221151966,DDOG,2026-09-30,2026-09-30T10:23:33.993127-04:00,272.4433,0.06
BRKR-20260930T14140073384,BRKR,2026-09-30,2026-09-30T10:23:44.450343-04:00,65.16,-0.1073
HPE-20260930T14150435876,HPE,2026-09-30,2026-09-30T10:23:44.450343-04:00,64.505,0.6463
MXL-20260930T14151487113,MXL,2026-09-30,2026-09-30T10:23:44.450343-04:00,90.39,-0.0111
VIAV-20260930T14153599561,VIAV,2026-09-30,2026-09-30T10:23:44.450343-04:00,40.445,-0.0371
SMTC-20260930T14160757579,SMTC,2026-09-30,2026-09-30T10:23:44.450343-04:00,177.52,-0.2753
MRNA-20260930T14211914636,MRNA,2026-09-30,2026-09-30T10:23:44.450343-04:00,190.3,-0.0595
DDOG-20260930T14221151966,DDOG,2026-09-30,2026-09-30T10:23:44.450343-04:00,272.285,0.0018
BRKR-20260930T14140073384,BRKR,2026-09-30,2026-09-30T10:23:54.735068-04:00,65.24,0.0153
HPE-20260930T14150435876,HPE,2026-09-30,2026-09-30T10:23:54.735068-04:00,64.5289,0.6836
MXL-20260930T14151487113,MXL,2026-09-30,2026-09-30T10:23:54.735068-04:00,90.25,-0.1659
VIAV-20260930T14153599561,VIAV,2026-09-30,2026-09-30T10:23:54.735068-04:00,40.4012,-0.1453
SMTC-20260930T14160757579,SMTC,2026-09-30,2026-09-30T10:23:54.735068-04:00,177.3529,-0.3691
MRNA-20260930T14211914636,MRNA,2026-09-30,2026-09-30T10:23:54.735068-04:00,190.265,-0.0779
DDOG-20260930T14221151966,DDOG,2026-09-30,2026-09-30T10:23:54.735068-04:00,272.1556,-0.0457
BRKR-20260930T14140073384,BRKR,2026-09-30,2026-09-30T10:24:05.054565-04:00,65.185,-0.069
HPE-20260930T14150435876,HPE,2026-09-30,2026-09-30T10:24:05.054565-04:00,64.5369,0.6961
MXL-20260930T14151487113,MXL,2026-09-30,2026-09-30T10:24:05.054565-04:00,90.265,-0.1493
VIAV-20260930T14153599561,VIAV,2026-09-30,2026-09-30T10:24:05.054565-04:00,40.4895,0.0729
SMTC-20260930T14160757579,SMTC,2026-09-30,2026-09-30T10:24:05.054565-04:00,177.8,-0.118
MRNA-20260930T14211914636,MRNA,2026-09-30,2026-09-30T10:24:05.054565-04:00,190.251,-0.0853
DDOG-20260930T14221151966,DDOG,2026-09-30,2026-09-30T10:24:05.054565-04:00,272.0087,-0.0996
BRKR-20260930T14140073384,BRKR,2026-09-30,2026-09-30T10:24:15.451905-04:00,65.1889,-0.063
HPE-20260930T14150435876,HPE,2026-09-30,2026-09-30T10:24:15.451905-04:00,64.435,0.5371
MXL-20260930T14151487113,MXL,2026-09-30,2026-09-30T10:24:15.451905-04:00,90.37,-0.0332
VIAV-20260930T14153599561,VIAV,2026-09-30,2026-09-30T10:24:15.451905-04:00,40.45,-0.0247
SMTC-20260930T14160757579,SMTC,2026-09-30,2026-09-30T10:24:15.451905-04:00,177.52,-0.2753
MRNA-20260930T14211914636,MRNA,2026-09-30,2026-09-30T10:24:15.451905-04:00,190.27,-0.0753
DDOG-20260930T14221151966,DDOG,2026-09-30,2026-09-30T10:24:15.451905-04:00,271.605,-0.2479
BRKR-20260930T14140073384,BRKR,2026-09-30,2026-09-30T10:24:25.924311-04:00,65.1324,-0.1496
HPE-20260930T14150435876,HPE,2026-09-30,2026-09-30T10:24:25.924311-04:00,64.55,0.7165
VIAV-20260930T14153599561,VIAV,2026-09-30,2026-09-30T10:24:25.924311-04:00,40.4222,-0.0934
SMTC-20260930T14160757579,SMTC,2026-09-30,2026-09-30T10:24:25.924311-04:00,177.369,-0.3601
MRNA-20260930T14211914636,MRNA,2026-09-30,2026-09-30T10:24:25.924311-04:00,190.02,-0.2066
DDOG-20260930T14221151966,DDOG,2026-09-30,2026-09-30T10:24:25.924311-04:00,271.8,-0.1763
BRKR-20260930T14140073384,BRKR,2026-09-30,2026-09-30T10:24:36.261135-04:00,65.1349,-0.1458
HPE-20260930T14150435876,HPE,2026-09-30,2026-09-30T10:24:36.261135-04:00,64.543,0.7056
VIAV-20260930T14153599561,VIAV,2026-09-30,2026-09-30T10:24:36.261135-04:00,40.4773,0.0428
SMTC-20260930T14160757579,SMTC,2026-09-30,2026-09-30T10:24:36.261135-04:00,177.53,-0.2696
MRNA-20260930T14211914636,MRNA,2026-09-30,2026-09-30T10:24:36.261135-04:00,190.04,-0.1961
DDOG-20260930T14221151966,DDOG,2026-09-30,2026-09-30T10:24:36.261135-04:00,271.82,-0.1689
BRKR-20260930T14140073384,BRKR,2026-09-30,2026-09-30T10:24:46.590848-04:00,65.205,-0.0383
HPE-20260930T14150435876,HPE,2026-09-30,2026-09-30T10:24:46.590848-04:00,64.51,0.6541
VIAV-20260930T14153599561,VIAV,2026-09-30,2026-09-30T10:24:46.590848-04:00,40.4552,-0.0119
SMTC-20260930T14160757579,SMTC,2026-09-30,2026-09-30T10:24:46.590848-04:00,177.525,-0.2725
MRNA-20260930T14211914636,MRNA,2026-09-30,2026-09-30T10:24:46.590848-04:00,190.2342,-0.0941
DDOG-20260930T14221151966,DDOG,2026-09-30,2026-09-30T10:24:46.590848-04:00,271.9338,-0.1271
BRKR-20260930T14140073384,BRKR,2026-09-30,2026-09-30T10:24:57.084130-04:00,65.24,0.0153
HPE-20260930T14150435876,HPE,2026-09-30,2026-09-30T10:24:57.084130-04:00,64.51,0.6541
VIAV-20260930T14153599561,VIAV,2026-09-30,2026-09-30T10:24:57.084130-04:00,40.4512,-0.0217
SMTC-20260930T14160757579,SMTC,2026-09-30,2026-09-30T10:24:57.084130-04:00,177.59,-0.2359
MRNA-20260930T14211914636,MRNA,2026-09-30,2026-09-30T10:24:57.084130-04:00,190.1074,-0.1607
DDOG-20260930T14221151966,DDOG,2026-09-30,2026-09-30T10:24:57.084130-04:00,271.715,-0.2075
BRKR-20260930T14140073384,BRKR,2026-09-30,2026-09-30T10:25:07.432496-04:00,65.158,-0.1104
HPE-20260930T14150435876,HPE,2026-09-30,2026-09-30T10:25:07.432496-04:00,64.555,0.7243
VIAV-20260930T14153599561,VIAV,2026-09-30,2026-09-30T10:25:07.432496-04:00,40.43,-0.0741
SMTC-20260930T14160757579,SMTC,2026-09-30,2026-09-30T10:25:07.432496-04:00,177.51,-0.2809
MRNA-20260930T14211914636,MRNA,2026-09-30,2026-09-30T10:25:07.432496-04:00,189.95,-0.2433
DDOG-20260930T14221151966,DDOG,2026-09-30,2026-09-30T10:25:07.432496-04:00,271.39,-0.3269
RVMD-20260930T14244708339,RVMD,2026-09-30,2026-09-30T10:25:07.432496-04:00,206.385,-0.1524
BRKR-20260930T14140073384,BRKR,2026-09-30,2026-09-30T10:25:17.881173-04:00,65.205,-0.0383
HPE-20260930T14150435876,HPE,2026-09-30,2026-09-30T10:25:17.881173-04:00,64.5752,0.7559
VIAV-20260930T14153599561,VIAV,2026-09-30,2026-09-30T10:25:17.881173-04:00,40.4447,-0.0378
SMTC-20260930T14160757579,SMTC,2026-09-30,2026-09-30T10:25:17.881173-04:00,177.5,-0.2865
MRNA-20260930T14211914636,MRNA,2026-09-30,2026-09-30T10:25:17.881173-04:00,189.98,-0.2276
DDOG-20260930T14221151966,DDOG,2026-09-30,2026-09-30T10:25:17.881173-04:00,271.9999,-0.1029
RVMD-20260930T14244708339,RVMD,2026-09-30,2026-09-30T10:25:17.881173-04:00,206.2728,-0.2067
BRKR-20260930T14140073384,BRKR,2026-09-30,2026-09-30T10:25:28.408691-04:00,65.195,-0.0537
HPE-20260930T14150435876,HPE,2026-09-30,2026-09-30T10:25:28.408691-04:00,64.63,0.8414
VIAV-20260930T14153599561,VIAV,2026-09-30,2026-09-30T10:25:28.408691-04:00,40.44,-0.0494
SMTC-20260930T14160757579,SMTC,2026-09-30,2026-09-30T10:25:28.408691-04:00,177.47,-0.3034
MRNA-20260930T14211914636,MRNA,2026-09-30,2026-09-30T10:25:28.408691-04:00,190.2575,-0.0818
DDOG-20260930T14221151966,DDOG,2026-09-30,2026-09-30T10:25:28.408691-04:00,272.0683,-0.0778
RVMD-20260930T14244708339,RVMD,2026-09-30,2026-09-30T10:25:28.408691-04:00,206.15,-0.2661
BRKR-20260930T14140073384,BRKR,2026-09-30,2026-09-30T10:25:38.825272-04:00,65.26,0.046
HPE-20260930T14150435876,HPE,2026-09-30,2026-09-30T10:25:38.825272-04:00,64.61,0.8101
VIAV-20260930T14153599561,VIAV,2026-09-30,2026-09-30T10:25:38.825272-04:00,40.41,-0.1236
SMTC-20260930T14160757579,SMTC,2026-09-30,2026-09-30T10:25:38.825272-04:00,177.415,-0.3343
MRNA-20260930T14211914636,MRNA,2026-09-30,2026-09-30T10:25:38.825272-04:00,190.21,-0.1068
DDOG-20260930T14221151966,DDOG,2026-09-30,2026-09-30T10:25:38.825272-04:00,271.78,-0.1836
RVMD-20260930T14244708339,RVMD,2026-09-30,2026-09-30T10:25:38.825272-04:00,206.375,-0.1572
BRKR-20260930T14140073384,BRKR,2026-09-30,2026-09-30T10:25:49.254568-04:00,65.3,0.1073
HPE-20260930T14150435876,HPE,2026-09-30,2026-09-30T10:25:49.254568-04:00,64.5761,0.7573
VIAV-20260930T14153599561,VIAV,2026-09-30,2026-09-30T10:25:49.254568-04:00,40.405,-0.1359
SMTC-20260930T14160757579,SMTC,2026-09-30,2026-09-30T10:25:49.254568-04:00,177.505,-0.2837
MRNA-20260930T14211914636,MRNA,2026-09-30,2026-09-30T10:25:49.254568-04:00,190.185,-0.1199
DDOG-20260930T14221151966,DDOG,2026-09-30,2026-09-30T10:25:49.254568-04:00,271.815,-0.1708
RVMD-20260930T14244708339,RVMD,2026-09-30,2026-09-30T10:25:49.254568-04:00,206.17,-0.2564
BRKR-20260930T14140073384,BRKR,2026-09-30,2026-09-30T10:25:59.593998-04:00,65.29,0.092
HPE-20260930T14150435876,HPE,2026-09-30,2026-09-30T10:25:59.593998-04:00,64.658,0.885
VIAV-20260930T14153599561,VIAV,2026-09-30,2026-09-30T10:25:59.593998-04:00,40.44,-0.0494
SMTC-20260930T14160757579,SMTC,2026-09-30,2026-09-30T10:25:59.593998-04:00,177.2295,-0.4385
MRNA-20260930T14211914636,MRNA,2026-09-30,2026-09-30T10:25:59.593998-04:00,190.3,-0.0595
DDOG-20260930T14221151966,DDOG,2026-09-30,2026-09-30T10:25:59.593998-04:00,271.825,-0.1671
RVMD-20260930T14244708339,RVMD,2026-09-30,2026-09-30T10:25:59.593998-04:00,206.3862,-0.1518
BRKR-20260930T14140073384,BRKR,2026-09-30,2026-09-30T10:26:09.951756-04:00,65.31,0.1226
HPE-20260930T14150435876,HPE,2026-09-30,2026-09-30T10:26:09.951756-04:00,64.8,1.1066
VIAV-20260930T14153599561,VIAV,2026-09-30,2026-09-30T10:26:09.951756-04:00,40.4231,-0.0912
SMTC-20260930T14160757579,SMTC,2026-09-30,2026-09-30T10:26:09.951756-04:00,177.525,-0.2725
MRNA-20260930T14211914636,MRNA,2026-09-30,2026-09-30T10:26:09.951756-04:00,190.37,-0.0228
DDOG-20260930T14221151966,DDOG,2026-09-30,2026-09-30T10:26:09.951756-04:00,271.61,-0.2461
RVMD-20260930T14244708339,RVMD,2026-09-30,2026-09-30T10:26:09.951756-04:00,206.385,-0.1524
BRKR-20260930T14140073384,BRKR,2026-09-30,2026-09-30T10:26:20.410931-04:00,65.0888,-0.2165
HPE-20260930T14150435876,HPE,2026-09-30,2026-09-30T10:26:20.410931-04:00,64.8124,1.126
VIAV-20260930T14153599561,VIAV,2026-09-30,2026-09-30T10:26:20.410931-04:00,40.4372,-0.0564
SMTC-20260930T14160757579,SMTC,2026-09-30,2026-09-30T10:26:20.410931-04:00,177.63,-0.2135
MRNA-20260930T14211914636,MRNA,2026-09-30,2026-09-30T10:26:20.410931-04:00,190.0931,-0.1682
DDOG-20260930T14221151966,DDOG,2026-09-30,2026-09-30T10:26:20.410931-04:00,272.1,-0.0661
RVMD-20260930T14244708339,RVMD,2026-09-30,2026-09-30T10:26:20.410931-04:00,206.3131,-0.1872
BRKR-20260930T14140073384,BRKR,2026-09-30,2026-09-30T10:26:30.880812-04:00,65.3,0.1073
HPE-20260930T14150435876,HPE,2026-09-30,2026-09-30T10:26:30.880812-04:00,64.88,1.2314
VIAV-20260930T14153599561,VIAV,2026-09-30,2026-09-30T10:26:30.880812-04:00,40.4165,-0.1075
SMTC-20260930T14160757579,SMTC,2026-09-30,2026-09-30T10:26:30.880812-04:00,177.38,-0.3539
MRNA-20260930T14211914636,MRNA,2026-09-30,2026-09-30T10:26:30.880812-04:00,189.52,-0.4692
DDOG-20260930T14221151966,DDOG,2026-09-30,2026-09-30T10:26:30.880812-04:00,272.1,-0.0661
RVMD-20260930T14244708339,RVMD,2026-09-30,2026-09-30T10:26:30.880812-04:00,206.4011,-0.1446
BE-20260930T14261040925,BE,2026-09-30,2026-09-30T10:26:30.880812-04:00,287.97,-0.1837
BRKR-20260930T14140073384,BRKR,2026-09-30,2026-09-30T10:26:41.234540-04:00,65.31,0.1226
HPE-20260930T14150435876,HPE,2026-09-30,2026-09-30T10:26:41.234540-04:00,64.93,1.3094
VIAV-20260930T14153599561,VIAV,2026-09-30,2026-09-30T10:26:41.234540-04:00,40.39,-0.173
SMTC-20260930T14160757579,SMTC,2026-09-30,2026-09-30T10:26:41.234540-04:00,177.2148,-0.4467
MRNA-20260930T14211914636,MRNA,2026-09-30,2026-09-30T10:26:41.234540-04:00,190.0225,-0.2053
DDOG-20260930T14221151966,DDOG,2026-09-30,2026-09-30T10:26:41.234540-04:00,272.22,-0.022
RVMD-20260930T14244708339,RVMD,2026-09-30,2026-09-30T10:26:41.234540-04:00,206.3193,-0.1842
BE-20260930T14261040925,BE,2026-09-30,2026-09-30T10:26:41.234540-04:00,287.49,-0.3501
BRKR-20260930T14140073384,BRKR,2026-09-30,2026-09-30T10:26:51.597161-04:00,65.23,0.0
HPE-20260930T14150435876,HPE,2026-09-30,2026-09-30T10:26:51.597161-04:00,64.654,0.8788
VIAV-20260930T14153599561,VIAV,2026-09-30,2026-09-30T10:26:51.597161-04:00,40.408,-0.1285
SMTC-20260930T14160757579,SMTC,2026-09-30,2026-09-30T10:26:51.597161-04:00,177.3436,-0.3744
MRNA-20260930T14211914636,MRNA,2026-09-30,2026-09-30T10:26:51.597161-04:00,188.84,-0.8263
DDOG-20260930T14221151966,DDOG,2026-09-30,2026-09-30T10:26:51.597161-04:00,271.8822,-0.1461
RVMD-20260930T14244708339,RVMD,2026-09-30,2026-09-30T10:26:51.597161-04:00,206.39,-0.15
BE-20260930T14261040925,BE,2026-09-30,2026-09-30T10:26:51.597161-04:00,287.4,-0.3813
BRKR-20260930T14140073384,BRKR,2026-09-30,2026-09-30T10:27:02.045092-04:00,65.23,0.0
HPE-20260930T14150435876,HPE,2026-09-30,2026-09-30T10:27:02.045092-04:00,64.725,0.9896
VIAV-20260930T14153599561,VIAV,2026-09-30,2026-09-30T10:27:02.045092-04:00,40.4195,-0.1001
SMTC-20260930T14160757579,SMTC,2026-09-30,2026-09-30T10:27:02.045092-04:00,177.2439,-0.4304
MRNA-20260930T14211914636,MRNA,2026-09-30,2026-09-30T10:27:02.045092-04:00,189.1306,-0.6737
DDOG-20260930T14221151966,DDOG,2026-09-30,2026-09-30T10:27:02.045092-04:00,272.115,-0.0606
RVMD-20260930T14244708339,RVMD,2026-09-30,2026-09-30T10:27:02.045092-04:00,206.32,-0.1838
BE-20260930T14261040925,BE,2026-09-30,2026-09-30T10:27:02.045092-04:00,287.18,-0.4575
BRKR-20260930T14140073384,BRKR,2026-09-30,2026-09-30T10:27:12.734762-04:00,65.2345,0.0069
HPE-20260930T14150435876,HPE,2026-09-30,2026-09-30T10:27:12.734762-04:00,64.68,0.9194
VIAV-20260930T14153599561,VIAV,2026-09-30,2026-09-30T10:27:12.734762-04:00,40.39,-0.173
MRNA-20260930T14211914636,MRNA,2026-09-30,2026-09-30T10:27:12.734762-04:00,188.66,-0.9208
DDOG-20260930T14221151966,DDOG,2026-09-30,2026-09-30T10:27:12.734762-04:00,272.115,-0.0606
RVMD-20260930T14244708339,RVMD,2026-09-30,2026-09-30T10:27:12.734762-04:00,206.34,-0.1742
BE-20260930T14261040925,BE,2026-09-30,2026-09-30T10:27:12.734762-04:00,287.1,-0.4853
BRKR-20260930T14140073384,BRKR,2026-09-30,2026-09-30T10:27:23.254838-04:00,65.2768,0.0717
HPE-20260930T14150435876,HPE,2026-09-30,2026-09-30T10:27:23.254838-04:00,64.6542,0.8791
VIAV-20260930T14153599561,VIAV,2026-09-30,2026-09-30T10:27:23.254838-04:00,40.39,-0.173
DDOG-20260930T14221151966,DDOG,2026-09-30,2026-09-30T10:27:23.254838-04:00,271.9035,-0.1383
RVMD-20260930T14244708339,RVMD,2026-09-30,2026-09-30T10:27:23.254838-04:00,206.42,-0.1355
BE-20260930T14261040925,BE,2026-09-30,2026-09-30T10:27:23.254838-04:00,286.94,-0.5407
BRKR-20260930T14140073384,BRKR,2026-09-30,2026-09-30T10:27:33.726464-04:00,65.2591,0.0446
HPE-20260930T14150435876,HPE,2026-09-30,2026-09-30T10:27:33.726464-04:00,64.67,0.9038
VIAV-20260930T14153599561,VIAV,2026-09-30,2026-09-30T10:27:33.726464-04:00,40.3835,-0.1891
DDOG-20260930T14221151966,DDOG,2026-09-30,2026-09-30T10:27:33.726464-04:00,272.605,0.1194
RVMD-20260930T14244708339,RVMD,2026-09-30,2026-09-30T10:27:33.726464-04:00,206.3932,-0.1484
BE-20260930T14261040925,BE,2026-09-30,2026-09-30T10:27:33.726464-04:00,286.43,-0.7175
BRKR-20260930T14140073384,BRKR,2026-09-30,2026-09-30T10:27:44.039910-04:00,65.2591,0.0446
HPE-20260930T14150435876,HPE,2026-09-30,2026-09-30T10:27:44.039910-04:00,64.65,0.8726
VIAV-20260930T14153599561,VIAV,2026-09-30,2026-09-30T10:27:44.039910-04:00,40.325,-0.3337
DDOG-20260930T14221151966,DDOG,2026-09-30,2026-09-30T10:27:44.039910-04:00,272.58,0.1102
RVMD-20260930T14244708339,RVMD,2026-09-30,2026-09-30T10:27:44.039910-04:00,206.4092,-0.1407
BE-20260930T14261040925,BE,2026-09-30,2026-09-30T10:27:44.039910-04:00,286.648,-0.6419
BRKR-20260930T14140073384,BRKR,2026-09-30,2026-09-30T10:27:54.362973-04:00,65.2757,0.0701
HPE-20260930T14150435876,HPE,2026-09-30,2026-09-30T10:27:54.362973-04:00,64.7162,0.9759
VIAV-20260930T14153599561,VIAV,2026-09-30,2026-09-30T10:27:54.362973-04:00,40.3639,-0.2375
DDOG-20260930T14221151966,DDOG,2026-09-30,2026-09-30T10:27:54.362973-04:00,272.45,0.0624
RVMD-20260930T14244708339,RVMD,2026-09-30,2026-09-30T10:27:54.362973-04:00,206.43,-0.1306
BE-20260930T14261040925,BE,2026-09-30,2026-09-30T10:27:54.362973-04:00,286.538,-0.6801
BRKR-20260930T14140073384,BRKR,2026-09-30,2026-09-30T10:28:04.764264-04:00,65.18,-0.0767
HPE-20260930T14150435876,HPE,2026-09-30,2026-09-30T10:28:04.764264-04:00,64.7201,0.9819
VIAV-20260930T14153599561,VIAV,2026-09-30,2026-09-30T10:28:04.764264-04:00,40.4011,-0.1456
DDOG-20260930T14221151966,DDOG,2026-09-30,2026-09-30T10:28:04.764264-04:00,272.7855,0.1857
RVMD-20260930T14244708339,RVMD,2026-09-30,2026-09-30T10:28:04.764264-04:00,206.3964,-0.1469
BE-20260930T14261040925,BE,2026-09-30,2026-09-30T10:28:04.764264-04:00,286.52,-0.6863
BRKR-20260930T14140073384,BRKR,2026-09-30,2026-09-30T10:28:15.216926-04:00,65.274,0.0675
HPE-20260930T14150435876,HPE,2026-09-30,2026-09-30T10:28:15.216926-04:00,64.7703,1.0603
VIAV-20260930T14153599561,VIAV,2026-09-30,2026-09-30T10:28:15.216926-04:00,40.32,-0.346
DDOG-20260930T14221151966,DDOG,2026-09-30,2026-09-30T10:28:15.216926-04:00,272.635,0.1304
RVMD-20260930T14244708339,RVMD,2026-09-30,2026-09-30T10:28:15.216926-04:00,206.335,-0.1766
BE-20260930T14261040925,BE,2026-09-30,2026-09-30T10:28:15.216926-04:00,286.51,-0.6898
BRKR-20260930T14140073384,BRKR,2026-09-30,2026-09-30T10:28:25.630488-04:00,65.1803,-0.0762
HPE-20260930T14150435876,HPE,2026-09-30,2026-09-30T10:28:25.630488-04:00,64.68,0.9194
VIAV-20260930T14153599561,VIAV,2026-09-30,2026-09-30T10:28:25.630488-04:00,40.215,-0.6055
DDOG-20260930T14221151966,DDOG,2026-09-30,2026-09-30T10:28:25.630488-04:00,272.71,0.1579
RVMD-20260930T14244708339,RVMD,2026-09-30,2026-09-30T10:28:25.630488-04:00,206.27,-0.208
BE-20260930T14261040925,BE,2026-09-30,2026-09-30T10:28:25.630488-04:00,286.19,-0.8007
BRKR-20260930T14140073384,BRKR,2026-09-30,2026-09-30T10:28:36.037627-04:00,65.2391,0.014
HPE-20260930T14150435876,HPE,2026-09-30,2026-09-30T10:28:36.037627-04:00,64.7458,1.022
VIAV-20260930T14153599561,VIAV,2026-09-30,2026-09-30T10:28:36.037627-04:00,40.2013,-0.6394
DDOG-20260930T14221151966,DDOG,2026-09-30,2026-09-30T10:28:36.037627-04:00,273.08,0.2938
RVMD-20260930T14244708339,RVMD,2026-09-30,2026-09-30T10:28:36.037627-04:00,206.4574,-0.1174
BE-20260930T14261040925,BE,2026-09-30,2026-09-30T10:28:36.037627-04:00,286.265,-0.7747
BRKR-20260930T14140073384,BRKR,2026-09-30,2026-09-30T10:28:46.469592-04:00,65.201,-0.0445
HPE-20260930T14150435876,HPE,2026-09-30,2026-09-30T10:28:46.469592-04:00,64.715,0.974
VIAV-20260930T14153599561,VIAV,2026-09-30,2026-09-30T10:28:46.469592-04:00,40.215,-0.6055
DDOG-20260930T14221151966,DDOG,2026-09-30,2026-09-30T10:28:46.469592-04:00,273.22,0.3452
RVMD-20260930T14244708339,RVMD,2026-09-30,2026-09-30T10:28:46.469592-04:00,206.3959,-0.1471
BE-20260930T14261040925,BE,2026-09-30,2026-09-30T10:28:46.469592-04:00,286.13,-0.8215
BRKR-20260930T14140073384,BRKR,2026-09-30,2026-09-30T10:28:56.872052-04:00,65.32,0.138
HPE-20260930T14150435876,HPE,2026-09-30,2026-09-30T10:28:56.872052-04:00,64.702,0.9537
VIAV-20260930T14153599561,VIAV,2026-09-30,2026-09-30T10:28:56.872052-04:00,40.215,-0.6055
DDOG-20260930T14221151966,DDOG,2026-09-30,2026-09-30T10:28:56.872052-04:00,273.0244,0.2734
RVMD-20260930T14244708339,RVMD,2026-09-30,2026-09-30T10:28:56.872052-04:00,206.363,-0.163
BE-20260930T14261040925,BE,2026-09-30,2026-09-30T10:28:56.872052-04:00,287.4338,-0.3696
BRKR-20260930T14140073384,BRKR,2026-09-30,2026-09-30T10:29:07.448394-04:00,65.3,0.1073
HPE-20260930T14150435876,HPE,2026-09-30,2026-09-30T10:29:07.448394-04:00,64.7187,0.9798
VIAV-20260930T14153599561,VIAV,2026-09-30,2026-09-30T10:29:07.448394-04:00,40.225,-0.5808
DDOG-20260930T14221151966,DDOG,2026-09-30,2026-09-30T10:29:07.448394-04:00,272.5494,0.0989
RVMD-20260930T14244708339,RVMD,2026-09-30,2026-09-30T10:29:07.448394-04:00,206.34,-0.1742
BE-20260930T14261040925,BE,2026-09-30,2026-09-30T10:29:07.448394-04:00,286.49,-0.6967
BRKR-20260930T14140073384,BRKR,2026-09-30,2026-09-30T10:29:18.105227-04:00,65.2343,0.0066
HPE-20260930T14150435876,HPE,2026-09-30,2026-09-30T10:29:18.105227-04:00,64.72,0.9818
DDOG-20260930T14221151966,DDOG,2026-09-30,2026-09-30T10:29:18.105227-04:00,273.34,0.3893
RVMD-20260930T14244708339,RVMD,2026-09-30,2026-09-30T10:29:18.105227-04:00,206.34,-0.1742
BE-20260930T14261040925,BE,2026-09-30,2026-09-30T10:29:18.105227-04:00,286.33,-0.7522
BRKR-20260930T14140073384,BRKR,2026-09-30,2026-09-30T10:29:28.608657-04:00,65.2056,-0.0374
HPE-20260930T14150435876,HPE,2026-09-30,2026-09-30T10:29:28.608657-04:00,64.7599,1.044
DDOG-20260930T14221151966,DDOG,2026-09-30,2026-09-30T10:29:28.608657-04:00,273.355,0.3948
RVMD-20260930T14244708339,RVMD,2026-09-30,2026-09-30T10:29:28.608657-04:00,206.335,-0.1766
BRKR-20260930T14140073384,BRKR,2026-09-30,2026-09-30T10:29:39.115741-04:00,65.2702,0.0616
HPE-20260930T14150435876,HPE,2026-09-30,2026-09-30T10:29:39.115741-04:00,64.77,1.0598
DDOG-20260930T14221151966,DDOG,2026-09-30,2026-09-30T10:29:39.115741-04:00,273.3,0.3746
RVMD-20260930T14244708339,RVMD,2026-09-30,2026-09-30T10:29:39.115741-04:00,206.4482,-0.1218
BRKR-20260930T14140073384,BRKR,2026-09-30,2026-09-30T10:29:49.597635-04:00,65.2075,-0.0345
HPE-20260930T14150435876,HPE,2026-09-30,2026-09-30T10:29:49.597635-04:00,64.65,0.8726
DDOG-20260930T14221151966,DDOG,2026-09-30,2026-09-30T10:29:49.597635-04:00,273.07,0.2901
RVMD-20260930T14244708339,RVMD,2026-09-30,2026-09-30T10:29:49.597635-04:00,206.488,-0.1026
BRKR-20260930T14140073384,BRKR,2026-09-30,2026-09-30T10:30:00.160970-04:00,65.27,0.0613
HPE-20260930T14150435876,HPE,2026-09-30,2026-09-30T10:30:00.160970-04:00,64.75,1.0286
DDOG-20260930T14221151966,DDOG,2026-09-30,2026-09-30T10:30:00.160970-04:00,273.1325,0.3131
RVMD-20260930T14244708339,RVMD,2026-09-30,2026-09-30T10:30:00.160970-04:00,206.08,-0.3
BRKR-20260930T14140073384,BRKR,2026-09-30,2026-09-30T10:30:11.799216-04:00,65.235,0.0077
DDOG-20260930T14221151966,DDOG,2026-09-30,2026-09-30T10:30:11.799216-04:00,273.61,0.4885
RVMD-20260930T14244708339,RVMD,2026-09-30,2026-09-30T10:30:11.799216-04:00,205.7075,-0.4802
BRKR-20260930T14140073384,BRKR,2026-09-30,2026-09-30T10:30:22.495106-04:00,65.24,0.0153
DDOG-20260930T14221151966,DDOG,2026-09-30,2026-09-30T10:30:22.495106-04:00,273.46,0.4334
RVMD-20260930T14244708339,RVMD,2026-09-30,2026-09-30T10:30:22.495106-04:00,205.7775,-0.4463
BRKR-20260930T14140073384,BRKR,2026-09-30,2026-09-30T10:30:33.062979-04:00,65.3334,0.1585
DDOG-20260930T14221151966,DDOG,2026-09-30,2026-09-30T10:30:33.062979-04:00,273.01,0.2681
RVMD-20260930T14244708339,RVMD,2026-09-30,2026-09-30T10:30:33.062979-04:00,206.06,-0.3096
BRKR-20260930T14140073384,BRKR,2026-09-30,2026-09-30T10:30:43.830329-04:00,65.23,0.0
DDOG-20260930T14221151966,DDOG,2026-09-30,2026-09-30T10:30:43.830329-04:00,272.7146,0.1596
RVMD-20260930T14244708339,RVMD,2026-09-30,2026-09-30T10:30:43.830329-04:00,206.0599,-0.3097
BRKR-20260930T14140073384,BRKR,2026-09-30,2026-09-30T10:30:54.575572-04:00,65.24,0.0153
DDOG-20260930T14221151966,DDOG,2026-09-30,2026-09-30T10:30:54.575572-04:00,273.235,0.3507
RVMD-20260930T14244708339,RVMD,2026-09-30,2026-09-30T10:30:54.575572-04:00,206.13,-0.2758
BRKR-20260930T14140073384,BRKR,2026-09-30,2026-09-30T10:31:04.993044-04:00,65.23,0.0
DDOG-20260930T14221151966,DDOG,2026-09-30,2026-09-30T10:31:04.993044-04:00,273.275,0.3654
RVMD-20260930T14244708339,RVMD,2026-09-30,2026-09-30T10:31:04.993044-04:00,205.9998,-0.3388
BRKR-20260930T14140073384,BRKR,2026-09-30,2026-09-30T10:31:15.527563-04:00,65.2364,0.0098
DDOG-20260930T14221151966,DDOG,2026-09-30,2026-09-30T10:31:15.527563-04:00,273.275,0.3654
RVMD-20260930T14244708339,RVMD,2026-09-30,2026-09-30T10:31:15.527563-04:00,206.24,-0.2225
BRKR-20260930T14140073384,BRKR,2026-09-30,2026-09-30T10:31:25.915164-04:00,65.245,0.023
DDOG-20260930T14221151966,DDOG,2026-09-30,2026-09-30T10:31:25.915164-04:00,273.05,0.2828
RVMD-20260930T14244708339,RVMD,2026-09-30,2026-09-30T10:31:25.915164-04:00,206.0371,-0.3207
BRKR-20260930T14140073384,BRKR,2026-09-30,2026-09-30T10:31:36.349843-04:00,65.13,-0.1533
DDOG-20260930T14221151966,DDOG,2026-09-30,2026-09-30T10:31:36.349843-04:00,273.23,0.3489
RVMD-20260930T14244708339,RVMD,2026-09-30,2026-09-30T10:31:36.349843-04:00,206.1494,-0.2664
BRKR-20260930T14140073384,BRKR,2026-09-30,2026-09-30T10:31:46.716637-04:00,65.13,-0.1533
DDOG-20260930T14221151966,DDOG,2026-09-30,2026-09-30T10:31:46.716637-04:00,273.315,0.3801
RVMD-20260930T14244708339,RVMD,2026-09-30,2026-09-30T10:31:46.716637-04:00,206.1466,-0.2677
BRKR-20260930T14140073384,BRKR,2026-09-30,2026-09-30T10:31:57.041646-04:00,65.245,0.023
DDOG-20260930T14221151966,DDOG,2026-09-30,2026-09-30T10:31:57.041646-04:00,273.4975,0.4471
RVMD-20260930T14244708339,RVMD,2026-09-30,2026-09-30T10:31:57.041646-04:00,206.2911,-0.1978
BRKR-20260930T14140073384,BRKR,2026-09-30,2026-09-30T10:32:07.509802-04:00,65.2324,0.0037
DDOG-20260930T14221151966,DDOG,2026-09-30,2026-09-30T10:32:07.509802-04:00,273.2301,0.3489
RVMD-20260930T14244708339,RVMD,2026-09-30,2026-09-30T10:32:07.509802-04:00,206.185,-0.2492
BRKR-20260930T14140073384,BRKR,2026-09-30,2026-09-30T10:32:18.420970-04:00,65.2259,-0.0063
DDOG-20260930T14221151966,DDOG,2026-09-30,2026-09-30T10:32:18.420970-04:00,273.65,0.5032
RVMD-20260930T14244708339,RVMD,2026-09-30,2026-09-30T10:32:18.420970-04:00,206.1276,-0.2769
BRKR-20260930T14140073384,BRKR,2026-09-30,2026-09-30T10:32:28.797171-04:00,65.2296,-0.0006
DDOG-20260930T14221151966,DDOG,2026-09-30,2026-09-30T10:32:28.797171-04:00,273.78,0.5509
RVMD-20260930T14244708339,RVMD,2026-09-30,2026-09-30T10:32:28.797171-04:00,206.3,-0.1935
BKNG-20260930T14320842010,BKNG,2026-09-30,2026-09-30T10:32:28.797171-04:00,165.0414,0.0008
BRKR-20260930T14140073384,BRKR,2026-09-30,2026-09-30T10:32:39.175814-04:00,65.25,0.0307
DDOG-20260930T14221151966,DDOG,2026-09-30,2026-09-30T10:32:39.175814-04:00,273.342,0.39
RVMD-20260930T14244708339,RVMD,2026-09-30,2026-09-30T10:32:39.175814-04:00,206.301,-0.193
BKNG-20260930T14320842010,BKNG,2026-09-30,2026-09-30T10:32:39.175814-04:00,165.205,0.1
BRKR-20260930T14140073384,BRKR,2026-09-30,2026-09-30T10:32:49.526113-04:00,65.2337,0.0057
DDOG-20260930T14221151966,DDOG,2026-09-30,2026-09-30T10:32:49.526113-04:00,273.505,0.4499
RVMD-20260930T14244708339,RVMD,2026-09-30,2026-09-30T10:32:49.526113-04:00,206.3623,-0.1634
BKNG-20260930T14320842010,BKNG,2026-09-30,2026-09-30T10:32:49.526113-04:00,165.2,0.0969
BRKR-20260930T14140073384,BRKR,2026-09-30,2026-09-30T10:32:59.869681-04:00,65.16,-0.1073
DDOG-20260930T14221151966,DDOG,2026-09-30,2026-09-30T10:32:59.869681-04:00,273.545,0.4646
RVMD-20260930T14244708339,RVMD,2026-09-30,2026-09-30T10:32:59.869681-04:00,206.305,-0.1911
BKNG-20260930T14320842010,BKNG,2026-09-30,2026-09-30T10:32:59.869681-04:00,165.145,0.0636
RCL-20260930T14323952068,RCL,2026-09-30,2026-09-30T10:32:59.869681-04:00,267.585,-0.0392
BRKR-20260930T14140073384,BRKR,2026-09-30,2026-09-30T10:33:10.470918-04:00,65.24,0.0153
DDOG-20260930T14221151966,DDOG,2026-09-30,2026-09-30T10:33:10.470918-04:00,273.36,0.3967
RVMD-20260930T14244708339,RVMD,2026-09-30,2026-09-30T10:33:10.470918-04:00,206.305,-0.1911
BKNG-20260930T14320842010,BKNG,2026-09-30,2026-09-30T10:33:10.470918-04:00,165.19,0.0909
RCL-20260930T14323952068,RCL,2026-09-30,2026-09-30T10:33:10.470918-04:00,267.56,-0.0486
BRKR-20260930T14140073384,BRKR,2026-09-30,2026-09-30T10:33:20.961786-04:00,65.225,-0.0077
DDOG-20260930T14221151966,DDOG,2026-09-30,2026-09-30T10:33:20.961786-04:00,273.01,0.2681
RVMD-20260930T14244708339,RVMD,2026-09-30,2026-09-30T10:33:20.961786-04:00,206.21,-0.2371
BKNG-20260930T14320842010,BKNG,2026-09-30,2026-09-30T10:33:20.961786-04:00,165.07,0.0182
RCL-20260930T14323952068,RCL,2026-09-30,2026-09-30T10:33:20.961786-04:00,267.2738,-0.1555
BRKR-20260930T14140073384,BRKR,2026-09-30,2026-09-30T10:33:31.405993-04:00,65.225,-0.0077
DDOG-20260930T14221151966,DDOG,2026-09-30,2026-09-30T10:33:31.405993-04:00,272.905,0.2295
RVMD-20260930T14244708339,RVMD,2026-09-30,2026-09-30T10:33:31.405993-04:00,206.0125,-0.3326
BKNG-20260930T14320842010,BKNG,2026-09-30,2026-09-30T10:33:31.405993-04:00,165.0116,-0.0172
RCL-20260930T14323952068,RCL,2026-09-30,2026-09-30T10:33:31.405993-04:00,267.75,0.0224
BRKR-20260930T14140073384,BRKR,2026-09-30,2026-09-30T10:33:41.911713-04:00,65.237,0.0107
DDOG-20260930T14221151966,DDOG,2026-09-30,2026-09-30T10:33:41.911713-04:00,272.78,0.1836
RVMD-20260930T14244708339,RVMD,2026-09-30,2026-09-30T10:33:41.911713-04:00,206.21,-0.2371
BKNG-20260930T14320842010,BKNG,2026-09-30,2026-09-30T10:33:41.911713-04:00,164.94,-0.0606
RCL-20260930T14323952068,RCL,2026-09-30,2026-09-30T10:33:41.911713-04:00,267.75,0.0224
BRKR-20260930T14140073384,BRKR,2026-09-30,2026-09-30T10:33:52.326217-04:00,65.225,-0.0077
DDOG-20260930T14221151966,DDOG,2026-09-30,2026-09-30T10:33:52.326217-04:00,273.0115,0.2687
RVMD-20260930T14244708339,RVMD,2026-09-30,2026-09-30T10:33:52.326217-04:00,206.1304,-0.2756
BKNG-20260930T14320842010,BKNG,2026-09-30,2026-09-30T10:33:52.326217-04:00,164.99,-0.0303
RCL-20260930T14323952068,RCL,2026-09-30,2026-09-30T10:33:52.326217-04:00,267.74,0.0187
BRKR-20260930T14140073384,BRKR,2026-09-30,2026-09-30T10:34:02.747924-04:00,65.24,0.0153
DDOG-20260930T14221151966,DDOG,2026-09-30,2026-09-30T10:34:02.747924-04:00,273.016,0.2703
RVMD-20260930T14244708339,RVMD,2026-09-30,2026-09-30T10:34:02.747924-04:00,206.1288,-0.2763
BKNG-20260930T14320842010,BKNG,2026-09-30,2026-09-30T10:34:02.747924-04:00,164.92,-0.0727
RCL-20260930T14323952068,RCL,2026-09-30,2026-09-30T10:34:02.747924-04:00,267.3532,-0.1258
BRKR-20260930T14140073384,BRKR,2026-09-30,2026-09-30T10:34:13.071654-04:00,65.27,0.0613
DDOG-20260930T14221151966,DDOG,2026-09-30,2026-09-30T10:34:13.071654-04:00,272.92,0.2351
RVMD-20260930T14244708339,RVMD,2026-09-30,2026-09-30T10:34:13.071654-04:00,206.2506,-0.2174
BKNG-20260930T14320842010,BKNG,2026-09-30,2026-09-30T10:34:13.071654-04:00,164.8672,-0.1047
RCL-20260930T14323952068,RCL,2026-09-30,2026-09-30T10:34:13.071654-04:00,268.29,0.2241
BRKR-20260930T14140073384,BRKR,2026-09-30,2026-09-30T10:34:23.445012-04:00,65.2451,0.0231
DDOG-20260930T14221151966,DDOG,2026-09-30,2026-09-30T10:34:23.445012-04:00,272.92,0.2351
RVMD-20260930T14244708339,RVMD,2026-09-30,2026-09-30T10:34:23.445012-04:00,206.2,-0.2419
BKNG-20260930T14320842010,BKNG,2026-09-30,2026-09-30T10:34:23.445012-04:00,165.1497,0.0665
RCL-20260930T14323952068,RCL,2026-09-30,2026-09-30T10:34:23.445012-04:00,268.23,0.2017
BRKR-20260930T14140073384,BRKR,2026-09-30,2026-09-30T10:34:33.899887-04:00,65.2459,0.0244
DDOG-20260930T14221151966,DDOG,2026-09-30,2026-09-30T10:34:33.899887-04:00,272.92,0.2351
RVMD-20260930T14244708339,RVMD,2026-09-30,2026-09-30T10:34:33.899887-04:00,206.12,-0.2806
BKNG-20260930T14320842010,BKNG,2026-09-30,2026-09-30T10:34:33.899887-04:00,165.03,-0.0061
RCL-20260930T14323952068,RCL,2026-09-30,2026-09-30T10:34:33.899887-04:00,268.44,0.2802
BRKR-20260930T14140073384,BRKR,2026-09-30,2026-09-30T10:34:44.285983-04:00,65.245,0.023
DDOG-20260930T14221151966,DDOG,2026-09-30,2026-09-30T10:34:44.285983-04:00,272.5501,0.0992
RVMD-20260930T14244708339,RVMD,2026-09-30,2026-09-30T10:34:44.285983-04:00,206.1328,-0.2744
BKNG-20260930T14320842010,BKNG,2026-09-30,2026-09-30T10:34:44.285983-04:00,164.985,-0.0333
RCL-20260930T14323952068,RCL,2026-09-30,2026-09-30T10:34:44.285983-04:00,268.55,0.3213
BRKR-20260930T14140073384,BRKR,2026-09-30,2026-09-30T10:34:54.600877-04:00,65.2455,0.0238
DDOG-20260930T14221151966,DDOG,2026-09-30,2026-09-30T10:34:54.600877-04:00,273.16,0.3232
RVMD-20260930T14244708339,RVMD,2026-09-30,2026-09-30T10:34:54.600877-04:00,206.213,-0.2356
BKNG-20260930T14320842010,BKNG,2026-09-30,2026-09-30T10:34:54.600877-04:00,164.86,-0.1091
RCL-20260930T14323952068,RCL,2026-09-30,2026-09-30T10:34:54.600877-04:00,268.405,0.2671
BRKR-20260930T14140073384,BRKR,2026-09-30,2026-09-30T10:35:05.075973-04:00,65.24,0.0153
DDOG-20260930T14221151966,DDOG,2026-09-30,2026-09-30T10:35:05.075973-04:00,273.18,0.3305
RVMD-20260930T14244708339,RVMD,2026-09-30,2026-09-30T10:35:05.075973-04:00,206.1202,-0.2805
BKNG-20260930T14320842010,BKNG,2026-09-30,2026-09-30T10:35:05.075973-04:00,164.77,-0.1636
RCL-20260930T14323952068,RCL,2026-09-30,2026-09-30T10:35:05.075973-04:00,268.435,0.2783
BRKR-20260930T14140073384,BRKR,2026-09-30,2026-09-30T10:35:15.749789-04:00,65.2418,0.0181
DDOG-20260930T14221151966,DDOG,2026-09-30,2026-09-30T10:35:15.749789-04:00,271.9901,-0.1065
RVMD-20260930T14244708339,RVMD,2026-09-30,2026-09-30T10:35:15.749789-04:00,206.295,-0.1959
BKNG-20260930T14320842010,BKNG,2026-09-30,2026-09-30T10:35:15.749789-04:00,164.79,-0.1515
RCL-20260930T14323952068,RCL,2026-09-30,2026-09-30T10:35:15.749789-04:00,268.47,0.2914
BRKR-20260930T14140073384,BRKR,2026-09-30,2026-09-30T10:35:26.222134-04:00,65.2361,0.0094
DDOG-20260930T14221151966,DDOG,2026-09-30,2026-09-30T10:35:26.222134-04:00,272.4195,0.0512
RVMD-20260930T14244708339,RVMD,2026-09-30,2026-09-30T10:35:26.222134-04:00,206.2277,-0.2285
BKNG-20260930T14320842010,BKNG,2026-09-30,2026-09-30T10:35:26.222134-04:00,164.89,-0.0909
RCL-20260930T14323952068,RCL,2026-09-30,2026-09-30T10:35:26.222134-04:00,268.41,0.269
BRKR-20260930T14140073384,BRKR,2026-09-30,2026-09-30T10:35:36.716174-04:00,65.24,0.0153
DDOG-20260930T14221151966,DDOG,2026-09-30,2026-09-30T10:35:36.716174-04:00,272.205,-0.0275
RVMD-20260930T14244708339,RVMD,2026-09-30,2026-09-30T10:35:36.716174-04:00,206.13,-0.2758
BKNG-20260930T14320842010,BKNG,2026-09-30,2026-09-30T10:35:36.716174-04:00,164.92,-0.0727
RCL-20260930T14323952068,RCL,2026-09-30,2026-09-30T10:35:36.716174-04:00,268.41,0.269
BRKR-20260930T14140073384,BRKR,2026-09-30,2026-09-30T10:35:47.160954-04:00,65.285,0.0843
DDOG-20260930T14221151966,DDOG,2026-09-30,2026-09-30T10:35:47.160954-04:00,272.5183,0.0875
RVMD-20260930T14244708339,RVMD,2026-09-30,2026-09-30T10:35:47.160954-04:00,206.2934,-0.1967
BKNG-20260930T14320842010,BKNG,2026-09-30,2026-09-30T10:35:47.160954-04:00,164.86,-0.1091
RCL-20260930T14323952068,RCL,2026-09-30,2026-09-30T10:35:47.160954-04:00,268.515,0.3082
BRKR-20260930T14140073384,BRKR,2026-09-30,2026-09-30T10:35:57.628874-04:00,65.22,-0.0153
DDOG-20260930T14221151966,DDOG,2026-09-30,2026-09-30T10:35:57.628874-04:00,272.315,0.0129
RVMD-20260930T14244708339,RVMD,2026-09-30,2026-09-30T10:35:57.628874-04:00,206.0961,-0.2922
BKNG-20260930T14320842010,BKNG,2026-09-30,2026-09-30T10:35:57.628874-04:00,164.86,-0.1091
RCL-20260930T14323952068,RCL,2026-09-30,2026-09-30T10:35:57.628874-04:00,268.29,0.2241
BRKR-20260930T14140073384,BRKR,2026-09-30,2026-09-30T10:36:08.085017-04:00,65.2665,0.056
DDOG-20260930T14221151966,DDOG,2026-09-30,2026-09-30T10:36:08.085017-04:00,272.5222,0.089
RVMD-20260930T14244708339,RVMD,2026-09-30,2026-09-30T10:36:08.085017-04:00,206.42,-0.1355
BKNG-20260930T14320842010,BKNG,2026-09-30,2026-09-30T10:36:08.085017-04:00,164.8319,-0.1261
RCL-20260930T14323952068,RCL,2026-09-30,2026-09-30T10:36:08.085017-04:00,268.345,0.2447
BRKR-20260930T14140073384,BRKR,2026-09-30,2026-09-30T10:36:19.259472-04:00,65.31,0.1226
RVMD-20260930T14244708339,RVMD,2026-09-30,2026-09-30T10:36:19.259472-04:00,206.0891,-0.2955
BKNG-20260930T14320842010,BKNG,2026-09-30,2026-09-30T10:36:19.259472-04:00,164.902,-0.0836
RCL-20260930T14323952068,RCL,2026-09-30,2026-09-30T10:36:19.259472-04:00,268.335,0.241
BRKR-20260930T14140073384,BRKR,2026-09-30,2026-09-30T10:36:29.843528-04:00,65.2485,0.0284
RVMD-20260930T14244708339,RVMD,2026-09-30,2026-09-30T10:36:29.843528-04:00,206.2314,-0.2267
BKNG-20260930T14320842010,BKNG,2026-09-30,2026-09-30T10:36:29.843528-04:00,164.8971,-0.0866
RCL-20260930T14323952068,RCL,2026-09-30,2026-09-30T10:36:29.843528-04:00,268.4312,0.2769
HOOD-20260930T14360925864,HOOD,2026-09-30,2026-09-30T10:36:29.843528-04:00,114.1615,0.0697
BRKR-20260930T14140073384,BRKR,2026-09-30,2026-09-30T10:36:40.415740-04:00,65.4345,0.3135
RVMD-20260930T14244708339,RVMD,2026-09-30,2026-09-30T10:36:40.415740-04:00,206.28,-0.2032
BKNG-20260930T14320842010,BKNG,2026-09-30,2026-09-30T10:36:40.415740-04:00,164.7329,-0.1861
RCL-20260930T14323952068,RCL,2026-09-30,2026-09-30T10:36:40.415740-04:00,267.99,0.1121
HOOD-20260930T14360925864,HOOD,2026-09-30,2026-09-30T10:36:40.415740-04:00,114.0259,-0.0492
BRKR-20260930T14140073384,BRKR,2026-09-30,2026-09-30T10:36:50.932667-04:00,65.44,0.3219
RVMD-20260930T14244708339,RVMD,2026-09-30,2026-09-30T10:36:50.932667-04:00,206.19,-0.2467
BKNG-20260930T14320842010,BKNG,2026-09-30,2026-09-30T10:36:50.932667-04:00,164.755,-0.1727
RCL-20260930T14323952068,RCL,2026-09-30,2026-09-30T10:36:50.932667-04:00,267.885,0.0728
HOOD-20260930T14360925864,HOOD,2026-09-30,2026-09-30T10:36:50.932667-04:00,114.1829,0.0884
HPE-20260930T14363041439,HPE,2026-09-30,2026-09-30T10:36:50.932667-04:00,64.525,-0.0204
BRKR-20260930T14140073384,BRKR,2026-09-30,2026-09-30T10:37:01.351864-04:00,65.43,0.3066
RVMD-20260930T14244708339,RVMD,2026-09-30,2026-09-30T10:37:01.351864-04:00,206.2206,-0.2319
BKNG-20260930T14320842010,BKNG,2026-09-30,2026-09-30T10:37:01.351864-04:00,164.74,-0.1818
RCL-20260930T14323952068,RCL,2026-09-30,2026-09-30T10:37:01.351864-04:00,267.9,0.0784
HOOD-20260930T14360925864,HOOD,2026-09-30,2026-09-30T10:37:01.351864-04:00,114.0331,-0.0429
HPE-20260930T14363041439,HPE,2026-09-30,2026-09-30T10:37:01.351864-04:00,64.3194,-0.3389
BRKR-20260930T14140073384,BRKR,2026-09-30,2026-09-30T10:37:11.689146-04:00,65.4313,0.3086
RVMD-20260930T14244708339,RVMD,2026-09-30,2026-09-30T10:37:11.689146-04:00,206.42,-0.1355
BKNG-20260930T14320842010,BKNG,2026-09-30,2026-09-30T10:37:11.689146-04:00,164.66,-0.2302
RCL-20260930T14323952068,RCL,2026-09-30,2026-09-30T10:37:11.689146-04:00,267.875,0.0691
HOOD-20260930T14360925864,HOOD,2026-09-30,2026-09-30T10:37:11.689146-04:00,114.105,0.0202
HPE-20260930T14363041439,HPE,2026-09-30,2026-09-30T10:37:11.689146-04:00,64.36,-0.276
BRKR-20260930T14140073384,BRKR,2026-09-30,2026-09-30T10:37:22.093536-04:00,65.4313,0.3086
RVMD-20260930T14244708339,RVMD,2026-09-30,2026-09-30T10:37:22.093536-04:00,206.175,-0.254
BKNG-20260930T14320842010,BKNG,2026-09-30,2026-09-30T10:37:22.093536-04:00,164.685,-0.2151
RCL-20260930T14323952068,RCL,2026-09-30,2026-09-30T10:37:22.093536-04:00,267.77,0.0299
HOOD-20260930T14360925864,HOOD,2026-09-30,2026-09-30T10:37:22.093536-04:00,114.0864,0.0039
HPE-20260930T14363041439,HPE,2026-09-30,2026-09-30T10:37:22.093536-04:00,64.39,-0.2296
BRKR-20260930T14140073384,BRKR,2026-09-30,2026-09-30T10:37:32.367029-04:00,65.47,0.3679
RVMD-20260930T14244708339,RVMD,2026-09-30,2026-09-30T10:37:32.367029-04:00,206.04,-0.3193
BKNG-20260930T14320842010,BKNG,2026-09-30,2026-09-30T10:37:32.367029-04:00,164.7274,-0.1894
RCL-20260930T14323952068,RCL,2026-09-30,2026-09-30T10:37:32.367029-04:00,267.73,0.0149
HOOD-20260930T14360925864,HOOD,2026-09-30,2026-09-30T10:37:32.367029-04:00,114.19,0.0947
HPE-20260930T14363041439,HPE,2026-09-30,2026-09-30T10:37:32.367029-04:00,64.36,-0.276
BRKR-20260930T14140073384,BRKR,2026-09-30,2026-09-30T10:37:42.677573-04:00,65.4348,0.314
RVMD-20260930T14244708339,RVMD,2026-09-30,2026-09-30T10:37:42.677573-04:00,206.025,-0.3266
BKNG-20260930T14320842010,BKNG,2026-09-30,2026-09-30T10:37:42.677573-04:00,164.73,-0.1878
RCL-20260930T14323952068,RCL,2026-09-30,2026-09-30T10:37:42.677573-04:00,267.9308,0.09
HOOD-20260930T14360925864,HOOD,2026-09-30,2026-09-30T10:37:42.677573-04:00,114.32,0.2086
HPE-20260930T14363041439,HPE,2026-09-30,2026-09-30T10:37:42.677573-04:00,64.4793,-0.0912
BRKR-20260930T14140073384,BRKR,2026-09-30,2026-09-30T10:37:53.038911-04:00,65.43,0.3066
RVMD-20260930T14244708339,RVMD,2026-09-30,2026-09-30T10:37:53.038911-04:00,205.8337,-0.4191
BKNG-20260930T14320842010,BKNG,2026-09-30,2026-09-30T10:37:53.038911-04:00,164.74,-0.1818
RCL-20260930T14323952068,RCL,2026-09-30,2026-09-30T10:37:53.038911-04:00,268.01,0.1195
HOOD-20260930T14360925864,HOOD,2026-09-30,2026-09-30T10:37:53.038911-04:00,114.49,0.3576
HPE-20260930T14363041439,HPE,2026-09-30,2026-09-30T10:37:53.038911-04:00,64.44,-0.1521
BRKR-20260930T14140073384,BRKR,2026-09-30,2026-09-30T10:38:03.447770-04:00,65.47,0.3679
RVMD-20260930T14244708339,RVMD,2026-09-30,2026-09-30T10:38:03.447770-04:00,206.2716,-0.2073
BKNG-20260930T14320842010,BKNG,2026-09-30,2026-09-30T10:38:03.447770-04:00,164.8591,-0.1096
RCL-20260930T14323952068,RCL,2026-09-30,2026-09-30T10:38:03.447770-04:00,268.1666,0.178
HOOD-20260930T14360925864,HOOD,2026-09-30,2026-09-30T10:38:03.447770-04:00,114.365,0.2481
HPE-20260930T14363041439,HPE,2026-09-30,2026-09-30T10:38:03.447770-04:00,64.4277,-0.1711
BRKR-20260930T14140073384,BRKR,2026-09-30,2026-09-30T10:38:13.912595-04:00,65.45,0.3373
BKNG-20260930T14320842010,BKNG,2026-09-30,2026-09-30T10:38:13.912595-04:00,164.75,-0.1757
RCL-20260930T14323952068,RCL,2026-09-30,2026-09-30T10:38:13.912595-04:00,267.7808,0.0339
HOOD-20260930T14360925864,HOOD,2026-09-30,2026-09-30T10:38:13.912595-04:00,114.34,0.2262
HPE-20260930T14363041439,HPE,2026-09-30,2026-09-30T10:38:13.912595-04:00,64.47,-0.1056
BRKR-20260930T14140073384,BRKR,2026-09-30,2026-09-30T10:38:24.164523-04:00,65.3288,0.1515
BKNG-20260930T14320842010,BKNG,2026-09-30,2026-09-30T10:38:24.164523-04:00,164.73,-0.1878
RCL-20260930T14323952068,RCL,2026-09-30,2026-09-30T10:38:24.164523-04:00,267.965,0.1027
HOOD-20260930T14360925864,HOOD,2026-09-30,2026-09-30T10:38:24.164523-04:00,114.3375,0.224
HPE-20260930T14363041439,HPE,2026-09-30,2026-09-30T10:38:24.164523-04:00,64.535,-0.0049
BRKR-20260930T14140073384,BRKR,2026-09-30,2026-09-30T10:38:34.587799-04:00,65.4169,0.2865
BKNG-20260930T14320842010,BKNG,2026-09-30,2026-09-30T10:38:34.587799-04:00,164.69,-0.2121
RCL-20260930T14323952068,RCL,2026-09-30,2026-09-30T10:38:34.587799-04:00,267.835,0.0542
HOOD-20260930T14360925864,HOOD,2026-09-30,2026-09-30T10:38:34.587799-04:00,114.54,0.4015
HPE-20260930T14363041439,HPE,2026-09-30,2026-09-30T10:38:34.587799-04:00,64.6,0.0958
BRKR-20260930T14140073384,BRKR,2026-09-30,2026-09-30T10:38:45.089878-04:00,65.4593,0.3515
BKNG-20260930T14320842010,BKNG,2026-09-30,2026-09-30T10:38:45.089878-04:00,164.8822,-0.0956
RCL-20260930T14323952068,RCL,2026-09-30,2026-09-30T10:38:45.089878-04:00,267.7443,0.0203
HOOD-20260930T14360925864,HOOD,2026-09-30,2026-09-30T10:38:45.089878-04:00,114.485,0.3533
HPE-20260930T14363041439,HPE,2026-09-30,2026-09-30T10:38:45.089878-04:00,64.3967,-0.2192
BRKR-20260930T14140073384,BRKR,2026-09-30,2026-09-30T10:38:55.522038-04:00,65.52,0.4446
BKNG-20260930T14320842010,BKNG,2026-09-30,2026-09-30T10:38:55.522038-04:00,164.92,-0.0727
RCL-20260930T14323952068,RCL,2026-09-30,2026-09-30T10:38:55.522038-04:00,268.305,0.2297
HOOD-20260930T14360925864,HOOD,2026-09-30,2026-09-30T10:38:55.522038-04:00,114.57,0.4278
HPE-20260930T14363041439,HPE,2026-09-30,2026-09-30T10:38:55.522038-04:00,64.5513,0.0204
BRKR-20260930T14140073384,BRKR,2026-09-30,2026-09-30T10:39:05.923408-04:00,65.52,0.4446
BKNG-20260930T14320842010,BKNG,2026-09-30,2026-09-30T10:39:05.923408-04:00,164.9,-0.0848
RCL-20260930T14323952068,RCL,2026-09-30,2026-09-30T10:39:05.923408-04:00,268.2094,0.194
HOOD-20260930T14360925864,HOOD,2026-09-30,2026-09-30T10:39:05.923408-04:00,114.43,0.305
HPE-20260930T14363041439,HPE,2026-09-30,2026-09-30T10:39:05.923408-04:00,64.47,-0.1056
BRKR-20260930T14140073384,BRKR,2026-09-30,2026-09-30T10:39:16.544001-04:00,65.575,0.5289
BKNG-20260930T14320842010,BKNG,2026-09-30,2026-09-30T10:39:16.544001-04:00,164.9182,-0.0738
RCL-20260930T14323952068,RCL,2026-09-30,2026-09-30T10:39:16.544001-04:00,268.38,0.2578
HOOD-20260930T14360925864,HOOD,2026-09-30,2026-09-30T10:39:16.544001-04:00,114.545,0.4058
HPE-20260930T14363041439,HPE,2026-09-30,2026-09-30T10:39:16.544001-04:00,64.59,0.0803
BRKR-20260930T14140073384,BRKR,2026-09-30,2026-09-30T10:39:26.950759-04:00,65.55,0.4906
BKNG-20260930T14320842010,BKNG,2026-09-30,2026-09-30T10:39:26.950759-04:00,164.8592,-0.1095
RCL-20260930T14323952068,RCL,2026-09-30,2026-09-30T10:39:26.950759-04:00,268.38,0.2578
HOOD-20260930T14360925864,HOOD,2026-09-30,2026-09-30T10:39:26.950759-04:00,114.56,0.419
HPE-20260930T14363041439,HPE,2026-09-30,2026-09-30T10:39:26.950759-04:00,64.5238,-0.0222
BRKR-20260930T14140073384,BRKR,2026-09-30,2026-09-30T10:39:37.366236-04:00,65.58,0.5366
BKNG-20260930T14320842010,BKNG,2026-09-30,2026-09-30T10:39:37.366236-04:00,164.8756,-0.0996
RCL-20260930T14323952068,RCL,2026-09-30,2026-09-30T10:39:37.366236-04:00,268.22,0.198
HOOD-20260930T14360925864,HOOD,2026-09-30,2026-09-30T10:39:37.366236-04:00,114.465,0.3357
HPE-20260930T14363041439,HPE,2026-09-30,2026-09-30T10:39:37.366236-04:00,64.4364,-0.1577
BRKR-20260930T14140073384,BRKR,2026-09-30,2026-09-30T10:39:47.688538-04:00,65.58,0.5366
BKNG-20260930T14320842010,BKNG,2026-09-30,2026-09-30T10:39:47.688538-04:00,164.71,-0.2
RCL-20260930T14323952068,RCL,2026-09-30,2026-09-30T10:39:47.688538-04:00,267.845,0.0579
HOOD-20260930T14360925864,HOOD,2026-09-30,2026-09-30T10:39:47.688538-04:00,114.4751,0.3446
HPE-20260930T14363041439,HPE,2026-09-30,2026-09-30T10:39:47.688538-04:00,64.645,0.1656
BRKR-20260930T14140073384,BRKR,2026-09-30,2026-09-30T10:39:58.031371-04:00,65.6,0.5672
BKNG-20260930T14320842010,BKNG,2026-09-30,2026-09-30T10:39:58.031371-04:00,164.745,-0.1787
RCL-20260930T14323952068,RCL,2026-09-30,2026-09-30T10:39:58.031371-04:00,268.177,0.1819
HOOD-20260930T14360925864,HOOD,2026-09-30,2026-09-30T10:39:58.031371-04:00,114.49,0.3576
HPE-20260930T14363041439,HPE,2026-09-30,2026-09-30T10:39:58.031371-04:00,64.65,0.1733
BRKR-20260930T14140073384,BRKR,2026-09-30,2026-09-30T10:40:08.349426-04:00,65.515,0.4369
BKNG-20260930T14320842010,BKNG,2026-09-30,2026-09-30T10:40:08.349426-04:00,164.765,-0.1666
RCL-20260930T14323952068,RCL,2026-09-30,2026-09-30T10:40:08.349426-04:00,267.85,0.0598
HOOD-20260930T14360925864,HOOD,2026-09-30,2026-09-30T10:40:08.349426-04:00,114.2924,0.1844
HPE-20260930T14363041439,HPE,2026-09-30,2026-09-30T10:40:08.349426-04:00,64.625,0.1346
BRKR-20260930T14140073384,BRKR,2026-09-30,2026-09-30T10:40:18.869717-04:00,65.5128,0.4335
BKNG-20260930T14320842010,BKNG,2026-09-30,2026-09-30T10:40:18.869717-04:00,164.7613,-0.1689
RCL-20260930T14323952068,RCL,2026-09-30,2026-09-30T10:40:18.869717-04:00,267.64,-0.0187
HOOD-20260930T14360925864,HOOD,2026-09-30,2026-09-30T10:40:18.869717-04:00,114.1429,0.0534
HPE-20260930T14363041439,HPE,2026-09-30,2026-09-30T10:40:18.869717-04:00,64.535,-0.0049
BRKR-20260930T14140073384,BRKR,2026-09-30,2026-09-30T10:40:29.312733-04:00,65.5233,0.4496
BKNG-20260930T14320842010,BKNG,2026-09-30,2026-09-30T10:40:29.312733-04:00,164.8167,-0.1353
RCL-20260930T14323952068,RCL,2026-09-30,2026-09-30T10:40:29.312733-04:00,267.9527,0.0981
HOOD-20260930T14360925864,HOOD,2026-09-30,2026-09-30T10:40:29.312733-04:00,114.205,0.1078
HPE-20260930T14363041439,HPE,2026-09-30,2026-09-30T10:40:29.312733-04:00,64.5156,-0.0349
BRKR-20260930T14140073384,BRKR,2026-09-30,2026-09-30T10:40:39.701819-04:00,65.516,0.4384
BKNG-20260930T14320842010,BKNG,2026-09-30,2026-09-30T10:40:39.701819-04:00,164.8039,-0.1431
RCL-20260930T14323952068,RCL,2026-09-30,2026-09-30T10:40:39.701819-04:00,267.6,-0.0336
HOOD-20260930T14360925864,HOOD,2026-09-30,2026-09-30T10:40:39.701819-04:00,114.23,0.1297
HPE-20260930T14363041439,HPE,2026-09-30,2026-09-30T10:40:39.701819-04:00,64.535,-0.0049
BRKR-20260930T14140073384,BRKR,2026-09-30,2026-09-30T10:40:50.146107-04:00,65.5142,0.4357
BKNG-20260930T14320842010,BKNG,2026-09-30,2026-09-30T10:40:50.146107-04:00,164.815,-0.1363
RCL-20260930T14323952068,RCL,2026-09-30,2026-09-30T10:40:50.146107-04:00,267.8968,0.0773
HOOD-20260930T14360925864,HOOD,2026-09-30,2026-09-30T10:40:50.146107-04:00,114.1745,0.0811
HPE-20260930T14363041439,HPE,2026-09-30,2026-09-30T10:40:50.146107-04:00,64.555,0.0261
BRKR-20260930T14140073384,BRKR,2026-09-30,2026-09-30T10:41:00.530054-04:00,65.5314,0.4621
BKNG-20260930T14320842010,BKNG,2026-09-30,2026-09-30T10:41:00.530054-04:00,164.96,-0.0485
RCL-20260930T14323952068,RCL,2026-09-30,2026-09-30T10:41:00.530054-04:00,267.74,0.0187
HOOD-20260930T14360925864,HOOD,2026-09-30,2026-09-30T10:41:00.530054-04:00,114.365,0.2481
HPE-20260930T14363041439,HPE,2026-09-30,2026-09-30T10:41:00.530054-04:00,64.59,0.0803
BRKR-20260930T14140073384,BRKR,2026-09-30,2026-09-30T10:41:11.026122-04:00,65.5315,0.4622
BKNG-20260930T14320842010,BKNG,2026-09-30,2026-09-30T10:41:11.026122-04:00,164.8107,-0.1389
RCL-20260930T14323952068,RCL,2026-09-30,2026-09-30T10:41:11.026122-04:00,267.71,0.0075
HOOD-20260930T14360925864,HOOD,2026-09-30,2026-09-30T10:41:11.026122-04:00,114.37,0.2524
HPE-20260930T14363041439,HPE,2026-09-30,2026-09-30T10:41:11.026122-04:00,64.535,-0.0049
BRKR-20260930T14140073384,BRKR,2026-09-30,2026-09-30T10:41:21.612122-04:00,65.5238,0.4504
BKNG-20260930T14320842010,BKNG,2026-09-30,2026-09-30T10:41:21.612122-04:00,164.934,-0.0642
RCL-20260930T14323952068,RCL,2026-09-30,2026-09-30T10:41:21.612122-04:00,267.9486,0.0966
HOOD-20260930T14360925864,HOOD,2026-09-30,2026-09-30T10:41:21.612122-04:00,114.47,0.3401
HPE-20260930T14363041439,HPE,2026-09-30,2026-09-30T10:41:21.612122-04:00,64.52,-0.0281
BRKR-20260930T14140073384,BRKR,2026-09-30,2026-09-30T10:41:32.161352-04:00,65.417,0.2867
BKNG-20260930T14320842010,BKNG,2026-09-30,2026-09-30T10:41:32.161352-04:00,164.85,-0.1151
RCL-20260930T14323952068,RCL,2026-09-30,2026-09-30T10:41:32.161352-04:00,267.705,0.0056
HOOD-20260930T14360925864,HOOD,2026-09-30,2026-09-30T10:41:32.161352-04:00,114.43,0.305
HPE-20260930T14363041439,HPE,2026-09-30,2026-09-30T10:41:32.161352-04:00,64.55,0.0184
BRKR-20260930T14140073384,BRKR,2026-09-30,2026-09-30T10:41:42.602996-04:00,65.4924,0.4023
BKNG-20260930T14320842010,BKNG,2026-09-30,2026-09-30T10:41:42.602996-04:00,164.8653,-0.1059
RCL-20260930T14323952068,RCL,2026-09-30,2026-09-30T10:41:42.602996-04:00,267.7,0.0037
HOOD-20260930T14360925864,HOOD,2026-09-30,2026-09-30T10:41:42.602996-04:00,114.555,0.4146
HPE-20260930T14363041439,HPE,2026-09-30,2026-09-30T10:41:42.602996-04:00,64.6,0.0958
VIAV-20260930T14412215861,VIAV,2026-09-30,2026-09-30T10:41:42.602996-04:00,40.135,0.0374
BRKR-20260930T14140073384,BRKR,2026-09-30,2026-09-30T10:41:53.000956-04:00,65.5149,0.4368
BKNG-20260930T14320842010,BKNG,2026-09-30,2026-09-30T10:41:53.000956-04:00,164.895,-0.0879
RCL-20260930T14323952068,RCL,2026-09-30,2026-09-30T10:41:53.000956-04:00,267.8917,0.0753
HOOD-20260930T14360925864,HOOD,2026-09-30,2026-09-30T10:41:53.000956-04:00,114.42,0.2963
HPE-20260930T14363041439,HPE,2026-09-30,2026-09-30T10:41:53.000956-04:00,64.615,0.1191
VIAV-20260930T14412215861,VIAV,2026-09-30,2026-09-30T10:41:53.000956-04:00,40.16,0.0997
BRKR-20260930T14140073384,BRKR,2026-09-30,2026-09-30T10:42:03.423202-04:00,65.5848,0.5439
BKNG-20260930T14320842010,BKNG,2026-09-30,2026-09-30T10:42:03.423202-04:00,164.7831,-0.1557
RCL-20260930T14323952068,RCL,2026-09-30,2026-09-30T10:42:03.423202-04:00,268.19,0.1868
HOOD-20260930T14360925864,HOOD,2026-09-30,2026-09-30T10:42:03.423202-04:00,114.5317,0.3942
HPE-20260930T14363041439,HPE,2026-09-30,2026-09-30T10:42:03.423202-04:00,64.795,0.398
VIAV-20260930T14412215861,VIAV,2026-09-30,2026-09-30T10:42:03.423202-04:00,40.0955,-0.0611
BRKR-20260930T14140073384,BRKR,2026-09-30,2026-09-30T10:42:13.807912-04:00,65.5359,0.469
BKNG-20260930T14320842010,BKNG,2026-09-30,2026-09-30T10:42:13.807912-04:00,164.8597,-0.1092
RCL-20260930T14323952068,RCL,2026-09-30,2026-09-30T10:42:13.807912-04:00,268.28,0.2204
HOOD-20260930T14360925864,HOOD,2026-09-30,2026-09-30T10:42:13.807912-04:00,114.68,0.5242
HPE-20260930T14363041439,HPE,2026-09-30,2026-09-30T10:42:13.807912-04:00,64.5801,0.065
VIAV-20260930T14412215861,VIAV,2026-09-30,2026-09-30T10:42:13.807912-04:00,40.1529,0.082
ILMN-20260930T14415342148,ILMN,2026-09-30,2026-09-30T10:42:13.807912-04:00,276.34,-0.3893
BRKR-20260930T14140073384,BRKR,2026-09-30,2026-09-30T10:42:24.140103-04:00,65.5472,0.4863
BKNG-20260930T14320842010,BKNG,2026-09-30,2026-09-30T10:42:24.140103-04:00,164.84,-0.1212
RCL-20260930T14323952068,RCL,2026-09-30,2026-09-30T10:42:24.140103-04:00,268.39,0.2615
HOOD-20260930T14360925864,HOOD,2026-09-30,2026-09-30T10:42:24.140103-04:00,114.75,0.5855
HPE-20260930T14363041439,HPE,2026-09-30,2026-09-30T10:42:24.140103-04:00,64.88,0.5297
VIAV-20260930T14412215861,VIAV,2026-09-30,2026-09-30T10:42:24.140103-04:00,40.25,0.324
ILMN-20260930T14415342148,ILMN,2026-09-30,2026-09-30T10:42:24.140103-04:00,275.7645,-0.5967
BRKR-20260930T14140073384,BRKR,2026-09-30,2026-09-30T10:42:34.585019-04:00,65.63,0.6132
BKNG-20260930T14320842010,BKNG,2026-09-30,2026-09-30T10:42:34.585019-04:00,164.84,-0.1212
RCL-20260930T14323952068,RCL,2026-09-30,2026-09-30T10:42:34.585019-04:00,268.365,0.2522
HOOD-20260930T14360925864,HOOD,2026-09-30,2026-09-30T10:42:34.585019-04:00,114.7929,0.6231
HPE-20260930T14363041439,HPE,2026-09-30,2026-09-30T10:42:34.585019-04:00,64.6281,0.1394
VIAV-20260930T14412215861,VIAV,2026-09-30,2026-09-30T10:42:34.585019-04:00,40.275,0.3863
ILMN-20260930T14415342148,ILMN,2026-09-30,2026-09-30T10:42:34.585019-04:00,275.7712,-0.5943
BRKR-20260930T14140073384,BRKR,2026-09-30,2026-09-30T10:42:44.958760-04:00,65.5213,0.4466
BKNG-20260930T14320842010,BKNG,2026-09-30,2026-09-30T10:42:44.958760-04:00,164.9164,-0.0749
RCL-20260930T14323952068,RCL,2026-09-30,2026-09-30T10:42:44.958760-04:00,268.4899,0.2988
HOOD-20260930T14360925864,HOOD,2026-09-30,2026-09-30T10:42:44.958760-04:00,114.61,0.4628
HPE-20260930T14363041439,HPE,2026-09-30,2026-09-30T10:42:44.958760-04:00,64.72,0.2818
VIAV-20260930T14412215861,VIAV,2026-09-30,2026-09-30T10:42:44.958760-04:00,40.1128,-0.0179
ILMN-20260930T14415342148,ILMN,2026-09-30,2026-09-30T10:42:44.958760-04:00,276.885,-0.1928
BRKR-20260930T14140073384,BRKR,2026-09-30,2026-09-30T10:42:55.288678-04:00,65.62,0.5979
BKNG-20260930T14320842010,BKNG,2026-09-30,2026-09-30T10:42:55.288678-04:00,164.8482,-0.1162
RCL-20260930T14323952068,RCL,2026-09-30,2026-09-30T10:42:55.288678-04:00,268.37,0.254
HOOD-20260930T14360925864,HOOD,2026-09-30,2026-09-30T10:42:55.288678-04:00,114.46,0.3313
HPE-20260930T14363041439,HPE,2026-09-30,2026-09-30T10:42:55.288678-04:00,64.74,0.3128
VIAV-20260930T14412215861,VIAV,2026-09-30,2026-09-30T10:42:55.288678-04:00,40.222,0.2542
ILMN-20260930T14415342148,ILMN,2026-09-30,2026-09-30T10:42:55.288678-04:00,276.68,-0.2667
AAON-20260930T14423495736,AAON,2026-09-30,2026-09-30T10:42:55.288678-04:00,84.163,-0.4224
BRKR-20260930T14140073384,BRKR,2026-09-30,2026-09-30T10:43:05.606722-04:00,65.6033,0.5723
BKNG-20260930T14320842010,BKNG,2026-09-30,2026-09-30T10:43:05.606722-04:00,164.8486,-0.116
RCL-20260930T14323952068,RCL,2026-09-30,2026-09-30T10:43:05.606722-04:00,268.19,0.1868
HOOD-20260930T14360925864,HOOD,2026-09-30,2026-09-30T10:43:05.606722-04:00,114.4595,0.3309
HPE-20260930T14363041439,HPE,2026-09-30,2026-09-30T10:43:05.606722-04:00,64.8,0.4057
VIAV-20260930T14412215861,VIAV,2026-09-30,2026-09-30T10:43:05.606722-04:00,40.2238,0.2587
ILMN-20260930T14415342148,ILMN,2026-09-30,2026-09-30T10:43:05.606722-04:00,276.885,-0.1928
AAON-20260930T14423495736,AAON,2026-09-30,2026-09-30T10:43:05.606722-04:00,84.1988,-0.38
BRKR-20260930T14140073384,BRKR,2026-09-30,2026-09-30T10:43:16.014520-04:00,65.58,0.5366
BKNG-20260930T14320842010,BKNG,2026-09-30,2026-09-30T10:43:16.014520-04:00,164.635,-0.2454
RCL-20260930T14323952068,RCL,2026-09-30,2026-09-30T10:43:16.014520-04:00,268.375,0.2559
HOOD-20260930T14360925864,HOOD,2026-09-30,2026-09-30T10:43:16.014520-04:00,114.392,0.2717
HPE-20260930T14363041439,HPE,2026-09-30,2026-09-30T10:43:16.014520-04:00,64.7792,0.3735
VIAV-20260930T14412215861,VIAV,2026-09-30,2026-09-30T10:43:16.014520-04:00,40.0932,-0.0668
ILMN-20260930T14415342148,ILMN,2026-09-30,2026-09-30T10:43:16.014520-04:00,277.3059,-0.0411
AAON-20260930T14423495736,AAON,2026-09-30,2026-09-30T10:43:16.014520-04:00,84.37,-0.1775
BRKR-20260930T14140073384,BRKR,2026-09-30,2026-09-30T10:43:26.371990-04:00,65.5262,0.4541
BKNG-20260930T14320842010,BKNG,2026-09-30,2026-09-30T10:43:26.371990-04:00,164.57,-0.2848
RCL-20260930T14323952068,RCL,2026-09-30,2026-09-30T10:43:26.371990-04:00,268.535,0.3157
HOOD-20260930T14360925864,HOOD,2026-09-30,2026-09-30T10:43:26.371990-04:00,114.35,0.2349
HPE-20260930T14363041439,HPE,2026-09-30,2026-09-30T10:43:26.371990-04:00,64.8732,0.5192
VIAV-20260930T14412215861,VIAV,2026-09-30,2026-09-30T10:43:26.371990-04:00,40.305,0.4611
ILMN-20260930T14415342148,ILMN,2026-09-30,2026-09-30T10:43:26.371990-04:00,276.825,-0.2145
AAON-20260930T14423495736,AAON,2026-09-30,2026-09-30T10:43:26.371990-04:00,84.1876,-0.3933
BRKR-20260930T14140073384,BRKR,2026-09-30,2026-09-30T10:43:36.763279-04:00,65.61,0.5826
BKNG-20260930T14320842010,BKNG,2026-09-30,2026-09-30T10:43:36.763279-04:00,164.555,-0.2939
RCL-20260930T14323952068,RCL,2026-09-30,2026-09-30T10:43:36.763279-04:00,268.0987,0.1527
HOOD-20260930T14360925864,HOOD,2026-09-30,2026-09-30T10:43:36.763279-04:00,114.305,0.1955
HPE-20260930T14363041439,HPE,2026-09-30,2026-09-30T10:43:36.763279-04:00,64.89,0.5452
VIAV-20260930T14412215861,VIAV,2026-09-30,2026-09-30T10:43:36.763279-04:00,40.3179,0.4933
ILMN-20260930T14415342148,ILMN,2026-09-30,2026-09-30T10:43:36.763279-04:00,276.825,-0.2145
AAON-20260930T14423495736,AAON,2026-09-30,2026-09-30T10:43:36.763279-04:00,84.1889,-0.3917
BRKR-20260930T14140073384,BRKR,2026-09-30,2026-09-30T10:43:47.121175-04:00,65.6505,0.6446
BKNG-20260930T14320842010,BKNG,2026-09-30,2026-09-30T10:43:47.121175-04:00,164.543,-0.3011
RCL-20260930T14323952068,RCL,2026-09-30,2026-09-30T10:43:47.121175-04:00,268.44,0.2802
HOOD-20260930T14360925864,HOOD,2026-09-30,2026-09-30T10:43:47.121175-04:00,114.26,0.156
HPE-20260930T14363041439,HPE,2026-09-30,2026-09-30T10:43:47.121175-04:00,64.8186,0.4346
VIAV-20260930T14412215861,VIAV,2026-09-30,2026-09-30T10:43:47.121175-04:00,40.43,0.7727
ILMN-20260930T14415342148,ILMN,2026-09-30,2026-09-30T10:43:47.121175-04:00,276.99,-0.155
AAON-20260930T14423495736,AAON,2026-09-30,2026-09-30T10:43:47.121175-04:00,84.3572,-0.1926
BRKR-20260930T14140073384,BRKR,2026-09-30,2026-09-30T10:43:57.484845-04:00,65.6505,0.6446
BKNG-20260930T14320842010,BKNG,2026-09-30,2026-09-30T10:43:57.484845-04:00,164.49,-0.3333
RCL-20260930T14323952068,RCL,2026-09-30,2026-09-30T10:43:57.484845-04:00,268.465,0.2895
HOOD-20260930T14360925864,HOOD,2026-09-30,2026-09-30T10:43:57.484845-04:00,114.24,0.1385
HPE-20260930T14363041439,HPE,2026-09-30,2026-09-30T10:43:57.484845-04:00,64.9199,0.5915
VIAV-20260930T14412215861,VIAV,2026-09-30,2026-09-30T10:43:57.484845-04:00,40.0998,-0.0503
ILMN-20260930T14415342148,ILMN,2026-09-30,2026-09-30T10:43:57.484845-04:00,276.7101,-0.2559
AAON-20260930T14423495736,AAON,2026-09-30,2026-09-30T10:43:57.484845-04:00,84.3572,-0.1926
BRKR-20260930T14140073384,BRKR,2026-09-30,2026-09-30T10:44:07.899456-04:00,65.6505,0.6446
BKNG-20260930T14320842010,BKNG,2026-09-30,2026-09-30T10:44:07.899456-04:00,164.54,-0.303
RCL-20260930T14323952068,RCL,2026-09-30,2026-09-30T10:44:07.899456-04:00,268.45,0.2839
HOOD-20260930T14360925864,HOOD,2026-09-30,2026-09-30T10:44:07.899456-04:00,114.2499,0.1472
HPE-20260930T14363041439,HPE,2026-09-30,2026-09-30T10:44:07.899456-04:00,64.91,0.5762
VIAV-20260930T14412215861,VIAV,2026-09-30,2026-09-30T10:44:07.899456-04:00,40.1197,-0.0007
ILMN-20260930T14415342148,ILMN,2026-09-30,2026-09-30T10:44:07.899456-04:00,276.58,-0.3028
AAON-20260930T14423495736,AAON,2026-09-30,2026-09-30T10:44:07.899456-04:00,84.3297,-0.2252
BRKR-20260930T14140073384,BRKR,2026-09-30,2026-09-30T10:44:18.556954-04:00,65.6436,0.6341
RCL-20260930T14323952068,RCL,2026-09-30,2026-09-30T10:44:18.556954-04:00,268.29,0.2241
HOOD-20260930T14360925864,HOOD,2026-09-30,2026-09-30T10:44:18.556954-04:00,114.31,0.1999
HPE-20260930T14363041439,HPE,2026-09-30,2026-09-30T10:44:18.556954-04:00,64.935,0.6149
VIAV-20260930T14412215861,VIAV,2026-09-30,2026-09-30T10:44:18.556954-04:00,40.36,0.5982
ILMN-20260930T14415342148,ILMN,2026-09-30,2026-09-30T10:44:18.556954-04:00,276.68,-0.2667
AAON-20260930T14423495736,AAON,2026-09-30,2026-09-30T10:44:18.556954-04:00,84.345,-0.2071
BRKR-20260930T14140073384,BRKR,2026-09-30,2026-09-30T10:44:28.881107-04:00,65.63,0.6132
RCL-20260930T14323952068,RCL,2026-09-30,2026-09-30T10:44:28.881107-04:00,268.195,0.1887
HOOD-20260930T14360925864,HOOD,2026-09-30,2026-09-30T10:44:28.881107-04:00,114.3315,0.2187
HPE-20260930T14363041439,HPE,2026-09-30,2026-09-30T10:44:28.881107-04:00,65.0345,0.7691
VIAV-20260930T14412215861,VIAV,2026-09-30,2026-09-30T10:44:28.881107-04:00,40.3514,0.5768
ILMN-20260930T14415342148,ILMN,2026-09-30,2026-09-30T10:44:28.881107-04:00,276.51,-0.328
AAON-20260930T14423495736,AAON,2026-09-30,2026-09-30T10:44:28.881107-04:00,84.3425,-0.21
BRKR-20260930T14140073384,BRKR,2026-09-30,2026-09-30T10:44:39.181351-04:00,65.63,0.6132
RCL-20260930T14323952068,RCL,2026-09-30,2026-09-30T10:44:39.181351-04:00,268.115,0.1588
HOOD-20260930T14360925864,HOOD,2026-09-30,2026-09-30T10:44:39.181351-04:00,114.345,0.2305
HPE-20260930T14363041439,HPE,2026-09-30,2026-09-30T10:44:39.181351-04:00,65.045,0.7854
VIAV-20260930T14412215861,VIAV,2026-09-30,2026-09-30T10:44:39.181351-04:00,40.39,0.673
ILMN-20260930T14415342148,ILMN,2026-09-30,2026-09-30T10:44:39.181351-04:00,276.52,-0.3244
AAON-20260930T14423495736,AAON,2026-09-30,2026-09-30T10:44:39.181351-04:00,84.52,0.0
BRKR-20260930T14140073384,BRKR,2026-09-30,2026-09-30T10:44:49.515931-04:00,65.6435,0.6339
RCL-20260930T14323952068,RCL,2026-09-30,2026-09-30T10:44:49.515931-04:00,267.9925,0.113
HOOD-20260930T14360925864,HOOD,2026-09-30,2026-09-30T10:44:49.515931-04:00,114.3229,0.2112
HPE-20260930T14363041439,HPE,2026-09-30,2026-09-30T10:44:49.515931-04:00,64.98,0.6846
VIAV-20260930T14412215861,VIAV,2026-09-30,2026-09-30T10:44:49.515931-04:00,40.35,0.5733
ILMN-20260930T14415342148,ILMN,2026-09-30,2026-09-30T10:44:49.515931-04:00,276.615,-0.2902
AAON-20260930T14423495736,AAON,2026-09-30,2026-09-30T10:44:49.515931-04:00,84.3264,-0.2291
BRKR-20260930T14140073384,BRKR,2026-09-30,2026-09-30T10:44:59.797974-04:00,65.6311,0.6149
RCL-20260930T14323952068,RCL,2026-09-30,2026-09-30T10:44:59.797974-04:00,267.97,0.1046
HOOD-20260930T14360925864,HOOD,2026-09-30,2026-09-30T10:44:59.797974-04:00,114.3068,0.1971
HPE-20260930T14363041439,HPE,2026-09-30,2026-09-30T10:44:59.797974-04:00,64.93,0.6072
VIAV-20260930T14412215861,VIAV,2026-09-30,2026-09-30T10:44:59.797974-04:00,40.105,-0.0374
ILMN-20260930T14415342148,ILMN,2026-09-30,2026-09-30T10:44:59.797974-04:00,276.53,-0.3208
AAON-20260930T14423495736,AAON,2026-09-30,2026-09-30T10:44:59.797974-04:00,84.17,-0.4141
BRKR-20260930T14140073384,BRKR,2026-09-30,2026-09-30T10:45:10.099810-04:00,65.625,0.6055
RCL-20260930T14323952068,RCL,2026-09-30,2026-09-30T10:45:10.099810-04:00,268.09,0.1494
HOOD-20260930T14360925864,HOOD,2026-09-30,2026-09-30T10:45:10.099810-04:00,114.4799,0.3488
HPE-20260930T14363041439,HPE,2026-09-30,2026-09-30T10:45:10.099810-04:00,65.0006,0.7166
VIAV-20260930T14412215861,VIAV,2026-09-30,2026-09-30T10:45:10.099810-04:00,40.1444,0.0608
ILMN-20260930T14415342148,ILMN,2026-09-30,2026-09-30T10:45:10.099810-04:00,276.63,-0.2848
AAON-20260930T14423495736,AAON,2026-09-30,2026-09-30T10:45:10.099810-04:00,84.3156,-0.2418
BRKR-20260930T14140073384,BRKR,2026-09-30,2026-09-30T10:45:20.356214-04:00,65.71,0.7359
RCL-20260930T14323952068,RCL,2026-09-30,2026-09-30T10:45:20.356214-04:00,268.04,0.1307
HOOD-20260930T14360925864,HOOD,2026-09-30,2026-09-30T10:45:20.356214-04:00,114.405,0.2831
HPE-20260930T14363041439,HPE,2026-09-30,2026-09-30T10:45:20.356214-04:00,64.8618,0.5015
VIAV-20260930T14412215861,VIAV,2026-09-30,2026-09-30T10:45:20.356214-04:00,40.355,0.5857
ILMN-20260930T14415342148,ILMN,2026-09-30,2026-09-30T10:45:20.356214-04:00,276.44,-0.3533
AAON-20260930T14423495736,AAON,2026-09-30,2026-09-30T10:45:20.356214-04:00,84.3156,-0.2418
BRKR-20260930T14140073384,BRKR,2026-09-30,2026-09-30T10:45:30.687960-04:00,65.67,0.6745
RCL-20260930T14323952068,RCL,2026-09-30,2026-09-30T10:45:30.687960-04:00,268.21,0.1943
HOOD-20260930T14360925864,HOOD,2026-09-30,2026-09-30T10:45:30.687960-04:00,114.345,0.2305
HPE-20260930T14363041439,HPE,2026-09-30,2026-09-30T10:45:30.687960-04:00,65.075,0.8318
VIAV-20260930T14412215861,VIAV,2026-09-30,2026-09-30T10:45:30.687960-04:00,40.3,0.4487
ILMN-20260930T14415342148,ILMN,2026-09-30,2026-09-30T10:45:30.687960-04:00,276.92,-0.1802
AAON-20260930T14423495736,AAON,2026-09-30,2026-09-30T10:45:30.687960-04:00,84.12,-0.4733
BRKR-20260930T14140073384,BRKR,2026-09-30,2026-09-30T10:45:41.004296-04:00,65.6723,0.6781
RCL-20260930T14323952068,RCL,2026-09-30,2026-09-30T10:45:41.004296-04:00,268.007,0.1184
HOOD-20260930T14360925864,HOOD,2026-09-30,2026-09-30T10:45:41.004296-04:00,114.325,0.213
HPE-20260930T14363041439,HPE,2026-09-30,2026-09-30T10:45:41.004296-04:00,65.05,0.7931
VIAV-20260930T14412215861,VIAV,2026-09-30,2026-09-30T10:45:41.004296-04:00,40.3384,0.5444
ILMN-20260930T14415342148,ILMN,2026-09-30,2026-09-30T10:45:41.004296-04:00,276.48,-0.3388
AAON-20260930T14423495736,AAON,2026-09-30,2026-09-30T10:45:41.004296-04:00,84.09,-0.5088
BRKR-20260930T14140073384,BRKR,2026-09-30,2026-09-30T10:45:51.371283-04:00,65.6277,0.6097
RCL-20260930T14323952068,RCL,2026-09-30,2026-09-30T10:45:51.371283-04:00,268.075,0.1438
HOOD-20260930T14360925864,HOOD,2026-09-30,2026-09-30T10:45:51.371283-04:00,114.3601,0.2438
HPE-20260930T14363041439,HPE,2026-09-30,2026-09-30T10:45:51.371283-04:00,64.8837,0.5354
VIAV-20260930T14412215861,VIAV,2026-09-30,2026-09-30T10:45:51.371283-04:00,40.34,0.5484
ILMN-20260930T14415342148,ILMN,2026-09-30,2026-09-30T10:45:51.371283-04:00,276.8379,-0.2098
AAON-20260930T14423495736,AAON,2026-09-30,2026-09-30T10:45:51.371283-04:00,84.09,-0.5088
BRKR-20260930T14140073384,BRKR,2026-09-30,2026-09-30T10:46:01.724855-04:00,65.665,0.6669
RCL-20260930T14323952068,RCL,2026-09-30,2026-09-30T10:46:01.724855-04:00,268.22,0.198
HOOD-20260930T14360925864,HOOD,2026-09-30,2026-09-30T10:46:01.724855-04:00,114.35,0.2349
HPE-20260930T14363041439,HPE,2026-09-30,2026-09-30T10:46:01.724855-04:00,65.0,0.7156
VIAV-20260930T14412215861,VIAV,2026-09-30,2026-09-30T10:46:01.724855-04:00,40.2732,0.3819
ILMN-20260930T14415342148,ILMN,2026-09-30,2026-09-30T10:46:01.724855-04:00,276.63,-0.2848
AAON-20260930T14423495736,AAON,2026-09-30,2026-09-30T10:46:01.724855-04:00,84.28,-0.284
BRKR-20260930T14140073384,BRKR,2026-09-30,2026-09-30T10:46:12.314693-04:00,65.5285,0.4576
RCL-20260930T14323952068,RCL,2026-09-30,2026-09-30T10:46:12.314693-04:00,268.365,0.2522
HOOD-20260930T14360925864,HOOD,2026-09-30,2026-09-30T10:46:12.314693-04:00,114.2489,0.1463
HPE-20260930T14363041439,HPE,2026-09-30,2026-09-30T10:46:12.314693-04:00,65.0753,0.8323
VIAV-20260930T14412215861,VIAV,2026-09-30,2026-09-30T10:46:12.314693-04:00,40.295,0.4362
ILMN-20260930T14415342148,ILMN,2026-09-30,2026-09-30T10:46:12.314693-04:00,276.63,-0.2848
AAON-20260930T14423495736,AAON,2026-09-30,2026-09-30T10:46:12.314693-04:00,84.3146,-0.243
BRKR-20260930T14140073384,BRKR,2026-09-30,2026-09-30T10:46:22.744732-04:00,65.6413,0.6305
RCL-20260930T14323952068,RCL,2026-09-30,2026-09-30T10:46:22.744732-04:00,268.21,0.1943
HOOD-20260930T14360925864,HOOD,2026-09-30,2026-09-30T10:46:22.744732-04:00,114.145,0.0552
HPE-20260930T14363041439,HPE,2026-09-30,2026-09-30T10:46:22.744732-04:00,65.1282,0.9143
VIAV-20260930T14412215861,VIAV,2026-09-30,2026-09-30T10:46:22.744732-04:00,40.3458,0.5628
ILMN-20260930T14415342148,ILMN,2026-09-30,2026-09-30T10:46:22.744732-04:00,276.7177,-0.2532
AAON-20260930T14423495736,AAON,2026-09-30,2026-09-30T10:46:22.744732-04:00,84.204,-0.3739
BRKR-20260930T14140073384,BRKR,2026-09-30,2026-09-30T10:46:33.019837-04:00,65.6434,0.6338
RCL-20260930T14323952068,RCL,2026-09-30,2026-09-30T10:46:33.019837-04:00,267.93,0.0897
HOOD-20260930T14360925864,HOOD,2026-09-30,2026-09-30T10:46:33.019837-04:00,114.4425,0.316
HPE-20260930T14363041439,HPE,2026-09-30,2026-09-30T10:46:33.019837-04:00,65.05,0.7931
VIAV-20260930T14412215861,VIAV,2026-09-30,2026-09-30T10:46:33.019837-04:00,40.272,0.3789
ILMN-20260930T14415342148,ILMN,2026-09-30,2026-09-30T10:46:33.019837-04:00,276.545,-0.3154
AAON-20260930T14423495736,AAON,2026-09-30,2026-09-30T10:46:33.019837-04:00,84.0987,-0.4985
BRKR-20260930T14140073384,BRKR,2026-09-30,2026-09-30T10:46:43.280735-04:00,65.6445,0.6354
RCL-20260930T14323952068,RCL,2026-09-30,2026-09-30T10:46:43.280735-04:00,268.1182,0.16
HOOD-20260930T14360925864,HOOD,2026-09-30,2026-09-30T10:46:43.280735-04:00,114.155,0.064
HPE-20260930T14363041439,HPE,2026-09-30,2026-09-30T10:46:43.280735-04:00,65.15,0.948
VIAV-20260930T14412215861,VIAV,2026-09-30,2026-09-30T10:46:43.280735-04:00,40.35,0.5733
ILMN-20260930T14415342148,ILMN,2026-09-30,2026-09-30T10:46:43.280735-04:00,276.435,-0.3551
AAON-20260930T14423495736,AAON,2026-09-30,2026-09-30T10:46:43.280735-04:00,84.1464,-0.442
BRKR-20260930T14140073384,BRKR,2026-09-30,2026-09-30T10:46:53.548120-04:00,65.6401,0.6287
RCL-20260930T14323952068,RCL,2026-09-30,2026-09-30T10:46:53.548120-04:00,268.2377,0.2046
HOOD-20260930T14360925864,HOOD,2026-09-30,2026-09-30T10:46:53.548120-04:00,114.12,0.0333
HPE-20260930T14363041439,HPE,2026-09-30,2026-09-30T10:46:53.548120-04:00,65.22,1.0565
VIAV-20260930T14412215861,VIAV,2026-09-30,2026-09-30T10:46:53.548120-04:00,40.3488,0.5703
ILMN-20260930T14415342148,ILMN,2026-09-30,2026-09-30T10:46:53.548120-04:00,276.22,-0.4326
AAON-20260930T14423495736,AAON,2026-09-30,2026-09-30T10:46:53.548120-04:00,84.05,-0.5561
BRKR-20260930T14140073384,BRKR,2026-09-30,2026-09-30T10:47:03.854562-04:00,65.605,0.5749
RCL-20260930T14323952068,RCL,2026-09-30,2026-09-30T10:47:03.854562-04:00,267.98,0.1083
HOOD-20260930T14360925864,HOOD,2026-09-30,2026-09-30T10:47:03.854562-04:00,114.2,0.1034
HPE-20260930T14363041439,HPE,2026-09-30,2026-09-30T10:47:03.854562-04:00,65.0005,0.7164
VIAV-20260930T14412215861,VIAV,2026-09-30,2026-09-30T10:47:03.854562-04:00,40.3493,0.5715
ILMN-20260930T14415342148,ILMN,2026-09-30,2026-09-30T10:47:03.854562-04:00,276.0,-0.5119
AAON-20260930T14423495736,AAON,2026-09-30,2026-09-30T10:47:03.854562-04:00,83.9981,-0.6175
BRKR-20260930T14140073384,BRKR,2026-09-30,2026-09-30T10:47:14.636568-04:00,65.605,0.5749
RCL-20260930T14323952068,RCL,2026-09-30,2026-09-30T10:47:14.636568-04:00,268.33,0.2391
HPE-20260930T14363041439,HPE,2026-09-30,2026-09-30T10:47:14.636568-04:00,65.03,0.7621
VIAV-20260930T14412215861,VIAV,2026-09-30,2026-09-30T10:47:14.636568-04:00,40.3893,0.6712
ILMN-20260930T14415342148,ILMN,2026-09-30,2026-09-30T10:47:14.636568-04:00,276.1488,-0.4582
AAON-20260930T14423495736,AAON,2026-09-30,2026-09-30T10:47:14.636568-04:00,84.08,-0.5206
BRKR-20260930T14140073384,BRKR,2026-09-30,2026-09-30T10:47:24.974907-04:00,65.5805,0.5373
RCL-20260930T14323952068,RCL,2026-09-30,2026-09-30T10:47:24.974907-04:00,268.2268,0.2005
HPE-20260930T14363041439,HPE,2026-09-30,2026-09-30T10:47:24.974907-04:00,65.1,0.8706
VIAV-20260930T14412215861,VIAV,2026-09-30,2026-09-30T10:47:24.974907-04:00,40.3509,0.5755
ILMN-20260930T14415342148,ILMN,2026-09-30,2026-09-30T10:47:24.974907-04:00,276.31,-0.4001
AAON-20260930T14423495736,AAON,2026-09-30,2026-09-30T10:47:24.974907-04:00,84.2877,-0.2748
BRKR-20260930T14140073384,BRKR,2026-09-30,2026-09-30T10:47:35.299278-04:00,65.6279,0.61
RCL-20260930T14323952068,RCL,2026-09-30,2026-09-30T10:47:35.299278-04:00,267.85,0.0598
HPE-20260930T14363041439,HPE,2026-09-30,2026-09-30T10:47:35.299278-04:00,65.0214,0.7488
VIAV-20260930T14412215861,VIAV,2026-09-30,2026-09-30T10:47:35.299278-04:00,40.39,0.673
ILMN-20260930T14415342148,ILMN,2026-09-30,2026-09-30T10:47:35.299278-04:00,276.31,-0.4001
AAON-20260930T14423495736,AAON,2026-09-30,2026-09-30T10:47:35.299278-04:00,84.0152,-0.5973
BRKR-20260930T14140073384,BRKR,2026-09-30,2026-09-30T10:47:45.614826-04:00,65.5816,0.539
RCL-20260930T14323952068,RCL,2026-09-30,2026-09-30T10:47:45.614826-04:00,268.26,0.2129
HPE-20260930T14363041439,HPE,2026-09-30,2026-09-30T10:47:45.614826-04:00,65.15,0.948
VIAV-20260930T14412215861,VIAV,2026-09-30,2026-09-30T10:47:45.614826-04:00,40.36,0.5982
ILMN-20260930T14415342148,ILMN,2026-09-30,2026-09-30T10:47:45.614826-04:00,276.32,-0.3965
AAON-20260930T14423495736,AAON,2026-09-30,2026-09-30T10:47:45.614826-04:00,84.2013,-0.3771
BRKR-20260930T14140073384,BRKR,2026-09-30,2026-09-30T10:47:55.939857-04:00,65.6523,0.6474
RCL-20260930T14323952068,RCL,2026-09-30,2026-09-30T10:47:55.939857-04:00,267.85,0.0598
HPE-20260930T14363041439,HPE,2026-09-30,2026-09-30T10:47:55.939857-04:00,65.0355,0.7706
VIAV-20260930T14412215861,VIAV,2026-09-30,2026-09-30T10:47:55.939857-04:00,40.35,0.5733
ILMN-20260930T14415342148,ILMN,2026-09-30,2026-09-30T10:47:55.939857-04:00,276.31,-0.4001
AAON-20260930T14423495736,AAON,2026-09-30,2026-09-30T10:47:55.939857-04:00,84.08,-0.5206
BRKR-20260930T14140073384,BRKR,2026-09-30,2026-09-30T10:48:06.282040-04:00,65.6625,0.663
RCL-20260930T14323952068,RCL,2026-09-30,2026-09-30T10:48:06.282040-04:00,268.15,0.1718
HPE-20260930T14363041439,HPE,2026-09-30,2026-09-30T10:48:06.282040-04:00,65.1522,0.9515
VIAV-20260930T14412215861,VIAV,2026-09-30,2026-09-30T10:48:06.282040-04:00,40.365,0.6107
ILMN-20260930T14415342148,ILMN,2026-09-30,2026-09-30T10:48:06.282040-04:00,276.245,-0.4235
AAON-20260930T14423495736,AAON,2026-09-30,2026-09-30T10:48:06.282040-04:00,84.09,-0.5088
BRKR-20260930T14140073384,BRKR,2026-09-30,2026-09-30T10:48:16.672909-04:00,65.6625,0.663
RCL-20260930T14323952068,RCL,2026-09-30,2026-09-30T10:48:16.672909-04:00,268.15,0.1718
HPE-20260930T14363041439,HPE,2026-09-30,2026-09-30T10:48:16.672909-04:00,64.98,0.6846
VIAV-20260930T14412215861,VIAV,2026-09-30,2026-09-30T10:48:16.672909-04:00,40.375,0.6356
ILMN-20260930T14415342148,ILMN,2026-09-30,2026-09-30T10:48:16.672909-04:00,275.8919,-0.5508
AAON-20260930T14423495736,AAON,2026-09-30,2026-09-30T10:48:16.672909-04:00,84.2112,-0.3654
BRKR-20260930T14140073384,BRKR,2026-09-30,2026-09-30T10:48:27.039459-04:00,65.6448,0.6359
RCL-20260930T14323952068,RCL,2026-09-30,2026-09-30T10:48:27.039459-04:00,268.1852,0.185
HPE-20260930T14363041439,HPE,2026-09-30,2026-09-30T10:48:27.039459-04:00,64.9,0.5607
VIAV-20260930T14412215861,VIAV,2026-09-30,2026-09-30T10:48:27.039459-04:00,40.3505,0.5745
ILMN-20260930T14415342148,ILMN,2026-09-30,2026-09-30T10:48:27.039459-04:00,276.045,-0.4956
AAON-20260930T14423495736,AAON,2026-09-30,2026-09-30T10:48:27.039459-04:00,84.24,-0.3313
BRKR-20260930T14140073384,BRKR,2026-09-30,2026-09-30T10:48:37.399159-04:00,65.68,0.6899
RCL-20260930T14323952068,RCL,2026-09-30,2026-09-30T10:48:37.399159-04:00,267.95,0.0971
HPE-20260930T14363041439,HPE,2026-09-30,2026-09-30T10:48:37.399159-04:00,64.9,0.5607
VIAV-20260930T14412215861,VIAV,2026-09-30,2026-09-30T10:48:37.399159-04:00,40.43,0.7727
ILMN-20260930T14415342148,ILMN,2026-09-30,2026-09-30T10:48:37.399159-04:00,276.39,-0.3713
AAON-20260930T14423495736,AAON,2026-09-30,2026-09-30T10:48:37.399159-04:00,84.0924,-0.5059
BRKR-20260930T14140073384,BRKR,2026-09-30,2026-09-30T10:48:47.762677-04:00,65.645,0.6362
RCL-20260930T14323952068,RCL,2026-09-30,2026-09-30T10:48:47.762677-04:00,267.6183,-0.0268
HPE-20260930T14363041439,HPE,2026-09-30,2026-09-30T10:48:47.762677-04:00,64.98,0.6846
VIAV-20260930T14412215861,VIAV,2026-09-30,2026-09-30T10:48:47.762677-04:00,40.3947,0.6847
ILMN-20260930T14415342148,ILMN,2026-09-30,2026-09-30T10:48:47.762677-04:00,276.385,-0.3731
AAON-20260930T14423495736,AAON,2026-09-30,2026-09-30T10:48:47.762677-04:00,84.24,-0.3313
BRKR-20260930T14140073384,BRKR,2026-09-30,2026-09-30T10:48:58.128933-04:00,65.68,0.6899
RCL-20260930T14323952068,RCL,2026-09-30,2026-09-30T10:48:58.128933-04:00,267.8535,0.0611
HPE-20260930T14363041439,HPE,2026-09-30,2026-09-30T10:48:58.128933-04:00,64.975,0.6769
VIAV-20260930T14412215861,VIAV,2026-09-30,2026-09-30T10:48:58.128933-04:00,40.44,0.7976
ILMN-20260930T14415342148,ILMN,2026-09-30,2026-09-30T10:48:58.128933-04:00,276.3518,-0.385
AAON-20260930T14423495736,AAON,2026-09-30,2026-09-30T10:48:58.128933-04:00,84.24,-0.3313
BRKR-20260930T14140073384,BRKR,2026-09-30,2026-09-30T10:49:08.411343-04:00,65.645,0.6362
RCL-20260930T14323952068,RCL,2026-09-30,2026-09-30T10:49:08.411343-04:00,267.55,-0.0523
HPE-20260930T14363041439,HPE,2026-09-30,2026-09-30T10:49:08.411343-04:00,64.995,0.7079
VIAV-20260930T14412215861,VIAV,2026-09-30,2026-09-30T10:49:08.411343-04:00,40.4119,0.7276
ILMN-20260930T14415342148,ILMN,2026-09-30,2026-09-30T10:49:08.411343-04:00,276.27,-0.4145
AAON-20260930T14423495736,AAON,2026-09-30,2026-09-30T10:49:08.411343-04:00,84.11,-0.4851
RVMD-20260930T14484812818,RVMD,2026-09-30,2026-09-30T10:49:08.411343-04:00,207.425,-0.2045
BRKR-20260930T14140073384,BRKR,2026-09-30,2026-09-30T10:49:18.756116-04:00,65.6451,0.6364
RCL-20260930T14323952068,RCL,2026-09-30,2026-09-30T10:49:18.756116-04:00,267.485,-0.0766
HPE-20260930T14363041439,HPE,2026-09-30,2026-09-30T10:49:18.756116-04:00,65.01,0.7311
VIAV-20260930T14412215861,VIAV,2026-09-30,2026-09-30T10:49:18.756116-04:00,40.41,0.7228
ILMN-20260930T14415342148,ILMN,2026-09-30,2026-09-30T10:49:18.756116-04:00,276.39,-0.3713
AAON-20260930T14423495736,AAON,2026-09-30,2026-09-30T10:49:18.756116-04:00,84.02,-0.5916
RVMD-20260930T14484812818,RVMD,2026-09-30,2026-09-30T10:49:18.756116-04:00,207.84,-0.0048
BRKR-20260930T14140073384,BRKR,2026-09-30,2026-09-30T10:49:29.122738-04:00,65.6954,0.7135
RCL-20260930T14323952068,RCL,2026-09-30,2026-09-30T10:49:29.122738-04:00,267.49,-0.0747
HPE-20260930T14363041439,HPE,2026-09-30,2026-09-30T10:49:29.122738-04:00,65.0626,0.8126
VIAV-20260930T14412215861,VIAV,2026-09-30,2026-09-30T10:49:29.122738-04:00,40.44,0.7976
ILMN-20260930T14415342148,ILMN,2026-09-30,2026-09-30T10:49:29.122738-04:00,276.51,-0.328
AAON-20260930T14423495736,AAON,2026-09-30,2026-09-30T10:49:29.122738-04:00,84.2127,-0.3636
RVMD-20260930T14484812818,RVMD,2026-09-30,2026-09-30T10:49:29.122738-04:00,207.6934,-0.0753
BRKR-20260930T14140073384,BRKR,2026-09-30,2026-09-30T10:49:39.513747-04:00,65.6553,0.652
RCL-20260930T14323952068,RCL,2026-09-30,2026-09-30T10:49:39.513747-04:00,267.61,-0.0299
HPE-20260930T14363041439,HPE,2026-09-30,2026-09-30T10:49:39.513747-04:00,64.9724,0.6729
VIAV-20260930T14412215861,VIAV,2026-09-30,2026-09-30T10:49:39.513747-04:00,40.43,0.7727
ILMN-20260930T14415342148,ILMN,2026-09-30,2026-09-30T10:49:39.513747-04:00,276.3573,-0.3831
AAON-20260930T14423495736,AAON,2026-09-30,2026-09-30T10:49:39.513747-04:00,84.015,-0.5975
RVMD-20260930T14484812818,RVMD,2026-09-30,2026-09-30T10:49:39.513747-04:00,207.605,-0.1179
BRKR-20260930T14140073384,BRKR,2026-09-30,2026-09-30T10:49:49.856941-04:00,65.6949,0.7127
RCL-20260930T14323952068,RCL,2026-09-30,2026-09-30T10:49:49.856941-04:00,267.575,-0.043
HPE-20260930T14363041439,HPE,2026-09-30,2026-09-30T10:49:49.856941-04:00,64.95,0.6382
VIAV-20260930T14412215861,VIAV,2026-09-30,2026-09-30T10:49:49.856941-04:00,40.2036,0.2084
ILMN-20260930T14415342148,ILMN,2026-09-30,2026-09-30T10:49:49.856941-04:00,276.3602,-0.382
AAON-20260930T14423495736,AAON,2026-09-30,2026-09-30T10:49:49.856941-04:00,84.051,-0.5549
RVMD-20260930T14484812818,RVMD,2026-09-30,2026-09-30T10:49:49.856941-04:00,207.85,0.0
BRKR-20260930T14140073384,BRKR,2026-09-30,2026-09-30T10:50:00.216390-04:00,65.6982,0.7178
RCL-20260930T14323952068,RCL,2026-09-30,2026-09-30T10:50:00.216390-04:00,267.705,0.0056
HPE-20260930T14363041439,HPE,2026-09-30,2026-09-30T10:50:00.216390-04:00,64.97,0.6691
VIAV-20260930T14412215861,VIAV,2026-09-30,2026-09-30T10:50:00.216390-04:00,40.38,0.6481
ILMN-20260930T14415342148,ILMN,2026-09-30,2026-09-30T10:50:00.216390-04:00,276.3962,-0.369
AAON-20260930T14423495736,AAON,2026-09-30,2026-09-30T10:50:00.216390-04:00,84.0545,-0.5508
RVMD-20260930T14484812818,RVMD,2026-09-30,2026-09-30T10:50:00.216390-04:00,207.86,0.0048
RCL-20260930T14323952068,RCL,2026-09-30,2026-09-30T10:50:11.086625-04:00,267.685,-0.0019
HPE-20260930T14363041439,HPE,2026-09-30,2026-09-30T10:50:11.086625-04:00,65.01,0.7311
VIAV-20260930T14412215861,VIAV,2026-09-30,2026-09-30T10:50:11.086625-04:00,40.4085,0.7191
AAON-20260930T14423495736,AAON,2026-09-30,2026-09-30T10:50:11.086625-04:00,84.017,-0.5951
RVMD-20260930T14484812818,RVMD,2026-09-30,2026-09-30T10:50:11.086625-04:00,207.72,-0.0625
RCL-20260930T14323952068,RCL,2026-09-30,2026-09-30T10:50:21.495127-04:00,267.685,-0.0019
HPE-20260930T14363041439,HPE,2026-09-30,2026-09-30T10:50:21.495127-04:00,65.068,0.821
VIAV-20260930T14412215861,VIAV,2026-09-30,2026-09-30T10:50:21.495127-04:00,40.2337,0.2834
AAON-20260930T14423495736,AAON,2026-09-30,2026-09-30T10:50:21.495127-04:00,84.0449,-0.5621
RVMD-20260930T14484812818,RVMD,2026-09-30,2026-09-30T10:50:21.495127-04:00,207.7951,-0.0264
RCL-20260930T14323952068,RCL,2026-09-30,2026-09-30T10:50:31.971830-04:00,267.685,-0.0019
HPE-20260930T14363041439,HPE,2026-09-30,2026-09-30T10:50:31.971830-04:00,65.02,0.7466
VIAV-20260930T14412215861,VIAV,2026-09-30,2026-09-30T10:50:31.971830-04:00,40.377,0.6406
AAON-20260930T14423495736,AAON,2026-09-30,2026-09-30T10:50:31.971830-04:00,84.2099,-0.3669
RVMD-20260930T14484812818,RVMD,2026-09-30,2026-09-30T10:50:31.971830-04:00,207.76,-0.0433
RCL-20260930T14323952068,RCL,2026-09-30,2026-09-30T10:50:42.401019-04:00,267.59,-0.0374
HPE-20260930T14363041439,HPE,2026-09-30,2026-09-30T10:50:42.401019-04:00,64.98,0.6846
VIAV-20260930T14412215861,VIAV,2026-09-30,2026-09-30T10:50:42.401019-04:00,40.383,0.6555
AAON-20260930T14423495736,AAON,2026-09-30,2026-09-30T10:50:42.401019-04:00,84.025,-0.5857
RVMD-20260930T14484812818,RVMD,2026-09-30,2026-09-30T10:50:42.401019-04:00,207.54,-0.1491
RCL-20260930T14323952068,RCL,2026-09-30,2026-09-30T10:50:52.939955-04:00,267.7397,0.0186
HPE-20260930T14363041439,HPE,2026-09-30,2026-09-30T10:50:52.939955-04:00,65.0669,0.8193
VIAV-20260930T14412215861,VIAV,2026-09-30,2026-09-30T10:50:52.939955-04:00,40.3832,0.656
RVMD-20260930T14484812818,RVMD,2026-09-30,2026-09-30T10:50:52.939955-04:00,207.7896,-0.0291
RCL-20260930T14323952068,RCL,2026-09-30,2026-09-30T10:51:03.397402-04:00,267.8887,0.0742
HPE-20260930T14363041439,HPE,2026-09-30,2026-09-30T10:51:03.397402-04:00,65.1117,0.8887
VIAV-20260930T14412215861,VIAV,2026-09-30,2026-09-30T10:51:03.397402-04:00,40.3803,0.6488
RVMD-20260930T14484812818,RVMD,2026-09-30,2026-09-30T10:51:03.397402-04:00,207.63,-0.1058
RCL-20260930T14323952068,RCL,2026-09-30,2026-09-30T10:51:13.750151-04:00,267.825,0.0504
HPE-20260930T14363041439,HPE,2026-09-30,2026-09-30T10:51:13.750151-04:00,65.11,0.8861
VIAV-20260930T14412215861,VIAV,2026-09-30,2026-09-30T10:51:13.750151-04:00,40.382,0.653
RVMD-20260930T14484812818,RVMD,2026-09-30,2026-09-30T10:51:13.750151-04:00,207.65,-0.0962
RCL-20260930T14323952068,RCL,2026-09-30,2026-09-30T10:51:24.024576-04:00,267.985,0.1102
HPE-20260930T14363041439,HPE,2026-09-30,2026-09-30T10:51:24.024576-04:00,65.12,0.9016
VIAV-20260930T14412215861,VIAV,2026-09-30,2026-09-30T10:51:24.024576-04:00,40.3458,0.5628
RVMD-20260930T14484812818,RVMD,2026-09-30,2026-09-30T10:51:24.024576-04:00,207.64,-0.101
RCL-20260930T14323952068,RCL,2026-09-30,2026-09-30T10:51:34.379033-04:00,267.8299,0.0523
HPE-20260930T14363041439,HPE,2026-09-30,2026-09-30T10:51:34.379033-04:00,65.0679,0.8208
VIAV-20260930T14412215861,VIAV,2026-09-30,2026-09-30T10:51:34.379033-04:00,40.3892,0.671
RVMD-20260930T14484812818,RVMD,2026-09-30,2026-09-30T10:51:34.379033-04:00,207.54,-0.1491
RCL-20260930T14323952068,RCL,2026-09-30,2026-09-30T10:51:44.878025-04:00,267.73,0.0149
HPE-20260930T14363041439,HPE,2026-09-30,2026-09-30T10:51:44.878025-04:00,65.0669,0.8193
VIAV-20260930T14412215861,VIAV,2026-09-30,2026-09-30T10:51:44.878025-04:00,40.3901,0.6732
RVMD-20260930T14484812818,RVMD,2026-09-30,2026-09-30T10:51:44.878025-04:00,207.6413,-0.1004
RCL-20260930T14323952068,RCL,2026-09-30,2026-09-30T10:51:55.299779-04:00,267.69,0.0
HPE-20260930T14363041439,HPE,2026-09-30,2026-09-30T10:51:55.299779-04:00,65.09,0.8551
VIAV-20260930T14412215861,VIAV,2026-09-30,2026-09-30T10:51:55.299779-04:00,40.319,0.496
RVMD-20260930T14484812818,RVMD,2026-09-30,2026-09-30T10:51:55.299779-04:00,207.565,-0.1371
BKNG-20260930T14513487180,BKNG,2026-09-30,2026-09-30T10:51:55.299779-04:00,165.33,0.0424
RCL-20260930T14323952068,RCL,2026-09-30,2026-09-30T10:52:05.648654-04:00,267.685,-0.0019
HPE-20260930T14363041439,HPE,2026-09-30,2026-09-30T10:52:05.648654-04:00,65.135,0.9248
VIAV-20260930T14412215861,VIAV,2026-09-30,2026-09-30T10:52:05.648654-04:00,40.3906,0.6745
RVMD-20260930T14484812818,RVMD,2026-09-30,2026-09-30T10:52:05.648654-04:00,207.61,-0.1155
BKNG-20260930T14513487180,BKNG,2026-09-30,2026-09-30T10:52:05.648654-04:00,164.8009,-0.2778
RCL-20260930T14323952068,RCL,2026-09-30,2026-09-30T10:52:16.052835-04:00,267.9141,0.0837
HPE-20260930T14363041439,HPE,2026-09-30,2026-09-30T10:52:16.052835-04:00,65.0527,0.7973
VIAV-20260930T14412215861,VIAV,2026-09-30,2026-09-30T10:52:16.052835-04:00,40.341,0.5508
RVMD-20260930T14484812818,RVMD,2026-09-30,2026-09-30T10:52:16.052835-04:00,207.82,-0.0144
BKNG-20260930T14513487180,BKNG,2026-09-30,2026-09-30T10:52:16.052835-04:00,165.44,0.1089
RCL-20260930T14323952068,RCL,2026-09-30,2026-09-30T10:52:26.443638-04:00,267.685,-0.0019
HPE-20260930T14363041439,HPE,2026-09-30,2026-09-30T10:52:26.443638-04:00,65.0256,0.7553
VIAV-20260930T14412215861,VIAV,2026-09-30,2026-09-30T10:52:26.443638-04:00,40.3954,0.6864
RVMD-20260930T14484812818,RVMD,2026-09-30,2026-09-30T10:52:26.443638-04:00,207.8802,0.0145
BKNG-20260930T14513487180,BKNG,2026-09-30,2026-09-30T10:52:26.443638-04:00,165.445,0.1119
RCL-20260930T14323952068,RCL,2026-09-30,2026-09-30T10:52:36.873537-04:00,267.685,-0.0019
HPE-20260930T14363041439,HPE,2026-09-30,2026-09-30T10:52:36.873537-04:00,65.095,0.8628
VIAV-20260930T14412215861,VIAV,2026-09-30,2026-09-30T10:52:36.873537-04:00,40.4425,0.8038
RVMD-20260930T14484812818,RVMD,2026-09-30,2026-09-30T10:52:36.873537-04:00,208.0,0.0722
BKNG-20260930T14513487180,BKNG,2026-09-30,2026-09-30T10:52:36.873537-04:00,165.4743,0.1297
RCL-20260930T14323952068,RCL,2026-09-30,2026-09-30T10:52:47.195421-04:00,267.75,0.0224
HPE-20260930T14363041439,HPE,2026-09-30,2026-09-30T10:52:47.195421-04:00,65.181,0.9961
VIAV-20260930T14412215861,VIAV,2026-09-30,2026-09-30T10:52:47.195421-04:00,40.44,0.7976
RVMD-20260930T14484812818,RVMD,2026-09-30,2026-09-30T10:52:47.195421-04:00,207.765,-0.0409
BKNG-20260930T14513487180,BKNG,2026-09-30,2026-09-30T10:52:47.195421-04:00,164.8196,-0.2665
RCL-20260930T14323952068,RCL,2026-09-30,2026-09-30T10:52:57.595670-04:00,267.85,0.0598
HPE-20260930T14363041439,HPE,2026-09-30,2026-09-30T10:52:57.595670-04:00,65.15,0.948
VIAV-20260930T14412215861,VIAV,2026-09-30,2026-09-30T10:52:57.595670-04:00,40.4027,0.7046
RVMD-20260930T14484812818,RVMD,2026-09-30,2026-09-30T10:52:57.595670-04:00,207.8967,0.0225
BKNG-20260930T14513487180,BKNG,2026-09-30,2026-09-30T10:52:57.595670-04:00,165.51,0.1513
RCL-20260930T14323952068,RCL,2026-09-30,2026-09-30T10:53:08.090846-04:00,267.86,0.0635
HPE-20260930T14363041439,HPE,2026-09-30,2026-09-30T10:53:08.090846-04:00,65.173,0.9837
VIAV-20260930T14412215861,VIAV,2026-09-30,2026-09-30T10:53:08.090846-04:00,40.4097,0.7221
RVMD-20260930T14484812818,RVMD,2026-09-30,2026-09-30T10:53:08.090846-04:00,208.13,0.1347
BKNG-20260930T14513487180,BKNG,2026-09-30,2026-09-30T10:53:08.090846-04:00,165.53,0.1634
RCL-20260930T14323952068,RCL,2026-09-30,2026-09-30T10:53:18.609515-04:00,267.99,0.1121
VIAV-20260930T14412215861,VIAV,2026-09-30,2026-09-30T10:53:18.609515-04:00,40.44,0.7976
RVMD-20260930T14484812818,RVMD,2026-09-30,2026-09-30T10:53:18.609515-04:00,208.055,0.0986
BKNG-20260930T14513487180,BKNG,2026-09-30,2026-09-30T10:53:18.609515-04:00,165.5,0.1452
RCL-20260930T14323952068,RCL,2026-09-30,2026-09-30T10:53:28.971698-04:00,267.98,0.1083
VIAV-20260930T14412215861,VIAV,2026-09-30,2026-09-30T10:53:28.971698-04:00,40.47,0.8724
RVMD-20260930T14484812818,RVMD,2026-09-30,2026-09-30T10:53:28.971698-04:00,208.12,0.1299
BKNG-20260930T14513487180,BKNG,2026-09-30,2026-09-30T10:53:28.971698-04:00,165.525,0.1604
RCL-20260930T14323952068,RCL,2026-09-30,2026-09-30T10:53:39.449779-04:00,267.975,0.1065
VIAV-20260930T14412215861,VIAV,2026-09-30,2026-09-30T10:53:39.449779-04:00,40.4021,0.7031
RVMD-20260930T14484812818,RVMD,2026-09-30,2026-09-30T10:53:39.449779-04:00,208.08,0.1107
BKNG-20260930T14513487180,BKNG,2026-09-30,2026-09-30T10:53:39.449779-04:00,165.55,0.1755
RCL-20260930T14323952068,RCL,2026-09-30,2026-09-30T10:53:49.808323-04:00,268.03,0.127
VIAV-20260930T14412215861,VIAV,2026-09-30,2026-09-30T10:53:49.808323-04:00,40.4021,0.7031
RVMD-20260930T14484812818,RVMD,2026-09-30,2026-09-30T10:53:49.808323-04:00,207.7307,-0.0574
BKNG-20260930T14513487180,BKNG,2026-09-30,2026-09-30T10:53:49.808323-04:00,164.9014,-0.217
RCL-20260930T14323952068,RCL,2026-09-30,2026-09-30T10:54:00.196042-04:00,267.975,0.1065
VIAV-20260930T14412215861,VIAV,2026-09-30,2026-09-30T10:54:00.196042-04:00,40.45,0.8225
RVMD-20260930T14484812818,RVMD,2026-09-30,2026-09-30T10:54:00.196042-04:00,208.17,0.154
BKNG-20260930T14513487180,BKNG,2026-09-30,2026-09-30T10:54:00.196042-04:00,165.2476,-0.0075
RCL-20260930T14323952068,RCL,2026-09-30,2026-09-30T10:54:10.739516-04:00,268.05,0.1345
VIAV-20260930T14412215861,VIAV,2026-09-30,2026-09-30T10:54:10.739516-04:00,40.46,0.8475
RVMD-20260930T14484812818,RVMD,2026-09-30,2026-09-30T10:54:10.739516-04:00,207.925,0.0361
BKNG-20260930T14513487180,BKNG,2026-09-30,2026-09-30T10:54:10.739516-04:00,164.9476,-0.189
RCL-20260930T14323952068,RCL,2026-09-30,2026-09-30T10:54:21.111931-04:00,268.305,0.2297
VIAV-20260930T14412215861,VIAV,2026-09-30,2026-09-30T10:54:21.111931-04:00,40.3901,0.6732
RVMD-20260930T14484812818,RVMD,2026-09-30,2026-09-30T10:54:21.111931-04:00,207.9339,0.0404
BKNG-20260930T14513487180,BKNG,2026-09-30,2026-09-30T10:54:21.111931-04:00,165.895,0.3842
RCL-20260930T14323952068,RCL,2026-09-30,2026-09-30T10:54:31.541123-04:00,268.31,0.2316
VIAV-20260930T14412215861,VIAV,2026-09-30,2026-09-30T10:54:31.541123-04:00,40.4278,0.7672
RVMD-20260930T14484812818,RVMD,2026-09-30,2026-09-30T10:54:31.541123-04:00,207.855,0.0024
BKNG-20260930T14513487180,BKNG,2026-09-30,2026-09-30T10:54:31.541123-04:00,165.945,0.4145
RCL-20260930T14323952068,RCL,2026-09-30,2026-09-30T10:54:41.986263-04:00,268.315,0.2335
VIAV-20260930T14412215861,VIAV,2026-09-30,2026-09-30T10:54:41.986263-04:00,40.4291,0.7704
RVMD-20260930T14484812818,RVMD,2026-09-30,2026-09-30T10:54:41.986263-04:00,208.15,0.1443
BKNG-20260930T14513487180,BKNG,2026-09-30,2026-09-30T10:54:41.986263-04:00,165.8836,0.3773
RCL-20260930T14323952068,RCL,2026-09-30,2026-09-30T10:54:52.469730-04:00,268.1,0.1532
VIAV-20260930T14412215861,VIAV,2026-09-30,2026-09-30T10:54:52.469730-04:00,40.5,0.9472
RVMD-20260930T14484812818,RVMD,2026-09-30,2026-09-30T10:54:52.469730-04:00,207.841,-0.0043
BKNG-20260930T14513487180,BKNG,2026-09-30,2026-09-30T10:54:52.469730-04:00,165.81,0.3328
RCL-20260930T14323952068,RCL,2026-09-30,2026-09-30T10:55:02.926124-04:00,268.265,0.2148
VIAV-20260930T14412215861,VIAV,2026-09-30,2026-09-30T10:55:02.926124-04:00,40.4353,0.7859
RVMD-20260930T14484812818,RVMD,2026-09-30,2026-09-30T10:55:02.926124-04:00,208.1714,0.1546
BKNG-20260930T14513487180,BKNG,2026-09-30,2026-09-30T10:55:02.926124-04:00,165.7407,0.2909
RCL-20260930T14323952068,RCL,2026-09-30,2026-09-30T10:55:13.566545-04:00,268.2124,0.1952
VIAV-20260930T14412215861,VIAV,2026-09-30,2026-09-30T10:55:13.566545-04:00,40.4367,0.7894
RVMD-20260930T14484812818,RVMD,2026-09-30,2026-09-30T10:55:13.566545-04:00,208.62,0.3705
BKNG-20260930T14513487180,BKNG,2026-09-30,2026-09-30T10:55:13.566545-04:00,165.81,0.3328
RCL-20260930T14323952068,RCL,2026-09-30,2026-09-30T10:55:24.013371-04:00,267.9466,0.0959
VIAV-20260930T14412215861,VIAV,2026-09-30,2026-09-30T10:55:24.013371-04:00,40.46,0.8475
RVMD-20260930T14484812818,RVMD,2026-09-30,2026-09-30T10:55:24.013371-04:00,208.71,0.4138
BKNG-20260930T14513487180,BKNG,2026-09-30,2026-09-30T10:55:24.013371-04:00,165.735,0.2874
RCL-20260930T14323952068,RCL,2026-09-30,2026-09-30T10:55:34.429777-04:00,267.9694,0.1044
VIAV-20260930T14412215861,VIAV,2026-09-30,2026-09-30T10:55:34.429777-04:00,40.375,0.6356
RVMD-20260930T14484812818,RVMD,2026-09-30,2026-09-30T10:55:34.429777-04:00,208.2271,0.1814
BKNG-20260930T14513487180,BKNG,2026-09-30,2026-09-30T10:55:34.429777-04:00,165.8404,0.3512
RCL-20260930T14323952068,RCL,2026-09-30,2026-09-30T10:55:44.897425-04:00,268.2044,0.1922
VIAV-20260930T14412215861,VIAV,2026-09-30,2026-09-30T10:55:44.897425-04:00,40.44,0.7976
RVMD-20260930T14484812818,RVMD,2026-09-30,2026-09-30T10:55:44.897425-04:00,208.69,0.4041
BKNG-20260930T14513487180,BKNG,2026-09-30,2026-09-30T10:55:44.897425-04:00,165.65,0.236
RCL-20260930T14323952068,RCL,2026-09-30,2026-09-30T10:55:55.393605-04:00,268.1185,0.1601
VIAV-20260930T14412215861,VIAV,2026-09-30,2026-09-30T10:55:55.393605-04:00,40.395,0.6854
RVMD-20260930T14484812818,RVMD,2026-09-30,2026-09-30T10:55:55.393605-04:00,208.4611,0.294
BKNG-20260930T14513487180,BKNG,2026-09-30,2026-09-30T10:55:55.393605-04:00,165.7567,0.3006
RCL-20260930T14323952068,RCL,2026-09-30,2026-09-30T10:56:05.816058-04:00,268.065,0.1401
VIAV-20260930T14412215861,VIAV,2026-09-30,2026-09-30T10:56:05.816058-04:00,40.446,0.8126
RVMD-20260930T14484812818,RVMD,2026-09-30,2026-09-30T10:56:05.816058-04:00,208.0201,0.0818
BKNG-20260930T14513487180,BKNG,2026-09-30,2026-09-30T10:56:05.816058-04:00,165.3953,0.0819
RCL-20260930T14323952068,RCL,2026-09-30,2026-09-30T10:56:16.538612-04:00,267.9004,0.0786
VIAV-20260930T14412215861,VIAV,2026-09-30,2026-09-30T10:56:16.538612-04:00,40.4624,0.8534
RVMD-20260930T14484812818,RVMD,2026-09-30,2026-09-30T10:56:16.538612-04:00,208.64,0.3801
BKNG-20260930T14513487180,BKNG,2026-09-30,2026-09-30T10:56:16.538612-04:00,165.24,-0.0121
RCL-20260930T14323952068,RCL,2026-09-30,2026-09-30T10:56:27.025761-04:00,267.975,0.1065
VIAV-20260930T14412215861,VIAV,2026-09-30,2026-09-30T10:56:27.025761-04:00,40.3912,0.676
RVMD-20260930T14484812818,RVMD,2026-09-30,2026-09-30T10:56:27.025761-04:00,208.22,0.178
BKNG-20260930T14513487180,BKNG,2026-09-30,2026-09-30T10:56:27.025761-04:00,165.4167,0.0948
RCL-20260930T14323952068,RCL,2026-09-30,2026-09-30T10:56:37.709271-04:00,267.97,0.1046
VIAV-20260930T14412215861,VIAV,2026-09-30,2026-09-30T10:56:37.709271-04:00,40.4,0.6979
RVMD-20260930T14484812818,RVMD,2026-09-30,2026-09-30T10:56:37.709271-04:00,208.5272,0.3258
BKNG-20260930T14513487180,BKNG,2026-09-30,2026-09-30T10:56:37.709271-04:00,165.5758,0.1911
RCL-20260930T14323952068,RCL,2026-09-30,2026-09-30T10:56:48.088776-04:00,268.0,0.1158
VIAV-20260930T14412215861,VIAV,2026-09-30,2026-09-30T10:56:48.088776-04:00,40.4548,0.8345
RVMD-20260930T14484812818,RVMD,2026-09-30,2026-09-30T10:56:48.088776-04:00,208.24,0.1876
BKNG-20260930T14513487180,BKNG,2026-09-30,2026-09-30T10:56:48.088776-04:00,165.3,0.0242
RCL-20260930T14323952068,RCL,2026-09-30,2026-09-30T10:56:58.472040-04:00,268.0,0.1158
VIAV-20260930T14412215861,VIAV,2026-09-30,2026-09-30T10:56:58.472040-04:00,40.44,0.7976
RVMD-20260930T14484812818,RVMD,2026-09-30,2026-09-30T10:56:58.472040-04:00,208.567,0.345
BKNG-20260930T14513487180,BKNG,2026-09-30,2026-09-30T10:56:58.472040-04:00,165.19,-0.0424
HPE-20260930T14563807799,HPE,2026-09-30,2026-09-30T10:56:58.472040-04:00,65.415,0.0229
RCL-20260930T14323952068,RCL,2026-09-30,2026-09-30T10:57:08.827770-04:00,267.92,0.0859
VIAV-20260930T14412215861,VIAV,2026-09-30,2026-09-30T10:57:08.827770-04:00,40.395,0.6854
RVMD-20260930T14484812818,RVMD,2026-09-30,2026-09-30T10:57:08.827770-04:00,208.37,0.2502
BKNG-20260930T14513487180,BKNG,2026-09-30,2026-09-30T10:57:08.827770-04:00,165.23,-0.0182
HPE-20260930T14563807799,HPE,2026-09-30,2026-09-30T10:57:08.827770-04:00,65.545,0.2217
RCL-20260930T14323952068,RCL,2026-09-30,2026-09-30T10:57:19.345310-04:00,268.09,0.1494
VIAV-20260930T14412215861,VIAV,2026-09-30,2026-09-30T10:57:19.345310-04:00,40.4,0.6979
RVMD-20260930T14484812818,RVMD,2026-09-30,2026-09-30T10:57:19.345310-04:00,208.5118,0.3184
HPE-20260930T14563807799,HPE,2026-09-30,2026-09-30T10:57:19.345310-04:00,65.6,0.3058
RCL-20260930T14323952068,RCL,2026-09-30,2026-09-30T10:57:29.697161-04:00,268.33,0.2391
VIAV-20260930T14412215861,VIAV,2026-09-30,2026-09-30T10:57:29.697161-04:00,40.4505,0.8238
RVMD-20260930T14484812818,RVMD,2026-09-30,2026-09-30T10:57:29.697161-04:00,208.21,0.1732
HPE-20260930T14563807799,HPE,2026-09-30,2026-09-30T10:57:29.697161-04:00,65.7,0.4587
RCL-20260930T14323952068,RCL,2026-09-30,2026-09-30T10:57:40.165757-04:00,268.4,0.2652
VIAV-20260930T14412215861,VIAV,2026-09-30,2026-09-30T10:57:40.165757-04:00,40.46,0.8475
RVMD-20260930T14484812818,RVMD,2026-09-30,2026-09-30T10:57:40.165757-04:00,208.1982,0.1675
HPE-20260930T14563807799,HPE,2026-09-30,2026-09-30T10:57:40.165757-04:00,65.73,0.5046
RCL-20260930T14323952068,RCL,2026-09-30,2026-09-30T10:57:50.583066-04:00,268.42,0.2727
VIAV-20260930T14412215861,VIAV,2026-09-30,2026-09-30T10:57:50.583066-04:00,40.445,0.8101
RVMD-20260930T14484812818,RVMD,2026-09-30,2026-09-30T10:57:50.583066-04:00,208.2073,0.1719
HPE-20260930T14563807799,HPE,2026-09-30,2026-09-30T10:57:50.583066-04:00,65.7251,0.4971
RCL-20260930T14323952068,RCL,2026-09-30,2026-09-30T10:58:00.985144-04:00,268.4,0.2652
VIAV-20260930T14412215861,VIAV,2026-09-30,2026-09-30T10:58:00.985144-04:00,40.4536,0.8315
RVMD-20260930T14484812818,RVMD,2026-09-30,2026-09-30T10:58:00.985144-04:00,207.8301,-0.0096
HPE-20260930T14563807799,HPE,2026-09-30,2026-09-30T10:58:00.985144-04:00,65.72,0.4893
RCL-20260930T14323952068,RCL,2026-09-30,2026-09-30T10:58:11.558746-04:00,268.355,0.2484
VIAV-20260930T14412215861,VIAV,2026-09-30,2026-09-30T10:58:11.558746-04:00,40.44,0.7976
HPE-20260930T14563807799,HPE,2026-09-30,2026-09-30T10:58:11.558746-04:00,65.6601,0.3977
RCL-20260930T14323952068,RCL,2026-09-30,2026-09-30T10:58:21.964191-04:00,268.29,0.2241
VIAV-20260930T14412215861,VIAV,2026-09-30,2026-09-30T10:58:21.964191-04:00,40.4409,0.7999
HPE-20260930T14563807799,HPE,2026-09-30,2026-09-30T10:58:21.964191-04:00,65.7186,0.4872
RCL-20260930T14323952068,RCL,2026-09-30,2026-09-30T10:58:32.336509-04:00,268.29,0.2241
VIAV-20260930T14412215861,VIAV,2026-09-30,2026-09-30T10:58:32.336509-04:00,40.45,0.8225
HPE-20260930T14563807799,HPE,2026-09-30,2026-09-30T10:58:32.336509-04:00,65.3157,-0.1289
RCL-20260930T14323952068,RCL,2026-09-30,2026-09-30T10:58:42.677189-04:00,268.29,0.2241
VIAV-20260930T14412215861,VIAV,2026-09-30,2026-09-30T10:58:42.677189-04:00,40.41,0.7228
HPE-20260930T14563807799,HPE,2026-09-30,2026-09-30T10:58:42.677189-04:00,65.758,0.5474
RCL-20260930T14323952068,RCL,2026-09-30,2026-09-30T10:58:53.019373-04:00,268.29,0.2241
VIAV-20260930T14412215861,VIAV,2026-09-30,2026-09-30T10:58:53.019373-04:00,40.45,0.8225
HPE-20260930T14563807799,HPE,2026-09-30,2026-09-30T10:58:53.019373-04:00,65.9,0.7645
RCL-20260930T14323952068,RCL,2026-09-30,2026-09-30T10:59:03.466836-04:00,268.29,0.2241
VIAV-20260930T14412215861,VIAV,2026-09-30,2026-09-30T10:59:03.466836-04:00,40.4447,0.8093
HPE-20260930T14563807799,HPE,2026-09-30,2026-09-30T10:59:03.466836-04:00,65.9441,0.832
RCL-20260930T14323952068,RCL,2026-09-30,2026-09-30T10:59:14.193578-04:00,268.3008,0.2282
VIAV-20260930T14412215861,VIAV,2026-09-30,2026-09-30T10:59:14.193578-04:00,40.43,0.7727
RCL-20260930T14323952068,RCL,2026-09-30,2026-09-30T10:59:24.682625-04:00,268.36,0.2503
VIAV-20260930T14412215861,VIAV,2026-09-30,2026-09-30T10:59:24.682625-04:00,40.46,0.8475
RCL-20260930T14323952068,RCL,2026-09-30,2026-09-30T10:59:35.108252-04:00,268.46,0.2876
VIAV-20260930T14412215861,VIAV,2026-09-30,2026-09-30T10:59:35.108252-04:00,40.475,0.8848
RCL-20260930T14323952068,RCL,2026-09-30,2026-09-30T10:59:45.507739-04:00,268.4887,0.2984
VIAV-20260930T14412215861,VIAV,2026-09-30,2026-09-30T10:59:45.507739-04:00,40.49,0.9222
RCL-20260930T14323952068,RCL,2026-09-30,2026-09-30T10:59:55.988912-04:00,268.4475,0.283
VIAV-20260930T14412215861,VIAV,2026-09-30,2026-09-30T10:59:55.988912-04:00,40.48,0.8973
RCL-20260930T14323952068,RCL,2026-09-30,2026-09-30T11:00:06.538709-04:00,268.445,0.282
VIAV-20260930T14412215861,VIAV,2026-09-30,2026-09-30T11:00:06.538709-04:00,40.475,0.8848
RCL-20260930T14323952068,RCL,2026-09-30,2026-09-30T11:00:17.250607-04:00,268.44,0.2802
VIAV-20260930T14412215861,VIAV,2026-09-30,2026-09-30T11:00:17.250607-04:00,40.4519,0.8273
RCL-20260930T14323952068,RCL,2026-09-30,2026-09-30T11:00:27.794210-04:00,268.535,0.3157
VIAV-20260930T14412215861,VIAV,2026-09-30,2026-09-30T11:00:27.794210-04:00,40.4603,0.8482
RCL-20260930T14323952068,RCL,2026-09-30,2026-09-30T11:00:38.452945-04:00,268.66,0.3624
VIAV-20260930T14412215861,VIAV,2026-09-30,2026-09-30T11:00:38.452945-04:00,40.4599,0.8472
RCL-20260930T14323952068,RCL,2026-09-30,2026-09-30T11:00:49.047851-04:00,268.6916,0.3742
VIAV-20260930T14412215861,VIAV,2026-09-30,2026-09-30T11:00:49.047851-04:00,40.48,0.8973
RCL-20260930T14323952068,RCL,2026-09-30,2026-09-30T11:00:59.785576-04:00,268.75,0.396
VIAV-20260930T14412215861,VIAV,2026-09-30,2026-09-30T11:00:59.785576-04:00,40.525,1.0095
RCL-20260930T14323952068,RCL,2026-09-30,2026-09-30T11:01:10.501422-04:00,268.8,0.4147
VIAV-20260930T14412215861,VIAV,2026-09-30,2026-09-30T11:01:10.501422-04:00,40.47,0.8724
RCL-20260930T14323952068,RCL,2026-09-30,2026-09-30T11:01:21.093648-04:00,268.85,0.4333
RCL-20260930T14323952068,RCL,2026-09-30,2026-09-30T11:01:31.532794-04:00,269.14,0.5417
RCL-20260930T14323952068,RCL,2026-09-30,2026-09-30T11:01:41.986543-04:00,269.21,0.5678
RCL-20260930T14323952068,RCL,2026-09-30,2026-09-30T11:01:52.438163-04:00,269.23,0.5753
RCL-20260930T14323952068,RCL,2026-09-30,2026-09-30T11:02:02.880578-04:00,268.89,0.4483
RCL-20260930T14323952068,RCL,2026-09-30,2026-09-30T11:02:13.407032-04:00,268.875,0.4427
RCL-20260930T14323952068,RCL,2026-09-30,2026-09-30T11:02:23.794811-04:00,268.82,0.4221
RCL-20260930T14323952068,RCL,2026-09-30,2026-09-30T11:02:34.135393-04:00,268.84,0.4296
RCL-20260930T14323952068,RCL,2026-09-30,2026-09-30T11:02:44.684516-04:00,268.71,0.381
RCL-20260930T14323952068,RCL,2026-09-30,2026-09-30T11:02:55.032973-04:00,268.4752,0.2933
RCL-20260930T14323952068,RCL,2026-09-30,2026-09-30T11:03:05.435641-04:00,268.34,0.2428
RCL-20260930T14323952068,RCL,2026-09-30,2026-09-30T11:03:16.017014-04:00,268.35,0.2466
RCL-20260930T14323952068,RCL,2026-09-30,2026-09-30T11:03:26.568974-04:00,268.535,0.3157
RCL-20260930T14323952068,RCL,2026-09-30,2026-09-30T11:03:37.111879-04:00,269.0,0.4894
RCL-20260930T14323952068,RCL,2026-09-30,2026-09-30T11:03:47.518655-04:00,268.855,0.4352
RCL-20260930T14323952068,RCL,2026-09-30,2026-09-30T11:03:57.920688-04:00,268.7193,0.3845
RCL-20260930T14323952068,RCL,2026-09-30,2026-09-30T11:04:08.298727-04:00,268.8916,0.4489
RCL-20260930T14323952068,RCL,2026-09-30,2026-09-30T11:04:18.764068-04:00,268.75,0.396
RCL-20260930T14323952068,RCL,2026-09-30,2026-09-30T11:04:29.146652-04:00,268.885,0.4464
RCL-20260930T14323952068,RCL,2026-09-30,2026-09-30T11:04:39.455798-04:00,268.7944,0.4126
RCL-20260930T14323952068,RCL,2026-09-30,2026-09-30T11:04:49.789907-04:00,269.1,0.5267
RCL-20260930T14323952068,RCL,2026-09-30,2026-09-30T11:05:00.192578-04:00,268.8833,0.4458
RCL-20260930T14323952068,RCL,2026-09-30,2026-09-30T11:05:10.681986-04:00,269.11,0.5305
RCL-20260930T14323952068,RCL,2026-09-30,2026-09-30T11:05:21.252633-04:00,269.235,0.5772
RCL-20260930T14323952068,RCL,2026-09-30,2026-09-30T11:05:31.665396-04:00,269.285,0.5958
RCL-20260930T14323952068,RCL,2026-09-30,2026-09-30T11:05:42.054243-04:00,269.41,0.6425
RCL-20260930T14323952068,RCL,2026-09-30,2026-09-30T11:05:52.482254-04:00,269.0704,0.5157
RCL-20260930T14323952068,RCL,2026-09-30,2026-09-30T11:06:02.983985-04:00,269.085,0.5211
RCL-20260930T14323952068,RCL,2026-09-30,2026-09-30T11:06:13.432819-04:00,269.01,0.4931
RCL-20260930T14323952068,RCL,2026-09-30,2026-09-30T11:06:23.753259-04:00,269.095,0.5249
RCL-20260930T14323952068,RCL,2026-09-30,2026-09-30T11:06:34.166221-04:00,269.09,0.523
RCL-20260930T14323952068,RCL,2026-09-30,2026-09-30T11:06:44.661617-04:00,268.9701,0.4782
HOOD-20260930T15062415549,HOOD,2026-09-30,2026-09-30T11:06:44.661617-04:00,114.025,0.0518
RCL-20260930T14323952068,RCL,2026-09-30,2026-09-30T11:06:54.954673-04:00,269.31,0.6052
HOOD-20260930T15062415549,HOOD,2026-09-30,2026-09-30T11:06:54.954673-04:00,114.045,0.0693
RCL-20260930T14323952068,RCL,2026-09-30,2026-09-30T11:07:05.308552-04:00,269.07,0.5155
HOOD-20260930T15062415549,HOOD,2026-09-30,2026-09-30T11:07:05.308552-04:00,114.07,0.0913
RCL-20260930T14323952068,RCL,2026-09-30,2026-09-30T11:07:15.761945-04:00,268.98,0.4819
HOOD-20260930T15062415549,HOOD,2026-09-30,2026-09-30T11:07:15.761945-04:00,113.9699,0.0034
RCL-20260930T14323952068,RCL,2026-09-30,2026-09-30T11:07:26.085691-04:00,269.1076,0.5296
HOOD-20260930T15062415549,HOOD,2026-09-30,2026-09-30T11:07:26.085691-04:00,114.13,0.1439
VIAV-20260930T15070576105,VIAV,2026-09-30,2026-09-30T11:07:26.085691-04:00,40.6,0.0739
RCL-20260930T14323952068,RCL,2026-09-30,2026-09-30T11:07:36.428810-04:00,269.08,0.5193
HOOD-20260930T15062415549,HOOD,2026-09-30,2026-09-30T11:07:36.428810-04:00,114.06,0.0825
VIAV-20260930T15070576105,VIAV,2026-09-30,2026-09-30T11:07:36.428810-04:00,40.4258,-0.3554
RCL-20260930T14323952068,RCL,2026-09-30,2026-09-30T11:07:46.817902-04:00,268.9999,0.4893
HOOD-20260930T15062415549,HOOD,2026-09-30,2026-09-30T11:07:46.817902-04:00,114.0627,0.0848
VIAV-20260930T15070576105,VIAV,2026-09-30,2026-09-30T11:07:46.817902-04:00,40.4265,-0.3537
RCL-20260930T14323952068,RCL,2026-09-30,2026-09-30T11:07:57.133270-04:00,268.915,0.4576
HOOD-20260930T15062415549,HOOD,2026-09-30,2026-09-30T11:07:57.133270-04:00,114.06,0.0825
VIAV-20260930T15070576105,VIAV,2026-09-30,2026-09-30T11:07:57.133270-04:00,40.4948,-0.1854
RCL-20260930T14323952068,RCL,2026-09-30,2026-09-30T11:08:07.576803-04:00,269.12,0.5342
HOOD-20260930T15062415549,HOOD,2026-09-30,2026-09-30T11:08:07.576803-04:00,114.095,0.1132
VIAV-20260930T15070576105,VIAV,2026-09-30,2026-09-30T11:08:07.576803-04:00,40.56,-0.0246
RCL-20260930T14323952068,RCL,2026-09-30,2026-09-30T11:08:18.015017-04:00,268.975,0.48
HOOD-20260930T15062415549,HOOD,2026-09-30,2026-09-30T11:08:18.015017-04:00,113.9501,-0.014
VIAV-20260930T15070576105,VIAV,2026-09-30,2026-09-30T11:08:18.015017-04:00,40.56,-0.0246
RCL-20260930T14323952068,RCL,2026-09-30,2026-09-30T11:08:28.485854-04:00,268.86,0.4371
HOOD-20260930T15062415549,HOOD,2026-09-30,2026-09-30T11:08:28.485854-04:00,114.015,0.043
VIAV-20260930T15070576105,VIAV,2026-09-30,2026-09-30T11:08:28.485854-04:00,40.47,-0.2465
RCL-20260930T14323952068,RCL,2026-09-30,2026-09-30T11:08:38.800699-04:00,269.17,0.5529
HOOD-20260930T15062415549,HOOD,2026-09-30,2026-09-30T11:08:38.800699-04:00,114.08,0.1
VIAV-20260930T15070576105,VIAV,2026-09-30,2026-09-30T11:08:38.800699-04:00,40.5,-0.1725
RCL-20260930T14323952068,RCL,2026-09-30,2026-09-30T11:08:49.214692-04:00,269.185,0.5585
HOOD-20260930T15062415549,HOOD,2026-09-30,2026-09-30T11:08:49.214692-04:00,114.198,0.2036
VIAV-20260930T15070576105,VIAV,2026-09-30,2026-09-30T11:08:49.214692-04:00,40.4834,-0.2135
RCL-20260930T14323952068,RCL,2026-09-30,2026-09-30T11:08:59.552414-04:00,269.25,0.5828
HOOD-20260930T15062415549,HOOD,2026-09-30,2026-09-30T11:08:59.552414-04:00,114.21,0.2141
VIAV-20260930T15070576105,VIAV,2026-09-30,2026-09-30T11:08:59.552414-04:00,40.5119,-0.1432
RCL-20260930T14323952068,RCL,2026-09-30,2026-09-30T11:09:09.902617-04:00,269.19,0.5603
HOOD-20260930T15062415549,HOOD,2026-09-30,2026-09-30T11:09:09.902617-04:00,114.2072,0.2116
VIAV-20260930T15070576105,VIAV,2026-09-30,2026-09-30T11:09:09.902617-04:00,40.485,-0.2095
RCL-20260930T14323952068,RCL,2026-09-30,2026-09-30T11:09:20.342111-04:00,269.209,0.5674
HOOD-20260930T15062415549,HOOD,2026-09-30,2026-09-30T11:09:20.342111-04:00,114.2229,0.2254
VIAV-20260930T15070576105,VIAV,2026-09-30,2026-09-30T11:09:20.342111-04:00,40.49,-0.1972
RCL-20260930T14323952068,RCL,2026-09-30,2026-09-30T11:09:30.703750-04:00,269.31,0.6052
HOOD-20260930T15062415549,HOOD,2026-09-30,2026-09-30T11:09:30.703750-04:00,114.23,0.2316
VIAV-20260930T15070576105,VIAV,2026-09-30,2026-09-30T11:09:30.703750-04:00,40.4859,-0.2073
RCL-20260930T14323952068,RCL,2026-09-30,2026-09-30T11:09:40.983917-04:00,269.315,0.607
HOOD-20260930T15062415549,HOOD,2026-09-30,2026-09-30T11:09:40.983917-04:00,114.175,0.1834
VIAV-20260930T15070576105,VIAV,2026-09-30,2026-09-30T11:09:40.983917-04:00,40.5393,-0.0757
RCL-20260930T14323952068,RCL,2026-09-30,2026-09-30T11:09:51.317832-04:00,269.26,0.5865
HOOD-20260930T15062415549,HOOD,2026-09-30,2026-09-30T11:09:51.317832-04:00,114.14,0.1527
VIAV-20260930T15070576105,VIAV,2026-09-30,2026-09-30T11:09:51.317832-04:00,40.536,-0.0838
RCL-20260930T14323952068,RCL,2026-09-30,2026-09-30T11:10:01.688923-04:00,269.1332,0.5391
HOOD-20260930T15062415549,HOOD,2026-09-30,2026-09-30T11:10:01.688923-04:00,114.18,0.1878
VIAV-20260930T15070576105,VIAV,2026-09-30,2026-09-30T11:10:01.688923-04:00,40.4847,-0.2103
RCL-20260930T14323952068,RCL,2026-09-30,2026-09-30T11:10:12.563169-04:00,269.31,0.6052
HOOD-20260930T15062415549,HOOD,2026-09-30,2026-09-30T11:10:12.563169-04:00,114.195,0.2009
VIAV-20260930T15070576105,VIAV,2026-09-30,2026-09-30T11:10:12.563169-04:00,40.5375,-0.0801
RCL-20260930T14323952068,RCL,2026-09-30,2026-09-30T11:10:23.016478-04:00,269.41,0.6425
HOOD-20260930T15062415549,HOOD,2026-09-30,2026-09-30T11:10:23.016478-04:00,114.2058,0.2104
VIAV-20260930T15070576105,VIAV,2026-09-30,2026-09-30T11:10:23.016478-04:00,40.56,-0.0246
RCL-20260930T14323952068,RCL,2026-09-30,2026-09-30T11:10:33.500381-04:00,269.38,0.6313
HOOD-20260930T15062415549,HOOD,2026-09-30,2026-09-30T11:10:33.500381-04:00,114.16,0.1702
VIAV-20260930T15070576105,VIAV,2026-09-30,2026-09-30T11:10:33.500381-04:00,40.555,-0.037
RCL-20260930T14323952068,RCL,2026-09-30,2026-09-30T11:10:43.945737-04:00,269.625,0.7229
HOOD-20260930T15062415549,HOOD,2026-09-30,2026-09-30T11:10:43.945737-04:00,114.145,0.1571
VIAV-20260930T15070576105,VIAV,2026-09-30,2026-09-30T11:10:43.945737-04:00,40.55,-0.0493
RCL-20260930T14323952068,RCL,2026-09-30,2026-09-30T11:10:54.431427-04:00,269.55,0.6948
HOOD-20260930T15062415549,HOOD,2026-09-30,2026-09-30T11:10:54.431427-04:00,114.22,0.2229
VIAV-20260930T15070576105,VIAV,2026-09-30,2026-09-30T11:10:54.431427-04:00,40.56,-0.0246
RCL-20260930T14323952068,RCL,2026-09-30,2026-09-30T11:11:04.870733-04:00,269.275,0.5921
HOOD-20260930T15062415549,HOOD,2026-09-30,2026-09-30T11:11:04.870733-04:00,114.3,0.2931
VIAV-20260930T15070576105,VIAV,2026-09-30,2026-09-30T11:11:04.870733-04:00,40.63,0.1479
RCL-20260930T14323952068,RCL,2026-09-30,2026-09-30T11:11:15.275249-04:00,269.39,0.6351
HOOD-20260930T15062415549,HOOD,2026-09-30,2026-09-30T11:11:15.275249-04:00,114.385,0.3677
VIAV-20260930T15070576105,VIAV,2026-09-30,2026-09-30T11:11:15.275249-04:00,40.4842,-0.2115
RCL-20260930T14323952068,RCL,2026-09-30,2026-09-30T11:11:25.618979-04:00,269.21,0.5678
HOOD-20260930T15062415549,HOOD,2026-09-30,2026-09-30T11:11:25.618979-04:00,114.4,0.3808
VIAV-20260930T15070576105,VIAV,2026-09-30,2026-09-30T11:11:25.618979-04:00,40.4845,-0.2107
RCL-20260930T14323952068,RCL,2026-09-30,2026-09-30T11:11:35.940171-04:00,269.235,0.5772
HOOD-20260930T15062415549,HOOD,2026-09-30,2026-09-30T11:11:35.940171-04:00,114.37,0.3545
VIAV-20260930T15070576105,VIAV,2026-09-30,2026-09-30T11:11:35.940171-04:00,40.64,0.1725
RCL-20260930T14323952068,RCL,2026-09-30,2026-09-30T11:11:46.255863-04:00,269.235,0.5772
HOOD-20260930T15062415549,HOOD,2026-09-30,2026-09-30T11:11:46.255863-04:00,114.29,0.2843
VIAV-20260930T15070576105,VIAV,2026-09-30,2026-09-30T11:11:46.255863-04:00,40.61,0.0986
RCL-20260930T14323952068,RCL,2026-09-30,2026-09-30T11:11:56.655657-04:00,269.11,0.5305
HOOD-20260930T15062415549,HOOD,2026-09-30,2026-09-30T11:11:56.655657-04:00,114.15,0.1615
VIAV-20260930T15070576105,VIAV,2026-09-30,2026-09-30T11:11:56.655657-04:00,40.5919,0.054
RCL-20260930T14323952068,RCL,2026-09-30,2026-09-30T11:12:07.020650-04:00,268.945,0.4688
HOOD-20260930T15062415549,HOOD,2026-09-30,2026-09-30T11:12:07.020650-04:00,114.115,0.1307
VIAV-20260930T15070576105,VIAV,2026-09-30,2026-09-30T11:12:07.020650-04:00,40.5937,0.0584
RCL-20260930T14323952068,RCL,2026-09-30,2026-09-30T11:12:17.421827-04:00,269.3063,0.6038
HOOD-20260930T15062415549,HOOD,2026-09-30,2026-09-30T11:12:17.421827-04:00,114.065,0.0869
VIAV-20260930T15070576105,VIAV,2026-09-30,2026-09-30T11:12:17.421827-04:00,40.5165,-0.1319
RCL-20260930T14323952068,RCL,2026-09-30,2026-09-30T11:12:27.862456-04:00,268.485,0.297
HOOD-20260930T15062415549,HOOD,2026-09-30,2026-09-30T11:12:27.862456-04:00,114.1,0.1176
VIAV-20260930T15070576105,VIAV,2026-09-30,2026-09-30T11:12:27.862456-04:00,40.6285,0.1442
RCL-20260930T14323952068,RCL,2026-09-30,2026-09-30T11:12:38.304657-04:00,269.2182,0.5709
HOOD-20260930T15062415549,HOOD,2026-09-30,2026-09-30T11:12:38.304657-04:00,114.0558,0.0788
VIAV-20260930T15070576105,VIAV,2026-09-30,2026-09-30T11:12:38.304657-04:00,40.6095,0.0974
RCL-20260930T14323952068,RCL,2026-09-30,2026-09-30T11:12:48.658367-04:00,268.3,0.2279
HOOD-20260930T15062415549,HOOD,2026-09-30,2026-09-30T11:12:48.658367-04:00,113.88,-0.0755
VIAV-20260930T15070576105,VIAV,2026-09-30,2026-09-30T11:12:48.658367-04:00,40.615,0.1109
RCL-20260930T14323952068,RCL,2026-09-30,2026-09-30T11:12:59.034566-04:00,268.9719,0.4789
HOOD-20260930T15062415549,HOOD,2026-09-30,2026-09-30T11:12:59.034566-04:00,113.95,-0.014
VIAV-20260930T15070576105,VIAV,2026-09-30,2026-09-30T11:12:59.034566-04:00,40.68,0.2711
RCL-20260930T14323952068,RCL,2026-09-30,2026-09-30T11:13:09.444594-04:00,268.655,0.3605
HOOD-20260930T15062415549,HOOD,2026-09-30,2026-09-30T11:13:09.444594-04:00,113.97,0.0035
VIAV-20260930T15070576105,VIAV,2026-09-30,2026-09-30T11:13:09.444594-04:00,40.75,0.4437
RCL-20260930T14323952068,RCL,2026-09-30,2026-09-30T11:13:19.901013-04:00,268.87,0.4408
HOOD-20260930T15062415549,HOOD,2026-09-30,2026-09-30T11:13:19.901013-04:00,113.975,0.0079
VIAV-20260930T15070576105,VIAV,2026-09-30,2026-09-30T11:13:19.901013-04:00,40.5607,-0.0229
RCL-20260930T14323952068,RCL,2026-09-30,2026-09-30T11:13:30.481670-04:00,269.1007,0.527
HOOD-20260930T15062415549,HOOD,2026-09-30,2026-09-30T11:13:30.481670-04:00,113.95,-0.014
VIAV-20260930T15070576105,VIAV,2026-09-30,2026-09-30T11:13:30.481670-04:00,40.685,0.2835
RCL-20260930T14323952068,RCL,2026-09-30,2026-09-30T11:13:40.935425-04:00,268.5724,0.3296
HOOD-20260930T15062415549,HOOD,2026-09-30,2026-09-30T11:13:40.935425-04:00,114.0,0.0298
VIAV-20260930T15070576105,VIAV,2026-09-30,2026-09-30T11:13:40.935425-04:00,40.5743,0.0106
RCL-20260930T14323952068,RCL,2026-09-30,2026-09-30T11:13:51.441782-04:00,268.7011,0.3777
HOOD-20260930T15062415549,HOOD,2026-09-30,2026-09-30T11:13:51.441782-04:00,114.1,0.1176
VIAV-20260930T15070576105,VIAV,2026-09-30,2026-09-30T11:13:51.441782-04:00,40.7,0.3204
RCL-20260930T14323952068,RCL,2026-09-30,2026-09-30T11:14:01.855730-04:00,268.975,0.48
HOOD-20260930T15062415549,HOOD,2026-09-30,2026-09-30T11:14:01.855730-04:00,114.0943,0.1126
VIAV-20260930T15070576105,VIAV,2026-09-30,2026-09-30T11:14:01.855730-04:00,40.695,0.3081
RCL-20260930T14323952068,RCL,2026-09-30,2026-09-30T11:14:12.321699-04:00,269.2,0.5641
HOOD-20260930T15062415549,HOOD,2026-09-30,2026-09-30T11:14:12.321699-04:00,114.1415,0.154
VIAV-20260930T15070576105,VIAV,2026-09-30,2026-09-30T11:14:12.321699-04:00,40.65,0.1972
RCL-20260930T14323952068,RCL,2026-09-30,2026-09-30T11:14:22.690212-04:00,269.075,0.5174
HOOD-20260930T15062415549,HOOD,2026-09-30,2026-09-30T11:14:22.690212-04:00,114.13,0.1439
VIAV-20260930T15070576105,VIAV,2026-09-30,2026-09-30T11:14:22.690212-04:00,40.6726,0.2529
RCL-20260930T14323952068,RCL,2026-09-30,2026-09-30T11:14:33.149390-04:00,269.1004,0.5269
HOOD-20260930T15062415549,HOOD,2026-09-30,2026-09-30T11:14:33.149390-04:00,114.1565,0.1672
VIAV-20260930T15070576105,VIAV,2026-09-30,2026-09-30T11:14:33.149390-04:00,40.68,0.2711
RCL-20260930T14323952068,RCL,2026-09-30,2026-09-30T11:14:43.488002-04:00,269.0845,0.5209
HOOD-20260930T15062415549,HOOD,2026-09-30,2026-09-30T11:14:43.488002-04:00,114.225,0.2273
VIAV-20260930T15070576105,VIAV,2026-09-30,2026-09-30T11:14:43.488002-04:00,40.78,0.5176
RCL-20260930T14323952068,RCL,2026-09-30,2026-09-30T11:14:53.906544-04:00,269.17,0.5529
HOOD-20260930T15062415549,HOOD,2026-09-30,2026-09-30T11:14:53.906544-04:00,114.13,0.1439
VIAV-20260930T15070576105,VIAV,2026-09-30,2026-09-30T11:14:53.906544-04:00,40.78,0.5176
RCL-20260930T14323952068,RCL,2026-09-30,2026-09-30T11:15:04.344135-04:00,269.135,0.5398
HOOD-20260930T15062415549,HOOD,2026-09-30,2026-09-30T11:15:04.344135-04:00,114.15,0.1615
VIAV-20260930T15070576105,VIAV,2026-09-30,2026-09-30T11:15:04.344135-04:00,40.745,0.4314
RCL-20260930T14323952068,RCL,2026-09-30,2026-09-30T11:15:15.205983-04:00,269.195,0.5622
HOOD-20260930T15062415549,HOOD,2026-09-30,2026-09-30T11:15:15.205983-04:00,114.1457,0.1577
VIAV-20260930T15070576105,VIAV,2026-09-30,2026-09-30T11:15:15.205983-04:00,40.78,0.5176
RCL-20260930T14323952068,RCL,2026-09-30,2026-09-30T11:15:25.824632-04:00,269.27,0.5902
HOOD-20260930T15062415549,HOOD,2026-09-30,2026-09-30T11:15:25.824632-04:00,114.035,0.0605
VIAV-20260930T15070576105,VIAV,2026-09-30,2026-09-30T11:15:25.824632-04:00,40.785,0.5299
RCL-20260930T14323952068,RCL,2026-09-30,2026-09-30T11:15:36.332243-04:00,269.32,0.6089
HOOD-20260930T15062415549,HOOD,2026-09-30,2026-09-30T11:15:36.332243-04:00,114.1429,0.1552
VIAV-20260930T15070576105,VIAV,2026-09-30,2026-09-30T11:15:36.332243-04:00,40.79,0.5423
RCL-20260930T14323952068,RCL,2026-09-30,2026-09-30T11:15:46.934386-04:00,269.37,0.6276
HOOD-20260930T15062415549,HOOD,2026-09-30,2026-09-30T11:15:46.934386-04:00,114.2117,0.2156
VIAV-20260930T15070576105,VIAV,2026-09-30,2026-09-30T11:15:46.934386-04:00,40.78,0.5176
RCL-20260930T14323952068,RCL,2026-09-30,2026-09-30T11:15:57.471614-04:00,269.282,0.5947
HOOD-20260930T15062415549,HOOD,2026-09-30,2026-09-30T11:15:57.471614-04:00,114.18,0.1878
VIAV-20260930T15070576105,VIAV,2026-09-30,2026-09-30T11:15:57.471614-04:00,40.78,0.5176
RCL-20260930T14323952068,RCL,2026-09-30,2026-09-30T11:16:08.059616-04:00,268.995,0.4875
HOOD-20260930T15062415549,HOOD,2026-09-30,2026-09-30T11:16:08.059616-04:00,114.2129,0.2166
VIAV-20260930T15070576105,VIAV,2026-09-30,2026-09-30T11:16:08.059616-04:00,40.735,0.4067
RCL-20260930T14323952068,RCL,2026-09-30,2026-09-30T11:16:18.560525-04:00,269.13,0.5379
HOOD-20260930T15062415549,HOOD,2026-09-30,2026-09-30T11:16:18.560525-04:00,114.19,0.1965
VIAV-20260930T15070576105,VIAV,2026-09-30,2026-09-30T11:16:18.560525-04:00,40.72,0.3697
RCL-20260930T14323952068,RCL,2026-09-30,2026-09-30T11:16:28.886726-04:00,269.155,0.5473
HOOD-20260930T15062415549,HOOD,2026-09-30,2026-09-30T11:16:28.886726-04:00,114.31,0.3018
VIAV-20260930T15070576105,VIAV,2026-09-30,2026-09-30T11:16:28.886726-04:00,40.745,0.4314
RCL-20260930T14323952068,RCL,2026-09-30,2026-09-30T11:16:39.287942-04:00,269.21,0.5678
HOOD-20260930T15062415549,HOOD,2026-09-30,2026-09-30T11:16:39.287942-04:00,114.3492,0.3362
VIAV-20260930T15070576105,VIAV,2026-09-30,2026-09-30T11:16:39.287942-04:00,40.7491,0.4415
RCL-20260930T14323952068,RCL,2026-09-30,2026-09-30T11:16:49.570991-04:00,269.0,0.4894
HOOD-20260930T15062415549,HOOD,2026-09-30,2026-09-30T11:16:49.570991-04:00,114.3107,0.3025
VIAV-20260930T15070576105,VIAV,2026-09-30,2026-09-30T11:16:49.570991-04:00,40.745,0.4314
RCL-20260930T14323952068,RCL,2026-09-30,2026-09-30T11:16:59.905198-04:00,269.02,0.4968
HOOD-20260930T15062415549,HOOD,2026-09-30,2026-09-30T11:16:59.905198-04:00,114.465,0.4378
VIAV-20260930T15070576105,VIAV,2026-09-30,2026-09-30T11:16:59.905198-04:00,40.7546,0.455
RCL-20260930T14323952068,RCL,2026-09-30,2026-09-30T11:17:10.274600-04:00,268.96,0.4744
HOOD-20260930T15062415549,HOOD,2026-09-30,2026-09-30T11:17:10.274600-04:00,114.37,0.3545
VIAV-20260930T15070576105,VIAV,2026-09-30,2026-09-30T11:17:10.274600-04:00,40.79,0.5423
RCL-20260930T14323952068,RCL,2026-09-30,2026-09-30T11:17:20.644098-04:00,268.955,0.4726
HOOD-20260930T15062415549,HOOD,2026-09-30,2026-09-30T11:17:20.644098-04:00,114.345,0.3326
VIAV-20260930T15070576105,VIAV,2026-09-30,2026-09-30T11:17:20.644098-04:00,40.7166,0.3614
RCL-20260930T14323952068,RCL,2026-09-30,2026-09-30T11:17:30.924568-04:00,268.955,0.4726
HOOD-20260930T15062415549,HOOD,2026-09-30,2026-09-30T11:17:30.924568-04:00,114.32,0.3106
VIAV-20260930T15070576105,VIAV,2026-09-30,2026-09-30T11:17:30.924568-04:00,40.59,0.0493
RCL-20260930T14323952068,RCL,2026-09-30,2026-09-30T11:17:41.191218-04:00,269.105,0.5286
HOOD-20260930T15062415549,HOOD,2026-09-30,2026-09-30T11:17:41.191218-04:00,114.3427,0.3305
VIAV-20260930T15070576105,VIAV,2026-09-30,2026-09-30T11:17:41.191218-04:00,40.59,0.0493
RCL-20260930T14323952068,RCL,2026-09-30,2026-09-30T11:17:51.530223-04:00,269.09,0.523
HOOD-20260930T15062415549,HOOD,2026-09-30,2026-09-30T11:17:51.530223-04:00,114.23,0.2316
VIAV-20260930T15070576105,VIAV,2026-09-30,2026-09-30T11:17:51.530223-04:00,40.59,0.0493
RCL-20260930T14323952068,RCL,2026-09-30,2026-09-30T11:18:01.899717-04:00,269.1155,0.5325
HOOD-20260930T15062415549,HOOD,2026-09-30,2026-09-30T11:18:01.899717-04:00,114.1429,0.1552
VIAV-20260930T15070576105,VIAV,2026-09-30,2026-09-30T11:18:01.899717-04:00,40.55,-0.0493
RCL-20260930T14323952068,RCL,2026-09-30,2026-09-30T11:18:12.596966-04:00,268.935,0.4651
HOOD-20260930T15062415549,HOOD,2026-09-30,2026-09-30T11:18:12.596966-04:00,114.29,0.2843
RCL-20260930T14323952068,RCL,2026-09-30,2026-09-30T11:18:22.966533-04:00,268.95,0.4707
HOOD-20260930T15062415549,HOOD,2026-09-30,2026-09-30T11:18:22.966533-04:00,114.3105,0.3023
KLAC-20260930T15180258997,KLAC,2026-09-30,2026-09-30T11:18:22.966533-04:00,196.14,-0.0204
RCL-20260930T14323952068,RCL,2026-09-30,2026-09-30T11:18:33.300568-04:00,268.96,0.4744
HOOD-20260930T15062415549,HOOD,2026-09-30,2026-09-30T11:18:33.300568-04:00,114.33,0.3194
KLAC-20260930T15180258997,KLAC,2026-09-30,2026-09-30T11:18:33.300568-04:00,195.8559,-0.1652
RCL-20260930T14323952068,RCL,2026-09-30,2026-09-30T11:18:43.599044-04:00,268.95,0.4707
HOOD-20260930T15062415549,HOOD,2026-09-30,2026-09-30T11:18:43.599044-04:00,114.315,0.3062
KLAC-20260930T15180258997,KLAC,2026-09-30,2026-09-30T11:18:43.599044-04:00,196.2,0.0102
RCL-20260930T14323952068,RCL,2026-09-30,2026-09-30T11:18:53.908009-04:00,268.95,0.4707
HOOD-20260930T15062415549,HOOD,2026-09-30,2026-09-30T11:18:53.908009-04:00,114.4499,0.4246
KLAC-20260930T15180258997,KLAC,2026-09-30,2026-09-30T11:18:53.908009-04:00,196.05,-0.0663
RCL-20260930T14323952068,RCL,2026-09-30,2026-09-30T11:19:04.326599-04:00,268.99,0.4856
HOOD-20260930T15062415549,HOOD,2026-09-30,2026-09-30T11:19:04.326599-04:00,114.4299,0.4071
KLAC-20260930T15180258997,KLAC,2026-09-30,2026-09-30T11:19:04.326599-04:00,195.9849,-0.0994
RCL-20260930T14323952068,RCL,2026-09-30,2026-09-30T11:19:14.720054-04:00,269.1302,0.538
HOOD-20260930T15062415549,HOOD,2026-09-30,2026-09-30T11:19:14.720054-04:00,114.4,0.3808
KLAC-20260930T15180258997,KLAC,2026-09-30,2026-09-30T11:19:14.720054-04:00,196.125,-0.028
RCL-20260930T14323952068,RCL,2026-09-30,2026-09-30T11:19:25.028936-04:00,268.93,0.4632
HOOD-20260930T15062415549,HOOD,2026-09-30,2026-09-30T11:19:25.028936-04:00,114.3166,0.3076
KLAC-20260930T15180258997,KLAC,2026-09-30,2026-09-30T11:19:25.028936-04:00,196.17,-0.0051
RCL-20260930T14323952068,RCL,2026-09-30,2026-09-30T11:19:35.335498-04:00,269.015,0.495
HOOD-20260930T15062415549,HOOD,2026-09-30,2026-09-30T11:19:35.335498-04:00,114.37,0.3545
KLAC-20260930T15180258997,KLAC,2026-09-30,2026-09-30T11:19:35.335498-04:00,196.11,-0.0357
RCL-20260930T14323952068,RCL,2026-09-30,2026-09-30T11:19:45.637775-04:00,268.82,0.4221
HOOD-20260930T15062415549,HOOD,2026-09-30,2026-09-30T11:19:45.637775-04:00,114.3829,0.3658
KLAC-20260930T15180258997,KLAC,2026-09-30,2026-09-30T11:19:45.637775-04:00,196.0,-0.0918
RCL-20260930T14323952068,RCL,2026-09-30,2026-09-30T11:19:55.944157-04:00,268.7938,0.4123
HOOD-20260930T15062415549,HOOD,2026-09-30,2026-09-30T11:19:55.944157-04:00,114.3701,0.3546
KLAC-20260930T15180258997,KLAC,2026-09-30,2026-09-30T11:19:55.944157-04:00,195.8206,-0.1832
RCL-20260930T14323952068,RCL,2026-09-30,2026-09-30T11:20:06.345171-04:00,268.91,0.4558
HOOD-20260930T15062415549,HOOD,2026-09-30,2026-09-30T11:20:06.345171-04:00,114.36,0.3457
KLAC-20260930T15180258997,KLAC,2026-09-30,2026-09-30T11:20:06.345171-04:00,196.015,-0.0841
RCL-20260930T14323952068,RCL,2026-09-30,2026-09-30T11:20:16.824762-04:00,269.0807,0.5195
HOOD-20260930T15062415549,HOOD,2026-09-30,2026-09-30T11:20:16.824762-04:00,114.385,0.3677
KLAC-20260930T15180258997,KLAC,2026-09-30,2026-09-30T11:20:16.824762-04:00,196.1,-0.0408
RCL-20260930T14323952068,RCL,2026-09-30,2026-09-30T11:20:27.207511-04:00,269.015,0.495
HOOD-20260930T15062415549,HOOD,2026-09-30,2026-09-30T11:20:27.207511-04:00,114.335,0.3238
KLAC-20260930T15180258997,KLAC,2026-09-30,2026-09-30T11:20:27.207511-04:00,196.08,-0.051
RCL-20260930T14323952068,RCL,2026-09-30,2026-09-30T11:20:37.688606-04:00,268.9077,0.4549
HOOD-20260930T15062415549,HOOD,2026-09-30,2026-09-30T11:20:37.688606-04:00,114.32,0.3106
KLAC-20260930T15180258997,KLAC,2026-09-30,2026-09-30T11:20:37.688606-04:00,196.05,-0.0663
RCL-20260930T14323952068,RCL,2026-09-30,2026-09-30T11:20:48.053968-04:00,269.58,0.706
HOOD-20260930T15062415549,HOOD,2026-09-30,2026-09-30T11:20:48.053968-04:00,114.32,0.3106
KLAC-20260930T15180258997,KLAC,2026-09-30,2026-09-30T11:20:48.053968-04:00,195.9,-0.1427
RCL-20260930T14323952068,RCL,2026-09-30,2026-09-30T11:20:58.373895-04:00,269.1037,0.5281
HOOD-20260930T15062415549,HOOD,2026-09-30,2026-09-30T11:20:58.373895-04:00,114.385,0.3677
KLAC-20260930T15180258997,KLAC,2026-09-30,2026-09-30T11:20:58.373895-04:00,195.96,-0.1121
RCL-20260930T14323952068,RCL,2026-09-30,2026-09-30T11:21:08.778772-04:00,269.1285,0.5374
HOOD-20260930T15062415549,HOOD,2026-09-30,2026-09-30T11:21:08.778772-04:00,114.4887,0.4586
KLAC-20260930T15180258997,KLAC,2026-09-30,2026-09-30T11:21:08.778772-04:00,195.935,-0.1249
RCL-20260930T14323952068,RCL,2026-09-30,2026-09-30T11:21:19.287014-04:00,269.45,0.6575
HOOD-20260930T15062415549,HOOD,2026-09-30,2026-09-30T11:21:19.287014-04:00,114.44,0.4159
KLAC-20260930T15180258997,KLAC,2026-09-30,2026-09-30T11:21:19.287014-04:00,195.9752,-0.1044
RCL-20260930T14323952068,RCL,2026-09-30,2026-09-30T11:21:29.591977-04:00,269.51,0.6799
HOOD-20260930T15062415549,HOOD,2026-09-30,2026-09-30T11:21:29.591977-04:00,114.355,0.3413
KLAC-20260930T15180258997,KLAC,2026-09-30,2026-09-30T11:21:29.591977-04:00,195.785,-0.2013
RCL-20260930T14323952068,RCL,2026-09-30,2026-09-30T11:21:40.102357-04:00,269.425,0.6481
HOOD-20260930T15062415549,HOOD,2026-09-30,2026-09-30T11:21:40.102357-04:00,114.23,0.2316
KLAC-20260930T15180258997,KLAC,2026-09-30,2026-09-30T11:21:40.102357-04:00,195.87,-0.158
RCL-20260930T14323952068,RCL,2026-09-30,2026-09-30T11:21:50.391839-04:00,269.425,0.6481
HOOD-20260930T15062415549,HOOD,2026-09-30,2026-09-30T11:21:50.391839-04:00,114.29,0.2843
KLAC-20260930T15180258997,KLAC,2026-09-30,2026-09-30T11:21:50.391839-04:00,195.925,-0.13
RCL-20260930T14323952068,RCL,2026-09-30,2026-09-30T11:22:00.797827-04:00,269.26,0.5865
HOOD-20260930T15062415549,HOOD,2026-09-30,2026-09-30T11:22:00.797827-04:00,114.33,0.3194
KLAC-20260930T15180258997,KLAC,2026-09-30,2026-09-30T11:22:00.797827-04:00,195.975,-0.1045
RCL-20260930T14323952068,RCL,2026-09-30,2026-09-30T11:22:11.181060-04:00,269.2,0.5641
HOOD-20260930T15062415549,HOOD,2026-09-30,2026-09-30T11:22:11.181060-04:00,114.3515,0.3383
KLAC-20260930T15180258997,KLAC,2026-09-30,2026-09-30T11:22:11.181060-04:00,195.95,-0.1172
RCL-20260930T14323952068,RCL,2026-09-30,2026-09-30T11:22:21.595203-04:00,269.3449,0.6182
HOOD-20260930T15062415549,HOOD,2026-09-30,2026-09-30T11:22:21.595203-04:00,114.355,0.3413
KLAC-20260930T15180258997,KLAC,2026-09-30,2026-09-30T11:22:21.595203-04:00,195.8986,-0.1434
RCL-20260930T14323952068,RCL,2026-09-30,2026-09-30T11:22:32.045779-04:00,269.1895,0.5602
HOOD-20260930T15062415549,HOOD,2026-09-30,2026-09-30T11:22:32.045779-04:00,114.365,0.3501
KLAC-20260930T15180258997,KLAC,2026-09-30,2026-09-30T11:22:32.045779-04:00,195.88,-0.1529
RCL-20260930T14323952068,RCL,2026-09-30,2026-09-30T11:22:42.444597-04:00,269.3562,0.6224
HOOD-20260930T15062415549,HOOD,2026-09-30,2026-09-30T11:22:42.444597-04:00,114.27,0.2667
KLAC-20260930T15180258997,KLAC,2026-09-30,2026-09-30T11:22:42.444597-04:00,196.0307,-0.0761
RCL-20260930T14323952068,RCL,2026-09-30,2026-09-30T11:22:52.825836-04:00,269.04,0.5043
HOOD-20260930T15062415549,HOOD,2026-09-30,2026-09-30T11:22:52.825836-04:00,114.21,0.2141
KLAC-20260930T15180258997,KLAC,2026-09-30,2026-09-30T11:22:52.825836-04:00,195.905,-0.1402
RCL-20260930T14323952068,RCL,2026-09-30,2026-09-30T11:23:03.371118-04:00,269.05,0.5081
HOOD-20260930T15062415549,HOOD,2026-09-30,2026-09-30T11:23:03.371118-04:00,114.2792,0.2748
KLAC-20260930T15180258997,KLAC,2026-09-30,2026-09-30T11:23:03.371118-04:00,195.8848,-0.1505
RCL-20260930T14323952068,RCL,2026-09-30,2026-09-30T11:23:13.646919-04:00,269.13,0.5379
HOOD-20260930T15062415549,HOOD,2026-09-30,2026-09-30T11:23:13.646919-04:00,114.235,0.236
KLAC-20260930T15180258997,KLAC,2026-09-30,2026-09-30T11:23:13.646919-04:00,195.83,-0.1784
RCL-20260930T14323952068,RCL,2026-09-30,2026-09-30T11:23:23.966847-04:00,269.0,0.4894
HOOD-20260930T15062415549,HOOD,2026-09-30,2026-09-30T11:23:23.966847-04:00,114.185,0.1922
KLAC-20260930T15180258997,KLAC,2026-09-30,2026-09-30T11:23:23.966847-04:00,195.93,-0.1274
RCL-20260930T14323952068,RCL,2026-09-30,2026-09-30T11:23:34.439774-04:00,269.0907,0.5233
HOOD-20260930T15062415549,HOOD,2026-09-30,2026-09-30T11:23:34.439774-04:00,114.1315,0.1452
KLAC-20260930T15180258997,KLAC,2026-09-30,2026-09-30T11:23:34.439774-04:00,195.94,-0.1223
RCL-20260930T14323952068,RCL,2026-09-30,2026-09-30T11:23:44.732377-04:00,269.045,0.5062
HOOD-20260930T15062415549,HOOD,2026-09-30,2026-09-30T11:23:44.732377-04:00,114.165,0.1746
KLAC-20260930T15180258997,KLAC,2026-09-30,2026-09-30T11:23:44.732377-04:00,195.9753,-0.1043
RCL-20260930T14323952068,RCL,2026-09-30,2026-09-30T11:23:55.019697-04:00,269.13,0.5379
HOOD-20260930T15062415549,HOOD,2026-09-30,2026-09-30T11:23:55.019697-04:00,114.17,0.179
KLAC-20260930T15180258997,KLAC,2026-09-30,2026-09-30T11:23:55.019697-04:00,195.91,-0.1376
RCL-20260930T14323952068,RCL,2026-09-30,2026-09-30T11:24:05.354136-04:00,269.1684,0.5523
HOOD-20260930T15062415549,HOOD,2026-09-30,2026-09-30T11:24:05.354136-04:00,114.2,0.2053
KLAC-20260930T15180258997,KLAC,2026-09-30,2026-09-30T11:24:05.354136-04:00,195.99,-0.0968
RCL-20260930T14323952068,RCL,2026-09-30,2026-09-30T11:24:15.681638-04:00,269.22,0.5716
HOOD-20260930T15062415549,HOOD,2026-09-30,2026-09-30T11:24:15.681638-04:00,114.1673,0.1766
KLAC-20260930T15180258997,KLAC,2026-09-30,2026-09-30T11:24:15.681638-04:00,195.98,-0.1019
RCL-20260930T14323952068,RCL,2026-09-30,2026-09-30T11:24:25.979183-04:00,269.1447,0.5434
HOOD-20260930T15062415549,HOOD,2026-09-30,2026-09-30T11:24:25.979183-04:00,114.14,0.1527
KLAC-20260930T15180258997,KLAC,2026-09-30,2026-09-30T11:24:25.979183-04:00,196.0062,-0.0886
RCL-20260930T14323952068,RCL,2026-09-30,2026-09-30T11:24:36.261398-04:00,268.945,0.4688
HOOD-20260930T15062415549,HOOD,2026-09-30,2026-09-30T11:24:36.261398-04:00,114.085,0.1044
KLAC-20260930T15180258997,KLAC,2026-09-30,2026-09-30T11:24:36.261398-04:00,195.96,-0.1121
RCL-20260930T14323952068,RCL,2026-09-30,2026-09-30T11:24:46.544864-04:00,268.9694,0.4779
HOOD-20260930T15062415549,HOOD,2026-09-30,2026-09-30T11:24:46.544864-04:00,114.05,0.0737
KLAC-20260930T15180258997,KLAC,2026-09-30,2026-09-30T11:24:46.544864-04:00,195.94,-0.1223
RCL-20260930T14323952068,RCL,2026-09-30,2026-09-30T11:24:56.914607-04:00,268.965,0.4763
HOOD-20260930T15062415549,HOOD,2026-09-30,2026-09-30T11:24:56.914607-04:00,114.2692,0.266
KLAC-20260930T15180258997,KLAC,2026-09-30,2026-09-30T11:24:56.914607-04:00,195.94,-0.1223
RCL-20260930T14323952068,RCL,2026-09-30,2026-09-30T11:25:07.248702-04:00,269.015,0.495
HOOD-20260930T15062415549,HOOD,2026-09-30,2026-09-30T11:25:07.248702-04:00,114.08,0.1
KLAC-20260930T15180258997,KLAC,2026-09-30,2026-09-30T11:25:07.248702-04:00,196.005,-0.0892
RCL-20260930T14323952068,RCL,2026-09-30,2026-09-30T11:25:17.779582-04:00,269.01,0.4931
HOOD-20260930T15062415549,HOOD,2026-09-30,2026-09-30T11:25:17.779582-04:00,114.065,0.0869
KLAC-20260930T15180258997,KLAC,2026-09-30,2026-09-30T11:25:17.779582-04:00,195.9691,-0.1075
RCL-20260930T14323952068,RCL,2026-09-30,2026-09-30T11:25:28.088635-04:00,269.0,0.4894
HOOD-20260930T15062415549,HOOD,2026-09-30,2026-09-30T11:25:28.088635-04:00,114.08,0.1
KLAC-20260930T15180258997,KLAC,2026-09-30,2026-09-30T11:25:28.088635-04:00,195.9864,-0.0987
RCL-20260930T14323952068,RCL,2026-09-30,2026-09-30T11:25:38.568124-04:00,269.12,0.5342
KLAC-20260930T15180258997,KLAC,2026-09-30,2026-09-30T11:25:38.568124-04:00,195.95,-0.1172
RCL-20260930T14323952068,RCL,2026-09-30,2026-09-30T11:25:48.994199-04:00,268.45,0.2839
KLAC-20260930T15180258997,KLAC,2026-09-30,2026-09-30T11:25:48.994199-04:00,195.9568,-0.1138
RCL-20260930T14323952068,RCL,2026-09-30,2026-09-30T11:25:59.368828-04:00,268.43,0.2764
KLAC-20260930T15180258997,KLAC,2026-09-30,2026-09-30T11:25:59.368828-04:00,195.85,-0.1682
RCL-20260930T14323952068,RCL,2026-09-30,2026-09-30T11:26:09.913348-04:00,268.275,0.2185
KLAC-20260930T15180258997,KLAC,2026-09-30,2026-09-30T11:26:09.913348-04:00,195.88,-0.1529
RCL-20260930T14323952068,RCL,2026-09-30,2026-09-30T11:26:20.272188-04:00,268.43,0.2764
KLAC-20260930T15180258997,KLAC,2026-09-30,2026-09-30T11:26:20.272188-04:00,195.9511,-0.1167
RCL-20260930T14323952068,RCL,2026-09-30,2026-09-30T11:26:30.603505-04:00,268.4152,0.2709
KLAC-20260930T15180258997,KLAC,2026-09-30,2026-09-30T11:26:30.603505-04:00,196.045,-0.0688
DDOG-20260930T15261027139,DDOG,2026-09-30,2026-09-30T11:26:30.603505-04:00,275.01,-0.0521
RCL-20260930T14323952068,RCL,2026-09-30,2026-09-30T11:26:40.935901-04:00,268.13,0.1644
KLAC-20260930T15180258997,KLAC,2026-09-30,2026-09-30T11:26:40.935901-04:00,196.06,-0.0612
DDOG-20260930T15261027139,DDOG,2026-09-30,2026-09-30T11:26:40.935901-04:00,275.05,-0.0376
RCL-20260930T14323952068,RCL,2026-09-30,2026-09-30T11:26:51.185029-04:00,268.8238,0.4235
KLAC-20260930T15180258997,KLAC,2026-09-30,2026-09-30T11:26:51.185029-04:00,196.0374,-0.0727
DDOG-20260930T15261027139,DDOG,2026-09-30,2026-09-30T11:26:51.185029-04:00,274.23,-0.3356
RCL-20260930T14323952068,RCL,2026-09-30,2026-09-30T11:27:01.542712-04:00,268.3,0.2279
KLAC-20260930T15180258997,KLAC,2026-09-30,2026-09-30T11:27:01.542712-04:00,196.3505,0.0869
DDOG-20260930T15261027139,DDOG,2026-09-30,2026-09-30T11:27:01.542712-04:00,274.485,-0.2429
RCL-20260930T14323952068,RCL,2026-09-30,2026-09-30T11:27:11.830395-04:00,268.4848,0.2969
KLAC-20260930T15180258997,KLAC,2026-09-30,2026-09-30T11:27:11.830395-04:00,196.0556,-0.0634
DDOG-20260930T15261027139,DDOG,2026-09-30,2026-09-30T11:27:11.830395-04:00,274.5525,-0.2184
RCL-20260930T14323952068,RCL,2026-09-30,2026-09-30T11:27:22.149419-04:00,268.52,0.3101
KLAC-20260930T15180258997,KLAC,2026-09-30,2026-09-30T11:27:22.149419-04:00,196.39,0.107
DDOG-20260930T15261027139,DDOG,2026-09-30,2026-09-30T11:27:22.149419-04:00,274.59,-0.2047
RCL-20260930T14323952068,RCL,2026-09-30,2026-09-30T11:27:32.458878-04:00,268.46,0.2876
KLAC-20260930T15180258997,KLAC,2026-09-30,2026-09-30T11:27:32.458878-04:00,196.41,0.1172
DDOG-20260930T15261027139,DDOG,2026-09-30,2026-09-30T11:27:32.458878-04:00,274.478,-0.2454
RCL-20260930T14323952068,RCL,2026-09-30,2026-09-30T11:27:42.811758-04:00,268.4359,0.2786
KLAC-20260930T15180258997,KLAC,2026-09-30,2026-09-30T11:27:42.811758-04:00,196.47,0.1478
DDOG-20260930T15261027139,DDOG,2026-09-30,2026-09-30T11:27:42.811758-04:00,274.8461,-0.1117
RCL-20260930T14323952068,RCL,2026-09-30,2026-09-30T11:27:53.136599-04:00,268.8984,0.4514
KLAC-20260930T15180258997,KLAC,2026-09-30,2026-09-30T11:27:53.136599-04:00,196.47,0.1478
DDOG-20260930T15261027139,DDOG,2026-09-30,2026-09-30T11:27:53.136599-04:00,274.457,-0.2531
RCL-20260930T14323952068,RCL,2026-09-30,2026-09-30T11:28:03.511055-04:00,268.6,0.3399
KLAC-20260930T15180258997,KLAC,2026-09-30,2026-09-30T11:28:03.511055-04:00,196.555,0.1912
DDOG-20260930T15261027139,DDOG,2026-09-30,2026-09-30T11:28:03.511055-04:00,274.58,-0.2084
RCL-20260930T14323952068,RCL,2026-09-30,2026-09-30T11:28:13.813899-04:00,268.49,0.2989
KLAC-20260930T15180258997,KLAC,2026-09-30,2026-09-30T11:28:13.813899-04:00,196.63,0.2294
DDOG-20260930T15261027139,DDOG,2026-09-30,2026-09-30T11:28:13.813899-04:00,274.615,-0.1956
RCL-20260930T14323952068,RCL,2026-09-30,2026-09-30T11:28:24.099446-04:00,268.43,0.2764
KLAC-20260930T15180258997,KLAC,2026-09-30,2026-09-30T11:28:24.099446-04:00,196.67,0.2498
DDOG-20260930T15261027139,DDOG,2026-09-30,2026-09-30T11:28:24.099446-04:00,274.615,-0.1956
RCL-20260930T14323952068,RCL,2026-09-30,2026-09-30T11:28:34.362031-04:00,268.8044,0.4163
KLAC-20260930T15180258997,KLAC,2026-09-30,2026-09-30T11:28:34.362031-04:00,196.65,0.2396
DDOG-20260930T15261027139,DDOG,2026-09-30,2026-09-30T11:28:34.362031-04:00,274.565,-0.2138
RCL-20260930T14323952068,RCL,2026-09-30,2026-09-30T11:28:44.700904-04:00,268.33,0.2391
KLAC-20260930T15180258997,KLAC,2026-09-30,2026-09-30T11:28:44.700904-04:00,196.465,0.1453
DDOG-20260930T15261027139,DDOG,2026-09-30,2026-09-30T11:28:44.700904-04:00,274.55,-0.2193
RCL-20260930T14323952068,RCL,2026-09-30,2026-09-30T11:28:55.031412-04:00,268.36,0.2503
KLAC-20260930T15180258997,KLAC,2026-09-30,2026-09-30T11:28:55.031412-04:00,196.4619,0.1437
DDOG-20260930T15261027139,DDOG,2026-09-30,2026-09-30T11:28:55.031412-04:00,274.56,-0.2156
RCL-20260930T14323952068,RCL,2026-09-30,2026-09-30T11:29:05.291963-04:00,268.23,0.2017
KLAC-20260930T15180258997,KLAC,2026-09-30,2026-09-30T11:29:05.291963-04:00,196.5,0.1631
DDOG-20260930T15261027139,DDOG,2026-09-30,2026-09-30T11:29:05.291963-04:00,274.44,-0.2592
RCL-20260930T14323952068,RCL,2026-09-30,2026-09-30T11:29:15.672495-04:00,268.54,0.3175
KLAC-20260930T15180258997,KLAC,2026-09-30,2026-09-30T11:29:15.672495-04:00,196.37,0.0968
DDOG-20260930T15261027139,DDOG,2026-09-30,2026-09-30T11:29:15.672495-04:00,274.5389,-0.2233
KLAC-20260930T15180258997,KLAC,2026-09-30,2026-09-30T11:29:26.193071-04:00,196.3,0.0612
DDOG-20260930T15261027139,DDOG,2026-09-30,2026-09-30T11:29:26.193071-04:00,274.35,-0.292
KLAC-20260930T15180258997,KLAC,2026-09-30,2026-09-30T11:29:36.498692-04:00,196.3439,0.0835
DDOG-20260930T15261027139,DDOG,2026-09-30,2026-09-30T11:29:36.498692-04:00,274.44,-0.2592
KLAC-20260930T15180258997,KLAC,2026-09-30,2026-09-30T11:29:46.852058-04:00,196.4818,0.1538
DDOG-20260930T15261027139,DDOG,2026-09-30,2026-09-30T11:29:46.852058-04:00,274.42,-0.2665
KLAC-20260930T15180258997,KLAC,2026-09-30,2026-09-30T11:29:57.413941-04:00,196.405,0.1147
DDOG-20260930T15261027139,DDOG,2026-09-30,2026-09-30T11:29:57.413941-04:00,274.355,-0.2901
KLAC-20260930T15180258997,KLAC,2026-09-30,2026-09-30T11:30:07.807274-04:00,196.24,0.0306
DDOG-20260930T15261027139,DDOG,2026-09-30,2026-09-30T11:30:07.807274-04:00,274.55,-0.2193
KLAC-20260930T15180258997,KLAC,2026-09-30,2026-09-30T11:30:18.249009-04:00,196.215,0.0178
DDOG-20260930T15261027139,DDOG,2026-09-30,2026-09-30T11:30:18.249009-04:00,274.49,-0.2411
KLAC-20260930T15180258997,KLAC,2026-09-30,2026-09-30T11:30:28.745019-04:00,196.24,0.0306
DDOG-20260930T15261027139,DDOG,2026-09-30,2026-09-30T11:30:28.745019-04:00,274.5,-0.2374
KLAC-20260930T15180258997,KLAC,2026-09-30,2026-09-30T11:30:39.158660-04:00,196.34,0.0816
DDOG-20260930T15261027139,DDOG,2026-09-30,2026-09-30T11:30:39.158660-04:00,274.29,-0.3138
KLAC-20260930T15180258997,KLAC,2026-09-30,2026-09-30T11:30:49.552813-04:00,196.08,-0.051
DDOG-20260930T15261027139,DDOG,2026-09-30,2026-09-30T11:30:49.552813-04:00,274.44,-0.2592
KLAC-20260930T15180258997,KLAC,2026-09-30,2026-09-30T11:31:00.042744-04:00,196.0629,-0.0597
DDOG-20260930T15261027139,DDOG,2026-09-30,2026-09-30T11:31:00.042744-04:00,274.37,-0.2847
KLAC-20260930T15180258997,KLAC,2026-09-30,2026-09-30T11:31:10.586722-04:00,196.1388,-0.021
DDOG-20260930T15261027139,DDOG,2026-09-30,2026-09-30T11:31:10.586722-04:00,274.43,-0.2629
KLAC-20260930T15180258997,KLAC,2026-09-30,2026-09-30T11:31:21.020860-04:00,196.105,-0.0382
DDOG-20260930T15261027139,DDOG,2026-09-30,2026-09-30T11:31:21.020860-04:00,274.8,-0.1284
KLAC-20260930T15180258997,KLAC,2026-09-30,2026-09-30T11:31:31.341160-04:00,196.3562,0.0898
DDOG-20260930T15261027139,DDOG,2026-09-30,2026-09-30T11:31:31.341160-04:00,274.5853,-0.2064
KLAC-20260930T15180258997,KLAC,2026-09-30,2026-09-30T11:31:41.758481-04:00,196.1743,-0.0029
DDOG-20260930T15261027139,DDOG,2026-09-30,2026-09-30T11:31:41.758481-04:00,274.582,-0.2076
KLAC-20260930T15180258997,KLAC,2026-09-30,2026-09-30T11:31:52.098144-04:00,196.16,-0.0102
DDOG-20260930T15261027139,DDOG,2026-09-30,2026-09-30T11:31:52.098144-04:00,274.725,-0.1557
KLAC-20260930T15180258997,KLAC,2026-09-30,2026-09-30T11:32:02.663025-04:00,196.11,-0.0357
DDOG-20260930T15261027139,DDOG,2026-09-30,2026-09-30T11:32:02.663025-04:00,274.535,-0.2247
KLAC-20260930T15180258997,KLAC,2026-09-30,2026-09-30T11:32:12.959729-04:00,196.21,0.0153
DDOG-20260930T15261027139,DDOG,2026-09-30,2026-09-30T11:32:12.959729-04:00,274.545,-0.2211
KLAC-20260930T15180258997,KLAC,2026-09-30,2026-09-30T11:32:23.368780-04:00,196.285,0.0535
DDOG-20260930T15261027139,DDOG,2026-09-30,2026-09-30T11:32:23.368780-04:00,274.37,-0.2847
KLAC-20260930T15180258997,KLAC,2026-09-30,2026-09-30T11:32:33.690920-04:00,196.23,0.0255
DDOG-20260930T15261027139,DDOG,2026-09-30,2026-09-30T11:32:33.690920-04:00,274.55,-0.2193
KLAC-20260930T15180258997,KLAC,2026-09-30,2026-09-30T11:32:43.994006-04:00,196.26,0.0408
DDOG-20260930T15261027139,DDOG,2026-09-30,2026-09-30T11:32:43.994006-04:00,274.7699,-0.1394
KLAC-20260930T15180258997,KLAC,2026-09-30,2026-09-30T11:32:54.292374-04:00,196.35,0.0867
DDOG-20260930T15261027139,DDOG,2026-09-30,2026-09-30T11:32:54.292374-04:00,274.545,-0.2211
KLAC-20260930T15180258997,KLAC,2026-09-30,2026-09-30T11:33:04.711073-04:00,196.32,0.0714
DDOG-20260930T15261027139,DDOG,2026-09-30,2026-09-30T11:33:04.711073-04:00,274.545,-0.2211
KLAC-20260930T15180258997,KLAC,2026-09-30,2026-09-30T11:33:15.130093-04:00,196.345,0.0841
DDOG-20260930T15261027139,DDOG,2026-09-30,2026-09-30T11:33:15.130093-04:00,274.54,-0.2229
HOOD-20260930T15325470574,HOOD,2026-09-30,2026-09-30T11:33:15.130093-04:00,114.4643,0.0387
KLAC-20260930T15180258997,KLAC,2026-09-30,2026-09-30T11:33:25.521312-04:00,196.365,0.0943
DDOG-20260930T15261027139,DDOG,2026-09-30,2026-09-30T11:33:25.521312-04:00,274.5384,-0.2235
HOOD-20260930T15325470574,HOOD,2026-09-30,2026-09-30T11:33:25.521312-04:00,114.47,0.0437
KLAC-20260930T15180258997,KLAC,2026-09-30,2026-09-30T11:33:35.802143-04:00,196.3018,0.0621
DDOG-20260930T15261027139,DDOG,2026-09-30,2026-09-30T11:33:35.802143-04:00,274.395,-0.2756
HOOD-20260930T15325470574,HOOD,2026-09-30,2026-09-30T11:33:35.802143-04:00,114.4804,0.0528
KLAC-20260930T15180258997,KLAC,2026-09-30,2026-09-30T11:33:46.114259-04:00,196.345,0.0841
DDOG-20260930T15261027139,DDOG,2026-09-30,2026-09-30T11:33:46.114259-04:00,274.395,-0.2756
HOOD-20260930T15325470574,HOOD,2026-09-30,2026-09-30T11:33:46.114259-04:00,114.4162,-0.0033
KLAC-20260930T15180258997,KLAC,2026-09-30,2026-09-30T11:33:56.539832-04:00,196.31,0.0663
DDOG-20260930T15261027139,DDOG,2026-09-30,2026-09-30T11:33:56.539832-04:00,274.125,-0.3737
HOOD-20260930T15325470574,HOOD,2026-09-30,2026-09-30T11:33:56.539832-04:00,114.565,0.1267
KLAC-20260930T15180258997,KLAC,2026-09-30,2026-09-30T11:34:06.904213-04:00,196.35,0.0867
DDOG-20260930T15261027139,DDOG,2026-09-30,2026-09-30T11:34:06.904213-04:00,274.29,-0.3138
HOOD-20260930T15325470574,HOOD,2026-09-30,2026-09-30T11:34:06.904213-04:00,114.6443,0.196
KLAC-20260930T15180258997,KLAC,2026-09-30,2026-09-30T11:34:17.207683-04:00,196.355,0.0892
DDOG-20260930T15261027139,DDOG,2026-09-30,2026-09-30T11:34:17.207683-04:00,274.36,-0.2883
HOOD-20260930T15325470574,HOOD,2026-09-30,2026-09-30T11:34:17.207683-04:00,114.69,0.236
KLAC-20260930T15180258997,KLAC,2026-09-30,2026-09-30T11:34:27.852112-04:00,196.33,0.0765
HOOD-20260930T15325470574,HOOD,2026-09-30,2026-09-30T11:34:27.852112-04:00,114.7272,0.2685
KLAC-20260930T15180258997,KLAC,2026-09-30,2026-09-30T11:34:38.134129-04:00,196.2704,0.0461
HOOD-20260930T15325470574,HOOD,2026-09-30,2026-09-30T11:34:38.134129-04:00,114.67,0.2185
KLAC-20260930T15180258997,KLAC,2026-09-30,2026-09-30T11:34:48.493535-04:00,196.325,0.0739
HOOD-20260930T15325470574,HOOD,2026-09-30,2026-09-30T11:34:48.493535-04:00,114.48,0.0524
KLAC-20260930T15180258997,KLAC,2026-09-30,2026-09-30T11:34:58.796321-04:00,196.18,0.0
HOOD-20260930T15325470574,HOOD,2026-09-30,2026-09-30T11:34:58.796321-04:00,114.4821,0.0543
KLAC-20260930T15180258997,KLAC,2026-09-30,2026-09-30T11:35:09.115679-04:00,196.15,-0.0153
HOOD-20260930T15325470574,HOOD,2026-09-30,2026-09-30T11:35:09.115679-04:00,114.55,0.1136
KLAC-20260930T15180258997,KLAC,2026-09-30,2026-09-30T11:35:19.531847-04:00,196.13,-0.0255
HOOD-20260930T15325470574,HOOD,2026-09-30,2026-09-30T11:35:19.531847-04:00,114.6,0.1573
KLAC-20260930T15180258997,KLAC,2026-09-30,2026-09-30T11:35:30.068393-04:00,196.2448,0.033
HOOD-20260930T15325470574,HOOD,2026-09-30,2026-09-30T11:35:30.068393-04:00,114.6041,0.1609
KLAC-20260930T15180258997,KLAC,2026-09-30,2026-09-30T11:35:40.567292-04:00,196.18,0.0
HOOD-20260930T15325470574,HOOD,2026-09-30,2026-09-30T11:35:40.567292-04:00,114.555,0.118
KLAC-20260930T15180258997,KLAC,2026-09-30,2026-09-30T11:35:50.901700-04:00,196.2631,0.0424
HOOD-20260930T15325470574,HOOD,2026-09-30,2026-09-30T11:35:50.901700-04:00,114.48,0.0524
KLAC-20260930T15180258997,KLAC,2026-09-30,2026-09-30T11:36:01.427202-04:00,196.17,-0.0051
HOOD-20260930T15325470574,HOOD,2026-09-30,2026-09-30T11:36:01.427202-04:00,114.34,-0.0699
KLAC-20260930T15180258997,KLAC,2026-09-30,2026-09-30T11:36:11.809002-04:00,196.1,-0.0408
HOOD-20260930T15325470574,HOOD,2026-09-30,2026-09-30T11:36:11.809002-04:00,114.549,0.1127
KLAC-20260930T15180258997,KLAC,2026-09-30,2026-09-30T11:36:22.128033-04:00,196.08,-0.051
HOOD-20260930T15325470574,HOOD,2026-09-30,2026-09-30T11:36:22.128033-04:00,114.4101,-0.0087
KLAC-20260930T15180258997,KLAC,2026-09-30,2026-09-30T11:36:32.536073-04:00,196.06,-0.0612
HOOD-20260930T15325470574,HOOD,2026-09-30,2026-09-30T11:36:32.536073-04:00,114.3464,-0.0643
KLAC-20260930T15180258997,KLAC,2026-09-30,2026-09-30T11:36:42.882055-04:00,196.093,-0.0443
HOOD-20260930T15325470574,HOOD,2026-09-30,2026-09-30T11:36:42.882055-04:00,114.39,-0.0262
KLAC-20260930T15180258997,KLAC,2026-09-30,2026-09-30T11:36:53.228749-04:00,196.13,-0.0255
HOOD-20260930T15325470574,HOOD,2026-09-30,2026-09-30T11:36:53.228749-04:00,114.395,-0.0218
KLAC-20260930T15180258997,KLAC,2026-09-30,2026-09-30T11:37:03.657041-04:00,196.175,-0.0025
HOOD-20260930T15325470574,HOOD,2026-09-30,2026-09-30T11:37:03.657041-04:00,114.43,0.0087
KLAC-20260930T15180258997,KLAC,2026-09-30,2026-09-30T11:37:13.972161-04:00,196.15,-0.0153
HOOD-20260930T15325470574,HOOD,2026-09-30,2026-09-30T11:37:13.972161-04:00,114.38,-0.035
KLAC-20260930T15180258997,KLAC,2026-09-30,2026-09-30T11:37:24.292894-04:00,196.0871,-0.0474
HOOD-20260930T15325470574,HOOD,2026-09-30,2026-09-30T11:37:24.292894-04:00,114.43,0.0087
KLAC-20260930T15180258997,KLAC,2026-09-30,2026-09-30T11:37:34.635592-04:00,196.115,-0.0331
HOOD-20260930T15325470574,HOOD,2026-09-30,2026-09-30T11:37:34.635592-04:00,114.4525,0.0284
KLAC-20260930T15180258997,KLAC,2026-09-30,2026-09-30T11:37:45.012696-04:00,196.11,-0.0357
HOOD-20260930T15325470574,HOOD,2026-09-30,2026-09-30T11:37:45.012696-04:00,114.4099,-0.0088
KLAC-20260930T15180258997,KLAC,2026-09-30,2026-09-30T11:37:55.466350-04:00,196.23,0.0255
HOOD-20260930T15325470574,HOOD,2026-09-30,2026-09-30T11:37:55.466350-04:00,114.5517,0.1151
KLAC-20260930T15180258997,KLAC,2026-09-30,2026-09-30T11:38:05.769033-04:00,196.1358,-0.0225
HOOD-20260930T15325470574,HOOD,2026-09-30,2026-09-30T11:38:05.769033-04:00,114.58,0.1398
KLAC-20260930T15180258997,KLAC,2026-09-30,2026-09-30T11:38:16.186801-04:00,196.18,0.0
HOOD-20260930T15325470574,HOOD,2026-09-30,2026-09-30T11:38:16.186801-04:00,114.65,0.201
KLAC-20260930T15180258997,KLAC,2026-09-30,2026-09-30T11:38:26.467560-04:00,196.205,0.0127
HOOD-20260930T15325470574,HOOD,2026-09-30,2026-09-30T11:38:26.467560-04:00,114.6201,0.1749
KLAC-20260930T15180258997,KLAC,2026-09-30,2026-09-30T11:38:36.779131-04:00,196.205,0.0127
HOOD-20260930T15325470574,HOOD,2026-09-30,2026-09-30T11:38:36.779131-04:00,114.63,0.1835
KLAC-20260930T15180258997,KLAC,2026-09-30,2026-09-30T11:38:47.091581-04:00,196.1489,-0.0159
HOOD-20260930T15325470574,HOOD,2026-09-30,2026-09-30T11:38:47.091581-04:00,114.535,0.1005
KLAC-20260930T15180258997,KLAC,2026-09-30,2026-09-30T11:38:57.550591-04:00,196.2,0.0102
HOOD-20260930T15325470574,HOOD,2026-09-30,2026-09-30T11:38:57.550591-04:00,114.595,0.1529
KLAC-20260930T15180258997,KLAC,2026-09-30,2026-09-30T11:39:07.905745-04:00,196.25,0.0357
HOOD-20260930T15325470574,HOOD,2026-09-30,2026-09-30T11:39:07.905745-04:00,114.7604,0.2975
KLAC-20260930T15180258997,KLAC,2026-09-30,2026-09-30T11:39:18.218461-04:00,196.1631,-0.0086
HOOD-20260930T15325470574,HOOD,2026-09-30,2026-09-30T11:39:18.218461-04:00,114.75,0.2884
KLAC-20260930T15180258997,KLAC,2026-09-30,2026-09-30T11:39:28.454110-04:00,196.1962,0.0083
HOOD-20260930T15325470574,HOOD,2026-09-30,2026-09-30T11:39:28.454110-04:00,114.76,0.2972
KLAC-20260930T15180258997,KLAC,2026-09-30,2026-09-30T11:39:38.774128-04:00,196.294,0.0581
HOOD-20260930T15325470574,HOOD,2026-09-30,2026-09-30T11:39:38.774128-04:00,114.71,0.2535
KLAC-20260930T15180258997,KLAC,2026-09-30,2026-09-30T11:39:49.068250-04:00,196.315,0.0688
HOOD-20260930T15325470574,HOOD,2026-09-30,2026-09-30T11:39:49.068250-04:00,114.6411,0.1932
KLAC-20260930T15180258997,KLAC,2026-09-30,2026-09-30T11:39:59.413900-04:00,196.34,0.0816
HOOD-20260930T15325470574,HOOD,2026-09-30,2026-09-30T11:39:59.413900-04:00,114.7,0.2447
KLAC-20260930T15180258997,KLAC,2026-09-30,2026-09-30T11:40:09.680805-04:00,196.34,0.0816
HOOD-20260930T15325470574,HOOD,2026-09-30,2026-09-30T11:40:09.680805-04:00,114.7189,0.2612
KLAC-20260930T15180258997,KLAC,2026-09-30,2026-09-30T11:40:20.011753-04:00,196.32,0.0714
HOOD-20260930T15325470574,HOOD,2026-09-30,2026-09-30T11:40:20.011753-04:00,114.7571,0.2946
KLAC-20260930T15180258997,KLAC,2026-09-30,2026-09-30T11:40:30.401098-04:00,196.36,0.0918
HOOD-20260930T15325470574,HOOD,2026-09-30,2026-09-30T11:40:30.401098-04:00,114.71,0.2535
KLAC-20260930T15180258997,KLAC,2026-09-30,2026-09-30T11:40:40.747659-04:00,196.3763,0.1001
HOOD-20260930T15325470574,HOOD,2026-09-30,2026-09-30T11:40:40.747659-04:00,114.6387,0.1911
KLAC-20260930T15180258997,KLAC,2026-09-30,2026-09-30T11:40:51.074719-04:00,196.36,0.0918
HOOD-20260930T15325470574,HOOD,2026-09-30,2026-09-30T11:40:51.074719-04:00,114.615,0.1704
KLAC-20260930T15180258997,KLAC,2026-09-30,2026-09-30T11:41:01.377529-04:00,196.25,0.0357
HOOD-20260930T15325470574,HOOD,2026-09-30,2026-09-30T11:41:01.377529-04:00,114.6762,0.2239
KLAC-20260930T15180258997,KLAC,2026-09-30,2026-09-30T11:41:11.743669-04:00,196.2642,0.0429
HOOD-20260930T15325470574,HOOD,2026-09-30,2026-09-30T11:41:11.743669-04:00,114.6801,0.2273
KLAC-20260930T15180258997,KLAC,2026-09-30,2026-09-30T11:41:22.145826-04:00,196.2956,0.0589
HOOD-20260930T15325470574,HOOD,2026-09-30,2026-09-30T11:41:22.145826-04:00,114.58,0.1398
KLAC-20260930T15180258997,KLAC,2026-09-30,2026-09-30T11:41:32.450487-04:00,196.255,0.0382
HOOD-20260930T15325470574,HOOD,2026-09-30,2026-09-30T11:41:32.450487-04:00,114.53,0.0961
KLAC-20260930T15180258997,KLAC,2026-09-30,2026-09-30T11:41:42.731928-04:00,196.225,0.0229
HOOD-20260930T15325470574,HOOD,2026-09-30,2026-09-30T11:41:42.731928-04:00,114.56,0.1224
KLAC-20260930T15180258997,KLAC,2026-09-30,2026-09-30T11:41:53.184124-04:00,196.2892,0.0557
HOOD-20260930T15325470574,HOOD,2026-09-30,2026-09-30T11:41:53.184124-04:00,114.51,0.0787
KLAC-20260930T15180258997,KLAC,2026-09-30,2026-09-30T11:42:03.493718-04:00,196.23,0.0255
HOOD-20260930T15325470574,HOOD,2026-09-30,2026-09-30T11:42:03.493718-04:00,114.505,0.0743
KLAC-20260930T15180258997,KLAC,2026-09-30,2026-09-30T11:42:13.887650-04:00,196.22,0.0204
HOOD-20260930T15325470574,HOOD,2026-09-30,2026-09-30T11:42:13.887650-04:00,114.5177,0.0854
KLAC-20260930T15180258997,KLAC,2026-09-30,2026-09-30T11:42:24.187186-04:00,196.2555,0.0385
HOOD-20260930T15325470574,HOOD,2026-09-30,2026-09-30T11:42:24.187186-04:00,114.4771,0.0499
KLAC-20260930T15180258997,KLAC,2026-09-30,2026-09-30T11:42:34.472495-04:00,196.3158,0.0692
HOOD-20260930T15325470574,HOOD,2026-09-30,2026-09-30T11:42:34.472495-04:00,114.46,0.035
KLAC-20260930T15180258997,KLAC,2026-09-30,2026-09-30T11:42:44.726958-04:00,196.09,-0.0459
HOOD-20260930T15325470574,HOOD,2026-09-30,2026-09-30T11:42:44.726958-04:00,114.4996,0.0696
KLAC-20260930T15180258997,KLAC,2026-09-30,2026-09-30T11:42:55.139263-04:00,196.11,-0.0357
HOOD-20260930T15325470574,HOOD,2026-09-30,2026-09-30T11:42:55.139263-04:00,114.485,0.0568
KLAC-20260930T15180258997,KLAC,2026-09-30,2026-09-30T11:43:05.495639-04:00,196.1993,0.0098
HOOD-20260930T15325470574,HOOD,2026-09-30,2026-09-30T11:43:05.495639-04:00,114.37,-0.0437
KLAC-20260930T15180258997,KLAC,2026-09-30,2026-09-30T11:43:15.821308-04:00,195.9972,-0.0932
HOOD-20260930T15325470574,HOOD,2026-09-30,2026-09-30T11:43:15.821308-04:00,114.35,-0.0612
KLAC-20260930T15180258997,KLAC,2026-09-30,2026-09-30T11:43:26.074581-04:00,195.96,-0.1121
HOOD-20260930T15325470574,HOOD,2026-09-30,2026-09-30T11:43:26.074581-04:00,114.39,-0.0262
KLAC-20260930T15180258997,KLAC,2026-09-30,2026-09-30T11:43:36.340054-04:00,195.93,-0.1274
HOOD-20260930T15325470574,HOOD,2026-09-30,2026-09-30T11:43:36.340054-04:00,114.36,-0.0524
KLAC-20260930T15180258997,KLAC,2026-09-30,2026-09-30T11:43:46.591547-04:00,195.875,-0.1555
HOOD-20260930T15325470574,HOOD,2026-09-30,2026-09-30T11:43:46.591547-04:00,114.34,-0.0699
KLAC-20260930T15180258997,KLAC,2026-09-30,2026-09-30T11:43:56.839139-04:00,195.795,-0.1962
HOOD-20260930T15325470574,HOOD,2026-09-30,2026-09-30T11:43:56.839139-04:00,114.345,-0.0655
KLAC-20260930T15180258997,KLAC,2026-09-30,2026-09-30T11:44:07.136052-04:00,195.78,-0.2039
HOOD-20260930T15325470574,HOOD,2026-09-30,2026-09-30T11:44:07.136052-04:00,114.545,0.1092
HOOD-20260930T15325470574,HOOD,2026-09-30,2026-09-30T11:44:17.589957-04:00,114.555,0.118
HOOD-20260930T15325470574,HOOD,2026-09-30,2026-09-30T11:44:27.891684-04:00,114.58,0.1398
HOOD-20260930T15325470574,HOOD,2026-09-30,2026-09-30T11:44:38.203443-04:00,114.54,0.1049
HOOD-20260930T15325470574,HOOD,2026-09-30,2026-09-30T11:44:48.574865-04:00,114.5615,0.1237
HOOD-20260930T15325470574,HOOD,2026-09-30,2026-09-30T11:44:58.902844-04:00,114.37,-0.0437
HOOD-20260930T15325470574,HOOD,2026-09-30,2026-09-30T11:45:09.233653-04:00,114.51,0.0787
HOOD-20260930T15325470574,HOOD,2026-09-30,2026-09-30T11:45:19.707735-04:00,114.4406,0.018
HOOD-20260930T15325470574,HOOD,2026-09-30,2026-09-30T11:45:30.142106-04:00,114.43,0.0087
HOOD-20260930T15325470574,HOOD,2026-09-30,2026-09-30T11:45:40.614316-04:00,114.38,-0.035
HOOD-20260930T15325470574,HOOD,2026-09-30,2026-09-30T11:45:50.957127-04:00,114.395,-0.0218
HOOD-20260930T15325470574,HOOD,2026-09-30,2026-09-30T11:46:01.400830-04:00,114.4777,0.0504
HOOD-20260930T15325470574,HOOD,2026-09-30,2026-09-30T11:46:11.831716-04:00,114.39,-0.0262
HOOD-20260930T15325470574,HOOD,2026-09-30,2026-09-30T11:46:22.369606-04:00,114.37,-0.0437
HOOD-20260930T15325470574,HOOD,2026-09-30,2026-09-30T11:46:32.745919-04:00,114.47,0.0437
HOOD-20260930T15325470574,HOOD,2026-09-30,2026-09-30T11:46:43.076518-04:00,114.4413,0.0186
HOOD-20260930T15325470574,HOOD,2026-09-30,2026-09-30T11:46:53.441249-04:00,114.5,0.0699
HOOD-20260930T15325470574,HOOD,2026-09-30,2026-09-30T11:47:03.779674-04:00,114.435,0.0131
HOOD-20260930T15325470574,HOOD,2026-09-30,2026-09-30T11:47:14.302691-04:00,114.38,-0.035
HOOD-20260930T15325470574,HOOD,2026-09-30,2026-09-30T11:47:24.660782-04:00,114.33,-0.0787
HOOD-20260930T15325470574,HOOD,2026-09-30,2026-09-30T11:47:35.007525-04:00,114.285,-0.118
HOOD-20260930T15325470574,HOOD,2026-09-30,2026-09-30T11:47:45.419027-04:00,114.305,-0.1005
HOOD-20260930T15325470574,HOOD,2026-09-30,2026-09-30T11:47:55.782761-04:00,114.3842,-0.0313
HOOD-20260930T15325470574,HOOD,2026-09-30,2026-09-30T11:48:06.107353-04:00,114.405,-0.0131
HOOD-20260930T15325470574,HOOD,2026-09-30,2026-09-30T11:48:16.416018-04:00,114.4515,0.0275
KLAC-20260930T15494945981,KLAC,2026-09-30,2026-09-30T11:50:09.830097-04:00,196.1899,-0.0464
KLAC-20260930T15494945981,KLAC,2026-09-30,2026-09-30T11:50:20.339067-04:00,195.8999,-0.1942
KLAC-20260930T15494945981,KLAC,2026-09-30,2026-09-30T11:50:30.658980-04:00,196.22,-0.0311
AVGO-20260930T15501032700,AVGO,2026-09-30,2026-09-30T11:50:30.658980-04:00,354.32,-0.0113
KLAC-20260930T15494945981,KLAC,2026-09-30,2026-09-30T11:50:41.039928-04:00,196.085,-0.0999
AVGO-20260930T15501032700,AVGO,2026-09-30,2026-09-30T11:50:41.039928-04:00,354.2,-0.0452
KLAC-20260930T15494945981,KLAC,2026-09-30,2026-09-30T11:50:51.448711-04:00,196.085,-0.0999
AVGO-20260930T15501032700,AVGO,2026-09-30,2026-09-30T11:50:51.448711-04:00,354.26,-0.0282
KLAC-20260930T15494945981,KLAC,2026-09-30,2026-09-30T11:51:01.735838-04:00,196.1,-0.0922
AVGO-20260930T15501032700,AVGO,2026-09-30,2026-09-30T11:51:01.735838-04:00,353.5895,-0.2174
KLAC-20260930T15494945981,KLAC,2026-09-30,2026-09-30T11:51:12.002238-04:00,196.065,-0.11
AVGO-20260930T15501032700,AVGO,2026-09-30,2026-09-30T11:51:12.002238-04:00,354.11,-0.0705
KLAC-20260930T15494945981,KLAC,2026-09-30,2026-09-30T11:51:22.282396-04:00,196.1,-0.0922
AVGO-20260930T15501032700,AVGO,2026-09-30,2026-09-30T11:51:22.282396-04:00,354.1007,-0.0732
KLAC-20260930T15494945981,KLAC,2026-09-30,2026-09-30T11:51:32.508042-04:00,196.15,-0.0667
AVGO-20260930T15501032700,AVGO,2026-09-30,2026-09-30T11:51:32.508042-04:00,354.055,-0.0861
KLAC-20260930T15494945981,KLAC,2026-09-30,2026-09-30T11:51:42.729231-04:00,196.16,-0.0616
AVGO-20260930T15501032700,AVGO,2026-09-30,2026-09-30T11:51:42.729231-04:00,353.91,-0.127
KLAC-20260930T15494945981,KLAC,2026-09-30,2026-09-30T11:51:53.006219-04:00,196.11,-0.0871
AVGO-20260930T15501032700,AVGO,2026-09-30,2026-09-30T11:51:53.006219-04:00,354.0,-0.1016
KLAC-20260930T15494945981,KLAC,2026-09-30,2026-09-30T11:52:03.258924-04:00,196.05,-0.1177
AVGO-20260930T15501032700,AVGO,2026-09-30,2026-09-30T11:52:03.258924-04:00,353.8844,-0.1342
KLAC-20260930T15494945981,KLAC,2026-09-30,2026-09-30T11:52:13.618025-04:00,195.96,-0.1635
AVGO-20260930T15501032700,AVGO,2026-09-30,2026-09-30T11:52:13.618025-04:00,353.78,-0.1637
KLAC-20260930T15494945981,KLAC,2026-09-30,2026-09-30T11:52:23.849165-04:00,195.9209,-0.1835
AVGO-20260930T15501032700,AVGO,2026-09-30,2026-09-30T11:52:23.849165-04:00,353.7625,-0.1686
KLAC-20260930T15494945981,KLAC,2026-09-30,2026-09-30T11:52:34.159614-04:00,196.0366,-0.1245
AVGO-20260930T15501032700,AVGO,2026-09-30,2026-09-30T11:52:34.159614-04:00,353.595,-0.2159
KLAC-20260930T15494945981,KLAC,2026-09-30,2026-09-30T11:52:44.473126-04:00,196.06,-0.1126
AVGO-20260930T15501032700,AVGO,2026-09-30,2026-09-30T11:52:44.473126-04:00,353.565,-0.2243
DDOG-20260930T15522415315,DDOG,2026-09-30,2026-09-30T11:52:44.473126-04:00,274.92,-0.109
KLAC-20260930T15494945981,KLAC,2026-09-30,2026-09-30T11:52:54.702785-04:00,196.05,-0.1177
AVGO-20260930T15501032700,AVGO,2026-09-30,2026-09-30T11:52:54.702785-04:00,353.5858,-0.2185
DDOG-20260930T15522415315,DDOG,2026-09-30,2026-09-30T11:52:54.702785-04:00,274.96,-0.0945
KLAC-20260930T15494945981,KLAC,2026-09-30,2026-09-30T11:53:04.997529-04:00,196.05,-0.1177
AVGO-20260930T15501032700,AVGO,2026-09-30,2026-09-30T11:53:04.997529-04:00,353.5839,-0.219
DDOG-20260930T15522415315,DDOG,2026-09-30,2026-09-30T11:53:04.997529-04:00,274.4352,-0.2852
KLAC-20260930T15494945981,KLAC,2026-09-30,2026-09-30T11:53:15.308060-04:00,196.0493,-0.118
AVGO-20260930T15501032700,AVGO,2026-09-30,2026-09-30T11:53:15.308060-04:00,353.555,-0.2272
DDOG-20260930T15522415315,DDOG,2026-09-30,2026-09-30T11:53:15.308060-04:00,275.095,-0.0454
KLAC-20260930T15494945981,KLAC,2026-09-30,2026-09-30T11:53:25.606920-04:00,196.12,-0.082
AVGO-20260930T15501032700,AVGO,2026-09-30,2026-09-30T11:53:25.606920-04:00,353.48,-0.2483
DDOG-20260930T15522415315,DDOG,2026-09-30,2026-09-30T11:53:25.606920-04:00,274.985,-0.0854
KLAC-20260930T15494945981,KLAC,2026-09-30,2026-09-30T11:53:35.867037-04:00,196.14,-0.0718
AVGO-20260930T15501032700,AVGO,2026-09-30,2026-09-30T11:53:35.867037-04:00,353.455,-0.2554
DDOG-20260930T15522415315,DDOG,2026-09-30,2026-09-30T11:53:35.867037-04:00,274.824,-0.1439
KLAC-20260930T15494945981,KLAC,2026-09-30,2026-09-30T11:53:46.127398-04:00,195.9135,-0.1872
AVGO-20260930T15501032700,AVGO,2026-09-30,2026-09-30T11:53:46.127398-04:00,353.39,-0.2737
DDOG-20260930T15522415315,DDOG,2026-09-30,2026-09-30T11:53:46.127398-04:00,274.93,-0.1054
KLAC-20260930T15494945981,KLAC,2026-09-30,2026-09-30T11:53:56.476983-04:00,196.1356,-0.0741
AVGO-20260930T15501032700,AVGO,2026-09-30,2026-09-30T11:53:56.476983-04:00,353.38,-0.2766
DDOG-20260930T15522415315,DDOG,2026-09-30,2026-09-30T11:53:56.476983-04:00,274.93,-0.1054
KLAC-20260930T15494945981,KLAC,2026-09-30,2026-09-30T11:54:06.765391-04:00,196.1251,-0.0794
AVGO-20260930T15501032700,AVGO,2026-09-30,2026-09-30T11:54:06.765391-04:00,353.3602,-0.2821
DDOG-20260930T15522415315,DDOG,2026-09-30,2026-09-30T11:54:06.765391-04:00,274.93,-0.1054
KLAC-20260930T15494945981,KLAC,2026-09-30,2026-09-30T11:54:17.066340-04:00,196.25,-0.0158
AVGO-20260930T15501032700,AVGO,2026-09-30,2026-09-30T11:54:17.066340-04:00,353.4301,-0.2624
DDOG-20260930T15522415315,DDOG,2026-09-30,2026-09-30T11:54:17.066340-04:00,274.93,-0.1054
KLAC-20260930T15494945981,KLAC,2026-09-30,2026-09-30T11:54:27.279684-04:00,196.204,-0.0392
AVGO-20260930T15501032700,AVGO,2026-09-30,2026-09-30T11:54:27.279684-04:00,353.36,-0.2822
DDOG-20260930T15522415315,DDOG,2026-09-30,2026-09-30T11:54:27.279684-04:00,275.06,-0.0581
KLAC-20260930T15494945981,KLAC,2026-09-30,2026-09-30T11:54:37.569702-04:00,196.3,0.0097
AVGO-20260930T15501032700,AVGO,2026-09-30,2026-09-30T11:54:37.569702-04:00,353.235,-0.3175
DDOG-20260930T15522415315,DDOG,2026-09-30,2026-09-30T11:54:37.569702-04:00,274.3928,-0.3006
KLAC-20260930T15494945981,KLAC,2026-09-30,2026-09-30T11:54:47.873322-04:00,196.18,-0.0515
AVGO-20260930T15501032700,AVGO,2026-09-30,2026-09-30T11:54:47.873322-04:00,353.11,-0.3527
DDOG-20260930T15522415315,DDOG,2026-09-30,2026-09-30T11:54:47.873322-04:00,275.0461,-0.0632
KLAC-20260930T15494945981,KLAC,2026-09-30,2026-09-30T11:54:58.125103-04:00,196.09,-0.0973
AVGO-20260930T15501032700,AVGO,2026-09-30,2026-09-30T11:54:58.125103-04:00,352.9269,-0.4044
DDOG-20260930T15522415315,DDOG,2026-09-30,2026-09-30T11:54:58.125103-04:00,275.0,-0.0799
KLAC-20260930T15494945981,KLAC,2026-09-30,2026-09-30T11:55:08.416566-04:00,196.1,-0.0922
AVGO-20260930T15501032700,AVGO,2026-09-30,2026-09-30T11:55:08.416566-04:00,352.9,-0.412
DDOG-20260930T15522415315,DDOG,2026-09-30,2026-09-30T11:55:08.416566-04:00,275.07,-0.0545
KLAC-20260930T15494945981,KLAC,2026-09-30,2026-09-30T11:55:18.724949-04:00,196.11,-0.0871
AVGO-20260930T15501032700,AVGO,2026-09-30,2026-09-30T11:55:18.724949-04:00,352.875,-0.4191
DDOG-20260930T15522415315,DDOG,2026-09-30,2026-09-30T11:55:18.724949-04:00,275.08,-0.0509
KLAC-20260930T15494945981,KLAC,2026-09-30,2026-09-30T11:55:29.060065-04:00,196.07,-0.1075
AVGO-20260930T15501032700,AVGO,2026-09-30,2026-09-30T11:55:29.060065-04:00,352.85,-0.4261
DDOG-20260930T15522415315,DDOG,2026-09-30,2026-09-30T11:55:29.060065-04:00,275.08,-0.0509
KLAC-20260930T15494945981,KLAC,2026-09-30,2026-09-30T11:55:39.387071-04:00,195.99,-0.1483
AVGO-20260930T15501032700,AVGO,2026-09-30,2026-09-30T11:55:39.387071-04:00,353.3463,-0.2861
DDOG-20260930T15522415315,DDOG,2026-09-30,2026-09-30T11:55:39.387071-04:00,274.8518,-0.1338
KLAC-20260930T15494945981,KLAC,2026-09-30,2026-09-30T11:55:49.783786-04:00,195.89,-0.1992
AVGO-20260930T15501032700,AVGO,2026-09-30,2026-09-30T11:55:49.783786-04:00,353.0443,-0.3713
DDOG-20260930T15522415315,DDOG,2026-09-30,2026-09-30T11:55:49.783786-04:00,275.03,-0.069
KLAC-20260930T15494945981,KLAC,2026-09-30,2026-09-30T11:56:00.296600-04:00,195.9811,-0.1528
AVGO-20260930T15501032700,AVGO,2026-09-30,2026-09-30T11:56:00.296600-04:00,352.7515,-0.4539
DDOG-20260930T15522415315,DDOG,2026-09-30,2026-09-30T11:56:00.296600-04:00,275.04,-0.0654
KLAC-20260930T15494945981,KLAC,2026-09-30,2026-09-30T11:56:10.786343-04:00,195.95,-0.1686
AVGO-20260930T15501032700,AVGO,2026-09-30,2026-09-30T11:56:10.786343-04:00,352.74,-0.4572
DDOG-20260930T15522415315,DDOG,2026-09-30,2026-09-30T11:56:10.786343-04:00,274.965,-0.0927
KLAC-20260930T15494945981,KLAC,2026-09-30,2026-09-30T11:56:21.116191-04:00,196.0287,-0.1285
AVGO-20260930T15501032700,AVGO,2026-09-30,2026-09-30T11:56:21.116191-04:00,352.7799,-0.4459
DDOG-20260930T15522415315,DDOG,2026-09-30,2026-09-30T11:56:21.116191-04:00,275.04,-0.0654
KLAC-20260930T15494945981,KLAC,2026-09-30,2026-09-30T11:56:31.410418-04:00,195.85,-0.2196
AVGO-20260930T15501032700,AVGO,2026-09-30,2026-09-30T11:56:31.410418-04:00,352.7,-0.4685
DDOG-20260930T15522415315,DDOG,2026-09-30,2026-09-30T11:56:31.410418-04:00,275.085,-0.0491
KLAC-20260930T15494945981,KLAC,2026-09-30,2026-09-30T11:56:41.811277-04:00,195.82,-0.2349
DDOG-20260930T15522415315,DDOG,2026-09-30,2026-09-30T11:56:41.811277-04:00,275.18,-0.0145
KLAC-20260930T15494945981,KLAC,2026-09-30,2026-09-30T11:56:52.151719-04:00,195.835,-0.2272
DDOG-20260930T15522415315,DDOG,2026-09-30,2026-09-30T11:56:52.151719-04:00,275.11,-0.04
KLAC-20260930T15494945981,KLAC,2026-09-30,2026-09-30T11:57:02.544694-04:00,195.9199,-0.184
DDOG-20260930T15522415315,DDOG,2026-09-30,2026-09-30T11:57:02.544694-04:00,274.9613,-0.094
KLAC-20260930T15494945981,KLAC,2026-09-30,2026-09-30T11:57:12.854623-04:00,195.94,-0.1737
DDOG-20260930T15522415315,DDOG,2026-09-30,2026-09-30T11:57:12.854623-04:00,275.12,-0.0363
KLAC-20260930T15494945981,KLAC,2026-09-30,2026-09-30T11:57:23.171706-04:00,195.96,-0.1635
DDOG-20260930T15522415315,DDOG,2026-09-30,2026-09-30T11:57:23.171706-04:00,275.11,-0.04
KLAC-20260930T15494945981,KLAC,2026-09-30,2026-09-30T11:57:33.467827-04:00,195.995,-0.1457
DDOG-20260930T15522415315,DDOG,2026-09-30,2026-09-30T11:57:33.467827-04:00,275.07,-0.0545
KLAC-20260930T15494945981,KLAC,2026-09-30,2026-09-30T11:57:43.815994-04:00,195.995,-0.1457
DDOG-20260930T15522415315,DDOG,2026-09-30,2026-09-30T11:57:43.815994-04:00,275.2947,0.0271
KLAC-20260930T15494945981,KLAC,2026-09-30,2026-09-30T11:57:54.171648-04:00,196.0594,-0.1129
DDOG-20260930T15522415315,DDOG,2026-09-30,2026-09-30T11:57:54.171648-04:00,275.07,-0.0545
KLAC-20260930T15494945981,KLAC,2026-09-30,2026-09-30T11:58:04.491060-04:00,196.0329,-0.1264
DDOG-20260930T15522415315,DDOG,2026-09-30,2026-09-30T11:58:04.491060-04:00,275.18,-0.0145
KLAC-20260930T15494945981,KLAC,2026-09-30,2026-09-30T11:58:14.789964-04:00,196.0588,-0.1132
DDOG-20260930T15522415315,DDOG,2026-09-30,2026-09-30T11:58:14.789964-04:00,275.72,0.1817
KLAC-20260930T15494945981,KLAC,2026-09-30,2026-09-30T11:58:25.143383-04:00,195.995,-0.1457
DDOG-20260930T15522415315,DDOG,2026-09-30,2026-09-30T11:58:25.143383-04:00,275.91,0.2507
KLAC-20260930T15494945981,KLAC,2026-09-30,2026-09-30T11:58:35.465518-04:00,196.02,-0.133
DDOG-20260930T15522415315,DDOG,2026-09-30,2026-09-30T11:58:35.465518-04:00,275.85,0.2289
KLAC-20260930T15494945981,KLAC,2026-09-30,2026-09-30T11:58:45.796109-04:00,196.08,-0.1024
DDOG-20260930T15522415315,DDOG,2026-09-30,2026-09-30T11:58:45.796109-04:00,275.785,0.2053
KLAC-20260930T15494945981,KLAC,2026-09-30,2026-09-30T11:58:56.224052-04:00,196.01,-0.1381
DDOG-20260930T15522415315,DDOG,2026-09-30,2026-09-30T11:58:56.224052-04:00,275.925,0.2562
KLAC-20260930T15494945981,KLAC,2026-09-30,2026-09-30T11:59:06.605132-04:00,196.03,-0.1279
DDOG-20260930T15522415315,DDOG,2026-09-30,2026-09-30T11:59:06.605132-04:00,276.13,0.3306
KLAC-20260930T15494945981,KLAC,2026-09-30,2026-09-30T11:59:16.902145-04:00,196.0378,-0.1239
DDOG-20260930T15522415315,DDOG,2026-09-30,2026-09-30T11:59:16.902145-04:00,275.88,0.2398
KLAC-20260930T15494945981,KLAC,2026-09-30,2026-09-30T11:59:27.177783-04:00,196.09,-0.0973
DDOG-20260930T15522415315,DDOG,2026-09-30,2026-09-30T11:59:27.177783-04:00,275.9129,0.2518
KLAC-20260930T15494945981,KLAC,2026-09-30,2026-09-30T11:59:37.472916-04:00,196.07,-0.1075
DDOG-20260930T15522415315,DDOG,2026-09-30,2026-09-30T11:59:37.472916-04:00,275.805,0.2126
KLAC-20260930T15494945981,KLAC,2026-09-30,2026-09-30T11:59:47.841642-04:00,196.065,-0.11
DDOG-20260930T15522415315,DDOG,2026-09-30,2026-09-30T11:59:47.841642-04:00,275.76,0.1962
KLAC-20260930T15494945981,KLAC,2026-09-30,2026-09-30T11:59:58.164178-04:00,196.1,-0.0922
DDOG-20260930T15522415315,DDOG,2026-09-30,2026-09-30T11:59:58.164178-04:00,275.76,0.1962
KLAC-20260930T15494945981,KLAC,2026-09-30,2026-09-30T12:00:08.488475-04:00,196.07,-0.1075
DDOG-20260930T15522415315,DDOG,2026-09-30,2026-09-30T12:00:08.488475-04:00,275.605,0.1399
KLAC-20260930T15494945981,KLAC,2026-09-30,2026-09-30T12:00:18.954496-04:00,196.11,-0.0871
DDOG-20260930T15522415315,DDOG,2026-09-30,2026-09-30T12:00:18.954496-04:00,275.7822,0.2043
KLAC-20260930T15494945981,KLAC,2026-09-30,2026-09-30T12:00:29.517018-04:00,196.02,-0.133
DDOG-20260930T15522415315,DDOG,2026-09-30,2026-09-30T12:00:29.517018-04:00,275.5023,0.1026
KLAC-20260930T15494945981,KLAC,2026-09-30,2026-09-30T12:00:40.154628-04:00,195.92,-0.1839
DDOG-20260930T15522415315,DDOG,2026-09-30,2026-09-30T12:00:40.154628-04:00,275.33,0.04
KLAC-20260930T15494945981,KLAC,2026-09-30,2026-09-30T12:00:50.573607-04:00,195.93,-0.1788
DDOG-20260930T15522415315,DDOG,2026-09-30,2026-09-30T12:00:50.573607-04:00,275.34,0.0436
KLAC-20260930T15494945981,KLAC,2026-09-30,2026-09-30T12:01:00.906716-04:00,195.96,-0.1635
DDOG-20260930T15522415315,DDOG,2026-09-30,2026-09-30T12:01:00.906716-04:00,275.27,0.0182
KLAC-20260930T15494945981,KLAC,2026-09-30,2026-09-30T12:01:11.392999-04:00,196.03,-0.1279
DDOG-20260930T15522415315,DDOG,2026-09-30,2026-09-30T12:01:11.392999-04:00,275.5016,0.1023
KLAC-20260930T15494945981,KLAC,2026-09-30,2026-09-30T12:01:21.771217-04:00,196.02,-0.133
DDOG-20260930T15522415315,DDOG,2026-09-30,2026-09-30T12:01:21.771217-04:00,274.69,-0.1926
KLAC-20260930T15494945981,KLAC,2026-09-30,2026-09-30T12:01:32.072035-04:00,195.985,-0.1508
DDOG-20260930T15522415315,DDOG,2026-09-30,2026-09-30T12:01:32.072035-04:00,275.03,-0.069
KLAC-20260930T15494945981,KLAC,2026-09-30,2026-09-30T12:01:42.312667-04:00,195.97,-0.1584
DDOG-20260930T15522415315,DDOG,2026-09-30,2026-09-30T12:01:42.312667-04:00,275.2074,-0.0046
KLAC-20260930T15494945981,KLAC,2026-09-30,2026-09-30T12:01:52.659147-04:00,195.98,-0.1534
DDOG-20260930T15522415315,DDOG,2026-09-30,2026-09-30T12:01:52.659147-04:00,275.268,0.0174
KLAC-20260930T15494945981,KLAC,2026-09-30,2026-09-30T12:02:02.993937-04:00,196.0399,-0.1228
DDOG-20260930T15522415315,DDOG,2026-09-30,2026-09-30T12:02:02.993937-04:00,275.23,0.0036
KLAC-20260930T15494945981,KLAC,2026-09-30,2026-09-30T12:02:13.444884-04:00,196.0027,-0.1418
DDOG-20260930T15522415315,DDOG,2026-09-30,2026-09-30T12:02:13.444884-04:00,275.22,0.0
KLAC-20260930T15494945981,KLAC,2026-09-30,2026-09-30T12:02:23.803487-04:00,196.04,-0.1228
DDOG-20260930T15522415315,DDOG,2026-09-30,2026-09-30T12:02:23.803487-04:00,275.21,-0.0036
KLAC-20260930T15494945981,KLAC,2026-09-30,2026-09-30T12:02:34.115122-04:00,196.05,-0.1177
DDOG-20260930T15522415315,DDOG,2026-09-30,2026-09-30T12:02:34.115122-04:00,275.375,0.0563
KLAC-20260930T15494945981,KLAC,2026-09-30,2026-09-30T12:02:44.441641-04:00,195.97,-0.1584
DDOG-20260930T15522415315,DDOG,2026-09-30,2026-09-30T12:02:44.441641-04:00,275.36,0.0509
KLAC-20260930T15494945981,KLAC,2026-09-30,2026-09-30T12:02:54.784309-04:00,196.0059,-0.1402
DDOG-20260930T15522415315,DDOG,2026-09-30,2026-09-30T12:02:54.784309-04:00,275.7699,0.1998
KLAC-20260930T15494945981,KLAC,2026-09-30,2026-09-30T12:03:05.152053-04:00,196.0,-0.1432
DDOG-20260930T15522415315,DDOG,2026-09-30,2026-09-30T12:03:05.152053-04:00,275.145,-0.0273
KLAC-20260930T15494945981,KLAC,2026-09-30,2026-09-30T12:03:15.505196-04:00,195.98,-0.1534
DDOG-20260930T15522415315,DDOG,2026-09-30,2026-09-30T12:03:15.505196-04:00,275.135,-0.0309
KLAC-20260930T15494945981,KLAC,2026-09-30,2026-09-30T12:03:25.789969-04:00,195.98,-0.1534
DDOG-20260930T15522415315,DDOG,2026-09-30,2026-09-30T12:03:25.789969-04:00,275.6365,0.1513
KLAC-20260930T15494945981,KLAC,2026-09-30,2026-09-30T12:03:36.091876-04:00,195.94,-0.1737
DDOG-20260930T15522415315,DDOG,2026-09-30,2026-09-30T12:03:36.091876-04:00,275.3505,0.0474
KLAC-20260930T15494945981,KLAC,2026-09-30,2026-09-30T12:03:46.340544-04:00,195.98,-0.1534
DDOG-20260930T15522415315,DDOG,2026-09-30,2026-09-30T12:03:46.340544-04:00,275.185,-0.0127
KLAC-20260930T15494945981,KLAC,2026-09-30,2026-09-30T12:03:56.601884-04:00,195.975,-0.1559
DDOG-20260930T15522415315,DDOG,2026-09-30,2026-09-30T12:03:56.601884-04:00,275.205,-0.0055
KLAC-20260930T15494945981,KLAC,2026-09-30,2026-09-30T12:04:06.993995-04:00,196.0373,-0.1242
DDOG-20260930T15522415315,DDOG,2026-09-30,2026-09-30T12:04:06.993995-04:00,275.2131,-0.0025
KLAC-20260930T15494945981,KLAC,2026-09-30,2026-09-30T12:04:17.320555-04:00,195.925,-0.1814
DDOG-20260930T15522415315,DDOG,2026-09-30,2026-09-30T12:04:17.320555-04:00,275.215,-0.0018
KLAC-20260930T15494945981,KLAC,2026-09-30,2026-09-30T12:04:27.678569-04:00,195.955,-0.1661
DDOG-20260930T15522415315,DDOG,2026-09-30,2026-09-30T12:04:27.678569-04:00,275.31,0.0327
KLAC-20260930T15494945981,KLAC,2026-09-30,2026-09-30T12:04:37.992829-04:00,195.9,-0.1941
DDOG-20260930T15522415315,DDOG,2026-09-30,2026-09-30T12:04:37.992829-04:00,275.225,0.0018
KLAC-20260930T15494945981,KLAC,2026-09-30,2026-09-30T12:04:48.282003-04:00,195.895,-0.1967
DDOG-20260930T15522415315,DDOG,2026-09-30,2026-09-30T12:04:48.282003-04:00,275.22,0.0
KLAC-20260930T15494945981,KLAC,2026-09-30,2026-09-30T12:04:58.611965-04:00,195.92,-0.1839
DDOG-20260930T15522415315,DDOG,2026-09-30,2026-09-30T12:04:58.611965-04:00,275.1295,-0.0329
KLAC-20260930T15494945981,KLAC,2026-09-30,2026-09-30T12:05:08.968654-04:00,195.92,-0.1839
DDOG-20260930T15522415315,DDOG,2026-09-30,2026-09-30T12:05:08.968654-04:00,275.06,-0.0581
KLAC-20260930T15494945981,KLAC,2026-09-30,2026-09-30T12:05:19.437074-04:00,195.9259,-0.1809
DDOG-20260930T15522415315,DDOG,2026-09-30,2026-09-30T12:05:19.437074-04:00,275.131,-0.0323
KLAC-20260930T15494945981,KLAC,2026-09-30,2026-09-30T12:05:29.820894-04:00,195.9,-0.1941
DDOG-20260930T15522415315,DDOG,2026-09-30,2026-09-30T12:05:29.820894-04:00,275.265,0.0164
KLAC-20260930T15494945981,KLAC,2026-09-30,2026-09-30T12:05:40.313741-04:00,195.868,-0.2104
DDOG-20260930T15522415315,DDOG,2026-09-30,2026-09-30T12:05:40.313741-04:00,275.29,0.0254
KLAC-20260930T15494945981,KLAC,2026-09-30,2026-09-30T12:05:50.616238-04:00,195.87,-0.2094
DDOG-20260930T15522415315,DDOG,2026-09-30,2026-09-30T12:05:50.616238-04:00,275.305,0.0309
KLAC-20260930T15494945981,KLAC,2026-09-30,2026-09-30T12:06:01.003005-04:00,195.9018,-0.1932
DDOG-20260930T15522415315,DDOG,2026-09-30,2026-09-30T12:06:01.003005-04:00,275.4304,0.0764
KLAC-20260930T15494945981,KLAC,2026-09-30,2026-09-30T12:06:11.323316-04:00,195.88,-0.2043
DDOG-20260930T15522415315,DDOG,2026-09-30,2026-09-30T12:06:11.323316-04:00,275.02,-0.0727
KLAC-20260930T15494945981,KLAC,2026-09-30,2026-09-30T12:06:21.599913-04:00,195.9,-0.1941
DDOG-20260930T15522415315,DDOG,2026-09-30,2026-09-30T12:06:21.599913-04:00,275.06,-0.0581
KLAC-20260930T15494945981,KLAC,2026-09-30,2026-09-30T12:06:31.997521-04:00,195.91,-0.189
DDOG-20260930T15522415315,DDOG,2026-09-30,2026-09-30T12:06:31.997521-04:00,275.01,-0.0763
KLAC-20260930T15494945981,KLAC,2026-09-30,2026-09-30T12:06:42.360022-04:00,195.95,-0.1686
DDOG-20260930T15522415315,DDOG,2026-09-30,2026-09-30T12:06:42.360022-04:00,275.1751,-0.0163
KLAC-20260930T15494945981,KLAC,2026-09-30,2026-09-30T12:06:52.684211-04:00,195.93,-0.1788
DDOG-20260930T15522415315,DDOG,2026-09-30,2026-09-30T12:06:52.684211-04:00,275.055,-0.06
KLAC-20260930T15494945981,KLAC,2026-09-30,2026-09-30T12:07:03.077108-04:00,195.915,-0.1865
DDOG-20260930T15522415315,DDOG,2026-09-30,2026-09-30T12:07:03.077108-04:00,274.985,-0.0854
KLAC-20260930T15494945981,KLAC,2026-09-30,2026-09-30T12:07:13.423504-04:00,195.925,-0.1814
DDOG-20260930T15522415315,DDOG,2026-09-30,2026-09-30T12:07:13.423504-04:00,275.09,-0.0472
KLAC-20260930T15494945981,KLAC,2026-09-30,2026-09-30T12:07:23.809231-04:00,195.8963,-0.196
KLAC-20260930T15494945981,KLAC,2026-09-30,2026-09-30T12:07:34.143696-04:00,195.9342,-0.1767
KLAC-20260930T15494945981,KLAC,2026-09-30,2026-09-30T12:07:44.580437-04:00,195.9026,-0.1928
KLAC-20260930T15494945981,KLAC,2026-09-30,2026-09-30T12:07:54.838572-04:00,195.9586,-0.1643
KLAC-20260930T15494945981,KLAC,2026-09-30,2026-09-30T12:08:05.172768-04:00,195.93,-0.1788
KLAC-20260930T15494945981,KLAC,2026-09-30,2026-09-30T12:08:15.509936-04:00,195.88,-0.2043
KLAC-20260930T15494945981,KLAC,2026-09-30,2026-09-30T12:08:25.786068-04:00,195.9214,-0.1832
KLAC-20260930T15494945981,KLAC,2026-09-30,2026-09-30T12:08:36.038793-04:00,195.91,-0.189
KLAC-20260930T15494945981,KLAC,2026-09-30,2026-09-30T12:08:46.345190-04:00,195.89,-0.1992
KLAC-20260930T15494945981,KLAC,2026-09-30,2026-09-30T12:08:56.612128-04:00,195.905,-0.1916
KLAC-20260930T15494945981,KLAC,2026-09-30,2026-09-30T12:09:06.870009-04:00,195.9331,-0.1772
KLAC-20260930T15494945981,KLAC,2026-09-30,2026-09-30T12:09:17.214824-04:00,195.915,-0.1865
KLAC-20260930T15494945981,KLAC,2026-09-30,2026-09-30T12:09:27.500001-04:00,195.92,-0.1839
KLAC-20260930T15494945981,KLAC,2026-09-30,2026-09-30T12:09:37.730643-04:00,195.917,-0.1854
KLAC-20260930T15494945981,KLAC,2026-09-30,2026-09-30T12:09:48.031576-04:00,195.9212,-0.1833
KLAC-20260930T15494945981,KLAC,2026-09-30,2026-09-30T12:09:58.313390-04:00,195.96,-0.1635
KLAC-20260930T15494945981,KLAC,2026-09-30,2026-09-30T12:10:08.680097-04:00,195.96,-0.1635
KLAC-20260930T15494945981,KLAC,2026-09-30,2026-09-30T12:10:19.110903-04:00,195.9241,-0.1818
KLAC-20260930T15494945981,KLAC,2026-09-30,2026-09-30T12:10:29.465758-04:00,195.945,-0.1712
KLAC-20260930T15494945981,KLAC,2026-09-30,2026-09-30T12:10:39.925625-04:00,195.924,-0.1819
KLAC-20260930T15494945981,KLAC,2026-09-30,2026-09-30T12:10:50.295646-04:00,195.9,-0.1941
KLAC-20260930T15494945981,KLAC,2026-09-30,2026-09-30T12:11:00.623115-04:00,195.9,-0.1941
KLAC-20260930T15494945981,KLAC,2026-09-30,2026-09-30T12:11:10.978860-04:00,195.87,-0.2094
KLAC-20260930T15494945981,KLAC,2026-09-30,2026-09-30T12:11:21.304930-04:00,195.8928,-0.1978
KLAC-20260930T15494945981,KLAC,2026-09-30,2026-09-30T12:11:31.575073-04:00,195.895,-0.1967
KLAC-20260930T15494945981,KLAC,2026-09-30,2026-09-30T12:11:41.820861-04:00,195.9058,-0.1912
KLAC-20260930T15494945981,KLAC,2026-09-30,2026-09-30T12:11:52.091141-04:00,195.9161,-0.1859
KLAC-20260930T15494945981,KLAC,2026-09-30,2026-09-30T12:12:02.459166-04:00,195.965,-0.161
KLAC-20260930T15494945981,KLAC,2026-09-30,2026-09-30T12:12:12.845179-04:00,195.9221,-0.1829
KLAC-20260930T15494945981,KLAC,2026-09-30,2026-09-30T12:12:23.115330-04:00,195.88,-0.2043
KLAC-20260930T15494945981,KLAC,2026-09-30,2026-09-30T12:12:33.409739-04:00,195.86,-0.2145
KLAC-20260930T15494945981,KLAC,2026-09-30,2026-09-30T12:12:43.651103-04:00,195.845,-0.2221
KLAC-20260930T15494945981,KLAC,2026-09-30,2026-09-30T12:12:54.071249-04:00,195.8479,-0.2207
KLAC-20260930T15494945981,KLAC,2026-09-30,2026-09-30T12:13:04.455614-04:00,195.825,-0.2323
KLAC-20260930T15494945981,KLAC,2026-09-30,2026-09-30T12:13:14.751367-04:00,195.835,-0.2272
KLAC-20260930T15494945981,KLAC,2026-09-30,2026-09-30T12:13:25.009994-04:00,195.85,-0.2196
KLAC-20260930T15494945981,KLAC,2026-09-30,2026-09-30T12:13:35.224073-04:00,195.855,-0.217
KLAC-20260930T15494945981,KLAC,2026-09-30,2026-09-30T12:13:45.495971-04:00,195.96,-0.1635
KLAC-20260930T15494945981,KLAC,2026-09-30,2026-09-30T12:13:55.785101-04:00,195.95,-0.1686
KLAC-20260930T15494945981,KLAC,2026-09-30,2026-09-30T12:14:06.063646-04:00,195.92,-0.1839
KLAC-20260930T15494945981,KLAC,2026-09-30,2026-09-30T12:14:16.591228-04:00,195.93,-0.1788
KLAC-20260930T15494945981,KLAC,2026-09-30,2026-09-30T12:14:26.820050-04:00,195.92,-0.1839
KLAC-20260930T15494945981,KLAC,2026-09-30,2026-09-30T12:14:37.131637-04:00,195.96,-0.1635
KLAC-20260930T15494945981,KLAC,2026-09-30,2026-09-30T12:14:47.547948-04:00,195.99,-0.1483
KLAC-20260930T15494945981,KLAC,2026-09-30,2026-09-30T12:14:57.866446-04:00,195.995,-0.1457
KLAC-20260930T15494945981,KLAC,2026-09-30,2026-09-30T12:15:08.160412-04:00,196.005,-0.1406
KLAC-20260930T15494945981,KLAC,2026-09-30,2026-09-30T12:15:18.545859-04:00,195.98,-0.1534
KLAC-20260930T15494945981,KLAC,2026-09-30,2026-09-30T12:15:28.959671-04:00,195.9804,-0.1531
KLAC-20260930T15494945981,KLAC,2026-09-30,2026-09-30T12:15:39.340720-04:00,195.94,-0.1737
KLAC-20260930T15494945981,KLAC,2026-09-30,2026-09-30T12:15:49.615618-04:00,195.8807,-0.2039
KLAC-20260930T15494945981,KLAC,2026-09-30,2026-09-30T12:16:00.099143-04:00,195.9,-0.1941
KLAC-20260930T15494945981,KLAC,2026-09-30,2026-09-30T12:16:10.606615-04:00,195.835,-0.2272
KLAC-20260930T15494945981,KLAC,2026-09-30,2026-09-30T12:16:21.105617-04:00,195.825,-0.2323
KLAC-20260930T15494945981,KLAC,2026-09-30,2026-09-30T12:16:31.393426-04:00,195.83,-0.2298
KLAC-20260930T15494945981,KLAC,2026-09-30,2026-09-30T12:16:41.688436-04:00,195.83,-0.2298
KLAC-20260930T15494945981,KLAC,2026-09-30,2026-09-30T12:16:52.029875-04:00,195.835,-0.2272
KLAC-20260930T15494945981,KLAC,2026-09-30,2026-09-30T12:17:02.431055-04:00,195.79,-0.2502
KLAC-20260930T15494945981,KLAC,2026-09-30,2026-09-30T12:17:12.748138-04:00,195.75,-0.2705
KLAC-20260930T15494945981,KLAC,2026-09-30,2026-09-30T12:17:23.099975-04:00,195.695,-0.2986
KLAC-20260930T15494945981,KLAC,2026-09-30,2026-09-30T12:17:33.457120-04:00,195.65,-0.3215
KLAC-20260930T15494945981,KLAC,2026-09-30,2026-09-30T12:17:43.669194-04:00,195.63,-0.3317
KLAC-20260930T15494945981,KLAC,2026-09-30,2026-09-30T12:17:53.931724-04:00,195.64,-0.3266
KLAC-20260930T15494945981,KLAC,2026-09-30,2026-09-30T12:18:04.204776-04:00,195.6375,-0.3278
CDNS-20260930T17402946871,CDNS,2026-09-30,2026-09-30T13:40:49.964672-04:00,330.7592,0.0119
CDNS-20260930T17402946871,CDNS,2026-09-30,2026-09-30T13:41:00.309109-04:00,330.7898,0.0211
CDNS-20260930T17402946871,CDNS,2026-09-30,2026-09-30T13:41:10.686617-04:00,330.7987,0.0238
CDNS-20260930T17402946871,CDNS,2026-09-30,2026-09-30T13:41:21.152476-04:00,330.3541,-0.1106
CDNS-20260930T17402946871,CDNS,2026-09-30,2026-09-30T13:41:31.532291-04:00,331.2057,0.1469
CDNS-20260930T17402946871,CDNS,2026-09-30,2026-09-30T13:41:41.856069-04:00,331.26,0.1633
CDNS-20260930T17402946871,CDNS,2026-09-30,2026-09-30T13:41:52.204791-04:00,331.615,0.2706
CDNS-20260930T17402946871,CDNS,2026-09-30,2026-09-30T13:42:02.616046-04:00,332.62,0.5745
CDNS-20260930T17402946871,CDNS,2026-09-30,2026-09-30T13:42:13.114121-04:00,332.14,0.4294
CDNS-20260930T17402946871,CDNS,2026-09-30,2026-09-30T13:42:23.488002-04:00,332.16,0.4354
CDNS-20260930T17402946871,CDNS,2026-09-30,2026-09-30T13:42:33.791908-04:00,332.2718,0.4692
CDNS-20260930T17402946871,CDNS,2026-09-30,2026-09-30T13:42:44.064971-04:00,332.435,0.5186
CDNS-20260930T17402946871,CDNS,2026-09-30,2026-09-30T13:42:54.362356-04:00,332.38,0.5019
CDNS-20260930T17402946871,CDNS,2026-09-30,2026-09-30T13:43:04.700170-04:00,332.525,0.5458
CDNS-20260930T17402946871,CDNS,2026-09-30,2026-09-30T13:43:15.069141-04:00,332.3205,0.4839
CDNS-20260930T17402946871,CDNS,2026-09-30,2026-09-30T13:43:25.395771-04:00,331.955,0.3734
CDNS-20260930T17402946871,CDNS,2026-09-30,2026-09-30T13:43:35.785032-04:00,331.8,0.3266
CDNS-20260930T17402946871,CDNS,2026-09-30,2026-09-30T13:43:46.079889-04:00,331.625,0.2736
CDNS-20260930T17402946871,CDNS,2026-09-30,2026-09-30T13:43:56.453045-04:00,331.77,0.3175
CDNS-20260930T17402946871,CDNS,2026-09-30,2026-09-30T13:44:06.834705-04:00,331.46,0.2238
CDNS-20260930T17402946871,CDNS,2026-09-30,2026-09-30T13:44:17.161969-04:00,331.64,0.2782
CDNS-20260930T17402946871,CDNS,2026-09-30,2026-09-30T13:44:27.450429-04:00,331.33,0.1844
CDNS-20260930T17402946871,CDNS,2026-09-30,2026-09-30T13:44:37.682879-04:00,331.6369,0.2772
CDNS-20260930T17402946871,CDNS,2026-09-30,2026-09-30T13:44:47.964019-04:00,331.4,0.2056
CDNS-20260930T17402946871,CDNS,2026-09-30,2026-09-30T13:44:58.210558-04:00,331.395,0.2041
CDNS-20260930T17402946871,CDNS,2026-09-30,2026-09-30T13:45:08.516985-04:00,331.66,0.2842
CDNS-20260930T17402946871,CDNS,2026-09-30,2026-09-30T13:45:18.879758-04:00,331.635,0.2767
CDNS-20260930T17402946871,CDNS,2026-09-30,2026-09-30T13:45:29.138895-04:00,331.86,0.3447
CDNS-20260930T17402946871,CDNS,2026-09-30,2026-09-30T13:45:39.430555-04:00,331.7385,0.308
CDNS-20260930T17402946871,CDNS,2026-09-30,2026-09-30T13:45:49.673032-04:00,332.0238,0.3942
CDNS-20260930T17402946871,CDNS,2026-09-30,2026-09-30T13:46:00.040021-04:00,332.25,0.4626
CDNS-20260930T17402946871,CDNS,2026-09-30,2026-09-30T13:46:10.520118-04:00,332.4,0.508
CDNS-20260930T17402946871,CDNS,2026-09-30,2026-09-30T13:46:20.933178-04:00,332.4,0.508
CDNS-20260930T17402946871,CDNS,2026-09-30,2026-09-30T13:46:31.408732-04:00,332.4666,0.5281
CDNS-20260930T17402946871,CDNS,2026-09-30,2026-09-30T13:46:41.791628-04:00,332.1318,0.4269
CDNS-20260930T17402946871,CDNS,2026-09-30,2026-09-30T13:46:52.203831-04:00,332.4219,0.5146
CDNS-20260930T17402946871,CDNS,2026-09-30,2026-09-30T13:47:02.556848-04:00,332.02,0.3931
CDNS-20260930T17402946871,CDNS,2026-09-30,2026-09-30T13:47:12.876166-04:00,332.2474,0.4618
CDNS-20260930T17402946871,CDNS,2026-09-30,2026-09-30T13:47:23.175827-04:00,331.907,0.3589
CDNS-20260930T17402946871,CDNS,2026-09-30,2026-09-30T13:47:33.459356-04:00,331.77,0.3175
CDNS-20260930T17402946871,CDNS,2026-09-30,2026-09-30T13:47:43.769748-04:00,331.865,0.3462
CDNS-20260930T17402946871,CDNS,2026-09-30,2026-09-30T13:47:54.046717-04:00,331.62,0.2721
CDNS-20260930T17402946871,CDNS,2026-09-30,2026-09-30T13:48:04.374143-04:00,331.7626,0.3153
CDNS-20260930T17402946871,CDNS,2026-09-30,2026-09-30T13:48:14.822595-04:00,331.18,0.1391
CDNS-20260930T17402946871,CDNS,2026-09-30,2026-09-30T13:48:25.117748-04:00,331.8329,0.3365
CDNS-20260930T17402946871,CDNS,2026-09-30,2026-09-30T13:48:35.337310-04:00,331.1675,0.1353
CDNS-20260930T17402946871,CDNS,2026-09-30,2026-09-30T13:48:45.551048-04:00,331.46,0.2238
CDNS-20260930T17402946871,CDNS,2026-09-30,2026-09-30T13:48:55.831726-04:00,331.63,0.2752
CDNS-20260930T17402946871,CDNS,2026-09-30,2026-09-30T13:49:06.145813-04:00,331.945,0.3704
CDNS-20260930T17402946871,CDNS,2026-09-30,2026-09-30T13:49:16.545127-04:00,331.6797,0.2902
CDNS-20260930T17402946871,CDNS,2026-09-30,2026-09-30T13:49:26.829708-04:00,331.8709,0.348
CDNS-20260930T17402946871,CDNS,2026-09-30,2026-09-30T13:49:37.109047-04:00,331.7,0.2963
CDNS-20260930T17402946871,CDNS,2026-09-30,2026-09-30T13:49:47.423028-04:00,331.52,0.2419
CDNS-20260930T17402946871,CDNS,2026-09-30,2026-09-30T13:49:57.803814-04:00,331.65,0.2812
CDNS-20260930T17402946871,CDNS,2026-09-30,2026-09-30T13:50:08.088799-04:00,331.42,0.2117
CDNS-20260930T17402946871,CDNS,2026-09-30,2026-09-30T13:50:18.461790-04:00,331.723,0.3033
CDNS-20260930T17402946871,CDNS,2026-09-30,2026-09-30T13:50:28.827940-04:00,331.8727,0.3485
CDNS-20260930T17402946871,CDNS,2026-09-30,2026-09-30T13:50:39.226300-04:00,331.5863,0.2619
CDNS-20260930T17402946871,CDNS,2026-09-30,2026-09-30T13:50:49.620542-04:00,331.64,0.2782
CDNS-20260930T17402946871,CDNS,2026-09-30,2026-09-30T13:51:00.143180-04:00,331.8187,0.3322
CDNS-20260930T17402946871,CDNS,2026-09-30,2026-09-30T13:51:10.752195-04:00,331.5954,0.2647
CDNS-20260930T17402946871,CDNS,2026-09-30,2026-09-30T13:51:21.131758-04:00,331.33,0.1844
CDNS-20260930T17402946871,CDNS,2026-09-30,2026-09-30T13:51:31.459045-04:00,331.7614,0.3149
CDNS-20260930T17402946871,CDNS,2026-09-30,2026-09-30T13:51:41.785958-04:00,331.73,0.3054
CDNS-20260930T17402946871,CDNS,2026-09-30,2026-09-30T13:51:52.117474-04:00,331.31,0.1784
CDNS-20260930T17402946871,CDNS,2026-09-30,2026-09-30T13:52:02.427565-04:00,331.62,0.2721
CDNS-20260930T17402946871,CDNS,2026-09-30,2026-09-30T13:52:12.838089-04:00,331.5963,0.265
CDNS-20260930T17402946871,CDNS,2026-09-30,2026-09-30T13:52:23.230024-04:00,331.56,0.254
CDNS-20260930T17402946871,CDNS,2026-09-30,2026-09-30T13:52:33.526917-04:00,331.51,0.2389
CDNS-20260930T17402946871,CDNS,2026-09-30,2026-09-30T13:52:43.840090-04:00,331.58,0.26
CDNS-20260930T17402946871,CDNS,2026-09-30,2026-09-30T13:52:54.112567-04:00,331.56,0.254
CDNS-20260930T17402946871,CDNS,2026-09-30,2026-09-30T13:53:04.476524-04:00,331.21,0.1482
CDNS-20260930T18125887326,CDNS,2026-09-30,2026-09-30T14:13:19.134908-04:00,330.925,-0.0408
CDNS-20260930T18125887326,CDNS,2026-09-30,2026-09-30T14:13:29.364155-04:00,330.9256,-0.0406
CDNS-20260930T18125887326,CDNS,2026-09-30,2026-09-30T14:13:39.586683-04:00,330.925,-0.0408
CDNS-20260930T18125887326,CDNS,2026-09-30,2026-09-30T14:13:49.782035-04:00,330.9698,-0.0272
CDNS-20260930T18125887326,CDNS,2026-09-30,2026-09-30T14:14:00.058472-04:00,330.6042,-0.1377
CDNS-20260930T18125887326,CDNS,2026-09-30,2026-09-30T14:14:10.425029-04:00,331.3,0.0725
CDNS-20260930T18125887326,CDNS,2026-09-30,2026-09-30T14:14:20.729028-04:00,331.41,0.1057
CDNS-20260930T18125887326,CDNS,2026-09-30,2026-09-30T14:14:30.976074-04:00,331.215,0.0468
CDNS-20260930T18125887326,CDNS,2026-09-30,2026-09-30T14:14:41.246976-04:00,331.18,0.0362
CDNS-20260930T18125887326,CDNS,2026-09-30,2026-09-30T14:14:51.519147-04:00,331.42,0.1087
CDNS-20260930T18125887326,CDNS,2026-09-30,2026-09-30T14:15:01.796464-04:00,331.62,0.1692
CDNS-20260930T18125887326,CDNS,2026-09-30,2026-09-30T14:15:12.312980-04:00,331.55,0.148
CDNS-20260930T18125887326,CDNS,2026-09-30,2026-09-30T14:15:22.685987-04:00,330.8971,-0.0492
CDNS-20260930T18125887326,CDNS,2026-09-30,2026-09-30T14:15:33.163064-04:00,331.645,0.1767
CDNS-20260930T18125887326,CDNS,2026-09-30,2026-09-30T14:15:43.553476-04:00,331.69,0.1903
CDNS-20260930T18125887326,CDNS,2026-09-30,2026-09-30T14:15:53.816357-04:00,331.84,0.2356
CDNS-20260930T18125887326,CDNS,2026-09-30,2026-09-30T14:16:04.072714-04:00,331.7582,0.2109
CDNS-20260930T18125887326,CDNS,2026-09-30,2026-09-30T14:16:14.557634-04:00,331.905,0.2552
CDNS-20260930T18125887326,CDNS,2026-09-30,2026-09-30T14:16:25.118641-04:00,331.885,0.2492
CDNS-20260930T18125887326,CDNS,2026-09-30,2026-09-30T14:16:35.356214-04:00,331.6996,0.1932
CDNS-20260930T18125887326,CDNS,2026-09-30,2026-09-30T14:16:45.565491-04:00,331.88,0.2477
CDNS-20260930T18125887326,CDNS,2026-09-30,2026-09-30T14:16:55.767122-04:00,331.88,0.2477
CDNS-20260930T18125887326,CDNS,2026-09-30,2026-09-30T14:17:06.014134-04:00,331.96,0.2719
CDNS-20260930T18125887326,CDNS,2026-09-30,2026-09-30T14:17:16.278807-04:00,331.8418,0.2362
CDNS-20260930T18125887326,CDNS,2026-09-30,2026-09-30T14:17:26.486912-04:00,332.1615,0.3327
CDNS-20260930T18125887326,CDNS,2026-09-30,2026-09-30T14:17:36.778118-04:00,331.8476,0.2379
CDNS-20260930T18125887326,CDNS,2026-09-30,2026-09-30T14:17:47.218104-04:00,332.019,0.2897
CDNS-20260930T18125887326,CDNS,2026-09-30,2026-09-30T14:17:57.544384-04:00,331.565,0.1525
CDNS-20260930T18125887326,CDNS,2026-09-30,2026-09-30T14:18:07.830695-04:00,331.53,0.142
CDNS-20260930T18125887326,CDNS,2026-09-30,2026-09-30T14:18:18.079265-04:00,331.8166,0.2285
CDNS-20260930T18125887326,CDNS,2026-09-30,2026-09-30T14:18:28.359241-04:00,331.8046,0.2249
CDNS-20260930T18125887326,CDNS,2026-09-30,2026-09-30T14:18:38.644121-04:00,331.56,0.151
CDNS-20260930T18125887326,CDNS,2026-09-30,2026-09-30T14:18:48.881242-04:00,331.2844,0.0678
CDNS-20260930T18125887326,CDNS,2026-09-30,2026-09-30T14:18:59.112990-04:00,331.7,0.1933
CDNS-20260930T18125887326,CDNS,2026-09-30,2026-09-30T14:19:09.456467-04:00,331.76,0.2114
CDNS-20260930T18125887326,CDNS,2026-09-30,2026-09-30T14:19:19.733541-04:00,331.82,0.2296
CDNS-20260930T18125887326,CDNS,2026-09-30,2026-09-30T14:19:30.010166-04:00,331.97,0.2749
CDNS-20260930T18125887326,CDNS,2026-09-30,2026-09-30T14:19:40.313427-04:00,331.64,0.1752
CDNS-20260930T18125887326,CDNS,2026-09-30,2026-09-30T14:19:50.706104-04:00,331.39,0.0997
CDNS-20260930T18125887326,CDNS,2026-09-30,2026-09-30T14:20:00.953864-04:00,331.8063,0.2254
CDNS-20260930T18125887326,CDNS,2026-09-30,2026-09-30T14:20:11.268469-04:00,331.4,0.1027
CDNS-20260930T18125887326,CDNS,2026-09-30,2026-09-30T14:20:21.893943-04:00,331.67,0.1843
CDNS-20260930T18125887326,CDNS,2026-09-30,2026-09-30T14:20:32.221531-04:00,331.7649,0.2129
CDNS-20260930T18125887326,CDNS,2026-09-30,2026-09-30T14:20:42.557863-04:00,331.5711,0.1544
CDNS-20260930T18125887326,CDNS,2026-09-30,2026-09-30T14:20:52.931109-04:00,331.5393,0.1448
CDNS-20260930T18125887326,CDNS,2026-09-30,2026-09-30T14:21:03.288423-04:00,331.6782,0.1867
CDNS-20260930T18125887326,CDNS,2026-09-30,2026-09-30T14:21:13.558760-04:00,331.5886,0.1597
CDNS-20260930T18125887326,CDNS,2026-09-30,2026-09-30T14:21:23.891534-04:00,331.76,0.2114
CDNS-20260930T18125887326,CDNS,2026-09-30,2026-09-30T14:21:34.153829-04:00,331.753,0.2093
CDNS-20260930T18125887326,CDNS,2026-09-30,2026-09-30T14:21:44.467915-04:00,331.6748,0.1857
CDNS-20260930T18125887326,CDNS,2026-09-30,2026-09-30T14:21:54.757715-04:00,331.7335,0.2034
CDNS-20260930T18125887326,CDNS,2026-09-30,2026-09-30T14:22:05.082276-04:00,331.575,0.1556
CDNS-20260930T18125887326,CDNS,2026-09-30,2026-09-30T14:22:15.584518-04:00,331.6923,0.191
CDNS-20260930T18125887326,CDNS,2026-09-30,2026-09-30T14:22:25.937103-04:00,331.7118,0.1969
CDNS-20260930T18125887326,CDNS,2026-09-30,2026-09-30T14:22:36.309011-04:00,331.7,0.1933
CDNS-20260930T18125887326,CDNS,2026-09-30,2026-09-30T14:22:46.618049-04:00,331.99,0.2809
CDNS-20260930T18125887326,CDNS,2026-09-30,2026-09-30T14:22:56.946311-04:00,331.7113,0.1967
CDNS-20260930T18125887326,CDNS,2026-09-30,2026-09-30T14:23:07.341090-04:00,331.8833,0.2487
CDNS-20260930T18125887326,CDNS,2026-09-30,2026-09-30T14:23:17.590100-04:00,331.8039,0.2247
CDNS-20260930T18125887326,CDNS,2026-09-30,2026-09-30T14:23:27.903676-04:00,332.035,0.2945
CDNS-20260930T18125887326,CDNS,2026-09-30,2026-09-30T14:23:38.176863-04:00,332.145,0.3277
CDNS-20260930T18125887326,CDNS,2026-09-30,2026-09-30T14:23:48.418558-04:00,332.88,0.5497
CDNS-20260930T18125887326,CDNS,2026-09-30,2026-09-30T14:23:58.724817-04:00,332.72,0.5014
CDNS-20260930T18125887326,CDNS,2026-09-30,2026-09-30T14:24:09.058283-04:00,332.98,0.58
CDNS-20260930T18125887326,CDNS,2026-09-30,2026-09-30T14:24:19.487774-04:00,332.8321,0.5353
CDNS-20260930T18125887326,CDNS,2026-09-30,2026-09-30T14:24:29.695687-04:00,333.74,0.8095
CDNS-20260930T18125887326,CDNS,2026-09-30,2026-09-30T14:24:39.933054-04:00,333.4347,0.7173
CDNS-20260930T18125887326,CDNS,2026-09-30,2026-09-30T14:24:50.173006-04:00,332.9079,0.5582
CDNS-20260930T18125887326,CDNS,2026-09-30,2026-09-30T14:25:00.402187-04:00,333.665,0.7869
CDNS-20260930T18125887326,CDNS,2026-09-30,2026-09-30T14:25:10.924126-04:00,333.3435,0.6898
CDNS-20260930T18125887326,CDNS,2026-09-30,2026-09-30T14:25:21.200908-04:00,333.965,0.8775
CDNS-20260930T18125887326,CDNS,2026-09-30,2026-09-30T14:25:31.467333-04:00,334.045,0.9016
CDNS-20260930T18125887326,CDNS,2026-09-30,2026-09-30T14:25:41.760220-04:00,334.045,0.9016
CDNS-20260930T18125887326,CDNS,2026-09-30,2026-09-30T14:25:52.038840-04:00,333.99,0.885
CDNS-20260930T18125887326,CDNS,2026-09-30,2026-09-30T14:26:02.287843-04:00,333.77,0.8186
CDNS-20260930T18125887326,CDNS,2026-09-30,2026-09-30T14:26:12.654650-04:00,333.97,0.879
CDNS-20260930T18125887326,CDNS,2026-09-30,2026-09-30T14:26:22.980677-04:00,334.355,0.9953
CDNS-20260930T18125887326,CDNS,2026-09-30,2026-09-30T14:26:33.337096-04:00,334.39,1.0059
CDNS-20260930T18125887326,CDNS,2026-09-30,2026-09-30T14:26:43.696594-04:00,334.0893,0.915
CDNS-20260930T18125887326,CDNS,2026-09-30,2026-09-30T14:26:54.017249-04:00,334.47,1.03
CDNS-20260930T18125887326,CDNS,2026-09-30,2026-09-30T14:27:04.295125-04:00,333.5549,0.7536
RCL-20260930T18294974373,RCL,2026-09-30,2026-09-30T14:30:10.194626-04:00,266.74,-0.0412
RCL-20260930T18294974373,RCL,2026-09-30,2026-09-30T14:30:20.691113-04:00,266.74,-0.0412
RCL-20260930T18294974373,RCL,2026-09-30,2026-09-30T14:30:31.234035-04:00,266.685,-0.0618
RCL-20260930T18294974373,RCL,2026-09-30,2026-09-30T14:30:41.907924-04:00,266.4797,-0.1388
RCL-20260930T18294974373,RCL,2026-09-30,2026-09-30T14:30:52.409096-04:00,266.4141,-0.1634
RCL-20260930T18294974373,RCL,2026-09-30,2026-09-30T14:31:02.910212-04:00,266.675,-0.0656
RCL-20260930T18294974373,RCL,2026-09-30,2026-09-30T14:31:13.503128-04:00,267.0,0.0562
RCL-20260930T18294974373,RCL,2026-09-30,2026-09-30T14:31:24.088967-04:00,267.02,0.0637
RCL-20260930T18294974373,RCL,2026-09-30,2026-09-30T14:31:34.568549-04:00,266.95,0.0375
RCL-20260930T18294974373,RCL,2026-09-30,2026-09-30T14:31:44.888626-04:00,266.87,0.0075
RCL-20260930T18294974373,RCL,2026-09-30,2026-09-30T14:31:55.339903-04:00,266.65,-0.0749
RCL-20260930T18294974373,RCL,2026-09-30,2026-09-30T14:32:05.673440-04:00,266.71,-0.0525
RCL-20260930T18294974373,RCL,2026-09-30,2026-09-30T14:32:16.038886-04:00,266.71,-0.0525
RCL-20260930T18294974373,RCL,2026-09-30,2026-09-30T14:32:26.338132-04:00,266.71,-0.0525
RCL-20260930T18294974373,RCL,2026-09-30,2026-09-30T14:32:36.588576-04:00,266.71,-0.0525
RCL-20260930T18294974373,RCL,2026-09-30,2026-09-30T14:32:47.008990-04:00,266.735,-0.0431
RCL-20260930T18294974373,RCL,2026-09-30,2026-09-30T14:32:57.467106-04:00,266.715,-0.0506
RCL-20260930T18294974373,RCL,2026-09-30,2026-09-30T14:33:07.691840-04:00,266.72,-0.0487
RCL-20260930T18294974373,RCL,2026-09-30,2026-09-30T14:33:18.074466-04:00,266.65,-0.0749
RCL-20260930T18294974373,RCL,2026-09-30,2026-09-30T14:33:28.363687-04:00,266.6869,-0.0611
RCL-20260930T18294974373,RCL,2026-09-30,2026-09-30T14:33:38.624432-04:00,266.6,-0.0937
RCL-20260930T18294974373,RCL,2026-09-30,2026-09-30T14:33:48.994846-04:00,266.7568,-0.0349
RCL-20260930T18294974373,RCL,2026-09-30,2026-09-30T14:33:59.371068-04:00,266.6262,-0.0839
RCL-20260930T18294974373,RCL,2026-09-30,2026-09-30T14:34:09.720992-04:00,266.6,-0.0937
RCL-20260930T18294974373,RCL,2026-09-30,2026-09-30T14:34:19.953164-04:00,266.4075,-0.1658
RCL-20260930T18294974373,RCL,2026-09-30,2026-09-30T14:34:30.252705-04:00,266.38,-0.1761
RCL-20260930T18294974373,RCL,2026-09-30,2026-09-30T14:34:40.527135-04:00,266.375,-0.178
RCL-20260930T18294974373,RCL,2026-09-30,2026-09-30T14:34:50.984206-04:00,266.39,-0.1724
RCL-20260930T18294974373,RCL,2026-09-30,2026-09-30T14:35:01.397656-04:00,266.722,-0.048
RCL-20260930T18294974373,RCL,2026-09-30,2026-09-30T14:35:12.118922-04:00,266.88,0.0112
RCL-20260930T18294974373,RCL,2026-09-30,2026-09-30T14:35:22.927880-04:00,266.7188,-0.0492
RCL-20260930T18294974373,RCL,2026-09-30,2026-09-30T14:35:33.518956-04:00,266.7189,-0.0491
RCL-20260930T18294974373,RCL,2026-09-30,2026-09-30T14:35:44.184942-04:00,266.7157,-0.0503
RCL-20260930T18294974373,RCL,2026-09-30,2026-09-30T14:35:54.876807-04:00,267.0877,0.0891
RCL-20260930T18294974373,RCL,2026-09-30,2026-09-30T14:36:05.398099-04:00,266.99,0.0525
RCL-20260930T18294974373,RCL,2026-09-30,2026-09-30T14:36:15.900839-04:00,266.9637,0.0426
RCL-20260930T18294974373,RCL,2026-09-30,2026-09-30T14:36:26.123881-04:00,266.7488,-0.0379
RCL-20260930T18294974373,RCL,2026-09-30,2026-09-30T14:36:36.447785-04:00,266.7388,-0.0417
RCL-20260930T18294974373,RCL,2026-09-30,2026-09-30T14:36:46.680477-04:00,267.2,0.1312
RCL-20260930T18294974373,RCL,2026-09-30,2026-09-30T14:36:56.892174-04:00,266.7777,-0.0271
RCL-20260930T18294974373,RCL,2026-09-30,2026-09-30T14:37:07.299808-04:00,266.9479,0.0367
RCL-20260930T18294974373,RCL,2026-09-30,2026-09-30T14:37:17.608206-04:00,266.9478,0.0366
RCL-20260930T18294974373,RCL,2026-09-30,2026-09-30T14:37:27.958911-04:00,266.7749,-0.0281
RCL-20260930T18294974373,RCL,2026-09-30,2026-09-30T14:37:38.216735-04:00,266.885,0.0131
RCL-20260930T18294974373,RCL,2026-09-30,2026-09-30T14:37:48.548511-04:00,266.89,0.015
RCL-20260930T18294974373,RCL,2026-09-30,2026-09-30T14:37:58.799974-04:00,266.8826,0.0122
RCL-20260930T18294974373,RCL,2026-09-30,2026-09-30T14:38:09.132593-04:00,266.9,0.0187
RCL-20260930T18294974373,RCL,2026-09-30,2026-09-30T14:38:19.565051-04:00,266.895,0.0169
RCL-20260930T18294974373,RCL,2026-09-30,2026-09-30T14:38:29.846627-04:00,266.895,0.0169
RCL-20260930T18294974373,RCL,2026-09-30,2026-09-30T14:38:40.233064-04:00,266.9,0.0187
RCL-20260930T18294974373,RCL,2026-09-30,2026-09-30T14:38:50.581066-04:00,266.88,0.0112
RCL-20260930T18294974373,RCL,2026-09-30,2026-09-30T14:39:00.918839-04:00,267.045,0.0731
RCL-20260930T18294974373,RCL,2026-09-30,2026-09-30T14:39:11.374179-04:00,267.05,0.0749
RCL-20260930T18294974373,RCL,2026-09-30,2026-09-30T14:39:21.639893-04:00,267.045,0.0731
RCL-20260930T18294974373,RCL,2026-09-30,2026-09-30T14:39:31.933715-04:00,266.9447,0.0355
RCL-20260930T18294974373,RCL,2026-09-30,2026-09-30T14:39:42.200578-04:00,267.16,0.1162
RCL-20260930T18294974373,RCL,2026-09-30,2026-09-30T14:39:52.473483-04:00,267.185,0.1255
RCL-20260930T18294974373,RCL,2026-09-30,2026-09-30T14:40:02.819624-04:00,266.8088,-0.0154
RCL-20260930T18294974373,RCL,2026-09-30,2026-09-30T14:40:13.133549-04:00,267.185,0.1255
RCL-20260930T18294974373,RCL,2026-09-30,2026-09-30T14:40:23.443591-04:00,267.185,0.1255
RCL-20260930T18294974373,RCL,2026-09-30,2026-09-30T14:40:33.835598-04:00,266.968,0.0442
RCL-20260930T18294974373,RCL,2026-09-30,2026-09-30T14:40:44.317386-04:00,266.9857,0.0509
RCL-20260930T18294974373,RCL,2026-09-30,2026-09-30T14:40:54.717720-04:00,267.19,0.1274
RCL-20260930T18294974373,RCL,2026-09-30,2026-09-30T14:41:05.146064-04:00,267.1953,0.1294
RCL-20260930T18294974373,RCL,2026-09-30,2026-09-30T14:41:15.598762-04:00,267.1825,0.1246
RCL-20260930T18294974373,RCL,2026-09-30,2026-09-30T14:41:25.816699-04:00,267.195,0.1293
RCL-20260930T18294974373,RCL,2026-09-30,2026-09-30T14:41:36.386075-04:00,267.195,0.1293
RCL-20260930T18294974373,RCL,2026-09-30,2026-09-30T14:41:46.637891-04:00,267.16,0.1162
RCL-20260930T18294974373,RCL,2026-09-30,2026-09-30T14:41:56.948104-04:00,266.98,0.0487
RCL-20260930T18294974373,RCL,2026-09-30,2026-09-30T14:42:07.285531-04:00,267.0775,0.0853
RCL-20260930T18294974373,RCL,2026-09-30,2026-09-30T14:42:17.698276-04:00,266.98,0.0487
RCL-20260930T18294974373,RCL,2026-09-30,2026-09-30T14:42:27.986375-04:00,267.08,0.0862
RCL-20260930T18294974373,RCL,2026-09-30,2026-09-30T14:42:38.236552-04:00,267.0305,0.0676
RCL-20260930T18294974373,RCL,2026-09-30,2026-09-30T14:42:48.515185-04:00,267.11,0.0974
RCL-20260930T18294974373,RCL,2026-09-30,2026-09-30T14:42:58.732100-04:00,267.21,0.1349
RCL-20260930T18294974373,RCL,2026-09-30,2026-09-30T14:43:08.982193-04:00,267.145,0.1105
RCL-20260930T18294974373,RCL,2026-09-30,2026-09-30T14:43:19.295322-04:00,267.07,0.0824
RCL-20260930T18294974373,RCL,2026-09-30,2026-09-30T14:43:29.547548-04:00,267.145,0.1105
RCL-20260930T18294974373,RCL,2026-09-30,2026-09-30T14:43:39.792690-04:00,267.175,0.1218
RCL-20260930T18294974373,RCL,2026-09-30,2026-09-30T14:43:50.062367-04:00,267.205,0.133
RCL-20260930T18294974373,RCL,2026-09-30,2026-09-30T14:44:00.342281-04:00,267.2,0.1312
RCL-20260930T18294974373,RCL,2026-09-30,2026-09-30T14:44:10.762763-04:00,267.17,0.1199
RCL-20260930T18294974373,RCL,2026-09-30,2026-09-30T14:44:21.099522-04:00,267.17,0.1199
RCL-20260930T18294974373,RCL,2026-09-30,2026-09-30T14:44:31.381917-04:00,266.9938,0.0539
RCL-20260930T18294974373,RCL,2026-09-30,2026-09-30T14:44:41.701104-04:00,267.22,0.1387
RCL-20260930T18294974373,RCL,2026-09-30,2026-09-30T14:44:52.059899-04:00,267.21,0.1349
RCL-20260930T18294974373,RCL,2026-09-30,2026-09-30T14:45:02.515175-04:00,267.22,0.1387
RCL-20260930T18294974373,RCL,2026-09-30,2026-09-30T14:45:13.064464-04:00,267.31,0.1724
RCL-20260930T18294974373,RCL,2026-09-30,2026-09-30T14:45:23.453631-04:00,267.315,0.1743
RCL-20260930T18294974373,RCL,2026-09-30,2026-09-30T14:45:33.909108-04:00,267.37,0.1949
RCL-20260930T18294974373,RCL,2026-09-30,2026-09-30T14:45:44.527802-04:00,267.28,0.1611
RCL-20260930T18294974373,RCL,2026-09-30,2026-09-30T14:45:54.931831-04:00,267.305,0.1705
RCL-20260930T18294974373,RCL,2026-09-30,2026-09-30T14:46:05.469125-04:00,267.245,0.148
RCL-20260930T18294974373,RCL,2026-09-30,2026-09-30T14:46:15.798843-04:00,267.2975,0.1677
RCL-20260930T18294974373,RCL,2026-09-30,2026-09-30T14:46:26.083999-04:00,267.2976,0.1677
RCL-20260930T18294974373,RCL,2026-09-30,2026-09-30T14:46:36.407147-04:00,267.2681,0.1567
RCL-20260930T18294974373,RCL,2026-09-30,2026-09-30T14:46:46.632268-04:00,267.21,0.1349
RCL-20260930T18294974373,RCL,2026-09-30,2026-09-30T14:46:56.916961-04:00,267.28,0.1611
RCL-20260930T18294974373,RCL,2026-09-30,2026-09-30T14:47:07.229665-04:00,267.27,0.1574
RCL-20260930T18294974373,RCL,2026-09-30,2026-09-30T14:47:17.603132-04:00,267.1721,0.1207
RCL-20260930T18294974373,RCL,2026-09-30,2026-09-30T14:47:27.873763-04:00,267.215,0.1368
RCL-20260930T18294974373,RCL,2026-09-30,2026-09-30T14:47:38.185782-04:00,267.11,0.0974
RCL-20260930T18294974373,RCL,2026-09-30,2026-09-30T14:47:48.444442-04:00,267.2329,0.1435
RCL-20260930T18294974373,RCL,2026-09-30,2026-09-30T14:47:58.736753-04:00,267.21,0.1349
RCL-20260930T18294974373,RCL,2026-09-30,2026-09-30T14:48:09.095696-04:00,267.12,0.1012
RCL-20260930T18294974373,RCL,2026-09-30,2026-09-30T14:48:19.393472-04:00,267.225,0.1405
RCL-20260930T18294974373,RCL,2026-09-30,2026-09-30T14:48:29.733165-04:00,267.2279,0.1416
RCL-20260930T18294974373,RCL,2026-09-30,2026-09-30T14:48:40.129441-04:00,267.2327,0.1434
RCL-20260930T18294974373,RCL,2026-09-30,2026-09-30T14:48:50.519864-04:00,267.2546,0.1516
RCL-20260930T18294974373,RCL,2026-09-30,2026-09-30T14:49:01.019376-04:00,267.2715,0.158
RCL-20260930T18294974373,RCL,2026-09-30,2026-09-30T14:49:11.562049-04:00,267.2736,0.1587
RCL-20260930T18294974373,RCL,2026-09-30,2026-09-30T14:49:21.919387-04:00,267.335,0.1818
RCL-20260930T18294974373,RCL,2026-09-30,2026-09-30T14:49:32.439622-04:00,267.2766,0.1599
RCL-20260930T18294974373,RCL,2026-09-30,2026-09-30T14:49:42.889039-04:00,267.3188,0.1757
RCL-20260930T18294974373,RCL,2026-09-30,2026-09-30T14:49:53.318406-04:00,267.14,0.1087
RCL-20260930T18294974373,RCL,2026-09-30,2026-09-30T14:50:04.024701-04:00,267.2,0.1312
RCL-20260930T18294974373,RCL,2026-09-30,2026-09-30T14:50:14.617750-04:00,267.185,0.1255
RCL-20260930T18294974373,RCL,2026-09-30,2026-09-30T14:50:25.161129-04:00,267.185,0.1255
RCL-20260930T18294974373,RCL,2026-09-30,2026-09-30T14:50:35.756518-04:00,267.12,0.1012
RCL-20260930T18294974373,RCL,2026-09-30,2026-09-30T14:50:46.425745-04:00,267.28,0.1611
RCL-20260930T18294974373,RCL,2026-09-30,2026-09-30T14:50:56.942716-04:00,267.225,0.1405
RCL-20260930T18294974373,RCL,2026-09-30,2026-09-30T14:51:07.479657-04:00,267.21,0.1349
RCL-20260930T18294974373,RCL,2026-09-30,2026-09-30T14:51:17.875125-04:00,267.21,0.1349
RCL-20260930T18294974373,RCL,2026-09-30,2026-09-30T14:51:28.168184-04:00,267.2487,0.1494
RCL-20260930T18294974373,RCL,2026-09-30,2026-09-30T14:51:38.548886-04:00,267.24,0.1461
RCL-20260930T18294974373,RCL,2026-09-30,2026-09-30T14:51:49.033354-04:00,267.24,0.1461
RCL-20260930T18294974373,RCL,2026-09-30,2026-09-30T14:51:59.328736-04:00,267.2309,0.1427
RCL-20260930T18294974373,RCL,2026-09-30,2026-09-30T14:52:09.708878-04:00,267.1567,0.1149
RCL-20260930T18294974373,RCL,2026-09-30,2026-09-30T14:52:19.980005-04:00,267.2499,0.1499
RCL-20260930T18294974373,RCL,2026-09-30,2026-09-30T14:52:30.220603-04:00,267.2235,0.14
RCL-20260930T18294974373,RCL,2026-09-30,2026-09-30T14:52:40.781639-04:00,267.2498,0.1498
RCL-20260930T18294974373,RCL,2026-09-30,2026-09-30T14:52:51.103606-04:00,267.24,0.1461
RCL-20260930T18294974373,RCL,2026-09-30,2026-09-30T14:53:01.381429-04:00,267.21,0.1349
RCL-20260930T18294974373,RCL,2026-09-30,2026-09-30T14:53:11.716728-04:00,267.2892,0.1646
RCL-20260930T18294974373,RCL,2026-09-30,2026-09-30T14:53:22.085842-04:00,267.2521,0.1507
RCL-20260930T18294974373,RCL,2026-09-30,2026-09-30T14:53:32.352580-04:00,267.23,0.1424
RCL-20260930T18294974373,RCL,2026-09-30,2026-09-30T14:53:42.676843-04:00,267.185,0.1255
RCL-20260930T18294974373,RCL,2026-09-30,2026-09-30T14:53:53.050702-04:00,267.2205,0.1388
RCL-20260930T18294974373,RCL,2026-09-30,2026-09-30T14:54:03.390326-04:00,267.29,0.1649
RCL-20260930T18294974373,RCL,2026-09-30,2026-09-30T14:54:13.838866-04:00,267.2276,0.1415
RCL-20260930T18294974373,RCL,2026-09-30,2026-09-30T14:54:24.140794-04:00,267.36,0.1911
RCL-20260930T18294974373,RCL,2026-09-30,2026-09-30T14:54:34.468487-04:00,267.385,0.2005
RCL-20260930T18294974373,RCL,2026-09-30,2026-09-30T14:54:44.940378-04:00,267.405,0.208
RCL-20260930T18294974373,RCL,2026-09-30,2026-09-30T14:54:55.427431-04:00,267.4525,0.2258
RCL-20260930T18294974373,RCL,2026-09-30,2026-09-30T14:55:05.709130-04:00,267.47,0.2323
RCL-20260930T18294974373,RCL,2026-09-30,2026-09-30T14:55:16.157152-04:00,267.3269,0.1787
RCL-20260930T18294974373,RCL,2026-09-30,2026-09-30T14:55:26.604672-04:00,267.315,0.1743
RCL-20260930T18294974373,RCL,2026-09-30,2026-09-30T14:55:36.965404-04:00,267.37,0.1949
RCL-20260930T18294974373,RCL,2026-09-30,2026-09-30T14:55:47.354111-04:00,267.3339,0.1813
RCL-20260930T18294974373,RCL,2026-09-30,2026-09-30T14:55:57.749380-04:00,267.3645,0.1928
RCL-20260930T18294974373,RCL,2026-09-30,2026-09-30T14:56:08.330765-04:00,267.41,0.2099
RCL-20260930T18294974373,RCL,2026-09-30,2026-09-30T14:56:18.835519-04:00,267.5,0.2436
RCL-20260930T18294974373,RCL,2026-09-30,2026-09-30T14:56:29.241183-04:00,267.485,0.238
RCL-20260930T18294974373,RCL,2026-09-30,2026-09-30T14:56:39.592773-04:00,266.92,0.0262
RCL-20260930T18294974373,RCL,2026-09-30,2026-09-30T14:56:49.946776-04:00,266.96,0.0412
RCL-20260930T18294974373,RCL,2026-09-30,2026-09-30T14:57:00.231211-04:00,267.038,0.0705
RCL-20260930T18294974373,RCL,2026-09-30,2026-09-30T14:57:10.527758-04:00,267.3212,0.1766
RCL-20260930T18294974373,RCL,2026-09-30,2026-09-30T14:57:20.911711-04:00,267.3202,0.1762
RCL-20260930T18294974373,RCL,2026-09-30,2026-09-30T14:57:31.164964-04:00,267.3193,0.1759
RCL-20260930T18294974373,RCL,2026-09-30,2026-09-30T14:57:41.413561-04:00,266.97,0.045
RCL-20260930T18294974373,RCL,2026-09-30,2026-09-30T14:57:51.693853-04:00,266.99,0.0525
RCL-20260930T18294974373,RCL,2026-09-30,2026-09-30T14:58:02.041563-04:00,267.0624,0.0796
RCL-20260930T18294974373,RCL,2026-09-30,2026-09-30T14:58:12.476422-04:00,267.3295,0.1797
RCL-20260930T18294974373,RCL,2026-09-30,2026-09-30T14:58:22.903276-04:00,267.005,0.0581
RCL-20260930T18294974373,RCL,2026-09-30,2026-09-30T14:58:33.267045-04:00,267.21,0.1349
RCL-20260930T18294974373,RCL,2026-09-30,2026-09-30T14:58:43.678933-04:00,267.315,0.1743
RCL-20260930T18294974373,RCL,2026-09-30,2026-09-30T14:58:54.103891-04:00,267.36,0.1911
RCL-20260930T18294974373,RCL,2026-09-30,2026-09-30T14:59:04.445805-04:00,267.39,0.2024
RCL-20260930T18294974373,RCL,2026-09-30,2026-09-30T14:59:14.852024-04:00,267.26,0.1536
RCL-20260930T18294974373,RCL,2026-09-30,2026-09-30T14:59:25.183958-04:00,267.255,0.1518
RCL-20260930T18294974373,RCL,2026-09-30,2026-09-30T14:59:35.639568-04:00,267.19,0.1274
RCL-20260930T18294974373,RCL,2026-09-30,2026-09-30T14:59:45.987983-04:00,267.2598,0.1536
RCL-20260930T18294974373,RCL,2026-09-30,2026-09-30T14:59:56.461857-04:00,267.3084,0.1718
RCL-20260930T18294974373,RCL,2026-09-30,2026-09-30T15:00:06.846311-04:00,267.2707,0.1577
RCL-20260930T18294974373,RCL,2026-09-30,2026-09-30T15:00:17.614019-04:00,267.2819,0.1619
RCL-20260930T18294974373,RCL,2026-09-30,2026-09-30T15:00:28.321541-04:00,267.015,0.0618
RCL-20260930T18294974373,RCL,2026-09-30,2026-09-30T15:00:39.045321-04:00,267.2189,0.1382
RCL-20260930T18294974373,RCL,2026-09-30,2026-09-30T15:00:49.579477-04:00,266.995,0.0543
RCL-20260930T18294974373,RCL,2026-09-30,2026-09-30T15:01:00.294504-04:00,267.1443,0.1103
RCL-20260930T18294974373,RCL,2026-09-30,2026-09-30T15:01:11.094789-04:00,267.1681,0.1192
RCL-20260930T18294974373,RCL,2026-09-30,2026-09-30T15:01:21.843931-04:00,267.1856,0.1258
RCL-20260930T18294974373,RCL,2026-09-30,2026-09-30T15:01:32.420577-04:00,266.755,-0.0356
RCL-20260930T18294974373,RCL,2026-09-30,2026-09-30T15:01:42.842478-04:00,266.76,-0.0337
RCL-20260930T18294974373,RCL,2026-09-30,2026-09-30T15:01:53.288604-04:00,266.835,-0.0056
RCL-20260930T18294974373,RCL,2026-09-30,2026-09-30T15:02:03.775972-04:00,266.835,-0.0056
RCL-20260930T18294974373,RCL,2026-09-30,2026-09-30T15:02:14.380683-04:00,266.8251,-0.0093
RCL-20260930T18294974373,RCL,2026-09-30,2026-09-30T15:02:24.781594-04:00,266.835,-0.0056
RCL-20260930T18294974373,RCL,2026-09-30,2026-09-30T15:02:35.159950-04:00,266.795,-0.0206
RCL-20260930T18294974373,RCL,2026-09-30,2026-09-30T15:02:45.492453-04:00,266.81,-0.015
RCL-20260930T18294974373,RCL,2026-09-30,2026-09-30T15:02:55.919600-04:00,266.78,-0.0262
RCL-20260930T18294974373,RCL,2026-09-30,2026-09-30T15:03:06.269444-04:00,266.71,-0.0525
RCL-20260930T18294974373,RCL,2026-09-30,2026-09-30T15:03:16.635365-04:00,266.75,-0.0375
RCL-20260930T18294974373,RCL,2026-09-30,2026-09-30T15:03:26.932607-04:00,266.75,-0.0375
RCL-20260930T18294974373,RCL,2026-09-30,2026-09-30T15:03:37.302547-04:00,266.89,0.015
RCL-20260930T18294974373,RCL,2026-09-30,2026-09-30T15:03:47.673134-04:00,267.0223,0.0646
RCL-20260930T18294974373,RCL,2026-09-30,2026-09-30T15:03:58.143166-04:00,266.75,-0.0375
RCL-20260930T18294974373,RCL,2026-09-30,2026-09-30T15:04:08.724539-04:00,266.9,0.0187
RCL-20260930T18294974373,RCL,2026-09-30,2026-09-30T15:04:19.158776-04:00,266.973,0.0461
RCL-20260930T18294974373,RCL,2026-09-30,2026-09-30T15:04:29.556192-04:00,266.875,0.0094
RCL-20260930T18294974373,RCL,2026-09-30,2026-09-30T15:04:39.869916-04:00,266.903,0.0199
RCL-20260930T18294974373,RCL,2026-09-30,2026-09-30T15:04:50.204419-04:00,266.9,0.0187
RCL-20260930T18294974373,RCL,2026-09-30,2026-09-30T15:05:00.534345-04:00,266.89,0.015
RCL-20260930T18294974373,RCL,2026-09-30,2026-09-30T15:05:10.923279-04:00,266.8863,0.0136
RCL-20260930T18294974373,RCL,2026-09-30,2026-09-30T15:05:21.315936-04:00,266.885,0.0131
RCL-20260930T18294974373,RCL,2026-09-30,2026-09-30T15:05:31.744988-04:00,266.9695,0.0448
RCL-20260930T18294974373,RCL,2026-09-30,2026-09-30T15:05:42.088560-04:00,266.8547,0.0018
RCL-20260930T18294974373,RCL,2026-09-30,2026-09-30T15:05:52.504982-04:00,266.9396,0.0336
RCL-20260930T18294974373,RCL,2026-09-30,2026-09-30T15:06:02.811644-04:00,266.8569,0.0026
RCL-20260930T18294974373,RCL,2026-09-30,2026-09-30T15:06:13.343953-04:00,266.865,0.0056
RCL-20260930T18294974373,RCL,2026-09-30,2026-09-30T15:06:23.778974-04:00,266.92,0.0262
RCL-20260930T18294974373,RCL,2026-09-30,2026-09-30T15:06:34.101316-04:00,267.003,0.0573
RCL-20260930T18294974373,RCL,2026-09-30,2026-09-30T15:06:44.349281-04:00,266.865,0.0056
RCL-20260930T18294974373,RCL,2026-09-30,2026-09-30T15:06:54.692061-04:00,266.875,0.0094
RCL-20260930T18294974373,RCL,2026-09-30,2026-09-30T15:07:05.012241-04:00,266.84,-0.0037
RCL-20260930T18294974373,RCL,2026-09-30,2026-09-30T15:07:15.491887-04:00,266.8846,0.013
RCL-20260930T18294974373,RCL,2026-09-30,2026-09-30T15:07:25.733025-04:00,266.9657,0.0434
RCL-20260930T18294974373,RCL,2026-09-30,2026-09-30T15:07:35.974025-04:00,266.8929,0.0161
RCL-20260930T18294974373,RCL,2026-09-30,2026-09-30T15:07:46.350171-04:00,266.8913,0.0155
RCL-20260930T18294974373,RCL,2026-09-30,2026-09-30T15:07:56.581579-04:00,266.9682,0.0443
RCL-20260930T18294974373,RCL,2026-09-30,2026-09-30T15:08:06.891373-04:00,266.92,0.0262
RCL-20260930T18294974373,RCL,2026-09-30,2026-09-30T15:08:17.284712-04:00,267.31,0.1724
RCL-20260930T18294974373,RCL,2026-09-30,2026-09-30T15:08:27.654183-04:00,267.0445,0.0729
RCL-20260930T18294974373,RCL,2026-09-30,2026-09-30T15:08:37.956975-04:00,267.25,0.1499
RCL-20260930T18294974373,RCL,2026-09-30,2026-09-30T15:08:48.237026-04:00,267.2112,0.1354
RCL-20260930T18294974373,RCL,2026-09-30,2026-09-30T15:08:58.496810-04:00,267.245,0.148
RCL-20260930T18294974373,RCL,2026-09-30,2026-09-30T15:09:08.844819-04:00,267.2175,0.1377
RCL-20260930T18294974373,RCL,2026-09-30,2026-09-30T15:09:19.146010-04:00,267.0732,0.0836
RCL-20260930T18294974373,RCL,2026-09-30,2026-09-30T15:09:29.450222-04:00,267.16,0.1162
RCL-20260930T18294974373,RCL,2026-09-30,2026-09-30T15:09:39.884712-04:00,267.0628,0.0797
RCL-20260930T18294974373,RCL,2026-09-30,2026-09-30T15:09:50.180445-04:00,267.11,0.0974
RCL-20260930T18294974373,RCL,2026-09-30,2026-09-30T15:10:00.451601-04:00,267.16,0.1162
RCL-20260930T18294974373,RCL,2026-09-30,2026-09-30T15:10:10.866627-04:00,267.25,0.1499
RCL-20260930T18294974373,RCL,2026-09-30,2026-09-30T15:10:21.409967-04:00,267.21,0.1349
RCL-20260930T18294974373,RCL,2026-09-30,2026-09-30T15:10:31.891737-04:00,267.12,0.1012
RCL-20260930T18294974373,RCL,2026-09-30,2026-09-30T15:10:42.472154-04:00,267.2226,0.1396
RCL-20260930T18294974373,RCL,2026-09-30,2026-09-30T15:10:52.963648-04:00,267.0118,0.0606
RCL-20260930T18294974373,RCL,2026-09-30,2026-09-30T15:11:03.427205-04:00,267.0192,0.0634
RCL-20260930T18294974373,RCL,2026-09-30,2026-09-30T15:11:14.036501-04:00,267.36,0.1911
RCL-20260930T18294974373,RCL,2026-09-30,2026-09-30T15:11:24.391356-04:00,267.36,0.1911
RCL-20260930T18294974373,RCL,2026-09-30,2026-09-30T15:11:34.688245-04:00,267.1655,0.1182
RCL-20260930T18294974373,RCL,2026-09-30,2026-09-30T15:11:44.969539-04:00,267.48,0.2361
RCL-20260930T18294974373,RCL,2026-09-30,2026-09-30T15:11:55.332941-04:00,267.51,0.2473
RCL-20260930T18294974373,RCL,2026-09-30,2026-09-30T15:12:05.618812-04:00,267.485,0.238
RCL-20260930T18294974373,RCL,2026-09-30,2026-09-30T15:12:16.020611-04:00,267.2484,0.1493
RCL-20260930T18294974373,RCL,2026-09-30,2026-09-30T15:12:26.264893-04:00,267.3985,0.2055
RCL-20260930T18294974373,RCL,2026-09-30,2026-09-30T15:12:36.570969-04:00,267.2609,0.154
RCL-20260930T18294974373,RCL,2026-09-30,2026-09-30T15:12:46.808151-04:00,267.47,0.2323
RCL-20260930T18294974373,RCL,2026-09-30,2026-09-30T15:12:57.033822-04:00,267.55,0.2623
RCL-20260930T18294974373,RCL,2026-09-30,2026-09-30T15:13:07.387884-04:00,267.56,0.2661
RCL-20260930T18294974373,RCL,2026-09-30,2026-09-30T15:13:17.780892-04:00,267.668,0.3065
RCL-20260930T18294974373,RCL,2026-09-30,2026-09-30T15:13:28.047850-04:00,267.71,0.3223
RCL-20260930T18294974373,RCL,2026-09-30,2026-09-30T15:13:38.350669-04:00,267.1658,0.1183
RCL-20260930T18294974373,RCL,2026-09-30,2026-09-30T15:13:48.632893-04:00,267.61,0.2848
RCL-20260930T18294974373,RCL,2026-09-30,2026-09-30T15:13:58.922453-04:00,267.88,0.386
RCL-20260930T18294974373,RCL,2026-09-30,2026-09-30T15:14:09.319930-04:00,267.765,0.3429
RCL-20260930T18294974373,RCL,2026-09-30,2026-09-30T15:14:19.814407-04:00,267.63,0.2923
RCL-20260930T18294974373,RCL,2026-09-30,2026-09-30T15:14:30.121346-04:00,267.89,0.3897
RCL-20260930T18294974373,RCL,2026-09-30,2026-09-30T15:14:40.449005-04:00,267.646,0.2983
RCL-20260930T18294974373,RCL,2026-09-30,2026-09-30T15:14:50.846742-04:00,267.8922,0.3906
RCL-20260930T18294974373,RCL,2026-09-30,2026-09-30T15:15:01.163304-04:00,267.9399,0.4084
RCL-20260930T18294974373,RCL,2026-09-30,2026-09-30T15:15:11.489119-04:00,267.8361,0.3695
RCL-20260930T18294974373,RCL,2026-09-30,2026-09-30T15:15:21.820818-04:00,267.5336,0.2562
RCL-20260930T18294974373,RCL,2026-09-30,2026-09-30T15:15:32.320551-04:00,267.85,0.3747
RCL-20260930T18294974373,RCL,2026-09-30,2026-09-30T15:15:42.892093-04:00,267.865,0.3804
RCL-20260930T18294974373,RCL,2026-09-30,2026-09-30T15:15:53.303914-04:00,267.8823,0.3868
RCL-20260930T18294974373,RCL,2026-09-30,2026-09-30T15:16:03.724603-04:00,267.8294,0.367
RCL-20260930T18294974373,RCL,2026-09-30,2026-09-30T15:16:14.038789-04:00,267.99,0.4272
RCL-20260930T18294974373,RCL,2026-09-30,2026-09-30T15:16:24.251588-04:00,267.9273,0.4037
RCL-20260930T18294974373,RCL,2026-09-30,2026-09-30T15:16:34.535196-04:00,267.9105,0.3974
RCL-20260930T18294974373,RCL,2026-09-30,2026-09-30T15:16:44.915646-04:00,267.93,0.4047
RCL-20260930T18294974373,RCL,2026-09-30,2026-09-30T15:16:55.417759-04:00,267.975,0.4216
RCL-20260930T18294974373,RCL,2026-09-30,2026-09-30T15:17:05.659731-04:00,267.9477,0.4114
RCL-20260930T18294974373,RCL,2026-09-30,2026-09-30T15:17:16.183872-04:00,268.066,0.4557
RCL-20260930T18294974373,RCL,2026-09-30,2026-09-30T15:17:26.504023-04:00,267.9821,0.4242
RCL-20260930T18294974373,RCL,2026-09-30,2026-09-30T15:17:36.771946-04:00,268.055,0.4516
RCL-20260930T18294974373,RCL,2026-09-30,2026-09-30T15:17:47.058926-04:00,267.98,0.4235
RCL-20260930T18294974373,RCL,2026-09-30,2026-09-30T15:17:57.324766-04:00,268.055,0.4516
RCL-20260930T18294974373,RCL,2026-09-30,2026-09-30T15:18:07.677535-04:00,268.0213,0.4389
RCL-20260930T18294974373,RCL,2026-09-30,2026-09-30T15:18:18.011037-04:00,268.0309,0.4425
RCL-20260930T18294974373,RCL,2026-09-30,2026-09-30T15:18:28.270704-04:00,268.0648,0.4552
RCL-20260930T18294974373,RCL,2026-09-30,2026-09-30T15:18:38.526708-04:00,267.76,0.341
RCL-20260930T18294974373,RCL,2026-09-30,2026-09-30T15:18:48.806669-04:00,268.0194,0.4382
RCL-20260930T18294974373,RCL,2026-09-30,2026-09-30T15:18:59.066985-04:00,267.95,0.4122
RCL-20260930T18294974373,RCL,2026-09-30,2026-09-30T15:19:09.338386-04:00,267.96,0.416
RCL-20260930T18294974373,RCL,2026-09-30,2026-09-30T15:19:19.614216-04:00,268.05,0.4497
RCL-20260930T18294974373,RCL,2026-09-30,2026-09-30T15:19:29.863672-04:00,268.02,0.4384
RCL-20260930T18294974373,RCL,2026-09-30,2026-09-30T15:19:40.214959-04:00,268.05,0.4497
RCL-20260930T18294974373,RCL,2026-09-30,2026-09-30T15:19:50.525988-04:00,268.0039,0.4324
RCL-20260930T18294974373,RCL,2026-09-30,2026-09-30T15:20:00.775441-04:00,268.04,0.4459
RCL-20260930T18294974373,RCL,2026-09-30,2026-09-30T15:20:11.204409-04:00,267.965,0.4178
RCL-20260930T18294974373,RCL,2026-09-30,2026-09-30T15:20:21.557149-04:00,268.0063,0.4333
RCL-20260930T18294974373,RCL,2026-09-30,2026-09-30T15:20:31.843665-04:00,267.95,0.4122
RCL-20260930T18294974373,RCL,2026-09-30,2026-09-30T15:20:42.174903-04:00,268.0099,0.4347
RCL-20260930T18294974373,RCL,2026-09-30,2026-09-30T15:20:52.621746-04:00,268.0059,0.4332
RCL-20260930T18294974373,RCL,2026-09-30,2026-09-30T15:21:03.019262-04:00,267.955,0.4141
RCL-20260930T18294974373,RCL,2026-09-30,2026-09-30T15:21:13.436129-04:00,267.94,0.4085
RCL-20260930T18294974373,RCL,2026-09-30,2026-09-30T15:21:23.734927-04:00,268.105,0.4703
RCL-20260930T18294974373,RCL,2026-09-30,2026-09-30T15:21:34.019109-04:00,268.09,0.4647
RCL-20260930T18294974373,RCL,2026-09-30,2026-09-30T15:21:44.235359-04:00,268.02,0.4384
RCL-20260930T18294974373,RCL,2026-09-30,2026-09-30T15:21:54.598939-04:00,268.02,0.4384
RCL-20260930T18294974373,RCL,2026-09-30,2026-09-30T15:22:04.951557-04:00,268.0626,0.4544
RCL-20260930T18294974373,RCL,2026-09-30,2026-09-30T15:22:15.263260-04:00,267.9775,0.4225
RCL-20260930T18294974373,RCL,2026-09-30,2026-09-30T15:22:25.547131-04:00,267.9881,0.4265
RCL-20260930T18294974373,RCL,2026-09-30,2026-09-30T15:22:35.859415-04:00,268.2,0.5059
RCL-20260930T18294974373,RCL,2026-09-30,2026-09-30T15:22:46.167355-04:00,268.0022,0.4318
RCL-20260930T18294974373,RCL,2026-09-30,2026-09-30T15:22:56.530920-04:00,268.035,0.4441
RCL-20260930T18294974373,RCL,2026-09-30,2026-09-30T15:23:06.933845-04:00,267.88,0.386
RCL-20260930T18294974373,RCL,2026-09-30,2026-09-30T15:23:17.254321-04:00,268.0994,0.4682
RCL-20260930T18294974373,RCL,2026-09-30,2026-09-30T15:23:27.621217-04:00,267.8,0.356
RCL-20260930T18294974373,RCL,2026-09-30,2026-09-30T15:23:38.080769-04:00,267.79,0.3523
RCL-20260930T18294974373,RCL,2026-09-30,2026-09-30T15:23:48.491471-04:00,267.785,0.3504
RCL-20260930T18294974373,RCL,2026-09-30,2026-09-30T15:23:58.868592-04:00,267.55,0.2623
RCL-20260930T18294974373,RCL,2026-09-30,2026-09-30T15:24:09.163272-04:00,267.55,0.2623
RCL-20260930T18294974373,RCL,2026-09-30,2026-09-30T15:24:19.468789-04:00,267.76,0.341
RCL-20260930T18294974373,RCL,2026-09-30,2026-09-30T15:24:29.713616-04:00,267.9873,0.4262
RCL-20260930T18294974373,RCL,2026-09-30,2026-09-30T15:24:40.010678-04:00,267.685,0.3129
RCL-20260930T18294974373,RCL,2026-09-30,2026-09-30T15:24:50.308584-04:00,267.6585,0.303
RCL-20260930T18294974373,RCL,2026-09-30,2026-09-30T15:25:00.603107-04:00,267.9817,0.4241
RCL-20260930T18294974373,RCL,2026-09-30,2026-09-30T15:25:10.999640-04:00,267.9634,0.4172
RCL-20260930T18294974373,RCL,2026-09-30,2026-09-30T15:25:21.364686-04:00,267.68,0.311
RCL-20260930T18294974373,RCL,2026-09-30,2026-09-30T15:25:31.740675-04:00,267.66,0.3035
RCL-20260930T18294974373,RCL,2026-09-30,2026-09-30T15:25:42.079464-04:00,267.785,0.3504
RCL-20260930T18294974373,RCL,2026-09-30,2026-09-30T15:25:52.528210-04:00,267.81,0.3598
RCL-20260930T18294974373,RCL,2026-09-30,2026-09-30T15:26:02.898743-04:00,267.7903,0.3524
RCL-20260930T18294974373,RCL,2026-09-30,2026-09-30T15:26:13.322631-04:00,267.9141,0.3988
RCL-20260930T18294974373,RCL,2026-09-30,2026-09-30T15:26:23.602907-04:00,267.915,0.3991
RCL-20260930T18294974373,RCL,2026-09-30,2026-09-30T15:26:33.914924-04:00,267.915,0.3991
RCL-20260930T18294974373,RCL,2026-09-30,2026-09-30T15:26:44.202183-04:00,267.915,0.3991
RCL-20260930T18294974373,RCL,2026-09-30,2026-09-30T15:26:54.490679-04:00,268.12,0.4759
RCL-20260930T18294974373,RCL,2026-09-30,2026-09-30T15:27:04.793344-04:00,268.16,0.4909
RCL-20260930T18294974373,RCL,2026-09-30,2026-09-30T15:27:15.224375-04:00,268.043,0.4471
RCL-20260930T18294974373,RCL,2026-09-30,2026-09-30T15:27:25.577020-04:00,268.2192,0.5131
RCL-20260930T18294974373,RCL,2026-09-30,2026-09-30T15:27:35.967995-04:00,267.92,0.401
CCL-20260930T19271556719,CCL,2026-09-30,2026-09-30T15:27:35.967995-04:00,24.825,-0.0201
RCL-20260930T18294974373,RCL,2026-09-30,2026-09-30T15:27:46.422740-04:00,267.155,0.1143
CCL-20260930T19271556719,CCL,2026-09-30,2026-09-30T15:27:46.422740-04:00,24.7721,-0.2332
RCL-20260930T18294974373,RCL,2026-09-30,2026-09-30T15:27:56.712740-04:00,268.0367,0.4447
CCL-20260930T19271556719,CCL,2026-09-30,2026-09-30T15:27:56.712740-04:00,24.8014,-0.1152
RCL-20260930T18294974373,RCL,2026-09-30,2026-09-30T15:28:07.095346-04:00,266.985,0.0506
CCL-20260930T19271556719,CCL,2026-09-30,2026-09-30T15:28:07.095346-04:00,24.7669,-0.2541
RCL-20260930T18294974373,RCL,2026-09-30,2026-09-30T15:28:17.467035-04:00,267.9164,0.3996
CCL-20260930T19271556719,CCL,2026-09-30,2026-09-30T15:28:17.467035-04:00,24.767,-0.2537
RCL-20260930T18294974373,RCL,2026-09-30,2026-09-30T15:28:27.769122-04:00,267.4305,0.2175
CCL-20260930T19271556719,CCL,2026-09-30,2026-09-30T15:28:27.769122-04:00,24.8,-0.1208
RCL-20260930T18294974373,RCL,2026-09-30,2026-09-30T15:28:38.068935-04:00,267.0225,0.0646
CCL-20260930T19271556719,CCL,2026-09-30,2026-09-30T15:28:38.068935-04:00,24.7682,-0.2489
RCL-20260930T18294974373,RCL,2026-09-30,2026-09-30T15:28:48.358389-04:00,266.95,0.0375
CCL-20260930T19271556719,CCL,2026-09-30,2026-09-30T15:28:48.358389-04:00,24.785,-0.1812
RCL-20260930T18294974373,RCL,2026-09-30,2026-09-30T15:28:58.655661-04:00,267.6307,0.2926
CCL-20260930T19271556719,CCL,2026-09-30,2026-09-30T15:28:58.655661-04:00,24.7951,-0.1406
RCL-20260930T18294974373,RCL,2026-09-30,2026-09-30T15:29:08.909000-04:00,266.78,-0.0262
CCL-20260930T19271556719,CCL,2026-09-30,2026-09-30T15:29:08.909000-04:00,24.785,-0.1812
RCL-20260930T18294974373,RCL,2026-09-30,2026-09-30T15:29:19.161000-04:00,267.3353,0.1819
CCL-20260930T19271556719,CCL,2026-09-30,2026-09-30T15:29:19.161000-04:00,24.7874,-0.1716
RCL-20260930T18294974373,RCL,2026-09-30,2026-09-30T15:29:29.433109-04:00,266.65,-0.0749
CCL-20260930T19271556719,CCL,2026-09-30,2026-09-30T15:29:29.433109-04:00,24.785,-0.1812
RCL-20260930T18294974373,RCL,2026-09-30,2026-09-30T15:29:39.691167-04:00,267.3902,0.2024
CCL-20260930T19271556719,CCL,2026-09-30,2026-09-30T15:29:39.691167-04:00,24.7961,-0.1365
RCL-20260930T18294974373,RCL,2026-09-30,2026-09-30T15:29:50.011918-04:00,266.74,-0.0412
CCL-20260930T19271556719,CCL,2026-09-30,2026-09-30T15:29:50.011918-04:00,24.77,-0.2416
RCL-20260930T18294974373,RCL,2026-09-30,2026-09-30T15:30:00.373355-04:00,267.3749,0.1967
CCL-20260930T19271556719,CCL,2026-09-30,2026-09-30T15:30:00.373355-04:00,24.7867,-0.1744
CCL-20260930T19271556719,CCL,2026-09-30,2026-09-30T15:30:11.729879-04:00,24.7855,-0.1792
CCL-20260930T19271556719,CCL,2026-09-30,2026-09-30T15:30:22.385164-04:00,24.7899,-0.1615
CCL-20260930T19271556719,CCL,2026-09-30,2026-09-30T15:30:33.022753-04:00,24.7749,-0.2219
CCL-20260930T19271556719,CCL,2026-09-30,2026-09-30T15:30:43.788870-04:00,24.805,-0.1007
CCL-20260930T19271556719,CCL,2026-09-30,2026-09-30T15:30:54.238362-04:00,24.805,-0.1007
CCL-20260930T19271556719,CCL,2026-09-30,2026-09-30T15:31:04.582157-04:00,24.805,-0.1007
CCL-20260930T19271556719,CCL,2026-09-30,2026-09-30T15:31:14.994511-04:00,24.795,-0.141
CCL-20260930T19271556719,CCL,2026-09-30,2026-09-30T15:31:25.451382-04:00,24.76,-0.2819
CCL-20260930T19271556719,CCL,2026-09-30,2026-09-30T15:31:36.000936-04:00,24.7856,-0.1788
CCL-20260930T19271556719,CCL,2026-09-30,2026-09-30T15:31:46.434733-04:00,24.7894,-0.1635
CCL-20260930T19271556719,CCL,2026-09-30,2026-09-30T15:31:56.762049-04:00,24.765,-0.2618
CCL-20260930T19271556719,CCL,2026-09-30,2026-09-30T15:32:07.135824-04:00,24.7822,-0.1925
CCL-20260930T19271556719,CCL,2026-09-30,2026-09-30T15:32:17.515173-04:00,24.7721,-0.2332
CCL-20260930T19271556719,CCL,2026-09-30,2026-09-30T15:32:27.936150-04:00,24.7827,-0.1905
CCL-20260930T19271556719,CCL,2026-09-30,2026-09-30T15:32:38.409682-04:00,24.795,-0.141
CCL-20260930T19271556719,CCL,2026-09-30,2026-09-30T15:32:48.818388-04:00,24.7825,-0.1913
CCL-20260930T19271556719,CCL,2026-09-30,2026-09-30T15:32:59.228243-04:00,24.765,-0.2618
CCL-20260930T19271556719,CCL,2026-09-30,2026-09-30T15:33:09.670060-04:00,24.7807,-0.1986
CCL-20260930T19271556719,CCL,2026-09-30,2026-09-30T15:33:20.016896-04:00,24.7835,-0.1873
CCL-20260930T19271556719,CCL,2026-09-30,2026-09-30T15:33:30.417032-04:00,24.7812,-0.1965
CCL-20260930T19271556719,CCL,2026-09-30,2026-09-30T15:33:40.812375-04:00,24.75,-0.3222
CCL-20260930T19271556719,CCL,2026-09-30,2026-09-30T15:33:51.145213-04:00,24.755,-0.3021
CCL-20260930T19271556719,CCL,2026-09-30,2026-09-30T15:34:01.655234-04:00,24.781,-0.1973
CCL-20260930T19271556719,CCL,2026-09-30,2026-09-30T15:34:12.033039-04:00,24.7809,-0.1977
CCL-20260930T19271556719,CCL,2026-09-30,2026-09-30T15:34:22.365970-04:00,24.7808,-0.1981
CCL-20260930T19271556719,CCL,2026-09-30,2026-09-30T15:34:32.724718-04:00,24.7808,-0.1981
CCL-20260930T19271556719,CCL,2026-09-30,2026-09-30T15:34:42.995126-04:00,24.7827,-0.1905
CCL-20260930T19271556719,CCL,2026-09-30,2026-09-30T15:34:53.270005-04:00,24.77,-0.2416
CCL-20260930T19271556719,CCL,2026-09-30,2026-09-30T15:35:03.662195-04:00,24.7796,-0.203
CCL-20260930T19271556719,CCL,2026-09-30,2026-09-30T15:35:14.244385-04:00,24.7798,-0.2022
CCL-20260930T19271556719,CCL,2026-09-30,2026-09-30T15:35:24.608124-04:00,24.7714,-0.236
CCL-20260930T19271556719,CCL,2026-09-30,2026-09-30T15:35:35.106850-04:00,24.765,-0.2618
CCL-20260930T19271556719,CCL,2026-09-30,2026-09-30T15:35:45.597785-04:00,24.769,-0.2457
CCL-20260930T19271556719,CCL,2026-09-30,2026-09-30T15:35:55.990940-04:00,24.755,-0.3021
CCL-20260930T19271556719,CCL,2026-09-30,2026-09-30T15:36:06.322483-04:00,24.7537,-0.3073
